idx,ane_power_w,cpu_avg_freq_mhz,cpu_power_w,cpu_residency_active_pct,cpu_temp_c,cpu_usage_pct,fan_rpm,gpu_avg_freq_mhz,gpu_power_w,gpu_residency_active_pct,gpu_temp_c,gpu_usage_pct,soc_temp_c
0,0.0,1892.0,10.268320083618164,36.99,69.5496597290039,1431.0,0.0,1367.0,0.0001015009765978,100.0,60.27106857299805,111.0,0.0
1,0.0,1892.0,10.268320083618164,36.99,69.5496597290039,1431.0,0.0,1367.0,0.0001015009765978,100.0,60.27106857299805,111.0,0.0
2,0.0,1892.0,10.268320083618164,36.99,69.5496597290039,1431.0,0.0,1367.0,0.0001015009765978,100.0,60.27106857299805,111.0,0.0
3,0.0,1892.0,10.268320083618164,36.99,69.5496597290039,1431.0,0.0,1367.0,0.0001015009765978,100.0,60.27106857299805,111.0,0.0
4,0.0,1892.0,10.268320083618164,36.99,69.5496597290039,1431.0,0.0,1367.0,0.0001015009765978,100.0,60.27106857299805,111.0,0.0
5,0.0,1892.0,11.302663803100586,36.99,67.12928009033203,1691.0,0.0,1367.0,0.1533211469650268,100.0,59.711700439453125,333.0,0.0
6,0.0,1892.0,11.302663803100586,36.99,67.12928009033203,1691.0,0.0,1367.0,0.1533211469650268,100.0,59.711700439453125,333.0,0.0
7,0.0,1892.0,11.302663803100586,36.99,67.12928009033203,1691.0,0.0,1367.0,0.1533211469650268,100.0,59.711700439453125,333.0,0.0
8,0.0,1892.0,11.302663803100586,36.99,67.12928009033203,1691.0,0.0,1367.0,0.1533211469650268,100.0,59.711700439453125,333.0,0.0
9,0.0,1892.0,11.302663803100586,36.99,67.12928009033203,1691.0,0.0,1367.0,0.1533211469650268,100.0,59.711700439453125,333.0,0.0
10,0.0,1892.0,11.469356536865234,36.99,69.78380584716797,2055.0,0.0,1367.0,0.1167502701282501,100.0,59.88018035888672,508.0,0.0
11,0.0,1892.0,11.469356536865234,36.99,69.78380584716797,2055.0,0.0,1367.0,0.1167502701282501,100.0,59.88018035888672,508.0,0.0
12,0.0,1892.0,11.469356536865234,36.99,69.78380584716797,2055.0,0.0,1367.0,0.1167502701282501,100.0,59.88018035888672,508.0,0.0
13,0.0,1892.0,11.469356536865234,36.99,69.78380584716797,2055.0,0.0,1367.0,0.1167502701282501,100.0,59.88018035888672,508.0,0.0
14,0.0,1892.0,11.469356536865234,36.99,69.78380584716797,2055.0,0.0,1367.0,0.1167502701282501,100.0,59.88018035888672,508.0,0.0
15,0.0,1892.0,13.309125900268556,36.99,69.19296264648438,2121.0,0.0,1367.0,0.1698547899723053,100.0,59.73046875,509.0,0.0
16,0.0,1892.0,13.309125900268556,36.99,69.19296264648438,2121.0,0.0,1367.0,0.1698547899723053,100.0,59.73046875,509.0,0.0
17,0.0,1892.0,13.309125900268556,36.99,69.19296264648438,2121.0,0.0,1367.0,0.1698547899723053,100.0,59.73046875,509.0,0.0
18,0.0,1892.0,13.309125900268556,36.99,69.19296264648438,2121.0,0.0,1367.0,0.1698547899723053,100.0,59.73046875,509.0,0.0
19,0.0,1892.0,13.309125900268556,36.99,69.19296264648438,2121.0,0.0,1367.0,0.1698547899723053,100.0,59.73046875,509.0,0.0
20,0.0,1892.0,10.84687042236328,36.99,68.80782318115234,2160.0,0.0,1367.0,0.0519474633038044,100.0,59.95469284057617,499.0,0.0
21,0.0,1892.0,10.84687042236328,36.99,68.80782318115234,2160.0,0.0,1367.0,0.0519474633038044,100.0,59.95469284057617,499.0,0.0
22,0.0,1892.0,10.84687042236328,36.99,68.80782318115234,2160.0,0.0,1367.0,0.0519474633038044,100.0,59.95469284057617,499.0,0.0
23,0.0,1892.0,10.84687042236328,36.99,68.80782318115234,2160.0,0.0,1367.0,0.0519474633038044,100.0,59.95469284057617,499.0,0.0
24,0.0,1892.0,10.84687042236328,36.99,68.80782318115234,2160.0,0.0,1367.0,0.0519474633038044,100.0,59.95469284057617,499.0,0.0
25,0.0,1892.0,11.94316864013672,36.99,69.20755004882812,2120.0,0.0,1367.0,0.2231560051441192,100.0,59.65327072143555,444.0,0.0
26,0.0,1892.0,11.94316864013672,36.99,69.20755004882812,2120.0,0.0,1367.0,0.2231560051441192,100.0,59.65327072143555,444.0,0.0
27,0.0,1892.0,11.94316864013672,36.99,69.20755004882812,2120.0,0.0,1367.0,0.2231560051441192,100.0,59.65327072143555,444.0,0.0
28,0.0,1892.0,11.94316864013672,36.99,69.20755004882812,2120.0,0.0,1367.0,0.2231560051441192,100.0,59.65327072143555,444.0,0.0
29,0.0,1892.0,11.94316864013672,36.99,69.20755004882812,2120.0,0.0,1367.0,0.2231560051441192,100.0,59.65327072143555,444.0,0.0
30,0.0,1892.0,15.743293762207031,36.99,70.9723129272461,1822.0,0.0,1367.0,0.2373770475387573,100.0,60.044525146484375,444.0,0.0
31,0.0,1892.0,15.743293762207031,36.99,70.9723129272461,1822.0,0.0,1367.0,0.2373770475387573,100.0,60.044525146484375,444.0,0.0
32,0.0,1892.0,15.743293762207031,36.99,70.9723129272461,1822.0,0.0,1367.0,0.2373770475387573,100.0,60.044525146484375,444.0,0.0
33,0.0,1892.0,15.743293762207031,36.99,70.9723129272461,1822.0,0.0,1367.0,0.2373770475387573,100.0,60.044525146484375,444.0,0.0
34,0.0,1892.0,15.743293762207031,36.99,70.9723129272461,1822.0,0.0,1367.0,0.2373770475387573,100.0,60.044525146484375,444.0,0.0
35,0.0,1892.0,11.660783767700195,36.99,69.7940444946289,1928.0,0.0,1367.0,0.0492412000894546,100.0,59.64136505126953,444.0,0.0
36,0.0,1892.0,11.660783767700195,36.99,69.7940444946289,1928.0,0.0,1367.0,0.0492412000894546,100.0,59.64136505126953,444.0,0.0
37,0.0,1892.0,11.660783767700195,36.99,69.7940444946289,1928.0,0.0,1367.0,0.0492412000894546,100.0,59.64136505126953,444.0,0.0
38,0.0,1892.0,11.660783767700195,36.99,69.7940444946289,1928.0,0.0,1367.0,0.0492412000894546,100.0,59.64136505126953,444.0,0.0
39,0.0,1892.0,11.660783767700195,36.99,69.7940444946289,1928.0,0.0,1367.0,0.0492412000894546,100.0,59.64136505126953,444.0,0.0
40,0.0,1892.0,10.60279655456543,36.99,67.4565658569336,1498.0,0.0,1367.0,0.0011518327519297,100.0,59.08982467651367,333.0,0.0
41,0.0,1892.0,10.60279655456543,36.99,67.4565658569336,1498.0,0.0,1367.0,0.0011518327519297,100.0,59.08982467651367,333.0,0.0
42,0.0,1892.0,10.60279655456543,36.99,67.4565658569336,1498.0,0.0,1367.0,0.0011518327519297,100.0,59.08982467651367,333.0,0.0
43,0.0,1892.0,10.60279655456543,36.99,67.4565658569336,1498.0,0.0,1367.0,0.0011518327519297,100.0,59.08982467651367,333.0,0.0
44,0.0,1892.0,10.60279655456543,36.99,67.4565658569336,1498.0,0.0,1367.0,0.0011518327519297,100.0,59.08982467651367,333.0,0.0
45,0.0,1892.0,10.497821807861328,36.99,66.54563903808594,1370.0,0.0,1367.0,0.0012990985997021,100.0,58.9809684753418,222.0,0.0
46,0.0,1892.0,10.497821807861328,36.99,66.54563903808594,1370.0,0.0,1367.0,0.0012990985997021,100.0,58.9809684753418,222.0,0.0
47,0.0,1892.0,10.497821807861328,36.99,66.54563903808594,1370.0,0.0,1367.0,0.0012990985997021,100.0,58.9809684753418,222.0,0.0
48,0.0,1892.0,10.497821807861328,36.99,66.54563903808594,1370.0,0.0,1367.0,0.0012990985997021,100.0,58.9809684753418,222.0,0.0
49,0.0,1892.0,10.497821807861328,36.99,66.54563903808594,1370.0,0.0,1367.0,0.0012990985997021,100.0,58.9809684753418,222.0,0.0
50,0.0,1892.0,10.898507118225098,36.99,66.2199478149414,1403.0,0.0,1367.0,0.0366334207355976,100.0,58.60544967651367,258.0,0.0
51,0.0,1892.0,10.898507118225098,36.99,66.2199478149414,1403.0,0.0,1367.0,0.0366334207355976,100.0,58.60544967651367,258.0,0.0
52,0.0,1892.0,10.898507118225098,36.99,66.2199478149414,1403.0,0.0,1367.0,0.0366334207355976,100.0,58.60544967651367,258.0,0.0
53,0.0,1892.0,10.898507118225098,36.99,66.2199478149414,1403.0,0.0,1367.0,0.0366334207355976,100.0,58.60544967651367,258.0,0.0
54,0.0,1892.0,10.898507118225098,36.99,66.2199478149414,1403.0,0.0,1367.0,0.0366334207355976,100.0,58.60544967651367,258.0,0.0
55,0.0,1892.0,14.13779354095459,36.99,69.58248901367188,2049.0,0.0,1367.0,0.450251430273056,100.0,59.363433837890625,509.0,0.0
56,0.0,1892.0,14.13779354095459,36.99,69.58248901367188,2049.0,0.0,1367.0,0.450251430273056,100.0,59.363433837890625,509.0,0.0
57,0.0,1892.0,14.13779354095459,36.99,69.58248901367188,2049.0,0.0,1367.0,0.450251430273056,100.0,59.363433837890625,509.0,0.0
58,0.0,1892.0,14.13779354095459,36.99,69.58248901367188,2049.0,0.0,1367.0,0.450251430273056,100.0,59.363433837890625,509.0,0.0
59,0.0,1892.0,14.13779354095459,36.99,69.58248901367188,2049.0,0.0,1367.0,0.450251430273056,100.0,59.363433837890625,509.0,0.0
60,0.0,1892.0,10.921367645263672,36.99,68.62345886230469,1894.0,0.0,1367.0,0.0363168530166149,100.0,59.23679733276367,444.0,0.0
61,0.0,1892.0,10.921367645263672,36.99,68.62345886230469,1894.0,0.0,1367.0,0.0363168530166149,100.0,59.23679733276367,444.0,0.0
62,0.0,1892.0,10.921367645263672,36.99,68.62345886230469,1894.0,0.0,1367.0,0.0363168530166149,100.0,59.23679733276367,444.0,0.0
63,0.0,1892.0,10.921367645263672,36.99,68.62345886230469,1894.0,0.0,1367.0,0.0363168530166149,100.0,59.23679733276367,444.0,0.0
64,0.0,1892.0,10.921367645263672,36.99,68.62345886230469,1894.0,0.0,1367.0,0.0363168530166149,100.0,59.23679733276367,444.0,0.0
65,0.0,1892.0,11.013550758361816,36.99,68.05091094970703,1751.0,0.0,1367.0,0.0408880449831485,100.0,58.98994064331055,444.0,0.0
66,0.0,1892.0,11.013550758361816,36.99,68.05091094970703,1751.0,0.0,1367.0,0.0408880449831485,100.0,58.98994064331055,444.0,0.0
67,0.0,1892.0,11.013550758361816,36.99,68.05091094970703,1751.0,0.0,1367.0,0.0408880449831485,100.0,58.98994064331055,444.0,0.0
68,0.0,1892.0,11.013550758361816,36.99,68.05091094970703,1751.0,0.0,1367.0,0.0408880449831485,100.0,58.98994064331055,444.0,0.0
69,0.0,1892.0,11.013550758361816,36.99,68.05091094970703,1751.0,0.0,1367.0,0.0408880449831485,100.0,58.98994064331055,444.0,0.0
70,0.0,1892.0,11.00105094909668,36.99,68.44247436523438,1717.0,0.0,1367.0,0.0353416800498962,100.0,58.81824493408203,467.0,0.0
71,0.0,1892.0,11.00105094909668,36.99,68.44247436523438,1717.0,0.0,1367.0,0.0353416800498962,100.0,58.81824493408203,467.0,0.0
72,0.0,1892.0,11.00105094909668,36.99,68.44247436523438,1717.0,0.0,1367.0,0.0353416800498962,100.0,58.81824493408203,467.0,0.0
73,0.0,1892.0,11.00105094909668,36.99,68.44247436523438,1717.0,0.0,1367.0,0.0353416800498962,100.0,58.81824493408203,467.0,0.0
74,0.0,1892.0,11.00105094909668,36.99,68.44247436523438,1717.0,0.0,1367.0,0.0353416800498962,100.0,58.81824493408203,467.0,0.0
75,0.0,1892.0,10.80256462097168,36.99,67.79724884033203,2029.0,0.0,1367.0,0.0313006266951561,100.0,58.77592086791992,444.0,0.0
76,0.0,1892.0,10.80256462097168,36.99,67.79724884033203,2029.0,0.0,1367.0,0.0313006266951561,100.0,58.77592086791992,444.0,0.0
77,0.0,1892.0,10.80256462097168,36.99,67.79724884033203,2029.0,0.0,1367.0,0.0313006266951561,100.0,58.77592086791992,444.0,0.0
78,0.0,1892.0,10.80256462097168,36.99,67.79724884033203,2029.0,0.0,1367.0,0.0313006266951561,100.0,58.77592086791992,444.0,0.0
79,0.0,1892.0,10.80256462097168,36.99,67.79724884033203,2029.0,0.0,1367.0,0.0313006266951561,100.0,58.77592086791992,444.0,0.0
80,0.0,1892.0,10.520687103271484,36.99,66.27672576904297,1857.0,0.0,1367.0,0.0054596220143139,100.0,58.34454345703125,513.0,0.0
81,0.0,1892.0,10.520687103271484,36.99,66.27672576904297,1857.0,0.0,1367.0,0.0054596220143139,100.0,58.34454345703125,513.0,0.0
82,0.0,1892.0,10.520687103271484,36.99,66.27672576904297,1857.0,0.0,1367.0,0.0054596220143139,100.0,58.34454345703125,513.0,0.0
83,0.0,1892.0,10.520687103271484,36.99,66.27672576904297,1857.0,0.0,1367.0,0.0054596220143139,100.0,58.34454345703125,513.0,0.0
84,0.0,1892.0,10.520687103271484,36.99,66.27672576904297,1857.0,0.0,1367.0,0.0054596220143139,100.0,58.34454345703125,513.0,0.0
85,0.0,1892.0,10.441917419433594,36.99,65.8349838256836,1673.0,0.0,1367.0,0.0051746098324656,100.0,58.236534118652344,467.0,0.0
86,0.0,1892.0,10.441917419433594,36.99,65.8349838256836,1673.0,0.0,1367.0,0.0051746098324656,100.0,58.236534118652344,467.0,0.0
87,0.0,1892.0,10.441917419433594,36.99,65.8349838256836,1673.0,0.0,1367.0,0.0051746098324656,100.0,58.236534118652344,467.0,0.0
88,0.0,1892.0,10.441917419433594,36.99,65.8349838256836,1673.0,0.0,1367.0,0.0051746098324656,100.0,58.236534118652344,467.0,0.0
89,0.0,1892.0,10.441917419433594,36.99,65.8349838256836,1673.0,0.0,1367.0,0.0051746098324656,100.0,58.236534118652344,467.0,0.0
90,0.0,1892.0,13.593050003051758,36.99,67.5258560180664,1926.0,0.0,1367.0,0.1520944237709045,100.0,58.315208435058594,458.0,0.0
91,0.0,1892.0,13.593050003051758,36.99,67.5258560180664,1926.0,0.0,1367.0,0.1520944237709045,100.0,58.315208435058594,458.0,0.0
92,0.0,1892.0,13.593050003051758,36.99,67.5258560180664,1926.0,0.0,1367.0,0.1520944237709045,100.0,58.315208435058594,458.0,0.0
93,0.0,1892.0,13.593050003051758,36.99,67.5258560180664,1926.0,0.0,1367.0,0.1520944237709045,100.0,58.315208435058594,458.0,0.0
94,0.0,1892.0,13.593050003051758,36.99,67.5258560180664,1926.0,0.0,1367.0,0.1520944237709045,100.0,58.315208435058594,458.0,0.0
95,0.0,1892.0,11.488235473632812,36.99,68.94392395019531,1943.0,0.0,1367.0,0.1365412473678589,100.0,58.7204475402832,501.0,0.0
96,0.0,1892.0,11.488235473632812,36.99,68.94392395019531,1943.0,0.0,1367.0,0.1365412473678589,100.0,58.7204475402832,501.0,0.0
97,0.0,1892.0,11.488235473632812,36.99,68.94392395019531,1943.0,0.0,1367.0,0.1365412473678589,100.0,58.7204475402832,501.0,0.0
98,0.0,1892.0,11.488235473632812,36.99,68.94392395019531,1943.0,0.0,1367.0,0.1365412473678589,100.0,58.7204475402832,501.0,0.0
99,0.0,1892.0,11.488235473632812,36.99,68.94392395019531,1943.0,0.0,1367.0,0.1365412473678589,100.0,58.7204475402832,501.0,0.0
100,0.0,1892.0,11.1824951171875,36.99,67.53021240234375,1829.0,0.0,1367.0,0.0960382297635078,100.0,58.475120544433594,449.0,0.0
101,0.0,1892.0,11.1824951171875,36.99,67.53021240234375,1829.0,0.0,1367.0,0.0960382297635078,100.0,58.475120544433594,449.0,0.0
102,0.0,1892.0,11.1824951171875,36.99,67.53021240234375,1829.0,0.0,1367.0,0.0960382297635078,100.0,58.475120544433594,449.0,0.0
103,0.0,1892.0,11.1824951171875,36.99,67.53021240234375,1829.0,0.0,1367.0,0.0960382297635078,100.0,58.475120544433594,449.0,0.0
104,0.0,1892.0,10.934185028076172,36.99,67.5872802734375,1941.0,0.0,1367.0,0.0670928508043289,100.0,58.38252639770508,444.0,0.0
105,0.0,1892.0,10.934185028076172,36.99,67.5872802734375,1941.0,0.0,1367.0,0.0670928508043289,100.0,58.38252639770508,444.0,0.0
106,0.0,1892.0,10.934185028076172,36.99,67.5872802734375,1941.0,0.0,1367.0,0.0670928508043289,100.0,58.38252639770508,444.0,0.0
107,0.0,1892.0,10.934185028076172,36.99,67.5872802734375,1941.0,0.0,1367.0,0.0670928508043289,100.0,58.38252639770508,444.0,0.0
108,0.0,1892.0,10.934185028076172,36.99,67.5872802734375,1941.0,0.0,1367.0,0.0670928508043289,100.0,58.38252639770508,444.0,0.0
109,0.0,1892.0,11.217703819274902,36.99,67.8711929321289,1904.0,0.0,1367.0,0.0853747427463531,100.0,58.281028747558594,502.0,0.0
110,0.0,1892.0,11.217703819274902,36.99,67.8711929321289,1904.0,0.0,1367.0,0.0853747427463531,100.0,58.281028747558594,502.0,0.0
111,0.0,1892.0,11.217703819274902,36.99,67.8711929321289,1904.0,0.0,1367.0,0.0853747427463531,100.0,58.281028747558594,502.0,0.0
112,0.0,1892.0,11.217703819274902,36.99,67.8711929321289,1904.0,0.0,1367.0,0.0853747427463531,100.0,58.281028747558594,502.0,0.0
113,0.0,1892.0,11.217703819274902,36.99,67.8711929321289,1904.0,0.0,1367.0,0.0853747427463531,100.0,58.281028747558594,502.0,0.0
114,0.0,1892.0,10.912363052368164,36.99,67.07474517822266,1856.0,0.0,1367.0,0.0488800704479217,100.0,58.27348709106445,333.0,0.0
115,0.0,1892.0,10.912363052368164,36.99,67.07474517822266,1856.0,0.0,1367.0,0.0488800704479217,100.0,58.27348709106445,333.0,0.0
116,0.0,1892.0,10.912363052368164,36.99,67.07474517822266,1856.0,0.0,1367.0,0.0488800704479217,100.0,58.27348709106445,333.0,0.0
117,0.0,1892.0,10.912363052368164,36.99,67.07474517822266,1856.0,0.0,1367.0,0.0488800704479217,100.0,58.27348709106445,333.0,0.0
118,0.0,1892.0,10.912363052368164,36.99,67.07474517822266,1856.0,0.0,1367.0,0.0488800704479217,100.0,58.27348709106445,333.0,0.0
119,0.0,1892.0,10.50046443939209,36.99,67.33242797851562,1976.0,0.0,1367.0,0.0065680174157023,100.0,58.267127990722656,111.0,0.0
120,0.0,1892.0,10.50046443939209,36.99,67.33242797851562,1976.0,0.0,1367.0,0.0065680174157023,100.0,58.267127990722656,111.0,0.0
121,0.0,1892.0,10.50046443939209,36.99,67.33242797851562,1976.0,0.0,1367.0,0.0065680174157023,100.0,58.267127990722656,111.0,0.0
122,0.0,1892.0,10.50046443939209,36.99,67.33242797851562,1976.0,0.0,1367.0,0.0065680174157023,100.0,58.267127990722656,111.0,0.0
123,0.0,1892.0,10.50046443939209,36.99,67.33242797851562,1976.0,0.0,1367.0,0.0065680174157023,100.0,58.267127990722656,111.0,0.0
124,0.0,1892.0,10.339272499084473,36.99,65.16415405273438,1495.0,0.0,1367.0,0.0007022994686849,100.0,57.70545196533203,222.0,0.0
125,0.0,1892.0,10.339272499084473,36.99,65.16415405273438,1495.0,0.0,1367.0,0.0007022994686849,100.0,57.70545196533203,222.0,0.0
126,0.0,1892.0,10.339272499084473,36.99,65.16415405273438,1495.0,0.0,1367.0,0.0007022994686849,100.0,57.70545196533203,222.0,0.0
127,0.0,1892.0,10.339272499084473,36.99,65.16415405273438,1495.0,0.0,1367.0,0.0007022994686849,100.0,57.70545196533203,222.0,0.0
128,0.0,1892.0,10.339272499084473,36.99,65.16415405273438,1495.0,0.0,1367.0,0.0007022994686849,100.0,57.70545196533203,222.0,0.0
129,0.0,1892.0,11.064309120178224,36.99,67.22046661376953,1974.0,0.0,1367.0,0.1479029953479766,100.0,57.777252197265625,444.0,0.0
130,0.0,1892.0,11.064309120178224,36.99,67.22046661376953,1974.0,0.0,1367.0,0.1479029953479766,100.0,57.777252197265625,444.0,0.0
131,0.0,1892.0,11.064309120178224,36.99,67.22046661376953,1974.0,0.0,1367.0,0.1479029953479766,100.0,57.777252197265625,444.0,0.0
132,0.0,1892.0,11.064309120178224,36.99,67.22046661376953,1974.0,0.0,1367.0,0.1479029953479766,100.0,57.777252197265625,444.0,0.0
133,0.0,1892.0,11.064309120178224,36.99,67.22046661376953,1974.0,0.0,1367.0,0.1479029953479766,100.0,57.777252197265625,444.0,0.0
134,0.0,1892.0,11.307063102722168,36.99,66.93729400634766,1981.0,0.0,1367.0,0.1041876301169395,100.0,57.83573532104492,492.0,0.0
135,0.0,1892.0,11.307063102722168,36.99,66.93729400634766,1981.0,0.0,1367.0,0.1041876301169395,100.0,57.83573532104492,492.0,0.0
136,0.0,1892.0,11.307063102722168,36.99,66.93729400634766,1981.0,0.0,1367.0,0.1041876301169395,100.0,57.83573532104492,492.0,0.0
137,0.0,1892.0,11.307063102722168,36.99,66.93729400634766,1981.0,0.0,1367.0,0.1041876301169395,100.0,57.83573532104492,492.0,0.0
138,0.0,1892.0,11.307063102722168,36.99,66.93729400634766,1981.0,0.0,1367.0,0.1041876301169395,100.0,57.83573532104492,492.0,0.0
139,0.0,1892.0,11.616125106811523,36.99,66.6845932006836,2011.0,0.0,1367.0,0.1519731730222702,100.0,57.89347457885742,496.0,0.0
140,0.0,1892.0,11.616125106811523,36.99,66.6845932006836,2011.0,0.0,1367.0,0.1519731730222702,100.0,57.89347457885742,496.0,0.0
141,0.0,1892.0,11.616125106811523,36.99,66.6845932006836,2011.0,0.0,1367.0,0.1519731730222702,100.0,57.89347457885742,496.0,0.0
142,0.0,1892.0,11.616125106811523,36.99,66.6845932006836,2011.0,0.0,1367.0,0.1519731730222702,100.0,57.89347457885742,496.0,0.0
143,0.0,1892.0,11.616125106811523,36.99,66.6845932006836,2011.0,0.0,1367.0,0.1519731730222702,100.0,57.89347457885742,496.0,0.0
144,0.0,1892.0,11.40986442565918,36.99,67.65845489501953,1912.0,0.0,1367.0,0.1542863398790359,100.0,57.934364318847656,471.0,0.0
145,0.0,1892.0,11.40986442565918,36.99,67.65845489501953,1912.0,0.0,1367.0,0.1542863398790359,100.0,57.934364318847656,471.0,0.0
146,0.0,1892.0,11.40986442565918,36.99,67.65845489501953,1912.0,0.0,1367.0,0.1542863398790359,100.0,57.934364318847656,471.0,0.0
147,0.0,1892.0,11.40986442565918,36.99,67.65845489501953,1912.0,0.0,1367.0,0.1542863398790359,100.0,57.934364318847656,471.0,0.0
148,0.0,1892.0,11.40986442565918,36.99,67.65845489501953,1912.0,0.0,1367.0,0.1542863398790359,100.0,57.934364318847656,471.0,0.0
149,0.0,1892.0,11.005311965942385,36.99,66.55136108398438,1776.0,0.0,1367.0,0.080977663397789,100.0,57.73381805419922,444.0,0.0
150,0.0,1892.0,11.005311965942385,36.99,66.55136108398438,1776.0,0.0,1367.0,0.080977663397789,100.0,57.73381805419922,444.0,0.0
151,0.0,1892.0,11.005311965942385,36.99,66.55136108398438,1776.0,0.0,1367.0,0.080977663397789,100.0,57.73381805419922,444.0,0.0
152,0.0,1892.0,11.005311965942385,36.99,66.55136108398438,1776.0,0.0,1367.0,0.080977663397789,100.0,57.73381805419922,444.0,0.0
153,0.0,1892.0,11.005311965942385,36.99,66.55136108398438,1776.0,0.0,1367.0,0.080977663397789,100.0,57.73381805419922,444.0,0.0
154,0.0,1892.0,10.401605606079102,36.99,65.65943145751953,1884.0,0.0,1367.0,0.0228968374431133,100.0,57.68473052978515,222.0,0.0
155,0.0,1892.0,10.401605606079102,36.99,65.65943145751953,1884.0,0.0,1367.0,0.0228968374431133,100.0,57.68473052978515,222.0,0.0
156,0.0,1892.0,10.401605606079102,36.99,65.65943145751953,1884.0,0.0,1367.0,0.0228968374431133,100.0,57.68473052978515,222.0,0.0
157,0.0,1892.0,10.401605606079102,36.99,65.65943145751953,1884.0,0.0,1367.0,0.0228968374431133,100.0,57.68473052978515,222.0,0.0
158,0.0,1892.0,10.401605606079102,36.99,65.65943145751953,1884.0,0.0,1367.0,0.0228968374431133,100.0,57.68473052978515,222.0,0.0
159,0.0,1892.0,10.468339920043944,36.99,65.1932144165039,1738.0,0.0,1367.0,0.0011501060798764,100.0,57.29399490356445,222.0,0.0
160,0.0,1892.0,10.468339920043944,36.99,65.1932144165039,1738.0,0.0,1367.0,0.0011501060798764,100.0,57.29399490356445,222.0,0.0
161,0.0,1892.0,10.468339920043944,36.99,65.1932144165039,1738.0,0.0,1367.0,0.0011501060798764,100.0,57.29399490356445,222.0,0.0
162,0.0,1892.0,10.468339920043944,36.99,65.1932144165039,1738.0,0.0,1367.0,0.0011501060798764,100.0,57.29399490356445,222.0,0.0
163,0.0,1892.0,10.468339920043944,36.99,65.1932144165039,1738.0,0.0,1367.0,0.0011501060798764,100.0,57.29399490356445,222.0,0.0
164,0.0,1892.0,10.402820587158203,36.99,64.76890563964844,1371.0,0.0,1367.0,0.0010945603717118,100.0,57.211700439453125,111.0,0.0
165,0.0,1892.0,10.402820587158203,36.99,64.76890563964844,1371.0,0.0,1367.0,0.0010945603717118,100.0,57.211700439453125,111.0,0.0
166,0.0,1892.0,10.402820587158203,36.99,64.76890563964844,1371.0,0.0,1367.0,0.0010945603717118,100.0,57.211700439453125,111.0,0.0
167,0.0,1892.0,10.402820587158203,36.99,64.76890563964844,1371.0,0.0,1367.0,0.0010945603717118,100.0,57.211700439453125,111.0,0.0
168,0.0,1892.0,10.402820587158203,36.99,64.76890563964844,1371.0,0.0,1367.0,0.0010945603717118,100.0,57.211700439453125,111.0,0.0
169,0.0,1892.0,10.207451820373535,36.99,65.97055053710938,1207.0,0.0,1367.0,0.0002541537105571,100.0,57.086700439453125,111.0,0.0
170,0.0,1892.0,10.207451820373535,36.99,65.97055053710938,1207.0,0.0,1367.0,0.0002541537105571,100.0,57.086700439453125,111.0,0.0
171,0.0,1892.0,10.207451820373535,36.99,65.97055053710938,1207.0,0.0,1367.0,0.0002541537105571,100.0,57.086700439453125,111.0,0.0
172,0.0,1892.0,10.207451820373535,36.99,65.97055053710938,1207.0,0.0,1367.0,0.0002541537105571,100.0,57.086700439453125,111.0,0.0
173,0.0,1892.0,10.207451820373535,36.99,65.97055053710938,1207.0,0.0,1367.0,0.0002541537105571,100.0,57.086700439453125,111.0,0.0
174,0.0,1892.0,10.290271759033203,36.99,64.69828796386719,1383.0,0.0,1367.0,0.0002672266564331,100.0,57.00545120239258,111.0,0.0
175,0.0,1892.0,10.290271759033203,36.99,64.69828796386719,1383.0,0.0,1367.0,0.0002672266564331,100.0,57.00545120239258,111.0,0.0
176,0.0,1892.0,10.290271759033203,36.99,64.69828796386719,1383.0,0.0,1367.0,0.0002672266564331,100.0,57.00545120239258,111.0,0.0
177,0.0,1892.0,10.290271759033203,36.99,64.69828796386719,1383.0,0.0,1367.0,0.0002672266564331,100.0,57.00545120239258,111.0,0.0
178,0.0,1892.0,10.290271759033203,36.99,64.69828796386719,1383.0,0.0,1367.0,0.0002672266564331,100.0,57.00545120239258,111.0,0.0
179,0.0,1892.0,10.82318878173828,36.99,65.35511016845703,1811.0,0.0,1367.0,0.0005415224004536,100.0,57.00545120239258,222.0,0.0
180,0.0,1892.0,10.82318878173828,36.99,65.35511016845703,1811.0,0.0,1367.0,0.0005415224004536,100.0,57.00545120239258,222.0,0.0
181,0.0,1892.0,10.82318878173828,36.99,65.35511016845703,1811.0,0.0,1367.0,0.0005415224004536,100.0,57.00545120239258,222.0,0.0
182,0.0,1892.0,10.82318878173828,36.99,65.35511016845703,1811.0,0.0,1367.0,0.0005415224004536,100.0,57.00545120239258,222.0,0.0
183,0.0,1892.0,10.82318878173828,36.99,65.35511016845703,1811.0,0.0,1367.0,0.0005415224004536,100.0,57.00545120239258,222.0,0.0
184,0.0,1892.0,10.684326171875,36.99,66.2588882446289,1644.0,0.0,1367.0,0.0057729068212211,100.0,57.1692008972168,256.0,0.0
185,0.0,1892.0,10.684326171875,36.99,66.2588882446289,1644.0,0.0,1367.0,0.0057729068212211,100.0,57.1692008972168,256.0,0.0
186,0.0,1892.0,10.684326171875,36.99,66.2588882446289,1644.0,0.0,1367.0,0.0057729068212211,100.0,57.1692008972168,256.0,0.0
187,0.0,1892.0,10.684326171875,36.99,66.2588882446289,1644.0,0.0,1367.0,0.0057729068212211,100.0,57.1692008972168,256.0,0.0
188,0.0,1892.0,10.684326171875,36.99,66.2588882446289,1644.0,0.0,1367.0,0.0057729068212211,100.0,57.1692008972168,256.0,0.0
189,0.0,1892.0,11.958260536193848,36.99,66.69297790527344,1955.0,0.0,1367.0,0.1769915968179702,100.0,57.14680099487305,589.0,0.0
190,0.0,1892.0,11.958260536193848,36.99,66.69297790527344,1955.0,0.0,1367.0,0.1769915968179702,100.0,57.14680099487305,589.0,0.0
191,0.0,1892.0,11.958260536193848,36.99,66.69297790527344,1955.0,0.0,1367.0,0.1769915968179702,100.0,57.14680099487305,589.0,0.0
192,0.0,1892.0,11.958260536193848,36.99,66.69297790527344,1955.0,0.0,1367.0,0.1769915968179702,100.0,57.14680099487305,589.0,0.0
193,0.0,1892.0,11.958260536193848,36.99,66.69297790527344,1955.0,0.0,1367.0,0.1769915968179702,100.0,57.14680099487305,589.0,0.0
194,0.0,1892.0,11.262794494628906,36.99,66.67147064208984,1868.0,0.0,1367.0,0.1169903725385665,100.0,57.25130081176758,498.0,0.0
195,0.0,1892.0,11.262794494628906,36.99,66.67147064208984,1868.0,0.0,1367.0,0.1169903725385665,100.0,57.25130081176758,498.0,0.0
196,0.0,1892.0,11.262794494628906,36.99,66.67147064208984,1868.0,0.0,1367.0,0.1169903725385665,100.0,57.25130081176758,498.0,0.0
197,0.0,1892.0,11.262794494628906,36.99,66.67147064208984,1868.0,0.0,1367.0,0.1169903725385665,100.0,57.25130081176758,498.0,0.0
198,0.0,1892.0,11.262794494628906,36.99,66.67147064208984,1868.0,0.0,1367.0,0.1169903725385665,100.0,57.25130081176758,498.0,0.0
199,0.0,1892.0,11.468433380126951,36.99,66.59078979492188,2013.0,0.0,1367.0,0.079672023653984,100.0,57.20304107666016,482.0,0.0
200,0.0,1892.0,11.468433380126951,36.99,66.59078979492188,2013.0,0.0,1367.0,0.079672023653984,100.0,57.20304107666016,482.0,0.0
201,0.0,1892.0,11.468433380126951,36.99,66.59078979492188,2013.0,0.0,1367.0,0.079672023653984,100.0,57.20304107666016,482.0,0.0
202,0.0,1892.0,11.468433380126951,36.99,66.59078979492188,2013.0,0.0,1367.0,0.079672023653984,100.0,57.20304107666016,482.0,0.0
203,0.0,1892.0,11.468433380126951,36.99,66.59078979492188,2013.0,0.0,1367.0,0.079672023653984,100.0,57.20304107666016,482.0,0.0
204,0.0,1892.0,11.28812026977539,36.99,66.43695831298828,2016.0,0.0,1367.0,0.1199617981910705,100.0,57.21897506713867,517.0,0.0
205,0.0,1892.0,11.28812026977539,36.99,66.43695831298828,2016.0,0.0,1367.0,0.1199617981910705,100.0,57.21897506713867,517.0,0.0
206,0.0,1892.0,11.28812026977539,36.99,66.43695831298828,2016.0,0.0,1367.0,0.1199617981910705,100.0,57.21897506713867,517.0,0.0
207,0.0,1892.0,11.28812026977539,36.99,66.43695831298828,2016.0,0.0,1367.0,0.1199617981910705,100.0,57.21897506713867,517.0,0.0
208,0.0,1892.0,11.28812026977539,36.99,66.43695831298828,2016.0,0.0,1367.0,0.1199617981910705,100.0,57.21897506713867,517.0,0.0
209,0.0,1892.0,10.941258430480955,36.99,66.9157943725586,1694.0,0.0,1367.0,0.0785141065716743,100.0,57.240699768066406,471.0,0.0
210,0.0,1892.0,10.941258430480955,36.99,66.9157943725586,1694.0,0.0,1367.0,0.0785141065716743,100.0,57.240699768066406,471.0,0.0
211,0.0,1892.0,10.941258430480955,36.99,66.9157943725586,1694.0,0.0,1367.0,0.0785141065716743,100.0,57.240699768066406,471.0,0.0
212,0.0,1892.0,10.941258430480955,36.99,66.9157943725586,1694.0,0.0,1367.0,0.0785141065716743,100.0,57.240699768066406,471.0,0.0
213,0.0,1892.0,10.941258430480955,36.99,66.9157943725586,1694.0,0.0,1367.0,0.0785141065716743,100.0,57.240699768066406,471.0,0.0
214,0.0,1892.0,10.509851455688477,36.99,66.30170440673828,2012.0,0.0,1367.0,0.0325984470546245,100.0,57.28875732421875,238.0,0.0
215,0.0,1892.0,10.509851455688477,36.99,66.30170440673828,2012.0,0.0,1367.0,0.0325984470546245,100.0,57.28875732421875,238.0,0.0
216,0.0,1892.0,10.509851455688477,36.99,66.30170440673828,2012.0,0.0,1367.0,0.0325984470546245,100.0,57.28875732421875,238.0,0.0
217,0.0,1892.0,10.509851455688477,36.99,66.30170440673828,2012.0,0.0,1367.0,0.0325984470546245,100.0,57.28875732421875,238.0,0.0
218,0.0,1892.0,10.509851455688477,36.99,66.30170440673828,2012.0,0.0,1367.0,0.0325984470546245,100.0,57.28875732421875,238.0,0.0
219,0.0,1892.0,10.177939414978027,36.99,65.33264923095703,1517.0,0.0,1367.0,0.0002721702330745,100.0,56.83982467651367,111.0,0.0
220,0.0,1892.0,10.177939414978027,36.99,65.33264923095703,1517.0,0.0,1367.0,0.0002721702330745,100.0,56.83982467651367,111.0,0.0
221,0.0,1892.0,10.177939414978027,36.99,65.33264923095703,1517.0,0.0,1367.0,0.0002721702330745,100.0,56.83982467651367,111.0,0.0
222,0.0,1892.0,10.177939414978027,36.99,65.33264923095703,1517.0,0.0,1367.0,0.0002721702330745,100.0,56.83982467651367,111.0,0.0
223,0.0,1892.0,10.177939414978027,36.99,65.33264923095703,1517.0,0.0,1367.0,0.0002721702330745,100.0,56.83982467651367,111.0,0.0
224,0.0,1892.0,10.201120376586914,36.99,63.903663635253906,1365.0,0.0,1367.0,0.0002637490397319,100.0,56.59294891357422,111.0,0.0
225,0.0,1892.0,10.201120376586914,36.99,63.903663635253906,1365.0,0.0,1367.0,0.0002637490397319,100.0,56.59294891357422,111.0,0.0
226,0.0,1892.0,10.201120376586914,36.99,63.903663635253906,1365.0,0.0,1367.0,0.0002637490397319,100.0,56.59294891357422,111.0,0.0
227,0.0,1892.0,10.201120376586914,36.99,63.903663635253906,1365.0,0.0,1367.0,0.0002637490397319,100.0,56.59294891357422,111.0,0.0
228,0.0,1892.0,10.201120376586914,36.99,63.903663635253906,1365.0,0.0,1367.0,0.0002637490397319,100.0,56.59294891357422,111.0,0.0
229,0.0,1892.0,10.34340476989746,36.99,64.2059326171875,1585.0,0.0,1367.0,0.0005693567218258,100.0,56.67420196533203,222.0,0.0
230,0.0,1892.0,10.34340476989746,36.99,64.2059326171875,1585.0,0.0,1367.0,0.0005693567218258,100.0,56.67420196533203,222.0,0.0
231,0.0,1892.0,10.34340476989746,36.99,64.2059326171875,1585.0,0.0,1367.0,0.0005693567218258,100.0,56.67420196533203,222.0,0.0
232,0.0,1892.0,10.34340476989746,36.99,64.2059326171875,1585.0,0.0,1367.0,0.0005693567218258,100.0,56.67420196533203,222.0,0.0
233,0.0,1892.0,10.34340476989746,36.99,64.2059326171875,1585.0,0.0,1367.0,0.0005693567218258,100.0,56.67420196533203,222.0,0.0
234,0.0,1892.0,10.514612197875977,36.99,65.24595642089844,1623.0,0.0,1367.0,0.000790765043348,100.0,56.430450439453125,222.0,0.0
235,0.0,1892.0,10.514612197875977,36.99,65.24595642089844,1623.0,0.0,1367.0,0.000790765043348,100.0,56.430450439453125,222.0,0.0
236,0.0,1892.0,10.514612197875977,36.99,65.24595642089844,1623.0,0.0,1367.0,0.000790765043348,100.0,56.430450439453125,222.0,0.0
237,0.0,1892.0,10.514612197875977,36.99,65.24595642089844,1623.0,0.0,1367.0,0.000790765043348,100.0,56.430450439453125,222.0,0.0
238,0.0,1892.0,10.514612197875977,36.99,65.24595642089844,1623.0,0.0,1367.0,0.000790765043348,100.0,56.430450439453125,222.0,0.0
239,0.0,1892.0,10.61115837097168,36.99,64.2131118774414,1792.0,0.0,1367.0,0.000872089236509,100.0,56.461700439453125,111.0,0.0
240,0.0,1892.0,10.61115837097168,36.99,64.2131118774414,1792.0,0.0,1367.0,0.000872089236509,100.0,56.461700439453125,111.0,0.0
241,0.0,1892.0,10.61115837097168,36.99,64.2131118774414,1792.0,0.0,1367.0,0.000872089236509,100.0,56.461700439453125,111.0,0.0
242,0.0,1892.0,10.61115837097168,36.99,64.2131118774414,1792.0,0.0,1367.0,0.000872089236509,100.0,56.461700439453125,111.0,0.0
243,0.0,1892.0,10.61115837097168,36.99,64.2131118774414,1792.0,0.0,1367.0,0.000872089236509,100.0,56.461700439453125,111.0,0.0
244,0.0,1892.0,10.379058837890623,36.99,64.8285903930664,1585.0,0.0,1367.0,0.0013749337522312,100.0,56.34607696533203,222.0,0.0
245,0.0,1892.0,10.379058837890623,36.99,64.8285903930664,1585.0,0.0,1367.0,0.0013749337522312,100.0,56.34607696533203,222.0,0.0
246,0.0,1892.0,10.379058837890623,36.99,64.8285903930664,1585.0,0.0,1367.0,0.0013749337522312,100.0,56.34607696533203,222.0,0.0
247,0.0,1892.0,10.379058837890623,36.99,64.8285903930664,1585.0,0.0,1367.0,0.0013749337522312,100.0,56.34607696533203,222.0,0.0
248,0.0,1892.0,10.379058837890623,36.99,64.8285903930664,1585.0,0.0,1367.0,0.0013749337522312,100.0,56.34607696533203,222.0,0.0
249,0.0,1892.0,10.318832397460938,36.99,64.05443572998047,1448.0,0.0,1367.0,0.0012812165077775,100.0,56.312744140625,222.0,0.0
250,0.0,1892.0,10.318832397460938,36.99,64.05443572998047,1448.0,0.0,1367.0,0.0012812165077775,100.0,56.312744140625,222.0,0.0
251,0.0,1892.0,10.318832397460938,36.99,64.05443572998047,1448.0,0.0,1367.0,0.0012812165077775,100.0,56.312744140625,222.0,0.0
252,0.0,1892.0,10.318832397460938,36.99,64.05443572998047,1448.0,0.0,1367.0,0.0012812165077775,100.0,56.312744140625,222.0,0.0
253,0.0,1892.0,10.318832397460938,36.99,64.05443572998047,1448.0,0.0,1367.0,0.0012812165077775,100.0,56.312744140625,222.0,0.0
254,0.0,1892.0,10.110685348510742,36.99,64.92646026611328,1324.0,0.0,1367.0,0.0013299142010509,100.0,56.1544075012207,282.0,0.0
255,0.0,1892.0,10.110685348510742,36.99,64.92646026611328,1324.0,0.0,1367.0,0.0013299142010509,100.0,56.1544075012207,282.0,0.0
256,0.0,1892.0,10.110685348510742,36.99,64.92646026611328,1324.0,0.0,1367.0,0.0013299142010509,100.0,56.1544075012207,282.0,0.0
257,0.0,1892.0,10.110685348510742,36.99,64.92646026611328,1324.0,0.0,1367.0,0.0013299142010509,100.0,56.1544075012207,282.0,0.0
258,0.0,1892.0,10.110685348510742,36.99,64.92646026611328,1324.0,0.0,1367.0,0.0013299142010509,100.0,56.1544075012207,282.0,0.0
259,0.0,1892.0,10.269476890563965,36.99,63.38857650756836,1464.0,0.0,1367.0,0.001579764066264,100.0,56.25128173828125,333.0,0.0
260,0.0,1892.0,10.269476890563965,36.99,63.38857650756836,1464.0,0.0,1367.0,0.001579764066264,100.0,56.25128173828125,333.0,0.0
261,0.0,1892.0,10.269476890563965,36.99,63.38857650756836,1464.0,0.0,1367.0,0.001579764066264,100.0,56.25128173828125,333.0,0.0
262,0.0,1892.0,10.269476890563965,36.99,63.38857650756836,1464.0,0.0,1367.0,0.001579764066264,100.0,56.25128173828125,333.0,0.0
263,0.0,1892.0,10.269476890563965,36.99,63.38857650756836,1464.0,0.0,1367.0,0.001579764066264,100.0,56.25128173828125,333.0,0.0
264,0.0,1892.0,10.60454273223877,36.99,64.41960144042969,1528.0,0.0,1367.0,0.0002614737313706,100.0,56.21248245239258,111.0,0.0
265,0.0,1892.0,10.60454273223877,36.99,64.41960144042969,1528.0,0.0,1367.0,0.0002614737313706,100.0,56.21248245239258,111.0,0.0
266,0.0,1892.0,10.60454273223877,36.99,64.41960144042969,1528.0,0.0,1367.0,0.0002614737313706,100.0,56.21248245239258,111.0,0.0
267,0.0,1892.0,10.60454273223877,36.99,64.41960144042969,1528.0,0.0,1367.0,0.0002614737313706,100.0,56.21248245239258,111.0,0.0
268,0.0,1892.0,10.60454273223877,36.99,64.41960144042969,1528.0,0.0,1367.0,0.0002614737313706,100.0,56.21248245239258,111.0,0.0
269,0.0,1892.0,10.349928855895996,36.99,63.53281021118164,1845.0,0.0,1367.0,0.0002565369650255,100.0,56.09607696533203,111.0,0.0
270,0.0,1892.0,10.349928855895996,36.99,63.53281021118164,1845.0,0.0,1367.0,0.0002565369650255,100.0,56.09607696533203,111.0,0.0
271,0.0,1892.0,10.349928855895996,36.99,63.53281021118164,1845.0,0.0,1367.0,0.0002565369650255,100.0,56.09607696533203,111.0,0.0
272,0.0,1892.0,10.349928855895996,36.99,63.53281021118164,1845.0,0.0,1367.0,0.0002565369650255,100.0,56.09607696533203,111.0,0.0
273,0.0,1892.0,10.349928855895996,36.99,63.53281021118164,1845.0,0.0,1367.0,0.0002565369650255,100.0,56.09607696533203,111.0,0.0
274,0.0,1892.0,10.364546775817873,36.99,65.0475845336914,1267.0,0.0,1367.0,0.0002604277106001,100.0,55.89607620239258,111.0,0.0
275,0.0,1892.0,10.364546775817873,36.99,65.0475845336914,1267.0,0.0,1367.0,0.0002604277106001,100.0,55.89607620239258,111.0,0.0
276,0.0,1892.0,10.364546775817873,36.99,65.0475845336914,1267.0,0.0,1367.0,0.0002604277106001,100.0,55.89607620239258,111.0,0.0
277,0.0,1892.0,10.364546775817873,36.99,65.0475845336914,1267.0,0.0,1367.0,0.0002604277106001,100.0,55.89607620239258,111.0,0.0
278,0.0,1892.0,10.364546775817873,36.99,65.0475845336914,1267.0,0.0,1367.0,0.0002604277106001,100.0,55.89607620239258,111.0,0.0
279,0.0,1892.0,10.446422576904297,36.99,64.2774887084961,1488.0,0.0,1367.0,0.0006476595299318,100.0,55.881492614746094,222.0,0.0
280,0.0,1892.0,10.446422576904297,36.99,64.2774887084961,1488.0,0.0,1367.0,0.0006476595299318,100.0,55.881492614746094,222.0,0.0
281,0.0,1892.0,10.446422576904297,36.99,64.2774887084961,1488.0,0.0,1367.0,0.0006476595299318,100.0,55.881492614746094,222.0,0.0
282,0.0,1892.0,10.446422576904297,36.99,64.2774887084961,1488.0,0.0,1367.0,0.0006476595299318,100.0,55.881492614746094,222.0,0.0
283,0.0,1892.0,10.446422576904297,36.99,64.2774887084961,1488.0,0.0,1367.0,0.0006476595299318,100.0,55.881492614746094,222.0,0.0
284,0.0,1892.0,10.504142761230469,36.99,63.97602844238281,1248.0,0.0,1367.0,0.0010845351498574,100.0,55.98748016357422,222.0,0.0
285,0.0,1892.0,10.504142761230469,36.99,63.97602844238281,1248.0,0.0,1367.0,0.0010845351498574,100.0,55.98748016357422,222.0,0.0
286,0.0,1892.0,10.504142761230469,36.99,63.97602844238281,1248.0,0.0,1367.0,0.0010845351498574,100.0,55.98748016357422,222.0,0.0
287,0.0,1892.0,10.504142761230469,36.99,63.97602844238281,1248.0,0.0,1367.0,0.0010845351498574,100.0,55.98748016357422,222.0,0.0
288,0.0,1892.0,10.504142761230469,36.99,63.97602844238281,1248.0,0.0,1367.0,0.0010845351498574,100.0,55.98748016357422,222.0,0.0
289,0.0,1892.0,10.299888610839844,36.99,63.37919998168945,1051.0,0.0,1367.0,0.0004605301655828,100.0,55.774200439453125,111.0,0.0
290,0.0,1892.0,10.299888610839844,36.99,63.37919998168945,1051.0,0.0,1367.0,0.0004605301655828,100.0,55.774200439453125,111.0,0.0
291,0.0,1892.0,10.299888610839844,36.99,63.37919998168945,1051.0,0.0,1367.0,0.0004605301655828,100.0,55.774200439453125,111.0,0.0
292,0.0,1892.0,10.299888610839844,36.99,63.37919998168945,1051.0,0.0,1367.0,0.0004605301655828,100.0,55.774200439453125,111.0,0.0
293,0.0,1892.0,10.299888610839844,36.99,63.37919998168945,1051.0,0.0,1367.0,0.0004605301655828,100.0,55.774200439453125,111.0,0.0
294,0.0,1892.0,10.205288887023926,36.99,64.1441421508789,983.0,0.0,1367.0,2.0341440176707692e-05,100.0,55.89607620239258,111.0,0.0
295,0.0,1892.0,10.205288887023926,36.99,64.1441421508789,983.0,0.0,1367.0,2.0341440176707692e-05,100.0,55.89607620239258,111.0,0.0
296,0.0,1892.0,10.205288887023926,36.99,64.1441421508789,983.0,0.0,1367.0,2.0341440176707692e-05,100.0,55.89607620239258,111.0,0.0
297,0.0,1892.0,10.205288887023926,36.99,64.1441421508789,983.0,0.0,1367.0,2.0341440176707692e-05,100.0,55.89607620239258,111.0,0.0
298,0.0,1892.0,10.205288887023926,36.99,64.1441421508789,983.0,0.0,1367.0,2.0341440176707692e-05,100.0,55.89607620239258,111.0,0.0
299,0.0,1892.0,10.272550582885742,36.99,63.03166961669922,1400.0,0.0,1367.0,0.0002537509717512,100.0,55.649200439453125,111.0,0.0
300,0.0,1892.0,10.272550582885742,36.99,63.03166961669922,1400.0,0.0,1367.0,0.0002537509717512,100.0,55.649200439453125,111.0,0.0
301,0.0,1892.0,10.272550582885742,36.99,63.03166961669922,1400.0,0.0,1367.0,0.0002537509717512,100.0,55.649200439453125,111.0,0.0
302,0.0,1892.0,10.272550582885742,36.99,63.03166961669922,1400.0,0.0,1367.0,0.0002537509717512,100.0,55.649200439453125,111.0,0.0
303,0.0,1892.0,10.272550582885742,36.99,63.03166961669922,1400.0,0.0,1367.0,0.0002537509717512,100.0,55.649200439453125,111.0,0.0
304,0.0,1892.0,11.18834114074707,36.99,64.28755187988281,1811.0,0.0,1367.0,0.0006655311444774,100.0,55.85440826416016,111.0,0.0
305,0.0,1892.0,11.18834114074707,36.99,64.28755187988281,1811.0,0.0,1367.0,0.0006655311444774,100.0,55.85440826416016,111.0,0.0
306,0.0,1892.0,11.18834114074707,36.99,64.28755187988281,1811.0,0.0,1367.0,0.0006655311444774,100.0,55.85440826416016,111.0,0.0
307,0.0,1892.0,11.18834114074707,36.99,64.28755187988281,1811.0,0.0,1367.0,0.0006655311444774,100.0,55.85440826416016,111.0,0.0
308,0.0,1892.0,10.404261589050291,36.99,64.569091796875,1594.0,0.0,1367.0,0.001028980826959,100.0,56.11482620239258,222.0,0.0
309,0.0,1892.0,10.404261589050291,36.99,64.569091796875,1594.0,0.0,1367.0,0.001028980826959,100.0,56.11482620239258,222.0,0.0
310,0.0,1892.0,10.404261589050291,36.99,64.569091796875,1594.0,0.0,1367.0,0.001028980826959,100.0,56.11482620239258,222.0,0.0
311,0.0,1892.0,10.404261589050291,36.99,64.569091796875,1594.0,0.0,1367.0,0.001028980826959,100.0,56.11482620239258,222.0,0.0
312,0.0,1892.0,10.404261589050291,36.99,64.569091796875,1594.0,0.0,1367.0,0.001028980826959,100.0,56.11482620239258,222.0,0.0
313,0.0,1892.0,10.405532836914062,36.99,62.78413391113281,1768.0,0.0,1367.0,0.0002593501994851,100.0,5.8734002113342285,111.0,0.0
314,0.0,1892.0,10.405532836914062,36.99,62.78413391113281,1768.0,0.0,1367.0,0.0002593501994851,100.0,5.8734002113342285,111.0,0.0
315,0.0,1892.0,10.405532836914062,36.99,62.78413391113281,1768.0,0.0,1367.0,0.0002593501994851,100.0,5.8734002113342285,111.0,0.0
316,0.0,1892.0,10.405532836914062,36.99,62.78413391113281,1768.0,0.0,1367.0,0.0002593501994851,100.0,5.8734002113342285,111.0,0.0
317,0.0,1892.0,10.405532836914062,36.99,62.78413391113281,1768.0,0.0,1367.0,0.0002593501994851,100.0,5.8734002113342285,111.0,0.0
318,0.0,1892.0,10.290465354919434,36.99,64.3162612915039,1220.0,0.0,1367.0,0.0002551682700868,100.0,55.77107620239258,111.0,0.0
319,0.0,1892.0,10.290465354919434,36.99,64.3162612915039,1220.0,0.0,1367.0,0.0002551682700868,100.0,55.77107620239258,111.0,0.0
320,0.0,1892.0,10.290465354919434,36.99,64.3162612915039,1220.0,0.0,1367.0,0.0002551682700868,100.0,55.77107620239258,111.0,0.0
321,0.0,1892.0,10.290465354919434,36.99,64.3162612915039,1220.0,0.0,1367.0,0.0002551682700868,100.0,55.77107620239258,111.0,0.0
322,0.0,1892.0,10.290465354919434,36.99,64.3162612915039,1220.0,0.0,1367.0,0.0002551682700868,100.0,55.77107620239258,111.0,0.0
323,0.0,1892.0,10.51482391357422,36.99,63.03236389160156,1189.0,0.0,1367.0,0.0002398939686827,100.0,55.649200439453125,111.0,0.0
324,0.0,1892.0,10.51482391357422,36.99,63.03236389160156,1189.0,0.0,1367.0,0.0002398939686827,100.0,55.649200439453125,111.0,0.0
325,0.0,1892.0,10.51482391357422,36.99,63.03236389160156,1189.0,0.0,1367.0,0.0002398939686827,100.0,55.649200439453125,111.0,0.0
326,0.0,1892.0,10.51482391357422,36.99,63.03236389160156,1189.0,0.0,1367.0,0.0002398939686827,100.0,55.649200439453125,111.0,0.0
327,0.0,1892.0,10.51482391357422,36.99,63.03236389160156,1189.0,0.0,1367.0,0.0002398939686827,100.0,55.649200439453125,111.0,0.0
328,0.0,1892.0,10.50230312347412,36.99,64.28219604492188,1630.0,0.0,1367.0,0.00088268565014,100.0,55.60857391357422,222.0,0.0
329,0.0,1892.0,10.50230312347412,36.99,64.28219604492188,1630.0,0.0,1367.0,0.00088268565014,100.0,55.60857391357422,222.0,0.0
330,0.0,1892.0,10.50230312347412,36.99,64.28219604492188,1630.0,0.0,1367.0,0.00088268565014,100.0,55.60857391357422,222.0,0.0
331,0.0,1892.0,10.50230312347412,36.99,64.28219604492188,1630.0,0.0,1367.0,0.00088268565014,100.0,55.60857391357422,222.0,0.0
332,0.0,1892.0,10.50230312347412,36.99,64.28219604492188,1630.0,0.0,1367.0,0.00088268565014,100.0,55.60857391357422,222.0,0.0
333,0.0,1892.0,11.542823791503906,36.99,64.05326843261719,2078.0,0.0,1367.0,0.0251893233507871,100.0,55.70732498168945,222.0,0.0
334,0.0,1892.0,11.542823791503906,36.99,64.05326843261719,2078.0,0.0,1367.0,0.0251893233507871,100.0,55.70732498168945,222.0,0.0
335,0.0,1892.0,11.542823791503906,36.99,64.05326843261719,2078.0,0.0,1367.0,0.0251893233507871,100.0,55.70732498168945,222.0,0.0
336,0.0,1892.0,11.542823791503906,36.99,64.05326843261719,2078.0,0.0,1367.0,0.0251893233507871,100.0,55.70732498168945,222.0,0.0
337,0.0,1892.0,11.542823791503906,36.99,64.05326843261719,2078.0,0.0,1367.0,0.0251893233507871,100.0,55.70732498168945,222.0,0.0
338,0.0,1892.0,10.457023620605469,36.99,65.35603332519531,1751.0,0.0,1367.0,0.0064314613118767,100.0,55.990867614746094,111.0,0.0
339,0.0,1892.0,10.457023620605469,36.99,65.35603332519531,1751.0,0.0,1367.0,0.0064314613118767,100.0,55.990867614746094,111.0,0.0
340,0.0,1892.0,10.457023620605469,36.99,65.35603332519531,1751.0,0.0,1367.0,0.0064314613118767,100.0,55.990867614746094,111.0,0.0
341,0.0,1892.0,10.457023620605469,36.99,65.35603332519531,1751.0,0.0,1367.0,0.0064314613118767,100.0,55.990867614746094,111.0,0.0
342,0.0,1892.0,10.457023620605469,36.99,65.35603332519531,1751.0,0.0,1367.0,0.0064314613118767,100.0,55.990867614746094,111.0,0.0
343,0.0,1892.0,10.15816593170166,36.99,65.44242858886719,2011.0,0.0,1367.0,0.000239751956542,100.0,55.81482696533203,111.0,0.0
344,0.0,1892.0,10.15816593170166,36.99,65.44242858886719,2011.0,0.0,1367.0,0.000239751956542,100.0,55.81482696533203,111.0,0.0
345,0.0,1892.0,10.15816593170166,36.99,65.44242858886719,2011.0,0.0,1367.0,0.000239751956542,100.0,55.81482696533203,111.0,0.0
346,0.0,1892.0,10.15816593170166,36.99,65.44242858886719,2011.0,0.0,1367.0,0.000239751956542,100.0,55.81482696533203,111.0,0.0
347,0.0,1892.0,10.15816593170166,36.99,65.44242858886719,2011.0,0.0,1367.0,0.000239751956542,100.0,55.81482696533203,111.0,0.0
348,0.0,1892.0,10.14067268371582,36.99,62.809024810791016,1390.0,0.0,1367.0,0.0005071031046099,100.0,55.524200439453125,222.0,0.0
349,0.0,1892.0,10.14067268371582,36.99,62.809024810791016,1390.0,0.0,1367.0,0.0005071031046099,100.0,55.524200439453125,222.0,0.0
350,0.0,1892.0,10.14067268371582,36.99,62.809024810791016,1390.0,0.0,1367.0,0.0005071031046099,100.0,55.524200439453125,222.0,0.0
351,0.0,1892.0,10.14067268371582,36.99,62.809024810791016,1390.0,0.0,1367.0,0.0005071031046099,100.0,55.524200439453125,222.0,0.0
352,0.0,1892.0,10.14067268371582,36.99,62.809024810791016,1390.0,0.0,1367.0,0.0005071031046099,100.0,55.524200439453125,222.0,0.0
353,0.0,1892.0,10.179155349731444,36.99,63.03973388671875,1146.0,0.0,1367.0,0.0015328540466725,100.0,55.56482696533203,333.0,0.0
354,0.0,1892.0,10.179155349731444,36.99,63.03973388671875,1146.0,0.0,1367.0,0.0015328540466725,100.0,55.56482696533203,333.0,0.0
355,0.0,1892.0,10.179155349731444,36.99,63.03973388671875,1146.0,0.0,1367.0,0.0015328540466725,100.0,55.56482696533203,333.0,0.0
356,0.0,1892.0,10.179155349731444,36.99,63.03973388671875,1146.0,0.0,1367.0,0.0015328540466725,100.0,55.56482696533203,333.0,0.0
357,0.0,1892.0,10.179155349731444,36.99,63.03973388671875,1146.0,0.0,1367.0,0.0015328540466725,100.0,55.56482696533203,333.0,0.0
358,0.0,1892.0,10.23600959777832,36.99,63.10898971557617,1308.0,0.0,1367.0,0.0006542422343045,100.0,55.640869140625,111.0,0.0
359,0.0,1892.0,10.23600959777832,36.99,63.10898971557617,1308.0,0.0,1367.0,0.0006542422343045,100.0,55.640869140625,111.0,0.0
360,0.0,1892.0,10.23600959777832,36.99,63.10898971557617,1308.0,0.0,1367.0,0.0006542422343045,100.0,55.640869140625,111.0,0.0
361,0.0,1892.0,10.23600959777832,36.99,63.10898971557617,1308.0,0.0,1367.0,0.0006542422343045,100.0,55.640869140625,111.0,0.0
362,0.0,1892.0,10.23600959777832,36.99,63.10898971557617,1308.0,0.0,1367.0,0.0006542422343045,100.0,55.640869140625,111.0,0.0
363,0.0,1892.0,10.439769744873049,36.99,63.56526947021485,1234.0,0.0,1367.0,0.0002517334651201,100.0,55.524200439453125,111.0,0.0
364,0.0,1892.0,10.439769744873049,36.99,63.56526947021485,1234.0,0.0,1367.0,0.0002517334651201,100.0,55.524200439453125,111.0,0.0
365,0.0,1892.0,10.439769744873049,36.99,63.56526947021485,1234.0,0.0,1367.0,0.0002517334651201,100.0,55.524200439453125,111.0,0.0
366,0.0,1892.0,10.439769744873049,36.99,63.56526947021485,1234.0,0.0,1367.0,0.0002517334651201,100.0,55.524200439453125,111.0,0.0
367,0.0,1892.0,10.439769744873049,36.99,63.56526947021485,1234.0,0.0,1367.0,0.0002517334651201,100.0,55.524200439453125,111.0,0.0
368,0.0,1892.0,10.583121299743652,36.99,63.73783874511719,1630.0,0.0,1367.0,0.0002384153776802,100.0,55.48670196533203,111.0,0.0
369,0.0,1892.0,10.583121299743652,36.99,63.73783874511719,1630.0,0.0,1367.0,0.0002384153776802,100.0,55.48670196533203,111.0,0.0
370,0.0,1892.0,10.583121299743652,36.99,63.73783874511719,1630.0,0.0,1367.0,0.0002384153776802,100.0,55.48670196533203,111.0,0.0
371,0.0,1892.0,10.583121299743652,36.99,63.73783874511719,1630.0,0.0,1367.0,0.0002384153776802,100.0,55.48670196533203,111.0,0.0
372,0.0,1892.0,10.583121299743652,36.99,63.73783874511719,1630.0,0.0,1367.0,0.0002384153776802,100.0,55.48670196533203,111.0,0.0
373,0.0,1892.0,10.736615180969238,36.99,64.3697738647461,1864.0,0.0,1367.0,0.0006516790017485,100.0,55.524200439453125,289.0,0.0
374,0.0,1892.0,10.736615180969238,36.99,64.3697738647461,1864.0,0.0,1367.0,0.0006516790017485,100.0,55.524200439453125,289.0,0.0
375,0.0,1892.0,10.736615180969238,36.99,64.3697738647461,1864.0,0.0,1367.0,0.0006516790017485,100.0,55.524200439453125,289.0,0.0
376,0.0,1892.0,10.736615180969238,36.99,64.3697738647461,1864.0,0.0,1367.0,0.0006516790017485,100.0,55.524200439453125,289.0,0.0
377,0.0,1892.0,10.736615180969238,36.99,64.3697738647461,1864.0,0.0,1367.0,0.0006516790017485,100.0,55.524200439453125,289.0,0.0
378,0.0,1892.0,10.5153169631958,36.99,64.40208435058594,1634.0,0.0,1367.0,0.000515183317475,100.0,55.553367614746094,222.0,0.0
379,0.0,1892.0,10.5153169631958,36.99,64.40208435058594,1634.0,0.0,1367.0,0.000515183317475,100.0,55.553367614746094,222.0,0.0
380,0.0,1892.0,10.5153169631958,36.99,64.40208435058594,1634.0,0.0,1367.0,0.000515183317475,100.0,55.553367614746094,222.0,0.0
381,0.0,1892.0,10.5153169631958,36.99,64.40208435058594,1634.0,0.0,1367.0,0.000515183317475,100.0,55.553367614746094,222.0,0.0
382,0.0,1892.0,10.5153169631958,36.99,64.40208435058594,1634.0,0.0,1367.0,0.000515183317475,100.0,55.553367614746094,222.0,0.0
383,0.0,1892.0,10.27088451385498,36.99,61.90256118774414,1550.0,0.0,1367.0,0.0005051632761023,100.0,55.56586837768555,111.0,0.0
384,0.0,1892.0,10.27088451385498,36.99,61.90256118774414,1550.0,0.0,1367.0,0.0005051632761023,100.0,55.56586837768555,111.0,0.0
385,0.0,1892.0,10.27088451385498,36.99,61.90256118774414,1550.0,0.0,1367.0,0.0005051632761023,100.0,55.56586837768555,111.0,0.0
386,0.0,1892.0,10.27088451385498,36.99,61.90256118774414,1550.0,0.0,1367.0,0.0005051632761023,100.0,55.56586837768555,111.0,0.0
387,0.0,1892.0,10.27088451385498,36.99,61.90256118774414,1550.0,0.0,1367.0,0.0005051632761023,100.0,55.56586837768555,111.0,0.0
388,0.0,1892.0,10.238395690917969,36.99,62.568790435791016,1568.0,0.0,1367.0,0.0004315266269259,100.0,55.48357391357422,111.0,0.0
389,0.0,1892.0,10.238395690917969,36.99,62.568790435791016,1568.0,0.0,1367.0,0.0004315266269259,100.0,55.48357391357422,111.0,0.0
390,0.0,1892.0,10.238395690917969,36.99,62.568790435791016,1568.0,0.0,1367.0,0.0004315266269259,100.0,55.48357391357422,111.0,0.0
391,0.0,1892.0,10.238395690917969,36.99,62.568790435791016,1568.0,0.0,1367.0,0.0004315266269259,100.0,55.48357391357422,111.0,0.0
392,0.0,1892.0,10.238395690917969,36.99,62.568790435791016,1568.0,0.0,1367.0,0.0004315266269259,100.0,55.48357391357422,111.0,0.0
393,0.0,1892.0,10.179704666137695,36.99,62.542381286621094,1285.0,0.0,1367.0,1.5375000657513738e-05,100.0,55.40232467651367,111.0,0.0
394,0.0,1892.0,10.179704666137695,36.99,62.542381286621094,1285.0,0.0,1367.0,1.5375000657513738e-05,100.0,55.40232467651367,111.0,0.0
395,0.0,1892.0,10.179704666137695,36.99,62.542381286621094,1285.0,0.0,1367.0,1.5375000657513738e-05,100.0,55.40232467651367,111.0,0.0
396,0.0,1892.0,10.179704666137695,36.99,62.542381286621094,1285.0,0.0,1367.0,1.5375000657513738e-05,100.0,55.40232467651367,111.0,0.0
397,0.0,1892.0,10.179704666137695,36.99,62.542381286621094,1285.0,0.0,1367.0,1.5375000657513738e-05,100.0,55.40232467651367,111.0,0.0
398,0.0,1892.0,10.10773468017578,36.99,62.33299255371094,987.0,0.0,1367.0,0.0004983613616786,100.0,55.47107696533203,222.0,0.0
399,0.0,1892.0,10.10773468017578,36.99,62.33299255371094,987.0,0.0,1367.0,0.0004983613616786,100.0,55.47107696533203,222.0,0.0
400,0.0,1892.0,10.10773468017578,36.99,62.33299255371094,987.0,0.0,1367.0,0.0004983613616786,100.0,55.47107696533203,222.0,0.0
401,0.0,1892.0,10.10773468017578,36.99,62.33299255371094,987.0,0.0,1367.0,0.0004983613616786,100.0,55.47107696533203,222.0,0.0
402,0.0,1892.0,10.10773468017578,36.99,62.33299255371094,987.0,0.0,1367.0,0.0004983613616786,100.0,55.47107696533203,222.0,0.0
403,0.0,1892.0,10.20205783843994,36.99,62.549129486083984,1010.0,0.0,1367.0,0.0020732386037707,100.0,55.48419952392578,333.0,0.0
404,0.0,1892.0,10.20205783843994,36.99,62.549129486083984,1010.0,0.0,1367.0,0.0020732386037707,100.0,55.48419952392578,333.0,0.0
405,0.0,1892.0,10.20205783843994,36.99,62.549129486083984,1010.0,0.0,1367.0,0.0020732386037707,100.0,55.48419952392578,333.0,0.0
406,0.0,1892.0,10.20205783843994,36.99,62.549129486083984,1010.0,0.0,1367.0,0.0020732386037707,100.0,55.48419952392578,333.0,0.0
407,0.0,1892.0,10.20205783843994,36.99,62.549129486083984,1010.0,0.0,1367.0,0.0020732386037707,100.0,55.48419952392578,333.0,0.0
408,0.0,1892.0,10.336647033691406,36.99,63.36653518676758,995.0,0.0,1367.0,0.0002402927930234,100.0,55.23670196533203,111.0,0.0
409,0.0,1892.0,10.336647033691406,36.99,63.36653518676758,995.0,0.0,1367.0,0.0002402927930234,100.0,55.23670196533203,111.0,0.0
410,0.0,1892.0,10.336647033691406,36.99,63.36653518676758,995.0,0.0,1367.0,0.0002402927930234,100.0,55.23670196533203,111.0,0.0
411,0.0,1892.0,10.336647033691406,36.99,63.36653518676758,995.0,0.0,1367.0,0.0002402927930234,100.0,55.23670196533203,111.0,0.0
412,0.0,1892.0,10.336647033691406,36.99,63.36653518676758,995.0,0.0,1367.0,0.0002402927930234,100.0,55.23670196533203,111.0,0.0
413,0.0,1892.0,10.57177448272705,36.99,63.297027587890625,1246.0,0.0,1367.0,0.0002368978603044,100.0,55.23670196533203,111.0,0.0
414,0.0,1892.0,10.57177448272705,36.99,63.297027587890625,1246.0,0.0,1367.0,0.0002368978603044,100.0,55.23670196533203,111.0,0.0
415,0.0,1892.0,10.57177448272705,36.99,63.297027587890625,1246.0,0.0,1367.0,0.0002368978603044,100.0,55.23670196533203,111.0,0.0
416,0.0,1892.0,10.57177448272705,36.99,63.297027587890625,1246.0,0.0,1367.0,0.0002368978603044,100.0,55.23670196533203,111.0,0.0
417,0.0,1892.0,10.57177448272705,36.99,63.297027587890625,1246.0,0.0,1367.0,0.0002368978603044,100.0,55.23670196533203,111.0,0.0
418,0.0,1892.0,10.652833938598633,36.99,64.26077270507812,1880.0,0.0,1367.0,0.0002379951474722,100.0,55.446075439453125,111.0,0.0
419,0.0,1892.0,10.652833938598633,36.99,64.26077270507812,1880.0,0.0,1367.0,0.0002379951474722,100.0,55.446075439453125,111.0,0.0
420,0.0,1892.0,10.652833938598633,36.99,64.26077270507812,1880.0,0.0,1367.0,0.0002379951474722,100.0,55.446075439453125,111.0,0.0
421,0.0,1892.0,10.652833938598633,36.99,64.26077270507812,1880.0,0.0,1367.0,0.0002379951474722,100.0,55.446075439453125,111.0,0.0
422,0.0,1892.0,10.652833938598633,36.99,64.26077270507812,1880.0,0.0,1367.0,0.0002379951474722,100.0,55.446075439453125,111.0,0.0
423,0.0,1892.0,10.428167343139648,36.99,63.10759353637695,1598.0,0.0,1367.0,0.0006305106799118,100.0,55.31795120239258,111.0,0.0
424,0.0,1892.0,10.428167343139648,36.99,63.10759353637695,1598.0,0.0,1367.0,0.0006305106799118,100.0,55.31795120239258,111.0,0.0
425,0.0,1892.0,10.428167343139648,36.99,63.10759353637695,1598.0,0.0,1367.0,0.0006305106799118,100.0,55.31795120239258,111.0,0.0
426,0.0,1892.0,10.428167343139648,36.99,63.10759353637695,1598.0,0.0,1367.0,0.0006305106799118,100.0,55.31795120239258,111.0,0.0
427,0.0,1892.0,10.428167343139648,36.99,63.10759353637695,1598.0,0.0,1367.0,0.0006305106799118,100.0,55.31795120239258,111.0,0.0
428,0.0,1892.0,10.340975761413574,36.99,63.96429061889648,1587.0,0.0,1367.0,0.0007597582880407,100.0,55.30231857299805,222.0,0.0
429,0.0,1892.0,10.340975761413574,36.99,63.96429061889648,1587.0,0.0,1367.0,0.0007597582880407,100.0,55.30231857299805,222.0,0.0
430,0.0,1892.0,10.340975761413574,36.99,63.96429061889648,1587.0,0.0,1367.0,0.0007597582880407,100.0,55.30231857299805,222.0,0.0
431,0.0,1892.0,10.340975761413574,36.99,63.96429061889648,1587.0,0.0,1367.0,0.0007597582880407,100.0,55.30231857299805,222.0,0.0
432,0.0,1892.0,10.340975761413574,36.99,63.96429061889648,1587.0,0.0,1367.0,0.0007597582880407,100.0,55.30231857299805,222.0,0.0
433,0.0,1892.0,10.059234619140623,36.99,62.20602035522461,1347.0,0.0,1367.0,0.0002500223636161,100.0,55.23670196533203,111.0,0.0
434,0.0,1892.0,10.059234619140623,36.99,62.20602035522461,1347.0,0.0,1367.0,0.0002500223636161,100.0,55.23670196533203,111.0,0.0
435,0.0,1892.0,10.059234619140623,36.99,62.20602035522461,1347.0,0.0,1367.0,0.0002500223636161,100.0,55.23670196533203,111.0,0.0
436,0.0,1892.0,10.059234619140623,36.99,62.20602035522461,1347.0,0.0,1367.0,0.0002500223636161,100.0,55.23670196533203,111.0,0.0
437,0.0,1892.0,10.059234619140623,36.99,62.20602035522461,1347.0,0.0,1367.0,0.0002500223636161,100.0,55.23670196533203,111.0,0.0
438,0.0,1892.0,10.11591339111328,36.99,62.17198181152344,1026.0,0.0,1367.0,0.0002526575990486,100.0,55.35857391357422,111.0,0.0
439,0.0,1892.0,10.11591339111328,36.99,62.17198181152344,1026.0,0.0,1367.0,0.0002526575990486,100.0,55.35857391357422,111.0,0.0
440,0.0,1892.0,10.11591339111328,36.99,62.17198181152344,1026.0,0.0,1367.0,0.0002526575990486,100.0,55.35857391357422,111.0,0.0
441,0.0,1892.0,10.11591339111328,36.99,62.17198181152344,1026.0,0.0,1367.0,0.0002526575990486,100.0,55.35857391357422,111.0,0.0
442,0.0,1892.0,10.11591339111328,36.99,62.17198181152344,1026.0,0.0,1367.0,0.0002526575990486,100.0,55.35857391357422,111.0,0.0
443,0.0,1892.0,10.205141067504885,36.99,62.55326461791992,1276.0,0.0,1367.0,0.0002485758741386,100.0,55.23670196533203,111.0,0.0
444,0.0,1892.0,10.205141067504885,36.99,62.55326461791992,1276.0,0.0,1367.0,0.0002485758741386,100.0,55.23670196533203,111.0,0.0
445,0.0,1892.0,10.205141067504885,36.99,62.55326461791992,1276.0,0.0,1367.0,0.0002485758741386,100.0,55.23670196533203,111.0,0.0
446,0.0,1892.0,10.205141067504885,36.99,62.55326461791992,1276.0,0.0,1367.0,0.0002485758741386,100.0,55.23670196533203,111.0,0.0
447,0.0,1892.0,10.205141067504885,36.99,62.55326461791992,1276.0,0.0,1367.0,0.0002485758741386,100.0,55.23670196533203,111.0,0.0
448,0.0,1892.0,10.253732681274414,36.99,62.595096588134766,1430.0,0.0,1367.0,0.0005007441504858,100.0,55.321075439453125,111.0,0.0
449,0.0,1892.0,10.253732681274414,36.99,62.595096588134766,1430.0,0.0,1367.0,0.0005007441504858,100.0,55.321075439453125,111.0,0.0
450,0.0,1892.0,10.253732681274414,36.99,62.595096588134766,1430.0,0.0,1367.0,0.0005007441504858,100.0,55.321075439453125,111.0,0.0
451,0.0,1892.0,10.253732681274414,36.99,62.595096588134766,1430.0,0.0,1367.0,0.0005007441504858,100.0,55.321075439453125,111.0,0.0
452,0.0,1892.0,10.253732681274414,36.99,62.595096588134766,1430.0,0.0,1367.0,0.0005007441504858,100.0,55.321075439453125,111.0,0.0
453,0.0,1892.0,10.438371658325195,36.99,64.57919311523438,1251.0,0.0,1367.0,0.001464313827455,100.0,55.21638870239258,222.0,0.0
454,0.0,1892.0,10.438371658325195,36.99,64.57919311523438,1251.0,0.0,1367.0,0.001464313827455,100.0,55.21638870239258,222.0,0.0
455,0.0,1892.0,10.438371658325195,36.99,64.57919311523438,1251.0,0.0,1367.0,0.001464313827455,100.0,55.21638870239258,222.0,0.0
456,0.0,1892.0,10.438371658325195,36.99,64.57919311523438,1251.0,0.0,1367.0,0.001464313827455,100.0,55.21638870239258,222.0,0.0
457,0.0,1892.0,10.438371658325195,36.99,64.57919311523438,1251.0,0.0,1367.0,0.001464313827455,100.0,55.21638870239258,222.0,0.0
458,0.0,1892.0,10.334009170532228,36.99,62.39909362792969,1179.0,0.0,1367.0,0.0002323706285096,100.0,55.15544891357422,111.0,0.0
459,0.0,1892.0,10.334009170532228,36.99,62.39909362792969,1179.0,0.0,1367.0,0.0002323706285096,100.0,55.15544891357422,111.0,0.0
460,0.0,1892.0,10.334009170532228,36.99,62.39909362792969,1179.0,0.0,1367.0,0.0002323706285096,100.0,55.15544891357422,111.0,0.0
461,0.0,1892.0,10.334009170532228,36.99,62.39909362792969,1179.0,0.0,1367.0,0.0002323706285096,100.0,55.15544891357422,111.0,0.0
462,0.0,1892.0,10.334009170532228,36.99,62.39909362792969,1179.0,0.0,1367.0,0.0002323706285096,100.0,55.15544891357422,111.0,0.0
463,0.0,1892.0,10.3521728515625,36.99,62.39117813110352,1099.0,0.0,1367.0,0.0002329922135686,100.0,55.196075439453125,111.0,0.0
464,0.0,1892.0,10.3521728515625,36.99,62.39117813110352,1099.0,0.0,1367.0,0.0002329922135686,100.0,55.196075439453125,111.0,0.0
465,0.0,1892.0,10.3521728515625,36.99,62.39117813110352,1099.0,0.0,1367.0,0.0002329922135686,100.0,55.196075439453125,111.0,0.0
466,0.0,1892.0,10.3521728515625,36.99,62.39117813110352,1099.0,0.0,1367.0,0.0002329922135686,100.0,55.196075439453125,111.0,0.0
467,0.0,1892.0,10.3521728515625,36.99,62.39117813110352,1099.0,0.0,1367.0,0.0002329922135686,100.0,55.196075439453125,111.0,0.0
468,0.0,1892.0,10.31277561187744,36.99,62.3053092956543,989.0,0.0,1367.0,0.0004722606972791,100.0,55.071075439453125,222.0,0.0
469,0.0,1892.0,10.31277561187744,36.99,62.3053092956543,989.0,0.0,1367.0,0.0004722606972791,100.0,55.071075439453125,222.0,0.0
470,0.0,1892.0,10.31277561187744,36.99,62.3053092956543,989.0,0.0,1367.0,0.0004722606972791,100.0,55.071075439453125,222.0,0.0
471,0.0,1892.0,10.31277561187744,36.99,62.3053092956543,989.0,0.0,1367.0,0.0004722606972791,100.0,55.071075439453125,222.0,0.0
472,0.0,1892.0,10.31277561187744,36.99,62.3053092956543,989.0,0.0,1367.0,0.0004722606972791,100.0,55.071075439453125,222.0,0.0
473,0.0,1892.0,10.289017677307127,36.99,63.47665786743164,1257.0,0.0,1367.0,0.0009810564806684,100.0,55.031494140625,222.0,0.0
474,0.0,1892.0,10.289017677307127,36.99,63.47665786743164,1257.0,0.0,1367.0,0.0009810564806684,100.0,55.031494140625,222.0,0.0
475,0.0,1892.0,10.289017677307127,36.99,63.47665786743164,1257.0,0.0,1367.0,0.0009810564806684,100.0,55.031494140625,222.0,0.0
476,0.0,1892.0,10.289017677307127,36.99,63.47665786743164,1257.0,0.0,1367.0,0.0009810564806684,100.0,55.031494140625,222.0,0.0
477,0.0,1892.0,10.289017677307127,36.99,63.47665786743164,1257.0,0.0,1367.0,0.0009810564806684,100.0,55.031494140625,222.0,0.0
478,0.0,1892.0,10.820072174072266,36.99,63.37068939208984,1521.0,0.0,1367.0,0.0333341136574745,100.0,55.16690826416016,319.0,0.0
479,0.0,1892.0,10.820072174072266,36.99,63.37068939208984,1521.0,0.0,1367.0,0.0333341136574745,100.0,55.16690826416016,319.0,0.0
480,0.0,1892.0,10.820072174072266,36.99,63.37068939208984,1521.0,0.0,1367.0,0.0333341136574745,100.0,55.16690826416016,319.0,0.0
481,0.0,1892.0,10.820072174072266,36.99,63.37068939208984,1521.0,0.0,1367.0,0.0333341136574745,100.0,55.16690826416016,319.0,0.0
482,0.0,1892.0,10.820072174072266,36.99,63.37068939208984,1521.0,0.0,1367.0,0.0333341136574745,100.0,55.16690826416016,319.0,0.0
483,0.0,1892.0,10.342765808105469,36.99,64.13164520263672,1989.0,0.0,1367.0,7.479377381969243e-05,100.0,55.31815719604492,111.0,0.0
484,0.0,1892.0,10.342765808105469,36.99,64.13164520263672,1989.0,0.0,1367.0,7.479377381969243e-05,100.0,55.31815719604492,111.0,0.0
485,0.0,1892.0,10.342765808105469,36.99,64.13164520263672,1989.0,0.0,1367.0,7.479377381969243e-05,100.0,55.31815719604492,111.0,0.0
486,0.0,1892.0,10.342765808105469,36.99,64.13164520263672,1989.0,0.0,1367.0,7.479377381969243e-05,100.0,55.31815719604492,111.0,0.0
487,0.0,1892.0,10.342765808105469,36.99,64.13164520263672,1989.0,0.0,1367.0,7.479377381969243e-05,100.0,55.31815719604492,111.0,0.0
488,0.0,1892.0,10.408059120178224,36.99,62.9849967956543,2032.0,0.0,1367.0,0.0056124185211956,100.0,55.31795120239258,231.0,0.0
489,0.0,1892.0,10.408059120178224,36.99,62.9849967956543,2032.0,0.0,1367.0,0.0056124185211956,100.0,55.31795120239258,231.0,0.0
490,0.0,1892.0,10.408059120178224,36.99,62.9849967956543,2032.0,0.0,1367.0,0.0056124185211956,100.0,55.31795120239258,231.0,0.0
491,0.0,1892.0,10.408059120178224,36.99,62.9849967956543,2032.0,0.0,1367.0,0.0056124185211956,100.0,55.31795120239258,231.0,0.0
492,0.0,1892.0,10.408059120178224,36.99,62.9849967956543,2032.0,0.0,1367.0,0.0056124185211956,100.0,55.31795120239258,231.0,0.0
493,0.0,1892.0,10.323737144470217,36.99,63.51885986328125,1610.0,0.0,1367.0,0.005623472854495,100.0,55.23027420043945,444.0,0.0
494,0.0,1892.0,10.323737144470217,36.99,63.51885986328125,1610.0,0.0,1367.0,0.005623472854495,100.0,55.23027420043945,444.0,0.0
495,0.0,1892.0,10.323737144470217,36.99,63.51885986328125,1610.0,0.0,1367.0,0.005623472854495,100.0,55.23027420043945,444.0,0.0
496,0.0,1892.0,10.323737144470217,36.99,63.51885986328125,1610.0,0.0,1367.0,0.005623472854495,100.0,55.23027420043945,444.0,0.0
497,0.0,1892.0,10.323737144470217,36.99,63.51885986328125,1610.0,0.0,1367.0,0.005623472854495,100.0,55.23027420043945,444.0,0.0
498,0.0,1892.0,10.475492477416992,36.99,63.93567657470703,1364.0,0.0,1367.0,0.0007767072529532,100.0,55.204551696777344,222.0,0.0
499,0.0,1892.0,10.475492477416992,36.99,63.93567657470703,1364.0,0.0,1367.0,0.0007767072529532,100.0,55.204551696777344,222.0,0.0
500,0.0,1892.0,10.475492477416992,36.99,63.93567657470703,1364.0,0.0,1367.0,0.0007767072529532,100.0,55.204551696777344,222.0,0.0
501,0.0,1892.0,10.475492477416992,36.99,63.93567657470703,1364.0,0.0,1367.0,0.0007767072529532,100.0,55.204551696777344,222.0,0.0
502,0.0,1892.0,10.475492477416992,36.99,63.93567657470703,1364.0,0.0,1367.0,0.0007767072529532,100.0,55.204551696777344,222.0,0.0
503,0.0,1892.0,10.632384300231934,36.99,64.3520278930664,1574.0,0.0,1367.0,0.0008638832368887,100.0,55.13410186767578,111.0,0.0
504,0.0,1892.0,10.632384300231934,36.99,64.3520278930664,1574.0,0.0,1367.0,0.0008638832368887,100.0,55.13410186767578,111.0,0.0
505,0.0,1892.0,10.632384300231934,36.99,64.3520278930664,1574.0,0.0,1367.0,0.0008638832368887,100.0,55.13410186767578,111.0,0.0
506,0.0,1892.0,10.632384300231934,36.99,64.3520278930664,1574.0,0.0,1367.0,0.0008638832368887,100.0,55.13410186767578,111.0,0.0
507,0.0,1892.0,10.632384300231934,36.99,64.3520278930664,1574.0,0.0,1367.0,0.0008638832368887,100.0,55.13410186767578,111.0,0.0
508,0.0,1892.0,10.360901832580566,36.99,62.26008224487305,1329.0,0.0,1367.0,0.0001152091426774,100.0,55.11170196533203,111.0,0.0
509,0.0,1892.0,10.360901832580566,36.99,62.26008224487305,1329.0,0.0,1367.0,0.0001152091426774,100.0,55.11170196533203,111.0,0.0
510,0.0,1892.0,10.360901832580566,36.99,62.26008224487305,1329.0,0.0,1367.0,0.0001152091426774,100.0,55.11170196533203,111.0,0.0
511,0.0,1892.0,10.360901832580566,36.99,62.26008224487305,1329.0,0.0,1367.0,0.0001152091426774,100.0,55.11170196533203,111.0,0.0
512,0.0,1892.0,10.360901832580566,36.99,62.26008224487305,1329.0,0.0,1367.0,0.0001152091426774,100.0,55.11170196533203,111.0,0.0
513,0.0,1892.0,10.791725158691406,36.99,64.08924102783203,1337.0,0.0,1367.0,0.1044010818004608,100.0,55.31426239013672,333.0,0.0
514,0.0,1892.0,10.791725158691406,36.99,64.08924102783203,1337.0,0.0,1367.0,0.1044010818004608,100.0,55.31426239013672,333.0,0.0
515,0.0,1892.0,10.791725158691406,36.99,64.08924102783203,1337.0,0.0,1367.0,0.1044010818004608,100.0,55.31426239013672,333.0,0.0
516,0.0,1892.0,10.791725158691406,36.99,64.08924102783203,1337.0,0.0,1367.0,0.1044010818004608,100.0,55.31426239013672,333.0,0.0
517,0.0,1892.0,10.791725158691406,36.99,64.08924102783203,1337.0,0.0,1367.0,0.1044010818004608,100.0,55.31426239013672,333.0,0.0
518,0.0,1892.0,11.171306610107422,36.99,64.82298278808594,1970.0,0.0,1367.0,0.0891333594918251,100.0,55.42876052856445,444.0,0.0
519,0.0,1892.0,11.171306610107422,36.99,64.82298278808594,1970.0,0.0,1367.0,0.0891333594918251,100.0,55.42876052856445,444.0,0.0
520,0.0,1892.0,11.171306610107422,36.99,64.82298278808594,1970.0,0.0,1367.0,0.0891333594918251,100.0,55.42876052856445,444.0,0.0
521,0.0,1892.0,11.171306610107422,36.99,64.82298278808594,1970.0,0.0,1367.0,0.0891333594918251,100.0,55.42876052856445,444.0,0.0
522,0.0,1892.0,11.171306610107422,36.99,64.82298278808594,1970.0,0.0,1367.0,0.0891333594918251,100.0,55.42876052856445,444.0,0.0
523,0.0,1892.0,11.19510269165039,36.99,64.82160949707031,1999.0,0.0,1367.0,0.0774582028388977,100.0,55.5317497253418,444.0,0.0
524,0.0,1892.0,11.19510269165039,36.99,64.82160949707031,1999.0,0.0,1367.0,0.0774582028388977,100.0,55.5317497253418,444.0,0.0
525,0.0,1892.0,11.19510269165039,36.99,64.82160949707031,1999.0,0.0,1367.0,0.0774582028388977,100.0,55.5317497253418,444.0,0.0
526,0.0,1892.0,11.19510269165039,36.99,64.82160949707031,1999.0,0.0,1367.0,0.0774582028388977,100.0,55.5317497253418,444.0,0.0
527,0.0,1892.0,11.19510269165039,36.99,64.82160949707031,1999.0,0.0,1367.0,0.0774582028388977,100.0,55.5317497253418,444.0,0.0
528,0.0,1892.0,11.02745532989502,36.99,64.32686614990234,1930.0,0.0,1367.0,0.1243929862976074,100.0,55.6173210144043,444.0,0.0
529,0.0,1892.0,11.02745532989502,36.99,64.32686614990234,1930.0,0.0,1367.0,0.1243929862976074,100.0,55.6173210144043,444.0,0.0
530,0.0,1892.0,11.02745532989502,36.99,64.32686614990234,1930.0,0.0,1367.0,0.1243929862976074,100.0,55.6173210144043,444.0,0.0
531,0.0,1892.0,11.02745532989502,36.99,64.32686614990234,1930.0,0.0,1367.0,0.1243929862976074,100.0,55.6173210144043,444.0,0.0
532,0.0,1892.0,11.02745532989502,36.99,64.32686614990234,1930.0,0.0,1367.0,0.1243929862976074,100.0,55.6173210144043,444.0,0.0
533,0.0,1892.0,10.858428001403809,36.99,64.3353500366211,1800.0,0.0,1367.0,0.0871537029743194,100.0,55.58131790161133,472.0,0.0
534,0.0,1892.0,10.858428001403809,36.99,64.3353500366211,1800.0,0.0,1367.0,0.0871537029743194,100.0,55.58131790161133,472.0,0.0
535,0.0,1892.0,10.858428001403809,36.99,64.3353500366211,1800.0,0.0,1367.0,0.0871537029743194,100.0,55.58131790161133,472.0,0.0
536,0.0,1892.0,10.858428001403809,36.99,64.3353500366211,1800.0,0.0,1367.0,0.0871537029743194,100.0,55.58131790161133,472.0,0.0
537,0.0,1892.0,10.858428001403809,36.99,64.3353500366211,1800.0,0.0,1367.0,0.0871537029743194,100.0,55.58131790161133,472.0,0.0
538,0.0,1892.0,10.364195823669434,36.99,64.98104858398438,2003.0,0.0,1367.0,0.0105832358822226,100.0,55.59383010864258,111.0,0.0
539,0.0,1892.0,10.364195823669434,36.99,64.98104858398438,2003.0,0.0,1367.0,0.0105832358822226,100.0,55.59383010864258,111.0,0.0
540,0.0,1892.0,10.364195823669434,36.99,64.98104858398438,2003.0,0.0,1367.0,0.0105832358822226,100.0,55.59383010864258,111.0,0.0
541,0.0,1892.0,10.364195823669434,36.99,64.98104858398438,2003.0,0.0,1367.0,0.0105832358822226,100.0,55.59383010864258,111.0,0.0
542,0.0,1892.0,10.364195823669434,36.99,64.98104858398438,2003.0,0.0,1367.0,0.0105832358822226,100.0,55.59383010864258,111.0,0.0
543,0.0,1892.0,10.362176895141602,36.99,62.47123336791992,1760.0,0.0,1367.0,0.0012820742558687,100.0,55.15544891357422,222.0,0.0
544,0.0,1892.0,10.362176895141602,36.99,62.47123336791992,1760.0,0.0,1367.0,0.0012820742558687,100.0,55.15544891357422,222.0,0.0
545,0.0,1892.0,10.362176895141602,36.99,62.47123336791992,1760.0,0.0,1367.0,0.0012820742558687,100.0,55.15544891357422,222.0,0.0
546,0.0,1892.0,10.362176895141602,36.99,62.47123336791992,1760.0,0.0,1367.0,0.0012820742558687,100.0,55.15544891357422,222.0,0.0
547,0.0,1892.0,10.362176895141602,36.99,62.47123336791992,1760.0,0.0,1367.0,0.0012820742558687,100.0,55.15544891357422,222.0,0.0
548,0.0,1892.0,11.157854080200195,36.99,64.29219055175781,1901.0,0.0,1367.0,0.1571456342935562,100.0,55.50593185424805,532.0,0.0
549,0.0,1892.0,11.157854080200195,36.99,64.29219055175781,1901.0,0.0,1367.0,0.1571456342935562,100.0,55.50593185424805,532.0,0.0
550,0.0,1892.0,11.157854080200195,36.99,64.29219055175781,1901.0,0.0,1367.0,0.1571456342935562,100.0,55.50593185424805,532.0,0.0
551,0.0,1892.0,11.157854080200195,36.99,64.29219055175781,1901.0,0.0,1367.0,0.1571456342935562,100.0,55.50593185424805,532.0,0.0
552,0.0,1892.0,11.157854080200195,36.99,64.29219055175781,1901.0,0.0,1367.0,0.1571456342935562,100.0,55.50593185424805,532.0,0.0
553,0.0,1892.0,11.055885314941406,36.99,64.53598022460938,1898.0,0.0,1367.0,0.0887332707643508,100.0,55.4755973815918,444.0,0.0
554,0.0,1892.0,11.055885314941406,36.99,64.53598022460938,1898.0,0.0,1367.0,0.0887332707643508,100.0,55.4755973815918,444.0,0.0
555,0.0,1892.0,11.055885314941406,36.99,64.53598022460938,1898.0,0.0,1367.0,0.0887332707643508,100.0,55.4755973815918,444.0,0.0
556,0.0,1892.0,11.055885314941406,36.99,64.53598022460938,1898.0,0.0,1367.0,0.0887332707643508,100.0,55.4755973815918,444.0,0.0
557,0.0,1892.0,11.055885314941406,36.99,64.53598022460938,1898.0,0.0,1367.0,0.0887332707643508,100.0,55.4755973815918,444.0,0.0
558,0.0,1892.0,11.013104438781738,36.99,65.00733947753906,1883.0,0.0,1367.0,0.0639410689473152,100.0,55.5372314453125,444.0,0.0
559,0.0,1892.0,11.013104438781738,36.99,65.00733947753906,1883.0,0.0,1367.0,0.0639410689473152,100.0,55.5372314453125,444.0,0.0
560,0.0,1892.0,11.013104438781738,36.99,65.00733947753906,1883.0,0.0,1367.0,0.0639410689473152,100.0,55.5372314453125,444.0,0.0
561,0.0,1892.0,11.013104438781738,36.99,65.00733947753906,1883.0,0.0,1367.0,0.0639410689473152,100.0,55.5372314453125,444.0,0.0
562,0.0,1892.0,11.013104438781738,36.99,65.00733947753906,1883.0,0.0,1367.0,0.0639410689473152,100.0,55.5372314453125,444.0,0.0
563,0.0,1892.0,10.58259391784668,36.99,64.84938049316406,1710.0,0.0,1367.0,0.0470683053135871,100.0,55.6214714050293,333.0,0.0
564,0.0,1892.0,10.58259391784668,36.99,64.84938049316406,1710.0,0.0,1367.0,0.0470683053135871,100.0,55.6214714050293,333.0,0.0
565,0.0,1892.0,10.58259391784668,36.99,64.84938049316406,1710.0,0.0,1367.0,0.0470683053135871,100.0,55.6214714050293,333.0,0.0
566,0.0,1892.0,10.58259391784668,36.99,64.84938049316406,1710.0,0.0,1367.0,0.0470683053135871,100.0,55.6214714050293,333.0,0.0
567,0.0,1892.0,10.58259391784668,36.99,64.84938049316406,1710.0,0.0,1367.0,0.0470683053135871,100.0,55.6214714050293,333.0,0.0
568,0.0,1892.0,10.119574546813965,36.99,63.2253303527832,1906.0,0.0,1367.0,0.000762308074627,100.0,55.553367614746094,222.0,0.0
569,0.0,1892.0,10.119574546813965,36.99,63.2253303527832,1906.0,0.0,1367.0,0.000762308074627,100.0,55.553367614746094,222.0,0.0
570,0.0,1892.0,10.119574546813965,36.99,63.2253303527832,1906.0,0.0,1367.0,0.000762308074627,100.0,55.553367614746094,222.0,0.0
571,0.0,1892.0,10.119574546813965,36.99,63.2253303527832,1906.0,0.0,1367.0,0.000762308074627,100.0,55.553367614746094,222.0,0.0
572,0.0,1892.0,10.119574546813965,36.99,63.2253303527832,1906.0,0.0,1367.0,0.000762308074627,100.0,55.553367614746094,222.0,0.0
573,0.0,1892.0,10.294522285461426,36.99,62.640419006347656,1551.0,0.0,1367.0,0.0016097170300781,100.0,55.30857467651367,222.0,0.0
574,0.0,1892.0,10.294522285461426,36.99,62.640419006347656,1551.0,0.0,1367.0,0.0016097170300781,100.0,55.30857467651367,222.0,0.0
575,0.0,1892.0,10.294522285461426,36.99,62.640419006347656,1551.0,0.0,1367.0,0.0016097170300781,100.0,55.30857467651367,222.0,0.0
576,0.0,1892.0,10.294522285461426,36.99,62.640419006347656,1551.0,0.0,1367.0,0.0016097170300781,100.0,55.30857467651367,222.0,0.0
577,0.0,1892.0,10.294522285461426,36.99,62.640419006347656,1551.0,0.0,1367.0,0.0016097170300781,100.0,55.30857467651367,222.0,0.0
578,0.0,1892.0,12.524203300476074,36.99,63.08512496948242,1830.0,0.0,1367.0,0.073585458099842,100.0,55.321075439453125,222.0,0.0
579,0.0,1892.0,12.524203300476074,36.99,63.08512496948242,1830.0,0.0,1367.0,0.073585458099842,100.0,55.321075439453125,222.0,0.0
580,0.0,1892.0,12.524203300476074,36.99,63.08512496948242,1830.0,0.0,1367.0,0.073585458099842,100.0,55.321075439453125,222.0,0.0
581,0.0,1892.0,12.524203300476074,36.99,63.08512496948242,1830.0,0.0,1367.0,0.073585458099842,100.0,55.321075439453125,222.0,0.0
582,0.0,1892.0,12.524203300476074,36.99,63.08512496948242,1830.0,0.0,1367.0,0.073585458099842,100.0,55.321075439453125,222.0,0.0
583,0.0,1892.0,11.49458122253418,36.99,66.34784698486328,2007.0,0.0,1367.0,0.0537567324936389,100.0,55.85590362548828,508.0,0.0
584,0.0,1892.0,11.49458122253418,36.99,66.34784698486328,2007.0,0.0,1367.0,0.0537567324936389,100.0,55.85590362548828,508.0,0.0
585,0.0,1892.0,11.49458122253418,36.99,66.34784698486328,2007.0,0.0,1367.0,0.0537567324936389,100.0,55.85590362548828,508.0,0.0
586,0.0,1892.0,11.49458122253418,36.99,66.34784698486328,2007.0,0.0,1367.0,0.0537567324936389,100.0,55.85590362548828,508.0,0.0
587,0.0,1892.0,11.49458122253418,36.99,66.34784698486328,2007.0,0.0,1367.0,0.0537567324936389,100.0,55.85590362548828,508.0,0.0
588,0.0,1892.0,11.056224822998049,36.99,64.71353912353516,1739.0,0.0,1367.0,0.0281127877533435,100.0,55.694801330566406,471.0,0.0
589,0.0,1892.0,11.056224822998049,36.99,64.71353912353516,1739.0,0.0,1367.0,0.0281127877533435,100.0,55.694801330566406,471.0,0.0
590,0.0,1892.0,11.056224822998049,36.99,64.71353912353516,1739.0,0.0,1367.0,0.0281127877533435,100.0,55.694801330566406,471.0,0.0
591,0.0,1892.0,11.056224822998049,36.99,64.71353912353516,1739.0,0.0,1367.0,0.0281127877533435,100.0,55.694801330566406,471.0,0.0
592,0.0,1892.0,11.056224822998049,36.99,64.71353912353516,1739.0,0.0,1367.0,0.0281127877533435,100.0,55.694801330566406,471.0,0.0
593,0.0,1892.0,11.09556770324707,36.99,64.55559539794922,1770.0,0.0,1367.0,0.048428326845169,100.0,55.657196044921875,477.0,0.0
594,0.0,1892.0,11.09556770324707,36.99,64.55559539794922,1770.0,0.0,1367.0,0.048428326845169,100.0,55.657196044921875,477.0,0.0
595,0.0,1892.0,11.09556770324707,36.99,64.55559539794922,1770.0,0.0,1367.0,0.048428326845169,100.0,55.657196044921875,477.0,0.0
596,0.0,1892.0,11.09556770324707,36.99,64.55559539794922,1770.0,0.0,1367.0,0.048428326845169,100.0,55.657196044921875,477.0,0.0
597,0.0,1892.0,11.09556770324707,36.99,64.55559539794922,1770.0,0.0,1367.0,0.048428326845169,100.0,55.657196044921875,477.0,0.0
598,0.0,1892.0,10.391504287719728,36.99,64.32372283935547,1755.0,0.0,1367.0,0.0059021557681262,100.0,55.7321891784668,444.0,0.0
599,0.0,1892.0,10.391504287719728,36.99,64.32372283935547,1755.0,0.0,1367.0,0.0059021557681262,100.0,55.7321891784668,444.0,0.0
600,0.0,1892.0,10.391504287719728,36.99,64.32372283935547,1755.0,0.0,1367.0,0.0059021557681262,100.0,55.7321891784668,444.0,0.0
601,0.0,1892.0,10.391504287719728,36.99,64.32372283935547,1755.0,0.0,1367.0,0.0059021557681262,100.0,55.7321891784668,444.0,0.0
602,0.0,1892.0,10.213630676269531,36.99,64.03365325927734,1591.0,0.0,1367.0,0.0113925775513052,100.0,55.49629592895508,480.0,0.0
603,0.0,1892.0,10.213630676269531,36.99,64.03365325927734,1591.0,0.0,1367.0,0.0113925775513052,100.0,55.49629592895508,480.0,0.0
604,0.0,1892.0,10.213630676269531,36.99,64.03365325927734,1591.0,0.0,1367.0,0.0113925775513052,100.0,55.49629592895508,480.0,0.0
605,0.0,1892.0,10.213630676269531,36.99,64.03365325927734,1591.0,0.0,1367.0,0.0113925775513052,100.0,55.49629592895508,480.0,0.0
606,0.0,1892.0,10.213630676269531,36.99,64.03365325927734,1591.0,0.0,1367.0,0.0113925775513052,100.0,55.49629592895508,480.0,0.0
607,0.0,1892.0,10.213630676269531,36.99,64.03365325927734,1591.0,0.0,1367.0,0.0113925775513052,100.0,55.49629592895508,480.0,0.0
608,0.0,1892.0,11.714101791381836,36.99,63.52335739135742,1979.0,0.0,1367.0,0.0616650730371475,100.0,55.470481872558594,444.0,0.0
609,0.0,1892.0,11.714101791381836,36.99,63.52335739135742,1979.0,0.0,1367.0,0.0616650730371475,100.0,55.470481872558594,444.0,0.0
610,0.0,1892.0,11.714101791381836,36.99,63.52335739135742,1979.0,0.0,1367.0,0.0616650730371475,100.0,55.470481872558594,444.0,0.0
611,0.0,1892.0,11.714101791381836,36.99,63.52335739135742,1979.0,0.0,1367.0,0.0616650730371475,100.0,55.470481872558594,444.0,0.0
612,0.0,1892.0,12.207903861999512,36.99,65.37265014648438,1880.0,0.0,1367.0,0.1526404470205307,100.0,55.7332763671875,477.0,0.0
613,0.0,1892.0,12.207903861999512,36.99,65.37265014648438,1880.0,0.0,1367.0,0.1526404470205307,100.0,55.7332763671875,477.0,0.0
614,0.0,1892.0,12.207903861999512,36.99,65.37265014648438,1880.0,0.0,1367.0,0.1526404470205307,100.0,55.7332763671875,477.0,0.0
615,0.0,1892.0,12.207903861999512,36.99,65.37265014648438,1880.0,0.0,1367.0,0.1526404470205307,100.0,55.7332763671875,477.0,0.0
616,0.0,1892.0,12.207903861999512,36.99,65.37265014648438,1880.0,0.0,1367.0,0.1526404470205307,100.0,55.7332763671875,477.0,0.0
617,0.0,1892.0,12.207903861999512,36.99,65.37265014648438,1880.0,0.0,1367.0,0.1526404470205307,100.0,55.7332763671875,477.0,0.0
618,0.0,1892.0,10.75267505645752,36.99,65.75660705566406,1780.0,0.0,1367.0,0.0751043707132339,100.0,56.00886154174805,444.0,0.0
619,0.0,1892.0,10.75267505645752,36.99,65.75660705566406,1780.0,0.0,1367.0,0.0751043707132339,100.0,56.00886154174805,444.0,0.0
620,0.0,1892.0,10.75267505645752,36.99,65.75660705566406,1780.0,0.0,1367.0,0.0751043707132339,100.0,56.00886154174805,444.0,0.0
621,0.0,1892.0,10.75267505645752,36.99,65.75660705566406,1780.0,0.0,1367.0,0.0751043707132339,100.0,56.00886154174805,444.0,0.0
622,0.0,1892.0,10.75267505645752,36.99,65.75660705566406,1780.0,0.0,1367.0,0.0751043707132339,100.0,56.00886154174805,444.0,0.0
623,0.0,1892.0,11.437588691711426,36.99,65.23072052001953,1707.0,0.0,1367.0,0.0974265038967132,100.0,55.79658889770508,368.0,0.0
624,0.0,1892.0,11.437588691711426,36.99,65.23072052001953,1707.0,0.0,1367.0,0.0974265038967132,100.0,55.79658889770508,368.0,0.0
625,0.0,1892.0,11.437588691711426,36.99,65.23072052001953,1707.0,0.0,1367.0,0.0974265038967132,100.0,55.79658889770508,368.0,0.0
626,0.0,1892.0,11.437588691711426,36.99,65.23072052001953,1707.0,0.0,1367.0,0.0974265038967132,100.0,55.79658889770508,368.0,0.0
627,0.0,1892.0,11.437588691711426,36.99,65.23072052001953,1707.0,0.0,1367.0,0.0974265038967132,100.0,55.79658889770508,368.0,0.0
628,0.0,1892.0,11.21466827392578,36.99,64.80718231201172,2070.0,0.0,1367.0,0.1103121638298034,100.0,55.88973236083984,548.0,0.0
629,0.0,1892.0,11.21466827392578,36.99,64.80718231201172,2070.0,0.0,1367.0,0.1103121638298034,100.0,55.88973236083984,548.0,0.0
630,0.0,1892.0,11.21466827392578,36.99,64.80718231201172,2070.0,0.0,1367.0,0.1103121638298034,100.0,55.88973236083984,548.0,0.0
631,0.0,1892.0,11.21466827392578,36.99,64.80718231201172,2070.0,0.0,1367.0,0.1103121638298034,100.0,55.88973236083984,548.0,0.0
632,0.0,1892.0,11.21466827392578,36.99,64.80718231201172,2070.0,0.0,1367.0,0.1103121638298034,100.0,55.88973236083984,548.0,0.0
633,0.0,1892.0,10.905778884887695,36.99,64.63074493408203,1832.0,0.0,1367.0,0.0705301165580749,100.0,55.901702880859375,444.0,0.0
634,0.0,1892.0,10.905778884887695,36.99,64.63074493408203,1832.0,0.0,1367.0,0.0705301165580749,100.0,55.901702880859375,444.0,0.0
635,0.0,1892.0,10.905778884887695,36.99,64.63074493408203,1832.0,0.0,1367.0,0.0705301165580749,100.0,55.901702880859375,444.0,0.0
636,0.0,1892.0,10.905778884887695,36.99,64.63074493408203,1832.0,0.0,1367.0,0.0705301165580749,100.0,55.901702880859375,444.0,0.0
637,0.0,1892.0,10.905778884887695,36.99,64.63074493408203,1832.0,0.0,1367.0,0.0705301165580749,100.0,55.901702880859375,444.0,0.0
638,0.0,1892.0,10.710821151733398,36.99,65.61001586914062,1668.0,0.0,1367.0,0.0646531358361244,100.0,55.926513671875,444.0,0.0
639,0.0,1892.0,10.710821151733398,36.99,65.61001586914062,1668.0,0.0,1367.0,0.0646531358361244,100.0,55.926513671875,444.0,0.0
640,0.0,1892.0,10.710821151733398,36.99,65.61001586914062,1668.0,0.0,1367.0,0.0646531358361244,100.0,55.926513671875,444.0,0.0
641,0.0,1892.0,10.710821151733398,36.99,65.61001586914062,1668.0,0.0,1367.0,0.0646531358361244,100.0,55.926513671875,444.0,0.0
642,0.0,1892.0,10.710821151733398,36.99,65.61001586914062,1668.0,0.0,1367.0,0.0646531358361244,100.0,55.926513671875,444.0,0.0
643,0.0,1892.0,10.30608367919922,36.99,63.278785705566406,2054.0,0.0,1367.0,0.0077115450985729,100.0,55.763572692871094,333.0,0.0
644,0.0,1892.0,10.30608367919922,36.99,63.278785705566406,2054.0,0.0,1367.0,0.0077115450985729,100.0,55.763572692871094,333.0,0.0
645,0.0,1892.0,10.30608367919922,36.99,63.278785705566406,2054.0,0.0,1367.0,0.0077115450985729,100.0,55.763572692871094,333.0,0.0
646,0.0,1892.0,10.30608367919922,36.99,63.278785705566406,2054.0,0.0,1367.0,0.0077115450985729,100.0,55.763572692871094,333.0,0.0
647,0.0,1892.0,10.30608367919922,36.99,63.278785705566406,2054.0,0.0,1367.0,0.0077115450985729,100.0,55.763572692871094,333.0,0.0
648,0.0,1892.0,10.212936401367188,36.99,62.73883438110352,1463.0,0.0,1367.0,0.0004839212051592,100.0,55.70857620239258,111.0,0.0
649,0.0,1892.0,10.212936401367188,36.99,62.73883438110352,1463.0,0.0,1367.0,0.0004839212051592,100.0,55.70857620239258,111.0,0.0
650,0.0,1892.0,10.212936401367188,36.99,62.73883438110352,1463.0,0.0,1367.0,0.0004839212051592,100.0,55.70857620239258,111.0,0.0
651,0.0,1892.0,10.212936401367188,36.99,62.73883438110352,1463.0,0.0,1367.0,0.0004839212051592,100.0,55.70857620239258,111.0,0.0
652,0.0,1892.0,10.212936401367188,36.99,62.73883438110352,1463.0,0.0,1367.0,0.0004839212051592,100.0,55.70857620239258,111.0,0.0
653,0.0,1892.0,10.09902572631836,36.99,62.87894058227539,1144.0,0.0,1367.0,0.0002522752038203,100.0,55.60544967651367,111.0,0.0
654,0.0,1892.0,10.09902572631836,36.99,62.87894058227539,1144.0,0.0,1367.0,0.0002522752038203,100.0,55.60544967651367,111.0,0.0
655,0.0,1892.0,10.09902572631836,36.99,62.87894058227539,1144.0,0.0,1367.0,0.0002522752038203,100.0,55.60544967651367,111.0,0.0
656,0.0,1892.0,10.09902572631836,36.99,62.87894058227539,1144.0,0.0,1367.0,0.0002522752038203,100.0,55.60544967651367,111.0,0.0
657,0.0,1892.0,10.09902572631836,36.99,62.87894058227539,1144.0,0.0,1367.0,0.0002522752038203,100.0,55.60544967651367,111.0,0.0
658,0.0,1892.0,10.160895347595217,36.99,62.18646240234375,956.0,0.0,1367.0,0.0003667237469926,100.0,55.48357391357422,111.0,0.0
659,0.0,1892.0,10.160895347595217,36.99,62.18646240234375,956.0,0.0,1367.0,0.0003667237469926,100.0,55.48357391357422,111.0,0.0
660,0.0,1892.0,10.160895347595217,36.99,62.18646240234375,956.0,0.0,1367.0,0.0003667237469926,100.0,55.48357391357422,111.0,0.0
661,0.0,1892.0,10.160895347595217,36.99,62.18646240234375,956.0,0.0,1367.0,0.0003667237469926,100.0,55.48357391357422,111.0,0.0
662,0.0,1892.0,10.160895347595217,36.99,62.18646240234375,956.0,0.0,1367.0,0.0003667237469926,100.0,55.48357391357422,111.0,0.0
663,0.0,1892.0,10.277826309204102,36.99,64.57950592041016,1000.0,0.0,1367.0,0.0005245496286079,100.0,55.525238037109375,333.0,0.0
664,0.0,1892.0,10.277826309204102,36.99,64.57950592041016,1000.0,0.0,1367.0,0.0005245496286079,100.0,55.525238037109375,333.0,0.0
665,0.0,1892.0,10.277826309204102,36.99,64.57950592041016,1000.0,0.0,1367.0,0.0005245496286079,100.0,55.525238037109375,333.0,0.0
666,0.0,1892.0,10.277826309204102,36.99,64.57950592041016,1000.0,0.0,1367.0,0.0005245496286079,100.0,55.525238037109375,333.0,0.0
667,0.0,1892.0,10.277826309204102,36.99,64.57950592041016,1000.0,0.0,1367.0,0.0005245496286079,100.0,55.525238037109375,333.0,0.0
668,0.0,1892.0,10.43813419342041,36.99,62.563716888427734,1058.0,0.0,1367.0,0.000473747117212,100.0,55.44295120239258,222.0,0.0
669,0.0,1892.0,10.43813419342041,36.99,62.563716888427734,1058.0,0.0,1367.0,0.000473747117212,100.0,55.44295120239258,222.0,0.0
670,0.0,1892.0,10.43813419342041,36.99,62.563716888427734,1058.0,0.0,1367.0,0.000473747117212,100.0,55.44295120239258,222.0,0.0
671,0.0,1892.0,10.43813419342041,36.99,62.563716888427734,1058.0,0.0,1367.0,0.000473747117212,100.0,55.44295120239258,222.0,0.0
672,0.0,1892.0,10.43813419342041,36.99,62.563716888427734,1058.0,0.0,1367.0,0.000473747117212,100.0,55.44295120239258,222.0,0.0
673,0.0,1892.0,10.37520694732666,36.99,63.44841384887695,1264.0,0.0,1367.0,0.0005327909020707,100.0,55.443992614746094,111.0,0.0
674,0.0,1892.0,10.37520694732666,36.99,63.44841384887695,1264.0,0.0,1367.0,0.0005327909020707,100.0,55.443992614746094,111.0,0.0
675,0.0,1892.0,10.37520694732666,36.99,63.44841384887695,1264.0,0.0,1367.0,0.0005327909020707,100.0,55.443992614746094,111.0,0.0
676,0.0,1892.0,10.37520694732666,36.99,63.44841384887695,1264.0,0.0,1367.0,0.0005327909020707,100.0,55.443992614746094,111.0,0.0
677,0.0,1892.0,10.37520694732666,36.99,63.44841384887695,1264.0,0.0,1367.0,0.0005327909020707,100.0,55.443992614746094,111.0,0.0
678,0.0,1892.0,10.542877197265623,36.99,62.73922348022461,1701.0,0.0,1367.0,0.0002372957242187,100.0,55.23670196533203,111.0,0.0
679,0.0,1892.0,10.542877197265623,36.99,62.73922348022461,1701.0,0.0,1367.0,0.0002372957242187,100.0,55.23670196533203,111.0,0.0
680,0.0,1892.0,10.542877197265623,36.99,62.73922348022461,1701.0,0.0,1367.0,0.0002372957242187,100.0,55.23670196533203,111.0,0.0
681,0.0,1892.0,10.542877197265623,36.99,62.73922348022461,1701.0,0.0,1367.0,0.0002372957242187,100.0,55.23670196533203,111.0,0.0
682,0.0,1892.0,10.542877197265623,36.99,62.73922348022461,1701.0,0.0,1367.0,0.0002372957242187,100.0,55.23670196533203,111.0,0.0
683,0.0,1892.0,10.361456871032717,36.99,64.6132583618164,1715.0,0.0,1367.0,0.0002389912551734,100.0,55.44295120239258,111.0,0.0
684,0.0,1892.0,10.361456871032717,36.99,64.6132583618164,1715.0,0.0,1367.0,0.0002389912551734,100.0,55.44295120239258,111.0,0.0
685,0.0,1892.0,10.361456871032717,36.99,64.6132583618164,1715.0,0.0,1367.0,0.0002389912551734,100.0,55.44295120239258,111.0,0.0
686,0.0,1892.0,10.361456871032717,36.99,64.6132583618164,1715.0,0.0,1367.0,0.0002389912551734,100.0,55.44295120239258,111.0,0.0
687,0.0,1892.0,10.361456871032717,36.99,64.6132583618164,1715.0,0.0,1367.0,0.0002389912551734,100.0,55.44295120239258,111.0,0.0
688,0.0,1892.0,10.220195770263672,36.99,63.697608947753906,1499.0,0.0,1367.0,0.000645610736683,100.0,55.44295120239258,222.0,0.0
689,0.0,1892.0,10.220195770263672,36.99,63.697608947753906,1499.0,0.0,1367.0,0.000645610736683,100.0,55.44295120239258,222.0,0.0
690,0.0,1892.0,10.220195770263672,36.99,63.697608947753906,1499.0,0.0,1367.0,0.000645610736683,100.0,55.44295120239258,222.0,0.0
691,0.0,1892.0,10.220195770263672,36.99,63.697608947753906,1499.0,0.0,1367.0,0.000645610736683,100.0,55.44295120239258,222.0,0.0
692,0.0,1892.0,10.220195770263672,36.99,63.697608947753906,1499.0,0.0,1367.0,0.000645610736683,100.0,55.44295120239258,222.0,0.0
693,0.0,1892.0,10.155455589294434,36.99,62.45062255859375,1037.0,0.0,1367.0,0.0012400734703987,100.0,55.44295120239258,222.0,0.0
694,0.0,1892.0,10.155455589294434,36.99,62.45062255859375,1037.0,0.0,1367.0,0.0012400734703987,100.0,55.44295120239258,222.0,0.0
695,0.0,1892.0,10.155455589294434,36.99,62.45062255859375,1037.0,0.0,1367.0,0.0012400734703987,100.0,55.44295120239258,222.0,0.0
696,0.0,1892.0,10.155455589294434,36.99,62.45062255859375,1037.0,0.0,1367.0,0.0012400734703987,100.0,55.44295120239258,222.0,0.0
697,0.0,1892.0,10.155455589294434,36.99,62.45062255859375,1037.0,0.0,1367.0,0.0012400734703987,100.0,55.44295120239258,222.0,0.0
698,0.0,1892.0,10.23365592956543,36.99,63.23618698120117,1416.0,0.0,1367.0,0.0005736967432312,100.0,55.422637939453125,111.0,0.0
699,0.0,1892.0,10.23365592956543,36.99,63.23618698120117,1416.0,0.0,1367.0,0.0005736967432312,100.0,55.422637939453125,111.0,0.0
700,0.0,1892.0,10.23365592956543,36.99,63.23618698120117,1416.0,0.0,1367.0,0.0005736967432312,100.0,55.422637939453125,111.0,0.0
701,0.0,1892.0,10.23365592956543,36.99,63.23618698120117,1416.0,0.0,1367.0,0.0005736967432312,100.0,55.422637939453125,111.0,0.0
702,0.0,1892.0,10.23365592956543,36.99,63.23618698120117,1416.0,0.0,1367.0,0.0005736967432312,100.0,55.422637939453125,111.0,0.0
703,0.0,1892.0,10.222833633422852,36.99,62.45751190185547,1330.0,0.0,1367.0,0.0002381231461185,100.0,55.48357391357422,111.0,0.0
704,0.0,1892.0,10.222833633422852,36.99,62.45751190185547,1330.0,0.0,1367.0,0.0002381231461185,100.0,55.48357391357422,111.0,0.0
705,0.0,1892.0,10.222833633422852,36.99,62.45751190185547,1330.0,0.0,1367.0,0.0002381231461185,100.0,55.48357391357422,111.0,0.0
706,0.0,1892.0,10.222833633422852,36.99,62.45751190185547,1330.0,0.0,1367.0,0.0002381231461185,100.0,55.48357391357422,111.0,0.0
707,0.0,1892.0,10.51377773284912,36.99,64.3315200805664,1402.0,0.0,1367.0,0.0002386490668868,100.0,55.31795120239258,111.0,0.0
708,0.0,1892.0,10.51377773284912,36.99,64.3315200805664,1402.0,0.0,1367.0,0.0002386490668868,100.0,55.31795120239258,111.0,0.0
709,0.0,1892.0,10.51377773284912,36.99,64.3315200805664,1402.0,0.0,1367.0,0.0002386490668868,100.0,55.31795120239258,111.0,0.0
710,0.0,1892.0,10.51377773284912,36.99,64.3315200805664,1402.0,0.0,1367.0,0.0002386490668868,100.0,55.31795120239258,111.0,0.0
711,0.0,1892.0,10.51377773284912,36.99,64.3315200805664,1402.0,0.0,1367.0,0.0002386490668868,100.0,55.31795120239258,111.0,0.0
712,0.0,1892.0,10.51377773284912,36.99,64.3315200805664,1402.0,0.0,1367.0,0.0002386490668868,100.0,55.31795120239258,111.0,0.0
713,0.0,1892.0,10.428775787353516,36.99,63.313690185546875,1394.0,0.0,1367.0,0.0004452500143088,100.0,55.322120666503906,111.0,0.0
714,0.0,1892.0,10.428775787353516,36.99,63.313690185546875,1394.0,0.0,1367.0,0.0004452500143088,100.0,55.322120666503906,111.0,0.0
715,0.0,1892.0,10.428775787353516,36.99,63.313690185546875,1394.0,0.0,1367.0,0.0004452500143088,100.0,55.322120666503906,111.0,0.0
716,0.0,1892.0,10.428775787353516,36.99,63.313690185546875,1394.0,0.0,1367.0,0.0004452500143088,100.0,55.322120666503906,111.0,0.0
717,0.0,1892.0,10.514419555664062,36.99,62.87998580932617,1579.0,0.0,1367.0,0.0011485973373055,100.0,55.27732467651367,222.0,0.0
718,0.0,1892.0,10.514419555664062,36.99,62.87998580932617,1579.0,0.0,1367.0,0.0011485973373055,100.0,55.27732467651367,222.0,0.0
719,0.0,1892.0,10.514419555664062,36.99,62.87998580932617,1579.0,0.0,1367.0,0.0011485973373055,100.0,55.27732467651367,222.0,0.0
720,0.0,1892.0,10.514419555664062,36.99,62.87998580932617,1579.0,0.0,1367.0,0.0011485973373055,100.0,55.27732467651367,222.0,0.0
721,0.0,1892.0,10.514419555664062,36.99,62.87998580932617,1579.0,0.0,1367.0,0.0011485973373055,100.0,55.27732467651367,222.0,0.0
722,0.0,1892.0,10.514419555664062,36.99,62.87998580932617,1579.0,0.0,1367.0,0.0011485973373055,100.0,55.27732467651367,222.0,0.0
723,0.0,1892.0,10.864483833312988,36.99,63.59829330444336,1731.0,0.0,1367.0,0.1033043265342712,100.0,55.34998321533203,465.0,0.0
724,0.0,1892.0,10.864483833312988,36.99,63.59829330444336,1731.0,0.0,1367.0,0.1033043265342712,100.0,55.34998321533203,465.0,0.0
725,0.0,1892.0,10.864483833312988,36.99,63.59829330444336,1731.0,0.0,1367.0,0.1033043265342712,100.0,55.34998321533203,465.0,0.0
726,0.0,1892.0,10.864483833312988,36.99,63.59829330444336,1731.0,0.0,1367.0,0.1033043265342712,100.0,55.34998321533203,465.0,0.0
727,0.0,1892.0,11.241117477416992,36.99,64.60159301757812,1974.0,0.0,1367.0,0.1019878685474395,100.0,55.502952575683594,444.0,0.0
728,0.0,1892.0,11.241117477416992,36.99,64.60159301757812,1974.0,0.0,1367.0,0.1019878685474395,100.0,55.502952575683594,444.0,0.0
729,0.0,1892.0,11.241117477416992,36.99,64.60159301757812,1974.0,0.0,1367.0,0.1019878685474395,100.0,55.502952575683594,444.0,0.0
730,0.0,1892.0,11.241117477416992,36.99,64.60159301757812,1974.0,0.0,1367.0,0.1019878685474395,100.0,55.502952575683594,444.0,0.0
731,0.0,1892.0,11.241117477416992,36.99,64.60159301757812,1974.0,0.0,1367.0,0.1019878685474395,100.0,55.502952575683594,444.0,0.0
732,0.0,1892.0,10.896369934082031,36.99,64.69536590576172,2026.0,0.0,1367.0,0.1025373786687851,100.0,55.62714385986328,444.0,0.0
733,0.0,1892.0,10.896369934082031,36.99,64.69536590576172,2026.0,0.0,1367.0,0.1025373786687851,100.0,55.62714385986328,444.0,0.0
734,0.0,1892.0,10.896369934082031,36.99,64.69536590576172,2026.0,0.0,1367.0,0.1025373786687851,100.0,55.62714385986328,444.0,0.0
735,0.0,1892.0,10.896369934082031,36.99,64.69536590576172,2026.0,0.0,1367.0,0.1025373786687851,100.0,55.62714385986328,444.0,0.0
736,0.0,1892.0,10.896369934082031,36.99,64.69536590576172,2026.0,0.0,1367.0,0.1025373786687851,100.0,55.62714385986328,444.0,0.0
737,0.0,1892.0,10.896369934082031,36.99,64.69536590576172,2026.0,0.0,1367.0,0.1025373786687851,100.0,55.62714385986328,444.0,0.0
738,0.0,1892.0,11.97668743133545,36.99,64.34261322021484,1811.0,0.0,1367.0,0.0757744759321212,100.0,55.76799774169922,444.0,0.0
739,0.0,1892.0,11.97668743133545,36.99,64.34261322021484,1811.0,0.0,1367.0,0.0757744759321212,100.0,55.76799774169922,444.0,0.0
740,0.0,1892.0,11.97668743133545,36.99,64.34261322021484,1811.0,0.0,1367.0,0.0757744759321212,100.0,55.76799774169922,444.0,0.0
741,0.0,1892.0,11.97668743133545,36.99,64.34261322021484,1811.0,0.0,1367.0,0.0757744759321212,100.0,55.76799774169922,444.0,0.0
742,0.0,1892.0,11.42408561706543,36.99,65.92900848388672,1908.0,0.0,1367.0,0.0458429232239723,100.0,55.83549880981445,333.0,0.0
743,0.0,1892.0,11.42408561706543,36.99,65.92900848388672,1908.0,0.0,1367.0,0.0458429232239723,100.0,55.83549880981445,333.0,0.0
744,0.0,1892.0,11.42408561706543,36.99,65.92900848388672,1908.0,0.0,1367.0,0.0458429232239723,100.0,55.83549880981445,333.0,0.0
745,0.0,1892.0,11.42408561706543,36.99,65.92900848388672,1908.0,0.0,1367.0,0.0458429232239723,100.0,55.83549880981445,333.0,0.0
746,0.0,1892.0,11.42408561706543,36.99,65.92900848388672,1908.0,0.0,1367.0,0.0458429232239723,100.0,55.83549880981445,333.0,0.0
747,0.0,1892.0,10.514266967773438,36.99,63.585784912109375,1973.0,0.0,1367.0,0.000237366737565,100.0,55.56795120239258,111.0,0.0
748,0.0,1892.0,10.514266967773438,36.99,63.585784912109375,1973.0,0.0,1367.0,0.000237366737565,100.0,55.56795120239258,111.0,0.0
749,0.0,1892.0,10.514266967773438,36.99,63.585784912109375,1973.0,0.0,1367.0,0.000237366737565,100.0,55.56795120239258,111.0,0.0
750,0.0,1892.0,10.514266967773438,36.99,63.585784912109375,1973.0,0.0,1367.0,0.000237366737565,100.0,55.56795120239258,111.0,0.0
751,0.0,1892.0,10.514266967773438,36.99,63.585784912109375,1973.0,0.0,1367.0,0.000237366737565,100.0,55.56795120239258,111.0,0.0
752,0.0,1892.0,10.384529113769531,36.99,63.99835968017578,1566.0,0.0,1367.0,0.00024035894603,100.0,55.56482696533203,111.0,0.0
753,0.0,1892.0,10.384529113769531,36.99,63.99835968017578,1566.0,0.0,1367.0,0.00024035894603,100.0,55.56482696533203,111.0,0.0
754,0.0,1892.0,10.384529113769531,36.99,63.99835968017578,1566.0,0.0,1367.0,0.00024035894603,100.0,55.56482696533203,111.0,0.0
755,0.0,1892.0,10.384529113769531,36.99,63.99835968017578,1566.0,0.0,1367.0,0.00024035894603,100.0,55.56482696533203,111.0,0.0
756,0.0,1892.0,10.384529113769531,36.99,63.99835968017578,1566.0,0.0,1367.0,0.00024035894603,100.0,55.56482696533203,111.0,0.0
757,0.0,1892.0,10.404640197753906,36.99,62.89363098144531,1199.0,0.0,1367.0,0.0002389166766079,100.0,55.44295120239258,111.0,0.0
758,0.0,1892.0,10.404640197753906,36.99,62.89363098144531,1199.0,0.0,1367.0,0.0002389166766079,100.0,55.44295120239258,111.0,0.0
759,0.0,1892.0,10.404640197753906,36.99,62.89363098144531,1199.0,0.0,1367.0,0.0002389166766079,100.0,55.44295120239258,111.0,0.0
760,0.0,1892.0,10.404640197753906,36.99,62.89363098144531,1199.0,0.0,1367.0,0.0002389166766079,100.0,55.44295120239258,111.0,0.0
761,0.0,1892.0,10.404640197753906,36.99,62.89363098144531,1199.0,0.0,1367.0,0.0002389166766079,100.0,55.44295120239258,111.0,0.0
762,0.0,1892.0,10.573785781860352,36.99,62.8418083190918,1113.0,0.0,1367.0,0.0069240983575582,100.0,55.52576446533203,222.0,0.0
763,0.0,1892.0,10.573785781860352,36.99,62.8418083190918,1113.0,0.0,1367.0,0.0069240983575582,100.0,55.52576446533203,222.0,0.0
764,0.0,1892.0,10.573785781860352,36.99,62.8418083190918,1113.0,0.0,1367.0,0.0069240983575582,100.0,55.52576446533203,222.0,0.0
765,0.0,1892.0,10.573785781860352,36.99,62.8418083190918,1113.0,0.0,1367.0,0.0069240983575582,100.0,55.52576446533203,222.0,0.0
766,0.0,1892.0,10.573785781860352,36.99,62.8418083190918,1113.0,0.0,1367.0,0.0069240983575582,100.0,55.52576446533203,222.0,0.0
767,0.0,1892.0,10.78053855895996,36.99,65.2919692993164,1707.0,0.0,1367.0,0.0277155134826898,100.0,55.798004150390625,222.0,0.0
768,0.0,1892.0,10.78053855895996,36.99,65.2919692993164,1707.0,0.0,1367.0,0.0277155134826898,100.0,55.798004150390625,222.0,0.0
769,0.0,1892.0,10.78053855895996,36.99,65.2919692993164,1707.0,0.0,1367.0,0.0277155134826898,100.0,55.798004150390625,222.0,0.0
770,0.0,1892.0,10.78053855895996,36.99,65.2919692993164,1707.0,0.0,1367.0,0.0277155134826898,100.0,55.798004150390625,222.0,0.0
771,0.0,1892.0,10.78053855895996,36.99,65.2919692993164,1707.0,0.0,1367.0,0.0277155134826898,100.0,55.798004150390625,222.0,0.0
772,0.0,1892.0,10.78053855895996,36.99,65.2919692993164,1707.0,0.0,1367.0,0.0277155134826898,100.0,55.798004150390625,222.0,0.0
773,0.0,1892.0,10.271804809570312,36.99,63.53276443481445,2008.0,0.0,1367.0,0.0002533968945499,100.0,55.40232467651367,111.0,0.0
774,0.0,1892.0,10.271804809570312,36.99,63.53276443481445,2008.0,0.0,1367.0,0.0002533968945499,100.0,55.40232467651367,111.0,0.0
775,0.0,1892.0,10.271804809570312,36.99,63.53276443481445,2008.0,0.0,1367.0,0.0002533968945499,100.0,55.40232467651367,111.0,0.0
776,0.0,1892.0,10.271804809570312,36.99,63.53276443481445,2008.0,0.0,1367.0,0.0002533968945499,100.0,55.40232467651367,111.0,0.0
777,0.0,1892.0,10.271804809570312,36.99,63.53276443481445,2008.0,0.0,1367.0,0.0002533968945499,100.0,55.40232467651367,111.0,0.0
778,0.0,1892.0,10.46158504486084,36.99,64.16035461425781,1959.0,0.0,1367.0,0.0002526488387957,100.0,55.399200439453125,111.0,0.0
779,0.0,1892.0,10.46158504486084,36.99,64.16035461425781,1959.0,0.0,1367.0,0.0002526488387957,100.0,55.399200439453125,111.0,0.0
780,0.0,1892.0,10.46158504486084,36.99,64.16035461425781,1959.0,0.0,1367.0,0.0002526488387957,100.0,55.399200439453125,111.0,0.0
781,0.0,1892.0,10.46158504486084,36.99,64.16035461425781,1959.0,0.0,1367.0,0.0002526488387957,100.0,55.399200439453125,111.0,0.0
782,0.0,1892.0,10.087677001953123,36.99,63.36463165283203,1303.0,0.0,1367.0,0.0009607996325939,100.0,55.55701446533203,222.0,0.0
783,0.0,1892.0,10.087677001953123,36.99,63.36463165283203,1303.0,0.0,1367.0,0.0009607996325939,100.0,55.55701446533203,222.0,0.0
784,0.0,1892.0,10.087677001953123,36.99,63.36463165283203,1303.0,0.0,1367.0,0.0009607996325939,100.0,55.55701446533203,222.0,0.0
785,0.0,1892.0,10.087677001953123,36.99,63.36463165283203,1303.0,0.0,1367.0,0.0009607996325939,100.0,55.55701446533203,222.0,0.0
786,0.0,1892.0,10.087677001953123,36.99,63.36463165283203,1303.0,0.0,1367.0,0.0009607996325939,100.0,55.55701446533203,222.0,0.0
787,0.0,1892.0,10.7025728225708,36.99,64.8315658569336,1239.0,0.0,1367.0,0.0011112665524706,100.0,55.52732467651367,222.0,0.0
788,0.0,1892.0,10.7025728225708,36.99,64.8315658569336,1239.0,0.0,1367.0,0.0011112665524706,100.0,55.52732467651367,222.0,0.0
789,0.0,1892.0,10.7025728225708,36.99,64.8315658569336,1239.0,0.0,1367.0,0.0011112665524706,100.0,55.52732467651367,222.0,0.0
790,0.0,1892.0,10.7025728225708,36.99,64.8315658569336,1239.0,0.0,1367.0,0.0011112665524706,100.0,55.52732467651367,222.0,0.0
791,0.0,1892.0,10.7025728225708,36.99,64.8315658569336,1239.0,0.0,1367.0,0.0011112665524706,100.0,55.52732467651367,222.0,0.0
792,0.0,1892.0,10.34184455871582,36.99,64.66127014160156,1391.0,0.0,1367.0,0.000466973753646,100.0,55.55701446533203,111.0,0.0
793,0.0,1892.0,10.34184455871582,36.99,64.66127014160156,1391.0,0.0,1367.0,0.000466973753646,100.0,55.55701446533203,111.0,0.0
794,0.0,1892.0,10.34184455871582,36.99,64.66127014160156,1391.0,0.0,1367.0,0.000466973753646,100.0,55.55701446533203,111.0,0.0
795,0.0,1892.0,10.34184455871582,36.99,64.66127014160156,1391.0,0.0,1367.0,0.000466973753646,100.0,55.55701446533203,111.0,0.0
796,0.0,1892.0,10.34184455871582,36.99,64.66127014160156,1391.0,0.0,1367.0,0.000466973753646,100.0,55.55701446533203,111.0,0.0
797,0.0,1892.0,10.335936546325684,36.99,62.5695915222168,1248.0,0.0,1367.0,0.0001924999960465,100.0,55.36170196533203,111.0,0.0
798,0.0,1892.0,10.335936546325684,36.99,62.5695915222168,1248.0,0.0,1367.0,0.0001924999960465,100.0,55.36170196533203,111.0,0.0
799,0.0,1892.0,10.335936546325684,36.99,62.5695915222168,1248.0,0.0,1367.0,0.0001924999960465,100.0,55.36170196533203,111.0,0.0
800,0.0,1892.0,10.335936546325684,36.99,62.5695915222168,1248.0,0.0,1367.0,0.0001924999960465,100.0,55.36170196533203,111.0,0.0
801,0.0,1892.0,10.335936546325684,36.99,62.5695915222168,1248.0,0.0,1367.0,0.0001924999960465,100.0,55.36170196533203,111.0,0.0
802,0.0,1892.0,10.335936546325684,36.99,62.5695915222168,1248.0,0.0,1367.0,0.0001924999960465,100.0,55.36170196533203,111.0,0.0
803,0.0,1892.0,10.392613410949709,36.99,62.695064544677734,1416.0,0.0,1367.0,0.0003207431873306,100.0,55.31795120239258,111.0,0.0
804,0.0,1892.0,10.392613410949709,36.99,62.695064544677734,1416.0,0.0,1367.0,0.0003207431873306,100.0,55.31795120239258,111.0,0.0
805,0.0,1892.0,10.392613410949709,36.99,62.695064544677734,1416.0,0.0,1367.0,0.0003207431873306,100.0,55.31795120239258,111.0,0.0
806,0.0,1892.0,10.392613410949709,36.99,62.695064544677734,1416.0,0.0,1367.0,0.0003207431873306,100.0,55.31795120239258,111.0,0.0
807,0.0,1892.0,10.308122634887695,36.99,62.718231201171875,1200.0,0.0,1367.0,0.0007595097413286,100.0,55.35857391357422,111.0,0.0
808,0.0,1892.0,10.308122634887695,36.99,62.718231201171875,1200.0,0.0,1367.0,0.0007595097413286,100.0,55.35857391357422,111.0,0.0
809,0.0,1892.0,10.308122634887695,36.99,62.718231201171875,1200.0,0.0,1367.0,0.0007595097413286,100.0,55.35857391357422,111.0,0.0
810,0.0,1892.0,10.308122634887695,36.99,62.718231201171875,1200.0,0.0,1367.0,0.0007595097413286,100.0,55.35857391357422,111.0,0.0
811,0.0,1892.0,10.308122634887695,36.99,62.718231201171875,1200.0,0.0,1367.0,0.0007595097413286,100.0,55.35857391357422,111.0,0.0
812,0.0,1892.0,10.37098217010498,36.99,63.787330627441406,1756.0,0.0,1367.0,0.0008339537889696,100.0,5.8734002113342285,222.0,0.0
813,0.0,1892.0,10.37098217010498,36.99,63.787330627441406,1756.0,0.0,1367.0,0.0008339537889696,100.0,5.8734002113342285,222.0,0.0
814,0.0,1892.0,10.37098217010498,36.99,63.787330627441406,1756.0,0.0,1367.0,0.0008339537889696,100.0,5.8734002113342285,222.0,0.0
815,0.0,1892.0,10.37098217010498,36.99,63.787330627441406,1756.0,0.0,1367.0,0.0008339537889696,100.0,5.8734002113342285,222.0,0.0
816,0.0,1892.0,10.37098217010498,36.99,63.787330627441406,1756.0,0.0,1367.0,0.0008339537889696,100.0,5.8734002113342285,222.0,0.0
817,0.0,1892.0,10.208595275878906,36.99,63.88481140136719,1668.0,0.0,1367.0,0.0014419232029467,100.0,55.51326370239258,222.0,0.0
818,0.0,1892.0,10.208595275878906,36.99,63.88481140136719,1668.0,0.0,1367.0,0.0014419232029467,100.0,55.51326370239258,222.0,0.0
819,0.0,1892.0,10.208595275878906,36.99,63.88481140136719,1668.0,0.0,1367.0,0.0014419232029467,100.0,55.51326370239258,222.0,0.0
820,0.0,1892.0,10.208595275878906,36.99,63.88481140136719,1668.0,0.0,1367.0,0.0014419232029467,100.0,55.51326370239258,222.0,0.0
821,0.0,1892.0,10.208595275878906,36.99,63.88481140136719,1668.0,0.0,1367.0,0.0014419232029467,100.0,55.51326370239258,222.0,0.0
822,0.0,1892.0,10.18101692199707,36.99,63.10643768310547,1737.0,0.0,1367.0,0.0017870262963697,100.0,55.38983154296875,222.0,0.0
823,0.0,1892.0,10.18101692199707,36.99,63.10643768310547,1737.0,0.0,1367.0,0.0017870262963697,100.0,55.38983154296875,222.0,0.0
824,0.0,1892.0,10.18101692199707,36.99,63.10643768310547,1737.0,0.0,1367.0,0.0017870262963697,100.0,55.38983154296875,222.0,0.0
825,0.0,1892.0,10.18101692199707,36.99,63.10643768310547,1737.0,0.0,1367.0,0.0017870262963697,100.0,55.38983154296875,222.0,0.0
826,0.0,1892.0,10.18101692199707,36.99,63.10643768310547,1737.0,0.0,1367.0,0.0017870262963697,100.0,55.38983154296875,222.0,0.0
827,0.0,1892.0,10.184053421020508,36.99,62.36029052734375,1572.0,0.0,1367.0,0.0010423336643725,100.0,55.44295120239258,111.0,0.0
828,0.0,1892.0,10.184053421020508,36.99,62.36029052734375,1572.0,0.0,1367.0,0.0010423336643725,100.0,55.44295120239258,111.0,0.0
829,0.0,1892.0,10.184053421020508,36.99,62.36029052734375,1572.0,0.0,1367.0,0.0010423336643725,100.0,55.44295120239258,111.0,0.0
830,0.0,1892.0,10.184053421020508,36.99,62.36029052734375,1572.0,0.0,1367.0,0.0010423336643725,100.0,55.44295120239258,111.0,0.0
831,0.0,1892.0,10.184053421020508,36.99,62.36029052734375,1572.0,0.0,1367.0,0.0010423336643725,100.0,55.44295120239258,111.0,0.0
832,0.0,1892.0,10.41755485534668,36.99,64.3323974609375,1575.0,0.0,1367.0,0.0004883268265984,100.0,55.36170196533203,111.0,0.0
833,0.0,1892.0,10.41755485534668,36.99,64.3323974609375,1575.0,0.0,1367.0,0.0004883268265984,100.0,55.36170196533203,111.0,0.0
834,0.0,1892.0,10.41755485534668,36.99,64.3323974609375,1575.0,0.0,1367.0,0.0004883268265984,100.0,55.36170196533203,111.0,0.0
835,0.0,1892.0,10.41755485534668,36.99,64.3323974609375,1575.0,0.0,1367.0,0.0004883268265984,100.0,55.36170196533203,111.0,0.0
836,0.0,1892.0,10.41755485534668,36.99,64.3323974609375,1575.0,0.0,1367.0,0.0004883268265984,100.0,55.36170196533203,111.0,0.0
837,0.0,1892.0,10.543586730957031,36.99,62.70014572143555,1612.0,0.0,1367.0,0.0010372304823249,100.0,55.45753860473633,222.0,0.0
838,0.0,1892.0,10.543586730957031,36.99,62.70014572143555,1612.0,0.0,1367.0,0.0010372304823249,100.0,55.45753860473633,222.0,0.0
839,0.0,1892.0,10.543586730957031,36.99,62.70014572143555,1612.0,0.0,1367.0,0.0010372304823249,100.0,55.45753860473633,222.0,0.0
840,0.0,1892.0,10.543586730957031,36.99,62.70014572143555,1612.0,0.0,1367.0,0.0010372304823249,100.0,55.45753860473633,222.0,0.0
841,0.0,1892.0,10.543586730957031,36.99,62.70014572143555,1612.0,0.0,1367.0,0.0010372304823249,100.0,55.45753860473633,222.0,0.0
842,0.0,1892.0,10.31682014465332,36.99,63.34107208251953,1331.0,0.0,1367.0,0.0001154412238975,100.0,55.414833068847656,111.0,0.0
843,0.0,1892.0,10.31682014465332,36.99,63.34107208251953,1331.0,0.0,1367.0,0.0001154412238975,100.0,55.414833068847656,111.0,0.0
844,0.0,1892.0,10.31682014465332,36.99,63.34107208251953,1331.0,0.0,1367.0,0.0001154412238975,100.0,55.414833068847656,111.0,0.0
845,0.0,1892.0,10.31682014465332,36.99,63.34107208251953,1331.0,0.0,1367.0,0.0001154412238975,100.0,55.414833068847656,111.0,0.0
846,0.0,1892.0,10.31682014465332,36.99,63.34107208251953,1331.0,0.0,1367.0,0.0001154412238975,100.0,55.414833068847656,111.0,0.0
847,0.0,1892.0,10.489663124084473,36.99,62.688838958740234,1403.0,0.0,1367.0,0.0484506748616695,100.0,55.31795120239258,222.0,0.0
848,0.0,1892.0,10.489663124084473,36.99,62.688838958740234,1403.0,0.0,1367.0,0.0484506748616695,100.0,55.31795120239258,222.0,0.0
849,0.0,1892.0,10.489663124084473,36.99,62.688838958740234,1403.0,0.0,1367.0,0.0484506748616695,100.0,55.31795120239258,222.0,0.0
850,0.0,1892.0,10.489663124084473,36.99,62.688838958740234,1403.0,0.0,1367.0,0.0484506748616695,100.0,55.31795120239258,222.0,0.0
851,0.0,1892.0,10.489663124084473,36.99,62.688838958740234,1403.0,0.0,1367.0,0.0484506748616695,100.0,55.31795120239258,222.0,0.0
852,0.0,1892.0,10.908756256103516,36.99,64.26734161376953,1834.0,0.0,1367.0,0.1024110913276672,100.0,55.52698516845703,444.0,0.0
853,0.0,1892.0,10.908756256103516,36.99,64.26734161376953,1834.0,0.0,1367.0,0.1024110913276672,100.0,55.52698516845703,444.0,0.0
854,0.0,1892.0,10.908756256103516,36.99,64.26734161376953,1834.0,0.0,1367.0,0.1024110913276672,100.0,55.52698516845703,444.0,0.0
855,0.0,1892.0,10.908756256103516,36.99,64.26734161376953,1834.0,0.0,1367.0,0.1024110913276672,100.0,55.52698516845703,444.0,0.0
856,0.0,1892.0,10.908756256103516,36.99,64.26734161376953,1834.0,0.0,1367.0,0.1024110913276672,100.0,55.52698516845703,444.0,0.0
857,0.0,1892.0,10.840396881103516,36.99,64.40335083007812,1954.0,0.0,1367.0,0.10608821362257,100.0,55.70888137817383,444.0,0.0
858,0.0,1892.0,10.840396881103516,36.99,64.40335083007812,1954.0,0.0,1367.0,0.10608821362257,100.0,55.70888137817383,444.0,0.0
859,0.0,1892.0,10.840396881103516,36.99,64.40335083007812,1954.0,0.0,1367.0,0.10608821362257,100.0,55.70888137817383,444.0,0.0
860,0.0,1892.0,10.840396881103516,36.99,64.40335083007812,1954.0,0.0,1367.0,0.10608821362257,100.0,55.70888137817383,444.0,0.0
861,0.0,1892.0,10.840396881103516,36.99,64.40335083007812,1954.0,0.0,1367.0,0.10608821362257,100.0,55.70888137817383,444.0,0.0
862,0.0,1892.0,10.883527755737305,36.99,64.76762390136719,1753.0,0.0,1367.0,0.086451344192028,100.0,55.78728485107422,466.0,0.0
863,0.0,1892.0,10.883527755737305,36.99,64.76762390136719,1753.0,0.0,1367.0,0.086451344192028,100.0,55.78728485107422,466.0,0.0
864,0.0,1892.0,10.883527755737305,36.99,64.76762390136719,1753.0,0.0,1367.0,0.086451344192028,100.0,55.78728485107422,466.0,0.0
865,0.0,1892.0,10.883527755737305,36.99,64.76762390136719,1753.0,0.0,1367.0,0.086451344192028,100.0,55.78728485107422,466.0,0.0
866,0.0,1892.0,10.883527755737305,36.99,64.76762390136719,1753.0,0.0,1367.0,0.086451344192028,100.0,55.78728485107422,466.0,0.0
867,0.0,1892.0,10.247875213623049,36.99,63.71077346801758,1820.0,0.0,1367.0,0.0108568826690316,100.0,55.61338424682617,222.0,0.0
868,0.0,1892.0,10.247875213623049,36.99,63.71077346801758,1820.0,0.0,1367.0,0.0108568826690316,100.0,55.61338424682617,222.0,0.0
869,0.0,1892.0,10.247875213623049,36.99,63.71077346801758,1820.0,0.0,1367.0,0.0108568826690316,100.0,55.61338424682617,222.0,0.0
870,0.0,1892.0,10.247875213623049,36.99,63.71077346801758,1820.0,0.0,1367.0,0.0108568826690316,100.0,55.61338424682617,222.0,0.0
871,0.0,1892.0,10.247875213623049,36.99,63.71077346801758,1820.0,0.0,1367.0,0.0108568826690316,100.0,55.61338424682617,222.0,0.0
872,0.0,1892.0,10.370010375976562,36.99,64.72969055175781,1811.0,0.0,1367.0,0.0002520146081224,100.0,55.48357391357422,111.0,0.0
873,0.0,1892.0,10.370010375976562,36.99,64.72969055175781,1811.0,0.0,1367.0,0.0002520146081224,100.0,55.48357391357422,111.0,0.0
874,0.0,1892.0,10.370010375976562,36.99,64.72969055175781,1811.0,0.0,1367.0,0.0002520146081224,100.0,55.48357391357422,111.0,0.0
875,0.0,1892.0,10.370010375976562,36.99,64.72969055175781,1811.0,0.0,1367.0,0.0002520146081224,100.0,55.48357391357422,111.0,0.0
876,0.0,1892.0,10.370010375976562,36.99,64.72969055175781,1811.0,0.0,1367.0,0.0002520146081224,100.0,55.48357391357422,111.0,0.0
877,0.0,1892.0,10.410423278808594,36.99,63.8366584777832,1488.0,0.0,1367.0,0.0009308356093242,100.0,55.47420120239258,222.0,0.0
878,0.0,1892.0,10.410423278808594,36.99,63.8366584777832,1488.0,0.0,1367.0,0.0009308356093242,100.0,55.47420120239258,222.0,0.0
879,0.0,1892.0,10.410423278808594,36.99,63.8366584777832,1488.0,0.0,1367.0,0.0009308356093242,100.0,55.47420120239258,222.0,0.0
880,0.0,1892.0,10.410423278808594,36.99,63.8366584777832,1488.0,0.0,1367.0,0.0009308356093242,100.0,55.47420120239258,222.0,0.0
881,0.0,1892.0,10.410423278808594,36.99,63.8366584777832,1488.0,0.0,1367.0,0.0009308356093242,100.0,55.47420120239258,222.0,0.0
882,0.0,1892.0,10.329509735107422,36.99,62.80926132202149,1036.0,0.0,1367.0,0.0003410612698644,100.0,55.48670196533203,111.0,0.0
883,0.0,1892.0,10.329509735107422,36.99,62.80926132202149,1036.0,0.0,1367.0,0.0003410612698644,100.0,55.48670196533203,111.0,0.0
884,0.0,1892.0,10.329509735107422,36.99,62.80926132202149,1036.0,0.0,1367.0,0.0003410612698644,100.0,55.48670196533203,111.0,0.0
885,0.0,1892.0,10.329509735107422,36.99,62.80926132202149,1036.0,0.0,1367.0,0.0003410612698644,100.0,55.48670196533203,111.0,0.0
886,0.0,1892.0,10.329509735107422,36.99,62.80926132202149,1036.0,0.0,1367.0,0.0003410612698644,100.0,55.48670196533203,111.0,0.0
887,0.0,1892.0,10.406314849853516,36.99,63.04621505737305,1165.0,0.0,1367.0,0.0011959095718339,100.0,55.45310592651367,222.0,0.0
888,0.0,1892.0,10.406314849853516,36.99,63.04621505737305,1165.0,0.0,1367.0,0.0011959095718339,100.0,55.45310592651367,222.0,0.0
889,0.0,1892.0,10.406314849853516,36.99,63.04621505737305,1165.0,0.0,1367.0,0.0011959095718339,100.0,55.45310592651367,222.0,0.0
890,0.0,1892.0,10.406314849853516,36.99,63.04621505737305,1165.0,0.0,1367.0,0.0011959095718339,100.0,55.45310592651367,222.0,0.0
891,0.0,1892.0,10.406314849853516,36.99,63.04621505737305,1165.0,0.0,1367.0,0.0011959095718339,100.0,55.45310592651367,222.0,0.0
892,0.0,1892.0,10.503727912902832,36.99,62.70745468139648,1417.0,0.0,1367.0,0.00023768482788,100.0,55.35857391357422,111.0,0.0
893,0.0,1892.0,10.503727912902832,36.99,62.70745468139648,1417.0,0.0,1367.0,0.00023768482788,100.0,55.35857391357422,111.0,0.0
894,0.0,1892.0,10.503727912902832,36.99,62.70745468139648,1417.0,0.0,1367.0,0.00023768482788,100.0,55.35857391357422,111.0,0.0
895,0.0,1892.0,10.503727912902832,36.99,62.70745468139648,1417.0,0.0,1367.0,0.00023768482788,100.0,55.35857391357422,111.0,0.0
896,0.0,1892.0,10.503727912902832,36.99,62.70745468139648,1417.0,0.0,1367.0,0.00023768482788,100.0,55.35857391357422,111.0,0.0
897,0.0,1892.0,10.071784019470217,36.99,64.07530975341797,1235.0,0.0,1367.0,0.0002365933905821,100.0,55.27732467651367,111.0,0.0
898,0.0,1892.0,10.071784019470217,36.99,64.07530975341797,1235.0,0.0,1367.0,0.0002365933905821,100.0,55.27732467651367,111.0,0.0
899,0.0,1892.0,10.071784019470217,36.99,64.07530975341797,1235.0,0.0,1367.0,0.0002365933905821,100.0,55.27732467651367,111.0,0.0
900,0.0,1892.0,10.071784019470217,36.99,64.07530975341797,1235.0,0.0,1367.0,0.0002365933905821,100.0,55.27732467651367,111.0,0.0
901,0.0,1892.0,10.071784019470217,36.99,64.07530975341797,1235.0,0.0,1367.0,0.0002365933905821,100.0,55.27732467651367,111.0,0.0
902,0.0,1892.0,10.223576545715332,36.99,63.1587028503418,1137.0,0.0,1367.0,0.0007976089837029,100.0,55.40128326416016,222.0,0.0
903,0.0,1892.0,10.223576545715332,36.99,63.1587028503418,1137.0,0.0,1367.0,0.0007976089837029,100.0,55.40128326416016,222.0,0.0
904,0.0,1892.0,10.223576545715332,36.99,63.1587028503418,1137.0,0.0,1367.0,0.0007976089837029,100.0,55.40128326416016,222.0,0.0
905,0.0,1892.0,10.223576545715332,36.99,63.1587028503418,1137.0,0.0,1367.0,0.0007976089837029,100.0,55.40128326416016,222.0,0.0
906,0.0,1892.0,10.223576545715332,36.99,63.1587028503418,1137.0,0.0,1367.0,0.0007976089837029,100.0,55.40128326416016,222.0,0.0
907,0.0,1892.0,10.67208480834961,36.99,62.636817932128906,1317.0,0.0,1367.0,0.0294545739889144,100.0,55.48357391357422,326.0,0.0
908,0.0,1892.0,10.67208480834961,36.99,62.636817932128906,1317.0,0.0,1367.0,0.0294545739889144,100.0,55.48357391357422,326.0,0.0
909,0.0,1892.0,10.67208480834961,36.99,62.636817932128906,1317.0,0.0,1367.0,0.0294545739889144,100.0,55.48357391357422,326.0,0.0
910,0.0,1892.0,10.67208480834961,36.99,62.636817932128906,1317.0,0.0,1367.0,0.0294545739889144,100.0,55.48357391357422,326.0,0.0
911,0.0,1892.0,10.67208480834961,36.99,62.636817932128906,1317.0,0.0,1367.0,0.0294545739889144,100.0,55.48357391357422,326.0,0.0
912,0.0,1892.0,10.98006820678711,36.99,65.0952377319336,1903.0,0.0,1367.0,0.1546644270420074,100.0,55.806358337402344,470.0,0.0
913,0.0,1892.0,10.98006820678711,36.99,65.0952377319336,1903.0,0.0,1367.0,0.1546644270420074,100.0,55.806358337402344,470.0,0.0
914,0.0,1892.0,10.98006820678711,36.99,65.0952377319336,1903.0,0.0,1367.0,0.1546644270420074,100.0,55.806358337402344,470.0,0.0
915,0.0,1892.0,10.98006820678711,36.99,65.0952377319336,1903.0,0.0,1367.0,0.1546644270420074,100.0,55.806358337402344,470.0,0.0
916,0.0,1892.0,10.98006820678711,36.99,65.0952377319336,1903.0,0.0,1367.0,0.1546644270420074,100.0,55.806358337402344,470.0,0.0
917,0.0,1892.0,12.260054588317873,36.99,65.52303314208984,1903.0,0.0,1367.0,0.2321681678295135,100.0,55.894065856933594,467.0,0.0
918,0.0,1892.0,12.260054588317873,36.99,65.52303314208984,1903.0,0.0,1367.0,0.2321681678295135,100.0,55.894065856933594,467.0,0.0
919,0.0,1892.0,12.260054588317873,36.99,65.52303314208984,1903.0,0.0,1367.0,0.2321681678295135,100.0,55.894065856933594,467.0,0.0
920,0.0,1892.0,12.260054588317873,36.99,65.52303314208984,1903.0,0.0,1367.0,0.2321681678295135,100.0,55.894065856933594,467.0,0.0
921,0.0,1892.0,12.260054588317873,36.99,65.52303314208984,1903.0,0.0,1367.0,0.2321681678295135,100.0,55.894065856933594,467.0,0.0
922,0.0,1892.0,12.126981735229492,36.99,65.29071807861328,1729.0,0.0,1367.0,0.1292415261268615,100.0,56.01015090942383,444.0,0.0
923,0.0,1892.0,12.126981735229492,36.99,65.29071807861328,1729.0,0.0,1367.0,0.1292415261268615,100.0,56.01015090942383,444.0,0.0
924,0.0,1892.0,12.126981735229492,36.99,65.29071807861328,1729.0,0.0,1367.0,0.1292415261268615,100.0,56.01015090942383,444.0,0.0
925,0.0,1892.0,12.126981735229492,36.99,65.29071807861328,1729.0,0.0,1367.0,0.1292415261268615,100.0,56.01015090942383,444.0,0.0
926,0.0,1892.0,12.126981735229492,36.99,65.29071807861328,1729.0,0.0,1367.0,0.1292415261268615,100.0,56.01015090942383,444.0,0.0
927,0.0,1892.0,11.282563209533691,36.99,65.54373931884766,1780.0,0.0,1367.0,0.0633764863014221,100.0,56.06488037109375,468.0,0.0
928,0.0,1892.0,11.282563209533691,36.99,65.54373931884766,1780.0,0.0,1367.0,0.0633764863014221,100.0,56.06488037109375,468.0,0.0
929,0.0,1892.0,11.282563209533691,36.99,65.54373931884766,1780.0,0.0,1367.0,0.0633764863014221,100.0,56.06488037109375,468.0,0.0
930,0.0,1892.0,11.282563209533691,36.99,65.54373931884766,1780.0,0.0,1367.0,0.0633764863014221,100.0,56.06488037109375,468.0,0.0
931,0.0,1892.0,11.282563209533691,36.99,65.54373931884766,1780.0,0.0,1367.0,0.0633764863014221,100.0,56.06488037109375,468.0,0.0
932,0.0,1892.0,11.32833480834961,36.99,64.89115905761719,2000.0,0.0,1367.0,0.0932287126779556,100.0,55.9344367980957,472.0,0.0
933,0.0,1892.0,11.32833480834961,36.99,64.89115905761719,2000.0,0.0,1367.0,0.0932287126779556,100.0,55.9344367980957,472.0,0.0
934,0.0,1892.0,11.32833480834961,36.99,64.89115905761719,2000.0,0.0,1367.0,0.0932287126779556,100.0,55.9344367980957,472.0,0.0
935,0.0,1892.0,11.32833480834961,36.99,64.89115905761719,2000.0,0.0,1367.0,0.0932287126779556,100.0,55.9344367980957,472.0,0.0
936,0.0,1892.0,11.32833480834961,36.99,64.89115905761719,2000.0,0.0,1367.0,0.0932287126779556,100.0,55.9344367980957,472.0,0.0
937,0.0,1892.0,12.270379066467283,36.99,65.82109069824219,1608.0,0.0,1367.0,0.2508797347545624,100.0,56.06827926635742,444.0,0.0
938,0.0,1892.0,12.270379066467283,36.99,65.82109069824219,1608.0,0.0,1367.0,0.2508797347545624,100.0,56.06827926635742,444.0,0.0
939,0.0,1892.0,12.270379066467283,36.99,65.82109069824219,1608.0,0.0,1367.0,0.2508797347545624,100.0,56.06827926635742,444.0,0.0
940,0.0,1892.0,12.270379066467283,36.99,65.82109069824219,1608.0,0.0,1367.0,0.2508797347545624,100.0,56.06827926635742,444.0,0.0
941,0.0,1892.0,12.270379066467283,36.99,65.82109069824219,1608.0,0.0,1367.0,0.2508797347545624,100.0,56.06827926635742,444.0,0.0
942,0.0,1892.0,11.611720085144045,36.99,65.89889526367188,1204.0,0.0,1367.0,0.1629270017147064,100.0,56.240333557128906,444.0,0.0
943,0.0,1892.0,11.611720085144045,36.99,65.89889526367188,1204.0,0.0,1367.0,0.1629270017147064,100.0,56.240333557128906,444.0,0.0
944,0.0,1892.0,11.611720085144045,36.99,65.89889526367188,1204.0,0.0,1367.0,0.1629270017147064,100.0,56.240333557128906,444.0,0.0
945,0.0,1892.0,11.611720085144045,36.99,65.89889526367188,1204.0,0.0,1367.0,0.1629270017147064,100.0,56.240333557128906,444.0,0.0
946,0.0,1892.0,11.611720085144045,36.99,65.89889526367188,1204.0,0.0,1367.0,0.1629270017147064,100.0,56.240333557128906,444.0,0.0
947,0.0,1892.0,11.725170135498049,36.99,65.22606658935547,1589.0,0.0,1367.0,0.148529827594757,100.0,56.1795768737793,482.0,0.0
948,0.0,1892.0,11.725170135498049,36.99,65.22606658935547,1589.0,0.0,1367.0,0.148529827594757,100.0,56.1795768737793,482.0,0.0
949,0.0,1892.0,11.725170135498049,36.99,65.22606658935547,1589.0,0.0,1367.0,0.148529827594757,100.0,56.1795768737793,482.0,0.0
950,0.0,1892.0,11.725170135498049,36.99,65.22606658935547,1589.0,0.0,1367.0,0.148529827594757,100.0,56.1795768737793,482.0,0.0
951,0.0,1892.0,11.725170135498049,36.99,65.22606658935547,1589.0,0.0,1367.0,0.148529827594757,100.0,56.1795768737793,482.0,0.0
952,0.0,1892.0,11.16169261932373,36.99,65.8568344116211,1886.0,0.0,1367.0,0.0792790427803993,100.0,56.26749801635742,444.0,0.0
953,0.0,1892.0,11.16169261932373,36.99,65.8568344116211,1886.0,0.0,1367.0,0.0792790427803993,100.0,56.26749801635742,444.0,0.0
954,0.0,1892.0,11.16169261932373,36.99,65.8568344116211,1886.0,0.0,1367.0,0.0792790427803993,100.0,56.26749801635742,444.0,0.0
955,0.0,1892.0,11.16169261932373,36.99,65.8568344116211,1886.0,0.0,1367.0,0.0792790427803993,100.0,56.26749801635742,444.0,0.0
956,0.0,1892.0,11.16169261932373,36.99,65.8568344116211,1886.0,0.0,1367.0,0.0792790427803993,100.0,56.26749801635742,444.0,0.0
957,0.0,1892.0,11.388279914855955,36.99,65.06536102294922,1913.0,0.0,1367.0,0.0612361170351505,100.0,56.20854949951172,444.0,0.0
958,0.0,1892.0,11.388279914855955,36.99,65.06536102294922,1913.0,0.0,1367.0,0.0612361170351505,100.0,56.20854949951172,444.0,0.0
959,0.0,1892.0,11.388279914855955,36.99,65.06536102294922,1913.0,0.0,1367.0,0.0612361170351505,100.0,56.20854949951172,444.0,0.0
960,0.0,1892.0,11.388279914855955,36.99,65.06536102294922,1913.0,0.0,1367.0,0.0612361170351505,100.0,56.20854949951172,444.0,0.0
961,0.0,1892.0,11.388279914855955,36.99,65.06536102294922,1913.0,0.0,1367.0,0.0612361170351505,100.0,56.20854949951172,444.0,0.0
962,0.0,1892.0,11.689476013183594,36.99,65.24513244628906,1663.0,0.0,1367.0,0.2533159554004669,100.0,56.23735809326172,484.0,0.0
963,0.0,1892.0,11.689476013183594,36.99,65.24513244628906,1663.0,0.0,1367.0,0.2533159554004669,100.0,56.23735809326172,484.0,0.0
964,0.0,1892.0,11.689476013183594,36.99,65.24513244628906,1663.0,0.0,1367.0,0.2533159554004669,100.0,56.23735809326172,484.0,0.0
965,0.0,1892.0,11.689476013183594,36.99,65.24513244628906,1663.0,0.0,1367.0,0.2533159554004669,100.0,56.23735809326172,484.0,0.0
966,0.0,1892.0,11.689476013183594,36.99,65.24513244628906,1663.0,0.0,1367.0,0.2533159554004669,100.0,56.23735809326172,484.0,0.0
967,0.0,1892.0,10.68596649169922,36.99,66.05050659179688,1687.0,0.0,1367.0,0.115137830376625,100.0,56.51629638671875,444.0,0.0
968,0.0,1892.0,10.68596649169922,36.99,66.05050659179688,1687.0,0.0,1367.0,0.115137830376625,100.0,56.51629638671875,444.0,0.0
969,0.0,1892.0,10.68596649169922,36.99,66.05050659179688,1687.0,0.0,1367.0,0.115137830376625,100.0,56.51629638671875,444.0,0.0
970,0.0,1892.0,10.68596649169922,36.99,66.05050659179688,1687.0,0.0,1367.0,0.115137830376625,100.0,56.51629638671875,444.0,0.0
971,0.0,1892.0,10.68596649169922,36.99,66.05050659179688,1687.0,0.0,1367.0,0.115137830376625,100.0,56.51629638671875,444.0,0.0
972,0.0,1892.0,10.548046112060549,36.99,65.8481216430664,1491.0,0.0,1367.0,0.0908395424485206,100.0,56.22333908081055,444.0,0.0
973,0.0,1892.0,10.548046112060549,36.99,65.8481216430664,1491.0,0.0,1367.0,0.0908395424485206,100.0,56.22333908081055,444.0,0.0
974,0.0,1892.0,10.548046112060549,36.99,65.8481216430664,1491.0,0.0,1367.0,0.0908395424485206,100.0,56.22333908081055,444.0,0.0
975,0.0,1892.0,10.548046112060549,36.99,65.8481216430664,1491.0,0.0,1367.0,0.0908395424485206,100.0,56.22333908081055,444.0,0.0
976,0.0,1892.0,10.548046112060549,36.99,65.8481216430664,1491.0,0.0,1367.0,0.0908395424485206,100.0,56.22333908081055,444.0,0.0
977,0.0,1892.0,13.007454872131348,36.99,66.69812774658203,1866.0,0.0,1367.0,0.4969082474708557,100.0,56.8646125793457,478.0,0.0
978,0.0,1892.0,13.007454872131348,36.99,66.69812774658203,1866.0,0.0,1367.0,0.4969082474708557,100.0,56.8646125793457,478.0,0.0
979,0.0,1892.0,13.007454872131348,36.99,66.69812774658203,1866.0,0.0,1367.0,0.4969082474708557,100.0,56.8646125793457,478.0,0.0
980,0.0,1892.0,13.007454872131348,36.99,66.69812774658203,1866.0,0.0,1367.0,0.4969082474708557,100.0,56.8646125793457,478.0,0.0
981,0.0,1892.0,13.007454872131348,36.99,66.69812774658203,1866.0,0.0,1367.0,0.4969082474708557,100.0,56.8646125793457,478.0,0.0
982,0.0,1892.0,11.003167152404783,36.99,65.37037658691406,1655.0,0.0,1367.0,0.0378828160464763,100.0,56.59716796875,333.0,0.0
983,0.0,1892.0,11.003167152404783,36.99,65.37037658691406,1655.0,0.0,1367.0,0.0378828160464763,100.0,56.59716796875,333.0,0.0
984,0.0,1892.0,11.003167152404783,36.99,65.37037658691406,1655.0,0.0,1367.0,0.0378828160464763,100.0,56.59716796875,333.0,0.0
985,0.0,1892.0,11.003167152404783,36.99,65.37037658691406,1655.0,0.0,1367.0,0.0378828160464763,100.0,56.59716796875,333.0,0.0
986,0.0,1892.0,11.003167152404783,36.99,65.37037658691406,1655.0,0.0,1367.0,0.0378828160464763,100.0,56.59716796875,333.0,0.0
987,0.0,1892.0,11.04637622833252,36.99,66.21669006347656,1448.0,0.0,1367.0,0.0684656798839569,100.0,56.609588623046875,444.0,0.0
988,0.0,1892.0,11.04637622833252,36.99,66.21669006347656,1448.0,0.0,1367.0,0.0684656798839569,100.0,56.609588623046875,444.0,0.0
989,0.0,1892.0,11.04637622833252,36.99,66.21669006347656,1448.0,0.0,1367.0,0.0684656798839569,100.0,56.609588623046875,444.0,0.0
990,0.0,1892.0,11.04637622833252,36.99,66.21669006347656,1448.0,0.0,1367.0,0.0684656798839569,100.0,56.609588623046875,444.0,0.0
991,0.0,1892.0,11.04637622833252,36.99,66.21669006347656,1448.0,0.0,1367.0,0.0684656798839569,100.0,56.609588623046875,444.0,0.0
992,0.0,1892.0,10.381536483764648,36.99,64.3630599975586,1239.0,0.0,1367.0,0.0054453387856483,100.0,56.180450439453125,111.0,0.0
993,0.0,1892.0,10.381536483764648,36.99,64.3630599975586,1239.0,0.0,1367.0,0.0054453387856483,100.0,56.180450439453125,111.0,0.0
994,0.0,1892.0,10.381536483764648,36.99,64.3630599975586,1239.0,0.0,1367.0,0.0054453387856483,100.0,56.180450439453125,111.0,0.0
995,0.0,1892.0,10.381536483764648,36.99,64.3630599975586,1239.0,0.0,1367.0,0.0054453387856483,100.0,56.180450439453125,111.0,0.0
996,0.0,1892.0,10.381536483764648,36.99,64.3630599975586,1239.0,0.0,1367.0,0.0054453387856483,100.0,56.180450439453125,111.0,0.0
997,0.0,1892.0,10.511756896972656,36.99,64.33399200439453,2057.0,0.0,1367.0,0.0004850221448577,100.0,56.29190826416016,222.0,0.0
998,0.0,1892.0,10.511756896972656,36.99,64.33399200439453,2057.0,0.0,1367.0,0.0004850221448577,100.0,56.29190826416016,222.0,0.0
999,0.0,1892.0,10.511756896972656,36.99,64.33399200439453,2057.0,0.0,1367.0,0.0004850221448577,100.0,56.29190826416016,222.0,0.0
1000,0.0,1892.0,10.511756896972656,36.99,64.33399200439453,2057.0,0.0,1367.0,0.0004850221448577,100.0,56.29190826416016,222.0,0.0
1001,0.0,1892.0,10.511756896972656,36.99,64.33399200439453,2057.0,0.0,1367.0,0.0004850221448577,100.0,56.29190826416016,222.0,0.0
1002,0.0,1892.0,11.033031463623049,36.99,65.62044525146484,1647.0,0.0,1367.0,0.0876602083444595,100.0,56.371612548828125,444.0,0.0
1003,0.0,1892.0,11.033031463623049,36.99,65.62044525146484,1647.0,0.0,1367.0,0.0876602083444595,100.0,56.371612548828125,444.0,0.0
1004,0.0,1892.0,11.033031463623049,36.99,65.62044525146484,1647.0,0.0,1367.0,0.0876602083444595,100.0,56.371612548828125,444.0,0.0
1005,0.0,1892.0,11.033031463623049,36.99,65.62044525146484,1647.0,0.0,1367.0,0.0876602083444595,100.0,56.371612548828125,444.0,0.0
1006,0.0,1892.0,11.033031463623049,36.99,65.62044525146484,1647.0,0.0,1367.0,0.0876602083444595,100.0,56.371612548828125,444.0,0.0
1007,0.0,1892.0,11.004640579223633,36.99,66.39610290527344,1692.0,0.0,1367.0,0.0108763296157121,100.0,56.53045654296875,444.0,0.0
1008,0.0,1892.0,11.004640579223633,36.99,66.39610290527344,1692.0,0.0,1367.0,0.0108763296157121,100.0,56.53045654296875,444.0,0.0
1009,0.0,1892.0,11.004640579223633,36.99,66.39610290527344,1692.0,0.0,1367.0,0.0108763296157121,100.0,56.53045654296875,444.0,0.0
1010,0.0,1892.0,11.004640579223633,36.99,66.39610290527344,1692.0,0.0,1367.0,0.0108763296157121,100.0,56.53045654296875,444.0,0.0
1011,0.0,1892.0,11.004640579223633,36.99,66.39610290527344,1692.0,0.0,1367.0,0.0108763296157121,100.0,56.53045654296875,444.0,0.0
1012,0.0,1892.0,10.840282440185549,36.99,64.58766174316406,1806.0,0.0,1367.0,0.0259826984256505,100.0,56.4104118347168,444.0,0.0
1013,0.0,1892.0,10.840282440185549,36.99,64.58766174316406,1806.0,0.0,1367.0,0.0259826984256505,100.0,56.4104118347168,444.0,0.0
1014,0.0,1892.0,10.840282440185549,36.99,64.58766174316406,1806.0,0.0,1367.0,0.0259826984256505,100.0,56.4104118347168,444.0,0.0
1015,0.0,1892.0,10.840282440185549,36.99,64.58766174316406,1806.0,0.0,1367.0,0.0259826984256505,100.0,56.4104118347168,444.0,0.0
1016,0.0,1892.0,10.840282440185549,36.99,64.58766174316406,1806.0,0.0,1367.0,0.0259826984256505,100.0,56.4104118347168,444.0,0.0
1017,0.0,1892.0,10.618268966674805,36.99,65.60213470458984,1836.0,0.0,1367.0,0.0132985869422554,100.0,56.37077713012695,444.0,0.0
1018,0.0,1892.0,10.618268966674805,36.99,65.60213470458984,1836.0,0.0,1367.0,0.0132985869422554,100.0,56.37077713012695,444.0,0.0
1019,0.0,1892.0,10.618268966674805,36.99,65.60213470458984,1836.0,0.0,1367.0,0.0132985869422554,100.0,56.37077713012695,444.0,0.0
1020,0.0,1892.0,10.618268966674805,36.99,65.60213470458984,1836.0,0.0,1367.0,0.0132985869422554,100.0,56.37077713012695,444.0,0.0
1021,0.0,1892.0,10.618268966674805,36.99,65.60213470458984,1836.0,0.0,1367.0,0.0132985869422554,100.0,56.37077713012695,444.0,0.0
1022,0.0,1892.0,10.687104225158691,36.99,65.1483154296875,2053.0,0.0,1367.0,0.017359621822834,100.0,56.31591796875,491.0,0.0
1023,0.0,1892.0,10.687104225158691,36.99,65.1483154296875,2053.0,0.0,1367.0,0.017359621822834,100.0,56.31591796875,491.0,0.0
1024,0.0,1892.0,10.687104225158691,36.99,65.1483154296875,2053.0,0.0,1367.0,0.017359621822834,100.0,56.31591796875,491.0,0.0
1025,0.0,1892.0,10.687104225158691,36.99,65.1483154296875,2053.0,0.0,1367.0,0.017359621822834,100.0,56.31591796875,491.0,0.0
1026,0.0,1892.0,10.687104225158691,36.99,65.1483154296875,2053.0,0.0,1367.0,0.017359621822834,100.0,56.31591796875,491.0,0.0
1027,0.0,1892.0,10.361827850341797,36.99,65.6287841796875,1800.0,0.0,1367.0,0.0094830086454749,100.0,56.13788986206055,333.0,0.0
1028,0.0,1892.0,10.361827850341797,36.99,65.6287841796875,1800.0,0.0,1367.0,0.0094830086454749,100.0,56.13788986206055,333.0,0.0
1029,0.0,1892.0,10.361827850341797,36.99,65.6287841796875,1800.0,0.0,1367.0,0.0094830086454749,100.0,56.13788986206055,333.0,0.0
1030,0.0,1892.0,10.361827850341797,36.99,65.6287841796875,1800.0,0.0,1367.0,0.0094830086454749,100.0,56.13788986206055,333.0,0.0
1031,0.0,1892.0,10.361827850341797,36.99,65.6287841796875,1800.0,0.0,1367.0,0.0094830086454749,100.0,56.13788986206055,333.0,0.0
1032,0.0,1892.0,10.96764087677002,36.99,65.5113754272461,1794.0,0.0,1367.0,0.0431162118911743,100.0,56.19379425048828,444.0,0.0
1033,0.0,1892.0,10.96764087677002,36.99,65.5113754272461,1794.0,0.0,1367.0,0.0431162118911743,100.0,56.19379425048828,444.0,0.0
1034,0.0,1892.0,10.96764087677002,36.99,65.5113754272461,1794.0,0.0,1367.0,0.0431162118911743,100.0,56.19379425048828,444.0,0.0
1035,0.0,1892.0,10.96764087677002,36.99,65.5113754272461,1794.0,0.0,1367.0,0.0431162118911743,100.0,56.19379425048828,444.0,0.0
1036,0.0,1892.0,10.96764087677002,36.99,65.5113754272461,1794.0,0.0,1367.0,0.0431162118911743,100.0,56.19379425048828,444.0,0.0
1037,0.0,1892.0,10.554572105407717,36.99,64.93568420410156,1502.0,0.0,1367.0,0.018081359565258,100.0,56.26414108276367,444.0,0.0
1038,0.0,1892.0,10.554572105407717,36.99,64.93568420410156,1502.0,0.0,1367.0,0.018081359565258,100.0,56.26414108276367,444.0,0.0
1039,0.0,1892.0,10.554572105407717,36.99,64.93568420410156,1502.0,0.0,1367.0,0.018081359565258,100.0,56.26414108276367,444.0,0.0
1040,0.0,1892.0,10.554572105407717,36.99,64.93568420410156,1502.0,0.0,1367.0,0.018081359565258,100.0,56.26414108276367,444.0,0.0
1041,0.0,1892.0,10.554572105407717,36.99,64.93568420410156,1502.0,0.0,1367.0,0.018081359565258,100.0,56.26414108276367,444.0,0.0
1042,0.0,1892.0,10.880205154418944,36.99,64.9918441772461,1802.0,0.0,1367.0,0.0269673857837915,100.0,56.27838897705078,444.0,0.0
1043,0.0,1892.0,10.880205154418944,36.99,64.9918441772461,1802.0,0.0,1367.0,0.0269673857837915,100.0,56.27838897705078,444.0,0.0
1044,0.0,1892.0,10.880205154418944,36.99,64.9918441772461,1802.0,0.0,1367.0,0.0269673857837915,100.0,56.27838897705078,444.0,0.0
1045,0.0,1892.0,10.880205154418944,36.99,64.9918441772461,1802.0,0.0,1367.0,0.0269673857837915,100.0,56.27838897705078,444.0,0.0
1046,0.0,1892.0,10.880205154418944,36.99,64.9918441772461,1802.0,0.0,1367.0,0.0269673857837915,100.0,56.27838897705078,444.0,0.0
1047,0.0,1892.0,11.323124885559082,36.99,65.93515014648438,1524.0,0.0,1367.0,0.0771520584821701,100.0,56.30535125732422,456.0,0.0
1048,0.0,1892.0,11.323124885559082,36.99,65.93515014648438,1524.0,0.0,1367.0,0.0771520584821701,100.0,56.30535125732422,456.0,0.0
1049,0.0,1892.0,11.323124885559082,36.99,65.93515014648438,1524.0,0.0,1367.0,0.0771520584821701,100.0,56.30535125732422,456.0,0.0
1050,0.0,1892.0,11.323124885559082,36.99,65.93515014648438,1524.0,0.0,1367.0,0.0771520584821701,100.0,56.30535125732422,456.0,0.0
1051,0.0,1892.0,11.323124885559082,36.99,65.93515014648438,1524.0,0.0,1367.0,0.0771520584821701,100.0,56.30535125732422,456.0,0.0
1052,0.0,1892.0,11.608972549438477,36.99,66.14151763916016,1952.0,0.0,1367.0,0.1357261687517166,100.0,56.537689208984375,481.0,0.0
1053,0.0,1892.0,11.608972549438477,36.99,66.14151763916016,1952.0,0.0,1367.0,0.1357261687517166,100.0,56.537689208984375,481.0,0.0
1054,0.0,1892.0,11.608972549438477,36.99,66.14151763916016,1952.0,0.0,1367.0,0.1357261687517166,100.0,56.537689208984375,481.0,0.0
1055,0.0,1892.0,11.608972549438477,36.99,66.14151763916016,1952.0,0.0,1367.0,0.1357261687517166,100.0,56.537689208984375,481.0,0.0
1056,0.0,1892.0,11.608972549438477,36.99,66.14151763916016,1952.0,0.0,1367.0,0.1357261687517166,100.0,56.537689208984375,481.0,0.0
1057,0.0,1892.0,13.391199111938477,36.99,67.3466567993164,2047.0,0.0,1367.0,0.180610179901123,100.0,56.73442840576172,449.0,0.0
1058,0.0,1892.0,13.391199111938477,36.99,67.3466567993164,2047.0,0.0,1367.0,0.180610179901123,100.0,56.73442840576172,449.0,0.0
1059,0.0,1892.0,13.391199111938477,36.99,67.3466567993164,2047.0,0.0,1367.0,0.180610179901123,100.0,56.73442840576172,449.0,0.0
1060,0.0,1892.0,13.391199111938477,36.99,67.3466567993164,2047.0,0.0,1367.0,0.180610179901123,100.0,56.73442840576172,449.0,0.0
1061,0.0,1892.0,11.289799690246582,36.99,66.58610534667969,1760.0,0.0,1367.0,0.1457499414682388,100.0,56.80071258544922,484.0,0.0
1062,0.0,1892.0,11.289799690246582,36.99,66.58610534667969,1760.0,0.0,1367.0,0.1457499414682388,100.0,56.80071258544922,484.0,0.0
1063,0.0,1892.0,11.289799690246582,36.99,66.58610534667969,1760.0,0.0,1367.0,0.1457499414682388,100.0,56.80071258544922,484.0,0.0
1064,0.0,1892.0,11.289799690246582,36.99,66.58610534667969,1760.0,0.0,1367.0,0.1457499414682388,100.0,56.80071258544922,484.0,0.0
1065,0.0,1892.0,11.289799690246582,36.99,66.58610534667969,1760.0,0.0,1367.0,0.1457499414682388,100.0,56.80071258544922,484.0,0.0
1066,0.0,1892.0,10.826422691345217,36.99,66.49317932128906,1613.0,0.0,1367.0,0.0853967070579528,100.0,56.74956512451172,333.0,0.0
1067,0.0,1892.0,10.826422691345217,36.99,66.49317932128906,1613.0,0.0,1367.0,0.0853967070579528,100.0,56.74956512451172,333.0,0.0
1068,0.0,1892.0,10.826422691345217,36.99,66.49317932128906,1613.0,0.0,1367.0,0.0853967070579528,100.0,56.74956512451172,333.0,0.0
1069,0.0,1892.0,10.826422691345217,36.99,66.49317932128906,1613.0,0.0,1367.0,0.0853967070579528,100.0,56.74956512451172,333.0,0.0
1070,0.0,1892.0,10.826422691345217,36.99,66.49317932128906,1613.0,0.0,1367.0,0.0853967070579528,100.0,56.74956512451172,333.0,0.0
1071,0.0,1892.0,11.091580390930176,36.99,65.96743774414062,1647.0,0.0,1367.0,0.0878390967845916,100.0,56.65797805786133,444.0,0.0
1072,0.0,1892.0,11.091580390930176,36.99,65.96743774414062,1647.0,0.0,1367.0,0.0878390967845916,100.0,56.65797805786133,444.0,0.0
1073,0.0,1892.0,11.091580390930176,36.99,65.96743774414062,1647.0,0.0,1367.0,0.0878390967845916,100.0,56.65797805786133,444.0,0.0
1074,0.0,1892.0,11.091580390930176,36.99,65.96743774414062,1647.0,0.0,1367.0,0.0878390967845916,100.0,56.65797805786133,444.0,0.0
1075,0.0,1892.0,11.091580390930176,36.99,65.96743774414062,1647.0,0.0,1367.0,0.0878390967845916,100.0,56.65797805786133,444.0,0.0
1076,0.0,1892.0,12.072397232055664,36.99,66.49551391601562,2129.0,0.0,1367.0,0.2507350444793701,100.0,56.808815002441406,527.0,0.0
1077,0.0,1892.0,12.072397232055664,36.99,66.49551391601562,2129.0,0.0,1367.0,0.2507350444793701,100.0,56.808815002441406,527.0,0.0
1078,0.0,1892.0,12.072397232055664,36.99,66.49551391601562,2129.0,0.0,1367.0,0.2507350444793701,100.0,56.808815002441406,527.0,0.0
1079,0.0,1892.0,12.072397232055664,36.99,66.49551391601562,2129.0,0.0,1367.0,0.2507350444793701,100.0,56.808815002441406,527.0,0.0
1080,0.0,1892.0,12.072397232055664,36.99,66.49551391601562,2129.0,0.0,1367.0,0.2507350444793701,100.0,56.808815002441406,527.0,0.0
1081,0.0,1892.0,10.6071195602417,36.99,66.73629760742188,1529.0,0.0,1367.0,0.0037649730220437,100.0,56.98107147216797,222.0,0.0
1082,0.0,1892.0,10.6071195602417,36.99,66.73629760742188,1529.0,0.0,1367.0,0.0037649730220437,100.0,56.98107147216797,222.0,0.0
1083,0.0,1892.0,10.6071195602417,36.99,66.73629760742188,1529.0,0.0,1367.0,0.0037649730220437,100.0,56.98107147216797,222.0,0.0
1084,0.0,1892.0,10.6071195602417,36.99,66.73629760742188,1529.0,0.0,1367.0,0.0037649730220437,100.0,56.98107147216797,222.0,0.0
1085,0.0,1892.0,10.6071195602417,36.99,66.73629760742188,1529.0,0.0,1367.0,0.0037649730220437,100.0,56.98107147216797,222.0,0.0
1086,0.0,1892.0,10.927814483642578,36.99,65.43629455566406,1830.0,0.0,1367.0,0.0577107295393943,100.0,56.59294891357422,403.0,0.0
1087,0.0,1892.0,10.927814483642578,36.99,65.43629455566406,1830.0,0.0,1367.0,0.0577107295393943,100.0,56.59294891357422,403.0,0.0
1088,0.0,1892.0,10.927814483642578,36.99,65.43629455566406,1830.0,0.0,1367.0,0.0577107295393943,100.0,56.59294891357422,403.0,0.0
1089,0.0,1892.0,10.927814483642578,36.99,65.43629455566406,1830.0,0.0,1367.0,0.0577107295393943,100.0,56.59294891357422,403.0,0.0
1090,0.0,1892.0,10.927814483642578,36.99,65.43629455566406,1830.0,0.0,1367.0,0.0577107295393943,100.0,56.59294891357422,403.0,0.0
1091,0.0,1892.0,10.712723731994627,36.99,66.1109390258789,1708.0,0.0,1367.0,0.0967774093151092,100.0,56.738182067871094,475.0,0.0
1092,0.0,1892.0,10.712723731994627,36.99,66.1109390258789,1708.0,0.0,1367.0,0.0967774093151092,100.0,56.738182067871094,475.0,0.0
1093,0.0,1892.0,10.712723731994627,36.99,66.1109390258789,1708.0,0.0,1367.0,0.0967774093151092,100.0,56.738182067871094,475.0,0.0
1094,0.0,1892.0,10.712723731994627,36.99,66.1109390258789,1708.0,0.0,1367.0,0.0967774093151092,100.0,56.738182067871094,475.0,0.0
1095,0.0,1892.0,10.712723731994627,36.99,66.1109390258789,1708.0,0.0,1367.0,0.0967774093151092,100.0,56.738182067871094,475.0,0.0
1096,0.0,1892.0,11.53908920288086,36.99,66.52801513671875,1774.0,0.0,1367.0,0.1861309707164764,100.0,56.76397705078125,444.0,0.0
1097,0.0,1892.0,11.53908920288086,36.99,66.52801513671875,1774.0,0.0,1367.0,0.1861309707164764,100.0,56.76397705078125,444.0,0.0
1098,0.0,1892.0,11.53908920288086,36.99,66.52801513671875,1774.0,0.0,1367.0,0.1861309707164764,100.0,56.76397705078125,444.0,0.0
1099,0.0,1892.0,11.53908920288086,36.99,66.52801513671875,1774.0,0.0,1367.0,0.1861309707164764,100.0,56.76397705078125,444.0,0.0
1100,0.0,1892.0,11.53908920288086,36.99,66.52801513671875,1774.0,0.0,1367.0,0.1861309707164764,100.0,56.76397705078125,444.0,0.0
1101,0.0,1892.0,11.569005966186523,36.99,67.03805541992188,1848.0,0.0,1367.0,0.1052254289388656,100.0,57.03524017333984,444.0,0.0
1102,0.0,1892.0,11.569005966186523,36.99,67.03805541992188,1848.0,0.0,1367.0,0.1052254289388656,100.0,57.03524017333984,444.0,0.0
1103,0.0,1892.0,11.569005966186523,36.99,67.03805541992188,1848.0,0.0,1367.0,0.1052254289388656,100.0,57.03524017333984,444.0,0.0
1104,0.0,1892.0,11.569005966186523,36.99,67.03805541992188,1848.0,0.0,1367.0,0.1052254289388656,100.0,57.03524017333984,444.0,0.0
1105,0.0,1892.0,11.569005966186523,36.99,67.03805541992188,1848.0,0.0,1367.0,0.1052254289388656,100.0,57.03524017333984,444.0,0.0
1106,0.0,1892.0,11.04440212249756,36.99,66.19205474853516,1648.0,0.0,1367.0,0.0868165865540504,100.0,56.88039016723633,369.0,0.0
1107,0.0,1892.0,11.04440212249756,36.99,66.19205474853516,1648.0,0.0,1367.0,0.0868165865540504,100.0,56.88039016723633,369.0,0.0
1108,0.0,1892.0,11.04440212249756,36.99,66.19205474853516,1648.0,0.0,1367.0,0.0868165865540504,100.0,56.88039016723633,369.0,0.0
1109,0.0,1892.0,11.04440212249756,36.99,66.19205474853516,1648.0,0.0,1367.0,0.0868165865540504,100.0,56.88039016723633,369.0,0.0
1110,0.0,1892.0,11.04440212249756,36.99,66.19205474853516,1648.0,0.0,1367.0,0.0868165865540504,100.0,56.88039016723633,369.0,0.0
1111,0.0,1892.0,10.699188232421877,36.99,65.4129638671875,1443.0,0.0,1367.0,0.0876911282539367,100.0,56.7823600769043,242.0,0.0
1112,0.0,1892.0,10.699188232421877,36.99,65.4129638671875,1443.0,0.0,1367.0,0.0876911282539367,100.0,56.7823600769043,242.0,0.0
1113,0.0,1892.0,10.699188232421877,36.99,65.4129638671875,1443.0,0.0,1367.0,0.0876911282539367,100.0,56.7823600769043,242.0,0.0
1114,0.0,1892.0,10.699188232421877,36.99,65.4129638671875,1443.0,0.0,1367.0,0.0876911282539367,100.0,56.7823600769043,242.0,0.0
1115,0.0,1892.0,10.699188232421877,36.99,65.4129638671875,1443.0,0.0,1367.0,0.0876911282539367,100.0,56.7823600769043,242.0,0.0
1116,0.0,1892.0,11.04286766052246,36.99,66.24495697021484,1795.0,0.0,1367.0,0.0429710075259208,100.0,56.90470123291016,350.0,0.0
1117,0.0,1892.0,11.04286766052246,36.99,66.24495697021484,1795.0,0.0,1367.0,0.0429710075259208,100.0,56.90470123291016,350.0,0.0
1118,0.0,1892.0,11.04286766052246,36.99,66.24495697021484,1795.0,0.0,1367.0,0.0429710075259208,100.0,56.90470123291016,350.0,0.0
1119,0.0,1892.0,11.04286766052246,36.99,66.24495697021484,1795.0,0.0,1367.0,0.0429710075259208,100.0,56.90470123291016,350.0,0.0
1120,0.0,1892.0,11.04286766052246,36.99,66.24495697021484,1795.0,0.0,1367.0,0.0429710075259208,100.0,56.90470123291016,350.0,0.0
1121,0.0,1892.0,11.356319427490234,36.99,66.59400939941406,2085.0,0.0,1367.0,0.0749086514115333,100.0,56.90485382080078,464.0,0.0
1122,0.0,1892.0,11.356319427490234,36.99,66.59400939941406,2085.0,0.0,1367.0,0.0749086514115333,100.0,56.90485382080078,464.0,0.0
1123,0.0,1892.0,11.356319427490234,36.99,66.59400939941406,2085.0,0.0,1367.0,0.0749086514115333,100.0,56.90485382080078,464.0,0.0
1124,0.0,1892.0,11.356319427490234,36.99,66.59400939941406,2085.0,0.0,1367.0,0.0749086514115333,100.0,56.90485382080078,464.0,0.0
1125,0.0,1892.0,11.356319427490234,36.99,66.59400939941406,2085.0,0.0,1367.0,0.0749086514115333,100.0,56.90485382080078,464.0,0.0
1126,0.0,1892.0,14.147449493408203,36.99,67.64305114746094,2134.0,0.0,1367.0,0.1244776174426078,100.0,57.09563446044922,472.0,0.0
1127,0.0,1892.0,14.147449493408203,36.99,67.64305114746094,2134.0,0.0,1367.0,0.1244776174426078,100.0,57.09563446044922,472.0,0.0
1128,0.0,1892.0,14.147449493408203,36.99,67.64305114746094,2134.0,0.0,1367.0,0.1244776174426078,100.0,57.09563446044922,472.0,0.0
1129,0.0,1892.0,14.147449493408203,36.99,67.64305114746094,2134.0,0.0,1367.0,0.1244776174426078,100.0,57.09563446044922,472.0,0.0
1130,0.0,1892.0,14.147449493408203,36.99,67.64305114746094,2134.0,0.0,1367.0,0.1244776174426078,100.0,57.09563446044922,472.0,0.0
1131,0.0,1892.0,13.133075714111328,36.99,67.67462158203125,2214.0,0.0,1367.0,0.1620450168848037,100.0,57.38458251953125,463.0,0.0
1132,0.0,1892.0,13.133075714111328,36.99,67.67462158203125,2214.0,0.0,1367.0,0.1620450168848037,100.0,57.38458251953125,463.0,0.0
1133,0.0,1892.0,13.133075714111328,36.99,67.67462158203125,2214.0,0.0,1367.0,0.1620450168848037,100.0,57.38458251953125,463.0,0.0
1134,0.0,1892.0,13.133075714111328,36.99,67.67462158203125,2214.0,0.0,1367.0,0.1620450168848037,100.0,57.38458251953125,463.0,0.0
1135,0.0,1892.0,13.133075714111328,36.99,67.67462158203125,2214.0,0.0,1367.0,0.1620450168848037,100.0,57.38458251953125,463.0,0.0
1136,0.0,1892.0,11.84684944152832,36.99,67.84378051757812,2097.0,0.0,1367.0,0.1252031028270721,100.0,57.50578689575195,444.0,0.0
1137,0.0,1892.0,11.84684944152832,36.99,67.84378051757812,2097.0,0.0,1367.0,0.1252031028270721,100.0,57.50578689575195,444.0,0.0
1138,0.0,1892.0,11.84684944152832,36.99,67.84378051757812,2097.0,0.0,1367.0,0.1252031028270721,100.0,57.50578689575195,444.0,0.0
1139,0.0,1892.0,11.84684944152832,36.99,67.84378051757812,2097.0,0.0,1367.0,0.1252031028270721,100.0,57.50578689575195,444.0,0.0
1140,0.0,1892.0,11.84684944152832,36.99,67.84378051757812,2097.0,0.0,1367.0,0.1252031028270721,100.0,57.50578689575195,444.0,0.0
1141,0.0,1892.0,12.628941535949709,36.99,67.50804901123047,1771.0,0.0,1367.0,0.1015401184558868,100.0,57.320106506347656,333.0,0.0
1142,0.0,1892.0,12.628941535949709,36.99,67.50804901123047,1771.0,0.0,1367.0,0.1015401184558868,100.0,57.320106506347656,333.0,0.0
1143,0.0,1892.0,12.628941535949709,36.99,67.50804901123047,1771.0,0.0,1367.0,0.1015401184558868,100.0,57.320106506347656,333.0,0.0
1144,0.0,1892.0,12.628941535949709,36.99,67.50804901123047,1771.0,0.0,1367.0,0.1015401184558868,100.0,57.320106506347656,333.0,0.0
1145,0.0,1892.0,12.628941535949709,36.99,67.50804901123047,1771.0,0.0,1367.0,0.1015401184558868,100.0,57.320106506347656,333.0,0.0
1146,0.0,1892.0,11.01522731781006,36.99,66.7310562133789,1733.0,0.0,1367.0,0.0427814349532127,100.0,57.18703079223633,333.0,0.0
1147,0.0,1892.0,11.01522731781006,36.99,66.7310562133789,1733.0,0.0,1367.0,0.0427814349532127,100.0,57.18703079223633,333.0,0.0
1148,0.0,1892.0,11.01522731781006,36.99,66.7310562133789,1733.0,0.0,1367.0,0.0427814349532127,100.0,57.18703079223633,333.0,0.0
1149,0.0,1892.0,11.01522731781006,36.99,66.7310562133789,1733.0,0.0,1367.0,0.0427814349532127,100.0,57.18703079223633,333.0,0.0
1150,0.0,1892.0,11.01522731781006,36.99,66.7310562133789,1733.0,0.0,1367.0,0.0427814349532127,100.0,57.18703079223633,333.0,0.0
1151,0.0,1892.0,13.166812896728516,36.99,67.50669860839844,2123.0,0.0,1367.0,0.0854646265506744,100.0,57.34196090698242,503.0,0.0
1152,0.0,1892.0,13.166812896728516,36.99,67.50669860839844,2123.0,0.0,1367.0,0.0854646265506744,100.0,57.34196090698242,503.0,0.0
1153,0.0,1892.0,13.166812896728516,36.99,67.50669860839844,2123.0,0.0,1367.0,0.0854646265506744,100.0,57.34196090698242,503.0,0.0
1154,0.0,1892.0,13.166812896728516,36.99,67.50669860839844,2123.0,0.0,1367.0,0.0854646265506744,100.0,57.34196090698242,503.0,0.0
1155,0.0,1892.0,13.166812896728516,36.99,67.50669860839844,2123.0,0.0,1367.0,0.0854646265506744,100.0,57.34196090698242,503.0,0.0
1156,0.0,1892.0,13.581470489501951,36.99,67.90666198730469,1760.0,0.0,1367.0,0.0775143206119537,100.0,57.66754150390625,444.0,0.0
1157,0.0,1892.0,13.581470489501951,36.99,67.90666198730469,1760.0,0.0,1367.0,0.0775143206119537,100.0,57.66754150390625,444.0,0.0
1158,0.0,1892.0,13.581470489501951,36.99,67.90666198730469,1760.0,0.0,1367.0,0.0775143206119537,100.0,57.66754150390625,444.0,0.0
1159,0.0,1892.0,13.581470489501951,36.99,67.90666198730469,1760.0,0.0,1367.0,0.0775143206119537,100.0,57.66754150390625,444.0,0.0
1160,0.0,1892.0,13.581470489501951,36.99,67.90666198730469,1760.0,0.0,1367.0,0.0775143206119537,100.0,57.66754150390625,444.0,0.0
1161,0.0,1892.0,11.64747428894043,36.99,68.51133728027344,1764.0,0.0,1367.0,0.0996759682893753,100.0,57.8010368347168,366.0,0.0
1162,0.0,1892.0,11.64747428894043,36.99,68.51133728027344,1764.0,0.0,1367.0,0.0996759682893753,100.0,57.8010368347168,366.0,0.0
1163,0.0,1892.0,11.64747428894043,36.99,68.51133728027344,1764.0,0.0,1367.0,0.0996759682893753,100.0,57.8010368347168,366.0,0.0
1164,0.0,1892.0,11.64747428894043,36.99,68.51133728027344,1764.0,0.0,1367.0,0.0996759682893753,100.0,57.8010368347168,366.0,0.0
1165,0.0,1892.0,11.64747428894043,36.99,68.51133728027344,1764.0,0.0,1367.0,0.0996759682893753,100.0,57.8010368347168,366.0,0.0
1166,0.0,1892.0,10.302413940429688,36.99,65.99517822265625,1400.0,0.0,1367.0,0.0056734327226877,100.0,57.38581466674805,222.0,0.0
1167,0.0,1892.0,10.302413940429688,36.99,65.99517822265625,1400.0,0.0,1367.0,0.0056734327226877,100.0,57.38581466674805,222.0,0.0
1168,0.0,1892.0,10.302413940429688,36.99,65.99517822265625,1400.0,0.0,1367.0,0.0056734327226877,100.0,57.38581466674805,222.0,0.0
1169,0.0,1892.0,10.302413940429688,36.99,65.99517822265625,1400.0,0.0,1367.0,0.0056734327226877,100.0,57.38581466674805,222.0,0.0
1170,0.0,1892.0,10.302413940429688,36.99,65.99517822265625,1400.0,0.0,1367.0,0.0056734327226877,100.0,57.38581466674805,222.0,0.0
1171,0.0,1892.0,10.622149467468262,36.99,66.16503143310547,1333.0,0.0,1367.0,0.0,100.0,57.12003707885742,0.0,0.0
1172,0.0,1892.0,10.622149467468262,36.99,66.16503143310547,1333.0,0.0,1367.0,0.0,100.0,57.12003707885742,0.0,0.0
1173,0.0,1892.0,10.622149467468262,36.99,66.16503143310547,1333.0,0.0,1367.0,0.0,100.0,57.12003707885742,0.0,0.0
1174,0.0,1892.0,10.622149467468262,36.99,66.16503143310547,1333.0,0.0,1367.0,0.0,100.0,57.12003707885742,0.0,0.0
1175,0.0,1892.0,10.622149467468262,36.99,66.16503143310547,1333.0,0.0,1367.0,0.0,100.0,57.12003707885742,0.0,0.0
1176,0.0,1892.0,10.59469509124756,36.99,65.38665771484375,1398.0,0.0,1367.0,0.0202299524098634,100.0,5.8734002113342285,285.0,0.0
1177,0.0,1892.0,10.59469509124756,36.99,65.38665771484375,1398.0,0.0,1367.0,0.0202299524098634,100.0,5.8734002113342285,285.0,0.0
1178,0.0,1892.0,10.59469509124756,36.99,65.38665771484375,1398.0,0.0,1367.0,0.0202299524098634,100.0,5.8734002113342285,285.0,0.0
1179,0.0,1892.0,10.59469509124756,36.99,65.38665771484375,1398.0,0.0,1367.0,0.0202299524098634,100.0,5.8734002113342285,285.0,0.0
1180,0.0,1892.0,10.59469509124756,36.99,65.38665771484375,1398.0,0.0,1367.0,0.0202299524098634,100.0,5.8734002113342285,285.0,0.0
1181,0.0,1892.0,11.384688377380373,36.99,65.36685180664062,1375.0,0.0,1367.0,0.0845386087894439,100.0,57.08039093017578,363.0,0.0
1182,0.0,1892.0,11.384688377380373,36.99,65.36685180664062,1375.0,0.0,1367.0,0.0845386087894439,100.0,57.08039093017578,363.0,0.0
1183,0.0,1892.0,11.384688377380373,36.99,65.36685180664062,1375.0,0.0,1367.0,0.0845386087894439,100.0,57.08039093017578,363.0,0.0
1184,0.0,1892.0,11.384688377380373,36.99,65.36685180664062,1375.0,0.0,1367.0,0.0845386087894439,100.0,57.08039093017578,363.0,0.0
1185,0.0,1892.0,11.384688377380373,36.99,65.36685180664062,1375.0,0.0,1367.0,0.0845386087894439,100.0,57.08039093017578,363.0,0.0
1186,0.0,1892.0,10.442715644836426,36.99,66.66036987304688,1237.0,0.0,1367.0,0.0106988260522484,100.0,57.247657775878906,222.0,0.0
1187,0.0,1892.0,10.442715644836426,36.99,66.66036987304688,1237.0,0.0,1367.0,0.0106988260522484,100.0,57.247657775878906,222.0,0.0
1188,0.0,1892.0,10.442715644836426,36.99,66.66036987304688,1237.0,0.0,1367.0,0.0106988260522484,100.0,57.247657775878906,222.0,0.0
1189,0.0,1892.0,10.442715644836426,36.99,66.66036987304688,1237.0,0.0,1367.0,0.0106988260522484,100.0,57.247657775878906,222.0,0.0
1190,0.0,1892.0,10.442715644836426,36.99,66.66036987304688,1237.0,0.0,1367.0,0.0106988260522484,100.0,57.247657775878906,222.0,0.0
1191,0.0,1892.0,12.437970161437988,36.99,66.67322540283203,2026.0,0.0,1367.0,0.1189531832933425,100.0,57.22107696533203,444.0,0.0
1192,0.0,1892.0,12.437970161437988,36.99,66.67322540283203,2026.0,0.0,1367.0,0.1189531832933425,100.0,57.22107696533203,444.0,0.0
1193,0.0,1892.0,12.437970161437988,36.99,66.67322540283203,2026.0,0.0,1367.0,0.1189531832933425,100.0,57.22107696533203,444.0,0.0
1194,0.0,1892.0,12.437970161437988,36.99,66.67322540283203,2026.0,0.0,1367.0,0.1189531832933425,100.0,57.22107696533203,444.0,0.0
1195,0.0,1892.0,12.437970161437988,36.99,66.67322540283203,2026.0,0.0,1367.0,0.1189531832933425,100.0,57.22107696533203,444.0,0.0
1196,0.0,1892.0,14.882322311401367,36.99,67.58946990966797,2247.0,0.0,1367.0,0.2190553098917007,100.0,57.48767852783203,461.0,0.0
1197,0.0,1892.0,14.882322311401367,36.99,67.58946990966797,2247.0,0.0,1367.0,0.2190553098917007,100.0,57.48767852783203,461.0,0.0
1198,0.0,1892.0,14.882322311401367,36.99,67.58946990966797,2247.0,0.0,1367.0,0.2190553098917007,100.0,57.48767852783203,461.0,0.0
1199,0.0,1892.0,14.882322311401367,36.99,67.58946990966797,2247.0,0.0,1367.0,0.2190553098917007,100.0,57.48767852783203,461.0,0.0
1200,0.0,1892.0,14.882322311401367,36.99,67.58946990966797,2247.0,0.0,1367.0,0.2190553098917007,100.0,57.48767852783203,461.0,0.0
1201,0.0,1892.0,13.53805923461914,36.99,68.4161376953125,2221.0,0.0,1367.0,0.2817420065402984,100.0,57.955039978027344,507.0,0.0
1202,0.0,1892.0,13.53805923461914,36.99,68.4161376953125,2221.0,0.0,1367.0,0.2817420065402984,100.0,57.955039978027344,507.0,0.0
1203,0.0,1892.0,13.53805923461914,36.99,68.4161376953125,2221.0,0.0,1367.0,0.2817420065402984,100.0,57.955039978027344,507.0,0.0
1204,0.0,1892.0,13.53805923461914,36.99,68.4161376953125,2221.0,0.0,1367.0,0.2817420065402984,100.0,57.955039978027344,507.0,0.0
1205,0.0,1892.0,13.53805923461914,36.99,68.4161376953125,2221.0,0.0,1367.0,0.2817420065402984,100.0,57.955039978027344,507.0,0.0
1206,0.0,1892.0,13.320940971374512,36.99,68.36228942871094,2401.0,0.0,1367.0,0.2699333727359772,100.0,58.07526779174805,466.0,0.0
1207,0.0,1892.0,13.320940971374512,36.99,68.36228942871094,2401.0,0.0,1367.0,0.2699333727359772,100.0,58.07526779174805,466.0,0.0
1208,0.0,1892.0,13.320940971374512,36.99,68.36228942871094,2401.0,0.0,1367.0,0.2699333727359772,100.0,58.07526779174805,466.0,0.0
1209,0.0,1892.0,13.320940971374512,36.99,68.36228942871094,2401.0,0.0,1367.0,0.2699333727359772,100.0,58.07526779174805,466.0,0.0
1210,0.0,1892.0,13.320940971374512,36.99,68.36228942871094,2401.0,0.0,1367.0,0.2699333727359772,100.0,58.07526779174805,466.0,0.0
1211,0.0,1892.0,12.468107223510742,36.99,67.87013244628906,2411.0,0.0,1367.0,0.2182571589946746,100.0,58.03387451171875,541.0,0.0
1212,0.0,1892.0,12.468107223510742,36.99,67.87013244628906,2411.0,0.0,1367.0,0.2182571589946746,100.0,58.03387451171875,541.0,0.0
1213,0.0,1892.0,12.468107223510742,36.99,67.87013244628906,2411.0,0.0,1367.0,0.2182571589946746,100.0,58.03387451171875,541.0,0.0
1214,0.0,1892.0,12.468107223510742,36.99,67.87013244628906,2411.0,0.0,1367.0,0.2182571589946746,100.0,58.03387451171875,541.0,0.0
1215,0.0,1892.0,12.468107223510742,36.99,67.87013244628906,2411.0,0.0,1367.0,0.2182571589946746,100.0,58.03387451171875,541.0,0.0
1216,0.0,1892.0,12.15641975402832,36.99,67.32936096191406,2422.0,0.0,1367.0,0.1075102016329765,100.0,58.040771484375,444.0,0.0
1217,0.0,1892.0,12.15641975402832,36.99,67.32936096191406,2422.0,0.0,1367.0,0.1075102016329765,100.0,58.040771484375,444.0,0.0
1218,0.0,1892.0,12.15641975402832,36.99,67.32936096191406,2422.0,0.0,1367.0,0.1075102016329765,100.0,58.040771484375,444.0,0.0
1219,0.0,1892.0,12.15641975402832,36.99,67.32936096191406,2422.0,0.0,1367.0,0.1075102016329765,100.0,58.040771484375,444.0,0.0
1220,0.0,1892.0,12.15641975402832,36.99,67.32936096191406,2422.0,0.0,1367.0,0.1075102016329765,100.0,58.040771484375,444.0,0.0
1221,0.0,1892.0,11.831183433532717,36.99,66.17241668701172,2421.0,0.0,1367.0,0.1011044159531593,100.0,57.8647575378418,460.0,0.0
1222,0.0,1892.0,11.831183433532717,36.99,66.17241668701172,2421.0,0.0,1367.0,0.1011044159531593,100.0,57.8647575378418,460.0,0.0
1223,0.0,1892.0,11.831183433532717,36.99,66.17241668701172,2421.0,0.0,1367.0,0.1011044159531593,100.0,57.8647575378418,460.0,0.0
1224,0.0,1892.0,11.831183433532717,36.99,66.17241668701172,2421.0,0.0,1367.0,0.1011044159531593,100.0,57.8647575378418,460.0,0.0
1225,0.0,1892.0,11.831183433532717,36.99,66.17241668701172,2421.0,0.0,1367.0,0.1011044159531593,100.0,57.8647575378418,460.0,0.0
1226,0.0,1892.0,11.46763038635254,36.99,67.05226135253906,2420.0,0.0,1367.0,0.1160218864679336,100.0,57.84342575073242,455.0,0.0
1227,0.0,1892.0,11.46763038635254,36.99,67.05226135253906,2420.0,0.0,1367.0,0.1160218864679336,100.0,57.84342575073242,455.0,0.0
1228,0.0,1892.0,11.46763038635254,36.99,67.05226135253906,2420.0,0.0,1367.0,0.1160218864679336,100.0,57.84342575073242,455.0,0.0
1229,0.0,1892.0,11.46763038635254,36.99,67.05226135253906,2420.0,0.0,1367.0,0.1160218864679336,100.0,57.84342575073242,455.0,0.0
1230,0.0,1892.0,11.46763038635254,36.99,67.05226135253906,2420.0,0.0,1367.0,0.1160218864679336,100.0,57.84342575073242,455.0,0.0
1231,0.0,1892.0,11.391908645629885,36.99,66.96217346191406,2401.0,0.0,1367.0,0.110271118581295,100.0,57.91254806518555,470.0,0.0
1232,0.0,1892.0,11.391908645629885,36.99,66.96217346191406,2401.0,0.0,1367.0,0.110271118581295,100.0,57.91254806518555,470.0,0.0
1233,0.0,1892.0,11.391908645629885,36.99,66.96217346191406,2401.0,0.0,1367.0,0.110271118581295,100.0,57.91254806518555,470.0,0.0
1234,0.0,1892.0,11.391908645629885,36.99,66.96217346191406,2401.0,0.0,1367.0,0.110271118581295,100.0,57.91254806518555,470.0,0.0
1235,0.0,1892.0,11.391908645629885,36.99,66.96217346191406,2401.0,0.0,1367.0,0.110271118581295,100.0,57.91254806518555,470.0,0.0
1236,0.0,1892.0,10.660174369812012,36.99,65.33049011230469,1894.0,0.0,1367.0,0.1020129844546318,100.0,57.78541946411133,461.0,0.0
1237,0.0,1892.0,10.660174369812012,36.99,65.33049011230469,1894.0,0.0,1367.0,0.1020129844546318,100.0,57.78541946411133,461.0,0.0
1238,0.0,1892.0,10.660174369812012,36.99,65.33049011230469,1894.0,0.0,1367.0,0.1020129844546318,100.0,57.78541946411133,461.0,0.0
1239,0.0,1892.0,10.660174369812012,36.99,65.33049011230469,1894.0,0.0,1367.0,0.1020129844546318,100.0,57.78541946411133,461.0,0.0
1240,0.0,1892.0,10.660174369812012,36.99,65.33049011230469,1894.0,0.0,1367.0,0.1020129844546318,100.0,57.78541946411133,461.0,0.0
1241,0.0,1892.0,11.192693710327148,36.99,66.50619506835938,1980.0,0.0,1367.0,0.1092381179332733,100.0,57.751190185546875,444.0,0.0
1242,0.0,1892.0,11.192693710327148,36.99,66.50619506835938,1980.0,0.0,1367.0,0.1092381179332733,100.0,57.751190185546875,444.0,0.0
1243,0.0,1892.0,11.192693710327148,36.99,66.50619506835938,1980.0,0.0,1367.0,0.1092381179332733,100.0,57.751190185546875,444.0,0.0
1244,0.0,1892.0,11.192693710327148,36.99,66.50619506835938,1980.0,0.0,1367.0,0.1092381179332733,100.0,57.751190185546875,444.0,0.0
1245,0.0,1892.0,11.192693710327148,36.99,66.50619506835938,1980.0,0.0,1367.0,0.1092381179332733,100.0,57.751190185546875,444.0,0.0
1246,0.0,1892.0,11.100204467773438,36.99,66.9466552734375,1899.0,0.0,1367.0,0.1297855824232101,100.0,57.695579528808594,444.0,0.0
1247,0.0,1892.0,11.100204467773438,36.99,66.9466552734375,1899.0,0.0,1367.0,0.1297855824232101,100.0,57.695579528808594,444.0,0.0
1248,0.0,1892.0,11.100204467773438,36.99,66.9466552734375,1899.0,0.0,1367.0,0.1297855824232101,100.0,57.695579528808594,444.0,0.0
1249,0.0,1892.0,11.100204467773438,36.99,66.9466552734375,1899.0,0.0,1367.0,0.1297855824232101,100.0,57.695579528808594,444.0,0.0
1250,0.0,1892.0,11.100204467773438,36.99,66.9466552734375,1899.0,0.0,1367.0,0.1297855824232101,100.0,57.695579528808594,444.0,0.0
1251,0.0,1892.0,11.435113906860352,36.99,67.23368072509766,2218.0,0.0,1367.0,0.2116813361644745,100.0,57.876983642578125,573.0,0.0
1252,0.0,1892.0,11.435113906860352,36.99,67.23368072509766,2218.0,0.0,1367.0,0.2116813361644745,100.0,57.876983642578125,573.0,0.0
1253,0.0,1892.0,11.435113906860352,36.99,67.23368072509766,2218.0,0.0,1367.0,0.2116813361644745,100.0,57.876983642578125,573.0,0.0
1254,0.0,1892.0,11.435113906860352,36.99,67.23368072509766,2218.0,0.0,1367.0,0.2116813361644745,100.0,57.876983642578125,573.0,0.0
1255,0.0,1892.0,11.435113906860352,36.99,67.23368072509766,2218.0,0.0,1367.0,0.2116813361644745,100.0,57.876983642578125,573.0,0.0
1256,0.0,1892.0,11.11615753173828,36.99,66.66969299316406,2147.0,0.0,1367.0,0.0792952924966812,100.0,57.770660400390625,480.0,0.0
1257,0.0,1892.0,11.11615753173828,36.99,66.66969299316406,2147.0,0.0,1367.0,0.0792952924966812,100.0,57.770660400390625,480.0,0.0
1258,0.0,1892.0,11.11615753173828,36.99,66.66969299316406,2147.0,0.0,1367.0,0.0792952924966812,100.0,57.770660400390625,480.0,0.0
1259,0.0,1892.0,11.11615753173828,36.99,66.66969299316406,2147.0,0.0,1367.0,0.0792952924966812,100.0,57.770660400390625,480.0,0.0
1260,0.0,1892.0,11.11615753173828,36.99,66.66969299316406,2147.0,0.0,1367.0,0.0792952924966812,100.0,57.770660400390625,480.0,0.0
1261,0.0,1892.0,11.189478874206545,36.99,66.81209564208984,2223.0,0.0,1367.0,0.1604596078395843,100.0,57.720458984375,493.0,0.0
1262,0.0,1892.0,11.189478874206545,36.99,66.81209564208984,2223.0,0.0,1367.0,0.1604596078395843,100.0,57.720458984375,493.0,0.0
1263,0.0,1892.0,11.189478874206545,36.99,66.81209564208984,2223.0,0.0,1367.0,0.1604596078395843,100.0,57.720458984375,493.0,0.0
1264,0.0,1892.0,11.189478874206545,36.99,66.81209564208984,2223.0,0.0,1367.0,0.1604596078395843,100.0,57.720458984375,493.0,0.0
1265,0.0,1892.0,11.189478874206545,36.99,66.81209564208984,2223.0,0.0,1367.0,0.1604596078395843,100.0,57.720458984375,493.0,0.0
1266,0.0,1892.0,10.680858612060549,36.99,66.88862609863281,2033.0,0.0,1367.0,0.1086833924055099,100.0,57.761695861816406,444.0,0.0
1267,0.0,1892.0,10.680858612060549,36.99,66.88862609863281,2033.0,0.0,1367.0,0.1086833924055099,100.0,57.761695861816406,444.0,0.0
1268,0.0,1892.0,10.680858612060549,36.99,66.88862609863281,2033.0,0.0,1367.0,0.1086833924055099,100.0,57.761695861816406,444.0,0.0
1269,0.0,1892.0,10.680858612060549,36.99,66.88862609863281,2033.0,0.0,1367.0,0.1086833924055099,100.0,57.761695861816406,444.0,0.0
1270,0.0,1892.0,10.680858612060549,36.99,66.88862609863281,2033.0,0.0,1367.0,0.1086833924055099,100.0,57.761695861816406,444.0,0.0
1271,0.0,1892.0,11.08387565612793,36.99,64.6383056640625,2107.0,0.0,1367.0,0.1022771298885345,100.0,57.667510986328125,444.0,0.0
1272,0.0,1892.0,11.08387565612793,36.99,64.6383056640625,2107.0,0.0,1367.0,0.1022771298885345,100.0,57.667510986328125,444.0,0.0
1273,0.0,1892.0,11.08387565612793,36.99,64.6383056640625,2107.0,0.0,1367.0,0.1022771298885345,100.0,57.667510986328125,444.0,0.0
1274,0.0,1892.0,11.08387565612793,36.99,64.6383056640625,2107.0,0.0,1367.0,0.1022771298885345,100.0,57.667510986328125,444.0,0.0
1275,0.0,1892.0,11.08387565612793,36.99,64.6383056640625,2107.0,0.0,1367.0,0.1022771298885345,100.0,57.667510986328125,444.0,0.0
1276,0.0,1892.0,10.528573036193848,36.99,65.93836975097656,1933.0,0.0,1367.0,0.1085701137781143,100.0,57.76563262939453,444.0,0.0
1277,0.0,1892.0,10.528573036193848,36.99,65.93836975097656,1933.0,0.0,1367.0,0.1085701137781143,100.0,57.76563262939453,444.0,0.0
1278,0.0,1892.0,10.528573036193848,36.99,65.93836975097656,1933.0,0.0,1367.0,0.1085701137781143,100.0,57.76563262939453,444.0,0.0
1279,0.0,1892.0,10.528573036193848,36.99,65.93836975097656,1933.0,0.0,1367.0,0.1085701137781143,100.0,57.76563262939453,444.0,0.0
1280,0.0,1892.0,10.528573036193848,36.99,65.93836975097656,1933.0,0.0,1367.0,0.1085701137781143,100.0,57.76563262939453,444.0,0.0
1281,0.0,1892.0,10.39125633239746,36.99,64.8091049194336,1739.0,0.0,1367.0,0.1009953022003173,100.0,57.690635681152344,444.0,0.0
1282,0.0,1892.0,10.39125633239746,36.99,64.8091049194336,1739.0,0.0,1367.0,0.1009953022003173,100.0,57.690635681152344,444.0,0.0
1283,0.0,1892.0,10.39125633239746,36.99,64.8091049194336,1739.0,0.0,1367.0,0.1009953022003173,100.0,57.690635681152344,444.0,0.0
1284,0.0,1892.0,10.39125633239746,36.99,64.8091049194336,1739.0,0.0,1367.0,0.1009953022003173,100.0,57.690635681152344,444.0,0.0
1285,0.0,1892.0,10.39125633239746,36.99,64.8091049194336,1739.0,0.0,1367.0,0.1009953022003173,100.0,57.690635681152344,444.0,0.0
1286,0.0,1892.0,10.554376602172852,36.99,65.322509765625,1782.0,0.0,1367.0,0.1234327182173729,100.0,57.63862991333008,444.0,0.0
1287,0.0,1892.0,10.554376602172852,36.99,65.322509765625,1782.0,0.0,1367.0,0.1234327182173729,100.0,57.63862991333008,444.0,0.0
1288,0.0,1892.0,10.554376602172852,36.99,65.322509765625,1782.0,0.0,1367.0,0.1234327182173729,100.0,57.63862991333008,444.0,0.0
1289,0.0,1892.0,10.554376602172852,36.99,65.322509765625,1782.0,0.0,1367.0,0.1234327182173729,100.0,57.63862991333008,444.0,0.0
1290,0.0,1892.0,10.554376602172852,36.99,65.322509765625,1782.0,0.0,1367.0,0.1234327182173729,100.0,57.63862991333008,444.0,0.0
1291,0.0,1892.0,10.905889511108398,36.99,66.20684051513672,1910.0,0.0,1367.0,0.1004787981510162,100.0,57.57183074951172,444.0,0.0
1292,0.0,1892.0,10.905889511108398,36.99,66.20684051513672,1910.0,0.0,1367.0,0.1004787981510162,100.0,57.57183074951172,444.0,0.0
1293,0.0,1892.0,10.905889511108398,36.99,66.20684051513672,1910.0,0.0,1367.0,0.1004787981510162,100.0,57.57183074951172,444.0,0.0
1294,0.0,1892.0,10.905889511108398,36.99,66.20684051513672,1910.0,0.0,1367.0,0.1004787981510162,100.0,57.57183074951172,444.0,0.0
1295,0.0,1892.0,10.905889511108398,36.99,66.20684051513672,1910.0,0.0,1367.0,0.1004787981510162,100.0,57.57183074951172,444.0,0.0
1296,0.0,1892.0,10.83103084564209,36.99,66.80345916748047,1826.0,0.0,1367.0,0.1090892627835273,100.0,57.69572067260742,461.0,0.0
1297,0.0,1892.0,10.83103084564209,36.99,66.80345916748047,1826.0,0.0,1367.0,0.1090892627835273,100.0,57.69572067260742,461.0,0.0
1298,0.0,1892.0,10.83103084564209,36.99,66.80345916748047,1826.0,0.0,1367.0,0.1090892627835273,100.0,57.69572067260742,461.0,0.0
1299,0.0,1892.0,10.83103084564209,36.99,66.80345916748047,1826.0,0.0,1367.0,0.1090892627835273,100.0,57.69572067260742,461.0,0.0
1300,0.0,1892.0,10.83103084564209,36.99,66.80345916748047,1826.0,0.0,1367.0,0.1090892627835273,100.0,57.69572067260742,461.0,0.0
1301,0.0,1892.0,10.67176914215088,36.99,65.96258544921875,1677.0,0.0,1367.0,0.1000143736600875,100.0,57.5982551574707,444.0,0.0
1302,0.0,1892.0,10.67176914215088,36.99,65.96258544921875,1677.0,0.0,1367.0,0.1000143736600875,100.0,57.5982551574707,444.0,0.0
1303,0.0,1892.0,10.67176914215088,36.99,65.96258544921875,1677.0,0.0,1367.0,0.1000143736600875,100.0,57.5982551574707,444.0,0.0
1304,0.0,1892.0,10.67176914215088,36.99,65.96258544921875,1677.0,0.0,1367.0,0.1000143736600875,100.0,57.5982551574707,444.0,0.0
1305,0.0,1892.0,10.67176914215088,36.99,65.96258544921875,1677.0,0.0,1367.0,0.1000143736600875,100.0,57.5982551574707,444.0,0.0
1306,0.0,1892.0,10.596802711486816,36.99,65.76347351074219,1634.0,0.0,1367.0,0.1086457893252372,100.0,57.526710510253906,444.0,0.0
1307,0.0,1892.0,10.596802711486816,36.99,65.76347351074219,1634.0,0.0,1367.0,0.1086457893252372,100.0,57.526710510253906,444.0,0.0
1308,0.0,1892.0,10.596802711486816,36.99,65.76347351074219,1634.0,0.0,1367.0,0.1086457893252372,100.0,57.526710510253906,444.0,0.0
1309,0.0,1892.0,10.596802711486816,36.99,65.76347351074219,1634.0,0.0,1367.0,0.1086457893252372,100.0,57.526710510253906,444.0,0.0
1310,0.0,1892.0,10.596802711486816,36.99,65.76347351074219,1634.0,0.0,1367.0,0.1086457893252372,100.0,57.526710510253906,444.0,0.0
1311,0.0,1892.0,10.900999069213867,36.99,66.69126892089844,1846.0,0.0,1367.0,0.1135060116648674,100.0,57.49421310424805,444.0,0.0
1312,0.0,1892.0,10.900999069213867,36.99,66.69126892089844,1846.0,0.0,1367.0,0.1135060116648674,100.0,57.49421310424805,444.0,0.0
1313,0.0,1892.0,10.900999069213867,36.99,66.69126892089844,1846.0,0.0,1367.0,0.1135060116648674,100.0,57.49421310424805,444.0,0.0
1314,0.0,1892.0,10.900999069213867,36.99,66.69126892089844,1846.0,0.0,1367.0,0.1135060116648674,100.0,57.49421310424805,444.0,0.0
1315,0.0,1892.0,10.900999069213867,36.99,66.69126892089844,1846.0,0.0,1367.0,0.1135060116648674,100.0,57.49421310424805,444.0,0.0
1316,0.0,1892.0,10.492388725280762,36.99,66.5299072265625,1809.0,0.0,1367.0,0.1080607920885086,100.0,57.63667678833008,444.0,0.0
1317,0.0,1892.0,10.492388725280762,36.99,66.5299072265625,1809.0,0.0,1367.0,0.1080607920885086,100.0,57.63667678833008,444.0,0.0
1318,0.0,1892.0,10.492388725280762,36.99,66.5299072265625,1809.0,0.0,1367.0,0.1080607920885086,100.0,57.63667678833008,444.0,0.0
1319,0.0,1892.0,10.492388725280762,36.99,66.5299072265625,1809.0,0.0,1367.0,0.1080607920885086,100.0,57.63667678833008,444.0,0.0
1320,0.0,1892.0,10.436286926269531,36.99,64.41857147216797,1670.0,0.0,1367.0,0.1050797253847122,100.0,57.553489685058594,462.0,0.0
1321,0.0,1892.0,10.436286926269531,36.99,64.41857147216797,1670.0,0.0,1367.0,0.1050797253847122,100.0,57.553489685058594,462.0,0.0
1322,0.0,1892.0,10.436286926269531,36.99,64.41857147216797,1670.0,0.0,1367.0,0.1050797253847122,100.0,57.553489685058594,462.0,0.0
1323,0.0,1892.0,10.436286926269531,36.99,64.41857147216797,1670.0,0.0,1367.0,0.1050797253847122,100.0,57.553489685058594,462.0,0.0
1324,0.0,1892.0,10.436286926269531,36.99,64.41857147216797,1670.0,0.0,1367.0,0.1050797253847122,100.0,57.553489685058594,462.0,0.0
1325,0.0,1892.0,10.347232818603516,36.99,65.44043731689453,1644.0,0.0,1367.0,0.1019597873091697,100.0,57.603790283203125,444.0,0.0
1326,0.0,1892.0,10.347232818603516,36.99,65.44043731689453,1644.0,0.0,1367.0,0.1019597873091697,100.0,57.603790283203125,444.0,0.0
1327,0.0,1892.0,10.347232818603516,36.99,65.44043731689453,1644.0,0.0,1367.0,0.1019597873091697,100.0,57.603790283203125,444.0,0.0
1328,0.0,1892.0,10.347232818603516,36.99,65.44043731689453,1644.0,0.0,1367.0,0.1019597873091697,100.0,57.603790283203125,444.0,0.0
1329,0.0,1892.0,10.347232818603516,36.99,65.44043731689453,1644.0,0.0,1367.0,0.1019597873091697,100.0,57.603790283203125,444.0,0.0
1330,0.0,1892.0,10.891433715820312,36.99,64.34736633300781,1979.0,0.0,1367.0,0.1217319145798683,100.0,57.5499382019043,444.0,0.0
1331,0.0,1892.0,10.891433715820312,36.99,64.34736633300781,1979.0,0.0,1367.0,0.1217319145798683,100.0,57.5499382019043,444.0,0.0
1332,0.0,1892.0,10.891433715820312,36.99,64.34736633300781,1979.0,0.0,1367.0,0.1217319145798683,100.0,57.5499382019043,444.0,0.0
1333,0.0,1892.0,10.891433715820312,36.99,64.34736633300781,1979.0,0.0,1367.0,0.1217319145798683,100.0,57.5499382019043,444.0,0.0
1334,0.0,1892.0,10.891433715820312,36.99,64.34736633300781,1979.0,0.0,1367.0,0.1217319145798683,100.0,57.5499382019043,444.0,0.0
1335,0.0,1892.0,10.743721961975098,36.99,67.45297241210938,2054.0,0.0,1367.0,0.1050891652703285,100.0,57.62651443481445,453.0,0.0
1336,0.0,1892.0,10.743721961975098,36.99,67.45297241210938,2054.0,0.0,1367.0,0.1050891652703285,100.0,57.62651443481445,453.0,0.0
1337,0.0,1892.0,10.743721961975098,36.99,67.45297241210938,2054.0,0.0,1367.0,0.1050891652703285,100.0,57.62651443481445,453.0,0.0
1338,0.0,1892.0,10.743721961975098,36.99,67.45297241210938,2054.0,0.0,1367.0,0.1050891652703285,100.0,57.62651443481445,453.0,0.0
1339,0.0,1892.0,10.743721961975098,36.99,67.45297241210938,2054.0,0.0,1367.0,0.1050891652703285,100.0,57.62651443481445,453.0,0.0
1340,0.0,1892.0,10.743721961975098,36.99,67.45297241210938,2054.0,0.0,1367.0,0.1050891652703285,100.0,57.62651443481445,453.0,0.0
1341,0.0,1892.0,11.421530723571776,36.99,67.11912536621094,1772.0,0.0,1367.0,0.1282240748405456,100.0,57.5401611328125,596.0,0.0
1342,0.0,1892.0,11.421530723571776,36.99,67.11912536621094,1772.0,0.0,1367.0,0.1282240748405456,100.0,57.5401611328125,596.0,0.0
1343,0.0,1892.0,11.421530723571776,36.99,67.11912536621094,1772.0,0.0,1367.0,0.1282240748405456,100.0,57.5401611328125,596.0,0.0
1344,0.0,1892.0,11.421530723571776,36.99,67.11912536621094,1772.0,0.0,1367.0,0.1282240748405456,100.0,57.5401611328125,596.0,0.0
1345,0.0,1892.0,10.68934154510498,36.99,65.81320190429688,1730.0,0.0,1367.0,0.1028376519680023,100.0,57.61802291870117,461.0,0.0
1346,0.0,1892.0,10.68934154510498,36.99,65.81320190429688,1730.0,0.0,1367.0,0.1028376519680023,100.0,57.61802291870117,461.0,0.0
1347,0.0,1892.0,10.68934154510498,36.99,65.81320190429688,1730.0,0.0,1367.0,0.1028376519680023,100.0,57.61802291870117,461.0,0.0
1348,0.0,1892.0,10.68934154510498,36.99,65.81320190429688,1730.0,0.0,1367.0,0.1028376519680023,100.0,57.61802291870117,461.0,0.0
1349,0.0,1892.0,10.68934154510498,36.99,65.81320190429688,1730.0,0.0,1367.0,0.1028376519680023,100.0,57.61802291870117,461.0,0.0
1350,0.0,1892.0,10.543230056762695,36.99,66.2483139038086,1719.0,0.0,1367.0,0.1071411520242691,100.0,57.532623291015625,444.0,0.0
1351,0.0,1892.0,10.543230056762695,36.99,66.2483139038086,1719.0,0.0,1367.0,0.1071411520242691,100.0,57.532623291015625,444.0,0.0
1352,0.0,1892.0,10.543230056762695,36.99,66.2483139038086,1719.0,0.0,1367.0,0.1071411520242691,100.0,57.532623291015625,444.0,0.0
1353,0.0,1892.0,10.543230056762695,36.99,66.2483139038086,1719.0,0.0,1367.0,0.1071411520242691,100.0,57.532623291015625,444.0,0.0
1354,0.0,1892.0,10.543230056762695,36.99,66.2483139038086,1719.0,0.0,1367.0,0.1071411520242691,100.0,57.532623291015625,444.0,0.0
1355,0.0,1892.0,10.543230056762695,36.99,66.2483139038086,1719.0,0.0,1367.0,0.1071411520242691,100.0,57.532623291015625,444.0,0.0
1356,0.0,1892.0,10.588873863220217,36.99,65.748779296875,1794.0,0.0,1367.0,0.114128790795803,100.0,57.610992431640625,444.0,0.0
1357,0.0,1892.0,10.588873863220217,36.99,65.748779296875,1794.0,0.0,1367.0,0.114128790795803,100.0,57.610992431640625,444.0,0.0
1358,0.0,1892.0,10.588873863220217,36.99,65.748779296875,1794.0,0.0,1367.0,0.114128790795803,100.0,57.610992431640625,444.0,0.0
1359,0.0,1892.0,10.588873863220217,36.99,65.748779296875,1794.0,0.0,1367.0,0.114128790795803,100.0,57.610992431640625,444.0,0.0
1360,0.0,1892.0,11.100627899169922,36.99,66.81614685058594,1774.0,0.0,1367.0,0.1019604951143264,100.0,57.73665618896485,444.0,0.0
1361,0.0,1892.0,11.100627899169922,36.99,66.81614685058594,1774.0,0.0,1367.0,0.1019604951143264,100.0,57.73665618896485,444.0,0.0
1362,0.0,1892.0,11.100627899169922,36.99,66.81614685058594,1774.0,0.0,1367.0,0.1019604951143264,100.0,57.73665618896485,444.0,0.0
1363,0.0,1892.0,11.100627899169922,36.99,66.81614685058594,1774.0,0.0,1367.0,0.1019604951143264,100.0,57.73665618896485,444.0,0.0
1364,0.0,1892.0,11.100627899169922,36.99,66.81614685058594,1774.0,0.0,1367.0,0.1019604951143264,100.0,57.73665618896485,444.0,0.0
1365,0.0,1892.0,10.956676483154297,36.99,67.1730728149414,2049.0,0.0,1367.0,0.1559483110904693,100.0,57.81282424926758,444.0,0.0
1366,0.0,1892.0,10.956676483154297,36.99,67.1730728149414,2049.0,0.0,1367.0,0.1559483110904693,100.0,57.81282424926758,444.0,0.0
1367,0.0,1892.0,10.956676483154297,36.99,67.1730728149414,2049.0,0.0,1367.0,0.1559483110904693,100.0,57.81282424926758,444.0,0.0
1368,0.0,1892.0,10.956676483154297,36.99,67.1730728149414,2049.0,0.0,1367.0,0.1559483110904693,100.0,57.81282424926758,444.0,0.0
1369,0.0,1892.0,10.956676483154297,36.99,67.1730728149414,2049.0,0.0,1367.0,0.1559483110904693,100.0,57.81282424926758,444.0,0.0
1370,0.0,1892.0,10.607200622558594,36.99,66.26742553710938,1798.0,0.0,1367.0,0.102284088730812,100.0,57.74210739135742,444.0,0.0
1371,0.0,1892.0,10.607200622558594,36.99,66.26742553710938,1798.0,0.0,1367.0,0.102284088730812,100.0,57.74210739135742,444.0,0.0
1372,0.0,1892.0,10.607200622558594,36.99,66.26742553710938,1798.0,0.0,1367.0,0.102284088730812,100.0,57.74210739135742,444.0,0.0
1373,0.0,1892.0,10.607200622558594,36.99,66.26742553710938,1798.0,0.0,1367.0,0.102284088730812,100.0,57.74210739135742,444.0,0.0
1374,0.0,1892.0,10.607200622558594,36.99,66.26742553710938,1798.0,0.0,1367.0,0.102284088730812,100.0,57.74210739135742,444.0,0.0
1375,0.0,1892.0,10.649595260620115,36.99,65.21638488769531,1724.0,0.0,1367.0,0.1075902730226516,100.0,57.6247444152832,444.0,0.0
1376,0.0,1892.0,10.649595260620115,36.99,65.21638488769531,1724.0,0.0,1367.0,0.1075902730226516,100.0,57.6247444152832,444.0,0.0
1377,0.0,1892.0,10.649595260620115,36.99,65.21638488769531,1724.0,0.0,1367.0,0.1075902730226516,100.0,57.6247444152832,444.0,0.0
1378,0.0,1892.0,10.649595260620115,36.99,65.21638488769531,1724.0,0.0,1367.0,0.1075902730226516,100.0,57.6247444152832,444.0,0.0
1379,0.0,1892.0,10.649595260620115,36.99,65.21638488769531,1724.0,0.0,1367.0,0.1075902730226516,100.0,57.6247444152832,444.0,0.0
1380,0.0,1892.0,11.128713607788086,36.99,66.2373046875,1700.0,0.0,1367.0,0.2252822071313858,100.0,57.589202880859375,444.0,0.0
1381,0.0,1892.0,11.128713607788086,36.99,66.2373046875,1700.0,0.0,1367.0,0.2252822071313858,100.0,57.589202880859375,444.0,0.0
1382,0.0,1892.0,11.128713607788086,36.99,66.2373046875,1700.0,0.0,1367.0,0.2252822071313858,100.0,57.589202880859375,444.0,0.0
1383,0.0,1892.0,11.128713607788086,36.99,66.2373046875,1700.0,0.0,1367.0,0.2252822071313858,100.0,57.589202880859375,444.0,0.0
1384,0.0,1892.0,11.128713607788086,36.99,66.2373046875,1700.0,0.0,1367.0,0.2252822071313858,100.0,57.589202880859375,444.0,0.0
1385,0.0,1892.0,11.225383758544922,36.99,67.11447143554688,2089.0,0.0,1367.0,0.1944651752710342,100.0,57.882423400878906,496.0,0.0
1386,0.0,1892.0,11.225383758544922,36.99,67.11447143554688,2089.0,0.0,1367.0,0.1944651752710342,100.0,57.882423400878906,496.0,0.0
1387,0.0,1892.0,11.225383758544922,36.99,67.11447143554688,2089.0,0.0,1367.0,0.1944651752710342,100.0,57.882423400878906,496.0,0.0
1388,0.0,1892.0,11.225383758544922,36.99,67.11447143554688,2089.0,0.0,1367.0,0.1944651752710342,100.0,57.882423400878906,496.0,0.0
1389,0.0,1892.0,11.225383758544922,36.99,67.11447143554688,2089.0,0.0,1367.0,0.1944651752710342,100.0,57.882423400878906,496.0,0.0
1390,0.0,1892.0,11.033157348632812,36.99,66.8500747680664,2249.0,0.0,1367.0,0.1825318485498428,100.0,57.91154098510742,468.0,0.0
1391,0.0,1892.0,11.033157348632812,36.99,66.8500747680664,2249.0,0.0,1367.0,0.1825318485498428,100.0,57.91154098510742,468.0,0.0
1392,0.0,1892.0,11.033157348632812,36.99,66.8500747680664,2249.0,0.0,1367.0,0.1825318485498428,100.0,57.91154098510742,468.0,0.0
1393,0.0,1892.0,11.033157348632812,36.99,66.8500747680664,2249.0,0.0,1367.0,0.1825318485498428,100.0,57.91154098510742,468.0,0.0
1394,0.0,1892.0,11.033157348632812,36.99,66.8500747680664,2249.0,0.0,1367.0,0.1825318485498428,100.0,57.91154098510742,468.0,0.0
1395,0.0,1892.0,11.447128295898438,36.99,67.2716293334961,2179.0,0.0,1367.0,0.2142681926488876,100.0,58.02504348754883,444.0,0.0
1396,0.0,1892.0,11.447128295898438,36.99,67.2716293334961,2179.0,0.0,1367.0,0.2142681926488876,100.0,58.02504348754883,444.0,0.0
1397,0.0,1892.0,11.447128295898438,36.99,67.2716293334961,2179.0,0.0,1367.0,0.2142681926488876,100.0,58.02504348754883,444.0,0.0
1398,0.0,1892.0,11.447128295898438,36.99,67.2716293334961,2179.0,0.0,1367.0,0.2142681926488876,100.0,58.02504348754883,444.0,0.0
1399,0.0,1892.0,11.447128295898438,36.99,67.2716293334961,2179.0,0.0,1367.0,0.2142681926488876,100.0,58.02504348754883,444.0,0.0
1400,0.0,1892.0,10.53063678741455,36.99,66.35774230957031,2158.0,0.0,1367.0,0.2200539410114288,100.0,58.0236930847168,533.0,0.0
1401,0.0,1892.0,10.53063678741455,36.99,66.35774230957031,2158.0,0.0,1367.0,0.2200539410114288,100.0,58.0236930847168,533.0,0.0
1402,0.0,1892.0,10.53063678741455,36.99,66.35774230957031,2158.0,0.0,1367.0,0.2200539410114288,100.0,58.0236930847168,533.0,0.0
1403,0.0,1892.0,10.53063678741455,36.99,66.35774230957031,2158.0,0.0,1367.0,0.2200539410114288,100.0,58.0236930847168,533.0,0.0
1404,0.0,1892.0,10.53063678741455,36.99,66.35774230957031,2158.0,0.0,1367.0,0.2200539410114288,100.0,58.0236930847168,533.0,0.0
1405,0.0,1892.0,10.649736404418944,36.99,66.97420501708984,2057.0,0.0,1367.0,0.1804127991199493,100.0,58.04936981201172,473.0,0.0
1406,0.0,1892.0,10.649736404418944,36.99,66.97420501708984,2057.0,0.0,1367.0,0.1804127991199493,100.0,58.04936981201172,473.0,0.0
1407,0.0,1892.0,10.649736404418944,36.99,66.97420501708984,2057.0,0.0,1367.0,0.1804127991199493,100.0,58.04936981201172,473.0,0.0
1408,0.0,1892.0,10.649736404418944,36.99,66.97420501708984,2057.0,0.0,1367.0,0.1804127991199493,100.0,58.04936981201172,473.0,0.0
1409,0.0,1892.0,10.649736404418944,36.99,66.97420501708984,2057.0,0.0,1367.0,0.1804127991199493,100.0,58.04936981201172,473.0,0.0
1410,0.0,1892.0,12.99113655090332,36.99,67.6151123046875,2050.0,0.0,1367.0,0.4207978546619415,100.0,58.2197380065918,462.0,0.0
1411,0.0,1892.0,12.99113655090332,36.99,67.6151123046875,2050.0,0.0,1367.0,0.4207978546619415,100.0,58.2197380065918,462.0,0.0
1412,0.0,1892.0,12.99113655090332,36.99,67.6151123046875,2050.0,0.0,1367.0,0.4207978546619415,100.0,58.2197380065918,462.0,0.0
1413,0.0,1892.0,12.99113655090332,36.99,67.6151123046875,2050.0,0.0,1367.0,0.4207978546619415,100.0,58.2197380065918,462.0,0.0
1414,0.0,1892.0,12.99113655090332,36.99,67.6151123046875,2050.0,0.0,1367.0,0.4207978546619415,100.0,58.2197380065918,462.0,0.0
1415,0.0,1892.0,12.30309772491455,36.99,68.42827606201172,1933.0,0.0,1367.0,0.1800769567489624,100.0,58.61362838745117,541.0,0.0
1416,0.0,1892.0,12.30309772491455,36.99,68.42827606201172,1933.0,0.0,1367.0,0.1800769567489624,100.0,58.61362838745117,541.0,0.0
1417,0.0,1892.0,12.30309772491455,36.99,68.42827606201172,1933.0,0.0,1367.0,0.1800769567489624,100.0,58.61362838745117,541.0,0.0
1418,0.0,1892.0,12.30309772491455,36.99,68.42827606201172,1933.0,0.0,1367.0,0.1800769567489624,100.0,58.61362838745117,541.0,0.0
1419,0.0,1892.0,12.30309772491455,36.99,68.42827606201172,1933.0,0.0,1367.0,0.1800769567489624,100.0,58.61362838745117,541.0,0.0
1420,0.0,1892.0,10.54178524017334,36.99,68.67993927001953,1444.0,0.0,1367.0,0.0134669672697782,100.0,58.48455810546875,222.0,0.0
1421,0.0,1892.0,10.54178524017334,36.99,68.67993927001953,1444.0,0.0,1367.0,0.0134669672697782,100.0,58.48455810546875,222.0,0.0
1422,0.0,1892.0,10.54178524017334,36.99,68.67993927001953,1444.0,0.0,1367.0,0.0134669672697782,100.0,58.48455810546875,222.0,0.0
1423,0.0,1892.0,10.54178524017334,36.99,68.67993927001953,1444.0,0.0,1367.0,0.0134669672697782,100.0,58.48455810546875,222.0,0.0
1424,0.0,1892.0,10.54178524017334,36.99,68.67993927001953,1444.0,0.0,1367.0,0.0134669672697782,100.0,58.48455810546875,222.0,0.0
1425,0.0,1892.0,11.67013931274414,36.99,67.29389190673828,1652.0,0.0,1367.0,0.0182128902524709,100.0,58.12076568603515,391.0,0.0
1426,0.0,1892.0,11.67013931274414,36.99,67.29389190673828,1652.0,0.0,1367.0,0.0182128902524709,100.0,58.12076568603515,391.0,0.0
1427,0.0,1892.0,11.67013931274414,36.99,67.29389190673828,1652.0,0.0,1367.0,0.0182128902524709,100.0,58.12076568603515,391.0,0.0
1428,0.0,1892.0,11.67013931274414,36.99,67.29389190673828,1652.0,0.0,1367.0,0.0182128902524709,100.0,58.12076568603515,391.0,0.0
1429,0.0,1892.0,11.67013931274414,36.99,67.29389190673828,1652.0,0.0,1367.0,0.0182128902524709,100.0,58.12076568603515,391.0,0.0
1430,0.0,1892.0,12.083980560302734,36.99,68.35515594482422,1890.0,0.0,1367.0,0.0622262842953205,100.0,58.44414138793945,482.0,0.0
1431,0.0,1892.0,12.083980560302734,36.99,68.35515594482422,1890.0,0.0,1367.0,0.0622262842953205,100.0,58.44414138793945,482.0,0.0
1432,0.0,1892.0,12.083980560302734,36.99,68.35515594482422,1890.0,0.0,1367.0,0.0622262842953205,100.0,58.44414138793945,482.0,0.0
1433,0.0,1892.0,12.083980560302734,36.99,68.35515594482422,1890.0,0.0,1367.0,0.0622262842953205,100.0,58.44414138793945,482.0,0.0
1434,0.0,1892.0,12.083980560302734,36.99,68.35515594482422,1890.0,0.0,1367.0,0.0622262842953205,100.0,58.44414138793945,482.0,0.0
1435,0.0,1892.0,10.205284118652344,36.99,68.42940521240234,1225.0,0.0,1367.0,0.0,100.0,58.4884147644043,0.0,0.0
1436,0.0,1892.0,10.205284118652344,36.99,68.42940521240234,1225.0,0.0,1367.0,0.0,100.0,58.4884147644043,0.0,0.0
1437,0.0,1892.0,10.205284118652344,36.99,68.42940521240234,1225.0,0.0,1367.0,0.0,100.0,58.4884147644043,0.0,0.0
1438,0.0,1892.0,10.205284118652344,36.99,68.42940521240234,1225.0,0.0,1367.0,0.0,100.0,58.4884147644043,0.0,0.0
1439,0.0,1892.0,10.205284118652344,36.99,68.42940521240234,1225.0,0.0,1367.0,0.0,100.0,58.4884147644043,0.0,0.0
1440,0.0,1892.0,10.255897521972656,36.99,65.22071075439453,1185.0,0.0,1367.0,0.0021504890173673,100.0,57.867950439453125,222.0,0.0
1441,0.0,1892.0,10.255897521972656,36.99,65.22071075439453,1185.0,0.0,1367.0,0.0021504890173673,100.0,57.867950439453125,222.0,0.0
1442,0.0,1892.0,10.255897521972656,36.99,65.22071075439453,1185.0,0.0,1367.0,0.0021504890173673,100.0,57.867950439453125,222.0,0.0
1443,0.0,1892.0,10.255897521972656,36.99,65.22071075439453,1185.0,0.0,1367.0,0.0021504890173673,100.0,57.867950439453125,222.0,0.0
1444,0.0,1892.0,10.255897521972656,36.99,65.22071075439453,1185.0,0.0,1367.0,0.0021504890173673,100.0,57.867950439453125,222.0,0.0
1445,0.0,1892.0,10.495208740234377,36.99,66.23648834228516,1648.0,0.0,1367.0,0.0486934296786785,100.0,58.14741897583008,500.0,0.0
1446,0.0,1892.0,10.495208740234377,36.99,66.23648834228516,1648.0,0.0,1367.0,0.0486934296786785,100.0,58.14741897583008,500.0,0.0
1447,0.0,1892.0,10.495208740234377,36.99,66.23648834228516,1648.0,0.0,1367.0,0.0486934296786785,100.0,58.14741897583008,500.0,0.0
1448,0.0,1892.0,10.495208740234377,36.99,66.23648834228516,1648.0,0.0,1367.0,0.0486934296786785,100.0,58.14741897583008,500.0,0.0
1449,0.0,1892.0,10.495208740234377,36.99,66.23648834228516,1648.0,0.0,1367.0,0.0486934296786785,100.0,58.14741897583008,500.0,0.0
1450,0.0,1892.0,12.549400329589844,36.99,67.7931900024414,1788.0,0.0,1367.0,0.8562875986099243,100.0,58.118896484375,512.0,0.0
1451,0.0,1892.0,12.549400329589844,36.99,67.7931900024414,1788.0,0.0,1367.0,0.8562875986099243,100.0,58.118896484375,512.0,0.0
1452,0.0,1892.0,12.549400329589844,36.99,67.7931900024414,1788.0,0.0,1367.0,0.8562875986099243,100.0,58.118896484375,512.0,0.0
1453,0.0,1892.0,12.549400329589844,36.99,67.7931900024414,1788.0,0.0,1367.0,0.8562875986099243,100.0,58.118896484375,512.0,0.0
1454,0.0,1892.0,12.549400329589844,36.99,67.7931900024414,1788.0,0.0,1367.0,0.8562875986099243,100.0,58.118896484375,512.0,0.0
1455,0.0,1892.0,11.297039031982422,36.99,68.6170654296875,1631.0,0.0,1367.0,0.0912614539265632,100.0,58.964866638183594,222.0,0.0
1456,0.0,1892.0,11.297039031982422,36.99,68.6170654296875,1631.0,0.0,1367.0,0.0912614539265632,100.0,58.964866638183594,222.0,0.0
1457,0.0,1892.0,11.297039031982422,36.99,68.6170654296875,1631.0,0.0,1367.0,0.0912614539265632,100.0,58.964866638183594,222.0,0.0
1458,0.0,1892.0,11.297039031982422,36.99,68.6170654296875,1631.0,0.0,1367.0,0.0912614539265632,100.0,58.964866638183594,222.0,0.0
1459,0.0,1892.0,11.297039031982422,36.99,68.6170654296875,1631.0,0.0,1367.0,0.0912614539265632,100.0,58.964866638183594,222.0,0.0
1460,0.0,1892.0,10.54849624633789,36.99,67.1170425415039,1722.0,0.0,1367.0,0.0028466414660215,100.0,58.6407356262207,222.0,0.0
1461,0.0,1892.0,10.54849624633789,36.99,67.1170425415039,1722.0,0.0,1367.0,0.0028466414660215,100.0,58.6407356262207,222.0,0.0
1462,0.0,1892.0,10.54849624633789,36.99,67.1170425415039,1722.0,0.0,1367.0,0.0028466414660215,100.0,58.6407356262207,222.0,0.0
1463,0.0,1892.0,10.54849624633789,36.99,67.1170425415039,1722.0,0.0,1367.0,0.0028466414660215,100.0,58.6407356262207,222.0,0.0
1464,0.0,1892.0,10.54849624633789,36.99,67.1170425415039,1722.0,0.0,1367.0,0.0028466414660215,100.0,58.6407356262207,222.0,0.0
1465,0.0,1892.0,10.3234281539917,36.99,67.68399047851562,1487.0,0.0,1367.0,0.0328957885503768,100.0,58.1429443359375,333.0,0.0
1466,0.0,1892.0,10.3234281539917,36.99,67.68399047851562,1487.0,0.0,1367.0,0.0328957885503768,100.0,58.1429443359375,333.0,0.0
1467,0.0,1892.0,10.3234281539917,36.99,67.68399047851562,1487.0,0.0,1367.0,0.0328957885503768,100.0,58.1429443359375,333.0,0.0
1468,0.0,1892.0,10.3234281539917,36.99,67.68399047851562,1487.0,0.0,1367.0,0.0328957885503768,100.0,58.1429443359375,333.0,0.0
1469,0.0,1892.0,10.3234281539917,36.99,67.68399047851562,1487.0,0.0,1367.0,0.0328957885503768,100.0,58.1429443359375,333.0,0.0
1470,0.0,1892.0,10.07430648803711,36.99,65.11825561523438,1092.0,0.0,1367.0,0.0017648595385253,100.0,58.15336227416992,111.0,0.0
1471,0.0,1892.0,10.07430648803711,36.99,65.11825561523438,1092.0,0.0,1367.0,0.0017648595385253,100.0,58.15336227416992,111.0,0.0
1472,0.0,1892.0,10.07430648803711,36.99,65.11825561523438,1092.0,0.0,1367.0,0.0017648595385253,100.0,58.15336227416992,111.0,0.0
1473,0.0,1892.0,10.07430648803711,36.99,65.11825561523438,1092.0,0.0,1367.0,0.0017648595385253,100.0,58.15336227416992,111.0,0.0
1474,0.0,1892.0,10.07430648803711,36.99,65.11825561523438,1092.0,0.0,1367.0,0.0017648595385253,100.0,58.15336227416992,111.0,0.0
1475,0.0,1892.0,10.100430488586426,36.99,65.54920196533203,1138.0,0.0,1367.0,0.000973735935986,100.0,58.03044891357422,222.0,0.0
1476,0.0,1892.0,10.100430488586426,36.99,65.54920196533203,1138.0,0.0,1367.0,0.000973735935986,100.0,58.03044891357422,222.0,0.0
1477,0.0,1892.0,10.100430488586426,36.99,65.54920196533203,1138.0,0.0,1367.0,0.000973735935986,100.0,58.03044891357422,222.0,0.0
1478,0.0,1892.0,10.100430488586426,36.99,65.54920196533203,1138.0,0.0,1367.0,0.000973735935986,100.0,58.03044891357422,222.0,0.0
1479,0.0,1892.0,10.100430488586426,36.99,65.54920196533203,1138.0,0.0,1367.0,0.000973735935986,100.0,58.03044891357422,222.0,0.0
1480,0.0,1892.0,10.09786319732666,36.99,64.79762268066406,1170.0,0.0,1367.0,0.0014736962039023,100.0,57.9085807800293,111.0,0.0
1481,0.0,1892.0,10.09786319732666,36.99,64.79762268066406,1170.0,0.0,1367.0,0.0014736962039023,100.0,57.9085807800293,111.0,0.0
1482,0.0,1892.0,10.09786319732666,36.99,64.79762268066406,1170.0,0.0,1367.0,0.0014736962039023,100.0,57.9085807800293,111.0,0.0
1483,0.0,1892.0,10.09786319732666,36.99,64.79762268066406,1170.0,0.0,1367.0,0.0014736962039023,100.0,57.9085807800293,111.0,0.0
1484,0.0,1892.0,10.09786319732666,36.99,64.79762268066406,1170.0,0.0,1367.0,0.0014736962039023,100.0,57.9085807800293,111.0,0.0
1485,0.0,1892.0,10.15022087097168,36.99,65.0526351928711,1157.0,0.0,1367.0,0.0012101612519472,100.0,57.922119140625,222.0,0.0
1486,0.0,1892.0,10.15022087097168,36.99,65.0526351928711,1157.0,0.0,1367.0,0.0012101612519472,100.0,57.922119140625,222.0,0.0
1487,0.0,1892.0,10.15022087097168,36.99,65.0526351928711,1157.0,0.0,1367.0,0.0012101612519472,100.0,57.922119140625,222.0,0.0
1488,0.0,1892.0,10.15022087097168,36.99,65.0526351928711,1157.0,0.0,1367.0,0.0012101612519472,100.0,57.922119140625,222.0,0.0
1489,0.0,1892.0,10.15022087097168,36.99,65.0526351928711,1157.0,0.0,1367.0,0.0012101612519472,100.0,57.922119140625,222.0,0.0
1490,0.0,1892.0,10.347853660583496,36.99,66.81224060058594,1133.0,0.0,1367.0,0.0026093479245901,100.0,57.84086990356445,333.0,0.0
1491,0.0,1892.0,10.347853660583496,36.99,66.81224060058594,1133.0,0.0,1367.0,0.0026093479245901,100.0,57.84086990356445,333.0,0.0
1492,0.0,1892.0,10.347853660583496,36.99,66.81224060058594,1133.0,0.0,1367.0,0.0026093479245901,100.0,57.84086990356445,333.0,0.0
1493,0.0,1892.0,10.347853660583496,36.99,66.81224060058594,1133.0,0.0,1367.0,0.0026093479245901,100.0,57.84086990356445,333.0,0.0
1494,0.0,1892.0,10.347853660583496,36.99,66.81224060058594,1133.0,0.0,1367.0,0.0026093479245901,100.0,57.84086990356445,333.0,0.0
1495,0.0,1892.0,10.350627899169922,36.99,65.26466369628906,1277.0,0.0,1367.0,0.0002591478696558,100.0,57.7325325012207,111.0,0.0
1496,0.0,1892.0,10.350627899169922,36.99,65.26466369628906,1277.0,0.0,1367.0,0.0002591478696558,100.0,57.7325325012207,111.0,0.0
1497,0.0,1892.0,10.350627899169922,36.99,65.26466369628906,1277.0,0.0,1367.0,0.0002591478696558,100.0,57.7325325012207,111.0,0.0
1498,0.0,1892.0,10.350627899169922,36.99,65.26466369628906,1277.0,0.0,1367.0,0.0002591478696558,100.0,57.7325325012207,111.0,0.0
1499,0.0,1892.0,10.350627899169922,36.99,65.26466369628906,1277.0,0.0,1367.0,0.0002591478696558,100.0,57.7325325012207,111.0,0.0
1500,0.0,1892.0,10.367058753967283,36.99,65.304443359375,1259.0,0.0,1367.0,0.0013698969269171,100.0,57.74451446533203,111.0,0.0
1501,0.0,1892.0,10.367058753967283,36.99,65.304443359375,1259.0,0.0,1367.0,0.0013698969269171,100.0,57.74451446533203,111.0,0.0
1502,0.0,1892.0,10.367058753967283,36.99,65.304443359375,1259.0,0.0,1367.0,0.0013698969269171,100.0,57.74451446533203,111.0,0.0
1503,0.0,1892.0,10.367058753967283,36.99,65.304443359375,1259.0,0.0,1367.0,0.0013698969269171,100.0,57.74451446533203,111.0,0.0
1504,0.0,1892.0,10.367058753967283,36.99,65.304443359375,1259.0,0.0,1367.0,0.0013698969269171,100.0,57.74451446533203,111.0,0.0
1505,0.0,1892.0,10.327311515808104,36.99,65.10877990722656,1316.0,0.0,1367.0,0.0013426867080852,100.0,57.65154266357422,111.0,0.0
1506,0.0,1892.0,10.327311515808104,36.99,65.10877990722656,1316.0,0.0,1367.0,0.0013426867080852,100.0,57.65154266357422,111.0,0.0
1507,0.0,1892.0,10.327311515808104,36.99,65.10877990722656,1316.0,0.0,1367.0,0.0013426867080852,100.0,57.65154266357422,111.0,0.0
1508,0.0,1892.0,10.327311515808104,36.99,65.10877990722656,1316.0,0.0,1367.0,0.0013426867080852,100.0,57.65154266357422,111.0,0.0
1509,0.0,1892.0,10.327311515808104,36.99,65.10877990722656,1316.0,0.0,1367.0,0.0013426867080852,100.0,57.65154266357422,111.0,0.0
1510,0.0,1892.0,10.178000450134276,36.99,67.14093017578125,1316.0,0.0,1367.0,0.0007592246984131,100.0,57.67524337768555,222.0,0.0
1511,0.0,1892.0,10.178000450134276,36.99,67.14093017578125,1316.0,0.0,1367.0,0.0007592246984131,100.0,57.67524337768555,222.0,0.0
1512,0.0,1892.0,10.178000450134276,36.99,67.14093017578125,1316.0,0.0,1367.0,0.0007592246984131,100.0,57.67524337768555,222.0,0.0
1513,0.0,1892.0,10.178000450134276,36.99,67.14093017578125,1316.0,0.0,1367.0,0.0007592246984131,100.0,57.67524337768555,222.0,0.0
1514,0.0,1892.0,10.178000450134276,36.99,67.14093017578125,1316.0,0.0,1367.0,0.0007592246984131,100.0,57.67524337768555,222.0,0.0
1515,0.0,1892.0,10.230672836303713,36.99,65.0667495727539,1257.0,0.0,1367.0,0.0019763254094868,100.0,57.60649490356445,222.0,0.0
1516,0.0,1892.0,10.230672836303713,36.99,65.0667495727539,1257.0,0.0,1367.0,0.0019763254094868,100.0,57.60649490356445,222.0,0.0
1517,0.0,1892.0,10.230672836303713,36.99,65.0667495727539,1257.0,0.0,1367.0,0.0019763254094868,100.0,57.60649490356445,222.0,0.0
1518,0.0,1892.0,10.230672836303713,36.99,65.0667495727539,1257.0,0.0,1367.0,0.0019763254094868,100.0,57.60649490356445,222.0,0.0
1519,0.0,1892.0,10.230672836303713,36.99,65.0667495727539,1257.0,0.0,1367.0,0.0019763254094868,100.0,57.60649490356445,222.0,0.0
1520,0.0,1892.0,10.053998947143556,36.99,65.01323699951172,1130.0,0.0,1367.0,0.0007562276441603,100.0,57.6898307800293,111.0,0.0
1521,0.0,1892.0,10.053998947143556,36.99,65.01323699951172,1130.0,0.0,1367.0,0.0007562276441603,100.0,57.6898307800293,111.0,0.0
1522,0.0,1892.0,10.053998947143556,36.99,65.01323699951172,1130.0,0.0,1367.0,0.0007562276441603,100.0,57.6898307800293,111.0,0.0
1523,0.0,1892.0,10.053998947143556,36.99,65.01323699951172,1130.0,0.0,1367.0,0.0007562276441603,100.0,57.6898307800293,111.0,0.0
1524,0.0,1892.0,10.053998947143556,36.99,65.01323699951172,1130.0,0.0,1367.0,0.0007562276441603,100.0,57.6898307800293,111.0,0.0
1525,0.0,1892.0,10.077259063720703,36.99,64.72022247314453,1185.0,0.0,1367.0,0.0015950661618262,100.0,57.67523956298828,111.0,0.0
1526,0.0,1892.0,10.077259063720703,36.99,64.72022247314453,1185.0,0.0,1367.0,0.0015950661618262,100.0,57.67523956298828,111.0,0.0
1527,0.0,1892.0,10.077259063720703,36.99,64.72022247314453,1185.0,0.0,1367.0,0.0015950661618262,100.0,57.67523956298828,111.0,0.0
1528,0.0,1892.0,10.077259063720703,36.99,64.72022247314453,1185.0,0.0,1367.0,0.0015950661618262,100.0,57.67523956298828,111.0,0.0
1529,0.0,1892.0,10.077259063720703,36.99,64.72022247314453,1185.0,0.0,1367.0,0.0015950661618262,100.0,57.67523956298828,111.0,0.0
1530,0.0,1892.0,10.128290176391602,36.99,64.8414535522461,1179.0,0.0,1367.0,0.0007531196461059,100.0,57.60357666015625,111.0,0.0
1531,0.0,1892.0,10.128290176391602,36.99,64.8414535522461,1179.0,0.0,1367.0,0.0007531196461059,100.0,57.60357666015625,111.0,0.0
1532,0.0,1892.0,10.128290176391602,36.99,64.8414535522461,1179.0,0.0,1367.0,0.0007531196461059,100.0,57.60357666015625,111.0,0.0
1533,0.0,1892.0,10.128290176391602,36.99,64.8414535522461,1179.0,0.0,1367.0,0.0007531196461059,100.0,57.60357666015625,111.0,0.0
1534,0.0,1892.0,10.128290176391602,36.99,64.8414535522461,1179.0,0.0,1367.0,0.0007531196461059,100.0,57.60357666015625,111.0,0.0
1535,0.0,1892.0,10.474599838256836,36.99,66.43946838378906,1645.0,0.0,1367.0,0.0007334192632697,100.0,57.662742614746094,111.0,0.0
1536,0.0,1892.0,10.474599838256836,36.99,66.43946838378906,1645.0,0.0,1367.0,0.0007334192632697,100.0,57.662742614746094,111.0,0.0
1537,0.0,1892.0,10.474599838256836,36.99,66.43946838378906,1645.0,0.0,1367.0,0.0007334192632697,100.0,57.662742614746094,111.0,0.0
1538,0.0,1892.0,10.474599838256836,36.99,66.43946838378906,1645.0,0.0,1367.0,0.0007334192632697,100.0,57.662742614746094,111.0,0.0
1539,0.0,1892.0,10.474599838256836,36.99,66.43946838378906,1645.0,0.0,1367.0,0.0007334192632697,100.0,57.662742614746094,111.0,0.0
1540,0.0,1892.0,10.43155288696289,36.99,65.454345703125,1153.0,0.0,1367.0,0.0015380735276266,100.0,57.4810791015625,333.0,0.0
1541,0.0,1892.0,10.43155288696289,36.99,65.454345703125,1153.0,0.0,1367.0,0.0015380735276266,100.0,57.4810791015625,333.0,0.0
1542,0.0,1892.0,10.43155288696289,36.99,65.454345703125,1153.0,0.0,1367.0,0.0015380735276266,100.0,57.4810791015625,333.0,0.0
1543,0.0,1892.0,10.43155288696289,36.99,65.454345703125,1153.0,0.0,1367.0,0.0015380735276266,100.0,57.4810791015625,333.0,0.0
1544,0.0,1892.0,10.43155288696289,36.99,65.454345703125,1153.0,0.0,1367.0,0.0015380735276266,100.0,57.4810791015625,333.0,0.0
1545,0.0,1892.0,10.269250869750977,36.99,64.8401107788086,1093.0,0.0,1367.0,0.0009418764384463,100.0,57.4981575012207,222.0,0.0
1546,0.0,1892.0,10.269250869750977,36.99,64.8401107788086,1093.0,0.0,1367.0,0.0009418764384463,100.0,57.4981575012207,222.0,0.0
1547,0.0,1892.0,10.269250869750977,36.99,64.8401107788086,1093.0,0.0,1367.0,0.0009418764384463,100.0,57.4981575012207,222.0,0.0
1548,0.0,1892.0,10.269250869750977,36.99,64.8401107788086,1093.0,0.0,1367.0,0.0009418764384463,100.0,57.4981575012207,222.0,0.0
1549,0.0,1892.0,10.269250869750977,36.99,64.8401107788086,1093.0,0.0,1367.0,0.0009418764384463,100.0,57.4981575012207,222.0,0.0
1550,0.0,1892.0,10.314793586730955,36.99,64.87413787841797,1120.0,0.0,1367.0,0.0013727782061323,100.0,57.46638870239258,111.0,0.0
1551,0.0,1892.0,10.314793586730955,36.99,64.87413787841797,1120.0,0.0,1367.0,0.0013727782061323,100.0,57.46638870239258,111.0,0.0
1552,0.0,1892.0,10.314793586730955,36.99,64.87413787841797,1120.0,0.0,1367.0,0.0013727782061323,100.0,57.46638870239258,111.0,0.0
1553,0.0,1892.0,10.314793586730955,36.99,64.87413787841797,1120.0,0.0,1367.0,0.0013727782061323,100.0,57.46638870239258,111.0,0.0
1554,0.0,1892.0,10.314793586730955,36.99,64.87413787841797,1120.0,0.0,1367.0,0.0013727782061323,100.0,57.46638870239258,111.0,0.0
1555,0.0,1892.0,10.262836456298828,36.99,64.90705871582031,1426.0,0.0,1367.0,0.0009548015659675,100.0,57.51274490356445,111.0,0.0
1556,0.0,1892.0,10.262836456298828,36.99,64.90705871582031,1426.0,0.0,1367.0,0.0009548015659675,100.0,57.51274490356445,111.0,0.0
1557,0.0,1892.0,10.262836456298828,36.99,64.90705871582031,1426.0,0.0,1367.0,0.0009548015659675,100.0,57.51274490356445,111.0,0.0
1558,0.0,1892.0,10.262836456298828,36.99,64.90705871582031,1426.0,0.0,1367.0,0.0009548015659675,100.0,57.51274490356445,111.0,0.0
1559,0.0,1892.0,10.262836456298828,36.99,64.90705871582031,1426.0,0.0,1367.0,0.0009548015659675,100.0,57.51274490356445,111.0,0.0
1560,0.0,1892.0,10.21697998046875,36.99,66.30422973632812,1353.0,0.0,1367.0,0.0010910427663475,100.0,57.44295120239258,257.0,0.0
1561,0.0,1892.0,10.21697998046875,36.99,66.30422973632812,1353.0,0.0,1367.0,0.0010910427663475,100.0,57.44295120239258,257.0,0.0
1562,0.0,1892.0,10.21697998046875,36.99,66.30422973632812,1353.0,0.0,1367.0,0.0010910427663475,100.0,57.44295120239258,257.0,0.0
1563,0.0,1892.0,10.21697998046875,36.99,66.30422973632812,1353.0,0.0,1367.0,0.0010910427663475,100.0,57.44295120239258,257.0,0.0
1564,0.0,1892.0,10.21697998046875,36.99,66.30422973632812,1353.0,0.0,1367.0,0.0010910427663475,100.0,57.44295120239258,257.0,0.0
1565,0.0,1892.0,10.21697998046875,36.99,66.30422973632812,1353.0,0.0,1367.0,0.0010910427663475,100.0,57.44295120239258,257.0,0.0
1566,0.0,1892.0,10.119229316711426,36.99,65.35398864746094,1106.0,0.0,1367.0,0.0017657809657976,100.0,57.6544075012207,222.0,0.0
1567,0.0,1892.0,10.119229316711426,36.99,65.35398864746094,1106.0,0.0,1367.0,0.0017657809657976,100.0,57.6544075012207,222.0,0.0
1568,0.0,1892.0,10.119229316711426,36.99,65.35398864746094,1106.0,0.0,1367.0,0.0017657809657976,100.0,57.6544075012207,222.0,0.0
1569,0.0,1892.0,10.119229316711426,36.99,65.35398864746094,1106.0,0.0,1367.0,0.0017657809657976,100.0,57.6544075012207,222.0,0.0
1570,0.0,1892.0,10.119229316711426,36.99,65.35398864746094,1106.0,0.0,1367.0,0.0017657809657976,100.0,57.6544075012207,222.0,0.0
1571,0.0,1892.0,10.126699447631836,36.99,65.11842346191406,1172.0,0.0,1367.0,0.0007997709908522,100.0,57.62107467651367,333.0,0.0
1572,0.0,1892.0,10.126699447631836,36.99,65.11842346191406,1172.0,0.0,1367.0,0.0007997709908522,100.0,57.62107467651367,333.0,0.0
1573,0.0,1892.0,10.126699447631836,36.99,65.11842346191406,1172.0,0.0,1367.0,0.0007997709908522,100.0,57.62107467651367,333.0,0.0
1574,0.0,1892.0,10.126699447631836,36.99,65.11842346191406,1172.0,0.0,1367.0,0.0007997709908522,100.0,57.62107467651367,333.0,0.0
1575,0.0,1892.0,10.126699447631836,36.99,65.11842346191406,1172.0,0.0,1367.0,0.0007997709908522,100.0,57.62107467651367,333.0,0.0
1576,0.0,1892.0,10.200479507446287,36.99,66.6192398071289,1317.0,0.0,1367.0,0.0012664690148085,100.0,57.538780212402344,111.0,0.0
1577,0.0,1892.0,10.200479507446287,36.99,66.6192398071289,1317.0,0.0,1367.0,0.0012664690148085,100.0,57.538780212402344,111.0,0.0
1578,0.0,1892.0,10.200479507446287,36.99,66.6192398071289,1317.0,0.0,1367.0,0.0012664690148085,100.0,57.538780212402344,111.0,0.0
1579,0.0,1892.0,10.200479507446287,36.99,66.6192398071289,1317.0,0.0,1367.0,0.0012664690148085,100.0,57.538780212402344,111.0,0.0
1580,0.0,1892.0,10.200479507446287,36.99,66.6192398071289,1317.0,0.0,1367.0,0.0012664690148085,100.0,57.538780212402344,111.0,0.0
1581,0.0,1892.0,10.353433609008787,36.99,65.00089263916016,1064.0,0.0,1367.0,0.0009968614904209,100.0,57.57941436767578,150.0,0.0
1582,0.0,1892.0,10.353433609008787,36.99,65.00089263916016,1064.0,0.0,1367.0,0.0009968614904209,100.0,57.57941436767578,150.0,0.0
1583,0.0,1892.0,10.353433609008787,36.99,65.00089263916016,1064.0,0.0,1367.0,0.0009968614904209,100.0,57.57941436767578,150.0,0.0
1584,0.0,1892.0,10.353433609008787,36.99,65.00089263916016,1064.0,0.0,1367.0,0.0009968614904209,100.0,57.57941436767578,150.0,0.0
1585,0.0,1892.0,10.353433609008787,36.99,65.00089263916016,1064.0,0.0,1367.0,0.0009968614904209,100.0,57.57941436767578,150.0,0.0
1586,0.0,1892.0,10.426733016967772,36.99,65.50028228759766,1312.0,0.0,1367.0,0.0017192877130582,100.0,57.4965934753418,222.0,0.0
1587,0.0,1892.0,10.426733016967772,36.99,65.50028228759766,1312.0,0.0,1367.0,0.0017192877130582,100.0,57.4965934753418,222.0,0.0
1588,0.0,1892.0,10.426733016967772,36.99,65.50028228759766,1312.0,0.0,1367.0,0.0017192877130582,100.0,57.4965934753418,222.0,0.0
1589,0.0,1892.0,10.426733016967772,36.99,65.50028228759766,1312.0,0.0,1367.0,0.0017192877130582,100.0,57.4965934753418,222.0,0.0
1590,0.0,1892.0,10.426733016967772,36.99,65.50028228759766,1312.0,0.0,1367.0,0.0017192877130582,100.0,57.4965934753418,222.0,0.0
1591,0.0,1892.0,10.376508712768556,36.99,65.34204864501953,1205.0,0.0,1367.0,0.0010143795516341,100.0,57.431495666503906,111.0,0.0
1592,0.0,1892.0,10.376508712768556,36.99,65.34204864501953,1205.0,0.0,1367.0,0.0010143795516341,100.0,57.431495666503906,111.0,0.0
1593,0.0,1892.0,10.376508712768556,36.99,65.34204864501953,1205.0,0.0,1367.0,0.0010143795516341,100.0,57.431495666503906,111.0,0.0
1594,0.0,1892.0,10.376508712768556,36.99,65.34204864501953,1205.0,0.0,1367.0,0.0010143795516341,100.0,57.431495666503906,111.0,0.0
1595,0.0,1892.0,10.376508712768556,36.99,65.34204864501953,1205.0,0.0,1367.0,0.0010143795516341,100.0,57.431495666503906,111.0,0.0
1596,0.0,1892.0,10.263038635253906,36.99,64.76485443115234,1028.0,0.0,1367.0,0.0016059617046266,100.0,57.39451217651367,222.0,0.0
1597,0.0,1892.0,10.263038635253906,36.99,64.76485443115234,1028.0,0.0,1367.0,0.0016059617046266,100.0,57.39451217651367,222.0,0.0
1598,0.0,1892.0,10.263038635253906,36.99,64.76485443115234,1028.0,0.0,1367.0,0.0016059617046266,100.0,57.39451217651367,222.0,0.0
1599,0.0,1892.0,10.263038635253906,36.99,64.76485443115234,1028.0,0.0,1367.0,0.0016059617046266,100.0,57.39451217651367,222.0,0.0
1600,0.0,1892.0,10.263038635253906,36.99,64.76485443115234,1028.0,0.0,1367.0,0.0016059617046266,100.0,57.39451217651367,222.0,0.0
1601,0.0,1892.0,10.171331405639648,36.99,66.67140197753906,1352.0,0.0,1367.0,0.0013859510654583,100.0,57.3660774230957,222.0,0.0
1602,0.0,1892.0,10.171331405639648,36.99,66.67140197753906,1352.0,0.0,1367.0,0.0013859510654583,100.0,57.3660774230957,222.0,0.0
1603,0.0,1892.0,10.171331405639648,36.99,66.67140197753906,1352.0,0.0,1367.0,0.0013859510654583,100.0,57.3660774230957,222.0,0.0
1604,0.0,1892.0,10.171331405639648,36.99,66.67140197753906,1352.0,0.0,1367.0,0.0013859510654583,100.0,57.3660774230957,222.0,0.0
1605,0.0,1892.0,10.171331405639648,36.99,66.67140197753906,1352.0,0.0,1367.0,0.0013859510654583,100.0,57.3660774230957,222.0,0.0
1606,0.0,1892.0,10.326732635498049,36.99,65.79425811767578,1513.0,0.0,1367.0,0.0009648891282267,100.0,57.3460807800293,111.0,0.0
1607,0.0,1892.0,10.326732635498049,36.99,65.79425811767578,1513.0,0.0,1367.0,0.0009648891282267,100.0,57.3460807800293,111.0,0.0
1608,0.0,1892.0,10.326732635498049,36.99,65.79425811767578,1513.0,0.0,1367.0,0.0009648891282267,100.0,57.3460807800293,111.0,0.0
1609,0.0,1892.0,10.326732635498049,36.99,65.79425811767578,1513.0,0.0,1367.0,0.0009648891282267,100.0,57.3460807800293,111.0,0.0
1610,0.0,1892.0,10.326732635498049,36.99,65.79425811767578,1513.0,0.0,1367.0,0.0009648891282267,100.0,57.3460807800293,111.0,0.0
1611,0.0,1892.0,10.188278198242188,36.99,65.98600006103516,1266.0,0.0,1367.0,0.0047840257175266,100.0,57.532745361328125,333.0,0.0
1612,0.0,1892.0,10.188278198242188,36.99,65.98600006103516,1266.0,0.0,1367.0,0.0047840257175266,100.0,57.532745361328125,333.0,0.0
1613,0.0,1892.0,10.188278198242188,36.99,65.98600006103516,1266.0,0.0,1367.0,0.0047840257175266,100.0,57.532745361328125,333.0,0.0
1614,0.0,1892.0,10.188278198242188,36.99,65.98600006103516,1266.0,0.0,1367.0,0.0047840257175266,100.0,57.532745361328125,333.0,0.0
1615,0.0,1892.0,10.188278198242188,36.99,65.98600006103516,1266.0,0.0,1367.0,0.0047840257175266,100.0,57.532745361328125,333.0,0.0
1616,0.0,1892.0,10.166863441467283,36.99,64.66259002685547,1265.0,0.0,1367.0,0.0009846050525084,100.0,57.51065826416016,111.0,0.0
1617,0.0,1892.0,10.166863441467283,36.99,64.66259002685547,1265.0,0.0,1367.0,0.0009846050525084,100.0,57.51065826416016,111.0,0.0
1618,0.0,1892.0,10.166863441467283,36.99,64.66259002685547,1265.0,0.0,1367.0,0.0009846050525084,100.0,57.51065826416016,111.0,0.0
1619,0.0,1892.0,10.166863441467283,36.99,64.66259002685547,1265.0,0.0,1367.0,0.0009846050525084,100.0,57.51065826416016,111.0,0.0
1620,0.0,1892.0,10.166863441467283,36.99,64.66259002685547,1265.0,0.0,1367.0,0.0009846050525084,100.0,57.51065826416016,111.0,0.0
1621,0.0,1892.0,10.216468811035156,36.99,66.25489044189453,1123.0,0.0,1367.0,0.0009611692512407,100.0,57.429412841796875,111.0,0.0
1622,0.0,1892.0,10.216468811035156,36.99,66.25489044189453,1123.0,0.0,1367.0,0.0009611692512407,100.0,57.429412841796875,111.0,0.0
1623,0.0,1892.0,10.216468811035156,36.99,66.25489044189453,1123.0,0.0,1367.0,0.0009611692512407,100.0,57.429412841796875,111.0,0.0
1624,0.0,1892.0,10.216468811035156,36.99,66.25489044189453,1123.0,0.0,1367.0,0.0009611692512407,100.0,57.429412841796875,111.0,0.0
1625,0.0,1892.0,10.216468811035156,36.99,66.25489044189453,1123.0,0.0,1367.0,0.0009611692512407,100.0,57.429412841796875,111.0,0.0
1626,0.0,1892.0,10.28388786315918,36.99,64.85910034179688,1033.0,0.0,1367.0,0.0011574542149901,100.0,57.41716766357422,222.0,0.0
1627,0.0,1892.0,10.28388786315918,36.99,64.85910034179688,1033.0,0.0,1367.0,0.0011574542149901,100.0,57.41716766357422,222.0,0.0
1628,0.0,1892.0,10.28388786315918,36.99,64.85910034179688,1033.0,0.0,1367.0,0.0011574542149901,100.0,57.41716766357422,222.0,0.0
1629,0.0,1892.0,10.28388786315918,36.99,64.85910034179688,1033.0,0.0,1367.0,0.0011574542149901,100.0,57.41716766357422,222.0,0.0
1630,0.0,1892.0,10.28388786315918,36.99,64.85910034179688,1033.0,0.0,1367.0,0.0011574542149901,100.0,57.41716766357422,222.0,0.0
1631,0.0,1892.0,10.339287757873535,36.99,65.37417602539062,1102.0,0.0,1367.0,0.0007318573771044,100.0,57.320037841796875,111.0,0.0
1632,0.0,1892.0,10.339287757873535,36.99,65.37417602539062,1102.0,0.0,1367.0,0.0007318573771044,100.0,57.320037841796875,111.0,0.0
1633,0.0,1892.0,10.339287757873535,36.99,65.37417602539062,1102.0,0.0,1367.0,0.0007318573771044,100.0,57.320037841796875,111.0,0.0
1634,0.0,1892.0,10.339287757873535,36.99,65.37417602539062,1102.0,0.0,1367.0,0.0007318573771044,100.0,57.320037841796875,111.0,0.0
1635,0.0,1892.0,10.339287757873535,36.99,65.37417602539062,1102.0,0.0,1367.0,0.0007318573771044,100.0,57.320037841796875,111.0,0.0
1636,0.0,1892.0,10.445295333862305,36.99,65.4466552734375,1206.0,0.0,1367.0,0.0019582791719585,100.0,57.35795211791992,222.0,0.0
1637,0.0,1892.0,10.445295333862305,36.99,65.4466552734375,1206.0,0.0,1367.0,0.0019582791719585,100.0,57.35795211791992,222.0,0.0
1638,0.0,1892.0,10.445295333862305,36.99,65.4466552734375,1206.0,0.0,1367.0,0.0019582791719585,100.0,57.35795211791992,222.0,0.0
1639,0.0,1892.0,10.445295333862305,36.99,65.4466552734375,1206.0,0.0,1367.0,0.0019582791719585,100.0,57.35795211791992,222.0,0.0
1640,0.0,1892.0,10.445295333862305,36.99,65.4466552734375,1206.0,0.0,1367.0,0.0019582791719585,100.0,57.35795211791992,222.0,0.0
1641,0.0,1892.0,10.31959056854248,36.99,65.3608169555664,1216.0,0.0,1367.0,0.0002572986413724,100.0,57.33357620239258,111.0,0.0
1642,0.0,1892.0,10.31959056854248,36.99,65.3608169555664,1216.0,0.0,1367.0,0.0002572986413724,100.0,57.33357620239258,111.0,0.0
1643,0.0,1892.0,10.31959056854248,36.99,65.3608169555664,1216.0,0.0,1367.0,0.0002572986413724,100.0,57.33357620239258,111.0,0.0
1644,0.0,1892.0,10.31959056854248,36.99,65.3608169555664,1216.0,0.0,1367.0,0.0002572986413724,100.0,57.33357620239258,111.0,0.0
1645,0.0,1892.0,10.31959056854248,36.99,65.3608169555664,1216.0,0.0,1367.0,0.0002572986413724,100.0,57.33357620239258,111.0,0.0
1646,0.0,1892.0,10.156461715698242,36.99,66.88240814208984,1372.0,0.0,1367.0,0.0016798921860754,100.0,57.35701370239258,222.0,0.0
1647,0.0,1892.0,10.156461715698242,36.99,66.88240814208984,1372.0,0.0,1367.0,0.0016798921860754,100.0,57.35701370239258,222.0,0.0
1648,0.0,1892.0,10.156461715698242,36.99,66.88240814208984,1372.0,0.0,1367.0,0.0016798921860754,100.0,57.35701370239258,222.0,0.0
1649,0.0,1892.0,10.156461715698242,36.99,66.88240814208984,1372.0,0.0,1367.0,0.0016798921860754,100.0,57.35701370239258,222.0,0.0
1650,0.0,1892.0,10.156461715698242,36.99,66.88240814208984,1372.0,0.0,1367.0,0.0016798921860754,100.0,57.35701370239258,222.0,0.0
1651,0.0,1892.0,11.138364791870115,36.99,66.1963882446289,1583.0,0.0,1367.0,0.0012435787357389,100.0,57.422950744628906,111.0,0.0
1652,0.0,1892.0,11.138364791870115,36.99,66.1963882446289,1583.0,0.0,1367.0,0.0012435787357389,100.0,57.422950744628906,111.0,0.0
1653,0.0,1892.0,11.138364791870115,36.99,66.1963882446289,1583.0,0.0,1367.0,0.0012435787357389,100.0,57.422950744628906,111.0,0.0
1654,0.0,1892.0,11.138364791870115,36.99,66.1963882446289,1583.0,0.0,1367.0,0.0012435787357389,100.0,57.422950744628906,111.0,0.0
1655,0.0,1892.0,11.138364791870115,36.99,66.1963882446289,1583.0,0.0,1367.0,0.0012435787357389,100.0,57.422950744628906,111.0,0.0
1656,0.0,1892.0,10.161809921264648,36.99,67.14582824707031,1423.0,0.0,1367.0,0.0007383579504676,100.0,57.79815673828125,222.0,0.0
1657,0.0,1892.0,10.161809921264648,36.99,67.14582824707031,1423.0,0.0,1367.0,0.0007383579504676,100.0,57.79815673828125,222.0,0.0
1658,0.0,1892.0,10.161809921264648,36.99,67.14582824707031,1423.0,0.0,1367.0,0.0007383579504676,100.0,57.79815673828125,222.0,0.0
1659,0.0,1892.0,10.161809921264648,36.99,67.14582824707031,1423.0,0.0,1367.0,0.0007383579504676,100.0,57.79815673828125,222.0,0.0
1660,0.0,1892.0,10.161809921264648,36.99,67.14582824707031,1423.0,0.0,1367.0,0.0007383579504676,100.0,57.79815673828125,222.0,0.0
1661,0.0,1892.0,10.236432075500488,36.99,64.67008209228516,1301.0,0.0,1367.0,0.0021955077536404,100.0,57.47003936767578,111.0,0.0
1662,0.0,1892.0,10.236432075500488,36.99,64.67008209228516,1301.0,0.0,1367.0,0.0021955077536404,100.0,57.47003936767578,111.0,0.0
1663,0.0,1892.0,10.236432075500488,36.99,64.67008209228516,1301.0,0.0,1367.0,0.0021955077536404,100.0,57.47003936767578,111.0,0.0
1664,0.0,1892.0,10.236432075500488,36.99,64.67008209228516,1301.0,0.0,1367.0,0.0021955077536404,100.0,57.47003936767578,111.0,0.0
1665,0.0,1892.0,10.236432075500488,36.99,64.67008209228516,1301.0,0.0,1367.0,0.0021955077536404,100.0,57.47003936767578,111.0,0.0
1666,0.0,1892.0,10.30406379699707,36.99,65.5390396118164,1108.0,0.0,1367.0,0.0012041478184983,100.0,57.50388717651367,222.0,0.0
1667,0.0,1892.0,10.30406379699707,36.99,65.5390396118164,1108.0,0.0,1367.0,0.0012041478184983,100.0,57.50388717651367,222.0,0.0
1668,0.0,1892.0,10.30406379699707,36.99,65.5390396118164,1108.0,0.0,1367.0,0.0012041478184983,100.0,57.50388717651367,222.0,0.0
1669,0.0,1892.0,10.30406379699707,36.99,65.5390396118164,1108.0,0.0,1367.0,0.0012041478184983,100.0,57.50388717651367,222.0,0.0
1670,0.0,1892.0,10.30406379699707,36.99,65.5390396118164,1108.0,0.0,1367.0,0.0012041478184983,100.0,57.50388717651367,222.0,0.0
1671,0.0,1892.0,10.2677640914917,36.99,65.92586517333984,963.0,0.0,1367.0,0.0013636021176353,100.0,57.39607620239258,111.0,0.0
1672,0.0,1892.0,10.2677640914917,36.99,65.92586517333984,963.0,0.0,1367.0,0.0013636021176353,100.0,57.39607620239258,111.0,0.0
1673,0.0,1892.0,10.2677640914917,36.99,65.92586517333984,963.0,0.0,1367.0,0.0013636021176353,100.0,57.39607620239258,111.0,0.0
1674,0.0,1892.0,10.2677640914917,36.99,65.92586517333984,963.0,0.0,1367.0,0.0013636021176353,100.0,57.39607620239258,111.0,0.0
1675,0.0,1892.0,10.2677640914917,36.99,65.92586517333984,963.0,0.0,1367.0,0.0013636021176353,100.0,57.39607620239258,111.0,0.0
1676,0.0,1892.0,10.337580680847168,36.99,64.76428985595703,1087.0,0.0,1367.0,0.0010195319773629,100.0,57.2929573059082,188.0,0.0
1677,0.0,1892.0,10.337580680847168,36.99,64.76428985595703,1087.0,0.0,1367.0,0.0010195319773629,100.0,57.2929573059082,188.0,0.0
1678,0.0,1892.0,10.337580680847168,36.99,64.76428985595703,1087.0,0.0,1367.0,0.0010195319773629,100.0,57.2929573059082,188.0,0.0
1679,0.0,1892.0,10.337580680847168,36.99,64.76428985595703,1087.0,0.0,1367.0,0.0010195319773629,100.0,57.2929573059082,188.0,0.0
1680,0.0,1892.0,10.337580680847168,36.99,64.76428985595703,1087.0,0.0,1367.0,0.0010195319773629,100.0,57.2929573059082,188.0,0.0
1681,0.0,1892.0,10.33791446685791,36.99,64.67247772216797,1231.0,0.0,1367.0,0.0007612208137288,100.0,57.25232696533203,111.0,0.0
1682,0.0,1892.0,10.33791446685791,36.99,64.67247772216797,1231.0,0.0,1367.0,0.0007612208137288,100.0,57.25232696533203,111.0,0.0
1683,0.0,1892.0,10.33791446685791,36.99,64.67247772216797,1231.0,0.0,1367.0,0.0007612208137288,100.0,57.25232696533203,111.0,0.0
1684,0.0,1892.0,10.33791446685791,36.99,64.67247772216797,1231.0,0.0,1367.0,0.0007612208137288,100.0,57.25232696533203,111.0,0.0
1685,0.0,1892.0,10.33791446685791,36.99,64.67247772216797,1231.0,0.0,1367.0,0.0007612208137288,100.0,57.25232696533203,111.0,0.0
1686,0.0,1892.0,10.376574516296388,36.99,66.41143035888672,1284.0,0.0,1367.0,0.0096390610560774,100.0,57.38982391357422,289.0,0.0
1687,0.0,1892.0,10.376574516296388,36.99,66.41143035888672,1284.0,0.0,1367.0,0.0096390610560774,100.0,57.38982391357422,289.0,0.0
1688,0.0,1892.0,10.376574516296388,36.99,66.41143035888672,1284.0,0.0,1367.0,0.0096390610560774,100.0,57.38982391357422,289.0,0.0
1689,0.0,1892.0,10.376574516296388,36.99,66.41143035888672,1284.0,0.0,1367.0,0.0096390610560774,100.0,57.38982391357422,289.0,0.0
1690,0.0,1892.0,10.376574516296388,36.99,66.41143035888672,1284.0,0.0,1367.0,0.0096390610560774,100.0,57.38982391357422,289.0,0.0
1691,0.0,1892.0,10.078490257263184,36.99,64.5345687866211,1023.0,0.0,1367.0,0.0019677174277603,100.0,57.2715950012207,222.0,0.0
1692,0.0,1892.0,10.078490257263184,36.99,64.5345687866211,1023.0,0.0,1367.0,0.0019677174277603,100.0,57.2715950012207,222.0,0.0
1693,0.0,1892.0,10.078490257263184,36.99,64.5345687866211,1023.0,0.0,1367.0,0.0019677174277603,100.0,57.2715950012207,222.0,0.0
1694,0.0,1892.0,10.078490257263184,36.99,64.5345687866211,1023.0,0.0,1367.0,0.0019677174277603,100.0,57.2715950012207,222.0,0.0
1695,0.0,1892.0,10.078490257263184,36.99,64.5345687866211,1023.0,0.0,1367.0,0.0019677174277603,100.0,57.2715950012207,222.0,0.0
1696,0.0,1892.0,10.03428840637207,36.99,64.59419250488281,974.0,0.0,1367.0,0.0017129088519141,100.0,57.26482391357422,111.0,0.0
1697,0.0,1892.0,10.03428840637207,36.99,64.59419250488281,974.0,0.0,1367.0,0.0017129088519141,100.0,57.26482391357422,111.0,0.0
1698,0.0,1892.0,10.03428840637207,36.99,64.59419250488281,974.0,0.0,1367.0,0.0017129088519141,100.0,57.26482391357422,111.0,0.0
1699,0.0,1892.0,10.03428840637207,36.99,64.59419250488281,974.0,0.0,1367.0,0.0017129088519141,100.0,57.26482391357422,111.0,0.0
1700,0.0,1892.0,10.03428840637207,36.99,64.59419250488281,974.0,0.0,1367.0,0.0017129088519141,100.0,57.26482391357422,111.0,0.0
1701,0.0,1892.0,10.252134323120115,36.99,65.27822875976562,1273.0,0.0,1367.0,0.0007074457244016,100.0,57.318992614746094,111.0,0.0
1702,0.0,1892.0,10.252134323120115,36.99,65.27822875976562,1273.0,0.0,1367.0,0.0007074457244016,100.0,57.318992614746094,111.0,0.0
1703,0.0,1892.0,10.252134323120115,36.99,65.27822875976562,1273.0,0.0,1367.0,0.0007074457244016,100.0,57.318992614746094,111.0,0.0
1704,0.0,1892.0,10.252134323120115,36.99,65.27822875976562,1273.0,0.0,1367.0,0.0007074457244016,100.0,57.318992614746094,111.0,0.0
1705,0.0,1892.0,10.252134323120115,36.99,65.27822875976562,1273.0,0.0,1367.0,0.0007074457244016,100.0,57.318992614746094,111.0,0.0
1706,0.0,1892.0,11.696622848510742,36.99,67.19115447998047,1700.0,0.0,1367.0,0.0020870333537459,100.0,57.647117614746094,222.0,0.0
1707,0.0,1892.0,11.696622848510742,36.99,67.19115447998047,1700.0,0.0,1367.0,0.0020870333537459,100.0,57.647117614746094,222.0,0.0
1708,0.0,1892.0,11.696622848510742,36.99,67.19115447998047,1700.0,0.0,1367.0,0.0020870333537459,100.0,57.647117614746094,222.0,0.0
1709,0.0,1892.0,11.696622848510742,36.99,67.19115447998047,1700.0,0.0,1367.0,0.0020870333537459,100.0,57.647117614746094,222.0,0.0
1710,0.0,1892.0,11.696622848510742,36.99,67.19115447998047,1700.0,0.0,1367.0,0.0020870333537459,100.0,57.647117614746094,222.0,0.0
1711,0.0,1892.0,10.958842277526855,36.99,67.66161346435547,1566.0,0.0,1367.0,0.0606347993016243,100.0,57.638389587402344,444.0,0.0
1712,0.0,1892.0,10.958842277526855,36.99,67.66161346435547,1566.0,0.0,1367.0,0.0606347993016243,100.0,57.638389587402344,444.0,0.0
1713,0.0,1892.0,10.958842277526855,36.99,67.66161346435547,1566.0,0.0,1367.0,0.0606347993016243,100.0,57.638389587402344,444.0,0.0
1714,0.0,1892.0,10.958842277526855,36.99,67.66161346435547,1566.0,0.0,1367.0,0.0606347993016243,100.0,57.638389587402344,444.0,0.0
1715,0.0,1892.0,10.958842277526855,36.99,67.66161346435547,1566.0,0.0,1367.0,0.0606347993016243,100.0,57.638389587402344,444.0,0.0
1716,0.0,1892.0,10.321757316589355,36.99,64.96027374267578,1137.0,0.0,1367.0,0.0116204340010881,100.0,57.52006149291992,333.0,0.0
1717,0.0,1892.0,10.321757316589355,36.99,64.96027374267578,1137.0,0.0,1367.0,0.0116204340010881,100.0,57.52006149291992,333.0,0.0
1718,0.0,1892.0,10.321757316589355,36.99,64.96027374267578,1137.0,0.0,1367.0,0.0116204340010881,100.0,57.52006149291992,333.0,0.0
1719,0.0,1892.0,10.321757316589355,36.99,64.96027374267578,1137.0,0.0,1367.0,0.0116204340010881,100.0,57.52006149291992,333.0,0.0
1720,0.0,1892.0,10.321757316589355,36.99,64.96027374267578,1137.0,0.0,1367.0,0.0116204340010881,100.0,57.52006149291992,333.0,0.0
1721,0.0,1892.0,10.359868049621582,36.99,64.63735961914062,1066.0,0.0,1367.0,0.0007464795489795,100.0,57.306495666503906,111.0,0.0
1722,0.0,1892.0,10.359868049621582,36.99,64.63735961914062,1066.0,0.0,1367.0,0.0007464795489795,100.0,57.306495666503906,111.0,0.0
1723,0.0,1892.0,10.359868049621582,36.99,64.63735961914062,1066.0,0.0,1367.0,0.0007464795489795,100.0,57.306495666503906,111.0,0.0
1724,0.0,1892.0,10.359868049621582,36.99,64.63735961914062,1066.0,0.0,1367.0,0.0007464795489795,100.0,57.306495666503906,111.0,0.0
1725,0.0,1892.0,10.359868049621582,36.99,64.63735961914062,1066.0,0.0,1367.0,0.0007464795489795,100.0,57.306495666503906,111.0,0.0
1726,0.0,1892.0,10.317119598388672,36.99,64.70257568359375,1020.0,0.0,1367.0,0.0007218229584395,100.0,57.305458068847656,111.0,0.0
1727,0.0,1892.0,10.317119598388672,36.99,64.70257568359375,1020.0,0.0,1367.0,0.0007218229584395,100.0,57.305458068847656,111.0,0.0
1728,0.0,1892.0,10.317119598388672,36.99,64.70257568359375,1020.0,0.0,1367.0,0.0007218229584395,100.0,57.305458068847656,111.0,0.0
1729,0.0,1892.0,10.317119598388672,36.99,64.70257568359375,1020.0,0.0,1367.0,0.0007218229584395,100.0,57.305458068847656,111.0,0.0
1730,0.0,1892.0,10.317119598388672,36.99,64.70257568359375,1020.0,0.0,1367.0,0.0007218229584395,100.0,57.305458068847656,111.0,0.0
1731,0.0,1892.0,10.266136169433594,36.99,64.88480377197266,1009.0,0.0,1367.0,0.0017045972635969,100.0,57.265869140625,111.0,0.0
1732,0.0,1892.0,10.266136169433594,36.99,64.88480377197266,1009.0,0.0,1367.0,0.0017045972635969,100.0,57.265869140625,111.0,0.0
1733,0.0,1892.0,10.266136169433594,36.99,64.88480377197266,1009.0,0.0,1367.0,0.0017045972635969,100.0,57.265869140625,111.0,0.0
1734,0.0,1892.0,10.266136169433594,36.99,64.88480377197266,1009.0,0.0,1367.0,0.0017045972635969,100.0,57.265869140625,111.0,0.0
1735,0.0,1892.0,10.266136169433594,36.99,64.88480377197266,1009.0,0.0,1367.0,0.0017045972635969,100.0,57.265869140625,111.0,0.0
1736,0.0,1892.0,10.119544982910156,36.99,64.95680236816406,1207.0,0.0,1367.0,0.0006354299257509,100.0,57.299827575683594,111.0,0.0
1737,0.0,1892.0,10.119544982910156,36.99,64.95680236816406,1207.0,0.0,1367.0,0.0006354299257509,100.0,57.299827575683594,111.0,0.0
1738,0.0,1892.0,10.119544982910156,36.99,64.95680236816406,1207.0,0.0,1367.0,0.0006354299257509,100.0,57.299827575683594,111.0,0.0
1739,0.0,1892.0,10.119544982910156,36.99,64.95680236816406,1207.0,0.0,1367.0,0.0006354299257509,100.0,57.299827575683594,111.0,0.0
1740,0.0,1892.0,10.119544982910156,36.99,64.95680236816406,1207.0,0.0,1367.0,0.0006354299257509,100.0,57.299827575683594,111.0,0.0
1741,0.0,1892.0,10.19597625732422,36.99,64.46002197265625,1301.0,0.0,1367.0,0.0014139065751805,100.0,57.45701217651367,111.0,0.0
1742,0.0,1892.0,10.19597625732422,36.99,64.46002197265625,1301.0,0.0,1367.0,0.0014139065751805,100.0,57.45701217651367,111.0,0.0
1743,0.0,1892.0,10.19597625732422,36.99,64.46002197265625,1301.0,0.0,1367.0,0.0014139065751805,100.0,57.45701217651367,111.0,0.0
1744,0.0,1892.0,10.19597625732422,36.99,64.46002197265625,1301.0,0.0,1367.0,0.0014139065751805,100.0,57.45701217651367,111.0,0.0
1745,0.0,1892.0,10.19597625732422,36.99,64.46002197265625,1301.0,0.0,1367.0,0.0014139065751805,100.0,57.45701217651367,111.0,0.0
1746,0.0,1892.0,10.163344383239746,36.99,64.65457916259766,1110.0,0.0,1367.0,0.0015508035430684,100.0,57.45732879638672,111.0,0.0
1747,0.0,1892.0,10.163344383239746,36.99,64.65457916259766,1110.0,0.0,1367.0,0.0015508035430684,100.0,57.45732879638672,111.0,0.0
1748,0.0,1892.0,10.163344383239746,36.99,64.65457916259766,1110.0,0.0,1367.0,0.0015508035430684,100.0,57.45732879638672,111.0,0.0
1749,0.0,1892.0,10.163344383239746,36.99,64.65457916259766,1110.0,0.0,1367.0,0.0015508035430684,100.0,57.45732879638672,111.0,0.0
1750,0.0,1892.0,10.163344383239746,36.99,64.65457916259766,1110.0,0.0,1367.0,0.0015508035430684,100.0,57.45732879638672,111.0,0.0
1751,0.0,1892.0,10.219159126281738,36.99,65.9644775390625,1473.0,0.0,1367.0,0.0007453277357853,100.0,57.2794075012207,111.0,0.0
1752,0.0,1892.0,10.219159126281738,36.99,65.9644775390625,1473.0,0.0,1367.0,0.0007453277357853,100.0,57.2794075012207,111.0,0.0
1753,0.0,1892.0,10.219159126281738,36.99,65.9644775390625,1473.0,0.0,1367.0,0.0007453277357853,100.0,57.2794075012207,111.0,0.0
1754,0.0,1892.0,10.219159126281738,36.99,65.9644775390625,1473.0,0.0,1367.0,0.0007453277357853,100.0,57.2794075012207,111.0,0.0
1755,0.0,1892.0,10.219159126281738,36.99,65.9644775390625,1473.0,0.0,1367.0,0.0007453277357853,100.0,57.2794075012207,111.0,0.0
1756,0.0,1892.0,10.373064041137695,36.99,67.4860610961914,1231.0,0.0,1367.0,0.0019492044812068,100.0,57.593994140625,111.0,0.0
1757,0.0,1892.0,10.373064041137695,36.99,67.4860610961914,1231.0,0.0,1367.0,0.0019492044812068,100.0,57.593994140625,111.0,0.0
1758,0.0,1892.0,10.373064041137695,36.99,67.4860610961914,1231.0,0.0,1367.0,0.0019492044812068,100.0,57.593994140625,111.0,0.0
1759,0.0,1892.0,10.373064041137695,36.99,67.4860610961914,1231.0,0.0,1367.0,0.0019492044812068,100.0,57.593994140625,111.0,0.0
1760,0.0,1892.0,10.373064041137695,36.99,67.4860610961914,1231.0,0.0,1367.0,0.0019492044812068,100.0,57.593994140625,111.0,0.0
1761,0.0,1892.0,10.27511215209961,36.99,65.54064178466797,1102.0,0.0,1367.0,0.0012395866215229,100.0,57.38825607299805,111.0,0.0
1762,0.0,1892.0,10.27511215209961,36.99,65.54064178466797,1102.0,0.0,1367.0,0.0012395866215229,100.0,57.38825607299805,111.0,0.0
1763,0.0,1892.0,10.27511215209961,36.99,65.54064178466797,1102.0,0.0,1367.0,0.0012395866215229,100.0,57.38825607299805,111.0,0.0
1764,0.0,1892.0,10.27511215209961,36.99,65.54064178466797,1102.0,0.0,1367.0,0.0012395866215229,100.0,57.38825607299805,111.0,0.0
1765,0.0,1892.0,10.27511215209961,36.99,65.54064178466797,1102.0,0.0,1367.0,0.0012395866215229,100.0,57.38825607299805,111.0,0.0
1766,0.0,1892.0,10.329107284545898,36.99,64.79010009765625,1190.0,0.0,1367.0,0.0118215074762701,100.0,57.312957763671875,222.0,0.0
1767,0.0,1892.0,10.329107284545898,36.99,64.79010009765625,1190.0,0.0,1367.0,0.0118215074762701,100.0,57.312957763671875,222.0,0.0
1768,0.0,1892.0,10.329107284545898,36.99,64.79010009765625,1190.0,0.0,1367.0,0.0118215074762701,100.0,57.312957763671875,222.0,0.0
1769,0.0,1892.0,10.329107284545898,36.99,64.79010009765625,1190.0,0.0,1367.0,0.0118215074762701,100.0,57.312957763671875,222.0,0.0
1770,0.0,1892.0,10.329107284545898,36.99,64.79010009765625,1190.0,0.0,1367.0,0.0118215074762701,100.0,57.312957763671875,222.0,0.0
1771,0.0,1892.0,10.406753540039062,36.99,64.58917999267578,1522.0,0.0,1367.0,0.0019284707959741,100.0,57.351280212402344,378.0,0.0
1772,0.0,1892.0,10.406753540039062,36.99,64.58917999267578,1522.0,0.0,1367.0,0.0019284707959741,100.0,57.351280212402344,378.0,0.0
1773,0.0,1892.0,10.406753540039062,36.99,64.58917999267578,1522.0,0.0,1367.0,0.0019284707959741,100.0,57.351280212402344,378.0,0.0
1774,0.0,1892.0,10.406753540039062,36.99,64.58917999267578,1522.0,0.0,1367.0,0.0019284707959741,100.0,57.351280212402344,378.0,0.0
1775,0.0,1892.0,10.406753540039062,36.99,64.58917999267578,1522.0,0.0,1367.0,0.0019284707959741,100.0,57.351280212402344,378.0,0.0
1776,0.0,1892.0,10.209976196289062,36.99,64.64886474609375,1127.0,0.0,1367.0,0.0007459358312189,100.0,57.3481559753418,111.0,0.0
1777,0.0,1892.0,10.209976196289062,36.99,64.64886474609375,1127.0,0.0,1367.0,0.0007459358312189,100.0,57.3481559753418,111.0,0.0
1778,0.0,1892.0,10.209976196289062,36.99,64.64886474609375,1127.0,0.0,1367.0,0.0007459358312189,100.0,57.3481559753418,111.0,0.0
1779,0.0,1892.0,10.209976196289062,36.99,64.64886474609375,1127.0,0.0,1367.0,0.0007459358312189,100.0,57.3481559753418,111.0,0.0
1780,0.0,1892.0,10.209976196289062,36.99,64.64886474609375,1127.0,0.0,1367.0,0.0007459358312189,100.0,57.3481559753418,111.0,0.0
1781,0.0,1892.0,10.163518905639648,36.99,66.23564910888672,1057.0,0.0,1367.0,0.0021240133792161,100.0,57.25232696533203,222.0,0.0
1782,0.0,1892.0,10.163518905639648,36.99,66.23564910888672,1057.0,0.0,1367.0,0.0021240133792161,100.0,57.25232696533203,222.0,0.0
1783,0.0,1892.0,10.163518905639648,36.99,66.23564910888672,1057.0,0.0,1367.0,0.0021240133792161,100.0,57.25232696533203,222.0,0.0
1784,0.0,1892.0,10.163518905639648,36.99,66.23564910888672,1057.0,0.0,1367.0,0.0021240133792161,100.0,57.25232696533203,222.0,0.0
1785,0.0,1892.0,10.163518905639648,36.99,66.23564910888672,1057.0,0.0,1367.0,0.0021240133792161,100.0,57.25232696533203,222.0,0.0
1786,0.0,1892.0,10.046112060546877,36.99,65.17603302001953,1033.0,0.0,1367.0,0.0013928541447967,100.0,57.40180587768555,222.0,0.0
1787,0.0,1892.0,10.046112060546877,36.99,65.17603302001953,1033.0,0.0,1367.0,0.0013928541447967,100.0,57.40180587768555,222.0,0.0
1788,0.0,1892.0,10.046112060546877,36.99,65.17603302001953,1033.0,0.0,1367.0,0.0013928541447967,100.0,57.40180587768555,222.0,0.0
1789,0.0,1892.0,10.046112060546877,36.99,65.17603302001953,1033.0,0.0,1367.0,0.0013928541447967,100.0,57.40180587768555,222.0,0.0
1790,0.0,1892.0,10.046112060546877,36.99,65.17603302001953,1033.0,0.0,1367.0,0.0013928541447967,100.0,57.40180587768555,222.0,0.0
1791,0.0,1892.0,10.028131484985352,36.99,64.14978790283203,973.0,0.0,1367.0,0.0014492032350972,100.0,57.27482223510742,111.0,0.0
1792,0.0,1892.0,10.028131484985352,36.99,64.14978790283203,973.0,0.0,1367.0,0.0014492032350972,100.0,57.27482223510742,111.0,0.0
1793,0.0,1892.0,10.028131484985352,36.99,64.14978790283203,973.0,0.0,1367.0,0.0014492032350972,100.0,57.27482223510742,111.0,0.0
1794,0.0,1892.0,10.028131484985352,36.99,64.14978790283203,973.0,0.0,1367.0,0.0014492032350972,100.0,57.27482223510742,111.0,0.0
1795,0.0,1892.0,10.028131484985352,36.99,64.14978790283203,973.0,0.0,1367.0,0.0014492032350972,100.0,57.27482223510742,111.0,0.0
1796,0.0,1892.0,10.149232864379885,36.99,64.3598403930664,1248.0,0.0,1367.0,0.0011636831331998,100.0,57.27836990356445,222.0,0.0
1797,0.0,1892.0,10.149232864379885,36.99,64.3598403930664,1248.0,0.0,1367.0,0.0011636831331998,100.0,57.27836990356445,222.0,0.0
1798,0.0,1892.0,10.149232864379885,36.99,64.3598403930664,1248.0,0.0,1367.0,0.0011636831331998,100.0,57.27836990356445,222.0,0.0
1799,0.0,1892.0,10.149232864379885,36.99,64.3598403930664,1248.0,0.0,1367.0,0.0011636831331998,100.0,57.27836990356445,222.0,0.0
1800,0.0,1892.0,10.149232864379885,36.99,64.3598403930664,1248.0,0.0,1367.0,0.0011636831331998,100.0,57.27836990356445,222.0,0.0
1801,0.0,1892.0,10.330973625183104,36.99,64.78496551513672,1329.0,0.0,1367.0,0.0008792491280473,100.0,57.22420120239258,111.0,0.0
1802,0.0,1892.0,10.330973625183104,36.99,64.78496551513672,1329.0,0.0,1367.0,0.0008792491280473,100.0,57.22420120239258,111.0,0.0
1803,0.0,1892.0,10.330973625183104,36.99,64.78496551513672,1329.0,0.0,1367.0,0.0008792491280473,100.0,57.22420120239258,111.0,0.0
1804,0.0,1892.0,10.330973625183104,36.99,64.78496551513672,1329.0,0.0,1367.0,0.0008792491280473,100.0,57.22420120239258,111.0,0.0
1805,0.0,1892.0,10.330973625183104,36.99,64.78496551513672,1329.0,0.0,1367.0,0.0008792491280473,100.0,57.22420120239258,111.0,0.0
1806,0.0,1892.0,10.432019233703612,36.99,65.5989761352539,1316.0,0.0,1367.0,0.0020381102804094,100.0,57.28662872314453,286.0,0.0
1807,0.0,1892.0,10.432019233703612,36.99,65.5989761352539,1316.0,0.0,1367.0,0.0020381102804094,100.0,57.28662872314453,286.0,0.0
1808,0.0,1892.0,10.432019233703612,36.99,65.5989761352539,1316.0,0.0,1367.0,0.0020381102804094,100.0,57.28662872314453,286.0,0.0
1809,0.0,1892.0,10.432019233703612,36.99,65.5989761352539,1316.0,0.0,1367.0,0.0020381102804094,100.0,57.28662872314453,286.0,0.0
1810,0.0,1892.0,10.432019233703612,36.99,65.5989761352539,1316.0,0.0,1367.0,0.0020381102804094,100.0,57.28662872314453,286.0,0.0
1811,0.0,1892.0,10.378835678100586,36.99,64.7664566040039,1217.0,0.0,1367.0,0.0017445327248424,100.0,57.21691131591797,260.0,0.0
1812,0.0,1892.0,10.378835678100586,36.99,64.7664566040039,1217.0,0.0,1367.0,0.0017445327248424,100.0,57.21691131591797,260.0,0.0
1813,0.0,1892.0,10.378835678100586,36.99,64.7664566040039,1217.0,0.0,1367.0,0.0017445327248424,100.0,57.21691131591797,260.0,0.0
1814,0.0,1892.0,10.378835678100586,36.99,64.7664566040039,1217.0,0.0,1367.0,0.0017445327248424,100.0,57.21691131591797,260.0,0.0
1815,0.0,1892.0,10.378835678100586,36.99,64.7664566040039,1217.0,0.0,1367.0,0.0017445327248424,100.0,57.21691131591797,260.0,0.0
1816,0.0,1892.0,10.29315185546875,36.99,64.5706787109375,980.0,0.0,1367.0,0.0011038492666557,100.0,57.225242614746094,111.0,0.0
1817,0.0,1892.0,10.29315185546875,36.99,64.5706787109375,980.0,0.0,1367.0,0.0011038492666557,100.0,57.225242614746094,111.0,0.0
1818,0.0,1892.0,10.29315185546875,36.99,64.5706787109375,980.0,0.0,1367.0,0.0011038492666557,100.0,57.225242614746094,111.0,0.0
1819,0.0,1892.0,10.29315185546875,36.99,64.5706787109375,980.0,0.0,1367.0,0.0011038492666557,100.0,57.225242614746094,111.0,0.0
1820,0.0,1892.0,10.29315185546875,36.99,64.5706787109375,980.0,0.0,1367.0,0.0011038492666557,100.0,57.225242614746094,111.0,0.0
1821,0.0,1892.0,10.18118667602539,36.99,65.58576965332031,1126.0,0.0,1367.0,0.000828759802971,100.0,57.25128936767578,292.0,0.0
1822,0.0,1892.0,10.18118667602539,36.99,65.58576965332031,1126.0,0.0,1367.0,0.000828759802971,100.0,57.25128936767578,292.0,0.0
1823,0.0,1892.0,10.18118667602539,36.99,65.58576965332031,1126.0,0.0,1367.0,0.000828759802971,100.0,57.25128936767578,292.0,0.0
1824,0.0,1892.0,10.18118667602539,36.99,65.58576965332031,1126.0,0.0,1367.0,0.000828759802971,100.0,57.25128936767578,292.0,0.0
1825,0.0,1892.0,10.18118667602539,36.99,65.58576965332031,1126.0,0.0,1367.0,0.000828759802971,100.0,57.25128936767578,292.0,0.0
1826,0.0,1892.0,10.12871265411377,36.99,64.98241424560547,1247.0,0.0,1367.0,0.0018316300120204,100.0,57.28045654296875,222.0,0.0
1827,0.0,1892.0,10.12871265411377,36.99,64.98241424560547,1247.0,0.0,1367.0,0.0018316300120204,100.0,57.28045654296875,222.0,0.0
1828,0.0,1892.0,10.12871265411377,36.99,64.98241424560547,1247.0,0.0,1367.0,0.0018316300120204,100.0,57.28045654296875,222.0,0.0
1829,0.0,1892.0,10.12871265411377,36.99,64.98241424560547,1247.0,0.0,1367.0,0.0018316300120204,100.0,57.28045654296875,222.0,0.0
1830,0.0,1892.0,10.12871265411377,36.99,64.98241424560547,1247.0,0.0,1367.0,0.0018316300120204,100.0,57.28045654296875,222.0,0.0
1831,0.0,1892.0,10.237264633178713,36.99,64.73844146728516,1459.0,0.0,1367.0,0.0015910576330497,100.0,57.38774490356445,222.0,0.0
1832,0.0,1892.0,10.237264633178713,36.99,64.73844146728516,1459.0,0.0,1367.0,0.0015910576330497,100.0,57.38774490356445,222.0,0.0
1833,0.0,1892.0,10.237264633178713,36.99,64.73844146728516,1459.0,0.0,1367.0,0.0015910576330497,100.0,57.38774490356445,222.0,0.0
1834,0.0,1892.0,10.237264633178713,36.99,64.73844146728516,1459.0,0.0,1367.0,0.0015910576330497,100.0,57.38774490356445,222.0,0.0
1835,0.0,1892.0,10.237264633178713,36.99,64.73844146728516,1459.0,0.0,1367.0,0.0015910576330497,100.0,57.38774490356445,222.0,0.0
1836,0.0,1892.0,10.137686729431152,36.99,64.58092498779297,1118.0,0.0,1367.0,0.0023912850301712,100.0,57.27185821533203,222.0,0.0
1837,0.0,1892.0,10.137686729431152,36.99,64.58092498779297,1118.0,0.0,1367.0,0.0023912850301712,100.0,57.27185821533203,222.0,0.0
1838,0.0,1892.0,10.137686729431152,36.99,64.58092498779297,1118.0,0.0,1367.0,0.0023912850301712,100.0,57.27185821533203,222.0,0.0
1839,0.0,1892.0,10.137686729431152,36.99,64.58092498779297,1118.0,0.0,1367.0,0.0023912850301712,100.0,57.27185821533203,222.0,0.0
1840,0.0,1892.0,10.137686729431152,36.99,64.58092498779297,1118.0,0.0,1367.0,0.0023912850301712,100.0,57.27185821533203,222.0,0.0
1841,0.0,1892.0,10.16062355041504,36.99,64.55652618408203,1015.0,0.0,1367.0,0.001162550644949,100.0,57.318992614746094,111.0,0.0
1842,0.0,1892.0,10.16062355041504,36.99,64.55652618408203,1015.0,0.0,1367.0,0.001162550644949,100.0,57.318992614746094,111.0,0.0
1843,0.0,1892.0,10.16062355041504,36.99,64.55652618408203,1015.0,0.0,1367.0,0.001162550644949,100.0,57.318992614746094,111.0,0.0
1844,0.0,1892.0,10.16062355041504,36.99,64.55652618408203,1015.0,0.0,1367.0,0.001162550644949,100.0,57.318992614746094,111.0,0.0
1845,0.0,1892.0,10.16062355041504,36.99,64.55652618408203,1015.0,0.0,1367.0,0.001162550644949,100.0,57.318992614746094,111.0,0.0
1846,0.0,1892.0,10.316727638244627,36.99,66.33345031738281,1302.0,0.0,1367.0,0.0010043667862191,100.0,57.29294967651367,172.0,0.0
1847,0.0,1892.0,10.316727638244627,36.99,66.33345031738281,1302.0,0.0,1367.0,0.0010043667862191,100.0,57.29294967651367,172.0,0.0
1848,0.0,1892.0,10.316727638244627,36.99,66.33345031738281,1302.0,0.0,1367.0,0.0010043667862191,100.0,57.29294967651367,172.0,0.0
1849,0.0,1892.0,10.316727638244627,36.99,66.33345031738281,1302.0,0.0,1367.0,0.0010043667862191,100.0,57.29294967651367,172.0,0.0
1850,0.0,1892.0,10.316727638244627,36.99,66.33345031738281,1302.0,0.0,1367.0,0.0010043667862191,100.0,57.29294967651367,172.0,0.0
1851,0.0,1892.0,10.393648147583008,36.99,65.83428192138672,1280.0,0.0,1367.0,0.0009326517465524,100.0,57.26482391357422,222.0,0.0
1852,0.0,1892.0,10.393648147583008,36.99,65.83428192138672,1280.0,0.0,1367.0,0.0009326517465524,100.0,57.26482391357422,222.0,0.0
1853,0.0,1892.0,10.393648147583008,36.99,65.83428192138672,1280.0,0.0,1367.0,0.0009326517465524,100.0,57.26482391357422,222.0,0.0
1854,0.0,1892.0,10.393648147583008,36.99,65.83428192138672,1280.0,0.0,1367.0,0.0009326517465524,100.0,57.26482391357422,222.0,0.0
1855,0.0,1892.0,10.393648147583008,36.99,65.83428192138672,1280.0,0.0,1367.0,0.0009326517465524,100.0,57.26482391357422,222.0,0.0
1856,0.0,1892.0,10.480819702148438,36.99,64.90604400634766,1248.0,0.0,1367.0,0.0018005897291004,100.0,57.328369140625,222.0,0.0
1857,0.0,1892.0,10.480819702148438,36.99,64.90604400634766,1248.0,0.0,1367.0,0.0018005897291004,100.0,57.328369140625,222.0,0.0
1858,0.0,1892.0,10.480819702148438,36.99,64.90604400634766,1248.0,0.0,1367.0,0.0018005897291004,100.0,57.328369140625,222.0,0.0
1859,0.0,1892.0,10.480819702148438,36.99,64.90604400634766,1248.0,0.0,1367.0,0.0018005897291004,100.0,57.328369140625,222.0,0.0
1860,0.0,1892.0,10.480819702148438,36.99,64.90604400634766,1248.0,0.0,1367.0,0.0018005897291004,100.0,57.328369140625,222.0,0.0
1861,0.0,1892.0,10.452353477478027,36.99,65.89859008789062,1389.0,0.0,1367.0,0.0366372428834438,100.0,57.42744064331055,333.0,0.0
1862,0.0,1892.0,10.452353477478027,36.99,65.89859008789062,1389.0,0.0,1367.0,0.0366372428834438,100.0,57.42744064331055,333.0,0.0
1863,0.0,1892.0,10.452353477478027,36.99,65.89859008789062,1389.0,0.0,1367.0,0.0366372428834438,100.0,57.42744064331055,333.0,0.0
1864,0.0,1892.0,10.452353477478027,36.99,65.89859008789062,1389.0,0.0,1367.0,0.0366372428834438,100.0,57.42744064331055,333.0,0.0
1865,0.0,1892.0,10.452353477478027,36.99,65.89859008789062,1389.0,0.0,1367.0,0.0366372428834438,100.0,57.42744064331055,333.0,0.0
1866,0.0,1892.0,10.209707260131836,36.99,66.33491516113281,1260.0,0.0,1367.0,0.0364696234464645,100.0,57.3521842956543,222.0,0.0
1867,0.0,1892.0,10.209707260131836,36.99,66.33491516113281,1260.0,0.0,1367.0,0.0364696234464645,100.0,57.3521842956543,222.0,0.0
1868,0.0,1892.0,10.209707260131836,36.99,66.33491516113281,1260.0,0.0,1367.0,0.0364696234464645,100.0,57.3521842956543,222.0,0.0
1869,0.0,1892.0,10.209707260131836,36.99,66.33491516113281,1260.0,0.0,1367.0,0.0364696234464645,100.0,57.3521842956543,222.0,0.0
1870,0.0,1892.0,10.209707260131836,36.99,66.33491516113281,1260.0,0.0,1367.0,0.0364696234464645,100.0,57.3521842956543,222.0,0.0
1871,0.0,1892.0,10.199758529663086,36.99,64.4290542602539,1512.0,0.0,1367.0,0.0021403899881988,100.0,57.23201370239258,111.0,0.0
1872,0.0,1892.0,10.199758529663086,36.99,64.4290542602539,1512.0,0.0,1367.0,0.0021403899881988,100.0,57.23201370239258,111.0,0.0
1873,0.0,1892.0,10.199758529663086,36.99,64.4290542602539,1512.0,0.0,1367.0,0.0021403899881988,100.0,57.23201370239258,111.0,0.0
1874,0.0,1892.0,10.199758529663086,36.99,64.4290542602539,1512.0,0.0,1367.0,0.0021403899881988,100.0,57.23201370239258,111.0,0.0
1875,0.0,1892.0,10.199758529663086,36.99,64.4290542602539,1512.0,0.0,1367.0,0.0021403899881988,100.0,57.23201370239258,111.0,0.0
1876,0.0,1892.0,10.164908409118652,36.99,64.99567413330078,1388.0,0.0,1367.0,0.0007947947597131,100.0,57.250244140625,222.0,0.0
1877,0.0,1892.0,10.164908409118652,36.99,64.99567413330078,1388.0,0.0,1367.0,0.0007947947597131,100.0,57.250244140625,222.0,0.0
1878,0.0,1892.0,10.164908409118652,36.99,64.99567413330078,1388.0,0.0,1367.0,0.0007947947597131,100.0,57.250244140625,222.0,0.0
1879,0.0,1892.0,10.164908409118652,36.99,64.99567413330078,1388.0,0.0,1367.0,0.0007947947597131,100.0,57.250244140625,222.0,0.0
1880,0.0,1892.0,10.164908409118652,36.99,64.99567413330078,1388.0,0.0,1367.0,0.0007947947597131,100.0,57.250244140625,222.0,0.0
1881,0.0,1892.0,10.139883995056152,36.99,65.00489044189453,1330.0,0.0,1367.0,0.0384008660912513,100.0,57.41544723510742,311.0,0.0
1882,0.0,1892.0,10.139883995056152,36.99,65.00489044189453,1330.0,0.0,1367.0,0.0384008660912513,100.0,57.41544723510742,311.0,0.0
1883,0.0,1892.0,10.139883995056152,36.99,65.00489044189453,1330.0,0.0,1367.0,0.0384008660912513,100.0,57.41544723510742,311.0,0.0
1884,0.0,1892.0,10.139883995056152,36.99,65.00489044189453,1330.0,0.0,1367.0,0.0384008660912513,100.0,57.41544723510742,311.0,0.0
1885,0.0,1892.0,10.139883995056152,36.99,65.00489044189453,1330.0,0.0,1367.0,0.0384008660912513,100.0,57.41544723510742,311.0,0.0
1886,0.0,1892.0,10.273159980773926,36.99,65.3868179321289,1438.0,0.0,1367.0,0.048914048820734,100.0,57.482269287109375,333.0,0.0
1887,0.0,1892.0,10.273159980773926,36.99,65.3868179321289,1438.0,0.0,1367.0,0.048914048820734,100.0,57.482269287109375,333.0,0.0
1888,0.0,1892.0,10.273159980773926,36.99,65.3868179321289,1438.0,0.0,1367.0,0.048914048820734,100.0,57.482269287109375,333.0,0.0
1889,0.0,1892.0,10.273159980773926,36.99,65.3868179321289,1438.0,0.0,1367.0,0.048914048820734,100.0,57.482269287109375,333.0,0.0
1890,0.0,1892.0,10.273159980773926,36.99,65.3868179321289,1438.0,0.0,1367.0,0.048914048820734,100.0,57.482269287109375,333.0,0.0
1891,0.0,1892.0,10.447864532470703,36.99,66.59469604492188,1290.0,0.0,1367.0,0.0007679893169552,100.0,57.292327880859375,111.0,0.0
1892,0.0,1892.0,10.447864532470703,36.99,66.59469604492188,1290.0,0.0,1367.0,0.0007679893169552,100.0,57.292327880859375,111.0,0.0
1893,0.0,1892.0,10.447864532470703,36.99,66.59469604492188,1290.0,0.0,1367.0,0.0007679893169552,100.0,57.292327880859375,111.0,0.0
1894,0.0,1892.0,10.447864532470703,36.99,66.59469604492188,1290.0,0.0,1367.0,0.0007679893169552,100.0,57.292327880859375,111.0,0.0
1895,0.0,1892.0,10.447864532470703,36.99,66.59469604492188,1290.0,0.0,1367.0,0.0007679893169552,100.0,57.292327880859375,111.0,0.0
1896,0.0,1892.0,10.58061408996582,36.99,64.7330322265625,1486.0,0.0,1367.0,0.0009657354094088,100.0,57.19815826416016,111.0,0.0
1897,0.0,1892.0,10.58061408996582,36.99,64.7330322265625,1486.0,0.0,1367.0,0.0009657354094088,100.0,57.19815826416016,111.0,0.0
1898,0.0,1892.0,10.58061408996582,36.99,64.7330322265625,1486.0,0.0,1367.0,0.0009657354094088,100.0,57.19815826416016,111.0,0.0
1899,0.0,1892.0,10.58061408996582,36.99,64.7330322265625,1486.0,0.0,1367.0,0.0009657354094088,100.0,57.19815826416016,111.0,0.0
1900,0.0,1892.0,10.58061408996582,36.99,64.7330322265625,1486.0,0.0,1367.0,0.0009657354094088,100.0,57.19815826416016,111.0,0.0
1901,0.0,1892.0,10.421785354614258,36.99,65.97135162353516,1245.0,0.0,1367.0,0.0020929863676428,100.0,57.15753173828125,333.0,0.0
1902,0.0,1892.0,10.421785354614258,36.99,65.97135162353516,1245.0,0.0,1367.0,0.0020929863676428,100.0,57.15753173828125,333.0,0.0
1903,0.0,1892.0,10.421785354614258,36.99,65.97135162353516,1245.0,0.0,1367.0,0.0020929863676428,100.0,57.15753173828125,333.0,0.0
1904,0.0,1892.0,10.421785354614258,36.99,65.97135162353516,1245.0,0.0,1367.0,0.0020929863676428,100.0,57.15753173828125,333.0,0.0
1905,0.0,1892.0,10.421785354614258,36.99,65.97135162353516,1245.0,0.0,1367.0,0.0020929863676428,100.0,57.15753173828125,333.0,0.0
1906,0.0,1892.0,10.348363876342772,36.99,65.02995300292969,1252.0,0.0,1367.0,0.0015778423985466,100.0,57.31873321533203,222.0,0.0
1907,0.0,1892.0,10.348363876342772,36.99,65.02995300292969,1252.0,0.0,1367.0,0.0015778423985466,100.0,57.31873321533203,222.0,0.0
1908,0.0,1892.0,10.348363876342772,36.99,65.02995300292969,1252.0,0.0,1367.0,0.0015778423985466,100.0,57.31873321533203,222.0,0.0
1909,0.0,1892.0,10.348363876342772,36.99,65.02995300292969,1252.0,0.0,1367.0,0.0015778423985466,100.0,57.31873321533203,222.0,0.0
1910,0.0,1892.0,10.348363876342772,36.99,65.02995300292969,1252.0,0.0,1367.0,0.0015778423985466,100.0,57.31873321533203,222.0,0.0
1911,0.0,1892.0,10.102439880371094,36.99,65.7998046875,1086.0,0.0,1367.0,0.0013814088888466,100.0,57.29451370239258,222.0,0.0
1912,0.0,1892.0,10.102439880371094,36.99,65.7998046875,1086.0,0.0,1367.0,0.0013814088888466,100.0,57.29451370239258,222.0,0.0
1913,0.0,1892.0,10.102439880371094,36.99,65.7998046875,1086.0,0.0,1367.0,0.0013814088888466,100.0,57.29451370239258,222.0,0.0
1914,0.0,1892.0,10.102439880371094,36.99,65.7998046875,1086.0,0.0,1367.0,0.0013814088888466,100.0,57.29451370239258,222.0,0.0
1915,0.0,1892.0,10.102439880371094,36.99,65.7998046875,1086.0,0.0,1367.0,0.0013814088888466,100.0,57.29451370239258,222.0,0.0
1916,0.0,1892.0,10.09648895263672,36.99,64.4511947631836,1165.0,0.0,1367.0,0.000669419998303,100.0,57.33357620239258,171.0,0.0
1917,0.0,1892.0,10.09648895263672,36.99,64.4511947631836,1165.0,0.0,1367.0,0.000669419998303,100.0,57.33357620239258,171.0,0.0
1918,0.0,1892.0,10.09648895263672,36.99,64.4511947631836,1165.0,0.0,1367.0,0.000669419998303,100.0,57.33357620239258,171.0,0.0
1919,0.0,1892.0,10.09648895263672,36.99,64.4511947631836,1165.0,0.0,1367.0,0.000669419998303,100.0,57.33357620239258,171.0,0.0
1920,0.0,1892.0,10.09648895263672,36.99,64.4511947631836,1165.0,0.0,1367.0,0.000669419998303,100.0,57.33357620239258,171.0,0.0
1921,0.0,1892.0,10.11903190612793,36.99,64.43446350097656,1118.0,0.0,1367.0,0.0009296716307289,100.0,57.196075439453125,111.0,0.0
1922,0.0,1892.0,10.11903190612793,36.99,64.43446350097656,1118.0,0.0,1367.0,0.0009296716307289,100.0,57.196075439453125,111.0,0.0
1923,0.0,1892.0,10.11903190612793,36.99,64.43446350097656,1118.0,0.0,1367.0,0.0009296716307289,100.0,57.196075439453125,111.0,0.0
1924,0.0,1892.0,10.11903190612793,36.99,64.43446350097656,1118.0,0.0,1367.0,0.0009296716307289,100.0,57.196075439453125,111.0,0.0
1925,0.0,1892.0,10.11903190612793,36.99,64.43446350097656,1118.0,0.0,1367.0,0.0009296716307289,100.0,57.196075439453125,111.0,0.0
1926,0.0,1892.0,10.15493869781494,36.99,64.6826171875,1278.0,0.0,1367.0,0.0016820192104205,100.0,57.29972457885742,222.0,0.0
1927,0.0,1892.0,10.15493869781494,36.99,64.6826171875,1278.0,0.0,1367.0,0.0016820192104205,100.0,57.29972457885742,222.0,0.0
1928,0.0,1892.0,10.15493869781494,36.99,64.6826171875,1278.0,0.0,1367.0,0.0016820192104205,100.0,57.29972457885742,222.0,0.0
1929,0.0,1892.0,10.15493869781494,36.99,64.6826171875,1278.0,0.0,1367.0,0.0016820192104205,100.0,57.29972457885742,222.0,0.0
1930,0.0,1892.0,10.15493869781494,36.99,64.6826171875,1278.0,0.0,1367.0,0.0016820192104205,100.0,57.29972457885742,222.0,0.0
1931,0.0,1892.0,10.32699203491211,36.99,66.10640716552734,1267.0,0.0,1367.0,0.0011763047659769,100.0,57.28482818603515,222.0,0.0
1932,0.0,1892.0,10.32699203491211,36.99,66.10640716552734,1267.0,0.0,1367.0,0.0011763047659769,100.0,57.28482818603515,222.0,0.0
1933,0.0,1892.0,10.32699203491211,36.99,66.10640716552734,1267.0,0.0,1367.0,0.0011763047659769,100.0,57.28482818603515,222.0,0.0
1934,0.0,1892.0,10.32699203491211,36.99,66.10640716552734,1267.0,0.0,1367.0,0.0011763047659769,100.0,57.28482818603515,222.0,0.0
1935,0.0,1892.0,10.32699203491211,36.99,66.10640716552734,1267.0,0.0,1367.0,0.0011763047659769,100.0,57.28482818603515,222.0,0.0
1936,0.0,1892.0,10.505864143371582,36.99,66.3202133178711,1112.0,0.0,1367.0,0.0014048615703359,100.0,57.26690673828125,222.0,0.0
1937,0.0,1892.0,10.505864143371582,36.99,66.3202133178711,1112.0,0.0,1367.0,0.0014048615703359,100.0,57.26690673828125,222.0,0.0
1938,0.0,1892.0,10.505864143371582,36.99,66.3202133178711,1112.0,0.0,1367.0,0.0014048615703359,100.0,57.26690673828125,222.0,0.0
1939,0.0,1892.0,10.505864143371582,36.99,66.3202133178711,1112.0,0.0,1367.0,0.0014048615703359,100.0,57.26690673828125,222.0,0.0
1940,0.0,1892.0,10.505864143371582,36.99,66.3202133178711,1112.0,0.0,1367.0,0.0014048615703359,100.0,57.26690673828125,222.0,0.0
1941,0.0,1892.0,10.373733520507812,36.99,66.4677963256836,1155.0,0.0,1367.0,0.0015589239774271,100.0,57.334617614746094,222.0,0.0
1942,0.0,1892.0,10.373733520507812,36.99,66.4677963256836,1155.0,0.0,1367.0,0.0015589239774271,100.0,57.334617614746094,222.0,0.0
1943,0.0,1892.0,10.373733520507812,36.99,66.4677963256836,1155.0,0.0,1367.0,0.0015589239774271,100.0,57.334617614746094,222.0,0.0
1944,0.0,1892.0,10.373733520507812,36.99,66.4677963256836,1155.0,0.0,1367.0,0.0015589239774271,100.0,57.334617614746094,222.0,0.0
1945,0.0,1892.0,10.373733520507812,36.99,66.4677963256836,1155.0,0.0,1367.0,0.0015589239774271,100.0,57.334617614746094,222.0,0.0
1946,0.0,1892.0,10.376564979553224,36.99,65.44459533691406,1329.0,0.0,1367.0,0.0007288929773494,100.0,57.196075439453125,111.0,0.0
1947,0.0,1892.0,10.376564979553224,36.99,65.44459533691406,1329.0,0.0,1367.0,0.0007288929773494,100.0,57.196075439453125,111.0,0.0
1948,0.0,1892.0,10.376564979553224,36.99,65.44459533691406,1329.0,0.0,1367.0,0.0007288929773494,100.0,57.196075439453125,111.0,0.0
1949,0.0,1892.0,10.376564979553224,36.99,65.44459533691406,1329.0,0.0,1367.0,0.0007288929773494,100.0,57.196075439453125,111.0,0.0
1950,0.0,1892.0,10.376564979553224,36.99,65.44459533691406,1329.0,0.0,1367.0,0.0007288929773494,100.0,57.196075439453125,111.0,0.0
1951,0.0,1892.0,10.377809524536133,36.99,65.55192565917969,1421.0,0.0,1367.0,0.0020358362235128,100.0,57.29816436767578,222.0,0.0
1952,0.0,1892.0,10.377809524536133,36.99,65.55192565917969,1421.0,0.0,1367.0,0.0020358362235128,100.0,57.29816436767578,222.0,0.0
1953,0.0,1892.0,10.377809524536133,36.99,65.55192565917969,1421.0,0.0,1367.0,0.0020358362235128,100.0,57.29816436767578,222.0,0.0
1954,0.0,1892.0,10.377809524536133,36.99,65.55192565917969,1421.0,0.0,1367.0,0.0020358362235128,100.0,57.29816436767578,222.0,0.0
1955,0.0,1892.0,10.377809524536133,36.99,65.55192565917969,1421.0,0.0,1367.0,0.0020358362235128,100.0,57.29816436767578,222.0,0.0
1956,0.0,1892.0,10.084548950195312,36.99,65.92035675048828,1370.0,0.0,1367.0,0.001680155401118,100.0,57.169822692871094,222.0,0.0
1957,0.0,1892.0,10.084548950195312,36.99,65.92035675048828,1370.0,0.0,1367.0,0.001680155401118,100.0,57.169822692871094,222.0,0.0
1958,0.0,1892.0,10.084548950195312,36.99,65.92035675048828,1370.0,0.0,1367.0,0.001680155401118,100.0,57.169822692871094,222.0,0.0
1959,0.0,1892.0,10.084548950195312,36.99,65.92035675048828,1370.0,0.0,1367.0,0.001680155401118,100.0,57.169822692871094,222.0,0.0
1960,0.0,1892.0,10.084548950195312,36.99,65.92035675048828,1370.0,0.0,1367.0,0.001680155401118,100.0,57.169822692871094,222.0,0.0
1961,0.0,1892.0,10.16697120666504,36.99,64.29205322265625,1334.0,0.0,1367.0,0.0003718507941812,100.0,57.27836990356445,199.0,0.0
1962,0.0,1892.0,10.16697120666504,36.99,64.29205322265625,1334.0,0.0,1367.0,0.0003718507941812,100.0,57.27836990356445,199.0,0.0
1963,0.0,1892.0,10.16697120666504,36.99,64.29205322265625,1334.0,0.0,1367.0,0.0003718507941812,100.0,57.27836990356445,199.0,0.0
1964,0.0,1892.0,10.16697120666504,36.99,64.29205322265625,1334.0,0.0,1367.0,0.0003718507941812,100.0,57.27836990356445,199.0,0.0
1965,0.0,1892.0,10.16697120666504,36.99,64.29205322265625,1334.0,0.0,1367.0,0.0003718507941812,100.0,57.27836990356445,199.0,0.0
1966,0.0,1892.0,10.049443244934082,36.99,64.46744537353516,958.0,0.0,1367.0,0.0014373920857906,100.0,57.29294967651367,222.0,0.0
1967,0.0,1892.0,10.049443244934082,36.99,64.46744537353516,958.0,0.0,1367.0,0.0014373920857906,100.0,57.29294967651367,222.0,0.0
1968,0.0,1892.0,10.049443244934082,36.99,64.46744537353516,958.0,0.0,1367.0,0.0014373920857906,100.0,57.29294967651367,222.0,0.0
1969,0.0,1892.0,10.049443244934082,36.99,64.46744537353516,958.0,0.0,1367.0,0.0014373920857906,100.0,57.29294967651367,222.0,0.0
1970,0.0,1892.0,10.049443244934082,36.99,64.46744537353516,958.0,0.0,1367.0,0.0014373920857906,100.0,57.29294967651367,222.0,0.0
1971,0.0,1892.0,10.087035179138184,36.99,64.3482437133789,1014.0,0.0,1367.0,0.022728057578206,100.0,57.25232696533203,111.0,0.0
1972,0.0,1892.0,10.087035179138184,36.99,64.3482437133789,1014.0,0.0,1367.0,0.022728057578206,100.0,57.25232696533203,111.0,0.0
1973,0.0,1892.0,10.087035179138184,36.99,64.3482437133789,1014.0,0.0,1367.0,0.022728057578206,100.0,57.25232696533203,111.0,0.0
1974,0.0,1892.0,10.087035179138184,36.99,64.3482437133789,1014.0,0.0,1367.0,0.022728057578206,100.0,57.25232696533203,111.0,0.0
1975,0.0,1892.0,10.087035179138184,36.99,64.3482437133789,1014.0,0.0,1367.0,0.022728057578206,100.0,57.25232696533203,111.0,0.0
1976,0.0,1892.0,10.087035179138184,36.99,64.3482437133789,1014.0,0.0,1367.0,0.022728057578206,100.0,57.25232696533203,111.0,0.0
1977,0.0,1892.0,10.314640045166016,36.99,66.30731201171875,1118.0,0.0,1367.0,0.0148114841431379,100.0,57.3479118347168,364.0,0.0
1978,0.0,1892.0,10.314640045166016,36.99,66.30731201171875,1118.0,0.0,1367.0,0.0148114841431379,100.0,57.3479118347168,364.0,0.0
1979,0.0,1892.0,10.314640045166016,36.99,66.30731201171875,1118.0,0.0,1367.0,0.0148114841431379,100.0,57.3479118347168,364.0,0.0
1980,0.0,1892.0,10.314640045166016,36.99,66.30731201171875,1118.0,0.0,1367.0,0.0148114841431379,100.0,57.3479118347168,364.0,0.0
1981,0.0,1892.0,10.314640045166016,36.99,66.30731201171875,1118.0,0.0,1367.0,0.0148114841431379,100.0,57.3479118347168,364.0,0.0
1982,0.0,1892.0,10.276739120483398,36.99,64.65242004394531,959.0,0.0,1367.0,0.023610696196556,100.0,57.22710037231445,333.0,0.0
1983,0.0,1892.0,10.276739120483398,36.99,64.65242004394531,959.0,0.0,1367.0,0.023610696196556,100.0,57.22710037231445,333.0,0.0
1984,0.0,1892.0,10.276739120483398,36.99,64.65242004394531,959.0,0.0,1367.0,0.023610696196556,100.0,57.22710037231445,333.0,0.0
1985,0.0,1892.0,10.276739120483398,36.99,64.65242004394531,959.0,0.0,1367.0,0.023610696196556,100.0,57.22710037231445,333.0,0.0
1986,0.0,1892.0,10.356034278869627,36.99,64.51298522949219,1189.0,0.0,1367.0,0.0016806605271995,100.0,57.227012634277344,111.0,0.0
1987,0.0,1892.0,10.356034278869627,36.99,64.51298522949219,1189.0,0.0,1367.0,0.0016806605271995,100.0,57.227012634277344,111.0,0.0
1988,0.0,1892.0,10.356034278869627,36.99,64.51298522949219,1189.0,0.0,1367.0,0.0016806605271995,100.0,57.227012634277344,111.0,0.0
1989,0.0,1892.0,10.356034278869627,36.99,64.51298522949219,1189.0,0.0,1367.0,0.0016806605271995,100.0,57.227012634277344,111.0,0.0
1990,0.0,1892.0,10.356034278869627,36.99,64.51298522949219,1189.0,0.0,1367.0,0.0016806605271995,100.0,57.227012634277344,111.0,0.0
1991,0.0,1892.0,10.407331466674805,36.99,64.86021423339844,1294.0,0.0,1367.0,0.0009212081786245,100.0,57.156494140625,111.0,0.0
1992,0.0,1892.0,10.407331466674805,36.99,64.86021423339844,1294.0,0.0,1367.0,0.0009212081786245,100.0,57.156494140625,111.0,0.0
1993,0.0,1892.0,10.407331466674805,36.99,64.86021423339844,1294.0,0.0,1367.0,0.0009212081786245,100.0,57.156494140625,111.0,0.0
1994,0.0,1892.0,10.407331466674805,36.99,64.86021423339844,1294.0,0.0,1367.0,0.0009212081786245,100.0,57.156494140625,111.0,0.0
1995,0.0,1892.0,10.407331466674805,36.99,64.86021423339844,1294.0,0.0,1367.0,0.0009212081786245,100.0,57.156494140625,111.0,0.0
1996,0.0,1892.0,10.312753677368164,36.99,65.36549377441406,1239.0,0.0,1367.0,0.0009320700191892,100.0,57.209617614746094,222.0,0.0
1997,0.0,1892.0,10.312753677368164,36.99,65.36549377441406,1239.0,0.0,1367.0,0.0009320700191892,100.0,57.209617614746094,222.0,0.0
1998,0.0,1892.0,10.312753677368164,36.99,65.36549377441406,1239.0,0.0,1367.0,0.0009320700191892,100.0,57.209617614746094,222.0,0.0
1999,0.0,1892.0,10.312753677368164,36.99,65.36549377441406,1239.0,0.0,1367.0,0.0009320700191892,100.0,57.209617614746094,222.0,0.0
2000,0.0,1892.0,10.312753677368164,36.99,65.36549377441406,1239.0,0.0,1367.0,0.0009320700191892,100.0,57.209617614746094,222.0,0.0
2001,0.0,1892.0,10.158974647521973,36.99,66.21031951904297,1481.0,0.0,1367.0,0.001486336113885,100.0,57.23201370239258,222.0,0.0
2002,0.0,1892.0,10.158974647521973,36.99,66.21031951904297,1481.0,0.0,1367.0,0.001486336113885,100.0,57.23201370239258,222.0,0.0
2003,0.0,1892.0,10.158974647521973,36.99,66.21031951904297,1481.0,0.0,1367.0,0.001486336113885,100.0,57.23201370239258,222.0,0.0
2004,0.0,1892.0,10.158974647521973,36.99,66.21031951904297,1481.0,0.0,1367.0,0.001486336113885,100.0,57.23201370239258,222.0,0.0
2005,0.0,1892.0,10.158974647521973,36.99,66.21031951904297,1481.0,0.0,1367.0,0.001486336113885,100.0,57.23201370239258,222.0,0.0
2006,0.0,1892.0,10.110610961914062,36.99,64.80956268310547,1040.0,0.0,1367.0,0.0014504871796816,100.0,57.27107620239258,111.0,0.0
2007,0.0,1892.0,10.110610961914062,36.99,64.80956268310547,1040.0,0.0,1367.0,0.0014504871796816,100.0,57.27107620239258,111.0,0.0
2008,0.0,1892.0,10.110610961914062,36.99,64.80956268310547,1040.0,0.0,1367.0,0.0014504871796816,100.0,57.27107620239258,111.0,0.0
2009,0.0,1892.0,10.110610961914062,36.99,64.80956268310547,1040.0,0.0,1367.0,0.0014504871796816,100.0,57.27107620239258,111.0,0.0
2010,0.0,1892.0,10.110610961914062,36.99,64.80956268310547,1040.0,0.0,1367.0,0.0014504871796816,100.0,57.27107620239258,111.0,0.0
2011,0.0,1892.0,10.138975143432615,36.99,64.39336395263672,1106.0,0.0,1367.0,0.0014194854302331,100.0,57.180450439453125,111.0,0.0
2012,0.0,1892.0,10.138975143432615,36.99,64.39336395263672,1106.0,0.0,1367.0,0.0014194854302331,100.0,57.180450439453125,111.0,0.0
2013,0.0,1892.0,10.138975143432615,36.99,64.39336395263672,1106.0,0.0,1367.0,0.0014194854302331,100.0,57.180450439453125,111.0,0.0
2014,0.0,1892.0,10.138975143432615,36.99,64.39336395263672,1106.0,0.0,1367.0,0.0014194854302331,100.0,57.180450439453125,111.0,0.0
2015,0.0,1892.0,10.138975143432615,36.99,64.39336395263672,1106.0,0.0,1367.0,0.0014194854302331,100.0,57.180450439453125,111.0,0.0
2016,0.0,1892.0,10.197283744812012,36.99,64.47943878173828,1380.0,0.0,1367.0,0.0007292489754036,100.0,57.210655212402344,111.0,0.0
2017,0.0,1892.0,10.197283744812012,36.99,64.47943878173828,1380.0,0.0,1367.0,0.0007292489754036,100.0,57.210655212402344,111.0,0.0
2018,0.0,1892.0,10.197283744812012,36.99,64.47943878173828,1380.0,0.0,1367.0,0.0007292489754036,100.0,57.210655212402344,111.0,0.0
2019,0.0,1892.0,10.197283744812012,36.99,64.47943878173828,1380.0,0.0,1367.0,0.0007292489754036,100.0,57.210655212402344,111.0,0.0
2020,0.0,1892.0,10.197283744812012,36.99,64.47943878173828,1380.0,0.0,1367.0,0.0007292489754036,100.0,57.210655212402344,111.0,0.0
2021,0.0,1892.0,10.445940017700195,36.99,64.21509552001953,1346.0,0.0,1367.0,0.001767712063156,100.0,57.22420120239258,222.0,0.0
2022,0.0,1892.0,10.445940017700195,36.99,64.21509552001953,1346.0,0.0,1367.0,0.001767712063156,100.0,57.22420120239258,222.0,0.0
2023,0.0,1892.0,10.445940017700195,36.99,64.21509552001953,1346.0,0.0,1367.0,0.001767712063156,100.0,57.22420120239258,222.0,0.0
2024,0.0,1892.0,10.445940017700195,36.99,64.21509552001953,1346.0,0.0,1367.0,0.001767712063156,100.0,57.22420120239258,222.0,0.0
2025,0.0,1892.0,10.445940017700195,36.99,64.21509552001953,1346.0,0.0,1367.0,0.001767712063156,100.0,57.22420120239258,222.0,0.0
2026,0.0,1892.0,10.341787338256836,36.99,66.09088134765625,1124.0,0.0,1367.0,0.0010845938231796,100.0,57.276702880859375,222.0,0.0
2027,0.0,1892.0,10.341787338256836,36.99,66.09088134765625,1124.0,0.0,1367.0,0.0010845938231796,100.0,57.276702880859375,222.0,0.0
2028,0.0,1892.0,10.341787338256836,36.99,66.09088134765625,1124.0,0.0,1367.0,0.0010845938231796,100.0,57.276702880859375,222.0,0.0
2029,0.0,1892.0,10.341787338256836,36.99,66.09088134765625,1124.0,0.0,1367.0,0.0010845938231796,100.0,57.276702880859375,222.0,0.0
2030,0.0,1892.0,10.341787338256836,36.99,66.09088134765625,1124.0,0.0,1367.0,0.0010845938231796,100.0,57.276702880859375,222.0,0.0
2031,0.0,1892.0,10.330697059631348,36.99,64.60900115966797,1091.0,0.0,1367.0,0.0013364101760089,100.0,57.1913948059082,222.0,0.0
2032,0.0,1892.0,10.330697059631348,36.99,64.60900115966797,1091.0,0.0,1367.0,0.0013364101760089,100.0,57.1913948059082,222.0,0.0
2033,0.0,1892.0,10.330697059631348,36.99,64.60900115966797,1091.0,0.0,1367.0,0.0013364101760089,100.0,57.1913948059082,222.0,0.0
2034,0.0,1892.0,10.330697059631348,36.99,64.60900115966797,1091.0,0.0,1367.0,0.0013364101760089,100.0,57.1913948059082,222.0,0.0
2035,0.0,1892.0,10.330697059631348,36.99,64.60900115966797,1091.0,0.0,1367.0,0.0013364101760089,100.0,57.1913948059082,222.0,0.0
2036,0.0,1892.0,10.297935485839844,36.99,64.71176147460938,1130.0,0.0,1367.0,0.0008208932704292,100.0,57.102317810058594,111.0,0.0
2037,0.0,1892.0,10.297935485839844,36.99,64.71176147460938,1130.0,0.0,1367.0,0.0008208932704292,100.0,57.102317810058594,111.0,0.0
2038,0.0,1892.0,10.297935485839844,36.99,64.71176147460938,1130.0,0.0,1367.0,0.0008208932704292,100.0,57.102317810058594,111.0,0.0
2039,0.0,1892.0,10.297935485839844,36.99,64.71176147460938,1130.0,0.0,1367.0,0.0008208932704292,100.0,57.102317810058594,111.0,0.0
2040,0.0,1892.0,10.297935485839844,36.99,64.71176147460938,1130.0,0.0,1367.0,0.0008208932704292,100.0,57.102317810058594,111.0,0.0
2041,0.0,1892.0,10.297935485839844,36.99,64.71176147460938,1130.0,0.0,1367.0,0.0008208932704292,100.0,57.102317810058594,111.0,0.0
2042,0.0,1892.0,10.142267227172852,36.99,66.25364685058594,962.0,0.0,1367.0,0.0006926585338078,100.0,57.19815826416016,111.0,0.0
2043,0.0,1892.0,10.142267227172852,36.99,66.25364685058594,962.0,0.0,1367.0,0.0006926585338078,100.0,57.19815826416016,111.0,0.0
2044,0.0,1892.0,10.142267227172852,36.99,66.25364685058594,962.0,0.0,1367.0,0.0006926585338078,100.0,57.19815826416016,111.0,0.0
2045,0.0,1892.0,10.142267227172852,36.99,66.25364685058594,962.0,0.0,1367.0,0.0006926585338078,100.0,57.19815826416016,111.0,0.0
2046,0.0,1892.0,10.142267227172852,36.99,66.25364685058594,962.0,0.0,1367.0,0.0006926585338078,100.0,57.19815826416016,111.0,0.0
2047,0.0,1892.0,10.285012245178224,36.99,65.52406311035156,1312.0,0.0,1367.0,0.002122429665178,100.0,57.27654266357422,222.0,0.0
2048,0.0,1892.0,10.285012245178224,36.99,65.52406311035156,1312.0,0.0,1367.0,0.002122429665178,100.0,57.27654266357422,222.0,0.0
2049,0.0,1892.0,10.285012245178224,36.99,65.52406311035156,1312.0,0.0,1367.0,0.002122429665178,100.0,57.27654266357422,222.0,0.0
2050,0.0,1892.0,10.285012245178224,36.99,65.52406311035156,1312.0,0.0,1367.0,0.002122429665178,100.0,57.27654266357422,222.0,0.0
2051,0.0,1892.0,10.24148178100586,36.99,64.47421264648438,1554.0,0.0,1367.0,0.0019965362735092,100.0,57.231231689453125,222.0,0.0
2052,0.0,1892.0,10.24148178100586,36.99,64.47421264648438,1554.0,0.0,1367.0,0.0019965362735092,100.0,57.231231689453125,222.0,0.0
2053,0.0,1892.0,10.24148178100586,36.99,64.47421264648438,1554.0,0.0,1367.0,0.0019965362735092,100.0,57.231231689453125,222.0,0.0
2054,0.0,1892.0,10.24148178100586,36.99,64.47421264648438,1554.0,0.0,1367.0,0.0019965362735092,100.0,57.231231689453125,222.0,0.0
2055,0.0,1892.0,10.24148178100586,36.99,64.47421264648438,1554.0,0.0,1367.0,0.0019965362735092,100.0,57.231231689453125,222.0,0.0
2056,0.0,1892.0,10.24148178100586,36.99,64.47421264648438,1554.0,0.0,1367.0,0.0019965362735092,100.0,57.231231689453125,222.0,0.0
2057,0.0,1892.0,10.114130020141602,36.99,65.36109161376953,1180.0,0.0,1367.0,0.0010179973905906,100.0,57.27836990356445,222.0,0.0
2058,0.0,1892.0,10.114130020141602,36.99,65.36109161376953,1180.0,0.0,1367.0,0.0010179973905906,100.0,57.27836990356445,222.0,0.0
2059,0.0,1892.0,10.114130020141602,36.99,65.36109161376953,1180.0,0.0,1367.0,0.0010179973905906,100.0,57.27836990356445,222.0,0.0
2060,0.0,1892.0,10.114130020141602,36.99,65.36109161376953,1180.0,0.0,1367.0,0.0010179973905906,100.0,57.27836990356445,222.0,0.0
2061,0.0,1892.0,10.116947174072266,36.99,64.20923614501953,1034.0,0.0,1367.0,0.0014689534436911,100.0,57.225242614746094,286.0,0.0
2062,0.0,1892.0,10.116947174072266,36.99,64.20923614501953,1034.0,0.0,1367.0,0.0014689534436911,100.0,57.225242614746094,286.0,0.0
2063,0.0,1892.0,10.116947174072266,36.99,64.20923614501953,1034.0,0.0,1367.0,0.0014689534436911,100.0,57.225242614746094,286.0,0.0
2064,0.0,1892.0,10.116947174072266,36.99,64.20923614501953,1034.0,0.0,1367.0,0.0014689534436911,100.0,57.225242614746094,286.0,0.0
2065,0.0,1892.0,10.116947174072266,36.99,64.20923614501953,1034.0,0.0,1367.0,0.0014689534436911,100.0,57.225242614746094,286.0,0.0
2066,0.0,1892.0,10.116947174072266,36.99,64.20923614501953,1034.0,0.0,1367.0,0.0014689534436911,100.0,57.225242614746094,286.0,0.0
2067,0.0,1892.0,10.417192459106444,36.99,66.11083984375,1036.0,0.0,1367.0,0.0007589377346448,100.0,57.1137809753418,111.0,0.0
2068,0.0,1892.0,10.417192459106444,36.99,66.11083984375,1036.0,0.0,1367.0,0.0007589377346448,100.0,57.1137809753418,111.0,0.0
2069,0.0,1892.0,10.417192459106444,36.99,66.11083984375,1036.0,0.0,1367.0,0.0007589377346448,100.0,57.1137809753418,111.0,0.0
2070,0.0,1892.0,10.417192459106444,36.99,66.11083984375,1036.0,0.0,1367.0,0.0007589377346448,100.0,57.1137809753418,111.0,0.0
2071,0.0,1892.0,10.417192459106444,36.99,66.11083984375,1036.0,0.0,1367.0,0.0007589377346448,100.0,57.1137809753418,111.0,0.0
2072,0.0,1892.0,10.569547653198242,36.99,64.9381332397461,1185.0,0.0,1367.0,0.0015596371376886,100.0,57.18669891357422,222.0,0.0
2073,0.0,1892.0,10.569547653198242,36.99,64.9381332397461,1185.0,0.0,1367.0,0.0015596371376886,100.0,57.18669891357422,222.0,0.0
2074,0.0,1892.0,10.569547653198242,36.99,64.9381332397461,1185.0,0.0,1367.0,0.0015596371376886,100.0,57.18669891357422,222.0,0.0
2075,0.0,1892.0,10.569547653198242,36.99,64.9381332397461,1185.0,0.0,1367.0,0.0015596371376886,100.0,57.18669891357422,222.0,0.0
2076,0.0,1892.0,10.569547653198242,36.99,64.9381332397461,1185.0,0.0,1367.0,0.0015596371376886,100.0,57.18669891357422,222.0,0.0
2077,0.0,1892.0,10.3214750289917,36.99,65.12286376953125,1167.0,0.0,1367.0,0.0014584047021344,100.0,57.21044921875,222.0,0.0
2078,0.0,1892.0,10.3214750289917,36.99,65.12286376953125,1167.0,0.0,1367.0,0.0014584047021344,100.0,57.21044921875,222.0,0.0
2079,0.0,1892.0,10.3214750289917,36.99,65.12286376953125,1167.0,0.0,1367.0,0.0014584047021344,100.0,57.21044921875,222.0,0.0
2080,0.0,1892.0,10.3214750289917,36.99,65.12286376953125,1167.0,0.0,1367.0,0.0014584047021344,100.0,57.21044921875,222.0,0.0
2081,0.0,1892.0,10.3214750289917,36.99,65.12286376953125,1167.0,0.0,1367.0,0.0014584047021344,100.0,57.21044921875,222.0,0.0
2082,0.0,1892.0,10.482494354248049,36.99,65.33605194091797,1438.0,0.0,1367.0,0.0008533375803381,100.0,57.1294059753418,162.0,0.0
2083,0.0,1892.0,10.482494354248049,36.99,65.33605194091797,1438.0,0.0,1367.0,0.0008533375803381,100.0,57.1294059753418,162.0,0.0
2084,0.0,1892.0,10.482494354248049,36.99,65.33605194091797,1438.0,0.0,1367.0,0.0008533375803381,100.0,57.1294059753418,162.0,0.0
2085,0.0,1892.0,10.482494354248049,36.99,65.33605194091797,1438.0,0.0,1367.0,0.0008533375803381,100.0,57.1294059753418,162.0,0.0
2086,0.0,1892.0,11.217276573181152,36.99,66.78761291503906,1598.0,0.0,1367.0,0.2031768262386322,100.0,57.35735321044922,349.0,0.0
2087,0.0,1892.0,11.217276573181152,36.99,66.78761291503906,1598.0,0.0,1367.0,0.2031768262386322,100.0,57.35735321044922,349.0,0.0
2088,0.0,1892.0,11.217276573181152,36.99,66.78761291503906,1598.0,0.0,1367.0,0.2031768262386322,100.0,57.35735321044922,349.0,0.0
2089,0.0,1892.0,11.217276573181152,36.99,66.78761291503906,1598.0,0.0,1367.0,0.2031768262386322,100.0,57.35735321044922,349.0,0.0
2090,0.0,1892.0,11.217276573181152,36.99,66.78761291503906,1598.0,0.0,1367.0,0.2031768262386322,100.0,57.35735321044922,349.0,0.0
2091,0.0,1892.0,11.217276573181152,36.99,66.78761291503906,1598.0,0.0,1367.0,0.2031768262386322,100.0,57.35735321044922,349.0,0.0
2092,0.0,1892.0,10.198844909667969,36.99,66.66452026367188,1279.0,0.0,1367.0,0.0105129843577742,100.0,57.765533447265625,222.0,0.0
2093,0.0,1892.0,10.198844909667969,36.99,66.66452026367188,1279.0,0.0,1367.0,0.0105129843577742,100.0,57.765533447265625,222.0,0.0
2094,0.0,1892.0,10.198844909667969,36.99,66.66452026367188,1279.0,0.0,1367.0,0.0105129843577742,100.0,57.765533447265625,222.0,0.0
2095,0.0,1892.0,10.198844909667969,36.99,66.66452026367188,1279.0,0.0,1367.0,0.0105129843577742,100.0,57.765533447265625,222.0,0.0
2096,0.0,1892.0,10.198844909667969,36.99,66.66452026367188,1279.0,0.0,1367.0,0.0105129843577742,100.0,57.765533447265625,222.0,0.0
2097,0.0,1892.0,10.270134925842283,36.99,65.32096862792969,1408.0,0.0,1367.0,0.0026383490767329,100.0,57.40128326416016,222.0,0.0
2098,0.0,1892.0,10.270134925842283,36.99,65.32096862792969,1408.0,0.0,1367.0,0.0026383490767329,100.0,57.40128326416016,222.0,0.0
2099,0.0,1892.0,10.270134925842283,36.99,65.32096862792969,1408.0,0.0,1367.0,0.0026383490767329,100.0,57.40128326416016,222.0,0.0
2100,0.0,1892.0,10.270134925842283,36.99,65.32096862792969,1408.0,0.0,1367.0,0.0026383490767329,100.0,57.40128326416016,222.0,0.0
2101,0.0,1892.0,10.270134925842283,36.99,65.32096862792969,1408.0,0.0,1367.0,0.0026383490767329,100.0,57.40128326416016,222.0,0.0
2102,0.0,1892.0,10.16522979736328,36.99,65.81454467773438,1312.0,0.0,1367.0,0.0016132742166519,100.0,57.38826370239258,222.0,0.0
2103,0.0,1892.0,10.16522979736328,36.99,65.81454467773438,1312.0,0.0,1367.0,0.0016132742166519,100.0,57.38826370239258,222.0,0.0
2104,0.0,1892.0,10.16522979736328,36.99,65.81454467773438,1312.0,0.0,1367.0,0.0016132742166519,100.0,57.38826370239258,222.0,0.0
2105,0.0,1892.0,10.16522979736328,36.99,65.81454467773438,1312.0,0.0,1367.0,0.0016132742166519,100.0,57.38826370239258,222.0,0.0
2106,0.0,1892.0,10.16522979736328,36.99,65.81454467773438,1312.0,0.0,1367.0,0.0016132742166519,100.0,57.38826370239258,222.0,0.0
2107,0.0,1892.0,10.233905792236328,36.99,65.818115234375,968.0,0.0,1367.0,0.0007253540679812,100.0,57.312744140625,111.0,0.0
2108,0.0,1892.0,10.233905792236328,36.99,65.818115234375,968.0,0.0,1367.0,0.0007253540679812,100.0,57.312744140625,111.0,0.0
2109,0.0,1892.0,10.233905792236328,36.99,65.818115234375,968.0,0.0,1367.0,0.0007253540679812,100.0,57.312744140625,111.0,0.0
2110,0.0,1892.0,10.233905792236328,36.99,65.818115234375,968.0,0.0,1367.0,0.0007253540679812,100.0,57.312744140625,111.0,0.0
2111,0.0,1892.0,10.233905792236328,36.99,65.818115234375,968.0,0.0,1367.0,0.0007253540679812,100.0,57.312744140625,111.0,0.0
2112,0.0,1892.0,10.326634407043455,36.99,64.8680419921875,1079.0,0.0,1367.0,0.0009945777710527,100.0,57.281494140625,173.0,0.0
2113,0.0,1892.0,10.326634407043455,36.99,64.8680419921875,1079.0,0.0,1367.0,0.0009945777710527,100.0,57.281494140625,173.0,0.0
2114,0.0,1892.0,10.326634407043455,36.99,64.8680419921875,1079.0,0.0,1367.0,0.0009945777710527,100.0,57.281494140625,173.0,0.0
2115,0.0,1892.0,10.326634407043455,36.99,64.8680419921875,1079.0,0.0,1367.0,0.0009945777710527,100.0,57.281494140625,173.0,0.0
2116,0.0,1892.0,10.326634407043455,36.99,64.8680419921875,1079.0,0.0,1367.0,0.0009945777710527,100.0,57.281494140625,173.0,0.0
2117,0.0,1892.0,10.404727935791016,36.99,64.52143859863281,1126.0,0.0,1367.0,0.0008164154132828,100.0,57.18253326416016,352.0,0.0
2118,0.0,1892.0,10.404727935791016,36.99,64.52143859863281,1126.0,0.0,1367.0,0.0008164154132828,100.0,57.18253326416016,352.0,0.0
2119,0.0,1892.0,10.404727935791016,36.99,64.52143859863281,1126.0,0.0,1367.0,0.0008164154132828,100.0,57.18253326416016,352.0,0.0
2120,0.0,1892.0,10.404727935791016,36.99,64.52143859863281,1126.0,0.0,1367.0,0.0008164154132828,100.0,57.18253326416016,352.0,0.0
2121,0.0,1892.0,10.367387771606444,36.99,64.33219909667969,1219.0,0.0,1367.0,0.00213318108581,100.0,57.19815826416016,134.0,0.0
2122,0.0,1892.0,10.367387771606444,36.99,64.33219909667969,1219.0,0.0,1367.0,0.00213318108581,100.0,57.19815826416016,134.0,0.0
2123,0.0,1892.0,10.367387771606444,36.99,64.33219909667969,1219.0,0.0,1367.0,0.00213318108581,100.0,57.19815826416016,134.0,0.0
2124,0.0,1892.0,10.367387771606444,36.99,64.33219909667969,1219.0,0.0,1367.0,0.00213318108581,100.0,57.19815826416016,134.0,0.0
2125,0.0,1892.0,10.367387771606444,36.99,64.33219909667969,1219.0,0.0,1367.0,0.00213318108581,100.0,57.19815826416016,134.0,0.0
2126,0.0,1892.0,10.367387771606444,36.99,64.33219909667969,1219.0,0.0,1367.0,0.00213318108581,100.0,57.19815826416016,134.0,0.0
2127,0.0,1892.0,10.248188018798828,36.99,64.95098114013672,1041.0,0.0,1367.0,0.0015028482303023,100.0,57.300758361816406,127.0,0.0
2128,0.0,1892.0,10.248188018798828,36.99,64.95098114013672,1041.0,0.0,1367.0,0.0015028482303023,100.0,57.300758361816406,127.0,0.0
2129,0.0,1892.0,10.248188018798828,36.99,64.95098114013672,1041.0,0.0,1367.0,0.0015028482303023,100.0,57.300758361816406,127.0,0.0
2130,0.0,1892.0,10.248188018798828,36.99,64.95098114013672,1041.0,0.0,1367.0,0.0015028482303023,100.0,57.300758361816406,127.0,0.0
2131,0.0,1892.0,10.248188018798828,36.99,64.95098114013672,1041.0,0.0,1367.0,0.0015028482303023,100.0,57.300758361816406,127.0,0.0
2132,0.0,1892.0,10.043130874633787,36.99,66.21356964111328,976.0,0.0,1367.0,0.0009959776652976,100.0,57.23607635498047,142.0,0.0
2133,0.0,1892.0,10.043130874633787,36.99,66.21356964111328,976.0,0.0,1367.0,0.0009959776652976,100.0,57.23607635498047,142.0,0.0
2134,0.0,1892.0,10.043130874633787,36.99,66.21356964111328,976.0,0.0,1367.0,0.0009959776652976,100.0,57.23607635498047,142.0,0.0
2135,0.0,1892.0,10.043130874633787,36.99,66.21356964111328,976.0,0.0,1367.0,0.0009959776652976,100.0,57.23607635498047,142.0,0.0
2136,0.0,1892.0,10.043130874633787,36.99,66.21356964111328,976.0,0.0,1367.0,0.0009959776652976,100.0,57.23607635498047,142.0,0.0
2137,0.0,1892.0,10.11526870727539,36.99,64.42674255371094,1214.0,0.0,1367.0,0.0010142948012799,100.0,57.2387809753418,149.0,0.0
2138,0.0,1892.0,10.11526870727539,36.99,64.42674255371094,1214.0,0.0,1367.0,0.0010142948012799,100.0,57.2387809753418,149.0,0.0
2139,0.0,1892.0,10.11526870727539,36.99,64.42674255371094,1214.0,0.0,1367.0,0.0010142948012799,100.0,57.2387809753418,149.0,0.0
2140,0.0,1892.0,10.11526870727539,36.99,64.42674255371094,1214.0,0.0,1367.0,0.0010142948012799,100.0,57.2387809753418,149.0,0.0
2141,0.0,1892.0,10.11526870727539,36.99,64.42674255371094,1214.0,0.0,1367.0,0.0010142948012799,100.0,57.2387809753418,149.0,0.0
2142,0.0,1892.0,10.15251636505127,36.99,64.79660034179688,1366.0,0.0,1367.0,0.0002550919016357,100.0,57.26482391357422,111.0,0.0
2143,0.0,1892.0,10.15251636505127,36.99,64.79660034179688,1366.0,0.0,1367.0,0.0002550919016357,100.0,57.26482391357422,111.0,0.0
2144,0.0,1892.0,10.15251636505127,36.99,64.79660034179688,1366.0,0.0,1367.0,0.0002550919016357,100.0,57.26482391357422,111.0,0.0
2145,0.0,1892.0,10.15251636505127,36.99,64.79660034179688,1366.0,0.0,1367.0,0.0002550919016357,100.0,57.26482391357422,111.0,0.0
2146,0.0,1892.0,10.15251636505127,36.99,64.79660034179688,1366.0,0.0,1367.0,0.0002550919016357,100.0,57.26482391357422,111.0,0.0
2147,0.0,1892.0,10.472773551940918,36.99,65.62899780273438,1843.0,0.0,1367.0,0.00198316690512,100.0,57.2970085144043,131.0,0.0
2148,0.0,1892.0,10.472773551940918,36.99,65.62899780273438,1843.0,0.0,1367.0,0.00198316690512,100.0,57.2970085144043,131.0,0.0
2149,0.0,1892.0,10.472773551940918,36.99,65.62899780273438,1843.0,0.0,1367.0,0.00198316690512,100.0,57.2970085144043,131.0,0.0
2150,0.0,1892.0,10.472773551940918,36.99,65.62899780273438,1843.0,0.0,1367.0,0.00198316690512,100.0,57.2970085144043,131.0,0.0
2151,0.0,1892.0,10.472773551940918,36.99,65.62899780273438,1843.0,0.0,1367.0,0.00198316690512,100.0,57.2970085144043,131.0,0.0
2152,0.0,1892.0,10.460637092590332,36.99,67.08853149414062,1522.0,0.0,1367.0,0.00168558571022,100.0,57.35857391357422,111.0,0.0
2153,0.0,1892.0,10.460637092590332,36.99,67.08853149414062,1522.0,0.0,1367.0,0.00168558571022,100.0,57.35857391357422,111.0,0.0
2154,0.0,1892.0,10.460637092590332,36.99,67.08853149414062,1522.0,0.0,1367.0,0.00168558571022,100.0,57.35857391357422,111.0,0.0
2155,0.0,1892.0,10.460637092590332,36.99,67.08853149414062,1522.0,0.0,1367.0,0.00168558571022,100.0,57.35857391357422,111.0,0.0
2156,0.0,1892.0,10.460637092590332,36.99,67.08853149414062,1522.0,0.0,1367.0,0.00168558571022,100.0,57.35857391357422,111.0,0.0
2157,0.0,1892.0,10.296879768371582,36.99,65.12493896484375,1021.0,0.0,1367.0,0.0013647802406921,100.0,57.27941131591797,111.0,0.0
2158,0.0,1892.0,10.296879768371582,36.99,65.12493896484375,1021.0,0.0,1367.0,0.0013647802406921,100.0,57.27941131591797,111.0,0.0
2159,0.0,1892.0,10.296879768371582,36.99,65.12493896484375,1021.0,0.0,1367.0,0.0013647802406921,100.0,57.27941131591797,111.0,0.0
2160,0.0,1892.0,10.296879768371582,36.99,65.12493896484375,1021.0,0.0,1367.0,0.0013647802406921,100.0,57.27941131591797,111.0,0.0
2161,0.0,1892.0,10.601118087768556,36.99,66.12091064453125,1886.0,0.0,1367.0,0.0008864096016623,100.0,57.210655212402344,111.0,0.0
2162,0.0,1892.0,10.601118087768556,36.99,66.12091064453125,1886.0,0.0,1367.0,0.0008864096016623,100.0,57.210655212402344,111.0,0.0
2163,0.0,1892.0,10.601118087768556,36.99,66.12091064453125,1886.0,0.0,1367.0,0.0008864096016623,100.0,57.210655212402344,111.0,0.0
2164,0.0,1892.0,10.601118087768556,36.99,66.12091064453125,1886.0,0.0,1367.0,0.0008864096016623,100.0,57.210655212402344,111.0,0.0
2165,0.0,1892.0,10.601118087768556,36.99,66.12091064453125,1886.0,0.0,1367.0,0.0008864096016623,100.0,57.210655212402344,111.0,0.0
2166,0.0,1892.0,10.572924613952637,36.99,66.16677856445312,1727.0,0.0,1367.0,0.0014742265921086,100.0,57.430458068847656,254.0,0.0
2167,0.0,1892.0,10.572924613952637,36.99,66.16677856445312,1727.0,0.0,1367.0,0.0014742265921086,100.0,57.430458068847656,254.0,0.0
2168,0.0,1892.0,10.572924613952637,36.99,66.16677856445312,1727.0,0.0,1367.0,0.0014742265921086,100.0,57.430458068847656,254.0,0.0
2169,0.0,1892.0,10.572924613952637,36.99,66.16677856445312,1727.0,0.0,1367.0,0.0014742265921086,100.0,57.430458068847656,254.0,0.0
2170,0.0,1892.0,10.572924613952637,36.99,66.16677856445312,1727.0,0.0,1367.0,0.0014742265921086,100.0,57.430458068847656,254.0,0.0
2171,0.0,1892.0,10.30307388305664,36.99,66.8686752319336,1374.0,0.0,1367.0,0.0028572648297995,100.0,57.35649490356445,482.0,0.0
2172,0.0,1892.0,10.30307388305664,36.99,66.8686752319336,1374.0,0.0,1367.0,0.0028572648297995,100.0,57.35649490356445,482.0,0.0
2173,0.0,1892.0,10.30307388305664,36.99,66.8686752319336,1374.0,0.0,1367.0,0.0028572648297995,100.0,57.35649490356445,482.0,0.0
2174,0.0,1892.0,10.30307388305664,36.99,66.8686752319336,1374.0,0.0,1367.0,0.0028572648297995,100.0,57.35649490356445,482.0,0.0
2175,0.0,1892.0,10.30307388305664,36.99,66.8686752319336,1374.0,0.0,1367.0,0.0028572648297995,100.0,57.35649490356445,482.0,0.0
2176,0.0,1892.0,10.30307388305664,36.99,66.8686752319336,1374.0,0.0,1367.0,0.0028572648297995,100.0,57.35649490356445,482.0,0.0
2177,0.0,1892.0,11.489601135253906,36.99,66.5831298828125,1556.0,0.0,1367.0,0.0027671745046973,100.0,57.44060516357422,333.0,0.0
2178,0.0,1892.0,11.489601135253906,36.99,66.5831298828125,1556.0,0.0,1367.0,0.0027671745046973,100.0,57.44060516357422,333.0,0.0
2179,0.0,1892.0,11.489601135253906,36.99,66.5831298828125,1556.0,0.0,1367.0,0.0027671745046973,100.0,57.44060516357422,333.0,0.0
2180,0.0,1892.0,11.489601135253906,36.99,66.5831298828125,1556.0,0.0,1367.0,0.0027671745046973,100.0,57.44060516357422,333.0,0.0
2181,0.0,1892.0,11.489601135253906,36.99,66.5831298828125,1556.0,0.0,1367.0,0.0027671745046973,100.0,57.44060516357422,333.0,0.0
2182,0.0,1892.0,10.864700317382812,36.99,67.70653533935547,1359.0,0.0,1367.0,0.000977758783847,100.0,57.70336151123047,111.0,0.0
2183,0.0,1892.0,10.864700317382812,36.99,67.70653533935547,1359.0,0.0,1367.0,0.000977758783847,100.0,57.70336151123047,111.0,0.0
2184,0.0,1892.0,10.864700317382812,36.99,67.70653533935547,1359.0,0.0,1367.0,0.000977758783847,100.0,57.70336151123047,111.0,0.0
2185,0.0,1892.0,10.864700317382812,36.99,67.70653533935547,1359.0,0.0,1367.0,0.000977758783847,100.0,57.70336151123047,111.0,0.0
2186,0.0,1892.0,10.864700317382812,36.99,67.70653533935547,1359.0,0.0,1367.0,0.000977758783847,100.0,57.70336151123047,111.0,0.0
2187,0.0,1892.0,10.278945922851562,36.99,66.73798370361328,1508.0,0.0,1367.0,0.0248327609151601,100.0,57.5129508972168,222.0,0.0
2188,0.0,1892.0,10.278945922851562,36.99,66.73798370361328,1508.0,0.0,1367.0,0.0248327609151601,100.0,57.5129508972168,222.0,0.0
2189,0.0,1892.0,10.278945922851562,36.99,66.73798370361328,1508.0,0.0,1367.0,0.0248327609151601,100.0,57.5129508972168,222.0,0.0
2190,0.0,1892.0,10.278945922851562,36.99,66.73798370361328,1508.0,0.0,1367.0,0.0248327609151601,100.0,57.5129508972168,222.0,0.0
2191,0.0,1892.0,10.452640533447266,36.99,66.64019775390625,1792.0,0.0,1367.0,0.0019390758825466,100.0,57.851905822753906,111.0,0.0
2192,0.0,1892.0,10.452640533447266,36.99,66.64019775390625,1792.0,0.0,1367.0,0.0019390758825466,100.0,57.851905822753906,111.0,0.0
2193,0.0,1892.0,10.452640533447266,36.99,66.64019775390625,1792.0,0.0,1367.0,0.0019390758825466,100.0,57.851905822753906,111.0,0.0
2194,0.0,1892.0,10.452640533447266,36.99,66.64019775390625,1792.0,0.0,1367.0,0.0019390758825466,100.0,57.851905822753906,111.0,0.0
2195,0.0,1892.0,10.452640533447266,36.99,66.64019775390625,1792.0,0.0,1367.0,0.0019390758825466,100.0,57.851905822753906,111.0,0.0
2196,0.0,1892.0,10.398404121398926,36.99,66.10211181640625,1487.0,0.0,1367.0,0.0115099567919969,100.0,57.43566131591797,333.0,0.0
2197,0.0,1892.0,10.398404121398926,36.99,66.10211181640625,1487.0,0.0,1367.0,0.0115099567919969,100.0,57.43566131591797,333.0,0.0
2198,0.0,1892.0,10.398404121398926,36.99,66.10211181640625,1487.0,0.0,1367.0,0.0115099567919969,100.0,57.43566131591797,333.0,0.0
2199,0.0,1892.0,10.398404121398926,36.99,66.10211181640625,1487.0,0.0,1367.0,0.0115099567919969,100.0,57.43566131591797,333.0,0.0
2200,0.0,1892.0,10.398404121398926,36.99,66.10211181640625,1487.0,0.0,1367.0,0.0115099567919969,100.0,57.43566131591797,333.0,0.0
2201,0.0,1892.0,10.443157196044922,36.99,65.54084777832031,1440.0,0.0,1367.0,0.0002544883172959,100.0,57.423065185546875,111.0,0.0
2202,0.0,1892.0,10.443157196044922,36.99,65.54084777832031,1440.0,0.0,1367.0,0.0002544883172959,100.0,57.423065185546875,111.0,0.0
2203,0.0,1892.0,10.443157196044922,36.99,65.54084777832031,1440.0,0.0,1367.0,0.0002544883172959,100.0,57.423065185546875,111.0,0.0
2204,0.0,1892.0,10.443157196044922,36.99,65.54084777832031,1440.0,0.0,1367.0,0.0002544883172959,100.0,57.423065185546875,111.0,0.0
2205,0.0,1892.0,10.443157196044922,36.99,65.54084777832031,1440.0,0.0,1367.0,0.0002544883172959,100.0,57.423065185546875,111.0,0.0
2206,0.0,1892.0,10.377869606018066,36.99,65.24346160888672,1237.0,0.0,1367.0,0.002127724699676,100.0,57.39763641357422,111.0,0.0
2207,0.0,1892.0,10.377869606018066,36.99,65.24346160888672,1237.0,0.0,1367.0,0.002127724699676,100.0,57.39763641357422,111.0,0.0
2208,0.0,1892.0,10.377869606018066,36.99,65.24346160888672,1237.0,0.0,1367.0,0.002127724699676,100.0,57.39763641357422,111.0,0.0
2209,0.0,1892.0,10.377869606018066,36.99,65.24346160888672,1237.0,0.0,1367.0,0.002127724699676,100.0,57.39763641357422,111.0,0.0
2210,0.0,1892.0,10.377869606018066,36.99,65.24346160888672,1237.0,0.0,1367.0,0.002127724699676,100.0,57.39763641357422,111.0,0.0
2211,0.0,1892.0,10.344830513000488,36.99,64.85322570800781,1161.0,0.0,1367.0,0.0007337402785196,100.0,57.3481559753418,111.0,0.0
2212,0.0,1892.0,10.344830513000488,36.99,64.85322570800781,1161.0,0.0,1367.0,0.0007337402785196,100.0,57.3481559753418,111.0,0.0
2213,0.0,1892.0,10.344830513000488,36.99,64.85322570800781,1161.0,0.0,1367.0,0.0007337402785196,100.0,57.3481559753418,111.0,0.0
2214,0.0,1892.0,10.344830513000488,36.99,64.85322570800781,1161.0,0.0,1367.0,0.0007337402785196,100.0,57.3481559753418,111.0,0.0
2215,0.0,1892.0,10.344830513000488,36.99,64.85322570800781,1161.0,0.0,1367.0,0.0007337402785196,100.0,57.3481559753418,111.0,0.0
2216,0.0,1892.0,10.086712837219238,36.99,66.14250183105469,968.0,0.0,1367.0,0.0021673960145562,100.0,57.2387809753418,130.0,0.0
2217,0.0,1892.0,10.086712837219238,36.99,66.14250183105469,968.0,0.0,1367.0,0.0021673960145562,100.0,57.2387809753418,130.0,0.0
2218,0.0,1892.0,10.086712837219238,36.99,66.14250183105469,968.0,0.0,1367.0,0.0021673960145562,100.0,57.2387809753418,130.0,0.0
2219,0.0,1892.0,10.086712837219238,36.99,66.14250183105469,968.0,0.0,1367.0,0.0021673960145562,100.0,57.2387809753418,130.0,0.0
2220,0.0,1892.0,10.086712837219238,36.99,66.14250183105469,968.0,0.0,1367.0,0.0021673960145562,100.0,57.2387809753418,130.0,0.0
2221,0.0,1892.0,10.053767204284668,36.99,64.70621490478516,964.0,0.0,1367.0,0.0018535281997174,100.0,57.38129806518555,222.0,0.0
2222,0.0,1892.0,10.053767204284668,36.99,64.70621490478516,964.0,0.0,1367.0,0.0018535281997174,100.0,57.38129806518555,222.0,0.0
2223,0.0,1892.0,10.053767204284668,36.99,64.70621490478516,964.0,0.0,1367.0,0.0018535281997174,100.0,57.38129806518555,222.0,0.0
2224,0.0,1892.0,10.053767204284668,36.99,64.70621490478516,964.0,0.0,1367.0,0.0018535281997174,100.0,57.38129806518555,222.0,0.0
2225,0.0,1892.0,10.053767204284668,36.99,64.70621490478516,964.0,0.0,1367.0,0.0018535281997174,100.0,57.38129806518555,222.0,0.0
2226,0.0,1892.0,10.840307235717772,36.99,66.10879516601562,1875.0,0.0,1367.0,0.0007530106813646,100.0,57.40128326416016,111.0,0.0
2227,0.0,1892.0,10.840307235717772,36.99,66.10879516601562,1875.0,0.0,1367.0,0.0007530106813646,100.0,57.40128326416016,111.0,0.0
2228,0.0,1892.0,10.840307235717772,36.99,66.10879516601562,1875.0,0.0,1367.0,0.0007530106813646,100.0,57.40128326416016,111.0,0.0
2229,0.0,1892.0,10.840307235717772,36.99,66.10879516601562,1875.0,0.0,1367.0,0.0007530106813646,100.0,57.40128326416016,111.0,0.0
2230,0.0,1892.0,10.840307235717772,36.99,66.10879516601562,1875.0,0.0,1367.0,0.0007530106813646,100.0,57.40128326416016,111.0,0.0
2231,0.0,1892.0,10.266860961914062,36.99,66.66206359863281,1341.0,0.0,1367.0,0.0009988025994971,100.0,57.741905212402344,111.0,0.0
2232,0.0,1892.0,10.266860961914062,36.99,66.66206359863281,1341.0,0.0,1367.0,0.0009988025994971,100.0,57.741905212402344,111.0,0.0
2233,0.0,1892.0,10.266860961914062,36.99,66.66206359863281,1341.0,0.0,1367.0,0.0009988025994971,100.0,57.741905212402344,111.0,0.0
2234,0.0,1892.0,10.266860961914062,36.99,66.66206359863281,1341.0,0.0,1367.0,0.0009988025994971,100.0,57.741905212402344,111.0,0.0
2235,0.0,1892.0,10.266860961914062,36.99,66.66206359863281,1341.0,0.0,1367.0,0.0009988025994971,100.0,57.741905212402344,111.0,0.0
2236,0.0,1892.0,10.476491928100586,36.99,64.63292694091797,1701.0,0.0,1367.0,0.0007343862089328,100.0,57.4825325012207,111.0,0.0
2237,0.0,1892.0,10.476491928100586,36.99,64.63292694091797,1701.0,0.0,1367.0,0.0007343862089328,100.0,57.4825325012207,111.0,0.0
2238,0.0,1892.0,10.476491928100586,36.99,64.63292694091797,1701.0,0.0,1367.0,0.0007343862089328,100.0,57.4825325012207,111.0,0.0
2239,0.0,1892.0,10.476491928100586,36.99,64.63292694091797,1701.0,0.0,1367.0,0.0007343862089328,100.0,57.4825325012207,111.0,0.0
2240,0.0,1892.0,10.476491928100586,36.99,64.63292694091797,1701.0,0.0,1367.0,0.0007343862089328,100.0,57.4825325012207,111.0,0.0
2241,0.0,1892.0,10.51494598388672,36.99,66.99876403808594,1609.0,0.0,1367.0,0.0012074057012796,100.0,57.484619140625,222.0,0.0
2242,0.0,1892.0,10.51494598388672,36.99,66.99876403808594,1609.0,0.0,1367.0,0.0012074057012796,100.0,57.484619140625,222.0,0.0
2243,0.0,1892.0,10.51494598388672,36.99,66.99876403808594,1609.0,0.0,1367.0,0.0012074057012796,100.0,57.484619140625,222.0,0.0
2244,0.0,1892.0,10.51494598388672,36.99,66.99876403808594,1609.0,0.0,1367.0,0.0012074057012796,100.0,57.484619140625,222.0,0.0
2245,0.0,1892.0,10.51494598388672,36.99,66.99876403808594,1609.0,0.0,1367.0,0.0012074057012796,100.0,57.484619140625,222.0,0.0
2246,0.0,1892.0,10.382225036621094,36.99,65.69441223144531,1403.0,0.0,1367.0,0.0022011739201843,100.0,57.53826141357422,260.0,0.0
2247,0.0,1892.0,10.382225036621094,36.99,65.69441223144531,1403.0,0.0,1367.0,0.0022011739201843,100.0,57.53826141357422,260.0,0.0
2248,0.0,1892.0,10.382225036621094,36.99,65.69441223144531,1403.0,0.0,1367.0,0.0022011739201843,100.0,57.53826141357422,260.0,0.0
2249,0.0,1892.0,10.382225036621094,36.99,65.69441223144531,1403.0,0.0,1367.0,0.0022011739201843,100.0,57.53826141357422,260.0,0.0
2250,0.0,1892.0,10.382225036621094,36.99,65.69441223144531,1403.0,0.0,1367.0,0.0022011739201843,100.0,57.53826141357422,260.0,0.0
2251,0.0,1892.0,10.3101806640625,36.99,65.2461929321289,1188.0,0.0,1367.0,0.0002554244420025,100.0,57.383575439453125,111.0,0.0
2252,0.0,1892.0,10.3101806640625,36.99,65.2461929321289,1188.0,0.0,1367.0,0.0002554244420025,100.0,57.383575439453125,111.0,0.0
2253,0.0,1892.0,10.3101806640625,36.99,65.2461929321289,1188.0,0.0,1367.0,0.0002554244420025,100.0,57.383575439453125,111.0,0.0
2254,0.0,1892.0,10.3101806640625,36.99,65.2461929321289,1188.0,0.0,1367.0,0.0002554244420025,100.0,57.383575439453125,111.0,0.0
2255,0.0,1892.0,10.3101806640625,36.99,65.2461929321289,1188.0,0.0,1367.0,0.0002554244420025,100.0,57.383575439453125,111.0,0.0
2256,0.0,1892.0,10.225091934204102,36.99,65.00187683105469,1068.0,0.0,1367.0,0.0013708744663745,100.0,57.31482696533203,111.0,0.0
2257,0.0,1892.0,10.225091934204102,36.99,65.00187683105469,1068.0,0.0,1367.0,0.0013708744663745,100.0,57.31482696533203,111.0,0.0
2258,0.0,1892.0,10.225091934204102,36.99,65.00187683105469,1068.0,0.0,1367.0,0.0013708744663745,100.0,57.31482696533203,111.0,0.0
2259,0.0,1892.0,10.225091934204102,36.99,65.00187683105469,1068.0,0.0,1367.0,0.0013708744663745,100.0,57.31482696533203,111.0,0.0
2260,0.0,1892.0,10.225091934204102,36.99,65.00187683105469,1068.0,0.0,1367.0,0.0013708744663745,100.0,57.31482696533203,111.0,0.0
2261,0.0,1892.0,10.058406829833984,36.99,64.50293731689453,1042.0,0.0,1367.0,0.0205105282366275,100.0,57.18253326416016,111.0,0.0
2262,0.0,1892.0,10.058406829833984,36.99,64.50293731689453,1042.0,0.0,1367.0,0.0205105282366275,100.0,57.18253326416016,111.0,0.0
2263,0.0,1892.0,10.058406829833984,36.99,64.50293731689453,1042.0,0.0,1367.0,0.0205105282366275,100.0,57.18253326416016,111.0,0.0
2264,0.0,1892.0,10.058406829833984,36.99,64.50293731689453,1042.0,0.0,1367.0,0.0205105282366275,100.0,57.18253326416016,111.0,0.0
2265,0.0,1892.0,10.058406829833984,36.99,64.50293731689453,1042.0,0.0,1367.0,0.0205105282366275,100.0,57.18253326416016,111.0,0.0
2266,0.0,1892.0,10.127727508544922,36.99,64.97016143798828,1178.0,0.0,1367.0,0.0039070113562047,100.0,57.42107391357422,222.0,0.0
2267,0.0,1892.0,10.127727508544922,36.99,64.97016143798828,1178.0,0.0,1367.0,0.0039070113562047,100.0,57.42107391357422,222.0,0.0
2268,0.0,1892.0,10.127727508544922,36.99,64.97016143798828,1178.0,0.0,1367.0,0.0039070113562047,100.0,57.42107391357422,222.0,0.0
2269,0.0,1892.0,10.127727508544922,36.99,64.97016143798828,1178.0,0.0,1367.0,0.0039070113562047,100.0,57.42107391357422,222.0,0.0
2270,0.0,1892.0,10.127727508544922,36.99,64.97016143798828,1178.0,0.0,1367.0,0.0039070113562047,100.0,57.42107391357422,222.0,0.0
2271,0.0,1892.0,10.30406379699707,36.99,65.42463684082031,1469.0,0.0,1367.0,0.0354068279266357,100.0,57.50232696533203,335.0,0.0
2272,0.0,1892.0,10.30406379699707,36.99,65.42463684082031,1469.0,0.0,1367.0,0.0354068279266357,100.0,57.50232696533203,335.0,0.0
2273,0.0,1892.0,10.30406379699707,36.99,65.42463684082031,1469.0,0.0,1367.0,0.0354068279266357,100.0,57.50232696533203,335.0,0.0
2274,0.0,1892.0,10.30406379699707,36.99,65.42463684082031,1469.0,0.0,1367.0,0.0354068279266357,100.0,57.50232696533203,335.0,0.0
2275,0.0,1892.0,10.30406379699707,36.99,65.42463684082031,1469.0,0.0,1367.0,0.0354068279266357,100.0,57.50232696533203,335.0,0.0
2276,0.0,1892.0,10.30406379699707,36.99,65.42463684082031,1469.0,0.0,1367.0,0.0354068279266357,100.0,57.50232696533203,335.0,0.0
2277,0.0,1892.0,10.151161193847656,36.99,65.3346939086914,1350.0,0.0,1367.0,0.0375383906066417,100.0,57.571075439453125,111.0,0.0
2278,0.0,1892.0,10.151161193847656,36.99,65.3346939086914,1350.0,0.0,1367.0,0.0375383906066417,100.0,57.571075439453125,111.0,0.0
2279,0.0,1892.0,10.151161193847656,36.99,65.3346939086914,1350.0,0.0,1367.0,0.0375383906066417,100.0,57.571075439453125,111.0,0.0
2280,0.0,1892.0,10.151161193847656,36.99,65.3346939086914,1350.0,0.0,1367.0,0.0375383906066417,100.0,57.571075439453125,111.0,0.0
2281,0.0,1892.0,10.151161193847656,36.99,65.3346939086914,1350.0,0.0,1367.0,0.0375383906066417,100.0,57.571075439453125,111.0,0.0
2282,0.0,1892.0,10.237555503845217,36.99,65.96342468261719,1023.0,0.0,1367.0,0.0109080141410231,100.0,57.38878631591797,111.0,0.0
2283,0.0,1892.0,10.237555503845217,36.99,65.96342468261719,1023.0,0.0,1367.0,0.0109080141410231,100.0,57.38878631591797,111.0,0.0
2284,0.0,1892.0,10.237555503845217,36.99,65.96342468261719,1023.0,0.0,1367.0,0.0109080141410231,100.0,57.38878631591797,111.0,0.0
2285,0.0,1892.0,10.237555503845217,36.99,65.96342468261719,1023.0,0.0,1367.0,0.0109080141410231,100.0,57.38878631591797,111.0,0.0
2286,0.0,1892.0,10.237555503845217,36.99,65.96342468261719,1023.0,0.0,1367.0,0.0109080141410231,100.0,57.38878631591797,111.0,0.0
2287,0.0,1892.0,10.30750846862793,36.99,64.67938995361328,1184.0,0.0,1367.0,0.0011585718020796,100.0,57.250244140625,222.0,0.0
2288,0.0,1892.0,10.30750846862793,36.99,64.67938995361328,1184.0,0.0,1367.0,0.0011585718020796,100.0,57.250244140625,222.0,0.0
2289,0.0,1892.0,10.30750846862793,36.99,64.67938995361328,1184.0,0.0,1367.0,0.0011585718020796,100.0,57.250244140625,222.0,0.0
2290,0.0,1892.0,10.30750846862793,36.99,64.67938995361328,1184.0,0.0,1367.0,0.0011585718020796,100.0,57.250244140625,222.0,0.0
2291,0.0,1892.0,10.30750846862793,36.99,64.67938995361328,1184.0,0.0,1367.0,0.0011585718020796,100.0,57.250244140625,222.0,0.0
2292,0.0,1892.0,10.26833152770996,36.99,65.25666809082031,1271.0,0.0,1367.0,0.0029128750320523,100.0,57.37420654296875,222.0,0.0
2293,0.0,1892.0,10.26833152770996,36.99,65.25666809082031,1271.0,0.0,1367.0,0.0029128750320523,100.0,57.37420654296875,222.0,0.0
2294,0.0,1892.0,10.26833152770996,36.99,65.25666809082031,1271.0,0.0,1367.0,0.0029128750320523,100.0,57.37420654296875,222.0,0.0
2295,0.0,1892.0,10.26833152770996,36.99,65.25666809082031,1271.0,0.0,1367.0,0.0029128750320523,100.0,57.37420654296875,222.0,0.0
2296,0.0,1892.0,10.26833152770996,36.99,65.25666809082031,1271.0,0.0,1367.0,0.0029128750320523,100.0,57.37420654296875,222.0,0.0
2297,0.0,1892.0,10.489727020263672,36.99,66.22840118408203,1494.0,0.0,1367.0,0.0009715172927826,100.0,57.306495666503906,222.0,0.0
2298,0.0,1892.0,10.489727020263672,36.99,66.22840118408203,1494.0,0.0,1367.0,0.0009715172927826,100.0,57.306495666503906,222.0,0.0
2299,0.0,1892.0,10.489727020263672,36.99,66.22840118408203,1494.0,0.0,1367.0,0.0009715172927826,100.0,57.306495666503906,222.0,0.0
2300,0.0,1892.0,10.489727020263672,36.99,66.22840118408203,1494.0,0.0,1367.0,0.0009715172927826,100.0,57.306495666503906,222.0,0.0
2301,0.0,1892.0,10.489727020263672,36.99,66.22840118408203,1494.0,0.0,1367.0,0.0009715172927826,100.0,57.306495666503906,222.0,0.0
2302,0.0,1892.0,10.39401149749756,36.99,66.01409912109375,1552.0,0.0,1367.0,0.0009361965348944,100.0,57.19816207885742,222.0,0.0
2303,0.0,1892.0,10.39401149749756,36.99,66.01409912109375,1552.0,0.0,1367.0,0.0009361965348944,100.0,57.19816207885742,222.0,0.0
2304,0.0,1892.0,10.39401149749756,36.99,66.01409912109375,1552.0,0.0,1367.0,0.0009361965348944,100.0,57.19816207885742,222.0,0.0
2305,0.0,1892.0,10.39401149749756,36.99,66.01409912109375,1552.0,0.0,1367.0,0.0009361965348944,100.0,57.19816207885742,222.0,0.0
2306,0.0,1892.0,10.39401149749756,36.99,66.01409912109375,1552.0,0.0,1367.0,0.0009361965348944,100.0,57.19816207885742,222.0,0.0
2307,0.0,1892.0,10.329290390014648,36.99,65.47154998779297,1902.0,0.0,1367.0,0.0011064747814089,100.0,57.48358154296875,222.0,0.0
2308,0.0,1892.0,10.329290390014648,36.99,65.47154998779297,1902.0,0.0,1367.0,0.0011064747814089,100.0,57.48358154296875,222.0,0.0
2309,0.0,1892.0,10.329290390014648,36.99,65.47154998779297,1902.0,0.0,1367.0,0.0011064747814089,100.0,57.48358154296875,222.0,0.0
2310,0.0,1892.0,10.329290390014648,36.99,65.47154998779297,1902.0,0.0,1367.0,0.0011064747814089,100.0,57.48358154296875,222.0,0.0
2311,0.0,1892.0,10.329290390014648,36.99,65.47154998779297,1902.0,0.0,1367.0,0.0011064747814089,100.0,57.48358154296875,222.0,0.0
2312,0.0,1892.0,10.122283935546877,36.99,65.45431518554688,1326.0,0.0,1367.0,0.0016299001872539,100.0,57.45545196533203,222.0,0.0
2313,0.0,1892.0,10.122283935546877,36.99,65.45431518554688,1326.0,0.0,1367.0,0.0016299001872539,100.0,57.45545196533203,222.0,0.0
2314,0.0,1892.0,10.122283935546877,36.99,65.45431518554688,1326.0,0.0,1367.0,0.0016299001872539,100.0,57.45545196533203,222.0,0.0
2315,0.0,1892.0,10.122283935546877,36.99,65.45431518554688,1326.0,0.0,1367.0,0.0016299001872539,100.0,57.45545196533203,222.0,0.0
2316,0.0,1892.0,10.122283935546877,36.99,65.45431518554688,1326.0,0.0,1367.0,0.0016299001872539,100.0,57.45545196533203,222.0,0.0
2317,0.0,1892.0,10.199328422546388,36.99,64.9187240600586,1103.0,0.0,1367.0,0.0025297729298472,100.0,57.45115280151367,333.0,0.0
2318,0.0,1892.0,10.199328422546388,36.99,64.9187240600586,1103.0,0.0,1367.0,0.0025297729298472,100.0,57.45115280151367,333.0,0.0
2319,0.0,1892.0,10.199328422546388,36.99,64.9187240600586,1103.0,0.0,1367.0,0.0025297729298472,100.0,57.45115280151367,333.0,0.0
2320,0.0,1892.0,10.199328422546388,36.99,64.9187240600586,1103.0,0.0,1367.0,0.0025297729298472,100.0,57.45115280151367,333.0,0.0
2321,0.0,1892.0,10.130964279174805,36.99,64.35887908935547,1187.0,0.0,1367.0,0.0011852052994072,100.0,57.36065673828125,111.0,0.0
2322,0.0,1892.0,10.130964279174805,36.99,64.35887908935547,1187.0,0.0,1367.0,0.0011852052994072,100.0,57.36065673828125,111.0,0.0
2323,0.0,1892.0,10.130964279174805,36.99,64.35887908935547,1187.0,0.0,1367.0,0.0011852052994072,100.0,57.36065673828125,111.0,0.0
2324,0.0,1892.0,10.130964279174805,36.99,64.35887908935547,1187.0,0.0,1367.0,0.0011852052994072,100.0,57.36065673828125,111.0,0.0
2325,0.0,1892.0,10.130964279174805,36.99,64.35887908935547,1187.0,0.0,1367.0,0.0011852052994072,100.0,57.36065673828125,111.0,0.0
2326,0.0,1892.0,10.130964279174805,36.99,64.35887908935547,1187.0,0.0,1367.0,0.0011852052994072,100.0,57.36065673828125,111.0,0.0
2327,0.0,1892.0,10.2704496383667,36.99,66.04007720947266,1409.0,0.0,1367.0,0.0007239115075208,100.0,57.2794075012207,111.0,0.0
2328,0.0,1892.0,10.2704496383667,36.99,66.04007720947266,1409.0,0.0,1367.0,0.0007239115075208,100.0,57.2794075012207,111.0,0.0
2329,0.0,1892.0,10.2704496383667,36.99,66.04007720947266,1409.0,0.0,1367.0,0.0007239115075208,100.0,57.2794075012207,111.0,0.0
2330,0.0,1892.0,10.2704496383667,36.99,66.04007720947266,1409.0,0.0,1367.0,0.0007239115075208,100.0,57.2794075012207,111.0,0.0
2331,0.0,1892.0,10.37990379333496,36.99,64.48336791992188,1361.0,0.0,1367.0,0.0009074786212295,100.0,57.28044509887695,111.0,0.0
2332,0.0,1892.0,10.37990379333496,36.99,64.48336791992188,1361.0,0.0,1367.0,0.0009074786212295,100.0,57.28044509887695,111.0,0.0
2333,0.0,1892.0,10.37990379333496,36.99,64.48336791992188,1361.0,0.0,1367.0,0.0009074786212295,100.0,57.28044509887695,111.0,0.0
2334,0.0,1892.0,10.37990379333496,36.99,64.48336791992188,1361.0,0.0,1367.0,0.0009074786212295,100.0,57.28044509887695,111.0,0.0
2335,0.0,1892.0,10.37990379333496,36.99,64.48336791992188,1361.0,0.0,1367.0,0.0009074786212295,100.0,57.28044509887695,111.0,0.0
2336,0.0,1892.0,10.37990379333496,36.99,64.48336791992188,1361.0,0.0,1367.0,0.0009074786212295,100.0,57.28044509887695,111.0,0.0
2337,0.0,1892.0,10.400446891784668,36.99,64.81564331054688,1449.0,0.0,1367.0,0.0542125217616558,100.0,57.27941131591797,336.0,0.0
2338,0.0,1892.0,10.400446891784668,36.99,64.81564331054688,1449.0,0.0,1367.0,0.0542125217616558,100.0,57.27941131591797,336.0,0.0
2339,0.0,1892.0,10.400446891784668,36.99,64.81564331054688,1449.0,0.0,1367.0,0.0542125217616558,100.0,57.27941131591797,336.0,0.0
2340,0.0,1892.0,10.400446891784668,36.99,64.81564331054688,1449.0,0.0,1367.0,0.0542125217616558,100.0,57.27941131591797,336.0,0.0
2341,0.0,1892.0,10.47757625579834,36.99,65.46501159667969,1618.0,0.0,1367.0,0.0337387770414352,100.0,57.394554138183594,333.0,0.0
2342,0.0,1892.0,10.47757625579834,36.99,65.46501159667969,1618.0,0.0,1367.0,0.0337387770414352,100.0,57.394554138183594,333.0,0.0
2343,0.0,1892.0,10.47757625579834,36.99,65.46501159667969,1618.0,0.0,1367.0,0.0337387770414352,100.0,57.394554138183594,333.0,0.0
2344,0.0,1892.0,10.47757625579834,36.99,65.46501159667969,1618.0,0.0,1367.0,0.0337387770414352,100.0,57.394554138183594,333.0,0.0
2345,0.0,1892.0,10.47757625579834,36.99,65.46501159667969,1618.0,0.0,1367.0,0.0337387770414352,100.0,57.394554138183594,333.0,0.0
2346,0.0,1892.0,10.265931129455566,36.99,66.31932067871094,1351.0,0.0,1367.0,0.0002582791785243,100.0,57.49524688720703,111.0,0.0
2347,0.0,1892.0,10.265931129455566,36.99,66.31932067871094,1351.0,0.0,1367.0,0.0002582791785243,100.0,57.49524688720703,111.0,0.0
2348,0.0,1892.0,10.265931129455566,36.99,66.31932067871094,1351.0,0.0,1367.0,0.0002582791785243,100.0,57.49524688720703,111.0,0.0
2349,0.0,1892.0,10.265931129455566,36.99,66.31932067871094,1351.0,0.0,1367.0,0.0002582791785243,100.0,57.49524688720703,111.0,0.0
2350,0.0,1892.0,10.265931129455566,36.99,66.31932067871094,1351.0,0.0,1367.0,0.0002582791785243,100.0,57.49524688720703,111.0,0.0
2351,0.0,1892.0,10.117938995361328,36.99,66.1098403930664,1027.0,0.0,1367.0,0.0021302159875631,100.0,57.37419891357422,111.0,0.0
2352,0.0,1892.0,10.117938995361328,36.99,66.1098403930664,1027.0,0.0,1367.0,0.0021302159875631,100.0,57.37419891357422,111.0,0.0
2353,0.0,1892.0,10.117938995361328,36.99,66.1098403930664,1027.0,0.0,1367.0,0.0021302159875631,100.0,57.37419891357422,111.0,0.0
2354,0.0,1892.0,10.117938995361328,36.99,66.1098403930664,1027.0,0.0,1367.0,0.0021302159875631,100.0,57.37419891357422,111.0,0.0
2355,0.0,1892.0,10.117938995361328,36.99,66.1098403930664,1027.0,0.0,1367.0,0.0021302159875631,100.0,57.37419891357422,111.0,0.0
2356,0.0,1892.0,10.09116554260254,36.99,64.942138671875,1054.0,0.0,1367.0,0.000958262651693,100.0,57.36065673828125,111.0,0.0
2357,0.0,1892.0,10.09116554260254,36.99,64.942138671875,1054.0,0.0,1367.0,0.000958262651693,100.0,57.36065673828125,111.0,0.0
2358,0.0,1892.0,10.09116554260254,36.99,64.942138671875,1054.0,0.0,1367.0,0.000958262651693,100.0,57.36065673828125,111.0,0.0
2359,0.0,1892.0,10.09116554260254,36.99,64.942138671875,1054.0,0.0,1367.0,0.000958262651693,100.0,57.36065673828125,111.0,0.0
2360,0.0,1892.0,10.09116554260254,36.99,64.942138671875,1054.0,0.0,1367.0,0.000958262651693,100.0,57.36065673828125,111.0,0.0
2361,0.0,1892.0,10.09116554260254,36.99,64.942138671875,1054.0,0.0,1367.0,0.000958262651693,100.0,57.36065673828125,111.0,0.0
2362,0.0,1892.0,10.113160133361816,36.99,64.38209533691406,1299.0,0.0,1367.0,0.0018000747077167,100.0,57.2794075012207,333.0,0.0
2363,0.0,1892.0,10.113160133361816,36.99,64.38209533691406,1299.0,0.0,1367.0,0.0018000747077167,100.0,57.2794075012207,333.0,0.0
2364,0.0,1892.0,10.113160133361816,36.99,64.38209533691406,1299.0,0.0,1367.0,0.0018000747077167,100.0,57.2794075012207,333.0,0.0
2365,0.0,1892.0,10.113160133361816,36.99,64.38209533691406,1299.0,0.0,1367.0,0.0018000747077167,100.0,57.2794075012207,333.0,0.0
2366,0.0,1892.0,10.113160133361816,36.99,64.38209533691406,1299.0,0.0,1367.0,0.0018000747077167,100.0,57.2794075012207,333.0,0.0
2367,0.0,1892.0,10.186784744262695,36.99,65.04754638671875,1147.0,0.0,1367.0,0.002031895564869,100.0,57.47489547729492,222.0,0.0
2368,0.0,1892.0,10.186784744262695,36.99,65.04754638671875,1147.0,0.0,1367.0,0.002031895564869,100.0,57.47489547729492,222.0,0.0
2369,0.0,1892.0,10.186784744262695,36.99,65.04754638671875,1147.0,0.0,1367.0,0.002031895564869,100.0,57.47489547729492,222.0,0.0
2370,0.0,1892.0,10.186784744262695,36.99,65.04754638671875,1147.0,0.0,1367.0,0.002031895564869,100.0,57.47489547729492,222.0,0.0
2371,0.0,1892.0,10.186784744262695,36.99,65.04754638671875,1147.0,0.0,1367.0,0.002031895564869,100.0,57.47489547729492,222.0,0.0
2372,0.0,1892.0,10.311716079711914,36.99,66.35647583007812,1301.0,0.0,1367.0,0.0011121943825855,100.0,57.305450439453125,222.0,0.0
2373,0.0,1892.0,10.311716079711914,36.99,66.35647583007812,1301.0,0.0,1367.0,0.0011121943825855,100.0,57.305450439453125,222.0,0.0
2374,0.0,1892.0,10.311716079711914,36.99,66.35647583007812,1301.0,0.0,1367.0,0.0011121943825855,100.0,57.305450439453125,222.0,0.0
2375,0.0,1892.0,10.311716079711914,36.99,66.35647583007812,1301.0,0.0,1367.0,0.0011121943825855,100.0,57.305450439453125,222.0,0.0
2376,0.0,1892.0,10.311716079711914,36.99,66.35647583007812,1301.0,0.0,1367.0,0.0011121943825855,100.0,57.305450439453125,222.0,0.0
2377,0.0,1892.0,10.361112594604492,36.99,64.98600769042969,1071.0,0.0,1367.0,0.0006709909648634,100.0,57.1700325012207,111.0,0.0
2378,0.0,1892.0,10.361112594604492,36.99,64.98600769042969,1071.0,0.0,1367.0,0.0006709909648634,100.0,57.1700325012207,111.0,0.0
2379,0.0,1892.0,10.361112594604492,36.99,64.98600769042969,1071.0,0.0,1367.0,0.0006709909648634,100.0,57.1700325012207,111.0,0.0
2380,0.0,1892.0,10.361112594604492,36.99,64.98600769042969,1071.0,0.0,1367.0,0.0006709909648634,100.0,57.1700325012207,111.0,0.0
2381,0.0,1892.0,10.361112594604492,36.99,64.98600769042969,1071.0,0.0,1367.0,0.0006709909648634,100.0,57.1700325012207,111.0,0.0
2382,0.0,1892.0,10.293898582458496,36.99,64.69357299804688,1027.0,0.0,1367.0,0.0010268208570778,100.0,57.11482620239258,111.0,0.0
2383,0.0,1892.0,10.293898582458496,36.99,64.69357299804688,1027.0,0.0,1367.0,0.0010268208570778,100.0,57.11482620239258,111.0,0.0
2384,0.0,1892.0,10.293898582458496,36.99,64.69357299804688,1027.0,0.0,1367.0,0.0010268208570778,100.0,57.11482620239258,111.0,0.0
2385,0.0,1892.0,10.293898582458496,36.99,64.69357299804688,1027.0,0.0,1367.0,0.0010268208570778,100.0,57.11482620239258,111.0,0.0
2386,0.0,1892.0,10.293898582458496,36.99,64.69357299804688,1027.0,0.0,1367.0,0.0010268208570778,100.0,57.11482620239258,111.0,0.0
2387,0.0,1892.0,10.431758880615234,36.99,65.09048461914062,1499.0,0.0,1367.0,0.001592650078237,100.0,57.210655212402344,222.0,0.0
2388,0.0,1892.0,10.431758880615234,36.99,65.09048461914062,1499.0,0.0,1367.0,0.001592650078237,100.0,57.210655212402344,222.0,0.0
2389,0.0,1892.0,10.431758880615234,36.99,65.09048461914062,1499.0,0.0,1367.0,0.001592650078237,100.0,57.210655212402344,222.0,0.0
2390,0.0,1892.0,10.431758880615234,36.99,65.09048461914062,1499.0,0.0,1367.0,0.001592650078237,100.0,57.210655212402344,222.0,0.0
2391,0.0,1892.0,10.431758880615234,36.99,65.09048461914062,1499.0,0.0,1367.0,0.001592650078237,100.0,57.210655212402344,222.0,0.0
2392,0.0,1892.0,10.402997970581056,36.99,66.43866729736328,1642.0,0.0,1367.0,0.0018356147920712,100.0,57.19034576416016,111.0,0.0
2393,0.0,1892.0,10.402997970581056,36.99,66.43866729736328,1642.0,0.0,1367.0,0.0018356147920712,100.0,57.19034576416016,111.0,0.0
2394,0.0,1892.0,10.402997970581056,36.99,66.43866729736328,1642.0,0.0,1367.0,0.0018356147920712,100.0,57.19034576416016,111.0,0.0
2395,0.0,1892.0,10.402997970581056,36.99,66.43866729736328,1642.0,0.0,1367.0,0.0018356147920712,100.0,57.19034576416016,111.0,0.0
2396,0.0,1892.0,10.167799949645996,36.99,64.1539535522461,1246.0,0.0,1367.0,0.0009502293542027,100.0,57.375762939453125,222.0,0.0
2397,0.0,1892.0,10.167799949645996,36.99,64.1539535522461,1246.0,0.0,1367.0,0.0009502293542027,100.0,57.375762939453125,222.0,0.0
2398,0.0,1892.0,10.167799949645996,36.99,64.1539535522461,1246.0,0.0,1367.0,0.0009502293542027,100.0,57.375762939453125,222.0,0.0
2399,0.0,1892.0,10.167799949645996,36.99,64.1539535522461,1246.0,0.0,1367.0,0.0009502293542027,100.0,57.375762939453125,222.0,0.0
2400,0.0,1892.0,10.167799949645996,36.99,64.1539535522461,1246.0,0.0,1367.0,0.0009502293542027,100.0,57.375762939453125,222.0,0.0
2401,0.0,1892.0,10.167799949645996,36.99,64.1539535522461,1246.0,0.0,1367.0,0.0009502293542027,100.0,57.375762939453125,222.0,0.0
2402,0.0,1892.0,10.059566497802734,36.99,64.40977478027344,965.0,0.0,1367.0,0.0016093207523226,100.0,57.306488037109375,222.0,0.0
2403,0.0,1892.0,10.059566497802734,36.99,64.40977478027344,965.0,0.0,1367.0,0.0016093207523226,100.0,57.306488037109375,222.0,0.0
2404,0.0,1892.0,10.059566497802734,36.99,64.40977478027344,965.0,0.0,1367.0,0.0016093207523226,100.0,57.306488037109375,222.0,0.0
2405,0.0,1892.0,10.059566497802734,36.99,64.40977478027344,965.0,0.0,1367.0,0.0016093207523226,100.0,57.306488037109375,222.0,0.0
2406,0.0,1892.0,10.059566497802734,36.99,64.40977478027344,965.0,0.0,1367.0,0.0016093207523226,100.0,57.306488037109375,222.0,0.0
2407,0.0,1892.0,10.06346607208252,36.99,64.58140563964844,1032.0,0.0,1367.0,0.0009294543997384,100.0,57.306495666503906,111.0,0.0
2408,0.0,1892.0,10.06346607208252,36.99,64.58140563964844,1032.0,0.0,1367.0,0.0009294543997384,100.0,57.306495666503906,111.0,0.0
2409,0.0,1892.0,10.06346607208252,36.99,64.58140563964844,1032.0,0.0,1367.0,0.0009294543997384,100.0,57.306495666503906,111.0,0.0
2410,0.0,1892.0,10.06346607208252,36.99,64.58140563964844,1032.0,0.0,1367.0,0.0009294543997384,100.0,57.306495666503906,111.0,0.0
2411,0.0,1892.0,10.06346607208252,36.99,64.58140563964844,1032.0,0.0,1367.0,0.0009294543997384,100.0,57.306495666503906,111.0,0.0
2412,0.0,1892.0,10.19888687133789,36.99,65.45746612548828,1030.0,0.0,1367.0,0.002756352070719,100.0,57.44060516357422,333.0,0.0
2413,0.0,1892.0,10.19888687133789,36.99,65.45746612548828,1030.0,0.0,1367.0,0.002756352070719,100.0,57.44060516357422,333.0,0.0
2414,0.0,1892.0,10.19888687133789,36.99,65.45746612548828,1030.0,0.0,1367.0,0.002756352070719,100.0,57.44060516357422,333.0,0.0
2415,0.0,1892.0,10.19888687133789,36.99,65.45746612548828,1030.0,0.0,1367.0,0.002756352070719,100.0,57.44060516357422,333.0,0.0
2416,0.0,1892.0,10.19888687133789,36.99,65.45746612548828,1030.0,0.0,1367.0,0.002756352070719,100.0,57.44060516357422,333.0,0.0
2417,0.0,1892.0,10.28239631652832,36.99,64.8201675415039,973.0,0.0,1367.0,0.0011955156223848,100.0,57.22420120239258,111.0,0.0
2418,0.0,1892.0,10.28239631652832,36.99,64.8201675415039,973.0,0.0,1367.0,0.0011955156223848,100.0,57.22420120239258,111.0,0.0
2419,0.0,1892.0,10.28239631652832,36.99,64.8201675415039,973.0,0.0,1367.0,0.0011955156223848,100.0,57.22420120239258,111.0,0.0
2420,0.0,1892.0,10.28239631652832,36.99,64.8201675415039,973.0,0.0,1367.0,0.0011955156223848,100.0,57.22420120239258,111.0,0.0
2421,0.0,1892.0,10.28239631652832,36.99,64.8201675415039,973.0,0.0,1367.0,0.0011955156223848,100.0,57.22420120239258,111.0,0.0
2422,0.0,1892.0,10.395709037780762,36.99,64.5198745727539,1140.0,0.0,1367.0,0.0008422937244176,100.0,57.1450309753418,111.0,0.0
2423,0.0,1892.0,10.395709037780762,36.99,64.5198745727539,1140.0,0.0,1367.0,0.0008422937244176,100.0,57.1450309753418,111.0,0.0
2424,0.0,1892.0,10.395709037780762,36.99,64.5198745727539,1140.0,0.0,1367.0,0.0008422937244176,100.0,57.1450309753418,111.0,0.0
2425,0.0,1892.0,10.395709037780762,36.99,64.5198745727539,1140.0,0.0,1367.0,0.0008422937244176,100.0,57.1450309753418,111.0,0.0
2426,0.0,1892.0,10.575796127319336,36.99,65.62889862060547,2059.0,0.0,1367.0,0.0252485014498233,100.0,57.5262451171875,222.0,0.0
2427,0.0,1892.0,10.575796127319336,36.99,65.62889862060547,2059.0,0.0,1367.0,0.0252485014498233,100.0,57.5262451171875,222.0,0.0
2428,0.0,1892.0,10.575796127319336,36.99,65.62889862060547,2059.0,0.0,1367.0,0.0252485014498233,100.0,57.5262451171875,222.0,0.0
2429,0.0,1892.0,10.575796127319336,36.99,65.62889862060547,2059.0,0.0,1367.0,0.0252485014498233,100.0,57.5262451171875,222.0,0.0
2430,0.0,1892.0,10.575796127319336,36.99,65.62889862060547,2059.0,0.0,1367.0,0.0252485014498233,100.0,57.5262451171875,222.0,0.0
2431,0.0,1892.0,10.634492874145508,36.99,66.02320098876953,1905.0,0.0,1367.0,0.0007082539377734,100.0,57.38982009887695,222.0,0.0
2432,0.0,1892.0,10.634492874145508,36.99,66.02320098876953,1905.0,0.0,1367.0,0.0007082539377734,100.0,57.38982009887695,222.0,0.0
2433,0.0,1892.0,10.634492874145508,36.99,66.02320098876953,1905.0,0.0,1367.0,0.0007082539377734,100.0,57.38982009887695,222.0,0.0
2434,0.0,1892.0,10.634492874145508,36.99,66.02320098876953,1905.0,0.0,1367.0,0.0007082539377734,100.0,57.38982009887695,222.0,0.0
2435,0.0,1892.0,10.634492874145508,36.99,66.02320098876953,1905.0,0.0,1367.0,0.0007082539377734,100.0,57.38982009887695,222.0,0.0
2436,0.0,1892.0,10.461387634277344,36.99,67.42060852050781,1767.0,0.0,1367.0,0.0019919602200388,100.0,57.4152717590332,222.0,0.0
2437,0.0,1892.0,10.461387634277344,36.99,67.42060852050781,1767.0,0.0,1367.0,0.0019919602200388,100.0,57.4152717590332,222.0,0.0
2438,0.0,1892.0,10.461387634277344,36.99,67.42060852050781,1767.0,0.0,1367.0,0.0019919602200388,100.0,57.4152717590332,222.0,0.0
2439,0.0,1892.0,10.461387634277344,36.99,67.42060852050781,1767.0,0.0,1367.0,0.0019919602200388,100.0,57.4152717590332,222.0,0.0
2440,0.0,1892.0,10.461387634277344,36.99,67.42060852050781,1767.0,0.0,1367.0,0.0019919602200388,100.0,57.4152717590332,222.0,0.0
2441,0.0,1892.0,10.361355781555176,36.99,65.9223861694336,1494.0,0.0,1367.0,0.0009816226083785,100.0,57.53670120239258,111.0,0.0
2442,0.0,1892.0,10.361355781555176,36.99,65.9223861694336,1494.0,0.0,1367.0,0.0009816226083785,100.0,57.53670120239258,111.0,0.0
2443,0.0,1892.0,10.361355781555176,36.99,65.9223861694336,1494.0,0.0,1367.0,0.0009816226083785,100.0,57.53670120239258,111.0,0.0
2444,0.0,1892.0,10.361355781555176,36.99,65.9223861694336,1494.0,0.0,1367.0,0.0009816226083785,100.0,57.53670120239258,111.0,0.0
2445,0.0,1892.0,10.361355781555176,36.99,65.9223861694336,1494.0,0.0,1367.0,0.0009816226083785,100.0,57.53670120239258,111.0,0.0
2446,0.0,1892.0,10.128664016723633,36.99,65.39791107177734,1215.0,0.0,1367.0,0.0002696721930988,100.0,57.36065673828125,111.0,0.0
2447,0.0,1892.0,10.128664016723633,36.99,65.39791107177734,1215.0,0.0,1367.0,0.0002696721930988,100.0,57.36065673828125,111.0,0.0
2448,0.0,1892.0,10.128664016723633,36.99,65.39791107177734,1215.0,0.0,1367.0,0.0002696721930988,100.0,57.36065673828125,111.0,0.0
2449,0.0,1892.0,10.128664016723633,36.99,65.39791107177734,1215.0,0.0,1367.0,0.0002696721930988,100.0,57.36065673828125,111.0,0.0
2450,0.0,1892.0,10.128664016723633,36.99,65.39791107177734,1215.0,0.0,1367.0,0.0002696721930988,100.0,57.36065673828125,111.0,0.0
2451,0.0,1892.0,10.128664016723633,36.99,65.39791107177734,1215.0,0.0,1367.0,0.0002696721930988,100.0,57.36065673828125,111.0,0.0
2452,0.0,1892.0,10.116568565368652,36.99,64.48469543457031,1195.0,0.0,1367.0,0.0014201566809788,100.0,57.29138946533203,111.0,0.0
2453,0.0,1892.0,10.116568565368652,36.99,64.48469543457031,1195.0,0.0,1367.0,0.0014201566809788,100.0,57.29138946533203,111.0,0.0
2454,0.0,1892.0,10.116568565368652,36.99,64.48469543457031,1195.0,0.0,1367.0,0.0014201566809788,100.0,57.29138946533203,111.0,0.0
2455,0.0,1892.0,10.116568565368652,36.99,64.48469543457031,1195.0,0.0,1367.0,0.0014201566809788,100.0,57.29138946533203,111.0,0.0
2456,0.0,1892.0,10.116568565368652,36.99,64.48469543457031,1195.0,0.0,1367.0,0.0014201566809788,100.0,57.29138946533203,111.0,0.0
2457,0.0,1892.0,10.218095779418944,36.99,64.48241424560547,1096.0,0.0,1367.0,0.0008744249353185,100.0,57.320030212402344,384.0,0.0
2458,0.0,1892.0,10.218095779418944,36.99,64.48241424560547,1096.0,0.0,1367.0,0.0008744249353185,100.0,57.320030212402344,384.0,0.0
2459,0.0,1892.0,10.218095779418944,36.99,64.48241424560547,1096.0,0.0,1367.0,0.0008744249353185,100.0,57.320030212402344,384.0,0.0
2460,0.0,1892.0,10.218095779418944,36.99,64.48241424560547,1096.0,0.0,1367.0,0.0008744249353185,100.0,57.320030212402344,384.0,0.0
2461,0.0,1892.0,10.414793014526367,36.99,66.61406707763672,1132.0,0.0,1367.0,0.0026709660887718,100.0,57.34711837768555,222.0,0.0
2462,0.0,1892.0,10.414793014526367,36.99,66.61406707763672,1132.0,0.0,1367.0,0.0026709660887718,100.0,57.34711837768555,222.0,0.0
2463,0.0,1892.0,10.414793014526367,36.99,66.61406707763672,1132.0,0.0,1367.0,0.0026709660887718,100.0,57.34711837768555,222.0,0.0
2464,0.0,1892.0,10.414793014526367,36.99,66.61406707763672,1132.0,0.0,1367.0,0.0026709660887718,100.0,57.34711837768555,222.0,0.0
2465,0.0,1892.0,10.414793014526367,36.99,66.61406707763672,1132.0,0.0,1367.0,0.0026709660887718,100.0,57.34711837768555,222.0,0.0
2466,0.0,1892.0,10.414793014526367,36.99,66.61406707763672,1132.0,0.0,1367.0,0.0026709660887718,100.0,57.34711837768555,222.0,0.0
2467,0.0,1892.0,10.25991916656494,36.99,64.76888275146484,1142.0,0.0,1367.0,0.0169478096067905,100.0,57.25128173828125,111.0,0.0
2468,0.0,1892.0,10.25991916656494,36.99,64.76888275146484,1142.0,0.0,1367.0,0.0169478096067905,100.0,57.25128173828125,111.0,0.0
2469,0.0,1892.0,10.25991916656494,36.99,64.76888275146484,1142.0,0.0,1367.0,0.0169478096067905,100.0,57.25128173828125,111.0,0.0
2470,0.0,1892.0,10.25991916656494,36.99,64.76888275146484,1142.0,0.0,1367.0,0.0169478096067905,100.0,57.25128173828125,111.0,0.0
2471,0.0,1892.0,10.25991916656494,36.99,64.76888275146484,1142.0,0.0,1367.0,0.0169478096067905,100.0,57.25128173828125,111.0,0.0
2472,0.0,1892.0,10.282588958740234,36.99,65.1956558227539,1034.0,0.0,1367.0,0.0014919990207999,100.0,57.30786895751953,111.0,0.0
2473,0.0,1892.0,10.282588958740234,36.99,65.1956558227539,1034.0,0.0,1367.0,0.0014919990207999,100.0,57.30786895751953,111.0,0.0
2474,0.0,1892.0,10.282588958740234,36.99,65.1956558227539,1034.0,0.0,1367.0,0.0014919990207999,100.0,57.30786895751953,111.0,0.0
2475,0.0,1892.0,10.282588958740234,36.99,65.1956558227539,1034.0,0.0,1367.0,0.0014919990207999,100.0,57.30786895751953,111.0,0.0
2476,0.0,1892.0,10.309964179992676,36.99,64.6731948852539,1573.0,0.0,1367.0,0.0009264426189474,100.0,57.225242614746094,111.0,0.0
2477,0.0,1892.0,10.309964179992676,36.99,64.6731948852539,1573.0,0.0,1367.0,0.0009264426189474,100.0,57.225242614746094,111.0,0.0
2478,0.0,1892.0,10.309964179992676,36.99,64.6731948852539,1573.0,0.0,1367.0,0.0009264426189474,100.0,57.225242614746094,111.0,0.0
2479,0.0,1892.0,10.309964179992676,36.99,64.6731948852539,1573.0,0.0,1367.0,0.0009264426189474,100.0,57.225242614746094,111.0,0.0
2480,0.0,1892.0,10.309964179992676,36.99,64.6731948852539,1573.0,0.0,1367.0,0.0009264426189474,100.0,57.225242614746094,111.0,0.0
2481,0.0,1892.0,10.19446849822998,36.99,66.70076751708984,1218.0,0.0,1367.0,0.0019084338564425,100.0,57.26690673828125,222.0,0.0
2482,0.0,1892.0,10.19446849822998,36.99,66.70076751708984,1218.0,0.0,1367.0,0.0019084338564425,100.0,57.26690673828125,222.0,0.0
2483,0.0,1892.0,10.19446849822998,36.99,66.70076751708984,1218.0,0.0,1367.0,0.0019084338564425,100.0,57.26690673828125,222.0,0.0
2484,0.0,1892.0,10.19446849822998,36.99,66.70076751708984,1218.0,0.0,1367.0,0.0019084338564425,100.0,57.26690673828125,222.0,0.0
2485,0.0,1892.0,10.19446849822998,36.99,66.70076751708984,1218.0,0.0,1367.0,0.0019084338564425,100.0,57.26690673828125,222.0,0.0
2486,0.0,1892.0,10.19446849822998,36.99,66.70076751708984,1218.0,0.0,1367.0,0.0019084338564425,100.0,57.26690673828125,222.0,0.0
2487,0.0,1892.0,10.19572639465332,36.99,64.55998229980469,1507.0,0.0,1367.0,0.001887188758701,100.0,57.36521530151367,222.0,0.0
2488,0.0,1892.0,10.19572639465332,36.99,64.55998229980469,1507.0,0.0,1367.0,0.001887188758701,100.0,57.36521530151367,222.0,0.0
2489,0.0,1892.0,10.19572639465332,36.99,64.55998229980469,1507.0,0.0,1367.0,0.001887188758701,100.0,57.36521530151367,222.0,0.0
2490,0.0,1892.0,10.19572639465332,36.99,64.55998229980469,1507.0,0.0,1367.0,0.001887188758701,100.0,57.36521530151367,222.0,0.0
2491,0.0,1892.0,10.19572639465332,36.99,64.55998229980469,1507.0,0.0,1367.0,0.001887188758701,100.0,57.36521530151367,222.0,0.0
2492,0.0,1892.0,10.254572868347168,36.99,65.8291015625,1447.0,0.0,1367.0,0.0002478035748936,100.0,57.41691207885742,111.0,0.0
2493,0.0,1892.0,10.254572868347168,36.99,65.8291015625,1447.0,0.0,1367.0,0.0002478035748936,100.0,57.41691207885742,111.0,0.0
2494,0.0,1892.0,10.254572868347168,36.99,65.8291015625,1447.0,0.0,1367.0,0.0002478035748936,100.0,57.41691207885742,111.0,0.0
2495,0.0,1892.0,10.254572868347168,36.99,65.8291015625,1447.0,0.0,1367.0,0.0002478035748936,100.0,57.41691207885742,111.0,0.0
2496,0.0,1892.0,10.254572868347168,36.99,65.8291015625,1447.0,0.0,1367.0,0.0002478035748936,100.0,57.41691207885742,111.0,0.0
2497,0.0,1892.0,10.082987785339355,36.99,64.81135559082031,1116.0,0.0,1367.0,0.0013035393785685,100.0,57.3325309753418,111.0,0.0
2498,0.0,1892.0,10.082987785339355,36.99,64.81135559082031,1116.0,0.0,1367.0,0.0013035393785685,100.0,57.3325309753418,111.0,0.0
2499,0.0,1892.0,10.082987785339355,36.99,64.81135559082031,1116.0,0.0,1367.0,0.0013035393785685,100.0,57.3325309753418,111.0,0.0
2500,0.0,1892.0,10.082987785339355,36.99,64.81135559082031,1116.0,0.0,1367.0,0.0013035393785685,100.0,57.3325309753418,111.0,0.0
2501,0.0,1892.0,10.082987785339355,36.99,64.81135559082031,1116.0,0.0,1367.0,0.0013035393785685,100.0,57.3325309753418,111.0,0.0
2502,0.0,1892.0,10.216994285583496,36.99,66.54977416992188,1007.0,0.0,1367.0,0.0007139667868614,100.0,57.3616943359375,111.0,0.0
2503,0.0,1892.0,10.216994285583496,36.99,66.54977416992188,1007.0,0.0,1367.0,0.0007139667868614,100.0,57.3616943359375,111.0,0.0
2504,0.0,1892.0,10.216994285583496,36.99,66.54977416992188,1007.0,0.0,1367.0,0.0007139667868614,100.0,57.3616943359375,111.0,0.0
2505,0.0,1892.0,10.216994285583496,36.99,66.54977416992188,1007.0,0.0,1367.0,0.0007139667868614,100.0,57.3616943359375,111.0,0.0
2506,0.0,1892.0,10.216994285583496,36.99,66.54977416992188,1007.0,0.0,1367.0,0.0007139667868614,100.0,57.3616943359375,111.0,0.0
2507,0.0,1892.0,10.450438499450684,36.99,65.24712371826172,1209.0,0.0,1367.0,0.0022696172818541,100.0,57.25232696533203,282.0,0.0
2508,0.0,1892.0,10.450438499450684,36.99,65.24712371826172,1209.0,0.0,1367.0,0.0022696172818541,100.0,57.25232696533203,282.0,0.0
2509,0.0,1892.0,10.450438499450684,36.99,65.24712371826172,1209.0,0.0,1367.0,0.0022696172818541,100.0,57.25232696533203,282.0,0.0
2510,0.0,1892.0,10.450438499450684,36.99,65.24712371826172,1209.0,0.0,1367.0,0.0022696172818541,100.0,57.25232696533203,282.0,0.0
2511,0.0,1892.0,10.450438499450684,36.99,65.24712371826172,1209.0,0.0,1367.0,0.0022696172818541,100.0,57.25232696533203,282.0,0.0
2512,0.0,1892.0,10.972023963928224,36.99,66.26605987548828,1348.0,0.0,1367.0,0.001456098165363,100.0,57.276702880859375,222.0,0.0
2513,0.0,1892.0,10.972023963928224,36.99,66.26605987548828,1348.0,0.0,1367.0,0.001456098165363,100.0,57.276702880859375,222.0,0.0
2514,0.0,1892.0,10.972023963928224,36.99,66.26605987548828,1348.0,0.0,1367.0,0.001456098165363,100.0,57.276702880859375,222.0,0.0
2515,0.0,1892.0,10.972023963928224,36.99,66.26605987548828,1348.0,0.0,1367.0,0.001456098165363,100.0,57.276702880859375,222.0,0.0
2516,0.0,1892.0,10.972023963928224,36.99,66.26605987548828,1348.0,0.0,1367.0,0.001456098165363,100.0,57.276702880859375,222.0,0.0
2517,0.0,1892.0,10.523438453674316,36.99,66.99401092529297,1452.0,0.0,1367.0,0.0013678288087248,100.0,57.3616943359375,222.0,0.0
2518,0.0,1892.0,10.523438453674316,36.99,66.99401092529297,1452.0,0.0,1367.0,0.0013678288087248,100.0,57.3616943359375,222.0,0.0
2519,0.0,1892.0,10.523438453674316,36.99,66.99401092529297,1452.0,0.0,1367.0,0.0013678288087248,100.0,57.3616943359375,222.0,0.0
2520,0.0,1892.0,10.523438453674316,36.99,66.99401092529297,1452.0,0.0,1367.0,0.0013678288087248,100.0,57.3616943359375,222.0,0.0
2521,0.0,1892.0,10.523438453674316,36.99,66.99401092529297,1452.0,0.0,1367.0,0.0013678288087248,100.0,57.3616943359375,222.0,0.0
2522,0.0,1892.0,10.266644477844238,36.99,64.7308120727539,1236.0,0.0,1367.0,0.0010116011835634,100.0,57.36274337768555,172.0,0.0
2523,0.0,1892.0,10.266644477844238,36.99,64.7308120727539,1236.0,0.0,1367.0,0.0010116011835634,100.0,57.36274337768555,172.0,0.0
2524,0.0,1892.0,10.266644477844238,36.99,64.7308120727539,1236.0,0.0,1367.0,0.0010116011835634,100.0,57.36274337768555,172.0,0.0
2525,0.0,1892.0,10.266644477844238,36.99,64.7308120727539,1236.0,0.0,1367.0,0.0010116011835634,100.0,57.36274337768555,172.0,0.0
2526,0.0,1892.0,10.266644477844238,36.99,64.7308120727539,1236.0,0.0,1367.0,0.0010116011835634,100.0,57.36274337768555,172.0,0.0
2527,0.0,1892.0,10.14172649383545,36.99,66.50909423828125,1154.0,0.0,1367.0,0.0007875218288972,100.0,57.281494140625,111.0,0.0
2528,0.0,1892.0,10.14172649383545,36.99,66.50909423828125,1154.0,0.0,1367.0,0.0007875218288972,100.0,57.281494140625,111.0,0.0
2529,0.0,1892.0,10.14172649383545,36.99,66.50909423828125,1154.0,0.0,1367.0,0.0007875218288972,100.0,57.281494140625,111.0,0.0
2530,0.0,1892.0,10.14172649383545,36.99,66.50909423828125,1154.0,0.0,1367.0,0.0007875218288972,100.0,57.281494140625,111.0,0.0
2531,0.0,1892.0,10.14172649383545,36.99,66.50909423828125,1154.0,0.0,1367.0,0.0007875218288972,100.0,57.281494140625,111.0,0.0
2532,0.0,1892.0,10.17133617401123,36.99,65.04792022705078,1149.0,0.0,1367.0,0.0023595984093844,100.0,57.3950309753418,222.0,0.0
2533,0.0,1892.0,10.17133617401123,36.99,65.04792022705078,1149.0,0.0,1367.0,0.0023595984093844,100.0,57.3950309753418,222.0,0.0
2534,0.0,1892.0,10.17133617401123,36.99,65.04792022705078,1149.0,0.0,1367.0,0.0023595984093844,100.0,57.3950309753418,222.0,0.0
2535,0.0,1892.0,10.17133617401123,36.99,65.04792022705078,1149.0,0.0,1367.0,0.0023595984093844,100.0,57.3950309753418,222.0,0.0
2536,0.0,1892.0,10.17133617401123,36.99,65.04792022705078,1149.0,0.0,1367.0,0.0023595984093844,100.0,57.3950309753418,222.0,0.0
2537,0.0,1892.0,10.38004207611084,36.99,65.73909759521484,1808.0,0.0,1367.0,0.0007191527402028,100.0,57.37357711791992,111.0,0.0
2538,0.0,1892.0,10.38004207611084,36.99,65.73909759521484,1808.0,0.0,1367.0,0.0007191527402028,100.0,57.37357711791992,111.0,0.0
2539,0.0,1892.0,10.38004207611084,36.99,65.73909759521484,1808.0,0.0,1367.0,0.0007191527402028,100.0,57.37357711791992,111.0,0.0
2540,0.0,1892.0,10.38004207611084,36.99,65.73909759521484,1808.0,0.0,1367.0,0.0007191527402028,100.0,57.37357711791992,111.0,0.0
2541,0.0,1892.0,10.38004207611084,36.99,65.73909759521484,1808.0,0.0,1367.0,0.0007191527402028,100.0,57.37357711791992,111.0,0.0
2542,0.0,1892.0,10.433663368225098,36.99,66.47460174560547,1925.0,0.0,1367.0,0.0326816923916339,100.0,57.60530853271485,222.0,0.0
2543,0.0,1892.0,10.433663368225098,36.99,66.47460174560547,1925.0,0.0,1367.0,0.0326816923916339,100.0,57.60530853271485,222.0,0.0
2544,0.0,1892.0,10.433663368225098,36.99,66.47460174560547,1925.0,0.0,1367.0,0.0326816923916339,100.0,57.60530853271485,222.0,0.0
2545,0.0,1892.0,10.433663368225098,36.99,66.47460174560547,1925.0,0.0,1367.0,0.0326816923916339,100.0,57.60530853271485,222.0,0.0
2546,0.0,1892.0,10.433663368225098,36.99,66.47460174560547,1925.0,0.0,1367.0,0.0326816923916339,100.0,57.60530853271485,222.0,0.0
2547,0.0,1892.0,10.400304794311523,36.99,67.33182525634766,1442.0,0.0,1367.0,0.0095558604225516,100.0,57.38982009887695,222.0,0.0
2548,0.0,1892.0,10.400304794311523,36.99,67.33182525634766,1442.0,0.0,1367.0,0.0095558604225516,100.0,57.38982009887695,222.0,0.0
2549,0.0,1892.0,10.400304794311523,36.99,67.33182525634766,1442.0,0.0,1367.0,0.0095558604225516,100.0,57.38982009887695,222.0,0.0
2550,0.0,1892.0,10.400304794311523,36.99,67.33182525634766,1442.0,0.0,1367.0,0.0095558604225516,100.0,57.38982009887695,222.0,0.0
2551,0.0,1892.0,10.400304794311523,36.99,67.33182525634766,1442.0,0.0,1367.0,0.0095558604225516,100.0,57.38982009887695,222.0,0.0
2552,0.0,1892.0,10.352849960327148,36.99,64.70243835449219,1259.0,0.0,1367.0,0.0053236931562423,100.0,57.40544509887695,111.0,0.0
2553,0.0,1892.0,10.352849960327148,36.99,64.70243835449219,1259.0,0.0,1367.0,0.0053236931562423,100.0,57.40544509887695,111.0,0.0
2554,0.0,1892.0,10.352849960327148,36.99,64.70243835449219,1259.0,0.0,1367.0,0.0053236931562423,100.0,57.40544509887695,111.0,0.0
2555,0.0,1892.0,10.352849960327148,36.99,64.70243835449219,1259.0,0.0,1367.0,0.0053236931562423,100.0,57.40544509887695,111.0,0.0
2556,0.0,1892.0,10.352849960327148,36.99,64.70243835449219,1259.0,0.0,1367.0,0.0053236931562423,100.0,57.40544509887695,111.0,0.0
2557,0.0,1892.0,10.44298267364502,36.99,65.01487731933594,1175.0,0.0,1367.0,0.0022713979706168,100.0,57.25517654418945,333.0,0.0
2558,0.0,1892.0,10.44298267364502,36.99,65.01487731933594,1175.0,0.0,1367.0,0.0022713979706168,100.0,57.25517654418945,333.0,0.0
2559,0.0,1892.0,10.44298267364502,36.99,65.01487731933594,1175.0,0.0,1367.0,0.0022713979706168,100.0,57.25517654418945,333.0,0.0
2560,0.0,1892.0,10.44298267364502,36.99,65.01487731933594,1175.0,0.0,1367.0,0.0022713979706168,100.0,57.25517654418945,333.0,0.0
2561,0.0,1892.0,10.44298267364502,36.99,65.01487731933594,1175.0,0.0,1367.0,0.0022713979706168,100.0,57.25517654418945,333.0,0.0
2562,0.0,1892.0,10.267193794250488,36.99,64.64579772949219,1036.0,0.0,1367.0,0.0009365554433315,100.0,57.30753707885742,111.0,0.0
2563,0.0,1892.0,10.267193794250488,36.99,64.64579772949219,1036.0,0.0,1367.0,0.0009365554433315,100.0,57.30753707885742,111.0,0.0
2564,0.0,1892.0,10.267193794250488,36.99,64.64579772949219,1036.0,0.0,1367.0,0.0009365554433315,100.0,57.30753707885742,111.0,0.0
2565,0.0,1892.0,10.267193794250488,36.99,64.64579772949219,1036.0,0.0,1367.0,0.0009365554433315,100.0,57.30753707885742,111.0,0.0
2566,0.0,1892.0,10.267193794250488,36.99,64.64579772949219,1036.0,0.0,1367.0,0.0009365554433315,100.0,57.30753707885742,111.0,0.0
2567,0.0,1892.0,10.154032707214355,36.99,64.7581787109375,1087.0,0.0,1367.0,0.0009332781773991,100.0,57.18253326416016,111.0,0.0
2568,0.0,1892.0,10.154032707214355,36.99,64.7581787109375,1087.0,0.0,1367.0,0.0009332781773991,100.0,57.18253326416016,111.0,0.0
2569,0.0,1892.0,10.154032707214355,36.99,64.7581787109375,1087.0,0.0,1367.0,0.0009332781773991,100.0,57.18253326416016,111.0,0.0
2570,0.0,1892.0,10.154032707214355,36.99,64.7581787109375,1087.0,0.0,1367.0,0.0009332781773991,100.0,57.18253326416016,111.0,0.0
2571,0.0,1892.0,10.154032707214355,36.99,64.7581787109375,1087.0,0.0,1367.0,0.0009332781773991,100.0,57.18253326416016,111.0,0.0
2572,0.0,1892.0,10.052497863769531,36.99,66.15026092529297,1080.0,0.0,1367.0,0.0010893095750361,100.0,57.26690673828125,314.0,0.0
2573,0.0,1892.0,10.052497863769531,36.99,66.15026092529297,1080.0,0.0,1367.0,0.0010893095750361,100.0,57.26690673828125,314.0,0.0
2574,0.0,1892.0,10.052497863769531,36.99,66.15026092529297,1080.0,0.0,1367.0,0.0010893095750361,100.0,57.26690673828125,314.0,0.0
2575,0.0,1892.0,10.052497863769531,36.99,66.15026092529297,1080.0,0.0,1367.0,0.0010893095750361,100.0,57.26690673828125,314.0,0.0
2576,0.0,1892.0,10.052497863769531,36.99,66.15026092529297,1080.0,0.0,1367.0,0.0010893095750361,100.0,57.26690673828125,314.0,0.0
2577,0.0,1892.0,10.238754272460938,36.99,65.31776428222656,1450.0,0.0,1367.0,0.0456617660820484,100.0,57.45609664916992,408.0,0.0
2578,0.0,1892.0,10.238754272460938,36.99,65.31776428222656,1450.0,0.0,1367.0,0.0456617660820484,100.0,57.45609664916992,408.0,0.0
2579,0.0,1892.0,10.238754272460938,36.99,65.31776428222656,1450.0,0.0,1367.0,0.0456617660820484,100.0,57.45609664916992,408.0,0.0
2580,0.0,1892.0,10.238754272460938,36.99,65.31776428222656,1450.0,0.0,1367.0,0.0456617660820484,100.0,57.45609664916992,408.0,0.0
2581,0.0,1892.0,10.238754272460938,36.99,65.31776428222656,1450.0,0.0,1367.0,0.0456617660820484,100.0,57.45609664916992,408.0,0.0
2582,0.0,1892.0,10.315641403198242,36.99,65.05377197265625,1499.0,0.0,1367.0,0.0031858612783253,100.0,57.4662971496582,233.0,0.0
2583,0.0,1892.0,10.315641403198242,36.99,65.05377197265625,1499.0,0.0,1367.0,0.0031858612783253,100.0,57.4662971496582,233.0,0.0
2584,0.0,1892.0,10.315641403198242,36.99,65.05377197265625,1499.0,0.0,1367.0,0.0031858612783253,100.0,57.4662971496582,233.0,0.0
2585,0.0,1892.0,10.315641403198242,36.99,65.05377197265625,1499.0,0.0,1367.0,0.0031858612783253,100.0,57.4662971496582,233.0,0.0
2586,0.0,1892.0,10.315641403198242,36.99,65.05377197265625,1499.0,0.0,1367.0,0.0031858612783253,100.0,57.4662971496582,233.0,0.0
2587,0.0,1892.0,10.254150390625,36.99,65.27047729492188,1355.0,0.0,1367.0,0.0002712860004976,100.0,57.43083953857422,111.0,0.0
2588,0.0,1892.0,10.254150390625,36.99,65.27047729492188,1355.0,0.0,1367.0,0.0002712860004976,100.0,57.43083953857422,111.0,0.0
2589,0.0,1892.0,10.254150390625,36.99,65.27047729492188,1355.0,0.0,1367.0,0.0002712860004976,100.0,57.43083953857422,111.0,0.0
2590,0.0,1892.0,10.254150390625,36.99,65.27047729492188,1355.0,0.0,1367.0,0.0002712860004976,100.0,57.43083953857422,111.0,0.0
2591,0.0,1892.0,10.254150390625,36.99,65.27047729492188,1355.0,0.0,1367.0,0.0002712860004976,100.0,57.43083953857422,111.0,0.0
2592,0.0,1892.0,10.362762451171877,36.99,65.78263092041016,1400.0,0.0,1367.0,0.0015808084281161,100.0,57.45545196533203,111.0,0.0
2593,0.0,1892.0,10.362762451171877,36.99,65.78263092041016,1400.0,0.0,1367.0,0.0015808084281161,100.0,57.45545196533203,111.0,0.0
2594,0.0,1892.0,10.362762451171877,36.99,65.78263092041016,1400.0,0.0,1367.0,0.0015808084281161,100.0,57.45545196533203,111.0,0.0
2595,0.0,1892.0,10.362762451171877,36.99,65.78263092041016,1400.0,0.0,1367.0,0.0015808084281161,100.0,57.45545196533203,111.0,0.0
2596,0.0,1892.0,10.362762451171877,36.99,65.78263092041016,1400.0,0.0,1367.0,0.0015808084281161,100.0,57.45545196533203,111.0,0.0
2597,0.0,1892.0,10.244084358215332,36.99,64.7492446899414,978.0,0.0,1367.0,0.000773737381678,100.0,57.306495666503906,171.0,0.0
2598,0.0,1892.0,10.244084358215332,36.99,64.7492446899414,978.0,0.0,1367.0,0.000773737381678,100.0,57.306495666503906,171.0,0.0
2599,0.0,1892.0,10.244084358215332,36.99,64.7492446899414,978.0,0.0,1367.0,0.000773737381678,100.0,57.306495666503906,171.0,0.0
2600,0.0,1892.0,10.244084358215332,36.99,64.7492446899414,978.0,0.0,1367.0,0.000773737381678,100.0,57.306495666503906,171.0,0.0
2601,0.0,1892.0,10.244084358215332,36.99,64.7492446899414,978.0,0.0,1367.0,0.000773737381678,100.0,57.306495666503906,171.0,0.0
2602,0.0,1892.0,10.303678512573242,36.99,64.48896026611328,1158.0,0.0,1367.0,0.0010092312004417,100.0,57.211700439453125,362.0,0.0
2603,0.0,1892.0,10.303678512573242,36.99,64.48896026611328,1158.0,0.0,1367.0,0.0010092312004417,100.0,57.211700439453125,362.0,0.0
2604,0.0,1892.0,10.303678512573242,36.99,64.48896026611328,1158.0,0.0,1367.0,0.0010092312004417,100.0,57.211700439453125,362.0,0.0
2605,0.0,1892.0,10.303678512573242,36.99,64.48896026611328,1158.0,0.0,1367.0,0.0010092312004417,100.0,57.211700439453125,362.0,0.0
2606,0.0,1892.0,10.303678512573242,36.99,64.48896026611328,1158.0,0.0,1367.0,0.0010092312004417,100.0,57.211700439453125,362.0,0.0
2607,0.0,1892.0,10.323829650878906,36.99,64.81482696533203,1053.0,0.0,1367.0,0.0024104027543216,100.0,57.26044845581055,156.0,0.0
2608,0.0,1892.0,10.323829650878906,36.99,64.81482696533203,1053.0,0.0,1367.0,0.0024104027543216,100.0,57.26044845581055,156.0,0.0
2609,0.0,1892.0,10.323829650878906,36.99,64.81482696533203,1053.0,0.0,1367.0,0.0024104027543216,100.0,57.26044845581055,156.0,0.0
2610,0.0,1892.0,10.323829650878906,36.99,64.81482696533203,1053.0,0.0,1367.0,0.0024104027543216,100.0,57.26044845581055,156.0,0.0
2611,0.0,1892.0,10.323829650878906,36.99,64.81482696533203,1053.0,0.0,1367.0,0.0024104027543216,100.0,57.26044845581055,156.0,0.0
2612,0.0,1892.0,10.270389556884766,36.99,66.71090698242188,1381.0,0.0,1367.0,0.0008831043960526,100.0,57.210655212402344,111.0,0.0
2613,0.0,1892.0,10.270389556884766,36.99,66.71090698242188,1381.0,0.0,1367.0,0.0008831043960526,100.0,57.210655212402344,111.0,0.0
2614,0.0,1892.0,10.270389556884766,36.99,66.71090698242188,1381.0,0.0,1367.0,0.0008831043960526,100.0,57.210655212402344,111.0,0.0
2615,0.0,1892.0,10.270389556884766,36.99,66.71090698242188,1381.0,0.0,1367.0,0.0008831043960526,100.0,57.210655212402344,111.0,0.0
2616,0.0,1892.0,10.270389556884766,36.99,66.71090698242188,1381.0,0.0,1367.0,0.0008831043960526,100.0,57.210655212402344,111.0,0.0
2617,0.0,1892.0,11.086562156677246,36.99,66.68904113769531,1702.0,0.0,1367.0,0.2221960127353668,100.0,57.73881912231445,500.0,0.0
2618,0.0,1892.0,11.086562156677246,36.99,66.68904113769531,1702.0,0.0,1367.0,0.2221960127353668,100.0,57.73881912231445,500.0,0.0
2619,0.0,1892.0,11.086562156677246,36.99,66.68904113769531,1702.0,0.0,1367.0,0.2221960127353668,100.0,57.73881912231445,500.0,0.0
2620,0.0,1892.0,11.086562156677246,36.99,66.68904113769531,1702.0,0.0,1367.0,0.2221960127353668,100.0,57.73881912231445,500.0,0.0
2621,0.0,1892.0,11.086562156677246,36.99,66.68904113769531,1702.0,0.0,1367.0,0.2221960127353668,100.0,57.73881912231445,500.0,0.0
2622,0.0,1892.0,10.208988189697266,36.99,65.69476318359375,1625.0,0.0,1367.0,0.0077537051402032,100.0,57.5841064453125,222.0,0.0
2623,0.0,1892.0,10.208988189697266,36.99,65.69476318359375,1625.0,0.0,1367.0,0.0077537051402032,100.0,57.5841064453125,222.0,0.0
2624,0.0,1892.0,10.208988189697266,36.99,65.69476318359375,1625.0,0.0,1367.0,0.0077537051402032,100.0,57.5841064453125,222.0,0.0
2625,0.0,1892.0,10.208988189697266,36.99,65.69476318359375,1625.0,0.0,1367.0,0.0077537051402032,100.0,57.5841064453125,222.0,0.0
2626,0.0,1892.0,10.208988189697266,36.99,65.69476318359375,1625.0,0.0,1367.0,0.0077537051402032,100.0,57.5841064453125,222.0,0.0
2627,0.0,1892.0,10.115772247314451,36.99,64.64778137207031,1187.0,0.0,1367.0,0.0037074419669806,100.0,57.414825439453125,222.0,0.0
2628,0.0,1892.0,10.115772247314451,36.99,64.64778137207031,1187.0,0.0,1367.0,0.0037074419669806,100.0,57.414825439453125,222.0,0.0
2629,0.0,1892.0,10.115772247314451,36.99,64.64778137207031,1187.0,0.0,1367.0,0.0037074419669806,100.0,57.414825439453125,222.0,0.0
2630,0.0,1892.0,10.115772247314451,36.99,64.64778137207031,1187.0,0.0,1367.0,0.0037074419669806,100.0,57.414825439453125,222.0,0.0
2631,0.0,1892.0,10.115772247314451,36.99,64.64778137207031,1187.0,0.0,1367.0,0.0037074419669806,100.0,57.414825439453125,222.0,0.0
2632,0.0,1892.0,10.63417625427246,36.99,67.27439880371094,1669.0,0.0,1367.0,0.1757166087627411,100.0,57.74586868286133,444.0,0.0
2633,0.0,1892.0,10.63417625427246,36.99,67.27439880371094,1669.0,0.0,1367.0,0.1757166087627411,100.0,57.74586868286133,444.0,0.0
2634,0.0,1892.0,10.63417625427246,36.99,67.27439880371094,1669.0,0.0,1367.0,0.1757166087627411,100.0,57.74586868286133,444.0,0.0
2635,0.0,1892.0,10.63417625427246,36.99,67.27439880371094,1669.0,0.0,1367.0,0.1757166087627411,100.0,57.74586868286133,444.0,0.0
2636,0.0,1892.0,10.63417625427246,36.99,67.27439880371094,1669.0,0.0,1367.0,0.1757166087627411,100.0,57.74586868286133,444.0,0.0
2637,0.0,1892.0,12.514108657836914,36.99,67.79150390625,1937.0,0.0,1367.0,0.6396247148513794,100.0,58.3546142578125,549.0,0.0
2638,0.0,1892.0,12.514108657836914,36.99,67.79150390625,1937.0,0.0,1367.0,0.6396247148513794,100.0,58.3546142578125,549.0,0.0
2639,0.0,1892.0,12.514108657836914,36.99,67.79150390625,1937.0,0.0,1367.0,0.6396247148513794,100.0,58.3546142578125,549.0,0.0
2640,0.0,1892.0,12.514108657836914,36.99,67.79150390625,1937.0,0.0,1367.0,0.6396247148513794,100.0,58.3546142578125,549.0,0.0
2641,0.0,1892.0,12.514108657836914,36.99,67.79150390625,1937.0,0.0,1367.0,0.6396247148513794,100.0,58.3546142578125,549.0,0.0
2642,0.0,1892.0,10.894176483154297,36.99,67.4393310546875,2068.0,0.0,1367.0,0.0670702159404754,100.0,57.87191009521485,501.0,0.0
2643,0.0,1892.0,10.894176483154297,36.99,67.4393310546875,2068.0,0.0,1367.0,0.0670702159404754,100.0,57.87191009521485,501.0,0.0
2644,0.0,1892.0,10.894176483154297,36.99,67.4393310546875,2068.0,0.0,1367.0,0.0670702159404754,100.0,57.87191009521485,501.0,0.0
2645,0.0,1892.0,10.894176483154297,36.99,67.4393310546875,2068.0,0.0,1367.0,0.0670702159404754,100.0,57.87191009521485,501.0,0.0
2646,0.0,1892.0,10.894176483154297,36.99,67.4393310546875,2068.0,0.0,1367.0,0.0670702159404754,100.0,57.87191009521485,501.0,0.0
2647,0.0,1892.0,10.388081550598145,36.99,66.68217468261719,1221.0,0.0,1367.0,0.0,100.0,57.7852897644043,0.0,0.0
2648,0.0,1892.0,10.388081550598145,36.99,66.68217468261719,1221.0,0.0,1367.0,0.0,100.0,57.7852897644043,0.0,0.0
2649,0.0,1892.0,10.388081550598145,36.99,66.68217468261719,1221.0,0.0,1367.0,0.0,100.0,57.7852897644043,0.0,0.0
2650,0.0,1892.0,10.388081550598145,36.99,66.68217468261719,1221.0,0.0,1367.0,0.0,100.0,57.7852897644043,0.0,0.0
2651,0.0,1892.0,10.388081550598145,36.99,66.68217468261719,1221.0,0.0,1367.0,0.0,100.0,57.7852897644043,0.0,0.0
2652,0.0,1892.0,10.234563827514648,36.99,66.06201934814453,1186.0,0.0,1367.0,0.006106796208769,100.0,57.617950439453125,303.0,0.0
2653,0.0,1892.0,10.234563827514648,36.99,66.06201934814453,1186.0,0.0,1367.0,0.006106796208769,100.0,57.617950439453125,303.0,0.0
2654,0.0,1892.0,10.234563827514648,36.99,66.06201934814453,1186.0,0.0,1367.0,0.006106796208769,100.0,57.617950439453125,303.0,0.0
2655,0.0,1892.0,10.234563827514648,36.99,66.06201934814453,1186.0,0.0,1367.0,0.006106796208769,100.0,57.617950439453125,303.0,0.0
2656,0.0,1892.0,10.234563827514648,36.99,66.06201934814453,1186.0,0.0,1367.0,0.006106796208769,100.0,57.617950439453125,303.0,0.0
2657,0.0,1892.0,10.043892860412598,36.99,65.26889038085938,1009.0,0.0,1367.0,0.0,100.0,57.69806671142578,0.0,0.0
2658,0.0,1892.0,10.043892860412598,36.99,65.26889038085938,1009.0,0.0,1367.0,0.0,100.0,57.69806671142578,0.0,0.0
2659,0.0,1892.0,10.043892860412598,36.99,65.26889038085938,1009.0,0.0,1367.0,0.0,100.0,57.69806671142578,0.0,0.0
2660,0.0,1892.0,10.043892860412598,36.99,65.26889038085938,1009.0,0.0,1367.0,0.0,100.0,57.69806671142578,0.0,0.0
2661,0.0,1892.0,10.043892860412598,36.99,65.26889038085938,1009.0,0.0,1367.0,0.0,100.0,57.69806671142578,0.0,0.0
2662,0.0,1892.0,10.090405464172363,36.99,64.75979614257812,1228.0,0.0,1367.0,0.0005276788724586,100.0,5.8734002113342285,111.0,0.0
2663,0.0,1892.0,10.090405464172363,36.99,64.75979614257812,1228.0,0.0,1367.0,0.0005276788724586,100.0,5.8734002113342285,111.0,0.0
2664,0.0,1892.0,10.090405464172363,36.99,64.75979614257812,1228.0,0.0,1367.0,0.0005276788724586,100.0,5.8734002113342285,111.0,0.0
2665,0.0,1892.0,10.090405464172363,36.99,64.75979614257812,1228.0,0.0,1367.0,0.0005276788724586,100.0,5.8734002113342285,111.0,0.0
2666,0.0,1892.0,10.090405464172363,36.99,64.75979614257812,1228.0,0.0,1367.0,0.0005276788724586,100.0,5.8734002113342285,111.0,0.0
2667,0.0,1892.0,10.09874439239502,36.99,64.99028778076172,1108.0,0.0,1367.0,0.0002664163475856,100.0,57.49607467651367,111.0,0.0
2668,0.0,1892.0,10.09874439239502,36.99,64.99028778076172,1108.0,0.0,1367.0,0.0002664163475856,100.0,57.49607467651367,111.0,0.0
2669,0.0,1892.0,10.09874439239502,36.99,64.99028778076172,1108.0,0.0,1367.0,0.0002664163475856,100.0,57.49607467651367,111.0,0.0
2670,0.0,1892.0,10.09874439239502,36.99,64.99028778076172,1108.0,0.0,1367.0,0.0002664163475856,100.0,57.49607467651367,111.0,0.0
2671,0.0,1892.0,10.09874439239502,36.99,64.99028778076172,1108.0,0.0,1367.0,0.0002664163475856,100.0,57.49607467651367,111.0,0.0
2672,0.0,1892.0,10.191104888916016,36.99,65.22505187988281,1046.0,0.0,1367.0,0.0,100.0,57.66170120239258,0.0,0.0
2673,0.0,1892.0,10.191104888916016,36.99,65.22505187988281,1046.0,0.0,1367.0,0.0,100.0,57.66170120239258,0.0,0.0
2674,0.0,1892.0,10.191104888916016,36.99,65.22505187988281,1046.0,0.0,1367.0,0.0,100.0,57.66170120239258,0.0,0.0
2675,0.0,1892.0,10.191104888916016,36.99,65.22505187988281,1046.0,0.0,1367.0,0.0,100.0,57.66170120239258,0.0,0.0
2676,0.0,1892.0,10.191104888916016,36.99,65.22505187988281,1046.0,0.0,1367.0,0.0,100.0,57.66170120239258,0.0,0.0
2677,0.0,1892.0,10.659490585327148,36.99,66.2789306640625,1198.0,0.0,1367.0,0.0015179407782852,100.0,57.4575309753418,333.0,0.0
2678,0.0,1892.0,10.659490585327148,36.99,66.2789306640625,1198.0,0.0,1367.0,0.0015179407782852,100.0,57.4575309753418,333.0,0.0
2679,0.0,1892.0,10.659490585327148,36.99,66.2789306640625,1198.0,0.0,1367.0,0.0015179407782852,100.0,57.4575309753418,333.0,0.0
2680,0.0,1892.0,10.659490585327148,36.99,66.2789306640625,1198.0,0.0,1367.0,0.0015179407782852,100.0,57.4575309753418,333.0,0.0
2681,0.0,1892.0,10.659490585327148,36.99,66.2789306640625,1198.0,0.0,1367.0,0.0015179407782852,100.0,57.4575309753418,333.0,0.0
2682,0.0,1892.0,10.586424827575684,36.99,65.09568786621094,1495.0,0.0,1367.0,0.0247509256005287,100.0,57.45753860473633,342.0,0.0
2683,0.0,1892.0,10.586424827575684,36.99,65.09568786621094,1495.0,0.0,1367.0,0.0247509256005287,100.0,57.45753860473633,342.0,0.0
2684,0.0,1892.0,10.586424827575684,36.99,65.09568786621094,1495.0,0.0,1367.0,0.0247509256005287,100.0,57.45753860473633,342.0,0.0
2685,0.0,1892.0,10.586424827575684,36.99,65.09568786621094,1495.0,0.0,1367.0,0.0247509256005287,100.0,57.45753860473633,342.0,0.0
2686,0.0,1892.0,10.586424827575684,36.99,65.09568786621094,1495.0,0.0,1367.0,0.0247509256005287,100.0,57.45753860473633,342.0,0.0
2687,0.0,1892.0,10.41803741455078,36.99,66.27261352539062,1525.0,0.0,1367.0,0.0328898057341575,100.0,57.519798278808594,455.0,0.0
2688,0.0,1892.0,10.41803741455078,36.99,66.27261352539062,1525.0,0.0,1367.0,0.0328898057341575,100.0,57.519798278808594,455.0,0.0
2689,0.0,1892.0,10.41803741455078,36.99,66.27261352539062,1525.0,0.0,1367.0,0.0328898057341575,100.0,57.519798278808594,455.0,0.0
2690,0.0,1892.0,10.41803741455078,36.99,66.27261352539062,1525.0,0.0,1367.0,0.0328898057341575,100.0,57.519798278808594,455.0,0.0
2691,0.0,1892.0,10.41803741455078,36.99,66.27261352539062,1525.0,0.0,1367.0,0.0328898057341575,100.0,57.519798278808594,455.0,0.0
2692,0.0,1892.0,10.921297073364258,36.99,66.0845947265625,1733.0,0.0,1367.0,0.0574231967329978,100.0,57.619850158691406,488.0,0.0
2693,0.0,1892.0,10.921297073364258,36.99,66.0845947265625,1733.0,0.0,1367.0,0.0574231967329978,100.0,57.619850158691406,488.0,0.0
2694,0.0,1892.0,10.921297073364258,36.99,66.0845947265625,1733.0,0.0,1367.0,0.0574231967329978,100.0,57.619850158691406,488.0,0.0
2695,0.0,1892.0,10.921297073364258,36.99,66.0845947265625,1733.0,0.0,1367.0,0.0574231967329978,100.0,57.619850158691406,488.0,0.0
2696,0.0,1892.0,10.921297073364258,36.99,66.0845947265625,1733.0,0.0,1367.0,0.0574231967329978,100.0,57.619850158691406,488.0,0.0
2697,0.0,1892.0,10.656137466430664,36.99,67.43521881103516,1600.0,0.0,1367.0,0.0860834270715713,100.0,57.74809646606445,539.0,0.0
2698,0.0,1892.0,10.656137466430664,36.99,67.43521881103516,1600.0,0.0,1367.0,0.0860834270715713,100.0,57.74809646606445,539.0,0.0
2699,0.0,1892.0,10.656137466430664,36.99,67.43521881103516,1600.0,0.0,1367.0,0.0860834270715713,100.0,57.74809646606445,539.0,0.0
2700,0.0,1892.0,10.656137466430664,36.99,67.43521881103516,1600.0,0.0,1367.0,0.0860834270715713,100.0,57.74809646606445,539.0,0.0
2701,0.0,1892.0,10.656137466430664,36.99,67.43521881103516,1600.0,0.0,1367.0,0.0860834270715713,100.0,57.74809646606445,539.0,0.0
2702,0.0,1892.0,10.764217376708984,36.99,66.38029479980469,1842.0,0.0,1367.0,0.0382529199123382,100.0,57.84614944458008,387.0,0.0
2703,0.0,1892.0,10.764217376708984,36.99,66.38029479980469,1842.0,0.0,1367.0,0.0382529199123382,100.0,57.84614944458008,387.0,0.0
2704,0.0,1892.0,10.764217376708984,36.99,66.38029479980469,1842.0,0.0,1367.0,0.0382529199123382,100.0,57.84614944458008,387.0,0.0
2705,0.0,1892.0,10.764217376708984,36.99,66.38029479980469,1842.0,0.0,1367.0,0.0382529199123382,100.0,57.84614944458008,387.0,0.0
2706,0.0,1892.0,10.400859832763672,36.99,66.68891143798828,1599.0,0.0,1367.0,0.0660970509052276,100.0,57.9480094909668,521.0,0.0
2707,0.0,1892.0,10.400859832763672,36.99,66.68891143798828,1599.0,0.0,1367.0,0.0660970509052276,100.0,57.9480094909668,521.0,0.0
2708,0.0,1892.0,10.400859832763672,36.99,66.68891143798828,1599.0,0.0,1367.0,0.0660970509052276,100.0,57.9480094909668,521.0,0.0
2709,0.0,1892.0,10.400859832763672,36.99,66.68891143798828,1599.0,0.0,1367.0,0.0660970509052276,100.0,57.9480094909668,521.0,0.0
2710,0.0,1892.0,10.400859832763672,36.99,66.68891143798828,1599.0,0.0,1367.0,0.0660970509052276,100.0,57.9480094909668,521.0,0.0
2711,0.0,1892.0,10.24005889892578,36.99,66.10919189453125,1334.0,0.0,1367.0,0.0259071663022041,100.0,57.82500457763672,222.0,0.0
2712,0.0,1892.0,10.24005889892578,36.99,66.10919189453125,1334.0,0.0,1367.0,0.0259071663022041,100.0,57.82500457763672,222.0,0.0
2713,0.0,1892.0,10.24005889892578,36.99,66.10919189453125,1334.0,0.0,1367.0,0.0259071663022041,100.0,57.82500457763672,222.0,0.0
2714,0.0,1892.0,10.24005889892578,36.99,66.10919189453125,1334.0,0.0,1367.0,0.0259071663022041,100.0,57.82500457763672,222.0,0.0
2715,0.0,1892.0,10.24005889892578,36.99,66.10919189453125,1334.0,0.0,1367.0,0.0259071663022041,100.0,57.82500457763672,222.0,0.0
2716,0.0,1892.0,10.332361221313477,36.99,66.66975402832031,1206.0,0.0,1367.0,0.0009018803248181,100.0,57.74174118041992,222.0,0.0
2717,0.0,1892.0,10.332361221313477,36.99,66.66975402832031,1206.0,0.0,1367.0,0.0009018803248181,100.0,57.74174118041992,222.0,0.0
2718,0.0,1892.0,10.332361221313477,36.99,66.66975402832031,1206.0,0.0,1367.0,0.0009018803248181,100.0,57.74174118041992,222.0,0.0
2719,0.0,1892.0,10.332361221313477,36.99,66.66975402832031,1206.0,0.0,1367.0,0.0009018803248181,100.0,57.74174118041992,222.0,0.0
2720,0.0,1892.0,10.332361221313477,36.99,66.66975402832031,1206.0,0.0,1367.0,0.0009018803248181,100.0,57.74174118041992,222.0,0.0
2721,0.0,1892.0,10.332361221313477,36.99,66.66975402832031,1206.0,0.0,1367.0,0.0009018803248181,100.0,57.74174118041992,222.0,0.0
2722,0.0,1892.0,11.142953872680664,36.99,66.51123809814453,1425.0,0.0,1367.0,0.0347172580659389,100.0,57.78452682495117,491.0,0.0
2723,0.0,1892.0,11.142953872680664,36.99,66.51123809814453,1425.0,0.0,1367.0,0.0347172580659389,100.0,57.78452682495117,491.0,0.0
2724,0.0,1892.0,11.142953872680664,36.99,66.51123809814453,1425.0,0.0,1367.0,0.0347172580659389,100.0,57.78452682495117,491.0,0.0
2725,0.0,1892.0,11.142953872680664,36.99,66.51123809814453,1425.0,0.0,1367.0,0.0347172580659389,100.0,57.78452682495117,491.0,0.0
2726,0.0,1892.0,13.401408195495604,36.99,68.66719055175781,2277.0,0.0,1367.0,0.0261226650327444,100.0,58.26203536987305,405.0,0.0
2727,0.0,1892.0,13.401408195495604,36.99,68.66719055175781,2277.0,0.0,1367.0,0.0261226650327444,100.0,58.26203536987305,405.0,0.0
2728,0.0,1892.0,13.401408195495604,36.99,68.66719055175781,2277.0,0.0,1367.0,0.0261226650327444,100.0,58.26203536987305,405.0,0.0
2729,0.0,1892.0,13.401408195495604,36.99,68.66719055175781,2277.0,0.0,1367.0,0.0261226650327444,100.0,58.26203536987305,405.0,0.0
2730,0.0,1892.0,13.401408195495604,36.99,68.66719055175781,2277.0,0.0,1367.0,0.0261226650327444,100.0,58.26203536987305,405.0,0.0
2731,0.0,1892.0,12.913002967834473,36.99,68.62114715576172,2380.0,0.0,1367.0,0.2152169644832611,100.0,58.440696716308594,333.0,0.0
2732,0.0,1892.0,12.913002967834473,36.99,68.62114715576172,2380.0,0.0,1367.0,0.2152169644832611,100.0,58.440696716308594,333.0,0.0
2733,0.0,1892.0,12.913002967834473,36.99,68.62114715576172,2380.0,0.0,1367.0,0.2152169644832611,100.0,58.440696716308594,333.0,0.0
2734,0.0,1892.0,12.913002967834473,36.99,68.62114715576172,2380.0,0.0,1367.0,0.2152169644832611,100.0,58.440696716308594,333.0,0.0
2735,0.0,1892.0,12.913002967834473,36.99,68.62114715576172,2380.0,0.0,1367.0,0.2152169644832611,100.0,58.440696716308594,333.0,0.0
2736,0.0,1892.0,11.268996238708496,36.99,67.47476959228516,1676.0,0.0,1367.0,0.2387203872203827,100.0,58.376197814941406,356.0,0.0
2737,0.0,1892.0,11.268996238708496,36.99,67.47476959228516,1676.0,0.0,1367.0,0.2387203872203827,100.0,58.376197814941406,356.0,0.0
2738,0.0,1892.0,11.268996238708496,36.99,67.47476959228516,1676.0,0.0,1367.0,0.2387203872203827,100.0,58.376197814941406,356.0,0.0
2739,0.0,1892.0,11.268996238708496,36.99,67.47476959228516,1676.0,0.0,1367.0,0.2387203872203827,100.0,58.376197814941406,356.0,0.0
2740,0.0,1892.0,11.268996238708496,36.99,67.47476959228516,1676.0,0.0,1367.0,0.2387203872203827,100.0,58.376197814941406,356.0,0.0
2741,0.0,1892.0,10.687159538269045,36.99,66.97700500488281,1269.0,0.0,1367.0,0.1007427275180816,100.0,58.55329513549805,500.0,0.0
2742,0.0,1892.0,10.687159538269045,36.99,66.97700500488281,1269.0,0.0,1367.0,0.1007427275180816,100.0,58.55329513549805,500.0,0.0
2743,0.0,1892.0,10.687159538269045,36.99,66.97700500488281,1269.0,0.0,1367.0,0.1007427275180816,100.0,58.55329513549805,500.0,0.0
2744,0.0,1892.0,10.687159538269045,36.99,66.97700500488281,1269.0,0.0,1367.0,0.1007427275180816,100.0,58.55329513549805,500.0,0.0
2745,0.0,1892.0,10.687159538269045,36.99,66.97700500488281,1269.0,0.0,1367.0,0.1007427275180816,100.0,58.55329513549805,500.0,0.0
2746,0.0,1892.0,11.821216583251951,36.99,68.07332611083984,1674.0,0.0,1367.0,0.9369667172431946,100.0,59.0083122253418,520.0,0.0
2747,0.0,1892.0,11.821216583251951,36.99,68.07332611083984,1674.0,0.0,1367.0,0.9369667172431946,100.0,59.0083122253418,520.0,0.0
2748,0.0,1892.0,11.821216583251951,36.99,68.07332611083984,1674.0,0.0,1367.0,0.9369667172431946,100.0,59.0083122253418,520.0,0.0
2749,0.0,1892.0,11.821216583251951,36.99,68.07332611083984,1674.0,0.0,1367.0,0.9369667172431946,100.0,59.0083122253418,520.0,0.0
2750,0.0,1892.0,11.821216583251951,36.99,68.07332611083984,1674.0,0.0,1367.0,0.9369667172431946,100.0,59.0083122253418,520.0,0.0
2751,0.0,1892.0,11.424756050109863,36.99,68.63670349121094,1714.0,0.0,1367.0,0.0948497802019119,100.0,58.57134246826172,477.0,0.0
2752,0.0,1892.0,11.424756050109863,36.99,68.63670349121094,1714.0,0.0,1367.0,0.0948497802019119,100.0,58.57134246826172,477.0,0.0
2753,0.0,1892.0,11.424756050109863,36.99,68.63670349121094,1714.0,0.0,1367.0,0.0948497802019119,100.0,58.57134246826172,477.0,0.0
2754,0.0,1892.0,11.424756050109863,36.99,68.63670349121094,1714.0,0.0,1367.0,0.0948497802019119,100.0,58.57134246826172,477.0,0.0
2755,0.0,1892.0,11.424756050109863,36.99,68.63670349121094,1714.0,0.0,1367.0,0.0948497802019119,100.0,58.57134246826172,477.0,0.0
2756,0.0,1892.0,12.209002494812012,36.99,68.22545623779297,2019.0,0.0,1367.0,0.2257072627544403,100.0,58.53287506103515,392.0,0.0
2757,0.0,1892.0,12.209002494812012,36.99,68.22545623779297,2019.0,0.0,1367.0,0.2257072627544403,100.0,58.53287506103515,392.0,0.0
2758,0.0,1892.0,12.209002494812012,36.99,68.22545623779297,2019.0,0.0,1367.0,0.2257072627544403,100.0,58.53287506103515,392.0,0.0
2759,0.0,1892.0,12.209002494812012,36.99,68.22545623779297,2019.0,0.0,1367.0,0.2257072627544403,100.0,58.53287506103515,392.0,0.0
2760,0.0,1892.0,12.209002494812012,36.99,68.22545623779297,2019.0,0.0,1367.0,0.2257072627544403,100.0,58.53287506103515,392.0,0.0
2761,0.0,1892.0,10.793713569641112,36.99,66.93988800048828,1203.0,0.0,1367.0,0.0304299965500831,100.0,58.5899772644043,363.0,0.0
2762,0.0,1892.0,10.793713569641112,36.99,66.93988800048828,1203.0,0.0,1367.0,0.0304299965500831,100.0,58.5899772644043,363.0,0.0
2763,0.0,1892.0,10.793713569641112,36.99,66.93988800048828,1203.0,0.0,1367.0,0.0304299965500831,100.0,58.5899772644043,363.0,0.0
2764,0.0,1892.0,10.793713569641112,36.99,66.93988800048828,1203.0,0.0,1367.0,0.0304299965500831,100.0,58.5899772644043,363.0,0.0
2765,0.0,1892.0,10.793713569641112,36.99,66.93988800048828,1203.0,0.0,1367.0,0.0304299965500831,100.0,58.5899772644043,363.0,0.0
2766,0.0,1892.0,11.049848556518556,36.99,66.18546295166016,1377.0,0.0,1367.0,0.0488135516643524,100.0,58.34395217895508,368.0,0.0
2767,0.0,1892.0,11.049848556518556,36.99,66.18546295166016,1377.0,0.0,1367.0,0.0488135516643524,100.0,58.34395217895508,368.0,0.0
2768,0.0,1892.0,11.049848556518556,36.99,66.18546295166016,1377.0,0.0,1367.0,0.0488135516643524,100.0,58.34395217895508,368.0,0.0
2769,0.0,1892.0,11.049848556518556,36.99,66.18546295166016,1377.0,0.0,1367.0,0.0488135516643524,100.0,58.34395217895508,368.0,0.0
2770,0.0,1892.0,11.049848556518556,36.99,66.18546295166016,1377.0,0.0,1367.0,0.0488135516643524,100.0,58.34395217895508,368.0,0.0
2771,0.0,1892.0,10.852027893066406,36.99,68.41053009033203,1775.0,0.0,1367.0,0.0638190656900405,100.0,58.53822708129883,447.0,0.0
2772,0.0,1892.0,10.852027893066406,36.99,68.41053009033203,1775.0,0.0,1367.0,0.0638190656900405,100.0,58.53822708129883,447.0,0.0
2773,0.0,1892.0,10.852027893066406,36.99,68.41053009033203,1775.0,0.0,1367.0,0.0638190656900405,100.0,58.53822708129883,447.0,0.0
2774,0.0,1892.0,10.852027893066406,36.99,68.41053009033203,1775.0,0.0,1367.0,0.0638190656900405,100.0,58.53822708129883,447.0,0.0
2775,0.0,1892.0,10.852027893066406,36.99,68.41053009033203,1775.0,0.0,1367.0,0.0638190656900405,100.0,58.53822708129883,447.0,0.0
2776,0.0,1892.0,10.183629989624023,36.99,66.37760925292969,1181.0,0.0,1367.0,0.0222918279469013,100.0,58.45436477661133,333.0,0.0
2777,0.0,1892.0,10.183629989624023,36.99,66.37760925292969,1181.0,0.0,1367.0,0.0222918279469013,100.0,58.45436477661133,333.0,0.0
2778,0.0,1892.0,10.183629989624023,36.99,66.37760925292969,1181.0,0.0,1367.0,0.0222918279469013,100.0,58.45436477661133,333.0,0.0
2779,0.0,1892.0,10.183629989624023,36.99,66.37760925292969,1181.0,0.0,1367.0,0.0222918279469013,100.0,58.45436477661133,333.0,0.0
2780,0.0,1892.0,10.183629989624023,36.99,66.37760925292969,1181.0,0.0,1367.0,0.0222918279469013,100.0,58.45436477661133,333.0,0.0
2781,0.0,1892.0,10.166082382202148,36.99,65.8124008178711,1389.0,0.0,1367.0,0.0146699529141187,100.0,58.29521942138672,222.0,0.0
2782,0.0,1892.0,10.166082382202148,36.99,65.8124008178711,1389.0,0.0,1367.0,0.0146699529141187,100.0,58.29521942138672,222.0,0.0
2783,0.0,1892.0,10.166082382202148,36.99,65.8124008178711,1389.0,0.0,1367.0,0.0146699529141187,100.0,58.29521942138672,222.0,0.0
2784,0.0,1892.0,10.166082382202148,36.99,65.8124008178711,1389.0,0.0,1367.0,0.0146699529141187,100.0,58.29521942138672,222.0,0.0
2785,0.0,1892.0,10.166082382202148,36.99,65.8124008178711,1389.0,0.0,1367.0,0.0146699529141187,100.0,58.29521942138672,222.0,0.0
2786,0.0,1892.0,10.276596069335938,36.99,66.58263397216797,1344.0,0.0,1367.0,0.0223092511296272,100.0,58.34796905517578,486.0,0.0
2787,0.0,1892.0,10.276596069335938,36.99,66.58263397216797,1344.0,0.0,1367.0,0.0223092511296272,100.0,58.34796905517578,486.0,0.0
2788,0.0,1892.0,10.276596069335938,36.99,66.58263397216797,1344.0,0.0,1367.0,0.0223092511296272,100.0,58.34796905517578,486.0,0.0
2789,0.0,1892.0,10.276596069335938,36.99,66.58263397216797,1344.0,0.0,1367.0,0.0223092511296272,100.0,58.34796905517578,486.0,0.0
2790,0.0,1892.0,10.276596069335938,36.99,66.58263397216797,1344.0,0.0,1367.0,0.0223092511296272,100.0,58.34796905517578,486.0,0.0
2791,0.0,1892.0,10.327154159545898,36.99,66.37887573242188,1321.0,0.0,1367.0,0.0137465456500649,100.0,58.32670211791992,471.0,0.0
2792,0.0,1892.0,10.327154159545898,36.99,66.37887573242188,1321.0,0.0,1367.0,0.0137465456500649,100.0,58.32670211791992,471.0,0.0
2793,0.0,1892.0,10.327154159545898,36.99,66.37887573242188,1321.0,0.0,1367.0,0.0137465456500649,100.0,58.32670211791992,471.0,0.0
2794,0.0,1892.0,10.327154159545898,36.99,66.37887573242188,1321.0,0.0,1367.0,0.0137465456500649,100.0,58.32670211791992,471.0,0.0
2795,0.0,1892.0,10.327154159545898,36.99,66.37887573242188,1321.0,0.0,1367.0,0.0137465456500649,100.0,58.32670211791992,471.0,0.0
2796,0.0,1892.0,10.449814796447754,36.99,66.66980743408203,1417.0,0.0,1367.0,0.0206266529858112,100.0,58.16362380981445,352.0,0.0
2797,0.0,1892.0,10.449814796447754,36.99,66.66980743408203,1417.0,0.0,1367.0,0.0206266529858112,100.0,58.16362380981445,352.0,0.0
2798,0.0,1892.0,10.449814796447754,36.99,66.66980743408203,1417.0,0.0,1367.0,0.0206266529858112,100.0,58.16362380981445,352.0,0.0
2799,0.0,1892.0,10.449814796447754,36.99,66.66980743408203,1417.0,0.0,1367.0,0.0206266529858112,100.0,58.16362380981445,352.0,0.0
2800,0.0,1892.0,10.449814796447754,36.99,66.66980743408203,1417.0,0.0,1367.0,0.0206266529858112,100.0,58.16362380981445,352.0,0.0
2801,0.0,1892.0,10.665294647216797,36.99,66.70342254638672,1471.0,0.0,1367.0,0.0478372536599636,100.0,58.15966033935547,342.0,0.0
2802,0.0,1892.0,10.665294647216797,36.99,66.70342254638672,1471.0,0.0,1367.0,0.0478372536599636,100.0,58.15966033935547,342.0,0.0
2803,0.0,1892.0,10.665294647216797,36.99,66.70342254638672,1471.0,0.0,1367.0,0.0478372536599636,100.0,58.15966033935547,342.0,0.0
2804,0.0,1892.0,10.665294647216797,36.99,66.70342254638672,1471.0,0.0,1367.0,0.0478372536599636,100.0,58.15966033935547,342.0,0.0
2805,0.0,1892.0,10.665294647216797,36.99,66.70342254638672,1471.0,0.0,1367.0,0.0478372536599636,100.0,58.15966033935547,342.0,0.0
2806,0.0,1892.0,10.389622688293455,36.99,66.9551010131836,1151.0,0.0,1367.0,0.0219878870993852,100.0,58.230857849121094,359.0,0.0
2807,0.0,1892.0,10.389622688293455,36.99,66.9551010131836,1151.0,0.0,1367.0,0.0219878870993852,100.0,58.230857849121094,359.0,0.0
2808,0.0,1892.0,10.389622688293455,36.99,66.9551010131836,1151.0,0.0,1367.0,0.0219878870993852,100.0,58.230857849121094,359.0,0.0
2809,0.0,1892.0,10.389622688293455,36.99,66.9551010131836,1151.0,0.0,1367.0,0.0219878870993852,100.0,58.230857849121094,359.0,0.0
2810,0.0,1892.0,10.389622688293455,36.99,66.9551010131836,1151.0,0.0,1367.0,0.0219878870993852,100.0,58.230857849121094,359.0,0.0
2811,0.0,1892.0,10.28725528717041,36.99,65.72225952148438,988.0,0.0,1367.0,0.0209734421223402,100.0,58.12514114379883,125.0,0.0
2812,0.0,1892.0,10.28725528717041,36.99,65.72225952148438,988.0,0.0,1367.0,0.0209734421223402,100.0,58.12514114379883,125.0,0.0
2813,0.0,1892.0,10.28725528717041,36.99,65.72225952148438,988.0,0.0,1367.0,0.0209734421223402,100.0,58.12514114379883,125.0,0.0
2814,0.0,1892.0,10.28725528717041,36.99,65.72225952148438,988.0,0.0,1367.0,0.0209734421223402,100.0,58.12514114379883,125.0,0.0
2815,0.0,1892.0,10.28725528717041,36.99,65.72225952148438,988.0,0.0,1367.0,0.0209734421223402,100.0,58.12514114379883,125.0,0.0
2816,0.0,1892.0,10.078967094421388,36.99,67.0959243774414,1104.0,0.0,1367.0,0.0486822091042995,100.0,58.075904846191406,295.0,0.0
2817,0.0,1892.0,10.078967094421388,36.99,67.0959243774414,1104.0,0.0,1367.0,0.0486822091042995,100.0,58.075904846191406,295.0,0.0
2818,0.0,1892.0,10.078967094421388,36.99,67.0959243774414,1104.0,0.0,1367.0,0.0486822091042995,100.0,58.075904846191406,295.0,0.0
2819,0.0,1892.0,10.078967094421388,36.99,67.0959243774414,1104.0,0.0,1367.0,0.0486822091042995,100.0,58.075904846191406,295.0,0.0
2820,0.0,1892.0,10.078967094421388,36.99,67.0959243774414,1104.0,0.0,1367.0,0.0486822091042995,100.0,58.075904846191406,295.0,0.0
2821,0.0,1892.0,10.33138656616211,36.99,65.13208770751953,1363.0,0.0,1367.0,0.0264713950455188,100.0,58.108154296875,369.0,0.0
2822,0.0,1892.0,10.33138656616211,36.99,65.13208770751953,1363.0,0.0,1367.0,0.0264713950455188,100.0,58.108154296875,369.0,0.0
2823,0.0,1892.0,10.33138656616211,36.99,65.13208770751953,1363.0,0.0,1367.0,0.0264713950455188,100.0,58.108154296875,369.0,0.0
2824,0.0,1892.0,10.33138656616211,36.99,65.13208770751953,1363.0,0.0,1367.0,0.0264713950455188,100.0,58.108154296875,369.0,0.0
2825,0.0,1892.0,10.33138656616211,36.99,65.13208770751953,1363.0,0.0,1367.0,0.0264713950455188,100.0,58.108154296875,369.0,0.0
2826,0.0,1892.0,10.198638916015623,36.99,66.04251861572266,1362.0,0.0,1367.0,0.0225416421890258,100.0,58.092506408691406,365.0,0.0
2827,0.0,1892.0,10.198638916015623,36.99,66.04251861572266,1362.0,0.0,1367.0,0.0225416421890258,100.0,58.092506408691406,365.0,0.0
2828,0.0,1892.0,10.198638916015623,36.99,66.04251861572266,1362.0,0.0,1367.0,0.0225416421890258,100.0,58.092506408691406,365.0,0.0
2829,0.0,1892.0,10.198638916015623,36.99,66.04251861572266,1362.0,0.0,1367.0,0.0225416421890258,100.0,58.092506408691406,365.0,0.0
2830,0.0,1892.0,10.198638916015623,36.99,66.04251861572266,1362.0,0.0,1367.0,0.0225416421890258,100.0,58.092506408691406,365.0,0.0
2831,0.0,1892.0,10.226558685302734,36.99,65.55597686767578,1521.0,0.0,1367.0,0.0226287469267845,100.0,58.12451934814453,338.0,0.0
2832,0.0,1892.0,10.226558685302734,36.99,65.55597686767578,1521.0,0.0,1367.0,0.0226287469267845,100.0,58.12451934814453,338.0,0.0
2833,0.0,1892.0,10.226558685302734,36.99,65.55597686767578,1521.0,0.0,1367.0,0.0226287469267845,100.0,58.12451934814453,338.0,0.0
2834,0.0,1892.0,10.226558685302734,36.99,65.55597686767578,1521.0,0.0,1367.0,0.0226287469267845,100.0,58.12451934814453,338.0,0.0
2835,0.0,1892.0,10.226558685302734,36.99,65.55597686767578,1521.0,0.0,1367.0,0.0226287469267845,100.0,58.12451934814453,338.0,0.0
2836,0.0,1892.0,10.189142227172852,36.99,68.97246551513672,1374.0,0.0,1367.0,0.0463157668709754,100.0,58.059059143066406,272.0,0.0
2837,0.0,1892.0,10.189142227172852,36.99,68.97246551513672,1374.0,0.0,1367.0,0.0463157668709754,100.0,58.059059143066406,272.0,0.0
2838,0.0,1892.0,10.189142227172852,36.99,68.97246551513672,1374.0,0.0,1367.0,0.0463157668709754,100.0,58.059059143066406,272.0,0.0
2839,0.0,1892.0,10.189142227172852,36.99,68.97246551513672,1374.0,0.0,1367.0,0.0463157668709754,100.0,58.059059143066406,272.0,0.0
2840,0.0,1892.0,10.189142227172852,36.99,68.97246551513672,1374.0,0.0,1367.0,0.0463157668709754,100.0,58.059059143066406,272.0,0.0
2841,0.0,1892.0,10.325357437133787,36.99,65.60900115966797,989.0,0.0,1367.0,0.0178993847221136,100.0,57.9670524597168,128.0,0.0
2842,0.0,1892.0,10.325357437133787,36.99,65.60900115966797,989.0,0.0,1367.0,0.0178993847221136,100.0,57.9670524597168,128.0,0.0
2843,0.0,1892.0,10.325357437133787,36.99,65.60900115966797,989.0,0.0,1367.0,0.0178993847221136,100.0,57.9670524597168,128.0,0.0
2844,0.0,1892.0,10.325357437133787,36.99,65.60900115966797,989.0,0.0,1367.0,0.0178993847221136,100.0,57.9670524597168,128.0,0.0
2845,0.0,1892.0,10.325357437133787,36.99,65.60900115966797,989.0,0.0,1367.0,0.0178993847221136,100.0,57.9670524597168,128.0,0.0
2846,0.0,1892.0,10.333610534667969,36.99,65.40194702148438,1098.0,0.0,1367.0,0.037038218230009,100.0,57.96832275390625,364.0,0.0
2847,0.0,1892.0,10.333610534667969,36.99,65.40194702148438,1098.0,0.0,1367.0,0.037038218230009,100.0,57.96832275390625,364.0,0.0
2848,0.0,1892.0,10.333610534667969,36.99,65.40194702148438,1098.0,0.0,1367.0,0.037038218230009,100.0,57.96832275390625,364.0,0.0
2849,0.0,1892.0,10.333610534667969,36.99,65.40194702148438,1098.0,0.0,1367.0,0.037038218230009,100.0,57.96832275390625,364.0,0.0
2850,0.0,1892.0,10.333610534667969,36.99,65.40194702148438,1098.0,0.0,1367.0,0.037038218230009,100.0,57.96832275390625,364.0,0.0
2851,0.0,1892.0,10.257530212402344,36.99,65.5819320678711,1045.0,0.0,1367.0,0.020849460735917,100.0,57.86263275146485,237.0,0.0
2852,0.0,1892.0,10.257530212402344,36.99,65.5819320678711,1045.0,0.0,1367.0,0.020849460735917,100.0,57.86263275146485,237.0,0.0
2853,0.0,1892.0,10.257530212402344,36.99,65.5819320678711,1045.0,0.0,1367.0,0.020849460735917,100.0,57.86263275146485,237.0,0.0
2854,0.0,1892.0,10.257530212402344,36.99,65.5819320678711,1045.0,0.0,1367.0,0.020849460735917,100.0,57.86263275146485,237.0,0.0
2855,0.0,1892.0,10.257530212402344,36.99,65.5819320678711,1045.0,0.0,1367.0,0.020849460735917,100.0,57.86263275146485,237.0,0.0
2856,0.0,1892.0,10.22646713256836,36.99,66.30624389648438,1051.0,0.0,1367.0,0.0246729962527751,100.0,57.88669967651367,222.0,0.0
2857,0.0,1892.0,10.22646713256836,36.99,66.30624389648438,1051.0,0.0,1367.0,0.0246729962527751,100.0,57.88669967651367,222.0,0.0
2858,0.0,1892.0,10.22646713256836,36.99,66.30624389648438,1051.0,0.0,1367.0,0.0246729962527751,100.0,57.88669967651367,222.0,0.0
2859,0.0,1892.0,10.22646713256836,36.99,66.30624389648438,1051.0,0.0,1367.0,0.0246729962527751,100.0,57.88669967651367,222.0,0.0
2860,0.0,1892.0,10.22646713256836,36.99,66.30624389648438,1051.0,0.0,1367.0,0.0246729962527751,100.0,57.88669967651367,222.0,0.0
2861,0.0,1892.0,10.14913272857666,36.99,64.98945617675781,1181.0,0.0,1367.0,0.0210453420877456,100.0,57.871360778808594,334.0,0.0
2862,0.0,1892.0,10.14913272857666,36.99,64.98945617675781,1181.0,0.0,1367.0,0.0210453420877456,100.0,57.871360778808594,334.0,0.0
2863,0.0,1892.0,10.14913272857666,36.99,64.98945617675781,1181.0,0.0,1367.0,0.0210453420877456,100.0,57.871360778808594,334.0,0.0
2864,0.0,1892.0,10.14913272857666,36.99,64.98945617675781,1181.0,0.0,1367.0,0.0210453420877456,100.0,57.871360778808594,334.0,0.0
2865,0.0,1892.0,10.14913272857666,36.99,64.98945617675781,1181.0,0.0,1367.0,0.0210453420877456,100.0,57.871360778808594,334.0,0.0
2866,0.0,1892.0,10.151681900024414,36.99,64.9210205078125,1268.0,0.0,1367.0,0.0203592050820589,100.0,57.88982391357422,353.0,0.0
2867,0.0,1892.0,10.151681900024414,36.99,64.9210205078125,1268.0,0.0,1367.0,0.0203592050820589,100.0,57.88982391357422,353.0,0.0
2868,0.0,1892.0,10.151681900024414,36.99,64.9210205078125,1268.0,0.0,1367.0,0.0203592050820589,100.0,57.88982391357422,353.0,0.0
2869,0.0,1892.0,10.151681900024414,36.99,64.9210205078125,1268.0,0.0,1367.0,0.0203592050820589,100.0,57.88982391357422,353.0,0.0
2870,0.0,1892.0,10.151681900024414,36.99,64.9210205078125,1268.0,0.0,1367.0,0.0203592050820589,100.0,57.88982391357422,353.0,0.0
2871,0.0,1892.0,10.37570571899414,36.99,65.64958190917969,1451.0,0.0,1367.0,0.0860123187303543,100.0,57.995262145996094,478.0,0.0
2872,0.0,1892.0,10.37570571899414,36.99,65.64958190917969,1451.0,0.0,1367.0,0.0860123187303543,100.0,57.995262145996094,478.0,0.0
2873,0.0,1892.0,10.37570571899414,36.99,65.64958190917969,1451.0,0.0,1367.0,0.0860123187303543,100.0,57.995262145996094,478.0,0.0
2874,0.0,1892.0,10.37570571899414,36.99,65.64958190917969,1451.0,0.0,1367.0,0.0860123187303543,100.0,57.995262145996094,478.0,0.0
2875,0.0,1892.0,10.37570571899414,36.99,65.64958190917969,1451.0,0.0,1367.0,0.0860123187303543,100.0,57.995262145996094,478.0,0.0
2876,0.0,1892.0,10.849167823791504,36.99,66.9074935913086,1644.0,0.0,1367.0,0.2149593085050583,100.0,58.25102615356445,416.0,0.0
2877,0.0,1892.0,10.849167823791504,36.99,66.9074935913086,1644.0,0.0,1367.0,0.2149593085050583,100.0,58.25102615356445,416.0,0.0
2878,0.0,1892.0,10.849167823791504,36.99,66.9074935913086,1644.0,0.0,1367.0,0.2149593085050583,100.0,58.25102615356445,416.0,0.0
2879,0.0,1892.0,10.849167823791504,36.99,66.9074935913086,1644.0,0.0,1367.0,0.2149593085050583,100.0,58.25102615356445,416.0,0.0
2880,0.0,1892.0,10.849167823791504,36.99,66.9074935913086,1644.0,0.0,1367.0,0.2149593085050583,100.0,58.25102615356445,416.0,0.0
2881,0.0,1892.0,12.626226425170898,36.99,68.53661346435547,2021.0,0.0,1367.0,0.1586626321077346,100.0,58.44905471801758,490.0,0.0
2882,0.0,1892.0,12.626226425170898,36.99,68.53661346435547,2021.0,0.0,1367.0,0.1586626321077346,100.0,58.44905471801758,490.0,0.0
2883,0.0,1892.0,12.626226425170898,36.99,68.53661346435547,2021.0,0.0,1367.0,0.1586626321077346,100.0,58.44905471801758,490.0,0.0
2884,0.0,1892.0,12.626226425170898,36.99,68.53661346435547,2021.0,0.0,1367.0,0.1586626321077346,100.0,58.44905471801758,490.0,0.0
2885,0.0,1892.0,12.626226425170898,36.99,68.53661346435547,2021.0,0.0,1367.0,0.1586626321077346,100.0,58.44905471801758,490.0,0.0
2886,0.0,1892.0,10.540634155273438,36.99,67.56674194335938,1568.0,0.0,1367.0,0.0244117062538862,100.0,58.51546478271485,443.0,0.0
2887,0.0,1892.0,10.540634155273438,36.99,67.56674194335938,1568.0,0.0,1367.0,0.0244117062538862,100.0,58.51546478271485,443.0,0.0
2888,0.0,1892.0,10.540634155273438,36.99,67.56674194335938,1568.0,0.0,1367.0,0.0244117062538862,100.0,58.51546478271485,443.0,0.0
2889,0.0,1892.0,10.540634155273438,36.99,67.56674194335938,1568.0,0.0,1367.0,0.0244117062538862,100.0,58.51546478271485,443.0,0.0
2890,0.0,1892.0,10.540634155273438,36.99,67.56674194335938,1568.0,0.0,1367.0,0.0244117062538862,100.0,58.51546478271485,443.0,0.0
2891,0.0,1892.0,11.430059432983398,36.99,66.11332702636719,1572.0,0.0,1367.0,0.497131884098053,100.0,58.11702346801758,570.0,0.0
2892,0.0,1892.0,11.430059432983398,36.99,66.11332702636719,1572.0,0.0,1367.0,0.497131884098053,100.0,58.11702346801758,570.0,0.0
2893,0.0,1892.0,11.430059432983398,36.99,66.11332702636719,1572.0,0.0,1367.0,0.497131884098053,100.0,58.11702346801758,570.0,0.0
2894,0.0,1892.0,11.430059432983398,36.99,66.11332702636719,1572.0,0.0,1367.0,0.497131884098053,100.0,58.11702346801758,570.0,0.0
2895,0.0,1892.0,11.430059432983398,36.99,66.11332702636719,1572.0,0.0,1367.0,0.497131884098053,100.0,58.11702346801758,570.0,0.0
2896,0.0,1892.0,10.668367385864258,36.99,68.21864318847656,1495.0,0.0,1367.0,0.0836945176124572,100.0,59.00471878051758,489.0,0.0
2897,0.0,1892.0,10.668367385864258,36.99,68.21864318847656,1495.0,0.0,1367.0,0.0836945176124572,100.0,59.00471878051758,489.0,0.0
2898,0.0,1892.0,10.668367385864258,36.99,68.21864318847656,1495.0,0.0,1367.0,0.0836945176124572,100.0,59.00471878051758,489.0,0.0
2899,0.0,1892.0,10.668367385864258,36.99,68.21864318847656,1495.0,0.0,1367.0,0.0836945176124572,100.0,59.00471878051758,489.0,0.0
2900,0.0,1892.0,10.668367385864258,36.99,68.21864318847656,1495.0,0.0,1367.0,0.0836945176124572,100.0,59.00471878051758,489.0,0.0
2901,0.0,1892.0,11.198065757751465,36.99,67.5418930053711,1551.0,0.0,1367.0,0.0518810860812664,100.0,58.34644317626953,333.0,0.0
2902,0.0,1892.0,11.198065757751465,36.99,67.5418930053711,1551.0,0.0,1367.0,0.0518810860812664,100.0,58.34644317626953,333.0,0.0
2903,0.0,1892.0,11.198065757751465,36.99,67.5418930053711,1551.0,0.0,1367.0,0.0518810860812664,100.0,58.34644317626953,333.0,0.0
2904,0.0,1892.0,11.198065757751465,36.99,67.5418930053711,1551.0,0.0,1367.0,0.0518810860812664,100.0,58.34644317626953,333.0,0.0
2905,0.0,1892.0,11.198065757751465,36.99,67.5418930053711,1551.0,0.0,1367.0,0.0518810860812664,100.0,58.34644317626953,333.0,0.0
2906,0.0,1892.0,11.243155479431152,36.99,68.40377044677734,1560.0,0.0,1367.0,0.0285146720707416,100.0,58.36967849731445,335.0,0.0
2907,0.0,1892.0,11.243155479431152,36.99,68.40377044677734,1560.0,0.0,1367.0,0.0285146720707416,100.0,58.36967849731445,335.0,0.0
2908,0.0,1892.0,11.243155479431152,36.99,68.40377044677734,1560.0,0.0,1367.0,0.0285146720707416,100.0,58.36967849731445,335.0,0.0
2909,0.0,1892.0,11.243155479431152,36.99,68.40377044677734,1560.0,0.0,1367.0,0.0285146720707416,100.0,58.36967849731445,335.0,0.0
2910,0.0,1892.0,11.243155479431152,36.99,68.40377044677734,1560.0,0.0,1367.0,0.0285146720707416,100.0,58.36967849731445,335.0,0.0
2911,0.0,1892.0,10.383268356323242,36.99,67.03095245361328,1354.0,0.0,1367.0,0.0325949639081954,100.0,58.24224090576172,243.0,0.0
2912,0.0,1892.0,10.383268356323242,36.99,67.03095245361328,1354.0,0.0,1367.0,0.0325949639081954,100.0,58.24224090576172,243.0,0.0
2913,0.0,1892.0,10.383268356323242,36.99,67.03095245361328,1354.0,0.0,1367.0,0.0325949639081954,100.0,58.24224090576172,243.0,0.0
2914,0.0,1892.0,10.383268356323242,36.99,67.03095245361328,1354.0,0.0,1367.0,0.0325949639081954,100.0,58.24224090576172,243.0,0.0
2915,0.0,1892.0,10.383268356323242,36.99,67.03095245361328,1354.0,0.0,1367.0,0.0325949639081954,100.0,58.24224090576172,243.0,0.0
2916,0.0,1892.0,10.181297302246094,36.99,65.63623046875,1331.0,0.0,1367.0,0.010689752176404,100.0,58.21894073486328,293.0,0.0
2917,0.0,1892.0,10.181297302246094,36.99,65.63623046875,1331.0,0.0,1367.0,0.010689752176404,100.0,58.21894073486328,293.0,0.0
2918,0.0,1892.0,10.181297302246094,36.99,65.63623046875,1331.0,0.0,1367.0,0.010689752176404,100.0,58.21894073486328,293.0,0.0
2919,0.0,1892.0,10.181297302246094,36.99,65.63623046875,1331.0,0.0,1367.0,0.010689752176404,100.0,58.21894073486328,293.0,0.0
2920,0.0,1892.0,10.181297302246094,36.99,65.63623046875,1331.0,0.0,1367.0,0.010689752176404,100.0,58.21894073486328,293.0,0.0
2921,0.0,1892.0,11.950349807739258,36.99,68.18140411376953,1585.0,0.0,1367.0,0.0352843925356864,100.0,58.21818161010742,491.0,0.0
2922,0.0,1892.0,11.950349807739258,36.99,68.18140411376953,1585.0,0.0,1367.0,0.0352843925356864,100.0,58.21818161010742,491.0,0.0
2923,0.0,1892.0,11.950349807739258,36.99,68.18140411376953,1585.0,0.0,1367.0,0.0352843925356864,100.0,58.21818161010742,491.0,0.0
2924,0.0,1892.0,11.950349807739258,36.99,68.18140411376953,1585.0,0.0,1367.0,0.0352843925356864,100.0,58.21818161010742,491.0,0.0
2925,0.0,1892.0,11.950349807739258,36.99,68.18140411376953,1585.0,0.0,1367.0,0.0352843925356864,100.0,58.21818161010742,491.0,0.0
2926,0.0,1892.0,12.168482780456545,36.99,68.0037841796875,2087.0,0.0,1367.0,0.0029921799432486,100.0,58.4219856262207,222.0,0.0
2927,0.0,1892.0,12.168482780456545,36.99,68.0037841796875,2087.0,0.0,1367.0,0.0029921799432486,100.0,58.4219856262207,222.0,0.0
2928,0.0,1892.0,12.168482780456545,36.99,68.0037841796875,2087.0,0.0,1367.0,0.0029921799432486,100.0,58.4219856262207,222.0,0.0
2929,0.0,1892.0,12.168482780456545,36.99,68.0037841796875,2087.0,0.0,1367.0,0.0029921799432486,100.0,58.4219856262207,222.0,0.0
2930,0.0,1892.0,12.168482780456545,36.99,68.0037841796875,2087.0,0.0,1367.0,0.0029921799432486,100.0,58.4219856262207,222.0,0.0
2931,0.0,1892.0,10.57289981842041,36.99,68.50318908691406,1281.0,0.0,1367.0,0.0002711770357564,100.0,58.38566207885742,111.0,0.0
2932,0.0,1892.0,10.57289981842041,36.99,68.50318908691406,1281.0,0.0,1367.0,0.0002711770357564,100.0,58.38566207885742,111.0,0.0
2933,0.0,1892.0,10.57289981842041,36.99,68.50318908691406,1281.0,0.0,1367.0,0.0002711770357564,100.0,58.38566207885742,111.0,0.0
2934,0.0,1892.0,10.57289981842041,36.99,68.50318908691406,1281.0,0.0,1367.0,0.0002711770357564,100.0,58.38566207885742,111.0,0.0
2935,0.0,1892.0,10.57289981842041,36.99,68.50318908691406,1281.0,0.0,1367.0,0.0002711770357564,100.0,58.38566207885742,111.0,0.0
2936,0.0,1892.0,10.36501693725586,36.99,66.68783569335938,1182.0,0.0,1367.0,0.0002615639823488,100.0,58.27732467651367,111.0,0.0
2937,0.0,1892.0,10.36501693725586,36.99,66.68783569335938,1182.0,0.0,1367.0,0.0002615639823488,100.0,58.27732467651367,111.0,0.0
2938,0.0,1892.0,10.36501693725586,36.99,66.68783569335938,1182.0,0.0,1367.0,0.0002615639823488,100.0,58.27732467651367,111.0,0.0
2939,0.0,1892.0,10.36501693725586,36.99,66.68783569335938,1182.0,0.0,1367.0,0.0002615639823488,100.0,58.27732467651367,111.0,0.0
2940,0.0,1892.0,10.36501693725586,36.99,66.68783569335938,1182.0,0.0,1367.0,0.0002615639823488,100.0,58.27732467651367,111.0,0.0
2941,0.0,1892.0,10.508761405944824,36.99,67.54428100585938,1403.0,0.0,1367.0,0.042686678469181,100.0,58.241905212402344,411.0,0.0
2942,0.0,1892.0,10.508761405944824,36.99,67.54428100585938,1403.0,0.0,1367.0,0.042686678469181,100.0,58.241905212402344,411.0,0.0
2943,0.0,1892.0,10.508761405944824,36.99,67.54428100585938,1403.0,0.0,1367.0,0.042686678469181,100.0,58.241905212402344,411.0,0.0
2944,0.0,1892.0,10.508761405944824,36.99,67.54428100585938,1403.0,0.0,1367.0,0.042686678469181,100.0,58.241905212402344,411.0,0.0
2945,0.0,1892.0,10.508761405944824,36.99,67.54428100585938,1403.0,0.0,1367.0,0.042686678469181,100.0,58.241905212402344,411.0,0.0
2946,0.0,1892.0,10.24059772491455,36.99,67.25346374511719,1276.0,0.0,1367.0,0.0074160979129374,100.0,58.606590270996094,222.0,0.0
2947,0.0,1892.0,10.24059772491455,36.99,67.25346374511719,1276.0,0.0,1367.0,0.0074160979129374,100.0,58.606590270996094,222.0,0.0
2948,0.0,1892.0,10.24059772491455,36.99,67.25346374511719,1276.0,0.0,1367.0,0.0074160979129374,100.0,58.606590270996094,222.0,0.0
2949,0.0,1892.0,10.24059772491455,36.99,67.25346374511719,1276.0,0.0,1367.0,0.0074160979129374,100.0,58.606590270996094,222.0,0.0
2950,0.0,1892.0,10.24059772491455,36.99,67.25346374511719,1276.0,0.0,1367.0,0.0074160979129374,100.0,58.606590270996094,222.0,0.0
2951,0.0,1892.0,10.704265594482422,36.99,67.23397827148438,1610.0,0.0,1367.0,0.0421468615531921,100.0,58.27513885498047,395.0,0.0
2952,0.0,1892.0,10.704265594482422,36.99,67.23397827148438,1610.0,0.0,1367.0,0.0421468615531921,100.0,58.27513885498047,395.0,0.0
2953,0.0,1892.0,10.704265594482422,36.99,67.23397827148438,1610.0,0.0,1367.0,0.0421468615531921,100.0,58.27513885498047,395.0,0.0
2954,0.0,1892.0,10.704265594482422,36.99,67.23397827148438,1610.0,0.0,1367.0,0.0421468615531921,100.0,58.27513885498047,395.0,0.0
2955,0.0,1892.0,10.704265594482422,36.99,67.23397827148438,1610.0,0.0,1367.0,0.0421468615531921,100.0,58.27513885498047,395.0,0.0
2956,0.0,1892.0,10.53736686706543,36.99,66.60873413085938,1733.0,0.0,1367.0,0.0165969487279653,100.0,58.31303024291992,222.0,0.0
2957,0.0,1892.0,10.53736686706543,36.99,66.60873413085938,1733.0,0.0,1367.0,0.0165969487279653,100.0,58.31303024291992,222.0,0.0
2958,0.0,1892.0,10.53736686706543,36.99,66.60873413085938,1733.0,0.0,1367.0,0.0165969487279653,100.0,58.31303024291992,222.0,0.0
2959,0.0,1892.0,10.53736686706543,36.99,66.60873413085938,1733.0,0.0,1367.0,0.0165969487279653,100.0,58.31303024291992,222.0,0.0
2960,0.0,1892.0,10.53736686706543,36.99,66.60873413085938,1733.0,0.0,1367.0,0.0165969487279653,100.0,58.31303024291992,222.0,0.0
2961,0.0,1892.0,10.25330924987793,36.99,68.20792388916016,1220.0,0.0,1367.0,0.0182230249047279,100.0,58.292388916015625,525.0,0.0
2962,0.0,1892.0,10.25330924987793,36.99,68.20792388916016,1220.0,0.0,1367.0,0.0182230249047279,100.0,58.292388916015625,525.0,0.0
2963,0.0,1892.0,10.25330924987793,36.99,68.20792388916016,1220.0,0.0,1367.0,0.0182230249047279,100.0,58.292388916015625,525.0,0.0
2964,0.0,1892.0,10.25330924987793,36.99,68.20792388916016,1220.0,0.0,1367.0,0.0182230249047279,100.0,58.292388916015625,525.0,0.0
2965,0.0,1892.0,10.25330924987793,36.99,68.20792388916016,1220.0,0.0,1367.0,0.0182230249047279,100.0,58.292388916015625,525.0,0.0
2966,0.0,1892.0,10.5,36.99,65.74715423583984,1058.0,0.0,1367.0,0.0018072267994284,100.0,58.188255310058594,222.0,0.0
2967,0.0,1892.0,10.5,36.99,65.74715423583984,1058.0,0.0,1367.0,0.0018072267994284,100.0,58.188255310058594,222.0,0.0
2968,0.0,1892.0,10.5,36.99,65.74715423583984,1058.0,0.0,1367.0,0.0018072267994284,100.0,58.188255310058594,222.0,0.0
2969,0.0,1892.0,10.5,36.99,65.74715423583984,1058.0,0.0,1367.0,0.0018072267994284,100.0,58.188255310058594,222.0,0.0
2970,0.0,1892.0,10.5,36.99,65.74715423583984,1058.0,0.0,1367.0,0.0018072267994284,100.0,58.188255310058594,222.0,0.0
2971,0.0,1892.0,10.338441848754885,36.99,66.44165802001953,1175.0,0.0,1367.0,0.0016566644189879,100.0,58.112945556640625,111.0,0.0
2972,0.0,1892.0,10.338441848754885,36.99,66.44165802001953,1175.0,0.0,1367.0,0.0016566644189879,100.0,58.112945556640625,111.0,0.0
2973,0.0,1892.0,10.338441848754885,36.99,66.44165802001953,1175.0,0.0,1367.0,0.0016566644189879,100.0,58.112945556640625,111.0,0.0
2974,0.0,1892.0,10.338441848754885,36.99,66.44165802001953,1175.0,0.0,1367.0,0.0016566644189879,100.0,58.112945556640625,111.0,0.0
2975,0.0,1892.0,10.338441848754885,36.99,66.44165802001953,1175.0,0.0,1367.0,0.0016566644189879,100.0,58.112945556640625,111.0,0.0
2976,0.0,1892.0,10.24382781982422,36.99,65.56640625,1091.0,0.0,1367.0,0.0,100.0,5.8734002113342285,0.0,0.0
2977,0.0,1892.0,10.24382781982422,36.99,65.56640625,1091.0,0.0,1367.0,0.0,100.0,5.8734002113342285,0.0,0.0
2978,0.0,1892.0,10.24382781982422,36.99,65.56640625,1091.0,0.0,1367.0,0.0,100.0,5.8734002113342285,0.0,0.0
2979,0.0,1892.0,10.24382781982422,36.99,65.56640625,1091.0,0.0,1367.0,0.0,100.0,5.8734002113342285,0.0,0.0
2980,0.0,1892.0,10.24382781982422,36.99,65.56640625,1091.0,0.0,1367.0,0.0,100.0,5.8734002113342285,0.0,0.0
2981,0.0,1892.0,10.362720489501951,36.99,67.95752716064453,1408.0,0.0,1367.0,0.0,100.0,5.8734002113342285,0.0,0.0
2982,0.0,1892.0,10.362720489501951,36.99,67.95752716064453,1408.0,0.0,1367.0,0.0,100.0,5.8734002113342285,0.0,0.0
2983,0.0,1892.0,10.362720489501951,36.99,67.95752716064453,1408.0,0.0,1367.0,0.0,100.0,5.8734002113342285,0.0,0.0
2984,0.0,1892.0,10.362720489501951,36.99,67.95752716064453,1408.0,0.0,1367.0,0.0,100.0,5.8734002113342285,0.0,0.0
2985,0.0,1892.0,10.362720489501951,36.99,67.95752716064453,1408.0,0.0,1367.0,0.0,100.0,5.8734002113342285,0.0,0.0
2986,0.0,1892.0,10.195856094360352,36.99,65.27488708496094,1373.0,0.0,1367.0,0.0010749649954959,100.0,5.8734002113342285,157.0,0.0
2987,0.0,1892.0,10.195856094360352,36.99,65.27488708496094,1373.0,0.0,1367.0,0.0010749649954959,100.0,5.8734002113342285,157.0,0.0
2988,0.0,1892.0,10.195856094360352,36.99,65.27488708496094,1373.0,0.0,1367.0,0.0010749649954959,100.0,5.8734002113342285,157.0,0.0
2989,0.0,1892.0,10.195856094360352,36.99,65.27488708496094,1373.0,0.0,1367.0,0.0010749649954959,100.0,5.8734002113342285,157.0,0.0
2990,0.0,1892.0,10.195856094360352,36.99,65.27488708496094,1373.0,0.0,1367.0,0.0010749649954959,100.0,5.8734002113342285,157.0,0.0
2991,0.0,1892.0,10.160606384277344,36.99,65.40791320800781,1128.0,0.0,1367.0,0.0009500535088591,100.0,58.047325134277344,111.0,0.0
2992,0.0,1892.0,10.160606384277344,36.99,65.40791320800781,1128.0,0.0,1367.0,0.0009500535088591,100.0,58.047325134277344,111.0,0.0
2993,0.0,1892.0,10.160606384277344,36.99,65.40791320800781,1128.0,0.0,1367.0,0.0009500535088591,100.0,58.047325134277344,111.0,0.0
2994,0.0,1892.0,10.160606384277344,36.99,65.40791320800781,1128.0,0.0,1367.0,0.0009500535088591,100.0,58.047325134277344,111.0,0.0
2995,0.0,1892.0,10.160606384277344,36.99,65.40791320800781,1128.0,0.0,1367.0,0.0009500535088591,100.0,58.047325134277344,111.0,0.0
2996,0.0,1892.0,10.079538345336914,36.99,65.17720794677734,1052.0,0.0,1367.0,0.0,100.0,5.8734002113342285,0.0,0.0
2997,0.0,1892.0,10.079538345336914,36.99,65.17720794677734,1052.0,0.0,1367.0,0.0,100.0,5.8734002113342285,0.0,0.0
2998,0.0,1892.0,10.079538345336914,36.99,65.17720794677734,1052.0,0.0,1367.0,0.0,100.0,5.8734002113342285,0.0,0.0
2999,0.0,1892.0,10.079538345336914,36.99,65.17720794677734,1052.0,0.0,1367.0,0.0,100.0,5.8734002113342285,0.0,0.0
3000,0.0,1892.0,10.079538345336914,36.99,65.17720794677734,1052.0,0.0,1367.0,0.0,100.0,5.8734002113342285,0.0,0.0
3001,0.0,1892.0,10.123425483703612,36.99,65.07559204101562,1129.0,0.0,1367.0,0.0,100.0,5.8734002113342285,0.0,0.0
3002,0.0,1892.0,10.123425483703612,36.99,65.07559204101562,1129.0,0.0,1367.0,0.0,100.0,5.8734002113342285,0.0,0.0
3003,0.0,1892.0,10.123425483703612,36.99,65.07559204101562,1129.0,0.0,1367.0,0.0,100.0,5.8734002113342285,0.0,0.0
3004,0.0,1892.0,10.123425483703612,36.99,65.07559204101562,1129.0,0.0,1367.0,0.0,100.0,5.8734002113342285,0.0,0.0
3005,0.0,1892.0,10.123425483703612,36.99,65.07559204101562,1129.0,0.0,1367.0,0.0,100.0,5.8734002113342285,0.0,0.0
3006,0.0,1892.0,10.238398551940918,36.99,67.07476806640625,1210.0,0.0,1367.0,0.0,100.0,5.8734002113342285,0.0,0.0
3007,0.0,1892.0,10.238398551940918,36.99,67.07476806640625,1210.0,0.0,1367.0,0.0,100.0,5.8734002113342285,0.0,0.0
3008,0.0,1892.0,10.238398551940918,36.99,67.07476806640625,1210.0,0.0,1367.0,0.0,100.0,5.8734002113342285,0.0,0.0
3009,0.0,1892.0,10.238398551940918,36.99,67.07476806640625,1210.0,0.0,1367.0,0.0,100.0,5.8734002113342285,0.0,0.0
3010,0.0,1892.0,10.238398551940918,36.99,67.07476806640625,1210.0,0.0,1367.0,0.0,100.0,5.8734002113342285,0.0,0.0
3011,0.0,1892.0,10.406705856323242,36.99,65.16744995117188,1135.0,0.0,1367.0,0.0003845771425403,100.0,57.867950439453125,111.0,0.0
3012,0.0,1892.0,10.406705856323242,36.99,65.16744995117188,1135.0,0.0,1367.0,0.0003845771425403,100.0,57.867950439453125,111.0,0.0
3013,0.0,1892.0,10.406705856323242,36.99,65.16744995117188,1135.0,0.0,1367.0,0.0003845771425403,100.0,57.867950439453125,111.0,0.0
3014,0.0,1892.0,10.406705856323242,36.99,65.16744995117188,1135.0,0.0,1367.0,0.0003845771425403,100.0,57.867950439453125,111.0,0.0
3015,0.0,1892.0,10.406705856323242,36.99,65.16744995117188,1135.0,0.0,1367.0,0.0003845771425403,100.0,57.867950439453125,111.0,0.0
3016,0.0,1892.0,10.473793983459473,36.99,65.34919738769531,1334.0,0.0,1367.0,0.0009896021801978,100.0,57.867950439453125,222.0,0.0
3017,0.0,1892.0,10.473793983459473,36.99,65.34919738769531,1334.0,0.0,1367.0,0.0009896021801978,100.0,57.867950439453125,222.0,0.0
3018,0.0,1892.0,10.473793983459473,36.99,65.34919738769531,1334.0,0.0,1367.0,0.0009896021801978,100.0,57.867950439453125,222.0,0.0
3019,0.0,1892.0,10.473793983459473,36.99,65.34919738769531,1334.0,0.0,1367.0,0.0009896021801978,100.0,57.867950439453125,222.0,0.0
3020,0.0,1892.0,10.473793983459473,36.99,65.34919738769531,1334.0,0.0,1367.0,0.0009896021801978,100.0,57.867950439453125,222.0,0.0
3021,0.0,1892.0,10.338780403137209,36.99,65.39006042480469,1261.0,0.0,1367.0,0.0,100.0,57.91170120239258,0.0,0.0
3022,0.0,1892.0,10.338780403137209,36.99,65.39006042480469,1261.0,0.0,1367.0,0.0,100.0,57.91170120239258,0.0,0.0
3023,0.0,1892.0,10.338780403137209,36.99,65.39006042480469,1261.0,0.0,1367.0,0.0,100.0,57.91170120239258,0.0,0.0
3024,0.0,1892.0,10.338780403137209,36.99,65.39006042480469,1261.0,0.0,1367.0,0.0,100.0,57.91170120239258,0.0,0.0
3025,0.0,1892.0,10.338780403137209,36.99,65.39006042480469,1261.0,0.0,1367.0,0.0,100.0,57.91170120239258,0.0,0.0
3026,0.0,1892.0,10.134456634521484,36.99,65.1041488647461,1102.0,0.0,1367.0,0.0,100.0,5.8734002113342285,0.0,0.0
3027,0.0,1892.0,10.134456634521484,36.99,65.1041488647461,1102.0,0.0,1367.0,0.0,100.0,5.8734002113342285,0.0,0.0
3028,0.0,1892.0,10.134456634521484,36.99,65.1041488647461,1102.0,0.0,1367.0,0.0,100.0,5.8734002113342285,0.0,0.0
3029,0.0,1892.0,10.134456634521484,36.99,65.1041488647461,1102.0,0.0,1367.0,0.0,100.0,5.8734002113342285,0.0,0.0
3030,0.0,1892.0,10.134456634521484,36.99,65.1041488647461,1102.0,0.0,1367.0,0.0,100.0,5.8734002113342285,0.0,0.0
3031,0.0,1892.0,10.104991912841797,36.99,66.2685317993164,1344.0,0.0,1367.0,0.0,100.0,5.8734002113342285,0.0,0.0
3032,0.0,1892.0,10.104991912841797,36.99,66.2685317993164,1344.0,0.0,1367.0,0.0,100.0,5.8734002113342285,0.0,0.0
3033,0.0,1892.0,10.104991912841797,36.99,66.2685317993164,1344.0,0.0,1367.0,0.0,100.0,5.8734002113342285,0.0,0.0
3034,0.0,1892.0,10.104991912841797,36.99,66.2685317993164,1344.0,0.0,1367.0,0.0,100.0,5.8734002113342285,0.0,0.0
3035,0.0,1892.0,10.104991912841797,36.99,66.2685317993164,1344.0,0.0,1367.0,0.0,100.0,5.8734002113342285,0.0,0.0
3036,0.0,1892.0,10.095129013061523,36.99,64.94175720214844,1118.0,0.0,1367.0,0.000402860896429,100.0,57.78513717651367,111.0,0.0
3037,0.0,1892.0,10.095129013061523,36.99,64.94175720214844,1118.0,0.0,1367.0,0.000402860896429,100.0,57.78513717651367,111.0,0.0
3038,0.0,1892.0,10.095129013061523,36.99,64.94175720214844,1118.0,0.0,1367.0,0.000402860896429,100.0,57.78513717651367,111.0,0.0
3039,0.0,1892.0,10.095129013061523,36.99,64.94175720214844,1118.0,0.0,1367.0,0.000402860896429,100.0,57.78513717651367,111.0,0.0
3040,0.0,1892.0,10.095129013061523,36.99,64.94175720214844,1118.0,0.0,1367.0,0.000402860896429,100.0,57.78513717651367,111.0,0.0
3041,0.0,1892.0,10.117753982543944,36.99,64.8926773071289,1057.0,0.0,1367.0,0.001035068067722,100.0,5.8734002113342285,111.0,0.0
3042,0.0,1892.0,10.117753982543944,36.99,64.8926773071289,1057.0,0.0,1367.0,0.001035068067722,100.0,5.8734002113342285,111.0,0.0
3043,0.0,1892.0,10.117753982543944,36.99,64.8926773071289,1057.0,0.0,1367.0,0.001035068067722,100.0,5.8734002113342285,111.0,0.0
3044,0.0,1892.0,10.117753982543944,36.99,64.8926773071289,1057.0,0.0,1367.0,0.001035068067722,100.0,5.8734002113342285,111.0,0.0
3045,0.0,1892.0,10.117753982543944,36.99,64.8926773071289,1057.0,0.0,1367.0,0.001035068067722,100.0,5.8734002113342285,111.0,0.0
3046,0.0,1892.0,10.132472038269045,36.99,65.10011291503906,1329.0,0.0,1367.0,0.0,100.0,57.9356575012207,0.0,0.0
3047,0.0,1892.0,10.132472038269045,36.99,65.10011291503906,1329.0,0.0,1367.0,0.0,100.0,57.9356575012207,0.0,0.0
3048,0.0,1892.0,10.132472038269045,36.99,65.10011291503906,1329.0,0.0,1367.0,0.0,100.0,57.9356575012207,0.0,0.0
3049,0.0,1892.0,10.132472038269045,36.99,65.10011291503906,1329.0,0.0,1367.0,0.0,100.0,57.9356575012207,0.0,0.0
3050,0.0,1892.0,10.132472038269045,36.99,65.10011291503906,1329.0,0.0,1367.0,0.0,100.0,57.9356575012207,0.0,0.0
3051,0.0,1892.0,10.34226131439209,36.99,66.7439193725586,1087.0,0.0,1367.0,0.0,100.0,5.8734002113342285,0.0,0.0
3052,0.0,1892.0,10.34226131439209,36.99,66.7439193725586,1087.0,0.0,1367.0,0.0,100.0,5.8734002113342285,0.0,0.0
3053,0.0,1892.0,10.34226131439209,36.99,66.7439193725586,1087.0,0.0,1367.0,0.0,100.0,5.8734002113342285,0.0,0.0
3054,0.0,1892.0,10.34226131439209,36.99,66.7439193725586,1087.0,0.0,1367.0,0.0,100.0,5.8734002113342285,0.0,0.0
3055,0.0,1892.0,10.34226131439209,36.99,66.7439193725586,1087.0,0.0,1367.0,0.0,100.0,5.8734002113342285,0.0,0.0
3056,0.0,1892.0,10.285104751586914,36.99,65.04855346679688,1027.0,0.0,1367.0,0.0,100.0,5.8734002113342285,0.0,0.0
3057,0.0,1892.0,10.285104751586914,36.99,65.04855346679688,1027.0,0.0,1367.0,0.0,100.0,5.8734002113342285,0.0,0.0
3058,0.0,1892.0,10.285104751586914,36.99,65.04855346679688,1027.0,0.0,1367.0,0.0,100.0,5.8734002113342285,0.0,0.0
3059,0.0,1892.0,10.285104751586914,36.99,65.04855346679688,1027.0,0.0,1367.0,0.0,100.0,5.8734002113342285,0.0,0.0
3060,0.0,1892.0,10.285104751586914,36.99,65.04855346679688,1027.0,0.0,1367.0,0.0,100.0,5.8734002113342285,0.0,0.0
3061,0.0,1892.0,10.311338424682615,36.99,65.00213623046875,1024.0,0.0,1367.0,0.0003860802098643,100.0,57.66170120239258,111.0,0.0
3062,0.0,1892.0,10.311338424682615,36.99,65.00213623046875,1024.0,0.0,1367.0,0.0003860802098643,100.0,57.66170120239258,111.0,0.0
3063,0.0,1892.0,10.311338424682615,36.99,65.00213623046875,1024.0,0.0,1367.0,0.0003860802098643,100.0,57.66170120239258,111.0,0.0
3064,0.0,1892.0,10.311338424682615,36.99,65.00213623046875,1024.0,0.0,1367.0,0.0003860802098643,100.0,57.66170120239258,111.0,0.0
3065,0.0,1892.0,10.311338424682615,36.99,65.00213623046875,1024.0,0.0,1367.0,0.0003860802098643,100.0,57.66170120239258,111.0,0.0
3066,0.0,1892.0,10.359664916992188,36.99,65.09503173828125,965.0,0.0,1367.0,0.0009309990564361,100.0,5.8734002113342285,111.0,0.0
3067,0.0,1892.0,10.359664916992188,36.99,65.09503173828125,965.0,0.0,1367.0,0.0009309990564361,100.0,5.8734002113342285,111.0,0.0
3068,0.0,1892.0,10.359664916992188,36.99,65.09503173828125,965.0,0.0,1367.0,0.0009309990564361,100.0,5.8734002113342285,111.0,0.0
3069,0.0,1892.0,10.359664916992188,36.99,65.09503173828125,965.0,0.0,1367.0,0.0009309990564361,100.0,5.8734002113342285,111.0,0.0
3070,0.0,1892.0,10.359664916992188,36.99,65.09503173828125,965.0,0.0,1367.0,0.0009309990564361,100.0,5.8734002113342285,111.0,0.0
3071,0.0,1892.0,10.149454116821287,36.99,66.24003601074219,1228.0,0.0,1367.0,0.0,100.0,5.8734002113342285,0.0,0.0
3072,0.0,1892.0,10.149454116821287,36.99,66.24003601074219,1228.0,0.0,1367.0,0.0,100.0,5.8734002113342285,0.0,0.0
3073,0.0,1892.0,10.149454116821287,36.99,66.24003601074219,1228.0,0.0,1367.0,0.0,100.0,5.8734002113342285,0.0,0.0
3074,0.0,1892.0,10.149454116821287,36.99,66.24003601074219,1228.0,0.0,1367.0,0.0,100.0,5.8734002113342285,0.0,0.0
3075,0.0,1892.0,10.149454116821287,36.99,66.24003601074219,1228.0,0.0,1367.0,0.0,100.0,5.8734002113342285,0.0,0.0
3076,0.0,1892.0,10.362338066101074,36.99,65.52049255371094,1632.0,0.0,1367.0,0.0,100.0,5.8734002113342285,0.0,0.0
3077,0.0,1892.0,10.362338066101074,36.99,65.52049255371094,1632.0,0.0,1367.0,0.0,100.0,5.8734002113342285,0.0,0.0
3078,0.0,1892.0,10.362338066101074,36.99,65.52049255371094,1632.0,0.0,1367.0,0.0,100.0,5.8734002113342285,0.0,0.0
3079,0.0,1892.0,10.362338066101074,36.99,65.52049255371094,1632.0,0.0,1367.0,0.0,100.0,5.8734002113342285,0.0,0.0
3080,0.0,1892.0,10.362338066101074,36.99,65.52049255371094,1632.0,0.0,1367.0,0.0,100.0,5.8734002113342285,0.0,0.0
3081,0.0,1892.0,10.283292770385742,36.99,66.17601013183594,1437.0,0.0,1367.0,0.0,100.0,5.8734002113342285,0.0,0.0
3082,0.0,1892.0,10.283292770385742,36.99,66.17601013183594,1437.0,0.0,1367.0,0.0,100.0,5.8734002113342285,0.0,0.0
3083,0.0,1892.0,10.283292770385742,36.99,66.17601013183594,1437.0,0.0,1367.0,0.0,100.0,5.8734002113342285,0.0,0.0
3084,0.0,1892.0,10.283292770385742,36.99,66.17601013183594,1437.0,0.0,1367.0,0.0,100.0,5.8734002113342285,0.0,0.0
3085,0.0,1892.0,10.283292770385742,36.99,66.17601013183594,1437.0,0.0,1367.0,0.0,100.0,5.8734002113342285,0.0,0.0
3086,0.0,1892.0,10.639814376831056,36.99,66.79361724853516,1401.0,0.0,1367.0,0.0612432174384593,100.0,58.00635528564453,459.0,0.0
3087,0.0,1892.0,10.639814376831056,36.99,66.79361724853516,1401.0,0.0,1367.0,0.0612432174384593,100.0,58.00635528564453,459.0,0.0
3088,0.0,1892.0,10.639814376831056,36.99,66.79361724853516,1401.0,0.0,1367.0,0.0612432174384593,100.0,58.00635528564453,459.0,0.0
3089,0.0,1892.0,10.639814376831056,36.99,66.79361724853516,1401.0,0.0,1367.0,0.0612432174384593,100.0,58.00635528564453,459.0,0.0
3090,0.0,1892.0,10.639814376831056,36.99,66.79361724853516,1401.0,0.0,1367.0,0.0612432174384593,100.0,58.00635528564453,459.0,0.0
3091,0.0,1892.0,13.00483226776123,36.99,68.71562194824219,2063.0,0.0,1367.0,0.0374370515346527,100.0,58.24141311645508,406.0,0.0
3092,0.0,1892.0,13.00483226776123,36.99,68.71562194824219,2063.0,0.0,1367.0,0.0374370515346527,100.0,58.24141311645508,406.0,0.0
3093,0.0,1892.0,13.00483226776123,36.99,68.71562194824219,2063.0,0.0,1367.0,0.0374370515346527,100.0,58.24141311645508,406.0,0.0
3094,0.0,1892.0,13.00483226776123,36.99,68.71562194824219,2063.0,0.0,1367.0,0.0374370515346527,100.0,58.24141311645508,406.0,0.0
3095,0.0,1892.0,13.00483226776123,36.99,68.71562194824219,2063.0,0.0,1367.0,0.0374370515346527,100.0,58.24141311645508,406.0,0.0
3096,0.0,1892.0,10.51763916015625,36.99,66.6068344116211,1357.0,0.0,1367.0,0.015071396715939,100.0,58.06816482543945,333.0,0.0
3097,0.0,1892.0,10.51763916015625,36.99,66.6068344116211,1357.0,0.0,1367.0,0.015071396715939,100.0,58.06816482543945,333.0,0.0
3098,0.0,1892.0,10.51763916015625,36.99,66.6068344116211,1357.0,0.0,1367.0,0.015071396715939,100.0,58.06816482543945,333.0,0.0
3099,0.0,1892.0,10.51763916015625,36.99,66.6068344116211,1357.0,0.0,1367.0,0.015071396715939,100.0,58.06816482543945,333.0,0.0
3100,0.0,1892.0,10.51763916015625,36.99,66.6068344116211,1357.0,0.0,1367.0,0.015071396715939,100.0,58.06816482543945,333.0,0.0
3101,0.0,1892.0,10.441276550292969,36.99,66.29470825195312,1164.0,0.0,1367.0,0.0003271786845289,100.0,57.78670120239258,111.0,0.0
3102,0.0,1892.0,10.441276550292969,36.99,66.29470825195312,1164.0,0.0,1367.0,0.0003271786845289,100.0,57.78670120239258,111.0,0.0
3103,0.0,1892.0,10.441276550292969,36.99,66.29470825195312,1164.0,0.0,1367.0,0.0003271786845289,100.0,57.78670120239258,111.0,0.0
3104,0.0,1892.0,10.441276550292969,36.99,66.29470825195312,1164.0,0.0,1367.0,0.0003271786845289,100.0,57.78670120239258,111.0,0.0
3105,0.0,1892.0,10.441276550292969,36.99,66.29470825195312,1164.0,0.0,1367.0,0.0003271786845289,100.0,57.78670120239258,111.0,0.0
3106,0.0,1892.0,10.34041976928711,36.99,65.77111053466797,1164.0,0.0,1367.0,0.017730263993144,100.0,57.91191482543945,333.0,0.0
3107,0.0,1892.0,10.34041976928711,36.99,65.77111053466797,1164.0,0.0,1367.0,0.017730263993144,100.0,57.91191482543945,333.0,0.0
3108,0.0,1892.0,10.34041976928711,36.99,65.77111053466797,1164.0,0.0,1367.0,0.017730263993144,100.0,57.91191482543945,333.0,0.0
3109,0.0,1892.0,10.34041976928711,36.99,65.77111053466797,1164.0,0.0,1367.0,0.017730263993144,100.0,57.91191482543945,333.0,0.0
3110,0.0,1892.0,10.34041976928711,36.99,65.77111053466797,1164.0,0.0,1367.0,0.017730263993144,100.0,57.91191482543945,333.0,0.0
3111,0.0,1892.0,11.046346664428713,36.99,66.59916687011719,1429.0,0.0,1367.0,0.0859301686286926,100.0,57.82733154296875,222.0,0.0
3112,0.0,1892.0,11.046346664428713,36.99,66.59916687011719,1429.0,0.0,1367.0,0.0859301686286926,100.0,57.82733154296875,222.0,0.0
3113,0.0,1892.0,11.046346664428713,36.99,66.59916687011719,1429.0,0.0,1367.0,0.0859301686286926,100.0,57.82733154296875,222.0,0.0
3114,0.0,1892.0,11.046346664428713,36.99,66.59916687011719,1429.0,0.0,1367.0,0.0859301686286926,100.0,57.82733154296875,222.0,0.0
3115,0.0,1892.0,11.046346664428713,36.99,66.59916687011719,1429.0,0.0,1367.0,0.0859301686286926,100.0,57.82733154296875,222.0,0.0
3116,0.0,1892.0,10.145368576049805,36.99,67.7054443359375,1597.0,0.0,1367.0,0.1268254518508911,100.0,58.26031494140625,333.0,0.0
3117,0.0,1892.0,10.145368576049805,36.99,67.7054443359375,1597.0,0.0,1367.0,0.1268254518508911,100.0,58.26031494140625,333.0,0.0
3118,0.0,1892.0,10.145368576049805,36.99,67.7054443359375,1597.0,0.0,1367.0,0.1268254518508911,100.0,58.26031494140625,333.0,0.0
3119,0.0,1892.0,10.145368576049805,36.99,67.7054443359375,1597.0,0.0,1367.0,0.1268254518508911,100.0,58.26031494140625,333.0,0.0
3120,0.0,1892.0,10.145368576049805,36.99,67.7054443359375,1597.0,0.0,1367.0,0.1268254518508911,100.0,58.26031494140625,333.0,0.0
3121,0.0,1892.0,11.346883773803713,36.99,67.08773803710938,1723.0,0.0,1367.0,0.3078947365283966,100.0,58.399261474609375,505.0,0.0
3122,0.0,1892.0,11.346883773803713,36.99,67.08773803710938,1723.0,0.0,1367.0,0.3078947365283966,100.0,58.399261474609375,505.0,0.0
3123,0.0,1892.0,11.346883773803713,36.99,67.08773803710938,1723.0,0.0,1367.0,0.3078947365283966,100.0,58.399261474609375,505.0,0.0
3124,0.0,1892.0,11.346883773803713,36.99,67.08773803710938,1723.0,0.0,1367.0,0.3078947365283966,100.0,58.399261474609375,505.0,0.0
3125,0.0,1892.0,11.346883773803713,36.99,67.08773803710938,1723.0,0.0,1367.0,0.3078947365283966,100.0,58.399261474609375,505.0,0.0
3126,0.0,1892.0,11.2888822555542,36.99,66.60896301269531,1587.0,0.0,1367.0,0.1516731679439544,100.0,58.32773971557617,488.0,0.0
3127,0.0,1892.0,11.2888822555542,36.99,66.60896301269531,1587.0,0.0,1367.0,0.1516731679439544,100.0,58.32773971557617,488.0,0.0
3128,0.0,1892.0,11.2888822555542,36.99,66.60896301269531,1587.0,0.0,1367.0,0.1516731679439544,100.0,58.32773971557617,488.0,0.0
3129,0.0,1892.0,11.2888822555542,36.99,66.60896301269531,1587.0,0.0,1367.0,0.1516731679439544,100.0,58.32773971557617,488.0,0.0
3130,0.0,1892.0,11.2888822555542,36.99,66.60896301269531,1587.0,0.0,1367.0,0.1516731679439544,100.0,58.32773971557617,488.0,0.0
3131,0.0,1892.0,11.41989517211914,36.99,68.2481689453125,1723.0,0.0,1367.0,0.859462559223175,100.0,58.99358367919922,555.0,0.0
3132,0.0,1892.0,11.41989517211914,36.99,68.2481689453125,1723.0,0.0,1367.0,0.859462559223175,100.0,58.99358367919922,555.0,0.0
3133,0.0,1892.0,11.41989517211914,36.99,68.2481689453125,1723.0,0.0,1367.0,0.859462559223175,100.0,58.99358367919922,555.0,0.0
3134,0.0,1892.0,11.41989517211914,36.99,68.2481689453125,1723.0,0.0,1367.0,0.859462559223175,100.0,58.99358367919922,555.0,0.0
3135,0.0,1892.0,11.41989517211914,36.99,68.2481689453125,1723.0,0.0,1367.0,0.859462559223175,100.0,58.99358367919922,555.0,0.0
3136,0.0,1892.0,10.53095245361328,36.99,68.00642395019531,1281.0,0.0,1367.0,0.0020699864253401,100.0,58.50154495239258,111.0,0.0
3137,0.0,1892.0,10.53095245361328,36.99,68.00642395019531,1281.0,0.0,1367.0,0.0020699864253401,100.0,58.50154495239258,111.0,0.0
3138,0.0,1892.0,10.53095245361328,36.99,68.00642395019531,1281.0,0.0,1367.0,0.0020699864253401,100.0,58.50154495239258,111.0,0.0
3139,0.0,1892.0,10.53095245361328,36.99,68.00642395019531,1281.0,0.0,1367.0,0.0020699864253401,100.0,58.50154495239258,111.0,0.0
3140,0.0,1892.0,10.53095245361328,36.99,68.00642395019531,1281.0,0.0,1367.0,0.0020699864253401,100.0,58.50154495239258,111.0,0.0
3141,0.0,1892.0,10.515089988708496,36.99,65.87623596191406,1535.0,0.0,1367.0,0.0013519279891625,100.0,58.16847610473633,111.0,0.0
3142,0.0,1892.0,10.515089988708496,36.99,65.87623596191406,1535.0,0.0,1367.0,0.0013519279891625,100.0,58.16847610473633,111.0,0.0
3143,0.0,1892.0,10.515089988708496,36.99,65.87623596191406,1535.0,0.0,1367.0,0.0013519279891625,100.0,58.16847610473633,111.0,0.0
3144,0.0,1892.0,10.515089988708496,36.99,65.87623596191406,1535.0,0.0,1367.0,0.0013519279891625,100.0,58.16847610473633,111.0,0.0
3145,0.0,1892.0,10.515089988708496,36.99,65.87623596191406,1535.0,0.0,1367.0,0.0013519279891625,100.0,58.16847610473633,111.0,0.0
3146,0.0,1892.0,10.305469512939451,36.99,66.43165588378906,1199.0,0.0,1367.0,0.0010720301652327,100.0,58.05753707885742,186.0,0.0
3147,0.0,1892.0,10.305469512939451,36.99,66.43165588378906,1199.0,0.0,1367.0,0.0010720301652327,100.0,58.05753707885742,186.0,0.0
3148,0.0,1892.0,10.305469512939451,36.99,66.43165588378906,1199.0,0.0,1367.0,0.0010720301652327,100.0,58.05753707885742,186.0,0.0
3149,0.0,1892.0,10.305469512939451,36.99,66.43165588378906,1199.0,0.0,1367.0,0.0010720301652327,100.0,58.05753707885742,186.0,0.0
3150,0.0,1892.0,10.305469512939451,36.99,66.43165588378906,1199.0,0.0,1367.0,0.0010720301652327,100.0,58.05753707885742,186.0,0.0
3151,0.0,1892.0,10.083005905151367,36.99,67.11827850341797,1052.0,0.0,1367.0,0.0007854931754991,100.0,58.12628173828125,111.0,0.0
3152,0.0,1892.0,10.083005905151367,36.99,67.11827850341797,1052.0,0.0,1367.0,0.0007854931754991,100.0,58.12628173828125,111.0,0.0
3153,0.0,1892.0,10.083005905151367,36.99,67.11827850341797,1052.0,0.0,1367.0,0.0007854931754991,100.0,58.12628173828125,111.0,0.0
3154,0.0,1892.0,10.083005905151367,36.99,67.11827850341797,1052.0,0.0,1367.0,0.0007854931754991,100.0,58.12628173828125,111.0,0.0
3155,0.0,1892.0,10.083005905151367,36.99,67.11827850341797,1052.0,0.0,1367.0,0.0007854931754991,100.0,58.12628173828125,111.0,0.0
3156,0.0,1892.0,10.090594291687012,36.99,64.82412719726562,1013.0,0.0,1367.0,0.0014358358457684,100.0,57.93294525146485,284.0,0.0
3157,0.0,1892.0,10.090594291687012,36.99,64.82412719726562,1013.0,0.0,1367.0,0.0014358358457684,100.0,57.93294525146485,284.0,0.0
3158,0.0,1892.0,10.090594291687012,36.99,64.82412719726562,1013.0,0.0,1367.0,0.0014358358457684,100.0,57.93294525146485,284.0,0.0
3159,0.0,1892.0,10.090594291687012,36.99,64.82412719726562,1013.0,0.0,1367.0,0.0014358358457684,100.0,57.93294525146485,284.0,0.0
3160,0.0,1892.0,10.090594291687012,36.99,64.82412719726562,1013.0,0.0,1367.0,0.0014358358457684,100.0,57.93294525146485,284.0,0.0
3161,0.0,1892.0,10.09463882446289,36.99,65.01224517822266,1042.0,0.0,1367.0,0.0020343335345387,100.0,57.976280212402344,215.0,0.0
3162,0.0,1892.0,10.09463882446289,36.99,65.01224517822266,1042.0,0.0,1367.0,0.0020343335345387,100.0,57.976280212402344,215.0,0.0
3163,0.0,1892.0,10.09463882446289,36.99,65.01224517822266,1042.0,0.0,1367.0,0.0020343335345387,100.0,57.976280212402344,215.0,0.0
3164,0.0,1892.0,10.09463882446289,36.99,65.01224517822266,1042.0,0.0,1367.0,0.0020343335345387,100.0,57.976280212402344,215.0,0.0
3165,0.0,1892.0,10.09463882446289,36.99,65.01224517822266,1042.0,0.0,1367.0,0.0020343335345387,100.0,57.976280212402344,215.0,0.0
3166,0.0,1892.0,10.152387619018556,36.99,65.28866577148438,1058.0,0.0,1367.0,0.0019156769849359,100.0,58.03825759887695,276.0,0.0
3167,0.0,1892.0,10.152387619018556,36.99,65.28866577148438,1058.0,0.0,1367.0,0.0019156769849359,100.0,58.03825759887695,276.0,0.0
3168,0.0,1892.0,10.152387619018556,36.99,65.28866577148438,1058.0,0.0,1367.0,0.0019156769849359,100.0,58.03825759887695,276.0,0.0
3169,0.0,1892.0,10.152387619018556,36.99,65.28866577148438,1058.0,0.0,1367.0,0.0019156769849359,100.0,58.03825759887695,276.0,0.0
3170,0.0,1892.0,10.152387619018556,36.99,65.28866577148438,1058.0,0.0,1367.0,0.0019156769849359,100.0,58.03825759887695,276.0,0.0
3171,0.0,1892.0,10.338549613952637,36.99,65.74919128417969,1326.0,0.0,1367.0,0.0010859941830858,100.0,58.00441360473633,157.0,0.0
3172,0.0,1892.0,10.338549613952637,36.99,65.74919128417969,1326.0,0.0,1367.0,0.0010859941830858,100.0,58.00441360473633,157.0,0.0
3173,0.0,1892.0,10.338549613952637,36.99,65.74919128417969,1326.0,0.0,1367.0,0.0010859941830858,100.0,58.00441360473633,157.0,0.0
3174,0.0,1892.0,10.338549613952637,36.99,65.74919128417969,1326.0,0.0,1367.0,0.0010859941830858,100.0,58.00441360473633,157.0,0.0
3175,0.0,1892.0,10.338549613952637,36.99,65.74919128417969,1326.0,0.0,1367.0,0.0010859941830858,100.0,58.00441360473633,157.0,0.0
3176,0.0,1892.0,10.508512496948242,36.99,66.56877899169922,1602.0,0.0,1367.0,0.0009531464311294,100.0,57.773155212402344,111.0,0.0
3177,0.0,1892.0,10.508512496948242,36.99,66.56877899169922,1602.0,0.0,1367.0,0.0009531464311294,100.0,57.773155212402344,111.0,0.0
3178,0.0,1892.0,10.508512496948242,36.99,66.56877899169922,1602.0,0.0,1367.0,0.0009531464311294,100.0,57.773155212402344,111.0,0.0
3179,0.0,1892.0,10.508512496948242,36.99,66.56877899169922,1602.0,0.0,1367.0,0.0009531464311294,100.0,57.773155212402344,111.0,0.0
3180,0.0,1892.0,10.508512496948242,36.99,66.56877899169922,1602.0,0.0,1367.0,0.0009531464311294,100.0,57.773155212402344,111.0,0.0
3181,0.0,1892.0,10.330039978027344,36.99,65.77172088623047,1137.0,0.0,1367.0,0.0009271450689993,100.0,57.80231857299805,222.0,0.0
3182,0.0,1892.0,10.330039978027344,36.99,65.77172088623047,1137.0,0.0,1367.0,0.0009271450689993,100.0,57.80231857299805,222.0,0.0
3183,0.0,1892.0,10.330039978027344,36.99,65.77172088623047,1137.0,0.0,1367.0,0.0009271450689993,100.0,57.80231857299805,222.0,0.0
3184,0.0,1892.0,10.330039978027344,36.99,65.77172088623047,1137.0,0.0,1367.0,0.0009271450689993,100.0,57.80231857299805,222.0,0.0
3185,0.0,1892.0,10.330039978027344,36.99,65.77172088623047,1137.0,0.0,1367.0,0.0009271450689993,100.0,57.80231857299805,222.0,0.0
3186,0.0,1892.0,10.34677505493164,36.99,65.21713256835938,1058.0,0.0,1367.0,0.0018661516951397,100.0,57.794822692871094,111.0,0.0
3187,0.0,1892.0,10.34677505493164,36.99,65.21713256835938,1058.0,0.0,1367.0,0.0018661516951397,100.0,57.794822692871094,111.0,0.0
3188,0.0,1892.0,10.34677505493164,36.99,65.21713256835938,1058.0,0.0,1367.0,0.0018661516951397,100.0,57.794822692871094,111.0,0.0
3189,0.0,1892.0,10.34677505493164,36.99,65.21713256835938,1058.0,0.0,1367.0,0.0018661516951397,100.0,57.794822692871094,111.0,0.0
3190,0.0,1892.0,10.34677505493164,36.99,65.21713256835938,1058.0,0.0,1367.0,0.0018661516951397,100.0,57.794822692871094,111.0,0.0
3191,0.0,1892.0,10.260682106018066,36.99,66.24696350097656,1033.0,0.0,1367.0,0.001168010989204,100.0,57.772117614746094,222.0,0.0
3192,0.0,1892.0,10.260682106018066,36.99,66.24696350097656,1033.0,0.0,1367.0,0.001168010989204,100.0,57.772117614746094,222.0,0.0
3193,0.0,1892.0,10.260682106018066,36.99,66.24696350097656,1033.0,0.0,1367.0,0.001168010989204,100.0,57.772117614746094,222.0,0.0
3194,0.0,1892.0,10.260682106018066,36.99,66.24696350097656,1033.0,0.0,1367.0,0.001168010989204,100.0,57.772117614746094,222.0,0.0
3195,0.0,1892.0,10.260682106018066,36.99,66.24696350097656,1033.0,0.0,1367.0,0.001168010989204,100.0,57.772117614746094,222.0,0.0
3196,0.0,1892.0,10.169473648071287,36.99,65.31566619873047,1338.0,0.0,1367.0,0.0009233045857399,100.0,57.94919967651367,111.0,0.0
3197,0.0,1892.0,10.169473648071287,36.99,65.31566619873047,1338.0,0.0,1367.0,0.0009233045857399,100.0,57.94919967651367,111.0,0.0
3198,0.0,1892.0,10.169473648071287,36.99,65.31566619873047,1338.0,0.0,1367.0,0.0009233045857399,100.0,57.94919967651367,111.0,0.0
3199,0.0,1892.0,10.169473648071287,36.99,65.31566619873047,1338.0,0.0,1367.0,0.0009233045857399,100.0,57.94919967651367,111.0,0.0
3200,0.0,1892.0,10.169473648071287,36.99,65.31566619873047,1338.0,0.0,1367.0,0.0009233045857399,100.0,57.94919967651367,111.0,0.0
3201,0.0,1892.0,10.224286079406738,36.99,64.977294921875,1429.0,0.0,1367.0,0.0009914325783029,100.0,57.85440826416016,222.0,0.0
3202,0.0,1892.0,10.224286079406738,36.99,64.977294921875,1429.0,0.0,1367.0,0.0009914325783029,100.0,57.85440826416016,222.0,0.0
3203,0.0,1892.0,10.224286079406738,36.99,64.977294921875,1429.0,0.0,1367.0,0.0009914325783029,100.0,57.85440826416016,222.0,0.0
3204,0.0,1892.0,10.224286079406738,36.99,64.977294921875,1429.0,0.0,1367.0,0.0009914325783029,100.0,57.85440826416016,222.0,0.0
3205,0.0,1892.0,10.224286079406738,36.99,64.977294921875,1429.0,0.0,1367.0,0.0009914325783029,100.0,57.85440826416016,222.0,0.0
3206,0.0,1892.0,10.086450576782228,36.99,64.93394470214844,1119.0,0.0,1367.0,0.0013655724469572,100.0,57.84232711791992,111.0,0.0
3207,0.0,1892.0,10.086450576782228,36.99,64.93394470214844,1119.0,0.0,1367.0,0.0013655724469572,100.0,57.84232711791992,111.0,0.0
3208,0.0,1892.0,10.086450576782228,36.99,64.93394470214844,1119.0,0.0,1367.0,0.0013655724469572,100.0,57.84232711791992,111.0,0.0
3209,0.0,1892.0,10.086450576782228,36.99,64.93394470214844,1119.0,0.0,1367.0,0.0013655724469572,100.0,57.84232711791992,111.0,0.0
3210,0.0,1892.0,10.086450576782228,36.99,64.93394470214844,1119.0,0.0,1367.0,0.0013655724469572,100.0,57.84232711791992,111.0,0.0
3211,0.0,1892.0,10.197278022766112,36.99,65.06755065917969,1155.0,0.0,1367.0,0.0018098717555403,100.0,57.82524490356445,111.0,0.0
3212,0.0,1892.0,10.197278022766112,36.99,65.06755065917969,1155.0,0.0,1367.0,0.0018098717555403,100.0,57.82524490356445,111.0,0.0
3213,0.0,1892.0,10.197278022766112,36.99,65.06755065917969,1155.0,0.0,1367.0,0.0018098717555403,100.0,57.82524490356445,111.0,0.0
3214,0.0,1892.0,10.197278022766112,36.99,65.06755065917969,1155.0,0.0,1367.0,0.0018098717555403,100.0,57.82524490356445,111.0,0.0
3215,0.0,1892.0,10.197278022766112,36.99,65.06755065917969,1155.0,0.0,1367.0,0.0018098717555403,100.0,57.82524490356445,111.0,0.0
3216,0.0,1892.0,10.336942672729492,36.99,66.46990203857422,1155.0,0.0,1367.0,0.0014061436522752,100.0,57.728370666503906,222.0,0.0
3217,0.0,1892.0,10.336942672729492,36.99,66.46990203857422,1155.0,0.0,1367.0,0.0014061436522752,100.0,57.728370666503906,222.0,0.0
3218,0.0,1892.0,10.336942672729492,36.99,66.46990203857422,1155.0,0.0,1367.0,0.0014061436522752,100.0,57.728370666503906,222.0,0.0
3219,0.0,1892.0,10.336942672729492,36.99,66.46990203857422,1155.0,0.0,1367.0,0.0014061436522752,100.0,57.728370666503906,222.0,0.0
3220,0.0,1892.0,10.336942672729492,36.99,66.46990203857422,1155.0,0.0,1367.0,0.0014061436522752,100.0,57.728370666503906,222.0,0.0
3221,0.0,1892.0,10.296875,36.99,65.51451110839844,1098.0,0.0,1367.0,0.0009192654979415,100.0,57.69086837768555,222.0,0.0
3222,0.0,1892.0,10.296875,36.99,65.51451110839844,1098.0,0.0,1367.0,0.0009192654979415,100.0,57.69086837768555,222.0,0.0
3223,0.0,1892.0,10.296875,36.99,65.51451110839844,1098.0,0.0,1367.0,0.0009192654979415,100.0,57.69086837768555,222.0,0.0
3224,0.0,1892.0,10.296875,36.99,65.51451110839844,1098.0,0.0,1367.0,0.0009192654979415,100.0,57.69086837768555,222.0,0.0
3225,0.0,1892.0,10.296875,36.99,65.51451110839844,1098.0,0.0,1367.0,0.0009192654979415,100.0,57.69086837768555,222.0,0.0
3226,0.0,1892.0,10.438166618347168,36.99,65.99613952636719,1341.0,0.0,1367.0,0.0016524086240679,100.0,57.69086837768555,247.0,0.0
3227,0.0,1892.0,10.438166618347168,36.99,65.99613952636719,1341.0,0.0,1367.0,0.0016524086240679,100.0,57.69086837768555,247.0,0.0
3228,0.0,1892.0,10.438166618347168,36.99,65.99613952636719,1341.0,0.0,1367.0,0.0016524086240679,100.0,57.69086837768555,247.0,0.0
3229,0.0,1892.0,10.438166618347168,36.99,65.99613952636719,1341.0,0.0,1367.0,0.0016524086240679,100.0,57.69086837768555,247.0,0.0
3230,0.0,1892.0,10.438166618347168,36.99,65.99613952636719,1341.0,0.0,1367.0,0.0016524086240679,100.0,57.69086837768555,247.0,0.0
3231,0.0,1892.0,10.720806121826172,36.99,65.24911499023438,1233.0,0.0,1367.0,0.0013844269560649,100.0,57.58045196533203,111.0,0.0
3232,0.0,1892.0,10.720806121826172,36.99,65.24911499023438,1233.0,0.0,1367.0,0.0013844269560649,100.0,57.58045196533203,111.0,0.0
3233,0.0,1892.0,10.720806121826172,36.99,65.24911499023438,1233.0,0.0,1367.0,0.0013844269560649,100.0,57.58045196533203,111.0,0.0
3234,0.0,1892.0,10.720806121826172,36.99,65.24911499023438,1233.0,0.0,1367.0,0.0013844269560649,100.0,57.58045196533203,111.0,0.0
3235,0.0,1892.0,10.720806121826172,36.99,65.24911499023438,1233.0,0.0,1367.0,0.0013844269560649,100.0,57.58045196533203,111.0,0.0
3236,0.0,1892.0,10.280757904052734,36.99,67.29151153564453,1265.0,0.0,1367.0,0.0018724743276834,100.0,57.743988037109375,222.0,0.0
3237,0.0,1892.0,10.280757904052734,36.99,67.29151153564453,1265.0,0.0,1367.0,0.0018724743276834,100.0,57.743988037109375,222.0,0.0
3238,0.0,1892.0,10.280757904052734,36.99,67.29151153564453,1265.0,0.0,1367.0,0.0018724743276834,100.0,57.743988037109375,222.0,0.0
3239,0.0,1892.0,10.280757904052734,36.99,67.29151153564453,1265.0,0.0,1367.0,0.0018724743276834,100.0,57.743988037109375,222.0,0.0
3240,0.0,1892.0,10.280757904052734,36.99,67.29151153564453,1265.0,0.0,1367.0,0.0018724743276834,100.0,57.743988037109375,222.0,0.0
3241,0.0,1892.0,10.271318435668944,36.99,65.48049926757812,1367.0,0.0,1367.0,0.0009902879828587,100.0,57.62107467651367,111.0,0.0
3242,0.0,1892.0,10.271318435668944,36.99,65.48049926757812,1367.0,0.0,1367.0,0.0009902879828587,100.0,57.62107467651367,111.0,0.0
3243,0.0,1892.0,10.271318435668944,36.99,65.48049926757812,1367.0,0.0,1367.0,0.0009902879828587,100.0,57.62107467651367,111.0,0.0
3244,0.0,1892.0,10.271318435668944,36.99,65.48049926757812,1367.0,0.0,1367.0,0.0009902879828587,100.0,57.62107467651367,111.0,0.0
3245,0.0,1892.0,10.271318435668944,36.99,65.48049926757812,1367.0,0.0,1367.0,0.0009902879828587,100.0,57.62107467651367,111.0,0.0
3246,0.0,1892.0,10.3270845413208,36.99,66.08719635009766,1216.0,0.0,1367.0,0.0019827592186629,100.0,57.85170364379883,333.0,0.0
3247,0.0,1892.0,10.3270845413208,36.99,66.08719635009766,1216.0,0.0,1367.0,0.0019827592186629,100.0,57.85170364379883,333.0,0.0
3248,0.0,1892.0,10.3270845413208,36.99,66.08719635009766,1216.0,0.0,1367.0,0.0019827592186629,100.0,57.85170364379883,333.0,0.0
3249,0.0,1892.0,10.3270845413208,36.99,66.08719635009766,1216.0,0.0,1367.0,0.0019827592186629,100.0,57.85170364379883,333.0,0.0
3250,0.0,1892.0,10.3270845413208,36.99,66.08719635009766,1216.0,0.0,1367.0,0.0019827592186629,100.0,57.85170364379883,333.0,0.0
3251,0.0,1892.0,10.073789596557615,36.99,64.97090911865234,1001.0,0.0,1367.0,0.001156595419161,100.0,57.704200744628906,111.0,0.0
3252,0.0,1892.0,10.073789596557615,36.99,64.97090911865234,1001.0,0.0,1367.0,0.001156595419161,100.0,57.704200744628906,111.0,0.0
3253,0.0,1892.0,10.073789596557615,36.99,64.97090911865234,1001.0,0.0,1367.0,0.001156595419161,100.0,57.704200744628906,111.0,0.0
3254,0.0,1892.0,10.073789596557615,36.99,64.97090911865234,1001.0,0.0,1367.0,0.001156595419161,100.0,57.704200744628906,111.0,0.0
3255,0.0,1892.0,10.073789596557615,36.99,64.97090911865234,1001.0,0.0,1367.0,0.001156595419161,100.0,57.704200744628906,111.0,0.0
3256,0.0,1892.0,10.19154167175293,36.99,65.16019439697266,1019.0,0.0,1367.0,0.0015470072394236,100.0,57.7856559753418,222.0,0.0
3257,0.0,1892.0,10.19154167175293,36.99,65.16019439697266,1019.0,0.0,1367.0,0.0015470072394236,100.0,57.7856559753418,222.0,0.0
3258,0.0,1892.0,10.19154167175293,36.99,65.16019439697266,1019.0,0.0,1367.0,0.0015470072394236,100.0,57.7856559753418,222.0,0.0
3259,0.0,1892.0,10.19154167175293,36.99,65.16019439697266,1019.0,0.0,1367.0,0.0015470072394236,100.0,57.7856559753418,222.0,0.0
3260,0.0,1892.0,10.19154167175293,36.99,65.16019439697266,1019.0,0.0,1367.0,0.0015470072394236,100.0,57.7856559753418,222.0,0.0
3261,0.0,1892.0,10.33147144317627,36.99,66.74823760986328,1125.0,0.0,1367.0,0.0011289485264569,100.0,57.73722076416016,111.0,0.0
3262,0.0,1892.0,10.33147144317627,36.99,66.74823760986328,1125.0,0.0,1367.0,0.0011289485264569,100.0,57.73722076416016,111.0,0.0
3263,0.0,1892.0,10.33147144317627,36.99,66.74823760986328,1125.0,0.0,1367.0,0.0011289485264569,100.0,57.73722076416016,111.0,0.0
3264,0.0,1892.0,10.33147144317627,36.99,66.74823760986328,1125.0,0.0,1367.0,0.0011289485264569,100.0,57.73722076416016,111.0,0.0
3265,0.0,1892.0,10.33147144317627,36.99,66.74823760986328,1125.0,0.0,1367.0,0.0011289485264569,100.0,57.73722076416016,111.0,0.0
3266,0.0,1892.0,10.468609809875488,36.99,64.9476547241211,1509.0,0.0,1367.0,0.0009439494460821,100.0,57.6210823059082,111.0,0.0
3267,0.0,1892.0,10.468609809875488,36.99,64.9476547241211,1509.0,0.0,1367.0,0.0009439494460821,100.0,57.6210823059082,111.0,0.0
3268,0.0,1892.0,10.468609809875488,36.99,64.9476547241211,1509.0,0.0,1367.0,0.0009439494460821,100.0,57.6210823059082,111.0,0.0
3269,0.0,1892.0,10.468609809875488,36.99,64.9476547241211,1509.0,0.0,1367.0,0.0009439494460821,100.0,57.6210823059082,111.0,0.0
3270,0.0,1892.0,10.468609809875488,36.99,64.9476547241211,1509.0,0.0,1367.0,0.0009439494460821,100.0,57.6210823059082,111.0,0.0
3271,0.0,1892.0,10.4139986038208,36.99,65.0473403930664,1426.0,0.0,1367.0,0.0011956391390413,100.0,57.47003936767578,222.0,0.0
3272,0.0,1892.0,10.4139986038208,36.99,65.0473403930664,1426.0,0.0,1367.0,0.0011956391390413,100.0,57.47003936767578,222.0,0.0
3273,0.0,1892.0,10.4139986038208,36.99,65.0473403930664,1426.0,0.0,1367.0,0.0011956391390413,100.0,57.47003936767578,222.0,0.0
3274,0.0,1892.0,10.4139986038208,36.99,65.0473403930664,1426.0,0.0,1367.0,0.0011956391390413,100.0,57.47003936767578,222.0,0.0
3275,0.0,1892.0,10.4139986038208,36.99,65.0473403930664,1426.0,0.0,1367.0,0.0011956391390413,100.0,57.47003936767578,222.0,0.0
3276,0.0,1892.0,10.406267166137695,36.99,65.90377044677734,1364.0,0.0,1367.0,0.0007164971320889,100.0,57.54503631591797,111.0,0.0
3277,0.0,1892.0,10.406267166137695,36.99,65.90377044677734,1364.0,0.0,1367.0,0.0007164971320889,100.0,57.54503631591797,111.0,0.0
3278,0.0,1892.0,10.406267166137695,36.99,65.90377044677734,1364.0,0.0,1367.0,0.0007164971320889,100.0,57.54503631591797,111.0,0.0
3279,0.0,1892.0,10.406267166137695,36.99,65.90377044677734,1364.0,0.0,1367.0,0.0007164971320889,100.0,57.54503631591797,111.0,0.0
3280,0.0,1892.0,10.406267166137695,36.99,65.90377044677734,1364.0,0.0,1367.0,0.0007164971320889,100.0,57.54503631591797,111.0,0.0
3281,0.0,1892.0,10.23742961883545,36.99,65.90946960449219,1040.0,0.0,1367.0,0.0023151927161961,100.0,57.60076141357422,333.0,0.0
3282,0.0,1892.0,10.23742961883545,36.99,65.90946960449219,1040.0,0.0,1367.0,0.0023151927161961,100.0,57.60076141357422,333.0,0.0
3283,0.0,1892.0,10.23742961883545,36.99,65.90946960449219,1040.0,0.0,1367.0,0.0023151927161961,100.0,57.60076141357422,333.0,0.0
3284,0.0,1892.0,10.23742961883545,36.99,65.90946960449219,1040.0,0.0,1367.0,0.0023151927161961,100.0,57.60076141357422,333.0,0.0
3285,0.0,1892.0,10.23742961883545,36.99,65.90946960449219,1040.0,0.0,1367.0,0.0023151927161961,100.0,57.60076141357422,333.0,0.0
3286,0.0,1892.0,10.061273574829102,36.99,66.83454895019531,1023.0,0.0,1367.0,0.0011976226232945,100.0,57.57263946533203,111.0,0.0
3287,0.0,1892.0,10.061273574829102,36.99,66.83454895019531,1023.0,0.0,1367.0,0.0011976226232945,100.0,57.57263946533203,111.0,0.0
3288,0.0,1892.0,10.061273574829102,36.99,66.83454895019531,1023.0,0.0,1367.0,0.0011976226232945,100.0,57.57263946533203,111.0,0.0
3289,0.0,1892.0,10.061273574829102,36.99,66.83454895019531,1023.0,0.0,1367.0,0.0011976226232945,100.0,57.57263946533203,111.0,0.0
3290,0.0,1892.0,10.061273574829102,36.99,66.83454895019531,1023.0,0.0,1367.0,0.0011976226232945,100.0,57.57263946533203,111.0,0.0
3291,0.0,1892.0,10.083343505859377,36.99,64.79357147216797,1017.0,0.0,1367.0,0.0009808745235204,100.0,57.56691360473633,111.0,0.0
3292,0.0,1892.0,10.083343505859377,36.99,64.79357147216797,1017.0,0.0,1367.0,0.0009808745235204,100.0,57.56691360473633,111.0,0.0
3293,0.0,1892.0,10.083343505859377,36.99,64.79357147216797,1017.0,0.0,1367.0,0.0009808745235204,100.0,57.56691360473633,111.0,0.0
3294,0.0,1892.0,10.083343505859377,36.99,64.79357147216797,1017.0,0.0,1367.0,0.0009808745235204,100.0,57.56691360473633,111.0,0.0
3295,0.0,1892.0,10.083343505859377,36.99,64.79357147216797,1017.0,0.0,1367.0,0.0009808745235204,100.0,57.56691360473633,111.0,0.0
3296,0.0,1892.0,10.178345680236816,36.99,64.83000183105469,1195.0,0.0,1367.0,0.0017698599258437,100.0,57.67733001708984,222.0,0.0
3297,0.0,1892.0,10.178345680236816,36.99,64.83000183105469,1195.0,0.0,1367.0,0.0017698599258437,100.0,57.67733001708984,222.0,0.0
3298,0.0,1892.0,10.178345680236816,36.99,64.83000183105469,1195.0,0.0,1367.0,0.0017698599258437,100.0,57.67733001708984,222.0,0.0
3299,0.0,1892.0,10.178345680236816,36.99,64.83000183105469,1195.0,0.0,1367.0,0.0017698599258437,100.0,57.67733001708984,222.0,0.0
3300,0.0,1892.0,10.178345680236816,36.99,64.83000183105469,1195.0,0.0,1367.0,0.0017698599258437,100.0,57.67733001708984,222.0,0.0
3301,0.0,1892.0,10.146700859069824,36.99,65.70501708984375,1167.0,0.0,1367.0,0.0007859727484174,100.0,57.60648727416992,111.0,0.0
3302,0.0,1892.0,10.146700859069824,36.99,65.70501708984375,1167.0,0.0,1367.0,0.0007859727484174,100.0,57.60648727416992,111.0,0.0
3303,0.0,1892.0,10.146700859069824,36.99,65.70501708984375,1167.0,0.0,1367.0,0.0007859727484174,100.0,57.60648727416992,111.0,0.0
3304,0.0,1892.0,10.146700859069824,36.99,65.70501708984375,1167.0,0.0,1367.0,0.0007859727484174,100.0,57.60648727416992,111.0,0.0
3305,0.0,1892.0,10.146700859069824,36.99,65.70501708984375,1167.0,0.0,1367.0,0.0007859727484174,100.0,57.60648727416992,111.0,0.0
3306,0.0,1892.0,10.361273765563965,36.99,65.1520767211914,1241.0,0.0,1367.0,0.0014806191902607,100.0,57.56534576416016,333.0,0.0
3307,0.0,1892.0,10.361273765563965,36.99,65.1520767211914,1241.0,0.0,1367.0,0.0014806191902607,100.0,57.56534576416016,333.0,0.0
3308,0.0,1892.0,10.361273765563965,36.99,65.1520767211914,1241.0,0.0,1367.0,0.0014806191902607,100.0,57.56534576416016,333.0,0.0
3309,0.0,1892.0,10.361273765563965,36.99,65.1520767211914,1241.0,0.0,1367.0,0.0014806191902607,100.0,57.56534576416016,333.0,0.0
3310,0.0,1892.0,10.361273765563965,36.99,65.1520767211914,1241.0,0.0,1367.0,0.0014806191902607,100.0,57.56534576416016,333.0,0.0
3311,0.0,1892.0,10.367926597595217,36.99,64.87785339355469,1018.0,0.0,1367.0,0.0010515400208532,100.0,57.52628326416016,111.0,0.0
3312,0.0,1892.0,10.367926597595217,36.99,64.87785339355469,1018.0,0.0,1367.0,0.0010515400208532,100.0,57.52628326416016,111.0,0.0
3313,0.0,1892.0,10.367926597595217,36.99,64.87785339355469,1018.0,0.0,1367.0,0.0010515400208532,100.0,57.52628326416016,111.0,0.0
3314,0.0,1892.0,10.367926597595217,36.99,64.87785339355469,1018.0,0.0,1367.0,0.0010515400208532,100.0,57.52628326416016,111.0,0.0
3315,0.0,1892.0,10.367926597595217,36.99,64.87785339355469,1018.0,0.0,1367.0,0.0010515400208532,100.0,57.52628326416016,111.0,0.0
3316,0.0,1892.0,10.253530502319336,36.99,65.01549530029297,991.0,0.0,1367.0,0.0008979471749626,100.0,57.41690826416016,111.0,0.0
3317,0.0,1892.0,10.253530502319336,36.99,65.01549530029297,991.0,0.0,1367.0,0.0008979471749626,100.0,57.41690826416016,111.0,0.0
3318,0.0,1892.0,10.253530502319336,36.99,65.01549530029297,991.0,0.0,1367.0,0.0008979471749626,100.0,57.41690826416016,111.0,0.0
3319,0.0,1892.0,10.253530502319336,36.99,65.01549530029297,991.0,0.0,1367.0,0.0008979471749626,100.0,57.41690826416016,111.0,0.0
3320,0.0,1892.0,10.253530502319336,36.99,65.01549530029297,991.0,0.0,1367.0,0.0008979471749626,100.0,57.41690826416016,111.0,0.0
3321,0.0,1892.0,10.562236785888672,36.99,65.81732177734375,1411.0,0.0,1367.0,0.0011520104017108,100.0,57.4825325012207,222.0,0.0
3322,0.0,1892.0,10.562236785888672,36.99,65.81732177734375,1411.0,0.0,1367.0,0.0011520104017108,100.0,57.4825325012207,222.0,0.0
3323,0.0,1892.0,10.562236785888672,36.99,65.81732177734375,1411.0,0.0,1367.0,0.0011520104017108,100.0,57.4825325012207,222.0,0.0
3324,0.0,1892.0,10.562236785888672,36.99,65.81732177734375,1411.0,0.0,1367.0,0.0011520104017108,100.0,57.4825325012207,222.0,0.0
3325,0.0,1892.0,10.562236785888672,36.99,65.81732177734375,1411.0,0.0,1367.0,0.0011520104017108,100.0,57.4825325012207,222.0,0.0
3326,0.0,1892.0,10.208513259887695,36.99,66.62733459472656,1423.0,0.0,1367.0,0.0004868444229941,100.0,57.52888870239258,111.0,0.0
3327,0.0,1892.0,10.208513259887695,36.99,66.62733459472656,1423.0,0.0,1367.0,0.0004868444229941,100.0,57.52888870239258,111.0,0.0
3328,0.0,1892.0,10.208513259887695,36.99,66.62733459472656,1423.0,0.0,1367.0,0.0004868444229941,100.0,57.52888870239258,111.0,0.0
3329,0.0,1892.0,10.208513259887695,36.99,66.62733459472656,1423.0,0.0,1367.0,0.0004868444229941,100.0,57.52888870239258,111.0,0.0
3330,0.0,1892.0,10.208513259887695,36.99,66.62733459472656,1423.0,0.0,1367.0,0.0004868444229941,100.0,57.52888870239258,111.0,0.0
3331,0.0,1892.0,10.255525588989258,36.99,64.93629455566406,1304.0,0.0,1367.0,0.0024837874807417,100.0,57.586181640625,333.0,0.0
3332,0.0,1892.0,10.255525588989258,36.99,64.93629455566406,1304.0,0.0,1367.0,0.0024837874807417,100.0,57.586181640625,333.0,0.0
3333,0.0,1892.0,10.255525588989258,36.99,64.93629455566406,1304.0,0.0,1367.0,0.0024837874807417,100.0,57.586181640625,333.0,0.0
3334,0.0,1892.0,10.255525588989258,36.99,64.93629455566406,1304.0,0.0,1367.0,0.0024837874807417,100.0,57.586181640625,333.0,0.0
3335,0.0,1892.0,10.255525588989258,36.99,64.93629455566406,1304.0,0.0,1367.0,0.0024837874807417,100.0,57.586181640625,333.0,0.0
3336,0.0,1892.0,10.077715873718262,36.99,64.60768127441406,1208.0,0.0,1367.0,0.0016614469932392,100.0,57.55336380004883,222.0,0.0
3337,0.0,1892.0,10.077715873718262,36.99,64.60768127441406,1208.0,0.0,1367.0,0.0016614469932392,100.0,57.55336380004883,222.0,0.0
3338,0.0,1892.0,10.077715873718262,36.99,64.60768127441406,1208.0,0.0,1367.0,0.0016614469932392,100.0,57.55336380004883,222.0,0.0
3339,0.0,1892.0,10.077715873718262,36.99,64.60768127441406,1208.0,0.0,1367.0,0.0016614469932392,100.0,57.55336380004883,222.0,0.0
3340,0.0,1892.0,10.077715873718262,36.99,64.60768127441406,1208.0,0.0,1367.0,0.0016614469932392,100.0,57.55336380004883,222.0,0.0
3341,0.0,1892.0,10.11459255218506,36.99,64.4629135131836,1102.0,0.0,1367.0,0.0028410437516868,100.0,57.57940673828125,111.0,0.0
3342,0.0,1892.0,10.11459255218506,36.99,64.4629135131836,1102.0,0.0,1367.0,0.0028410437516868,100.0,57.57940673828125,111.0,0.0
3343,0.0,1892.0,10.11459255218506,36.99,64.4629135131836,1102.0,0.0,1367.0,0.0028410437516868,100.0,57.57940673828125,111.0,0.0
3344,0.0,1892.0,10.11459255218506,36.99,64.4629135131836,1102.0,0.0,1367.0,0.0028410437516868,100.0,57.57940673828125,111.0,0.0
3345,0.0,1892.0,10.11459255218506,36.99,64.4629135131836,1102.0,0.0,1367.0,0.0028410437516868,100.0,57.57940673828125,111.0,0.0
3346,0.0,1892.0,10.209096908569336,36.99,64.81641387939453,1119.0,0.0,1367.0,0.0013421430485323,100.0,57.584747314453125,111.0,0.0
3347,0.0,1892.0,10.209096908569336,36.99,64.81641387939453,1119.0,0.0,1367.0,0.0013421430485323,100.0,57.584747314453125,111.0,0.0
3348,0.0,1892.0,10.209096908569336,36.99,64.81641387939453,1119.0,0.0,1367.0,0.0013421430485323,100.0,57.584747314453125,111.0,0.0
3349,0.0,1892.0,10.209096908569336,36.99,64.81641387939453,1119.0,0.0,1367.0,0.0013421430485323,100.0,57.584747314453125,111.0,0.0
3350,0.0,1892.0,10.209096908569336,36.99,64.81641387939453,1119.0,0.0,1367.0,0.0013421430485323,100.0,57.584747314453125,111.0,0.0
3351,0.0,1892.0,10.316251754760742,36.99,66.18453979492188,1138.0,0.0,1367.0,0.0009447811171412,100.0,57.514198303222656,111.0,0.0
3352,0.0,1892.0,10.316251754760742,36.99,66.18453979492188,1138.0,0.0,1367.0,0.0009447811171412,100.0,57.514198303222656,111.0,0.0
3353,0.0,1892.0,10.316251754760742,36.99,66.18453979492188,1138.0,0.0,1367.0,0.0009447811171412,100.0,57.514198303222656,111.0,0.0
3354,0.0,1892.0,10.316251754760742,36.99,66.18453979492188,1138.0,0.0,1367.0,0.0009447811171412,100.0,57.514198303222656,111.0,0.0
3355,0.0,1892.0,10.316251754760742,36.99,66.18453979492188,1138.0,0.0,1367.0,0.0009447811171412,100.0,57.514198303222656,111.0,0.0
3356,0.0,1892.0,10.390460968017578,36.99,65.32811737060547,1052.0,0.0,1367.0,0.0022370612714439,100.0,57.50321578979492,222.0,0.0
3357,0.0,1892.0,10.390460968017578,36.99,65.32811737060547,1052.0,0.0,1367.0,0.0022370612714439,100.0,57.50321578979492,222.0,0.0
3358,0.0,1892.0,10.390460968017578,36.99,65.32811737060547,1052.0,0.0,1367.0,0.0022370612714439,100.0,57.50321578979492,222.0,0.0
3359,0.0,1892.0,10.390460968017578,36.99,65.32811737060547,1052.0,0.0,1367.0,0.0022370612714439,100.0,57.50321578979492,222.0,0.0
3360,0.0,1892.0,10.390460968017578,36.99,65.32811737060547,1052.0,0.0,1367.0,0.0022370612714439,100.0,57.50321578979492,222.0,0.0
3361,0.0,1892.0,10.348820686340332,36.99,64.95182800292969,1193.0,0.0,1367.0,0.0009419592097401,100.0,57.48566436767578,222.0,0.0
3362,0.0,1892.0,10.348820686340332,36.99,64.95182800292969,1193.0,0.0,1367.0,0.0009419592097401,100.0,57.48566436767578,222.0,0.0
3363,0.0,1892.0,10.348820686340332,36.99,64.95182800292969,1193.0,0.0,1367.0,0.0009419592097401,100.0,57.48566436767578,222.0,0.0
3364,0.0,1892.0,10.348820686340332,36.99,64.95182800292969,1193.0,0.0,1367.0,0.0009419592097401,100.0,57.48566436767578,222.0,0.0
3365,0.0,1892.0,10.348820686340332,36.99,64.95182800292969,1193.0,0.0,1367.0,0.0009419592097401,100.0,57.48566436767578,222.0,0.0
3366,0.0,1892.0,10.365228652954102,36.99,64.77649688720703,1190.0,0.0,1367.0,0.0009374999790452,100.0,57.41690826416016,222.0,0.0
3367,0.0,1892.0,10.365228652954102,36.99,64.77649688720703,1190.0,0.0,1367.0,0.0009374999790452,100.0,57.41690826416016,222.0,0.0
3368,0.0,1892.0,10.365228652954102,36.99,64.77649688720703,1190.0,0.0,1367.0,0.0009374999790452,100.0,57.41690826416016,222.0,0.0
3369,0.0,1892.0,10.365228652954102,36.99,64.77649688720703,1190.0,0.0,1367.0,0.0009374999790452,100.0,57.41690826416016,222.0,0.0
3370,0.0,1892.0,10.365228652954102,36.99,64.77649688720703,1190.0,0.0,1367.0,0.0009374999790452,100.0,57.41690826416016,222.0,0.0
3371,0.0,1892.0,10.305564880371094,36.99,66.7024154663086,1582.0,0.0,1367.0,0.0010259241098538,100.0,57.415870666503906,137.0,0.0
3372,0.0,1892.0,10.305564880371094,36.99,66.7024154663086,1582.0,0.0,1367.0,0.0010259241098538,100.0,57.415870666503906,137.0,0.0
3373,0.0,1892.0,10.305564880371094,36.99,66.7024154663086,1582.0,0.0,1367.0,0.0010259241098538,100.0,57.415870666503906,137.0,0.0
3374,0.0,1892.0,10.305564880371094,36.99,66.7024154663086,1582.0,0.0,1367.0,0.0010259241098538,100.0,57.415870666503906,137.0,0.0
3375,0.0,1892.0,10.305564880371094,36.99,66.7024154663086,1582.0,0.0,1367.0,0.0010259241098538,100.0,57.415870666503906,137.0,0.0
3376,0.0,1892.0,10.305564880371094,36.99,66.7024154663086,1582.0,0.0,1367.0,0.0010259241098538,100.0,57.415870666503906,137.0,0.0
3377,0.0,1892.0,10.421581268310549,36.99,66.35195922851562,1438.0,0.0,1367.0,0.0014230962842702,100.0,57.51951217651367,111.0,0.0
3378,0.0,1892.0,10.421581268310549,36.99,66.35195922851562,1438.0,0.0,1367.0,0.0014230962842702,100.0,57.51951217651367,111.0,0.0
3379,0.0,1892.0,10.421581268310549,36.99,66.35195922851562,1438.0,0.0,1367.0,0.0014230962842702,100.0,57.51951217651367,111.0,0.0
3380,0.0,1892.0,10.421581268310549,36.99,66.35195922851562,1438.0,0.0,1367.0,0.0014230962842702,100.0,57.51951217651367,111.0,0.0
3381,0.0,1892.0,10.421581268310549,36.99,66.35195922851562,1438.0,0.0,1367.0,0.0014230962842702,100.0,57.51951217651367,111.0,0.0
3382,0.0,1892.0,10.258718490600586,36.99,65.87890625,1374.0,0.0,1367.0,0.0018517349380999,100.0,57.578880310058594,222.0,0.0
3383,0.0,1892.0,10.258718490600586,36.99,65.87890625,1374.0,0.0,1367.0,0.0018517349380999,100.0,57.578880310058594,222.0,0.0
3384,0.0,1892.0,10.258718490600586,36.99,65.87890625,1374.0,0.0,1367.0,0.0018517349380999,100.0,57.578880310058594,222.0,0.0
3385,0.0,1892.0,10.258718490600586,36.99,65.87890625,1374.0,0.0,1367.0,0.0018517349380999,100.0,57.578880310058594,222.0,0.0
3386,0.0,1892.0,10.258718490600586,36.99,65.87890625,1374.0,0.0,1367.0,0.0018517349380999,100.0,57.578880310058594,222.0,0.0
3387,0.0,1892.0,10.149544715881348,36.99,65.02628326416016,1316.0,0.0,1367.0,0.0009795710211619,100.0,57.538787841796875,111.0,0.0
3388,0.0,1892.0,10.149544715881348,36.99,65.02628326416016,1316.0,0.0,1367.0,0.0009795710211619,100.0,57.538787841796875,111.0,0.0
3389,0.0,1892.0,10.149544715881348,36.99,65.02628326416016,1316.0,0.0,1367.0,0.0009795710211619,100.0,57.538787841796875,111.0,0.0
3390,0.0,1892.0,10.149544715881348,36.99,65.02628326416016,1316.0,0.0,1367.0,0.0009795710211619,100.0,57.538787841796875,111.0,0.0
3391,0.0,1892.0,10.149544715881348,36.99,65.02628326416016,1316.0,0.0,1367.0,0.0009795710211619,100.0,57.538787841796875,111.0,0.0
3392,0.0,1892.0,10.394269943237305,36.99,64.66846466064453,1459.0,0.0,1367.0,0.0013248431496322,100.0,57.51065826416016,333.0,0.0
3393,0.0,1892.0,10.394269943237305,36.99,64.66846466064453,1459.0,0.0,1367.0,0.0013248431496322,100.0,57.51065826416016,333.0,0.0
3394,0.0,1892.0,10.394269943237305,36.99,64.66846466064453,1459.0,0.0,1367.0,0.0013248431496322,100.0,57.51065826416016,333.0,0.0
3395,0.0,1892.0,10.394269943237305,36.99,64.66846466064453,1459.0,0.0,1367.0,0.0013248431496322,100.0,57.51065826416016,333.0,0.0
3396,0.0,1892.0,10.394269943237305,36.99,64.66846466064453,1459.0,0.0,1367.0,0.0013248431496322,100.0,57.51065826416016,333.0,0.0
3397,0.0,1892.0,10.351171493530272,36.99,67.14928436279297,1175.0,0.0,1367.0,0.0013099436182528,100.0,57.61378860473633,111.0,0.0
3398,0.0,1892.0,10.351171493530272,36.99,67.14928436279297,1175.0,0.0,1367.0,0.0013099436182528,100.0,57.61378860473633,111.0,0.0
3399,0.0,1892.0,10.351171493530272,36.99,67.14928436279297,1175.0,0.0,1367.0,0.0013099436182528,100.0,57.61378860473633,111.0,0.0
3400,0.0,1892.0,10.351171493530272,36.99,67.14928436279297,1175.0,0.0,1367.0,0.0013099436182528,100.0,57.61378860473633,111.0,0.0
3401,0.0,1892.0,10.351171493530272,36.99,67.14928436279297,1175.0,0.0,1367.0,0.0013099436182528,100.0,57.61378860473633,111.0,0.0
3402,0.0,1892.0,10.37545394897461,36.99,64.80802917480469,1140.0,0.0,1367.0,0.0009870709618553,100.0,57.429405212402344,222.0,0.0
3403,0.0,1892.0,10.37545394897461,36.99,64.80802917480469,1140.0,0.0,1367.0,0.0009870709618553,100.0,57.429405212402344,222.0,0.0
3404,0.0,1892.0,10.37545394897461,36.99,64.80802917480469,1140.0,0.0,1367.0,0.0009870709618553,100.0,57.429405212402344,222.0,0.0
3405,0.0,1892.0,10.37545394897461,36.99,64.80802917480469,1140.0,0.0,1367.0,0.0009870709618553,100.0,57.429405212402344,222.0,0.0
3406,0.0,1892.0,10.37545394897461,36.99,64.80802917480469,1140.0,0.0,1367.0,0.0009870709618553,100.0,57.429405212402344,222.0,0.0
3407,0.0,1892.0,10.336298942565918,36.99,65.07646179199219,1012.0,0.0,1367.0,0.0017753730062395,100.0,57.45076370239258,222.0,0.0
3408,0.0,1892.0,10.336298942565918,36.99,65.07646179199219,1012.0,0.0,1367.0,0.0017753730062395,100.0,57.45076370239258,222.0,0.0
3409,0.0,1892.0,10.336298942565918,36.99,65.07646179199219,1012.0,0.0,1367.0,0.0017753730062395,100.0,57.45076370239258,222.0,0.0
3410,0.0,1892.0,10.336298942565918,36.99,65.07646179199219,1012.0,0.0,1367.0,0.0017753730062395,100.0,57.45076370239258,222.0,0.0
3411,0.0,1892.0,10.336298942565918,36.99,65.07646179199219,1012.0,0.0,1367.0,0.0017753730062395,100.0,57.45076370239258,222.0,0.0
3412,0.0,1892.0,10.27888298034668,36.99,66.00992584228516,979.0,0.0,1367.0,0.0018652539001777,100.0,57.4023323059082,111.0,0.0
3413,0.0,1892.0,10.27888298034668,36.99,66.00992584228516,979.0,0.0,1367.0,0.0018652539001777,100.0,57.4023323059082,111.0,0.0
3414,0.0,1892.0,10.27888298034668,36.99,66.00992584228516,979.0,0.0,1367.0,0.0018652539001777,100.0,57.4023323059082,111.0,0.0
3415,0.0,1892.0,10.27888298034668,36.99,66.00992584228516,979.0,0.0,1367.0,0.0018652539001777,100.0,57.4023323059082,111.0,0.0
3416,0.0,1892.0,10.27888298034668,36.99,66.00992584228516,979.0,0.0,1367.0,0.0018652539001777,100.0,57.4023323059082,111.0,0.0
3417,0.0,1892.0,10.099599838256836,36.99,64.7300033569336,1247.0,0.0,1367.0,0.0013589222216978,100.0,57.429931640625,222.0,0.0
3418,0.0,1892.0,10.099599838256836,36.99,64.7300033569336,1247.0,0.0,1367.0,0.0013589222216978,100.0,57.429931640625,222.0,0.0
3419,0.0,1892.0,10.099599838256836,36.99,64.7300033569336,1247.0,0.0,1367.0,0.0013589222216978,100.0,57.429931640625,222.0,0.0
3420,0.0,1892.0,10.099599838256836,36.99,64.7300033569336,1247.0,0.0,1367.0,0.0013589222216978,100.0,57.429931640625,222.0,0.0
3421,0.0,1892.0,10.099599838256836,36.99,64.7300033569336,1247.0,0.0,1367.0,0.0013589222216978,100.0,57.429931640625,222.0,0.0
3422,0.0,1892.0,10.36783218383789,36.99,65.83988189697266,1412.0,0.0,1367.0,0.0014265235513448,100.0,57.55233001708984,222.0,0.0
3423,0.0,1892.0,10.36783218383789,36.99,65.83988189697266,1412.0,0.0,1367.0,0.0014265235513448,100.0,57.55233001708984,222.0,0.0
3424,0.0,1892.0,10.36783218383789,36.99,65.83988189697266,1412.0,0.0,1367.0,0.0014265235513448,100.0,57.55233001708984,222.0,0.0
3425,0.0,1892.0,10.36783218383789,36.99,65.83988189697266,1412.0,0.0,1367.0,0.0014265235513448,100.0,57.55233001708984,222.0,0.0
3426,0.0,1892.0,10.36783218383789,36.99,65.83988189697266,1412.0,0.0,1367.0,0.0014265235513448,100.0,57.55233001708984,222.0,0.0
3427,0.0,1892.0,10.327125549316406,36.99,66.21046447753906,1244.0,0.0,1367.0,0.0015865266323089,100.0,57.72607421875,222.0,0.0
3428,0.0,1892.0,10.327125549316406,36.99,66.21046447753906,1244.0,0.0,1367.0,0.0015865266323089,100.0,57.72607421875,222.0,0.0
3429,0.0,1892.0,10.327125549316406,36.99,66.21046447753906,1244.0,0.0,1367.0,0.0015865266323089,100.0,57.72607421875,222.0,0.0
3430,0.0,1892.0,10.327125549316406,36.99,66.21046447753906,1244.0,0.0,1367.0,0.0015865266323089,100.0,57.72607421875,222.0,0.0
3431,0.0,1892.0,10.327125549316406,36.99,66.21046447753906,1244.0,0.0,1367.0,0.0015865266323089,100.0,57.72607421875,222.0,0.0
3432,0.0,1892.0,10.197500228881836,36.99,64.72582244873047,1175.0,0.0,1367.0,0.0011219916632398,100.0,57.538780212402344,111.0,0.0
3433,0.0,1892.0,10.197500228881836,36.99,64.72582244873047,1175.0,0.0,1367.0,0.0011219916632398,100.0,57.538780212402344,111.0,0.0
3434,0.0,1892.0,10.197500228881836,36.99,64.72582244873047,1175.0,0.0,1367.0,0.0011219916632398,100.0,57.538780212402344,111.0,0.0
3435,0.0,1892.0,10.197500228881836,36.99,64.72582244873047,1175.0,0.0,1367.0,0.0011219916632398,100.0,57.538780212402344,111.0,0.0
3436,0.0,1892.0,10.197500228881836,36.99,64.72582244873047,1175.0,0.0,1367.0,0.0011219916632398,100.0,57.538780212402344,111.0,0.0
3437,0.0,1892.0,10.262378692626951,36.99,66.68525695800781,1220.0,0.0,1367.0,0.0009307648870162,100.0,57.49711990356445,111.0,0.0
3438,0.0,1892.0,10.262378692626951,36.99,66.68525695800781,1220.0,0.0,1367.0,0.0009307648870162,100.0,57.49711990356445,111.0,0.0
3439,0.0,1892.0,10.262378692626951,36.99,66.68525695800781,1220.0,0.0,1367.0,0.0009307648870162,100.0,57.49711990356445,111.0,0.0
3440,0.0,1892.0,10.262378692626951,36.99,66.68525695800781,1220.0,0.0,1367.0,0.0009307648870162,100.0,57.49711990356445,111.0,0.0
3441,0.0,1892.0,10.262378692626951,36.99,66.68525695800781,1220.0,0.0,1367.0,0.0009307648870162,100.0,57.49711990356445,111.0,0.0
3442,0.0,1892.0,10.490757942199709,36.99,64.49940490722656,1350.0,0.0,1367.0,0.0011456827633082,100.0,57.47107696533203,222.0,0.0
3443,0.0,1892.0,10.490757942199709,36.99,64.49940490722656,1350.0,0.0,1367.0,0.0011456827633082,100.0,57.47107696533203,222.0,0.0
3444,0.0,1892.0,10.490757942199709,36.99,64.49940490722656,1350.0,0.0,1367.0,0.0011456827633082,100.0,57.47107696533203,222.0,0.0
3445,0.0,1892.0,10.490757942199709,36.99,64.49940490722656,1350.0,0.0,1367.0,0.0011456827633082,100.0,57.47107696533203,222.0,0.0
3446,0.0,1892.0,10.490757942199709,36.99,64.49940490722656,1350.0,0.0,1367.0,0.0011456827633082,100.0,57.47107696533203,222.0,0.0
3447,0.0,1892.0,10.58612823486328,36.99,66.5760726928711,1659.0,0.0,1367.0,0.0014016537461429,100.0,57.58045196533203,222.0,0.0
3448,0.0,1892.0,10.58612823486328,36.99,66.5760726928711,1659.0,0.0,1367.0,0.0014016537461429,100.0,57.58045196533203,222.0,0.0
3449,0.0,1892.0,10.58612823486328,36.99,66.5760726928711,1659.0,0.0,1367.0,0.0014016537461429,100.0,57.58045196533203,222.0,0.0
3450,0.0,1892.0,10.58612823486328,36.99,66.5760726928711,1659.0,0.0,1367.0,0.0014016537461429,100.0,57.58045196533203,222.0,0.0
3451,0.0,1892.0,10.58612823486328,36.99,66.5760726928711,1659.0,0.0,1367.0,0.0014016537461429,100.0,57.58045196533203,222.0,0.0
3452,0.0,1892.0,10.496382713317873,36.99,66.10063934326172,1543.0,0.0,1367.0,0.0025445218198001,100.0,57.50321578979492,444.0,0.0
3453,0.0,1892.0,10.496382713317873,36.99,66.10063934326172,1543.0,0.0,1367.0,0.0025445218198001,100.0,57.50321578979492,444.0,0.0
3454,0.0,1892.0,10.496382713317873,36.99,66.10063934326172,1543.0,0.0,1367.0,0.0025445218198001,100.0,57.50321578979492,444.0,0.0
3455,0.0,1892.0,10.496382713317873,36.99,66.10063934326172,1543.0,0.0,1367.0,0.0025445218198001,100.0,57.50321578979492,444.0,0.0
3456,0.0,1892.0,10.496382713317873,36.99,66.10063934326172,1543.0,0.0,1367.0,0.0025445218198001,100.0,57.50321578979492,444.0,0.0
3457,0.0,1892.0,10.55413055419922,36.99,65.79647827148438,1844.0,0.0,1367.0,0.0009419805719517,100.0,57.41690826416016,111.0,0.0
3458,0.0,1892.0,10.55413055419922,36.99,65.79647827148438,1844.0,0.0,1367.0,0.0009419805719517,100.0,57.41690826416016,111.0,0.0
3459,0.0,1892.0,10.55413055419922,36.99,65.79647827148438,1844.0,0.0,1367.0,0.0009419805719517,100.0,57.41690826416016,111.0,0.0
3460,0.0,1892.0,10.55413055419922,36.99,65.79647827148438,1844.0,0.0,1367.0,0.0009419805719517,100.0,57.41690826416016,111.0,0.0
3461,0.0,1892.0,10.55413055419922,36.99,65.79647827148438,1844.0,0.0,1367.0,0.0009419805719517,100.0,57.41690826416016,111.0,0.0
3462,0.0,1892.0,10.424936294555664,36.99,66.31210327148438,1288.0,0.0,1367.0,0.0009829105110839,100.0,57.578369140625,111.0,0.0
3463,0.0,1892.0,10.424936294555664,36.99,66.31210327148438,1288.0,0.0,1367.0,0.0009829105110839,100.0,57.578369140625,111.0,0.0
3464,0.0,1892.0,10.424936294555664,36.99,66.31210327148438,1288.0,0.0,1367.0,0.0009829105110839,100.0,57.578369140625,111.0,0.0
3465,0.0,1892.0,10.424936294555664,36.99,66.31210327148438,1288.0,0.0,1367.0,0.0009829105110839,100.0,57.578369140625,111.0,0.0
3466,0.0,1892.0,10.424936294555664,36.99,66.31210327148438,1288.0,0.0,1367.0,0.0009829105110839,100.0,57.578369140625,111.0,0.0
3467,0.0,1892.0,10.1693115234375,36.99,65.92796325683594,1042.0,0.0,1367.0,0.0010691049974411,100.0,57.554405212402344,265.0,0.0
3468,0.0,1892.0,10.1693115234375,36.99,65.92796325683594,1042.0,0.0,1367.0,0.0010691049974411,100.0,57.554405212402344,265.0,0.0
3469,0.0,1892.0,10.1693115234375,36.99,65.92796325683594,1042.0,0.0,1367.0,0.0010691049974411,100.0,57.554405212402344,265.0,0.0
3470,0.0,1892.0,10.1693115234375,36.99,65.92796325683594,1042.0,0.0,1367.0,0.0010691049974411,100.0,57.554405212402344,265.0,0.0
3471,0.0,1892.0,10.1693115234375,36.99,65.92796325683594,1042.0,0.0,1367.0,0.0010691049974411,100.0,57.554405212402344,265.0,0.0
3472,0.0,1892.0,10.16094207763672,36.99,64.8332748413086,1413.0,0.0,1367.0,0.0014473695773631,100.0,57.50482940673828,111.0,0.0
3473,0.0,1892.0,10.16094207763672,36.99,64.8332748413086,1413.0,0.0,1367.0,0.0014473695773631,100.0,57.50482940673828,111.0,0.0
3474,0.0,1892.0,10.16094207763672,36.99,64.8332748413086,1413.0,0.0,1367.0,0.0014473695773631,100.0,57.50482940673828,111.0,0.0
3475,0.0,1892.0,10.16094207763672,36.99,64.8332748413086,1413.0,0.0,1367.0,0.0014473695773631,100.0,57.50482940673828,111.0,0.0
3476,0.0,1892.0,10.16094207763672,36.99,64.8332748413086,1413.0,0.0,1367.0,0.0014473695773631,100.0,57.50482940673828,111.0,0.0
3477,0.0,1892.0,10.168399810791016,36.99,64.51687622070312,1111.0,0.0,1367.0,0.0024235155433416,100.0,57.60649490356445,333.0,0.0
3478,0.0,1892.0,10.168399810791016,36.99,64.51687622070312,1111.0,0.0,1367.0,0.0024235155433416,100.0,57.60649490356445,333.0,0.0
3479,0.0,1892.0,10.168399810791016,36.99,64.51687622070312,1111.0,0.0,1367.0,0.0024235155433416,100.0,57.60649490356445,333.0,0.0
3480,0.0,1892.0,10.168399810791016,36.99,64.51687622070312,1111.0,0.0,1367.0,0.0024235155433416,100.0,57.60649490356445,333.0,0.0
3481,0.0,1892.0,10.168399810791016,36.99,64.51687622070312,1111.0,0.0,1367.0,0.0024235155433416,100.0,57.60649490356445,333.0,0.0
3482,0.0,1892.0,10.432276725769045,36.99,66.43338012695312,1406.0,0.0,1367.0,0.000959406606853,100.0,57.56287384033203,111.0,0.0
3483,0.0,1892.0,10.432276725769045,36.99,66.43338012695312,1406.0,0.0,1367.0,0.000959406606853,100.0,57.56287384033203,111.0,0.0
3484,0.0,1892.0,10.432276725769045,36.99,66.43338012695312,1406.0,0.0,1367.0,0.000959406606853,100.0,57.56287384033203,111.0,0.0
3485,0.0,1892.0,10.432276725769045,36.99,66.43338012695312,1406.0,0.0,1367.0,0.000959406606853,100.0,57.56287384033203,111.0,0.0
3486,0.0,1892.0,10.432276725769045,36.99,66.43338012695312,1406.0,0.0,1367.0,0.000959406606853,100.0,57.56287384033203,111.0,0.0
3487,0.0,1892.0,10.495304107666016,36.99,66.39844512939453,1634.0,0.0,1367.0,0.0010463366052135,100.0,57.38773727416992,111.0,0.0
3488,0.0,1892.0,10.495304107666016,36.99,66.39844512939453,1634.0,0.0,1367.0,0.0010463366052135,100.0,57.38773727416992,111.0,0.0
3489,0.0,1892.0,10.495304107666016,36.99,66.39844512939453,1634.0,0.0,1367.0,0.0010463366052135,100.0,57.38773727416992,111.0,0.0
3490,0.0,1892.0,10.495304107666016,36.99,66.39844512939453,1634.0,0.0,1367.0,0.0010463366052135,100.0,57.38773727416992,111.0,0.0
3491,0.0,1892.0,10.495304107666016,36.99,66.39844512939453,1634.0,0.0,1367.0,0.0010463366052135,100.0,57.38773727416992,111.0,0.0
3492,0.0,1892.0,10.306479454040527,36.99,64.95301055908203,1156.0,0.0,1367.0,0.0015762452967464,100.0,57.414825439453125,133.0,0.0
3493,0.0,1892.0,10.306479454040527,36.99,64.95301055908203,1156.0,0.0,1367.0,0.0015762452967464,100.0,57.414825439453125,133.0,0.0
3494,0.0,1892.0,10.306479454040527,36.99,64.95301055908203,1156.0,0.0,1367.0,0.0015762452967464,100.0,57.414825439453125,133.0,0.0
3495,0.0,1892.0,10.306479454040527,36.99,64.95301055908203,1156.0,0.0,1367.0,0.0015762452967464,100.0,57.414825439453125,133.0,0.0
3496,0.0,1892.0,10.306479454040527,36.99,64.95301055908203,1156.0,0.0,1367.0,0.0015762452967464,100.0,57.414825439453125,133.0,0.0
3497,0.0,1892.0,10.375198364257812,36.99,64.90752410888672,1068.0,0.0,1367.0,0.000952202361077,100.0,57.33357620239258,111.0,0.0
3498,0.0,1892.0,10.375198364257812,36.99,64.90752410888672,1068.0,0.0,1367.0,0.000952202361077,100.0,57.33357620239258,111.0,0.0
3499,0.0,1892.0,10.375198364257812,36.99,64.90752410888672,1068.0,0.0,1367.0,0.000952202361077,100.0,57.33357620239258,111.0,0.0
3500,0.0,1892.0,10.375198364257812,36.99,64.90752410888672,1068.0,0.0,1367.0,0.000952202361077,100.0,57.33357620239258,111.0,0.0
3501,0.0,1892.0,10.375198364257812,36.99,64.90752410888672,1068.0,0.0,1367.0,0.000952202361077,100.0,57.33357620239258,111.0,0.0
3502,0.0,1892.0,10.248983383178713,36.99,65.44306945800781,1044.0,0.0,1367.0,0.002226760610938,100.0,57.415863037109375,222.0,0.0
3503,0.0,1892.0,10.248983383178713,36.99,65.44306945800781,1044.0,0.0,1367.0,0.002226760610938,100.0,57.415863037109375,222.0,0.0
3504,0.0,1892.0,10.248983383178713,36.99,65.44306945800781,1044.0,0.0,1367.0,0.002226760610938,100.0,57.415863037109375,222.0,0.0
3505,0.0,1892.0,10.248983383178713,36.99,65.44306945800781,1044.0,0.0,1367.0,0.002226760610938,100.0,57.415863037109375,222.0,0.0
3506,0.0,1892.0,10.248983383178713,36.99,65.44306945800781,1044.0,0.0,1367.0,0.002226760610938,100.0,57.415863037109375,222.0,0.0
3507,0.0,1892.0,10.530807495117188,36.99,67.01171875,1349.0,0.0,1367.0,0.0008759989868849,100.0,57.422637939453125,222.0,0.0
3508,0.0,1892.0,10.530807495117188,36.99,67.01171875,1349.0,0.0,1367.0,0.0008759989868849,100.0,57.422637939453125,222.0,0.0
3509,0.0,1892.0,10.530807495117188,36.99,67.01171875,1349.0,0.0,1367.0,0.0008759989868849,100.0,57.422637939453125,222.0,0.0
3510,0.0,1892.0,10.530807495117188,36.99,67.01171875,1349.0,0.0,1367.0,0.0008759989868849,100.0,57.422637939453125,222.0,0.0
3511,0.0,1892.0,10.530807495117188,36.99,67.01171875,1349.0,0.0,1367.0,0.0008759989868849,100.0,57.422637939453125,222.0,0.0
3512,0.0,1892.0,10.224324226379396,36.99,64.74359893798828,1361.0,0.0,1367.0,0.0031571150757372,100.0,57.52628326416016,476.0,0.0
3513,0.0,1892.0,10.224324226379396,36.99,64.74359893798828,1361.0,0.0,1367.0,0.0031571150757372,100.0,57.52628326416016,476.0,0.0
3514,0.0,1892.0,10.224324226379396,36.99,64.74359893798828,1361.0,0.0,1367.0,0.0031571150757372,100.0,57.52628326416016,476.0,0.0
3515,0.0,1892.0,10.224324226379396,36.99,64.74359893798828,1361.0,0.0,1367.0,0.0031571150757372,100.0,57.52628326416016,476.0,0.0
3516,0.0,1892.0,10.224324226379396,36.99,64.74359893798828,1361.0,0.0,1367.0,0.0031571150757372,100.0,57.52628326416016,476.0,0.0
3517,0.0,1892.0,11.24381160736084,36.99,66.5997314453125,1483.0,0.0,1367.0,0.0002889999886974,100.0,57.51936721801758,111.0,0.0
3518,0.0,1892.0,11.24381160736084,36.99,66.5997314453125,1483.0,0.0,1367.0,0.0002889999886974,100.0,57.51936721801758,111.0,0.0
3519,0.0,1892.0,11.24381160736084,36.99,66.5997314453125,1483.0,0.0,1367.0,0.0002889999886974,100.0,57.51936721801758,111.0,0.0
3520,0.0,1892.0,11.24381160736084,36.99,66.5997314453125,1483.0,0.0,1367.0,0.0002889999886974,100.0,57.51936721801758,111.0,0.0
3521,0.0,1892.0,11.24381160736084,36.99,66.5997314453125,1483.0,0.0,1367.0,0.0002889999886974,100.0,57.51936721801758,111.0,0.0
3522,0.0,1892.0,10.480512619018556,36.99,67.4779052734375,1588.0,0.0,1367.0,0.0014096226077526,100.0,57.62107467651367,111.0,0.0
3523,0.0,1892.0,10.480512619018556,36.99,67.4779052734375,1588.0,0.0,1367.0,0.0014096226077526,100.0,57.62107467651367,111.0,0.0
3524,0.0,1892.0,10.480512619018556,36.99,67.4779052734375,1588.0,0.0,1367.0,0.0014096226077526,100.0,57.62107467651367,111.0,0.0
3525,0.0,1892.0,10.480512619018556,36.99,67.4779052734375,1588.0,0.0,1367.0,0.0014096226077526,100.0,57.62107467651367,111.0,0.0
3526,0.0,1892.0,10.480512619018556,36.99,67.4779052734375,1588.0,0.0,1367.0,0.0014096226077526,100.0,57.62107467651367,111.0,0.0
3527,0.0,1892.0,10.453243255615234,36.99,66.01390075683594,1135.0,0.0,1367.0,0.0019157864153385,100.0,57.47679901123047,222.0,0.0
3528,0.0,1892.0,10.453243255615234,36.99,66.01390075683594,1135.0,0.0,1367.0,0.0019157864153385,100.0,57.47679901123047,222.0,0.0
3529,0.0,1892.0,10.453243255615234,36.99,66.01390075683594,1135.0,0.0,1367.0,0.0019157864153385,100.0,57.47679901123047,222.0,0.0
3530,0.0,1892.0,10.453243255615234,36.99,66.01390075683594,1135.0,0.0,1367.0,0.0019157864153385,100.0,57.47679901123047,222.0,0.0
3531,0.0,1892.0,10.453243255615234,36.99,66.01390075683594,1135.0,0.0,1367.0,0.0019157864153385,100.0,57.47679901123047,222.0,0.0
3532,0.0,1892.0,10.42960262298584,36.99,65.83528900146484,1231.0,0.0,1367.0,0.0009434756939299,100.0,57.59398651123047,111.0,0.0
3533,0.0,1892.0,10.42960262298584,36.99,65.83528900146484,1231.0,0.0,1367.0,0.0009434756939299,100.0,57.59398651123047,111.0,0.0
3534,0.0,1892.0,10.42960262298584,36.99,65.83528900146484,1231.0,0.0,1367.0,0.0009434756939299,100.0,57.59398651123047,111.0,0.0
3535,0.0,1892.0,10.42960262298584,36.99,65.83528900146484,1231.0,0.0,1367.0,0.0009434756939299,100.0,57.59398651123047,111.0,0.0
3536,0.0,1892.0,10.42960262298584,36.99,65.83528900146484,1231.0,0.0,1367.0,0.0009434756939299,100.0,57.59398651123047,111.0,0.0
3537,0.0,1892.0,10.36425495147705,36.99,64.84115600585938,1125.0,0.0,1367.0,0.0013935583410784,100.0,57.436180114746094,378.0,0.0
3538,0.0,1892.0,10.36425495147705,36.99,64.84115600585938,1125.0,0.0,1367.0,0.0013935583410784,100.0,57.436180114746094,378.0,0.0
3539,0.0,1892.0,10.36425495147705,36.99,64.84115600585938,1125.0,0.0,1367.0,0.0013935583410784,100.0,57.436180114746094,378.0,0.0
3540,0.0,1892.0,10.36425495147705,36.99,64.84115600585938,1125.0,0.0,1367.0,0.0013935583410784,100.0,57.436180114746094,378.0,0.0
3541,0.0,1892.0,10.36425495147705,36.99,64.84115600585938,1125.0,0.0,1367.0,0.0013935583410784,100.0,57.436180114746094,378.0,0.0
3542,0.0,1892.0,10.246183395385742,36.99,65.16561126708984,1009.0,0.0,1367.0,0.0009779044194146,100.0,57.44191360473633,111.0,0.0
3543,0.0,1892.0,10.246183395385742,36.99,65.16561126708984,1009.0,0.0,1367.0,0.0009779044194146,100.0,57.44191360473633,111.0,0.0
3544,0.0,1892.0,10.246183395385742,36.99,65.16561126708984,1009.0,0.0,1367.0,0.0009779044194146,100.0,57.44191360473633,111.0,0.0
3545,0.0,1892.0,10.246183395385742,36.99,65.16561126708984,1009.0,0.0,1367.0,0.0009779044194146,100.0,57.44191360473633,111.0,0.0
3546,0.0,1892.0,10.246183395385742,36.99,65.16561126708984,1009.0,0.0,1367.0,0.0009779044194146,100.0,57.44191360473633,111.0,0.0
3547,0.0,1892.0,10.1396484375,36.99,65.78837585449219,1047.0,0.0,1367.0,0.0011732641141861,100.0,57.57940673828125,222.0,0.0
3548,0.0,1892.0,10.1396484375,36.99,65.78837585449219,1047.0,0.0,1367.0,0.0011732641141861,100.0,57.57940673828125,222.0,0.0
3549,0.0,1892.0,10.1396484375,36.99,65.78837585449219,1047.0,0.0,1367.0,0.0011732641141861,100.0,57.57940673828125,222.0,0.0
3550,0.0,1892.0,10.1396484375,36.99,65.78837585449219,1047.0,0.0,1367.0,0.0011732641141861,100.0,57.57940673828125,222.0,0.0
3551,0.0,1892.0,10.1396484375,36.99,65.78837585449219,1047.0,0.0,1367.0,0.0011732641141861,100.0,57.57940673828125,222.0,0.0
3552,0.0,1892.0,10.143908500671388,36.99,64.78303527832031,1222.0,0.0,1367.0,0.0019222017144784,100.0,57.57940673828125,111.0,0.0
3553,0.0,1892.0,10.143908500671388,36.99,64.78303527832031,1222.0,0.0,1367.0,0.0019222017144784,100.0,57.57940673828125,111.0,0.0
3554,0.0,1892.0,10.143908500671388,36.99,64.78303527832031,1222.0,0.0,1367.0,0.0019222017144784,100.0,57.57940673828125,111.0,0.0
3555,0.0,1892.0,10.143908500671388,36.99,64.78303527832031,1222.0,0.0,1367.0,0.0019222017144784,100.0,57.57940673828125,111.0,0.0
3556,0.0,1892.0,10.143908500671388,36.99,64.78303527832031,1222.0,0.0,1367.0,0.0019222017144784,100.0,57.57940673828125,111.0,0.0
3557,0.0,1892.0,10.107508659362791,36.99,64.79208374023438,1204.0,0.0,1367.0,0.0008476332877762,100.0,57.52628326416016,111.0,0.0
3558,0.0,1892.0,10.107508659362791,36.99,64.79208374023438,1204.0,0.0,1367.0,0.0008476332877762,100.0,57.52628326416016,111.0,0.0
3559,0.0,1892.0,10.107508659362791,36.99,64.79208374023438,1204.0,0.0,1367.0,0.0008476332877762,100.0,57.52628326416016,111.0,0.0
3560,0.0,1892.0,10.107508659362791,36.99,64.79208374023438,1204.0,0.0,1367.0,0.0008476332877762,100.0,57.52628326416016,111.0,0.0
3561,0.0,1892.0,10.107508659362791,36.99,64.79208374023438,1204.0,0.0,1367.0,0.0008476332877762,100.0,57.52628326416016,111.0,0.0
3562,0.0,1892.0,10.214960098266602,36.99,64.7691879272461,1297.0,0.0,1367.0,0.0269743539392948,100.0,57.496070861816406,295.0,0.0
3563,0.0,1892.0,10.214960098266602,36.99,64.7691879272461,1297.0,0.0,1367.0,0.0269743539392948,100.0,57.496070861816406,295.0,0.0
3564,0.0,1892.0,10.214960098266602,36.99,64.7691879272461,1297.0,0.0,1367.0,0.0269743539392948,100.0,57.496070861816406,295.0,0.0
3565,0.0,1892.0,10.214960098266602,36.99,64.7691879272461,1297.0,0.0,1367.0,0.0269743539392948,100.0,57.496070861816406,295.0,0.0
3566,0.0,1892.0,10.214960098266602,36.99,64.7691879272461,1297.0,0.0,1367.0,0.0269743539392948,100.0,57.496070861816406,295.0,0.0
3567,0.0,1892.0,10.49200439453125,36.99,66.90830993652344,1510.0,0.0,1367.0,0.1720325797796249,100.0,57.91620635986328,444.0,0.0
3568,0.0,1892.0,10.49200439453125,36.99,66.90830993652344,1510.0,0.0,1367.0,0.1720325797796249,100.0,57.91620635986328,444.0,0.0
3569,0.0,1892.0,10.49200439453125,36.99,66.90830993652344,1510.0,0.0,1367.0,0.1720325797796249,100.0,57.91620635986328,444.0,0.0
3570,0.0,1892.0,10.49200439453125,36.99,66.90830993652344,1510.0,0.0,1367.0,0.1720325797796249,100.0,57.91620635986328,444.0,0.0
3571,0.0,1892.0,10.49200439453125,36.99,66.90830993652344,1510.0,0.0,1367.0,0.1720325797796249,100.0,57.91620635986328,444.0,0.0
3572,0.0,1892.0,10.520991325378418,36.99,66.37897491455078,1395.0,0.0,1367.0,0.0033170904498547,100.0,57.53826141357422,173.0,0.0
3573,0.0,1892.0,10.520991325378418,36.99,66.37897491455078,1395.0,0.0,1367.0,0.0033170904498547,100.0,57.53826141357422,173.0,0.0
3574,0.0,1892.0,10.520991325378418,36.99,66.37897491455078,1395.0,0.0,1367.0,0.0033170904498547,100.0,57.53826141357422,173.0,0.0
3575,0.0,1892.0,10.520991325378418,36.99,66.37897491455078,1395.0,0.0,1367.0,0.0033170904498547,100.0,57.53826141357422,173.0,0.0
3576,0.0,1892.0,10.520991325378418,36.99,66.37897491455078,1395.0,0.0,1367.0,0.0033170904498547,100.0,57.53826141357422,173.0,0.0
3577,0.0,1892.0,10.421856880187988,36.99,65.61165618896484,1172.0,0.0,1367.0,0.0009391498169861,100.0,57.52643585205078,111.0,0.0
3578,0.0,1892.0,10.421856880187988,36.99,65.61165618896484,1172.0,0.0,1367.0,0.0009391498169861,100.0,57.52643585205078,111.0,0.0
3579,0.0,1892.0,10.421856880187988,36.99,65.61165618896484,1172.0,0.0,1367.0,0.0009391498169861,100.0,57.52643585205078,111.0,0.0
3580,0.0,1892.0,10.421856880187988,36.99,65.61165618896484,1172.0,0.0,1367.0,0.0009391498169861,100.0,57.52643585205078,111.0,0.0
3581,0.0,1892.0,10.421856880187988,36.99,65.61165618896484,1172.0,0.0,1367.0,0.0009391498169861,100.0,57.52643585205078,111.0,0.0
3582,0.0,1892.0,10.42508602142334,36.99,64.90831756591797,1385.0,0.0,1367.0,0.0014037733199074,100.0,57.51169967651367,111.0,0.0
3583,0.0,1892.0,10.42508602142334,36.99,64.90831756591797,1385.0,0.0,1367.0,0.0014037733199074,100.0,57.51169967651367,111.0,0.0
3584,0.0,1892.0,10.42508602142334,36.99,64.90831756591797,1385.0,0.0,1367.0,0.0014037733199074,100.0,57.51169967651367,111.0,0.0
3585,0.0,1892.0,10.42508602142334,36.99,64.90831756591797,1385.0,0.0,1367.0,0.0014037733199074,100.0,57.51169967651367,111.0,0.0
3586,0.0,1892.0,10.42508602142334,36.99,64.90831756591797,1385.0,0.0,1367.0,0.0014037733199074,100.0,57.51169967651367,111.0,0.0
3587,0.0,1892.0,10.283232688903809,36.99,64.9165267944336,1218.0,0.0,1367.0,0.0017906195716932,100.0,57.45701217651367,222.0,0.0
3588,0.0,1892.0,10.283232688903809,36.99,64.9165267944336,1218.0,0.0,1367.0,0.0017906195716932,100.0,57.45701217651367,222.0,0.0
3589,0.0,1892.0,10.283232688903809,36.99,64.9165267944336,1218.0,0.0,1367.0,0.0017906195716932,100.0,57.45701217651367,222.0,0.0
3590,0.0,1892.0,10.283232688903809,36.99,64.9165267944336,1218.0,0.0,1367.0,0.0017906195716932,100.0,57.45701217651367,222.0,0.0
3591,0.0,1892.0,10.283232688903809,36.99,64.9165267944336,1218.0,0.0,1367.0,0.0017906195716932,100.0,57.45701217651367,222.0,0.0
3592,0.0,1892.0,10.08640193939209,36.99,66.03199768066406,981.0,0.0,1367.0,0.0009522967156954,100.0,57.42992401123047,222.0,0.0
3593,0.0,1892.0,10.08640193939209,36.99,66.03199768066406,981.0,0.0,1367.0,0.0009522967156954,100.0,57.42992401123047,222.0,0.0
3594,0.0,1892.0,10.08640193939209,36.99,66.03199768066406,981.0,0.0,1367.0,0.0009522967156954,100.0,57.42992401123047,222.0,0.0
3595,0.0,1892.0,10.08640193939209,36.99,66.03199768066406,981.0,0.0,1367.0,0.0009522967156954,100.0,57.42992401123047,222.0,0.0
3596,0.0,1892.0,10.08640193939209,36.99,66.03199768066406,981.0,0.0,1367.0,0.0009522967156954,100.0,57.42992401123047,222.0,0.0
3597,0.0,1892.0,10.153855323791504,36.99,64.7925033569336,1135.0,0.0,1367.0,0.0012474959949031,100.0,57.484619140625,111.0,0.0
3598,0.0,1892.0,10.153855323791504,36.99,64.7925033569336,1135.0,0.0,1367.0,0.0012474959949031,100.0,57.484619140625,111.0,0.0
3599,0.0,1892.0,10.153855323791504,36.99,64.7925033569336,1135.0,0.0,1367.0,0.0012474959949031,100.0,57.484619140625,111.0,0.0
3600,0.0,1892.0,10.153855323791504,36.99,64.7925033569336,1135.0,0.0,1367.0,0.0012474959949031,100.0,57.484619140625,111.0,0.0
3601,0.0,1892.0,10.153855323791504,36.99,64.7925033569336,1135.0,0.0,1367.0,0.0012474959949031,100.0,57.484619140625,111.0,0.0
3602,0.0,1892.0,10.48569107055664,36.99,66.47289276123047,1755.0,0.0,1367.0,0.0247612688690423,100.0,57.654449462890625,222.0,0.0
3603,0.0,1892.0,10.48569107055664,36.99,66.47289276123047,1755.0,0.0,1367.0,0.0247612688690423,100.0,57.654449462890625,222.0,0.0
3604,0.0,1892.0,10.48569107055664,36.99,66.47289276123047,1755.0,0.0,1367.0,0.0247612688690423,100.0,57.654449462890625,222.0,0.0
3605,0.0,1892.0,10.48569107055664,36.99,66.47289276123047,1755.0,0.0,1367.0,0.0247612688690423,100.0,57.654449462890625,222.0,0.0
3606,0.0,1892.0,10.48569107055664,36.99,66.47289276123047,1755.0,0.0,1367.0,0.0247612688690423,100.0,57.654449462890625,222.0,0.0
3607,0.0,1892.0,11.142908096313477,36.99,67.08019256591797,1987.0,0.0,1367.0,0.0344456955790519,100.0,58.0535774230957,228.0,0.0
3608,0.0,1892.0,11.142908096313477,36.99,67.08019256591797,1987.0,0.0,1367.0,0.0344456955790519,100.0,58.0535774230957,228.0,0.0
3609,0.0,1892.0,11.142908096313477,36.99,67.08019256591797,1987.0,0.0,1367.0,0.0344456955790519,100.0,58.0535774230957,228.0,0.0
3610,0.0,1892.0,11.142908096313477,36.99,67.08019256591797,1987.0,0.0,1367.0,0.0344456955790519,100.0,58.0535774230957,228.0,0.0
3611,0.0,1892.0,11.142908096313477,36.99,67.08019256591797,1987.0,0.0,1367.0,0.0344456955790519,100.0,58.0535774230957,228.0,0.0
3612,0.0,1892.0,10.359655380249023,36.99,67.76679992675781,1256.0,0.0,1367.0,0.0023969437461346,100.0,58.10297775268555,222.0,0.0
3613,0.0,1892.0,10.359655380249023,36.99,67.76679992675781,1256.0,0.0,1367.0,0.0023969437461346,100.0,58.10297775268555,222.0,0.0
3614,0.0,1892.0,10.359655380249023,36.99,67.76679992675781,1256.0,0.0,1367.0,0.0023969437461346,100.0,58.10297775268555,222.0,0.0
3615,0.0,1892.0,10.359655380249023,36.99,67.76679992675781,1256.0,0.0,1367.0,0.0023969437461346,100.0,58.10297775268555,222.0,0.0
3616,0.0,1892.0,10.359655380249023,36.99,67.76679992675781,1256.0,0.0,1367.0,0.0023969437461346,100.0,58.10297775268555,222.0,0.0
3617,0.0,1892.0,11.14657211303711,36.99,66.7634048461914,1482.0,0.0,1367.0,0.0001403939677402,100.0,57.579933166503906,111.0,0.0
3618,0.0,1892.0,11.14657211303711,36.99,66.7634048461914,1482.0,0.0,1367.0,0.0001403939677402,100.0,57.579933166503906,111.0,0.0
3619,0.0,1892.0,11.14657211303711,36.99,66.7634048461914,1482.0,0.0,1367.0,0.0001403939677402,100.0,57.579933166503906,111.0,0.0
3620,0.0,1892.0,11.14657211303711,36.99,66.7634048461914,1482.0,0.0,1367.0,0.0001403939677402,100.0,57.579933166503906,111.0,0.0
3621,0.0,1892.0,11.14657211303711,36.99,66.7634048461914,1482.0,0.0,1367.0,0.0001403939677402,100.0,57.579933166503906,111.0,0.0
3622,0.0,1892.0,10.441617965698242,36.99,67.5218276977539,1441.0,0.0,1367.0,0.0018635233864188,100.0,57.63982391357422,222.0,0.0
3623,0.0,1892.0,10.441617965698242,36.99,67.5218276977539,1441.0,0.0,1367.0,0.0018635233864188,100.0,57.63982391357422,222.0,0.0
3624,0.0,1892.0,10.441617965698242,36.99,67.5218276977539,1441.0,0.0,1367.0,0.0018635233864188,100.0,57.63982391357422,222.0,0.0
3625,0.0,1892.0,10.441617965698242,36.99,67.5218276977539,1441.0,0.0,1367.0,0.0018635233864188,100.0,57.63982391357422,222.0,0.0
3626,0.0,1892.0,10.441617965698242,36.99,67.5218276977539,1441.0,0.0,1367.0,0.0018635233864188,100.0,57.63982391357422,222.0,0.0
3627,0.0,1892.0,10.407474517822266,36.99,65.53189849853516,1198.0,0.0,1367.0,0.0013498677872121,100.0,57.53044891357422,111.0,0.0
3628,0.0,1892.0,10.407474517822266,36.99,65.53189849853516,1198.0,0.0,1367.0,0.0013498677872121,100.0,57.53044891357422,111.0,0.0
3629,0.0,1892.0,10.407474517822266,36.99,65.53189849853516,1198.0,0.0,1367.0,0.0013498677872121,100.0,57.53044891357422,111.0,0.0
3630,0.0,1892.0,10.407474517822266,36.99,65.53189849853516,1198.0,0.0,1367.0,0.0013498677872121,100.0,57.53044891357422,111.0,0.0
3631,0.0,1892.0,10.407474517822266,36.99,65.53189849853516,1198.0,0.0,1367.0,0.0013498677872121,100.0,57.53044891357422,111.0,0.0
3632,0.0,1892.0,10.1824369430542,36.99,65.14054870605469,1189.0,0.0,1367.0,0.0012658735504373,100.0,57.539825439453125,222.0,0.0
3633,0.0,1892.0,10.1824369430542,36.99,65.14054870605469,1189.0,0.0,1367.0,0.0012658735504373,100.0,57.539825439453125,222.0,0.0
3634,0.0,1892.0,10.1824369430542,36.99,65.14054870605469,1189.0,0.0,1367.0,0.0012658735504373,100.0,57.539825439453125,222.0,0.0
3635,0.0,1892.0,10.1824369430542,36.99,65.14054870605469,1189.0,0.0,1367.0,0.0012658735504373,100.0,57.539825439453125,222.0,0.0
3636,0.0,1892.0,10.1824369430542,36.99,65.14054870605469,1189.0,0.0,1367.0,0.0012658735504373,100.0,57.539825439453125,222.0,0.0
3637,0.0,1892.0,10.203582763671877,36.99,66.81376647949219,1119.0,0.0,1367.0,0.0015259318752214,100.0,57.51482391357422,111.0,0.0
3638,0.0,1892.0,10.203582763671877,36.99,66.81376647949219,1119.0,0.0,1367.0,0.0015259318752214,100.0,57.51482391357422,111.0,0.0
3639,0.0,1892.0,10.203582763671877,36.99,66.81376647949219,1119.0,0.0,1367.0,0.0015259318752214,100.0,57.51482391357422,111.0,0.0
3640,0.0,1892.0,10.203582763671877,36.99,66.81376647949219,1119.0,0.0,1367.0,0.0015259318752214,100.0,57.51482391357422,111.0,0.0
3641,0.0,1892.0,10.203582763671877,36.99,66.81376647949219,1119.0,0.0,1367.0,0.0015259318752214,100.0,57.51482391357422,111.0,0.0
3642,0.0,1892.0,10.115053176879885,36.99,64.99398803710938,1156.0,0.0,1367.0,0.0010811366373673,100.0,57.62107467651367,111.0,0.0
3643,0.0,1892.0,10.115053176879885,36.99,64.99398803710938,1156.0,0.0,1367.0,0.0010811366373673,100.0,57.62107467651367,111.0,0.0
3644,0.0,1892.0,10.115053176879885,36.99,64.99398803710938,1156.0,0.0,1367.0,0.0010811366373673,100.0,57.62107467651367,111.0,0.0
3645,0.0,1892.0,10.115053176879885,36.99,64.99398803710938,1156.0,0.0,1367.0,0.0010811366373673,100.0,57.62107467651367,111.0,0.0
3646,0.0,1892.0,10.115053176879885,36.99,64.99398803710938,1156.0,0.0,1367.0,0.0010811366373673,100.0,57.62107467651367,111.0,0.0
3647,0.0,1892.0,10.224502563476562,36.99,65.20421600341797,1238.0,0.0,1367.0,0.0013589621521532,100.0,57.662330627441406,111.0,0.0
3648,0.0,1892.0,10.224502563476562,36.99,65.20421600341797,1238.0,0.0,1367.0,0.0013589621521532,100.0,57.662330627441406,111.0,0.0
3649,0.0,1892.0,10.224502563476562,36.99,65.20421600341797,1238.0,0.0,1367.0,0.0013589621521532,100.0,57.662330627441406,111.0,0.0
3650,0.0,1892.0,10.224502563476562,36.99,65.20421600341797,1238.0,0.0,1367.0,0.0013589621521532,100.0,57.662330627441406,111.0,0.0
3651,0.0,1892.0,10.224502563476562,36.99,65.20421600341797,1238.0,0.0,1367.0,0.0013589621521532,100.0,57.662330627441406,111.0,0.0
3652,0.0,1892.0,10.311994552612305,36.99,65.4319076538086,1743.0,0.0,1367.0,0.0241344310343265,100.0,57.812950134277344,239.0,0.0
3653,0.0,1892.0,10.311994552612305,36.99,65.4319076538086,1743.0,0.0,1367.0,0.0241344310343265,100.0,57.812950134277344,239.0,0.0
3654,0.0,1892.0,10.311994552612305,36.99,65.4319076538086,1743.0,0.0,1367.0,0.0241344310343265,100.0,57.812950134277344,239.0,0.0
3655,0.0,1892.0,10.311994552612305,36.99,65.4319076538086,1743.0,0.0,1367.0,0.0241344310343265,100.0,57.812950134277344,239.0,0.0
3656,0.0,1892.0,10.311994552612305,36.99,65.4319076538086,1743.0,0.0,1367.0,0.0241344310343265,100.0,57.812950134277344,239.0,0.0
3657,0.0,1892.0,10.283376693725586,36.99,66.56736755371094,1191.0,0.0,1367.0,0.0023840533103793,100.0,57.56873321533203,333.0,0.0
3658,0.0,1892.0,10.283376693725586,36.99,66.56736755371094,1191.0,0.0,1367.0,0.0023840533103793,100.0,57.56873321533203,333.0,0.0
3659,0.0,1892.0,10.283376693725586,36.99,66.56736755371094,1191.0,0.0,1367.0,0.0023840533103793,100.0,57.56873321533203,333.0,0.0
3660,0.0,1892.0,10.283376693725586,36.99,66.56736755371094,1191.0,0.0,1367.0,0.0023840533103793,100.0,57.56873321533203,333.0,0.0
3661,0.0,1892.0,10.283376693725586,36.99,66.56736755371094,1191.0,0.0,1367.0,0.0023840533103793,100.0,57.56873321533203,333.0,0.0
3662,0.0,1892.0,10.61264705657959,36.99,66.1541748046875,1288.0,0.0,1367.0,0.0006457814015448,100.0,57.484619140625,175.0,0.0
3663,0.0,1892.0,10.61264705657959,36.99,66.1541748046875,1288.0,0.0,1367.0,0.0006457814015448,100.0,57.484619140625,175.0,0.0
3664,0.0,1892.0,10.61264705657959,36.99,66.1541748046875,1288.0,0.0,1367.0,0.0006457814015448,100.0,57.484619140625,175.0,0.0
3665,0.0,1892.0,10.61264705657959,36.99,66.1541748046875,1288.0,0.0,1367.0,0.0006457814015448,100.0,57.484619140625,175.0,0.0
3666,0.0,1892.0,10.61264705657959,36.99,66.1541748046875,1288.0,0.0,1367.0,0.0006457814015448,100.0,57.484619140625,175.0,0.0
3667,0.0,1892.0,10.521404266357422,36.99,66.4859848022461,1479.0,0.0,1367.0,0.0009590808767825,100.0,57.538787841796875,111.0,0.0
3668,0.0,1892.0,10.521404266357422,36.99,66.4859848022461,1479.0,0.0,1367.0,0.0009590808767825,100.0,57.538787841796875,111.0,0.0
3669,0.0,1892.0,10.521404266357422,36.99,66.4859848022461,1479.0,0.0,1367.0,0.0009590808767825,100.0,57.538787841796875,111.0,0.0
3670,0.0,1892.0,10.521404266357422,36.99,66.4859848022461,1479.0,0.0,1367.0,0.0009590808767825,100.0,57.538787841796875,111.0,0.0
3671,0.0,1892.0,10.521404266357422,36.99,66.4859848022461,1479.0,0.0,1367.0,0.0009590808767825,100.0,57.538787841796875,111.0,0.0
3672,0.0,1892.0,10.37557888031006,36.99,65.35334777832031,1061.0,0.0,1367.0,0.0020553495269268,100.0,57.46248245239258,111.0,0.0
3673,0.0,1892.0,10.37557888031006,36.99,65.35334777832031,1061.0,0.0,1367.0,0.0020553495269268,100.0,57.46248245239258,111.0,0.0
3674,0.0,1892.0,10.37557888031006,36.99,65.35334777832031,1061.0,0.0,1367.0,0.0020553495269268,100.0,57.46248245239258,111.0,0.0
3675,0.0,1892.0,10.37557888031006,36.99,65.35334777832031,1061.0,0.0,1367.0,0.0020553495269268,100.0,57.46248245239258,111.0,0.0
3676,0.0,1892.0,10.37557888031006,36.99,65.35334777832031,1061.0,0.0,1367.0,0.0020553495269268,100.0,57.46248245239258,111.0,0.0
3677,0.0,1892.0,10.206787109375,36.99,66.51036834716797,1108.0,0.0,1367.0,0.0015366956358775,100.0,57.52628326416016,222.0,0.0
3678,0.0,1892.0,10.206787109375,36.99,66.51036834716797,1108.0,0.0,1367.0,0.0015366956358775,100.0,57.52628326416016,222.0,0.0
3679,0.0,1892.0,10.206787109375,36.99,66.51036834716797,1108.0,0.0,1367.0,0.0015366956358775,100.0,57.52628326416016,222.0,0.0
3680,0.0,1892.0,10.206787109375,36.99,66.51036834716797,1108.0,0.0,1367.0,0.0015366956358775,100.0,57.52628326416016,222.0,0.0
3681,0.0,1892.0,10.206787109375,36.99,66.51036834716797,1108.0,0.0,1367.0,0.0015366956358775,100.0,57.52628326416016,222.0,0.0
3682,0.0,1892.0,10.11753749847412,36.99,65.30867767333984,1286.0,0.0,1367.0,0.0025482557248324,100.0,57.538780212402344,333.0,0.0
3683,0.0,1892.0,10.11753749847412,36.99,65.30867767333984,1286.0,0.0,1367.0,0.0025482557248324,100.0,57.538780212402344,333.0,0.0
3684,0.0,1892.0,10.11753749847412,36.99,65.30867767333984,1286.0,0.0,1367.0,0.0025482557248324,100.0,57.538780212402344,333.0,0.0
3685,0.0,1892.0,10.11753749847412,36.99,65.30867767333984,1286.0,0.0,1367.0,0.0025482557248324,100.0,57.538780212402344,333.0,0.0
3686,0.0,1892.0,10.11753749847412,36.99,65.30867767333984,1286.0,0.0,1367.0,0.0025482557248324,100.0,57.538780212402344,333.0,0.0
3687,0.0,1892.0,10.594655990600586,36.99,65.11082458496094,1357.0,0.0,1367.0,0.0563830137252807,100.0,57.53857421875,114.0,0.0
3688,0.0,1892.0,10.594655990600586,36.99,65.11082458496094,1357.0,0.0,1367.0,0.0563830137252807,100.0,57.53857421875,114.0,0.0
3689,0.0,1892.0,10.594655990600586,36.99,65.11082458496094,1357.0,0.0,1367.0,0.0563830137252807,100.0,57.53857421875,114.0,0.0
3690,0.0,1892.0,10.594655990600586,36.99,65.11082458496094,1357.0,0.0,1367.0,0.0563830137252807,100.0,57.53857421875,114.0,0.0
3691,0.0,1892.0,10.594655990600586,36.99,65.11082458496094,1357.0,0.0,1367.0,0.0563830137252807,100.0,57.53857421875,114.0,0.0
3692,0.0,1892.0,10.055990219116213,36.99,66.54541778564453,1019.0,0.0,1367.0,0.0009267606656067,100.0,57.9224853515625,111.0,0.0
3693,0.0,1892.0,10.055990219116213,36.99,66.54541778564453,1019.0,0.0,1367.0,0.0009267606656067,100.0,57.9224853515625,111.0,0.0
3694,0.0,1892.0,10.055990219116213,36.99,66.54541778564453,1019.0,0.0,1367.0,0.0009267606656067,100.0,57.9224853515625,111.0,0.0
3695,0.0,1892.0,10.055990219116213,36.99,66.54541778564453,1019.0,0.0,1367.0,0.0009267606656067,100.0,57.9224853515625,111.0,0.0
3696,0.0,1892.0,10.055990219116213,36.99,66.54541778564453,1019.0,0.0,1367.0,0.0009267606656067,100.0,57.9224853515625,111.0,0.0
3697,0.0,1892.0,10.27202606201172,36.99,64.86408996582031,1365.0,0.0,1367.0,0.0029603252187371,100.0,57.538787841796875,222.0,0.0
3698,0.0,1892.0,10.27202606201172,36.99,64.86408996582031,1365.0,0.0,1367.0,0.0029603252187371,100.0,57.538787841796875,222.0,0.0
3699,0.0,1892.0,10.27202606201172,36.99,64.86408996582031,1365.0,0.0,1367.0,0.0029603252187371,100.0,57.538787841796875,222.0,0.0
3700,0.0,1892.0,10.27202606201172,36.99,64.86408996582031,1365.0,0.0,1367.0,0.0029603252187371,100.0,57.538787841796875,222.0,0.0
3701,0.0,1892.0,10.27202606201172,36.99,64.86408996582031,1365.0,0.0,1367.0,0.0029603252187371,100.0,57.538787841796875,222.0,0.0
3702,0.0,1892.0,10.502788543701172,36.99,67.42693328857422,1486.0,0.0,1367.0,0.019694946706295,100.0,57.720123291015625,222.0,0.0
3703,0.0,1892.0,10.502788543701172,36.99,67.42693328857422,1486.0,0.0,1367.0,0.019694946706295,100.0,57.720123291015625,222.0,0.0
3704,0.0,1892.0,10.502788543701172,36.99,67.42693328857422,1486.0,0.0,1367.0,0.019694946706295,100.0,57.720123291015625,222.0,0.0
3705,0.0,1892.0,10.502788543701172,36.99,67.42693328857422,1486.0,0.0,1367.0,0.019694946706295,100.0,57.720123291015625,222.0,0.0
3706,0.0,1892.0,10.502788543701172,36.99,67.42693328857422,1486.0,0.0,1367.0,0.019694946706295,100.0,57.720123291015625,222.0,0.0
3707,0.0,1892.0,10.674047470092772,36.99,66.48136138916016,1684.0,0.0,1367.0,0.01870047301054,100.0,57.73982620239258,282.0,0.0
3708,0.0,1892.0,10.674047470092772,36.99,66.48136138916016,1684.0,0.0,1367.0,0.01870047301054,100.0,57.73982620239258,282.0,0.0
3709,0.0,1892.0,10.674047470092772,36.99,66.48136138916016,1684.0,0.0,1367.0,0.01870047301054,100.0,57.73982620239258,282.0,0.0
3710,0.0,1892.0,10.674047470092772,36.99,66.48136138916016,1684.0,0.0,1367.0,0.01870047301054,100.0,57.73982620239258,282.0,0.0
3711,0.0,1892.0,10.674047470092772,36.99,66.48136138916016,1684.0,0.0,1367.0,0.01870047301054,100.0,57.73982620239258,282.0,0.0
3712,0.0,1892.0,10.347606658935549,36.99,65.20587158203125,1128.0,0.0,1367.0,0.0020978229586035,100.0,57.538787841796875,111.0,0.0
3713,0.0,1892.0,10.347606658935549,36.99,65.20587158203125,1128.0,0.0,1367.0,0.0020978229586035,100.0,57.538787841796875,111.0,0.0
3714,0.0,1892.0,10.347606658935549,36.99,65.20587158203125,1128.0,0.0,1367.0,0.0020978229586035,100.0,57.538787841796875,111.0,0.0
3715,0.0,1892.0,10.347606658935549,36.99,65.20587158203125,1128.0,0.0,1367.0,0.0020978229586035,100.0,57.538787841796875,111.0,0.0
3716,0.0,1892.0,10.347606658935549,36.99,65.20587158203125,1128.0,0.0,1367.0,0.0020978229586035,100.0,57.538787841796875,111.0,0.0
3717,0.0,1892.0,10.589488983154297,36.99,66.81119537353516,1574.0,0.0,1367.0,0.0018984035123139,100.0,57.430450439453125,222.0,0.0
3718,0.0,1892.0,10.589488983154297,36.99,66.81119537353516,1574.0,0.0,1367.0,0.0018984035123139,100.0,57.430450439453125,222.0,0.0
3719,0.0,1892.0,10.589488983154297,36.99,66.81119537353516,1574.0,0.0,1367.0,0.0018984035123139,100.0,57.430450439453125,222.0,0.0
3720,0.0,1892.0,10.589488983154297,36.99,66.81119537353516,1574.0,0.0,1367.0,0.0018984035123139,100.0,57.430450439453125,222.0,0.0
3721,0.0,1892.0,10.589488983154297,36.99,66.81119537353516,1574.0,0.0,1367.0,0.0018984035123139,100.0,57.430450439453125,222.0,0.0
3722,0.0,1892.0,10.107381820678713,36.99,66.69576263427734,1011.0,0.0,1367.0,0.0013664134312421,100.0,57.51795196533203,111.0,0.0
3723,0.0,1892.0,10.107381820678713,36.99,66.69576263427734,1011.0,0.0,1367.0,0.0013664134312421,100.0,57.51795196533203,111.0,0.0
3724,0.0,1892.0,10.107381820678713,36.99,66.69576263427734,1011.0,0.0,1367.0,0.0013664134312421,100.0,57.51795196533203,111.0,0.0
3725,0.0,1892.0,10.107381820678713,36.99,66.69576263427734,1011.0,0.0,1367.0,0.0013664134312421,100.0,57.51795196533203,111.0,0.0
3726,0.0,1892.0,10.107381820678713,36.99,66.69576263427734,1011.0,0.0,1367.0,0.0013664134312421,100.0,57.51795196533203,111.0,0.0
3727,0.0,1892.0,10.072098731994627,36.99,64.92752075195312,1044.0,0.0,1367.0,0.0009784055873751,100.0,57.36065673828125,111.0,0.0
3728,0.0,1892.0,10.072098731994627,36.99,64.92752075195312,1044.0,0.0,1367.0,0.0009784055873751,100.0,57.36065673828125,111.0,0.0
3729,0.0,1892.0,10.072098731994627,36.99,64.92752075195312,1044.0,0.0,1367.0,0.0009784055873751,100.0,57.36065673828125,111.0,0.0
3730,0.0,1892.0,10.072098731994627,36.99,64.92752075195312,1044.0,0.0,1367.0,0.0009784055873751,100.0,57.36065673828125,111.0,0.0
3731,0.0,1892.0,10.072098731994627,36.99,64.92752075195312,1044.0,0.0,1367.0,0.0009784055873751,100.0,57.36065673828125,111.0,0.0
3732,0.0,1892.0,10.15009307861328,36.99,64.8686294555664,1179.0,0.0,1367.0,0.0019717530813068,100.0,57.524192810058594,264.0,0.0
3733,0.0,1892.0,10.15009307861328,36.99,64.8686294555664,1179.0,0.0,1367.0,0.0019717530813068,100.0,57.524192810058594,264.0,0.0
3734,0.0,1892.0,10.15009307861328,36.99,64.8686294555664,1179.0,0.0,1367.0,0.0019717530813068,100.0,57.524192810058594,264.0,0.0
3735,0.0,1892.0,10.15009307861328,36.99,64.8686294555664,1179.0,0.0,1367.0,0.0019717530813068,100.0,57.524192810058594,264.0,0.0
3736,0.0,1892.0,10.15009307861328,36.99,64.8686294555664,1179.0,0.0,1367.0,0.0019717530813068,100.0,57.524192810058594,264.0,0.0
3737,0.0,1892.0,10.047548294067385,36.99,64.75284576416016,1156.0,0.0,1367.0,0.0431242324411869,100.0,57.588653564453125,436.0,0.0
3738,0.0,1892.0,10.047548294067385,36.99,64.75284576416016,1156.0,0.0,1367.0,0.0431242324411869,100.0,57.588653564453125,436.0,0.0
3739,0.0,1892.0,10.047548294067385,36.99,64.75284576416016,1156.0,0.0,1367.0,0.0431242324411869,100.0,57.588653564453125,436.0,0.0
3740,0.0,1892.0,10.047548294067385,36.99,64.75284576416016,1156.0,0.0,1367.0,0.0431242324411869,100.0,57.588653564453125,436.0,0.0
3741,0.0,1892.0,10.047548294067385,36.99,64.75284576416016,1156.0,0.0,1367.0,0.0431242324411869,100.0,57.588653564453125,436.0,0.0
3742,0.0,1892.0,10.252885818481444,36.99,65.264404296875,1143.0,0.0,1367.0,0.0025743851438164,100.0,57.75914764404297,333.0,0.0
3743,0.0,1892.0,10.252885818481444,36.99,65.264404296875,1143.0,0.0,1367.0,0.0025743851438164,100.0,57.75914764404297,333.0,0.0
3744,0.0,1892.0,10.252885818481444,36.99,65.264404296875,1143.0,0.0,1367.0,0.0025743851438164,100.0,57.75914764404297,333.0,0.0
3745,0.0,1892.0,10.252885818481444,36.99,65.264404296875,1143.0,0.0,1367.0,0.0025743851438164,100.0,57.75914764404297,333.0,0.0
3746,0.0,1892.0,10.252885818481444,36.99,65.264404296875,1143.0,0.0,1367.0,0.0025743851438164,100.0,57.75914764404297,333.0,0.0
3747,0.0,1892.0,10.298667907714844,36.99,66.47373962402344,1175.0,0.0,1367.0,0.0005665554199367,100.0,57.56013870239258,111.0,0.0
3748,0.0,1892.0,10.298667907714844,36.99,66.47373962402344,1175.0,0.0,1367.0,0.0005665554199367,100.0,57.56013870239258,111.0,0.0
3749,0.0,1892.0,10.298667907714844,36.99,66.47373962402344,1175.0,0.0,1367.0,0.0005665554199367,100.0,57.56013870239258,111.0,0.0
3750,0.0,1892.0,10.298667907714844,36.99,66.47373962402344,1175.0,0.0,1367.0,0.0005665554199367,100.0,57.56013870239258,111.0,0.0
3751,0.0,1892.0,10.298667907714844,36.99,66.47373962402344,1175.0,0.0,1367.0,0.0005665554199367,100.0,57.56013870239258,111.0,0.0
3752,0.0,1892.0,10.36977195739746,36.99,64.9105453491211,1004.0,0.0,1367.0,0.0016035349108278,100.0,57.51795196533203,222.0,0.0
3753,0.0,1892.0,10.36977195739746,36.99,64.9105453491211,1004.0,0.0,1367.0,0.0016035349108278,100.0,57.51795196533203,222.0,0.0
3754,0.0,1892.0,10.36977195739746,36.99,64.9105453491211,1004.0,0.0,1367.0,0.0016035349108278,100.0,57.51795196533203,222.0,0.0
3755,0.0,1892.0,10.36977195739746,36.99,64.9105453491211,1004.0,0.0,1367.0,0.0016035349108278,100.0,57.51795196533203,222.0,0.0
3756,0.0,1892.0,10.36977195739746,36.99,64.9105453491211,1004.0,0.0,1367.0,0.0016035349108278,100.0,57.51795196533203,222.0,0.0
3757,0.0,1892.0,10.279492378234863,36.99,64.90552520751953,1087.0,0.0,1367.0,0.0013666255399584,100.0,57.321083068847656,111.0,0.0
3758,0.0,1892.0,10.279492378234863,36.99,64.90552520751953,1087.0,0.0,1367.0,0.0013666255399584,100.0,57.321083068847656,111.0,0.0
3759,0.0,1892.0,10.279492378234863,36.99,64.90552520751953,1087.0,0.0,1367.0,0.0013666255399584,100.0,57.321083068847656,111.0,0.0
3760,0.0,1892.0,10.279492378234863,36.99,64.90552520751953,1087.0,0.0,1367.0,0.0013666255399584,100.0,57.321083068847656,111.0,0.0
3761,0.0,1892.0,10.279492378234863,36.99,64.90552520751953,1087.0,0.0,1367.0,0.0013666255399584,100.0,57.321083068847656,111.0,0.0
3762,0.0,1892.0,10.352701187133787,36.99,64.80793762207031,1136.0,0.0,1367.0,0.0007239678525365,100.0,57.38774490356445,111.0,0.0
3763,0.0,1892.0,10.352701187133787,36.99,64.80793762207031,1136.0,0.0,1367.0,0.0007239678525365,100.0,57.38774490356445,111.0,0.0
3764,0.0,1892.0,10.352701187133787,36.99,64.80793762207031,1136.0,0.0,1367.0,0.0007239678525365,100.0,57.38774490356445,111.0,0.0
3765,0.0,1892.0,10.352701187133787,36.99,64.80793762207031,1136.0,0.0,1367.0,0.0007239678525365,100.0,57.38774490356445,111.0,0.0
3766,0.0,1892.0,10.352701187133787,36.99,64.80793762207031,1136.0,0.0,1367.0,0.0007239678525365,100.0,57.38774490356445,111.0,0.0
3767,0.0,1892.0,10.255918502807615,36.99,66.70957946777344,1321.0,0.0,1367.0,0.001879547489807,100.0,57.48461151123047,333.0,0.0
3768,0.0,1892.0,10.255918502807615,36.99,66.70957946777344,1321.0,0.0,1367.0,0.001879547489807,100.0,57.48461151123047,333.0,0.0
3769,0.0,1892.0,10.255918502807615,36.99,66.70957946777344,1321.0,0.0,1367.0,0.001879547489807,100.0,57.48461151123047,333.0,0.0
3770,0.0,1892.0,10.255918502807615,36.99,66.70957946777344,1321.0,0.0,1367.0,0.001879547489807,100.0,57.48461151123047,333.0,0.0
3771,0.0,1892.0,10.255918502807615,36.99,66.70957946777344,1321.0,0.0,1367.0,0.001879547489807,100.0,57.48461151123047,333.0,0.0
3772,0.0,1892.0,10.3822021484375,36.99,65.59307861328125,1669.0,0.0,1367.0,0.0012055881088599,100.0,57.4554557800293,111.0,0.0
3773,0.0,1892.0,10.3822021484375,36.99,65.59307861328125,1669.0,0.0,1367.0,0.0012055881088599,100.0,57.4554557800293,111.0,0.0
3774,0.0,1892.0,10.3822021484375,36.99,65.59307861328125,1669.0,0.0,1367.0,0.0012055881088599,100.0,57.4554557800293,111.0,0.0
3775,0.0,1892.0,10.3822021484375,36.99,65.59307861328125,1669.0,0.0,1367.0,0.0012055881088599,100.0,57.4554557800293,111.0,0.0
3776,0.0,1892.0,10.3822021484375,36.99,65.59307861328125,1669.0,0.0,1367.0,0.0012055881088599,100.0,57.4554557800293,111.0,0.0
3777,0.0,1892.0,10.39772891998291,36.99,66.5619125366211,1847.0,0.0,1367.0,0.0258640088140964,100.0,57.684326171875,222.0,0.0
3778,0.0,1892.0,10.39772891998291,36.99,66.5619125366211,1847.0,0.0,1367.0,0.0258640088140964,100.0,57.684326171875,222.0,0.0
3779,0.0,1892.0,10.39772891998291,36.99,66.5619125366211,1847.0,0.0,1367.0,0.0258640088140964,100.0,57.684326171875,222.0,0.0
3780,0.0,1892.0,10.39772891998291,36.99,66.5619125366211,1847.0,0.0,1367.0,0.0258640088140964,100.0,57.684326171875,222.0,0.0
3781,0.0,1892.0,10.39772891998291,36.99,66.5619125366211,1847.0,0.0,1367.0,0.0258640088140964,100.0,57.684326171875,222.0,0.0
3782,0.0,1892.0,10.51555633544922,36.99,66.49495697021484,2107.0,0.0,1367.0,0.0105821201577782,100.0,57.88045120239258,111.0,0.0
3783,0.0,1892.0,10.51555633544922,36.99,66.49495697021484,2107.0,0.0,1367.0,0.0105821201577782,100.0,57.88045120239258,111.0,0.0
3784,0.0,1892.0,10.51555633544922,36.99,66.49495697021484,2107.0,0.0,1367.0,0.0105821201577782,100.0,57.88045120239258,111.0,0.0
3785,0.0,1892.0,10.51555633544922,36.99,66.49495697021484,2107.0,0.0,1367.0,0.0105821201577782,100.0,57.88045120239258,111.0,0.0
3786,0.0,1892.0,10.51555633544922,36.99,66.49495697021484,2107.0,0.0,1367.0,0.0105821201577782,100.0,57.88045120239258,111.0,0.0
3787,0.0,1892.0,10.223125457763672,36.99,66.56212615966797,1072.0,0.0,1367.0,0.0111962184309959,100.0,57.79266357421875,111.0,0.0
3788,0.0,1892.0,10.223125457763672,36.99,66.56212615966797,1072.0,0.0,1367.0,0.0111962184309959,100.0,57.79266357421875,111.0,0.0
3789,0.0,1892.0,10.223125457763672,36.99,66.56212615966797,1072.0,0.0,1367.0,0.0111962184309959,100.0,57.79266357421875,111.0,0.0
3790,0.0,1892.0,10.223125457763672,36.99,66.56212615966797,1072.0,0.0,1367.0,0.0111962184309959,100.0,57.79266357421875,111.0,0.0
3791,0.0,1892.0,10.223125457763672,36.99,66.56212615966797,1072.0,0.0,1367.0,0.0111962184309959,100.0,57.79266357421875,111.0,0.0
3792,0.0,1892.0,10.44461727142334,36.99,65.18528747558594,1126.0,0.0,1367.0,0.0029122158885002,100.0,57.55232620239258,333.0,0.0
3793,0.0,1892.0,10.44461727142334,36.99,65.18528747558594,1126.0,0.0,1367.0,0.0029122158885002,100.0,57.55232620239258,333.0,0.0
3794,0.0,1892.0,10.44461727142334,36.99,65.18528747558594,1126.0,0.0,1367.0,0.0029122158885002,100.0,57.55232620239258,333.0,0.0
3795,0.0,1892.0,10.44461727142334,36.99,65.18528747558594,1126.0,0.0,1367.0,0.0029122158885002,100.0,57.55232620239258,333.0,0.0
3796,0.0,1892.0,10.44461727142334,36.99,65.18528747558594,1126.0,0.0,1367.0,0.0029122158885002,100.0,57.55232620239258,333.0,0.0
3797,0.0,1892.0,10.227662086486816,36.99,64.96863555908203,980.0,0.0,1367.0,0.0013533560559153,100.0,57.39451217651367,111.0,0.0
3798,0.0,1892.0,10.227662086486816,36.99,64.96863555908203,980.0,0.0,1367.0,0.0013533560559153,100.0,57.39451217651367,111.0,0.0
3799,0.0,1892.0,10.227662086486816,36.99,64.96863555908203,980.0,0.0,1367.0,0.0013533560559153,100.0,57.39451217651367,111.0,0.0
3800,0.0,1892.0,10.227662086486816,36.99,64.96863555908203,980.0,0.0,1367.0,0.0013533560559153,100.0,57.39451217651367,111.0,0.0
3801,0.0,1892.0,10.227662086486816,36.99,64.96863555908203,980.0,0.0,1367.0,0.0013533560559153,100.0,57.39451217651367,111.0,0.0
3802,0.0,1892.0,10.366939544677734,36.99,64.71841430664062,1208.0,0.0,1367.0,0.0016428910894319,100.0,57.36065673828125,222.0,0.0
3803,0.0,1892.0,10.366939544677734,36.99,64.71841430664062,1208.0,0.0,1367.0,0.0016428910894319,100.0,57.36065673828125,222.0,0.0
3804,0.0,1892.0,10.366939544677734,36.99,64.71841430664062,1208.0,0.0,1367.0,0.0016428910894319,100.0,57.36065673828125,222.0,0.0
3805,0.0,1892.0,10.366939544677734,36.99,64.71841430664062,1208.0,0.0,1367.0,0.0016428910894319,100.0,57.36065673828125,222.0,0.0
3806,0.0,1892.0,10.366939544677734,36.99,64.71841430664062,1208.0,0.0,1367.0,0.0016428910894319,100.0,57.36065673828125,222.0,0.0
3807,0.0,1892.0,10.319181442260742,36.99,64.52771759033203,1087.0,0.0,1367.0,0.0009395816596224,100.0,57.38420486450195,111.0,0.0
3808,0.0,1892.0,10.319181442260742,36.99,64.52771759033203,1087.0,0.0,1367.0,0.0009395816596224,100.0,57.38420486450195,111.0,0.0
3809,0.0,1892.0,10.319181442260742,36.99,64.52771759033203,1087.0,0.0,1367.0,0.0009395816596224,100.0,57.38420486450195,111.0,0.0
3810,0.0,1892.0,10.319181442260742,36.99,64.52771759033203,1087.0,0.0,1367.0,0.0009395816596224,100.0,57.38420486450195,111.0,0.0
3811,0.0,1892.0,10.319181442260742,36.99,64.52771759033203,1087.0,0.0,1367.0,0.0009395816596224,100.0,57.38420486450195,111.0,0.0
3812,0.0,1892.0,10.098882675170898,36.99,66.38539123535156,1348.0,0.0,1367.0,0.0289815552532672,100.0,57.33357620239258,222.0,0.0
3813,0.0,1892.0,10.098882675170898,36.99,66.38539123535156,1348.0,0.0,1367.0,0.0289815552532672,100.0,57.33357620239258,222.0,0.0
3814,0.0,1892.0,10.098882675170898,36.99,66.38539123535156,1348.0,0.0,1367.0,0.0289815552532672,100.0,57.33357620239258,222.0,0.0
3815,0.0,1892.0,10.098882675170898,36.99,66.38539123535156,1348.0,0.0,1367.0,0.0289815552532672,100.0,57.33357620239258,222.0,0.0
3816,0.0,1892.0,10.098882675170898,36.99,66.38539123535156,1348.0,0.0,1367.0,0.0289815552532672,100.0,57.33357620239258,222.0,0.0
3817,0.0,1892.0,10.23327922821045,36.99,65.40523529052734,1213.0,0.0,1367.0,0.0021789013408124,100.0,57.602203369140625,222.0,0.0
3818,0.0,1892.0,10.23327922821045,36.99,65.40523529052734,1213.0,0.0,1367.0,0.0021789013408124,100.0,57.602203369140625,222.0,0.0
3819,0.0,1892.0,10.23327922821045,36.99,65.40523529052734,1213.0,0.0,1367.0,0.0021789013408124,100.0,57.602203369140625,222.0,0.0
3820,0.0,1892.0,10.23327922821045,36.99,65.40523529052734,1213.0,0.0,1367.0,0.0021789013408124,100.0,57.602203369140625,222.0,0.0
3821,0.0,1892.0,10.23327922821045,36.99,65.40523529052734,1213.0,0.0,1367.0,0.0021789013408124,100.0,57.602203369140625,222.0,0.0
3822,0.0,1892.0,10.13636302947998,36.99,64.7249526977539,1183.0,0.0,1367.0,0.000979573931545,100.0,57.468994140625,222.0,0.0
3823,0.0,1892.0,10.13636302947998,36.99,64.7249526977539,1183.0,0.0,1367.0,0.000979573931545,100.0,57.468994140625,222.0,0.0
3824,0.0,1892.0,10.13636302947998,36.99,64.7249526977539,1183.0,0.0,1367.0,0.000979573931545,100.0,57.468994140625,222.0,0.0
3825,0.0,1892.0,10.13636302947998,36.99,64.7249526977539,1183.0,0.0,1367.0,0.000979573931545,100.0,57.468994140625,222.0,0.0
3826,0.0,1892.0,10.13636302947998,36.99,64.7249526977539,1183.0,0.0,1367.0,0.000979573931545,100.0,57.468994140625,222.0,0.0
3827,0.0,1892.0,10.131217956542969,36.99,64.5957260131836,1204.0,0.0,1367.0,0.0017693521222099,100.0,57.429405212402344,111.0,0.0
3828,0.0,1892.0,10.131217956542969,36.99,64.5957260131836,1204.0,0.0,1367.0,0.0017693521222099,100.0,57.429405212402344,111.0,0.0
3829,0.0,1892.0,10.131217956542969,36.99,64.5957260131836,1204.0,0.0,1367.0,0.0017693521222099,100.0,57.429405212402344,111.0,0.0
3830,0.0,1892.0,10.131217956542969,36.99,64.5957260131836,1204.0,0.0,1367.0,0.0017693521222099,100.0,57.429405212402344,111.0,0.0
3831,0.0,1892.0,10.131217956542969,36.99,64.5957260131836,1204.0,0.0,1367.0,0.0017693521222099,100.0,57.429405212402344,111.0,0.0
3832,0.0,1892.0,10.362176895141602,36.99,65.88374328613281,1500.0,0.0,1367.0,0.0007426274241879,100.0,57.523681640625,111.0,0.0
3833,0.0,1892.0,10.362176895141602,36.99,65.88374328613281,1500.0,0.0,1367.0,0.0007426274241879,100.0,57.523681640625,111.0,0.0
3834,0.0,1892.0,10.362176895141602,36.99,65.88374328613281,1500.0,0.0,1367.0,0.0007426274241879,100.0,57.523681640625,111.0,0.0
3835,0.0,1892.0,10.362176895141602,36.99,65.88374328613281,1500.0,0.0,1367.0,0.0007426274241879,100.0,57.523681640625,111.0,0.0
3836,0.0,1892.0,10.362176895141602,36.99,65.88374328613281,1500.0,0.0,1367.0,0.0007426274241879,100.0,57.523681640625,111.0,0.0
3837,0.0,1892.0,10.347410202026367,36.99,66.16503143310547,1140.0,0.0,1367.0,0.0009383189026266,100.0,57.40232467651367,111.0,0.0
3838,0.0,1892.0,10.347410202026367,36.99,66.16503143310547,1140.0,0.0,1367.0,0.0009383189026266,100.0,57.40232467651367,111.0,0.0
3839,0.0,1892.0,10.347410202026367,36.99,66.16503143310547,1140.0,0.0,1367.0,0.0009383189026266,100.0,57.40232467651367,111.0,0.0
3840,0.0,1892.0,10.347410202026367,36.99,66.16503143310547,1140.0,0.0,1367.0,0.0009383189026266,100.0,57.40232467651367,111.0,0.0
3841,0.0,1892.0,10.347410202026367,36.99,66.16503143310547,1140.0,0.0,1367.0,0.0009383189026266,100.0,57.40232467651367,111.0,0.0
3842,0.0,1892.0,10.382424354553224,36.99,65.55223846435547,989.0,0.0,1367.0,0.001414188183844,100.0,57.402320861816406,222.0,0.0
3843,0.0,1892.0,10.382424354553224,36.99,65.55223846435547,989.0,0.0,1367.0,0.001414188183844,100.0,57.402320861816406,222.0,0.0
3844,0.0,1892.0,10.382424354553224,36.99,65.55223846435547,989.0,0.0,1367.0,0.001414188183844,100.0,57.402320861816406,222.0,0.0
3845,0.0,1892.0,10.382424354553224,36.99,65.55223846435547,989.0,0.0,1367.0,0.001414188183844,100.0,57.402320861816406,222.0,0.0
3846,0.0,1892.0,10.382424354553224,36.99,65.55223846435547,989.0,0.0,1367.0,0.001414188183844,100.0,57.402320861816406,222.0,0.0
3847,0.0,1892.0,10.29237174987793,36.99,65.18704223632812,1028.0,0.0,1367.0,0.0013599202502518,100.0,57.313262939453125,111.0,0.0
3848,0.0,1892.0,10.29237174987793,36.99,65.18704223632812,1028.0,0.0,1367.0,0.0013599202502518,100.0,57.313262939453125,111.0,0.0
3849,0.0,1892.0,10.29237174987793,36.99,65.18704223632812,1028.0,0.0,1367.0,0.0013599202502518,100.0,57.313262939453125,111.0,0.0
3850,0.0,1892.0,10.29237174987793,36.99,65.18704223632812,1028.0,0.0,1367.0,0.0013599202502518,100.0,57.313262939453125,111.0,0.0
3851,0.0,1892.0,10.29237174987793,36.99,65.18704223632812,1028.0,0.0,1367.0,0.0013599202502518,100.0,57.313262939453125,111.0,0.0
3852,0.0,1892.0,10.250612258911133,36.99,64.88237762451172,1070.0,0.0,1367.0,0.0016455729492008,100.0,57.321067810058594,222.0,0.0
3853,0.0,1892.0,10.250612258911133,36.99,64.88237762451172,1070.0,0.0,1367.0,0.0016455729492008,100.0,57.321067810058594,222.0,0.0
3854,0.0,1892.0,10.250612258911133,36.99,64.88237762451172,1070.0,0.0,1367.0,0.0016455729492008,100.0,57.321067810058594,222.0,0.0
3855,0.0,1892.0,10.250612258911133,36.99,64.88237762451172,1070.0,0.0,1367.0,0.0016455729492008,100.0,57.321067810058594,222.0,0.0
3856,0.0,1892.0,10.250612258911133,36.99,64.88237762451172,1070.0,0.0,1367.0,0.0016455729492008,100.0,57.321067810058594,222.0,0.0
3857,0.0,1892.0,10.136018753051758,36.99,66.19499206542969,1126.0,0.0,1367.0,0.0007585700368508,100.0,57.23743438720703,222.0,0.0
3858,0.0,1892.0,10.136018753051758,36.99,66.19499206542969,1126.0,0.0,1367.0,0.0007585700368508,100.0,57.23743438720703,222.0,0.0
3859,0.0,1892.0,10.136018753051758,36.99,66.19499206542969,1126.0,0.0,1367.0,0.0007585700368508,100.0,57.23743438720703,222.0,0.0
3860,0.0,1892.0,10.136018753051758,36.99,66.19499206542969,1126.0,0.0,1367.0,0.0007585700368508,100.0,57.23743438720703,222.0,0.0
3861,0.0,1892.0,10.136018753051758,36.99,66.19499206542969,1126.0,0.0,1367.0,0.0007585700368508,100.0,57.23743438720703,222.0,0.0
3862,0.0,1892.0,10.25442886352539,36.99,65.2132339477539,1507.0,0.0,1367.0,0.0010208287276327,100.0,57.3616943359375,222.0,0.0
3863,0.0,1892.0,10.25442886352539,36.99,65.2132339477539,1507.0,0.0,1367.0,0.0010208287276327,100.0,57.3616943359375,222.0,0.0
3864,0.0,1892.0,10.25442886352539,36.99,65.2132339477539,1507.0,0.0,1367.0,0.0010208287276327,100.0,57.3616943359375,222.0,0.0
3865,0.0,1892.0,10.25442886352539,36.99,65.2132339477539,1507.0,0.0,1367.0,0.0010208287276327,100.0,57.3616943359375,222.0,0.0
3866,0.0,1892.0,10.25442886352539,36.99,65.2132339477539,1507.0,0.0,1367.0,0.0010208287276327,100.0,57.3616943359375,222.0,0.0
3867,0.0,1892.0,10.10527229309082,36.99,65.53288269042969,1208.0,0.0,1367.0,0.0018166773952543,100.0,57.51066207885742,222.0,0.0
3868,0.0,1892.0,10.10527229309082,36.99,65.53288269042969,1208.0,0.0,1367.0,0.0018166773952543,100.0,57.51066207885742,222.0,0.0
3869,0.0,1892.0,10.10527229309082,36.99,65.53288269042969,1208.0,0.0,1367.0,0.0018166773952543,100.0,57.51066207885742,222.0,0.0
3870,0.0,1892.0,10.10527229309082,36.99,65.53288269042969,1208.0,0.0,1367.0,0.0018166773952543,100.0,57.51066207885742,222.0,0.0
3871,0.0,1892.0,10.10527229309082,36.99,65.53288269042969,1208.0,0.0,1367.0,0.0018166773952543,100.0,57.51066207885742,222.0,0.0
3872,0.0,1892.0,10.103911399841309,36.99,64.51240539550781,1207.0,0.0,1367.0,0.0011233716504648,100.0,57.42836380004883,222.0,0.0
3873,0.0,1892.0,10.103911399841309,36.99,64.51240539550781,1207.0,0.0,1367.0,0.0011233716504648,100.0,57.42836380004883,222.0,0.0
3874,0.0,1892.0,10.103911399841309,36.99,64.51240539550781,1207.0,0.0,1367.0,0.0011233716504648,100.0,57.42836380004883,222.0,0.0
3875,0.0,1892.0,10.103911399841309,36.99,64.51240539550781,1207.0,0.0,1367.0,0.0011233716504648,100.0,57.42836380004883,222.0,0.0
3876,0.0,1892.0,10.103911399841309,36.99,64.51240539550781,1207.0,0.0,1367.0,0.0011233716504648,100.0,57.42836380004883,222.0,0.0
3877,0.0,1892.0,10.262252807617188,36.99,66.39285278320312,1163.0,0.0,1367.0,0.0013009387766942,100.0,57.414825439453125,111.0,0.0
3878,0.0,1892.0,10.262252807617188,36.99,66.39285278320312,1163.0,0.0,1367.0,0.0013009387766942,100.0,57.414825439453125,111.0,0.0
3879,0.0,1892.0,10.262252807617188,36.99,66.39285278320312,1163.0,0.0,1367.0,0.0013009387766942,100.0,57.414825439453125,111.0,0.0
3880,0.0,1892.0,10.262252807617188,36.99,66.39285278320312,1163.0,0.0,1367.0,0.0013009387766942,100.0,57.414825439453125,111.0,0.0
3881,0.0,1892.0,10.262252807617188,36.99,66.39285278320312,1163.0,0.0,1367.0,0.0013009387766942,100.0,57.414825439453125,111.0,0.0
3882,0.0,1892.0,10.29510498046875,36.99,64.56375885009766,1045.0,0.0,1367.0,0.000930824840907,100.0,57.29294967651367,222.0,0.0
3883,0.0,1892.0,10.29510498046875,36.99,64.56375885009766,1045.0,0.0,1367.0,0.000930824840907,100.0,57.29294967651367,222.0,0.0
3884,0.0,1892.0,10.29510498046875,36.99,64.56375885009766,1045.0,0.0,1367.0,0.000930824840907,100.0,57.29294967651367,222.0,0.0
3885,0.0,1892.0,10.29510498046875,36.99,64.56375885009766,1045.0,0.0,1367.0,0.000930824840907,100.0,57.29294967651367,222.0,0.0
3886,0.0,1892.0,10.29510498046875,36.99,64.56375885009766,1045.0,0.0,1367.0,0.000930824840907,100.0,57.29294967651367,222.0,0.0
3887,0.0,1892.0,10.370124816894531,36.99,65.5562744140625,1224.0,0.0,1367.0,0.0017698998562991,100.0,57.31951904296875,222.0,0.0
3888,0.0,1892.0,10.370124816894531,36.99,65.5562744140625,1224.0,0.0,1367.0,0.0017698998562991,100.0,57.31951904296875,222.0,0.0
3889,0.0,1892.0,10.370124816894531,36.99,65.5562744140625,1224.0,0.0,1367.0,0.0017698998562991,100.0,57.31951904296875,222.0,0.0
3890,0.0,1892.0,10.370124816894531,36.99,65.5562744140625,1224.0,0.0,1367.0,0.0017698998562991,100.0,57.31951904296875,222.0,0.0
3891,0.0,1892.0,10.370124816894531,36.99,65.5562744140625,1224.0,0.0,1367.0,0.0017698998562991,100.0,57.31951904296875,222.0,0.0
3892,0.0,1892.0,10.480106353759766,36.99,65.31726837158203,1390.0,0.0,1367.0,0.0005064511206001,100.0,57.313262939453125,111.0,0.0
3893,0.0,1892.0,10.480106353759766,36.99,65.31726837158203,1390.0,0.0,1367.0,0.0005064511206001,100.0,57.313262939453125,111.0,0.0
3894,0.0,1892.0,10.480106353759766,36.99,65.31726837158203,1390.0,0.0,1367.0,0.0005064511206001,100.0,57.313262939453125,111.0,0.0
3895,0.0,1892.0,10.480106353759766,36.99,65.31726837158203,1390.0,0.0,1367.0,0.0005064511206001,100.0,57.313262939453125,111.0,0.0
3896,0.0,1892.0,10.480106353759766,36.99,65.31726837158203,1390.0,0.0,1367.0,0.0005064511206001,100.0,57.313262939453125,111.0,0.0
3897,0.0,1892.0,10.289202690124512,36.99,66.111572265625,1047.0,0.0,1367.0,0.0018231230787932,100.0,57.296592712402344,222.0,0.0
3898,0.0,1892.0,10.289202690124512,36.99,66.111572265625,1047.0,0.0,1367.0,0.0018231230787932,100.0,57.296592712402344,222.0,0.0
3899,0.0,1892.0,10.289202690124512,36.99,66.111572265625,1047.0,0.0,1367.0,0.0018231230787932,100.0,57.296592712402344,222.0,0.0
3900,0.0,1892.0,10.289202690124512,36.99,66.111572265625,1047.0,0.0,1367.0,0.0018231230787932,100.0,57.296592712402344,222.0,0.0
3901,0.0,1892.0,10.289202690124512,36.99,66.111572265625,1047.0,0.0,1367.0,0.0018231230787932,100.0,57.296592712402344,222.0,0.0
3902,0.0,1892.0,10.11314868927002,36.99,64.57042694091797,1092.0,0.0,1367.0,0.0010917630279436,100.0,57.23774337768555,111.0,0.0
3903,0.0,1892.0,10.11314868927002,36.99,64.57042694091797,1092.0,0.0,1367.0,0.0010917630279436,100.0,57.23774337768555,111.0,0.0
3904,0.0,1892.0,10.11314868927002,36.99,64.57042694091797,1092.0,0.0,1367.0,0.0010917630279436,100.0,57.23774337768555,111.0,0.0
3905,0.0,1892.0,10.11314868927002,36.99,64.57042694091797,1092.0,0.0,1367.0,0.0010917630279436,100.0,57.23774337768555,111.0,0.0
3906,0.0,1892.0,10.11314868927002,36.99,64.57042694091797,1092.0,0.0,1367.0,0.0010917630279436,100.0,57.23774337768555,111.0,0.0
3907,0.0,1892.0,10.110360145568848,36.99,64.6460952758789,1039.0,0.0,1367.0,0.001218571444042,100.0,57.42733001708984,222.0,0.0
3908,0.0,1892.0,10.110360145568848,36.99,64.6460952758789,1039.0,0.0,1367.0,0.001218571444042,100.0,57.42733001708984,222.0,0.0
3909,0.0,1892.0,10.110360145568848,36.99,64.6460952758789,1039.0,0.0,1367.0,0.001218571444042,100.0,57.42733001708984,222.0,0.0
3910,0.0,1892.0,10.110360145568848,36.99,64.6460952758789,1039.0,0.0,1367.0,0.001218571444042,100.0,57.42733001708984,222.0,0.0
3911,0.0,1892.0,10.110360145568848,36.99,64.6460952758789,1039.0,0.0,1367.0,0.001218571444042,100.0,57.42733001708984,222.0,0.0
3912,0.0,1892.0,10.241945266723633,36.99,66.1861343383789,1329.0,0.0,1367.0,0.0025481912307441,100.0,57.3567008972168,333.0,0.0
3913,0.0,1892.0,10.241945266723633,36.99,66.1861343383789,1329.0,0.0,1367.0,0.0025481912307441,100.0,57.3567008972168,333.0,0.0
3914,0.0,1892.0,10.241945266723633,36.99,66.1861343383789,1329.0,0.0,1367.0,0.0025481912307441,100.0,57.3567008972168,333.0,0.0
3915,0.0,1892.0,10.241945266723633,36.99,66.1861343383789,1329.0,0.0,1367.0,0.0025481912307441,100.0,57.3567008972168,333.0,0.0
3916,0.0,1892.0,10.241945266723633,36.99,66.1861343383789,1329.0,0.0,1367.0,0.0025481912307441,100.0,57.3567008972168,333.0,0.0
3917,0.0,1892.0,10.046130180358888,36.99,64.6005859375,1007.0,0.0,1367.0,0.0007502665393985,100.0,57.46794891357422,111.0,0.0
3918,0.0,1892.0,10.046130180358888,36.99,64.6005859375,1007.0,0.0,1367.0,0.0007502665393985,100.0,57.46794891357422,111.0,0.0
3919,0.0,1892.0,10.046130180358888,36.99,64.6005859375,1007.0,0.0,1367.0,0.0007502665393985,100.0,57.46794891357422,111.0,0.0
3920,0.0,1892.0,10.046130180358888,36.99,64.6005859375,1007.0,0.0,1367.0,0.0007502665393985,100.0,57.46794891357422,111.0,0.0
3921,0.0,1892.0,10.046130180358888,36.99,64.6005859375,1007.0,0.0,1367.0,0.0007502665393985,100.0,57.46794891357422,111.0,0.0
3922,0.0,1892.0,10.327449798583984,36.99,66.7047119140625,1300.0,0.0,1367.0,0.0016143998363986,100.0,57.3325309753418,222.0,0.0
3923,0.0,1892.0,10.327449798583984,36.99,66.7047119140625,1300.0,0.0,1367.0,0.0016143998363986,100.0,57.3325309753418,222.0,0.0
3924,0.0,1892.0,10.327449798583984,36.99,66.7047119140625,1300.0,0.0,1367.0,0.0016143998363986,100.0,57.3325309753418,222.0,0.0
3925,0.0,1892.0,10.327449798583984,36.99,66.7047119140625,1300.0,0.0,1367.0,0.0016143998363986,100.0,57.3325309753418,222.0,0.0
3926,0.0,1892.0,10.327449798583984,36.99,66.7047119140625,1300.0,0.0,1367.0,0.0016143998363986,100.0,57.3325309753418,222.0,0.0
3927,0.0,1892.0,10.306949615478516,36.99,64.72103118896484,1300.0,0.0,1367.0,0.0009368618484586,100.0,57.30857467651367,111.0,0.0
3928,0.0,1892.0,10.306949615478516,36.99,64.72103118896484,1300.0,0.0,1367.0,0.0009368618484586,100.0,57.30857467651367,111.0,0.0
3929,0.0,1892.0,10.306949615478516,36.99,64.72103118896484,1300.0,0.0,1367.0,0.0009368618484586,100.0,57.30857467651367,111.0,0.0
3930,0.0,1892.0,10.306949615478516,36.99,64.72103118896484,1300.0,0.0,1367.0,0.0009368618484586,100.0,57.30857467651367,111.0,0.0
3931,0.0,1892.0,10.306949615478516,36.99,64.72103118896484,1300.0,0.0,1367.0,0.0009368618484586,100.0,57.30857467651367,111.0,0.0
3932,0.0,1892.0,10.352664947509766,36.99,64.83174133300781,1187.0,0.0,1367.0,0.0009419941925443,100.0,57.320030212402344,111.0,0.0
3933,0.0,1892.0,10.352664947509766,36.99,64.83174133300781,1187.0,0.0,1367.0,0.0009419941925443,100.0,57.320030212402344,111.0,0.0
3934,0.0,1892.0,10.352664947509766,36.99,64.83174133300781,1187.0,0.0,1367.0,0.0009419941925443,100.0,57.320030212402344,111.0,0.0
3935,0.0,1892.0,10.352664947509766,36.99,64.83174133300781,1187.0,0.0,1367.0,0.0009419941925443,100.0,57.320030212402344,111.0,0.0
3936,0.0,1892.0,10.352664947509766,36.99,64.83174133300781,1187.0,0.0,1367.0,0.0009419941925443,100.0,57.320030212402344,111.0,0.0
3937,0.0,1892.0,10.36865520477295,36.99,64.7564697265625,1064.0,0.0,1367.0,0.0014420096995308,100.0,57.19919967651367,222.0,0.0
3938,0.0,1892.0,10.36865520477295,36.99,64.7564697265625,1064.0,0.0,1367.0,0.0014420096995308,100.0,57.19919967651367,222.0,0.0
3939,0.0,1892.0,10.36865520477295,36.99,64.7564697265625,1064.0,0.0,1367.0,0.0014420096995308,100.0,57.19919967651367,222.0,0.0
3940,0.0,1892.0,10.36865520477295,36.99,64.7564697265625,1064.0,0.0,1367.0,0.0014420096995308,100.0,57.19919967651367,222.0,0.0
3941,0.0,1892.0,10.36865520477295,36.99,64.7564697265625,1064.0,0.0,1367.0,0.0014420096995308,100.0,57.19919967651367,222.0,0.0
3942,0.0,1892.0,10.220410346984863,36.99,65.2857894897461,1162.0,0.0,1367.0,0.001379933906719,100.0,57.31732940673828,111.0,0.0
3943,0.0,1892.0,10.220410346984863,36.99,65.2857894897461,1162.0,0.0,1367.0,0.001379933906719,100.0,57.31732940673828,111.0,0.0
3944,0.0,1892.0,10.220410346984863,36.99,65.2857894897461,1162.0,0.0,1367.0,0.001379933906719,100.0,57.31732940673828,111.0,0.0
3945,0.0,1892.0,10.220410346984863,36.99,65.2857894897461,1162.0,0.0,1367.0,0.001379933906719,100.0,57.31732940673828,111.0,0.0
3946,0.0,1892.0,10.220410346984863,36.99,65.2857894897461,1162.0,0.0,1367.0,0.001379933906719,100.0,57.31732940673828,111.0,0.0
3947,0.0,1892.0,10.088279724121094,36.99,66.09981536865234,1102.0,0.0,1367.0,0.0014921555994078,100.0,57.18253326416016,111.0,0.0
3948,0.0,1892.0,10.088279724121094,36.99,66.09981536865234,1102.0,0.0,1367.0,0.0014921555994078,100.0,57.18253326416016,111.0,0.0
3949,0.0,1892.0,10.088279724121094,36.99,66.09981536865234,1102.0,0.0,1367.0,0.0014921555994078,100.0,57.18253326416016,111.0,0.0
3950,0.0,1892.0,10.088279724121094,36.99,66.09981536865234,1102.0,0.0,1367.0,0.0014921555994078,100.0,57.18253326416016,111.0,0.0
3951,0.0,1892.0,10.088279724121094,36.99,66.09981536865234,1102.0,0.0,1367.0,0.0014921555994078,100.0,57.18253326416016,111.0,0.0
3952,0.0,1892.0,10.698479652404783,36.99,66.17277526855469,1932.0,0.0,1367.0,0.0349633283913135,100.0,57.3410758972168,319.0,0.0
3953,0.0,1892.0,10.698479652404783,36.99,66.17277526855469,1932.0,0.0,1367.0,0.0349633283913135,100.0,57.3410758972168,319.0,0.0
3954,0.0,1892.0,10.698479652404783,36.99,66.17277526855469,1932.0,0.0,1367.0,0.0349633283913135,100.0,57.3410758972168,319.0,0.0
3955,0.0,1892.0,10.698479652404783,36.99,66.17277526855469,1932.0,0.0,1367.0,0.0349633283913135,100.0,57.3410758972168,319.0,0.0
3956,0.0,1892.0,10.698479652404783,36.99,66.17277526855469,1932.0,0.0,1367.0,0.0349633283913135,100.0,57.3410758972168,319.0,0.0
3957,0.0,1892.0,10.551351547241213,36.99,66.59788513183594,2114.0,0.0,1367.0,0.0018153259297832,100.0,57.6256217956543,111.0,0.0
3958,0.0,1892.0,10.551351547241213,36.99,66.59788513183594,2114.0,0.0,1367.0,0.0018153259297832,100.0,57.6256217956543,111.0,0.0
3959,0.0,1892.0,10.551351547241213,36.99,66.59788513183594,2114.0,0.0,1367.0,0.0018153259297832,100.0,57.6256217956543,111.0,0.0
3960,0.0,1892.0,10.551351547241213,36.99,66.59788513183594,2114.0,0.0,1367.0,0.0018153259297832,100.0,57.6256217956543,111.0,0.0
3961,0.0,1892.0,10.551351547241213,36.99,66.59788513183594,2114.0,0.0,1367.0,0.0018153259297832,100.0,57.6256217956543,111.0,0.0
3962,0.0,1892.0,10.319339752197266,36.99,66.1568832397461,1385.0,0.0,1367.0,0.0232392083853483,100.0,57.65857696533203,222.0,0.0
3963,0.0,1892.0,10.319339752197266,36.99,66.1568832397461,1385.0,0.0,1367.0,0.0232392083853483,100.0,57.65857696533203,222.0,0.0
3964,0.0,1892.0,10.319339752197266,36.99,66.1568832397461,1385.0,0.0,1367.0,0.0232392083853483,100.0,57.65857696533203,222.0,0.0
3965,0.0,1892.0,10.319339752197266,36.99,66.1568832397461,1385.0,0.0,1367.0,0.0232392083853483,100.0,57.65857696533203,222.0,0.0
3966,0.0,1892.0,10.319339752197266,36.99,66.1568832397461,1385.0,0.0,1367.0,0.0232392083853483,100.0,57.65857696533203,222.0,0.0
3967,0.0,1892.0,10.476188659667969,36.99,66.3543930053711,1397.0,0.0,1367.0,0.0015235894825309,100.0,57.53558349609375,111.0,0.0
3968,0.0,1892.0,10.476188659667969,36.99,66.3543930053711,1397.0,0.0,1367.0,0.0015235894825309,100.0,57.53558349609375,111.0,0.0
3969,0.0,1892.0,10.476188659667969,36.99,66.3543930053711,1397.0,0.0,1367.0,0.0015235894825309,100.0,57.53558349609375,111.0,0.0
3970,0.0,1892.0,10.476188659667969,36.99,66.3543930053711,1397.0,0.0,1367.0,0.0015235894825309,100.0,57.53558349609375,111.0,0.0
3971,0.0,1892.0,10.476188659667969,36.99,66.3543930053711,1397.0,0.0,1367.0,0.0015235894825309,100.0,57.53558349609375,111.0,0.0
3972,0.0,1892.0,10.28114891052246,36.99,66.30380249023438,983.0,0.0,1367.0,0.0018109834054484,100.0,57.36065673828125,250.0,0.0
3973,0.0,1892.0,10.28114891052246,36.99,66.30380249023438,983.0,0.0,1367.0,0.0018109834054484,100.0,57.36065673828125,250.0,0.0
3974,0.0,1892.0,10.28114891052246,36.99,66.30380249023438,983.0,0.0,1367.0,0.0018109834054484,100.0,57.36065673828125,250.0,0.0
3975,0.0,1892.0,10.28114891052246,36.99,66.30380249023438,983.0,0.0,1367.0,0.0018109834054484,100.0,57.36065673828125,250.0,0.0
3976,0.0,1892.0,10.28114891052246,36.99,66.30380249023438,983.0,0.0,1367.0,0.0018109834054484,100.0,57.36065673828125,250.0,0.0
3977,0.0,1892.0,10.313987731933594,36.99,64.82386779785156,1103.0,0.0,1367.0,0.000813940714579,100.0,57.31732940673828,111.0,0.0
3978,0.0,1892.0,10.313987731933594,36.99,64.82386779785156,1103.0,0.0,1367.0,0.000813940714579,100.0,57.31732940673828,111.0,0.0
3979,0.0,1892.0,10.313987731933594,36.99,64.82386779785156,1103.0,0.0,1367.0,0.000813940714579,100.0,57.31732940673828,111.0,0.0
3980,0.0,1892.0,10.313987731933594,36.99,64.82386779785156,1103.0,0.0,1367.0,0.000813940714579,100.0,57.31732940673828,111.0,0.0
3981,0.0,1892.0,10.313987731933594,36.99,64.82386779785156,1103.0,0.0,1367.0,0.000813940714579,100.0,57.31732940673828,111.0,0.0
3982,0.0,1892.0,10.358461380004885,36.99,64.99346923828125,1023.0,0.0,1367.0,0.0011013220064342,100.0,57.33357620239258,111.0,0.0
3983,0.0,1892.0,10.358461380004885,36.99,64.99346923828125,1023.0,0.0,1367.0,0.0011013220064342,100.0,57.33357620239258,111.0,0.0
3984,0.0,1892.0,10.358461380004885,36.99,64.99346923828125,1023.0,0.0,1367.0,0.0011013220064342,100.0,57.33357620239258,111.0,0.0
3985,0.0,1892.0,10.358461380004885,36.99,64.99346923828125,1023.0,0.0,1367.0,0.0011013220064342,100.0,57.33357620239258,111.0,0.0
3986,0.0,1892.0,10.358461380004885,36.99,64.99346923828125,1023.0,0.0,1367.0,0.0011013220064342,100.0,57.33357620239258,111.0,0.0
3987,0.0,1892.0,10.30348777770996,36.99,66.02796936035156,1425.0,0.0,1367.0,0.0227126013487577,100.0,57.29294967651367,333.0,0.0
3988,0.0,1892.0,10.30348777770996,36.99,66.02796936035156,1425.0,0.0,1367.0,0.0227126013487577,100.0,57.29294967651367,333.0,0.0
3989,0.0,1892.0,10.30348777770996,36.99,66.02796936035156,1425.0,0.0,1367.0,0.0227126013487577,100.0,57.29294967651367,333.0,0.0
3990,0.0,1892.0,10.30348777770996,36.99,66.02796936035156,1425.0,0.0,1367.0,0.0227126013487577,100.0,57.29294967651367,333.0,0.0
3991,0.0,1892.0,10.30348777770996,36.99,66.02796936035156,1425.0,0.0,1367.0,0.0227126013487577,100.0,57.29294967651367,333.0,0.0
3992,0.0,1892.0,10.079803466796877,36.99,64.6480941772461,1195.0,0.0,1367.0,0.0104087460786104,100.0,57.44763946533203,222.0,0.0
3993,0.0,1892.0,10.079803466796877,36.99,64.6480941772461,1195.0,0.0,1367.0,0.0104087460786104,100.0,57.44763946533203,222.0,0.0
3994,0.0,1892.0,10.079803466796877,36.99,64.6480941772461,1195.0,0.0,1367.0,0.0104087460786104,100.0,57.44763946533203,222.0,0.0
3995,0.0,1892.0,10.079803466796877,36.99,64.6480941772461,1195.0,0.0,1367.0,0.0104087460786104,100.0,57.44763946533203,222.0,0.0
3996,0.0,1892.0,10.079803466796877,36.99,64.6480941772461,1195.0,0.0,1367.0,0.0104087460786104,100.0,57.44763946533203,222.0,0.0
3997,0.0,1892.0,10.152920722961426,36.99,64.64680480957031,1037.0,0.0,1367.0,0.0013672201894223,100.0,57.430450439453125,222.0,0.0
3998,0.0,1892.0,10.152920722961426,36.99,64.64680480957031,1037.0,0.0,1367.0,0.0013672201894223,100.0,57.430450439453125,222.0,0.0
3999,0.0,1892.0,10.152920722961426,36.99,64.64680480957031,1037.0,0.0,1367.0,0.0013672201894223,100.0,57.430450439453125,222.0,0.0
4000,0.0,1892.0,10.152920722961426,36.99,64.64680480957031,1037.0,0.0,1367.0,0.0013672201894223,100.0,57.430450439453125,222.0,0.0
4001,0.0,1892.0,10.152920722961426,36.99,64.64680480957031,1037.0,0.0,1367.0,0.0013672201894223,100.0,57.430450439453125,222.0,0.0
4002,0.0,1892.0,10.04743766784668,36.99,64.5712661743164,1053.0,0.0,1367.0,0.0009215467143803,100.0,57.320030212402344,111.0,0.0
4003,0.0,1892.0,10.04743766784668,36.99,64.5712661743164,1053.0,0.0,1367.0,0.0009215467143803,100.0,57.320030212402344,111.0,0.0
4004,0.0,1892.0,10.04743766784668,36.99,64.5712661743164,1053.0,0.0,1367.0,0.0009215467143803,100.0,57.320030212402344,111.0,0.0
4005,0.0,1892.0,10.04743766784668,36.99,64.5712661743164,1053.0,0.0,1367.0,0.0009215467143803,100.0,57.320030212402344,111.0,0.0
4006,0.0,1892.0,10.04743766784668,36.99,64.5712661743164,1053.0,0.0,1367.0,0.0009215467143803,100.0,57.320030212402344,111.0,0.0
4007,0.0,1892.0,10.198662757873535,36.99,64.455322265625,1130.0,0.0,1367.0,0.0009257666533812,100.0,57.304412841796875,111.0,0.0
4008,0.0,1892.0,10.198662757873535,36.99,64.455322265625,1130.0,0.0,1367.0,0.0009257666533812,100.0,57.304412841796875,111.0,0.0
4009,0.0,1892.0,10.198662757873535,36.99,64.455322265625,1130.0,0.0,1367.0,0.0009257666533812,100.0,57.304412841796875,111.0,0.0
4010,0.0,1892.0,10.198662757873535,36.99,64.455322265625,1130.0,0.0,1367.0,0.0009257666533812,100.0,57.304412841796875,111.0,0.0
4011,0.0,1892.0,10.198662757873535,36.99,64.455322265625,1130.0,0.0,1367.0,0.0009257666533812,100.0,57.304412841796875,111.0,0.0
4012,0.0,1892.0,10.466245651245115,36.99,66.19097137451172,1397.0,0.0,1367.0,0.0019756418187171,100.0,57.4085807800293,111.0,0.0
4013,0.0,1892.0,10.466245651245115,36.99,66.19097137451172,1397.0,0.0,1367.0,0.0019756418187171,100.0,57.4085807800293,111.0,0.0
4014,0.0,1892.0,10.466245651245115,36.99,66.19097137451172,1397.0,0.0,1367.0,0.0019756418187171,100.0,57.4085807800293,111.0,0.0
4015,0.0,1892.0,10.466245651245115,36.99,66.19097137451172,1397.0,0.0,1367.0,0.0019756418187171,100.0,57.4085807800293,111.0,0.0
4016,0.0,1892.0,10.466245651245115,36.99,66.19097137451172,1397.0,0.0,1367.0,0.0019756418187171,100.0,57.4085807800293,111.0,0.0
4017,0.0,1892.0,10.48012638092041,36.99,65.47257232666016,1393.0,0.0,1367.0,0.0011703291675075,100.0,57.27669525146485,333.0,0.0
4018,0.0,1892.0,10.48012638092041,36.99,65.47257232666016,1393.0,0.0,1367.0,0.0011703291675075,100.0,57.27669525146485,333.0,0.0
4019,0.0,1892.0,10.48012638092041,36.99,65.47257232666016,1393.0,0.0,1367.0,0.0011703291675075,100.0,57.27669525146485,333.0,0.0
4020,0.0,1892.0,10.48012638092041,36.99,65.47257232666016,1393.0,0.0,1367.0,0.0011703291675075,100.0,57.27669525146485,333.0,0.0
4021,0.0,1892.0,10.48012638092041,36.99,65.47257232666016,1393.0,0.0,1367.0,0.0011703291675075,100.0,57.27669525146485,333.0,0.0
4022,0.0,1892.0,10.304007530212402,36.99,64.6363754272461,1213.0,0.0,1367.0,0.0014917948283255,100.0,57.210655212402344,222.0,0.0
4023,0.0,1892.0,10.304007530212402,36.99,64.6363754272461,1213.0,0.0,1367.0,0.0014917948283255,100.0,57.210655212402344,222.0,0.0
4024,0.0,1892.0,10.304007530212402,36.99,64.6363754272461,1213.0,0.0,1367.0,0.0014917948283255,100.0,57.210655212402344,222.0,0.0
4025,0.0,1892.0,10.304007530212402,36.99,64.6363754272461,1213.0,0.0,1367.0,0.0014917948283255,100.0,57.210655212402344,222.0,0.0
4026,0.0,1892.0,10.304007530212402,36.99,64.6363754272461,1213.0,0.0,1367.0,0.0014917948283255,100.0,57.210655212402344,222.0,0.0
4027,0.0,1892.0,10.304007530212402,36.99,64.6363754272461,1213.0,0.0,1367.0,0.0014917948283255,100.0,57.210655212402344,222.0,0.0
4028,0.0,1892.0,10.291040420532228,36.99,64.69010925292969,1022.0,0.0,1367.0,0.0015890800859779,100.0,57.29294967651367,222.0,0.0
4029,0.0,1892.0,10.291040420532228,36.99,64.69010925292969,1022.0,0.0,1367.0,0.0015890800859779,100.0,57.29294967651367,222.0,0.0
4030,0.0,1892.0,10.291040420532228,36.99,64.69010925292969,1022.0,0.0,1367.0,0.0015890800859779,100.0,57.29294967651367,222.0,0.0
4031,0.0,1892.0,10.291040420532228,36.99,64.69010925292969,1022.0,0.0,1367.0,0.0015890800859779,100.0,57.29294967651367,222.0,0.0
4032,0.0,1892.0,10.291040420532228,36.99,64.69010925292969,1022.0,0.0,1367.0,0.0015890800859779,100.0,57.29294967651367,222.0,0.0
4033,0.0,1892.0,10.177010536193848,36.99,66.32310485839844,1065.0,0.0,1367.0,0.0014570779167115,100.0,57.320030212402344,222.0,0.0
4034,0.0,1892.0,10.177010536193848,36.99,66.32310485839844,1065.0,0.0,1367.0,0.0014570779167115,100.0,57.320030212402344,222.0,0.0
4035,0.0,1892.0,10.177010536193848,36.99,66.32310485839844,1065.0,0.0,1367.0,0.0014570779167115,100.0,57.320030212402344,222.0,0.0
4036,0.0,1892.0,10.177010536193848,36.99,66.32310485839844,1065.0,0.0,1367.0,0.0014570779167115,100.0,57.320030212402344,222.0,0.0
4037,0.0,1892.0,10.177010536193848,36.99,66.32310485839844,1065.0,0.0,1367.0,0.0014570779167115,100.0,57.320030212402344,222.0,0.0
4038,0.0,1892.0,10.043838500976562,36.99,64.75574493408203,1018.0,0.0,1367.0,0.001208632835187,100.0,57.42498016357422,111.0,0.0
4039,0.0,1892.0,10.043838500976562,36.99,64.75574493408203,1018.0,0.0,1367.0,0.001208632835187,100.0,57.42498016357422,111.0,0.0
4040,0.0,1892.0,10.043838500976562,36.99,64.75574493408203,1018.0,0.0,1367.0,0.001208632835187,100.0,57.42498016357422,111.0,0.0
4041,0.0,1892.0,10.043838500976562,36.99,64.75574493408203,1018.0,0.0,1367.0,0.001208632835187,100.0,57.42498016357422,111.0,0.0
4042,0.0,1892.0,10.043838500976562,36.99,64.75574493408203,1018.0,0.0,1367.0,0.001208632835187,100.0,57.42498016357422,111.0,0.0
4043,0.0,1892.0,10.36711311340332,36.99,64.72607421875,1807.0,0.0,1367.0,0.0243066102266311,100.0,57.30107498168945,333.0,0.0
4044,0.0,1892.0,10.36711311340332,36.99,64.72607421875,1807.0,0.0,1367.0,0.0243066102266311,100.0,57.30107498168945,333.0,0.0
4045,0.0,1892.0,10.36711311340332,36.99,64.72607421875,1807.0,0.0,1367.0,0.0243066102266311,100.0,57.30107498168945,333.0,0.0
4046,0.0,1892.0,10.36711311340332,36.99,64.72607421875,1807.0,0.0,1367.0,0.0243066102266311,100.0,57.30107498168945,333.0,0.0
4047,0.0,1892.0,10.36711311340332,36.99,64.72607421875,1807.0,0.0,1367.0,0.0243066102266311,100.0,57.30107498168945,333.0,0.0
4048,0.0,1892.0,11.120723724365234,36.99,66.3188247680664,1480.0,0.0,1367.0,0.2040911614894867,100.0,57.64812088012695,514.0,0.0
4049,0.0,1892.0,11.120723724365234,36.99,66.3188247680664,1480.0,0.0,1367.0,0.2040911614894867,100.0,57.64812088012695,514.0,0.0
4050,0.0,1892.0,11.120723724365234,36.99,66.3188247680664,1480.0,0.0,1367.0,0.2040911614894867,100.0,57.64812088012695,514.0,0.0
4051,0.0,1892.0,11.120723724365234,36.99,66.3188247680664,1480.0,0.0,1367.0,0.2040911614894867,100.0,57.64812088012695,514.0,0.0
4052,0.0,1892.0,11.120723724365234,36.99,66.3188247680664,1480.0,0.0,1367.0,0.2040911614894867,100.0,57.64812088012695,514.0,0.0
4053,0.0,1892.0,10.297658920288086,36.99,67.82149505615234,1185.0,0.0,1367.0,0.0045161941088736,100.0,57.883201599121094,333.0,0.0
4054,0.0,1892.0,10.297658920288086,36.99,67.82149505615234,1185.0,0.0,1367.0,0.0045161941088736,100.0,57.883201599121094,333.0,0.0
4055,0.0,1892.0,10.297658920288086,36.99,67.82149505615234,1185.0,0.0,1367.0,0.0045161941088736,100.0,57.883201599121094,333.0,0.0
4056,0.0,1892.0,10.297658920288086,36.99,67.82149505615234,1185.0,0.0,1367.0,0.0045161941088736,100.0,57.883201599121094,333.0,0.0
4057,0.0,1892.0,10.297658920288086,36.99,67.82149505615234,1185.0,0.0,1367.0,0.0045161941088736,100.0,57.883201599121094,333.0,0.0
4058,0.0,1892.0,10.538311004638672,36.99,64.80387115478516,1496.0,0.0,1367.0,0.0021100856829434,100.0,57.26690673828125,222.0,0.0
4059,0.0,1892.0,10.538311004638672,36.99,64.80387115478516,1496.0,0.0,1367.0,0.0021100856829434,100.0,57.26690673828125,222.0,0.0
4060,0.0,1892.0,10.538311004638672,36.99,64.80387115478516,1496.0,0.0,1367.0,0.0021100856829434,100.0,57.26690673828125,222.0,0.0
4061,0.0,1892.0,10.538311004638672,36.99,64.80387115478516,1496.0,0.0,1367.0,0.0021100856829434,100.0,57.26690673828125,222.0,0.0
4062,0.0,1892.0,10.538311004638672,36.99,64.80387115478516,1496.0,0.0,1367.0,0.0021100856829434,100.0,57.26690673828125,222.0,0.0
4063,0.0,1892.0,10.30752658843994,36.99,66.30061340332031,976.0,0.0,1367.0,0.0013596576172858,100.0,57.34880828857422,111.0,0.0
4064,0.0,1892.0,10.30752658843994,36.99,66.30061340332031,976.0,0.0,1367.0,0.0013596576172858,100.0,57.34880828857422,111.0,0.0
4065,0.0,1892.0,10.30752658843994,36.99,66.30061340332031,976.0,0.0,1367.0,0.0013596576172858,100.0,57.34880828857422,111.0,0.0
4066,0.0,1892.0,10.30752658843994,36.99,66.30061340332031,976.0,0.0,1367.0,0.0013596576172858,100.0,57.34880828857422,111.0,0.0
4067,0.0,1892.0,10.30752658843994,36.99,66.30061340332031,976.0,0.0,1367.0,0.0013596576172858,100.0,57.34880828857422,111.0,0.0
4068,0.0,1892.0,10.322033882141112,36.99,64.67659759521484,1182.0,0.0,1367.0,0.0016427021473646,100.0,57.25128936767578,276.0,0.0
4069,0.0,1892.0,10.322033882141112,36.99,64.67659759521484,1182.0,0.0,1367.0,0.0016427021473646,100.0,57.25128936767578,276.0,0.0
4070,0.0,1892.0,10.322033882141112,36.99,64.67659759521484,1182.0,0.0,1367.0,0.0016427021473646,100.0,57.25128936767578,276.0,0.0
4071,0.0,1892.0,10.322033882141112,36.99,64.67659759521484,1182.0,0.0,1367.0,0.0016427021473646,100.0,57.25128936767578,276.0,0.0
4072,0.0,1892.0,10.322033882141112,36.99,64.67659759521484,1182.0,0.0,1367.0,0.0016427021473646,100.0,57.25128936767578,276.0,0.0
4073,0.0,1892.0,10.267621994018556,36.99,65.45909881591797,1332.0,0.0,1367.0,0.0009388093021698,100.0,57.34138870239258,111.0,0.0
4074,0.0,1892.0,10.267621994018556,36.99,65.45909881591797,1332.0,0.0,1367.0,0.0009388093021698,100.0,57.34138870239258,111.0,0.0
4075,0.0,1892.0,10.267621994018556,36.99,65.45909881591797,1332.0,0.0,1367.0,0.0009388093021698,100.0,57.34138870239258,111.0,0.0
4076,0.0,1892.0,10.267621994018556,36.99,65.45909881591797,1332.0,0.0,1367.0,0.0009388093021698,100.0,57.34138870239258,111.0,0.0
4077,0.0,1892.0,10.267621994018556,36.99,65.45909881591797,1332.0,0.0,1367.0,0.0009388093021698,100.0,57.34138870239258,111.0,0.0
4078,0.0,1892.0,10.17711067199707,36.99,66.93037414550781,1278.0,0.0,1367.0,0.000976015580818,100.0,57.3731575012207,111.0,0.0
4079,0.0,1892.0,10.17711067199707,36.99,66.93037414550781,1278.0,0.0,1367.0,0.000976015580818,100.0,57.3731575012207,111.0,0.0
4080,0.0,1892.0,10.17711067199707,36.99,66.93037414550781,1278.0,0.0,1367.0,0.000976015580818,100.0,57.3731575012207,111.0,0.0
4081,0.0,1892.0,10.17711067199707,36.99,66.93037414550781,1278.0,0.0,1367.0,0.000976015580818,100.0,57.3731575012207,111.0,0.0
4082,0.0,1892.0,10.17711067199707,36.99,66.93037414550781,1278.0,0.0,1367.0,0.000976015580818,100.0,57.3731575012207,111.0,0.0
4083,0.0,1892.0,10.178559303283691,36.99,64.22745513916016,1208.0,0.0,1367.0,0.0018080943264067,100.0,57.36065673828125,222.0,0.0
4084,0.0,1892.0,10.178559303283691,36.99,64.22745513916016,1208.0,0.0,1367.0,0.0018080943264067,100.0,57.36065673828125,222.0,0.0
4085,0.0,1892.0,10.178559303283691,36.99,64.22745513916016,1208.0,0.0,1367.0,0.0018080943264067,100.0,57.36065673828125,222.0,0.0
4086,0.0,1892.0,10.178559303283691,36.99,64.22745513916016,1208.0,0.0,1367.0,0.0018080943264067,100.0,57.36065673828125,222.0,0.0
4087,0.0,1892.0,10.178559303283691,36.99,64.22745513916016,1208.0,0.0,1367.0,0.0018080943264067,100.0,57.36065673828125,222.0,0.0
4088,0.0,1892.0,10.127153396606444,36.99,65.06622314453125,1069.0,0.0,1367.0,0.0014201273443177,100.0,57.5101318359375,111.0,0.0
4089,0.0,1892.0,10.127153396606444,36.99,65.06622314453125,1069.0,0.0,1367.0,0.0014201273443177,100.0,57.5101318359375,111.0,0.0
4090,0.0,1892.0,10.127153396606444,36.99,65.06622314453125,1069.0,0.0,1367.0,0.0014201273443177,100.0,57.5101318359375,111.0,0.0
4091,0.0,1892.0,10.127153396606444,36.99,65.06622314453125,1069.0,0.0,1367.0,0.0014201273443177,100.0,57.5101318359375,111.0,0.0
4092,0.0,1892.0,10.127153396606444,36.99,65.06622314453125,1069.0,0.0,1367.0,0.0014201273443177,100.0,57.5101318359375,111.0,0.0
4093,0.0,1892.0,10.154468536376951,36.99,64.62678527832031,1181.0,0.0,1367.0,0.0018719445215538,100.0,57.38669967651367,111.0,0.0
4094,0.0,1892.0,10.154468536376951,36.99,64.62678527832031,1181.0,0.0,1367.0,0.0018719445215538,100.0,57.38669967651367,111.0,0.0
4095,0.0,1892.0,10.154468536376951,36.99,64.62678527832031,1181.0,0.0,1367.0,0.0018719445215538,100.0,57.38669967651367,111.0,0.0
4096,0.0,1892.0,10.154468536376951,36.99,64.62678527832031,1181.0,0.0,1367.0,0.0018719445215538,100.0,57.38669967651367,111.0,0.0
4097,0.0,1892.0,10.154468536376951,36.99,64.62678527832031,1181.0,0.0,1367.0,0.0018719445215538,100.0,57.38669967651367,111.0,0.0
4098,0.0,1892.0,10.305709838867188,36.99,66.40721893310547,1051.0,0.0,1367.0,0.0009553142008371,100.0,57.46378707885742,111.0,0.0
4099,0.0,1892.0,10.305709838867188,36.99,66.40721893310547,1051.0,0.0,1367.0,0.0009553142008371,100.0,57.46378707885742,111.0,0.0
4100,0.0,1892.0,10.305709838867188,36.99,66.40721893310547,1051.0,0.0,1367.0,0.0009553142008371,100.0,57.46378707885742,111.0,0.0
4101,0.0,1892.0,10.305709838867188,36.99,66.40721893310547,1051.0,0.0,1367.0,0.0009553142008371,100.0,57.46378707885742,111.0,0.0
4102,0.0,1892.0,10.305709838867188,36.99,66.40721893310547,1051.0,0.0,1367.0,0.0009553142008371,100.0,57.46378707885742,111.0,0.0
4103,0.0,1892.0,10.317870140075684,36.99,64.88357543945312,1051.0,0.0,1367.0,0.0009367237216793,100.0,57.2366943359375,111.0,0.0
4104,0.0,1892.0,10.317870140075684,36.99,64.88357543945312,1051.0,0.0,1367.0,0.0009367237216793,100.0,57.2366943359375,111.0,0.0
4105,0.0,1892.0,10.317870140075684,36.99,64.88357543945312,1051.0,0.0,1367.0,0.0009367237216793,100.0,57.2366943359375,111.0,0.0
4106,0.0,1892.0,10.317870140075684,36.99,64.88357543945312,1051.0,0.0,1367.0,0.0009367237216793,100.0,57.2366943359375,111.0,0.0
4107,0.0,1892.0,10.317870140075684,36.99,64.88357543945312,1051.0,0.0,1367.0,0.0009367237216793,100.0,57.2366943359375,111.0,0.0
4108,0.0,1892.0,10.363471031188965,36.99,66.13544464111328,1307.0,0.0,1367.0,0.0018086365889757,100.0,57.30597686767578,222.0,0.0
4109,0.0,1892.0,10.363471031188965,36.99,66.13544464111328,1307.0,0.0,1367.0,0.0018086365889757,100.0,57.30597686767578,222.0,0.0
4110,0.0,1892.0,10.363471031188965,36.99,66.13544464111328,1307.0,0.0,1367.0,0.0018086365889757,100.0,57.30597686767578,222.0,0.0
4111,0.0,1892.0,10.363471031188965,36.99,66.13544464111328,1307.0,0.0,1367.0,0.0018086365889757,100.0,57.30597686767578,222.0,0.0
4112,0.0,1892.0,10.363471031188965,36.99,66.13544464111328,1307.0,0.0,1367.0,0.0018086365889757,100.0,57.30597686767578,222.0,0.0
4113,0.0,1892.0,10.375797271728516,36.99,64.64195251464844,1195.0,0.0,1367.0,0.0010386175708845,100.0,57.18357467651367,111.0,0.0
4114,0.0,1892.0,10.375797271728516,36.99,64.64195251464844,1195.0,0.0,1367.0,0.0010386175708845,100.0,57.18357467651367,111.0,0.0
4115,0.0,1892.0,10.375797271728516,36.99,64.64195251464844,1195.0,0.0,1367.0,0.0010386175708845,100.0,57.18357467651367,111.0,0.0
4116,0.0,1892.0,10.375797271728516,36.99,64.64195251464844,1195.0,0.0,1367.0,0.0010386175708845,100.0,57.18357467651367,111.0,0.0
4117,0.0,1892.0,10.375797271728516,36.99,64.64195251464844,1195.0,0.0,1367.0,0.0010386175708845,100.0,57.18357467651367,111.0,0.0
4118,0.0,1892.0,10.210536003112791,36.99,66.41705322265625,1278.0,0.0,1367.0,0.0009377907845191,100.0,57.219825744628906,222.0,0.0
4119,0.0,1892.0,10.210536003112791,36.99,66.41705322265625,1278.0,0.0,1367.0,0.0009377907845191,100.0,57.219825744628906,222.0,0.0
4120,0.0,1892.0,10.210536003112791,36.99,66.41705322265625,1278.0,0.0,1367.0,0.0009377907845191,100.0,57.219825744628906,222.0,0.0
4121,0.0,1892.0,10.210536003112791,36.99,66.41705322265625,1278.0,0.0,1367.0,0.0009377907845191,100.0,57.219825744628906,222.0,0.0
4122,0.0,1892.0,10.210536003112791,36.99,66.41705322265625,1278.0,0.0,1367.0,0.0009377907845191,100.0,57.219825744628906,222.0,0.0
4123,0.0,1892.0,10.082429885864258,36.99,64.58502197265625,1063.0,0.0,1367.0,0.001120037632063,100.0,57.36274337768555,111.0,0.0
4124,0.0,1892.0,10.082429885864258,36.99,64.58502197265625,1063.0,0.0,1367.0,0.001120037632063,100.0,57.36274337768555,111.0,0.0
4125,0.0,1892.0,10.082429885864258,36.99,64.58502197265625,1063.0,0.0,1367.0,0.001120037632063,100.0,57.36274337768555,111.0,0.0
4126,0.0,1892.0,10.082429885864258,36.99,64.58502197265625,1063.0,0.0,1367.0,0.001120037632063,100.0,57.36274337768555,111.0,0.0
4127,0.0,1892.0,10.082429885864258,36.99,64.58502197265625,1063.0,0.0,1367.0,0.001120037632063,100.0,57.36274337768555,111.0,0.0
4128,0.0,1892.0,10.33490753173828,36.99,65.74252319335938,1065.0,0.0,1367.0,0.0009188358089886,100.0,57.320030212402344,111.0,0.0
4129,0.0,1892.0,10.33490753173828,36.99,65.74252319335938,1065.0,0.0,1367.0,0.0009188358089886,100.0,57.320030212402344,111.0,0.0
4130,0.0,1892.0,10.33490753173828,36.99,65.74252319335938,1065.0,0.0,1367.0,0.0009188358089886,100.0,57.320030212402344,111.0,0.0
4131,0.0,1892.0,10.33490753173828,36.99,65.74252319335938,1065.0,0.0,1367.0,0.0009188358089886,100.0,57.320030212402344,111.0,0.0
4132,0.0,1892.0,10.33490753173828,36.99,65.74252319335938,1065.0,0.0,1367.0,0.0009188358089886,100.0,57.320030212402344,111.0,0.0
4133,0.0,1892.0,10.227779388427734,36.99,64.7677230834961,1280.0,0.0,1367.0,0.0015986141515895,100.0,57.472320556640625,222.0,0.0
4134,0.0,1892.0,10.227779388427734,36.99,64.7677230834961,1280.0,0.0,1367.0,0.0015986141515895,100.0,57.472320556640625,222.0,0.0
4135,0.0,1892.0,10.227779388427734,36.99,64.7677230834961,1280.0,0.0,1367.0,0.0015986141515895,100.0,57.472320556640625,222.0,0.0
4136,0.0,1892.0,10.227779388427734,36.99,64.7677230834961,1280.0,0.0,1367.0,0.0015986141515895,100.0,57.472320556640625,222.0,0.0
4137,0.0,1892.0,10.227779388427734,36.99,64.7677230834961,1280.0,0.0,1367.0,0.0015986141515895,100.0,57.472320556640625,222.0,0.0
4138,0.0,1892.0,10.41299057006836,36.99,65.74144744873047,1541.0,0.0,1367.0,0.002162053482607,100.0,57.478370666503906,222.0,0.0
4139,0.0,1892.0,10.41299057006836,36.99,65.74144744873047,1541.0,0.0,1367.0,0.002162053482607,100.0,57.478370666503906,222.0,0.0
4140,0.0,1892.0,10.41299057006836,36.99,65.74144744873047,1541.0,0.0,1367.0,0.002162053482607,100.0,57.478370666503906,222.0,0.0
4141,0.0,1892.0,10.41299057006836,36.99,65.74144744873047,1541.0,0.0,1367.0,0.002162053482607,100.0,57.478370666503906,222.0,0.0
4142,0.0,1892.0,10.41299057006836,36.99,65.74144744873047,1541.0,0.0,1367.0,0.002162053482607,100.0,57.478370666503906,222.0,0.0
4143,0.0,1892.0,10.996868133544922,36.99,67.33434295654297,2084.0,0.0,1367.0,0.0360478945076465,100.0,57.647117614746094,222.0,0.0
4144,0.0,1892.0,10.996868133544922,36.99,67.33434295654297,2084.0,0.0,1367.0,0.0360478945076465,100.0,57.647117614746094,222.0,0.0
4145,0.0,1892.0,10.996868133544922,36.99,67.33434295654297,2084.0,0.0,1367.0,0.0360478945076465,100.0,57.647117614746094,222.0,0.0
4146,0.0,1892.0,10.996868133544922,36.99,67.33434295654297,2084.0,0.0,1367.0,0.0360478945076465,100.0,57.647117614746094,222.0,0.0
4147,0.0,1892.0,10.996868133544922,36.99,67.33434295654297,2084.0,0.0,1367.0,0.0360478945076465,100.0,57.647117614746094,222.0,0.0
4148,0.0,1892.0,10.622051239013672,36.99,65.95064544677734,1828.0,0.0,1367.0,0.0015433222288265,100.0,57.58414459228515,111.0,0.0
4149,0.0,1892.0,10.622051239013672,36.99,65.95064544677734,1828.0,0.0,1367.0,0.0015433222288265,100.0,57.58414459228515,111.0,0.0
4150,0.0,1892.0,10.622051239013672,36.99,65.95064544677734,1828.0,0.0,1367.0,0.0015433222288265,100.0,57.58414459228515,111.0,0.0
4151,0.0,1892.0,10.622051239013672,36.99,65.95064544677734,1828.0,0.0,1367.0,0.0015433222288265,100.0,57.58414459228515,111.0,0.0
4152,0.0,1892.0,10.622051239013672,36.99,65.95064544677734,1828.0,0.0,1367.0,0.0015433222288265,100.0,57.58414459228515,111.0,0.0
4153,0.0,1892.0,10.241893768310549,36.99,65.25874328613281,962.0,0.0,1367.0,0.0009220408974215,100.0,57.34816360473633,111.0,0.0
4154,0.0,1892.0,10.241893768310549,36.99,65.25874328613281,962.0,0.0,1367.0,0.0009220408974215,100.0,57.34816360473633,111.0,0.0
4155,0.0,1892.0,10.241893768310549,36.99,65.25874328613281,962.0,0.0,1367.0,0.0009220408974215,100.0,57.34816360473633,111.0,0.0
4156,0.0,1892.0,10.241893768310549,36.99,65.25874328613281,962.0,0.0,1367.0,0.0009220408974215,100.0,57.34816360473633,111.0,0.0
4157,0.0,1892.0,10.241893768310549,36.99,65.25874328613281,962.0,0.0,1367.0,0.0009220408974215,100.0,57.34816360473633,111.0,0.0
4158,0.0,1892.0,10.38181495666504,36.99,65.94894409179688,1314.0,0.0,1367.0,0.002130378736183,100.0,57.33982467651367,222.0,0.0
4159,0.0,1892.0,10.38181495666504,36.99,65.94894409179688,1314.0,0.0,1367.0,0.002130378736183,100.0,57.33982467651367,222.0,0.0
4160,0.0,1892.0,10.38181495666504,36.99,65.94894409179688,1314.0,0.0,1367.0,0.002130378736183,100.0,57.33982467651367,222.0,0.0
4161,0.0,1892.0,10.38181495666504,36.99,65.94894409179688,1314.0,0.0,1367.0,0.002130378736183,100.0,57.33982467651367,222.0,0.0
4162,0.0,1892.0,10.38181495666504,36.99,65.94894409179688,1314.0,0.0,1367.0,0.002130378736183,100.0,57.33982467651367,222.0,0.0
4163,0.0,1892.0,10.139108657836914,36.99,66.14947509765625,1358.0,0.0,1367.0,0.0190390404313802,100.0,57.26857376098633,378.0,0.0
4164,0.0,1892.0,10.139108657836914,36.99,66.14947509765625,1358.0,0.0,1367.0,0.0190390404313802,100.0,57.26857376098633,378.0,0.0
4165,0.0,1892.0,10.139108657836914,36.99,66.14947509765625,1358.0,0.0,1367.0,0.0190390404313802,100.0,57.26857376098633,378.0,0.0
4166,0.0,1892.0,10.139108657836914,36.99,66.14947509765625,1358.0,0.0,1367.0,0.0190390404313802,100.0,57.26857376098633,378.0,0.0
4167,0.0,1892.0,10.139108657836914,36.99,66.14947509765625,1358.0,0.0,1367.0,0.0190390404313802,100.0,57.26857376098633,378.0,0.0
4168,0.0,1892.0,10.155681610107422,36.99,65.65245056152344,1254.0,0.0,1367.0,0.0007397694280371,100.0,57.4403190612793,222.0,0.0
4169,0.0,1892.0,10.155681610107422,36.99,65.65245056152344,1254.0,0.0,1367.0,0.0007397694280371,100.0,57.4403190612793,222.0,0.0
4170,0.0,1892.0,10.155681610107422,36.99,65.65245056152344,1254.0,0.0,1367.0,0.0007397694280371,100.0,57.4403190612793,222.0,0.0
4171,0.0,1892.0,10.155681610107422,36.99,65.65245056152344,1254.0,0.0,1367.0,0.0007397694280371,100.0,57.4403190612793,222.0,0.0
4172,0.0,1892.0,10.155681610107422,36.99,65.65245056152344,1254.0,0.0,1367.0,0.0007397694280371,100.0,57.4403190612793,222.0,0.0
4173,0.0,1892.0,10.330924034118652,36.99,64.4259262084961,1566.0,0.0,1367.0,0.0239284671843051,100.0,57.40232467651367,222.0,0.0
4174,0.0,1892.0,10.330924034118652,36.99,64.4259262084961,1566.0,0.0,1367.0,0.0239284671843051,100.0,57.40232467651367,222.0,0.0
4175,0.0,1892.0,10.330924034118652,36.99,64.4259262084961,1566.0,0.0,1367.0,0.0239284671843051,100.0,57.40232467651367,222.0,0.0
4176,0.0,1892.0,10.330924034118652,36.99,64.4259262084961,1566.0,0.0,1367.0,0.0239284671843051,100.0,57.40232467651367,222.0,0.0
4177,0.0,1892.0,10.330924034118652,36.99,64.4259262084961,1566.0,0.0,1367.0,0.0239284671843051,100.0,57.40232467651367,222.0,0.0
4178,0.0,1892.0,10.5164794921875,36.99,66.32269287109375,2054.0,0.0,1367.0,0.0141847552731633,100.0,57.71091842651367,222.0,0.0
4179,0.0,1892.0,10.5164794921875,36.99,66.32269287109375,2054.0,0.0,1367.0,0.0141847552731633,100.0,57.71091842651367,222.0,0.0
4180,0.0,1892.0,10.5164794921875,36.99,66.32269287109375,2054.0,0.0,1367.0,0.0141847552731633,100.0,57.71091842651367,222.0,0.0
4181,0.0,1892.0,10.5164794921875,36.99,66.32269287109375,2054.0,0.0,1367.0,0.0141847552731633,100.0,57.71091842651367,222.0,0.0
4182,0.0,1892.0,10.5164794921875,36.99,66.32269287109375,2054.0,0.0,1367.0,0.0141847552731633,100.0,57.71091842651367,222.0,0.0
4183,0.0,1892.0,10.356001853942873,36.99,65.63314056396484,1368.0,0.0,1367.0,0.0093562128022313,100.0,57.81743240356445,111.0,0.0
4184,0.0,1892.0,10.356001853942873,36.99,65.63314056396484,1368.0,0.0,1367.0,0.0093562128022313,100.0,57.81743240356445,111.0,0.0
4185,0.0,1892.0,10.356001853942873,36.99,65.63314056396484,1368.0,0.0,1367.0,0.0093562128022313,100.0,57.81743240356445,111.0,0.0
4186,0.0,1892.0,10.356001853942873,36.99,65.63314056396484,1368.0,0.0,1367.0,0.0093562128022313,100.0,57.81743240356445,111.0,0.0
4187,0.0,1892.0,10.356001853942873,36.99,65.63314056396484,1368.0,0.0,1367.0,0.0093562128022313,100.0,57.81743240356445,111.0,0.0
4188,0.0,1892.0,10.30417537689209,36.99,66.1628646850586,979.0,0.0,1367.0,0.0038431556895375,100.0,57.62544631958008,222.0,0.0
4189,0.0,1892.0,10.30417537689209,36.99,66.1628646850586,979.0,0.0,1367.0,0.0038431556895375,100.0,57.62544631958008,222.0,0.0
4190,0.0,1892.0,10.30417537689209,36.99,66.1628646850586,979.0,0.0,1367.0,0.0038431556895375,100.0,57.62544631958008,222.0,0.0
4191,0.0,1892.0,10.30417537689209,36.99,66.1628646850586,979.0,0.0,1367.0,0.0038431556895375,100.0,57.62544631958008,222.0,0.0
4192,0.0,1892.0,10.30417537689209,36.99,66.1628646850586,979.0,0.0,1367.0,0.0038431556895375,100.0,57.62544631958008,222.0,0.0
4193,0.0,1892.0,10.319395065307615,36.99,64.89856719970703,1025.0,0.0,1367.0,0.0009210678981617,100.0,57.4575309753418,111.0,0.0
4194,0.0,1892.0,10.319395065307615,36.99,64.89856719970703,1025.0,0.0,1367.0,0.0009210678981617,100.0,57.4575309753418,111.0,0.0
4195,0.0,1892.0,10.319395065307615,36.99,64.89856719970703,1025.0,0.0,1367.0,0.0009210678981617,100.0,57.4575309753418,111.0,0.0
4196,0.0,1892.0,10.319395065307615,36.99,64.89856719970703,1025.0,0.0,1367.0,0.0009210678981617,100.0,57.4575309753418,111.0,0.0
4197,0.0,1892.0,10.319395065307615,36.99,64.89856719970703,1025.0,0.0,1367.0,0.0009210678981617,100.0,57.4575309753418,111.0,0.0
4198,0.0,1892.0,10.35736846923828,36.99,64.9128189086914,1167.0,0.0,1367.0,0.0009381244890391,100.0,57.321075439453125,222.0,0.0
4199,0.0,1892.0,10.35736846923828,36.99,64.9128189086914,1167.0,0.0,1367.0,0.0009381244890391,100.0,57.321075439453125,222.0,0.0
4200,0.0,1892.0,10.35736846923828,36.99,64.9128189086914,1167.0,0.0,1367.0,0.0009381244890391,100.0,57.321075439453125,222.0,0.0
4201,0.0,1892.0,10.35736846923828,36.99,64.9128189086914,1167.0,0.0,1367.0,0.0009381244890391,100.0,57.321075439453125,222.0,0.0
4202,0.0,1892.0,10.35736846923828,36.99,64.9128189086914,1167.0,0.0,1367.0,0.0009381244890391,100.0,57.321075439453125,222.0,0.0
4203,0.0,1892.0,10.719646453857422,36.99,64.80061340332031,1628.0,0.0,1367.0,0.0011883262777701,100.0,57.306495666503906,222.0,0.0
4204,0.0,1892.0,10.719646453857422,36.99,64.80061340332031,1628.0,0.0,1367.0,0.0011883262777701,100.0,57.306495666503906,222.0,0.0
4205,0.0,1892.0,10.719646453857422,36.99,64.80061340332031,1628.0,0.0,1367.0,0.0011883262777701,100.0,57.306495666503906,222.0,0.0
4206,0.0,1892.0,10.719646453857422,36.99,64.80061340332031,1628.0,0.0,1367.0,0.0011883262777701,100.0,57.306495666503906,222.0,0.0
4207,0.0,1892.0,10.719646453857422,36.99,64.80061340332031,1628.0,0.0,1367.0,0.0011883262777701,100.0,57.306495666503906,222.0,0.0
4208,0.0,1892.0,10.470466613769531,36.99,66.63327026367188,1325.0,0.0,1367.0,0.0013339045690372,100.0,57.44169998168945,111.0,0.0
4209,0.0,1892.0,10.470466613769531,36.99,66.63327026367188,1325.0,0.0,1367.0,0.0013339045690372,100.0,57.44169998168945,111.0,0.0
4210,0.0,1892.0,10.470466613769531,36.99,66.63327026367188,1325.0,0.0,1367.0,0.0013339045690372,100.0,57.44169998168945,111.0,0.0
4211,0.0,1892.0,10.470466613769531,36.99,66.63327026367188,1325.0,0.0,1367.0,0.0013339045690372,100.0,57.44169998168945,111.0,0.0
4212,0.0,1892.0,10.470466613769531,36.99,66.63327026367188,1325.0,0.0,1367.0,0.0013339045690372,100.0,57.44169998168945,111.0,0.0
4213,0.0,1892.0,10.1819486618042,36.99,65.07644653320312,1362.0,0.0,1367.0,0.0016603851690888,100.0,57.62107467651367,222.0,0.0
4214,0.0,1892.0,10.1819486618042,36.99,65.07644653320312,1362.0,0.0,1367.0,0.0016603851690888,100.0,57.62107467651367,222.0,0.0
4215,0.0,1892.0,10.1819486618042,36.99,65.07644653320312,1362.0,0.0,1367.0,0.0016603851690888,100.0,57.62107467651367,222.0,0.0
4216,0.0,1892.0,10.1819486618042,36.99,65.07644653320312,1362.0,0.0,1367.0,0.0016603851690888,100.0,57.62107467651367,222.0,0.0
4217,0.0,1892.0,10.1819486618042,36.99,65.07644653320312,1362.0,0.0,1367.0,0.0016603851690888,100.0,57.62107467651367,222.0,0.0
4218,0.0,1892.0,10.039194107055664,36.99,64.58490753173828,1125.0,0.0,1367.0,0.000763454590924,100.0,57.484619140625,111.0,0.0
4219,0.0,1892.0,10.039194107055664,36.99,64.58490753173828,1125.0,0.0,1367.0,0.000763454590924,100.0,57.484619140625,111.0,0.0
4220,0.0,1892.0,10.039194107055664,36.99,64.58490753173828,1125.0,0.0,1367.0,0.000763454590924,100.0,57.484619140625,111.0,0.0
4221,0.0,1892.0,10.039194107055664,36.99,64.58490753173828,1125.0,0.0,1367.0,0.000763454590924,100.0,57.484619140625,111.0,0.0
4222,0.0,1892.0,10.039194107055664,36.99,64.58490753173828,1125.0,0.0,1367.0,0.000763454590924,100.0,57.484619140625,111.0,0.0
4223,0.0,1892.0,10.339919090270996,36.99,65.43090057373047,1155.0,0.0,1367.0,0.0009718163637444,100.0,57.537742614746094,222.0,0.0
4224,0.0,1892.0,10.339919090270996,36.99,65.43090057373047,1155.0,0.0,1367.0,0.0009718163637444,100.0,57.537742614746094,222.0,0.0
4225,0.0,1892.0,10.339919090270996,36.99,65.43090057373047,1155.0,0.0,1367.0,0.0009718163637444,100.0,57.537742614746094,222.0,0.0
4226,0.0,1892.0,10.339919090270996,36.99,65.43090057373047,1155.0,0.0,1367.0,0.0009718163637444,100.0,57.537742614746094,222.0,0.0
4227,0.0,1892.0,10.339919090270996,36.99,65.43090057373047,1155.0,0.0,1367.0,0.0009718163637444,100.0,57.537742614746094,222.0,0.0
4228,0.0,1892.0,10.404302597045898,36.99,67.75951385498047,1316.0,0.0,1367.0,0.0019214675994589,100.0,57.68402099609375,222.0,0.0
4229,0.0,1892.0,10.404302597045898,36.99,67.75951385498047,1316.0,0.0,1367.0,0.0019214675994589,100.0,57.68402099609375,222.0,0.0
4230,0.0,1892.0,10.404302597045898,36.99,67.75951385498047,1316.0,0.0,1367.0,0.0019214675994589,100.0,57.68402099609375,222.0,0.0
4231,0.0,1892.0,10.404302597045898,36.99,67.75951385498047,1316.0,0.0,1367.0,0.0019214675994589,100.0,57.68402099609375,222.0,0.0
4232,0.0,1892.0,10.404302597045898,36.99,67.75951385498047,1316.0,0.0,1367.0,0.0019214675994589,100.0,57.68402099609375,222.0,0.0
4233,0.0,1892.0,10.407920837402344,36.99,65.72647857666016,1167.0,0.0,1367.0,0.0015118811279535,100.0,57.47003936767578,111.0,0.0
4234,0.0,1892.0,10.407920837402344,36.99,65.72647857666016,1167.0,0.0,1367.0,0.0015118811279535,100.0,57.47003936767578,111.0,0.0
4235,0.0,1892.0,10.407920837402344,36.99,65.72647857666016,1167.0,0.0,1367.0,0.0015118811279535,100.0,57.47003936767578,111.0,0.0
4236,0.0,1892.0,10.407920837402344,36.99,65.72647857666016,1167.0,0.0,1367.0,0.0015118811279535,100.0,57.47003936767578,111.0,0.0
4237,0.0,1892.0,10.407920837402344,36.99,65.72647857666016,1167.0,0.0,1367.0,0.0015118811279535,100.0,57.47003936767578,111.0,0.0
4238,0.0,1892.0,10.807415008544922,36.99,66.40404510498047,1645.0,0.0,1367.0,0.017274284735322,100.0,57.64699172973633,111.0,0.0
4239,0.0,1892.0,10.807415008544922,36.99,66.40404510498047,1645.0,0.0,1367.0,0.017274284735322,100.0,57.64699172973633,111.0,0.0
4240,0.0,1892.0,10.807415008544922,36.99,66.40404510498047,1645.0,0.0,1367.0,0.017274284735322,100.0,57.64699172973633,111.0,0.0
4241,0.0,1892.0,10.807415008544922,36.99,66.40404510498047,1645.0,0.0,1367.0,0.017274284735322,100.0,57.64699172973633,111.0,0.0
4242,0.0,1892.0,10.807415008544922,36.99,66.40404510498047,1645.0,0.0,1367.0,0.017274284735322,100.0,57.64699172973633,111.0,0.0
4243,0.0,1892.0,10.426340103149414,36.99,66.0946273803711,1242.0,0.0,1367.0,0.0016257491661235,100.0,57.525245666503906,111.0,0.0
4244,0.0,1892.0,10.426340103149414,36.99,66.0946273803711,1242.0,0.0,1367.0,0.0016257491661235,100.0,57.525245666503906,111.0,0.0
4245,0.0,1892.0,10.426340103149414,36.99,66.0946273803711,1242.0,0.0,1367.0,0.0016257491661235,100.0,57.525245666503906,111.0,0.0
4246,0.0,1892.0,10.426340103149414,36.99,66.0946273803711,1242.0,0.0,1367.0,0.0016257491661235,100.0,57.525245666503906,111.0,0.0
4247,0.0,1892.0,10.426340103149414,36.99,66.0946273803711,1242.0,0.0,1367.0,0.0016257491661235,100.0,57.525245666503906,111.0,0.0
4248,0.0,1892.0,10.238576889038086,36.99,64.8010025024414,973.0,0.0,1367.0,0.0006678272038698,100.0,57.36065673828125,111.0,0.0
4249,0.0,1892.0,10.238576889038086,36.99,64.8010025024414,973.0,0.0,1367.0,0.0006678272038698,100.0,57.36065673828125,111.0,0.0
4250,0.0,1892.0,10.238576889038086,36.99,64.8010025024414,973.0,0.0,1367.0,0.0006678272038698,100.0,57.36065673828125,111.0,0.0
4251,0.0,1892.0,10.238576889038086,36.99,64.8010025024414,973.0,0.0,1367.0,0.0006678272038698,100.0,57.36065673828125,111.0,0.0
4252,0.0,1892.0,10.238576889038086,36.99,64.8010025024414,973.0,0.0,1367.0,0.0006678272038698,100.0,57.36065673828125,111.0,0.0
4253,0.0,1892.0,10.271015167236328,36.99,66.16007995605469,1304.0,0.0,1367.0,0.0023708955850452,100.0,57.38148880004883,333.0,0.0
4254,0.0,1892.0,10.271015167236328,36.99,66.16007995605469,1304.0,0.0,1367.0,0.0023708955850452,100.0,57.38148880004883,333.0,0.0
4255,0.0,1892.0,10.271015167236328,36.99,66.16007995605469,1304.0,0.0,1367.0,0.0023708955850452,100.0,57.38148880004883,333.0,0.0
4256,0.0,1892.0,10.271015167236328,36.99,66.16007995605469,1304.0,0.0,1367.0,0.0023708955850452,100.0,57.38148880004883,333.0,0.0
4257,0.0,1892.0,10.271015167236328,36.99,66.16007995605469,1304.0,0.0,1367.0,0.0023708955850452,100.0,57.38148880004883,333.0,0.0
4258,0.0,1892.0,10.076011657714844,36.99,65.83299255371094,1069.0,0.0,1367.0,0.0022689162287861,100.0,57.422950744628906,222.0,0.0
4259,0.0,1892.0,10.076011657714844,36.99,65.83299255371094,1069.0,0.0,1367.0,0.0022689162287861,100.0,57.422950744628906,222.0,0.0
4260,0.0,1892.0,10.076011657714844,36.99,65.83299255371094,1069.0,0.0,1367.0,0.0022689162287861,100.0,57.422950744628906,222.0,0.0
4261,0.0,1892.0,10.076011657714844,36.99,65.83299255371094,1069.0,0.0,1367.0,0.0022689162287861,100.0,57.422950744628906,222.0,0.0
4262,0.0,1892.0,10.076011657714844,36.99,65.83299255371094,1069.0,0.0,1367.0,0.0022689162287861,100.0,57.422950744628906,222.0,0.0
4263,0.0,1892.0,10.172204971313477,36.99,64.89183807373047,1555.0,0.0,1367.0,0.0011982853757217,100.0,57.4575309753418,111.0,0.0
4264,0.0,1892.0,10.172204971313477,36.99,64.89183807373047,1555.0,0.0,1367.0,0.0011982853757217,100.0,57.4575309753418,111.0,0.0
4265,0.0,1892.0,10.172204971313477,36.99,64.89183807373047,1555.0,0.0,1367.0,0.0011982853757217,100.0,57.4575309753418,111.0,0.0
4266,0.0,1892.0,10.172204971313477,36.99,64.89183807373047,1555.0,0.0,1367.0,0.0011982853757217,100.0,57.4575309753418,111.0,0.0
4267,0.0,1892.0,10.172204971313477,36.99,64.89183807373047,1555.0,0.0,1367.0,0.0011982853757217,100.0,57.4575309753418,111.0,0.0
4268,0.0,1892.0,10.359129905700684,36.99,64.55660247802734,1618.0,0.0,1367.0,0.0258936695754528,100.0,57.443992614746094,111.0,0.0
4269,0.0,1892.0,10.359129905700684,36.99,64.55660247802734,1618.0,0.0,1367.0,0.0258936695754528,100.0,57.443992614746094,111.0,0.0
4270,0.0,1892.0,10.359129905700684,36.99,64.55660247802734,1618.0,0.0,1367.0,0.0258936695754528,100.0,57.443992614746094,111.0,0.0
4271,0.0,1892.0,10.359129905700684,36.99,64.55660247802734,1618.0,0.0,1367.0,0.0258936695754528,100.0,57.443992614746094,111.0,0.0
4272,0.0,1892.0,10.359129905700684,36.99,64.55660247802734,1618.0,0.0,1367.0,0.0258936695754528,100.0,57.443992614746094,111.0,0.0
4273,0.0,1892.0,10.444171905517578,36.99,66.58308410644531,1601.0,0.0,1367.0,0.0027475380338728,100.0,57.58142852783203,111.0,0.0
4274,0.0,1892.0,10.444171905517578,36.99,66.58308410644531,1601.0,0.0,1367.0,0.0027475380338728,100.0,57.58142852783203,111.0,0.0
4275,0.0,1892.0,10.444171905517578,36.99,66.58308410644531,1601.0,0.0,1367.0,0.0027475380338728,100.0,57.58142852783203,111.0,0.0
4276,0.0,1892.0,10.444171905517578,36.99,66.58308410644531,1601.0,0.0,1367.0,0.0027475380338728,100.0,57.58142852783203,111.0,0.0
4277,0.0,1892.0,10.444171905517578,36.99,66.58308410644531,1601.0,0.0,1367.0,0.0027475380338728,100.0,57.58142852783203,111.0,0.0
4278,0.0,1892.0,10.590253829956056,36.99,66.1338119506836,1813.0,0.0,1367.0,0.3410894274711609,100.0,57.71807098388672,444.0,0.0
4279,0.0,1892.0,10.590253829956056,36.99,66.1338119506836,1813.0,0.0,1367.0,0.3410894274711609,100.0,57.71807098388672,444.0,0.0
4280,0.0,1892.0,10.590253829956056,36.99,66.1338119506836,1813.0,0.0,1367.0,0.3410894274711609,100.0,57.71807098388672,444.0,0.0
4281,0.0,1892.0,10.590253829956056,36.99,66.1338119506836,1813.0,0.0,1367.0,0.3410894274711609,100.0,57.71807098388672,444.0,0.0
4282,0.0,1892.0,10.347166061401367,36.99,66.25748443603516,1630.0,0.0,1367.0,0.3500033617019653,100.0,57.78718185424805,444.0,0.0
4283,0.0,1892.0,10.347166061401367,36.99,66.25748443603516,1630.0,0.0,1367.0,0.3500033617019653,100.0,57.78718185424805,444.0,0.0
4284,0.0,1892.0,10.347166061401367,36.99,66.25748443603516,1630.0,0.0,1367.0,0.3500033617019653,100.0,57.78718185424805,444.0,0.0
4285,0.0,1892.0,10.347166061401367,36.99,66.25748443603516,1630.0,0.0,1367.0,0.3500033617019653,100.0,57.78718185424805,444.0,0.0
4286,0.0,1892.0,10.347166061401367,36.99,66.25748443603516,1630.0,0.0,1367.0,0.3500033617019653,100.0,57.78718185424805,444.0,0.0
4287,0.0,1892.0,10.442649841308594,36.99,65.25287628173828,1253.0,0.0,1367.0,0.0292492657899856,100.0,57.67644119262695,290.0,0.0
4288,0.0,1892.0,10.442649841308594,36.99,65.25287628173828,1253.0,0.0,1367.0,0.0292492657899856,100.0,57.67644119262695,290.0,0.0
4289,0.0,1892.0,10.442649841308594,36.99,65.25287628173828,1253.0,0.0,1367.0,0.0292492657899856,100.0,57.67644119262695,290.0,0.0
4290,0.0,1892.0,10.442649841308594,36.99,65.25287628173828,1253.0,0.0,1367.0,0.0292492657899856,100.0,57.67644119262695,290.0,0.0
4291,0.0,1892.0,10.442649841308594,36.99,65.25287628173828,1253.0,0.0,1367.0,0.0292492657899856,100.0,57.67644119262695,290.0,0.0
4292,0.0,1892.0,10.442649841308594,36.99,65.25287628173828,1253.0,0.0,1367.0,0.0292492657899856,100.0,57.67644119262695,290.0,0.0
4293,0.0,1892.0,10.349465370178224,36.99,65.35987854003906,1333.0,0.0,1367.0,0.0051948423497378,100.0,57.59797286987305,222.0,0.0
4294,0.0,1892.0,10.349465370178224,36.99,65.35987854003906,1333.0,0.0,1367.0,0.0051948423497378,100.0,57.59797286987305,222.0,0.0
4295,0.0,1892.0,10.349465370178224,36.99,65.35987854003906,1333.0,0.0,1367.0,0.0051948423497378,100.0,57.59797286987305,222.0,0.0
4296,0.0,1892.0,10.349465370178224,36.99,65.35987854003906,1333.0,0.0,1367.0,0.0051948423497378,100.0,57.59797286987305,222.0,0.0
4297,0.0,1892.0,10.349465370178224,36.99,65.35987854003906,1333.0,0.0,1367.0,0.0051948423497378,100.0,57.59797286987305,222.0,0.0
4298,0.0,1892.0,10.177613258361816,36.99,66.96601104736328,1150.0,0.0,1367.0,0.0013840632745996,100.0,57.33357620239258,111.0,0.0
4299,0.0,1892.0,10.177613258361816,36.99,66.96601104736328,1150.0,0.0,1367.0,0.0013840632745996,100.0,57.33357620239258,111.0,0.0
4300,0.0,1892.0,10.177613258361816,36.99,66.96601104736328,1150.0,0.0,1367.0,0.0013840632745996,100.0,57.33357620239258,111.0,0.0
4301,0.0,1892.0,10.177613258361816,36.99,66.96601104736328,1150.0,0.0,1367.0,0.0013840632745996,100.0,57.33357620239258,111.0,0.0
4302,0.0,1892.0,10.155012130737305,36.99,64.89390563964844,1343.0,0.0,1367.0,0.0019190285820513,100.0,57.5101432800293,222.0,0.0
4303,0.0,1892.0,10.155012130737305,36.99,64.89390563964844,1343.0,0.0,1367.0,0.0019190285820513,100.0,57.5101432800293,222.0,0.0
4304,0.0,1892.0,10.155012130737305,36.99,64.89390563964844,1343.0,0.0,1367.0,0.0019190285820513,100.0,57.5101432800293,222.0,0.0
4305,0.0,1892.0,10.155012130737305,36.99,64.89390563964844,1343.0,0.0,1367.0,0.0019190285820513,100.0,57.5101432800293,222.0,0.0
4306,0.0,1892.0,10.155012130737305,36.99,64.89390563964844,1343.0,0.0,1367.0,0.0019190285820513,100.0,57.5101432800293,222.0,0.0
4307,0.0,1892.0,10.155012130737305,36.99,64.89390563964844,1343.0,0.0,1367.0,0.0019190285820513,100.0,57.5101432800293,222.0,0.0
4308,0.0,1892.0,10.146255493164062,36.99,64.5181655883789,1228.0,0.0,1367.0,0.0017688099760562,100.0,57.45732498168945,222.0,0.0
4309,0.0,1892.0,10.146255493164062,36.99,64.5181655883789,1228.0,0.0,1367.0,0.0017688099760562,100.0,57.45732498168945,222.0,0.0
4310,0.0,1892.0,10.146255493164062,36.99,64.5181655883789,1228.0,0.0,1367.0,0.0017688099760562,100.0,57.45732498168945,222.0,0.0
4311,0.0,1892.0,10.146255493164062,36.99,64.5181655883789,1228.0,0.0,1367.0,0.0017688099760562,100.0,57.45732498168945,222.0,0.0
4312,0.0,1892.0,10.146255493164062,36.99,64.5181655883789,1228.0,0.0,1367.0,0.0017688099760562,100.0,57.45732498168945,222.0,0.0
4313,0.0,1892.0,10.217799186706545,36.99,65.02830505371094,1518.0,0.0,1367.0,0.0018928453791886,100.0,57.3867073059082,333.0,0.0
4314,0.0,1892.0,10.217799186706545,36.99,65.02830505371094,1518.0,0.0,1367.0,0.0018928453791886,100.0,57.3867073059082,333.0,0.0
4315,0.0,1892.0,10.217799186706545,36.99,65.02830505371094,1518.0,0.0,1367.0,0.0018928453791886,100.0,57.3867073059082,333.0,0.0
4316,0.0,1892.0,10.217799186706545,36.99,65.02830505371094,1518.0,0.0,1367.0,0.0018928453791886,100.0,57.3867073059082,333.0,0.0
4317,0.0,1892.0,10.345060348510742,36.99,65.8051986694336,1192.0,0.0,1367.0,0.0110208056867122,100.0,57.76065826416016,111.0,0.0
4318,0.0,1892.0,10.345060348510742,36.99,65.8051986694336,1192.0,0.0,1367.0,0.0110208056867122,100.0,57.76065826416016,111.0,0.0
4319,0.0,1892.0,10.345060348510742,36.99,65.8051986694336,1192.0,0.0,1367.0,0.0110208056867122,100.0,57.76065826416016,111.0,0.0
4320,0.0,1892.0,10.345060348510742,36.99,65.8051986694336,1192.0,0.0,1367.0,0.0110208056867122,100.0,57.76065826416016,111.0,0.0
4321,0.0,1892.0,10.345060348510742,36.99,65.8051986694336,1192.0,0.0,1367.0,0.0110208056867122,100.0,57.76065826416016,111.0,0.0
4322,0.0,1892.0,10.345060348510742,36.99,65.8051986694336,1192.0,0.0,1367.0,0.0110208056867122,100.0,57.76065826416016,111.0,0.0
4323,0.0,1892.0,11.455892562866213,36.99,66.40164184570312,1421.0,0.0,1367.0,0.2341284453868866,100.0,57.40732955932617,535.0,0.0
4324,0.0,1892.0,11.455892562866213,36.99,66.40164184570312,1421.0,0.0,1367.0,0.2341284453868866,100.0,57.40732955932617,535.0,0.0
4325,0.0,1892.0,11.455892562866213,36.99,66.40164184570312,1421.0,0.0,1367.0,0.2341284453868866,100.0,57.40732955932617,535.0,0.0
4326,0.0,1892.0,11.455892562866213,36.99,66.40164184570312,1421.0,0.0,1367.0,0.2341284453868866,100.0,57.40732955932617,535.0,0.0
4327,0.0,1892.0,10.760581970214844,36.99,67.31309509277344,1469.0,0.0,1367.0,0.0017778819892555,100.0,57.848854064941406,222.0,0.0
4328,0.0,1892.0,10.760581970214844,36.99,67.31309509277344,1469.0,0.0,1367.0,0.0017778819892555,100.0,57.848854064941406,222.0,0.0
4329,0.0,1892.0,10.760581970214844,36.99,67.31309509277344,1469.0,0.0,1367.0,0.0017778819892555,100.0,57.848854064941406,222.0,0.0
4330,0.0,1892.0,10.760581970214844,36.99,67.31309509277344,1469.0,0.0,1367.0,0.0017778819892555,100.0,57.848854064941406,222.0,0.0
4331,0.0,1892.0,10.760581970214844,36.99,67.31309509277344,1469.0,0.0,1367.0,0.0017778819892555,100.0,57.848854064941406,222.0,0.0
4332,0.0,1892.0,10.760581970214844,36.99,67.31309509277344,1469.0,0.0,1367.0,0.0017778819892555,100.0,57.848854064941406,222.0,0.0
4333,0.0,1892.0,10.3784761428833,36.99,65.09857940673828,1123.0,0.0,1367.0,0.0016347840428352,100.0,57.51118087768555,222.0,0.0
4334,0.0,1892.0,10.3784761428833,36.99,65.09857940673828,1123.0,0.0,1367.0,0.0016347840428352,100.0,57.51118087768555,222.0,0.0
4335,0.0,1892.0,10.3784761428833,36.99,65.09857940673828,1123.0,0.0,1367.0,0.0016347840428352,100.0,57.51118087768555,222.0,0.0
4336,0.0,1892.0,10.3784761428833,36.99,65.09857940673828,1123.0,0.0,1367.0,0.0016347840428352,100.0,57.51118087768555,222.0,0.0
4337,0.0,1892.0,10.3784761428833,36.99,65.09857940673828,1123.0,0.0,1367.0,0.0016347840428352,100.0,57.51118087768555,222.0,0.0
4338,0.0,1892.0,10.129083633422852,36.99,66.14558410644531,1216.0,0.0,1367.0,0.00025722180726,100.0,57.51951217651367,111.0,0.0
4339,0.0,1892.0,10.129083633422852,36.99,66.14558410644531,1216.0,0.0,1367.0,0.00025722180726,100.0,57.51951217651367,111.0,0.0
4340,0.0,1892.0,10.129083633422852,36.99,66.14558410644531,1216.0,0.0,1367.0,0.00025722180726,100.0,57.51951217651367,111.0,0.0
4341,0.0,1892.0,10.129083633422852,36.99,66.14558410644531,1216.0,0.0,1367.0,0.00025722180726,100.0,57.51951217651367,111.0,0.0
4342,0.0,1892.0,10.100591659545898,36.99,64.69590759277344,948.0,0.0,1367.0,0.0013743283925577,100.0,57.48357391357422,222.0,0.0
4343,0.0,1892.0,10.100591659545898,36.99,64.69590759277344,948.0,0.0,1367.0,0.0013743283925577,100.0,57.48357391357422,222.0,0.0
4344,0.0,1892.0,10.100591659545898,36.99,64.69590759277344,948.0,0.0,1367.0,0.0013743283925577,100.0,57.48357391357422,222.0,0.0
4345,0.0,1892.0,10.100591659545898,36.99,64.69590759277344,948.0,0.0,1367.0,0.0013743283925577,100.0,57.48357391357422,222.0,0.0
4346,0.0,1892.0,10.100591659545898,36.99,64.69590759277344,948.0,0.0,1367.0,0.0013743283925577,100.0,57.48357391357422,222.0,0.0
4347,0.0,1892.0,10.100591659545898,36.99,64.69590759277344,948.0,0.0,1367.0,0.0013743283925577,100.0,57.48357391357422,222.0,0.0
4348,0.0,1892.0,10.117658615112305,36.99,64.84101104736328,1003.0,0.0,1367.0,0.0021333317272365,100.0,57.50276947021485,222.0,0.0
4349,0.0,1892.0,10.117658615112305,36.99,64.84101104736328,1003.0,0.0,1367.0,0.0021333317272365,100.0,57.50276947021485,222.0,0.0
4350,0.0,1892.0,10.117658615112305,36.99,64.84101104736328,1003.0,0.0,1367.0,0.0021333317272365,100.0,57.50276947021485,222.0,0.0
4351,0.0,1892.0,10.117658615112305,36.99,64.84101104736328,1003.0,0.0,1367.0,0.0021333317272365,100.0,57.50276947021485,222.0,0.0
4352,0.0,1892.0,10.117658615112305,36.99,64.84101104736328,1003.0,0.0,1367.0,0.0021333317272365,100.0,57.50276947021485,222.0,0.0
4353,0.0,1892.0,10.140145301818848,36.99,64.47511291503906,1314.0,0.0,1367.0,0.0013339522993192,100.0,57.49711990356445,222.0,0.0
4354,0.0,1892.0,10.140145301818848,36.99,64.47511291503906,1314.0,0.0,1367.0,0.0013339522993192,100.0,57.49711990356445,222.0,0.0
4355,0.0,1892.0,10.140145301818848,36.99,64.47511291503906,1314.0,0.0,1367.0,0.0013339522993192,100.0,57.49711990356445,222.0,0.0
4356,0.0,1892.0,10.140145301818848,36.99,64.47511291503906,1314.0,0.0,1367.0,0.0013339522993192,100.0,57.49711990356445,222.0,0.0
4357,0.0,1892.0,10.140145301818848,36.99,64.47511291503906,1314.0,0.0,1367.0,0.0013339522993192,100.0,57.49711990356445,222.0,0.0
4358,0.0,1892.0,10.234190940856934,36.99,66.1486587524414,1297.0,0.0,1367.0,0.0014823046512901,100.0,57.52471923828125,111.0,0.0
4359,0.0,1892.0,10.234190940856934,36.99,66.1486587524414,1297.0,0.0,1367.0,0.0014823046512901,100.0,57.52471923828125,111.0,0.0
4360,0.0,1892.0,10.234190940856934,36.99,66.1486587524414,1297.0,0.0,1367.0,0.0014823046512901,100.0,57.52471923828125,111.0,0.0
4361,0.0,1892.0,10.234190940856934,36.99,66.1486587524414,1297.0,0.0,1367.0,0.0014823046512901,100.0,57.52471923828125,111.0,0.0
4362,0.0,1892.0,10.234190940856934,36.99,66.1486587524414,1297.0,0.0,1367.0,0.0014823046512901,100.0,57.52471923828125,111.0,0.0
4363,0.0,1892.0,10.375442504882812,36.99,65.09712982177734,1386.0,0.0,1367.0,0.0008776971953921,100.0,57.48566436767578,111.0,0.0
4364,0.0,1892.0,10.375442504882812,36.99,65.09712982177734,1386.0,0.0,1367.0,0.0008776971953921,100.0,57.48566436767578,111.0,0.0
4365,0.0,1892.0,10.375442504882812,36.99,65.09712982177734,1386.0,0.0,1367.0,0.0008776971953921,100.0,57.48566436767578,111.0,0.0
4366,0.0,1892.0,10.375442504882812,36.99,65.09712982177734,1386.0,0.0,1367.0,0.0008776971953921,100.0,57.48566436767578,111.0,0.0
4367,0.0,1892.0,10.375442504882812,36.99,65.09712982177734,1386.0,0.0,1367.0,0.0008776971953921,100.0,57.48566436767578,111.0,0.0
4368,0.0,1892.0,10.376951217651367,36.99,64.75904083251953,1232.0,0.0,1367.0,0.0011536421952769,100.0,57.47211456298828,222.0,0.0
4369,0.0,1892.0,10.376951217651367,36.99,64.75904083251953,1232.0,0.0,1367.0,0.0011536421952769,100.0,57.47211456298828,222.0,0.0
4370,0.0,1892.0,10.376951217651367,36.99,64.75904083251953,1232.0,0.0,1367.0,0.0011536421952769,100.0,57.47211456298828,222.0,0.0
4371,0.0,1892.0,10.376951217651367,36.99,64.75904083251953,1232.0,0.0,1367.0,0.0011536421952769,100.0,57.47211456298828,222.0,0.0
4372,0.0,1892.0,10.376951217651367,36.99,64.75904083251953,1232.0,0.0,1367.0,0.0011536421952769,100.0,57.47211456298828,222.0,0.0
4373,0.0,1892.0,10.367141723632812,36.99,64.89555358886719,1060.0,0.0,1367.0,0.0027997037395834,100.0,57.42836380004883,333.0,0.0
4374,0.0,1892.0,10.367141723632812,36.99,64.89555358886719,1060.0,0.0,1367.0,0.0027997037395834,100.0,57.42836380004883,333.0,0.0
4375,0.0,1892.0,10.367141723632812,36.99,64.89555358886719,1060.0,0.0,1367.0,0.0027997037395834,100.0,57.42836380004883,333.0,0.0
4376,0.0,1892.0,10.367141723632812,36.99,64.89555358886719,1060.0,0.0,1367.0,0.0027997037395834,100.0,57.42836380004883,333.0,0.0
4377,0.0,1892.0,10.367141723632812,36.99,64.89555358886719,1060.0,0.0,1367.0,0.0027997037395834,100.0,57.42836380004883,333.0,0.0
4378,0.0,1892.0,10.258691787719728,36.99,65.40580749511719,991.0,0.0,1367.0,0.0016491380520164,100.0,57.34850311279297,222.0,0.0
4379,0.0,1892.0,10.258691787719728,36.99,65.40580749511719,991.0,0.0,1367.0,0.0016491380520164,100.0,57.34850311279297,222.0,0.0
4380,0.0,1892.0,10.258691787719728,36.99,65.40580749511719,991.0,0.0,1367.0,0.0016491380520164,100.0,57.34850311279297,222.0,0.0
4381,0.0,1892.0,10.258691787719728,36.99,65.40580749511719,991.0,0.0,1367.0,0.0016491380520164,100.0,57.34850311279297,222.0,0.0
4382,0.0,1892.0,10.258691787719728,36.99,65.40580749511719,991.0,0.0,1367.0,0.0016491380520164,100.0,57.34850311279297,222.0,0.0
4383,0.0,1892.0,10.094500541687012,36.99,66.38909149169922,1247.0,0.0,1367.0,0.0002531288773752,100.0,57.265869140625,111.0,0.0
4384,0.0,1892.0,10.094500541687012,36.99,66.38909149169922,1247.0,0.0,1367.0,0.0002531288773752,100.0,57.265869140625,111.0,0.0
4385,0.0,1892.0,10.094500541687012,36.99,66.38909149169922,1247.0,0.0,1367.0,0.0002531288773752,100.0,57.265869140625,111.0,0.0
4386,0.0,1892.0,10.094500541687012,36.99,66.38909149169922,1247.0,0.0,1367.0,0.0002531288773752,100.0,57.265869140625,111.0,0.0
4387,0.0,1892.0,10.094500541687012,36.99,66.38909149169922,1247.0,0.0,1367.0,0.0002531288773752,100.0,57.265869140625,111.0,0.0
4388,0.0,1892.0,10.241716384887695,36.99,64.72689819335938,1346.0,0.0,1367.0,0.0014133063377812,100.0,57.37419891357422,111.0,0.0
4389,0.0,1892.0,10.241716384887695,36.99,64.72689819335938,1346.0,0.0,1367.0,0.0014133063377812,100.0,57.37419891357422,111.0,0.0
4390,0.0,1892.0,10.241716384887695,36.99,64.72689819335938,1346.0,0.0,1367.0,0.0014133063377812,100.0,57.37419891357422,111.0,0.0
4391,0.0,1892.0,10.241716384887695,36.99,64.72689819335938,1346.0,0.0,1367.0,0.0014133063377812,100.0,57.37419891357422,111.0,0.0
4392,0.0,1892.0,10.165462493896484,36.99,64.70903015136719,1193.0,0.0,1367.0,0.0009853336960077,100.0,57.34607696533203,111.0,0.0
4393,0.0,1892.0,10.165462493896484,36.99,64.70903015136719,1193.0,0.0,1367.0,0.0009853336960077,100.0,57.34607696533203,111.0,0.0
4394,0.0,1892.0,10.165462493896484,36.99,64.70903015136719,1193.0,0.0,1367.0,0.0009853336960077,100.0,57.34607696533203,111.0,0.0
4395,0.0,1892.0,10.165462493896484,36.99,64.70903015136719,1193.0,0.0,1367.0,0.0009853336960077,100.0,57.34607696533203,111.0,0.0
4396,0.0,1892.0,10.165462493896484,36.99,64.70903015136719,1193.0,0.0,1367.0,0.0009853336960077,100.0,57.34607696533203,111.0,0.0
4397,0.0,1892.0,10.22016716003418,36.99,65.2954330444336,1211.0,0.0,1367.0,0.0021034348756074,100.0,57.46898651123047,222.0,0.0
4398,0.0,1892.0,10.22016716003418,36.99,65.2954330444336,1211.0,0.0,1367.0,0.0021034348756074,100.0,57.46898651123047,222.0,0.0
4399,0.0,1892.0,10.22016716003418,36.99,65.2954330444336,1211.0,0.0,1367.0,0.0021034348756074,100.0,57.46898651123047,222.0,0.0
4400,0.0,1892.0,10.22016716003418,36.99,65.2954330444336,1211.0,0.0,1367.0,0.0021034348756074,100.0,57.46898651123047,222.0,0.0
4401,0.0,1892.0,10.22016716003418,36.99,65.2954330444336,1211.0,0.0,1367.0,0.0021034348756074,100.0,57.46898651123047,222.0,0.0
4402,0.0,1892.0,10.22016716003418,36.99,65.2954330444336,1211.0,0.0,1367.0,0.0021034348756074,100.0,57.46898651123047,222.0,0.0
4403,0.0,1892.0,10.196758270263672,36.99,65.8566665649414,1251.0,0.0,1367.0,0.0016536329640075,100.0,57.43592071533203,222.0,0.0
4404,0.0,1892.0,10.196758270263672,36.99,65.8566665649414,1251.0,0.0,1367.0,0.0016536329640075,100.0,57.43592071533203,222.0,0.0
4405,0.0,1892.0,10.196758270263672,36.99,65.8566665649414,1251.0,0.0,1367.0,0.0016536329640075,100.0,57.43592071533203,222.0,0.0
4406,0.0,1892.0,10.196758270263672,36.99,65.8566665649414,1251.0,0.0,1367.0,0.0016536329640075,100.0,57.43592071533203,222.0,0.0
4407,0.0,1892.0,10.196758270263672,36.99,65.8566665649414,1251.0,0.0,1367.0,0.0016536329640075,100.0,57.43592071533203,222.0,0.0
4408,0.0,1892.0,10.356913566589355,36.99,64.79168701171875,1239.0,0.0,1367.0,0.0010886916425079,100.0,57.375244140625,164.0,0.0
4409,0.0,1892.0,10.356913566589355,36.99,64.79168701171875,1239.0,0.0,1367.0,0.0010886916425079,100.0,57.375244140625,164.0,0.0
4410,0.0,1892.0,10.356913566589355,36.99,64.79168701171875,1239.0,0.0,1367.0,0.0010886916425079,100.0,57.375244140625,164.0,0.0
4411,0.0,1892.0,10.356913566589355,36.99,64.79168701171875,1239.0,0.0,1367.0,0.0010886916425079,100.0,57.375244140625,164.0,0.0
4412,0.0,1892.0,10.356913566589355,36.99,64.79168701171875,1239.0,0.0,1367.0,0.0010886916425079,100.0,57.375244140625,164.0,0.0
4413,0.0,1892.0,10.36721420288086,36.99,64.9847640991211,1433.0,0.0,1367.0,0.0009668433922342,100.0,57.334617614746094,111.0,0.0
4414,0.0,1892.0,10.36721420288086,36.99,64.9847640991211,1433.0,0.0,1367.0,0.0009668433922342,100.0,57.334617614746094,111.0,0.0
4415,0.0,1892.0,10.36721420288086,36.99,64.9847640991211,1433.0,0.0,1367.0,0.0009668433922342,100.0,57.334617614746094,111.0,0.0
4416,0.0,1892.0,10.36721420288086,36.99,64.9847640991211,1433.0,0.0,1367.0,0.0009668433922342,100.0,57.334617614746094,111.0,0.0
4417,0.0,1892.0,10.41558837890625,36.99,65.46562194824219,1404.0,0.0,1367.0,0.0009347694576717,100.0,57.25128936767578,111.0,0.0
4418,0.0,1892.0,10.41558837890625,36.99,65.46562194824219,1404.0,0.0,1367.0,0.0009347694576717,100.0,57.25128936767578,111.0,0.0
4419,0.0,1892.0,10.41558837890625,36.99,65.46562194824219,1404.0,0.0,1367.0,0.0009347694576717,100.0,57.25128936767578,111.0,0.0
4420,0.0,1892.0,10.41558837890625,36.99,65.46562194824219,1404.0,0.0,1367.0,0.0009347694576717,100.0,57.25128936767578,111.0,0.0
4421,0.0,1892.0,10.41558837890625,36.99,65.46562194824219,1404.0,0.0,1367.0,0.0009347694576717,100.0,57.25128936767578,111.0,0.0
4422,0.0,1892.0,10.304129600524902,36.99,65.1842041015625,1194.0,0.0,1367.0,0.002449182793498,100.0,57.33357620239258,246.0,0.0
4423,0.0,1892.0,10.304129600524902,36.99,65.1842041015625,1194.0,0.0,1367.0,0.002449182793498,100.0,57.33357620239258,246.0,0.0
4424,0.0,1892.0,10.304129600524902,36.99,65.1842041015625,1194.0,0.0,1367.0,0.002449182793498,100.0,57.33357620239258,246.0,0.0
4425,0.0,1892.0,10.304129600524902,36.99,65.1842041015625,1194.0,0.0,1367.0,0.002449182793498,100.0,57.33357620239258,246.0,0.0
4426,0.0,1892.0,10.304129600524902,36.99,65.1842041015625,1194.0,0.0,1367.0,0.002449182793498,100.0,57.33357620239258,246.0,0.0
4427,0.0,1892.0,10.304129600524902,36.99,65.1842041015625,1194.0,0.0,1367.0,0.002449182793498,100.0,57.33357620239258,246.0,0.0
4428,0.0,1892.0,10.261425971984863,36.99,66.6884994506836,1148.0,0.0,1367.0,0.0015364945866167,100.0,57.352325439453125,333.0,0.0
4429,0.0,1892.0,10.261425971984863,36.99,66.6884994506836,1148.0,0.0,1367.0,0.0015364945866167,100.0,57.352325439453125,333.0,0.0
4430,0.0,1892.0,10.261425971984863,36.99,66.6884994506836,1148.0,0.0,1367.0,0.0015364945866167,100.0,57.352325439453125,333.0,0.0
4431,0.0,1892.0,10.261425971984863,36.99,66.6884994506836,1148.0,0.0,1367.0,0.0015364945866167,100.0,57.352325439453125,333.0,0.0
4432,0.0,1892.0,10.261425971984863,36.99,66.6884994506836,1148.0,0.0,1367.0,0.0015364945866167,100.0,57.352325439453125,333.0,0.0
4433,0.0,1892.0,10.013436317443848,36.99,64.49154663085938,1097.0,0.0,1367.0,0.0002075418306048,100.0,57.25336837768555,111.0,0.0
4434,0.0,1892.0,10.013436317443848,36.99,64.49154663085938,1097.0,0.0,1367.0,0.0002075418306048,100.0,57.25336837768555,111.0,0.0
4435,0.0,1892.0,10.013436317443848,36.99,64.49154663085938,1097.0,0.0,1367.0,0.0002075418306048,100.0,57.25336837768555,111.0,0.0
4436,0.0,1892.0,10.013436317443848,36.99,64.49154663085938,1097.0,0.0,1367.0,0.0002075418306048,100.0,57.25336837768555,111.0,0.0
4437,0.0,1892.0,10.013436317443848,36.99,64.49154663085938,1097.0,0.0,1367.0,0.0002075418306048,100.0,57.25336837768555,111.0,0.0
4438,0.0,1892.0,10.102208137512209,36.99,64.56787109375,1081.0,0.0,1367.0,0.0014133569784462,100.0,57.41326141357422,111.0,0.0
4439,0.0,1892.0,10.102208137512209,36.99,64.56787109375,1081.0,0.0,1367.0,0.0014133569784462,100.0,57.41326141357422,111.0,0.0
4440,0.0,1892.0,10.102208137512209,36.99,64.56787109375,1081.0,0.0,1367.0,0.0014133569784462,100.0,57.41326141357422,111.0,0.0
4441,0.0,1892.0,10.102208137512209,36.99,64.56787109375,1081.0,0.0,1367.0,0.0014133569784462,100.0,57.41326141357422,111.0,0.0
4442,0.0,1892.0,10.102208137512209,36.99,64.56787109375,1081.0,0.0,1367.0,0.0014133569784462,100.0,57.41326141357422,111.0,0.0
4443,0.0,1892.0,10.068269729614258,36.99,64.74726104736328,1102.0,0.0,1367.0,0.0009787266608327,100.0,57.415863037109375,111.0,0.0
4444,0.0,1892.0,10.068269729614258,36.99,64.74726104736328,1102.0,0.0,1367.0,0.0009787266608327,100.0,57.415863037109375,111.0,0.0
4445,0.0,1892.0,10.068269729614258,36.99,64.74726104736328,1102.0,0.0,1367.0,0.0009787266608327,100.0,57.415863037109375,111.0,0.0
4446,0.0,1892.0,10.068269729614258,36.99,64.74726104736328,1102.0,0.0,1367.0,0.0009787266608327,100.0,57.415863037109375,111.0,0.0
4447,0.0,1892.0,10.068269729614258,36.99,64.74726104736328,1102.0,0.0,1367.0,0.0009787266608327,100.0,57.415863037109375,111.0,0.0
4448,0.0,1892.0,10.438169479370115,36.99,66.70626831054688,1298.0,0.0,1367.0,0.0027194926515221,100.0,57.39751052856445,333.0,0.0
4449,0.0,1892.0,10.438169479370115,36.99,66.70626831054688,1298.0,0.0,1367.0,0.0027194926515221,100.0,57.39751052856445,333.0,0.0
4450,0.0,1892.0,10.438169479370115,36.99,66.70626831054688,1298.0,0.0,1367.0,0.0027194926515221,100.0,57.39751052856445,333.0,0.0
4451,0.0,1892.0,10.438169479370115,36.99,66.70626831054688,1298.0,0.0,1367.0,0.0027194926515221,100.0,57.39751052856445,333.0,0.0
4452,0.0,1892.0,10.438169479370115,36.99,66.70626831054688,1298.0,0.0,1367.0,0.0027194926515221,100.0,57.39751052856445,333.0,0.0
4453,0.0,1892.0,10.464197158813477,36.99,65.7540512084961,1545.0,0.0,1367.0,0.0008488375460729,100.0,57.306495666503906,111.0,0.0
4454,0.0,1892.0,10.464197158813477,36.99,65.7540512084961,1545.0,0.0,1367.0,0.0008488375460729,100.0,57.306495666503906,111.0,0.0
4455,0.0,1892.0,10.464197158813477,36.99,65.7540512084961,1545.0,0.0,1367.0,0.0008488375460729,100.0,57.306495666503906,111.0,0.0
4456,0.0,1892.0,10.464197158813477,36.99,65.7540512084961,1545.0,0.0,1367.0,0.0008488375460729,100.0,57.306495666503906,111.0,0.0
4457,0.0,1892.0,10.464197158813477,36.99,65.7540512084961,1545.0,0.0,1367.0,0.0008488375460729,100.0,57.306495666503906,111.0,0.0
4458,0.0,1892.0,10.385357856750488,36.99,64.94799041748047,1328.0,0.0,1367.0,0.000721153570339,100.0,57.25232696533203,222.0,0.0
4459,0.0,1892.0,10.385357856750488,36.99,64.94799041748047,1328.0,0.0,1367.0,0.000721153570339,100.0,57.25232696533203,222.0,0.0
4460,0.0,1892.0,10.385357856750488,36.99,64.94799041748047,1328.0,0.0,1367.0,0.000721153570339,100.0,57.25232696533203,222.0,0.0
4461,0.0,1892.0,10.385357856750488,36.99,64.94799041748047,1328.0,0.0,1367.0,0.000721153570339,100.0,57.25232696533203,222.0,0.0
4462,0.0,1892.0,10.385357856750488,36.99,64.94799041748047,1328.0,0.0,1367.0,0.000721153570339,100.0,57.25232696533203,222.0,0.0
4463,0.0,1892.0,10.331340789794922,36.99,65.16427612304688,1247.0,0.0,1367.0,0.0008909555035643,100.0,57.211700439453125,111.0,0.0
4464,0.0,1892.0,10.331340789794922,36.99,65.16427612304688,1247.0,0.0,1367.0,0.0008909555035643,100.0,57.211700439453125,111.0,0.0
4465,0.0,1892.0,10.331340789794922,36.99,65.16427612304688,1247.0,0.0,1367.0,0.0008909555035643,100.0,57.211700439453125,111.0,0.0
4466,0.0,1892.0,10.331340789794922,36.99,65.16427612304688,1247.0,0.0,1367.0,0.0008909555035643,100.0,57.211700439453125,111.0,0.0
4467,0.0,1892.0,10.331340789794922,36.99,65.16427612304688,1247.0,0.0,1367.0,0.0008909555035643,100.0,57.211700439453125,111.0,0.0
4468,0.0,1892.0,10.254672050476074,36.99,66.16136169433594,1310.0,0.0,1367.0,0.0006933127297088,100.0,57.19815826416016,111.0,0.0
4469,0.0,1892.0,10.254672050476074,36.99,66.16136169433594,1310.0,0.0,1367.0,0.0006933127297088,100.0,57.19815826416016,111.0,0.0
4470,0.0,1892.0,10.254672050476074,36.99,66.16136169433594,1310.0,0.0,1367.0,0.0006933127297088,100.0,57.19815826416016,111.0,0.0
4471,0.0,1892.0,10.254672050476074,36.99,66.16136169433594,1310.0,0.0,1367.0,0.0006933127297088,100.0,57.19815826416016,111.0,0.0
4472,0.0,1892.0,10.254672050476074,36.99,66.16136169433594,1310.0,0.0,1367.0,0.0006933127297088,100.0,57.19815826416016,111.0,0.0
4473,0.0,1892.0,10.15285587310791,36.99,65.38611602783203,1054.0,0.0,1367.0,0.0021014655940234,100.0,57.4810791015625,222.0,0.0
4474,0.0,1892.0,10.15285587310791,36.99,65.38611602783203,1054.0,0.0,1367.0,0.0021014655940234,100.0,57.4810791015625,222.0,0.0
4475,0.0,1892.0,10.15285587310791,36.99,65.38611602783203,1054.0,0.0,1367.0,0.0021014655940234,100.0,57.4810791015625,222.0,0.0
4476,0.0,1892.0,10.15285587310791,36.99,65.38611602783203,1054.0,0.0,1367.0,0.0021014655940234,100.0,57.4810791015625,222.0,0.0
4477,0.0,1892.0,10.15285587310791,36.99,65.38611602783203,1054.0,0.0,1367.0,0.0021014655940234,100.0,57.4810791015625,222.0,0.0
4478,0.0,1892.0,10.060593605041504,36.99,64.1217041015625,975.0,0.0,1367.0,0.0013401947217062,100.0,57.30982208251953,111.0,0.0
4479,0.0,1892.0,10.060593605041504,36.99,64.1217041015625,975.0,0.0,1367.0,0.0013401947217062,100.0,57.30982208251953,111.0,0.0
4480,0.0,1892.0,10.060593605041504,36.99,64.1217041015625,975.0,0.0,1367.0,0.0013401947217062,100.0,57.30982208251953,111.0,0.0
4481,0.0,1892.0,10.060593605041504,36.99,64.1217041015625,975.0,0.0,1367.0,0.0013401947217062,100.0,57.30982208251953,111.0,0.0
4482,0.0,1892.0,10.060593605041504,36.99,64.1217041015625,975.0,0.0,1367.0,0.0013401947217062,100.0,57.30982208251953,111.0,0.0
4483,0.0,1892.0,10.077527046203612,36.99,64.47533416748047,1042.0,0.0,1367.0,0.0009619673946872,100.0,57.24919891357422,222.0,0.0
4484,0.0,1892.0,10.077527046203612,36.99,64.47533416748047,1042.0,0.0,1367.0,0.0009619673946872,100.0,57.24919891357422,222.0,0.0
4485,0.0,1892.0,10.077527046203612,36.99,64.47533416748047,1042.0,0.0,1367.0,0.0009619673946872,100.0,57.24919891357422,222.0,0.0
4486,0.0,1892.0,10.077527046203612,36.99,64.47533416748047,1042.0,0.0,1367.0,0.0009619673946872,100.0,57.24919891357422,222.0,0.0
4487,0.0,1892.0,10.077527046203612,36.99,64.47533416748047,1042.0,0.0,1367.0,0.0009619673946872,100.0,57.24919891357422,222.0,0.0
4488,0.0,1892.0,10.117918968200684,36.99,64.82169342041016,1204.0,0.0,1367.0,0.0014299638569355,100.0,57.443992614746094,222.0,0.0
4489,0.0,1892.0,10.117918968200684,36.99,64.82169342041016,1204.0,0.0,1367.0,0.0014299638569355,100.0,57.443992614746094,222.0,0.0
4490,0.0,1892.0,10.117918968200684,36.99,64.82169342041016,1204.0,0.0,1367.0,0.0014299638569355,100.0,57.443992614746094,222.0,0.0
4491,0.0,1892.0,10.117918968200684,36.99,64.82169342041016,1204.0,0.0,1367.0,0.0014299638569355,100.0,57.443992614746094,222.0,0.0
4492,0.0,1892.0,10.117918968200684,36.99,64.82169342041016,1204.0,0.0,1367.0,0.0014299638569355,100.0,57.443992614746094,222.0,0.0
4493,0.0,1892.0,10.459745407104492,36.99,66.77426147460938,1494.0,0.0,1367.0,0.001677835593,100.0,57.33357620239258,111.0,0.0
4494,0.0,1892.0,10.459745407104492,36.99,66.77426147460938,1494.0,0.0,1367.0,0.001677835593,100.0,57.33357620239258,111.0,0.0
4495,0.0,1892.0,10.459745407104492,36.99,66.77426147460938,1494.0,0.0,1367.0,0.001677835593,100.0,57.33357620239258,111.0,0.0
4496,0.0,1892.0,10.459745407104492,36.99,66.77426147460938,1494.0,0.0,1367.0,0.001677835593,100.0,57.33357620239258,111.0,0.0
4497,0.0,1892.0,10.459745407104492,36.99,66.77426147460938,1494.0,0.0,1367.0,0.001677835593,100.0,57.33357620239258,111.0,0.0
4498,0.0,1892.0,10.373577117919922,36.99,65.18486785888672,1340.0,0.0,1367.0,0.0018281128723174,100.0,57.3504524230957,111.0,0.0
4499,0.0,1892.0,10.373577117919922,36.99,65.18486785888672,1340.0,0.0,1367.0,0.0018281128723174,100.0,57.3504524230957,111.0,0.0
4500,0.0,1892.0,10.373577117919922,36.99,65.18486785888672,1340.0,0.0,1367.0,0.0018281128723174,100.0,57.3504524230957,111.0,0.0
4501,0.0,1892.0,10.373577117919922,36.99,65.18486785888672,1340.0,0.0,1367.0,0.0018281128723174,100.0,57.3504524230957,111.0,0.0
4502,0.0,1892.0,10.373577117919922,36.99,65.18486785888672,1340.0,0.0,1367.0,0.0018281128723174,100.0,57.3504524230957,111.0,0.0
4503,0.0,1892.0,10.3211669921875,36.99,64.95804595947266,1114.0,0.0,1367.0,0.0009362022974528,100.0,57.219200134277344,111.0,0.0
4504,0.0,1892.0,10.3211669921875,36.99,64.95804595947266,1114.0,0.0,1367.0,0.0009362022974528,100.0,57.219200134277344,111.0,0.0
4505,0.0,1892.0,10.3211669921875,36.99,64.95804595947266,1114.0,0.0,1367.0,0.0009362022974528,100.0,57.219200134277344,111.0,0.0
4506,0.0,1892.0,10.3211669921875,36.99,64.95804595947266,1114.0,0.0,1367.0,0.0009362022974528,100.0,57.219200134277344,111.0,0.0
4507,0.0,1892.0,10.3211669921875,36.99,64.95804595947266,1114.0,0.0,1367.0,0.0009362022974528,100.0,57.219200134277344,111.0,0.0
4508,0.0,1892.0,10.40018081665039,36.99,64.90667724609375,1571.0,0.0,1367.0,0.0007284601451829,100.0,57.18357467651367,111.0,0.0
4509,0.0,1892.0,10.40018081665039,36.99,64.90667724609375,1571.0,0.0,1367.0,0.0007284601451829,100.0,57.18357467651367,111.0,0.0
4510,0.0,1892.0,10.40018081665039,36.99,64.90667724609375,1571.0,0.0,1367.0,0.0007284601451829,100.0,57.18357467651367,111.0,0.0
4511,0.0,1892.0,10.40018081665039,36.99,64.90667724609375,1571.0,0.0,1367.0,0.0007284601451829,100.0,57.18357467651367,111.0,0.0
4512,0.0,1892.0,10.40018081665039,36.99,64.90667724609375,1571.0,0.0,1367.0,0.0007284601451829,100.0,57.18357467651367,111.0,0.0
4513,0.0,1892.0,10.247668266296388,36.99,65.63529968261719,1426.0,0.0,1367.0,0.0009484057081863,100.0,57.306495666503906,222.0,0.0
4514,0.0,1892.0,10.247668266296388,36.99,65.63529968261719,1426.0,0.0,1367.0,0.0009484057081863,100.0,57.306495666503906,222.0,0.0
4515,0.0,1892.0,10.247668266296388,36.99,65.63529968261719,1426.0,0.0,1367.0,0.0009484057081863,100.0,57.306495666503906,222.0,0.0
4516,0.0,1892.0,10.247668266296388,36.99,65.63529968261719,1426.0,0.0,1367.0,0.0009484057081863,100.0,57.306495666503906,222.0,0.0
4517,0.0,1892.0,10.247668266296388,36.99,65.63529968261719,1426.0,0.0,1367.0,0.0009484057081863,100.0,57.306495666503906,222.0,0.0
4518,0.0,1892.0,10.296035766601562,36.99,65.81730651855469,1363.0,0.0,1367.0,0.002800254151225,100.0,57.14295196533203,244.0,0.0
4519,0.0,1892.0,10.296035766601562,36.99,65.81730651855469,1363.0,0.0,1367.0,0.002800254151225,100.0,57.14295196533203,244.0,0.0
4520,0.0,1892.0,10.296035766601562,36.99,65.81730651855469,1363.0,0.0,1367.0,0.002800254151225,100.0,57.14295196533203,244.0,0.0
4521,0.0,1892.0,10.296035766601562,36.99,65.81730651855469,1363.0,0.0,1367.0,0.002800254151225,100.0,57.14295196533203,244.0,0.0
4522,0.0,1892.0,10.296035766601562,36.99,65.81730651855469,1363.0,0.0,1367.0,0.002800254151225,100.0,57.14295196533203,244.0,0.0
4523,0.0,1892.0,10.165544509887695,36.99,65.22328186035156,1252.0,0.0,1367.0,0.000998863717541,100.0,57.34880828857422,111.0,0.0
4524,0.0,1892.0,10.165544509887695,36.99,65.22328186035156,1252.0,0.0,1367.0,0.000998863717541,100.0,57.34880828857422,111.0,0.0
4525,0.0,1892.0,10.165544509887695,36.99,65.22328186035156,1252.0,0.0,1367.0,0.000998863717541,100.0,57.34880828857422,111.0,0.0
4526,0.0,1892.0,10.165544509887695,36.99,65.22328186035156,1252.0,0.0,1367.0,0.000998863717541,100.0,57.34880828857422,111.0,0.0
4527,0.0,1892.0,10.165544509887695,36.99,65.22328186035156,1252.0,0.0,1367.0,0.000998863717541,100.0,57.34880828857422,111.0,0.0
4528,0.0,1892.0,10.681796073913574,36.99,65.45503234863281,1206.0,0.0,1367.0,0.0009758258820511,100.0,57.27836990356445,222.0,0.0
4529,0.0,1892.0,10.681796073913574,36.99,65.45503234863281,1206.0,0.0,1367.0,0.0009758258820511,100.0,57.27836990356445,222.0,0.0
4530,0.0,1892.0,10.681796073913574,36.99,65.45503234863281,1206.0,0.0,1367.0,0.0009758258820511,100.0,57.27836990356445,222.0,0.0
4531,0.0,1892.0,10.681796073913574,36.99,65.45503234863281,1206.0,0.0,1367.0,0.0009758258820511,100.0,57.27836990356445,222.0,0.0
4532,0.0,1892.0,10.681796073913574,36.99,65.45503234863281,1206.0,0.0,1367.0,0.0009758258820511,100.0,57.27836990356445,222.0,0.0
4533,0.0,1892.0,10.21930980682373,36.99,66.69911193847656,1106.0,0.0,1367.0,0.0002739198971539,100.0,57.41691207885742,111.0,0.0
4534,0.0,1892.0,10.21930980682373,36.99,66.69911193847656,1106.0,0.0,1367.0,0.0002739198971539,100.0,57.41691207885742,111.0,0.0
4535,0.0,1892.0,10.21930980682373,36.99,66.69911193847656,1106.0,0.0,1367.0,0.0002739198971539,100.0,57.41691207885742,111.0,0.0
4536,0.0,1892.0,10.21930980682373,36.99,66.69911193847656,1106.0,0.0,1367.0,0.0002739198971539,100.0,57.41691207885742,111.0,0.0
4537,0.0,1892.0,10.21930980682373,36.99,66.69911193847656,1106.0,0.0,1367.0,0.0002739198971539,100.0,57.41691207885742,111.0,0.0
4538,0.0,1892.0,10.371000289916992,36.99,66.10134887695312,1045.0,0.0,1367.0,0.0013908870751038,100.0,57.438262939453125,111.0,0.0
4539,0.0,1892.0,10.371000289916992,36.99,66.10134887695312,1045.0,0.0,1367.0,0.0013908870751038,100.0,57.438262939453125,111.0,0.0
4540,0.0,1892.0,10.371000289916992,36.99,66.10134887695312,1045.0,0.0,1367.0,0.0013908870751038,100.0,57.438262939453125,111.0,0.0
4541,0.0,1892.0,10.371000289916992,36.99,66.10134887695312,1045.0,0.0,1367.0,0.0013908870751038,100.0,57.438262939453125,111.0,0.0
4542,0.0,1892.0,10.371000289916992,36.99,66.10134887695312,1045.0,0.0,1367.0,0.0013908870751038,100.0,57.438262939453125,111.0,0.0
4543,0.0,1892.0,10.37847900390625,36.99,64.70699310302734,1098.0,0.0,1367.0,0.0030564358457922,100.0,57.196075439453125,333.0,0.0
4544,0.0,1892.0,10.37847900390625,36.99,64.70699310302734,1098.0,0.0,1367.0,0.0030564358457922,100.0,57.196075439453125,333.0,0.0
4545,0.0,1892.0,10.37847900390625,36.99,64.70699310302734,1098.0,0.0,1367.0,0.0030564358457922,100.0,57.196075439453125,333.0,0.0
4546,0.0,1892.0,10.37847900390625,36.99,64.70699310302734,1098.0,0.0,1367.0,0.0030564358457922,100.0,57.196075439453125,333.0,0.0
4547,0.0,1892.0,10.37847900390625,36.99,64.70699310302734,1098.0,0.0,1367.0,0.0030564358457922,100.0,57.196075439453125,333.0,0.0
4548,0.0,1892.0,10.41053581237793,36.99,65.16342163085938,1478.0,0.0,1367.0,0.0007706196047365,100.0,57.27771759033203,111.0,0.0
4549,0.0,1892.0,10.41053581237793,36.99,65.16342163085938,1478.0,0.0,1367.0,0.0007706196047365,100.0,57.27771759033203,111.0,0.0
4550,0.0,1892.0,10.41053581237793,36.99,65.16342163085938,1478.0,0.0,1367.0,0.0007706196047365,100.0,57.27771759033203,111.0,0.0
4551,0.0,1892.0,10.41053581237793,36.99,65.16342163085938,1478.0,0.0,1367.0,0.0007706196047365,100.0,57.27771759033203,111.0,0.0
4552,0.0,1892.0,10.41053581237793,36.99,65.16342163085938,1478.0,0.0,1367.0,0.0007706196047365,100.0,57.27771759033203,111.0,0.0
4553,0.0,1892.0,10.376057624816896,36.99,64.79483795166016,1168.0,0.0,1367.0,0.0009329610620625,100.0,57.2794075012207,111.0,0.0
4554,0.0,1892.0,10.376057624816896,36.99,64.79483795166016,1168.0,0.0,1367.0,0.0009329610620625,100.0,57.2794075012207,111.0,0.0
4555,0.0,1892.0,10.376057624816896,36.99,64.79483795166016,1168.0,0.0,1367.0,0.0009329610620625,100.0,57.2794075012207,111.0,0.0
4556,0.0,1892.0,10.376057624816896,36.99,64.79483795166016,1168.0,0.0,1367.0,0.0009329610620625,100.0,57.2794075012207,111.0,0.0
4557,0.0,1892.0,10.376057624816896,36.99,64.79483795166016,1168.0,0.0,1367.0,0.0009329610620625,100.0,57.2794075012207,111.0,0.0
4558,0.0,1892.0,10.158716201782228,36.99,64.66854095458984,1158.0,0.0,1367.0,0.0009823015425354,100.0,57.16899490356445,111.0,0.0
4559,0.0,1892.0,10.158716201782228,36.99,64.66854095458984,1158.0,0.0,1367.0,0.0009823015425354,100.0,57.16899490356445,111.0,0.0
4560,0.0,1892.0,10.158716201782228,36.99,64.66854095458984,1158.0,0.0,1367.0,0.0009823015425354,100.0,57.16899490356445,111.0,0.0
4561,0.0,1892.0,10.158716201782228,36.99,64.66854095458984,1158.0,0.0,1367.0,0.0009823015425354,100.0,57.16899490356445,111.0,0.0
4562,0.0,1892.0,10.158716201782228,36.99,64.66854095458984,1158.0,0.0,1367.0,0.0009823015425354,100.0,57.16899490356445,111.0,0.0
4563,0.0,1892.0,10.14389991760254,36.99,64.61051177978516,1210.0,0.0,1367.0,0.0018632160499691,100.0,57.35858154296875,111.0,0.0
4564,0.0,1892.0,10.14389991760254,36.99,64.61051177978516,1210.0,0.0,1367.0,0.0018632160499691,100.0,57.35858154296875,111.0,0.0
4565,0.0,1892.0,10.14389991760254,36.99,64.61051177978516,1210.0,0.0,1367.0,0.0018632160499691,100.0,57.35858154296875,111.0,0.0
4566,0.0,1892.0,10.14389991760254,36.99,64.61051177978516,1210.0,0.0,1367.0,0.0018632160499691,100.0,57.35858154296875,111.0,0.0
4567,0.0,1892.0,10.14389991760254,36.99,64.61051177978516,1210.0,0.0,1367.0,0.0018632160499691,100.0,57.35858154296875,111.0,0.0
4568,0.0,1892.0,10.11301040649414,36.99,64.69342041015625,1116.0,0.0,1367.0,0.00269461190328,100.0,57.36100387573242,222.0,0.0
4569,0.0,1892.0,10.11301040649414,36.99,64.69342041015625,1116.0,0.0,1367.0,0.00269461190328,100.0,57.36100387573242,222.0,0.0
4570,0.0,1892.0,10.11301040649414,36.99,64.69342041015625,1116.0,0.0,1367.0,0.00269461190328,100.0,57.36100387573242,222.0,0.0
4571,0.0,1892.0,10.11301040649414,36.99,64.69342041015625,1116.0,0.0,1367.0,0.00269461190328,100.0,57.36100387573242,222.0,0.0
4572,0.0,1892.0,10.11301040649414,36.99,64.69342041015625,1116.0,0.0,1367.0,0.00269461190328,100.0,57.36100387573242,222.0,0.0
4573,0.0,1892.0,10.159337997436523,36.99,65.31299591064453,1191.0,0.0,1367.0,0.0004174981149844,100.0,57.27263641357422,111.0,0.0
4574,0.0,1892.0,10.159337997436523,36.99,65.31299591064453,1191.0,0.0,1367.0,0.0004174981149844,100.0,57.27263641357422,111.0,0.0
4575,0.0,1892.0,10.159337997436523,36.99,65.31299591064453,1191.0,0.0,1367.0,0.0004174981149844,100.0,57.27263641357422,111.0,0.0
4576,0.0,1892.0,10.159337997436523,36.99,65.31299591064453,1191.0,0.0,1367.0,0.0004174981149844,100.0,57.27263641357422,111.0,0.0
4577,0.0,1892.0,10.159337997436523,36.99,65.31299591064453,1191.0,0.0,1367.0,0.0004174981149844,100.0,57.27263641357422,111.0,0.0
4578,0.0,1892.0,10.255497932434082,36.99,65.86475372314453,1332.0,0.0,1367.0,0.001320234267041,100.0,57.33356857299805,111.0,0.0
4579,0.0,1892.0,10.255497932434082,36.99,65.86475372314453,1332.0,0.0,1367.0,0.001320234267041,100.0,57.33356857299805,111.0,0.0
4580,0.0,1892.0,10.255497932434082,36.99,65.86475372314453,1332.0,0.0,1367.0,0.001320234267041,100.0,57.33356857299805,111.0,0.0
4581,0.0,1892.0,10.255497932434082,36.99,65.86475372314453,1332.0,0.0,1367.0,0.001320234267041,100.0,57.33356857299805,111.0,0.0
4582,0.0,1892.0,10.255497932434082,36.99,65.86475372314453,1332.0,0.0,1367.0,0.001320234267041,100.0,57.33356857299805,111.0,0.0
4583,0.0,1892.0,10.349679946899414,36.99,65.21192932128906,1195.0,0.0,1367.0,0.0006843592855148,100.0,57.22420120239258,111.0,0.0
4584,0.0,1892.0,10.349679946899414,36.99,65.21192932128906,1195.0,0.0,1367.0,0.0006843592855148,100.0,57.22420120239258,111.0,0.0
4585,0.0,1892.0,10.349679946899414,36.99,65.21192932128906,1195.0,0.0,1367.0,0.0006843592855148,100.0,57.22420120239258,111.0,0.0
4586,0.0,1892.0,10.349679946899414,36.99,65.21192932128906,1195.0,0.0,1367.0,0.0006843592855148,100.0,57.22420120239258,111.0,0.0
4587,0.0,1892.0,10.349679946899414,36.99,65.21192932128906,1195.0,0.0,1367.0,0.0006843592855148,100.0,57.22420120239258,111.0,0.0
4588,0.0,1892.0,10.273350715637209,36.99,64.6282730102539,985.0,0.0,1367.0,0.0006762161501683,100.0,57.16898727416992,111.0,0.0
4589,0.0,1892.0,10.273350715637209,36.99,64.6282730102539,985.0,0.0,1367.0,0.0006762161501683,100.0,57.16898727416992,111.0,0.0
4590,0.0,1892.0,10.273350715637209,36.99,64.6282730102539,985.0,0.0,1367.0,0.0006762161501683,100.0,57.16898727416992,111.0,0.0
4591,0.0,1892.0,10.273350715637209,36.99,64.6282730102539,985.0,0.0,1367.0,0.0006762161501683,100.0,57.16898727416992,111.0,0.0
4592,0.0,1892.0,10.273350715637209,36.99,64.6282730102539,985.0,0.0,1367.0,0.0006762161501683,100.0,57.16898727416992,111.0,0.0
4593,0.0,1892.0,10.723464965820312,36.99,66.68411254882812,1214.0,0.0,1367.0,0.0022486883681267,100.0,57.30024337768555,333.0,0.0
4594,0.0,1892.0,10.723464965820312,36.99,66.68411254882812,1214.0,0.0,1367.0,0.0022486883681267,100.0,57.30024337768555,333.0,0.0
4595,0.0,1892.0,10.723464965820312,36.99,66.68411254882812,1214.0,0.0,1367.0,0.0022486883681267,100.0,57.30024337768555,333.0,0.0
4596,0.0,1892.0,10.723464965820312,36.99,66.68411254882812,1214.0,0.0,1367.0,0.0022486883681267,100.0,57.30024337768555,333.0,0.0
4597,0.0,1892.0,10.723464965820312,36.99,66.68411254882812,1214.0,0.0,1367.0,0.0022486883681267,100.0,57.30024337768555,333.0,0.0
4598,0.0,1892.0,10.358823776245115,36.99,65.37836456298828,1559.0,0.0,1367.0,0.0918924137949943,100.0,57.24451446533203,344.0,0.0
4599,0.0,1892.0,10.358823776245115,36.99,65.37836456298828,1559.0,0.0,1367.0,0.0918924137949943,100.0,57.24451446533203,344.0,0.0
4600,0.0,1892.0,10.358823776245115,36.99,65.37836456298828,1559.0,0.0,1367.0,0.0918924137949943,100.0,57.24451446533203,344.0,0.0
4601,0.0,1892.0,10.358823776245115,36.99,65.37836456298828,1559.0,0.0,1367.0,0.0918924137949943,100.0,57.24451446533203,344.0,0.0
4602,0.0,1892.0,10.358823776245115,36.99,65.37836456298828,1559.0,0.0,1367.0,0.0918924137949943,100.0,57.24451446533203,344.0,0.0
4603,0.0,1892.0,10.163922309875488,36.99,66.69303131103516,1474.0,0.0,1367.0,0.1148666217923164,100.0,57.39954376220703,333.0,0.0
4604,0.0,1892.0,10.163922309875488,36.99,66.69303131103516,1474.0,0.0,1367.0,0.1148666217923164,100.0,57.39954376220703,333.0,0.0
4605,0.0,1892.0,10.163922309875488,36.99,66.69303131103516,1474.0,0.0,1367.0,0.1148666217923164,100.0,57.39954376220703,333.0,0.0
4606,0.0,1892.0,10.163922309875488,36.99,66.69303131103516,1474.0,0.0,1367.0,0.1148666217923164,100.0,57.39954376220703,333.0,0.0
4607,0.0,1892.0,10.163922309875488,36.99,66.69303131103516,1474.0,0.0,1367.0,0.1148666217923164,100.0,57.39954376220703,333.0,0.0
4608,0.0,1892.0,10.307977676391602,36.99,66.20738220214844,1398.0,0.0,1367.0,0.0199817884713411,100.0,57.35335159301758,222.0,0.0
4609,0.0,1892.0,10.307977676391602,36.99,66.20738220214844,1398.0,0.0,1367.0,0.0199817884713411,100.0,57.35335159301758,222.0,0.0
4610,0.0,1892.0,10.307977676391602,36.99,66.20738220214844,1398.0,0.0,1367.0,0.0199817884713411,100.0,57.35335159301758,222.0,0.0
4611,0.0,1892.0,10.307977676391602,36.99,66.20738220214844,1398.0,0.0,1367.0,0.0199817884713411,100.0,57.35335159301758,222.0,0.0
4612,0.0,1892.0,10.307977676391602,36.99,66.20738220214844,1398.0,0.0,1367.0,0.0199817884713411,100.0,57.35335159301758,222.0,0.0
4613,0.0,1892.0,10.17506504058838,36.99,64.6260757446289,1214.0,0.0,1367.0,0.0002705146034713,100.0,57.22420120239258,111.0,0.0
4614,0.0,1892.0,10.17506504058838,36.99,64.6260757446289,1214.0,0.0,1367.0,0.0002705146034713,100.0,57.22420120239258,111.0,0.0
4615,0.0,1892.0,10.17506504058838,36.99,64.6260757446289,1214.0,0.0,1367.0,0.0002705146034713,100.0,57.22420120239258,111.0,0.0
4616,0.0,1892.0,10.17506504058838,36.99,64.6260757446289,1214.0,0.0,1367.0,0.0002705146034713,100.0,57.22420120239258,111.0,0.0
4617,0.0,1892.0,10.17506504058838,36.99,64.6260757446289,1214.0,0.0,1367.0,0.0002705146034713,100.0,57.22420120239258,111.0,0.0
4618,0.0,1892.0,10.16670036315918,36.99,64.92789459228516,1168.0,0.0,1367.0,0.0032605587039142,100.0,57.33357620239258,247.0,0.0
4619,0.0,1892.0,10.16670036315918,36.99,64.92789459228516,1168.0,0.0,1367.0,0.0032605587039142,100.0,57.33357620239258,247.0,0.0
4620,0.0,1892.0,10.16670036315918,36.99,64.92789459228516,1168.0,0.0,1367.0,0.0032605587039142,100.0,57.33357620239258,247.0,0.0
4621,0.0,1892.0,10.16670036315918,36.99,64.92789459228516,1168.0,0.0,1367.0,0.0032605587039142,100.0,57.33357620239258,247.0,0.0
4622,0.0,1892.0,10.16670036315918,36.99,64.92789459228516,1168.0,0.0,1367.0,0.0032605587039142,100.0,57.33357620239258,247.0,0.0
4623,0.0,1892.0,10.205649375915527,36.99,64.51571655273438,996.0,0.0,1367.0,0.0009578424505889,100.0,57.22185516357422,111.0,0.0
4624,0.0,1892.0,10.205649375915527,36.99,64.51571655273438,996.0,0.0,1367.0,0.0009578424505889,100.0,57.22185516357422,111.0,0.0
4625,0.0,1892.0,10.205649375915527,36.99,64.51571655273438,996.0,0.0,1367.0,0.0009578424505889,100.0,57.22185516357422,111.0,0.0
4626,0.0,1892.0,10.205649375915527,36.99,64.51571655273438,996.0,0.0,1367.0,0.0009578424505889,100.0,57.22185516357422,111.0,0.0
4627,0.0,1892.0,10.205649375915527,36.99,64.51571655273438,996.0,0.0,1367.0,0.0009578424505889,100.0,57.22185516357422,111.0,0.0
4628,0.0,1892.0,10.278451919555664,36.99,66.16902923583984,1026.0,0.0,1367.0,0.0007196391234174,100.0,57.375244140625,222.0,0.0
4629,0.0,1892.0,10.278451919555664,36.99,66.16902923583984,1026.0,0.0,1367.0,0.0007196391234174,100.0,57.375244140625,222.0,0.0
4630,0.0,1892.0,10.278451919555664,36.99,66.16902923583984,1026.0,0.0,1367.0,0.0007196391234174,100.0,57.375244140625,222.0,0.0
4631,0.0,1892.0,10.278451919555664,36.99,66.16902923583984,1026.0,0.0,1367.0,0.0007196391234174,100.0,57.375244140625,222.0,0.0
4632,0.0,1892.0,10.278451919555664,36.99,66.16902923583984,1026.0,0.0,1367.0,0.0007196391234174,100.0,57.375244140625,222.0,0.0
4633,0.0,1892.0,10.32535171508789,36.99,64.59246826171875,1099.0,0.0,1367.0,0.0009321556426584,100.0,57.18253326416016,111.0,0.0
4634,0.0,1892.0,10.32535171508789,36.99,64.59246826171875,1099.0,0.0,1367.0,0.0009321556426584,100.0,57.18253326416016,111.0,0.0
4635,0.0,1892.0,10.32535171508789,36.99,64.59246826171875,1099.0,0.0,1367.0,0.0009321556426584,100.0,57.18253326416016,111.0,0.0
4636,0.0,1892.0,10.32535171508789,36.99,64.59246826171875,1099.0,0.0,1367.0,0.0009321556426584,100.0,57.18253326416016,111.0,0.0
4637,0.0,1892.0,10.32535171508789,36.99,64.59246826171875,1099.0,0.0,1367.0,0.0009321556426584,100.0,57.18253326416016,111.0,0.0
4638,0.0,1892.0,10.505396842956545,36.99,64.77635955810547,1135.0,0.0,1367.0,0.0025093872100114,100.0,57.225242614746094,222.0,0.0
4639,0.0,1892.0,10.505396842956545,36.99,64.77635955810547,1135.0,0.0,1367.0,0.0025093872100114,100.0,57.225242614746094,222.0,0.0
4640,0.0,1892.0,10.505396842956545,36.99,64.77635955810547,1135.0,0.0,1367.0,0.0025093872100114,100.0,57.225242614746094,222.0,0.0
4641,0.0,1892.0,10.505396842956545,36.99,64.77635955810547,1135.0,0.0,1367.0,0.0025093872100114,100.0,57.225242614746094,222.0,0.0
4642,0.0,1892.0,10.505396842956545,36.99,64.77635955810547,1135.0,0.0,1367.0,0.0025093872100114,100.0,57.225242614746094,222.0,0.0
4643,0.0,1892.0,10.649862289428713,36.99,65.24246215820312,1412.0,0.0,1367.0,0.0010872355196624,100.0,57.237091064453125,111.0,0.0
4644,0.0,1892.0,10.649862289428713,36.99,65.24246215820312,1412.0,0.0,1367.0,0.0010872355196624,100.0,57.237091064453125,111.0,0.0
4645,0.0,1892.0,10.649862289428713,36.99,65.24246215820312,1412.0,0.0,1367.0,0.0010872355196624,100.0,57.237091064453125,111.0,0.0
4646,0.0,1892.0,10.649862289428713,36.99,65.24246215820312,1412.0,0.0,1367.0,0.0010872355196624,100.0,57.237091064453125,111.0,0.0
4647,0.0,1892.0,10.649862289428713,36.99,65.24246215820312,1412.0,0.0,1367.0,0.0010872355196624,100.0,57.237091064453125,111.0,0.0
4648,0.0,1892.0,10.23777675628662,36.99,66.51325988769531,1356.0,0.0,1367.0,0.0007425952935591,100.0,57.29294967651367,111.0,0.0
4649,0.0,1892.0,10.23777675628662,36.99,66.51325988769531,1356.0,0.0,1367.0,0.0007425952935591,100.0,57.29294967651367,111.0,0.0
4650,0.0,1892.0,10.23777675628662,36.99,66.51325988769531,1356.0,0.0,1367.0,0.0007425952935591,100.0,57.29294967651367,111.0,0.0
4651,0.0,1892.0,10.23777675628662,36.99,66.51325988769531,1356.0,0.0,1367.0,0.0007425952935591,100.0,57.29294967651367,111.0,0.0
4652,0.0,1892.0,10.23777675628662,36.99,66.51325988769531,1356.0,0.0,1367.0,0.0007425952935591,100.0,57.29294967651367,111.0,0.0
4653,0.0,1892.0,10.138494491577148,36.99,65.61096954345703,1518.0,0.0,1367.0,0.0002696449519135,100.0,57.2794075012207,111.0,0.0
4654,0.0,1892.0,10.138494491577148,36.99,65.61096954345703,1518.0,0.0,1367.0,0.0002696449519135,100.0,57.2794075012207,111.0,0.0
4655,0.0,1892.0,10.138494491577148,36.99,65.61096954345703,1518.0,0.0,1367.0,0.0002696449519135,100.0,57.2794075012207,111.0,0.0
4656,0.0,1892.0,10.138494491577148,36.99,65.61096954345703,1518.0,0.0,1367.0,0.0002696449519135,100.0,57.2794075012207,111.0,0.0
4657,0.0,1892.0,10.138494491577148,36.99,65.61096954345703,1518.0,0.0,1367.0,0.0002696449519135,100.0,57.2794075012207,111.0,0.0
4658,0.0,1892.0,10.119694709777832,36.99,64.8786392211914,1168.0,0.0,1367.0,0.0014178899582475,100.0,57.250762939453125,222.0,0.0
4659,0.0,1892.0,10.119694709777832,36.99,64.8786392211914,1168.0,0.0,1367.0,0.0014178899582475,100.0,57.250762939453125,222.0,0.0
4660,0.0,1892.0,10.119694709777832,36.99,64.8786392211914,1168.0,0.0,1367.0,0.0014178899582475,100.0,57.250762939453125,222.0,0.0
4661,0.0,1892.0,10.119694709777832,36.99,64.8786392211914,1168.0,0.0,1367.0,0.0014178899582475,100.0,57.250762939453125,222.0,0.0
4662,0.0,1892.0,10.119694709777832,36.99,64.8786392211914,1168.0,0.0,1367.0,0.0014178899582475,100.0,57.250762939453125,222.0,0.0
4663,0.0,1892.0,10.106657028198242,36.99,64.55573272705078,1503.0,0.0,1367.0,0.0991439074277877,100.0,57.23774337768555,464.0,0.0
4664,0.0,1892.0,10.106657028198242,36.99,64.55573272705078,1503.0,0.0,1367.0,0.0991439074277877,100.0,57.23774337768555,464.0,0.0
4665,0.0,1892.0,10.106657028198242,36.99,64.55573272705078,1503.0,0.0,1367.0,0.0991439074277877,100.0,57.23774337768555,464.0,0.0
4666,0.0,1892.0,10.106657028198242,36.99,64.55573272705078,1503.0,0.0,1367.0,0.0991439074277877,100.0,57.23774337768555,464.0,0.0
4667,0.0,1892.0,10.106657028198242,36.99,64.55573272705078,1503.0,0.0,1367.0,0.0991439074277877,100.0,57.23774337768555,464.0,0.0
4668,0.0,1892.0,10.220391273498535,36.99,65.32427978515625,1169.0,0.0,1367.0,0.0572247505187988,100.0,57.49066162109375,444.0,0.0
4669,0.0,1892.0,10.220391273498535,36.99,65.32427978515625,1169.0,0.0,1367.0,0.0572247505187988,100.0,57.49066162109375,444.0,0.0
4670,0.0,1892.0,10.220391273498535,36.99,65.32427978515625,1169.0,0.0,1367.0,0.0572247505187988,100.0,57.49066162109375,444.0,0.0
4671,0.0,1892.0,10.220391273498535,36.99,65.32427978515625,1169.0,0.0,1367.0,0.0572247505187988,100.0,57.49066162109375,444.0,0.0
4672,0.0,1892.0,10.220391273498535,36.99,65.32427978515625,1169.0,0.0,1367.0,0.0572247505187988,100.0,57.49066162109375,444.0,0.0
4673,0.0,1892.0,10.387910842895508,36.99,66.17070007324219,1164.0,0.0,1367.0,0.0015419689007103,100.0,57.38077545166016,111.0,0.0
4674,0.0,1892.0,10.387910842895508,36.99,66.17070007324219,1164.0,0.0,1367.0,0.0015419689007103,100.0,57.38077545166016,111.0,0.0
4675,0.0,1892.0,10.387910842895508,36.99,66.17070007324219,1164.0,0.0,1367.0,0.0015419689007103,100.0,57.38077545166016,111.0,0.0
4676,0.0,1892.0,10.387910842895508,36.99,66.17070007324219,1164.0,0.0,1367.0,0.0015419689007103,100.0,57.38077545166016,111.0,0.0
4677,0.0,1892.0,10.387910842895508,36.99,66.17070007324219,1164.0,0.0,1367.0,0.0015419689007103,100.0,57.38077545166016,111.0,0.0
4678,0.0,1892.0,10.435997009277344,36.99,64.33272552490234,1213.0,0.0,1367.0,0.0007040476775728,100.0,57.26586151123047,111.0,0.0
4679,0.0,1892.0,10.435997009277344,36.99,64.33272552490234,1213.0,0.0,1367.0,0.0007040476775728,100.0,57.26586151123047,111.0,0.0
4680,0.0,1892.0,10.435997009277344,36.99,64.33272552490234,1213.0,0.0,1367.0,0.0007040476775728,100.0,57.26586151123047,111.0,0.0
4681,0.0,1892.0,10.435997009277344,36.99,64.33272552490234,1213.0,0.0,1367.0,0.0007040476775728,100.0,57.26586151123047,111.0,0.0
4682,0.0,1892.0,10.435997009277344,36.99,64.33272552490234,1213.0,0.0,1367.0,0.0007040476775728,100.0,57.26586151123047,111.0,0.0
4683,0.0,1892.0,10.308794975280762,36.99,64.78650665283203,1051.0,0.0,1367.0,0.0009336245129816,100.0,57.265869140625,111.0,0.0
4684,0.0,1892.0,10.308794975280762,36.99,64.78650665283203,1051.0,0.0,1367.0,0.0009336245129816,100.0,57.265869140625,111.0,0.0
4685,0.0,1892.0,10.308794975280762,36.99,64.78650665283203,1051.0,0.0,1367.0,0.0009336245129816,100.0,57.265869140625,111.0,0.0
4686,0.0,1892.0,10.308794975280762,36.99,64.78650665283203,1051.0,0.0,1367.0,0.0009336245129816,100.0,57.265869140625,111.0,0.0
4687,0.0,1892.0,10.308794975280762,36.99,64.78650665283203,1051.0,0.0,1367.0,0.0009336245129816,100.0,57.265869140625,111.0,0.0
4688,0.0,1892.0,10.33884620666504,36.99,65.93142700195312,1002.0,0.0,1367.0,0.0022519540507346,100.0,57.238433837890625,444.0,0.0
4689,0.0,1892.0,10.33884620666504,36.99,65.93142700195312,1002.0,0.0,1367.0,0.0022519540507346,100.0,57.238433837890625,444.0,0.0
4690,0.0,1892.0,10.33884620666504,36.99,65.93142700195312,1002.0,0.0,1367.0,0.0022519540507346,100.0,57.238433837890625,444.0,0.0
4691,0.0,1892.0,10.33884620666504,36.99,65.93142700195312,1002.0,0.0,1367.0,0.0022519540507346,100.0,57.238433837890625,444.0,0.0
4692,0.0,1892.0,10.33884620666504,36.99,65.93142700195312,1002.0,0.0,1367.0,0.0022519540507346,100.0,57.238433837890625,444.0,0.0
4693,0.0,1892.0,10.502053260803224,36.99,66.49405670166016,1229.0,0.0,1367.0,0.2633962333202362,100.0,57.87786102294922,502.0,0.0
4694,0.0,1892.0,10.502053260803224,36.99,66.49405670166016,1229.0,0.0,1367.0,0.2633962333202362,100.0,57.87786102294922,502.0,0.0
4695,0.0,1892.0,10.502053260803224,36.99,66.49405670166016,1229.0,0.0,1367.0,0.2633962333202362,100.0,57.87786102294922,502.0,0.0
4696,0.0,1892.0,10.502053260803224,36.99,66.49405670166016,1229.0,0.0,1367.0,0.2633962333202362,100.0,57.87786102294922,502.0,0.0
4697,0.0,1892.0,10.502053260803224,36.99,66.49405670166016,1229.0,0.0,1367.0,0.2633962333202362,100.0,57.87786102294922,502.0,0.0
4698,0.0,1892.0,10.515470504760742,36.99,65.06216430664062,1542.0,0.0,1367.0,0.0103434110060334,100.0,57.63716506958008,111.0,0.0
4699,0.0,1892.0,10.515470504760742,36.99,65.06216430664062,1542.0,0.0,1367.0,0.0103434110060334,100.0,57.63716506958008,111.0,0.0
4700,0.0,1892.0,10.515470504760742,36.99,65.06216430664062,1542.0,0.0,1367.0,0.0103434110060334,100.0,57.63716506958008,111.0,0.0
4701,0.0,1892.0,10.515470504760742,36.99,65.06216430664062,1542.0,0.0,1367.0,0.0103434110060334,100.0,57.63716506958008,111.0,0.0
4702,0.0,1892.0,10.515470504760742,36.99,65.06216430664062,1542.0,0.0,1367.0,0.0103434110060334,100.0,57.63716506958008,111.0,0.0
4703,0.0,1892.0,10.311540603637695,36.99,65.80591583251953,1414.0,0.0,1367.0,0.0002539696579333,100.0,57.41326141357422,111.0,0.0
4704,0.0,1892.0,10.311540603637695,36.99,65.80591583251953,1414.0,0.0,1367.0,0.0002539696579333,100.0,57.41326141357422,111.0,0.0
4705,0.0,1892.0,10.311540603637695,36.99,65.80591583251953,1414.0,0.0,1367.0,0.0002539696579333,100.0,57.41326141357422,111.0,0.0
4706,0.0,1892.0,10.311540603637695,36.99,65.80591583251953,1414.0,0.0,1367.0,0.0002539696579333,100.0,57.41326141357422,111.0,0.0
4707,0.0,1892.0,10.311540603637695,36.99,65.80591583251953,1414.0,0.0,1367.0,0.0002539696579333,100.0,57.41326141357422,111.0,0.0
4708,0.0,1892.0,10.216014862060549,36.99,64.52289581298828,1353.0,0.0,1367.0,0.0013664655853062,100.0,57.33461380004883,111.0,0.0
4709,0.0,1892.0,10.216014862060549,36.99,64.52289581298828,1353.0,0.0,1367.0,0.0013664655853062,100.0,57.33461380004883,111.0,0.0
4710,0.0,1892.0,10.216014862060549,36.99,64.52289581298828,1353.0,0.0,1367.0,0.0013664655853062,100.0,57.33461380004883,111.0,0.0
4711,0.0,1892.0,10.216014862060549,36.99,64.52289581298828,1353.0,0.0,1367.0,0.0013664655853062,100.0,57.33461380004883,111.0,0.0
4712,0.0,1892.0,10.216014862060549,36.99,64.52289581298828,1353.0,0.0,1367.0,0.0013664655853062,100.0,57.33461380004883,111.0,0.0
4713,0.0,1892.0,10.362040519714355,36.99,66.10525512695312,1155.0,0.0,1367.0,0.0038886065594851,100.0,57.36295318603515,444.0,0.0
4714,0.0,1892.0,10.362040519714355,36.99,66.10525512695312,1155.0,0.0,1367.0,0.0038886065594851,100.0,57.36295318603515,444.0,0.0
4715,0.0,1892.0,10.362040519714355,36.99,66.10525512695312,1155.0,0.0,1367.0,0.0038886065594851,100.0,57.36295318603515,444.0,0.0
4716,0.0,1892.0,10.362040519714355,36.99,66.10525512695312,1155.0,0.0,1367.0,0.0038886065594851,100.0,57.36295318603515,444.0,0.0
4717,0.0,1892.0,10.362040519714355,36.99,66.10525512695312,1155.0,0.0,1367.0,0.0038886065594851,100.0,57.36295318603515,444.0,0.0
4718,0.0,1892.0,10.286870956420898,36.99,64.92796325683594,1154.0,0.0,1367.0,0.0009078528964892,100.0,57.27107620239258,222.0,0.0
4719,0.0,1892.0,10.286870956420898,36.99,64.92796325683594,1154.0,0.0,1367.0,0.0009078528964892,100.0,57.27107620239258,222.0,0.0
4720,0.0,1892.0,10.286870956420898,36.99,64.92796325683594,1154.0,0.0,1367.0,0.0009078528964892,100.0,57.27107620239258,222.0,0.0
4721,0.0,1892.0,10.286870956420898,36.99,64.92796325683594,1154.0,0.0,1367.0,0.0009078528964892,100.0,57.27107620239258,222.0,0.0
4722,0.0,1892.0,10.286870956420898,36.99,64.92796325683594,1154.0,0.0,1367.0,0.0009078528964892,100.0,57.27107620239258,222.0,0.0
4723,0.0,1892.0,10.31324577331543,36.99,65.64252471923828,968.0,0.0,1367.0,0.001364329829812,100.0,57.334617614746094,222.0,0.0
4724,0.0,1892.0,10.31324577331543,36.99,65.64252471923828,968.0,0.0,1367.0,0.001364329829812,100.0,57.334617614746094,222.0,0.0
4725,0.0,1892.0,10.31324577331543,36.99,65.64252471923828,968.0,0.0,1367.0,0.001364329829812,100.0,57.334617614746094,222.0,0.0
4726,0.0,1892.0,10.31324577331543,36.99,65.64252471923828,968.0,0.0,1367.0,0.001364329829812,100.0,57.334617614746094,222.0,0.0
4727,0.0,1892.0,10.31324577331543,36.99,65.64252471923828,968.0,0.0,1367.0,0.001364329829812,100.0,57.334617614746094,222.0,0.0
4728,0.0,1892.0,10.25193214416504,36.99,64.83667755126953,1106.0,0.0,1367.0,0.0009446847834624,100.0,57.29399490356445,111.0,0.0
4729,0.0,1892.0,10.25193214416504,36.99,64.83667755126953,1106.0,0.0,1367.0,0.0009446847834624,100.0,57.29399490356445,111.0,0.0
4730,0.0,1892.0,10.25193214416504,36.99,64.83667755126953,1106.0,0.0,1367.0,0.0009446847834624,100.0,57.29399490356445,111.0,0.0
4731,0.0,1892.0,10.25193214416504,36.99,64.83667755126953,1106.0,0.0,1367.0,0.0009446847834624,100.0,57.29399490356445,111.0,0.0
4732,0.0,1892.0,10.25193214416504,36.99,64.83667755126953,1106.0,0.0,1367.0,0.0009446847834624,100.0,57.29399490356445,111.0,0.0
4733,0.0,1892.0,10.174235343933104,36.99,66.21430206298828,1082.0,0.0,1367.0,0.0007445641676895,100.0,57.12836837768555,111.0,0.0
4734,0.0,1892.0,10.174235343933104,36.99,66.21430206298828,1082.0,0.0,1367.0,0.0007445641676895,100.0,57.12836837768555,111.0,0.0
4735,0.0,1892.0,10.174235343933104,36.99,66.21430206298828,1082.0,0.0,1367.0,0.0007445641676895,100.0,57.12836837768555,111.0,0.0
4736,0.0,1892.0,10.174235343933104,36.99,66.21430206298828,1082.0,0.0,1367.0,0.0007445641676895,100.0,57.12836837768555,111.0,0.0
4737,0.0,1892.0,10.174235343933104,36.99,66.21430206298828,1082.0,0.0,1367.0,0.0007445641676895,100.0,57.12836837768555,111.0,0.0
4738,0.0,1892.0,10.151023864746094,36.99,64.68253326416016,1149.0,0.0,1367.0,0.0028147441335022,100.0,57.34086990356445,222.0,0.0
4739,0.0,1892.0,10.151023864746094,36.99,64.68253326416016,1149.0,0.0,1367.0,0.0028147441335022,100.0,57.34086990356445,222.0,0.0
4740,0.0,1892.0,10.151023864746094,36.99,64.68253326416016,1149.0,0.0,1367.0,0.0028147441335022,100.0,57.34086990356445,222.0,0.0
4741,0.0,1892.0,10.151023864746094,36.99,64.68253326416016,1149.0,0.0,1367.0,0.0028147441335022,100.0,57.34086990356445,222.0,0.0
4742,0.0,1892.0,10.151023864746094,36.99,64.68253326416016,1149.0,0.0,1367.0,0.0028147441335022,100.0,57.34086990356445,222.0,0.0
4743,0.0,1892.0,10.111788749694824,36.99,64.4889907836914,1186.0,0.0,1367.0,0.0002692159614525,100.0,57.30919647216797,111.0,0.0
4744,0.0,1892.0,10.111788749694824,36.99,64.4889907836914,1186.0,0.0,1367.0,0.0002692159614525,100.0,57.30919647216797,111.0,0.0
4745,0.0,1892.0,10.111788749694824,36.99,64.4889907836914,1186.0,0.0,1367.0,0.0002692159614525,100.0,57.30919647216797,111.0,0.0
4746,0.0,1892.0,10.111788749694824,36.99,64.4889907836914,1186.0,0.0,1367.0,0.0002692159614525,100.0,57.30919647216797,111.0,0.0
4747,0.0,1892.0,10.111788749694824,36.99,64.4889907836914,1186.0,0.0,1367.0,0.0002692159614525,100.0,57.30919647216797,111.0,0.0
4748,0.0,1892.0,10.09929084777832,36.99,64.4185791015625,1287.0,0.0,1367.0,0.0013997617643326,100.0,57.250762939453125,111.0,0.0
4749,0.0,1892.0,10.09929084777832,36.99,64.4185791015625,1287.0,0.0,1367.0,0.0013997617643326,100.0,57.250762939453125,111.0,0.0
4750,0.0,1892.0,10.09929084777832,36.99,64.4185791015625,1287.0,0.0,1367.0,0.0013997617643326,100.0,57.250762939453125,111.0,0.0
4751,0.0,1892.0,10.09929084777832,36.99,64.4185791015625,1287.0,0.0,1367.0,0.0013997617643326,100.0,57.250762939453125,111.0,0.0
4752,0.0,1892.0,10.09929084777832,36.99,64.4185791015625,1287.0,0.0,1367.0,0.0013997617643326,100.0,57.250762939453125,111.0,0.0
4753,0.0,1892.0,10.275105476379396,36.99,65.10784912109375,1355.0,0.0,1367.0,0.0007353647961281,100.0,57.36170196533203,111.0,0.0
4754,0.0,1892.0,10.275105476379396,36.99,65.10784912109375,1355.0,0.0,1367.0,0.0007353647961281,100.0,57.36170196533203,111.0,0.0
4755,0.0,1892.0,10.275105476379396,36.99,65.10784912109375,1355.0,0.0,1367.0,0.0007353647961281,100.0,57.36170196533203,111.0,0.0
4756,0.0,1892.0,10.275105476379396,36.99,65.10784912109375,1355.0,0.0,1367.0,0.0007353647961281,100.0,57.36170196533203,111.0,0.0
4757,0.0,1892.0,10.275105476379396,36.99,65.10784912109375,1355.0,0.0,1367.0,0.0007353647961281,100.0,57.36170196533203,111.0,0.0
4758,0.0,1892.0,10.355810165405272,36.99,66.72621154785156,1102.0,0.0,1367.0,0.0007216011872515,100.0,57.359619140625,111.0,0.0
4759,0.0,1892.0,10.355810165405272,36.99,66.72621154785156,1102.0,0.0,1367.0,0.0007216011872515,100.0,57.359619140625,111.0,0.0
4760,0.0,1892.0,10.355810165405272,36.99,66.72621154785156,1102.0,0.0,1367.0,0.0007216011872515,100.0,57.359619140625,111.0,0.0
4761,0.0,1892.0,10.355810165405272,36.99,66.72621154785156,1102.0,0.0,1367.0,0.0007216011872515,100.0,57.359619140625,111.0,0.0
4762,0.0,1892.0,10.355810165405272,36.99,66.72621154785156,1102.0,0.0,1367.0,0.0007216011872515,100.0,57.359619140625,111.0,0.0
4763,0.0,1892.0,10.513511657714844,36.99,65.94759368896484,1326.0,0.0,1367.0,0.0024348297156393,100.0,57.33982467651367,294.0,0.0
4764,0.0,1892.0,10.513511657714844,36.99,65.94759368896484,1326.0,0.0,1367.0,0.0024348297156393,100.0,57.33982467651367,294.0,0.0
4765,0.0,1892.0,10.513511657714844,36.99,65.94759368896484,1326.0,0.0,1367.0,0.0024348297156393,100.0,57.33982467651367,294.0,0.0
4766,0.0,1892.0,10.513511657714844,36.99,65.94759368896484,1326.0,0.0,1367.0,0.0024348297156393,100.0,57.33982467651367,294.0,0.0
4767,0.0,1892.0,10.513511657714844,36.99,65.94759368896484,1326.0,0.0,1367.0,0.0024348297156393,100.0,57.33982467651367,294.0,0.0
4768,0.0,1892.0,10.341867446899414,36.99,65.09212493896484,1258.0,0.0,1367.0,0.0013799717416986,100.0,57.211280822753906,111.0,0.0
4769,0.0,1892.0,10.341867446899414,36.99,65.09212493896484,1258.0,0.0,1367.0,0.0013799717416986,100.0,57.211280822753906,111.0,0.0
4770,0.0,1892.0,10.341867446899414,36.99,65.09212493896484,1258.0,0.0,1367.0,0.0013799717416986,100.0,57.211280822753906,111.0,0.0
4771,0.0,1892.0,10.341867446899414,36.99,65.09212493896484,1258.0,0.0,1367.0,0.0013799717416986,100.0,57.211280822753906,111.0,0.0
4772,0.0,1892.0,10.341867446899414,36.99,65.09212493896484,1258.0,0.0,1367.0,0.0013799717416986,100.0,57.211280822753906,111.0,0.0
4773,0.0,1892.0,10.385722160339355,36.99,64.6686782836914,1232.0,0.0,1367.0,0.0009311070316471,100.0,57.226280212402344,222.0,0.0
4774,0.0,1892.0,10.385722160339355,36.99,64.6686782836914,1232.0,0.0,1367.0,0.0009311070316471,100.0,57.226280212402344,222.0,0.0
4775,0.0,1892.0,10.385722160339355,36.99,64.6686782836914,1232.0,0.0,1367.0,0.0009311070316471,100.0,57.226280212402344,222.0,0.0
4776,0.0,1892.0,10.385722160339355,36.99,64.6686782836914,1232.0,0.0,1367.0,0.0009311070316471,100.0,57.226280212402344,222.0,0.0
4777,0.0,1892.0,10.385722160339355,36.99,64.6686782836914,1232.0,0.0,1367.0,0.0009311070316471,100.0,57.226280212402344,222.0,0.0
4778,0.0,1892.0,10.130107879638672,36.99,65.71920776367188,1085.0,0.0,1367.0,0.0009527042857371,100.0,57.22420120239258,222.0,0.0
4779,0.0,1892.0,10.130107879638672,36.99,65.71920776367188,1085.0,0.0,1367.0,0.0009527042857371,100.0,57.22420120239258,222.0,0.0
4780,0.0,1892.0,10.130107879638672,36.99,65.71920776367188,1085.0,0.0,1367.0,0.0009527042857371,100.0,57.22420120239258,222.0,0.0
4781,0.0,1892.0,10.130107879638672,36.99,65.71920776367188,1085.0,0.0,1367.0,0.0009527042857371,100.0,57.22420120239258,222.0,0.0
4782,0.0,1892.0,10.130107879638672,36.99,65.71920776367188,1085.0,0.0,1367.0,0.0009527042857371,100.0,57.22420120239258,222.0,0.0
4783,0.0,1892.0,10.442724227905272,36.99,64.90518951416016,1126.0,0.0,1367.0,0.0015245964750647,100.0,57.211700439453125,222.0,0.0
4784,0.0,1892.0,10.442724227905272,36.99,64.90518951416016,1126.0,0.0,1367.0,0.0015245964750647,100.0,57.211700439453125,222.0,0.0
4785,0.0,1892.0,10.442724227905272,36.99,64.90518951416016,1126.0,0.0,1367.0,0.0015245964750647,100.0,57.211700439453125,222.0,0.0
4786,0.0,1892.0,10.442724227905272,36.99,64.90518951416016,1126.0,0.0,1367.0,0.0015245964750647,100.0,57.211700439453125,222.0,0.0
4787,0.0,1892.0,10.442724227905272,36.99,64.90518951416016,1126.0,0.0,1367.0,0.0015245964750647,100.0,57.211700439453125,222.0,0.0
4788,0.0,1892.0,10.128252983093262,36.99,65.5065689086914,1097.0,0.0,1367.0,0.0025086402893066,100.0,57.5200309753418,222.0,0.0
4789,0.0,1892.0,10.128252983093262,36.99,65.5065689086914,1097.0,0.0,1367.0,0.0025086402893066,100.0,57.5200309753418,222.0,0.0
4790,0.0,1892.0,10.128252983093262,36.99,65.5065689086914,1097.0,0.0,1367.0,0.0025086402893066,100.0,57.5200309753418,222.0,0.0
4791,0.0,1892.0,10.128252983093262,36.99,65.5065689086914,1097.0,0.0,1367.0,0.0025086402893066,100.0,57.5200309753418,222.0,0.0
4792,0.0,1892.0,10.128252983093262,36.99,65.5065689086914,1097.0,0.0,1367.0,0.0025086402893066,100.0,57.5200309753418,222.0,0.0
4793,0.0,1892.0,10.098071098327637,36.99,64.80087280273438,1247.0,0.0,1367.0,0.0007852023118175,100.0,57.31898880004883,111.0,0.0
4794,0.0,1892.0,10.098071098327637,36.99,64.80087280273438,1247.0,0.0,1367.0,0.0007852023118175,100.0,57.31898880004883,111.0,0.0
4795,0.0,1892.0,10.098071098327637,36.99,64.80087280273438,1247.0,0.0,1367.0,0.0007852023118175,100.0,57.31898880004883,111.0,0.0
4796,0.0,1892.0,10.098071098327637,36.99,64.80087280273438,1247.0,0.0,1367.0,0.0007852023118175,100.0,57.31898880004883,111.0,0.0
4797,0.0,1892.0,10.098071098327637,36.99,64.80087280273438,1247.0,0.0,1367.0,0.0007852023118175,100.0,57.31898880004883,111.0,0.0
4798,0.0,1892.0,10.212125778198242,36.99,66.05783081054688,1168.0,0.0,1367.0,0.0007434224826283,100.0,57.29294967651367,111.0,0.0
4799,0.0,1892.0,10.212125778198242,36.99,66.05783081054688,1168.0,0.0,1367.0,0.0007434224826283,100.0,57.29294967651367,111.0,0.0
4800,0.0,1892.0,10.212125778198242,36.99,66.05783081054688,1168.0,0.0,1367.0,0.0007434224826283,100.0,57.29294967651367,111.0,0.0
4801,0.0,1892.0,10.212125778198242,36.99,66.05783081054688,1168.0,0.0,1367.0,0.0007434224826283,100.0,57.29294967651367,111.0,0.0
4802,0.0,1892.0,10.212125778198242,36.99,66.05783081054688,1168.0,0.0,1367.0,0.0007434224826283,100.0,57.29294967651367,111.0,0.0
4803,0.0,1892.0,10.430952072143556,36.99,64.9951171875,1526.0,0.0,1367.0,0.0009471249068155,100.0,57.29399490356445,222.0,0.0
4804,0.0,1892.0,10.430952072143556,36.99,64.9951171875,1526.0,0.0,1367.0,0.0009471249068155,100.0,57.29399490356445,222.0,0.0
4805,0.0,1892.0,10.430952072143556,36.99,64.9951171875,1526.0,0.0,1367.0,0.0009471249068155,100.0,57.29399490356445,222.0,0.0
4806,0.0,1892.0,10.430952072143556,36.99,64.9951171875,1526.0,0.0,1367.0,0.0009471249068155,100.0,57.29399490356445,222.0,0.0
4807,0.0,1892.0,10.430952072143556,36.99,64.9951171875,1526.0,0.0,1367.0,0.0009471249068155,100.0,57.29399490356445,222.0,0.0
4808,0.0,1892.0,10.472580909729004,36.99,65.01669311523438,1161.0,0.0,1367.0,0.0021449821069836,100.0,57.287147521972656,222.0,0.0
4809,0.0,1892.0,10.472580909729004,36.99,65.01669311523438,1161.0,0.0,1367.0,0.0021449821069836,100.0,57.287147521972656,222.0,0.0
4810,0.0,1892.0,10.472580909729004,36.99,65.01669311523438,1161.0,0.0,1367.0,0.0021449821069836,100.0,57.287147521972656,222.0,0.0
4811,0.0,1892.0,10.472580909729004,36.99,65.01669311523438,1161.0,0.0,1367.0,0.0021449821069836,100.0,57.287147521972656,222.0,0.0
4812,0.0,1892.0,10.472580909729004,36.99,65.01669311523438,1161.0,0.0,1367.0,0.0021449821069836,100.0,57.287147521972656,222.0,0.0
4813,0.0,1892.0,10.339269638061523,36.99,65.55929565429688,1089.0,0.0,1367.0,0.0010577657958492,100.0,57.23201370239258,111.0,0.0
4814,0.0,1892.0,10.339269638061523,36.99,65.55929565429688,1089.0,0.0,1367.0,0.0010577657958492,100.0,57.23201370239258,111.0,0.0
4815,0.0,1892.0,10.339269638061523,36.99,65.55929565429688,1089.0,0.0,1367.0,0.0010577657958492,100.0,57.23201370239258,111.0,0.0
4816,0.0,1892.0,10.339269638061523,36.99,65.55929565429688,1089.0,0.0,1367.0,0.0010577657958492,100.0,57.23201370239258,111.0,0.0
4817,0.0,1892.0,10.339269638061523,36.99,65.55929565429688,1089.0,0.0,1367.0,0.0010577657958492,100.0,57.23201370239258,111.0,0.0
4818,0.0,1892.0,10.528542518615724,36.99,66.36103820800781,1268.0,0.0,1367.0,0.0006848809425719,100.0,57.305450439453125,111.0,0.0
4819,0.0,1892.0,10.528542518615724,36.99,66.36103820800781,1268.0,0.0,1367.0,0.0006848809425719,100.0,57.305450439453125,111.0,0.0
4820,0.0,1892.0,10.528542518615724,36.99,66.36103820800781,1268.0,0.0,1367.0,0.0006848809425719,100.0,57.305450439453125,111.0,0.0
4821,0.0,1892.0,10.528542518615724,36.99,66.36103820800781,1268.0,0.0,1367.0,0.0006848809425719,100.0,57.305450439453125,111.0,0.0
4822,0.0,1892.0,10.528542518615724,36.99,66.36103820800781,1268.0,0.0,1367.0,0.0006848809425719,100.0,57.305450439453125,111.0,0.0
4823,0.0,1892.0,10.18133544921875,36.99,65.73485565185547,1222.0,0.0,1367.0,0.0002427287836326,100.0,57.27263641357422,111.0,0.0
4824,0.0,1892.0,10.18133544921875,36.99,65.73485565185547,1222.0,0.0,1367.0,0.0002427287836326,100.0,57.27263641357422,111.0,0.0
4825,0.0,1892.0,10.18133544921875,36.99,65.73485565185547,1222.0,0.0,1367.0,0.0002427287836326,100.0,57.27263641357422,111.0,0.0
4826,0.0,1892.0,10.18133544921875,36.99,65.73485565185547,1222.0,0.0,1367.0,0.0002427287836326,100.0,57.27263641357422,111.0,0.0
4827,0.0,1892.0,10.18133544921875,36.99,65.73485565185547,1222.0,0.0,1367.0,0.0002427287836326,100.0,57.27263641357422,111.0,0.0
4828,0.0,1892.0,10.160093307495115,36.99,64.82427978515625,1284.0,0.0,1367.0,0.0016164451371878,100.0,57.25128173828125,222.0,0.0
4829,0.0,1892.0,10.160093307495115,36.99,64.82427978515625,1284.0,0.0,1367.0,0.0016164451371878,100.0,57.25128173828125,222.0,0.0
4830,0.0,1892.0,10.160093307495115,36.99,64.82427978515625,1284.0,0.0,1367.0,0.0016164451371878,100.0,57.25128173828125,222.0,0.0
4831,0.0,1892.0,10.160093307495115,36.99,64.82427978515625,1284.0,0.0,1367.0,0.0016164451371878,100.0,57.25128173828125,222.0,0.0
4832,0.0,1892.0,10.160093307495115,36.99,64.82427978515625,1284.0,0.0,1367.0,0.0016164451371878,100.0,57.25128173828125,222.0,0.0
4833,0.0,1892.0,10.16495418548584,36.99,64.58792114257812,1157.0,0.0,1367.0,0.0034100748598575,100.0,57.35274124145508,444.0,0.0
4834,0.0,1892.0,10.16495418548584,36.99,64.58792114257812,1157.0,0.0,1367.0,0.0034100748598575,100.0,57.35274124145508,444.0,0.0
4835,0.0,1892.0,10.16495418548584,36.99,64.58792114257812,1157.0,0.0,1367.0,0.0034100748598575,100.0,57.35274124145508,444.0,0.0
4836,0.0,1892.0,10.16495418548584,36.99,64.58792114257812,1157.0,0.0,1367.0,0.0034100748598575,100.0,57.35274124145508,444.0,0.0
4837,0.0,1892.0,10.16495418548584,36.99,64.58792114257812,1157.0,0.0,1367.0,0.0034100748598575,100.0,57.35274124145508,444.0,0.0
4838,0.0,1892.0,10.146642684936523,36.99,64.6836166381836,1161.0,0.0,1367.0,0.0007497781771235,100.0,57.3184700012207,111.0,0.0
4839,0.0,1892.0,10.146642684936523,36.99,64.6836166381836,1161.0,0.0,1367.0,0.0007497781771235,100.0,57.3184700012207,111.0,0.0
4840,0.0,1892.0,10.146642684936523,36.99,64.6836166381836,1161.0,0.0,1367.0,0.0007497781771235,100.0,57.3184700012207,111.0,0.0
4841,0.0,1892.0,10.146642684936523,36.99,64.6836166381836,1161.0,0.0,1367.0,0.0007497781771235,100.0,57.3184700012207,111.0,0.0
4842,0.0,1892.0,10.146642684936523,36.99,64.6836166381836,1161.0,0.0,1367.0,0.0007497781771235,100.0,57.3184700012207,111.0,0.0
4843,0.0,1892.0,10.29888153076172,36.99,66.25951385498047,1142.0,0.0,1367.0,0.0009440611465834,100.0,57.37628173828125,111.0,0.0
4844,0.0,1892.0,10.29888153076172,36.99,66.25951385498047,1142.0,0.0,1367.0,0.0009440611465834,100.0,57.37628173828125,111.0,0.0
4845,0.0,1892.0,10.29888153076172,36.99,66.25951385498047,1142.0,0.0,1367.0,0.0009440611465834,100.0,57.37628173828125,111.0,0.0
4846,0.0,1892.0,10.29888153076172,36.99,66.25951385498047,1142.0,0.0,1367.0,0.0009440611465834,100.0,57.37628173828125,111.0,0.0
4847,0.0,1892.0,10.29888153076172,36.99,66.25951385498047,1142.0,0.0,1367.0,0.0009440611465834,100.0,57.37628173828125,111.0,0.0
4848,0.0,1892.0,10.369739532470703,36.99,65.18928527832031,1202.0,0.0,1367.0,0.0016542344819754,100.0,57.211700439453125,111.0,0.0
4849,0.0,1892.0,10.369739532470703,36.99,65.18928527832031,1202.0,0.0,1367.0,0.0016542344819754,100.0,57.211700439453125,111.0,0.0
4850,0.0,1892.0,10.369739532470703,36.99,65.18928527832031,1202.0,0.0,1367.0,0.0016542344819754,100.0,57.211700439453125,111.0,0.0
4851,0.0,1892.0,10.369739532470703,36.99,65.18928527832031,1202.0,0.0,1367.0,0.0016542344819754,100.0,57.211700439453125,111.0,0.0
4852,0.0,1892.0,10.369739532470703,36.99,65.18928527832031,1202.0,0.0,1367.0,0.0016542344819754,100.0,57.211700439453125,111.0,0.0
4853,0.0,1892.0,10.333008766174316,36.99,65.98889923095703,1220.0,0.0,1367.0,0.0007453857106156,100.0,57.140869140625,111.0,0.0
4854,0.0,1892.0,10.333008766174316,36.99,65.98889923095703,1220.0,0.0,1367.0,0.0007453857106156,100.0,57.140869140625,111.0,0.0
4855,0.0,1892.0,10.333008766174316,36.99,65.98889923095703,1220.0,0.0,1367.0,0.0007453857106156,100.0,57.140869140625,111.0,0.0
4856,0.0,1892.0,10.333008766174316,36.99,65.98889923095703,1220.0,0.0,1367.0,0.0007453857106156,100.0,57.140869140625,111.0,0.0
4857,0.0,1892.0,10.333008766174316,36.99,65.98889923095703,1220.0,0.0,1367.0,0.0007453857106156,100.0,57.140869140625,111.0,0.0
4858,0.0,1892.0,10.399007797241213,36.99,64.61077117919922,1156.0,0.0,1367.0,0.0027377353981137,100.0,57.2523307800293,222.0,0.0
4859,0.0,1892.0,10.399007797241213,36.99,64.61077117919922,1156.0,0.0,1367.0,0.0027377353981137,100.0,57.2523307800293,222.0,0.0
4860,0.0,1892.0,10.399007797241213,36.99,64.61077117919922,1156.0,0.0,1367.0,0.0027377353981137,100.0,57.2523307800293,222.0,0.0
4861,0.0,1892.0,10.399007797241213,36.99,64.61077117919922,1156.0,0.0,1367.0,0.0027377353981137,100.0,57.2523307800293,222.0,0.0
4862,0.0,1892.0,10.399007797241213,36.99,64.61077117919922,1156.0,0.0,1367.0,0.0027377353981137,100.0,57.2523307800293,222.0,0.0
4863,0.0,1892.0,10.253348350524902,36.99,64.90280151367188,1082.0,0.0,1367.0,0.0009414824889972,100.0,57.20115280151367,222.0,0.0
4864,0.0,1892.0,10.253348350524902,36.99,64.90280151367188,1082.0,0.0,1367.0,0.0009414824889972,100.0,57.20115280151367,222.0,0.0
4865,0.0,1892.0,10.253348350524902,36.99,64.90280151367188,1082.0,0.0,1367.0,0.0009414824889972,100.0,57.20115280151367,222.0,0.0
4866,0.0,1892.0,10.253348350524902,36.99,64.90280151367188,1082.0,0.0,1367.0,0.0009414824889972,100.0,57.20115280151367,222.0,0.0
4867,0.0,1892.0,10.253348350524902,36.99,64.90280151367188,1082.0,0.0,1367.0,0.0009414824889972,100.0,57.20115280151367,222.0,0.0
4868,0.0,1892.0,10.583094596862791,36.99,66.00331115722656,1335.0,0.0,1367.0,0.0002646614739205,100.0,57.1856575012207,111.0,0.0
4869,0.0,1892.0,10.583094596862791,36.99,66.00331115722656,1335.0,0.0,1367.0,0.0002646614739205,100.0,57.1856575012207,111.0,0.0
4870,0.0,1892.0,10.583094596862791,36.99,66.00331115722656,1335.0,0.0,1367.0,0.0002646614739205,100.0,57.1856575012207,111.0,0.0
4871,0.0,1892.0,10.583094596862791,36.99,66.00331115722656,1335.0,0.0,1367.0,0.0002646614739205,100.0,57.1856575012207,111.0,0.0
4872,0.0,1892.0,10.583094596862791,36.99,66.00331115722656,1335.0,0.0,1367.0,0.0002646614739205,100.0,57.1856575012207,111.0,0.0
4873,0.0,1892.0,10.0888671875,36.99,65.99502563476562,1180.0,0.0,1367.0,0.0013970253057777,100.0,57.19138717651367,111.0,0.0
4874,0.0,1892.0,10.0888671875,36.99,65.99502563476562,1180.0,0.0,1367.0,0.0013970253057777,100.0,57.19138717651367,111.0,0.0
4875,0.0,1892.0,10.0888671875,36.99,65.99502563476562,1180.0,0.0,1367.0,0.0013970253057777,100.0,57.19138717651367,111.0,0.0
4876,0.0,1892.0,10.0888671875,36.99,65.99502563476562,1180.0,0.0,1367.0,0.0013970253057777,100.0,57.19138717651367,111.0,0.0
4877,0.0,1892.0,10.0888671875,36.99,65.99502563476562,1180.0,0.0,1367.0,0.0013970253057777,100.0,57.19138717651367,111.0,0.0
4878,0.0,1892.0,10.0888671875,36.99,65.99502563476562,1180.0,0.0,1367.0,0.0013970253057777,100.0,57.19138717651367,111.0,0.0
4879,0.0,1892.0,10.129688262939451,36.99,64.44329833984375,1027.0,0.0,1367.0,0.0007465972448699,100.0,57.22419357299805,111.0,0.0
4880,0.0,1892.0,10.129688262939451,36.99,64.44329833984375,1027.0,0.0,1367.0,0.0007465972448699,100.0,57.22419357299805,111.0,0.0
4881,0.0,1892.0,10.129688262939451,36.99,64.44329833984375,1027.0,0.0,1367.0,0.0007465972448699,100.0,57.22419357299805,111.0,0.0
4882,0.0,1892.0,10.129688262939451,36.99,64.44329833984375,1027.0,0.0,1367.0,0.0007465972448699,100.0,57.22419357299805,111.0,0.0
4883,0.0,1892.0,10.129688262939451,36.99,64.44329833984375,1027.0,0.0,1367.0,0.0007465972448699,100.0,57.22419357299805,111.0,0.0
4884,0.0,1892.0,10.128321647644045,36.99,64.81810760498047,1011.0,0.0,1367.0,0.0029118706006556,100.0,57.25232696533203,222.0,0.0
4885,0.0,1892.0,10.128321647644045,36.99,64.81810760498047,1011.0,0.0,1367.0,0.0029118706006556,100.0,57.25232696533203,222.0,0.0
4886,0.0,1892.0,10.128321647644045,36.99,64.81810760498047,1011.0,0.0,1367.0,0.0029118706006556,100.0,57.25232696533203,222.0,0.0
4887,0.0,1892.0,10.128321647644045,36.99,64.81810760498047,1011.0,0.0,1367.0,0.0029118706006556,100.0,57.25232696533203,222.0,0.0
4888,0.0,1892.0,10.335663795471191,36.99,65.64511108398438,1235.0,0.0,1367.0,0.0011139689013361,100.0,57.38435745239258,222.0,0.0
4889,0.0,1892.0,10.335663795471191,36.99,65.64511108398438,1235.0,0.0,1367.0,0.0011139689013361,100.0,57.38435745239258,222.0,0.0
4890,0.0,1892.0,10.335663795471191,36.99,65.64511108398438,1235.0,0.0,1367.0,0.0011139689013361,100.0,57.38435745239258,222.0,0.0
4891,0.0,1892.0,10.335663795471191,36.99,65.64511108398438,1235.0,0.0,1367.0,0.0011139689013361,100.0,57.38435745239258,222.0,0.0
4892,0.0,1892.0,10.335663795471191,36.99,65.64511108398438,1235.0,0.0,1367.0,0.0011139689013361,100.0,57.38435745239258,222.0,0.0
4893,0.0,1892.0,10.335663795471191,36.99,65.64511108398438,1235.0,0.0,1367.0,0.0011139689013361,100.0,57.38435745239258,222.0,0.0
4894,0.0,1892.0,10.394283294677734,36.99,64.77217102050781,1513.0,0.0,1367.0,0.0007707169279456,100.0,57.19815826416016,111.0,0.0
4895,0.0,1892.0,10.394283294677734,36.99,64.77217102050781,1513.0,0.0,1367.0,0.0007707169279456,100.0,57.19815826416016,111.0,0.0
4896,0.0,1892.0,10.394283294677734,36.99,64.77217102050781,1513.0,0.0,1367.0,0.0007707169279456,100.0,57.19815826416016,111.0,0.0
4897,0.0,1892.0,10.394283294677734,36.99,64.77217102050781,1513.0,0.0,1367.0,0.0007707169279456,100.0,57.19815826416016,111.0,0.0
4898,0.0,1892.0,10.394283294677734,36.99,64.77217102050781,1513.0,0.0,1367.0,0.0007707169279456,100.0,57.19815826416016,111.0,0.0
4899,0.0,1892.0,10.416766166687012,36.99,64.6756820678711,1322.0,0.0,1367.0,0.0009306371794082,100.0,57.16899490356445,111.0,0.0
4900,0.0,1892.0,10.416766166687012,36.99,64.6756820678711,1322.0,0.0,1367.0,0.0009306371794082,100.0,57.16899490356445,111.0,0.0
4901,0.0,1892.0,10.416766166687012,36.99,64.6756820678711,1322.0,0.0,1367.0,0.0009306371794082,100.0,57.16899490356445,111.0,0.0
4902,0.0,1892.0,10.416766166687012,36.99,64.6756820678711,1322.0,0.0,1367.0,0.0009306371794082,100.0,57.16899490356445,111.0,0.0
4903,0.0,1892.0,10.50751495361328,36.99,65.36368560791016,1807.0,0.0,1367.0,0.0016004348872229,100.0,57.29398727416992,260.0,0.0
4904,0.0,1892.0,10.50751495361328,36.99,65.36368560791016,1807.0,0.0,1367.0,0.0016004348872229,100.0,57.29398727416992,260.0,0.0
4905,0.0,1892.0,10.50751495361328,36.99,65.36368560791016,1807.0,0.0,1367.0,0.0016004348872229,100.0,57.29398727416992,260.0,0.0
4906,0.0,1892.0,10.50751495361328,36.99,65.36368560791016,1807.0,0.0,1367.0,0.0016004348872229,100.0,57.29398727416992,260.0,0.0
4907,0.0,1892.0,10.50751495361328,36.99,65.36368560791016,1807.0,0.0,1367.0,0.0016004348872229,100.0,57.29398727416992,260.0,0.0
4908,0.0,1892.0,10.50751495361328,36.99,65.36368560791016,1807.0,0.0,1367.0,0.0016004348872229,100.0,57.29398727416992,260.0,0.0
4909,0.0,1892.0,10.593481063842772,36.99,67.3526382446289,1841.0,0.0,1367.0,0.038564495742321,100.0,57.40857696533203,222.0,0.0
4910,0.0,1892.0,10.593481063842772,36.99,67.3526382446289,1841.0,0.0,1367.0,0.038564495742321,100.0,57.40857696533203,222.0,0.0
4911,0.0,1892.0,10.593481063842772,36.99,67.3526382446289,1841.0,0.0,1367.0,0.038564495742321,100.0,57.40857696533203,222.0,0.0
4912,0.0,1892.0,10.593481063842772,36.99,67.3526382446289,1841.0,0.0,1367.0,0.038564495742321,100.0,57.40857696533203,222.0,0.0
4913,0.0,1892.0,10.321556091308594,36.99,65.48272705078125,1824.0,0.0,1367.0,0.0020862026140093,100.0,57.44451141357422,111.0,0.0
4914,0.0,1892.0,10.321556091308594,36.99,65.48272705078125,1824.0,0.0,1367.0,0.0020862026140093,100.0,57.44451141357422,111.0,0.0
4915,0.0,1892.0,10.321556091308594,36.99,65.48272705078125,1824.0,0.0,1367.0,0.0020862026140093,100.0,57.44451141357422,111.0,0.0
4916,0.0,1892.0,10.321556091308594,36.99,65.48272705078125,1824.0,0.0,1367.0,0.0020862026140093,100.0,57.44451141357422,111.0,0.0
4917,0.0,1892.0,10.321556091308594,36.99,65.48272705078125,1824.0,0.0,1367.0,0.0020862026140093,100.0,57.44451141357422,111.0,0.0
4918,0.0,1892.0,10.151533126831056,36.99,64.71849822998047,1082.0,0.0,1367.0,0.0180858541280031,100.0,57.50050735473633,111.0,0.0
4919,0.0,1892.0,10.151533126831056,36.99,64.71849822998047,1082.0,0.0,1367.0,0.0180858541280031,100.0,57.50050735473633,111.0,0.0
4920,0.0,1892.0,10.151533126831056,36.99,64.71849822998047,1082.0,0.0,1367.0,0.0180858541280031,100.0,57.50050735473633,111.0,0.0
4921,0.0,1892.0,10.151533126831056,36.99,64.71849822998047,1082.0,0.0,1367.0,0.0180858541280031,100.0,57.50050735473633,111.0,0.0
4922,0.0,1892.0,10.151533126831056,36.99,64.71849822998047,1082.0,0.0,1367.0,0.0180858541280031,100.0,57.50050735473633,111.0,0.0
4923,0.0,1892.0,10.131628036499023,36.99,64.25375366210938,1115.0,0.0,1367.0,0.0051970635540783,100.0,57.326072692871094,111.0,0.0
4924,0.0,1892.0,10.131628036499023,36.99,64.25375366210938,1115.0,0.0,1367.0,0.0051970635540783,100.0,57.326072692871094,111.0,0.0
4925,0.0,1892.0,10.131628036499023,36.99,64.25375366210938,1115.0,0.0,1367.0,0.0051970635540783,100.0,57.326072692871094,111.0,0.0
4926,0.0,1892.0,10.131628036499023,36.99,64.25375366210938,1115.0,0.0,1367.0,0.0051970635540783,100.0,57.326072692871094,111.0,0.0
4927,0.0,1892.0,10.131628036499023,36.99,64.25375366210938,1115.0,0.0,1367.0,0.0051970635540783,100.0,57.326072692871094,111.0,0.0
4928,0.0,1892.0,10.16657829284668,36.99,64.45280456542969,1181.0,0.0,1367.0,0.0016698644030839,100.0,57.258567810058594,222.0,0.0
4929,0.0,1892.0,10.16657829284668,36.99,64.45280456542969,1181.0,0.0,1367.0,0.0016698644030839,100.0,57.258567810058594,222.0,0.0
4930,0.0,1892.0,10.16657829284668,36.99,64.45280456542969,1181.0,0.0,1367.0,0.0016698644030839,100.0,57.258567810058594,222.0,0.0
4931,0.0,1892.0,10.16657829284668,36.99,64.45280456542969,1181.0,0.0,1367.0,0.0016698644030839,100.0,57.258567810058594,222.0,0.0
4932,0.0,1892.0,10.16657829284668,36.99,64.45280456542969,1181.0,0.0,1367.0,0.0016698644030839,100.0,57.258567810058594,222.0,0.0
4933,0.0,1892.0,10.455270767211914,36.99,66.54692840576172,1248.0,0.0,1367.0,0.0015778262168169,100.0,57.43982696533203,111.0,0.0
4934,0.0,1892.0,10.455270767211914,36.99,66.54692840576172,1248.0,0.0,1367.0,0.0015778262168169,100.0,57.43982696533203,111.0,0.0
4935,0.0,1892.0,10.455270767211914,36.99,66.54692840576172,1248.0,0.0,1367.0,0.0015778262168169,100.0,57.43982696533203,111.0,0.0
4936,0.0,1892.0,10.455270767211914,36.99,66.54692840576172,1248.0,0.0,1367.0,0.0015778262168169,100.0,57.43982696533203,111.0,0.0
4937,0.0,1892.0,10.455270767211914,36.99,66.54692840576172,1248.0,0.0,1367.0,0.0015778262168169,100.0,57.43982696533203,111.0,0.0
4938,0.0,1892.0,10.305693626403809,36.99,64.67575073242188,1068.0,0.0,1367.0,0.0009020476136356,100.0,57.18461227416992,111.0,0.0
4939,0.0,1892.0,10.305693626403809,36.99,64.67575073242188,1068.0,0.0,1367.0,0.0009020476136356,100.0,57.18461227416992,111.0,0.0
4940,0.0,1892.0,10.305693626403809,36.99,64.67575073242188,1068.0,0.0,1367.0,0.0009020476136356,100.0,57.18461227416992,111.0,0.0
4941,0.0,1892.0,10.305693626403809,36.99,64.67575073242188,1068.0,0.0,1367.0,0.0009020476136356,100.0,57.18461227416992,111.0,0.0
4942,0.0,1892.0,10.305693626403809,36.99,64.67575073242188,1068.0,0.0,1367.0,0.0009020476136356,100.0,57.18461227416992,111.0,0.0
4943,0.0,1892.0,10.55791473388672,36.99,65.5260238647461,1517.0,0.0,1367.0,0.0522976294159889,100.0,57.354583740234375,333.0,0.0
4944,0.0,1892.0,10.55791473388672,36.99,65.5260238647461,1517.0,0.0,1367.0,0.0522976294159889,100.0,57.354583740234375,333.0,0.0
4945,0.0,1892.0,10.55791473388672,36.99,65.5260238647461,1517.0,0.0,1367.0,0.0522976294159889,100.0,57.354583740234375,333.0,0.0
4946,0.0,1892.0,10.55791473388672,36.99,65.5260238647461,1517.0,0.0,1367.0,0.0522976294159889,100.0,57.354583740234375,333.0,0.0
4947,0.0,1892.0,10.55791473388672,36.99,65.5260238647461,1517.0,0.0,1367.0,0.0522976294159889,100.0,57.354583740234375,333.0,0.0
4948,0.0,1892.0,10.445992469787598,36.99,66.16363525390625,1553.0,0.0,1367.0,0.0015274275792762,100.0,57.455841064453125,222.0,0.0
4949,0.0,1892.0,10.445992469787598,36.99,66.16363525390625,1553.0,0.0,1367.0,0.0015274275792762,100.0,57.455841064453125,222.0,0.0
4950,0.0,1892.0,10.445992469787598,36.99,66.16363525390625,1553.0,0.0,1367.0,0.0015274275792762,100.0,57.455841064453125,222.0,0.0
4951,0.0,1892.0,10.445992469787598,36.99,66.16363525390625,1553.0,0.0,1367.0,0.0015274275792762,100.0,57.455841064453125,222.0,0.0
4952,0.0,1892.0,10.445992469787598,36.99,66.16363525390625,1553.0,0.0,1367.0,0.0015274275792762,100.0,57.455841064453125,222.0,0.0
4953,0.0,1892.0,10.373458862304688,36.99,66.30142211914062,1395.0,0.0,1367.0,0.0027096322737634,100.0,57.334617614746094,222.0,0.0
4954,0.0,1892.0,10.373458862304688,36.99,66.30142211914062,1395.0,0.0,1367.0,0.0027096322737634,100.0,57.334617614746094,222.0,0.0
4955,0.0,1892.0,10.373458862304688,36.99,66.30142211914062,1395.0,0.0,1367.0,0.0027096322737634,100.0,57.334617614746094,222.0,0.0
4956,0.0,1892.0,10.373458862304688,36.99,66.30142211914062,1395.0,0.0,1367.0,0.0027096322737634,100.0,57.334617614746094,222.0,0.0
4957,0.0,1892.0,10.373458862304688,36.99,66.30142211914062,1395.0,0.0,1367.0,0.0027096322737634,100.0,57.334617614746094,222.0,0.0
4958,0.0,1892.0,10.373458862304688,36.99,66.30142211914062,1395.0,0.0,1367.0,0.0027096322737634,100.0,57.334617614746094,222.0,0.0
4959,0.0,1892.0,10.092716217041016,36.99,64.59859466552734,1156.0,0.0,1367.0,0.0125579023733735,100.0,57.28670120239258,111.0,0.0
4960,0.0,1892.0,10.092716217041016,36.99,64.59859466552734,1156.0,0.0,1367.0,0.0125579023733735,100.0,57.28670120239258,111.0,0.0
4961,0.0,1892.0,10.092716217041016,36.99,64.59859466552734,1156.0,0.0,1367.0,0.0125579023733735,100.0,57.28670120239258,111.0,0.0
4962,0.0,1892.0,10.092716217041016,36.99,64.59859466552734,1156.0,0.0,1367.0,0.0125579023733735,100.0,57.28670120239258,111.0,0.0
4963,0.0,1892.0,10.147358894348145,36.99,64.5327377319336,1115.0,0.0,1367.0,0.0022036137524992,100.0,57.357948303222656,111.0,0.0
4964,0.0,1892.0,10.147358894348145,36.99,64.5327377319336,1115.0,0.0,1367.0,0.0022036137524992,100.0,57.357948303222656,111.0,0.0
4965,0.0,1892.0,10.147358894348145,36.99,64.5327377319336,1115.0,0.0,1367.0,0.0022036137524992,100.0,57.357948303222656,111.0,0.0
4966,0.0,1892.0,10.147358894348145,36.99,64.5327377319336,1115.0,0.0,1367.0,0.0022036137524992,100.0,57.357948303222656,111.0,0.0
4967,0.0,1892.0,10.147358894348145,36.99,64.5327377319336,1115.0,0.0,1367.0,0.0022036137524992,100.0,57.357948303222656,111.0,0.0
4968,0.0,1892.0,10.147358894348145,36.99,64.5327377319336,1115.0,0.0,1367.0,0.0022036137524992,100.0,57.357948303222656,111.0,0.0
4969,0.0,1892.0,10.011197090148926,36.99,64.58279418945312,972.0,0.0,1367.0,0.0007386418874375,100.0,57.34294891357422,111.0,0.0
4970,0.0,1892.0,10.011197090148926,36.99,64.58279418945312,972.0,0.0,1367.0,0.0007386418874375,100.0,57.34294891357422,111.0,0.0
4971,0.0,1892.0,10.011197090148926,36.99,64.58279418945312,972.0,0.0,1367.0,0.0007386418874375,100.0,57.34294891357422,111.0,0.0
4972,0.0,1892.0,10.011197090148926,36.99,64.58279418945312,972.0,0.0,1367.0,0.0007386418874375,100.0,57.34294891357422,111.0,0.0
4973,0.0,1892.0,10.011197090148926,36.99,64.58279418945312,972.0,0.0,1367.0,0.0007386418874375,100.0,57.34294891357422,111.0,0.0
4974,0.0,1892.0,10.12847137451172,36.99,64.29776000976562,993.0,0.0,1367.0,0.0007467013201676,100.0,57.34711456298828,222.0,0.0
4975,0.0,1892.0,10.12847137451172,36.99,64.29776000976562,993.0,0.0,1367.0,0.0007467013201676,100.0,57.34711456298828,222.0,0.0
4976,0.0,1892.0,10.12847137451172,36.99,64.29776000976562,993.0,0.0,1367.0,0.0007467013201676,100.0,57.34711456298828,222.0,0.0
4977,0.0,1892.0,10.12847137451172,36.99,64.29776000976562,993.0,0.0,1367.0,0.0007467013201676,100.0,57.34711456298828,222.0,0.0
4978,0.0,1892.0,10.369234085083008,36.99,65.62659454345703,1051.0,0.0,1367.0,0.002401958219707,100.0,57.265869140625,222.0,0.0
4979,0.0,1892.0,10.369234085083008,36.99,65.62659454345703,1051.0,0.0,1367.0,0.002401958219707,100.0,57.265869140625,222.0,0.0
4980,0.0,1892.0,10.369234085083008,36.99,65.62659454345703,1051.0,0.0,1367.0,0.002401958219707,100.0,57.265869140625,222.0,0.0
4981,0.0,1892.0,10.369234085083008,36.99,65.62659454345703,1051.0,0.0,1367.0,0.002401958219707,100.0,57.265869140625,222.0,0.0
4982,0.0,1892.0,10.369234085083008,36.99,65.62659454345703,1051.0,0.0,1367.0,0.002401958219707,100.0,57.265869140625,222.0,0.0
4983,0.0,1892.0,10.369234085083008,36.99,65.62659454345703,1051.0,0.0,1367.0,0.002401958219707,100.0,57.265869140625,222.0,0.0
4984,0.0,1892.0,10.290362358093262,36.99,65.3875961303711,1060.0,0.0,1367.0,0.0011262772604823,100.0,57.24177932739258,111.0,0.0
4985,0.0,1892.0,10.290362358093262,36.99,65.3875961303711,1060.0,0.0,1367.0,0.0011262772604823,100.0,57.24177932739258,111.0,0.0
4986,0.0,1892.0,10.290362358093262,36.99,65.3875961303711,1060.0,0.0,1367.0,0.0011262772604823,100.0,57.24177932739258,111.0,0.0
4987,0.0,1892.0,10.290362358093262,36.99,65.3875961303711,1060.0,0.0,1367.0,0.0011262772604823,100.0,57.24177932739258,111.0,0.0
4988,0.0,1892.0,10.308966636657717,36.99,64.4859848022461,1407.0,0.0,1367.0,0.0009326819563284,100.0,57.17107391357422,111.0,0.0
4989,0.0,1892.0,10.308966636657717,36.99,64.4859848022461,1407.0,0.0,1367.0,0.0009326819563284,100.0,57.17107391357422,111.0,0.0
4990,0.0,1892.0,10.308966636657717,36.99,64.4859848022461,1407.0,0.0,1367.0,0.0009326819563284,100.0,57.17107391357422,111.0,0.0
4991,0.0,1892.0,10.308966636657717,36.99,64.4859848022461,1407.0,0.0,1367.0,0.0009326819563284,100.0,57.17107391357422,111.0,0.0
4992,0.0,1892.0,10.308966636657717,36.99,64.4859848022461,1407.0,0.0,1367.0,0.0009326819563284,100.0,57.17107391357422,111.0,0.0
4993,0.0,1892.0,10.308966636657717,36.99,64.4859848022461,1407.0,0.0,1367.0,0.0009326819563284,100.0,57.17107391357422,111.0,0.0
4994,0.0,1892.0,10.459845542907717,36.99,64.67533111572266,1357.0,0.0,1367.0,0.0009316468494944,100.0,57.15753173828125,111.0,0.0
4995,0.0,1892.0,10.459845542907717,36.99,64.67533111572266,1357.0,0.0,1367.0,0.0009316468494944,100.0,57.15753173828125,111.0,0.0
4996,0.0,1892.0,10.459845542907717,36.99,64.67533111572266,1357.0,0.0,1367.0,0.0009316468494944,100.0,57.15753173828125,111.0,0.0
4997,0.0,1892.0,10.459845542907717,36.99,64.67533111572266,1357.0,0.0,1367.0,0.0009316468494944,100.0,57.15753173828125,111.0,0.0
4998,0.0,1892.0,10.27264404296875,36.99,64.8448257446289,1414.0,0.0,1367.0,0.0009494707919657,100.0,57.11482620239258,111.0,0.0
4999,0.0,1892.0,10.27264404296875,36.99,64.8448257446289,1414.0,0.0,1367.0,0.0009494707919657,100.0,57.11482620239258,111.0,0.0
