idx,avg_core_id,avg_weight_ns,max_core_id,running_fraction,samples_per_bucket,sentinel_count,total_weight_ns,unique_process_count,unique_thread_count
0,7.125,1000000.0,9.0,1.0,72.0,8.0,72000000.0,1.0,1.0
1,8.96078431372549,1000000.0,10.0,1.0,102.0,0.0,102000000.0,1.0,2.0
2,4.586956521739131,1000000.0,8.0,1.0,46.0,0.0,46000000.0,1.0,1.0
3,5.7317073170731705,1000000.0,9.0,1.0,41.0,1.0,41000000.0,1.0,2.0
4,3.311111111111111,1000000.0,9.0,1.0,90.0,0.0,90000000.0,1.0,1.0
5,8.472222222222221,1000000.0,10.0,1.0,36.0,0.0,36000000.0,1.0,1.0
6,4.166666666666667,1000000.0,8.0,1.0,54.0,0.0,54000000.0,1.0,1.0
7,2.643835616438356,1000000.0,8.0,1.0,73.0,1.0,73000000.0,1.0,2.0
8,1.52,1000000.0,9.0,1.0,75.0,0.0,75000000.0,1.0,2.0
9,3.183333333333333,1000000.0,8.0,1.0,60.0,0.0,60000000.0,1.0,1.0
10,1.1,1000000.0,8.0,1.0,70.0,0.0,70000000.0,1.0,1.0
11,5.102564102564102,1000000.0,8.0,1.0,78.0,1.0,78000000.0,1.0,1.0
12,1.7012987012987013,1000000.0,8.0,1.0,77.0,0.0,77000000.0,1.0,1.0
13,2.989010989010989,1000000.0,8.0,1.0,91.0,0.0,91000000.0,1.0,1.0
14,4.6571428571428575,1000000.0,8.0,1.0,70.0,0.0,70000000.0,1.0,1.0
15,7.677777777777778,1000000.0,9.0,1.0,90.0,0.0,90000000.0,1.0,2.0
16,8.511363636363637,1000000.0,11.0,1.0,88.0,0.0,88000000.0,1.0,1.0
17,8.876190476190477,1000000.0,11.0,1.0,105.0,1.0,105000000.0,1.0,1.0
18,8.798507462686567,1000000.0,11.0,1.0,134.0,13.0,134000000.0,1.0,2.0
19,8.305555555555555,1000000.0,10.0,1.0,36.0,26.0,36000000.0,1.0,3.0
20,8.785714285714286,1000000.0,10.0,1.0,14.0,3.0,14000000.0,1.0,3.0
21,8.571428571428571,1000000.0,9.0,1.0,7.0,2.0,7000000.0,1.0,3.0
22,9.0,1000000.0,10.0,1.0,5.0,0.0,5000000.0,1.0,2.0
23,8.571428571428571,1000000.0,9.0,1.0,7.0,2.0,7000000.0,1.0,2.0
24,8.571428571428571,1000000.0,9.0,1.0,7.0,1.0,7000000.0,1.0,4.0
25,8.571428571428571,1000000.0,9.0,1.0,7.0,2.0,7000000.0,1.0,2.0
26,8.5,1000000.0,9.0,1.0,4.0,1.0,4000000.0,1.0,3.0
27,8.4,1000000.0,9.0,1.0,5.0,0.0,5000000.0,1.0,3.0
28,8.8,1000000.0,9.0,1.0,5.0,1.0,5000000.0,1.0,2.0
29,8.6,1000000.0,9.0,1.0,5.0,0.0,5000000.0,1.0,3.0
30,7.4,1000000.0,9.0,1.0,5.0,1.0,5000000.0,1.0,3.0
31,8.571428571428571,1000000.0,9.0,1.0,7.0,0.0,7000000.0,1.0,3.0
32,8.4,1000000.0,9.0,1.0,5.0,0.0,5000000.0,1.0,3.0
33,8.6,1000000.0,9.0,1.0,5.0,0.0,5000000.0,1.0,3.0
34,9.0,1000000.0,10.0,1.0,5.0,1.0,5000000.0,1.0,3.0
35,8.6,1000000.0,9.0,1.0,5.0,0.0,5000000.0,1.0,3.0
36,8.5,1000000.0,9.0,1.0,6.0,0.0,6000000.0,1.0,3.0
37,8.333333333333334,1000000.0,9.0,1.0,3.0,0.0,3000000.0,1.0,2.0
38,8.5,1000000.0,9.0,1.0,6.0,0.0,6000000.0,1.0,3.0
39,8.75,1000000.0,9.0,1.0,4.0,0.0,4000000.0,1.0,2.0
40,8.571428571428571,1000000.0,9.0,1.0,7.0,2.0,7000000.0,1.0,3.0
41,8.6,1000000.0,9.0,1.0,5.0,1.0,5000000.0,1.0,2.0
42,8.6,1000000.0,9.0,1.0,5.0,0.0,5000000.0,1.0,3.0
43,6.0606060606060606,1000000.0,9.0,1.0,33.0,1.0,33000000.0,1.0,3.0
44,6.03125,1000000.0,9.0,1.0,384.0,0.0,384000000.0,1.0,3.0
45,6.067164179104478,1000000.0,9.0,1.0,402.0,1.0,402000000.0,1.0,4.0
46,6.075880758807588,1000000.0,10.0,1.0,369.0,0.0,369000000.0,1.0,3.0
47,6.073239436619718,1000000.0,9.0,1.0,355.0,0.0,355000000.0,1.0,2.0
48,6.0683060109289615,1000000.0,9.0,1.0,366.0,0.0,366000000.0,1.0,2.0
49,6.016,1000000.0,9.0,1.0,375.0,0.0,375000000.0,1.0,2.0
50,6.0186170212765955,1000000.0,9.0,1.0,376.0,0.0,376000000.0,1.0,2.0
51,6.034574468085107,1000000.0,10.0,1.0,376.0,0.0,376000000.0,1.0,3.0
52,6.028947368421052,1000000.0,9.0,1.0,380.0,0.0,380000000.0,1.0,2.0
53,6.055555555555555,1000000.0,9.0,1.0,378.0,0.0,378000000.0,1.0,2.0
54,6.002688172043011,1000000.0,9.0,1.0,372.0,0.0,372000000.0,1.0,2.0
55,6.097297297297297,1000000.0,8.0,1.0,370.0,0.0,370000000.0,1.0,2.0
56,6.02827763496144,1000000.0,9.0,1.0,389.0,0.0,389000000.0,1.0,2.0
57,6.0078740157480315,1000000.0,8.0,1.0,381.0,0.0,381000000.0,1.0,2.0
58,6.019283746556474,1000000.0,8.0,1.0,363.0,0.0,363000000.0,1.0,2.0
59,6.016085790884718,1000000.0,8.0,1.0,373.0,0.0,373000000.0,1.0,2.0
60,6.005347593582887,1000000.0,8.0,1.0,374.0,0.0,374000000.0,1.0,2.0
61,6.002680965147453,1000000.0,8.0,1.0,373.0,0.0,373000000.0,1.0,2.0
62,6.0,1000000.0,8.0,1.0,372.0,0.0,372000000.0,1.0,2.0
63,6.00531914893617,1000000.0,8.0,1.0,376.0,0.0,376000000.0,1.0,2.0
64,6.0,1000000.0,8.0,1.0,373.0,0.0,373000000.0,1.0,2.0
65,6.0,1000000.0,8.0,1.0,371.0,0.0,371000000.0,1.0,2.0
66,6.0,1000000.0,8.0,1.0,370.0,0.0,370000000.0,1.0,2.0
67,6.015789473684211,1000000.0,8.0,1.0,380.0,0.0,380000000.0,1.0,2.0
68,5.932960893854749,1000000.0,8.0,1.0,358.0,16.0,358000000.0,1.0,2.0
69,4.785714285714286,1000000.0,6.0,1.0,14.0,2.0,14000000.0,1.0,3.0
70,4.6,1000000.0,5.0,1.0,5.0,0.0,5000000.0,1.0,3.0
71,4.8,1000000.0,5.0,1.0,5.0,1.0,5000000.0,1.0,2.0
72,4.5,1000000.0,5.0,1.0,8.0,2.0,8000000.0,1.0,3.0
73,4.666666666666667,1000000.0,5.0,1.0,6.0,0.0,6000000.0,1.0,3.0
74,4.571428571428571,1000000.0,5.0,1.0,7.0,1.0,7000000.0,1.0,3.0
75,4.6,1000000.0,5.0,1.0,5.0,1.0,5000000.0,1.0,3.0
76,4.666666666666667,1000000.0,5.0,1.0,6.0,1.0,6000000.0,1.0,2.0
77,4.857142857142857,1000000.0,6.0,1.0,7.0,1.0,7000000.0,1.0,3.0
78,4.4,1000000.0,5.0,1.0,5.0,0.0,5000000.0,1.0,3.0
79,4.666666666666667,1000000.0,5.0,1.0,6.0,1.0,6000000.0,1.0,3.0
80,4.75,1000000.0,5.0,1.0,4.0,1.0,4000000.0,1.0,2.0
81,4.625,1000000.0,5.0,1.0,8.0,1.0,8000000.0,1.0,2.0
82,4.666666666666667,1000000.0,5.0,1.0,3.0,1.0,3000000.0,1.0,2.0
83,4.625,1000000.0,5.0,1.0,8.0,1.0,8000000.0,1.0,3.0
84,4.5,1000000.0,5.0,1.0,6.0,0.0,6000000.0,1.0,3.0
85,5.285714285714286,1000000.0,7.0,1.0,7.0,3.0,7000000.0,1.0,2.0
86,4.833333333333333,1000000.0,6.0,1.0,6.0,1.0,6000000.0,1.0,3.0
87,5.25,1000000.0,6.0,1.0,4.0,0.0,4000000.0,1.0,2.0
88,4.666666666666667,1000000.0,5.0,1.0,6.0,2.0,6000000.0,1.0,2.0
89,4.5,1000000.0,5.0,1.0,6.0,0.0,6000000.0,1.0,3.0
90,4.5,1000000.0,5.0,1.0,6.0,0.0,6000000.0,1.0,2.0
91,4.5,1000000.0,5.0,1.0,6.0,0.0,6000000.0,1.0,4.0
92,4.4,1000000.0,5.0,1.0,5.0,0.0,5000000.0,1.0,2.0
93,5.135135135135135,1000000.0,8.0,1.0,37.0,0.0,37000000.0,1.0,3.0
94,6.005181347150259,1000000.0,8.0,1.0,386.0,0.0,386000000.0,1.0,3.0
95,6.005115089514066,1000000.0,8.0,1.0,391.0,0.0,391000000.0,1.0,3.0
96,6.005361930294906,1000000.0,8.0,1.0,373.0,0.0,373000000.0,1.0,3.0
97,5.994736842105263,1000000.0,8.0,1.0,380.0,0.0,380000000.0,1.0,3.0
98,6.021220159151194,1000000.0,8.0,1.0,377.0,0.0,377000000.0,1.0,2.0
99,6.01432664756447,1000000.0,8.0,1.0,349.0,0.0,349000000.0,1.0,2.0
100,6.04,1000000.0,9.0,1.0,375.0,0.0,375000000.0,1.0,2.0
101,6.052631578947368,1000000.0,9.0,1.0,380.0,0.0,380000000.0,1.0,3.0
102,6.045092838196286,1000000.0,9.0,1.0,377.0,0.0,377000000.0,1.0,2.0
103,6.028248587570621,1000000.0,9.0,1.0,354.0,0.0,354000000.0,1.0,2.0
104,6.0344827586206895,1000000.0,9.0,1.0,377.0,0.0,377000000.0,1.0,2.0
105,6.048257372654155,1000000.0,9.0,1.0,373.0,0.0,373000000.0,1.0,2.0
106,6.178082191780822,1000000.0,11.0,1.0,365.0,0.0,365000000.0,1.0,3.0
107,6.096045197740113,1000000.0,9.0,1.0,354.0,0.0,354000000.0,1.0,2.0
108,6.035040431266847,1000000.0,9.0,1.0,371.0,0.0,371000000.0,1.0,2.0
109,6.082010582010582,1000000.0,11.0,1.0,378.0,0.0,378000000.0,1.0,2.0
110,6.005405405405406,1000000.0,9.0,1.0,370.0,0.0,370000000.0,1.0,2.0
111,6.040106951871658,1000000.0,9.0,1.0,374.0,0.0,374000000.0,1.0,2.0
112,6.042666666666666,1000000.0,9.0,1.0,375.0,0.0,375000000.0,1.0,2.0
113,6.061007957559681,1000000.0,10.0,1.0,377.0,0.0,377000000.0,1.0,2.0
114,6.0703125,1000000.0,10.0,1.0,384.0,0.0,384000000.0,1.0,2.0
115,6.021164021164021,1000000.0,9.0,1.0,378.0,0.0,378000000.0,1.0,2.0
116,6.013440860215054,1000000.0,9.0,1.0,372.0,0.0,372000000.0,1.0,2.0
117,6.056451612903226,1000000.0,9.0,1.0,372.0,0.0,372000000.0,1.0,2.0
118,6.206703910614525,1000000.0,9.0,1.0,358.0,15.0,358000000.0,1.0,2.0
119,9.0,1000000.0,10.0,1.0,18.0,4.0,18000000.0,1.0,3.0
120,8.714285714285714,1000000.0,10.0,1.0,7.0,1.0,7000000.0,1.0,3.0
121,8.571428571428571,1000000.0,9.0,1.0,7.0,2.0,7000000.0,1.0,4.0
122,8.714285714285714,1000000.0,10.0,1.0,7.0,1.0,7000000.0,1.0,3.0
123,8.75,1000000.0,9.0,1.0,4.0,0.0,4000000.0,1.0,2.0
124,8.666666666666666,1000000.0,9.0,1.0,6.0,2.0,6000000.0,1.0,2.0
125,8.714285714285714,1000000.0,10.0,1.0,7.0,1.0,7000000.0,1.0,3.0
126,8.8,1000000.0,9.0,1.0,5.0,0.0,5000000.0,1.0,2.0
127,8.75,1000000.0,9.0,1.0,4.0,1.0,4000000.0,1.0,2.0
128,8.666666666666666,1000000.0,9.0,1.0,6.0,0.0,6000000.0,1.0,3.0
129,8.714285714285714,1000000.0,9.0,1.0,7.0,1.0,7000000.0,1.0,2.0
130,8.5,1000000.0,9.0,1.0,6.0,1.0,6000000.0,1.0,3.0
131,8.75,1000000.0,9.0,1.0,4.0,0.0,4000000.0,1.0,2.0
132,8.428571428571429,1000000.0,9.0,1.0,7.0,0.0,7000000.0,1.0,3.0
133,8.75,1000000.0,9.0,1.0,4.0,0.0,4000000.0,1.0,2.0
134,8.714285714285714,1000000.0,10.0,1.0,7.0,1.0,7000000.0,1.0,3.0
135,8.714285714285714,1000000.0,9.0,1.0,7.0,2.0,7000000.0,1.0,2.0
136,9.0,1000000.0,10.0,1.0,4.0,0.0,4000000.0,1.0,3.0
137,8.714285714285714,1000000.0,9.0,1.0,7.0,1.0,7000000.0,1.0,2.0
138,9.0,1000000.0,10.0,1.0,5.0,1.0,5000000.0,1.0,3.0
139,8.833333333333334,1000000.0,10.0,1.0,6.0,0.0,6000000.0,1.0,3.0
140,8.714285714285714,1000000.0,10.0,1.0,7.0,1.0,7000000.0,1.0,3.0
141,9.6,1000000.0,11.0,1.0,5.0,0.0,5000000.0,1.0,2.0
142,8.857142857142858,1000000.0,10.0,1.0,7.0,2.0,7000000.0,1.0,2.0
143,6.384615384615385,1000000.0,9.0,1.0,26.0,1.0,26000000.0,1.0,3.0
144,6.076923076923077,1000000.0,9.0,1.0,390.0,0.0,390000000.0,1.0,3.0
145,6.054726368159204,1000000.0,9.0,1.0,402.0,1.0,402000000.0,1.0,4.0
146,6.025062656641604,1000000.0,9.0,1.0,399.0,3.0,399000000.0,1.0,4.0
147,5.9972972972972975,1000000.0,8.0,1.0,370.0,0.0,370000000.0,1.0,2.0
148,6.0,1000000.0,8.0,1.0,375.0,0.0,375000000.0,1.0,2.0
149,5.967741935483871,1000000.0,8.0,1.0,372.0,0.0,372000000.0,1.0,2.0
150,5.991596638655462,1000000.0,8.0,1.0,357.0,0.0,357000000.0,1.0,2.0
151,6.002570694087404,1000000.0,8.0,1.0,389.0,0.0,389000000.0,1.0,3.0
152,6.016348773841962,1000000.0,8.0,1.0,367.0,0.0,367000000.0,1.0,2.0
153,6.0,1000000.0,8.0,1.0,373.0,0.0,373000000.0,1.0,2.0
154,5.997333333333334,1000000.0,8.0,1.0,375.0,0.0,375000000.0,1.0,2.0
155,5.997326203208556,1000000.0,8.0,1.0,374.0,0.0,374000000.0,1.0,2.0
156,6.0,1000000.0,8.0,1.0,374.0,0.0,374000000.0,1.0,2.0
157,6.096774193548387,1000000.0,8.0,1.0,372.0,0.0,372000000.0,1.0,2.0
158,6.0027027027027025,1000000.0,8.0,1.0,370.0,0.0,370000000.0,1.0,2.0
159,6.010752688172043,1000000.0,8.0,1.0,372.0,0.0,372000000.0,1.0,2.0
160,6.029569892473118,1000000.0,8.0,1.0,372.0,0.0,372000000.0,1.0,2.0
161,6.008152173913044,1000000.0,8.0,1.0,368.0,0.0,368000000.0,1.0,2.0
162,5.983606557377049,1000000.0,8.0,1.0,366.0,0.0,366000000.0,1.0,2.0
163,6.016348773841962,1000000.0,8.0,1.0,367.0,0.0,367000000.0,1.0,2.0
164,6.015831134564643,1000000.0,8.0,1.0,379.0,0.0,379000000.0,1.0,2.0
165,6.007978723404255,1000000.0,8.0,1.0,376.0,0.0,376000000.0,1.0,2.0
166,6.010695187165775,1000000.0,9.0,1.0,374.0,0.0,374000000.0,1.0,2.0
167,6.044386422976501,1000000.0,9.0,1.0,383.0,0.0,383000000.0,1.0,2.0
168,6.13550135501355,1000000.0,9.0,1.0,369.0,11.0,369000000.0,1.0,2.0
169,9.090909090909092,1000000.0,10.0,1.0,22.0,8.0,22000000.0,1.0,2.0
170,8.75,1000000.0,10.0,1.0,8.0,1.0,8000000.0,1.0,3.0
171,8.75,1000000.0,10.0,1.0,8.0,2.0,8000000.0,1.0,3.0
172,8.666666666666666,1000000.0,9.0,1.0,6.0,0.0,6000000.0,1.0,3.0
173,8.6,1000000.0,9.0,1.0,5.0,1.0,5000000.0,1.0,2.0
174,8.8,1000000.0,9.0,1.0,5.0,1.0,5000000.0,1.0,2.0
175,8.6,1000000.0,9.0,1.0,5.0,1.0,5000000.0,1.0,2.0
176,8.6,1000000.0,9.0,1.0,5.0,1.0,5000000.0,1.0,2.0
177,9.0,1000000.0,10.0,1.0,6.0,0.0,6000000.0,1.0,3.0
178,8.857142857142858,1000000.0,10.0,1.0,7.0,1.0,7000000.0,1.0,3.0
179,8.6,1000000.0,9.0,1.0,5.0,1.0,5000000.0,1.0,3.0
180,8.8,1000000.0,9.0,1.0,5.0,1.0,5000000.0,1.0,2.0
181,8.714285714285714,1000000.0,9.0,1.0,7.0,0.0,7000000.0,1.0,2.0
182,9.4,1000000.0,10.0,1.0,5.0,1.0,5000000.0,1.0,2.0
183,8.857142857142858,1000000.0,10.0,1.0,7.0,1.0,7000000.0,1.0,3.0
184,8.428571428571429,1000000.0,9.0,1.0,7.0,2.0,7000000.0,1.0,3.0
185,8.666666666666666,1000000.0,9.0,1.0,6.0,0.0,6000000.0,1.0,3.0
186,8.8,1000000.0,9.0,1.0,5.0,0.0,5000000.0,1.0,2.0
187,8.714285714285714,1000000.0,10.0,1.0,7.0,1.0,7000000.0,1.0,3.0
188,8.857142857142858,1000000.0,10.0,1.0,7.0,1.0,7000000.0,1.0,3.0
189,8.714285714285714,1000000.0,10.0,1.0,7.0,1.0,7000000.0,1.0,3.0
190,8.75,1000000.0,9.0,1.0,4.0,0.0,4000000.0,1.0,2.0
191,8.857142857142858,1000000.0,10.0,1.0,7.0,3.0,7000000.0,1.0,2.0
192,8.666666666666666,1000000.0,9.0,1.0,9.0,1.0,9000000.0,1.0,2.0
193,6.416666666666667,1000000.0,9.0,1.0,12.0,0.0,12000000.0,1.0,2.0
194,6.089058524173028,1000000.0,10.0,1.0,393.0,2.0,393000000.0,1.0,4.0
195,6.044776119402985,1000000.0,9.0,1.0,402.0,1.0,402000000.0,1.0,3.0
196,6.053191489361702,1000000.0,9.0,1.0,376.0,0.0,376000000.0,1.0,4.0
197,6.028132992327365,1000000.0,9.0,1.0,391.0,0.0,391000000.0,1.0,3.0
198,6.095490716180372,1000000.0,9.0,1.0,377.0,0.0,377000000.0,1.0,2.0
199,6.032171581769437,1000000.0,9.0,1.0,373.0,0.0,373000000.0,1.0,2.0
200,6.02680965147453,1000000.0,9.0,1.0,373.0,0.0,373000000.0,1.0,2.0
201,6.0285714285714285,1000000.0,9.0,1.0,385.0,0.0,385000000.0,1.0,3.0
202,6.05440414507772,1000000.0,10.0,1.0,386.0,0.0,386000000.0,1.0,2.0
203,6.046376811594203,1000000.0,9.0,1.0,345.0,0.0,345000000.0,1.0,2.0
204,6.053475935828877,1000000.0,9.0,1.0,374.0,0.0,374000000.0,1.0,2.0
205,6.045576407506703,1000000.0,9.0,1.0,373.0,0.0,373000000.0,1.0,2.0
206,6.096103896103896,1000000.0,9.0,1.0,385.0,0.0,385000000.0,1.0,3.0
207,6.100263852242744,1000000.0,10.0,1.0,379.0,0.0,379000000.0,1.0,2.0
208,6.040579710144928,1000000.0,9.0,1.0,345.0,0.0,345000000.0,1.0,2.0
209,6.010723860589812,1000000.0,9.0,1.0,373.0,0.0,373000000.0,1.0,2.0
210,6.03475935828877,1000000.0,9.0,1.0,374.0,0.0,374000000.0,1.0,2.0
211,5.98936170212766,1000000.0,9.0,1.0,376.0,0.0,376000000.0,1.0,2.0
212,6.033766233766234,1000000.0,9.0,1.0,385.0,0.0,385000000.0,1.0,4.0
213,5.994609164420485,1000000.0,8.0,1.0,371.0,0.0,371000000.0,1.0,2.0
214,6.025906735751295,1000000.0,8.0,1.0,386.0,0.0,386000000.0,1.0,2.0
215,5.981233243967829,1000000.0,8.0,1.0,373.0,0.0,373000000.0,1.0,2.0
216,5.989304812834225,1000000.0,8.0,1.0,374.0,0.0,374000000.0,1.0,2.0
217,6.002717391304348,1000000.0,8.0,1.0,368.0,0.0,368000000.0,1.0,2.0
218,5.959016393442623,1000000.0,8.0,1.0,366.0,4.0,366000000.0,1.0,2.0
219,5.071428571428571,1000000.0,6.0,1.0,28.0,12.0,28000000.0,1.0,2.0
220,4.8,1000000.0,5.0,1.0,5.0,0.0,5000000.0,1.0,3.0
221,4.571428571428571,1000000.0,5.0,1.0,7.0,2.0,7000000.0,1.0,3.0
222,4.6,1000000.0,5.0,1.0,5.0,1.0,5000000.0,1.0,2.0
223,4.4,1000000.0,5.0,1.0,5.0,1.0,5000000.0,1.0,3.0
224,4.5,1000000.0,5.0,1.0,6.0,1.0,6000000.0,1.0,4.0
225,4.714285714285714,1000000.0,5.0,1.0,7.0,1.0,7000000.0,1.0,2.0
226,4.666666666666667,1000000.0,5.0,1.0,6.0,0.0,6000000.0,1.0,3.0
227,4.666666666666667,1000000.0,5.0,1.0,3.0,0.0,3000000.0,1.0,2.0
228,4.5,1000000.0,5.0,1.0,4.0,0.0,4000000.0,1.0,3.0
229,4.833333333333333,1000000.0,5.0,1.0,6.0,0.0,6000000.0,1.0,3.0
230,4.5,1000000.0,5.0,1.0,4.0,0.0,4000000.0,1.0,2.0
231,4.571428571428571,1000000.0,5.0,1.0,7.0,1.0,7000000.0,1.0,3.0
232,5.0,1000000.0,6.0,1.0,6.0,1.0,6000000.0,1.0,3.0
233,5.0,1000000.0,6.0,1.0,6.0,1.0,6000000.0,1.0,2.0
234,4.5,1000000.0,5.0,1.0,6.0,1.0,6000000.0,1.0,3.0
235,4.666666666666667,1000000.0,5.0,1.0,6.0,1.0,6000000.0,1.0,3.0
236,4.5,1000000.0,5.0,1.0,4.0,1.0,4000000.0,1.0,2.0
237,4.5,1000000.0,5.0,1.0,4.0,0.0,4000000.0,1.0,3.0
238,4.666666666666667,1000000.0,5.0,1.0,6.0,1.0,6000000.0,1.0,3.0
239,4.428571428571429,1000000.0,5.0,1.0,7.0,1.0,7000000.0,1.0,3.0
240,4.666666666666667,1000000.0,5.0,1.0,6.0,1.0,6000000.0,1.0,3.0
241,4.5,1000000.0,5.0,1.0,6.0,2.0,6000000.0,1.0,3.0
242,4.4,1000000.0,5.0,1.0,5.0,0.0,5000000.0,1.0,4.0
243,4.0,1000000.0,5.0,1.0,6.0,1.0,6000000.0,1.0,3.0
244,5.867231638418079,1000000.0,8.0,1.0,354.0,2.0,354000000.0,1.0,4.0
245,5.994490358126722,1000000.0,9.0,1.0,363.0,0.0,363000000.0,1.0,4.0
246,5.982051282051282,1000000.0,8.0,1.0,390.0,1.0,390000000.0,1.0,4.0
247,5.973118279569892,1000000.0,8.0,1.0,372.0,0.0,372000000.0,1.0,2.0
248,6.011049723756906,1000000.0,8.0,1.0,362.0,0.0,362000000.0,1.0,2.0
249,6.002695417789758,1000000.0,8.0,1.0,371.0,0.0,371000000.0,1.0,2.0
250,5.997333333333334,1000000.0,8.0,1.0,375.0,0.0,375000000.0,1.0,2.0
251,6.005464480874317,1000000.0,8.0,1.0,366.0,0.0,366000000.0,1.0,3.0
252,6.021333333333334,1000000.0,8.0,1.0,375.0,0.0,375000000.0,1.0,2.0
253,6.01063829787234,1000000.0,8.0,1.0,376.0,0.0,376000000.0,1.0,3.0
254,5.97172236503856,1000000.0,8.0,1.0,389.0,0.0,389000000.0,1.0,2.0
255,5.949468085106383,1000000.0,8.0,1.0,376.0,0.0,376000000.0,1.0,2.0
256,5.956298200514139,1000000.0,8.0,1.0,389.0,0.0,389000000.0,1.0,3.0
257,5.950649350649351,1000000.0,8.0,1.0,385.0,0.0,385000000.0,1.0,2.0
258,6.1246684350132625,1000000.0,8.0,1.0,377.0,0.0,377000000.0,1.0,2.0
259,6.020725388601036,1000000.0,8.0,1.0,386.0,0.0,386000000.0,1.0,2.0
260,6.042895442359249,1000000.0,9.0,1.0,373.0,0.0,373000000.0,1.0,2.0
261,6.097560975609756,1000000.0,10.0,1.0,369.0,0.0,369000000.0,1.0,2.0
262,6.043010752688172,1000000.0,8.0,1.0,372.0,0.0,372000000.0,1.0,2.0
263,6.080862533692723,1000000.0,8.0,1.0,371.0,0.0,371000000.0,1.0,2.0
264,6.038356164383561,1000000.0,8.0,1.0,365.0,0.0,365000000.0,1.0,2.0
265,6.077333333333334,1000000.0,9.0,1.0,375.0,0.0,375000000.0,1.0,2.0
266,6.032786885245901,1000000.0,8.0,1.0,366.0,0.0,366000000.0,1.0,2.0
267,5.994520547945205,1000000.0,8.0,1.0,365.0,0.0,365000000.0,1.0,2.0
268,6.016348773841962,1000000.0,10.0,1.0,367.0,0.0,367000000.0,1.0,2.0
269,8.64102564102564,1000000.0,10.0,1.0,39.0,15.0,39000000.0,1.0,3.0
270,8.571428571428571,1000000.0,9.0,1.0,7.0,1.0,7000000.0,1.0,3.0
271,8.5,1000000.0,9.0,1.0,6.0,1.0,6000000.0,1.0,4.0
272,8.625,1000000.0,9.0,1.0,8.0,1.0,8000000.0,1.0,2.0
273,8.8,1000000.0,9.0,1.0,5.0,1.0,5000000.0,1.0,2.0
274,8.5,1000000.0,9.0,1.0,4.0,1.0,4000000.0,1.0,3.0
275,8.714285714285714,1000000.0,9.0,1.0,7.0,1.0,7000000.0,1.0,2.0
276,8.666666666666666,1000000.0,9.0,1.0,6.0,0.0,6000000.0,1.0,3.0
277,8.625,1000000.0,9.0,1.0,8.0,0.0,8000000.0,1.0,3.0
278,8.571428571428571,1000000.0,9.0,1.0,7.0,2.0,7000000.0,1.0,3.0
279,8.4,1000000.0,9.0,1.0,5.0,0.0,5000000.0,1.0,3.0
280,8.666666666666666,1000000.0,9.0,1.0,6.0,2.0,6000000.0,1.0,2.0
281,8.5,1000000.0,9.0,1.0,6.0,1.0,6000000.0,1.0,2.0
282,8.6,1000000.0,9.0,1.0,5.0,1.0,5000000.0,1.0,3.0
283,8.75,1000000.0,9.0,1.0,4.0,0.0,4000000.0,1.0,2.0
284,8.857142857142858,1000000.0,10.0,1.0,7.0,0.0,7000000.0,1.0,3.0
285,8.6,1000000.0,9.0,1.0,5.0,1.0,5000000.0,1.0,3.0
286,8.6,1000000.0,9.0,1.0,5.0,0.0,5000000.0,1.0,3.0
287,8.571428571428571,1000000.0,9.0,1.0,7.0,2.0,7000000.0,1.0,2.0
288,8.571428571428571,1000000.0,9.0,1.0,7.0,2.0,7000000.0,1.0,3.0
289,8.875,1000000.0,10.0,1.0,8.0,2.0,8000000.0,1.0,2.0
290,8.666666666666666,1000000.0,9.0,1.0,6.0,1.0,6000000.0,1.0,2.0
291,8.5,1000000.0,9.0,1.0,6.0,0.0,6000000.0,1.0,3.0
292,8.666666666666666,1000000.0,9.0,1.0,6.0,1.0,6000000.0,1.0,3.0
293,8.571428571428571,1000000.0,9.0,1.0,7.0,2.0,7000000.0,1.0,2.0
294,6.032432432432432,1000000.0,9.0,1.0,370.0,0.0,370000000.0,1.0,3.0
295,5.952879581151833,1000000.0,9.0,1.0,382.0,6.0,382000000.0,1.0,4.0
296,6.028985507246377,1000000.0,10.0,1.0,345.0,3.0,345000000.0,1.0,4.0
297,6.092485549132948,1000000.0,9.0,1.0,346.0,0.0,346000000.0,1.0,3.0
298,6.016348773841962,1000000.0,8.0,1.0,367.0,0.0,367000000.0,1.0,2.0
299,6.027548209366391,1000000.0,8.0,1.0,363.0,0.0,363000000.0,1.0,2.0
300,6.054347826086956,1000000.0,8.0,1.0,368.0,0.0,368000000.0,1.0,2.0
301,6.007832898172324,1000000.0,9.0,1.0,383.0,0.0,383000000.0,1.0,3.0
302,6.090909090909091,1000000.0,10.0,1.0,374.0,0.0,374000000.0,1.0,2.0
303,6.054054054054054,1000000.0,10.0,1.0,370.0,0.0,370000000.0,1.0,2.0
304,6.0136612021857925,1000000.0,9.0,1.0,366.0,0.0,366000000.0,1.0,2.0
305,5.967391304347826,1000000.0,8.0,1.0,368.0,0.0,368000000.0,1.0,2.0
306,5.9509043927648575,1000000.0,8.0,1.0,387.0,0.0,387000000.0,1.0,4.0
307,5.841642228739003,1000000.0,8.0,1.0,341.0,0.0,341000000.0,1.0,2.0
308,5.978552278820375,1000000.0,8.0,1.0,373.0,0.0,373000000.0,1.0,2.0
309,6.113456464379947,1000000.0,9.0,1.0,379.0,0.0,379000000.0,1.0,2.0
310,5.911111111111111,1000000.0,8.0,1.0,360.0,0.0,360000000.0,1.0,2.0
311,5.893557422969188,1000000.0,8.0,1.0,357.0,0.0,357000000.0,1.0,2.0
312,5.957671957671957,1000000.0,8.0,1.0,378.0,0.0,378000000.0,1.0,2.0
313,5.947089947089947,1000000.0,8.0,1.0,378.0,0.0,378000000.0,1.0,2.0
314,5.966057441253263,1000000.0,8.0,1.0,383.0,0.0,383000000.0,1.0,2.0
315,5.973753280839895,1000000.0,8.0,1.0,381.0,0.0,381000000.0,1.0,2.0
316,5.964769647696477,1000000.0,8.0,1.0,369.0,0.0,369000000.0,1.0,2.0
317,5.938502673796791,1000000.0,8.0,1.0,374.0,0.0,374000000.0,1.0,2.0
318,5.930666666666666,1000000.0,8.0,1.0,375.0,0.0,375000000.0,1.0,2.0
319,4.953488372093023,1000000.0,8.0,1.0,43.0,19.0,43000000.0,1.0,3.0
320,4.4,1000000.0,5.0,1.0,10.0,3.0,10000000.0,1.0,3.0
321,4.5,1000000.0,5.0,1.0,6.0,2.0,6000000.0,1.0,3.0
322,4.5,1000000.0,5.0,1.0,6.0,0.0,6000000.0,1.0,3.0
323,4.5,1000000.0,5.0,1.0,4.0,1.0,4000000.0,1.0,2.0
324,4.625,1000000.0,5.0,1.0,8.0,3.0,8000000.0,1.0,2.0
325,4.714285714285714,1000000.0,5.0,1.0,7.0,0.0,7000000.0,1.0,3.0
326,4.6,1000000.0,5.0,1.0,5.0,0.0,5000000.0,1.0,3.0
327,4.75,1000000.0,6.0,1.0,8.0,2.0,8000000.0,1.0,3.0
328,4.571428571428571,1000000.0,5.0,1.0,7.0,1.0,7000000.0,1.0,3.0
329,4.714285714285714,1000000.0,6.0,1.0,7.0,1.0,7000000.0,1.0,3.0
330,4.5,1000000.0,5.0,1.0,6.0,1.0,6000000.0,1.0,3.0
331,4.5,1000000.0,5.0,1.0,4.0,1.0,4000000.0,1.0,2.0
332,4.833333333333333,1000000.0,5.0,1.0,6.0,0.0,6000000.0,1.0,2.0
333,5.0,1000000.0,6.0,1.0,5.0,0.0,5000000.0,1.0,3.0
334,4.833333333333333,1000000.0,6.0,1.0,6.0,1.0,6000000.0,1.0,3.0
335,4.666666666666667,1000000.0,5.0,1.0,6.0,1.0,6000000.0,1.0,3.0
336,4.75,1000000.0,6.0,1.0,8.0,2.0,8000000.0,1.0,2.0
337,4.6,1000000.0,5.0,1.0,5.0,1.0,5000000.0,1.0,2.0
338,5.0,1000000.0,5.0,1.0,3.0,0.0,3000000.0,1.0,1.0
339,4.666666666666667,1000000.0,5.0,1.0,9.0,1.0,9000000.0,1.0,2.0
340,4.8,1000000.0,5.0,1.0,5.0,0.0,5000000.0,1.0,2.0
341,5.333333333333333,1000000.0,6.0,1.0,3.0,0.0,3000000.0,1.0,1.0
342,4.875,1000000.0,6.0,1.0,8.0,0.0,8000000.0,1.0,3.0
343,4.666666666666667,1000000.0,5.0,1.0,6.0,0.0,6000000.0,1.0,3.0
344,5.813888888888889,1000000.0,8.0,1.0,360.0,4.0,360000000.0,1.0,4.0
345,5.96100278551532,1000000.0,8.0,1.0,359.0,2.0,359000000.0,1.0,4.0
346,5.928947368421053,1000000.0,8.0,1.0,380.0,4.0,380000000.0,1.0,4.0
347,5.981333333333334,1000000.0,8.0,1.0,375.0,0.0,375000000.0,1.0,3.0
348,5.986559139784946,1000000.0,9.0,1.0,372.0,0.0,372000000.0,1.0,2.0
349,5.997311827956989,1000000.0,8.0,1.0,372.0,0.0,372000000.0,1.0,2.0
350,5.9838274932614555,1000000.0,8.0,1.0,371.0,0.0,371000000.0,1.0,2.0
351,6.0,1000000.0,9.0,1.0,389.0,0.0,389000000.0,1.0,4.0
352,6.0,1000000.0,8.0,1.0,386.0,0.0,386000000.0,1.0,2.0
353,6.008356545961003,1000000.0,9.0,1.0,359.0,0.0,359000000.0,1.0,2.0
354,6.033163265306122,1000000.0,9.0,1.0,392.0,0.0,392000000.0,1.0,2.0
355,5.981081081081081,1000000.0,9.0,1.0,370.0,0.0,370000000.0,1.0,2.0
356,6.02972972972973,1000000.0,9.0,1.0,370.0,0.0,370000000.0,1.0,2.0
357,6.026041666666667,1000000.0,9.0,1.0,384.0,0.0,384000000.0,1.0,2.0
358,6.031578947368421,1000000.0,9.0,1.0,380.0,0.0,380000000.0,1.0,2.0
359,6.159663865546219,1000000.0,10.0,1.0,357.0,0.0,357000000.0,1.0,2.0
360,6.02156334231806,1000000.0,9.0,1.0,371.0,0.0,371000000.0,1.0,2.0
361,6.018518518518518,1000000.0,9.0,1.0,378.0,0.0,378000000.0,1.0,2.0
362,6.032171581769437,1000000.0,9.0,1.0,373.0,0.0,373000000.0,1.0,3.0
363,6.045698924731183,1000000.0,9.0,1.0,372.0,0.0,372000000.0,1.0,2.0
364,6.016042780748663,1000000.0,9.0,1.0,374.0,0.0,374000000.0,1.0,2.0
365,6.044270833333333,1000000.0,11.0,1.0,384.0,0.0,384000000.0,1.0,2.0
366,5.994666666666666,1000000.0,8.0,1.0,375.0,0.0,375000000.0,1.0,2.0
367,6.037533512064343,1000000.0,9.0,1.0,373.0,0.0,373000000.0,1.0,2.0
368,6.030054644808743,1000000.0,10.0,1.0,366.0,0.0,366000000.0,1.0,2.0
369,7.901960784313726,1000000.0,10.0,1.0,51.0,15.0,51000000.0,1.0,4.0
370,8.5,1000000.0,9.0,1.0,10.0,2.0,10000000.0,1.0,3.0
371,8.714285714285714,1000000.0,9.0,1.0,7.0,2.0,7000000.0,1.0,2.0
372,8.5,1000000.0,9.0,1.0,6.0,1.0,6000000.0,1.0,3.0
373,8.6,1000000.0,9.0,1.0,5.0,1.0,5000000.0,1.0,2.0
374,8.571428571428571,1000000.0,9.0,1.0,7.0,2.0,7000000.0,1.0,3.0
375,8.8,1000000.0,10.0,1.0,5.0,0.0,5000000.0,1.0,3.0
376,8.6,1000000.0,9.0,1.0,5.0,0.0,5000000.0,1.0,3.0
377,8.714285714285714,1000000.0,10.0,1.0,7.0,2.0,7000000.0,1.0,3.0
378,8.4,1000000.0,9.0,1.0,5.0,1.0,5000000.0,1.0,2.0
379,8.714285714285714,1000000.0,9.0,1.0,7.0,1.0,7000000.0,1.0,2.0
380,8.714285714285714,1000000.0,9.0,1.0,7.0,2.0,7000000.0,1.0,2.0
381,8.666666666666666,1000000.0,9.0,1.0,6.0,1.0,6000000.0,1.0,2.0
382,8.5,1000000.0,9.0,1.0,4.0,1.0,4000000.0,1.0,2.0
383,8.833333333333334,1000000.0,10.0,1.0,6.0,1.0,6000000.0,1.0,3.0
384,8.666666666666666,1000000.0,9.0,1.0,6.0,0.0,6000000.0,1.0,3.0
385,8.714285714285714,1000000.0,10.0,1.0,7.0,1.0,7000000.0,1.0,3.0
386,8.833333333333334,1000000.0,10.0,1.0,6.0,1.0,6000000.0,1.0,3.0
387,8.5,1000000.0,9.0,1.0,4.0,0.0,4000000.0,1.0,3.0
388,9.0,1000000.0,9.0,1.0,4.0,0.0,4000000.0,1.0,1.0
389,8.8,1000000.0,9.0,1.0,5.0,0.0,5000000.0,1.0,2.0
390,9.0,1000000.0,9.0,1.0,4.0,0.0,4000000.0,1.0,1.0
391,8.5,1000000.0,9.0,1.0,6.0,1.0,6000000.0,1.0,3.0
392,8.6,1000000.0,9.0,1.0,5.0,0.0,5000000.0,1.0,2.0
393,8.6,1000000.0,9.0,1.0,5.0,0.0,5000000.0,1.0,3.0
394,6.050131926121372,1000000.0,11.0,1.0,379.0,0.0,379000000.0,1.0,4.0
395,6.074666666666666,1000000.0,9.0,1.0,375.0,0.0,375000000.0,1.0,3.0
396,6.074550128534704,1000000.0,10.0,1.0,389.0,2.0,389000000.0,1.0,4.0
397,6.005263157894737,1000000.0,9.0,1.0,380.0,0.0,380000000.0,1.0,3.0
398,5.991891891891892,1000000.0,8.0,1.0,370.0,0.0,370000000.0,1.0,2.0
399,5.986595174262734,1000000.0,8.0,1.0,373.0,0.0,373000000.0,1.0,2.0
400,6.0109289617486334,1000000.0,8.0,1.0,366.0,0.0,366000000.0,1.0,2.0
401,5.997347480106101,1000000.0,8.0,1.0,377.0,0.0,377000000.0,1.0,2.0
402,5.978947368421053,1000000.0,8.0,1.0,380.0,0.0,380000000.0,1.0,2.0
403,5.984084880636605,1000000.0,8.0,1.0,377.0,0.0,377000000.0,1.0,2.0
404,6.0,1000000.0,8.0,1.0,378.0,0.0,378000000.0,1.0,2.0
405,5.986522911051213,1000000.0,8.0,1.0,371.0,0.0,371000000.0,1.0,2.0
406,5.981283422459893,1000000.0,8.0,1.0,374.0,0.0,374000000.0,1.0,2.0
407,5.997304582210242,1000000.0,8.0,1.0,371.0,0.0,371000000.0,1.0,2.0
408,5.967828418230563,1000000.0,8.0,1.0,373.0,0.0,373000000.0,1.0,2.0
409,5.978494623655914,1000000.0,8.0,1.0,372.0,0.0,372000000.0,1.0,2.0
410,6.005479452054795,1000000.0,9.0,1.0,365.0,0.0,365000000.0,1.0,2.0
411,6.010309278350515,1000000.0,8.0,1.0,388.0,0.0,388000000.0,1.0,2.0
412,5.983695652173913,1000000.0,8.0,1.0,368.0,0.0,368000000.0,1.0,2.0
413,6.008042895442359,1000000.0,8.0,1.0,373.0,0.0,373000000.0,1.0,2.0
414,6.005434782608695,1000000.0,8.0,1.0,368.0,0.0,368000000.0,1.0,2.0
415,5.978319783197832,1000000.0,8.0,1.0,369.0,0.0,369000000.0,1.0,2.0
416,6.005464480874317,1000000.0,8.0,1.0,366.0,0.0,366000000.0,1.0,2.0
417,6.013477088948787,1000000.0,9.0,1.0,371.0,0.0,371000000.0,1.0,2.0
418,6.023255813953488,1000000.0,9.0,1.0,387.0,0.0,387000000.0,1.0,2.0
419,7.884615384615385,1000000.0,10.0,1.0,52.0,16.0,52000000.0,1.0,3.0
420,9.142857142857142,1000000.0,10.0,1.0,7.0,0.0,7000000.0,1.0,2.0
421,8.8,1000000.0,10.0,1.0,5.0,2.0,5000000.0,1.0,3.0
422,8.5,1000000.0,9.0,1.0,6.0,1.0,6000000.0,1.0,3.0
423,8.8,1000000.0,9.0,1.0,5.0,0.0,5000000.0,1.0,2.0
424,8.5,1000000.0,9.0,1.0,4.0,0.0,4000000.0,1.0,3.0
425,8.8,1000000.0,9.0,1.0,5.0,1.0,5000000.0,1.0,2.0
426,8.625,1000000.0,10.0,1.0,8.0,2.0,8000000.0,1.0,3.0
427,8.6,1000000.0,9.0,1.0,5.0,1.0,5000000.0,1.0,3.0
428,8.666666666666666,1000000.0,9.0,1.0,6.0,1.0,6000000.0,1.0,2.0
429,8.6,1000000.0,9.0,1.0,5.0,1.0,5000000.0,1.0,2.0
430,8.6,1000000.0,9.0,1.0,5.0,1.0,5000000.0,1.0,3.0
431,8.4,1000000.0,9.0,1.0,5.0,1.0,5000000.0,1.0,3.0
432,8.571428571428571,1000000.0,9.0,1.0,7.0,2.0,7000000.0,1.0,2.0
433,8.714285714285714,1000000.0,9.0,1.0,7.0,1.0,7000000.0,1.0,2.0
434,8.833333333333334,1000000.0,10.0,1.0,6.0,0.0,6000000.0,1.0,3.0
435,8.428571428571429,1000000.0,10.0,1.0,7.0,0.0,7000000.0,1.0,2.0
436,8.5,1000000.0,9.0,1.0,6.0,0.0,6000000.0,1.0,4.0
437,8.8,1000000.0,9.0,1.0,5.0,0.0,5000000.0,1.0,2.0
438,8.6,1000000.0,9.0,1.0,5.0,1.0,5000000.0,1.0,3.0
439,8.833333333333334,1000000.0,9.0,1.0,6.0,0.0,6000000.0,1.0,2.0
440,8.571428571428571,1000000.0,9.0,1.0,7.0,1.0,7000000.0,1.0,3.0
441,8.5,1000000.0,9.0,1.0,6.0,0.0,6000000.0,1.0,2.0
442,8.666666666666666,1000000.0,9.0,1.0,6.0,1.0,6000000.0,1.0,2.0
443,8.666666666666666,1000000.0,9.0,1.0,6.0,1.0,6000000.0,1.0,2.0
444,6.0145348837209305,1000000.0,9.0,1.0,344.0,2.0,344000000.0,1.0,4.0
445,6.043367346938775,1000000.0,9.0,1.0,392.0,1.0,392000000.0,1.0,4.0
446,6.037433155080214,1000000.0,9.0,1.0,374.0,0.0,374000000.0,1.0,3.0
447,6.013123359580052,1000000.0,9.0,1.0,381.0,0.0,381000000.0,1.0,2.0
448,6.021447721179625,1000000.0,10.0,1.0,373.0,0.0,373000000.0,1.0,2.0
449,6.0237467018469655,1000000.0,9.0,1.0,379.0,0.0,379000000.0,1.0,2.0
450,5.989189189189189,1000000.0,8.0,1.0,370.0,0.0,370000000.0,1.0,2.0
451,6.0237467018469655,1000000.0,9.0,1.0,379.0,0.0,379000000.0,1.0,3.0
452,6.0363128491620115,1000000.0,9.0,1.0,358.0,0.0,358000000.0,1.0,2.0
453,6.020460358056266,1000000.0,9.0,1.0,391.0,0.0,391000000.0,1.0,2.0
454,6.077127659574468,1000000.0,9.0,1.0,376.0,0.0,376000000.0,1.0,3.0
455,6.005449591280654,1000000.0,9.0,1.0,367.0,0.0,367000000.0,1.0,2.0
456,6.028350515463917,1000000.0,10.0,1.0,388.0,0.0,388000000.0,1.0,4.0
457,6.0,1000000.0,8.0,1.0,368.0,0.0,368000000.0,1.0,2.0
458,6.018766756032171,1000000.0,9.0,1.0,373.0,0.0,373000000.0,1.0,2.0
459,6.024064171122995,1000000.0,9.0,1.0,374.0,0.0,374000000.0,1.0,2.0
460,6.1306666666666665,1000000.0,11.0,1.0,375.0,0.0,375000000.0,1.0,2.0
461,6.03359173126615,1000000.0,11.0,1.0,387.0,0.0,387000000.0,1.0,2.0
462,5.994638069705094,1000000.0,8.0,1.0,373.0,0.0,373000000.0,1.0,2.0
463,5.9837837837837835,1000000.0,9.0,1.0,370.0,0.0,370000000.0,1.0,2.0
464,5.951742627345845,1000000.0,8.0,1.0,373.0,0.0,373000000.0,1.0,2.0
465,5.978494623655914,1000000.0,8.0,1.0,372.0,0.0,372000000.0,1.0,2.0
466,6.005263157894737,1000000.0,8.0,1.0,380.0,0.0,380000000.0,1.0,2.0
467,6.0119760479041915,1000000.0,8.0,1.0,334.0,0.0,334000000.0,1.0,2.0
468,5.957219251336898,1000000.0,8.0,1.0,374.0,0.0,374000000.0,1.0,2.0
469,6.3125,1000000.0,8.0,1.0,64.0,17.0,64000000.0,1.0,2.0
470,3.5,1000000.0,5.0,1.0,6.0,1.0,6000000.0,1.0,3.0
471,3.3333333333333335,1000000.0,5.0,1.0,9.0,3.0,9000000.0,1.0,3.0
472,4.111111111111111,1000000.0,8.0,1.0,9.0,3.0,9000000.0,1.0,2.0
473,2.888888888888889,1000000.0,8.0,1.0,9.0,5.0,9000000.0,1.0,2.0
474,3.375,1000000.0,5.0,1.0,8.0,4.0,8000000.0,1.0,4.0
475,3.363636363636364,1000000.0,5.0,1.0,11.0,3.0,11000000.0,1.0,3.0
476,4.571428571428571,1000000.0,8.0,1.0,7.0,2.0,7000000.0,1.0,3.0
477,3.5555555555555554,1000000.0,5.0,1.0,9.0,5.0,9000000.0,1.0,2.0
478,3.6666666666666665,1000000.0,5.0,1.0,9.0,3.0,9000000.0,1.0,2.0
479,2.888888888888889,1000000.0,5.0,1.0,9.0,3.0,9000000.0,1.0,3.0
480,3.0,1000000.0,5.0,1.0,8.0,4.0,8000000.0,1.0,2.0
481,2.9,1000000.0,5.0,1.0,10.0,3.0,10000000.0,1.0,3.0
482,4.0,1000000.0,6.0,1.0,9.0,1.0,9000000.0,1.0,4.0
483,3.7142857142857144,1000000.0,5.0,1.0,7.0,3.0,7000000.0,1.0,3.0
484,3.5555555555555554,1000000.0,5.0,1.0,9.0,2.0,9000000.0,1.0,3.0
485,4.0,1000000.0,5.0,1.0,8.0,2.0,8000000.0,1.0,3.0
486,3.5454545454545454,1000000.0,5.0,1.0,11.0,3.0,11000000.0,1.0,3.0
487,3.625,1000000.0,5.0,1.0,8.0,4.0,8000000.0,1.0,2.0
488,3.7777777777777777,1000000.0,5.0,1.0,9.0,2.0,9000000.0,1.0,3.0
489,3.2,1000000.0,5.0,1.0,10.0,4.0,10000000.0,1.0,2.0
490,3.2222222222222223,1000000.0,5.0,1.0,9.0,4.0,9000000.0,1.0,2.0
491,3.8333333333333335,1000000.0,5.0,1.0,6.0,3.0,6000000.0,1.0,2.0
492,3.0,1000000.0,5.0,1.0,6.0,2.0,6000000.0,1.0,3.0
493,3.5,1000000.0,5.0,1.0,6.0,1.0,6000000.0,1.0,3.0
494,5.794117647058823,1000000.0,8.0,1.0,340.0,4.0,340000000.0,1.0,4.0
495,5.887755102040816,1000000.0,8.0,1.0,392.0,4.0,392000000.0,1.0,4.0
496,5.9109947643979055,1000000.0,8.0,1.0,382.0,1.0,382000000.0,1.0,3.0
497,6.035714285714286,1000000.0,8.0,1.0,392.0,0.0,392000000.0,1.0,3.0
498,6.3565459610027855,1000000.0,11.0,1.0,359.0,0.0,359000000.0,1.0,2.0
499,6.346368715083799,1000000.0,10.0,1.0,358.0,0.0,358000000.0,1.0,2.0
500,6.034391534391534,1000000.0,8.0,1.0,378.0,0.0,378000000.0,1.0,2.0
501,5.887096774193548,1000000.0,9.0,1.0,372.0,0.0,372000000.0,1.0,3.0
502,5.962566844919786,1000000.0,8.0,1.0,374.0,0.0,374000000.0,1.0,2.0
503,5.952,1000000.0,8.0,1.0,375.0,0.0,375000000.0,1.0,2.0
504,5.968169761273209,1000000.0,8.0,1.0,377.0,0.0,377000000.0,1.0,2.0
505,5.951742627345845,1000000.0,8.0,1.0,373.0,0.0,373000000.0,1.0,2.0
506,5.916890080428955,1000000.0,8.0,1.0,373.0,0.0,373000000.0,1.0,3.0
507,5.968503937007874,1000000.0,8.0,1.0,381.0,0.0,381000000.0,1.0,2.0
508,5.962264150943396,1000000.0,8.0,1.0,371.0,0.0,371000000.0,1.0,2.0
509,5.943699731903485,1000000.0,8.0,1.0,373.0,0.0,373000000.0,1.0,2.0
510,5.954666666666666,1000000.0,9.0,1.0,375.0,0.0,375000000.0,1.0,2.0
511,6.102631578947369,1000000.0,10.0,1.0,380.0,0.0,380000000.0,1.0,2.0
512,6.020833333333333,1000000.0,8.0,1.0,384.0,0.0,384000000.0,1.0,2.0
513,6.03475935828877,1000000.0,9.0,1.0,374.0,0.0,374000000.0,1.0,2.0
514,5.93972602739726,1000000.0,8.0,1.0,365.0,0.0,365000000.0,1.0,2.0
515,6.032786885245901,1000000.0,8.0,1.0,366.0,0.0,366000000.0,1.0,2.0
516,6.073569482288828,1000000.0,9.0,1.0,367.0,0.0,367000000.0,1.0,2.0
517,6.024590163934426,1000000.0,9.0,1.0,366.0,0.0,366000000.0,1.0,2.0
518,6.027027027027027,1000000.0,9.0,1.0,370.0,0.0,370000000.0,1.0,2.0
519,7.253164556962025,1000000.0,10.0,1.0,79.0,18.0,79000000.0,1.0,3.0
520,8.5,1000000.0,9.0,1.0,6.0,1.0,6000000.0,1.0,3.0
521,8.375,1000000.0,9.0,1.0,8.0,2.0,8000000.0,1.0,3.0
522,8.857142857142858,1000000.0,9.0,1.0,7.0,1.0,7000000.0,1.0,2.0
523,8.5,1000000.0,9.0,1.0,4.0,1.0,4000000.0,1.0,2.0
524,8.571428571428571,1000000.0,9.0,1.0,7.0,1.0,7000000.0,1.0,3.0
525,8.75,1000000.0,9.0,1.0,4.0,1.0,4000000.0,1.0,2.0
526,8.666666666666666,1000000.0,9.0,1.0,3.0,0.0,3000000.0,1.0,2.0
527,9.0,1000000.0,10.0,1.0,7.0,1.0,7000000.0,1.0,4.0
528,8.833333333333334,1000000.0,10.0,1.0,6.0,1.0,6000000.0,1.0,3.0
529,9.0,1000000.0,10.0,1.0,8.0,1.0,8000000.0,1.0,2.0
530,8.777777777777779,1000000.0,10.0,1.0,9.0,3.0,9000000.0,1.0,3.0
531,8.5,1000000.0,9.0,1.0,4.0,1.0,4000000.0,1.0,2.0
532,8.571428571428571,1000000.0,9.0,1.0,7.0,0.0,7000000.0,1.0,3.0
533,8.5,1000000.0,9.0,1.0,6.0,1.0,6000000.0,1.0,3.0
534,8.6,1000000.0,9.0,1.0,5.0,2.0,5000000.0,1.0,2.0
535,8.714285714285714,1000000.0,10.0,1.0,7.0,2.0,7000000.0,1.0,3.0
536,8.5,1000000.0,9.0,1.0,4.0,2.0,4000000.0,1.0,2.0
537,9.272727272727272,1000000.0,11.0,1.0,11.0,2.0,11000000.0,1.0,3.0
538,8.777777777777779,1000000.0,10.0,1.0,9.0,1.0,9000000.0,1.0,3.0
539,8.428571428571429,1000000.0,9.0,1.0,7.0,1.0,7000000.0,1.0,3.0
540,9.0,1000000.0,10.0,1.0,6.0,0.0,6000000.0,1.0,3.0
541,8.6,1000000.0,9.0,1.0,5.0,0.0,5000000.0,1.0,3.0
542,8.5,1000000.0,9.0,1.0,6.0,1.0,6000000.0,1.0,3.0
543,8.8,1000000.0,9.0,1.0,5.0,0.0,5000000.0,1.0,2.0
544,5.955835962145111,1000000.0,9.0,1.0,317.0,0.0,317000000.0,1.0,3.0
545,6.156593406593407,1000000.0,10.0,1.0,364.0,0.0,364000000.0,1.0,3.0
546,6.014925373134329,1000000.0,9.0,1.0,402.0,1.0,402000000.0,1.0,3.0
547,6.101538461538461,1000000.0,9.0,1.0,325.0,0.0,325000000.0,1.0,3.0
548,6.072386058981233,1000000.0,9.0,1.0,373.0,0.0,373000000.0,1.0,2.0
549,6.048517520215634,1000000.0,8.0,1.0,371.0,0.0,371000000.0,1.0,2.0
550,6.040871934604905,1000000.0,9.0,1.0,367.0,0.0,367000000.0,1.0,2.0
551,6.039267015706806,1000000.0,9.0,1.0,382.0,0.0,382000000.0,1.0,3.0
552,6.057065217391305,1000000.0,9.0,1.0,368.0,0.0,368000000.0,1.0,2.0
553,6.002652519893899,1000000.0,10.0,1.0,377.0,0.0,377000000.0,1.0,2.0
554,6.058011049723757,1000000.0,9.0,1.0,362.0,0.0,362000000.0,1.0,2.0
555,6.072386058981233,1000000.0,9.0,1.0,373.0,0.0,373000000.0,1.0,2.0
556,6.002673796791444,1000000.0,8.0,1.0,374.0,0.0,374000000.0,1.0,3.0
557,6.005479452054795,1000000.0,8.0,1.0,365.0,0.0,365000000.0,1.0,2.0
558,6.024324324324325,1000000.0,8.0,1.0,370.0,0.0,370000000.0,1.0,2.0
559,6.043243243243243,1000000.0,8.0,1.0,370.0,0.0,370000000.0,1.0,2.0
560,6.0296495956873315,1000000.0,8.0,1.0,371.0,0.0,371000000.0,1.0,2.0
561,6.043243243243243,1000000.0,8.0,1.0,370.0,0.0,370000000.0,1.0,2.0
562,6.0237467018469655,1000000.0,9.0,1.0,379.0,0.0,379000000.0,1.0,2.0
563,5.954054054054054,1000000.0,8.0,1.0,370.0,0.0,370000000.0,1.0,2.0
564,5.961643835616439,1000000.0,8.0,1.0,365.0,0.0,365000000.0,1.0,2.0
565,5.931506849315069,1000000.0,8.0,1.0,365.0,0.0,365000000.0,1.0,2.0
566,5.951742627345845,1000000.0,8.0,1.0,373.0,0.0,373000000.0,1.0,2.0
567,5.960106382978723,1000000.0,8.0,1.0,376.0,0.0,376000000.0,1.0,2.0
568,5.927807486631016,1000000.0,8.0,1.0,374.0,0.0,374000000.0,1.0,2.0
569,5.453608247422681,1000000.0,8.0,1.0,97.0,16.0,97000000.0,1.0,2.0
570,4.555555555555555,1000000.0,5.0,1.0,9.0,2.0,9000000.0,1.0,3.0
571,4.6,1000000.0,5.0,1.0,5.0,1.0,5000000.0,1.0,2.0
572,4.75,1000000.0,5.0,1.0,4.0,0.0,4000000.0,1.0,2.0
573,4.5,1000000.0,5.0,1.0,6.0,1.0,6000000.0,1.0,3.0
574,4.5,1000000.0,5.0,1.0,6.0,1.0,6000000.0,1.0,3.0
575,4.6,1000000.0,5.0,1.0,5.0,0.0,5000000.0,1.0,3.0
576,4.857142857142857,1000000.0,6.0,1.0,7.0,2.0,7000000.0,1.0,2.0
577,4.5,1000000.0,5.0,1.0,6.0,2.0,6000000.0,1.0,3.0
578,4.5,1000000.0,5.0,1.0,6.0,1.0,6000000.0,1.0,2.0
579,4.6,1000000.0,5.0,1.0,5.0,0.0,5000000.0,1.0,2.0
580,4.777777777777778,1000000.0,6.0,1.0,9.0,2.0,9000000.0,1.0,3.0
581,4.5,1000000.0,5.0,1.0,4.0,1.0,4000000.0,1.0,2.0
582,4.5,1000000.0,6.0,1.0,8.0,1.0,8000000.0,1.0,2.0
583,4.6,1000000.0,5.0,1.0,5.0,0.0,5000000.0,1.0,3.0
584,4.571428571428571,1000000.0,5.0,1.0,7.0,1.0,7000000.0,1.0,3.0
585,4.333333333333333,1000000.0,5.0,1.0,3.0,0.0,3000000.0,1.0,3.0
586,5.142857142857143,1000000.0,6.0,1.0,7.0,0.0,7000000.0,1.0,3.0
587,5.0,1000000.0,7.0,1.0,3.0,0.0,3000000.0,1.0,2.0
588,5.285714285714286,1000000.0,6.0,1.0,7.0,1.0,7000000.0,1.0,3.0
589,5.333333333333333,1000000.0,7.0,1.0,6.0,0.0,6000000.0,1.0,3.0
590,5.2,1000000.0,6.0,1.0,5.0,1.0,5000000.0,1.0,3.0
591,4.833333333333333,1000000.0,6.0,1.0,6.0,2.0,6000000.0,1.0,3.0
592,4.833333333333333,1000000.0,6.0,1.0,6.0,0.0,6000000.0,1.0,3.0
593,4.666666666666667,1000000.0,5.0,1.0,6.0,1.0,6000000.0,1.0,2.0
594,5.921052631578948,1000000.0,8.0,1.0,304.0,1.0,304000000.0,1.0,4.0
595,5.976744186046512,1000000.0,8.0,1.0,387.0,0.0,387000000.0,1.0,3.0
596,5.923280423280423,1000000.0,8.0,1.0,378.0,1.0,378000000.0,1.0,4.0
597,5.984415584415585,1000000.0,8.0,1.0,385.0,0.0,385000000.0,1.0,3.0
598,5.949197860962567,1000000.0,8.0,1.0,374.0,0.0,374000000.0,1.0,2.0
599,5.941018766756033,1000000.0,8.0,1.0,373.0,0.0,373000000.0,1.0,2.0
600,5.865168539325842,1000000.0,8.0,1.0,356.0,0.0,356000000.0,1.0,2.0
601,5.98992443324937,1000000.0,8.0,1.0,397.0,0.0,397000000.0,1.0,3.0
602,5.902298850574713,1000000.0,10.0,1.0,348.0,0.0,348000000.0,1.0,2.0
603,5.978947368421053,1000000.0,8.0,1.0,380.0,0.0,380000000.0,1.0,2.0
604,5.989276139410188,1000000.0,9.0,1.0,373.0,0.0,373000000.0,1.0,2.0
605,5.98936170212766,1000000.0,8.0,1.0,376.0,0.0,376000000.0,1.0,2.0
606,5.987244897959184,1000000.0,10.0,1.0,392.0,0.0,392000000.0,1.0,4.0
607,5.973753280839895,1000000.0,8.0,1.0,381.0,0.0,381000000.0,1.0,2.0
608,5.962264150943396,1000000.0,8.0,1.0,371.0,0.0,371000000.0,1.0,2.0
609,5.957894736842105,1000000.0,8.0,1.0,380.0,0.0,380000000.0,1.0,2.0
610,5.973333333333334,1000000.0,8.0,1.0,375.0,0.0,375000000.0,1.0,2.0
611,5.967914438502674,1000000.0,8.0,1.0,374.0,0.0,374000000.0,1.0,2.0
612,6.0212765957446805,1000000.0,10.0,1.0,376.0,0.0,376000000.0,1.0,2.0
613,6.020833333333333,1000000.0,10.0,1.0,384.0,0.0,384000000.0,1.0,2.0
614,5.9603174603174605,1000000.0,9.0,1.0,378.0,0.0,378000000.0,1.0,2.0
615,5.983870967741935,1000000.0,9.0,1.0,372.0,0.0,372000000.0,1.0,2.0
616,5.9787234042553195,1000000.0,8.0,1.0,376.0,0.0,376000000.0,1.0,2.0
617,5.962864721485412,1000000.0,8.0,1.0,377.0,0.0,377000000.0,1.0,2.0
618,5.968253968253968,1000000.0,8.0,1.0,378.0,0.0,378000000.0,1.0,2.0
619,6.818181818181818,1000000.0,10.0,1.0,110.0,19.0,110000000.0,1.0,2.0
620,8.777777777777779,1000000.0,9.0,1.0,9.0,0.0,9000000.0,1.0,3.0
621,8.666666666666666,1000000.0,9.0,1.0,6.0,1.0,6000000.0,1.0,3.0
622,8.8,1000000.0,9.0,1.0,5.0,0.0,5000000.0,1.0,2.0
623,8.625,1000000.0,9.0,1.0,8.0,2.0,8000000.0,1.0,2.0
624,8.714285714285714,1000000.0,9.0,1.0,7.0,2.0,7000000.0,1.0,2.0
625,8.666666666666666,1000000.0,9.0,1.0,6.0,0.0,6000000.0,1.0,3.0
626,8.5,1000000.0,9.0,1.0,6.0,1.0,6000000.0,1.0,3.0
627,8.666666666666666,1000000.0,9.0,1.0,6.0,1.0,6000000.0,1.0,3.0
628,8.666666666666666,1000000.0,9.0,1.0,6.0,1.0,6000000.0,1.0,2.0
629,8.5,1000000.0,9.0,1.0,4.0,1.0,4000000.0,1.0,2.0
630,9.0,1000000.0,10.0,1.0,5.0,1.0,5000000.0,1.0,3.0
631,8.666666666666666,1000000.0,9.0,1.0,6.0,1.0,6000000.0,1.0,2.0
632,8.5,1000000.0,9.0,1.0,6.0,0.0,6000000.0,1.0,3.0
633,9.2,1000000.0,10.0,1.0,5.0,0.0,5000000.0,1.0,2.0
634,8.666666666666666,1000000.0,9.0,1.0,3.0,1.0,3000000.0,1.0,2.0
635,9.0,1000000.0,10.0,1.0,5.0,0.0,5000000.0,1.0,3.0
636,8.666666666666666,1000000.0,9.0,1.0,6.0,1.0,6000000.0,1.0,3.0
637,8.4,1000000.0,9.0,1.0,5.0,1.0,5000000.0,1.0,3.0
638,9.125,1000000.0,11.0,1.0,8.0,1.0,8000000.0,1.0,2.0
639,8.8,1000000.0,10.0,1.0,5.0,0.0,5000000.0,1.0,3.0
640,8.5,1000000.0,9.0,1.0,6.0,1.0,6000000.0,1.0,3.0
641,8.428571428571429,1000000.0,9.0,1.0,7.0,2.0,7000000.0,1.0,3.0
642,8.714285714285714,1000000.0,9.0,1.0,7.0,1.0,7000000.0,1.0,2.0
643,8.5,1000000.0,9.0,1.0,6.0,0.0,6000000.0,1.0,3.0
644,6.00990099009901,1000000.0,9.0,1.0,303.0,2.0,303000000.0,1.0,3.0
645,6.111405835543766,1000000.0,9.0,1.0,377.0,0.0,377000000.0,1.0,2.0
646,6.020997375328084,1000000.0,9.0,1.0,381.0,1.0,381000000.0,1.0,4.0
647,6.012755102040816,1000000.0,9.0,1.0,392.0,0.0,392000000.0,1.0,3.0
648,6.032258064516129,1000000.0,8.0,1.0,372.0,0.0,372000000.0,1.0,2.0
649,5.962162162162162,1000000.0,8.0,1.0,370.0,0.0,370000000.0,1.0,2.0
650,5.954423592493297,1000000.0,8.0,1.0,373.0,0.0,373000000.0,1.0,2.0
651,5.981723237597911,1000000.0,9.0,1.0,383.0,0.0,383000000.0,1.0,3.0
652,5.978378378378379,1000000.0,8.0,1.0,370.0,0.0,370000000.0,1.0,2.0
653,5.948648648648649,1000000.0,8.0,1.0,370.0,0.0,370000000.0,1.0,2.0
654,5.952,1000000.0,8.0,1.0,375.0,0.0,375000000.0,1.0,2.0
655,5.938502673796791,1000000.0,8.0,1.0,374.0,0.0,374000000.0,1.0,2.0
656,5.980662983425415,1000000.0,8.0,1.0,362.0,0.0,362000000.0,1.0,3.0
657,5.893732970027248,1000000.0,8.0,1.0,367.0,0.0,367000000.0,1.0,2.0
658,5.943699731903485,1000000.0,8.0,1.0,373.0,0.0,373000000.0,1.0,2.0
659,5.975871313672922,1000000.0,8.0,1.0,373.0,0.0,373000000.0,1.0,2.0
660,5.951482479784366,1000000.0,8.0,1.0,371.0,0.0,371000000.0,1.0,2.0
661,5.978835978835979,1000000.0,8.0,1.0,378.0,0.0,378000000.0,1.0,2.0
662,5.965333333333334,1000000.0,8.0,1.0,375.0,0.0,375000000.0,1.0,2.0
663,6.046448087431694,1000000.0,9.0,1.0,366.0,0.0,366000000.0,1.0,2.0
664,5.955380577427822,1000000.0,8.0,1.0,381.0,0.0,381000000.0,1.0,2.0
665,5.949333333333334,1000000.0,8.0,1.0,375.0,0.0,375000000.0,1.0,2.0
666,5.978494623655914,1000000.0,8.0,1.0,372.0,0.0,372000000.0,1.0,2.0
667,5.964959568733153,1000000.0,8.0,1.0,371.0,0.0,371000000.0,1.0,2.0
668,5.957894736842105,1000000.0,9.0,1.0,380.0,0.0,380000000.0,1.0,2.0
669,6.7272727272727275,1000000.0,10.0,1.0,121.0,17.0,121000000.0,1.0,3.0
670,8.666666666666666,1000000.0,9.0,1.0,12.0,3.0,12000000.0,1.0,2.0
671,8.5,1000000.0,9.0,1.0,8.0,1.0,8000000.0,1.0,3.0
672,8.5,1000000.0,9.0,1.0,4.0,0.0,4000000.0,1.0,2.0
673,9.0,1000000.0,10.0,1.0,4.0,1.0,4000000.0,1.0,3.0
674,8.5,1000000.0,9.0,1.0,6.0,2.0,6000000.0,1.0,2.0
675,8.714285714285714,1000000.0,9.0,1.0,7.0,0.0,7000000.0,1.0,2.0
676,9.0,1000000.0,9.0,1.0,5.0,0.0,5000000.0,1.0,2.0
677,9.0,1000000.0,9.0,1.0,3.0,0.0,3000000.0,1.0,1.0
678,8.5,1000000.0,9.0,1.0,6.0,1.0,6000000.0,1.0,3.0
679,8.625,1000000.0,9.0,1.0,8.0,1.0,8000000.0,1.0,3.0
680,8.8,1000000.0,10.0,1.0,5.0,1.0,5000000.0,1.0,3.0
681,8.75,1000000.0,9.0,1.0,4.0,0.0,4000000.0,1.0,2.0
682,8.428571428571429,1000000.0,9.0,1.0,7.0,0.0,7000000.0,1.0,3.0
683,8.333333333333334,1000000.0,9.0,1.0,6.0,0.0,6000000.0,1.0,3.0
684,8.6,1000000.0,9.0,1.0,5.0,1.0,5000000.0,1.0,2.0
685,9.0,1000000.0,11.0,1.0,6.0,0.0,6000000.0,1.0,3.0
686,8.666666666666666,1000000.0,9.0,1.0,6.0,1.0,6000000.0,1.0,2.0
687,8.8,1000000.0,9.0,1.0,5.0,0.0,5000000.0,1.0,2.0
688,9.333333333333334,1000000.0,11.0,1.0,6.0,2.0,6000000.0,1.0,2.0
689,8.571428571428571,1000000.0,9.0,1.0,7.0,2.0,7000000.0,1.0,2.0
690,8.6,1000000.0,9.0,1.0,5.0,1.0,5000000.0,1.0,2.0
691,8.625,1000000.0,9.0,1.0,8.0,0.0,8000000.0,1.0,4.0
692,8.666666666666666,1000000.0,9.0,1.0,6.0,0.0,6000000.0,1.0,2.0
693,8.75,1000000.0,9.0,1.0,4.0,0.0,4000000.0,1.0,2.0
694,6.066666666666666,1000000.0,9.0,1.0,285.0,0.0,285000000.0,1.0,2.0
695,6.119480519480519,1000000.0,9.0,1.0,385.0,2.0,385000000.0,1.0,3.0
696,6.277456647398844,1000000.0,9.0,1.0,346.0,0.0,346000000.0,1.0,3.0
697,5.982954545454546,1000000.0,9.0,1.0,352.0,0.0,352000000.0,1.0,3.0
698,6.010840108401084,1000000.0,9.0,1.0,369.0,0.0,369000000.0,1.0,2.0
699,6.059299191374663,1000000.0,8.0,1.0,371.0,0.0,371000000.0,1.0,2.0
700,6.067750677506775,1000000.0,9.0,1.0,369.0,0.0,369000000.0,1.0,3.0
701,6.045698924731183,1000000.0,9.0,1.0,372.0,0.0,372000000.0,1.0,3.0
702,6.026881720430108,1000000.0,9.0,1.0,372.0,0.0,372000000.0,1.0,2.0
703,6.0,1000000.0,8.0,1.0,368.0,0.0,368000000.0,1.0,2.0
704,6.045698924731183,1000000.0,9.0,1.0,372.0,0.0,372000000.0,1.0,2.0
705,6.018666666666666,1000000.0,9.0,1.0,375.0,0.0,375000000.0,1.0,2.0
706,6.0473684210526315,1000000.0,9.0,1.0,380.0,0.0,380000000.0,1.0,3.0
707,6.027397260273973,1000000.0,8.0,1.0,365.0,0.0,365000000.0,1.0,2.0
708,6.043478260869565,1000000.0,10.0,1.0,368.0,0.0,368000000.0,1.0,2.0
709,6.038251366120218,1000000.0,9.0,1.0,366.0,0.0,366000000.0,1.0,2.0
710,6.048780487804878,1000000.0,8.0,1.0,369.0,0.0,369000000.0,1.0,2.0
711,6.021857923497268,1000000.0,8.0,1.0,366.0,0.0,366000000.0,1.0,2.0
712,6.0161725067385445,1000000.0,8.0,1.0,371.0,0.0,371000000.0,1.0,2.0
713,6.062162162162162,1000000.0,9.0,1.0,370.0,0.0,370000000.0,1.0,2.0
714,6.125984251968504,1000000.0,11.0,1.0,381.0,0.0,381000000.0,1.0,2.0
715,6.021857923497268,1000000.0,8.0,1.0,366.0,0.0,366000000.0,1.0,2.0
716,6.010723860589812,1000000.0,8.0,1.0,373.0,0.0,373000000.0,1.0,2.0
717,6.021621621621621,1000000.0,8.0,1.0,370.0,0.0,370000000.0,1.0,2.0
718,6.043243243243243,1000000.0,8.0,1.0,370.0,0.0,370000000.0,1.0,2.0
719,5.814516129032258,1000000.0,8.0,1.0,124.0,17.0,124000000.0,1.0,2.0
720,4.636363636363637,1000000.0,5.0,1.0,11.0,3.0,11000000.0,1.0,2.0
721,4.571428571428571,1000000.0,5.0,1.0,7.0,2.0,7000000.0,1.0,3.0
722,4.6,1000000.0,5.0,1.0,5.0,1.0,5000000.0,1.0,2.0
723,4.666666666666667,1000000.0,5.0,1.0,6.0,1.0,6000000.0,1.0,2.0
724,4.5,1000000.0,5.0,1.0,6.0,1.0,6000000.0,1.0,3.0
725,4.666666666666667,1000000.0,5.0,1.0,3.0,0.0,3000000.0,1.0,2.0
726,4.5,1000000.0,5.0,1.0,6.0,2.0,6000000.0,1.0,2.0
727,4.666666666666667,1000000.0,5.0,1.0,6.0,0.0,6000000.0,1.0,3.0
728,4.75,1000000.0,5.0,1.0,4.0,0.0,4000000.0,1.0,2.0
729,5.0,1000000.0,5.0,1.0,3.0,0.0,3000000.0,1.0,1.0
730,4.666666666666667,1000000.0,5.0,1.0,6.0,2.0,6000000.0,1.0,2.0
731,4.857142857142857,1000000.0,6.0,1.0,7.0,1.0,7000000.0,1.0,3.0
732,4.6,1000000.0,5.0,1.0,5.0,1.0,5000000.0,1.0,2.0
733,5.0,1000000.0,6.0,1.0,6.0,0.0,6000000.0,1.0,3.0
734,5.0,1000000.0,5.0,1.0,5.0,0.0,5000000.0,1.0,1.0
735,4.666666666666667,1000000.0,5.0,1.0,6.0,1.0,6000000.0,1.0,4.0
736,4.625,1000000.0,5.0,1.0,8.0,2.0,8000000.0,1.0,2.0
737,4.333333333333333,1000000.0,5.0,1.0,9.0,2.0,9000000.0,1.0,3.0
738,4.75,1000000.0,5.0,1.0,4.0,0.0,4000000.0,1.0,2.0
739,4.875,1000000.0,6.0,1.0,8.0,1.0,8000000.0,1.0,3.0
740,4.571428571428571,1000000.0,5.0,1.0,7.0,0.0,7000000.0,1.0,3.0
741,4.333333333333333,1000000.0,5.0,1.0,3.0,0.0,3000000.0,1.0,2.0
742,4.75,1000000.0,5.0,1.0,8.0,1.0,8000000.0,1.0,2.0
743,4.6,1000000.0,5.0,1.0,5.0,1.0,5000000.0,1.0,2.0
744,5.772563176895307,1000000.0,9.0,1.0,277.0,2.0,277000000.0,1.0,3.0
745,5.944591029023747,1000000.0,8.0,1.0,379.0,0.0,379000000.0,1.0,3.0
746,5.960732984293194,1000000.0,8.0,1.0,382.0,0.0,382000000.0,1.0,3.0
747,5.992167101827676,1000000.0,8.0,1.0,383.0,0.0,383000000.0,1.0,3.0
748,5.962264150943396,1000000.0,8.0,1.0,371.0,0.0,371000000.0,1.0,2.0
749,5.962264150943396,1000000.0,8.0,1.0,371.0,0.0,371000000.0,1.0,2.0
750,5.931034482758621,1000000.0,8.0,1.0,377.0,0.0,377000000.0,1.0,3.0
751,5.908847184986596,1000000.0,8.0,1.0,373.0,0.0,373000000.0,1.0,3.0
752,5.939153439153439,1000000.0,8.0,1.0,378.0,0.0,378000000.0,1.0,2.0
753,5.957894736842105,1000000.0,8.0,1.0,380.0,0.0,380000000.0,1.0,2.0
754,5.957333333333334,1000000.0,8.0,1.0,375.0,0.0,375000000.0,1.0,2.0
755,5.937823834196891,1000000.0,8.0,1.0,386.0,0.0,386000000.0,1.0,3.0
756,5.979591836734694,1000000.0,8.0,1.0,392.0,0.0,392000000.0,1.0,2.0
757,5.949602122015915,1000000.0,8.0,1.0,377.0,0.0,377000000.0,1.0,2.0
758,5.946524064171123,1000000.0,8.0,1.0,374.0,0.0,374000000.0,1.0,2.0
759,5.935828877005347,1000000.0,8.0,1.0,374.0,0.0,374000000.0,1.0,2.0
760,5.946524064171123,1000000.0,8.0,1.0,374.0,0.0,374000000.0,1.0,2.0
761,5.973333333333334,1000000.0,8.0,1.0,375.0,0.0,375000000.0,1.0,2.0
762,5.986666666666666,1000000.0,9.0,1.0,375.0,0.0,375000000.0,1.0,2.0
763,6.059299191374663,1000000.0,11.0,1.0,371.0,0.0,371000000.0,1.0,2.0
764,6.190082644628099,1000000.0,11.0,1.0,363.0,0.0,363000000.0,1.0,2.0
765,6.009740259740259,1000000.0,9.0,1.0,308.0,0.0,308000000.0,1.0,2.0
766,6.018970189701897,1000000.0,9.0,1.0,369.0,0.0,369000000.0,1.0,2.0
767,6.058355437665782,1000000.0,10.0,1.0,377.0,0.0,377000000.0,1.0,2.0
768,6.048,1000000.0,9.0,1.0,375.0,0.0,375000000.0,1.0,2.0
769,6.798507462686567,1000000.0,10.0,1.0,134.0,16.0,134000000.0,1.0,3.0
770,8.454545454545455,1000000.0,9.0,1.0,11.0,3.0,11000000.0,1.0,3.0
771,8.8,1000000.0,10.0,1.0,5.0,1.0,5000000.0,1.0,3.0
772,8.625,1000000.0,9.0,1.0,8.0,1.0,8000000.0,1.0,3.0
773,8.8,1000000.0,9.0,1.0,5.0,0.0,5000000.0,1.0,2.0
774,8.6,1000000.0,9.0,1.0,5.0,2.0,5000000.0,1.0,2.0
775,8.428571428571429,1000000.0,9.0,1.0,7.0,1.0,7000000.0,1.0,4.0
776,8.666666666666666,1000000.0,9.0,1.0,6.0,0.0,6000000.0,1.0,3.0
777,8.571428571428571,1000000.0,9.0,1.0,7.0,1.0,7000000.0,1.0,3.0
778,8.75,1000000.0,10.0,1.0,8.0,2.0,8000000.0,1.0,3.0
779,8.428571428571429,1000000.0,9.0,1.0,7.0,1.0,7000000.0,1.0,3.0
780,9.0,1000000.0,10.0,1.0,8.0,1.0,8000000.0,1.0,3.0
781,8.666666666666666,1000000.0,9.0,1.0,3.0,0.0,3000000.0,1.0,2.0
782,8.666666666666666,1000000.0,9.0,1.0,6.0,1.0,6000000.0,1.0,2.0
783,8.625,1000000.0,9.0,1.0,8.0,2.0,8000000.0,1.0,3.0
784,8.5,1000000.0,9.0,1.0,6.0,1.0,6000000.0,1.0,2.0
785,9.0,1000000.0,10.0,1.0,5.0,1.0,5000000.0,1.0,4.0
786,8.833333333333334,1000000.0,10.0,1.0,6.0,0.0,6000000.0,1.0,3.0
787,8.4,1000000.0,9.0,1.0,5.0,0.0,5000000.0,1.0,2.0
788,9.0,1000000.0,10.0,1.0,5.0,0.0,5000000.0,1.0,3.0
789,8.5,1000000.0,9.0,1.0,6.0,2.0,6000000.0,1.0,2.0
790,9.166666666666666,1000000.0,10.0,1.0,6.0,0.0,6000000.0,1.0,3.0
791,8.666666666666666,1000000.0,9.0,1.0,6.0,2.0,6000000.0,1.0,3.0
792,8.6,1000000.0,9.0,1.0,5.0,0.0,5000000.0,1.0,3.0
793,8.666666666666666,1000000.0,9.0,1.0,9.0,1.0,9000000.0,1.0,3.0
794,6.172794117647059,1000000.0,9.0,1.0,272.0,2.0,272000000.0,1.0,4.0
795,5.903743315508021,1000000.0,8.0,1.0,374.0,0.0,374000000.0,1.0,2.0
796,6.171195652173913,1000000.0,9.0,1.0,368.0,4.0,368000000.0,1.0,3.0
797,6.109289617486339,1000000.0,9.0,1.0,366.0,0.0,366000000.0,1.0,4.0
798,6.062670299727521,1000000.0,9.0,1.0,367.0,0.0,367000000.0,1.0,2.0
799,6.053050397877984,1000000.0,9.0,1.0,377.0,0.0,377000000.0,1.0,2.0
800,6.073569482288828,1000000.0,10.0,1.0,367.0,0.0,367000000.0,1.0,2.0
801,6.07027027027027,1000000.0,9.0,1.0,370.0,0.0,370000000.0,1.0,3.0
802,6.045945945945946,1000000.0,9.0,1.0,370.0,0.0,370000000.0,1.0,2.0
803,6.059139784946237,1000000.0,10.0,1.0,372.0,0.0,372000000.0,1.0,2.0
804,6.049046321525886,1000000.0,8.0,1.0,367.0,0.0,367000000.0,1.0,2.0
805,6.0754716981132075,1000000.0,9.0,1.0,371.0,0.0,371000000.0,1.0,2.0
806,6.039370078740157,1000000.0,9.0,1.0,381.0,0.0,381000000.0,1.0,3.0
807,6.037234042553192,1000000.0,8.0,1.0,376.0,0.0,376000000.0,1.0,2.0
808,6.045698924731183,1000000.0,8.0,1.0,372.0,0.0,372000000.0,1.0,2.0
809,6.043010752688172,1000000.0,8.0,1.0,372.0,0.0,372000000.0,1.0,2.0
810,6.018567639257294,1000000.0,8.0,1.0,377.0,0.0,377000000.0,1.0,2.0
811,6.010752688172043,1000000.0,8.0,1.0,372.0,0.0,372000000.0,1.0,2.0
812,6.005390835579515,1000000.0,8.0,1.0,371.0,0.0,371000000.0,1.0,2.0
813,5.928947368421053,1000000.0,8.0,1.0,380.0,0.0,380000000.0,1.0,2.0
814,5.948924731182796,1000000.0,8.0,1.0,372.0,0.0,372000000.0,1.0,2.0
815,6.101063829787234,1000000.0,8.0,1.0,376.0,0.0,376000000.0,1.0,2.0
816,5.951742627345845,1000000.0,8.0,1.0,373.0,0.0,373000000.0,1.0,2.0
817,5.943548387096774,1000000.0,8.0,1.0,372.0,0.0,372000000.0,1.0,3.0
818,5.973045822102426,1000000.0,8.0,1.0,371.0,0.0,371000000.0,1.0,2.0
819,5.6879432624113475,1000000.0,8.0,1.0,141.0,19.0,141000000.0,1.0,2.0
820,4.625,1000000.0,5.0,1.0,8.0,2.0,8000000.0,1.0,3.0
821,4.6,1000000.0,5.0,1.0,5.0,1.0,5000000.0,1.0,2.0
822,4.4,1000000.0,5.0,1.0,5.0,0.0,5000000.0,1.0,3.0
823,4.714285714285714,1000000.0,5.0,1.0,7.0,1.0,7000000.0,1.0,2.0
824,4.8,1000000.0,5.0,1.0,5.0,1.0,5000000.0,1.0,2.0
825,4.571428571428571,1000000.0,5.0,1.0,7.0,0.0,7000000.0,1.0,3.0
826,5.0,1000000.0,5.0,1.0,4.0,0.0,4000000.0,1.0,1.0
827,4.857142857142857,1000000.0,6.0,1.0,7.0,1.0,7000000.0,1.0,3.0
828,4.8,1000000.0,5.0,1.0,5.0,1.0,5000000.0,1.0,2.0
829,4.6,1000000.0,5.0,1.0,5.0,0.0,5000000.0,1.0,3.0
830,4.8,1000000.0,5.0,1.0,5.0,1.0,5000000.0,1.0,2.0
831,4.777777777777778,1000000.0,6.0,1.0,9.0,1.0,9000000.0,1.0,4.0
832,4.714285714285714,1000000.0,6.0,1.0,7.0,2.0,7000000.0,1.0,3.0
833,4.5,1000000.0,5.0,1.0,6.0,1.0,6000000.0,1.0,3.0
834,4.857142857142857,1000000.0,6.0,1.0,7.0,1.0,7000000.0,1.0,4.0
835,4.428571428571429,1000000.0,5.0,1.0,7.0,2.0,7000000.0,1.0,3.0
836,4.571428571428571,1000000.0,5.0,1.0,7.0,2.0,7000000.0,1.0,2.0
837,4.8,1000000.0,6.0,1.0,5.0,1.0,5000000.0,1.0,3.0
838,4.75,1000000.0,6.0,1.0,8.0,3.0,8000000.0,1.0,2.0
839,4.4,1000000.0,5.0,1.0,5.0,1.0,5000000.0,1.0,3.0
840,4.6,1000000.0,5.0,1.0,5.0,0.0,5000000.0,1.0,3.0
841,4.833333333333333,1000000.0,6.0,1.0,6.0,1.0,6000000.0,1.0,4.0
842,4.666666666666667,1000000.0,5.0,1.0,6.0,0.0,6000000.0,1.0,3.0
843,4.875,1000000.0,6.0,1.0,8.0,1.0,8000000.0,1.0,3.0
844,5.821561338289963,1000000.0,8.0,1.0,269.0,0.0,269000000.0,1.0,3.0
845,5.961038961038961,1000000.0,8.0,1.0,385.0,0.0,385000000.0,1.0,3.0
846,5.8,1000000.0,9.0,1.0,365.0,2.0,365000000.0,1.0,3.0
847,5.699346405228758,1000000.0,9.0,1.0,306.0,0.0,306000000.0,1.0,3.0
848,5.948924731182796,1000000.0,8.0,1.0,372.0,0.0,372000000.0,1.0,2.0
849,5.951482479784366,1000000.0,8.0,1.0,371.0,0.0,371000000.0,1.0,2.0
850,5.954666666666666,1000000.0,8.0,1.0,375.0,0.0,375000000.0,1.0,2.0
851,5.9523809523809526,1000000.0,8.0,1.0,378.0,0.0,378000000.0,1.0,3.0
852,5.942465753424657,1000000.0,8.0,1.0,365.0,0.0,365000000.0,1.0,2.0
853,5.975935828877005,1000000.0,9.0,1.0,374.0,0.0,374000000.0,1.0,2.0
854,5.989333333333334,1000000.0,9.0,1.0,375.0,0.0,375000000.0,1.0,2.0
855,6.016085790884718,1000000.0,8.0,1.0,373.0,0.0,373000000.0,1.0,2.0
856,6.054794520547945,1000000.0,9.0,1.0,365.0,0.0,365000000.0,1.0,3.0
857,6.032085561497326,1000000.0,8.0,1.0,374.0,0.0,374000000.0,1.0,2.0
858,6.024456521739131,1000000.0,9.0,1.0,368.0,0.0,368000000.0,1.0,2.0
859,6.042666666666666,1000000.0,9.0,1.0,375.0,0.0,375000000.0,1.0,2.0
860,6.0190735694822886,1000000.0,9.0,1.0,367.0,0.0,367000000.0,1.0,2.0
861,6.043596730245231,1000000.0,10.0,1.0,367.0,0.0,367000000.0,1.0,2.0
862,6.053191489361702,1000000.0,8.0,1.0,376.0,0.0,376000000.0,1.0,2.0
863,6.067934782608695,1000000.0,10.0,1.0,368.0,0.0,368000000.0,1.0,2.0
864,6.027548209366391,1000000.0,9.0,1.0,363.0,0.0,363000000.0,1.0,2.0
865,6.060846560846561,1000000.0,11.0,1.0,378.0,0.0,378000000.0,1.0,2.0
866,6.171581769436997,1000000.0,10.0,1.0,373.0,0.0,373000000.0,1.0,2.0
867,6.026666666666666,1000000.0,8.0,1.0,375.0,0.0,375000000.0,1.0,2.0
868,6.050938337801608,1000000.0,11.0,1.0,373.0,0.0,373000000.0,1.0,2.0
869,6.58,1000000.0,10.0,1.0,150.0,17.0,150000000.0,1.0,2.0
870,9.0,1000000.0,10.0,1.0,12.0,2.0,12000000.0,1.0,3.0
871,8.666666666666666,1000000.0,9.0,1.0,6.0,1.0,6000000.0,1.0,3.0
872,8.5,1000000.0,9.0,1.0,6.0,1.0,6000000.0,1.0,3.0
873,8.857142857142858,1000000.0,10.0,1.0,7.0,2.0,7000000.0,1.0,2.0
874,8.8,1000000.0,9.0,1.0,5.0,0.0,5000000.0,1.0,2.0
875,9.0,1000000.0,10.0,1.0,5.0,1.0,5000000.0,1.0,3.0
876,8.6,1000000.0,9.0,1.0,5.0,1.0,5000000.0,1.0,2.0
877,8.75,1000000.0,10.0,1.0,8.0,1.0,8000000.0,1.0,3.0
878,8.6,1000000.0,9.0,1.0,5.0,0.0,5000000.0,1.0,2.0
879,8.6,1000000.0,9.0,1.0,5.0,0.0,5000000.0,1.0,2.0
880,8.571428571428571,1000000.0,9.0,1.0,7.0,0.0,7000000.0,1.0,3.0
881,8.666666666666666,1000000.0,9.0,1.0,6.0,1.0,6000000.0,1.0,2.0
882,9.0,1000000.0,9.0,1.0,4.0,0.0,4000000.0,1.0,1.0
883,8.777777777777779,1000000.0,10.0,1.0,9.0,3.0,9000000.0,1.0,3.0
884,8.714285714285714,1000000.0,10.0,1.0,7.0,1.0,7000000.0,1.0,3.0
885,8.75,1000000.0,9.0,1.0,4.0,1.0,4000000.0,1.0,2.0
886,8.714285714285714,1000000.0,9.0,1.0,7.0,1.0,7000000.0,1.0,2.0
887,8.75,1000000.0,9.0,1.0,4.0,0.0,4000000.0,1.0,2.0
888,8.625,1000000.0,9.0,1.0,8.0,2.0,8000000.0,1.0,2.0
889,8.714285714285714,1000000.0,9.0,1.0,7.0,0.0,7000000.0,1.0,3.0
890,8.75,1000000.0,9.0,1.0,4.0,0.0,4000000.0,1.0,2.0
891,9.0,1000000.0,10.0,1.0,6.0,1.0,6000000.0,1.0,2.0
892,8.875,1000000.0,10.0,1.0,8.0,0.0,8000000.0,1.0,3.0
893,8.714285714285714,1000000.0,9.0,1.0,7.0,0.0,7000000.0,1.0,3.0
894,6.042145593869732,1000000.0,10.0,1.0,261.0,1.0,261000000.0,1.0,4.0
895,6.0705289672544085,1000000.0,10.0,1.0,397.0,7.0,397000000.0,1.0,4.0
896,6.143236074270557,1000000.0,11.0,1.0,377.0,3.0,377000000.0,1.0,4.0
897,6.015113350125945,1000000.0,9.0,1.0,397.0,0.0,397000000.0,1.0,3.0
898,6.075880758807588,1000000.0,10.0,1.0,369.0,0.0,369000000.0,1.0,2.0
899,6.048257372654155,1000000.0,10.0,1.0,373.0,0.0,373000000.0,1.0,2.0
900,6.026737967914438,1000000.0,8.0,1.0,374.0,0.0,374000000.0,1.0,2.0
901,6.0,1000000.0,8.0,1.0,370.0,0.0,370000000.0,1.0,3.0
902,6.026525198938992,1000000.0,8.0,1.0,377.0,0.0,377000000.0,1.0,2.0
903,6.053763440860215,1000000.0,8.0,1.0,372.0,0.0,372000000.0,1.0,2.0
904,6.005390835579515,1000000.0,8.0,1.0,371.0,0.0,371000000.0,1.0,2.0
905,6.024324324324325,1000000.0,8.0,1.0,370.0,0.0,370000000.0,1.0,2.0
906,6.039787798408488,1000000.0,9.0,1.0,377.0,0.0,377000000.0,1.0,3.0
907,6.016260162601626,1000000.0,8.0,1.0,369.0,0.0,369000000.0,1.0,2.0
908,6.038147138964578,1000000.0,8.0,1.0,367.0,0.0,367000000.0,1.0,2.0
909,6.010781671159029,1000000.0,8.0,1.0,371.0,0.0,371000000.0,1.0,2.0
910,6.037634408602151,1000000.0,8.0,1.0,372.0,0.0,372000000.0,1.0,2.0
911,5.991891891891892,1000000.0,8.0,1.0,370.0,0.0,370000000.0,1.0,2.0
912,6.010810810810811,1000000.0,8.0,1.0,370.0,0.0,370000000.0,1.0,2.0
913,6.021739130434782,1000000.0,8.0,1.0,368.0,0.0,368000000.0,1.0,2.0
914,6.0190735694822886,1000000.0,8.0,1.0,367.0,0.0,367000000.0,1.0,2.0
915,5.9945054945054945,1000000.0,8.0,1.0,364.0,0.0,364000000.0,1.0,2.0
916,6.120734908136483,1000000.0,8.0,1.0,381.0,0.0,381000000.0,1.0,2.0
917,5.983914209115282,1000000.0,8.0,1.0,373.0,0.0,373000000.0,1.0,2.0
918,6.024064171122995,1000000.0,8.0,1.0,374.0,0.0,374000000.0,1.0,2.0
919,5.936305732484076,1000000.0,10.0,1.0,157.0,18.0,157000000.0,1.0,3.0
920,8.625,1000000.0,9.0,1.0,8.0,1.0,8000000.0,1.0,3.0
921,8.428571428571429,1000000.0,9.0,1.0,7.0,1.0,7000000.0,1.0,3.0
922,8.777777777777779,1000000.0,10.0,1.0,9.0,2.0,9000000.0,1.0,3.0
923,8.571428571428571,1000000.0,10.0,1.0,7.0,1.0,7000000.0,1.0,3.0
924,8.8,1000000.0,9.0,1.0,5.0,0.0,5000000.0,1.0,2.0
925,8.833333333333334,1000000.0,10.0,1.0,6.0,1.0,6000000.0,1.0,3.0
926,8.625,1000000.0,9.0,1.0,8.0,1.0,8000000.0,1.0,2.0
927,8.857142857142858,1000000.0,10.0,1.0,7.0,1.0,7000000.0,1.0,3.0
928,8.75,1000000.0,9.0,1.0,4.0,0.0,4000000.0,1.0,2.0
929,8.75,1000000.0,9.0,1.0,4.0,0.0,4000000.0,1.0,2.0
930,8.8,1000000.0,9.0,1.0,5.0,0.0,5000000.0,1.0,2.0
931,8.333333333333334,1000000.0,9.0,1.0,6.0,0.0,6000000.0,1.0,3.0
932,9.0,1000000.0,9.0,1.0,3.0,0.0,3000000.0,1.0,1.0
933,8.571428571428571,1000000.0,9.0,1.0,7.0,2.0,7000000.0,1.0,2.0
934,8.8,1000000.0,9.0,1.0,5.0,0.0,5000000.0,1.0,2.0
935,8.714285714285714,1000000.0,10.0,1.0,7.0,2.0,7000000.0,1.0,3.0
936,8.666666666666666,1000000.0,9.0,1.0,6.0,0.0,6000000.0,1.0,3.0
937,8.5,1000000.0,9.0,1.0,4.0,1.0,4000000.0,1.0,3.0
938,8.833333333333334,1000000.0,10.0,1.0,6.0,1.0,6000000.0,1.0,3.0
939,8.6,1000000.0,9.0,1.0,5.0,2.0,5000000.0,1.0,3.0
940,8.625,1000000.0,9.0,1.0,8.0,0.0,8000000.0,1.0,3.0
941,9.0,1000000.0,10.0,1.0,4.0,0.0,4000000.0,1.0,2.0
942,9.125,1000000.0,11.0,1.0,8.0,1.0,8000000.0,1.0,3.0
943,8.714285714285714,1000000.0,10.0,1.0,7.0,0.0,7000000.0,1.0,3.0
944,6.110236220472441,1000000.0,10.0,1.0,254.0,0.0,254000000.0,1.0,2.0
945,6.092140921409214,1000000.0,9.0,1.0,369.0,0.0,369000000.0,1.0,4.0
946,6.0025,1000000.0,9.0,1.0,400.0,0.0,400000000.0,1.0,2.0
947,6.181571815718157,1000000.0,9.0,1.0,369.0,0.0,369000000.0,1.0,3.0
948,6.067024128686327,1000000.0,9.0,1.0,373.0,0.0,373000000.0,1.0,2.0
949,6.080645161290323,1000000.0,9.0,1.0,372.0,0.0,372000000.0,1.0,2.0
950,6.067385444743936,1000000.0,9.0,1.0,371.0,0.0,371000000.0,1.0,3.0
951,6.105820105820106,1000000.0,10.0,1.0,378.0,0.0,378000000.0,1.0,2.0
952,6.061662198391421,1000000.0,9.0,1.0,373.0,0.0,373000000.0,1.0,2.0
953,6.010752688172043,1000000.0,8.0,1.0,372.0,0.0,372000000.0,1.0,2.0
954,6.061497326203209,1000000.0,10.0,1.0,374.0,0.0,374000000.0,1.0,2.0
955,6.024324324324325,1000000.0,9.0,1.0,370.0,0.0,370000000.0,1.0,3.0
956,6.03494623655914,1000000.0,9.0,1.0,372.0,0.0,372000000.0,1.0,2.0
957,6.064343163538874,1000000.0,9.0,1.0,373.0,0.0,373000000.0,1.0,2.0
958,6.065040650406504,1000000.0,10.0,1.0,369.0,0.0,369000000.0,1.0,3.0
959,6.054794520547945,1000000.0,9.0,1.0,365.0,0.0,365000000.0,1.0,2.0
960,6.037735849056604,1000000.0,8.0,1.0,371.0,0.0,371000000.0,1.0,2.0
961,6.048387096774194,1000000.0,9.0,1.0,372.0,0.0,372000000.0,1.0,2.0
962,6.088471849865952,1000000.0,9.0,1.0,373.0,0.0,373000000.0,1.0,2.0
963,6.05420054200542,1000000.0,9.0,1.0,369.0,0.0,369000000.0,1.0,2.0
964,6.02710027100271,1000000.0,8.0,1.0,369.0,0.0,369000000.0,1.0,2.0
965,6.056451612903226,1000000.0,9.0,1.0,372.0,0.0,372000000.0,1.0,2.0
966,6.03475935828877,1000000.0,8.0,1.0,374.0,0.0,374000000.0,1.0,2.0
967,6.05249343832021,1000000.0,9.0,1.0,381.0,0.0,381000000.0,1.0,2.0
968,6.018567639257294,1000000.0,8.0,1.0,377.0,0.0,377000000.0,1.0,2.0
969,5.8076923076923075,1000000.0,8.0,1.0,156.0,19.0,156000000.0,1.0,2.0
970,4.642857142857143,1000000.0,5.0,1.0,14.0,3.0,14000000.0,1.0,3.0
971,4.5,1000000.0,5.0,1.0,6.0,2.0,6000000.0,1.0,2.0
972,4.571428571428571,1000000.0,5.0,1.0,7.0,1.0,7000000.0,1.0,3.0
973,4.75,1000000.0,5.0,1.0,4.0,0.0,4000000.0,1.0,2.0
974,4.8,1000000.0,5.0,1.0,5.0,1.0,5000000.0,1.0,2.0
975,4.571428571428571,1000000.0,5.0,1.0,7.0,1.0,7000000.0,1.0,3.0
976,4.666666666666667,1000000.0,5.0,1.0,6.0,0.0,6000000.0,1.0,3.0
977,4.666666666666667,1000000.0,5.0,1.0,6.0,1.0,6000000.0,1.0,2.0
978,4.4,1000000.0,5.0,1.0,5.0,0.0,5000000.0,1.0,3.0
979,4.5,1000000.0,5.0,1.0,8.0,2.0,8000000.0,1.0,2.0
980,4.75,1000000.0,5.0,1.0,8.0,1.0,8000000.0,1.0,4.0
981,4.333333333333333,1000000.0,5.0,1.0,6.0,1.0,6000000.0,1.0,3.0
982,5.0,1000000.0,6.0,1.0,5.0,1.0,5000000.0,1.0,2.0
983,4.5,1000000.0,5.0,1.0,6.0,1.0,6000000.0,1.0,3.0
984,4.75,1000000.0,5.0,1.0,4.0,0.0,4000000.0,1.0,2.0
985,4.5,1000000.0,5.0,1.0,8.0,1.0,8000000.0,1.0,3.0
986,4.666666666666667,1000000.0,5.0,1.0,6.0,2.0,6000000.0,1.0,2.0
987,4.4,1000000.0,5.0,1.0,5.0,0.0,5000000.0,1.0,3.0
988,4.375,1000000.0,5.0,1.0,8.0,1.0,8000000.0,1.0,3.0
989,4.714285714285714,1000000.0,5.0,1.0,7.0,0.0,7000000.0,1.0,3.0
990,4.6,1000000.0,5.0,1.0,5.0,0.0,5000000.0,1.0,3.0
991,4.8,1000000.0,5.0,1.0,5.0,1.0,5000000.0,1.0,2.0
992,4.666666666666667,1000000.0,6.0,1.0,6.0,0.0,6000000.0,1.0,4.0
993,5.0,1000000.0,5.0,1.0,4.0,0.0,4000000.0,1.0,1.0
994,5.837398373983739,1000000.0,8.0,1.0,246.0,1.0,246000000.0,1.0,4.0
995,5.989821882951654,1000000.0,8.0,1.0,393.0,2.0,393000000.0,1.0,4.0
996,6.012468827930174,1000000.0,9.0,1.0,401.0,0.0,401000000.0,1.0,4.0
997,5.928759894459103,1000000.0,8.0,1.0,379.0,0.0,379000000.0,1.0,4.0
998,5.943699731903485,1000000.0,8.0,1.0,373.0,0.0,373000000.0,1.0,2.0
999,5.943699731903485,1000000.0,8.0,1.0,373.0,0.0,373000000.0,1.0,2.0
1000,5.941018766756033,1000000.0,8.0,1.0,373.0,0.0,373000000.0,1.0,2.0
1001,5.9423076923076925,1000000.0,8.0,1.0,364.0,0.0,364000000.0,1.0,3.0
1002,5.968503937007874,1000000.0,8.0,1.0,381.0,0.0,381000000.0,1.0,2.0
1003,5.973045822102426,1000000.0,8.0,1.0,371.0,0.0,371000000.0,1.0,2.0
1004,5.984334203655353,1000000.0,8.0,1.0,383.0,0.0,383000000.0,1.0,2.0
1005,5.939473684210526,1000000.0,8.0,1.0,380.0,0.0,380000000.0,1.0,2.0
1006,5.974226804123711,1000000.0,8.0,1.0,388.0,0.0,388000000.0,1.0,3.0
1007,5.8414985590778095,1000000.0,8.0,1.0,347.0,0.0,347000000.0,1.0,3.0
1008,5.941489361702128,1000000.0,8.0,1.0,376.0,0.0,376000000.0,1.0,2.0
1009,5.967828418230563,1000000.0,8.0,1.0,373.0,0.0,373000000.0,1.0,2.0
1010,5.952254641909814,1000000.0,8.0,1.0,377.0,0.0,377000000.0,1.0,2.0
1011,5.945945945945946,1000000.0,8.0,1.0,370.0,0.0,370000000.0,1.0,2.0
1012,5.97948717948718,1000000.0,10.0,1.0,390.0,0.0,390000000.0,1.0,2.0
1013,6.012121212121212,1000000.0,9.0,1.0,330.0,0.0,330000000.0,1.0,2.0
1014,6.032258064516129,1000000.0,8.0,1.0,372.0,0.0,372000000.0,1.0,2.0
1015,6.085790884718499,1000000.0,9.0,1.0,373.0,0.0,373000000.0,1.0,2.0
1016,6.043715846994536,1000000.0,8.0,1.0,366.0,0.0,366000000.0,1.0,2.0
1017,6.132432432432433,1000000.0,10.0,1.0,370.0,0.0,370000000.0,1.0,2.0
1018,6.166666666666667,1000000.0,11.0,1.0,360.0,0.0,360000000.0,1.0,2.0
1019,6.544910179640719,1000000.0,10.0,1.0,167.0,18.0,167000000.0,1.0,3.0
1020,8.6,1000000.0,9.0,1.0,5.0,0.0,5000000.0,1.0,2.0
1021,9.2,1000000.0,10.0,1.0,5.0,1.0,5000000.0,1.0,2.0
1022,8.875,1000000.0,10.0,1.0,8.0,1.0,8000000.0,1.0,2.0
1023,8.666666666666666,1000000.0,9.0,1.0,6.0,0.0,6000000.0,1.0,3.0
1024,8.5,1000000.0,9.0,1.0,6.0,2.0,6000000.0,1.0,2.0
1025,9.0,1000000.0,10.0,1.0,6.0,0.0,6000000.0,1.0,2.0
1026,8.6,1000000.0,9.0,1.0,5.0,0.0,5000000.0,1.0,2.0
1027,8.6,1000000.0,9.0,1.0,5.0,1.0,5000000.0,1.0,3.0
1028,8.6,1000000.0,9.0,1.0,5.0,0.0,5000000.0,1.0,3.0
1029,8.571428571428571,1000000.0,9.0,1.0,7.0,1.0,7000000.0,1.0,3.0
1030,8.571428571428571,1000000.0,9.0,1.0,7.0,2.0,7000000.0,1.0,3.0
1031,8.666666666666666,1000000.0,9.0,1.0,6.0,1.0,6000000.0,1.0,2.0
1032,8.4,1000000.0,9.0,1.0,5.0,1.0,5000000.0,1.0,3.0
1033,9.333333333333334,1000000.0,10.0,1.0,3.0,0.0,3000000.0,1.0,2.0
1034,8.666666666666666,1000000.0,9.0,1.0,6.0,0.0,6000000.0,1.0,3.0
1035,8.833333333333334,1000000.0,9.0,1.0,6.0,1.0,6000000.0,1.0,2.0
1036,8.666666666666666,1000000.0,9.0,1.0,3.0,1.0,3000000.0,1.0,2.0
1037,8.6,1000000.0,9.0,1.0,5.0,0.0,5000000.0,1.0,3.0
1038,8.666666666666666,1000000.0,9.0,1.0,6.0,1.0,6000000.0,1.0,2.0
1039,8.5,1000000.0,9.0,1.0,6.0,2.0,6000000.0,1.0,2.0
1040,8.875,1000000.0,10.0,1.0,8.0,1.0,8000000.0,1.0,3.0
1041,8.571428571428571,1000000.0,9.0,1.0,7.0,2.0,7000000.0,1.0,4.0
1042,8.428571428571429,1000000.0,9.0,1.0,7.0,1.0,7000000.0,1.0,3.0
1043,8.666666666666666,1000000.0,9.0,1.0,3.0,1.0,3000000.0,1.0,2.0
1044,6.0,1000000.0,9.0,1.0,228.0,1.0,228000000.0,1.0,3.0
1045,6.111111111111111,1000000.0,10.0,1.0,369.0,0.0,369000000.0,1.0,3.0
1046,6.2005347593582885,1000000.0,9.0,1.0,374.0,2.0,374000000.0,1.0,3.0
1047,6.17877094972067,1000000.0,9.0,1.0,358.0,0.0,358000000.0,1.0,4.0
1048,6.032432432432432,1000000.0,8.0,1.0,370.0,0.0,370000000.0,1.0,2.0
1049,6.02156334231806,1000000.0,9.0,1.0,371.0,0.0,371000000.0,1.0,2.0
1050,6.068119891008174,1000000.0,10.0,1.0,367.0,0.0,367000000.0,1.0,2.0
1051,6.0588235294117645,1000000.0,9.0,1.0,374.0,0.0,374000000.0,1.0,2.0
1052,6.048128342245989,1000000.0,9.0,1.0,374.0,0.0,374000000.0,1.0,2.0
1053,6.029972752043597,1000000.0,9.0,1.0,367.0,0.0,367000000.0,1.0,2.0
1054,6.010810810810811,1000000.0,8.0,1.0,370.0,0.0,370000000.0,1.0,2.0
1055,6.04054054054054,1000000.0,10.0,1.0,370.0,0.0,370000000.0,1.0,2.0
1056,6.008086253369272,1000000.0,9.0,1.0,371.0,0.0,371000000.0,1.0,3.0
1057,6.045698924731183,1000000.0,9.0,1.0,372.0,0.0,372000000.0,1.0,2.0
1058,6.032085561497326,1000000.0,8.0,1.0,374.0,0.0,374000000.0,1.0,2.0
1059,5.973474801061008,1000000.0,8.0,1.0,377.0,0.0,377000000.0,1.0,2.0
1060,5.941018766756033,1000000.0,8.0,1.0,373.0,0.0,373000000.0,1.0,2.0
1061,5.943396226415095,1000000.0,8.0,1.0,371.0,0.0,371000000.0,1.0,2.0
1062,5.957104557640751,1000000.0,8.0,1.0,373.0,0.0,373000000.0,1.0,2.0
1063,5.941333333333334,1000000.0,8.0,1.0,375.0,0.0,375000000.0,1.0,2.0
1064,5.967567567567568,1000000.0,8.0,1.0,370.0,0.0,370000000.0,1.0,2.0
1065,5.949197860962567,1000000.0,8.0,1.0,374.0,0.0,374000000.0,1.0,2.0
1066,5.951742627345845,1000000.0,8.0,1.0,373.0,0.0,373000000.0,1.0,2.0
1067,5.967567567567568,1000000.0,8.0,1.0,370.0,0.0,370000000.0,1.0,2.0
1068,6.051813471502591,1000000.0,9.0,1.0,386.0,0.0,386000000.0,1.0,2.0
1069,5.721052631578948,1000000.0,8.0,1.0,190.0,18.0,190000000.0,1.0,3.0
1070,4.7,1000000.0,5.0,1.0,10.0,2.0,10000000.0,1.0,3.0
1071,4.375,1000000.0,5.0,1.0,8.0,2.0,8000000.0,1.0,3.0
1072,4.5,1000000.0,5.0,1.0,6.0,1.0,6000000.0,1.0,3.0
1073,4.8,1000000.0,5.0,1.0,5.0,0.0,5000000.0,1.0,2.0
1074,4.857142857142857,1000000.0,6.0,1.0,7.0,2.0,7000000.0,1.0,3.0
1075,4.6,1000000.0,5.0,1.0,5.0,1.0,5000000.0,1.0,2.0
1076,4.714285714285714,1000000.0,5.0,1.0,7.0,1.0,7000000.0,1.0,2.0
1077,4.888888888888889,1000000.0,6.0,1.0,9.0,2.0,9000000.0,1.0,3.0
1078,4.428571428571429,1000000.0,5.0,1.0,7.0,2.0,7000000.0,1.0,3.0
1079,4.714285714285714,1000000.0,6.0,1.0,7.0,2.0,7000000.0,1.0,3.0
1080,4.5,1000000.0,5.0,1.0,4.0,1.0,4000000.0,1.0,3.0
1081,4.625,1000000.0,5.0,1.0,8.0,2.0,8000000.0,1.0,3.0
1082,4.833333333333333,1000000.0,6.0,1.0,6.0,0.0,6000000.0,1.0,3.0
1083,4.666666666666667,1000000.0,5.0,1.0,6.0,2.0,6000000.0,1.0,2.0
1084,4.6,1000000.0,5.0,1.0,5.0,0.0,5000000.0,1.0,3.0
1085,4.666666666666667,1000000.0,5.0,1.0,6.0,1.0,6000000.0,1.0,2.0
1086,4.8,1000000.0,5.0,1.0,5.0,0.0,5000000.0,1.0,2.0
1087,4.428571428571429,1000000.0,5.0,1.0,7.0,1.0,7000000.0,1.0,3.0
1088,4.5,1000000.0,5.0,1.0,6.0,0.0,6000000.0,1.0,3.0
1089,4.8,1000000.0,5.0,1.0,5.0,0.0,5000000.0,1.0,2.0
1090,4.857142857142857,1000000.0,6.0,1.0,7.0,0.0,7000000.0,1.0,4.0
1091,4.666666666666667,1000000.0,5.0,1.0,6.0,2.0,6000000.0,1.0,2.0
1092,4.8,1000000.0,5.0,1.0,5.0,0.0,5000000.0,1.0,2.0
1093,5.25,1000000.0,6.0,1.0,4.0,0.0,4000000.0,1.0,2.0
1094,5.852678571428571,1000000.0,8.0,1.0,224.0,1.0,224000000.0,1.0,4.0
1095,5.936507936507937,1000000.0,8.0,1.0,378.0,0.0,378000000.0,1.0,4.0
1096,5.961439588688946,1000000.0,8.0,1.0,389.0,0.0,389000000.0,1.0,3.0
1097,5.992462311557789,1000000.0,8.0,1.0,398.0,0.0,398000000.0,1.0,2.0
1098,5.863128491620111,1000000.0,8.0,1.0,358.0,0.0,358000000.0,1.0,2.0
1099,6.0,1000000.0,9.0,1.0,374.0,0.0,374000000.0,1.0,2.0
1100,6.013297872340425,1000000.0,8.0,1.0,376.0,0.0,376000000.0,1.0,2.0
1101,5.938337801608579,1000000.0,8.0,1.0,373.0,0.0,373000000.0,1.0,3.0
1102,5.952254641909814,1000000.0,8.0,1.0,377.0,0.0,377000000.0,1.0,2.0
1103,5.980225988700565,1000000.0,8.0,1.0,354.0,0.0,354000000.0,1.0,2.0
1104,5.981182795698925,1000000.0,9.0,1.0,372.0,0.0,372000000.0,1.0,2.0
1105,5.991891891891892,1000000.0,9.0,1.0,370.0,0.0,370000000.0,1.0,2.0
1106,6.032,1000000.0,9.0,1.0,375.0,0.0,375000000.0,1.0,3.0
1107,6.042895442359249,1000000.0,10.0,1.0,373.0,0.0,373000000.0,1.0,3.0
1108,6.07277628032345,1000000.0,9.0,1.0,371.0,0.0,371000000.0,1.0,2.0
1109,6.041322314049586,1000000.0,9.0,1.0,363.0,0.0,363000000.0,1.0,2.0
1110,6.050666666666666,1000000.0,9.0,1.0,375.0,0.0,375000000.0,1.0,2.0
1111,6.0353260869565215,1000000.0,9.0,1.0,368.0,0.0,368000000.0,1.0,2.0
1112,6.021857923497268,1000000.0,8.0,1.0,366.0,0.0,366000000.0,1.0,2.0
1113,6.062330623306233,1000000.0,9.0,1.0,369.0,0.0,369000000.0,1.0,2.0
1114,6.0109289617486334,1000000.0,8.0,1.0,366.0,0.0,366000000.0,1.0,2.0
1115,6.032171581769437,1000000.0,9.0,1.0,373.0,0.0,373000000.0,1.0,2.0
1116,5.994550408719346,1000000.0,8.0,1.0,367.0,0.0,367000000.0,1.0,2.0
1117,6.016260162601626,1000000.0,8.0,1.0,369.0,0.0,369000000.0,1.0,2.0
1118,6.016260162601626,1000000.0,8.0,1.0,369.0,0.0,369000000.0,1.0,2.0
1119,6.543956043956044,1000000.0,11.0,1.0,182.0,15.0,182000000.0,1.0,2.0
1120,8.636363636363637,1000000.0,9.0,1.0,11.0,3.0,11000000.0,1.0,3.0
1121,8.6,1000000.0,9.0,1.0,5.0,0.0,5000000.0,1.0,3.0
1122,8.5,1000000.0,9.0,1.0,6.0,1.0,6000000.0,1.0,3.0
1123,9.2,1000000.0,10.0,1.0,5.0,1.0,5000000.0,1.0,2.0
1124,8.5,1000000.0,9.0,1.0,6.0,1.0,6000000.0,1.0,3.0
1125,9.0,1000000.0,10.0,1.0,4.0,0.0,4000000.0,1.0,3.0
1126,9.2,1000000.0,10.0,1.0,5.0,1.0,5000000.0,1.0,2.0
1127,8.5,1000000.0,9.0,1.0,6.0,0.0,6000000.0,1.0,3.0
1128,8.571428571428571,1000000.0,9.0,1.0,7.0,1.0,7000000.0,1.0,3.0
1129,9.0,1000000.0,10.0,1.0,6.0,0.0,6000000.0,1.0,2.0
1130,8.75,1000000.0,10.0,1.0,8.0,3.0,8000000.0,1.0,3.0
1131,8.428571428571429,1000000.0,9.0,1.0,7.0,1.0,7000000.0,1.0,3.0
1132,8.5,1000000.0,9.0,1.0,6.0,1.0,6000000.0,1.0,3.0
1133,8.75,1000000.0,9.0,1.0,4.0,0.0,4000000.0,1.0,2.0
1134,8.714285714285714,1000000.0,10.0,1.0,7.0,0.0,7000000.0,1.0,3.0
1135,8.6,1000000.0,9.0,1.0,5.0,1.0,5000000.0,1.0,3.0
1136,8.8,1000000.0,9.0,1.0,5.0,1.0,5000000.0,1.0,2.0
1137,8.5,1000000.0,9.0,1.0,8.0,1.0,8000000.0,1.0,3.0
1138,8.714285714285714,1000000.0,9.0,1.0,7.0,1.0,7000000.0,1.0,2.0
1139,8.625,1000000.0,10.0,1.0,8.0,1.0,8000000.0,1.0,3.0
1140,8.8,1000000.0,9.0,1.0,5.0,1.0,5000000.0,1.0,2.0
1141,8.714285714285714,1000000.0,10.0,1.0,7.0,1.0,7000000.0,1.0,3.0
1142,9.5,1000000.0,10.0,1.0,6.0,0.0,6000000.0,1.0,2.0
1143,9.4,1000000.0,10.0,1.0,5.0,0.0,5000000.0,1.0,1.0
1144,6.407766990291262,1000000.0,11.0,1.0,206.0,1.0,206000000.0,1.0,4.0
1145,6.069637883008356,1000000.0,9.0,1.0,359.0,1.0,359000000.0,1.0,3.0
1146,6.007481296758105,1000000.0,9.0,1.0,401.0,0.0,401000000.0,1.0,3.0
1147,6.076315789473684,1000000.0,10.0,1.0,380.0,0.0,380000000.0,1.0,3.0
1148,6.040431266846361,1000000.0,9.0,1.0,371.0,0.0,371000000.0,1.0,2.0
1149,6.061497326203209,1000000.0,9.0,1.0,374.0,0.0,374000000.0,1.0,2.0
1150,6.037837837837838,1000000.0,11.0,1.0,370.0,0.0,370000000.0,1.0,2.0
1151,6.026178010471204,1000000.0,8.0,1.0,382.0,0.0,382000000.0,1.0,3.0
1152,6.023936170212766,1000000.0,8.0,1.0,376.0,0.0,376000000.0,1.0,2.0
1153,6.0296495956873315,1000000.0,8.0,1.0,371.0,0.0,371000000.0,1.0,2.0
1154,5.98936170212766,1000000.0,8.0,1.0,376.0,0.0,376000000.0,1.0,2.0
1155,6.043243243243243,1000000.0,8.0,1.0,370.0,0.0,370000000.0,1.0,2.0
1156,5.94385026737968,1000000.0,8.0,1.0,374.0,0.0,374000000.0,1.0,3.0
1157,5.98404255319149,1000000.0,8.0,1.0,376.0,0.0,376000000.0,1.0,2.0
1158,5.954177897574124,1000000.0,8.0,1.0,371.0,0.0,371000000.0,1.0,2.0
1159,5.970588235294118,1000000.0,8.0,1.0,374.0,0.0,374000000.0,1.0,2.0
1160,5.952127659574468,1000000.0,8.0,1.0,376.0,0.0,376000000.0,1.0,2.0
1161,5.91008174386921,1000000.0,8.0,1.0,367.0,0.0,367000000.0,1.0,2.0
1162,5.994722955145119,1000000.0,8.0,1.0,379.0,0.0,379000000.0,1.0,2.0
1163,5.923705722070845,1000000.0,8.0,1.0,367.0,0.0,367000000.0,1.0,2.0
1164,5.97319034852547,1000000.0,8.0,1.0,373.0,0.0,373000000.0,1.0,2.0
1165,5.970430107526882,1000000.0,8.0,1.0,372.0,0.0,372000000.0,1.0,2.0
1166,5.937669376693767,1000000.0,8.0,1.0,369.0,0.0,369000000.0,1.0,2.0
1167,5.976501305483029,1000000.0,8.0,1.0,383.0,0.0,383000000.0,1.0,2.0
1168,5.959349593495935,1000000.0,8.0,1.0,369.0,0.0,369000000.0,1.0,2.0
1169,5.788177339901478,1000000.0,8.0,1.0,203.0,16.0,203000000.0,1.0,3.0
1170,4.9,1000000.0,6.0,1.0,10.0,0.0,10000000.0,1.0,3.0
1171,4.8,1000000.0,5.0,1.0,5.0,1.0,5000000.0,1.0,2.0
1172,4.8,1000000.0,6.0,1.0,5.0,2.0,5000000.0,1.0,3.0
1173,5.0,1000000.0,6.0,1.0,6.0,0.0,6000000.0,1.0,3.0
1174,4.8,1000000.0,5.0,1.0,5.0,1.0,5000000.0,1.0,2.0
1175,4.571428571428571,1000000.0,5.0,1.0,7.0,1.0,7000000.0,1.0,3.0
1176,4.6,1000000.0,5.0,1.0,5.0,1.0,5000000.0,1.0,2.0
1177,4.666666666666667,1000000.0,5.0,1.0,6.0,1.0,6000000.0,1.0,3.0
1178,4.833333333333333,1000000.0,5.0,1.0,6.0,0.0,6000000.0,1.0,2.0
1179,4.714285714285714,1000000.0,5.0,1.0,7.0,1.0,7000000.0,1.0,2.0
1180,4.6,1000000.0,5.0,1.0,5.0,2.0,5000000.0,1.0,2.0
1181,4.857142857142857,1000000.0,6.0,1.0,7.0,0.0,7000000.0,1.0,3.0
1182,4.6,1000000.0,5.0,1.0,5.0,1.0,5000000.0,1.0,2.0
1183,4.833333333333333,1000000.0,6.0,1.0,6.0,1.0,6000000.0,1.0,3.0
1184,4.6,1000000.0,5.0,1.0,5.0,1.0,5000000.0,1.0,2.0
1185,4.75,1000000.0,5.0,1.0,4.0,0.0,4000000.0,1.0,2.0
1186,4.666666666666667,1000000.0,5.0,1.0,6.0,0.0,6000000.0,1.0,2.0
1187,4.5,1000000.0,5.0,1.0,4.0,0.0,4000000.0,1.0,2.0
1188,4.75,1000000.0,5.0,1.0,4.0,0.0,4000000.0,1.0,2.0
1189,4.4,1000000.0,5.0,1.0,5.0,0.0,5000000.0,1.0,3.0
1190,4.666666666666667,1000000.0,5.0,1.0,6.0,2.0,6000000.0,1.0,2.0
1191,5.2,1000000.0,7.0,1.0,10.0,2.0,10000000.0,1.0,4.0
1192,4.6,1000000.0,5.0,1.0,5.0,1.0,5000000.0,1.0,2.0
1193,5.0,1000000.0,5.0,1.0,4.0,0.0,4000000.0,1.0,1.0
1194,5.766169154228856,1000000.0,8.0,1.0,201.0,2.0,201000000.0,1.0,3.0
1195,6.023136246786632,1000000.0,8.0,1.0,389.0,1.0,389000000.0,1.0,4.0
1196,5.988795518207283,1000000.0,9.0,1.0,357.0,0.0,357000000.0,1.0,3.0
1197,6.007957559681698,1000000.0,9.0,1.0,377.0,0.0,377000000.0,1.0,2.0
1198,6.024456521739131,1000000.0,9.0,1.0,368.0,0.0,368000000.0,1.0,2.0
1199,6.021739130434782,1000000.0,8.0,1.0,368.0,0.0,368000000.0,1.0,2.0
1200,6.032876712328767,1000000.0,10.0,1.0,365.0,0.0,365000000.0,1.0,2.0
1201,6.040650406504065,1000000.0,9.0,1.0,369.0,0.0,369000000.0,1.0,3.0
1202,6.018766756032171,1000000.0,9.0,1.0,373.0,0.0,373000000.0,1.0,2.0
1203,6.0633608815427,1000000.0,9.0,1.0,363.0,0.0,363000000.0,1.0,2.0
1204,6.0272479564032695,1000000.0,8.0,1.0,367.0,0.0,367000000.0,1.0,2.0
1205,6.093582887700535,1000000.0,9.0,1.0,374.0,0.0,374000000.0,1.0,2.0
1206,6.056451612903226,1000000.0,9.0,1.0,372.0,0.0,372000000.0,1.0,3.0
1207,6.056756756756757,1000000.0,9.0,1.0,370.0,0.0,370000000.0,1.0,2.0
1208,6.061994609164421,1000000.0,9.0,1.0,371.0,0.0,371000000.0,1.0,2.0
1209,6.024590163934426,1000000.0,9.0,1.0,366.0,0.0,366000000.0,1.0,2.0
1210,6.048387096774194,1000000.0,9.0,1.0,372.0,0.0,372000000.0,1.0,2.0
1211,6.067934782608695,1000000.0,9.0,1.0,368.0,0.0,368000000.0,1.0,2.0
1212,6.024324324324325,1000000.0,9.0,1.0,370.0,0.0,370000000.0,1.0,2.0
1213,6.051212938005391,1000000.0,9.0,1.0,371.0,0.0,371000000.0,1.0,2.0
1214,6.046448087431694,1000000.0,9.0,1.0,366.0,0.0,366000000.0,1.0,2.0
1215,6.045945945945946,1000000.0,9.0,1.0,370.0,0.0,370000000.0,1.0,2.0
1216,6.024193548387097,1000000.0,9.0,1.0,372.0,0.0,372000000.0,1.0,2.0
1217,6.018817204301075,1000000.0,9.0,1.0,372.0,0.0,372000000.0,1.0,2.0
1218,6.026954177897574,1000000.0,8.0,1.0,371.0,0.0,371000000.0,1.0,2.0
1219,5.901408450704225,1000000.0,8.0,1.0,213.0,17.0,213000000.0,1.0,2.0
1220,5.4,1000000.0,7.0,1.0,15.0,3.0,15000000.0,1.0,2.0
1221,4.666666666666667,1000000.0,6.0,1.0,6.0,1.0,6000000.0,1.0,3.0
1222,4.666666666666667,1000000.0,5.0,1.0,6.0,0.0,6000000.0,1.0,3.0
1223,5.333333333333333,1000000.0,6.0,1.0,3.0,0.0,3000000.0,1.0,2.0
1224,4.5,1000000.0,5.0,1.0,4.0,1.0,4000000.0,1.0,2.0
1225,4.571428571428571,1000000.0,5.0,1.0,7.0,1.0,7000000.0,1.0,3.0
1226,4.4,1000000.0,5.0,1.0,5.0,1.0,5000000.0,1.0,3.0
1227,4.5,1000000.0,5.0,1.0,6.0,1.0,6000000.0,1.0,3.0
1228,4.666666666666667,1000000.0,5.0,1.0,6.0,1.0,6000000.0,1.0,2.0
1229,4.6,1000000.0,5.0,1.0,5.0,1.0,5000000.0,1.0,2.0
1230,4.428571428571429,1000000.0,5.0,1.0,7.0,2.0,7000000.0,1.0,3.0
1231,4.666666666666667,1000000.0,5.0,1.0,6.0,1.0,6000000.0,1.0,2.0
1232,4.333333333333333,1000000.0,5.0,1.0,6.0,1.0,6000000.0,1.0,3.0
1233,4.6,1000000.0,5.0,1.0,5.0,0.0,5000000.0,1.0,3.0
1234,4.666666666666667,1000000.0,5.0,1.0,6.0,1.0,6000000.0,1.0,3.0
1235,4.428571428571429,1000000.0,5.0,1.0,7.0,1.0,7000000.0,1.0,3.0
1236,4.428571428571429,1000000.0,5.0,1.0,7.0,2.0,7000000.0,1.0,3.0
1237,4.5,1000000.0,5.0,1.0,6.0,1.0,6000000.0,1.0,3.0
1238,4.833333333333333,1000000.0,5.0,1.0,6.0,0.0,6000000.0,1.0,2.0
1239,4.666666666666667,1000000.0,5.0,1.0,3.0,0.0,3000000.0,1.0,2.0
1240,5.0,1000000.0,6.0,1.0,5.0,0.0,5000000.0,1.0,3.0
1241,4.5,1000000.0,5.0,1.0,6.0,1.0,6000000.0,1.0,3.0
1242,4.666666666666667,1000000.0,5.0,1.0,6.0,0.0,6000000.0,1.0,3.0
1243,4.5,1000000.0,5.0,1.0,6.0,1.0,6000000.0,1.0,3.0
1244,5.868421052631579,1000000.0,8.0,1.0,190.0,0.0,190000000.0,1.0,3.0
1245,6.119480519480519,1000000.0,9.0,1.0,385.0,1.0,385000000.0,1.0,4.0
1246,5.963350785340314,1000000.0,8.0,1.0,382.0,0.0,382000000.0,1.0,4.0
1247,5.946808510638298,1000000.0,8.0,1.0,376.0,0.0,376000000.0,1.0,3.0
1248,5.957446808510638,1000000.0,8.0,1.0,376.0,0.0,376000000.0,1.0,2.0
1249,5.957219251336898,1000000.0,8.0,1.0,374.0,0.0,374000000.0,1.0,2.0
1250,5.962566844919786,1000000.0,8.0,1.0,374.0,0.0,374000000.0,1.0,2.0
1251,5.951612903225806,1000000.0,8.0,1.0,372.0,0.0,372000000.0,1.0,3.0
1252,5.924932975871314,1000000.0,8.0,1.0,373.0,0.0,373000000.0,1.0,2.0
1253,5.959677419354839,1000000.0,8.0,1.0,372.0,0.0,372000000.0,1.0,2.0
1254,5.933333333333334,1000000.0,8.0,1.0,375.0,0.0,375000000.0,1.0,2.0
1255,5.957219251336898,1000000.0,8.0,1.0,374.0,0.0,374000000.0,1.0,2.0
1256,5.992063492063492,1000000.0,8.0,1.0,378.0,0.0,378000000.0,1.0,3.0
1257,6.002631578947368,1000000.0,8.0,1.0,380.0,0.0,380000000.0,1.0,2.0
1258,5.957104557640751,1000000.0,8.0,1.0,373.0,0.0,373000000.0,1.0,2.0
1259,5.962365591397849,1000000.0,8.0,1.0,372.0,0.0,372000000.0,1.0,2.0
1260,5.93029490616622,1000000.0,8.0,1.0,373.0,0.0,373000000.0,1.0,2.0
1261,5.954666666666666,1000000.0,8.0,1.0,375.0,0.0,375000000.0,1.0,2.0
1262,5.935828877005347,1000000.0,8.0,1.0,374.0,0.0,374000000.0,1.0,2.0
1263,6.032085561497326,1000000.0,10.0,1.0,374.0,0.0,374000000.0,1.0,2.0
1264,6.0638297872340425,1000000.0,10.0,1.0,376.0,0.0,376000000.0,1.0,2.0
1265,6.005479452054795,1000000.0,8.0,1.0,365.0,0.0,365000000.0,1.0,2.0
1266,5.991803278688525,1000000.0,9.0,1.0,366.0,0.0,366000000.0,1.0,2.0
1267,6.043596730245231,1000000.0,9.0,1.0,367.0,0.0,367000000.0,1.0,2.0
1268,6.035714285714286,1000000.0,9.0,1.0,364.0,0.0,364000000.0,1.0,2.0
1269,6.330357142857143,1000000.0,10.0,1.0,224.0,14.0,224000000.0,1.0,2.0
1270,8.916666666666666,1000000.0,10.0,1.0,12.0,1.0,12000000.0,1.0,3.0
1271,8.8,1000000.0,9.0,1.0,5.0,1.0,5000000.0,1.0,2.0
1272,8.571428571428571,1000000.0,9.0,1.0,7.0,2.0,7000000.0,1.0,2.0
1273,8.666666666666666,1000000.0,9.0,1.0,6.0,1.0,6000000.0,1.0,3.0
1274,8.5,1000000.0,9.0,1.0,6.0,1.0,6000000.0,1.0,3.0
1275,8.714285714285714,1000000.0,9.0,1.0,7.0,0.0,7000000.0,1.0,3.0
1276,8.857142857142858,1000000.0,10.0,1.0,7.0,2.0,7000000.0,1.0,2.0
1277,8.714285714285714,1000000.0,10.0,1.0,7.0,1.0,7000000.0,1.0,3.0
1278,8.5,1000000.0,9.0,1.0,6.0,1.0,6000000.0,1.0,3.0
1279,8.6,1000000.0,9.0,1.0,5.0,0.0,5000000.0,1.0,3.0
1280,8.666666666666666,1000000.0,9.0,1.0,9.0,2.0,9000000.0,1.0,4.0
1281,8.571428571428571,1000000.0,9.0,1.0,7.0,1.0,7000000.0,1.0,3.0
1282,9.0,1000000.0,10.0,1.0,4.0,1.0,4000000.0,1.0,2.0
1283,8.333333333333334,1000000.0,9.0,1.0,6.0,1.0,6000000.0,1.0,3.0
1284,8.4,1000000.0,9.0,1.0,5.0,0.0,5000000.0,1.0,2.0
1285,8.857142857142858,1000000.0,10.0,1.0,7.0,1.0,7000000.0,1.0,3.0
1286,8.571428571428571,1000000.0,9.0,1.0,7.0,1.0,7000000.0,1.0,3.0
1287,8.571428571428571,1000000.0,9.0,1.0,7.0,1.0,7000000.0,1.0,2.0
1288,9.0,1000000.0,9.0,1.0,5.0,0.0,5000000.0,1.0,1.0
1289,8.666666666666666,1000000.0,9.0,1.0,6.0,1.0,6000000.0,1.0,2.0
1290,8.5,1000000.0,9.0,1.0,6.0,1.0,6000000.0,1.0,3.0
1291,8.666666666666666,1000000.0,9.0,1.0,6.0,1.0,6000000.0,1.0,2.0
1292,8.833333333333334,1000000.0,10.0,1.0,6.0,0.0,6000000.0,1.0,3.0
1293,8.6,1000000.0,9.0,1.0,5.0,0.0,5000000.0,1.0,3.0
1294,6.2023809523809526,1000000.0,10.0,1.0,168.0,1.0,168000000.0,1.0,3.0
1295,6.049738219895288,1000000.0,9.0,1.0,382.0,0.0,382000000.0,1.0,3.0
1296,6.205970149253731,1000000.0,11.0,1.0,335.0,0.0,335000000.0,1.0,4.0
1297,6.081364829396326,1000000.0,11.0,1.0,381.0,0.0,381000000.0,1.0,4.0
1298,6.043360433604336,1000000.0,9.0,1.0,369.0,0.0,369000000.0,1.0,3.0
1299,6.050802139037433,1000000.0,9.0,1.0,374.0,0.0,374000000.0,1.0,2.0
1300,6.035040431266847,1000000.0,9.0,1.0,371.0,0.0,371000000.0,1.0,2.0
1301,6.059782608695652,1000000.0,9.0,1.0,368.0,0.0,368000000.0,1.0,2.0
1302,6.060846560846561,1000000.0,9.0,1.0,378.0,0.0,378000000.0,1.0,3.0
1303,6.048648648648649,1000000.0,9.0,1.0,370.0,0.0,370000000.0,1.0,2.0
1304,6.010752688172043,1000000.0,8.0,1.0,372.0,0.0,372000000.0,1.0,2.0
1305,6.021621621621621,1000000.0,8.0,1.0,370.0,0.0,370000000.0,1.0,2.0
1306,6.059459459459459,1000000.0,9.0,1.0,370.0,0.0,370000000.0,1.0,2.0
1307,6.045576407506703,1000000.0,9.0,1.0,373.0,0.0,373000000.0,1.0,2.0
1308,6.065217391304348,1000000.0,8.0,1.0,368.0,0.0,368000000.0,1.0,2.0
1309,6.018867924528302,1000000.0,8.0,1.0,371.0,0.0,371000000.0,1.0,2.0
1310,6.026954177897574,1000000.0,8.0,1.0,371.0,0.0,371000000.0,1.0,2.0
1311,6.059459459459459,1000000.0,8.0,1.0,370.0,0.0,370000000.0,1.0,2.0
1312,6.016260162601626,1000000.0,8.0,1.0,369.0,0.0,369000000.0,1.0,2.0
1313,6.048780487804878,1000000.0,8.0,1.0,369.0,0.0,369000000.0,1.0,2.0
1314,5.994609164420485,1000000.0,8.0,1.0,371.0,0.0,371000000.0,1.0,2.0
1315,6.037735849056604,1000000.0,8.0,1.0,371.0,0.0,371000000.0,1.0,2.0
1316,5.923482849604222,1000000.0,8.0,1.0,379.0,0.0,379000000.0,1.0,2.0
1317,5.983914209115282,1000000.0,8.0,1.0,373.0,0.0,373000000.0,1.0,2.0
1318,5.983739837398374,1000000.0,8.0,1.0,369.0,0.0,369000000.0,1.0,2.0
1319,5.803418803418803,1000000.0,8.0,1.0,234.0,14.0,234000000.0,1.0,3.0
1320,5.0,1000000.0,6.0,1.0,9.0,1.0,9000000.0,1.0,3.0
1321,5.25,1000000.0,7.0,1.0,8.0,3.0,8000000.0,1.0,2.0
1322,4.777777777777778,1000000.0,6.0,1.0,9.0,1.0,9000000.0,1.0,4.0
1323,4.714285714285714,1000000.0,5.0,1.0,7.0,2.0,7000000.0,1.0,3.0
1324,4.875,1000000.0,6.0,1.0,8.0,2.0,8000000.0,1.0,2.0
1325,5.0,1000000.0,6.0,1.0,7.0,1.0,7000000.0,1.0,2.0
1326,4.833333333333333,1000000.0,6.0,1.0,6.0,2.0,6000000.0,1.0,2.0
1327,4.666666666666667,1000000.0,5.0,1.0,6.0,1.0,6000000.0,1.0,2.0
1328,4.5,1000000.0,5.0,1.0,4.0,0.0,4000000.0,1.0,3.0
1329,5.0,1000000.0,6.0,1.0,6.0,0.0,6000000.0,1.0,3.0
1330,4.4,1000000.0,5.0,1.0,5.0,0.0,5000000.0,1.0,3.0
1331,4.571428571428571,1000000.0,5.0,1.0,7.0,2.0,7000000.0,1.0,2.0
1332,4.6,1000000.0,5.0,1.0,5.0,0.0,5000000.0,1.0,3.0
1333,4.8,1000000.0,5.0,1.0,5.0,1.0,5000000.0,1.0,2.0
1334,4.5,1000000.0,5.0,1.0,6.0,1.0,6000000.0,1.0,3.0
1335,5.166666666666667,1000000.0,6.0,1.0,6.0,0.0,6000000.0,1.0,4.0
1336,4.666666666666667,1000000.0,5.0,1.0,6.0,1.0,6000000.0,1.0,3.0
1337,4.5,1000000.0,5.0,1.0,6.0,1.0,6000000.0,1.0,3.0
1338,4.5,1000000.0,5.0,1.0,6.0,1.0,6000000.0,1.0,3.0
1339,4.666666666666667,1000000.0,5.0,1.0,6.0,2.0,6000000.0,1.0,2.0
1340,5.2,1000000.0,6.0,1.0,5.0,0.0,5000000.0,1.0,3.0
1341,4.666666666666667,1000000.0,5.0,1.0,6.0,0.0,6000000.0,1.0,5.0
1342,4.5,1000000.0,5.0,1.0,6.0,2.0,6000000.0,1.0,2.0
1343,4.5,1000000.0,5.0,1.0,6.0,1.0,6000000.0,1.0,3.0
1344,5.923976608187134,1000000.0,8.0,1.0,171.0,0.0,171000000.0,1.0,3.0
1345,6.002551020408164,1000000.0,8.0,1.0,392.0,3.0,392000000.0,1.0,3.0
1346,5.994974874371859,1000000.0,8.0,1.0,398.0,0.0,398000000.0,1.0,3.0
1347,6.0717948717948715,1000000.0,10.0,1.0,390.0,0.0,390000000.0,1.0,3.0
1348,5.991978609625669,1000000.0,8.0,1.0,374.0,0.0,374000000.0,1.0,2.0
1349,5.946949602122016,1000000.0,8.0,1.0,377.0,0.0,377000000.0,1.0,2.0
1350,5.954423592493297,1000000.0,8.0,1.0,373.0,0.0,373000000.0,1.0,2.0
1351,5.973404255319149,1000000.0,8.0,1.0,376.0,0.0,376000000.0,1.0,3.0
1352,5.907356948228883,1000000.0,8.0,1.0,367.0,0.0,367000000.0,1.0,2.0
1353,5.946153846153846,1000000.0,8.0,1.0,390.0,0.0,390000000.0,1.0,2.0
1354,5.96514745308311,1000000.0,8.0,1.0,373.0,0.0,373000000.0,1.0,2.0
1355,6.008130081300813,1000000.0,8.0,1.0,369.0,0.0,369000000.0,1.0,2.0
1356,6.087765957446808,1000000.0,10.0,1.0,376.0,0.0,376000000.0,1.0,3.0
1357,6.032,1000000.0,9.0,1.0,375.0,0.0,375000000.0,1.0,2.0
1358,6.016348773841962,1000000.0,8.0,1.0,367.0,0.0,367000000.0,1.0,2.0
1359,6.0271739130434785,1000000.0,9.0,1.0,368.0,0.0,368000000.0,1.0,2.0
1360,6.016438356164383,1000000.0,8.0,1.0,365.0,0.0,365000000.0,1.0,2.0
1361,6.032786885245901,1000000.0,8.0,1.0,366.0,0.0,366000000.0,1.0,2.0
1362,6.021739130434782,1000000.0,8.0,1.0,368.0,0.0,368000000.0,1.0,2.0
1363,6.062330623306233,1000000.0,10.0,1.0,369.0,0.0,369000000.0,1.0,2.0
1364,6.035135135135135,1000000.0,9.0,1.0,370.0,0.0,370000000.0,1.0,2.0
1365,6.051212938005391,1000000.0,9.0,1.0,371.0,0.0,371000000.0,1.0,2.0
1366,6.059299191374663,1000000.0,8.0,1.0,371.0,0.0,371000000.0,1.0,3.0
1367,6.032171581769437,1000000.0,9.0,1.0,373.0,0.0,373000000.0,1.0,2.0
1368,6.067750677506775,1000000.0,9.0,1.0,369.0,0.0,369000000.0,1.0,2.0
1369,6.378723404255319,1000000.0,10.0,1.0,235.0,14.0,235000000.0,1.0,2.0
1370,8.916666666666666,1000000.0,10.0,1.0,12.0,3.0,12000000.0,1.0,2.0
1371,8.6,1000000.0,9.0,1.0,5.0,0.0,5000000.0,1.0,3.0
1372,9.0,1000000.0,10.0,1.0,10.0,4.0,10000000.0,1.0,3.0
1373,8.428571428571429,1000000.0,9.0,1.0,7.0,0.0,7000000.0,1.0,3.0
1374,8.5,1000000.0,9.0,1.0,6.0,1.0,6000000.0,1.0,3.0
1375,9.0,1000000.0,9.0,1.0,2.0,0.0,2000000.0,1.0,1.0
1376,8.666666666666666,1000000.0,9.0,1.0,6.0,0.0,6000000.0,1.0,2.0
1377,8.5,1000000.0,9.0,1.0,6.0,2.0,6000000.0,1.0,3.0
1378,8.666666666666666,1000000.0,9.0,1.0,6.0,1.0,6000000.0,1.0,2.0
1379,8.5,1000000.0,9.0,1.0,4.0,0.0,4000000.0,1.0,3.0
1380,9.0,1000000.0,10.0,1.0,4.0,1.0,4000000.0,1.0,3.0
1381,8.8,1000000.0,9.0,1.0,5.0,0.0,5000000.0,1.0,2.0
1382,8.625,1000000.0,10.0,1.0,8.0,1.0,8000000.0,1.0,3.0
1383,9.0,1000000.0,10.0,1.0,7.0,2.0,7000000.0,1.0,2.0
1384,8.6,1000000.0,9.0,1.0,5.0,0.0,5000000.0,1.0,3.0
1385,8.875,1000000.0,10.0,1.0,8.0,1.0,8000000.0,1.0,3.0
1386,8.666666666666666,1000000.0,9.0,1.0,6.0,1.0,6000000.0,1.0,2.0
1387,8.6,1000000.0,9.0,1.0,5.0,0.0,5000000.0,1.0,2.0
1388,8.6,1000000.0,9.0,1.0,5.0,0.0,5000000.0,1.0,2.0
1389,8.666666666666666,1000000.0,9.0,1.0,6.0,1.0,6000000.0,1.0,3.0
1390,8.625,1000000.0,9.0,1.0,8.0,1.0,8000000.0,1.0,2.0
1391,8.8,1000000.0,9.0,1.0,5.0,1.0,5000000.0,1.0,2.0
1392,9.2,1000000.0,10.0,1.0,5.0,0.0,5000000.0,1.0,2.0
1393,8.75,1000000.0,10.0,1.0,8.0,1.0,8000000.0,1.0,3.0
1394,5.993150684931507,1000000.0,10.0,1.0,146.0,0.0,146000000.0,1.0,3.0
1395,5.988857938718663,1000000.0,9.0,1.0,359.0,0.0,359000000.0,1.0,3.0
1396,6.075,1000000.0,9.0,1.0,400.0,4.0,400000000.0,1.0,4.0
1397,6.152671755725191,1000000.0,10.0,1.0,393.0,0.0,393000000.0,1.0,4.0
1398,6.07774798927614,1000000.0,11.0,1.0,373.0,0.0,373000000.0,1.0,2.0
1399,6.0588235294117645,1000000.0,9.0,1.0,374.0,0.0,374000000.0,1.0,2.0
1400,6.029972752043597,1000000.0,9.0,1.0,367.0,0.0,367000000.0,1.0,2.0
1401,6.024128686327078,1000000.0,9.0,1.0,373.0,0.0,373000000.0,1.0,3.0
1402,6.01063829787234,1000000.0,8.0,1.0,376.0,0.0,376000000.0,1.0,2.0
1403,6.016085790884718,1000000.0,8.0,1.0,373.0,0.0,373000000.0,1.0,2.0
1404,6.024193548387097,1000000.0,8.0,1.0,372.0,0.0,372000000.0,1.0,2.0
1405,6.045945945945946,1000000.0,8.0,1.0,370.0,0.0,370000000.0,1.0,2.0
1406,5.97027027027027,1000000.0,8.0,1.0,370.0,0.0,370000000.0,1.0,3.0
1407,6.031746031746032,1000000.0,8.0,1.0,378.0,0.0,378000000.0,1.0,2.0
1408,6.010695187165775,1000000.0,8.0,1.0,374.0,0.0,374000000.0,1.0,2.0
1409,6.0,1000000.0,8.0,1.0,364.0,0.0,364000000.0,1.0,2.0
1410,6.005390835579515,1000000.0,8.0,1.0,371.0,0.0,371000000.0,1.0,2.0
1411,6.051351351351351,1000000.0,8.0,1.0,370.0,0.0,370000000.0,1.0,2.0
1412,6.03494623655914,1000000.0,8.0,1.0,372.0,0.0,372000000.0,1.0,2.0
1413,5.989445910290238,1000000.0,8.0,1.0,379.0,0.0,379000000.0,1.0,2.0
1414,5.919571045576408,1000000.0,8.0,1.0,373.0,0.0,373000000.0,1.0,2.0
1415,5.956521739130435,1000000.0,8.0,1.0,368.0,0.0,368000000.0,1.0,2.0
1416,5.962264150943396,1000000.0,8.0,1.0,371.0,0.0,371000000.0,1.0,2.0
1417,5.935828877005347,1000000.0,8.0,1.0,374.0,0.0,374000000.0,1.0,2.0
1418,5.944,1000000.0,8.0,1.0,375.0,0.0,375000000.0,1.0,2.0
1419,5.767716535433071,1000000.0,8.0,1.0,254.0,17.0,254000000.0,1.0,2.0
1420,4.833333333333333,1000000.0,6.0,1.0,12.0,2.0,12000000.0,1.0,3.0
1421,4.444444444444445,1000000.0,5.0,1.0,9.0,1.0,9000000.0,1.0,4.0
1422,4.666666666666667,1000000.0,5.0,1.0,6.0,1.0,6000000.0,1.0,3.0
1423,5.0,1000000.0,7.0,1.0,8.0,1.0,8000000.0,1.0,3.0
1424,4.833333333333333,1000000.0,6.0,1.0,6.0,1.0,6000000.0,1.0,3.0
1425,5.166666666666667,1000000.0,7.0,1.0,6.0,1.0,6000000.0,1.0,2.0
1426,4.5,1000000.0,5.0,1.0,6.0,1.0,6000000.0,1.0,3.0
1427,4.625,1000000.0,5.0,1.0,8.0,1.0,8000000.0,1.0,3.0
1428,4.5,1000000.0,5.0,1.0,4.0,0.0,4000000.0,1.0,3.0
1429,4.571428571428571,1000000.0,5.0,1.0,7.0,1.0,7000000.0,1.0,3.0
1430,4.666666666666667,1000000.0,5.0,1.0,6.0,1.0,6000000.0,1.0,3.0
1431,4.6,1000000.0,5.0,1.0,5.0,0.0,5000000.0,1.0,3.0
1432,4.5,1000000.0,5.0,1.0,6.0,1.0,6000000.0,1.0,3.0
1433,4.6,1000000.0,5.0,1.0,5.0,1.0,5000000.0,1.0,3.0
1434,4.5,1000000.0,5.0,1.0,4.0,1.0,4000000.0,1.0,2.0
1435,4.5,1000000.0,5.0,1.0,6.0,1.0,6000000.0,1.0,3.0
1436,4.857142857142857,1000000.0,6.0,1.0,7.0,3.0,7000000.0,1.0,2.0
1437,4.666666666666667,1000000.0,5.0,1.0,6.0,0.0,6000000.0,1.0,2.0
1438,4.5,1000000.0,5.0,1.0,4.0,0.0,4000000.0,1.0,2.0
1439,4.75,1000000.0,6.0,1.0,8.0,1.0,8000000.0,1.0,3.0
1440,4.714285714285714,1000000.0,6.0,1.0,7.0,0.0,7000000.0,1.0,3.0
1441,4.833333333333333,1000000.0,5.0,1.0,6.0,1.0,6000000.0,1.0,3.0
1442,4.8,1000000.0,5.0,1.0,5.0,0.0,5000000.0,1.0,2.0
1443,4.5,1000000.0,5.0,1.0,6.0,0.0,6000000.0,1.0,3.0
1444,5.816901408450704,1000000.0,8.0,1.0,142.0,0.0,142000000.0,1.0,3.0
1445,5.953608247422681,1000000.0,8.0,1.0,388.0,0.0,388000000.0,1.0,3.0
1446,5.989445910290238,1000000.0,9.0,1.0,379.0,0.0,379000000.0,1.0,3.0
1447,5.953002610966058,1000000.0,8.0,1.0,383.0,0.0,383000000.0,1.0,4.0
1448,6.079896907216495,1000000.0,10.0,1.0,388.0,0.0,388000000.0,1.0,2.0
1449,6.024064171122995,1000000.0,9.0,1.0,374.0,0.0,374000000.0,1.0,2.0
1450,6.0190735694822886,1000000.0,9.0,1.0,367.0,0.0,367000000.0,1.0,2.0
1451,6.067024128686327,1000000.0,9.0,1.0,373.0,0.0,373000000.0,1.0,3.0
1452,6.021164021164021,1000000.0,8.0,1.0,378.0,0.0,378000000.0,1.0,2.0
1453,6.042328042328043,1000000.0,10.0,1.0,378.0,0.0,378000000.0,1.0,2.0
1454,6.0136612021857925,1000000.0,9.0,1.0,366.0,0.0,366000000.0,1.0,2.0
1455,6.0272479564032695,1000000.0,8.0,1.0,367.0,0.0,367000000.0,1.0,2.0
1456,6.0296495956873315,1000000.0,9.0,1.0,371.0,0.0,371000000.0,1.0,3.0
1457,6.03475935828877,1000000.0,9.0,1.0,374.0,0.0,374000000.0,1.0,2.0
1458,6.043596730245231,1000000.0,9.0,1.0,367.0,0.0,367000000.0,1.0,2.0
1459,6.061994609164421,1000000.0,9.0,1.0,371.0,0.0,371000000.0,1.0,2.0
1460,6.067024128686327,1000000.0,10.0,1.0,373.0,0.0,373000000.0,1.0,3.0
1461,6.016348773841962,1000000.0,8.0,1.0,367.0,0.0,367000000.0,1.0,2.0
1462,6.016260162601626,1000000.0,9.0,1.0,369.0,0.0,369000000.0,1.0,2.0
1463,6.055851063829787,1000000.0,10.0,1.0,376.0,0.0,376000000.0,1.0,2.0
1464,6.057065217391305,1000000.0,9.0,1.0,368.0,0.0,368000000.0,1.0,2.0
1465,6.024456521739131,1000000.0,9.0,1.0,368.0,0.0,368000000.0,1.0,2.0
1466,6.029810298102981,1000000.0,9.0,1.0,369.0,0.0,369000000.0,1.0,2.0
1467,6.002666666666666,1000000.0,9.0,1.0,375.0,0.0,375000000.0,1.0,2.0
1468,6.02710027100271,1000000.0,8.0,1.0,369.0,0.0,369000000.0,1.0,2.0
1469,5.876865671641791,1000000.0,8.0,1.0,268.0,17.0,268000000.0,1.0,2.0
1470,5.0,1000000.0,6.0,1.0,13.0,1.0,13000000.0,1.0,3.0
1471,4.714285714285714,1000000.0,6.0,1.0,7.0,1.0,7000000.0,1.0,3.0
1472,4.571428571428571,1000000.0,5.0,1.0,7.0,3.0,7000000.0,1.0,2.0
1473,4.75,1000000.0,6.0,1.0,8.0,0.0,8000000.0,1.0,2.0
1474,4.625,1000000.0,5.0,1.0,8.0,2.0,8000000.0,1.0,2.0
1475,4.75,1000000.0,6.0,1.0,8.0,3.0,8000000.0,1.0,3.0
1476,4.6,1000000.0,5.0,1.0,5.0,0.0,5000000.0,1.0,3.0
1477,4.714285714285714,1000000.0,6.0,1.0,7.0,2.0,7000000.0,1.0,3.0
1478,4.5,1000000.0,5.0,1.0,6.0,1.0,6000000.0,1.0,3.0
1479,4.75,1000000.0,6.0,1.0,8.0,1.0,8000000.0,1.0,3.0
1480,4.833333333333333,1000000.0,6.0,1.0,6.0,2.0,6000000.0,1.0,3.0
1481,4.571428571428571,1000000.0,5.0,1.0,7.0,1.0,7000000.0,1.0,3.0
1482,4.714285714285714,1000000.0,6.0,1.0,7.0,2.0,7000000.0,1.0,3.0
1483,4.833333333333333,1000000.0,5.0,1.0,6.0,1.0,6000000.0,1.0,2.0
1484,5.25,1000000.0,6.0,1.0,4.0,0.0,4000000.0,1.0,2.0
1485,4.714285714285714,1000000.0,5.0,1.0,7.0,1.0,7000000.0,1.0,2.0
1486,4.8,1000000.0,5.0,1.0,5.0,0.0,5000000.0,1.0,2.0
1487,4.666666666666667,1000000.0,5.0,1.0,6.0,1.0,6000000.0,1.0,3.0
1488,4.571428571428571,1000000.0,5.0,1.0,7.0,2.0,7000000.0,1.0,2.0
1489,4.333333333333333,1000000.0,5.0,1.0,3.0,0.0,3000000.0,1.0,3.0
1490,4.666666666666667,1000000.0,5.0,1.0,3.0,1.0,3000000.0,1.0,2.0
1491,4.5,1000000.0,5.0,1.0,8.0,1.0,8000000.0,1.0,4.0
1492,4.6,1000000.0,5.0,1.0,5.0,0.0,5000000.0,1.0,3.0
1493,4.75,1000000.0,5.0,1.0,4.0,0.0,4000000.0,1.0,2.0
1494,6.146788990825688,1000000.0,9.0,1.0,109.0,2.0,109000000.0,1.0,3.0
1495,6.0078740157480315,1000000.0,8.0,1.0,381.0,0.0,381000000.0,1.0,3.0
1496,5.947643979057592,1000000.0,8.0,1.0,382.0,1.0,382000000.0,1.0,4.0
1497,6.0076726342711,1000000.0,8.0,1.0,391.0,0.0,391000000.0,1.0,3.0
1498,6.101063829787234,1000000.0,8.0,1.0,376.0,0.0,376000000.0,1.0,3.0
1499,6.035443037974684,1000000.0,8.0,1.0,395.0,0.0,395000000.0,1.0,2.0
1500,6.035135135135135,1000000.0,8.0,1.0,370.0,0.0,370000000.0,1.0,2.0
1501,5.997311827956989,1000000.0,8.0,1.0,372.0,0.0,372000000.0,1.0,3.0
1502,6.026455026455026,1000000.0,8.0,1.0,378.0,0.0,378000000.0,1.0,2.0
1503,6.048648648648649,1000000.0,8.0,1.0,370.0,0.0,370000000.0,1.0,2.0
1504,6.002680965147453,1000000.0,8.0,1.0,373.0,0.0,373000000.0,1.0,2.0
1505,5.877049180327869,1000000.0,8.0,1.0,366.0,0.0,366000000.0,1.0,2.0
1506,5.9361702127659575,1000000.0,8.0,1.0,376.0,0.0,376000000.0,1.0,3.0
1507,5.908847184986596,1000000.0,8.0,1.0,373.0,0.0,373000000.0,1.0,2.0
1508,5.957219251336898,1000000.0,8.0,1.0,374.0,0.0,374000000.0,1.0,2.0
1509,5.9714285714285715,1000000.0,8.0,1.0,385.0,0.0,385000000.0,1.0,2.0
1510,5.950684931506849,1000000.0,8.0,1.0,365.0,0.0,365000000.0,1.0,2.0
1511,5.96514745308311,1000000.0,8.0,1.0,373.0,0.0,373000000.0,1.0,2.0
1512,5.960212201591512,1000000.0,8.0,1.0,377.0,0.0,377000000.0,1.0,2.0
1513,5.954423592493297,1000000.0,8.0,1.0,373.0,0.0,373000000.0,1.0,2.0
1514,5.9046321525885554,1000000.0,9.0,1.0,367.0,0.0,367000000.0,1.0,2.0
1515,6.0379403794037945,1000000.0,8.0,1.0,369.0,0.0,369000000.0,1.0,2.0
1516,6.040650406504065,1000000.0,9.0,1.0,369.0,0.0,369000000.0,1.0,2.0
1517,6.04054054054054,1000000.0,9.0,1.0,370.0,0.0,370000000.0,1.0,2.0
1518,6.067024128686327,1000000.0,9.0,1.0,373.0,0.0,373000000.0,1.0,2.0
1519,6.2388059701492535,1000000.0,10.0,1.0,268.0,17.0,268000000.0,1.0,2.0
1520,9.142857142857142,1000000.0,10.0,1.0,14.0,1.0,14000000.0,1.0,3.0
1521,8.571428571428571,1000000.0,9.0,1.0,7.0,2.0,7000000.0,1.0,2.0
1522,8.833333333333334,1000000.0,10.0,1.0,6.0,2.0,6000000.0,1.0,3.0
1523,8.333333333333334,1000000.0,9.0,1.0,6.0,0.0,6000000.0,1.0,3.0
1524,9.6,1000000.0,10.0,1.0,5.0,0.0,5000000.0,1.0,1.0
1525,8.833333333333334,1000000.0,10.0,1.0,6.0,1.0,6000000.0,1.0,3.0
1526,8.6,1000000.0,9.0,1.0,5.0,1.0,5000000.0,1.0,3.0
1527,8.833333333333334,1000000.0,10.0,1.0,6.0,1.0,6000000.0,1.0,3.0
1528,8.571428571428571,1000000.0,9.0,1.0,7.0,1.0,7000000.0,1.0,3.0
1529,9.2,1000000.0,10.0,1.0,5.0,0.0,5000000.0,1.0,2.0
1530,8.666666666666666,1000000.0,9.0,1.0,6.0,1.0,6000000.0,1.0,3.0
1531,8.857142857142858,1000000.0,10.0,1.0,7.0,2.0,7000000.0,1.0,2.0
1532,8.6,1000000.0,9.0,1.0,5.0,0.0,5000000.0,1.0,3.0
1533,8.5,1000000.0,9.0,1.0,6.0,2.0,6000000.0,1.0,3.0
1534,8.8,1000000.0,9.0,1.0,5.0,0.0,5000000.0,1.0,2.0
1535,8.625,1000000.0,9.0,1.0,8.0,1.0,8000000.0,1.0,3.0
1536,8.857142857142858,1000000.0,10.0,1.0,7.0,2.0,7000000.0,1.0,3.0
1537,8.666666666666666,1000000.0,10.0,1.0,9.0,0.0,9000000.0,1.0,3.0
1538,9.0,1000000.0,9.0,1.0,3.0,0.0,3000000.0,1.0,1.0
1539,8.5,1000000.0,9.0,1.0,6.0,1.0,6000000.0,1.0,3.0
1540,8.75,1000000.0,10.0,1.0,8.0,1.0,8000000.0,1.0,3.0
1541,8.714285714285714,1000000.0,9.0,1.0,7.0,0.0,7000000.0,1.0,2.0
1542,9.0,1000000.0,9.0,1.0,3.0,0.0,3000000.0,1.0,1.0
1543,8.714285714285714,1000000.0,10.0,1.0,7.0,0.0,7000000.0,1.0,3.0
1544,6.0,1000000.0,10.0,1.0,107.0,0.0,107000000.0,1.0,2.0
1545,6.063660477453581,1000000.0,10.0,1.0,377.0,0.0,377000000.0,1.0,3.0
1546,6.127423822714682,1000000.0,8.0,1.0,361.0,0.0,361000000.0,1.0,3.0
1547,6.130790190735695,1000000.0,9.0,1.0,367.0,0.0,367000000.0,1.0,4.0
1548,6.029333333333334,1000000.0,9.0,1.0,375.0,0.0,375000000.0,1.0,3.0
1549,6.133159268929504,1000000.0,11.0,1.0,383.0,0.0,383000000.0,1.0,2.0
1550,6.044502617801047,1000000.0,9.0,1.0,382.0,0.0,382000000.0,1.0,2.0
1551,6.037433155080214,1000000.0,9.0,1.0,374.0,0.0,374000000.0,1.0,3.0
1552,6.0894308943089435,1000000.0,11.0,1.0,369.0,0.0,369000000.0,1.0,2.0
1553,6.077127659574468,1000000.0,9.0,1.0,376.0,0.0,376000000.0,1.0,2.0
1554,6.073170731707317,1000000.0,9.0,1.0,369.0,0.0,369000000.0,1.0,2.0
1555,6.040650406504065,1000000.0,9.0,1.0,369.0,0.0,369000000.0,1.0,2.0
1556,6.037837837837838,1000000.0,9.0,1.0,370.0,0.0,370000000.0,1.0,3.0
1557,6.036458333333333,1000000.0,9.0,1.0,384.0,0.0,384000000.0,1.0,2.0
1558,6.0,1000000.0,8.0,1.0,370.0,0.0,370000000.0,1.0,2.0
1559,6.061994609164421,1000000.0,9.0,1.0,371.0,0.0,371000000.0,1.0,2.0
1560,6.027027027027027,1000000.0,9.0,1.0,370.0,0.0,370000000.0,1.0,2.0
1561,5.991978609625669,1000000.0,8.0,1.0,374.0,0.0,374000000.0,1.0,2.0
1562,6.053619302949062,1000000.0,8.0,1.0,373.0,0.0,373000000.0,1.0,2.0
1563,6.008086253369272,1000000.0,8.0,1.0,371.0,0.0,371000000.0,1.0,2.0
1564,6.026954177897574,1000000.0,8.0,1.0,371.0,0.0,371000000.0,1.0,2.0
1565,6.029100529100529,1000000.0,9.0,1.0,378.0,0.0,378000000.0,1.0,2.0
1566,5.964769647696477,1000000.0,8.0,1.0,369.0,0.0,369000000.0,1.0,3.0
1567,5.956756756756757,1000000.0,8.0,1.0,370.0,0.0,370000000.0,1.0,2.0
1568,5.981182795698925,1000000.0,8.0,1.0,372.0,0.0,372000000.0,1.0,2.0
1569,5.82,1000000.0,8.0,1.0,300.0,18.0,300000000.0,1.0,3.0
1570,5.055555555555555,1000000.0,6.0,1.0,18.0,2.0,18000000.0,1.0,3.0
1571,4.5,1000000.0,5.0,1.0,8.0,2.0,8000000.0,1.0,3.0
1572,4.666666666666667,1000000.0,5.0,1.0,6.0,2.0,6000000.0,1.0,2.0
1573,4.857142857142857,1000000.0,6.0,1.0,7.0,1.0,7000000.0,1.0,3.0
1574,5.0,1000000.0,7.0,1.0,8.0,0.0,8000000.0,1.0,3.0
1575,4.75,1000000.0,5.0,1.0,4.0,0.0,4000000.0,1.0,2.0
1576,4.6,1000000.0,5.0,1.0,5.0,1.0,5000000.0,1.0,3.0
1577,4.4,1000000.0,5.0,1.0,5.0,1.0,5000000.0,1.0,3.0
1578,4.666666666666667,1000000.0,5.0,1.0,6.0,1.0,6000000.0,1.0,2.0
1579,4.5,1000000.0,5.0,1.0,4.0,1.0,4000000.0,1.0,3.0
1580,4.833333333333333,1000000.0,6.0,1.0,6.0,0.0,6000000.0,1.0,3.0
1581,4.75,1000000.0,5.0,1.0,4.0,0.0,4000000.0,1.0,2.0
1582,4.571428571428571,1000000.0,5.0,1.0,7.0,2.0,7000000.0,1.0,2.0
1583,4.714285714285714,1000000.0,5.0,1.0,7.0,1.0,7000000.0,1.0,3.0
1584,4.571428571428571,1000000.0,5.0,1.0,7.0,1.0,7000000.0,1.0,3.0
1585,4.666666666666667,1000000.0,5.0,1.0,6.0,1.0,6000000.0,1.0,2.0
1586,5.0,1000000.0,6.0,1.0,4.0,1.0,4000000.0,1.0,3.0
1587,4.666666666666667,1000000.0,5.0,1.0,9.0,2.0,9000000.0,1.0,2.0
1588,4.5,1000000.0,5.0,1.0,6.0,0.0,6000000.0,1.0,3.0
1589,4.6,1000000.0,5.0,1.0,5.0,1.0,5000000.0,1.0,3.0
1590,4.666666666666667,1000000.0,5.0,1.0,6.0,0.0,6000000.0,1.0,3.0
1591,4.833333333333333,1000000.0,6.0,1.0,6.0,1.0,6000000.0,1.0,3.0
1592,4.4,1000000.0,5.0,1.0,5.0,2.0,5000000.0,1.0,3.0
1593,4.875,1000000.0,6.0,1.0,8.0,0.0,8000000.0,1.0,3.0
1594,5.65979381443299,1000000.0,8.0,1.0,97.0,0.0,97000000.0,1.0,3.0
1595,5.968421052631579,1000000.0,8.0,1.0,380.0,0.0,380000000.0,1.0,3.0
1596,5.966666666666667,1000000.0,8.0,1.0,390.0,0.0,390000000.0,1.0,4.0
1597,5.946380697050938,1000000.0,8.0,1.0,373.0,0.0,373000000.0,1.0,4.0
1598,5.965699208443271,1000000.0,8.0,1.0,379.0,0.0,379000000.0,1.0,3.0
1599,5.943699731903485,1000000.0,8.0,1.0,373.0,0.0,373000000.0,1.0,2.0
1600,6.043010752688172,1000000.0,9.0,1.0,372.0,0.0,372000000.0,1.0,2.0
1601,5.917553191489362,1000000.0,8.0,1.0,376.0,0.0,376000000.0,1.0,3.0
1602,5.973890339425587,1000000.0,8.0,1.0,383.0,0.0,383000000.0,1.0,2.0
1603,5.959677419354839,1000000.0,8.0,1.0,372.0,0.0,372000000.0,1.0,2.0
1604,5.962466487935657,1000000.0,8.0,1.0,373.0,0.0,373000000.0,1.0,2.0
1605,5.938502673796791,1000000.0,8.0,1.0,374.0,0.0,374000000.0,1.0,2.0
1606,5.97027027027027,1000000.0,9.0,1.0,370.0,0.0,370000000.0,1.0,3.0
1607,6.073369565217392,1000000.0,9.0,1.0,368.0,0.0,368000000.0,1.0,2.0
1608,6.065217391304348,1000000.0,8.0,1.0,368.0,0.0,368000000.0,1.0,2.0
1609,6.072386058981233,1000000.0,9.0,1.0,373.0,0.0,373000000.0,1.0,2.0
1610,6.002717391304348,1000000.0,9.0,1.0,368.0,0.0,368000000.0,1.0,2.0
1611,5.978378378378379,1000000.0,8.0,1.0,370.0,0.0,370000000.0,1.0,2.0
1612,6.059782608695652,1000000.0,9.0,1.0,368.0,0.0,368000000.0,1.0,2.0
1613,6.040650406504065,1000000.0,9.0,1.0,369.0,0.0,369000000.0,1.0,3.0
1614,5.955555555555556,1000000.0,8.0,1.0,360.0,0.0,360000000.0,1.0,2.0
1615,6.0190735694822886,1000000.0,9.0,1.0,367.0,0.0,367000000.0,1.0,2.0
1616,6.043243243243243,1000000.0,8.0,1.0,370.0,0.0,370000000.0,1.0,2.0
1617,6.011111111111111,1000000.0,8.0,1.0,360.0,0.0,360000000.0,1.0,2.0
1618,6.005420054200542,1000000.0,8.0,1.0,369.0,0.0,369000000.0,1.0,2.0
1619,6.201298701298701,1000000.0,9.0,1.0,308.0,17.0,308000000.0,1.0,3.0
1620,8.933333333333334,1000000.0,10.0,1.0,15.0,2.0,15000000.0,1.0,3.0
1621,8.5,1000000.0,9.0,1.0,6.0,2.0,6000000.0,1.0,2.0
1622,8.5,1000000.0,9.0,1.0,6.0,1.0,6000000.0,1.0,3.0
1623,8.6,1000000.0,9.0,1.0,5.0,0.0,5000000.0,1.0,2.0
1624,8.666666666666666,1000000.0,9.0,1.0,6.0,1.0,6000000.0,1.0,2.0
1625,9.0,1000000.0,10.0,1.0,7.0,2.0,7000000.0,1.0,2.0
1626,8.6,1000000.0,9.0,1.0,10.0,2.0,10000000.0,1.0,3.0
1627,8.4,1000000.0,9.0,1.0,5.0,0.0,5000000.0,1.0,3.0
1628,8.857142857142858,1000000.0,10.0,1.0,7.0,1.0,7000000.0,1.0,4.0
1629,8.714285714285714,1000000.0,9.0,1.0,7.0,2.0,7000000.0,1.0,2.0
1630,8.666666666666666,1000000.0,9.0,1.0,6.0,1.0,6000000.0,1.0,2.0
1631,8.571428571428571,1000000.0,9.0,1.0,7.0,1.0,7000000.0,1.0,3.0
1632,8.666666666666666,1000000.0,9.0,1.0,6.0,1.0,6000000.0,1.0,2.0
1633,8.571428571428571,1000000.0,9.0,1.0,7.0,1.0,7000000.0,1.0,3.0
1634,9.0,1000000.0,10.0,1.0,6.0,1.0,6000000.0,1.0,2.0
1635,8.5,1000000.0,9.0,1.0,6.0,2.0,6000000.0,1.0,3.0
1636,8.8,1000000.0,9.0,1.0,5.0,1.0,5000000.0,1.0,2.0
1637,8.625,1000000.0,9.0,1.0,8.0,1.0,8000000.0,1.0,3.0
1638,8.625,1000000.0,9.0,1.0,8.0,1.0,8000000.0,1.0,3.0
1639,8.8,1000000.0,9.0,1.0,5.0,1.0,5000000.0,1.0,2.0
1640,8.666666666666666,1000000.0,10.0,1.0,6.0,1.0,6000000.0,1.0,3.0
1641,8.5,1000000.0,9.0,1.0,6.0,1.0,6000000.0,1.0,3.0
1642,8.571428571428571,1000000.0,9.0,1.0,7.0,1.0,7000000.0,1.0,3.0
1643,8.666666666666666,1000000.0,9.0,1.0,6.0,0.0,6000000.0,1.0,3.0
1644,6.056179775280899,1000000.0,9.0,1.0,89.0,0.0,89000000.0,1.0,3.0
1645,6.025510204081633,1000000.0,9.0,1.0,392.0,0.0,392000000.0,1.0,3.0
1646,6.609625668449198,1000000.0,9.0,1.0,187.0,0.0,187000000.0,1.0,2.0
1647,6.057291666666667,1000000.0,9.0,1.0,384.0,1.0,384000000.0,1.0,3.0
1648,6.0710382513661205,1000000.0,9.0,1.0,366.0,0.0,366000000.0,1.0,2.0
1649,6.029972752043597,1000000.0,9.0,1.0,367.0,0.0,367000000.0,1.0,2.0
1650,6.100271002710027,1000000.0,10.0,1.0,369.0,0.0,369000000.0,1.0,2.0
1651,6.033078880407125,1000000.0,11.0,1.0,393.0,0.0,393000000.0,1.0,3.0
1652,6.023809523809524,1000000.0,10.0,1.0,378.0,0.0,378000000.0,1.0,2.0
1653,6.032432432432432,1000000.0,8.0,1.0,370.0,0.0,370000000.0,1.0,2.0
1654,6.037735849056604,1000000.0,8.0,1.0,371.0,0.0,371000000.0,1.0,2.0
1655,5.997304582210242,1000000.0,8.0,1.0,371.0,0.0,371000000.0,1.0,2.0
1656,6.018970189701897,1000000.0,8.0,1.0,369.0,0.0,369000000.0,1.0,3.0
1657,6.005305039787799,1000000.0,8.0,1.0,377.0,0.0,377000000.0,1.0,2.0
1658,6.063013698630137,1000000.0,8.0,1.0,365.0,0.0,365000000.0,1.0,2.0
1659,6.015915119363395,1000000.0,8.0,1.0,377.0,0.0,377000000.0,1.0,2.0
1660,5.983914209115282,1000000.0,8.0,1.0,373.0,0.0,373000000.0,1.0,2.0
1661,5.994565217391305,1000000.0,8.0,1.0,368.0,0.0,368000000.0,1.0,2.0
1662,6.021505376344086,1000000.0,8.0,1.0,372.0,0.0,372000000.0,1.0,2.0
1663,6.013850415512465,1000000.0,8.0,1.0,361.0,0.0,361000000.0,1.0,2.0
1664,5.976127320954907,1000000.0,8.0,1.0,377.0,0.0,377000000.0,1.0,2.0
1665,5.9568733153638815,1000000.0,8.0,1.0,371.0,0.0,371000000.0,1.0,2.0
1666,5.912698412698413,1000000.0,8.0,1.0,378.0,0.0,378000000.0,1.0,2.0
1667,5.967567567567568,1000000.0,8.0,1.0,370.0,0.0,370000000.0,1.0,2.0
1668,5.9838274932614555,1000000.0,8.0,1.0,371.0,0.0,371000000.0,1.0,2.0
1669,5.881987577639752,1000000.0,8.0,1.0,322.0,15.0,322000000.0,1.0,3.0
1670,5.230769230769231,1000000.0,6.0,1.0,13.0,1.0,13000000.0,1.0,3.0
1671,4.666666666666667,1000000.0,5.0,1.0,6.0,1.0,6000000.0,1.0,2.0
1672,4.4,1000000.0,5.0,1.0,5.0,1.0,5000000.0,1.0,3.0
1673,4.571428571428571,1000000.0,5.0,1.0,7.0,2.0,7000000.0,1.0,2.0
1674,4.5,1000000.0,5.0,1.0,4.0,1.0,4000000.0,1.0,2.0
1675,4.8,1000000.0,5.0,1.0,5.0,0.0,5000000.0,1.0,2.0
1676,4.875,1000000.0,6.0,1.0,8.0,2.0,8000000.0,1.0,3.0
1677,4.8,1000000.0,5.0,1.0,5.0,0.0,5000000.0,1.0,2.0
1678,4.833333333333333,1000000.0,6.0,1.0,6.0,0.0,6000000.0,1.0,3.0
1679,4.571428571428571,1000000.0,5.0,1.0,7.0,3.0,7000000.0,1.0,2.0
1680,5.0,1000000.0,6.0,1.0,6.0,1.0,6000000.0,1.0,3.0
1681,4.428571428571429,1000000.0,5.0,1.0,7.0,1.0,7000000.0,1.0,3.0
1682,4.6,1000000.0,5.0,1.0,5.0,0.0,5000000.0,1.0,2.0
1683,4.571428571428571,1000000.0,5.0,1.0,7.0,2.0,7000000.0,1.0,3.0
1684,4.6,1000000.0,5.0,1.0,5.0,0.0,5000000.0,1.0,3.0
1685,4.5,1000000.0,5.0,1.0,6.0,0.0,6000000.0,1.0,3.0
1686,5.2,1000000.0,6.0,1.0,5.0,0.0,5000000.0,1.0,1.0
1687,4.625,1000000.0,5.0,1.0,8.0,1.0,8000000.0,1.0,3.0
1688,4.428571428571429,1000000.0,5.0,1.0,7.0,1.0,7000000.0,1.0,3.0
1689,4.6,1000000.0,5.0,1.0,5.0,2.0,5000000.0,1.0,2.0
1690,4.75,1000000.0,5.0,1.0,4.0,0.0,4000000.0,1.0,2.0
1691,4.6,1000000.0,5.0,1.0,5.0,1.0,5000000.0,1.0,2.0
1692,4.571428571428571,1000000.0,5.0,1.0,7.0,1.0,7000000.0,1.0,3.0
1693,4.666666666666667,1000000.0,5.0,1.0,3.0,0.0,3000000.0,1.0,2.0
1694,5.3875,1000000.0,8.0,1.0,80.0,0.0,80000000.0,1.0,3.0
1695,5.977099236641221,1000000.0,8.0,1.0,393.0,2.0,393000000.0,1.0,4.0
1696,5.962962962962963,1000000.0,8.0,1.0,378.0,0.0,378000000.0,1.0,3.0
1697,5.940379403794038,1000000.0,8.0,1.0,369.0,0.0,369000000.0,1.0,4.0
1698,5.965699208443271,1000000.0,8.0,1.0,379.0,0.0,379000000.0,1.0,2.0
1699,5.997347480106101,1000000.0,9.0,1.0,377.0,0.0,377000000.0,1.0,2.0
1700,5.97319034852547,1000000.0,8.0,1.0,373.0,0.0,373000000.0,1.0,2.0
1701,6.070844686648502,1000000.0,10.0,1.0,367.0,0.0,367000000.0,1.0,2.0
1702,6.046070460704607,1000000.0,10.0,1.0,369.0,0.0,369000000.0,1.0,3.0
1703,6.048128342245989,1000000.0,9.0,1.0,374.0,0.0,374000000.0,1.0,2.0
1704,6.037533512064343,1000000.0,9.0,1.0,373.0,0.0,373000000.0,1.0,2.0
1705,6.021978021978022,1000000.0,8.0,1.0,364.0,0.0,364000000.0,1.0,2.0
1706,6.06989247311828,1000000.0,9.0,1.0,372.0,0.0,372000000.0,1.0,2.0
1707,6.026666666666666,1000000.0,8.0,1.0,375.0,0.0,375000000.0,1.0,2.0
1708,6.046448087431694,1000000.0,9.0,1.0,366.0,0.0,366000000.0,1.0,2.0
1709,6.038043478260869,1000000.0,9.0,1.0,368.0,0.0,368000000.0,1.0,2.0
1710,6.05420054200542,1000000.0,9.0,1.0,369.0,0.0,369000000.0,1.0,2.0
1711,6.020997375328084,1000000.0,9.0,1.0,381.0,0.0,381000000.0,1.0,2.0
1712,6.032608695652174,1000000.0,8.0,1.0,368.0,0.0,368000000.0,1.0,2.0
1713,6.035040431266847,1000000.0,9.0,1.0,371.0,0.0,371000000.0,1.0,2.0
1714,6.047752808988764,1000000.0,9.0,1.0,356.0,0.0,356000000.0,1.0,2.0
1715,6.018918918918919,1000000.0,10.0,1.0,370.0,0.0,370000000.0,1.0,2.0
1716,6.024590163934426,1000000.0,9.0,1.0,366.0,0.0,366000000.0,1.0,2.0
1717,6.040871934604905,1000000.0,8.0,1.0,367.0,0.0,367000000.0,1.0,2.0
1718,6.064864864864865,1000000.0,8.0,1.0,370.0,0.0,370000000.0,1.0,2.0
1719,5.886435331230284,1000000.0,8.0,1.0,317.0,14.0,317000000.0,1.0,2.0
1720,5.142857142857143,1000000.0,6.0,1.0,14.0,1.0,14000000.0,1.0,3.0
1721,4.571428571428571,1000000.0,5.0,1.0,7.0,2.0,7000000.0,1.0,2.0
1722,4.5,1000000.0,5.0,1.0,4.0,2.0,4000000.0,1.0,2.0
1723,4.5,1000000.0,5.0,1.0,6.0,1.0,6000000.0,1.0,3.0
1724,4.666666666666667,1000000.0,6.0,1.0,9.0,1.0,9000000.0,1.0,4.0
1725,4.833333333333333,1000000.0,6.0,1.0,6.0,1.0,6000000.0,1.0,3.0
1726,4.5,1000000.0,7.0,1.0,6.0,1.0,6000000.0,1.0,3.0
1727,4.571428571428571,1000000.0,6.0,1.0,7.0,2.0,7000000.0,1.0,3.0
1728,4.714285714285714,1000000.0,5.0,1.0,7.0,1.0,7000000.0,1.0,2.0
1729,4.8,1000000.0,5.0,1.0,5.0,0.0,5000000.0,1.0,3.0
1730,4.857142857142857,1000000.0,7.0,1.0,7.0,2.0,7000000.0,1.0,4.0
1731,4.666666666666667,1000000.0,5.0,1.0,6.0,0.0,6000000.0,1.0,3.0
1732,4.666666666666667,1000000.0,5.0,1.0,6.0,1.0,6000000.0,1.0,2.0
1733,4.6,1000000.0,5.0,1.0,5.0,2.0,5000000.0,1.0,2.0
1734,5.0,1000000.0,6.0,1.0,6.0,0.0,6000000.0,1.0,3.0
1735,4.4,1000000.0,5.0,1.0,5.0,1.0,5000000.0,1.0,3.0
1736,4.5,1000000.0,5.0,1.0,6.0,0.0,6000000.0,1.0,3.0
1737,4.75,1000000.0,5.0,1.0,4.0,0.0,4000000.0,1.0,2.0
1738,4.4,1000000.0,5.0,1.0,5.0,0.0,5000000.0,1.0,3.0
1739,4.833333333333333,1000000.0,5.0,1.0,6.0,0.0,6000000.0,1.0,2.0
1740,4.75,1000000.0,5.0,1.0,4.0,0.0,4000000.0,1.0,2.0
1741,4.714285714285714,1000000.0,5.0,1.0,7.0,1.0,7000000.0,1.0,2.0
1742,4.625,1000000.0,6.0,1.0,8.0,2.0,8000000.0,1.0,3.0
1743,4.5,1000000.0,5.0,1.0,2.0,0.0,2000000.0,1.0,2.0
1744,5.304347826086956,1000000.0,8.0,1.0,69.0,2.0,69000000.0,1.0,3.0
1745,5.950261780104712,1000000.0,8.0,1.0,382.0,3.0,382000000.0,1.0,4.0
1746,5.954666666666666,1000000.0,8.0,1.0,375.0,0.0,375000000.0,1.0,3.0
1747,5.978947368421053,1000000.0,8.0,1.0,380.0,0.0,380000000.0,1.0,4.0
1748,5.941333333333334,1000000.0,8.0,1.0,375.0,0.0,375000000.0,1.0,2.0
1749,5.959677419354839,1000000.0,8.0,1.0,372.0,0.0,372000000.0,1.0,2.0
1750,5.927807486631016,1000000.0,8.0,1.0,374.0,0.0,374000000.0,1.0,2.0
1751,5.965425531914893,1000000.0,8.0,1.0,376.0,0.0,376000000.0,1.0,3.0
1752,5.944148936170213,1000000.0,9.0,1.0,376.0,0.0,376000000.0,1.0,2.0
1753,5.989304812834225,1000000.0,8.0,1.0,374.0,0.0,374000000.0,1.0,2.0
1754,5.982097186700767,1000000.0,8.0,1.0,391.0,0.0,391000000.0,1.0,2.0
1755,5.948087431693989,1000000.0,8.0,1.0,366.0,0.0,366000000.0,1.0,2.0
1756,5.946808510638298,1000000.0,8.0,1.0,376.0,0.0,376000000.0,1.0,4.0
1757,5.935483870967742,1000000.0,8.0,1.0,372.0,0.0,372000000.0,1.0,2.0
1758,5.962466487935657,1000000.0,8.0,1.0,373.0,0.0,373000000.0,1.0,2.0
1759,5.949333333333334,1000000.0,8.0,1.0,375.0,0.0,375000000.0,1.0,3.0
1760,5.959568733153639,1000000.0,8.0,1.0,371.0,0.0,371000000.0,1.0,2.0
1761,5.953678474114441,1000000.0,8.0,1.0,367.0,0.0,367000000.0,1.0,2.0
1762,5.977591036414566,1000000.0,8.0,1.0,357.0,0.0,357000000.0,1.0,2.0
1763,5.979002624671916,1000000.0,8.0,1.0,381.0,0.0,381000000.0,1.0,2.0
1764,5.954423592493297,1000000.0,8.0,1.0,373.0,0.0,373000000.0,1.0,2.0
1765,5.964959568733153,1000000.0,9.0,1.0,371.0,0.0,371000000.0,1.0,2.0
1766,6.045945945945946,1000000.0,9.0,1.0,370.0,0.0,370000000.0,1.0,2.0
1767,6.029972752043597,1000000.0,9.0,1.0,367.0,0.0,367000000.0,1.0,2.0
1768,6.048517520215634,1000000.0,9.0,1.0,371.0,0.0,371000000.0,1.0,2.0
1769,6.21021021021021,1000000.0,10.0,1.0,333.0,16.0,333000000.0,1.0,3.0
1770,9.071428571428571,1000000.0,10.0,1.0,14.0,2.0,14000000.0,1.0,3.0
1771,8.571428571428571,1000000.0,9.0,1.0,7.0,1.0,7000000.0,1.0,4.0
1772,8.875,1000000.0,10.0,1.0,8.0,3.0,8000000.0,1.0,2.0
1773,8.666666666666666,1000000.0,9.0,1.0,6.0,0.0,6000000.0,1.0,3.0
1774,8.6,1000000.0,9.0,1.0,5.0,1.0,5000000.0,1.0,2.0
1775,8.571428571428571,1000000.0,9.0,1.0,7.0,1.0,7000000.0,1.0,3.0
1776,8.8,1000000.0,9.0,1.0,5.0,0.0,5000000.0,1.0,2.0
1777,9.285714285714286,1000000.0,11.0,1.0,7.0,1.0,7000000.0,1.0,3.0
1778,8.5,1000000.0,9.0,1.0,6.0,1.0,6000000.0,1.0,3.0
1779,8.625,1000000.0,9.0,1.0,8.0,1.0,8000000.0,1.0,3.0
1780,8.75,1000000.0,9.0,1.0,4.0,1.0,4000000.0,1.0,2.0
1781,8.666666666666666,1000000.0,9.0,1.0,6.0,0.0,6000000.0,1.0,3.0
1782,8.714285714285714,1000000.0,10.0,1.0,7.0,0.0,7000000.0,1.0,3.0
1783,8.6,1000000.0,9.0,1.0,5.0,2.0,5000000.0,1.0,2.0
1784,8.6,1000000.0,9.0,1.0,5.0,0.0,5000000.0,1.0,3.0
1785,8.5,1000000.0,9.0,1.0,6.0,1.0,6000000.0,1.0,4.0
1786,8.666666666666666,1000000.0,9.0,1.0,3.0,1.0,3000000.0,1.0,2.0
1787,8.625,1000000.0,9.0,1.0,8.0,2.0,8000000.0,1.0,2.0
1788,8.5,1000000.0,9.0,1.0,4.0,0.0,4000000.0,1.0,3.0
1789,9.25,1000000.0,10.0,1.0,4.0,1.0,4000000.0,1.0,2.0
1790,8.833333333333334,1000000.0,10.0,1.0,6.0,0.0,6000000.0,1.0,3.0
1791,8.8,1000000.0,9.0,1.0,5.0,1.0,5000000.0,1.0,2.0
1792,8.857142857142858,1000000.0,10.0,1.0,7.0,2.0,7000000.0,1.0,3.0
1793,8.5,1000000.0,9.0,1.0,6.0,0.0,6000000.0,1.0,3.0
1794,6.218181818181818,1000000.0,9.0,1.0,55.0,2.0,55000000.0,1.0,3.0
1795,6.093406593406593,1000000.0,9.0,1.0,364.0,1.0,364000000.0,1.0,4.0
1796,5.9317585301837275,1000000.0,8.0,1.0,381.0,0.0,381000000.0,1.0,3.0
1797,5.970744680851064,1000000.0,9.0,1.0,376.0,0.0,376000000.0,1.0,4.0
1798,6.037037037037037,1000000.0,9.0,1.0,378.0,0.0,378000000.0,1.0,3.0
1799,6.043478260869565,1000000.0,8.0,1.0,368.0,0.0,368000000.0,1.0,2.0
1800,6.056603773584905,1000000.0,9.0,1.0,371.0,0.0,371000000.0,1.0,2.0
1801,6.049180327868853,1000000.0,9.0,1.0,366.0,0.0,366000000.0,1.0,3.0
1802,6.207349081364829,1000000.0,11.0,1.0,381.0,0.0,381000000.0,1.0,2.0
1803,6.064864864864865,1000000.0,9.0,1.0,370.0,0.0,370000000.0,1.0,2.0
1804,6.005449591280654,1000000.0,8.0,1.0,367.0,0.0,367000000.0,1.0,2.0
1805,6.038567493112947,1000000.0,8.0,1.0,363.0,0.0,363000000.0,1.0,2.0
1806,6.02156334231806,1000000.0,9.0,1.0,371.0,0.0,371000000.0,1.0,3.0
1807,6.050938337801608,1000000.0,9.0,1.0,373.0,0.0,373000000.0,1.0,2.0
1808,6.024064171122995,1000000.0,9.0,1.0,374.0,0.0,374000000.0,1.0,2.0
1809,6.057065217391305,1000000.0,9.0,1.0,368.0,0.0,368000000.0,1.0,2.0
1810,6.080213903743315,1000000.0,9.0,1.0,374.0,0.0,374000000.0,1.0,2.0
1811,6.024193548387097,1000000.0,8.0,1.0,372.0,0.0,372000000.0,1.0,2.0
1812,6.026954177897574,1000000.0,8.0,1.0,371.0,0.0,371000000.0,1.0,2.0
1813,6.061497326203209,1000000.0,8.0,1.0,374.0,0.0,374000000.0,1.0,2.0
1814,5.955678670360111,1000000.0,8.0,1.0,361.0,0.0,361000000.0,1.0,2.0
1815,5.997275204359673,1000000.0,8.0,1.0,367.0,0.0,367000000.0,1.0,2.0
1816,6.026954177897574,1000000.0,8.0,1.0,371.0,0.0,371000000.0,1.0,2.0
1817,6.005376344086022,1000000.0,8.0,1.0,372.0,0.0,372000000.0,1.0,2.0
1818,5.994520547945205,1000000.0,8.0,1.0,365.0,0.0,365000000.0,1.0,2.0
1819,5.912790697674419,1000000.0,8.0,1.0,344.0,16.0,344000000.0,1.0,2.0
1820,5.153846153846154,1000000.0,6.0,1.0,13.0,1.0,13000000.0,1.0,3.0
1821,4.4,1000000.0,5.0,1.0,5.0,0.0,5000000.0,1.0,3.0
1822,5.0,1000000.0,6.0,1.0,6.0,2.0,6000000.0,1.0,2.0
1823,4.5,1000000.0,5.0,1.0,4.0,0.0,4000000.0,1.0,3.0
1824,4.6,1000000.0,5.0,1.0,5.0,1.0,5000000.0,1.0,2.0
1825,4.666666666666667,1000000.0,5.0,1.0,6.0,2.0,6000000.0,1.0,2.0
1826,4.571428571428571,1000000.0,5.0,1.0,7.0,1.0,7000000.0,1.0,3.0
1827,5.0,1000000.0,6.0,1.0,7.0,1.0,7000000.0,1.0,3.0
1828,4.714285714285714,1000000.0,5.0,1.0,7.0,2.0,7000000.0,1.0,2.0
1829,4.5,1000000.0,5.0,1.0,6.0,0.0,6000000.0,1.0,3.0
1830,4.857142857142857,1000000.0,6.0,1.0,7.0,2.0,7000000.0,1.0,2.0
1831,4.5,1000000.0,5.0,1.0,8.0,1.0,8000000.0,1.0,4.0
1832,5.0,1000000.0,6.0,1.0,5.0,0.0,5000000.0,1.0,2.0
1833,4.666666666666667,1000000.0,5.0,1.0,6.0,2.0,6000000.0,1.0,2.0
1834,4.625,1000000.0,5.0,1.0,8.0,2.0,8000000.0,1.0,2.0
1835,4.833333333333333,1000000.0,6.0,1.0,6.0,1.0,6000000.0,1.0,2.0
1836,4.6,1000000.0,5.0,1.0,5.0,2.0,5000000.0,1.0,2.0
1837,4.6,1000000.0,5.0,1.0,5.0,1.0,5000000.0,1.0,2.0
1838,4.833333333333333,1000000.0,6.0,1.0,6.0,0.0,6000000.0,1.0,3.0
1839,4.833333333333333,1000000.0,6.0,1.0,6.0,1.0,6000000.0,1.0,3.0
1840,4.428571428571429,1000000.0,5.0,1.0,7.0,2.0,7000000.0,1.0,3.0
1841,4.6,1000000.0,5.0,1.0,5.0,1.0,5000000.0,1.0,2.0
1842,4.75,1000000.0,5.0,1.0,4.0,0.0,4000000.0,1.0,2.0
1843,4.6,1000000.0,5.0,1.0,5.0,0.0,5000000.0,1.0,2.0
1844,5.5,1000000.0,8.0,1.0,52.0,1.0,52000000.0,1.0,3.0
1845,5.904255319148936,1000000.0,8.0,1.0,376.0,2.0,376000000.0,1.0,4.0
1846,5.979002624671916,1000000.0,8.0,1.0,381.0,0.0,381000000.0,1.0,2.0
1847,5.96042216358839,1000000.0,9.0,1.0,379.0,1.0,379000000.0,1.0,4.0
1848,5.944148936170213,1000000.0,8.0,1.0,376.0,0.0,376000000.0,1.0,3.0
1849,5.957219251336898,1000000.0,8.0,1.0,374.0,0.0,374000000.0,1.0,2.0
1850,5.959893048128342,1000000.0,8.0,1.0,374.0,0.0,374000000.0,1.0,2.0
1851,5.95945945945946,1000000.0,8.0,1.0,370.0,0.0,370000000.0,1.0,2.0
1852,5.928381962864721,1000000.0,8.0,1.0,377.0,0.0,377000000.0,1.0,3.0
1853,6.111111111111111,1000000.0,10.0,1.0,378.0,0.0,378000000.0,1.0,2.0
1854,5.97948717948718,1000000.0,8.0,1.0,390.0,0.0,390000000.0,1.0,2.0
1855,5.962765957446808,1000000.0,8.0,1.0,376.0,0.0,376000000.0,1.0,2.0
1856,5.946666666666666,1000000.0,8.0,1.0,375.0,0.0,375000000.0,1.0,2.0
1857,5.946524064171123,1000000.0,8.0,1.0,374.0,0.0,374000000.0,1.0,3.0
1858,5.984496124031008,1000000.0,9.0,1.0,387.0,0.0,387000000.0,1.0,2.0
1859,5.951742627345845,1000000.0,8.0,1.0,373.0,0.0,373000000.0,1.0,2.0
1860,5.959893048128342,1000000.0,9.0,1.0,374.0,0.0,374000000.0,1.0,2.0
1861,5.947089947089947,1000000.0,8.0,1.0,378.0,0.0,378000000.0,1.0,2.0
1862,5.983914209115282,1000000.0,8.0,1.0,373.0,0.0,373000000.0,1.0,2.0
1863,5.986666666666666,1000000.0,9.0,1.0,375.0,0.0,375000000.0,1.0,2.0
1864,6.051490514905149,1000000.0,9.0,1.0,369.0,0.0,369000000.0,1.0,2.0
1865,6.0638297872340425,1000000.0,8.0,1.0,376.0,0.0,376000000.0,1.0,2.0
1866,6.024456521739131,1000000.0,9.0,1.0,368.0,0.0,368000000.0,1.0,2.0
1867,6.040871934604905,1000000.0,9.0,1.0,367.0,0.0,367000000.0,1.0,3.0
1868,6.048780487804878,1000000.0,8.0,1.0,369.0,0.0,369000000.0,1.0,2.0
1869,6.222543352601156,1000000.0,9.0,1.0,346.0,17.0,346000000.0,1.0,2.0
1870,8.944444444444445,1000000.0,10.0,1.0,18.0,4.0,18000000.0,1.0,3.0
1871,8.714285714285714,1000000.0,9.0,1.0,7.0,1.0,7000000.0,1.0,2.0
1872,8.833333333333334,1000000.0,10.0,1.0,6.0,2.0,6000000.0,1.0,3.0
1873,8.8,1000000.0,9.0,1.0,5.0,0.0,5000000.0,1.0,2.0
1874,8.571428571428571,1000000.0,9.0,1.0,7.0,1.0,7000000.0,1.0,3.0
1875,8.75,1000000.0,9.0,1.0,4.0,0.0,4000000.0,1.0,2.0
1876,8.571428571428571,1000000.0,9.0,1.0,7.0,1.0,7000000.0,1.0,3.0
1877,8.6,1000000.0,9.0,1.0,5.0,0.0,5000000.0,1.0,3.0
1878,9.333333333333334,1000000.0,10.0,1.0,6.0,1.0,6000000.0,1.0,2.0
1879,8.571428571428571,1000000.0,9.0,1.0,7.0,0.0,7000000.0,1.0,3.0
1880,8.833333333333334,1000000.0,9.0,1.0,6.0,1.0,6000000.0,1.0,2.0
1881,8.833333333333334,1000000.0,10.0,1.0,6.0,0.0,6000000.0,1.0,3.0
1882,8.833333333333334,1000000.0,10.0,1.0,6.0,1.0,6000000.0,1.0,3.0
1883,8.8,1000000.0,9.0,1.0,5.0,0.0,5000000.0,1.0,2.0
1884,8.6,1000000.0,9.0,1.0,5.0,1.0,5000000.0,1.0,2.0
1885,8.833333333333334,1000000.0,9.0,1.0,6.0,0.0,6000000.0,1.0,2.0
1886,8.714285714285714,1000000.0,9.0,1.0,7.0,2.0,7000000.0,1.0,2.0
1887,8.5,1000000.0,9.0,1.0,4.0,1.0,4000000.0,1.0,2.0
1888,8.571428571428571,1000000.0,9.0,1.0,7.0,1.0,7000000.0,1.0,3.0
1889,8.666666666666666,1000000.0,9.0,1.0,6.0,2.0,6000000.0,1.0,2.0
1890,8.8,1000000.0,10.0,1.0,5.0,0.0,5000000.0,1.0,3.0
1891,8.625,1000000.0,9.0,1.0,8.0,1.0,8000000.0,1.0,3.0
1892,8.5,1000000.0,9.0,1.0,6.0,1.0,6000000.0,1.0,3.0
1893,8.666666666666666,1000000.0,9.0,1.0,6.0,0.0,6000000.0,1.0,3.0
1894,6.170731707317073,1000000.0,9.0,1.0,41.0,0.0,41000000.0,1.0,3.0
1895,6.151761517615176,1000000.0,10.0,1.0,369.0,3.0,369000000.0,1.0,4.0
1896,6.073878627968337,1000000.0,9.0,1.0,379.0,0.0,379000000.0,1.0,2.0
1897,6.113888888888889,1000000.0,9.0,1.0,360.0,0.0,360000000.0,1.0,4.0
1898,6.023560209424084,1000000.0,9.0,1.0,382.0,0.0,382000000.0,1.0,2.0
1899,6.074866310160428,1000000.0,8.0,1.0,374.0,0.0,374000000.0,1.0,2.0
1900,6.010869565217392,1000000.0,8.0,1.0,368.0,0.0,368000000.0,1.0,2.0
1901,6.072972972972973,1000000.0,10.0,1.0,370.0,0.0,370000000.0,1.0,2.0
1902,6.053333333333334,1000000.0,9.0,1.0,375.0,0.0,375000000.0,1.0,3.0
1903,6.020997375328084,1000000.0,9.0,1.0,381.0,0.0,381000000.0,1.0,2.0
1904,6.097560975609756,1000000.0,8.0,1.0,369.0,0.0,369000000.0,1.0,2.0
1905,6.0027027027027025,1000000.0,8.0,1.0,370.0,0.0,370000000.0,1.0,2.0
1906,6.043010752688172,1000000.0,8.0,1.0,372.0,0.0,372000000.0,1.0,2.0
1907,5.983870967741935,1000000.0,8.0,1.0,372.0,0.0,372000000.0,1.0,3.0
1908,6.008064516129032,1000000.0,8.0,1.0,372.0,0.0,372000000.0,1.0,2.0
1909,6.005434782608695,1000000.0,8.0,1.0,368.0,0.0,368000000.0,1.0,2.0
1910,5.994550408719346,1000000.0,8.0,1.0,367.0,0.0,367000000.0,1.0,2.0
1911,6.021505376344086,1000000.0,8.0,1.0,372.0,0.0,372000000.0,1.0,2.0
1912,6.008042895442359,1000000.0,8.0,1.0,373.0,0.0,373000000.0,1.0,2.0
1913,6.013586956521739,1000000.0,8.0,1.0,368.0,0.0,368000000.0,1.0,2.0
1914,5.983379501385041,1000000.0,8.0,1.0,361.0,0.0,361000000.0,1.0,2.0
1915,5.997319034852547,1000000.0,8.0,1.0,373.0,0.0,373000000.0,1.0,2.0
1916,6.021621621621621,1000000.0,8.0,1.0,370.0,0.0,370000000.0,1.0,2.0
1917,6.021505376344086,1000000.0,8.0,1.0,372.0,0.0,372000000.0,1.0,2.0
1918,6.0272479564032695,1000000.0,8.0,1.0,367.0,0.0,367000000.0,1.0,2.0
1919,5.869209809264305,1000000.0,8.0,1.0,367.0,14.0,367000000.0,1.0,3.0
1920,5.285714285714286,1000000.0,6.0,1.0,14.0,2.0,14000000.0,1.0,2.0
1921,4.6,1000000.0,5.0,1.0,5.0,0.0,5000000.0,1.0,3.0
1922,4.571428571428571,1000000.0,5.0,1.0,7.0,2.0,7000000.0,1.0,2.0
1923,4.666666666666667,1000000.0,5.0,1.0,6.0,0.0,6000000.0,1.0,3.0
1924,4.75,1000000.0,5.0,1.0,4.0,0.0,4000000.0,1.0,2.0
1925,4.5,1000000.0,5.0,1.0,6.0,2.0,6000000.0,1.0,3.0
1926,4.714285714285714,1000000.0,5.0,1.0,7.0,0.0,7000000.0,1.0,3.0
1927,4.571428571428571,1000000.0,5.0,1.0,7.0,1.0,7000000.0,1.0,3.0
1928,4.571428571428571,1000000.0,5.0,1.0,7.0,2.0,7000000.0,1.0,2.0
1929,4.857142857142857,1000000.0,6.0,1.0,7.0,1.0,7000000.0,1.0,3.0
1930,4.5,1000000.0,5.0,1.0,6.0,2.0,6000000.0,1.0,3.0
1931,4.857142857142857,1000000.0,6.0,1.0,7.0,1.0,7000000.0,1.0,3.0
1932,4.6,1000000.0,5.0,1.0,5.0,2.0,5000000.0,1.0,2.0
1933,4.75,1000000.0,6.0,1.0,8.0,2.0,8000000.0,1.0,3.0
1934,4.6,1000000.0,5.0,1.0,5.0,0.0,5000000.0,1.0,3.0
1935,4.5,1000000.0,5.0,1.0,6.0,1.0,6000000.0,1.0,3.0
1936,4.6,1000000.0,5.0,1.0,5.0,0.0,5000000.0,1.0,2.0
1937,4.75,1000000.0,5.0,1.0,4.0,0.0,4000000.0,1.0,2.0
1938,4.875,1000000.0,6.0,1.0,8.0,1.0,8000000.0,1.0,3.0
1939,4.571428571428571,1000000.0,5.0,1.0,7.0,0.0,7000000.0,1.0,3.0
1940,5.0,1000000.0,5.0,1.0,3.0,0.0,3000000.0,1.0,1.0
1941,4.666666666666667,1000000.0,5.0,1.0,6.0,1.0,6000000.0,1.0,2.0
1942,4.666666666666667,1000000.0,5.0,1.0,6.0,2.0,6000000.0,1.0,2.0
1943,4.857142857142857,1000000.0,6.0,1.0,7.0,0.0,7000000.0,1.0,3.0
1944,5.075,1000000.0,8.0,1.0,40.0,1.0,40000000.0,1.0,3.0
1945,5.9609375,1000000.0,8.0,1.0,384.0,0.0,384000000.0,1.0,3.0
1946,5.901069518716578,1000000.0,8.0,1.0,374.0,2.0,374000000.0,1.0,4.0
1947,5.961139896373057,1000000.0,8.0,1.0,386.0,0.0,386000000.0,1.0,4.0
1948,5.986876640419948,1000000.0,8.0,1.0,381.0,0.0,381000000.0,1.0,2.0
1949,5.929503916449086,1000000.0,8.0,1.0,383.0,0.0,383000000.0,1.0,2.0
1950,6.043010752688172,1000000.0,8.0,1.0,372.0,0.0,372000000.0,1.0,2.0
1951,6.008264462809917,1000000.0,9.0,1.0,363.0,0.0,363000000.0,1.0,2.0
1952,6.048128342245989,1000000.0,9.0,1.0,374.0,0.0,374000000.0,1.0,3.0
1953,6.03494623655914,1000000.0,9.0,1.0,372.0,0.0,372000000.0,1.0,2.0
1954,6.198391420911528,1000000.0,11.0,1.0,373.0,0.0,373000000.0,1.0,2.0
1955,6.010309278350515,1000000.0,8.0,1.0,388.0,0.0,388000000.0,1.0,2.0
1956,6.056300268096515,1000000.0,9.0,1.0,373.0,0.0,373000000.0,1.0,2.0
1957,6.048,1000000.0,11.0,1.0,375.0,0.0,375000000.0,1.0,3.0
1958,6.0557029177718835,1000000.0,9.0,1.0,377.0,0.0,377000000.0,1.0,2.0
1959,6.035135135135135,1000000.0,9.0,1.0,370.0,0.0,370000000.0,1.0,2.0
1960,6.043956043956044,1000000.0,8.0,1.0,364.0,0.0,364000000.0,1.0,2.0
1961,6.02710027100271,1000000.0,8.0,1.0,369.0,0.0,369000000.0,1.0,2.0
1962,6.04,1000000.0,9.0,1.0,375.0,0.0,375000000.0,1.0,3.0
1963,6.035135135135135,1000000.0,10.0,1.0,370.0,0.0,370000000.0,1.0,2.0
1964,6.013440860215054,1000000.0,9.0,1.0,372.0,0.0,372000000.0,1.0,2.0
1965,6.05420054200542,1000000.0,9.0,1.0,369.0,0.0,369000000.0,1.0,2.0
1966,6.03030303030303,1000000.0,9.0,1.0,363.0,0.0,363000000.0,1.0,2.0
1967,6.029810298102981,1000000.0,9.0,1.0,369.0,0.0,369000000.0,1.0,2.0
1968,6.002762430939226,1000000.0,9.0,1.0,362.0,0.0,362000000.0,1.0,2.0
1969,5.9415041782729805,1000000.0,8.0,1.0,359.0,16.0,359000000.0,1.0,2.0
1970,5.142857142857143,1000000.0,6.0,1.0,14.0,1.0,14000000.0,1.0,2.0
1971,4.666666666666667,1000000.0,5.0,1.0,9.0,1.0,9000000.0,1.0,2.0
1972,4.857142857142857,1000000.0,6.0,1.0,7.0,3.0,7000000.0,1.0,2.0
1973,4.666666666666667,1000000.0,5.0,1.0,6.0,0.0,6000000.0,1.0,2.0
1974,4.4,1000000.0,5.0,1.0,5.0,1.0,5000000.0,1.0,3.0
1975,4.857142857142857,1000000.0,6.0,1.0,7.0,2.0,7000000.0,1.0,3.0
1976,4.5,1000000.0,5.0,1.0,6.0,1.0,6000000.0,1.0,3.0
1977,4.666666666666667,1000000.0,5.0,1.0,6.0,0.0,6000000.0,1.0,3.0
1978,4.666666666666667,1000000.0,5.0,1.0,3.0,0.0,3000000.0,1.0,2.0
1979,4.6,1000000.0,5.0,1.0,5.0,0.0,5000000.0,1.0,3.0
1980,4.8,1000000.0,5.0,1.0,5.0,0.0,5000000.0,1.0,2.0
1981,4.25,1000000.0,5.0,1.0,4.0,0.0,4000000.0,1.0,3.0
1982,4.75,1000000.0,6.0,1.0,8.0,2.0,8000000.0,1.0,3.0
1983,5.0,1000000.0,5.0,1.0,3.0,0.0,3000000.0,1.0,1.0
1984,4.5,1000000.0,5.0,1.0,6.0,0.0,6000000.0,1.0,3.0
1985,4.75,1000000.0,5.0,1.0,4.0,0.0,4000000.0,1.0,2.0
1986,4.333333333333333,1000000.0,5.0,1.0,6.0,2.0,6000000.0,1.0,3.0
1987,4.5,1000000.0,5.0,1.0,6.0,1.0,6000000.0,1.0,3.0
1988,4.4,1000000.0,5.0,1.0,5.0,0.0,5000000.0,1.0,3.0
1989,4.5,1000000.0,5.0,1.0,4.0,0.0,4000000.0,1.0,2.0
1990,4.75,1000000.0,6.0,1.0,8.0,2.0,8000000.0,1.0,2.0
1991,4.4,1000000.0,5.0,1.0,5.0,0.0,5000000.0,1.0,3.0
1992,4.666666666666667,1000000.0,6.0,1.0,9.0,2.0,9000000.0,1.0,3.0
1993,4.5,1000000.0,5.0,1.0,4.0,0.0,4000000.0,1.0,3.0
1994,4.535714285714286,1000000.0,8.0,1.0,28.0,0.0,28000000.0,1.0,3.0
1995,5.976127320954907,1000000.0,8.0,1.0,377.0,0.0,377000000.0,1.0,3.0
1996,5.968831168831169,1000000.0,8.0,1.0,385.0,0.0,385000000.0,1.0,3.0
1997,5.939632545931759,1000000.0,9.0,1.0,381.0,0.0,381000000.0,1.0,4.0
1998,5.946666666666666,1000000.0,8.0,1.0,375.0,0.0,375000000.0,1.0,4.0
1999,5.928381962864721,1000000.0,8.0,1.0,377.0,0.0,377000000.0,1.0,2.0
2000,5.962466487935657,1000000.0,8.0,1.0,373.0,0.0,373000000.0,1.0,2.0
2001,5.951742627345845,1000000.0,8.0,1.0,373.0,0.0,373000000.0,1.0,2.0
2002,5.918421052631579,1000000.0,8.0,1.0,380.0,0.0,380000000.0,1.0,3.0
2003,5.980555555555555,1000000.0,8.0,1.0,360.0,0.0,360000000.0,1.0,2.0
2004,5.955555555555556,1000000.0,8.0,1.0,360.0,0.0,360000000.0,1.0,2.0
2005,5.989528795811518,1000000.0,9.0,1.0,382.0,0.0,382000000.0,1.0,2.0
2006,5.974293059125964,1000000.0,8.0,1.0,389.0,0.0,389000000.0,1.0,2.0
2007,5.946091644204852,1000000.0,8.0,1.0,371.0,0.0,371000000.0,1.0,3.0
2008,5.974025974025974,1000000.0,8.0,1.0,385.0,0.0,385000000.0,1.0,2.0
2009,5.954177897574124,1000000.0,8.0,1.0,371.0,0.0,371000000.0,1.0,2.0
2010,5.970588235294118,1000000.0,8.0,1.0,374.0,0.0,374000000.0,1.0,2.0
2011,5.946236559139785,1000000.0,8.0,1.0,372.0,0.0,372000000.0,1.0,2.0
2012,5.879781420765028,1000000.0,9.0,1.0,366.0,0.0,366000000.0,1.0,2.0
2013,6.149870801033591,1000000.0,8.0,1.0,387.0,0.0,387000000.0,1.0,2.0
2014,6.126684636118599,1000000.0,8.0,1.0,371.0,0.0,371000000.0,1.0,2.0
2015,6.021390374331551,1000000.0,8.0,1.0,374.0,0.0,374000000.0,1.0,2.0
2016,6.045698924731183,1000000.0,9.0,1.0,372.0,0.0,372000000.0,1.0,2.0
2017,6.019337016574585,1000000.0,11.0,1.0,362.0,0.0,362000000.0,1.0,2.0
2018,6.016260162601626,1000000.0,8.0,1.0,369.0,0.0,369000000.0,1.0,2.0
2019,6.162601626016261,1000000.0,9.0,1.0,369.0,13.0,369000000.0,1.0,2.0
2020,8.944444444444445,1000000.0,10.0,1.0,18.0,4.0,18000000.0,1.0,2.0
2021,8.6,1000000.0,9.0,1.0,10.0,2.0,10000000.0,1.0,2.0
2022,8.857142857142858,1000000.0,10.0,1.0,7.0,0.0,7000000.0,1.0,3.0
2023,8.666666666666666,1000000.0,9.0,1.0,6.0,1.0,6000000.0,1.0,3.0
2024,8.6,1000000.0,9.0,1.0,5.0,1.0,5000000.0,1.0,2.0
2025,8.666666666666666,1000000.0,9.0,1.0,6.0,2.0,6000000.0,1.0,2.0
2026,8.625,1000000.0,9.0,1.0,8.0,1.0,8000000.0,1.0,3.0
2027,8.571428571428571,1000000.0,9.0,1.0,7.0,2.0,7000000.0,1.0,2.0
2028,8.6,1000000.0,9.0,1.0,5.0,1.0,5000000.0,1.0,2.0
2029,8.75,1000000.0,9.0,1.0,4.0,1.0,4000000.0,1.0,2.0
2030,8.6,1000000.0,11.0,1.0,10.0,2.0,10000000.0,1.0,3.0
2031,8.714285714285714,1000000.0,10.0,1.0,7.0,2.0,7000000.0,1.0,3.0
2032,8.571428571428571,1000000.0,9.0,1.0,7.0,0.0,7000000.0,1.0,3.0
2033,8.714285714285714,1000000.0,9.0,1.0,7.0,1.0,7000000.0,1.0,2.0
2034,8.6,1000000.0,9.0,1.0,5.0,0.0,5000000.0,1.0,2.0
2035,8.571428571428571,1000000.0,9.0,1.0,7.0,2.0,7000000.0,1.0,3.0
2036,8.714285714285714,1000000.0,10.0,1.0,7.0,2.0,7000000.0,1.0,3.0
2037,8.714285714285714,1000000.0,10.0,1.0,7.0,1.0,7000000.0,1.0,3.0
2038,8.714285714285714,1000000.0,10.0,1.0,7.0,2.0,7000000.0,1.0,3.0
2039,8.6,1000000.0,9.0,1.0,5.0,2.0,5000000.0,1.0,2.0
2040,9.0,1000000.0,10.0,1.0,8.0,1.0,8000000.0,1.0,2.0
2041,8.25,1000000.0,9.0,1.0,4.0,0.0,4000000.0,1.0,2.0
2042,8.6,1000000.0,9.0,1.0,5.0,0.0,5000000.0,1.0,3.0
2043,8.777777777777779,1000000.0,10.0,1.0,9.0,1.0,9000000.0,1.0,2.0
2044,6.52,1000000.0,9.0,1.0,25.0,0.0,25000000.0,1.0,2.0
2045,6.0,1000000.0,11.0,1.0,385.0,0.0,385000000.0,1.0,4.0
2046,6.009925558312655,1000000.0,9.0,1.0,403.0,2.0,403000000.0,1.0,4.0
2047,5.969465648854962,1000000.0,10.0,1.0,393.0,2.0,393000000.0,1.0,5.0
2048,6.047120418848167,1000000.0,9.0,1.0,382.0,0.0,382000000.0,1.0,2.0
2049,6.064516129032258,1000000.0,8.0,1.0,372.0,0.0,372000000.0,1.0,2.0
2050,6.005449591280654,1000000.0,8.0,1.0,367.0,0.0,367000000.0,1.0,2.0
2051,6.0675675675675675,1000000.0,9.0,1.0,370.0,0.0,370000000.0,1.0,2.0
2052,6.037433155080214,1000000.0,9.0,1.0,374.0,0.0,374000000.0,1.0,3.0
2053,6.032258064516129,1000000.0,8.0,1.0,372.0,0.0,372000000.0,1.0,2.0
2054,6.032608695652174,1000000.0,8.0,1.0,368.0,0.0,368000000.0,1.0,2.0
2055,6.230563002680965,1000000.0,11.0,1.0,373.0,0.0,373000000.0,1.0,3.0
2056,6.0675675675675675,1000000.0,9.0,1.0,370.0,0.0,370000000.0,1.0,2.0
2057,6.040431266846361,1000000.0,9.0,1.0,371.0,0.0,371000000.0,1.0,3.0
2058,6.048257372654155,1000000.0,10.0,1.0,373.0,0.0,373000000.0,1.0,2.0
2059,6.005509641873278,1000000.0,8.0,1.0,363.0,0.0,363000000.0,1.0,2.0
2060,6.019283746556474,1000000.0,8.0,1.0,363.0,0.0,363000000.0,1.0,2.0
2061,6.043956043956044,1000000.0,8.0,1.0,364.0,0.0,364000000.0,1.0,2.0
2062,6.053908355795148,1000000.0,8.0,1.0,371.0,0.0,371000000.0,1.0,2.0
2063,5.949197860962567,1000000.0,8.0,1.0,374.0,0.0,374000000.0,1.0,2.0
2064,5.945945945945946,1000000.0,8.0,1.0,370.0,0.0,370000000.0,1.0,2.0
2065,5.936675461741425,1000000.0,8.0,1.0,379.0,0.0,379000000.0,1.0,2.0
2066,5.951482479784366,1000000.0,8.0,1.0,371.0,0.0,371000000.0,1.0,2.0
2067,5.946380697050938,1000000.0,8.0,1.0,373.0,0.0,373000000.0,1.0,2.0
2068,5.955263157894737,1000000.0,8.0,1.0,380.0,0.0,380000000.0,1.0,2.0
2069,5.870786516853933,1000000.0,8.0,1.0,356.0,11.0,356000000.0,1.0,2.0
2070,4.904761904761905,1000000.0,6.0,1.0,21.0,5.0,21000000.0,1.0,3.0
2071,4.625,1000000.0,5.0,1.0,8.0,2.0,8000000.0,1.0,2.0
2072,4.625,1000000.0,5.0,1.0,8.0,3.0,8000000.0,1.0,2.0
2073,4.4,1000000.0,5.0,1.0,5.0,0.0,5000000.0,1.0,3.0
2074,5.0,1000000.0,6.0,1.0,7.0,1.0,7000000.0,1.0,3.0
2075,4.714285714285714,1000000.0,5.0,1.0,7.0,2.0,7000000.0,1.0,2.0
2076,4.75,1000000.0,6.0,1.0,8.0,0.0,8000000.0,1.0,4.0
2077,4.8,1000000.0,5.0,1.0,5.0,0.0,5000000.0,1.0,2.0
2078,4.75,1000000.0,6.0,1.0,8.0,1.0,8000000.0,1.0,4.0
2079,4.857142857142857,1000000.0,6.0,1.0,7.0,1.0,7000000.0,1.0,3.0
2080,5.0,1000000.0,5.0,1.0,2.0,0.0,2000000.0,1.0,1.0
2081,5.666666666666667,1000000.0,8.0,1.0,12.0,2.0,12000000.0,1.0,3.0
2082,4.6,1000000.0,6.0,1.0,5.0,0.0,5000000.0,1.0,3.0
2083,4.5,1000000.0,5.0,1.0,6.0,3.0,6000000.0,1.0,2.0
2084,5.0,1000000.0,6.0,1.0,5.0,0.0,5000000.0,1.0,3.0
2085,4.571428571428571,1000000.0,5.0,1.0,7.0,0.0,7000000.0,1.0,4.0
2086,4.571428571428571,1000000.0,5.0,1.0,7.0,2.0,7000000.0,1.0,3.0
2087,4.625,1000000.0,5.0,1.0,8.0,1.0,8000000.0,1.0,3.0
2088,5.0,1000000.0,6.0,1.0,5.0,1.0,5000000.0,1.0,2.0
2089,4.571428571428571,1000000.0,5.0,1.0,7.0,0.0,7000000.0,1.0,3.0
2090,5.0,1000000.0,5.0,1.0,3.0,0.0,3000000.0,1.0,1.0
2091,4.6,1000000.0,5.0,1.0,5.0,0.0,5000000.0,1.0,3.0
2092,4.666666666666667,1000000.0,5.0,1.0,6.0,2.0,6000000.0,1.0,2.0
2093,4.714285714285714,1000000.0,5.0,1.0,7.0,0.0,7000000.0,1.0,2.0
2094,4.285714285714286,1000000.0,6.0,1.0,7.0,0.0,7000000.0,1.0,3.0
2095,5.941798941798941,1000000.0,8.0,1.0,378.0,0.0,378000000.0,1.0,3.0
2096,5.952506596306069,1000000.0,8.0,1.0,379.0,0.0,379000000.0,1.0,2.0
2097,5.953488372093023,1000000.0,8.0,1.0,387.0,0.0,387000000.0,1.0,4.0
2098,5.950520833333333,1000000.0,8.0,1.0,384.0,0.0,384000000.0,1.0,2.0
2099,5.984084880636605,1000000.0,8.0,1.0,377.0,0.0,377000000.0,1.0,2.0
2100,5.962666666666666,1000000.0,8.0,1.0,375.0,0.0,375000000.0,1.0,2.0
2101,5.973333333333334,1000000.0,8.0,1.0,375.0,0.0,375000000.0,1.0,2.0
2102,5.984126984126984,1000000.0,8.0,1.0,378.0,0.0,378000000.0,1.0,3.0
2103,6.005249343832021,1000000.0,8.0,1.0,381.0,0.0,381000000.0,1.0,2.0
2104,5.9948320413436695,1000000.0,8.0,1.0,387.0,0.0,387000000.0,1.0,2.0
2105,5.969151670951157,1000000.0,8.0,1.0,389.0,0.0,389000000.0,1.0,2.0
2106,6.085492227979275,1000000.0,9.0,1.0,386.0,0.0,386000000.0,1.0,2.0
2107,5.923076923076923,1000000.0,8.0,1.0,377.0,0.0,377000000.0,1.0,3.0
2108,5.989528795811518,1000000.0,8.0,1.0,382.0,0.0,382000000.0,1.0,2.0
2109,5.986737400530504,1000000.0,9.0,1.0,377.0,0.0,377000000.0,1.0,2.0
2110,5.954907161803714,1000000.0,9.0,1.0,377.0,0.0,377000000.0,1.0,2.0
2111,5.968085106382978,1000000.0,8.0,1.0,376.0,0.0,376000000.0,1.0,2.0
2112,5.983739837398374,1000000.0,8.0,1.0,369.0,0.0,369000000.0,1.0,2.0
2113,5.977099236641221,1000000.0,9.0,1.0,393.0,0.0,393000000.0,1.0,2.0
2114,5.914893617021277,1000000.0,8.0,1.0,376.0,0.0,376000000.0,1.0,2.0
2115,5.986666666666666,1000000.0,9.0,1.0,375.0,0.0,375000000.0,1.0,2.0
2116,5.984084880636605,1000000.0,8.0,1.0,377.0,0.0,377000000.0,1.0,2.0
2117,5.95778364116095,1000000.0,9.0,1.0,379.0,0.0,379000000.0,1.0,2.0
2118,6.056451612903226,1000000.0,9.0,1.0,372.0,0.0,372000000.0,1.0,3.0
2119,6.024390243902439,1000000.0,9.0,1.0,369.0,0.0,369000000.0,1.0,2.0
2120,6.7,1000000.0,11.0,1.0,40.0,20.0,40000000.0,1.0,3.0
2121,7.181818181818182,1000000.0,9.0,1.0,11.0,3.0,11000000.0,1.0,2.0
2122,6.333333333333333,1000000.0,9.0,1.0,9.0,3.0,9000000.0,1.0,3.0
2123,4.714285714285714,1000000.0,9.0,1.0,7.0,3.0,7000000.0,1.0,2.0
2124,4.571428571428571,1000000.0,9.0,1.0,7.0,3.0,7000000.0,1.0,2.0
2125,7.666666666666667,1000000.0,10.0,1.0,6.0,2.0,6000000.0,1.0,3.0
2126,7.0,1000000.0,9.0,1.0,5.0,1.0,5000000.0,1.0,3.0
2127,5.714285714285714,1000000.0,9.0,1.0,7.0,2.0,7000000.0,1.0,2.0
2128,5.444444444444445,1000000.0,9.0,1.0,9.0,5.0,9000000.0,1.0,2.0
2129,5.625,1000000.0,9.0,1.0,8.0,2.0,8000000.0,1.0,3.0
2130,6.857142857142857,1000000.0,9.0,1.0,7.0,2.0,7000000.0,1.0,2.0
2131,7.857142857142857,1000000.0,11.0,1.0,7.0,3.0,7000000.0,1.0,2.0
2132,5.444444444444445,1000000.0,9.0,1.0,9.0,3.0,9000000.0,1.0,2.0
2133,5.666666666666667,1000000.0,9.0,1.0,9.0,3.0,9000000.0,1.0,2.0
2134,7.0,1000000.0,10.0,1.0,6.0,2.0,6000000.0,1.0,3.0
2135,7.0,1000000.0,10.0,1.0,7.0,3.0,7000000.0,1.0,2.0
2136,6.571428571428571,1000000.0,9.0,1.0,7.0,2.0,7000000.0,1.0,3.0
2137,6.0,1000000.0,9.0,1.0,10.0,3.0,10000000.0,1.0,3.0
2138,5.714285714285714,1000000.0,9.0,1.0,7.0,2.0,7000000.0,1.0,3.0
2139,6.75,1000000.0,9.0,1.0,8.0,2.0,8000000.0,1.0,3.0
2140,6.125,1000000.0,9.0,1.0,8.0,3.0,8000000.0,1.0,2.0
2141,7.2,1000000.0,10.0,1.0,5.0,0.0,5000000.0,1.0,3.0
2142,5.888888888888889,1000000.0,10.0,1.0,9.0,5.0,9000000.0,1.0,2.0
2143,5.571428571428571,1000000.0,9.0,1.0,7.0,1.0,7000000.0,1.0,3.0
2144,6.142857142857143,1000000.0,10.0,1.0,7.0,2.0,7000000.0,1.0,2.0
2145,6.158823529411765,1000000.0,9.0,1.0,340.0,4.0,340000000.0,1.0,4.0
2146,5.912698412698413,1000000.0,9.0,1.0,378.0,8.0,378000000.0,1.0,4.0
2147,5.962962962962963,1000000.0,9.0,1.0,405.0,3.0,405000000.0,1.0,5.0
2148,6.020833333333333,1000000.0,8.0,1.0,384.0,0.0,384000000.0,1.0,2.0
2149,6.055851063829787,1000000.0,9.0,1.0,376.0,0.0,376000000.0,1.0,2.0
2150,6.02710027100271,1000000.0,8.0,1.0,369.0,0.0,369000000.0,1.0,2.0
2151,6.058981233243967,1000000.0,8.0,1.0,373.0,0.0,373000000.0,1.0,2.0
2152,6.080428954423592,1000000.0,9.0,1.0,373.0,0.0,373000000.0,1.0,3.0
2153,5.989583333333333,1000000.0,8.0,1.0,384.0,0.0,384000000.0,1.0,2.0
2154,6.021220159151194,1000000.0,8.0,1.0,377.0,0.0,377000000.0,1.0,2.0
2155,6.0,1000000.0,8.0,1.0,370.0,0.0,370000000.0,1.0,2.0
2156,5.986702127659575,1000000.0,8.0,1.0,376.0,0.0,376000000.0,1.0,2.0
2157,6.085164835164835,1000000.0,8.0,1.0,364.0,0.0,364000000.0,1.0,3.0
2158,5.934246575342466,1000000.0,8.0,1.0,365.0,0.0,365000000.0,1.0,2.0
2159,5.976501305483029,1000000.0,8.0,1.0,383.0,0.0,383000000.0,1.0,2.0
2160,5.91008174386921,1000000.0,8.0,1.0,367.0,0.0,367000000.0,1.0,2.0
2161,5.944148936170213,1000000.0,8.0,1.0,376.0,0.0,376000000.0,1.0,2.0
2162,5.976063829787234,1000000.0,8.0,1.0,376.0,0.0,376000000.0,1.0,3.0
2163,5.9603174603174605,1000000.0,8.0,1.0,378.0,0.0,378000000.0,1.0,2.0
2164,5.959785522788204,1000000.0,8.0,1.0,373.0,0.0,373000000.0,1.0,2.0
2165,5.9727520435967305,1000000.0,8.0,1.0,367.0,0.0,367000000.0,1.0,2.0
2166,5.959893048128342,1000000.0,8.0,1.0,374.0,0.0,374000000.0,1.0,2.0
2167,5.936339522546419,1000000.0,8.0,1.0,377.0,0.0,377000000.0,1.0,2.0
2168,5.935483870967742,1000000.0,8.0,1.0,372.0,0.0,372000000.0,1.0,2.0
2169,5.946236559139785,1000000.0,8.0,1.0,372.0,0.0,372000000.0,1.0,2.0
2170,5.1020408163265305,1000000.0,8.0,1.0,49.0,17.0,49000000.0,1.0,3.0
2171,5.2,1000000.0,6.0,1.0,5.0,0.0,5000000.0,1.0,2.0
2172,4.5,1000000.0,5.0,1.0,8.0,3.0,8000000.0,1.0,3.0
2173,4.833333333333333,1000000.0,6.0,1.0,6.0,1.0,6000000.0,1.0,2.0
2174,4.666666666666667,1000000.0,5.0,1.0,3.0,0.0,3000000.0,1.0,2.0
2175,4.571428571428571,1000000.0,5.0,1.0,7.0,2.0,7000000.0,1.0,2.0
2176,4.8,1000000.0,5.0,1.0,5.0,0.0,5000000.0,1.0,2.0
2177,4.714285714285714,1000000.0,5.0,1.0,7.0,0.0,7000000.0,1.0,2.0
2178,4.833333333333333,1000000.0,5.0,1.0,6.0,0.0,6000000.0,1.0,2.0
2179,4.666666666666667,1000000.0,5.0,1.0,6.0,0.0,6000000.0,1.0,3.0
2180,4.8,1000000.0,5.0,1.0,5.0,1.0,5000000.0,1.0,2.0
2181,4.75,1000000.0,5.0,1.0,4.0,0.0,4000000.0,1.0,2.0
2182,5.333333333333333,1000000.0,7.0,1.0,12.0,1.0,12000000.0,1.0,3.0
2183,4.666666666666667,1000000.0,6.0,1.0,9.0,2.0,9000000.0,1.0,3.0
2184,4.5,1000000.0,5.0,1.0,4.0,0.0,4000000.0,1.0,2.0
2185,4.833333333333333,1000000.0,6.0,1.0,6.0,2.0,6000000.0,1.0,2.0
2186,4.857142857142857,1000000.0,6.0,1.0,7.0,1.0,7000000.0,1.0,4.0
2187,4.857142857142857,1000000.0,6.0,1.0,7.0,1.0,7000000.0,1.0,3.0
2188,5.0,1000000.0,6.0,1.0,5.0,1.0,5000000.0,1.0,3.0
2189,4.625,1000000.0,5.0,1.0,8.0,1.0,8000000.0,1.0,2.0
2190,4.6,1000000.0,5.0,1.0,5.0,0.0,5000000.0,1.0,2.0
2191,4.714285714285714,1000000.0,6.0,1.0,7.0,1.0,7000000.0,1.0,4.0
2192,4.714285714285714,1000000.0,5.0,1.0,7.0,2.0,7000000.0,1.0,2.0
2193,4.75,1000000.0,5.0,1.0,8.0,1.0,8000000.0,1.0,2.0
2194,4.4,1000000.0,5.0,1.0,5.0,1.0,5000000.0,1.0,3.0
2195,5.879310344827586,1000000.0,8.0,1.0,348.0,3.0,348000000.0,1.0,4.0
2196,5.958005249343832,1000000.0,9.0,1.0,381.0,0.0,381000000.0,1.0,4.0
2197,5.971354166666667,1000000.0,8.0,1.0,384.0,1.0,384000000.0,1.0,4.0
2198,5.95,1000000.0,8.0,1.0,380.0,0.0,380000000.0,1.0,2.0
2199,5.967213114754099,1000000.0,8.0,1.0,366.0,0.0,366000000.0,1.0,2.0
2200,5.9388297872340425,1000000.0,8.0,1.0,376.0,0.0,376000000.0,1.0,2.0
2201,5.920844327176781,1000000.0,8.0,1.0,379.0,0.0,379000000.0,1.0,2.0
2202,6.025069637883008,1000000.0,9.0,1.0,359.0,0.0,359000000.0,1.0,3.0
2203,5.962962962962963,1000000.0,9.0,1.0,378.0,0.0,378000000.0,1.0,2.0
2204,5.981233243967829,1000000.0,9.0,1.0,373.0,0.0,373000000.0,1.0,2.0
2205,6.016260162601626,1000000.0,8.0,1.0,369.0,0.0,369000000.0,1.0,2.0
2206,6.082446808510638,1000000.0,9.0,1.0,376.0,0.0,376000000.0,1.0,2.0
2207,6.250652741514361,1000000.0,11.0,1.0,383.0,0.0,383000000.0,1.0,3.0
2208,6.020356234096692,1000000.0,10.0,1.0,393.0,0.0,393000000.0,1.0,2.0
2209,6.037837837837838,1000000.0,10.0,1.0,370.0,0.0,370000000.0,1.0,2.0
2210,6.016260162601626,1000000.0,8.0,1.0,369.0,0.0,369000000.0,1.0,2.0
2211,6.005479452054795,1000000.0,8.0,1.0,365.0,0.0,365000000.0,1.0,2.0
2212,6.021505376344086,1000000.0,8.0,1.0,372.0,0.0,372000000.0,1.0,2.0
2213,6.057065217391305,1000000.0,9.0,1.0,368.0,0.0,368000000.0,1.0,2.0
2214,6.025069637883008,1000000.0,10.0,1.0,359.0,0.0,359000000.0,1.0,2.0
2215,6.023936170212766,1000000.0,10.0,1.0,376.0,0.0,376000000.0,1.0,2.0
2216,6.029972752043597,1000000.0,9.0,1.0,367.0,0.0,367000000.0,1.0,2.0
2217,6.0894308943089435,1000000.0,9.0,1.0,369.0,0.0,369000000.0,1.0,2.0
2218,6.019283746556474,1000000.0,9.0,1.0,363.0,0.0,363000000.0,1.0,2.0
2219,6.037234042553192,1000000.0,10.0,1.0,376.0,0.0,376000000.0,1.0,2.0
2220,7.642857142857143,1000000.0,10.0,1.0,56.0,15.0,56000000.0,1.0,3.0
2221,8.636363636363637,1000000.0,9.0,1.0,11.0,3.0,11000000.0,1.0,2.0
2222,8.714285714285714,1000000.0,9.0,1.0,7.0,2.0,7000000.0,1.0,2.0
2223,8.857142857142858,1000000.0,10.0,1.0,7.0,1.0,7000000.0,1.0,3.0
2224,8.333333333333334,1000000.0,9.0,1.0,6.0,1.0,6000000.0,1.0,3.0
2225,8.666666666666666,1000000.0,9.0,1.0,6.0,2.0,6000000.0,1.0,2.0
2226,8.666666666666666,1000000.0,9.0,1.0,6.0,0.0,6000000.0,1.0,3.0
2227,8.6,1000000.0,9.0,1.0,5.0,0.0,5000000.0,1.0,3.0
2228,8.875,1000000.0,10.0,1.0,8.0,2.0,8000000.0,1.0,3.0
2229,8.428571428571429,1000000.0,9.0,1.0,7.0,2.0,7000000.0,1.0,2.0
2230,8.571428571428571,1000000.0,9.0,1.0,7.0,1.0,7000000.0,1.0,3.0
2231,8.857142857142858,1000000.0,10.0,1.0,7.0,1.0,7000000.0,1.0,3.0
2232,9.0,1000000.0,10.0,1.0,8.0,2.0,8000000.0,1.0,3.0
2233,9.5,1000000.0,11.0,1.0,10.0,2.0,10000000.0,1.0,4.0
2234,8.666666666666666,1000000.0,9.0,1.0,6.0,2.0,6000000.0,1.0,2.0
2235,8.875,1000000.0,10.0,1.0,8.0,2.0,8000000.0,1.0,2.0
2236,8.571428571428571,1000000.0,9.0,1.0,7.0,1.0,7000000.0,1.0,3.0
2237,8.8,1000000.0,9.0,1.0,5.0,0.0,5000000.0,1.0,2.0
2238,5.75,1000000.0,9.0,1.0,4.0,1.0,4000000.0,1.0,2.0
2239,4.666666666666667,1000000.0,5.0,1.0,6.0,0.0,6000000.0,1.0,3.0
2240,4.6,1000000.0,5.0,1.0,5.0,0.0,5000000.0,1.0,3.0
2241,4.428571428571429,1000000.0,5.0,1.0,7.0,1.0,7000000.0,1.0,3.0
2242,5.0,1000000.0,6.0,1.0,6.0,1.0,6000000.0,1.0,3.0
2243,4.666666666666667,1000000.0,5.0,1.0,6.0,1.0,6000000.0,1.0,3.0
2244,4.5,1000000.0,5.0,1.0,6.0,0.0,6000000.0,1.0,3.0
2245,5.896551724137931,1000000.0,8.0,1.0,348.0,0.0,348000000.0,1.0,2.0
2246,5.93573264781491,1000000.0,8.0,1.0,389.0,4.0,389000000.0,1.0,4.0
2247,5.939473684210526,1000000.0,8.0,1.0,380.0,0.0,380000000.0,1.0,4.0
2248,5.958441558441558,1000000.0,8.0,1.0,385.0,0.0,385000000.0,1.0,2.0
2249,5.954423592493297,1000000.0,8.0,1.0,373.0,0.0,373000000.0,1.0,2.0
2250,5.946808510638298,1000000.0,8.0,1.0,376.0,0.0,376000000.0,1.0,2.0
2251,5.997340425531915,1000000.0,8.0,1.0,376.0,0.0,376000000.0,1.0,2.0
2252,5.935656836461126,1000000.0,8.0,1.0,373.0,0.0,373000000.0,1.0,3.0
2253,5.957894736842105,1000000.0,8.0,1.0,380.0,0.0,380000000.0,1.0,2.0
2254,5.954423592493297,1000000.0,8.0,1.0,373.0,0.0,373000000.0,1.0,2.0
2255,5.9204244031830235,1000000.0,8.0,1.0,377.0,0.0,377000000.0,1.0,2.0
2256,5.967741935483871,1000000.0,8.0,1.0,372.0,0.0,372000000.0,1.0,2.0
2257,5.966494845360825,1000000.0,8.0,1.0,388.0,0.0,388000000.0,1.0,3.0
2258,6.101369863013699,1000000.0,9.0,1.0,365.0,0.0,365000000.0,1.0,2.0
2259,5.994579945799458,1000000.0,8.0,1.0,369.0,0.0,369000000.0,1.0,2.0
2260,5.948924731182796,1000000.0,8.0,1.0,372.0,0.0,372000000.0,1.0,2.0
2261,5.948924731182796,1000000.0,8.0,1.0,372.0,0.0,372000000.0,1.0,3.0
2262,5.976127320954907,1000000.0,8.0,1.0,377.0,0.0,377000000.0,1.0,2.0
2263,5.970899470899471,1000000.0,8.0,1.0,378.0,0.0,378000000.0,1.0,2.0
2264,5.951742627345845,1000000.0,8.0,1.0,373.0,0.0,373000000.0,1.0,2.0
2265,5.978947368421053,1000000.0,8.0,1.0,380.0,0.0,380000000.0,1.0,2.0
2266,5.962264150943396,1000000.0,8.0,1.0,371.0,0.0,371000000.0,1.0,2.0
2267,5.978609625668449,1000000.0,8.0,1.0,374.0,0.0,374000000.0,1.0,2.0
2268,5.970588235294118,1000000.0,9.0,1.0,374.0,0.0,374000000.0,1.0,2.0
2269,6.00531914893617,1000000.0,9.0,1.0,376.0,0.0,376000000.0,1.0,2.0
2270,7.5606060606060606,1000000.0,10.0,1.0,66.0,17.0,66000000.0,1.0,4.0
2271,8.75,1000000.0,9.0,1.0,8.0,0.0,8000000.0,1.0,3.0
2272,8.5,1000000.0,9.0,1.0,8.0,3.0,8000000.0,1.0,3.0
2273,8.4,1000000.0,9.0,1.0,5.0,1.0,5000000.0,1.0,3.0
2274,8.8,1000000.0,9.0,1.0,5.0,0.0,5000000.0,1.0,2.0
2275,8.6,1000000.0,9.0,1.0,5.0,1.0,5000000.0,1.0,3.0
2276,9.0,1000000.0,10.0,1.0,5.0,1.0,5000000.0,1.0,2.0
2277,8.571428571428571,1000000.0,9.0,1.0,7.0,1.0,7000000.0,1.0,3.0
2278,8.571428571428571,1000000.0,9.0,1.0,7.0,2.0,7000000.0,1.0,2.0
2279,8.666666666666666,1000000.0,9.0,1.0,3.0,1.0,3000000.0,1.0,2.0
2280,8.571428571428571,1000000.0,9.0,1.0,7.0,2.0,7000000.0,1.0,2.0
2281,8.5,1000000.0,9.0,1.0,6.0,1.0,6000000.0,1.0,3.0
2282,8.714285714285714,1000000.0,9.0,1.0,7.0,1.0,7000000.0,1.0,2.0
2283,8.5,1000000.0,9.0,1.0,6.0,0.0,6000000.0,1.0,3.0
2284,8.88888888888889,1000000.0,10.0,1.0,9.0,2.0,9000000.0,1.0,3.0
2285,9.11111111111111,1000000.0,10.0,1.0,9.0,1.0,9000000.0,1.0,3.0
2286,8.625,1000000.0,9.0,1.0,8.0,2.0,8000000.0,1.0,3.0
2287,8.571428571428571,1000000.0,9.0,1.0,7.0,2.0,7000000.0,1.0,2.0
2288,8.75,1000000.0,9.0,1.0,4.0,0.0,4000000.0,1.0,2.0
2289,8.75,1000000.0,10.0,1.0,8.0,2.0,8000000.0,1.0,3.0
2290,9.0,1000000.0,10.0,1.0,6.0,1.0,6000000.0,1.0,2.0
2291,8.75,1000000.0,9.0,1.0,4.0,0.0,4000000.0,1.0,2.0
2292,8.75,1000000.0,10.0,1.0,8.0,2.0,8000000.0,1.0,3.0
2293,8.8,1000000.0,10.0,1.0,5.0,0.0,5000000.0,1.0,3.0
2294,8.5,1000000.0,9.0,1.0,6.0,1.0,6000000.0,1.0,3.0
2295,6.052631578947368,1000000.0,9.0,1.0,342.0,2.0,342000000.0,1.0,4.0
2296,6.062176165803109,1000000.0,9.0,1.0,386.0,2.0,386000000.0,1.0,4.0
2297,6.143576826196473,1000000.0,9.0,1.0,397.0,5.0,397000000.0,1.0,5.0
2298,6.270029673590504,1000000.0,9.0,1.0,337.0,0.0,337000000.0,1.0,3.0
2299,6.029810298102981,1000000.0,9.0,1.0,369.0,0.0,369000000.0,1.0,2.0
2300,6.018567639257294,1000000.0,9.0,1.0,377.0,0.0,377000000.0,1.0,2.0
2301,6.053333333333334,1000000.0,9.0,1.0,375.0,0.0,375000000.0,1.0,2.0
2302,6.045822102425876,1000000.0,9.0,1.0,371.0,0.0,371000000.0,1.0,3.0
2303,6.037234042553192,1000000.0,9.0,1.0,376.0,0.0,376000000.0,1.0,3.0
2304,6.042895442359249,1000000.0,9.0,1.0,373.0,0.0,373000000.0,1.0,2.0
2305,6.0906666666666665,1000000.0,10.0,1.0,375.0,0.0,375000000.0,1.0,2.0
2306,6.037433155080214,1000000.0,9.0,1.0,374.0,1.0,374000000.0,1.0,2.0
2307,6.057894736842106,1000000.0,9.0,1.0,380.0,0.0,380000000.0,1.0,3.0
2308,6.205804749340369,1000000.0,11.0,1.0,379.0,0.0,379000000.0,1.0,2.0
2309,6.027918781725888,1000000.0,11.0,1.0,394.0,0.0,394000000.0,1.0,2.0
2310,6.021621621621621,1000000.0,8.0,1.0,370.0,0.0,370000000.0,1.0,2.0
2311,6.027548209366391,1000000.0,8.0,1.0,363.0,0.0,363000000.0,1.0,2.0
2312,6.02710027100271,1000000.0,8.0,1.0,369.0,0.0,369000000.0,1.0,2.0
2313,6.020833333333333,1000000.0,9.0,1.0,384.0,0.0,384000000.0,1.0,2.0
2314,5.973684210526316,1000000.0,8.0,1.0,380.0,0.0,380000000.0,1.0,3.0
2315,5.9013333333333335,1000000.0,8.0,1.0,375.0,0.0,375000000.0,1.0,2.0
2316,5.949197860962567,1000000.0,8.0,1.0,374.0,0.0,374000000.0,1.0,2.0
2317,5.967914438502674,1000000.0,8.0,1.0,374.0,0.0,374000000.0,1.0,2.0
2318,5.978494623655914,1000000.0,8.0,1.0,372.0,0.0,372000000.0,1.0,2.0
2319,6.0353260869565215,1000000.0,9.0,1.0,368.0,0.0,368000000.0,1.0,2.0
2320,5.527027027027027,1000000.0,8.0,1.0,74.0,14.0,74000000.0,1.0,3.0
2321,4.857142857142857,1000000.0,6.0,1.0,7.0,1.0,7000000.0,1.0,3.0
2322,4.777777777777778,1000000.0,6.0,1.0,9.0,2.0,9000000.0,1.0,3.0
2323,4.428571428571429,1000000.0,5.0,1.0,7.0,1.0,7000000.0,1.0,3.0
2324,5.0,1000000.0,5.0,1.0,6.0,0.0,6000000.0,1.0,1.0
2325,4.5,1000000.0,5.0,1.0,6.0,2.0,6000000.0,1.0,3.0
2326,4.8,1000000.0,5.0,1.0,5.0,0.0,5000000.0,1.0,2.0
2327,4.4,1000000.0,5.0,1.0,5.0,1.0,5000000.0,1.0,3.0
2328,4.5,1000000.0,5.0,1.0,6.0,3.0,6000000.0,1.0,2.0
2329,4.666666666666667,1000000.0,5.0,1.0,6.0,0.0,6000000.0,1.0,3.0
2330,4.666666666666667,1000000.0,5.0,1.0,3.0,0.0,3000000.0,1.0,2.0
2331,4.888888888888889,1000000.0,6.0,1.0,9.0,1.0,9000000.0,1.0,3.0
2332,4.5,1000000.0,5.0,1.0,4.0,1.0,4000000.0,1.0,3.0
2333,4.625,1000000.0,5.0,1.0,8.0,1.0,8000000.0,1.0,3.0
2334,5.285714285714286,1000000.0,6.0,1.0,7.0,0.0,7000000.0,1.0,3.0
2335,4.666666666666667,1000000.0,5.0,1.0,6.0,2.0,6000000.0,1.0,2.0
2336,4.666666666666667,1000000.0,5.0,1.0,6.0,0.0,6000000.0,1.0,3.0
2337,4.714285714285714,1000000.0,5.0,1.0,7.0,1.0,7000000.0,1.0,2.0
2338,4.5,1000000.0,5.0,1.0,6.0,1.0,6000000.0,1.0,3.0
2339,4.6,1000000.0,5.0,1.0,5.0,1.0,5000000.0,1.0,3.0
2340,4.571428571428571,1000000.0,5.0,1.0,7.0,1.0,7000000.0,1.0,3.0
2341,4.666666666666667,1000000.0,5.0,1.0,6.0,0.0,6000000.0,1.0,3.0
2342,4.5,1000000.0,5.0,1.0,6.0,2.0,6000000.0,1.0,3.0
2343,4.714285714285714,1000000.0,5.0,1.0,7.0,1.0,7000000.0,1.0,2.0
2344,4.75,1000000.0,5.0,1.0,4.0,0.0,4000000.0,1.0,2.0
2345,5.832844574780059,1000000.0,8.0,1.0,341.0,2.0,341000000.0,1.0,4.0
2346,5.9388297872340425,1000000.0,8.0,1.0,376.0,1.0,376000000.0,1.0,4.0
2347,5.979274611398964,1000000.0,8.0,1.0,386.0,0.0,386000000.0,1.0,4.0
2348,5.927576601671309,1000000.0,8.0,1.0,359.0,0.0,359000000.0,1.0,2.0
2349,5.962666666666666,1000000.0,8.0,1.0,375.0,0.0,375000000.0,1.0,2.0
2350,5.939153439153439,1000000.0,8.0,1.0,378.0,0.0,378000000.0,1.0,2.0
2351,5.946808510638298,1000000.0,8.0,1.0,376.0,0.0,376000000.0,1.0,2.0
2352,5.989159891598916,1000000.0,8.0,1.0,369.0,0.0,369000000.0,1.0,3.0
2353,5.9765625,1000000.0,8.0,1.0,384.0,0.0,384000000.0,1.0,2.0
2354,5.951871657754011,1000000.0,8.0,1.0,374.0,0.0,374000000.0,1.0,3.0
2355,5.99746192893401,1000000.0,8.0,1.0,394.0,0.0,394000000.0,1.0,2.0
2356,5.96978021978022,1000000.0,8.0,1.0,364.0,0.0,364000000.0,1.0,2.0
2357,5.877094972067039,1000000.0,8.0,1.0,358.0,0.0,358000000.0,1.0,3.0
2358,5.953488372093023,1000000.0,8.0,1.0,387.0,0.0,387000000.0,1.0,2.0
2359,6.0,1000000.0,10.0,1.0,370.0,0.0,370000000.0,1.0,2.0
2360,6.016042780748663,1000000.0,10.0,1.0,374.0,0.0,374000000.0,1.0,2.0
2361,6.016085790884718,1000000.0,8.0,1.0,373.0,0.0,373000000.0,1.0,2.0
2362,6.051490514905149,1000000.0,9.0,1.0,369.0,0.0,369000000.0,1.0,2.0
2363,6.0365535248041775,1000000.0,10.0,1.0,383.0,0.0,383000000.0,1.0,2.0
2364,6.032520325203252,1000000.0,9.0,1.0,369.0,0.0,369000000.0,1.0,2.0
2365,6.034574468085107,1000000.0,9.0,1.0,376.0,0.0,376000000.0,1.0,2.0
2366,6.026954177897574,1000000.0,8.0,1.0,371.0,0.0,371000000.0,1.0,2.0
2367,6.013513513513513,1000000.0,9.0,1.0,370.0,0.0,370000000.0,1.0,2.0
2368,6.016348773841962,1000000.0,8.0,1.0,367.0,0.0,367000000.0,1.0,2.0
2369,6.032608695652174,1000000.0,8.0,1.0,368.0,0.0,368000000.0,1.0,2.0
2370,7.180722891566265,1000000.0,10.0,1.0,83.0,17.0,83000000.0,1.0,3.0
2371,8.625,1000000.0,9.0,1.0,8.0,2.0,8000000.0,1.0,2.0
2372,8.833333333333334,1000000.0,9.0,1.0,6.0,1.0,6000000.0,1.0,2.0
2373,8.6,1000000.0,9.0,1.0,5.0,0.0,5000000.0,1.0,3.0
2374,8.6,1000000.0,9.0,1.0,5.0,0.0,5000000.0,1.0,3.0
2375,8.5,1000000.0,9.0,1.0,6.0,1.0,6000000.0,1.0,3.0
2376,8.4,1000000.0,9.0,1.0,5.0,1.0,5000000.0,1.0,3.0
2377,8.5,1000000.0,9.0,1.0,4.0,0.0,4000000.0,1.0,3.0
2378,8.666666666666666,1000000.0,9.0,1.0,6.0,0.0,6000000.0,1.0,3.0
2379,8.4,1000000.0,9.0,1.0,5.0,0.0,5000000.0,1.0,2.0
2380,9.0,1000000.0,9.0,1.0,3.0,0.0,3000000.0,1.0,1.0
2381,8.571428571428571,1000000.0,9.0,1.0,7.0,1.0,7000000.0,1.0,3.0
2382,8.875,1000000.0,10.0,1.0,8.0,2.0,8000000.0,1.0,3.0
2383,8.6,1000000.0,9.0,1.0,5.0,0.0,5000000.0,1.0,3.0
2384,8.8,1000000.0,10.0,1.0,5.0,0.0,5000000.0,1.0,2.0
2385,9.0,1000000.0,10.0,1.0,9.0,1.0,9000000.0,1.0,4.0
2386,8.857142857142858,1000000.0,10.0,1.0,7.0,3.0,7000000.0,1.0,2.0
2387,8.6,1000000.0,9.0,1.0,5.0,0.0,5000000.0,1.0,3.0
2388,8.857142857142858,1000000.0,10.0,1.0,7.0,1.0,7000000.0,1.0,3.0
2389,8.75,1000000.0,9.0,1.0,4.0,0.0,4000000.0,1.0,2.0
2390,8.571428571428571,1000000.0,9.0,1.0,7.0,1.0,7000000.0,1.0,3.0
2391,8.8,1000000.0,9.0,1.0,5.0,0.0,5000000.0,1.0,2.0
2392,8.571428571428571,1000000.0,9.0,1.0,7.0,3.0,7000000.0,1.0,2.0
2393,8.8,1000000.0,9.0,1.0,5.0,0.0,5000000.0,1.0,2.0
2394,8.857142857142858,1000000.0,10.0,1.0,7.0,2.0,7000000.0,1.0,2.0
2395,5.990990990990991,1000000.0,10.0,1.0,333.0,2.0,333000000.0,1.0,4.0
2396,6.01595744680851,1000000.0,9.0,1.0,376.0,0.0,376000000.0,1.0,3.0
2397,6.103535353535354,1000000.0,10.0,1.0,396.0,3.0,396000000.0,1.0,5.0
2398,6.028423772609819,1000000.0,9.0,1.0,387.0,0.0,387000000.0,1.0,4.0
2399,6.054054054054054,1000000.0,9.0,1.0,370.0,0.0,370000000.0,1.0,2.0
2400,6.053619302949062,1000000.0,9.0,1.0,373.0,0.0,373000000.0,1.0,2.0
2401,6.021978021978022,1000000.0,8.0,1.0,364.0,0.0,364000000.0,1.0,2.0
2402,6.066115702479339,1000000.0,9.0,1.0,363.0,0.0,363000000.0,1.0,3.0
2403,5.997319034852547,1000000.0,9.0,1.0,373.0,0.0,373000000.0,1.0,2.0
2404,6.0379403794037945,1000000.0,8.0,1.0,369.0,0.0,369000000.0,1.0,2.0
2405,6.063888888888889,1000000.0,9.0,1.0,360.0,0.0,360000000.0,1.0,2.0
2406,6.037135278514588,1000000.0,8.0,1.0,377.0,0.0,377000000.0,1.0,2.0
2407,6.05614973262032,1000000.0,8.0,1.0,374.0,0.0,374000000.0,1.0,3.0
2408,6.021621621621621,1000000.0,8.0,1.0,370.0,0.0,370000000.0,1.0,2.0
2409,6.03494623655914,1000000.0,8.0,1.0,372.0,0.0,372000000.0,1.0,2.0
2410,6.102902374670185,1000000.0,8.0,1.0,379.0,0.0,379000000.0,1.0,2.0
2411,6.029333333333334,1000000.0,8.0,1.0,375.0,0.0,375000000.0,1.0,2.0
2412,6.021621621621621,1000000.0,8.0,1.0,370.0,0.0,370000000.0,1.0,2.0
2413,6.047872340425532,1000000.0,9.0,1.0,376.0,0.0,376000000.0,1.0,3.0
2414,5.9390581717451525,1000000.0,8.0,1.0,361.0,0.0,361000000.0,1.0,2.0
2415,6.056451612903226,1000000.0,8.0,1.0,372.0,0.0,372000000.0,1.0,2.0
2416,6.005361930294906,1000000.0,8.0,1.0,373.0,0.0,373000000.0,1.0,2.0
2417,6.037837837837838,1000000.0,8.0,1.0,370.0,0.0,370000000.0,1.0,2.0
2418,6.018970189701897,1000000.0,8.0,1.0,369.0,0.0,369000000.0,1.0,2.0
2419,6.024324324324325,1000000.0,8.0,1.0,370.0,0.0,370000000.0,1.0,2.0
2420,5.442105263157894,1000000.0,8.0,1.0,95.0,20.0,95000000.0,1.0,2.0
2421,4.6,1000000.0,5.0,1.0,10.0,1.0,10000000.0,1.0,4.0
2422,4.333333333333333,1000000.0,5.0,1.0,6.0,0.0,6000000.0,1.0,3.0
2423,5.0,1000000.0,5.0,1.0,5.0,0.0,5000000.0,1.0,1.0
2424,4.444444444444445,1000000.0,5.0,1.0,9.0,3.0,9000000.0,1.0,3.0
2425,4.5,1000000.0,5.0,1.0,6.0,1.0,6000000.0,1.0,3.0
2426,4.833333333333333,1000000.0,6.0,1.0,6.0,1.0,6000000.0,1.0,3.0
2427,4.666666666666667,1000000.0,6.0,1.0,9.0,1.0,9000000.0,1.0,3.0
2428,5.0,1000000.0,6.0,1.0,6.0,2.0,6000000.0,1.0,2.0
2429,4.428571428571429,1000000.0,5.0,1.0,7.0,2.0,7000000.0,1.0,3.0
2430,4.6,1000000.0,5.0,1.0,5.0,1.0,5000000.0,1.0,2.0
2431,4.875,1000000.0,6.0,1.0,8.0,2.0,8000000.0,1.0,3.0
2432,4.666666666666667,1000000.0,5.0,1.0,6.0,1.0,6000000.0,1.0,2.0
2433,4.6,1000000.0,5.0,1.0,5.0,0.0,5000000.0,1.0,2.0
2434,5.0,1000000.0,5.0,1.0,4.0,0.0,4000000.0,1.0,1.0
2435,5.25,1000000.0,6.0,1.0,4.0,0.0,4000000.0,1.0,2.0
2436,4.666666666666667,1000000.0,5.0,1.0,6.0,0.0,6000000.0,1.0,3.0
2437,4.666666666666667,1000000.0,5.0,1.0,6.0,1.0,6000000.0,1.0,2.0
2438,4.833333333333333,1000000.0,6.0,1.0,6.0,1.0,6000000.0,1.0,3.0
2439,4.75,1000000.0,5.0,1.0,4.0,0.0,4000000.0,1.0,2.0
2440,4.666666666666667,1000000.0,5.0,1.0,9.0,2.0,9000000.0,1.0,2.0
2441,4.5,1000000.0,5.0,1.0,4.0,0.0,4000000.0,1.0,3.0
2442,4.571428571428571,1000000.0,5.0,1.0,7.0,2.0,7000000.0,1.0,3.0
2443,4.4,1000000.0,5.0,1.0,5.0,0.0,5000000.0,1.0,3.0
2444,4.857142857142857,1000000.0,6.0,1.0,7.0,0.0,7000000.0,1.0,3.0
2445,5.91717791411043,1000000.0,9.0,1.0,326.0,3.0,326000000.0,1.0,3.0
2446,5.968586387434555,1000000.0,8.0,1.0,382.0,0.0,382000000.0,1.0,3.0
2447,5.956185567010309,1000000.0,8.0,1.0,388.0,0.0,388000000.0,1.0,4.0
2448,5.952,1000000.0,8.0,1.0,375.0,0.0,375000000.0,1.0,3.0
2449,5.9837837837837835,1000000.0,8.0,1.0,370.0,0.0,370000000.0,1.0,2.0
2450,5.936813186813187,1000000.0,8.0,1.0,364.0,0.0,364000000.0,1.0,3.0
2451,5.928191489361702,1000000.0,9.0,1.0,376.0,0.0,376000000.0,1.0,2.0
2452,5.994845360824742,1000000.0,9.0,1.0,388.0,0.0,388000000.0,1.0,3.0
2453,5.958115183246074,1000000.0,8.0,1.0,382.0,0.0,382000000.0,1.0,2.0
2454,5.967914438502674,1000000.0,8.0,1.0,374.0,0.0,374000000.0,1.0,2.0
2455,5.98404255319149,1000000.0,9.0,1.0,376.0,0.0,376000000.0,1.0,2.0
2456,5.9689119170984455,1000000.0,10.0,1.0,386.0,0.0,386000000.0,1.0,2.0
2457,5.992248062015504,1000000.0,9.0,1.0,387.0,0.0,387000000.0,1.0,3.0
2458,5.989473684210527,1000000.0,8.0,1.0,380.0,0.0,380000000.0,1.0,2.0
2459,5.944,1000000.0,9.0,1.0,375.0,0.0,375000000.0,1.0,2.0
2460,6.322222222222222,1000000.0,11.0,1.0,360.0,0.0,360000000.0,1.0,2.0
2461,6.030612244897959,1000000.0,10.0,1.0,392.0,0.0,392000000.0,1.0,2.0
2462,6.040431266846361,1000000.0,9.0,1.0,371.0,0.0,371000000.0,1.0,2.0
2463,6.043010752688172,1000000.0,8.0,1.0,372.0,0.0,372000000.0,1.0,2.0
2464,6.06631299734748,1000000.0,9.0,1.0,377.0,0.0,377000000.0,1.0,2.0
2465,6.056603773584905,1000000.0,9.0,1.0,371.0,0.0,371000000.0,1.0,2.0
2466,6.05511811023622,1000000.0,11.0,1.0,381.0,0.0,381000000.0,1.0,2.0
2467,6.1525423728813555,1000000.0,9.0,1.0,354.0,0.0,354000000.0,1.0,2.0
2468,6.03551912568306,1000000.0,9.0,1.0,366.0,0.0,366000000.0,1.0,2.0
2469,6.048913043478261,1000000.0,9.0,1.0,368.0,0.0,368000000.0,1.0,2.0
2470,6.822916666666667,1000000.0,10.0,1.0,96.0,16.0,96000000.0,1.0,3.0
2471,8.555555555555555,1000000.0,9.0,1.0,9.0,0.0,9000000.0,1.0,3.0
2472,8.666666666666666,1000000.0,9.0,1.0,6.0,2.0,6000000.0,1.0,2.0
2473,8.833333333333334,1000000.0,10.0,1.0,6.0,0.0,6000000.0,1.0,3.0
2474,8.8,1000000.0,9.0,1.0,5.0,0.0,5000000.0,1.0,2.0
2475,9.285714285714286,1000000.0,11.0,1.0,7.0,2.0,7000000.0,1.0,2.0
2476,8.6,1000000.0,9.0,1.0,5.0,0.0,5000000.0,1.0,4.0
2477,8.571428571428571,1000000.0,9.0,1.0,7.0,1.0,7000000.0,1.0,3.0
2478,9.0,1000000.0,10.0,1.0,7.0,2.0,7000000.0,1.0,3.0
2479,8.5,1000000.0,9.0,1.0,6.0,2.0,6000000.0,1.0,2.0
2480,8.375,1000000.0,9.0,1.0,8.0,2.0,8000000.0,1.0,3.0
2481,9.0,1000000.0,10.0,1.0,5.0,1.0,5000000.0,1.0,3.0
2482,8.666666666666666,1000000.0,9.0,1.0,6.0,1.0,6000000.0,1.0,2.0
2483,8.5,1000000.0,9.0,1.0,6.0,1.0,6000000.0,1.0,3.0
2484,8.666666666666666,1000000.0,9.0,1.0,6.0,1.0,6000000.0,1.0,2.0
2485,8.8,1000000.0,10.0,1.0,5.0,1.0,5000000.0,1.0,3.0
2486,9.428571428571429,1000000.0,11.0,1.0,7.0,2.0,7000000.0,1.0,2.0
2487,8.666666666666666,1000000.0,9.0,1.0,6.0,1.0,6000000.0,1.0,2.0
2488,8.75,1000000.0,9.0,1.0,4.0,0.0,4000000.0,1.0,2.0
2489,8.571428571428571,1000000.0,9.0,1.0,7.0,2.0,7000000.0,1.0,3.0
2490,8.6,1000000.0,9.0,1.0,5.0,1.0,5000000.0,1.0,2.0
2491,8.6,1000000.0,9.0,1.0,5.0,1.0,5000000.0,1.0,2.0
2492,8.833333333333334,1000000.0,9.0,1.0,6.0,0.0,6000000.0,1.0,2.0
2493,8.6,1000000.0,9.0,1.0,5.0,1.0,5000000.0,1.0,3.0
2494,8.571428571428571,1000000.0,9.0,1.0,7.0,1.0,7000000.0,1.0,3.0
2495,6.013201320132013,1000000.0,10.0,1.0,303.0,0.0,303000000.0,1.0,4.0
2496,6.078431372549019,1000000.0,10.0,1.0,357.0,3.0,357000000.0,1.0,4.0
2497,6.044943820224719,1000000.0,9.0,1.0,356.0,0.0,356000000.0,1.0,2.0
2498,6.005102040816326,1000000.0,8.0,1.0,392.0,0.0,392000000.0,1.0,3.0
2499,6.016260162601626,1000000.0,8.0,1.0,369.0,0.0,369000000.0,1.0,2.0
2500,6.008042895442359,1000000.0,8.0,1.0,373.0,0.0,373000000.0,1.0,3.0
2501,6.041095890410959,1000000.0,8.0,1.0,365.0,0.0,365000000.0,1.0,2.0
2502,6.002610966057441,1000000.0,8.0,1.0,383.0,0.0,383000000.0,1.0,3.0
2503,6.038356164383561,1000000.0,8.0,1.0,365.0,0.0,365000000.0,1.0,2.0
2504,6.043243243243243,1000000.0,8.0,1.0,370.0,0.0,370000000.0,1.0,2.0
2505,6.045945945945946,1000000.0,8.0,1.0,370.0,0.0,370000000.0,1.0,2.0
2506,6.054054054054054,1000000.0,8.0,1.0,370.0,0.0,370000000.0,1.0,2.0
2507,6.035135135135135,1000000.0,8.0,1.0,370.0,0.0,370000000.0,1.0,3.0
2508,6.005361930294906,1000000.0,8.0,1.0,373.0,0.0,373000000.0,1.0,2.0
2509,5.991978609625669,1000000.0,8.0,1.0,374.0,0.0,374000000.0,1.0,2.0
2510,5.91869918699187,1000000.0,8.0,1.0,369.0,0.0,369000000.0,1.0,2.0
2511,6.047872340425532,1000000.0,10.0,1.0,376.0,0.0,376000000.0,1.0,3.0
2512,5.917771883289125,1000000.0,8.0,1.0,377.0,0.0,377000000.0,1.0,2.0
2513,5.949197860962567,1000000.0,8.0,1.0,374.0,0.0,374000000.0,1.0,2.0
2514,5.92225201072386,1000000.0,8.0,1.0,373.0,0.0,373000000.0,1.0,2.0
2515,5.935828877005347,1000000.0,8.0,1.0,374.0,0.0,374000000.0,1.0,2.0
2516,5.948924731182796,1000000.0,8.0,1.0,372.0,0.0,372000000.0,1.0,2.0
2517,6.005347593582887,1000000.0,8.0,1.0,374.0,0.0,374000000.0,1.0,2.0
2518,5.957219251336898,1000000.0,8.0,1.0,374.0,0.0,374000000.0,1.0,2.0
2519,6.017948717948718,1000000.0,11.0,1.0,390.0,0.0,390000000.0,1.0,2.0
2520,6.6115702479338845,1000000.0,10.0,1.0,121.0,17.0,121000000.0,1.0,3.0
2521,8.8,1000000.0,9.0,1.0,10.0,2.0,10000000.0,1.0,2.0
2522,8.5,1000000.0,9.0,1.0,6.0,1.0,6000000.0,1.0,3.0
2523,8.571428571428571,1000000.0,9.0,1.0,7.0,2.0,7000000.0,1.0,2.0
2524,8.333333333333334,1000000.0,9.0,1.0,6.0,0.0,6000000.0,1.0,3.0
2525,8.6,1000000.0,9.0,1.0,5.0,1.0,5000000.0,1.0,3.0
2526,8.714285714285714,1000000.0,9.0,1.0,7.0,1.0,7000000.0,1.0,2.0
2527,8.6,1000000.0,9.0,1.0,5.0,1.0,5000000.0,1.0,2.0
2528,8.5,1000000.0,9.0,1.0,6.0,2.0,6000000.0,1.0,3.0
2529,8.833333333333334,1000000.0,10.0,1.0,6.0,0.0,6000000.0,1.0,3.0
2530,8.857142857142858,1000000.0,10.0,1.0,7.0,2.0,7000000.0,1.0,2.0
2531,8.75,1000000.0,9.0,1.0,4.0,1.0,4000000.0,1.0,2.0
2532,8.714285714285714,1000000.0,10.0,1.0,7.0,0.0,7000000.0,1.0,4.0
2533,9.166666666666666,1000000.0,10.0,1.0,6.0,1.0,6000000.0,1.0,2.0
2534,8.666666666666666,1000000.0,9.0,1.0,6.0,1.0,6000000.0,1.0,2.0
2535,8.833333333333334,1000000.0,9.0,1.0,6.0,1.0,6000000.0,1.0,2.0
2536,9.0,1000000.0,10.0,1.0,8.0,1.0,8000000.0,1.0,2.0
2537,8.714285714285714,1000000.0,9.0,1.0,7.0,0.0,7000000.0,1.0,3.0
2538,9.0,1000000.0,10.0,1.0,6.0,0.0,6000000.0,1.0,2.0
2539,8.571428571428571,1000000.0,9.0,1.0,7.0,2.0,7000000.0,1.0,2.0
2540,8.6,1000000.0,9.0,1.0,5.0,0.0,5000000.0,1.0,3.0
2541,8.5,1000000.0,9.0,1.0,6.0,2.0,6000000.0,1.0,3.0
2542,8.857142857142858,1000000.0,10.0,1.0,7.0,1.0,7000000.0,1.0,2.0
2543,8.666666666666666,1000000.0,9.0,1.0,6.0,0.0,6000000.0,1.0,3.0
2544,8.666666666666666,1000000.0,9.0,1.0,3.0,0.0,3000000.0,1.0,1.0
2545,6.140562248995984,1000000.0,9.0,1.0,249.0,0.0,249000000.0,1.0,3.0
2546,6.2745098039215685,1000000.0,9.0,1.0,357.0,3.0,357000000.0,1.0,4.0
2547,6.013089005235602,1000000.0,9.0,1.0,382.0,0.0,382000000.0,1.0,2.0
2548,6.0,1000000.0,8.0,1.0,392.0,0.0,392000000.0,1.0,3.0
2549,6.038043478260869,1000000.0,9.0,1.0,368.0,0.0,368000000.0,1.0,2.0
2550,6.018970189701897,1000000.0,9.0,1.0,369.0,0.0,369000000.0,1.0,2.0
2551,6.029569892473118,1000000.0,9.0,1.0,372.0,0.0,372000000.0,1.0,2.0
2552,6.045333333333334,1000000.0,9.0,1.0,375.0,0.0,375000000.0,1.0,3.0
2553,6.03475935828877,1000000.0,9.0,1.0,374.0,0.0,374000000.0,1.0,2.0
2554,6.076294277929155,1000000.0,10.0,1.0,367.0,0.0,367000000.0,1.0,3.0
2555,6.010781671159029,1000000.0,9.0,1.0,371.0,0.0,371000000.0,1.0,2.0
2556,6.065963060686016,1000000.0,9.0,1.0,379.0,0.0,379000000.0,1.0,2.0
2557,6.076719576719577,1000000.0,10.0,1.0,378.0,0.0,378000000.0,1.0,4.0
2558,6.045945945945946,1000000.0,9.0,1.0,370.0,0.0,370000000.0,1.0,2.0
2559,6.045945945945946,1000000.0,9.0,1.0,370.0,0.0,370000000.0,1.0,2.0
2560,6.0272479564032695,1000000.0,8.0,1.0,367.0,0.0,367000000.0,1.0,2.0
2561,6.116847826086956,1000000.0,11.0,1.0,368.0,0.0,368000000.0,1.0,2.0
2562,6.121827411167513,1000000.0,11.0,1.0,394.0,0.0,394000000.0,1.0,2.0
2563,6.026525198938992,1000000.0,8.0,1.0,377.0,0.0,377000000.0,1.0,2.0
2564,6.026954177897574,1000000.0,8.0,1.0,371.0,0.0,371000000.0,1.0,2.0
2565,6.0271739130434785,1000000.0,8.0,1.0,368.0,0.0,368000000.0,1.0,2.0
2566,5.975543478260869,1000000.0,8.0,1.0,368.0,0.0,368000000.0,1.0,2.0
2567,6.0296495956873315,1000000.0,8.0,1.0,371.0,0.0,371000000.0,1.0,2.0
2568,6.02972972972973,1000000.0,8.0,1.0,370.0,0.0,370000000.0,1.0,2.0
2569,6.043715846994536,1000000.0,8.0,1.0,366.0,0.0,366000000.0,1.0,2.0
2570,5.810218978102189,1000000.0,8.0,1.0,137.0,16.0,137000000.0,1.0,2.0
2571,4.875,1000000.0,5.0,1.0,8.0,0.0,8000000.0,1.0,2.0
2572,4.5,1000000.0,5.0,1.0,6.0,1.0,6000000.0,1.0,3.0
2573,4.5,1000000.0,5.0,1.0,6.0,2.0,6000000.0,1.0,2.0
2574,4.857142857142857,1000000.0,6.0,1.0,7.0,1.0,7000000.0,1.0,3.0
2575,4.571428571428571,1000000.0,5.0,1.0,7.0,2.0,7000000.0,1.0,3.0
2576,4.6,1000000.0,5.0,1.0,5.0,0.0,5000000.0,1.0,3.0
2577,4.571428571428571,1000000.0,5.0,1.0,7.0,1.0,7000000.0,1.0,3.0
2578,4.625,1000000.0,5.0,1.0,8.0,3.0,8000000.0,1.0,2.0
2579,4.5,1000000.0,5.0,1.0,4.0,0.0,4000000.0,1.0,3.0
2580,4.714285714285714,1000000.0,5.0,1.0,7.0,1.0,7000000.0,1.0,2.0
2581,4.833333333333333,1000000.0,5.0,1.0,6.0,0.0,6000000.0,1.0,3.0
2582,4.75,1000000.0,5.0,1.0,4.0,0.0,4000000.0,1.0,2.0
2583,4.75,1000000.0,6.0,1.0,8.0,2.0,8000000.0,1.0,3.0
2584,4.6,1000000.0,5.0,1.0,5.0,1.0,5000000.0,1.0,3.0
2585,4.6,1000000.0,5.0,1.0,5.0,0.0,5000000.0,1.0,3.0
2586,4.5,1000000.0,5.0,1.0,6.0,0.0,6000000.0,1.0,4.0
2587,5.666666666666667,1000000.0,6.0,1.0,3.0,0.0,3000000.0,1.0,1.0
2588,4.5,1000000.0,5.0,1.0,4.0,1.0,4000000.0,1.0,3.0
2589,4.666666666666667,1000000.0,5.0,1.0,6.0,0.0,6000000.0,1.0,3.0
2590,4.571428571428571,1000000.0,6.0,1.0,7.0,1.0,7000000.0,1.0,3.0
2591,4.857142857142857,1000000.0,6.0,1.0,7.0,1.0,7000000.0,1.0,3.0
2592,4.75,1000000.0,5.0,1.0,4.0,0.0,4000000.0,1.0,2.0
2593,5.0,1000000.0,6.0,1.0,7.0,0.0,7000000.0,1.0,4.0
2594,4.857142857142857,1000000.0,6.0,1.0,7.0,1.0,7000000.0,1.0,3.0
2595,5.75,1000000.0,9.0,1.0,256.0,0.0,256000000.0,1.0,4.0
2596,5.94488188976378,1000000.0,9.0,1.0,381.0,0.0,381000000.0,1.0,3.0
2597,5.89572192513369,1000000.0,9.0,1.0,374.0,1.0,374000000.0,1.0,5.0
2598,5.946666666666666,1000000.0,8.0,1.0,375.0,1.0,375000000.0,1.0,4.0
2599,5.946524064171123,1000000.0,8.0,1.0,374.0,0.0,374000000.0,1.0,2.0
2600,5.967391304347826,1000000.0,8.0,1.0,368.0,0.0,368000000.0,1.0,2.0
2601,5.916216216216216,1000000.0,8.0,1.0,370.0,0.0,370000000.0,1.0,2.0
2602,5.954666666666666,1000000.0,8.0,1.0,375.0,0.0,375000000.0,1.0,4.0
2603,5.962264150943396,1000000.0,8.0,1.0,371.0,0.0,371000000.0,1.0,2.0
2604,5.951482479784366,1000000.0,8.0,1.0,371.0,0.0,371000000.0,1.0,2.0
2605,5.946666666666666,1000000.0,8.0,1.0,375.0,0.0,375000000.0,1.0,2.0
2606,5.957333333333334,1000000.0,8.0,1.0,375.0,0.0,375000000.0,1.0,2.0
2607,5.976501305483029,1000000.0,8.0,1.0,383.0,0.0,383000000.0,1.0,3.0
2608,5.96514745308311,1000000.0,8.0,1.0,373.0,0.0,373000000.0,1.0,2.0
2609,5.951219512195122,1000000.0,8.0,1.0,369.0,0.0,369000000.0,1.0,2.0
2610,5.939473684210526,1000000.0,9.0,1.0,380.0,0.0,380000000.0,1.0,3.0
2611,6.040431266846361,1000000.0,9.0,1.0,371.0,0.0,371000000.0,1.0,2.0
2612,6.191374663072776,1000000.0,9.0,1.0,371.0,0.0,371000000.0,1.0,2.0
2613,6.080597014925373,1000000.0,9.0,1.0,335.0,0.0,335000000.0,1.0,2.0
2614,6.0,1000000.0,11.0,1.0,372.0,0.0,372000000.0,1.0,2.0
2615,6.0896739130434785,1000000.0,11.0,1.0,368.0,0.0,368000000.0,1.0,2.0
2616,6.026881720430108,1000000.0,9.0,1.0,372.0,0.0,372000000.0,1.0,2.0
2617,6.0190735694822886,1000000.0,9.0,1.0,367.0,0.0,367000000.0,1.0,2.0
2618,5.994609164420485,1000000.0,8.0,1.0,371.0,0.0,371000000.0,1.0,2.0
2619,6.024590163934426,1000000.0,9.0,1.0,366.0,0.0,366000000.0,1.0,2.0
2620,6.628378378378378,1000000.0,11.0,1.0,148.0,17.0,148000000.0,1.0,3.0
2621,8.75,1000000.0,9.0,1.0,8.0,1.0,8000000.0,1.0,2.0
2622,8.571428571428571,1000000.0,9.0,1.0,7.0,1.0,7000000.0,1.0,3.0
2623,8.666666666666666,1000000.0,9.0,1.0,6.0,1.0,6000000.0,1.0,2.0
2624,8.75,1000000.0,9.0,1.0,4.0,0.0,4000000.0,1.0,2.0
2625,8.5,1000000.0,9.0,1.0,6.0,1.0,6000000.0,1.0,3.0
2626,8.75,1000000.0,10.0,1.0,8.0,1.0,8000000.0,1.0,3.0
2627,8.666666666666666,1000000.0,9.0,1.0,6.0,0.0,6000000.0,1.0,3.0
2628,8.75,1000000.0,9.0,1.0,4.0,1.0,4000000.0,1.0,2.0
2629,8.6,1000000.0,9.0,1.0,5.0,0.0,5000000.0,1.0,3.0
2630,8.6,1000000.0,9.0,1.0,5.0,0.0,5000000.0,1.0,2.0
2631,8.428571428571429,1000000.0,9.0,1.0,7.0,2.0,7000000.0,1.0,3.0
2632,8.666666666666666,1000000.0,9.0,1.0,6.0,1.0,6000000.0,1.0,2.0
2633,9.0,1000000.0,10.0,1.0,5.0,1.0,5000000.0,1.0,2.0
2634,8.5,1000000.0,9.0,1.0,6.0,0.0,6000000.0,1.0,3.0
2635,8.75,1000000.0,9.0,1.0,4.0,0.0,4000000.0,1.0,2.0
2636,8.5,1000000.0,9.0,1.0,6.0,1.0,6000000.0,1.0,3.0
2637,9.333333333333334,1000000.0,11.0,1.0,6.0,1.0,6000000.0,1.0,3.0
2638,8.125,1000000.0,10.0,1.0,8.0,1.0,8000000.0,1.0,3.0
2639,9.0,1000000.0,10.0,1.0,6.0,1.0,6000000.0,1.0,3.0
2640,8.833333333333334,1000000.0,9.0,1.0,6.0,0.0,6000000.0,1.0,2.0
2641,9.0,1000000.0,10.0,1.0,4.0,0.0,4000000.0,1.0,2.0
2642,9.0,1000000.0,11.0,1.0,7.0,1.0,7000000.0,1.0,3.0
2643,8.75,1000000.0,9.0,1.0,4.0,0.0,4000000.0,1.0,2.0
2644,8.857142857142858,1000000.0,10.0,1.0,7.0,1.0,7000000.0,1.0,3.0
2645,6.1722689075630255,1000000.0,9.0,1.0,238.0,0.0,238000000.0,1.0,3.0
2646,6.152815013404826,1000000.0,9.0,1.0,373.0,0.0,373000000.0,1.0,3.0
2647,6.097560975609756,1000000.0,9.0,1.0,369.0,3.0,369000000.0,1.0,4.0
2648,6.064,1000000.0,10.0,1.0,375.0,0.0,375000000.0,1.0,4.0
2649,6.067204301075269,1000000.0,8.0,1.0,372.0,0.0,372000000.0,1.0,2.0
2650,6.02710027100271,1000000.0,8.0,1.0,369.0,0.0,369000000.0,1.0,2.0
2651,6.0190735694822886,1000000.0,9.0,1.0,367.0,0.0,367000000.0,1.0,2.0
2652,6.053333333333334,1000000.0,9.0,1.0,375.0,0.0,375000000.0,1.0,3.0
2653,6.043243243243243,1000000.0,9.0,1.0,370.0,0.0,370000000.0,1.0,2.0
2654,6.02710027100271,1000000.0,8.0,1.0,369.0,0.0,369000000.0,1.0,2.0
2655,6.053333333333334,1000000.0,9.0,1.0,375.0,0.0,375000000.0,1.0,2.0
2656,6.037634408602151,1000000.0,9.0,1.0,372.0,0.0,372000000.0,1.0,2.0
2657,6.010899182561308,1000000.0,8.0,1.0,367.0,0.0,367000000.0,1.0,3.0
2658,5.989010989010989,1000000.0,8.0,1.0,364.0,0.0,364000000.0,1.0,2.0
2659,6.048257372654155,1000000.0,8.0,1.0,373.0,0.0,373000000.0,1.0,2.0
2660,6.043243243243243,1000000.0,8.0,1.0,370.0,0.0,370000000.0,1.0,2.0
2661,6.005390835579515,1000000.0,8.0,1.0,371.0,0.0,371000000.0,1.0,2.0
2662,6.018918918918919,1000000.0,8.0,1.0,370.0,0.0,370000000.0,1.0,2.0
2663,6.0855614973262036,1000000.0,9.0,1.0,374.0,0.0,374000000.0,1.0,2.0
2664,6.0212765957446805,1000000.0,8.0,1.0,376.0,0.0,376000000.0,1.0,2.0
2665,6.035040431266847,1000000.0,8.0,1.0,371.0,0.0,371000000.0,1.0,2.0
2666,5.90934065934066,1000000.0,8.0,1.0,364.0,0.0,364000000.0,1.0,2.0
2667,5.968,1000000.0,8.0,1.0,375.0,0.0,375000000.0,1.0,2.0
2668,5.959128065395095,1000000.0,8.0,1.0,367.0,0.0,367000000.0,1.0,2.0
2669,6.029490616621984,1000000.0,8.0,1.0,373.0,0.0,373000000.0,1.0,2.0
2670,5.6490066225165565,1000000.0,8.0,1.0,151.0,19.0,151000000.0,1.0,3.0
2671,4.916666666666667,1000000.0,6.0,1.0,12.0,2.0,12000000.0,1.0,3.0
2672,4.5,1000000.0,5.0,1.0,6.0,2.0,6000000.0,1.0,2.0
2673,4.5,1000000.0,5.0,1.0,4.0,0.0,4000000.0,1.0,3.0
2674,4.428571428571429,1000000.0,5.0,1.0,7.0,2.0,7000000.0,1.0,3.0
2675,4.6,1000000.0,5.0,1.0,5.0,2.0,5000000.0,1.0,3.0
2676,4.6,1000000.0,5.0,1.0,5.0,1.0,5000000.0,1.0,2.0
2677,4.5,1000000.0,5.0,1.0,6.0,0.0,6000000.0,1.0,3.0
2678,4.6,1000000.0,5.0,1.0,5.0,1.0,5000000.0,1.0,3.0
2679,4.714285714285714,1000000.0,5.0,1.0,7.0,1.0,7000000.0,1.0,2.0
2680,4.5,1000000.0,5.0,1.0,4.0,0.0,4000000.0,1.0,3.0
2681,5.0,1000000.0,6.0,1.0,6.0,2.0,6000000.0,1.0,2.0
2682,4.714285714285714,1000000.0,5.0,1.0,7.0,1.0,7000000.0,1.0,2.0
2683,4.5,1000000.0,5.0,1.0,6.0,1.0,6000000.0,1.0,3.0
2684,4.75,1000000.0,5.0,1.0,4.0,1.0,4000000.0,1.0,2.0
2685,4.8,1000000.0,6.0,1.0,5.0,1.0,5000000.0,1.0,3.0
2686,4.833333333333333,1000000.0,5.0,1.0,6.0,0.0,6000000.0,1.0,2.0
2687,4.6,1000000.0,5.0,1.0,5.0,1.0,5000000.0,1.0,3.0
2688,5.125,1000000.0,6.0,1.0,8.0,0.0,8000000.0,1.0,2.0
2689,4.857142857142857,1000000.0,6.0,1.0,7.0,2.0,7000000.0,1.0,3.0
2690,4.6,1000000.0,5.0,1.0,5.0,1.0,5000000.0,1.0,3.0
2691,4.5,1000000.0,5.0,1.0,6.0,0.0,6000000.0,1.0,3.0
2692,4.714285714285714,1000000.0,6.0,1.0,7.0,1.0,7000000.0,1.0,3.0
2693,4.5,1000000.0,5.0,1.0,6.0,0.0,6000000.0,1.0,3.0
2694,4.5,1000000.0,5.0,1.0,6.0,1.0,6000000.0,1.0,3.0
2695,5.771784232365145,1000000.0,8.0,1.0,241.0,0.0,241000000.0,1.0,2.0
2696,5.971502590673575,1000000.0,8.0,1.0,386.0,0.0,386000000.0,1.0,3.0
2697,5.958974358974359,1000000.0,8.0,1.0,390.0,3.0,390000000.0,1.0,4.0
2698,5.975675675675675,1000000.0,8.0,1.0,370.0,0.0,370000000.0,1.0,4.0
2699,5.97027027027027,1000000.0,8.0,1.0,370.0,0.0,370000000.0,1.0,2.0
2700,5.914835164835165,1000000.0,8.0,1.0,364.0,0.0,364000000.0,1.0,2.0
2701,5.9949367088607595,1000000.0,8.0,1.0,395.0,0.0,395000000.0,1.0,2.0
2702,5.974789915966387,1000000.0,9.0,1.0,357.0,0.0,357000000.0,1.0,3.0
2703,5.9605263157894735,1000000.0,9.0,1.0,380.0,0.0,380000000.0,1.0,3.0
2704,6.007792207792208,1000000.0,10.0,1.0,385.0,0.0,385000000.0,1.0,2.0
2705,5.953246753246753,1000000.0,8.0,1.0,385.0,0.0,385000000.0,1.0,2.0
2706,5.9361702127659575,1000000.0,8.0,1.0,376.0,0.0,376000000.0,1.0,2.0
2707,5.98404255319149,1000000.0,9.0,1.0,376.0,0.0,376000000.0,1.0,3.0
2708,5.989769820971867,1000000.0,10.0,1.0,391.0,0.0,391000000.0,1.0,2.0
2709,5.9620596205962055,1000000.0,8.0,1.0,369.0,0.0,369000000.0,1.0,2.0
2710,5.976,1000000.0,9.0,1.0,375.0,0.0,375000000.0,1.0,2.0
2711,5.994666666666666,1000000.0,8.0,1.0,375.0,0.0,375000000.0,1.0,2.0
2712,5.983914209115282,1000000.0,8.0,1.0,373.0,0.0,373000000.0,1.0,2.0
2713,6.074585635359116,1000000.0,11.0,1.0,362.0,0.0,362000000.0,1.0,2.0
2714,6.027855153203342,1000000.0,10.0,1.0,359.0,0.0,359000000.0,1.0,2.0
2715,6.048517520215634,1000000.0,8.0,1.0,371.0,0.0,371000000.0,1.0,2.0
2716,6.045822102425876,1000000.0,10.0,1.0,371.0,0.0,371000000.0,1.0,2.0
2717,6.045698924731183,1000000.0,9.0,1.0,372.0,0.0,372000000.0,1.0,2.0
2718,6.037433155080214,1000000.0,9.0,1.0,374.0,0.0,374000000.0,1.0,3.0
2719,6.032432432432432,1000000.0,10.0,1.0,370.0,0.0,370000000.0,1.0,2.0
2720,6.666666666666667,1000000.0,10.0,1.0,159.0,18.0,159000000.0,1.0,2.0
2721,8.818181818181818,1000000.0,9.0,1.0,11.0,1.0,11000000.0,1.0,3.0
2722,9.0,1000000.0,10.0,1.0,7.0,2.0,7000000.0,1.0,2.0
2723,9.0,1000000.0,10.0,1.0,5.0,1.0,5000000.0,1.0,2.0
2724,8.571428571428571,1000000.0,9.0,1.0,7.0,1.0,7000000.0,1.0,3.0
2725,9.0,1000000.0,11.0,1.0,9.0,2.0,9000000.0,1.0,3.0
2726,8.75,1000000.0,9.0,1.0,4.0,0.0,4000000.0,1.0,2.0
2727,8.857142857142858,1000000.0,10.0,1.0,7.0,2.0,7000000.0,1.0,2.0
2728,8.5,1000000.0,9.0,1.0,6.0,1.0,6000000.0,1.0,3.0
2729,8.5,1000000.0,9.0,1.0,4.0,0.0,4000000.0,1.0,3.0
2730,8.5,1000000.0,9.0,1.0,6.0,1.0,6000000.0,1.0,3.0
2731,8.5,1000000.0,9.0,1.0,6.0,2.0,6000000.0,1.0,2.0
2732,8.666666666666666,1000000.0,9.0,1.0,6.0,0.0,6000000.0,1.0,3.0
2733,8.6,1000000.0,9.0,1.0,5.0,0.0,5000000.0,1.0,2.0
2734,8.571428571428571,1000000.0,9.0,1.0,7.0,2.0,7000000.0,1.0,3.0
2735,8.4,1000000.0,9.0,1.0,5.0,1.0,5000000.0,1.0,3.0
2736,8.5,1000000.0,9.0,1.0,6.0,2.0,6000000.0,1.0,2.0
2737,8.6,1000000.0,9.0,1.0,5.0,2.0,5000000.0,1.0,3.0
2738,8.625,1000000.0,10.0,1.0,8.0,1.0,8000000.0,1.0,3.0
2739,8.875,1000000.0,10.0,1.0,8.0,2.0,8000000.0,1.0,3.0
2740,8.8,1000000.0,9.0,1.0,5.0,0.0,5000000.0,1.0,2.0
2741,8.5,1000000.0,9.0,1.0,6.0,0.0,6000000.0,1.0,3.0
2742,9.285714285714286,1000000.0,11.0,1.0,7.0,1.0,7000000.0,1.0,3.0
2743,8.833333333333334,1000000.0,10.0,1.0,6.0,0.0,6000000.0,1.0,2.0
2744,9.6,1000000.0,11.0,1.0,5.0,0.0,5000000.0,1.0,2.0
2745,5.954545454545454,1000000.0,9.0,1.0,242.0,0.0,242000000.0,1.0,2.0
2746,6.229166666666667,1000000.0,9.0,1.0,336.0,0.0,336000000.0,1.0,3.0
2747,6.155313351498638,1000000.0,9.0,1.0,367.0,0.0,367000000.0,1.0,3.0
2748,5.938172043010753,1000000.0,9.0,1.0,372.0,0.0,372000000.0,1.0,4.0
2749,6.062330623306233,1000000.0,8.0,1.0,369.0,0.0,369000000.0,1.0,2.0
2750,5.997326203208556,1000000.0,8.0,1.0,374.0,0.0,374000000.0,1.0,3.0
2751,6.013440860215054,1000000.0,8.0,1.0,372.0,0.0,372000000.0,1.0,2.0
2752,6.026737967914438,1000000.0,8.0,1.0,374.0,0.0,374000000.0,1.0,3.0
2753,6.021621621621621,1000000.0,8.0,1.0,370.0,0.0,370000000.0,1.0,2.0
2754,6.029810298102981,1000000.0,8.0,1.0,369.0,0.0,369000000.0,1.0,2.0
2755,6.026525198938992,1000000.0,8.0,1.0,377.0,0.0,377000000.0,1.0,2.0
2756,6.032171581769437,1000000.0,8.0,1.0,373.0,0.0,373000000.0,1.0,2.0
2757,6.040983606557377,1000000.0,8.0,1.0,366.0,0.0,366000000.0,1.0,3.0
2758,6.015831134564643,1000000.0,8.0,1.0,379.0,0.0,379000000.0,1.0,2.0
2759,6.010869565217392,1000000.0,8.0,1.0,368.0,0.0,368000000.0,1.0,2.0
2760,6.037735849056604,1000000.0,8.0,1.0,371.0,0.0,371000000.0,1.0,2.0
2761,6.0431266846361185,1000000.0,8.0,1.0,371.0,0.0,371000000.0,1.0,2.0
2762,6.02710027100271,1000000.0,8.0,1.0,369.0,0.0,369000000.0,1.0,2.0
2763,6.005449591280654,1000000.0,8.0,1.0,367.0,0.0,367000000.0,1.0,2.0
2764,6.054347826086956,1000000.0,10.0,1.0,368.0,0.0,368000000.0,1.0,2.0
2765,6.036082474226804,1000000.0,8.0,1.0,388.0,0.0,388000000.0,1.0,2.0
2766,6.002673796791444,1000000.0,8.0,1.0,374.0,0.0,374000000.0,1.0,2.0
2767,6.037533512064343,1000000.0,8.0,1.0,373.0,0.0,373000000.0,1.0,2.0
2768,6.021621621621621,1000000.0,8.0,1.0,370.0,0.0,370000000.0,1.0,2.0
2769,6.046195652173913,1000000.0,9.0,1.0,368.0,0.0,368000000.0,1.0,2.0
2770,6.564705882352941,1000000.0,11.0,1.0,170.0,16.0,170000000.0,1.0,3.0
2771,8.857142857142858,1000000.0,9.0,1.0,7.0,0.0,7000000.0,1.0,2.0
2772,8.5,1000000.0,9.0,1.0,6.0,1.0,6000000.0,1.0,3.0
2773,8.714285714285714,1000000.0,10.0,1.0,7.0,1.0,7000000.0,1.0,3.0
2774,8.6,1000000.0,9.0,1.0,5.0,0.0,5000000.0,1.0,3.0
2775,8.5,1000000.0,9.0,1.0,6.0,2.0,6000000.0,1.0,3.0
2776,8.857142857142858,1000000.0,10.0,1.0,7.0,1.0,7000000.0,1.0,3.0
2777,8.666666666666666,1000000.0,9.0,1.0,6.0,0.0,6000000.0,1.0,3.0
2778,8.75,1000000.0,9.0,1.0,4.0,1.0,4000000.0,1.0,2.0
2779,8.5,1000000.0,9.0,1.0,6.0,1.0,6000000.0,1.0,3.0
2780,8.571428571428571,1000000.0,9.0,1.0,7.0,2.0,7000000.0,1.0,2.0
2781,9.0,1000000.0,9.0,1.0,3.0,0.0,3000000.0,1.0,1.0
2782,8.8,1000000.0,9.0,1.0,5.0,1.0,5000000.0,1.0,2.0
2783,8.6,1000000.0,9.0,1.0,5.0,0.0,5000000.0,1.0,3.0
2784,8.6,1000000.0,9.0,1.0,5.0,1.0,5000000.0,1.0,3.0
2785,8.428571428571429,1000000.0,9.0,1.0,7.0,0.0,7000000.0,1.0,3.0
2786,8.5,1000000.0,9.0,1.0,6.0,1.0,6000000.0,1.0,4.0
2787,8.666666666666666,1000000.0,9.0,1.0,6.0,2.0,6000000.0,1.0,2.0
2788,8.4,1000000.0,9.0,1.0,5.0,0.0,5000000.0,1.0,3.0
2789,8.666666666666666,1000000.0,9.0,1.0,3.0,1.0,3000000.0,1.0,2.0
2790,8.666666666666666,1000000.0,9.0,1.0,6.0,1.0,6000000.0,1.0,3.0
2791,8.833333333333334,1000000.0,10.0,1.0,6.0,0.0,6000000.0,1.0,3.0
2792,8.6,1000000.0,9.0,1.0,5.0,2.0,5000000.0,1.0,2.0
2793,8.8,1000000.0,9.0,1.0,5.0,0.0,5000000.0,1.0,3.0
2794,8.8,1000000.0,9.0,1.0,5.0,0.0,5000000.0,1.0,2.0
2795,6.099547511312217,1000000.0,9.0,1.0,221.0,0.0,221000000.0,1.0,3.0
2796,6.032,1000000.0,9.0,1.0,375.0,2.0,375000000.0,1.0,4.0
2797,6.097297297297297,1000000.0,9.0,1.0,370.0,1.0,370000000.0,1.0,4.0
2798,6.015151515151516,1000000.0,9.0,1.0,396.0,0.0,396000000.0,1.0,4.0
2799,6.06989247311828,1000000.0,9.0,1.0,372.0,0.0,372000000.0,1.0,2.0
2800,6.021857923497268,1000000.0,8.0,1.0,366.0,0.0,366000000.0,1.0,2.0
2801,6.046195652173913,1000000.0,9.0,1.0,368.0,0.0,368000000.0,1.0,2.0
2802,6.045698924731183,1000000.0,9.0,1.0,372.0,0.0,372000000.0,1.0,3.0
2803,6.045212765957447,1000000.0,9.0,1.0,376.0,0.0,376000000.0,1.0,2.0
2804,6.100543478260869,1000000.0,9.0,1.0,368.0,0.0,368000000.0,1.0,2.0
2805,6.057065217391305,1000000.0,9.0,1.0,368.0,0.0,368000000.0,1.0,3.0
2806,6.0606060606060606,1000000.0,9.0,1.0,363.0,0.0,363000000.0,1.0,2.0
2807,6.015915119363395,1000000.0,8.0,1.0,377.0,0.0,377000000.0,1.0,2.0
2808,6.032786885245901,1000000.0,8.0,1.0,366.0,0.0,366000000.0,1.0,2.0
2809,6.0576923076923075,1000000.0,9.0,1.0,364.0,0.0,364000000.0,1.0,2.0
2810,6.040431266846361,1000000.0,9.0,1.0,371.0,0.0,371000000.0,1.0,2.0
2811,6.032608695652174,1000000.0,8.0,1.0,368.0,0.0,368000000.0,1.0,2.0
2812,6.0353260869565215,1000000.0,9.0,1.0,368.0,0.0,368000000.0,1.0,3.0
2813,6.103260869565218,1000000.0,11.0,1.0,368.0,0.0,368000000.0,1.0,2.0
2814,6.011142061281337,1000000.0,9.0,1.0,359.0,0.0,359000000.0,1.0,2.0
2815,6.1602209944751385,1000000.0,9.0,1.0,362.0,0.0,362000000.0,1.0,2.0
2816,6.032345013477089,1000000.0,8.0,1.0,371.0,0.0,371000000.0,1.0,2.0
2817,6.070080862533692,1000000.0,8.0,1.0,371.0,0.0,371000000.0,1.0,2.0
2818,6.037837837837838,1000000.0,8.0,1.0,370.0,0.0,370000000.0,1.0,2.0
2819,5.986595174262734,1000000.0,8.0,1.0,373.0,0.0,373000000.0,1.0,2.0
2820,5.7444444444444445,1000000.0,8.0,1.0,180.0,17.0,180000000.0,1.0,3.0
2821,4.833333333333333,1000000.0,6.0,1.0,12.0,3.0,12000000.0,1.0,3.0
2822,4.571428571428571,1000000.0,5.0,1.0,7.0,0.0,7000000.0,1.0,3.0
2823,4.5,1000000.0,5.0,1.0,6.0,1.0,6000000.0,1.0,3.0
2824,4.875,1000000.0,7.0,1.0,8.0,1.0,8000000.0,1.0,4.0
2825,4.6,1000000.0,5.0,1.0,5.0,1.0,5000000.0,1.0,3.0
2826,4.6,1000000.0,5.0,1.0,5.0,0.0,5000000.0,1.0,3.0
2827,4.5,1000000.0,5.0,1.0,6.0,1.0,6000000.0,1.0,3.0
2828,4.833333333333333,1000000.0,5.0,1.0,6.0,0.0,6000000.0,1.0,2.0
2829,4.666666666666667,1000000.0,6.0,1.0,9.0,1.0,9000000.0,1.0,3.0
2830,5.0,1000000.0,6.0,1.0,5.0,1.0,5000000.0,1.0,2.0
2831,4.5,1000000.0,5.0,1.0,6.0,1.0,6000000.0,1.0,3.0
2832,4.666666666666667,1000000.0,5.0,1.0,6.0,0.0,6000000.0,1.0,2.0
2833,4.75,1000000.0,5.0,1.0,4.0,0.0,4000000.0,1.0,2.0
2834,4.6,1000000.0,5.0,1.0,5.0,0.0,5000000.0,1.0,2.0
2835,4.6,1000000.0,5.0,1.0,5.0,0.0,5000000.0,1.0,2.0
2836,4.571428571428571,1000000.0,5.0,1.0,7.0,1.0,7000000.0,1.0,3.0
2837,4.571428571428571,1000000.0,5.0,1.0,7.0,1.0,7000000.0,1.0,3.0
2838,5.0,1000000.0,5.0,1.0,3.0,0.0,3000000.0,1.0,1.0
2839,4.714285714285714,1000000.0,5.0,1.0,7.0,1.0,7000000.0,1.0,2.0
2840,5.1,1000000.0,7.0,1.0,10.0,2.0,10000000.0,1.0,4.0
2841,4.8,1000000.0,5.0,1.0,5.0,0.0,5000000.0,1.0,2.0
2842,4.636363636363637,1000000.0,6.0,1.0,11.0,3.0,11000000.0,1.0,3.0
2843,4.75,1000000.0,5.0,1.0,4.0,0.0,4000000.0,1.0,2.0
2844,4.857142857142857,1000000.0,6.0,1.0,7.0,1.0,7000000.0,1.0,3.0
2845,5.8268398268398265,1000000.0,8.0,1.0,231.0,0.0,231000000.0,1.0,4.0
2846,5.92225201072386,1000000.0,9.0,1.0,373.0,1.0,373000000.0,1.0,4.0
2847,5.9258312020460355,1000000.0,8.0,1.0,391.0,4.0,391000000.0,1.0,3.0
2848,5.968421052631579,1000000.0,8.0,1.0,380.0,0.0,380000000.0,1.0,3.0
2849,5.949197860962567,1000000.0,8.0,1.0,374.0,0.0,374000000.0,1.0,2.0
2850,5.948924731182796,1000000.0,8.0,1.0,372.0,0.0,372000000.0,1.0,2.0
2851,5.951482479784366,1000000.0,8.0,1.0,371.0,0.0,371000000.0,1.0,2.0
2852,6.005249343832021,1000000.0,8.0,1.0,381.0,0.0,381000000.0,1.0,3.0
2853,5.9375,1000000.0,8.0,1.0,368.0,0.0,368000000.0,1.0,2.0
2854,5.959677419354839,1000000.0,8.0,1.0,372.0,0.0,372000000.0,1.0,2.0
2855,5.968503937007874,1000000.0,9.0,1.0,381.0,0.0,381000000.0,1.0,2.0
2856,5.9361702127659575,1000000.0,8.0,1.0,376.0,0.0,376000000.0,1.0,2.0
2857,5.947089947089947,1000000.0,8.0,1.0,378.0,0.0,378000000.0,1.0,3.0
2858,5.946666666666666,1000000.0,8.0,1.0,375.0,0.0,375000000.0,1.0,2.0
2859,5.956989247311828,1000000.0,8.0,1.0,372.0,0.0,372000000.0,1.0,2.0
2860,5.925925925925926,1000000.0,8.0,1.0,378.0,0.0,378000000.0,1.0,2.0
2861,5.973118279569892,1000000.0,9.0,1.0,372.0,0.0,372000000.0,1.0,3.0
2862,6.010695187165775,1000000.0,8.0,1.0,374.0,0.0,374000000.0,1.0,3.0
2863,6.03475935828877,1000000.0,10.0,1.0,374.0,0.0,374000000.0,1.0,2.0
2864,6.056300268096515,1000000.0,9.0,1.0,373.0,0.0,373000000.0,1.0,2.0
2865,6.276422764227642,1000000.0,11.0,1.0,369.0,0.0,369000000.0,1.0,3.0
2866,6.005089058524173,1000000.0,8.0,1.0,393.0,0.0,393000000.0,1.0,2.0
2867,6.073878627968337,1000000.0,10.0,1.0,379.0,0.0,379000000.0,1.0,2.0
2868,6.016348773841962,1000000.0,8.0,1.0,367.0,0.0,367000000.0,1.0,2.0
2869,6.040322580645161,1000000.0,9.0,1.0,372.0,0.0,372000000.0,1.0,2.0
2870,6.54696132596685,1000000.0,10.0,1.0,181.0,16.0,181000000.0,1.0,2.0
2871,8.777777777777779,1000000.0,9.0,1.0,9.0,0.0,9000000.0,1.0,3.0
2872,8.571428571428571,1000000.0,9.0,1.0,7.0,2.0,7000000.0,1.0,3.0
2873,8.571428571428571,1000000.0,9.0,1.0,7.0,1.0,7000000.0,1.0,3.0
2874,8.428571428571429,1000000.0,9.0,1.0,7.0,2.0,7000000.0,1.0,3.0
2875,8.5,1000000.0,9.0,1.0,4.0,0.0,4000000.0,1.0,3.0
2876,9.0,1000000.0,9.0,1.0,4.0,0.0,4000000.0,1.0,1.0
2877,9.0,1000000.0,9.0,1.0,5.0,0.0,5000000.0,1.0,1.0
2878,8.6,1000000.0,9.0,1.0,5.0,2.0,5000000.0,1.0,2.0
2879,8.6,1000000.0,9.0,1.0,5.0,0.0,5000000.0,1.0,3.0
2880,8.8,1000000.0,9.0,1.0,5.0,0.0,5000000.0,1.0,2.0
2881,8.666666666666666,1000000.0,9.0,1.0,3.0,1.0,3000000.0,1.0,2.0
2882,8.666666666666666,1000000.0,9.0,1.0,6.0,0.0,6000000.0,1.0,3.0
2883,8.833333333333334,1000000.0,9.0,1.0,6.0,0.0,6000000.0,1.0,2.0
2884,8.875,1000000.0,10.0,1.0,8.0,1.0,8000000.0,1.0,4.0
2885,8.75,1000000.0,9.0,1.0,4.0,1.0,4000000.0,1.0,2.0
2886,8.833333333333334,1000000.0,10.0,1.0,6.0,1.0,6000000.0,1.0,3.0
2887,8.428571428571429,1000000.0,9.0,1.0,7.0,1.0,7000000.0,1.0,3.0
2888,8.4,1000000.0,9.0,1.0,5.0,1.0,5000000.0,1.0,3.0
2889,8.5,1000000.0,9.0,1.0,6.0,0.0,6000000.0,1.0,3.0
2890,8.8,1000000.0,9.0,1.0,5.0,0.0,5000000.0,1.0,2.0
2891,8.666666666666666,1000000.0,9.0,1.0,6.0,1.0,6000000.0,1.0,3.0
2892,9.0,1000000.0,10.0,1.0,5.0,0.0,5000000.0,1.0,3.0
2893,8.6,1000000.0,9.0,1.0,5.0,1.0,5000000.0,1.0,2.0
2894,8.714285714285714,1000000.0,10.0,1.0,7.0,1.0,7000000.0,1.0,3.0
2895,6.026666666666666,1000000.0,9.0,1.0,225.0,0.0,225000000.0,1.0,2.0
2896,5.951612903225806,1000000.0,11.0,1.0,372.0,0.0,372000000.0,1.0,3.0
2897,6.032178217821782,1000000.0,9.0,1.0,404.0,3.0,404000000.0,1.0,4.0
2898,5.969325153374233,1000000.0,9.0,1.0,326.0,0.0,326000000.0,1.0,4.0
2899,6.032432432432432,1000000.0,8.0,1.0,370.0,0.0,370000000.0,1.0,2.0
2900,6.0379403794037945,1000000.0,8.0,1.0,369.0,0.0,369000000.0,1.0,2.0
2901,5.994550408719346,1000000.0,8.0,1.0,367.0,0.0,367000000.0,1.0,2.0
2902,6.053908355795148,1000000.0,9.0,1.0,371.0,0.0,371000000.0,1.0,3.0
2903,6.056,1000000.0,9.0,1.0,375.0,0.0,375000000.0,1.0,2.0
2904,6.051212938005391,1000000.0,9.0,1.0,371.0,0.0,371000000.0,1.0,2.0
2905,6.03485254691689,1000000.0,9.0,1.0,373.0,0.0,373000000.0,1.0,2.0
2906,6.059299191374663,1000000.0,8.0,1.0,371.0,0.0,371000000.0,1.0,2.0
2907,6.024193548387097,1000000.0,8.0,1.0,372.0,0.0,372000000.0,1.0,3.0
2908,6.031746031746032,1000000.0,8.0,1.0,378.0,0.0,378000000.0,1.0,2.0
2909,6.016260162601626,1000000.0,8.0,1.0,369.0,0.0,369000000.0,1.0,2.0
2910,6.034574468085107,1000000.0,8.0,1.0,376.0,0.0,376000000.0,1.0,2.0
2911,6.037735849056604,1000000.0,8.0,1.0,371.0,0.0,371000000.0,1.0,2.0
2912,6.013440860215054,1000000.0,8.0,1.0,372.0,0.0,372000000.0,1.0,2.0
2913,6.0431266846361185,1000000.0,8.0,1.0,371.0,0.0,371000000.0,1.0,2.0
2914,5.925,1000000.0,8.0,1.0,360.0,0.0,360000000.0,1.0,2.0
2915,6.029810298102981,1000000.0,8.0,1.0,369.0,0.0,369000000.0,1.0,2.0
2916,6.045454545454546,1000000.0,8.0,1.0,374.0,0.0,374000000.0,1.0,2.0
2917,6.051212938005391,1000000.0,8.0,1.0,371.0,0.0,371000000.0,1.0,2.0
2918,6.037735849056604,1000000.0,8.0,1.0,371.0,0.0,371000000.0,1.0,2.0
2919,6.016260162601626,1000000.0,8.0,1.0,369.0,0.0,369000000.0,1.0,2.0
2920,5.78125,1000000.0,8.0,1.0,192.0,18.0,192000000.0,1.0,3.0
2921,4.857142857142857,1000000.0,6.0,1.0,14.0,3.0,14000000.0,1.0,2.0
2922,5.0,1000000.0,6.0,1.0,4.0,1.0,4000000.0,1.0,2.0
2923,4.5,1000000.0,5.0,1.0,6.0,2.0,6000000.0,1.0,2.0
2924,4.8,1000000.0,5.0,1.0,5.0,1.0,5000000.0,1.0,2.0
2925,4.6,1000000.0,5.0,1.0,5.0,1.0,5000000.0,1.0,2.0
2926,4.5,1000000.0,5.0,1.0,6.0,1.0,6000000.0,1.0,3.0
2927,4.666666666666667,1000000.0,5.0,1.0,6.0,1.0,6000000.0,1.0,2.0
2928,4.666666666666667,1000000.0,5.0,1.0,3.0,1.0,3000000.0,1.0,2.0
2929,4.5,1000000.0,5.0,1.0,4.0,1.0,4000000.0,1.0,2.0
2930,4.833333333333333,1000000.0,5.0,1.0,6.0,0.0,6000000.0,1.0,2.0
2931,4.666666666666667,1000000.0,5.0,1.0,3.0,0.0,3000000.0,1.0,2.0
2932,4.571428571428571,1000000.0,5.0,1.0,7.0,2.0,7000000.0,1.0,2.0
2933,4.6,1000000.0,5.0,1.0,5.0,0.0,5000000.0,1.0,3.0
2934,4.5,1000000.0,5.0,1.0,6.0,2.0,6000000.0,1.0,3.0
2935,4.571428571428571,1000000.0,5.0,1.0,7.0,1.0,7000000.0,1.0,2.0
2936,4.571428571428571,1000000.0,5.0,1.0,7.0,1.0,7000000.0,1.0,3.0
2937,4.6,1000000.0,5.0,1.0,5.0,1.0,5000000.0,1.0,3.0
2938,4.833333333333333,1000000.0,6.0,1.0,6.0,0.0,6000000.0,1.0,3.0
2939,4.6,1000000.0,5.0,1.0,5.0,0.0,5000000.0,1.0,2.0
2940,4.5,1000000.0,5.0,1.0,4.0,1.0,4000000.0,1.0,3.0
2941,4.6,1000000.0,5.0,1.0,5.0,1.0,5000000.0,1.0,2.0
2942,4.777777777777778,1000000.0,6.0,1.0,9.0,3.0,9000000.0,1.0,2.0
2943,4.666666666666667,1000000.0,5.0,1.0,6.0,0.0,6000000.0,1.0,3.0
2944,4.4,1000000.0,5.0,1.0,5.0,0.0,5000000.0,1.0,3.0
2945,5.883408071748879,1000000.0,8.0,1.0,223.0,0.0,223000000.0,1.0,3.0
2946,5.970899470899471,1000000.0,8.0,1.0,378.0,2.0,378000000.0,1.0,4.0
2947,5.92,1000000.0,8.0,1.0,375.0,0.0,375000000.0,1.0,3.0
2948,5.8964577656675745,1000000.0,8.0,1.0,367.0,0.0,367000000.0,1.0,2.0
2949,5.956989247311828,1000000.0,8.0,1.0,372.0,0.0,372000000.0,1.0,2.0
2950,5.951742627345845,1000000.0,8.0,1.0,373.0,0.0,373000000.0,1.0,2.0
2951,5.946949602122016,1000000.0,8.0,1.0,377.0,0.0,377000000.0,1.0,2.0
2952,5.944148936170213,1000000.0,8.0,1.0,376.0,0.0,376000000.0,1.0,3.0
2953,5.908333333333333,1000000.0,8.0,1.0,360.0,0.0,360000000.0,1.0,2.0
2954,5.962666666666666,1000000.0,8.0,1.0,375.0,0.0,375000000.0,1.0,2.0
2955,6.06951871657754,1000000.0,10.0,1.0,374.0,0.0,374000000.0,1.0,2.0
2956,6.042895442359249,1000000.0,9.0,1.0,373.0,0.0,373000000.0,1.0,2.0
2957,6.088471849865952,1000000.0,9.0,1.0,373.0,0.0,373000000.0,1.0,3.0
2958,6.04054054054054,1000000.0,9.0,1.0,370.0,0.0,370000000.0,1.0,2.0
2959,6.032876712328767,1000000.0,9.0,1.0,365.0,0.0,365000000.0,1.0,2.0
2960,6.054347826086956,1000000.0,8.0,1.0,368.0,0.0,368000000.0,1.0,2.0
2961,6.038567493112947,1000000.0,8.0,1.0,363.0,0.0,363000000.0,1.0,2.0
2962,6.021680216802168,1000000.0,9.0,1.0,369.0,0.0,369000000.0,1.0,2.0
2963,6.074666666666666,1000000.0,11.0,1.0,375.0,0.0,375000000.0,1.0,2.0
2964,6.07027027027027,1000000.0,9.0,1.0,370.0,0.0,370000000.0,1.0,2.0
2965,6.0578512396694215,1000000.0,10.0,1.0,363.0,0.0,363000000.0,1.0,2.0
2966,6.0136612021857925,1000000.0,9.0,1.0,366.0,0.0,366000000.0,1.0,2.0
2967,6.183673469387755,1000000.0,11.0,1.0,392.0,0.0,392000000.0,1.0,2.0
2968,6.021505376344086,1000000.0,8.0,1.0,372.0,0.0,372000000.0,1.0,2.0
2969,6.050666666666666,1000000.0,11.0,1.0,375.0,0.0,375000000.0,1.0,2.0
2970,6.534031413612565,1000000.0,10.0,1.0,191.0,16.0,191000000.0,1.0,2.0
2971,8.7,1000000.0,9.0,1.0,10.0,1.0,10000000.0,1.0,3.0
2972,8.8,1000000.0,9.0,1.0,5.0,0.0,5000000.0,1.0,2.0
2973,8.6,1000000.0,9.0,1.0,5.0,0.0,5000000.0,1.0,3.0
2974,8.714285714285714,1000000.0,10.0,1.0,7.0,1.0,7000000.0,1.0,3.0
2975,9.0,1000000.0,9.0,1.0,3.0,0.0,3000000.0,1.0,1.0
2976,8.666666666666666,1000000.0,9.0,1.0,3.0,0.0,3000000.0,1.0,2.0
2977,8.833333333333334,1000000.0,10.0,1.0,6.0,1.0,6000000.0,1.0,3.0
2978,8.8,1000000.0,9.0,1.0,5.0,1.0,5000000.0,1.0,2.0
2979,8.4,1000000.0,9.0,1.0,5.0,1.0,5000000.0,1.0,3.0
2980,8.5,1000000.0,9.0,1.0,6.0,2.0,6000000.0,1.0,2.0
2981,8.8,1000000.0,10.0,1.0,5.0,2.0,5000000.0,1.0,3.0
2982,8.714285714285714,1000000.0,10.0,1.0,7.0,2.0,7000000.0,1.0,3.0
2983,8.571428571428571,1000000.0,9.0,1.0,7.0,2.0,7000000.0,1.0,2.0
2984,8.666666666666666,1000000.0,9.0,1.0,6.0,0.0,6000000.0,1.0,3.0
2985,8.6,1000000.0,9.0,1.0,5.0,0.0,5000000.0,1.0,2.0
2986,8.4,1000000.0,9.0,1.0,5.0,1.0,5000000.0,1.0,3.0
2987,8.666666666666666,1000000.0,9.0,1.0,6.0,2.0,6000000.0,1.0,2.0
2988,8.875,1000000.0,10.0,1.0,8.0,1.0,8000000.0,1.0,3.0
2989,8.666666666666666,1000000.0,9.0,1.0,6.0,2.0,6000000.0,1.0,2.0
2990,8.714285714285714,1000000.0,9.0,1.0,7.0,1.0,7000000.0,1.0,2.0
2991,8.8,1000000.0,9.0,1.0,5.0,0.0,5000000.0,1.0,2.0
2992,9.0,1000000.0,10.0,1.0,4.0,1.0,4000000.0,1.0,2.0
2993,8.5,1000000.0,9.0,1.0,6.0,1.0,6000000.0,1.0,3.0
2994,8.5,1000000.0,9.0,1.0,6.0,0.0,6000000.0,1.0,3.0
2995,6.021621621621621,1000000.0,9.0,1.0,185.0,0.0,185000000.0,1.0,4.0
2996,6.088709677419355,1000000.0,9.0,1.0,372.0,0.0,372000000.0,1.0,2.0
2997,6.105691056910569,1000000.0,9.0,1.0,369.0,0.0,369000000.0,1.0,3.0
2998,6.0,1000000.0,8.0,1.0,376.0,0.0,376000000.0,1.0,4.0
2999,6.0136612021857925,1000000.0,9.0,1.0,366.0,0.0,366000000.0,1.0,2.0
3000,5.955380577427822,1000000.0,8.0,1.0,381.0,0.0,381000000.0,1.0,3.0
3001,5.951482479784366,1000000.0,8.0,1.0,371.0,0.0,371000000.0,1.0,2.0
3002,5.957333333333334,1000000.0,8.0,1.0,375.0,0.0,375000000.0,1.0,3.0
3003,6.002631578947368,1000000.0,8.0,1.0,380.0,0.0,380000000.0,1.0,2.0
3004,5.954423592493297,1000000.0,8.0,1.0,373.0,0.0,373000000.0,1.0,2.0
3005,6.035135135135135,1000000.0,8.0,1.0,370.0,0.0,370000000.0,1.0,2.0
3006,6.029810298102981,1000000.0,8.0,1.0,369.0,0.0,369000000.0,1.0,2.0
3007,6.026737967914438,1000000.0,8.0,1.0,374.0,0.0,374000000.0,1.0,3.0
3008,6.064516129032258,1000000.0,8.0,1.0,372.0,0.0,372000000.0,1.0,2.0
3009,6.0296495956873315,1000000.0,8.0,1.0,371.0,0.0,371000000.0,1.0,2.0
3010,6.043243243243243,1000000.0,8.0,1.0,370.0,0.0,370000000.0,1.0,2.0
3011,6.021505376344086,1000000.0,8.0,1.0,372.0,0.0,372000000.0,1.0,2.0
3012,6.053619302949062,1000000.0,8.0,1.0,373.0,0.0,373000000.0,1.0,3.0
3013,5.9655172413793105,1000000.0,8.0,1.0,377.0,0.0,377000000.0,1.0,2.0
3014,5.8936170212765955,1000000.0,8.0,1.0,376.0,0.0,376000000.0,1.0,2.0
3015,5.949197860962567,1000000.0,8.0,1.0,374.0,0.0,374000000.0,1.0,2.0
3016,5.948648648648649,1000000.0,8.0,1.0,370.0,0.0,370000000.0,1.0,2.0
3017,5.974719101123595,1000000.0,8.0,1.0,356.0,0.0,356000000.0,1.0,2.0
3018,5.989795918367347,1000000.0,8.0,1.0,392.0,0.0,392000000.0,1.0,2.0
3019,5.940540540540541,1000000.0,8.0,1.0,370.0,0.0,370000000.0,1.0,2.0
3020,6.28169014084507,1000000.0,10.0,1.0,213.0,18.0,213000000.0,1.0,2.0
3021,8.9,1000000.0,10.0,1.0,10.0,2.0,10000000.0,1.0,2.0
3022,8.857142857142858,1000000.0,10.0,1.0,7.0,2.0,7000000.0,1.0,2.0
3023,8.714285714285714,1000000.0,10.0,1.0,7.0,1.0,7000000.0,1.0,3.0
3024,8.6,1000000.0,9.0,1.0,5.0,2.0,5000000.0,1.0,2.0
3025,8.428571428571429,1000000.0,9.0,1.0,7.0,1.0,7000000.0,1.0,3.0
3026,8.6,1000000.0,9.0,1.0,5.0,1.0,5000000.0,1.0,2.0
3027,8.666666666666666,1000000.0,9.0,1.0,6.0,0.0,6000000.0,1.0,2.0
3028,8.625,1000000.0,9.0,1.0,8.0,2.0,8000000.0,1.0,3.0
3029,8.666666666666666,1000000.0,9.0,1.0,3.0,0.0,3000000.0,1.0,2.0
3030,8.666666666666666,1000000.0,9.0,1.0,6.0,1.0,6000000.0,1.0,2.0
3031,8.4,1000000.0,9.0,1.0,5.0,1.0,5000000.0,1.0,3.0
3032,8.6,1000000.0,9.0,1.0,5.0,0.0,5000000.0,1.0,3.0
3033,8.714285714285714,1000000.0,9.0,1.0,7.0,1.0,7000000.0,1.0,2.0
3034,9.0,1000000.0,10.0,1.0,5.0,0.0,5000000.0,1.0,3.0
3035,8.428571428571429,1000000.0,9.0,1.0,7.0,2.0,7000000.0,1.0,3.0
3036,8.6,1000000.0,9.0,1.0,5.0,0.0,5000000.0,1.0,3.0
3037,8.5,1000000.0,9.0,1.0,4.0,1.0,4000000.0,1.0,2.0
3038,8.8,1000000.0,9.0,1.0,5.0,0.0,5000000.0,1.0,2.0
3039,8.5,1000000.0,9.0,1.0,4.0,0.0,4000000.0,1.0,2.0
3040,9.0,1000000.0,9.0,1.0,3.0,0.0,3000000.0,1.0,1.0
3041,8.8,1000000.0,9.0,1.0,5.0,0.0,5000000.0,1.0,2.0
3042,9.2,1000000.0,10.0,1.0,5.0,1.0,5000000.0,1.0,2.0
3043,8.833333333333334,1000000.0,10.0,1.0,6.0,1.0,6000000.0,1.0,3.0
3044,8.75,1000000.0,9.0,1.0,4.0,1.0,4000000.0,1.0,2.0
3045,6.069148936170213,1000000.0,10.0,1.0,188.0,1.0,188000000.0,1.0,4.0
3046,6.762942779291553,1000000.0,11.0,1.0,367.0,2.0,367000000.0,1.0,3.0
3047,6.874666666666666,1000000.0,11.0,1.0,375.0,0.0,375000000.0,1.0,4.0
3048,6.513297872340425,1000000.0,11.0,1.0,376.0,0.0,376000000.0,1.0,3.0
3049,6.162601626016261,1000000.0,11.0,1.0,369.0,0.0,369000000.0,1.0,2.0
3050,6.037735849056604,1000000.0,9.0,1.0,371.0,0.0,371000000.0,1.0,2.0
3051,6.029177718832892,1000000.0,9.0,1.0,377.0,0.0,377000000.0,1.0,2.0
3052,6.054644808743169,1000000.0,10.0,1.0,366.0,0.0,366000000.0,1.0,2.0
3053,6.071240105540897,1000000.0,10.0,1.0,379.0,0.0,379000000.0,1.0,4.0
3054,6.027397260273973,1000000.0,8.0,1.0,365.0,0.0,365000000.0,1.0,2.0
3055,5.989100817438692,1000000.0,9.0,1.0,367.0,0.0,367000000.0,1.0,2.0
3056,6.021680216802168,1000000.0,9.0,1.0,369.0,0.0,369000000.0,1.0,2.0
3057,6.0431266846361185,1000000.0,9.0,1.0,371.0,0.0,371000000.0,1.0,3.0
3058,6.04221635883905,1000000.0,9.0,1.0,379.0,0.0,379000000.0,1.0,2.0
3059,6.0272479564032695,1000000.0,8.0,1.0,367.0,0.0,367000000.0,1.0,2.0
3060,6.041095890410959,1000000.0,9.0,1.0,365.0,0.0,365000000.0,1.0,2.0
3061,5.9890710382513666,1000000.0,8.0,1.0,366.0,0.0,366000000.0,1.0,2.0
3062,6.010810810810811,1000000.0,8.0,1.0,370.0,0.0,370000000.0,1.0,2.0
3063,6.021621621621621,1000000.0,8.0,1.0,370.0,0.0,370000000.0,1.0,2.0
3064,5.983870967741935,1000000.0,8.0,1.0,372.0,0.0,372000000.0,1.0,2.0
3065,5.906666666666666,1000000.0,8.0,1.0,375.0,0.0,375000000.0,1.0,2.0
3066,5.989189189189189,1000000.0,8.0,1.0,370.0,0.0,370000000.0,1.0,2.0
3067,5.967654986522911,1000000.0,8.0,1.0,371.0,0.0,371000000.0,1.0,2.0
3068,6.045212765957447,1000000.0,9.0,1.0,376.0,0.0,376000000.0,1.0,2.0
3069,5.958333333333333,1000000.0,8.0,1.0,384.0,0.0,384000000.0,1.0,2.0
3070,5.758928571428571,1000000.0,8.0,1.0,224.0,18.0,224000000.0,1.0,2.0
3071,4.933333333333334,1000000.0,6.0,1.0,15.0,3.0,15000000.0,1.0,3.0
3072,4.6,1000000.0,5.0,1.0,5.0,1.0,5000000.0,1.0,3.0
3073,4.6,1000000.0,5.0,1.0,5.0,1.0,5000000.0,1.0,2.0
3074,4.5,1000000.0,5.0,1.0,8.0,3.0,8000000.0,1.0,3.0
3075,4.75,1000000.0,6.0,1.0,8.0,1.0,8000000.0,1.0,3.0
3076,4.6,1000000.0,5.0,1.0,5.0,0.0,5000000.0,1.0,3.0
3077,4.428571428571429,1000000.0,5.0,1.0,7.0,2.0,7000000.0,1.0,3.0
3078,4.5,1000000.0,5.0,1.0,6.0,1.0,6000000.0,1.0,3.0
3079,4.5,1000000.0,5.0,1.0,4.0,1.0,4000000.0,1.0,3.0
3080,5.0,1000000.0,7.0,1.0,6.0,0.0,6000000.0,1.0,3.0
3081,4.6,1000000.0,5.0,1.0,5.0,1.0,5000000.0,1.0,3.0
3082,4.75,1000000.0,5.0,1.0,8.0,1.0,8000000.0,1.0,3.0
3083,4.625,1000000.0,6.0,1.0,8.0,2.0,8000000.0,1.0,3.0
3084,4.5,1000000.0,5.0,1.0,6.0,2.0,6000000.0,1.0,3.0
3085,4.5,1000000.0,5.0,1.0,6.0,0.0,6000000.0,1.0,3.0
3086,4.75,1000000.0,5.0,1.0,4.0,0.0,4000000.0,1.0,2.0
3087,4.6,1000000.0,5.0,1.0,5.0,0.0,5000000.0,1.0,3.0
3088,5.25,1000000.0,6.0,1.0,4.0,1.0,4000000.0,1.0,2.0
3089,4.5,1000000.0,5.0,1.0,6.0,1.0,6000000.0,1.0,3.0
3090,4.5,1000000.0,5.0,1.0,6.0,1.0,6000000.0,1.0,3.0
3091,4.75,1000000.0,5.0,1.0,4.0,0.0,4000000.0,1.0,2.0
3092,4.5,1000000.0,5.0,1.0,6.0,2.0,6000000.0,1.0,3.0
3093,4.6,1000000.0,7.0,1.0,10.0,3.0,10000000.0,1.0,2.0
3094,4.714285714285714,1000000.0,6.0,1.0,7.0,1.0,7000000.0,1.0,3.0
3095,5.770053475935829,1000000.0,8.0,1.0,187.0,3.0,187000000.0,1.0,4.0
3096,6.007481296758105,1000000.0,8.0,1.0,401.0,0.0,401000000.0,1.0,3.0
3097,6.061497326203209,1000000.0,8.0,1.0,374.0,0.0,374000000.0,1.0,2.0
3098,6.044041450777202,1000000.0,8.0,1.0,386.0,0.0,386000000.0,1.0,3.0
3099,5.986522911051213,1000000.0,8.0,1.0,371.0,0.0,371000000.0,1.0,2.0
3100,6.048257372654155,1000000.0,8.0,1.0,373.0,0.0,373000000.0,1.0,2.0
3101,5.983914209115282,1000000.0,8.0,1.0,373.0,0.0,373000000.0,1.0,2.0
3102,6.010840108401084,1000000.0,8.0,1.0,369.0,0.0,369000000.0,1.0,3.0
3103,6.02680965147453,1000000.0,8.0,1.0,373.0,0.0,373000000.0,1.0,2.0
3104,6.010810810810811,1000000.0,8.0,1.0,370.0,0.0,370000000.0,1.0,2.0
3105,5.997275204359673,1000000.0,8.0,1.0,367.0,0.0,367000000.0,1.0,2.0
3106,6.005405405405406,1000000.0,8.0,1.0,370.0,0.0,370000000.0,1.0,2.0
3107,6.008086253369272,1000000.0,8.0,1.0,371.0,0.0,371000000.0,1.0,3.0
3108,6.040214477211796,1000000.0,8.0,1.0,373.0,0.0,373000000.0,1.0,2.0
3109,6.0272479564032695,1000000.0,8.0,1.0,367.0,0.0,367000000.0,1.0,2.0
3110,6.0379403794037945,1000000.0,8.0,1.0,369.0,0.0,369000000.0,1.0,2.0
3111,6.013736263736264,1000000.0,9.0,1.0,364.0,0.0,364000000.0,1.0,2.0
3112,6.046195652173913,1000000.0,10.0,1.0,368.0,0.0,368000000.0,1.0,2.0
3113,6.026881720430108,1000000.0,9.0,1.0,372.0,0.0,372000000.0,1.0,2.0
3114,5.983379501385041,1000000.0,8.0,1.0,361.0,0.0,361000000.0,1.0,2.0
3115,6.054054054054054,1000000.0,8.0,1.0,370.0,0.0,370000000.0,1.0,2.0
3116,6.02710027100271,1000000.0,8.0,1.0,369.0,0.0,369000000.0,1.0,2.0
3117,6.075675675675676,1000000.0,8.0,1.0,370.0,0.0,370000000.0,1.0,2.0
3118,6.060109289617486,1000000.0,9.0,1.0,366.0,0.0,366000000.0,1.0,2.0
3119,6.215297450424929,1000000.0,11.0,1.0,353.0,0.0,353000000.0,1.0,2.0
3120,6.369098712446352,1000000.0,10.0,1.0,233.0,18.0,233000000.0,1.0,3.0
3121,8.75,1000000.0,10.0,1.0,12.0,2.0,12000000.0,1.0,4.0
3122,8.5,1000000.0,9.0,1.0,8.0,2.0,8000000.0,1.0,3.0
3123,8.5,1000000.0,9.0,1.0,6.0,2.0,6000000.0,1.0,2.0
3124,8.666666666666666,1000000.0,9.0,1.0,6.0,0.0,6000000.0,1.0,3.0
3125,8.833333333333334,1000000.0,10.0,1.0,6.0,2.0,6000000.0,1.0,3.0
3126,9.2,1000000.0,10.0,1.0,5.0,0.0,5000000.0,1.0,2.0
3127,8.666666666666666,1000000.0,9.0,1.0,6.0,1.0,6000000.0,1.0,2.0
3128,8.571428571428571,1000000.0,9.0,1.0,7.0,3.0,7000000.0,1.0,2.0
3129,8.75,1000000.0,10.0,1.0,8.0,2.0,8000000.0,1.0,3.0
3130,8.857142857142858,1000000.0,10.0,1.0,7.0,1.0,7000000.0,1.0,3.0
3131,8.5,1000000.0,9.0,1.0,6.0,3.0,6000000.0,1.0,2.0
3132,8.6,1000000.0,9.0,1.0,5.0,0.0,5000000.0,1.0,3.0
3133,8.777777777777779,1000000.0,10.0,1.0,9.0,2.0,9000000.0,1.0,3.0
3134,8.6,1000000.0,9.0,1.0,5.0,0.0,5000000.0,1.0,3.0
3135,8.333333333333334,1000000.0,9.0,1.0,3.0,0.0,3000000.0,1.0,2.0
3136,8.8,1000000.0,9.0,1.0,5.0,0.0,5000000.0,1.0,2.0
3137,8.5,1000000.0,9.0,1.0,6.0,1.0,6000000.0,1.0,3.0
3138,8.571428571428571,1000000.0,9.0,1.0,7.0,1.0,7000000.0,1.0,3.0
3139,8.5,1000000.0,9.0,1.0,6.0,0.0,6000000.0,1.0,3.0
3140,8.833333333333334,1000000.0,10.0,1.0,6.0,1.0,6000000.0,1.0,3.0
3141,8.777777777777779,1000000.0,10.0,1.0,9.0,2.0,9000000.0,1.0,3.0
3142,8.333333333333334,1000000.0,9.0,1.0,6.0,1.0,6000000.0,1.0,3.0
3143,8.8,1000000.0,9.0,1.0,5.0,0.0,5000000.0,1.0,2.0
3144,9.5,1000000.0,11.0,1.0,8.0,1.0,8000000.0,1.0,3.0
3145,6.035502958579881,1000000.0,11.0,1.0,169.0,0.0,169000000.0,1.0,4.0
3146,6.0470914127423825,1000000.0,9.0,1.0,361.0,0.0,361000000.0,1.0,3.0
3147,6.086350974930362,1000000.0,11.0,1.0,359.0,2.0,359000000.0,1.0,4.0
3148,5.846361185983827,1000000.0,9.0,1.0,371.0,0.0,371000000.0,1.0,3.0
3149,6.056451612903226,1000000.0,9.0,1.0,372.0,0.0,372000000.0,1.0,2.0
3150,6.046448087431694,1000000.0,9.0,1.0,366.0,0.0,366000000.0,1.0,2.0
3151,6.065040650406504,1000000.0,9.0,1.0,369.0,0.0,369000000.0,1.0,2.0
3152,6.037634408602151,1000000.0,9.0,1.0,372.0,0.0,372000000.0,1.0,3.0
3153,6.044502617801047,1000000.0,9.0,1.0,382.0,0.0,382000000.0,1.0,2.0
3154,6.037735849056604,1000000.0,10.0,1.0,371.0,0.0,371000000.0,1.0,2.0
3155,6.018666666666666,1000000.0,9.0,1.0,375.0,0.0,375000000.0,1.0,2.0
3156,6.040431266846361,1000000.0,8.0,1.0,371.0,0.0,371000000.0,1.0,2.0
3157,5.994652406417113,1000000.0,8.0,1.0,374.0,0.0,374000000.0,1.0,3.0
3158,6.054054054054054,1000000.0,8.0,1.0,370.0,0.0,370000000.0,1.0,2.0
3159,6.005390835579515,1000000.0,8.0,1.0,371.0,0.0,371000000.0,1.0,2.0
3160,6.042780748663102,1000000.0,8.0,1.0,374.0,0.0,374000000.0,1.0,2.0
3161,6.021505376344086,1000000.0,8.0,1.0,372.0,0.0,372000000.0,1.0,2.0
3162,6.026881720430108,1000000.0,8.0,1.0,372.0,0.0,372000000.0,1.0,3.0
3163,5.978779840848806,1000000.0,8.0,1.0,377.0,0.0,377000000.0,1.0,2.0
3164,5.963060686015831,1000000.0,8.0,1.0,379.0,0.0,379000000.0,1.0,2.0
3165,5.913746630727763,1000000.0,8.0,1.0,371.0,0.0,371000000.0,1.0,2.0
3166,5.962765957446808,1000000.0,8.0,1.0,376.0,0.0,376000000.0,1.0,2.0
3167,5.933333333333334,1000000.0,8.0,1.0,375.0,0.0,375000000.0,1.0,2.0
3168,5.951482479784366,1000000.0,8.0,1.0,371.0,0.0,371000000.0,1.0,2.0
3169,6.03957783641161,1000000.0,8.0,1.0,379.0,0.0,379000000.0,1.0,2.0
3170,5.824701195219124,1000000.0,8.0,1.0,251.0,16.0,251000000.0,1.0,3.0
3171,5.0,1000000.0,6.0,1.0,12.0,2.0,12000000.0,1.0,2.0
3172,4.571428571428571,1000000.0,5.0,1.0,7.0,1.0,7000000.0,1.0,3.0
3173,4.5,1000000.0,5.0,1.0,6.0,2.0,6000000.0,1.0,3.0
3174,4.5,1000000.0,5.0,1.0,6.0,1.0,6000000.0,1.0,3.0
3175,4.6,1000000.0,5.0,1.0,5.0,1.0,5000000.0,1.0,2.0
3176,5.2,1000000.0,7.0,1.0,5.0,0.0,5000000.0,1.0,3.0
3177,5.0,1000000.0,6.0,1.0,5.0,0.0,5000000.0,1.0,3.0
3178,4.666666666666667,1000000.0,5.0,1.0,6.0,1.0,6000000.0,1.0,3.0
3179,4.571428571428571,1000000.0,5.0,1.0,7.0,2.0,7000000.0,1.0,2.0
3180,4.666666666666667,1000000.0,5.0,1.0,6.0,1.0,6000000.0,1.0,2.0
3181,4.5,1000000.0,5.0,1.0,6.0,1.0,6000000.0,1.0,4.0
3182,4.6,1000000.0,5.0,1.0,5.0,1.0,5000000.0,1.0,2.0
3183,4.857142857142857,1000000.0,6.0,1.0,7.0,1.0,7000000.0,1.0,3.0
3184,4.857142857142857,1000000.0,6.0,1.0,7.0,1.0,7000000.0,1.0,3.0
3185,4.6,1000000.0,5.0,1.0,5.0,1.0,5000000.0,1.0,2.0
3186,4.5,1000000.0,5.0,1.0,6.0,1.0,6000000.0,1.0,3.0
3187,4.5,1000000.0,5.0,1.0,6.0,0.0,6000000.0,1.0,3.0
3188,4.833333333333333,1000000.0,6.0,1.0,6.0,0.0,6000000.0,1.0,3.0
3189,4.5,1000000.0,5.0,1.0,6.0,0.0,6000000.0,1.0,2.0
3190,4.833333333333333,1000000.0,5.0,1.0,6.0,0.0,6000000.0,1.0,2.0
3191,5.0,1000000.0,6.0,1.0,6.0,1.0,6000000.0,1.0,3.0
3192,4.666666666666667,1000000.0,5.0,1.0,6.0,1.0,6000000.0,1.0,2.0
3193,4.6,1000000.0,5.0,1.0,5.0,1.0,5000000.0,1.0,2.0
3194,5.0,1000000.0,5.0,1.0,4.0,0.0,4000000.0,1.0,1.0
3195,5.6871165644171775,1000000.0,8.0,1.0,163.0,2.0,163000000.0,1.0,4.0
3196,6.0075,1000000.0,9.0,1.0,400.0,0.0,400000000.0,1.0,3.0
3197,6.021220159151194,1000000.0,8.0,1.0,377.0,0.0,377000000.0,1.0,5.0
3198,5.9921875,1000000.0,8.0,1.0,384.0,0.0,384000000.0,1.0,4.0
3199,5.9526315789473685,1000000.0,8.0,1.0,380.0,0.0,380000000.0,1.0,2.0
3200,5.9316939890710385,1000000.0,8.0,1.0,366.0,0.0,366000000.0,1.0,2.0
3201,5.973890339425587,1000000.0,8.0,1.0,383.0,0.0,383000000.0,1.0,2.0
3202,5.994666666666666,1000000.0,9.0,1.0,375.0,0.0,375000000.0,1.0,3.0
3203,6.0,1000000.0,8.0,1.0,382.0,0.0,382000000.0,1.0,2.0
3204,6.039893617021277,1000000.0,9.0,1.0,376.0,0.0,376000000.0,1.0,2.0
3205,6.03013698630137,1000000.0,9.0,1.0,365.0,0.0,365000000.0,1.0,2.0
3206,6.018970189701897,1000000.0,9.0,1.0,369.0,0.0,369000000.0,1.0,2.0
3207,6.005509641873278,1000000.0,8.0,1.0,363.0,0.0,363000000.0,1.0,2.0
3208,6.04,1000000.0,9.0,1.0,375.0,0.0,375000000.0,1.0,3.0
3209,6.055851063829787,1000000.0,9.0,1.0,376.0,0.0,376000000.0,1.0,2.0
3210,6.067204301075269,1000000.0,9.0,1.0,372.0,0.0,372000000.0,1.0,2.0
3211,6.061662198391421,1000000.0,9.0,1.0,373.0,0.0,373000000.0,1.0,2.0
3212,6.076502732240437,1000000.0,10.0,1.0,366.0,0.0,366000000.0,1.0,2.0
3213,6.051212938005391,1000000.0,9.0,1.0,371.0,0.0,371000000.0,1.0,2.0
3214,5.997275204359673,1000000.0,9.0,1.0,367.0,0.0,367000000.0,1.0,2.0
3215,6.043478260869565,1000000.0,8.0,1.0,368.0,0.0,368000000.0,1.0,2.0
3216,6.048913043478261,1000000.0,9.0,1.0,368.0,0.0,368000000.0,1.0,2.0
3217,5.994579945799458,1000000.0,8.0,1.0,369.0,0.0,369000000.0,1.0,2.0
3218,6.032697547683924,1000000.0,9.0,1.0,367.0,0.0,367000000.0,1.0,2.0
3219,6.043715846994536,1000000.0,8.0,1.0,366.0,0.0,366000000.0,1.0,2.0
3220,6.520161290322581,1000000.0,11.0,1.0,248.0,15.0,248000000.0,1.0,2.0
3221,9.0,1000000.0,10.0,1.0,9.0,1.0,9000000.0,1.0,3.0
3222,8.5,1000000.0,9.0,1.0,8.0,2.0,8000000.0,1.0,3.0
3223,8.5,1000000.0,9.0,1.0,6.0,2.0,6000000.0,1.0,3.0
3224,8.625,1000000.0,9.0,1.0,8.0,1.0,8000000.0,1.0,2.0
3225,9.0,1000000.0,9.0,1.0,5.0,0.0,5000000.0,1.0,1.0
3226,8.8,1000000.0,9.0,1.0,5.0,0.0,5000000.0,1.0,2.0
3227,8.6,1000000.0,9.0,1.0,5.0,0.0,5000000.0,1.0,2.0
3228,9.142857142857142,1000000.0,10.0,1.0,7.0,2.0,7000000.0,1.0,2.0
3229,8.666666666666666,1000000.0,9.0,1.0,6.0,0.0,6000000.0,1.0,3.0
3230,8.571428571428571,1000000.0,9.0,1.0,7.0,1.0,7000000.0,1.0,3.0
3231,8.833333333333334,1000000.0,9.0,1.0,6.0,0.0,6000000.0,1.0,2.0
3232,8.6,1000000.0,9.0,1.0,5.0,0.0,5000000.0,1.0,2.0
3233,8.8,1000000.0,9.0,1.0,5.0,0.0,5000000.0,1.0,2.0
3234,9.0,1000000.0,10.0,1.0,4.0,1.0,4000000.0,1.0,3.0
3235,8.5,1000000.0,9.0,1.0,6.0,0.0,6000000.0,1.0,3.0
3236,8.5,1000000.0,9.0,1.0,6.0,1.0,6000000.0,1.0,3.0
3237,9.0,1000000.0,10.0,1.0,5.0,0.0,5000000.0,1.0,3.0
3238,8.4,1000000.0,9.0,1.0,5.0,1.0,5000000.0,1.0,3.0
3239,9.0,1000000.0,9.0,1.0,4.0,0.0,4000000.0,1.0,1.0
3240,8.75,1000000.0,9.0,1.0,4.0,0.0,4000000.0,1.0,2.0
3241,8.666666666666666,1000000.0,9.0,1.0,6.0,1.0,6000000.0,1.0,3.0
3242,8.666666666666666,1000000.0,9.0,1.0,6.0,1.0,6000000.0,1.0,2.0
3243,8.75,1000000.0,9.0,1.0,4.0,1.0,4000000.0,1.0,2.0
3244,8.714285714285714,1000000.0,9.0,1.0,7.0,1.0,7000000.0,1.0,2.0
3245,6.395973154362416,1000000.0,11.0,1.0,149.0,1.0,149000000.0,1.0,4.0
3246,6.030150753768845,1000000.0,10.0,1.0,398.0,1.0,398000000.0,1.0,4.0
3247,6.129287598944591,1000000.0,10.0,1.0,379.0,0.0,379000000.0,1.0,3.0
3248,5.962962962962963,1000000.0,9.0,1.0,378.0,0.0,378000000.0,1.0,4.0
3249,5.997319034852547,1000000.0,8.0,1.0,373.0,0.0,373000000.0,1.0,2.0
3250,5.921195652173913,1000000.0,8.0,1.0,368.0,0.0,368000000.0,1.0,2.0
3251,5.963157894736842,1000000.0,8.0,1.0,380.0,0.0,380000000.0,1.0,2.0
3252,5.974093264248705,1000000.0,8.0,1.0,386.0,0.0,386000000.0,1.0,3.0
3253,5.967213114754099,1000000.0,8.0,1.0,366.0,0.0,366000000.0,1.0,2.0
3254,5.9411764705882355,1000000.0,8.0,1.0,374.0,0.0,374000000.0,1.0,3.0
3255,5.954423592493297,1000000.0,8.0,1.0,373.0,0.0,373000000.0,1.0,2.0
3256,5.930666666666666,1000000.0,8.0,1.0,375.0,0.0,375000000.0,1.0,2.0
3257,5.904761904761905,1000000.0,8.0,1.0,378.0,0.0,378000000.0,1.0,3.0
3258,6.0133689839572195,1000000.0,8.0,1.0,374.0,0.0,374000000.0,1.0,2.0
3259,5.97319034852547,1000000.0,8.0,1.0,373.0,0.0,373000000.0,1.0,2.0
3260,5.954177897574124,1000000.0,8.0,1.0,371.0,0.0,371000000.0,1.0,2.0
3261,5.941333333333334,1000000.0,8.0,1.0,375.0,0.0,375000000.0,1.0,2.0
3262,5.951482479784366,1000000.0,8.0,1.0,371.0,0.0,371000000.0,1.0,2.0
3263,5.925531914893617,1000000.0,8.0,1.0,376.0,0.0,376000000.0,1.0,2.0
3264,5.963350785340314,1000000.0,8.0,1.0,382.0,0.0,382000000.0,1.0,2.0
3265,5.936,1000000.0,8.0,1.0,375.0,0.0,375000000.0,1.0,2.0
3266,5.981283422459893,1000000.0,8.0,1.0,374.0,0.0,374000000.0,1.0,2.0
3267,5.943699731903485,1000000.0,8.0,1.0,373.0,0.0,373000000.0,1.0,2.0
3268,5.989304812834225,1000000.0,8.0,1.0,374.0,0.0,374000000.0,1.0,2.0
3269,5.957446808510638,1000000.0,8.0,1.0,376.0,0.0,376000000.0,1.0,2.0
3270,6.291666666666667,1000000.0,11.0,1.0,264.0,18.0,264000000.0,1.0,3.0
3271,9.294117647058824,1000000.0,11.0,1.0,17.0,2.0,17000000.0,1.0,2.0
3272,9.0,1000000.0,10.0,1.0,3.0,0.0,3000000.0,1.0,2.0
3273,8.4,1000000.0,9.0,1.0,5.0,1.0,5000000.0,1.0,3.0
3274,8.666666666666666,1000000.0,9.0,1.0,6.0,1.0,6000000.0,1.0,3.0
3275,8.571428571428571,1000000.0,9.0,1.0,7.0,1.0,7000000.0,1.0,3.0
3276,8.5,1000000.0,9.0,1.0,6.0,2.0,6000000.0,1.0,3.0
3277,8.625,1000000.0,10.0,1.0,8.0,1.0,8000000.0,1.0,4.0
3278,8.714285714285714,1000000.0,10.0,1.0,7.0,2.0,7000000.0,1.0,3.0
3279,8.6,1000000.0,9.0,1.0,5.0,0.0,5000000.0,1.0,3.0
3280,8.666666666666666,1000000.0,9.0,1.0,6.0,1.0,6000000.0,1.0,3.0
3281,8.5,1000000.0,9.0,1.0,6.0,0.0,6000000.0,1.0,3.0
3282,8.666666666666666,1000000.0,9.0,1.0,6.0,0.0,6000000.0,1.0,2.0
3283,8.4,1000000.0,9.0,1.0,5.0,0.0,5000000.0,1.0,4.0
3284,8.571428571428571,1000000.0,9.0,1.0,7.0,3.0,7000000.0,1.0,2.0
3285,9.25,1000000.0,10.0,1.0,4.0,0.0,4000000.0,1.0,2.0
3286,8.857142857142858,1000000.0,10.0,1.0,7.0,0.0,7000000.0,1.0,3.0
3287,8.833333333333334,1000000.0,10.0,1.0,6.0,0.0,6000000.0,1.0,3.0
3288,9.0,1000000.0,10.0,1.0,3.0,0.0,3000000.0,1.0,2.0
3289,8.666666666666666,1000000.0,9.0,1.0,6.0,1.0,6000000.0,1.0,3.0
3290,8.5,1000000.0,9.0,1.0,6.0,3.0,6000000.0,1.0,2.0
3291,8.666666666666666,1000000.0,9.0,1.0,6.0,0.0,6000000.0,1.0,3.0
3292,8.833333333333334,1000000.0,9.0,1.0,6.0,0.0,6000000.0,1.0,2.0
3293,8.75,1000000.0,9.0,1.0,4.0,0.0,4000000.0,1.0,2.0
3294,8.571428571428571,1000000.0,9.0,1.0,7.0,1.0,7000000.0,1.0,3.0
3295,6.043165467625899,1000000.0,9.0,1.0,139.0,1.0,139000000.0,1.0,3.0
3296,6.275862068965517,1000000.0,11.0,1.0,377.0,4.0,377000000.0,1.0,4.0
3297,6.059299191374663,1000000.0,9.0,1.0,371.0,0.0,371000000.0,1.0,4.0
3298,6.005,1000000.0,9.0,1.0,400.0,0.0,400000000.0,1.0,3.0
3299,6.049046321525886,1000000.0,8.0,1.0,367.0,0.0,367000000.0,1.0,2.0
3300,6.03494623655914,1000000.0,9.0,1.0,372.0,0.0,372000000.0,1.0,2.0
3301,6.040871934604905,1000000.0,9.0,1.0,367.0,0.0,367000000.0,1.0,2.0
3302,6.045822102425876,1000000.0,9.0,1.0,371.0,0.0,371000000.0,1.0,3.0
3303,6.048648648648649,1000000.0,9.0,1.0,370.0,0.0,370000000.0,1.0,3.0
3304,6.071232876712329,1000000.0,9.0,1.0,365.0,0.0,365000000.0,1.0,2.0
3305,6.050397877984085,1000000.0,9.0,1.0,377.0,0.0,377000000.0,1.0,2.0
3306,6.042666666666666,1000000.0,10.0,1.0,375.0,0.0,375000000.0,1.0,2.0
3307,6.024456521739131,1000000.0,9.0,1.0,368.0,0.0,368000000.0,1.0,2.0
3308,6.043715846994536,1000000.0,8.0,1.0,366.0,0.0,366000000.0,1.0,2.0
3309,6.02680965147453,1000000.0,8.0,1.0,373.0,0.0,373000000.0,1.0,2.0
3310,6.040871934604905,1000000.0,9.0,1.0,367.0,0.0,367000000.0,1.0,2.0
3311,6.043243243243243,1000000.0,8.0,1.0,370.0,0.0,370000000.0,1.0,2.0
3312,6.040871934604905,1000000.0,9.0,1.0,367.0,0.0,367000000.0,1.0,2.0
3313,6.091397849462366,1000000.0,11.0,1.0,372.0,0.0,372000000.0,1.0,2.0
3314,6.011019283746556,1000000.0,9.0,1.0,363.0,0.0,363000000.0,1.0,2.0
3315,6.053763440860215,1000000.0,8.0,1.0,372.0,0.0,372000000.0,1.0,2.0
3316,6.021621621621621,1000000.0,8.0,1.0,370.0,0.0,370000000.0,1.0,2.0
3317,6.02710027100271,1000000.0,8.0,1.0,369.0,0.0,369000000.0,1.0,2.0
3318,6.010840108401084,1000000.0,8.0,1.0,369.0,0.0,369000000.0,1.0,2.0
3319,6.013440860215054,1000000.0,8.0,1.0,372.0,0.0,372000000.0,1.0,2.0
3320,5.912878787878788,1000000.0,8.0,1.0,264.0,17.0,264000000.0,1.0,2.0
3321,5.4,1000000.0,6.0,1.0,10.0,0.0,10000000.0,1.0,2.0
3322,4.666666666666667,1000000.0,5.0,1.0,6.0,0.0,6000000.0,1.0,3.0
3323,4.666666666666667,1000000.0,5.0,1.0,9.0,2.0,9000000.0,1.0,2.0
3324,4.8,1000000.0,5.0,1.0,5.0,1.0,5000000.0,1.0,2.0
3325,4.625,1000000.0,6.0,1.0,8.0,2.0,8000000.0,1.0,3.0
3326,4.5,1000000.0,5.0,1.0,4.0,2.0,4000000.0,1.0,2.0
3327,4.75,1000000.0,5.0,1.0,4.0,0.0,4000000.0,1.0,2.0
3328,4.714285714285714,1000000.0,5.0,1.0,7.0,1.0,7000000.0,1.0,2.0
3329,5.0,1000000.0,6.0,1.0,7.0,2.0,7000000.0,1.0,3.0
3330,5.0,1000000.0,5.0,1.0,4.0,0.0,4000000.0,1.0,1.0
3331,4.6,1000000.0,5.0,1.0,5.0,1.0,5000000.0,1.0,3.0
3332,4.6,1000000.0,5.0,1.0,5.0,0.0,5000000.0,1.0,3.0
3333,4.75,1000000.0,5.0,1.0,4.0,0.0,4000000.0,1.0,2.0
3334,4.4,1000000.0,5.0,1.0,5.0,0.0,5000000.0,1.0,3.0
3335,4.5,1000000.0,5.0,1.0,6.0,1.0,6000000.0,1.0,3.0
3336,4.666666666666667,1000000.0,5.0,1.0,6.0,1.0,6000000.0,1.0,2.0
3337,4.5,1000000.0,5.0,1.0,4.0,2.0,4000000.0,1.0,2.0
3338,4.875,1000000.0,6.0,1.0,8.0,2.0,8000000.0,1.0,3.0
3339,4.714285714285714,1000000.0,5.0,1.0,7.0,0.0,7000000.0,1.0,3.0
3340,4.428571428571429,1000000.0,5.0,1.0,7.0,2.0,7000000.0,1.0,4.0
3341,4.666666666666667,1000000.0,5.0,1.0,6.0,0.0,6000000.0,1.0,3.0
3342,4.6,1000000.0,5.0,1.0,5.0,1.0,5000000.0,1.0,3.0
3343,4.5,1000000.0,5.0,1.0,8.0,2.0,8000000.0,1.0,3.0
3344,4.6,1000000.0,5.0,1.0,5.0,0.0,5000000.0,1.0,2.0
3345,5.669642857142857,1000000.0,8.0,1.0,112.0,1.0,112000000.0,1.0,3.0
3346,6.071240105540897,1000000.0,9.0,1.0,379.0,0.0,379000000.0,1.0,4.0
3347,6.025510204081633,1000000.0,9.0,1.0,392.0,1.0,392000000.0,1.0,4.0
3348,5.979539641943734,1000000.0,8.0,1.0,391.0,0.0,391000000.0,1.0,4.0
3349,6.005141388174807,1000000.0,8.0,1.0,389.0,0.0,389000000.0,1.0,2.0
3350,5.962365591397849,1000000.0,8.0,1.0,372.0,0.0,372000000.0,1.0,2.0
3351,5.949197860962567,1000000.0,8.0,1.0,374.0,0.0,374000000.0,1.0,2.0
3352,5.952127659574468,1000000.0,8.0,1.0,376.0,0.0,376000000.0,1.0,3.0
3353,5.944,1000000.0,8.0,1.0,375.0,0.0,375000000.0,1.0,2.0
3354,5.9526315789473685,1000000.0,8.0,1.0,380.0,0.0,380000000.0,1.0,2.0
3355,5.957104557640751,1000000.0,8.0,1.0,373.0,0.0,373000000.0,1.0,2.0
3356,5.96505376344086,1000000.0,8.0,1.0,372.0,0.0,372000000.0,1.0,2.0
3357,5.944148936170213,1000000.0,8.0,1.0,376.0,0.0,376000000.0,1.0,3.0
3358,5.917771883289125,1000000.0,8.0,1.0,377.0,0.0,377000000.0,1.0,2.0
3359,5.980716253443526,1000000.0,8.0,1.0,363.0,0.0,363000000.0,1.0,2.0
3360,5.983914209115282,1000000.0,8.0,1.0,373.0,0.0,373000000.0,1.0,2.0
3361,5.9442970822281165,1000000.0,9.0,1.0,377.0,0.0,377000000.0,1.0,2.0
3362,6.01063829787234,1000000.0,8.0,1.0,376.0,0.0,376000000.0,1.0,2.0
3363,6.029569892473118,1000000.0,9.0,1.0,372.0,0.0,372000000.0,1.0,2.0
3364,6.008130081300813,1000000.0,9.0,1.0,369.0,0.0,369000000.0,1.0,2.0
3365,6.029891304347826,1000000.0,10.0,1.0,368.0,0.0,368000000.0,1.0,3.0
3366,6.027548209366391,1000000.0,9.0,1.0,363.0,0.0,363000000.0,1.0,2.0
3367,6.045212765957447,1000000.0,9.0,1.0,376.0,0.0,376000000.0,1.0,2.0
3368,6.061497326203209,1000000.0,10.0,1.0,374.0,0.0,374000000.0,1.0,2.0
3369,6.042780748663102,1000000.0,8.0,1.0,374.0,0.0,374000000.0,1.0,2.0
3370,6.237410071942446,1000000.0,10.0,1.0,278.0,17.0,278000000.0,1.0,3.0
3371,9.153846153846152,1000000.0,10.0,1.0,13.0,0.0,13000000.0,1.0,3.0
3372,8.714285714285714,1000000.0,9.0,1.0,7.0,1.0,7000000.0,1.0,3.0
3373,8.5,1000000.0,9.0,1.0,6.0,1.0,6000000.0,1.0,3.0
3374,8.666666666666666,1000000.0,9.0,1.0,6.0,0.0,6000000.0,1.0,3.0
3375,8.5,1000000.0,9.0,1.0,6.0,1.0,6000000.0,1.0,3.0
3376,8.5,1000000.0,9.0,1.0,6.0,0.0,6000000.0,1.0,3.0
3377,8.833333333333334,1000000.0,9.0,1.0,6.0,0.0,6000000.0,1.0,2.0
3378,8.6,1000000.0,9.0,1.0,5.0,1.0,5000000.0,1.0,3.0
3379,8.666666666666666,1000000.0,9.0,1.0,6.0,1.0,6000000.0,1.0,2.0
3380,8.666666666666666,1000000.0,9.0,1.0,6.0,1.0,6000000.0,1.0,2.0
3381,8.833333333333334,1000000.0,10.0,1.0,6.0,2.0,6000000.0,1.0,3.0
3382,8.75,1000000.0,9.0,1.0,4.0,0.0,4000000.0,1.0,2.0
3383,8.5,1000000.0,9.0,1.0,6.0,2.0,6000000.0,1.0,2.0
3384,8.6,1000000.0,9.0,1.0,5.0,1.0,5000000.0,1.0,3.0
3385,8.666666666666666,1000000.0,9.0,1.0,3.0,0.0,3000000.0,1.0,2.0
3386,8.75,1000000.0,9.0,1.0,4.0,0.0,4000000.0,1.0,2.0
3387,8.6,1000000.0,9.0,1.0,5.0,0.0,5000000.0,1.0,2.0
3388,8.5,1000000.0,9.0,1.0,4.0,0.0,4000000.0,1.0,2.0
3389,8.5,1000000.0,9.0,1.0,4.0,0.0,4000000.0,1.0,2.0
3390,8.5,1000000.0,9.0,1.0,4.0,0.0,4000000.0,1.0,3.0
3391,8.571428571428571,1000000.0,9.0,1.0,7.0,0.0,7000000.0,1.0,3.0
3392,8.833333333333334,1000000.0,10.0,1.0,6.0,1.0,6000000.0,1.0,3.0
3393,8.8,1000000.0,9.0,1.0,5.0,1.0,5000000.0,1.0,2.0
3394,8.75,1000000.0,10.0,1.0,8.0,0.0,8000000.0,1.0,3.0
3395,6.230769230769231,1000000.0,9.0,1.0,104.0,0.0,104000000.0,1.0,2.0
3396,5.986522911051213,1000000.0,11.0,1.0,371.0,0.0,371000000.0,1.0,3.0
3397,6.254794520547946,1000000.0,11.0,1.0,365.0,0.0,365000000.0,1.0,4.0
3398,6.045918367346939,1000000.0,9.0,1.0,392.0,0.0,392000000.0,1.0,4.0
3399,6.037135278514588,1000000.0,8.0,1.0,377.0,0.0,377000000.0,1.0,2.0
3400,6.0271739130434785,1000000.0,9.0,1.0,368.0,0.0,368000000.0,1.0,2.0
3401,6.0653950953678475,1000000.0,9.0,1.0,367.0,0.0,367000000.0,1.0,2.0
3402,6.061662198391421,1000000.0,10.0,1.0,373.0,0.0,373000000.0,1.0,3.0
3403,6.045698924731183,1000000.0,9.0,1.0,372.0,0.0,372000000.0,1.0,2.0
3404,6.035135135135135,1000000.0,9.0,1.0,370.0,0.0,370000000.0,1.0,2.0
3405,6.062162162162162,1000000.0,10.0,1.0,370.0,0.0,370000000.0,1.0,2.0
3406,6.016348773841962,1000000.0,8.0,1.0,367.0,0.0,367000000.0,1.0,2.0
3407,6.051075268817204,1000000.0,8.0,1.0,372.0,0.0,372000000.0,1.0,3.0
3408,6.016348773841962,1000000.0,8.0,1.0,367.0,0.0,367000000.0,1.0,2.0
3409,6.0,1000000.0,8.0,1.0,372.0,0.0,372000000.0,1.0,2.0
3410,6.016260162601626,1000000.0,8.0,1.0,369.0,0.0,369000000.0,1.0,2.0
3411,6.067204301075269,1000000.0,8.0,1.0,372.0,0.0,372000000.0,1.0,2.0
3412,6.037533512064343,1000000.0,8.0,1.0,373.0,0.0,373000000.0,1.0,2.0
3413,6.005434782608695,1000000.0,8.0,1.0,368.0,0.0,368000000.0,1.0,2.0
3414,5.944444444444445,1000000.0,8.0,1.0,360.0,0.0,360000000.0,1.0,2.0
3415,6.0136612021857925,1000000.0,8.0,1.0,366.0,0.0,366000000.0,1.0,2.0
3416,6.0296495956873315,1000000.0,8.0,1.0,371.0,0.0,371000000.0,1.0,2.0
3417,6.0133689839572195,1000000.0,8.0,1.0,374.0,0.0,374000000.0,1.0,2.0
3418,6.02680965147453,1000000.0,8.0,1.0,373.0,0.0,373000000.0,1.0,2.0
3419,6.056451612903226,1000000.0,8.0,1.0,372.0,0.0,372000000.0,1.0,2.0
3420,5.888513513513513,1000000.0,8.0,1.0,296.0,17.0,296000000.0,1.0,3.0
3421,5.176470588235294,1000000.0,6.0,1.0,17.0,3.0,17000000.0,1.0,2.0
3422,4.5,1000000.0,5.0,1.0,6.0,1.0,6000000.0,1.0,3.0
3423,4.625,1000000.0,5.0,1.0,8.0,3.0,8000000.0,1.0,2.0
3424,4.5,1000000.0,5.0,1.0,4.0,0.0,4000000.0,1.0,3.0
3425,4.666666666666667,1000000.0,5.0,1.0,6.0,1.0,6000000.0,1.0,2.0
3426,4.571428571428571,1000000.0,5.0,1.0,7.0,3.0,7000000.0,1.0,2.0
3427,4.4,1000000.0,5.0,1.0,5.0,0.0,5000000.0,1.0,3.0
3428,4.75,1000000.0,5.0,1.0,4.0,0.0,4000000.0,1.0,2.0
3429,4.75,1000000.0,5.0,1.0,4.0,1.0,4000000.0,1.0,2.0
3430,4.625,1000000.0,5.0,1.0,8.0,1.0,8000000.0,1.0,2.0
3431,4.5,1000000.0,5.0,1.0,6.0,3.0,6000000.0,1.0,2.0
3432,4.833333333333333,1000000.0,6.0,1.0,6.0,1.0,6000000.0,1.0,3.0
3433,5.0,1000000.0,6.0,1.0,6.0,1.0,6000000.0,1.0,2.0
3434,4.857142857142857,1000000.0,6.0,1.0,7.0,2.0,7000000.0,1.0,3.0
3435,4.5,1000000.0,5.0,1.0,6.0,1.0,6000000.0,1.0,3.0
3436,4.571428571428571,1000000.0,5.0,1.0,7.0,1.0,7000000.0,1.0,3.0
3437,4.75,1000000.0,5.0,1.0,4.0,0.0,4000000.0,1.0,2.0
3438,4.8,1000000.0,5.0,1.0,5.0,1.0,5000000.0,1.0,2.0
3439,4.666666666666667,1000000.0,5.0,1.0,6.0,1.0,6000000.0,1.0,2.0
3440,4.666666666666667,1000000.0,5.0,1.0,6.0,2.0,6000000.0,1.0,2.0
3441,4.666666666666667,1000000.0,5.0,1.0,6.0,0.0,6000000.0,1.0,2.0
3442,4.666666666666667,1000000.0,5.0,1.0,6.0,2.0,6000000.0,1.0,2.0
3443,5.166666666666667,1000000.0,6.0,1.0,6.0,0.0,6000000.0,1.0,2.0
3444,4.8,1000000.0,5.0,1.0,5.0,0.0,5000000.0,1.0,2.0
3445,5.688679245283019,1000000.0,8.0,1.0,106.0,1.0,106000000.0,1.0,3.0
3446,5.956852791878172,1000000.0,9.0,1.0,394.0,2.0,394000000.0,1.0,4.0
3447,6.061696658097686,1000000.0,8.0,1.0,389.0,0.0,389000000.0,1.0,2.0
3448,6.101522842639594,1000000.0,9.0,1.0,394.0,0.0,394000000.0,1.0,4.0
3449,6.037135278514588,1000000.0,8.0,1.0,377.0,0.0,377000000.0,1.0,2.0
3450,6.032786885245901,1000000.0,8.0,1.0,366.0,0.0,366000000.0,1.0,2.0
3451,5.981182795698925,1000000.0,8.0,1.0,372.0,0.0,372000000.0,1.0,2.0
3452,6.013404825737266,1000000.0,9.0,1.0,373.0,0.0,373000000.0,1.0,3.0
3453,6.059299191374663,1000000.0,8.0,1.0,371.0,0.0,371000000.0,1.0,2.0
3454,6.027397260273973,1000000.0,8.0,1.0,365.0,0.0,365000000.0,1.0,2.0
3455,6.064171122994653,1000000.0,9.0,1.0,374.0,0.0,374000000.0,1.0,2.0
3456,6.048128342245989,1000000.0,9.0,1.0,374.0,0.0,374000000.0,1.0,2.0
3457,6.040214477211796,1000000.0,9.0,1.0,373.0,0.0,373000000.0,1.0,3.0
3458,6.016438356164383,1000000.0,8.0,1.0,365.0,0.0,365000000.0,1.0,2.0
3459,6.032432432432432,1000000.0,8.0,1.0,370.0,0.0,370000000.0,1.0,2.0
3460,6.048387096774194,1000000.0,9.0,1.0,372.0,0.0,372000000.0,1.0,2.0
3461,6.059459459459459,1000000.0,9.0,1.0,370.0,0.0,370000000.0,1.0,2.0
3462,6.065217391304348,1000000.0,9.0,1.0,368.0,0.0,368000000.0,1.0,2.0
3463,6.056756756756757,1000000.0,9.0,1.0,370.0,0.0,370000000.0,1.0,3.0
3464,6.0271739130434785,1000000.0,9.0,1.0,368.0,0.0,368000000.0,1.0,2.0
3465,6.029972752043597,1000000.0,9.0,1.0,367.0,0.0,367000000.0,1.0,2.0
3466,6.064516129032258,1000000.0,9.0,1.0,372.0,0.0,372000000.0,1.0,2.0
3467,6.013440860215054,1000000.0,9.0,1.0,372.0,0.0,372000000.0,1.0,2.0
3468,6.038147138964578,1000000.0,8.0,1.0,367.0,0.0,367000000.0,1.0,2.0
3469,6.032,1000000.0,10.0,1.0,375.0,0.0,375000000.0,1.0,2.0
3470,6.205479452054795,1000000.0,10.0,1.0,292.0,15.0,292000000.0,1.0,2.0
3471,9.0,1000000.0,10.0,1.0,16.0,3.0,16000000.0,1.0,3.0
3472,8.833333333333334,1000000.0,10.0,1.0,6.0,2.0,6000000.0,1.0,2.0
3473,9.333333333333334,1000000.0,10.0,1.0,9.0,2.0,9000000.0,1.0,3.0
3474,8.857142857142858,1000000.0,10.0,1.0,7.0,1.0,7000000.0,1.0,2.0
3475,8.666666666666666,1000000.0,9.0,1.0,6.0,1.0,6000000.0,1.0,3.0
3476,8.6,1000000.0,9.0,1.0,5.0,1.0,5000000.0,1.0,2.0
3477,8.571428571428571,1000000.0,9.0,1.0,7.0,1.0,7000000.0,1.0,3.0
3478,8.571428571428571,1000000.0,9.0,1.0,7.0,2.0,7000000.0,1.0,2.0
3479,8.5,1000000.0,9.0,1.0,6.0,0.0,6000000.0,1.0,3.0
3480,8.714285714285714,1000000.0,9.0,1.0,7.0,1.0,7000000.0,1.0,2.0
3481,8.833333333333334,1000000.0,10.0,1.0,6.0,2.0,6000000.0,1.0,3.0
3482,8.6,1000000.0,9.0,1.0,5.0,0.0,5000000.0,1.0,3.0
3483,8.571428571428571,1000000.0,9.0,1.0,7.0,2.0,7000000.0,1.0,2.0
3484,8.5,1000000.0,9.0,1.0,6.0,2.0,6000000.0,1.0,3.0
3485,8.75,1000000.0,9.0,1.0,4.0,0.0,4000000.0,1.0,2.0
3486,8.8,1000000.0,9.0,1.0,5.0,0.0,5000000.0,1.0,2.0
3487,8.5,1000000.0,9.0,1.0,6.0,1.0,6000000.0,1.0,3.0
3488,9.0,1000000.0,10.0,1.0,4.0,0.0,4000000.0,1.0,3.0
3489,8.6,1000000.0,9.0,1.0,5.0,1.0,5000000.0,1.0,2.0
3490,8.5,1000000.0,9.0,1.0,6.0,2.0,6000000.0,1.0,3.0
3491,8.6,1000000.0,9.0,1.0,5.0,0.0,5000000.0,1.0,3.0
3492,8.6,1000000.0,9.0,1.0,5.0,1.0,5000000.0,1.0,2.0
3493,8.666666666666666,1000000.0,9.0,1.0,6.0,1.0,6000000.0,1.0,3.0
3494,9.0,1000000.0,10.0,1.0,9.0,1.0,9000000.0,1.0,3.0
3495,6.031578947368421,1000000.0,9.0,1.0,95.0,0.0,95000000.0,1.0,3.0
3496,6.130813953488372,1000000.0,9.0,1.0,344.0,0.0,344000000.0,1.0,2.0
3497,6.16010498687664,1000000.0,10.0,1.0,381.0,1.0,381000000.0,1.0,4.0
3498,6.119289340101523,1000000.0,10.0,1.0,394.0,0.0,394000000.0,1.0,5.0
3499,6.028350515463917,1000000.0,8.0,1.0,388.0,0.0,388000000.0,1.0,2.0
3500,6.005405405405406,1000000.0,8.0,1.0,370.0,0.0,370000000.0,1.0,3.0
3501,6.021621621621621,1000000.0,8.0,1.0,370.0,0.0,370000000.0,1.0,2.0
3502,6.021621621621621,1000000.0,8.0,1.0,370.0,0.0,370000000.0,1.0,2.0
3503,6.024064171122995,1000000.0,8.0,1.0,374.0,0.0,374000000.0,1.0,3.0
3504,6.005361930294906,1000000.0,8.0,1.0,373.0,0.0,373000000.0,1.0,2.0
3505,5.994550408719346,1000000.0,8.0,1.0,367.0,0.0,367000000.0,1.0,2.0
3506,6.037735849056604,1000000.0,8.0,1.0,371.0,0.0,371000000.0,1.0,2.0
3507,6.021739130434782,1000000.0,8.0,1.0,368.0,0.0,368000000.0,1.0,2.0
3508,6.053763440860215,1000000.0,8.0,1.0,372.0,0.0,372000000.0,1.0,2.0
3509,6.043010752688172,1000000.0,8.0,1.0,372.0,0.0,372000000.0,1.0,2.0
3510,6.005361930294906,1000000.0,8.0,1.0,373.0,0.0,373000000.0,1.0,2.0
3511,6.002717391304348,1000000.0,8.0,1.0,368.0,0.0,368000000.0,1.0,2.0
3512,6.0,1000000.0,8.0,1.0,370.0,0.0,370000000.0,1.0,2.0
3513,6.051490514905149,1000000.0,8.0,1.0,369.0,0.0,369000000.0,1.0,2.0
3514,5.950413223140496,1000000.0,8.0,1.0,363.0,0.0,363000000.0,1.0,2.0
3515,5.972602739726027,1000000.0,8.0,1.0,365.0,0.0,365000000.0,1.0,2.0
3516,6.040871934604905,1000000.0,8.0,1.0,367.0,0.0,367000000.0,1.0,2.0
3517,6.021621621621621,1000000.0,8.0,1.0,370.0,0.0,370000000.0,1.0,2.0
3518,6.010869565217392,1000000.0,8.0,1.0,368.0,0.0,368000000.0,1.0,2.0
3519,6.051490514905149,1000000.0,9.0,1.0,369.0,0.0,369000000.0,1.0,2.0
3520,6.23051948051948,1000000.0,9.0,1.0,308.0,16.0,308000000.0,1.0,3.0
3521,8.88888888888889,1000000.0,10.0,1.0,18.0,3.0,18000000.0,1.0,3.0
3522,8.666666666666666,1000000.0,9.0,1.0,6.0,0.0,6000000.0,1.0,2.0
3523,8.6,1000000.0,9.0,1.0,5.0,1.0,5000000.0,1.0,2.0
3524,8.75,1000000.0,10.0,1.0,8.0,1.0,8000000.0,1.0,3.0
3525,8.5,1000000.0,9.0,1.0,6.0,1.0,6000000.0,1.0,3.0
3526,9.0,1000000.0,10.0,1.0,5.0,1.0,5000000.0,1.0,3.0
3527,8.428571428571429,1000000.0,9.0,1.0,7.0,1.0,7000000.0,1.0,4.0
3528,8.714285714285714,1000000.0,9.0,1.0,7.0,0.0,7000000.0,1.0,2.0
3529,8.8,1000000.0,9.0,1.0,5.0,0.0,5000000.0,1.0,2.0
3530,8.5,1000000.0,9.0,1.0,6.0,1.0,6000000.0,1.0,3.0
3531,8.5,1000000.0,9.0,1.0,4.0,2.0,4000000.0,1.0,2.0
3532,8.6,1000000.0,9.0,1.0,5.0,0.0,5000000.0,1.0,3.0
3533,8.777777777777779,1000000.0,10.0,1.0,9.0,1.0,9000000.0,1.0,3.0
3534,8.625,1000000.0,9.0,1.0,8.0,3.0,8000000.0,1.0,2.0
3535,8.75,1000000.0,10.0,1.0,8.0,1.0,8000000.0,1.0,3.0
3536,8.6,1000000.0,9.0,1.0,5.0,0.0,5000000.0,1.0,3.0
3537,8.875,1000000.0,10.0,1.0,8.0,2.0,8000000.0,1.0,4.0
3538,8.75,1000000.0,9.0,1.0,8.0,1.0,8000000.0,1.0,2.0
3539,8.666666666666666,1000000.0,9.0,1.0,6.0,1.0,6000000.0,1.0,2.0
3540,8.6,1000000.0,9.0,1.0,5.0,1.0,5000000.0,1.0,3.0
3541,8.714285714285714,1000000.0,9.0,1.0,7.0,0.0,7000000.0,1.0,2.0
3542,8.4,1000000.0,9.0,1.0,5.0,1.0,5000000.0,1.0,3.0
3543,8.666666666666666,1000000.0,9.0,1.0,3.0,0.0,3000000.0,1.0,2.0
3544,8.571428571428571,1000000.0,9.0,1.0,7.0,1.0,7000000.0,1.0,3.0
3545,6.075268817204301,1000000.0,9.0,1.0,93.0,0.0,93000000.0,1.0,3.0
3546,5.976982097186701,1000000.0,9.0,1.0,391.0,0.0,391000000.0,1.0,2.0
3547,6.057934508816121,1000000.0,9.0,1.0,397.0,2.0,397000000.0,1.0,4.0
3548,6.042666666666666,1000000.0,9.0,1.0,375.0,0.0,375000000.0,1.0,4.0
3549,6.148337595907928,1000000.0,11.0,1.0,391.0,0.0,391000000.0,1.0,2.0
3550,6.03421052631579,1000000.0,9.0,1.0,380.0,0.0,380000000.0,1.0,2.0
3551,6.026954177897574,1000000.0,8.0,1.0,371.0,0.0,371000000.0,1.0,2.0
3552,6.045822102425876,1000000.0,9.0,1.0,371.0,0.0,371000000.0,1.0,3.0
3553,6.0212765957446805,1000000.0,8.0,1.0,376.0,0.0,376000000.0,1.0,2.0
3554,6.002695417789758,1000000.0,9.0,1.0,371.0,0.0,371000000.0,1.0,2.0
3555,6.054054054054054,1000000.0,8.0,1.0,370.0,0.0,370000000.0,1.0,2.0
3556,6.024456521739131,1000000.0,9.0,1.0,368.0,0.0,368000000.0,1.0,2.0
3557,6.078804347826087,1000000.0,10.0,1.0,368.0,0.0,368000000.0,1.0,3.0
3558,6.02680965147453,1000000.0,8.0,1.0,373.0,0.0,373000000.0,1.0,2.0
3559,6.0675675675675675,1000000.0,9.0,1.0,370.0,0.0,370000000.0,1.0,2.0
3560,6.074270557029178,1000000.0,10.0,1.0,377.0,0.0,377000000.0,1.0,2.0
3561,6.059459459459459,1000000.0,9.0,1.0,370.0,0.0,370000000.0,1.0,2.0
3562,6.040650406504065,1000000.0,9.0,1.0,369.0,0.0,369000000.0,1.0,2.0
3563,6.027548209366391,1000000.0,8.0,1.0,363.0,0.0,363000000.0,1.0,2.0
3564,6.058355437665782,1000000.0,9.0,1.0,377.0,0.0,377000000.0,1.0,2.0
3565,6.008130081300813,1000000.0,8.0,1.0,369.0,0.0,369000000.0,1.0,2.0
3566,6.054054054054054,1000000.0,8.0,1.0,370.0,0.0,370000000.0,1.0,2.0
3567,6.026954177897574,1000000.0,8.0,1.0,371.0,0.0,371000000.0,1.0,2.0
3568,6.037735849056604,1000000.0,8.0,1.0,371.0,0.0,371000000.0,1.0,2.0
3569,6.005390835579515,1000000.0,8.0,1.0,371.0,0.0,371000000.0,1.0,2.0
3570,5.907643312101911,1000000.0,8.0,1.0,314.0,16.0,314000000.0,1.0,2.0
3571,5.0,1000000.0,6.0,1.0,15.0,1.0,15000000.0,1.0,3.0
3572,4.666666666666667,1000000.0,5.0,1.0,6.0,0.0,6000000.0,1.0,3.0
3573,4.666666666666667,1000000.0,5.0,1.0,6.0,1.0,6000000.0,1.0,3.0
3574,5.0,1000000.0,6.0,1.0,7.0,2.0,7000000.0,1.0,3.0
3575,4.75,1000000.0,6.0,1.0,8.0,1.0,8000000.0,1.0,3.0
3576,4.714285714285714,1000000.0,6.0,1.0,7.0,2.0,7000000.0,1.0,3.0
3577,4.6,1000000.0,5.0,1.0,5.0,1.0,5000000.0,1.0,3.0
3578,4.571428571428571,1000000.0,5.0,1.0,7.0,1.0,7000000.0,1.0,3.0
3579,4.5,1000000.0,5.0,1.0,6.0,1.0,6000000.0,1.0,3.0
3580,4.8,1000000.0,5.0,1.0,5.0,0.0,5000000.0,1.0,2.0
3581,4.571428571428571,1000000.0,5.0,1.0,7.0,2.0,7000000.0,1.0,3.0
3582,4.625,1000000.0,5.0,1.0,8.0,2.0,8000000.0,1.0,2.0
3583,4.333333333333333,1000000.0,5.0,1.0,6.0,1.0,6000000.0,1.0,3.0
3584,4.833333333333333,1000000.0,5.0,1.0,6.0,0.0,6000000.0,1.0,2.0
3585,4.6,1000000.0,5.0,1.0,5.0,0.0,5000000.0,1.0,3.0
3586,4.857142857142857,1000000.0,5.0,1.0,7.0,1.0,7000000.0,1.0,3.0
3587,4.5,1000000.0,5.0,1.0,4.0,1.0,4000000.0,1.0,3.0
3588,4.666666666666667,1000000.0,5.0,1.0,6.0,1.0,6000000.0,1.0,2.0
3589,4.833333333333333,1000000.0,5.0,1.0,6.0,1.0,6000000.0,1.0,2.0
3590,4.666666666666667,1000000.0,5.0,1.0,6.0,0.0,6000000.0,1.0,3.0
3591,4.5,1000000.0,5.0,1.0,4.0,1.0,4000000.0,1.0,3.0
3592,4.5,1000000.0,5.0,1.0,6.0,1.0,6000000.0,1.0,3.0
3593,4.833333333333333,1000000.0,5.0,1.0,6.0,0.0,6000000.0,1.0,2.0
3594,4.666666666666667,1000000.0,5.0,1.0,3.0,0.0,3000000.0,1.0,2.0
3595,5.507246376811594,1000000.0,8.0,1.0,69.0,0.0,69000000.0,1.0,3.0
3596,5.946949602122016,1000000.0,9.0,1.0,377.0,3.0,377000000.0,1.0,4.0
3597,5.962962962962963,1000000.0,8.0,1.0,378.0,0.0,378000000.0,1.0,3.0
3598,5.9689922480620154,1000000.0,8.0,1.0,387.0,0.0,387000000.0,1.0,4.0
3599,5.976,1000000.0,8.0,1.0,375.0,0.0,375000000.0,1.0,2.0
3600,5.989276139410188,1000000.0,9.0,1.0,373.0,0.0,373000000.0,1.0,2.0
3601,5.96875,1000000.0,8.0,1.0,384.0,0.0,384000000.0,1.0,2.0
3602,5.954787234042553,1000000.0,8.0,1.0,376.0,0.0,376000000.0,1.0,3.0
3603,5.9603174603174605,1000000.0,8.0,1.0,378.0,0.0,378000000.0,1.0,2.0
3604,5.9335038363171355,1000000.0,8.0,1.0,391.0,0.0,391000000.0,1.0,2.0
3605,5.997304582210242,1000000.0,8.0,1.0,371.0,0.0,371000000.0,1.0,2.0
3606,5.951871657754011,1000000.0,8.0,1.0,374.0,0.0,374000000.0,1.0,2.0
3607,5.958333333333333,1000000.0,10.0,1.0,384.0,0.0,384000000.0,1.0,4.0
3608,5.971509971509971,1000000.0,8.0,1.0,351.0,0.0,351000000.0,1.0,2.0
3609,5.955026455026455,1000000.0,8.0,1.0,378.0,0.0,378000000.0,1.0,2.0
3610,5.914364640883978,1000000.0,8.0,1.0,362.0,0.0,362000000.0,1.0,2.0
3611,5.997319034852547,1000000.0,9.0,1.0,373.0,0.0,373000000.0,1.0,2.0
3612,6.043596730245231,1000000.0,9.0,1.0,367.0,0.0,367000000.0,1.0,2.0
3613,6.08179419525066,1000000.0,10.0,1.0,379.0,0.0,379000000.0,1.0,2.0
3614,6.016759776536313,1000000.0,9.0,1.0,358.0,0.0,358000000.0,1.0,2.0
3615,6.051771117166212,1000000.0,9.0,1.0,367.0,0.0,367000000.0,1.0,2.0
3616,6.0675675675675675,1000000.0,9.0,1.0,370.0,0.0,370000000.0,1.0,2.0
3617,6.056756756756757,1000000.0,9.0,1.0,370.0,0.0,370000000.0,1.0,2.0
3618,6.019283746556474,1000000.0,9.0,1.0,363.0,0.0,363000000.0,1.0,3.0
3619,6.051075268817204,1000000.0,9.0,1.0,372.0,0.0,372000000.0,1.0,2.0
3620,6.24251497005988,1000000.0,10.0,1.0,334.0,15.0,334000000.0,1.0,3.0
3621,9.117647058823527,1000000.0,10.0,1.0,17.0,3.0,17000000.0,1.0,2.0
3622,9.0,1000000.0,10.0,1.0,8.0,1.0,8000000.0,1.0,2.0
3623,8.714285714285714,1000000.0,9.0,1.0,7.0,2.0,7000000.0,1.0,3.0
3624,8.8,1000000.0,9.0,1.0,5.0,0.0,5000000.0,1.0,2.0
3625,9.25,1000000.0,11.0,1.0,8.0,1.0,8000000.0,1.0,3.0
3626,8.625,1000000.0,10.0,1.0,8.0,2.0,8000000.0,1.0,4.0
3627,8.6,1000000.0,9.0,1.0,5.0,1.0,5000000.0,1.0,3.0
3628,8.571428571428571,1000000.0,9.0,1.0,7.0,1.0,7000000.0,1.0,3.0
3629,8.6,1000000.0,9.0,1.0,5.0,2.0,5000000.0,1.0,2.0
3630,8.571428571428571,1000000.0,9.0,1.0,7.0,2.0,7000000.0,1.0,2.0
3631,8.8,1000000.0,9.0,1.0,5.0,0.0,5000000.0,1.0,2.0
3632,8.625,1000000.0,9.0,1.0,8.0,2.0,8000000.0,1.0,2.0
3633,8.4,1000000.0,9.0,1.0,5.0,1.0,5000000.0,1.0,3.0
3634,8.857142857142858,1000000.0,9.0,1.0,7.0,0.0,7000000.0,1.0,2.0
3635,8.571428571428571,1000000.0,9.0,1.0,7.0,1.0,7000000.0,1.0,3.0
3636,8.714285714285714,1000000.0,9.0,1.0,7.0,1.0,7000000.0,1.0,2.0
3637,8.428571428571429,1000000.0,9.0,1.0,7.0,3.0,7000000.0,1.0,3.0
3638,8.666666666666666,1000000.0,9.0,1.0,6.0,1.0,6000000.0,1.0,2.0
3639,8.833333333333334,1000000.0,10.0,1.0,6.0,1.0,6000000.0,1.0,3.0
3640,8.5,1000000.0,9.0,1.0,6.0,2.0,6000000.0,1.0,2.0
3641,8.4,1000000.0,9.0,1.0,5.0,0.0,5000000.0,1.0,3.0
3642,8.75,1000000.0,9.0,1.0,4.0,0.0,4000000.0,1.0,2.0
3643,8.8,1000000.0,9.0,1.0,5.0,1.0,5000000.0,1.0,2.0
3644,8.727272727272727,1000000.0,10.0,1.0,11.0,2.0,11000000.0,1.0,3.0
3645,6.218181818181818,1000000.0,9.0,1.0,55.0,0.0,55000000.0,1.0,3.0
3646,6.092696629213483,1000000.0,9.0,1.0,356.0,1.0,356000000.0,1.0,4.0
3647,6.1005291005291005,1000000.0,9.0,1.0,378.0,0.0,378000000.0,1.0,4.0
3648,6.103896103896104,1000000.0,9.0,1.0,385.0,0.0,385000000.0,1.0,4.0
3649,6.160349854227405,1000000.0,9.0,1.0,343.0,0.0,343000000.0,1.0,3.0
3650,6.133689839572193,1000000.0,10.0,1.0,374.0,0.0,374000000.0,1.0,2.0
3651,6.13030303030303,1000000.0,11.0,1.0,330.0,0.0,330000000.0,1.0,2.0
3652,6.056756756756757,1000000.0,9.0,1.0,370.0,0.0,370000000.0,1.0,2.0
3653,6.0611702127659575,1000000.0,9.0,1.0,376.0,0.0,376000000.0,1.0,3.0
3654,6.069444444444445,1000000.0,9.0,1.0,360.0,0.0,360000000.0,1.0,2.0
3655,6.024193548387097,1000000.0,9.0,1.0,372.0,0.0,372000000.0,1.0,2.0
3656,6.0379403794037945,1000000.0,8.0,1.0,369.0,0.0,369000000.0,1.0,2.0
3657,6.0675675675675675,1000000.0,9.0,1.0,370.0,0.0,370000000.0,1.0,2.0
3658,6.029177718832892,1000000.0,8.0,1.0,377.0,0.0,377000000.0,1.0,3.0
3659,6.043715846994536,1000000.0,8.0,1.0,366.0,0.0,366000000.0,1.0,2.0
3660,6.005390835579515,1000000.0,8.0,1.0,371.0,0.0,371000000.0,1.0,2.0
3661,6.024324324324325,1000000.0,8.0,1.0,370.0,0.0,370000000.0,1.0,2.0
3662,6.013513513513513,1000000.0,8.0,1.0,370.0,0.0,370000000.0,1.0,2.0
3663,6.032967032967033,1000000.0,8.0,1.0,364.0,0.0,364000000.0,1.0,2.0
3664,6.029810298102981,1000000.0,8.0,1.0,369.0,0.0,369000000.0,1.0,2.0
3665,6.048648648648649,1000000.0,8.0,1.0,370.0,0.0,370000000.0,1.0,2.0
3666,6.043243243243243,1000000.0,8.0,1.0,370.0,0.0,370000000.0,1.0,2.0
3667,6.043243243243243,1000000.0,8.0,1.0,370.0,0.0,370000000.0,1.0,2.0
3668,5.989130434782608,1000000.0,8.0,1.0,368.0,0.0,368000000.0,1.0,2.0
3669,6.021680216802168,1000000.0,8.0,1.0,369.0,0.0,369000000.0,1.0,2.0
3670,5.91404011461318,1000000.0,8.0,1.0,349.0,16.0,349000000.0,1.0,2.0
3671,5.133333333333334,1000000.0,6.0,1.0,15.0,2.0,15000000.0,1.0,3.0
3672,4.833333333333333,1000000.0,6.0,1.0,6.0,2.0,6000000.0,1.0,2.0
3673,4.5,1000000.0,5.0,1.0,4.0,0.0,4000000.0,1.0,2.0
3674,4.5,1000000.0,5.0,1.0,6.0,1.0,6000000.0,1.0,2.0
3675,5.0,1000000.0,6.0,1.0,5.0,0.0,5000000.0,1.0,2.0
3676,5.285714285714286,1000000.0,7.0,1.0,7.0,1.0,7000000.0,1.0,3.0
3677,4.8,1000000.0,6.0,1.0,10.0,2.0,10000000.0,1.0,2.0
3678,5.0,1000000.0,6.0,1.0,5.0,1.0,5000000.0,1.0,3.0
3679,4.75,1000000.0,6.0,1.0,8.0,2.0,8000000.0,1.0,3.0
3680,4.428571428571429,1000000.0,5.0,1.0,7.0,1.0,7000000.0,1.0,4.0
3681,4.5,1000000.0,5.0,1.0,6.0,1.0,6000000.0,1.0,3.0
3682,4.833333333333333,1000000.0,6.0,1.0,6.0,0.0,6000000.0,1.0,3.0
3683,4.5,1000000.0,5.0,1.0,4.0,0.0,4000000.0,1.0,3.0
3684,4.5,1000000.0,5.0,1.0,6.0,0.0,6000000.0,1.0,3.0
3685,4.666666666666667,1000000.0,5.0,1.0,6.0,1.0,6000000.0,1.0,3.0
3686,4.666666666666667,1000000.0,5.0,1.0,3.0,1.0,3000000.0,1.0,2.0
3687,4.6,1000000.0,5.0,1.0,5.0,1.0,5000000.0,1.0,2.0
3688,4.833333333333333,1000000.0,5.0,1.0,6.0,0.0,6000000.0,1.0,2.0
3689,4.777777777777778,1000000.0,6.0,1.0,9.0,0.0,9000000.0,1.0,3.0
3690,4.833333333333333,1000000.0,5.0,1.0,6.0,1.0,6000000.0,1.0,2.0
3691,4.666666666666667,1000000.0,5.0,1.0,6.0,0.0,6000000.0,1.0,3.0
3692,4.833333333333333,1000000.0,6.0,1.0,6.0,0.0,6000000.0,1.0,4.0
3693,4.833333333333333,1000000.0,7.0,1.0,6.0,2.0,6000000.0,1.0,3.0
3694,4.666666666666667,1000000.0,5.0,1.0,6.0,1.0,6000000.0,1.0,2.0
3695,5.0576923076923075,1000000.0,8.0,1.0,52.0,0.0,52000000.0,1.0,3.0
3696,6.052054794520548,1000000.0,8.0,1.0,365.0,0.0,365000000.0,1.0,3.0
3697,6.031331592689295,1000000.0,9.0,1.0,383.0,0.0,383000000.0,1.0,3.0
3698,6.017676767676767,1000000.0,8.0,1.0,396.0,0.0,396000000.0,1.0,3.0
3699,6.042105263157895,1000000.0,8.0,1.0,380.0,0.0,380000000.0,1.0,2.0
3700,6.035135135135135,1000000.0,8.0,1.0,370.0,0.0,370000000.0,1.0,2.0
3701,6.021621621621621,1000000.0,10.0,1.0,370.0,0.0,370000000.0,1.0,2.0
3702,6.018567639257294,1000000.0,8.0,1.0,377.0,0.0,377000000.0,1.0,2.0
3703,6.013550135501355,1000000.0,8.0,1.0,369.0,0.0,369000000.0,1.0,3.0
3704,6.045454545454546,1000000.0,9.0,1.0,374.0,0.0,374000000.0,1.0,2.0
3705,6.076923076923077,1000000.0,9.0,1.0,377.0,0.0,377000000.0,1.0,2.0
3706,5.983651226158038,1000000.0,8.0,1.0,367.0,0.0,367000000.0,1.0,2.0
3707,6.027397260273973,1000000.0,8.0,1.0,365.0,0.0,365000000.0,1.0,2.0
3708,6.06989247311828,1000000.0,9.0,1.0,372.0,0.0,372000000.0,1.0,3.0
3709,6.018867924528302,1000000.0,9.0,1.0,371.0,0.0,371000000.0,1.0,2.0
3710,6.038147138964578,1000000.0,8.0,1.0,367.0,0.0,367000000.0,1.0,2.0
3711,6.057065217391305,1000000.0,9.0,1.0,368.0,0.0,368000000.0,1.0,2.0
3712,6.035040431266847,1000000.0,9.0,1.0,371.0,0.0,371000000.0,1.0,2.0
3713,6.0272479564032695,1000000.0,8.0,1.0,367.0,0.0,367000000.0,1.0,2.0
3714,6.090163934426229,1000000.0,11.0,1.0,366.0,0.0,366000000.0,1.0,2.0
3715,6.061827956989247,1000000.0,9.0,1.0,372.0,0.0,372000000.0,1.0,2.0
3716,6.045698924731183,1000000.0,9.0,1.0,372.0,0.0,372000000.0,1.0,2.0
3717,6.0296495956873315,1000000.0,9.0,1.0,371.0,0.0,371000000.0,1.0,2.0
3718,6.035135135135135,1000000.0,9.0,1.0,370.0,0.0,370000000.0,1.0,2.0
3719,6.0625,1000000.0,9.0,1.0,368.0,0.0,368000000.0,1.0,2.0
3720,6.232558139534884,1000000.0,10.0,1.0,344.0,14.0,344000000.0,1.0,2.0
3721,9.416666666666666,1000000.0,10.0,1.0,12.0,0.0,12000000.0,1.0,2.0
3722,8.4,1000000.0,9.0,1.0,5.0,0.0,5000000.0,1.0,3.0
3723,9.0,1000000.0,10.0,1.0,7.0,1.0,7000000.0,1.0,3.0
3724,8.5,1000000.0,9.0,1.0,6.0,2.0,6000000.0,1.0,2.0
3725,8.6,1000000.0,9.0,1.0,5.0,0.0,5000000.0,1.0,3.0
3726,9.0,1000000.0,10.0,1.0,6.0,1.0,6000000.0,1.0,2.0
3727,8.5,1000000.0,9.0,1.0,6.0,2.0,6000000.0,1.0,3.0
3728,9.166666666666666,1000000.0,10.0,1.0,6.0,0.0,6000000.0,1.0,2.0
3729,8.0,1000000.0,10.0,1.0,8.0,2.0,8000000.0,1.0,3.0
3730,8.7,1000000.0,10.0,1.0,10.0,2.0,10000000.0,1.0,4.0
3731,8.8,1000000.0,9.0,1.0,5.0,1.0,5000000.0,1.0,2.0
3732,9.2,1000000.0,10.0,1.0,5.0,1.0,5000000.0,1.0,3.0
3733,8.857142857142858,1000000.0,10.0,1.0,7.0,2.0,7000000.0,1.0,2.0
3734,8.6,1000000.0,9.0,1.0,5.0,1.0,5000000.0,1.0,3.0
3735,8.714285714285714,1000000.0,9.0,1.0,7.0,0.0,7000000.0,1.0,2.0
3736,8.6,1000000.0,9.0,1.0,5.0,0.0,5000000.0,1.0,2.0
3737,8.5,1000000.0,9.0,1.0,4.0,2.0,4000000.0,1.0,2.0
3738,8.833333333333334,1000000.0,10.0,1.0,6.0,1.0,6000000.0,1.0,2.0
3739,8.833333333333334,1000000.0,9.0,1.0,6.0,0.0,6000000.0,1.0,2.0
3740,8.666666666666666,1000000.0,9.0,1.0,6.0,1.0,6000000.0,1.0,2.0
3741,8.6,1000000.0,9.0,1.0,5.0,0.0,5000000.0,1.0,2.0
3742,8.6,1000000.0,9.0,1.0,5.0,0.0,5000000.0,1.0,3.0
3743,8.833333333333334,1000000.0,10.0,1.0,6.0,1.0,6000000.0,1.0,3.0
3744,8.6,1000000.0,9.0,1.0,5.0,0.0,5000000.0,1.0,2.0
3745,6.113636363636363,1000000.0,10.0,1.0,44.0,0.0,44000000.0,1.0,3.0
3746,6.0076726342711,1000000.0,8.0,1.0,391.0,0.0,391000000.0,1.0,3.0
3747,6.007537688442211,1000000.0,9.0,1.0,398.0,0.0,398000000.0,1.0,2.0
3748,6.194148936170213,1000000.0,9.0,1.0,376.0,3.0,376000000.0,1.0,4.0
3749,6.045212765957447,1000000.0,9.0,1.0,376.0,0.0,376000000.0,1.0,2.0
3750,6.010869565217392,1000000.0,8.0,1.0,368.0,0.0,368000000.0,1.0,2.0
3751,6.096514745308311,1000000.0,8.0,1.0,373.0,0.0,373000000.0,1.0,2.0
3752,6.047872340425532,1000000.0,8.0,1.0,376.0,0.0,376000000.0,1.0,3.0
3753,5.9655172413793105,1000000.0,8.0,1.0,377.0,0.0,377000000.0,1.0,3.0
3754,5.963917525773196,1000000.0,8.0,1.0,388.0,0.0,388000000.0,1.0,2.0
3755,5.938666666666666,1000000.0,8.0,1.0,375.0,0.0,375000000.0,1.0,2.0
3756,5.978319783197832,1000000.0,9.0,1.0,369.0,0.0,369000000.0,1.0,2.0
3757,5.948924731182796,1000000.0,8.0,1.0,372.0,0.0,372000000.0,1.0,2.0
3758,5.937837837837838,1000000.0,8.0,1.0,370.0,0.0,370000000.0,1.0,3.0
3759,5.963254593175853,1000000.0,8.0,1.0,381.0,0.0,381000000.0,1.0,2.0
3760,5.957446808510638,1000000.0,8.0,1.0,376.0,0.0,376000000.0,1.0,2.0
3761,5.97319034852547,1000000.0,8.0,1.0,373.0,0.0,373000000.0,1.0,2.0
3762,6.007915567282322,1000000.0,8.0,1.0,379.0,0.0,379000000.0,1.0,2.0
3763,5.940217391304348,1000000.0,8.0,1.0,368.0,0.0,368000000.0,1.0,2.0
3764,5.943396226415095,1000000.0,8.0,1.0,371.0,0.0,371000000.0,1.0,2.0
3765,5.941952506596306,1000000.0,8.0,1.0,379.0,0.0,379000000.0,1.0,2.0
3766,5.964959568733153,1000000.0,8.0,1.0,371.0,0.0,371000000.0,1.0,2.0
3767,5.954177897574124,1000000.0,8.0,1.0,371.0,0.0,371000000.0,1.0,2.0
3768,5.938502673796791,1000000.0,8.0,1.0,374.0,0.0,374000000.0,1.0,2.0
3769,5.964959568733153,1000000.0,8.0,1.0,371.0,0.0,371000000.0,1.0,2.0
3770,6.135211267605634,1000000.0,9.0,1.0,355.0,14.0,355000000.0,1.0,2.0
3771,9.0625,1000000.0,10.0,1.0,16.0,4.0,16000000.0,1.0,3.0
3772,8.714285714285714,1000000.0,9.0,1.0,7.0,1.0,7000000.0,1.0,2.0
3773,8.666666666666666,1000000.0,9.0,1.0,3.0,0.0,3000000.0,1.0,2.0
3774,8.625,1000000.0,9.0,1.0,8.0,1.0,8000000.0,1.0,3.0
3775,8.625,1000000.0,9.0,1.0,8.0,2.0,8000000.0,1.0,2.0
3776,8.833333333333334,1000000.0,10.0,1.0,6.0,1.0,6000000.0,1.0,3.0
3777,8.5,1000000.0,9.0,1.0,6.0,1.0,6000000.0,1.0,3.0
3778,8.714285714285714,1000000.0,10.0,1.0,7.0,1.0,7000000.0,1.0,3.0
3779,8.666666666666666,1000000.0,9.0,1.0,6.0,1.0,6000000.0,1.0,2.0
3780,8.571428571428571,1000000.0,9.0,1.0,7.0,1.0,7000000.0,1.0,3.0
3781,8.6,1000000.0,9.0,1.0,5.0,0.0,5000000.0,1.0,2.0
3782,8.714285714285714,1000000.0,9.0,1.0,7.0,0.0,7000000.0,1.0,3.0
3783,8.5,1000000.0,9.0,1.0,6.0,1.0,6000000.0,1.0,3.0
3784,8.714285714285714,1000000.0,9.0,1.0,7.0,2.0,7000000.0,1.0,2.0
3785,8.5,1000000.0,9.0,1.0,6.0,0.0,6000000.0,1.0,3.0
3786,9.0,1000000.0,10.0,1.0,7.0,1.0,7000000.0,1.0,2.0
3787,8.6,1000000.0,9.0,1.0,5.0,0.0,5000000.0,1.0,3.0
3788,8.666666666666666,1000000.0,9.0,1.0,6.0,1.0,6000000.0,1.0,3.0
3789,8.666666666666666,1000000.0,9.0,1.0,6.0,0.0,6000000.0,1.0,3.0
3790,8.571428571428571,1000000.0,9.0,1.0,7.0,1.0,7000000.0,1.0,3.0
3791,8.6,1000000.0,9.0,1.0,5.0,0.0,5000000.0,1.0,3.0
3792,9.0,1000000.0,10.0,1.0,5.0,1.0,5000000.0,1.0,3.0
3793,8.714285714285714,1000000.0,9.0,1.0,7.0,2.0,7000000.0,1.0,2.0
3794,8.833333333333334,1000000.0,10.0,1.0,6.0,1.0,6000000.0,1.0,3.0
3795,6.161290322580645,1000000.0,9.0,1.0,31.0,1.0,31000000.0,1.0,3.0
3796,5.940054495912807,1000000.0,10.0,1.0,367.0,2.0,367000000.0,1.0,4.0
3797,6.066666666666666,1000000.0,9.0,1.0,390.0,0.0,390000000.0,1.0,3.0
3798,6.121951219512195,1000000.0,9.0,1.0,369.0,0.0,369000000.0,1.0,4.0
3799,6.01058201058201,1000000.0,8.0,1.0,378.0,0.0,378000000.0,1.0,2.0
3800,6.0161725067385445,1000000.0,8.0,1.0,371.0,0.0,371000000.0,1.0,2.0
3801,6.048648648648649,1000000.0,9.0,1.0,370.0,0.0,370000000.0,1.0,2.0
3802,6.248663101604278,1000000.0,10.0,1.0,374.0,0.0,374000000.0,1.0,3.0
3803,6.030927835051546,1000000.0,11.0,1.0,388.0,0.0,388000000.0,1.0,3.0
3804,6.040650406504065,1000000.0,9.0,1.0,369.0,0.0,369000000.0,1.0,2.0
3805,6.068119891008174,1000000.0,11.0,1.0,367.0,0.0,367000000.0,1.0,2.0
3806,6.045333333333334,1000000.0,9.0,1.0,375.0,0.0,375000000.0,1.0,2.0
3807,6.024324324324325,1000000.0,9.0,1.0,370.0,0.0,370000000.0,1.0,3.0
3808,6.023809523809524,1000000.0,9.0,1.0,378.0,0.0,378000000.0,1.0,2.0
3809,6.021739130434782,1000000.0,8.0,1.0,368.0,0.0,368000000.0,1.0,2.0
3810,6.067204301075269,1000000.0,9.0,1.0,372.0,0.0,372000000.0,1.0,2.0
3811,6.035135135135135,1000000.0,9.0,1.0,370.0,0.0,370000000.0,1.0,2.0
3812,6.038147138964578,1000000.0,8.0,1.0,367.0,0.0,367000000.0,1.0,2.0
3813,6.059945504087193,1000000.0,9.0,1.0,367.0,0.0,367000000.0,1.0,2.0
3814,5.991780821917808,1000000.0,10.0,1.0,365.0,0.0,365000000.0,1.0,2.0
3815,6.053619302949062,1000000.0,9.0,1.0,373.0,0.0,373000000.0,1.0,2.0
3816,6.002688172043011,1000000.0,8.0,1.0,372.0,0.0,372000000.0,1.0,2.0
3817,6.0,1000000.0,8.0,1.0,370.0,0.0,370000000.0,1.0,2.0
3818,6.010869565217392,1000000.0,8.0,1.0,368.0,0.0,368000000.0,1.0,2.0
3819,6.002695417789758,1000000.0,8.0,1.0,371.0,0.0,371000000.0,1.0,2.0
3820,5.837016574585635,1000000.0,8.0,1.0,362.0,13.0,362000000.0,1.0,2.0
3821,4.95,1000000.0,6.0,1.0,20.0,4.0,20000000.0,1.0,3.0
3822,4.714285714285714,1000000.0,5.0,1.0,7.0,0.0,7000000.0,1.0,3.0
3823,4.5,1000000.0,5.0,1.0,6.0,2.0,6000000.0,1.0,3.0
3824,4.666666666666667,1000000.0,5.0,1.0,3.0,1.0,3000000.0,1.0,2.0
3825,5.0,1000000.0,6.0,1.0,7.0,1.0,7000000.0,1.0,2.0
3826,4.857142857142857,1000000.0,6.0,1.0,7.0,3.0,7000000.0,1.0,2.0
3827,4.666666666666667,1000000.0,5.0,1.0,3.0,0.0,3000000.0,1.0,2.0
3828,4.666666666666667,1000000.0,5.0,1.0,6.0,1.0,6000000.0,1.0,2.0
3829,4.75,1000000.0,6.0,1.0,8.0,1.0,8000000.0,1.0,3.0
3830,4.833333333333333,1000000.0,6.0,1.0,6.0,1.0,6000000.0,1.0,3.0
3831,4.666666666666667,1000000.0,5.0,1.0,6.0,0.0,6000000.0,1.0,3.0
3832,4.714285714285714,1000000.0,5.0,1.0,7.0,1.0,7000000.0,1.0,2.0
3833,4.8,1000000.0,6.0,1.0,5.0,2.0,5000000.0,1.0,3.0
3834,4.714285714285714,1000000.0,6.0,1.0,7.0,1.0,7000000.0,1.0,3.0
3835,4.4,1000000.0,5.0,1.0,5.0,1.0,5000000.0,1.0,3.0
3836,4.8,1000000.0,5.0,1.0,5.0,0.0,5000000.0,1.0,2.0
3837,4.75,1000000.0,5.0,1.0,4.0,0.0,4000000.0,1.0,2.0
3838,4.571428571428571,1000000.0,5.0,1.0,7.0,0.0,7000000.0,1.0,3.0
3839,4.666666666666667,1000000.0,5.0,1.0,3.0,0.0,3000000.0,1.0,2.0
3840,4.333333333333333,1000000.0,5.0,1.0,6.0,2.0,6000000.0,1.0,3.0
3841,4.666666666666667,1000000.0,5.0,1.0,6.0,0.0,6000000.0,1.0,3.0
3842,4.857142857142857,1000000.0,6.0,1.0,7.0,1.0,7000000.0,1.0,3.0
3843,4.75,1000000.0,6.0,1.0,8.0,1.0,8000000.0,1.0,3.0
3844,4.714285714285714,1000000.0,5.0,1.0,7.0,2.0,7000000.0,1.0,2.0
3845,3.8947368421052633,1000000.0,8.0,1.0,19.0,1.0,19000000.0,1.0,3.0
3846,5.974554707379135,1000000.0,8.0,1.0,393.0,4.0,393000000.0,1.0,4.0
3847,5.942105263157894,1000000.0,8.0,1.0,380.0,1.0,380000000.0,1.0,3.0
3848,5.945026178010472,1000000.0,8.0,1.0,382.0,1.0,382000000.0,1.0,4.0
3849,5.944591029023747,1000000.0,8.0,1.0,379.0,0.0,379000000.0,1.0,2.0
3850,5.940379403794038,1000000.0,8.0,1.0,369.0,0.0,369000000.0,1.0,2.0
3851,5.968085106382978,1000000.0,8.0,1.0,376.0,0.0,376000000.0,1.0,2.0
3852,5.95945945945946,1000000.0,8.0,1.0,370.0,0.0,370000000.0,1.0,2.0
3853,6.062992125984252,1000000.0,8.0,1.0,381.0,0.0,381000000.0,1.0,3.0
3854,5.937837837837838,1000000.0,8.0,1.0,370.0,0.0,370000000.0,1.0,2.0
3855,5.957104557640751,1000000.0,8.0,1.0,373.0,0.0,373000000.0,1.0,2.0
3856,5.962466487935657,1000000.0,8.0,1.0,373.0,0.0,373000000.0,1.0,2.0
3857,5.941333333333334,1000000.0,8.0,1.0,375.0,0.0,375000000.0,1.0,2.0
3858,5.955613577023499,1000000.0,8.0,1.0,383.0,0.0,383000000.0,1.0,3.0
3859,5.930666666666666,1000000.0,8.0,1.0,375.0,0.0,375000000.0,1.0,2.0
3860,5.976127320954907,1000000.0,8.0,1.0,377.0,0.0,377000000.0,1.0,2.0
3861,5.941798941798941,1000000.0,8.0,1.0,378.0,0.0,378000000.0,1.0,2.0
3862,5.94579945799458,1000000.0,9.0,1.0,369.0,0.0,369000000.0,1.0,2.0
3863,5.973333333333334,1000000.0,8.0,1.0,375.0,0.0,375000000.0,1.0,2.0
3864,5.957446808510638,1000000.0,8.0,1.0,376.0,0.0,376000000.0,1.0,2.0
3865,5.981481481481482,1000000.0,11.0,1.0,378.0,0.0,378000000.0,1.0,2.0
3866,6.0625,1000000.0,9.0,1.0,368.0,0.0,368000000.0,1.0,2.0
3867,6.038147138964578,1000000.0,10.0,1.0,367.0,0.0,367000000.0,1.0,2.0
3868,6.032967032967033,1000000.0,8.0,1.0,364.0,0.0,364000000.0,1.0,2.0
3869,6.046195652173913,1000000.0,9.0,1.0,368.0,0.0,368000000.0,1.0,2.0
3870,6.1353591160221,1000000.0,9.0,1.0,362.0,6.0,362000000.0,1.0,2.0
3871,9.0,1000000.0,10.0,1.0,28.0,12.0,28000000.0,1.0,3.0
3872,8.75,1000000.0,10.0,1.0,8.0,1.0,8000000.0,1.0,3.0
3873,8.571428571428571,1000000.0,9.0,1.0,7.0,3.0,7000000.0,1.0,2.0
3874,8.571428571428571,1000000.0,9.0,1.0,7.0,1.0,7000000.0,1.0,3.0
3875,8.6,1000000.0,9.0,1.0,5.0,1.0,5000000.0,1.0,2.0
3876,8.75,1000000.0,9.0,1.0,4.0,0.0,4000000.0,1.0,2.0
3877,8.6,1000000.0,9.0,1.0,5.0,1.0,5000000.0,1.0,3.0
3878,8.857142857142858,1000000.0,10.0,1.0,7.0,1.0,7000000.0,1.0,2.0
3879,8.625,1000000.0,9.0,1.0,8.0,3.0,8000000.0,1.0,2.0
3880,8.666666666666666,1000000.0,9.0,1.0,6.0,1.0,6000000.0,1.0,2.0
3881,8.571428571428571,1000000.0,9.0,1.0,7.0,0.0,7000000.0,1.0,3.0
3882,8.8,1000000.0,9.0,1.0,5.0,0.0,5000000.0,1.0,2.0
3883,9.0,1000000.0,10.0,1.0,5.0,2.0,5000000.0,1.0,2.0
3884,8.857142857142858,1000000.0,10.0,1.0,7.0,1.0,7000000.0,1.0,3.0
3885,8.833333333333334,1000000.0,9.0,1.0,6.0,0.0,6000000.0,1.0,2.0
3886,8.833333333333334,1000000.0,10.0,1.0,6.0,1.0,6000000.0,1.0,3.0
3887,8.5,1000000.0,9.0,1.0,4.0,0.0,4000000.0,1.0,3.0
3888,8.75,1000000.0,9.0,1.0,4.0,0.0,4000000.0,1.0,2.0
3889,8.5,1000000.0,9.0,1.0,6.0,2.0,6000000.0,1.0,2.0
3890,8.833333333333334,1000000.0,10.0,1.0,6.0,1.0,6000000.0,1.0,3.0
3891,8.6,1000000.0,9.0,1.0,5.0,1.0,5000000.0,1.0,2.0
3892,8.428571428571429,1000000.0,9.0,1.0,7.0,1.0,7000000.0,1.0,3.0
3893,8.5,1000000.0,9.0,1.0,6.0,1.0,6000000.0,1.0,3.0
3894,8.75,1000000.0,9.0,1.0,4.0,0.0,4000000.0,1.0,2.0
3895,8.666666666666666,1000000.0,10.0,1.0,6.0,0.0,6000000.0,1.0,3.0
3896,6.1114369501466275,1000000.0,9.0,1.0,341.0,0.0,341000000.0,1.0,3.0
3897,6.0099750623441395,1000000.0,9.0,1.0,401.0,0.0,401000000.0,1.0,4.0
3898,6.230547550432276,1000000.0,9.0,1.0,347.0,0.0,347000000.0,1.0,4.0
3899,6.043814432989691,1000000.0,9.0,1.0,388.0,0.0,388000000.0,1.0,2.0
3900,6.021621621621621,1000000.0,8.0,1.0,370.0,0.0,370000000.0,1.0,2.0
3901,6.026954177897574,1000000.0,8.0,1.0,371.0,0.0,371000000.0,1.0,2.0
3902,6.032258064516129,1000000.0,8.0,1.0,372.0,0.0,372000000.0,1.0,2.0
3903,6.118131868131868,1000000.0,10.0,1.0,364.0,0.0,364000000.0,1.0,3.0
3904,5.92741935483871,1000000.0,10.0,1.0,372.0,0.0,372000000.0,1.0,2.0
3905,6.051490514905149,1000000.0,9.0,1.0,369.0,0.0,369000000.0,1.0,2.0
3906,6.031830238726791,1000000.0,9.0,1.0,377.0,0.0,377000000.0,1.0,2.0
3907,6.011049723756906,1000000.0,8.0,1.0,362.0,0.0,362000000.0,1.0,2.0
3908,6.080555555555556,1000000.0,9.0,1.0,360.0,0.0,360000000.0,1.0,3.0
3909,5.994845360824742,1000000.0,8.0,1.0,388.0,0.0,388000000.0,1.0,2.0
3910,5.994638069705094,1000000.0,8.0,1.0,373.0,0.0,373000000.0,1.0,2.0
3911,5.9361702127659575,1000000.0,8.0,1.0,376.0,0.0,376000000.0,1.0,2.0
3912,5.951351351351351,1000000.0,8.0,1.0,370.0,0.0,370000000.0,1.0,2.0
3913,5.967567567567568,1000000.0,8.0,1.0,370.0,0.0,370000000.0,1.0,2.0
3914,5.901856763925729,1000000.0,8.0,1.0,377.0,0.0,377000000.0,1.0,2.0
3915,5.946524064171123,1000000.0,8.0,1.0,374.0,0.0,374000000.0,1.0,2.0
3916,5.935483870967742,1000000.0,8.0,1.0,372.0,0.0,372000000.0,1.0,2.0
3917,5.957333333333334,1000000.0,8.0,1.0,375.0,0.0,375000000.0,1.0,2.0
3918,5.983914209115282,1000000.0,8.0,1.0,373.0,0.0,373000000.0,1.0,2.0
3919,5.951219512195122,1000000.0,8.0,1.0,369.0,0.0,369000000.0,1.0,2.0
3920,5.959677419354839,1000000.0,8.0,1.0,372.0,0.0,372000000.0,1.0,2.0
3921,5.066666666666666,1000000.0,8.0,1.0,45.0,17.0,45000000.0,1.0,2.0
3922,5.166666666666667,1000000.0,6.0,1.0,6.0,0.0,6000000.0,1.0,2.0
3923,4.4,1000000.0,5.0,1.0,5.0,2.0,5000000.0,1.0,3.0
3924,4.5,1000000.0,5.0,1.0,4.0,0.0,4000000.0,1.0,3.0
3925,4.6,1000000.0,5.0,1.0,5.0,0.0,5000000.0,1.0,3.0
3926,4.777777777777778,1000000.0,6.0,1.0,9.0,3.0,9000000.0,1.0,3.0
3927,4.5,1000000.0,5.0,1.0,4.0,1.0,4000000.0,1.0,2.0
3928,4.571428571428571,1000000.0,5.0,1.0,7.0,2.0,7000000.0,1.0,2.0
3929,4.888888888888889,1000000.0,6.0,1.0,9.0,1.0,9000000.0,1.0,3.0
3930,4.4,1000000.0,5.0,1.0,5.0,1.0,5000000.0,1.0,3.0
3931,5.0,1000000.0,6.0,1.0,5.0,0.0,5000000.0,1.0,3.0
3932,5.2,1000000.0,7.0,1.0,10.0,2.0,10000000.0,1.0,3.0
3933,4.6,1000000.0,5.0,1.0,5.0,0.0,5000000.0,1.0,3.0
3934,4.75,1000000.0,5.0,1.0,4.0,0.0,4000000.0,1.0,2.0
3935,4.571428571428571,1000000.0,5.0,1.0,7.0,0.0,7000000.0,1.0,3.0
3936,5.0,1000000.0,6.0,1.0,5.0,1.0,5000000.0,1.0,2.0
3937,4.666666666666667,1000000.0,5.0,1.0,6.0,1.0,6000000.0,1.0,2.0
3938,4.571428571428571,1000000.0,5.0,1.0,7.0,2.0,7000000.0,1.0,2.0
3939,4.5,1000000.0,5.0,1.0,8.0,1.0,8000000.0,1.0,3.0
3940,4.666666666666667,1000000.0,5.0,1.0,3.0,0.0,3000000.0,1.0,2.0
3941,4.6,1000000.0,5.0,1.0,5.0,0.0,5000000.0,1.0,3.0
3942,4.6,1000000.0,5.0,1.0,5.0,1.0,5000000.0,1.0,2.0
3943,4.857142857142857,1000000.0,6.0,1.0,7.0,2.0,7000000.0,1.0,3.0
3944,4.5,1000000.0,5.0,1.0,6.0,1.0,6000000.0,1.0,3.0
3945,4.666666666666667,1000000.0,5.0,1.0,6.0,0.0,6000000.0,1.0,3.0
3946,5.864022662889519,1000000.0,8.0,1.0,353.0,0.0,353000000.0,1.0,3.0
3947,5.932467532467532,1000000.0,8.0,1.0,385.0,4.0,385000000.0,1.0,4.0
3948,6.0,1000000.0,8.0,1.0,395.0,3.0,395000000.0,1.0,4.0
3949,5.944591029023747,1000000.0,8.0,1.0,379.0,0.0,379000000.0,1.0,2.0
3950,5.952,1000000.0,8.0,1.0,375.0,0.0,375000000.0,1.0,2.0
3951,5.9338624338624335,1000000.0,8.0,1.0,378.0,0.0,378000000.0,1.0,2.0
3952,5.957671957671957,1000000.0,8.0,1.0,378.0,0.0,378000000.0,1.0,2.0
3953,5.952755905511811,1000000.0,8.0,1.0,381.0,0.0,381000000.0,1.0,4.0
3954,5.955026455026455,1000000.0,9.0,1.0,378.0,0.0,378000000.0,1.0,2.0
3955,5.987080103359173,1000000.0,9.0,1.0,387.0,0.0,387000000.0,1.0,2.0
3956,5.989501312335958,1000000.0,9.0,1.0,381.0,0.0,381000000.0,1.0,2.0
3957,5.984,1000000.0,8.0,1.0,375.0,0.0,375000000.0,1.0,2.0
3958,6.002570694087404,1000000.0,9.0,1.0,389.0,0.0,389000000.0,1.0,3.0
3959,6.029810298102981,1000000.0,9.0,1.0,369.0,0.0,369000000.0,1.0,2.0
3960,5.986301369863014,1000000.0,9.0,1.0,365.0,0.0,365000000.0,1.0,2.0
3961,6.05449591280654,1000000.0,9.0,1.0,367.0,0.0,367000000.0,1.0,2.0
3962,6.057377049180328,1000000.0,9.0,1.0,366.0,0.0,366000000.0,1.0,2.0
3963,6.038356164383561,1000000.0,8.0,1.0,365.0,0.0,365000000.0,1.0,2.0
3964,6.062330623306233,1000000.0,9.0,1.0,369.0,0.0,369000000.0,1.0,2.0
3965,6.045454545454546,1000000.0,9.0,1.0,374.0,0.0,374000000.0,1.0,2.0
3966,6.048128342245989,1000000.0,10.0,1.0,374.0,0.0,374000000.0,1.0,3.0
3967,6.057065217391305,1000000.0,9.0,1.0,368.0,0.0,368000000.0,1.0,2.0
3968,6.0296495956873315,1000000.0,9.0,1.0,371.0,0.0,371000000.0,1.0,2.0
3969,6.008086253369272,1000000.0,9.0,1.0,371.0,0.0,371000000.0,1.0,2.0
3970,6.016393442622951,1000000.0,9.0,1.0,366.0,0.0,366000000.0,1.0,2.0
3971,7.825396825396825,1000000.0,10.0,1.0,63.0,20.0,63000000.0,1.0,3.0
3972,8.777777777777779,1000000.0,9.0,1.0,9.0,0.0,9000000.0,1.0,4.0
3973,8.5,1000000.0,9.0,1.0,6.0,1.0,6000000.0,1.0,3.0
3974,9.0,1000000.0,10.0,1.0,7.0,1.0,7000000.0,1.0,3.0
3975,8.5,1000000.0,9.0,1.0,6.0,1.0,6000000.0,1.0,3.0
3976,8.571428571428571,1000000.0,9.0,1.0,7.0,2.0,7000000.0,1.0,3.0
3977,8.5,1000000.0,9.0,1.0,6.0,1.0,6000000.0,1.0,3.0
3978,8.8,1000000.0,9.0,1.0,5.0,0.0,5000000.0,1.0,2.0
3979,9.5,1000000.0,10.0,1.0,4.0,0.0,4000000.0,1.0,1.0
3980,8.6,1000000.0,9.0,1.0,5.0,1.0,5000000.0,1.0,3.0
3981,8.5,1000000.0,9.0,1.0,8.0,3.0,8000000.0,1.0,2.0
3982,8.75,1000000.0,9.0,1.0,4.0,0.0,4000000.0,1.0,2.0
3983,8.666666666666666,1000000.0,9.0,1.0,6.0,0.0,6000000.0,1.0,2.0
3984,8.6,1000000.0,9.0,1.0,5.0,1.0,5000000.0,1.0,3.0
3985,8.75,1000000.0,9.0,1.0,4.0,0.0,4000000.0,1.0,2.0
3986,8.833333333333334,1000000.0,10.0,1.0,6.0,1.0,6000000.0,1.0,2.0
3987,9.0,1000000.0,10.0,1.0,7.0,0.0,7000000.0,1.0,3.0
3988,8.75,1000000.0,9.0,1.0,4.0,0.0,4000000.0,1.0,2.0
3989,8.571428571428571,1000000.0,9.0,1.0,7.0,1.0,7000000.0,1.0,3.0
3990,8.571428571428571,1000000.0,9.0,1.0,7.0,1.0,7000000.0,1.0,3.0
3991,8.777777777777779,1000000.0,10.0,1.0,9.0,1.0,9000000.0,1.0,3.0
3992,8.6,1000000.0,9.0,1.0,5.0,0.0,5000000.0,1.0,3.0
3993,8.857142857142858,1000000.0,10.0,1.0,7.0,2.0,7000000.0,1.0,2.0
3994,8.5,1000000.0,9.0,1.0,4.0,0.0,4000000.0,1.0,3.0
3995,8.666666666666666,1000000.0,9.0,1.0,3.0,0.0,3000000.0,1.0,2.0
3996,5.957983193277311,1000000.0,9.0,1.0,357.0,0.0,357000000.0,1.0,4.0
3997,6.082901554404145,1000000.0,11.0,1.0,386.0,0.0,386000000.0,1.0,2.0
3998,6.3768115942028984,1000000.0,9.0,1.0,345.0,3.0,345000000.0,1.0,4.0
3999,6.092436974789916,1000000.0,9.0,1.0,357.0,0.0,357000000.0,1.0,4.0
4000,6.046070460704607,1000000.0,9.0,1.0,369.0,0.0,369000000.0,1.0,2.0
4001,6.005449591280654,1000000.0,8.0,1.0,367.0,0.0,367000000.0,1.0,2.0
4002,6.050666666666666,1000000.0,8.0,1.0,375.0,0.0,375000000.0,1.0,2.0
4003,6.035812672176308,1000000.0,8.0,1.0,363.0,0.0,363000000.0,1.0,3.0
4004,6.010443864229765,1000000.0,8.0,1.0,383.0,0.0,383000000.0,1.0,2.0
4005,6.11340206185567,1000000.0,9.0,1.0,388.0,0.0,388000000.0,1.0,2.0
4006,5.978609625668449,1000000.0,8.0,1.0,374.0,0.0,374000000.0,1.0,2.0
4007,5.997275204359673,1000000.0,8.0,1.0,367.0,0.0,367000000.0,1.0,2.0
4008,6.045212765957447,1000000.0,8.0,1.0,376.0,0.0,376000000.0,1.0,3.0
4009,6.005509641873278,1000000.0,8.0,1.0,363.0,0.0,363000000.0,1.0,2.0
4010,6.010781671159029,1000000.0,8.0,1.0,371.0,0.0,371000000.0,1.0,2.0
4011,6.016260162601626,1000000.0,8.0,1.0,369.0,0.0,369000000.0,1.0,2.0
4012,6.048648648648649,1000000.0,8.0,1.0,370.0,0.0,370000000.0,1.0,2.0
4013,5.965425531914893,1000000.0,8.0,1.0,376.0,0.0,376000000.0,1.0,2.0
4014,5.931880108991826,1000000.0,8.0,1.0,367.0,0.0,367000000.0,1.0,2.0
4015,5.957219251336898,1000000.0,8.0,1.0,374.0,0.0,374000000.0,1.0,2.0
4016,5.962264150943396,1000000.0,8.0,1.0,371.0,0.0,371000000.0,1.0,2.0
4017,5.949197860962567,1000000.0,8.0,1.0,374.0,0.0,374000000.0,1.0,3.0
4018,5.941798941798941,1000000.0,8.0,1.0,378.0,0.0,378000000.0,1.0,2.0
4019,5.959677419354839,1000000.0,8.0,1.0,372.0,0.0,372000000.0,1.0,2.0
4020,5.978494623655914,1000000.0,8.0,1.0,372.0,0.0,372000000.0,1.0,2.0
4021,7.5,1000000.0,11.0,1.0,64.0,16.0,64000000.0,1.0,3.0
4022,8.8,1000000.0,10.0,1.0,10.0,2.0,10000000.0,1.0,3.0
4023,8.75,1000000.0,9.0,1.0,4.0,1.0,4000000.0,1.0,2.0
4024,8.666666666666666,1000000.0,9.0,1.0,6.0,1.0,6000000.0,1.0,2.0
4025,8.5,1000000.0,9.0,1.0,6.0,0.0,6000000.0,1.0,3.0
4026,8.8,1000000.0,9.0,1.0,5.0,0.0,5000000.0,1.0,3.0
4027,8.4,1000000.0,9.0,1.0,5.0,0.0,5000000.0,1.0,2.0
4028,8.8,1000000.0,9.0,1.0,5.0,0.0,5000000.0,1.0,2.0
4029,8.857142857142858,1000000.0,10.0,1.0,7.0,1.0,7000000.0,1.0,3.0
4030,8.555555555555555,1000000.0,11.0,1.0,9.0,2.0,9000000.0,1.0,3.0
4031,8.857142857142858,1000000.0,10.0,1.0,7.0,0.0,7000000.0,1.0,3.0
4032,9.0,1000000.0,11.0,1.0,6.0,2.0,6000000.0,1.0,3.0
4033,8.6,1000000.0,9.0,1.0,5.0,1.0,5000000.0,1.0,2.0
4034,8.4,1000000.0,9.0,1.0,5.0,0.0,5000000.0,1.0,3.0
4035,8.666666666666666,1000000.0,9.0,1.0,9.0,2.0,9000000.0,1.0,2.0
4036,9.0,1000000.0,9.0,1.0,4.0,0.0,4000000.0,1.0,1.0
4037,8.666666666666666,1000000.0,9.0,1.0,6.0,2.0,6000000.0,1.0,2.0
4038,8.6,1000000.0,9.0,1.0,5.0,1.0,5000000.0,1.0,2.0
4039,8.6,1000000.0,9.0,1.0,5.0,1.0,5000000.0,1.0,2.0
4040,8.5,1000000.0,9.0,1.0,6.0,3.0,6000000.0,1.0,2.0
4041,8.833333333333334,1000000.0,10.0,1.0,6.0,0.0,6000000.0,1.0,3.0
4042,8.666666666666666,1000000.0,9.0,1.0,6.0,0.0,6000000.0,1.0,3.0
4043,8.8,1000000.0,9.0,1.0,5.0,0.0,5000000.0,1.0,2.0
4044,8.6,1000000.0,9.0,1.0,5.0,1.0,5000000.0,1.0,3.0
4045,8.8,1000000.0,9.0,1.0,5.0,0.0,5000000.0,1.0,2.0
4046,6.040114613180516,1000000.0,9.0,1.0,349.0,0.0,349000000.0,1.0,3.0
4047,6.007894736842105,1000000.0,10.0,1.0,380.0,0.0,380000000.0,1.0,4.0
4048,6.038674033149171,1000000.0,9.0,1.0,362.0,0.0,362000000.0,1.0,3.0
4049,6.314199395770393,1000000.0,9.0,1.0,331.0,0.0,331000000.0,1.0,2.0
4050,6.021621621621621,1000000.0,8.0,1.0,370.0,0.0,370000000.0,1.0,2.0
4051,6.0296495956873315,1000000.0,9.0,1.0,371.0,0.0,371000000.0,1.0,2.0
4052,6.026954177897574,1000000.0,8.0,1.0,371.0,0.0,371000000.0,1.0,2.0
4053,6.046195652173913,1000000.0,9.0,1.0,368.0,0.0,368000000.0,1.0,3.0
4054,6.03542234332425,1000000.0,9.0,1.0,367.0,0.0,367000000.0,1.0,2.0
4055,6.188524590163935,1000000.0,11.0,1.0,366.0,0.0,366000000.0,1.0,2.0
4056,6.0,1000000.0,8.0,1.0,396.0,0.0,396000000.0,1.0,2.0
4057,6.038781163434903,1000000.0,8.0,1.0,361.0,0.0,361000000.0,1.0,2.0
4058,6.053475935828877,1000000.0,11.0,1.0,374.0,0.0,374000000.0,1.0,3.0
4059,6.024456521739131,1000000.0,9.0,1.0,368.0,0.0,368000000.0,1.0,2.0
4060,6.021798365122616,1000000.0,9.0,1.0,367.0,0.0,367000000.0,1.0,2.0
4061,6.032786885245901,1000000.0,8.0,1.0,366.0,0.0,366000000.0,1.0,2.0
4062,6.046195652173913,1000000.0,9.0,1.0,368.0,0.0,368000000.0,1.0,2.0
4063,6.043360433604336,1000000.0,9.0,1.0,369.0,0.0,369000000.0,1.0,2.0
4064,6.029972752043597,1000000.0,9.0,1.0,367.0,0.0,367000000.0,1.0,2.0
4065,6.048517520215634,1000000.0,8.0,1.0,371.0,0.0,371000000.0,1.0,2.0
4066,6.018970189701897,1000000.0,9.0,1.0,369.0,0.0,369000000.0,1.0,2.0
4067,6.053619302949062,1000000.0,8.0,1.0,373.0,0.0,373000000.0,1.0,2.0
4068,6.02680965147453,1000000.0,8.0,1.0,373.0,0.0,373000000.0,1.0,2.0
4069,6.016085790884718,1000000.0,8.0,1.0,373.0,0.0,373000000.0,1.0,2.0
4070,5.92741935483871,1000000.0,8.0,1.0,372.0,0.0,372000000.0,1.0,2.0
4071,5.2727272727272725,1000000.0,8.0,1.0,77.0,19.0,77000000.0,1.0,2.0
4072,4.625,1000000.0,5.0,1.0,8.0,1.0,8000000.0,1.0,3.0
4073,4.75,1000000.0,5.0,1.0,8.0,2.0,8000000.0,1.0,2.0
4074,4.833333333333333,1000000.0,6.0,1.0,6.0,2.0,6000000.0,1.0,2.0
4075,4.5,1000000.0,5.0,1.0,4.0,1.0,4000000.0,1.0,2.0
4076,4.333333333333333,1000000.0,5.0,1.0,6.0,2.0,6000000.0,1.0,3.0
4077,4.571428571428571,1000000.0,5.0,1.0,7.0,0.0,7000000.0,1.0,3.0
4078,4.8,1000000.0,5.0,1.0,5.0,0.0,5000000.0,1.0,2.0
4079,4.5,1000000.0,5.0,1.0,4.0,2.0,4000000.0,1.0,2.0
4080,4.8,1000000.0,6.0,1.0,5.0,1.0,5000000.0,1.0,2.0
4081,5.5,1000000.0,6.0,1.0,4.0,0.0,4000000.0,1.0,2.0
4082,4.777777777777778,1000000.0,6.0,1.0,9.0,2.0,9000000.0,1.0,3.0
4083,4.714285714285714,1000000.0,6.0,1.0,7.0,0.0,7000000.0,1.0,3.0
4084,4.833333333333333,1000000.0,6.0,1.0,6.0,2.0,6000000.0,1.0,3.0
4085,4.6,1000000.0,5.0,1.0,5.0,1.0,5000000.0,1.0,3.0
4086,4.833333333333333,1000000.0,6.0,1.0,6.0,0.0,6000000.0,1.0,3.0
4087,4.714285714285714,1000000.0,5.0,1.0,7.0,2.0,7000000.0,1.0,2.0
4088,4.666666666666667,1000000.0,6.0,1.0,6.0,1.0,6000000.0,1.0,3.0
4089,4.571428571428571,1000000.0,5.0,1.0,7.0,2.0,7000000.0,1.0,3.0
4090,5.0,1000000.0,6.0,1.0,9.0,1.0,9000000.0,1.0,3.0
4091,5.0,1000000.0,6.0,1.0,5.0,1.0,5000000.0,1.0,2.0
4092,4.5,1000000.0,5.0,1.0,4.0,0.0,4000000.0,1.0,3.0
4093,4.857142857142857,1000000.0,6.0,1.0,7.0,1.0,7000000.0,1.0,3.0
4094,4.666666666666667,1000000.0,5.0,1.0,6.0,0.0,6000000.0,1.0,3.0
4095,4.428571428571429,1000000.0,5.0,1.0,7.0,0.0,7000000.0,1.0,3.0
4096,5.90273556231003,1000000.0,8.0,1.0,329.0,0.0,329000000.0,1.0,2.0
4097,5.939632545931759,1000000.0,8.0,1.0,381.0,0.0,381000000.0,1.0,4.0
4098,5.938992042440319,1000000.0,8.0,1.0,377.0,0.0,377000000.0,1.0,3.0
4099,5.971204188481676,1000000.0,8.0,1.0,382.0,0.0,382000000.0,1.0,2.0
4100,5.9361702127659575,1000000.0,8.0,1.0,376.0,0.0,376000000.0,1.0,2.0
4101,5.983957219251337,1000000.0,8.0,1.0,374.0,0.0,374000000.0,1.0,2.0
4102,5.928381962864721,1000000.0,8.0,1.0,377.0,0.0,377000000.0,1.0,2.0
4103,5.9809264305177114,1000000.0,8.0,1.0,367.0,0.0,367000000.0,1.0,3.0
4104,5.958115183246074,1000000.0,8.0,1.0,382.0,0.0,382000000.0,1.0,2.0
4105,6.020671834625323,1000000.0,8.0,1.0,387.0,0.0,387000000.0,1.0,2.0
4106,5.9692737430167595,1000000.0,9.0,1.0,358.0,0.0,358000000.0,1.0,2.0
4107,5.956403269754769,1000000.0,8.0,1.0,367.0,0.0,367000000.0,1.0,2.0
4108,5.951219512195122,1000000.0,8.0,1.0,369.0,0.0,369000000.0,1.0,3.0
4109,5.96986301369863,1000000.0,8.0,1.0,365.0,0.0,365000000.0,1.0,2.0
4110,5.97027027027027,1000000.0,8.0,1.0,370.0,0.0,370000000.0,1.0,2.0
4111,5.952,1000000.0,8.0,1.0,375.0,0.0,375000000.0,1.0,2.0
4112,5.936,1000000.0,8.0,1.0,375.0,0.0,375000000.0,1.0,2.0
4113,5.978609625668449,1000000.0,8.0,1.0,374.0,0.0,374000000.0,1.0,2.0
4114,5.965333333333334,1000000.0,9.0,1.0,375.0,0.0,375000000.0,1.0,2.0
4115,6.077540106951871,1000000.0,9.0,1.0,374.0,0.0,374000000.0,1.0,2.0
4116,6.036111111111111,1000000.0,9.0,1.0,360.0,0.0,360000000.0,1.0,2.0
4117,6.038888888888889,1000000.0,11.0,1.0,360.0,0.0,360000000.0,1.0,2.0
4118,6.083109919571045,1000000.0,9.0,1.0,373.0,0.0,373000000.0,1.0,2.0
4119,6.05614973262032,1000000.0,9.0,1.0,374.0,0.0,374000000.0,1.0,2.0
4120,6.043835616438356,1000000.0,9.0,1.0,365.0,0.0,365000000.0,1.0,2.0
4121,7.318181818181818,1000000.0,11.0,1.0,88.0,18.0,88000000.0,1.0,2.0
4122,8.88888888888889,1000000.0,10.0,1.0,9.0,0.0,9000000.0,1.0,3.0
4123,9.0,1000000.0,10.0,1.0,5.0,1.0,5000000.0,1.0,3.0
4124,8.5,1000000.0,9.0,1.0,6.0,0.0,6000000.0,1.0,3.0
4125,8.625,1000000.0,9.0,1.0,8.0,2.0,8000000.0,1.0,2.0
4126,8.666666666666666,1000000.0,10.0,1.0,6.0,2.0,6000000.0,1.0,3.0
4127,8.75,1000000.0,9.0,1.0,4.0,0.0,4000000.0,1.0,2.0
4128,8.714285714285714,1000000.0,9.0,1.0,7.0,1.0,7000000.0,1.0,2.0
4129,8.666666666666666,1000000.0,9.0,1.0,6.0,1.0,6000000.0,1.0,2.0
4130,8.4,1000000.0,9.0,1.0,5.0,0.0,5000000.0,1.0,2.0
4131,8.833333333333334,1000000.0,10.0,1.0,6.0,0.0,6000000.0,1.0,3.0
4132,8.666666666666666,1000000.0,10.0,1.0,6.0,2.0,6000000.0,1.0,3.0
4133,8.666666666666666,1000000.0,9.0,1.0,6.0,1.0,6000000.0,1.0,2.0
4134,8.5,1000000.0,9.0,1.0,4.0,0.0,4000000.0,1.0,3.0
4135,8.75,1000000.0,9.0,1.0,4.0,1.0,4000000.0,1.0,2.0
4136,8.6,1000000.0,9.0,1.0,5.0,0.0,5000000.0,1.0,2.0
4137,8.6,1000000.0,9.0,1.0,5.0,2.0,5000000.0,1.0,2.0
4138,8.666666666666666,1000000.0,9.0,1.0,6.0,0.0,6000000.0,1.0,3.0
4139,8.714285714285714,1000000.0,10.0,1.0,7.0,2.0,7000000.0,1.0,3.0
4140,8.5,1000000.0,9.0,1.0,4.0,2.0,4000000.0,1.0,2.0
4141,8.625,1000000.0,9.0,1.0,8.0,2.0,8000000.0,1.0,2.0
4142,8.714285714285714,1000000.0,9.0,1.0,7.0,1.0,7000000.0,1.0,2.0
4143,8.75,1000000.0,9.0,1.0,4.0,1.0,4000000.0,1.0,2.0
4144,8.857142857142858,1000000.0,9.0,1.0,7.0,0.0,7000000.0,1.0,2.0
4145,8.5,1000000.0,9.0,1.0,6.0,0.0,6000000.0,1.0,3.0
4146,5.942675159235669,1000000.0,9.0,1.0,314.0,0.0,314000000.0,1.0,2.0
4147,6.023809523809524,1000000.0,8.0,1.0,336.0,0.0,336000000.0,1.0,2.0
4148,6.017587939698492,1000000.0,10.0,1.0,398.0,2.0,398000000.0,1.0,5.0
4149,6.028645833333333,1000000.0,9.0,1.0,384.0,0.0,384000000.0,1.0,3.0
4150,6.029810298102981,1000000.0,9.0,1.0,369.0,0.0,369000000.0,1.0,2.0
4151,6.045698924731183,1000000.0,9.0,1.0,372.0,0.0,372000000.0,1.0,2.0
4152,6.059782608695652,1000000.0,9.0,1.0,368.0,0.0,368000000.0,1.0,2.0
4153,6.070652173913044,1000000.0,9.0,1.0,368.0,0.0,368000000.0,1.0,3.0
4154,6.076517150395778,1000000.0,9.0,1.0,379.0,0.0,379000000.0,1.0,2.0
4155,6.045698924731183,1000000.0,9.0,1.0,372.0,0.0,372000000.0,1.0,2.0
4156,6.227777777777778,1000000.0,11.0,1.0,360.0,0.0,360000000.0,1.0,2.0
4157,6.0708860759493675,1000000.0,11.0,1.0,395.0,0.0,395000000.0,1.0,2.0
4158,6.07258064516129,1000000.0,9.0,1.0,372.0,0.0,372000000.0,1.0,3.0
4159,6.054054054054054,1000000.0,8.0,1.0,370.0,0.0,370000000.0,1.0,2.0
4160,6.048257372654155,1000000.0,8.0,1.0,373.0,0.0,373000000.0,1.0,2.0
4161,6.010810810810811,1000000.0,8.0,1.0,370.0,0.0,370000000.0,1.0,2.0
4162,6.032085561497326,1000000.0,8.0,1.0,374.0,0.0,374000000.0,1.0,2.0
4163,5.970666666666666,1000000.0,8.0,1.0,375.0,0.0,375000000.0,1.0,2.0
4164,5.955026455026455,1000000.0,8.0,1.0,378.0,0.0,378000000.0,1.0,2.0
4165,5.9568733153638815,1000000.0,8.0,1.0,371.0,0.0,371000000.0,1.0,2.0
4166,5.946666666666666,1000000.0,8.0,1.0,375.0,0.0,375000000.0,1.0,2.0
4167,5.941333333333334,1000000.0,8.0,1.0,375.0,0.0,375000000.0,1.0,2.0
4168,5.946236559139785,1000000.0,8.0,1.0,372.0,0.0,372000000.0,1.0,2.0
4169,5.986702127659575,1000000.0,8.0,1.0,376.0,0.0,376000000.0,1.0,2.0
4170,5.962566844919786,1000000.0,8.0,1.0,374.0,0.0,374000000.0,1.0,2.0
4171,5.45,1000000.0,8.0,1.0,100.0,19.0,100000000.0,1.0,2.0
4172,5.0,1000000.0,6.0,1.0,8.0,2.0,8000000.0,1.0,2.0
4173,4.6,1000000.0,5.0,1.0,5.0,0.0,5000000.0,1.0,3.0
4174,4.571428571428571,1000000.0,5.0,1.0,7.0,2.0,7000000.0,1.0,2.0
4175,4.833333333333333,1000000.0,6.0,1.0,6.0,1.0,6000000.0,1.0,3.0
4176,4.5,1000000.0,5.0,1.0,6.0,2.0,6000000.0,1.0,3.0
4177,4.833333333333333,1000000.0,6.0,1.0,6.0,0.0,6000000.0,1.0,3.0
4178,4.6,1000000.0,5.0,1.0,5.0,1.0,5000000.0,1.0,2.0
4179,4.833333333333333,1000000.0,6.0,1.0,6.0,1.0,6000000.0,1.0,3.0
4180,4.666666666666667,1000000.0,5.0,1.0,6.0,1.0,6000000.0,1.0,2.0
4181,5.0,1000000.0,6.0,1.0,5.0,1.0,5000000.0,1.0,2.0
4182,4.75,1000000.0,5.0,1.0,4.0,0.0,4000000.0,1.0,2.0
4183,4.5,1000000.0,5.0,1.0,8.0,3.0,8000000.0,1.0,2.0
4184,4.666666666666667,1000000.0,5.0,1.0,6.0,0.0,6000000.0,1.0,3.0
4185,4.857142857142857,1000000.0,6.0,1.0,7.0,1.0,7000000.0,1.0,3.0
4186,4.5,1000000.0,5.0,1.0,6.0,1.0,6000000.0,1.0,3.0
4187,4.8,1000000.0,5.0,1.0,5.0,1.0,5000000.0,1.0,2.0
4188,4.666666666666667,1000000.0,5.0,1.0,6.0,0.0,6000000.0,1.0,3.0
4189,5.0,1000000.0,6.0,1.0,5.0,1.0,5000000.0,1.0,2.0
4190,4.571428571428571,1000000.0,5.0,1.0,7.0,2.0,7000000.0,1.0,3.0
4191,4.857142857142857,1000000.0,6.0,1.0,7.0,1.0,7000000.0,1.0,3.0
4192,4.666666666666667,1000000.0,5.0,1.0,6.0,0.0,6000000.0,1.0,3.0
4193,4.5,1000000.0,5.0,1.0,4.0,2.0,4000000.0,1.0,2.0
4194,4.666666666666667,1000000.0,5.0,1.0,6.0,0.0,6000000.0,1.0,3.0
4195,4.714285714285714,1000000.0,6.0,1.0,7.0,1.0,7000000.0,1.0,3.0
4196,5.907590759075908,1000000.0,9.0,1.0,303.0,1.0,303000000.0,1.0,4.0
4197,5.984575835475578,1000000.0,8.0,1.0,389.0,0.0,389000000.0,1.0,2.0
4198,5.989690721649485,1000000.0,9.0,1.0,388.0,0.0,388000000.0,1.0,4.0
4199,5.962962962962963,1000000.0,8.0,1.0,378.0,0.0,378000000.0,1.0,3.0
4200,5.9620596205962055,1000000.0,8.0,1.0,369.0,0.0,369000000.0,1.0,2.0
4201,5.986559139784946,1000000.0,8.0,1.0,372.0,0.0,372000000.0,1.0,2.0
4202,5.924581005586592,1000000.0,8.0,1.0,358.0,0.0,358000000.0,1.0,2.0
4203,5.984455958549223,1000000.0,9.0,1.0,386.0,0.0,386000000.0,1.0,3.0
4204,5.895027624309392,1000000.0,8.0,1.0,362.0,0.0,362000000.0,1.0,2.0
4205,5.997375328083989,1000000.0,8.0,1.0,381.0,0.0,381000000.0,1.0,2.0
4206,5.970822281167108,1000000.0,9.0,1.0,377.0,0.0,377000000.0,1.0,2.0
4207,6.142480211081794,1000000.0,11.0,1.0,379.0,0.0,379000000.0,1.0,2.0
4208,6.010416666666667,1000000.0,8.0,1.0,384.0,0.0,384000000.0,1.0,2.0
4209,6.032876712328767,1000000.0,10.0,1.0,365.0,0.0,365000000.0,1.0,2.0
4210,6.0633608815427,1000000.0,9.0,1.0,363.0,0.0,363000000.0,1.0,2.0
4211,6.104,1000000.0,11.0,1.0,375.0,0.0,375000000.0,1.0,2.0
4212,6.075268817204301,1000000.0,10.0,1.0,372.0,0.0,372000000.0,1.0,2.0
4213,6.026666666666666,1000000.0,8.0,1.0,375.0,0.0,375000000.0,1.0,2.0
4214,6.011173184357542,1000000.0,8.0,1.0,358.0,0.0,358000000.0,1.0,2.0
4215,6.037735849056604,1000000.0,8.0,1.0,371.0,0.0,371000000.0,1.0,2.0
4216,6.054644808743169,1000000.0,8.0,1.0,366.0,0.0,366000000.0,1.0,2.0
4217,6.043360433604336,1000000.0,9.0,1.0,369.0,0.0,369000000.0,1.0,2.0
4218,6.056756756756757,1000000.0,9.0,1.0,370.0,0.0,370000000.0,1.0,2.0
4219,6.048780487804878,1000000.0,8.0,1.0,369.0,0.0,369000000.0,1.0,2.0
4220,6.065217391304348,1000000.0,9.0,1.0,368.0,0.0,368000000.0,1.0,2.0
4221,7.084745762711864,1000000.0,10.0,1.0,118.0,16.0,118000000.0,1.0,3.0
4222,8.636363636363637,1000000.0,9.0,1.0,11.0,2.0,11000000.0,1.0,3.0
4223,8.571428571428571,1000000.0,9.0,1.0,7.0,3.0,7000000.0,1.0,2.0
4224,8.4,1000000.0,9.0,1.0,5.0,1.0,5000000.0,1.0,3.0
4225,8.875,1000000.0,10.0,1.0,8.0,1.0,8000000.0,1.0,3.0
4226,8.666666666666666,1000000.0,9.0,1.0,6.0,2.0,6000000.0,1.0,2.0
4227,8.666666666666666,1000000.0,9.0,1.0,6.0,1.0,6000000.0,1.0,2.0
4228,8.5,1000000.0,9.0,1.0,6.0,0.0,6000000.0,1.0,2.0
4229,8.8,1000000.0,9.0,1.0,5.0,1.0,5000000.0,1.0,2.0
4230,8.75,1000000.0,9.0,1.0,4.0,0.0,4000000.0,1.0,2.0
4231,8.714285714285714,1000000.0,10.0,1.0,7.0,2.0,7000000.0,1.0,3.0
4232,8.6,1000000.0,9.0,1.0,5.0,2.0,5000000.0,1.0,2.0
4233,8.857142857142858,1000000.0,11.0,1.0,7.0,1.0,7000000.0,1.0,2.0
4234,8.6,1000000.0,9.0,1.0,5.0,1.0,5000000.0,1.0,3.0
4235,8.4,1000000.0,9.0,1.0,5.0,1.0,5000000.0,1.0,3.0
4236,8.555555555555555,1000000.0,10.0,1.0,9.0,2.0,9000000.0,1.0,3.0
4237,9.2,1000000.0,10.0,1.0,5.0,0.0,5000000.0,1.0,2.0
4238,8.75,1000000.0,10.0,1.0,8.0,2.0,8000000.0,1.0,3.0
4239,8.75,1000000.0,9.0,1.0,4.0,0.0,4000000.0,1.0,2.0
4240,9.0,1000000.0,10.0,1.0,3.0,1.0,3000000.0,1.0,3.0
4241,8.8,1000000.0,9.0,1.0,5.0,0.0,5000000.0,1.0,2.0
4242,8.857142857142858,1000000.0,9.0,1.0,7.0,0.0,7000000.0,1.0,3.0
4243,8.666666666666666,1000000.0,9.0,1.0,6.0,0.0,6000000.0,1.0,3.0
4244,8.5,1000000.0,9.0,1.0,8.0,1.0,8000000.0,1.0,3.0
4245,8.5,1000000.0,9.0,1.0,6.0,1.0,6000000.0,1.0,3.0
4246,6.0,1000000.0,9.0,1.0,296.0,0.0,296000000.0,1.0,3.0
4247,6.1024258760107815,1000000.0,10.0,1.0,371.0,1.0,371000000.0,1.0,4.0
4248,6.208333333333333,1000000.0,9.0,1.0,336.0,0.0,336000000.0,1.0,3.0
4249,6.017902813299233,1000000.0,9.0,1.0,391.0,0.0,391000000.0,1.0,3.0
4250,6.05449591280654,1000000.0,9.0,1.0,367.0,0.0,367000000.0,1.0,2.0
4251,6.042780748663102,1000000.0,9.0,1.0,374.0,0.0,374000000.0,1.0,2.0
4252,6.03494623655914,1000000.0,8.0,1.0,372.0,0.0,372000000.0,1.0,2.0
4253,6.029411764705882,1000000.0,8.0,1.0,374.0,0.0,374000000.0,1.0,3.0
4254,6.013440860215054,1000000.0,8.0,1.0,372.0,0.0,372000000.0,1.0,2.0
4255,6.037735849056604,1000000.0,8.0,1.0,371.0,0.0,371000000.0,1.0,2.0
4256,6.016260162601626,1000000.0,8.0,1.0,369.0,0.0,369000000.0,1.0,2.0
4257,5.991847826086956,1000000.0,8.0,1.0,368.0,0.0,368000000.0,1.0,2.0
4258,6.057441253263708,1000000.0,9.0,1.0,383.0,0.0,383000000.0,1.0,3.0
4259,5.953125,1000000.0,8.0,1.0,384.0,0.0,384000000.0,1.0,2.0
4260,5.964383561643835,1000000.0,8.0,1.0,365.0,0.0,365000000.0,1.0,2.0
4261,5.982233502538071,1000000.0,8.0,1.0,394.0,0.0,394000000.0,1.0,2.0
4262,5.943089430894309,1000000.0,8.0,1.0,369.0,0.0,369000000.0,1.0,2.0
4263,5.944148936170213,1000000.0,8.0,1.0,376.0,0.0,376000000.0,1.0,2.0
4264,5.954177897574124,1000000.0,8.0,1.0,371.0,0.0,371000000.0,1.0,2.0
4265,5.97289972899729,1000000.0,8.0,1.0,369.0,0.0,369000000.0,1.0,2.0
4266,5.973045822102426,1000000.0,8.0,1.0,371.0,0.0,371000000.0,1.0,2.0
4267,5.935828877005347,1000000.0,8.0,1.0,374.0,0.0,374000000.0,1.0,2.0
4268,5.957219251336898,1000000.0,8.0,1.0,374.0,0.0,374000000.0,1.0,2.0
4269,5.97027027027027,1000000.0,8.0,1.0,370.0,0.0,370000000.0,1.0,2.0
4270,5.936339522546419,1000000.0,8.0,1.0,377.0,0.0,377000000.0,1.0,2.0
4271,5.628099173553719,1000000.0,8.0,1.0,121.0,17.0,121000000.0,1.0,3.0
4272,4.888888888888889,1000000.0,6.0,1.0,9.0,1.0,9000000.0,1.0,3.0
4273,4.6,1000000.0,5.0,1.0,5.0,1.0,5000000.0,1.0,3.0
4274,4.5,1000000.0,5.0,1.0,6.0,1.0,6000000.0,1.0,3.0
4275,4.6,1000000.0,5.0,1.0,5.0,1.0,5000000.0,1.0,2.0
4276,4.666666666666667,1000000.0,5.0,1.0,6.0,2.0,6000000.0,1.0,2.0
4277,4.6,1000000.0,5.0,1.0,5.0,0.0,5000000.0,1.0,3.0
4278,4.8,1000000.0,5.0,1.0,5.0,0.0,5000000.0,1.0,2.0
4279,4.666666666666667,1000000.0,5.0,1.0,3.0,0.0,3000000.0,1.0,2.0
4280,4.571428571428571,1000000.0,5.0,1.0,7.0,1.0,7000000.0,1.0,3.0
4281,4.857142857142857,1000000.0,6.0,1.0,7.0,1.0,7000000.0,1.0,3.0
4282,4.571428571428571,1000000.0,5.0,1.0,7.0,2.0,7000000.0,1.0,3.0
4283,5.142857142857143,1000000.0,6.0,1.0,7.0,2.0,7000000.0,1.0,2.0
4284,5.0,1000000.0,6.0,1.0,8.0,3.0,8000000.0,1.0,2.0
4285,4.666666666666667,1000000.0,5.0,1.0,6.0,0.0,6000000.0,1.0,2.0
4286,6.875,1000000.0,10.0,1.0,8.0,1.0,8000000.0,1.0,3.0
4287,8.5,1000000.0,9.0,1.0,4.0,2.0,4000000.0,1.0,2.0
4288,8.857142857142858,1000000.0,10.0,1.0,7.0,0.0,7000000.0,1.0,3.0
4289,8.714285714285714,1000000.0,10.0,1.0,7.0,1.0,7000000.0,1.0,3.0
4290,8.666666666666666,1000000.0,9.0,1.0,6.0,1.0,6000000.0,1.0,3.0
4291,8.6,1000000.0,9.0,1.0,5.0,1.0,5000000.0,1.0,2.0
4292,8.6,1000000.0,9.0,1.0,5.0,1.0,5000000.0,1.0,2.0
4293,8.5,1000000.0,9.0,1.0,4.0,0.0,4000000.0,1.0,2.0
4294,8.833333333333334,1000000.0,10.0,1.0,6.0,0.0,6000000.0,1.0,3.0
4295,8.6,1000000.0,9.0,1.0,5.0,1.0,5000000.0,1.0,2.0
4296,6.068181818181818,1000000.0,10.0,1.0,264.0,3.0,264000000.0,1.0,4.0
4297,6.027363184079602,1000000.0,10.0,1.0,402.0,1.0,402000000.0,1.0,4.0
4298,6.155737704918033,1000000.0,10.0,1.0,366.0,1.0,366000000.0,1.0,5.0
4299,6.794117647058823,1000000.0,9.0,1.0,272.0,0.0,272000000.0,1.0,3.0
4300,5.983651226158038,1000000.0,8.0,1.0,367.0,0.0,367000000.0,1.0,2.0
4301,6.016438356164383,1000000.0,8.0,1.0,365.0,0.0,365000000.0,1.0,2.0
4302,6.046448087431694,1000000.0,9.0,1.0,366.0,0.0,366000000.0,1.0,2.0
4303,6.067385444743936,1000000.0,9.0,1.0,371.0,0.0,371000000.0,1.0,3.0
4304,6.056451612903226,1000000.0,9.0,1.0,372.0,0.0,372000000.0,1.0,2.0
4305,6.021739130434782,1000000.0,8.0,1.0,368.0,0.0,368000000.0,1.0,2.0
4306,6.002717391304348,1000000.0,9.0,1.0,368.0,0.0,368000000.0,1.0,2.0
4307,6.067024128686327,1000000.0,9.0,1.0,373.0,0.0,373000000.0,1.0,2.0
4308,6.167553191489362,1000000.0,11.0,1.0,376.0,0.0,376000000.0,1.0,3.0
4309,6.036082474226804,1000000.0,9.0,1.0,388.0,0.0,388000000.0,1.0,2.0
4310,6.002673796791444,1000000.0,9.0,1.0,374.0,0.0,374000000.0,1.0,2.0
4311,6.053763440860215,1000000.0,8.0,1.0,372.0,0.0,372000000.0,1.0,2.0
4312,6.067934782608695,1000000.0,9.0,1.0,368.0,0.0,368000000.0,1.0,3.0
4313,6.021333333333334,1000000.0,11.0,1.0,375.0,0.0,375000000.0,1.0,2.0
4314,6.022284122562674,1000000.0,9.0,1.0,359.0,0.0,359000000.0,1.0,2.0
4315,6.056910569105691,1000000.0,9.0,1.0,369.0,0.0,369000000.0,1.0,2.0
4316,6.045945945945946,1000000.0,9.0,1.0,370.0,0.0,370000000.0,1.0,2.0
4317,6.065934065934066,1000000.0,8.0,1.0,364.0,0.0,364000000.0,1.0,2.0
4318,6.026666666666666,1000000.0,8.0,1.0,375.0,0.0,375000000.0,1.0,2.0
4319,5.973333333333334,1000000.0,8.0,1.0,375.0,0.0,375000000.0,1.0,2.0
4320,6.036939313984169,1000000.0,8.0,1.0,379.0,0.0,379000000.0,1.0,2.0
4321,5.747967479674797,1000000.0,8.0,1.0,123.0,16.0,123000000.0,1.0,3.0
4322,5.0,1000000.0,6.0,1.0,11.0,0.0,11000000.0,1.0,4.0
4323,4.857142857142857,1000000.0,6.0,1.0,7.0,3.0,7000000.0,1.0,2.0
4324,4.5,1000000.0,5.0,1.0,6.0,1.0,6000000.0,1.0,3.0
4325,4.666666666666667,1000000.0,5.0,1.0,6.0,0.0,6000000.0,1.0,3.0
4326,4.6,1000000.0,5.0,1.0,5.0,2.0,5000000.0,1.0,2.0
4327,4.5,1000000.0,5.0,1.0,6.0,1.0,6000000.0,1.0,3.0
4328,4.666666666666667,1000000.0,5.0,1.0,6.0,1.0,6000000.0,1.0,2.0
4329,4.666666666666667,1000000.0,6.0,1.0,6.0,2.0,6000000.0,1.0,3.0
4330,5.2,1000000.0,6.0,1.0,5.0,0.0,5000000.0,1.0,3.0
4331,4.666666666666667,1000000.0,5.0,1.0,6.0,1.0,6000000.0,1.0,2.0
4332,4.8,1000000.0,6.0,1.0,5.0,0.0,5000000.0,1.0,2.0
4333,4.5,1000000.0,5.0,1.0,6.0,1.0,6000000.0,1.0,3.0
4334,4.333333333333333,1000000.0,5.0,1.0,6.0,1.0,6000000.0,1.0,3.0
4335,5.0,1000000.0,6.0,1.0,4.0,1.0,4000000.0,1.0,2.0
4336,4.666666666666667,1000000.0,6.0,1.0,6.0,0.0,6000000.0,1.0,3.0
4337,4.714285714285714,1000000.0,6.0,1.0,7.0,1.0,7000000.0,1.0,3.0
4338,5.2,1000000.0,6.0,1.0,5.0,0.0,5000000.0,1.0,2.0
4339,4.75,1000000.0,6.0,1.0,4.0,0.0,4000000.0,1.0,2.0
4340,5.0,1000000.0,6.0,1.0,7.0,1.0,7000000.0,1.0,2.0
4341,5.2,1000000.0,6.0,1.0,5.0,0.0,5000000.0,1.0,1.0
4342,5.0,1000000.0,6.0,1.0,6.0,0.0,6000000.0,1.0,3.0
4343,4.8,1000000.0,5.0,1.0,5.0,1.0,5000000.0,1.0,3.0
4344,4.75,1000000.0,5.0,1.0,4.0,0.0,4000000.0,1.0,2.0
4345,5.714285714285714,1000000.0,7.0,1.0,7.0,2.0,7000000.0,1.0,2.0
4346,6.21505376344086,1000000.0,9.0,1.0,279.0,0.0,279000000.0,1.0,3.0
4347,5.991869918699187,1000000.0,8.0,1.0,369.0,1.0,369000000.0,1.0,4.0
4348,5.971576227390181,1000000.0,8.0,1.0,387.0,2.0,387000000.0,1.0,5.0
4349,5.922459893048129,1000000.0,8.0,1.0,374.0,0.0,374000000.0,1.0,4.0
4350,5.930666666666666,1000000.0,8.0,1.0,375.0,0.0,375000000.0,1.0,2.0
4351,5.925729442970822,1000000.0,8.0,1.0,377.0,0.0,377000000.0,1.0,2.0
4352,5.989333333333334,1000000.0,8.0,1.0,375.0,0.0,375000000.0,1.0,2.0
4353,5.953929539295393,1000000.0,8.0,1.0,369.0,0.0,369000000.0,1.0,3.0
4354,5.984455958549223,1000000.0,8.0,1.0,386.0,0.0,386000000.0,1.0,2.0
4355,5.962162162162162,1000000.0,8.0,1.0,370.0,0.0,370000000.0,1.0,2.0
4356,5.951871657754011,1000000.0,8.0,1.0,374.0,0.0,374000000.0,1.0,2.0
4357,5.984168865435357,1000000.0,8.0,1.0,379.0,0.0,379000000.0,1.0,2.0
4358,5.921409214092141,1000000.0,8.0,1.0,369.0,0.0,369000000.0,1.0,3.0
4359,6.118987341772152,1000000.0,9.0,1.0,395.0,0.0,395000000.0,1.0,2.0
4360,5.963636363636364,1000000.0,8.0,1.0,385.0,0.0,385000000.0,1.0,2.0
4361,5.957446808510638,1000000.0,8.0,1.0,376.0,0.0,376000000.0,1.0,2.0
4362,5.954423592493297,1000000.0,9.0,1.0,373.0,0.0,373000000.0,1.0,2.0
4363,5.997333333333334,1000000.0,9.0,1.0,375.0,0.0,375000000.0,1.0,2.0
4364,5.949197860962567,1000000.0,9.0,1.0,374.0,0.0,374000000.0,1.0,2.0
4365,5.968085106382978,1000000.0,10.0,1.0,376.0,0.0,376000000.0,1.0,2.0
4366,5.925925925925926,1000000.0,8.0,1.0,324.0,0.0,324000000.0,1.0,2.0
4367,5.978609625668449,1000000.0,9.0,1.0,374.0,0.0,374000000.0,1.0,2.0
4368,6.092592592592593,1000000.0,10.0,1.0,378.0,0.0,378000000.0,1.0,2.0
4369,6.0190735694822886,1000000.0,9.0,1.0,367.0,0.0,367000000.0,1.0,2.0
4370,6.048780487804878,1000000.0,8.0,1.0,369.0,0.0,369000000.0,1.0,2.0
4371,6.709219858156028,1000000.0,10.0,1.0,141.0,17.0,141000000.0,1.0,4.0
4372,8.75,1000000.0,9.0,1.0,8.0,0.0,8000000.0,1.0,3.0
4373,8.857142857142858,1000000.0,10.0,1.0,7.0,2.0,7000000.0,1.0,3.0
4374,8.666666666666666,1000000.0,9.0,1.0,6.0,1.0,6000000.0,1.0,2.0
4375,8.714285714285714,1000000.0,10.0,1.0,7.0,1.0,7000000.0,1.0,3.0
4376,8.75,1000000.0,9.0,1.0,4.0,1.0,4000000.0,1.0,2.0
4377,8.8,1000000.0,9.0,1.0,5.0,0.0,5000000.0,1.0,2.0
4378,8.5,1000000.0,9.0,1.0,6.0,1.0,6000000.0,1.0,3.0
4379,8.625,1000000.0,9.0,1.0,8.0,2.0,8000000.0,1.0,4.0
4380,8.4,1000000.0,9.0,1.0,5.0,0.0,5000000.0,1.0,3.0
4381,8.5,1000000.0,9.0,1.0,6.0,0.0,6000000.0,1.0,3.0
4382,8.833333333333334,1000000.0,10.0,1.0,6.0,2.0,6000000.0,1.0,3.0
4383,8.666666666666666,1000000.0,9.0,1.0,6.0,1.0,6000000.0,1.0,2.0
4384,8.666666666666666,1000000.0,10.0,1.0,6.0,1.0,6000000.0,1.0,3.0
4385,8.666666666666666,1000000.0,10.0,1.0,9.0,3.0,9000000.0,1.0,3.0
4386,8.714285714285714,1000000.0,10.0,1.0,7.0,2.0,7000000.0,1.0,3.0
4387,9.0,1000000.0,10.0,1.0,6.0,0.0,6000000.0,1.0,2.0
4388,8.666666666666666,1000000.0,9.0,1.0,6.0,0.0,6000000.0,1.0,2.0
4389,8.666666666666666,1000000.0,9.0,1.0,3.0,0.0,3000000.0,1.0,2.0
4390,8.5,1000000.0,9.0,1.0,8.0,2.0,8000000.0,1.0,4.0
4391,8.5,1000000.0,9.0,1.0,6.0,0.0,6000000.0,1.0,3.0
4392,8.833333333333334,1000000.0,9.0,1.0,6.0,1.0,6000000.0,1.0,2.0
4393,8.571428571428571,1000000.0,9.0,1.0,7.0,0.0,7000000.0,1.0,3.0
4394,8.875,1000000.0,10.0,1.0,8.0,1.0,8000000.0,1.0,3.0
4395,8.714285714285714,1000000.0,9.0,1.0,7.0,1.0,7000000.0,1.0,2.0
4396,5.981203007518797,1000000.0,9.0,1.0,266.0,0.0,266000000.0,1.0,3.0
4397,6.109243697478991,1000000.0,9.0,1.0,357.0,0.0,357000000.0,1.0,3.0
4398,6.093333333333334,1000000.0,9.0,1.0,375.0,0.0,375000000.0,1.0,3.0
4399,6.007594936708861,1000000.0,9.0,1.0,395.0,0.0,395000000.0,1.0,4.0
4400,6.054054054054054,1000000.0,8.0,1.0,370.0,0.0,370000000.0,1.0,2.0
4401,6.010989010989011,1000000.0,8.0,1.0,364.0,0.0,364000000.0,1.0,2.0
4402,6.0675675675675675,1000000.0,9.0,1.0,370.0,0.0,370000000.0,1.0,2.0
4403,6.067385444743936,1000000.0,10.0,1.0,371.0,0.0,371000000.0,1.0,3.0
4404,6.045212765957447,1000000.0,9.0,1.0,376.0,0.0,376000000.0,1.0,2.0
4405,6.032258064516129,1000000.0,9.0,1.0,372.0,0.0,372000000.0,1.0,2.0
4406,6.040871934604905,1000000.0,9.0,1.0,367.0,0.0,367000000.0,1.0,2.0
4407,6.016085790884718,1000000.0,8.0,1.0,373.0,0.0,373000000.0,1.0,2.0
4408,5.997333333333334,1000000.0,8.0,1.0,375.0,0.0,375000000.0,1.0,3.0
4409,6.013297872340425,1000000.0,8.0,1.0,376.0,0.0,376000000.0,1.0,2.0
4410,6.05,1000000.0,9.0,1.0,380.0,0.0,380000000.0,1.0,2.0
4411,6.029810298102981,1000000.0,8.0,1.0,369.0,0.0,369000000.0,1.0,2.0
4412,6.039893617021277,1000000.0,8.0,1.0,376.0,0.0,376000000.0,1.0,2.0
4413,6.064864864864865,1000000.0,8.0,1.0,370.0,0.0,370000000.0,1.0,2.0
4414,5.933333333333334,1000000.0,8.0,1.0,360.0,0.0,360000000.0,1.0,2.0
4415,6.016304347826087,1000000.0,8.0,1.0,368.0,0.0,368000000.0,1.0,2.0
4416,6.0,1000000.0,8.0,1.0,368.0,0.0,368000000.0,1.0,2.0
4417,5.997267759562842,1000000.0,8.0,1.0,366.0,0.0,366000000.0,1.0,2.0
4418,6.008174386920981,1000000.0,8.0,1.0,367.0,0.0,367000000.0,1.0,2.0
4419,6.037533512064343,1000000.0,8.0,1.0,373.0,0.0,373000000.0,1.0,2.0
4420,6.0027027027027025,1000000.0,8.0,1.0,370.0,0.0,370000000.0,1.0,2.0
4421,5.793103448275862,1000000.0,8.0,1.0,145.0,17.0,145000000.0,1.0,2.0
4422,4.666666666666667,1000000.0,5.0,1.0,9.0,1.0,9000000.0,1.0,2.0
4423,5.0,1000000.0,6.0,1.0,6.0,2.0,6000000.0,1.0,2.0
4424,4.5,1000000.0,5.0,1.0,6.0,2.0,6000000.0,1.0,2.0
4425,4.8,1000000.0,5.0,1.0,5.0,0.0,5000000.0,1.0,2.0
4426,4.6,1000000.0,5.0,1.0,5.0,0.0,5000000.0,1.0,2.0
4427,4.75,1000000.0,5.0,1.0,4.0,0.0,4000000.0,1.0,2.0
4428,4.5,1000000.0,5.0,1.0,6.0,1.0,6000000.0,1.0,3.0
4429,5.0,1000000.0,6.0,1.0,7.0,2.0,7000000.0,1.0,2.0
4430,4.5,1000000.0,5.0,1.0,6.0,0.0,6000000.0,1.0,3.0
4431,4.428571428571429,1000000.0,5.0,1.0,7.0,1.0,7000000.0,1.0,3.0
4432,4.6,1000000.0,5.0,1.0,5.0,2.0,5000000.0,1.0,2.0
4433,4.714285714285714,1000000.0,5.0,1.0,7.0,0.0,7000000.0,1.0,2.0
4434,4.5,1000000.0,5.0,1.0,6.0,1.0,6000000.0,1.0,3.0
4435,4.875,1000000.0,6.0,1.0,8.0,1.0,8000000.0,1.0,3.0
4436,4.571428571428571,1000000.0,5.0,1.0,7.0,2.0,7000000.0,1.0,3.0
4437,4.666666666666667,1000000.0,5.0,1.0,6.0,1.0,6000000.0,1.0,2.0
4438,4.714285714285714,1000000.0,6.0,1.0,7.0,1.0,7000000.0,1.0,3.0
4439,4.4,1000000.0,5.0,1.0,5.0,0.0,5000000.0,1.0,3.0
4440,5.0,1000000.0,5.0,1.0,5.0,0.0,5000000.0,1.0,1.0
4441,4.666666666666667,1000000.0,5.0,1.0,6.0,2.0,6000000.0,1.0,2.0
4442,4.714285714285714,1000000.0,5.0,1.0,7.0,0.0,7000000.0,1.0,2.0
4443,4.5,1000000.0,5.0,1.0,6.0,1.0,6000000.0,1.0,3.0
4444,4.666666666666667,1000000.0,5.0,1.0,6.0,0.0,6000000.0,1.0,3.0
4445,4.5,1000000.0,5.0,1.0,6.0,1.0,6000000.0,1.0,3.0
4446,6.019305019305019,1000000.0,8.0,1.0,259.0,4.0,259000000.0,1.0,4.0
4447,5.945026178010472,1000000.0,8.0,1.0,382.0,0.0,382000000.0,1.0,4.0
4448,5.969309462915601,1000000.0,9.0,1.0,391.0,1.0,391000000.0,1.0,4.0
4449,5.947916666666667,1000000.0,8.0,1.0,384.0,1.0,384000000.0,1.0,4.0
4450,5.9568733153638815,1000000.0,8.0,1.0,371.0,0.0,371000000.0,1.0,2.0
4451,5.973045822102426,1000000.0,8.0,1.0,371.0,0.0,371000000.0,1.0,2.0
4452,5.946666666666666,1000000.0,8.0,1.0,375.0,0.0,375000000.0,1.0,3.0
4453,5.9736147757255935,1000000.0,8.0,1.0,379.0,0.0,379000000.0,1.0,2.0
4454,6.021390374331551,1000000.0,8.0,1.0,374.0,0.0,374000000.0,1.0,2.0
4455,5.967567567567568,1000000.0,8.0,1.0,370.0,0.0,370000000.0,1.0,2.0
4456,6.072386058981233,1000000.0,9.0,1.0,373.0,0.0,373000000.0,1.0,2.0
4457,6.0653950953678475,1000000.0,9.0,1.0,367.0,0.0,367000000.0,1.0,3.0
4458,6.03494623655914,1000000.0,9.0,1.0,372.0,0.0,372000000.0,1.0,2.0
4459,6.035135135135135,1000000.0,9.0,1.0,370.0,0.0,370000000.0,1.0,2.0
4460,6.096256684491979,1000000.0,11.0,1.0,374.0,0.0,374000000.0,1.0,2.0
4461,6.085714285714285,1000000.0,9.0,1.0,350.0,0.0,350000000.0,1.0,2.0
4462,6.043596730245231,1000000.0,9.0,1.0,367.0,0.0,367000000.0,1.0,3.0
4463,6.059299191374663,1000000.0,8.0,1.0,371.0,0.0,371000000.0,1.0,2.0
4464,6.016483516483516,1000000.0,9.0,1.0,364.0,0.0,364000000.0,1.0,2.0
4465,6.048257372654155,1000000.0,8.0,1.0,373.0,0.0,373000000.0,1.0,2.0
4466,6.054054054054054,1000000.0,8.0,1.0,370.0,0.0,370000000.0,1.0,2.0
4467,6.0,1000000.0,9.0,1.0,369.0,0.0,369000000.0,1.0,2.0
4468,6.0263852242744065,1000000.0,11.0,1.0,379.0,0.0,379000000.0,1.0,2.0
4469,6.043478260869565,1000000.0,8.0,1.0,368.0,0.0,368000000.0,1.0,2.0
4470,6.002762430939226,1000000.0,9.0,1.0,362.0,0.0,362000000.0,1.0,2.0
4471,6.58282208588957,1000000.0,10.0,1.0,163.0,17.0,163000000.0,1.0,3.0
4472,8.75,1000000.0,9.0,1.0,8.0,2.0,8000000.0,1.0,2.0
4473,8.833333333333334,1000000.0,10.0,1.0,6.0,1.0,6000000.0,1.0,3.0
4474,8.625,1000000.0,9.0,1.0,8.0,1.0,8000000.0,1.0,4.0
4475,8.75,1000000.0,9.0,1.0,4.0,0.0,4000000.0,1.0,2.0
4476,8.571428571428571,1000000.0,9.0,1.0,7.0,1.0,7000000.0,1.0,3.0
4477,8.714285714285714,1000000.0,9.0,1.0,7.0,1.0,7000000.0,1.0,2.0
4478,8.666666666666666,1000000.0,9.0,1.0,3.0,0.0,3000000.0,1.0,2.0
4479,9.0,1000000.0,9.0,1.0,4.0,0.0,4000000.0,1.0,1.0
4480,8.5,1000000.0,9.0,1.0,6.0,1.0,6000000.0,1.0,3.0
4481,8.714285714285714,1000000.0,9.0,1.0,7.0,1.0,7000000.0,1.0,2.0
4482,8.5,1000000.0,9.0,1.0,4.0,1.0,4000000.0,1.0,2.0
4483,8.666666666666666,1000000.0,9.0,1.0,6.0,0.0,6000000.0,1.0,2.0
4484,8.857142857142858,1000000.0,10.0,1.0,7.0,1.0,7000000.0,1.0,3.0
4485,8.714285714285714,1000000.0,9.0,1.0,7.0,1.0,7000000.0,1.0,2.0
4486,9.0,1000000.0,9.0,1.0,2.0,0.0,2000000.0,1.0,1.0
4487,8.714285714285714,1000000.0,9.0,1.0,7.0,1.0,7000000.0,1.0,2.0
4488,8.8,1000000.0,9.0,1.0,5.0,0.0,5000000.0,1.0,2.0
4489,8.666666666666666,1000000.0,9.0,1.0,6.0,1.0,6000000.0,1.0,2.0
4490,8.428571428571429,1000000.0,9.0,1.0,7.0,2.0,7000000.0,1.0,3.0
4491,8.75,1000000.0,9.0,1.0,4.0,0.0,4000000.0,1.0,2.0
4492,8.625,1000000.0,9.0,1.0,8.0,0.0,8000000.0,1.0,4.0
4493,8.5,1000000.0,9.0,1.0,6.0,3.0,6000000.0,1.0,2.0
4494,8.5,1000000.0,9.0,1.0,4.0,0.0,4000000.0,1.0,3.0
4495,8.5,1000000.0,9.0,1.0,6.0,0.0,6000000.0,1.0,3.0
4496,5.995762711864407,1000000.0,9.0,1.0,236.0,0.0,236000000.0,1.0,2.0
4497,6.155313351498638,1000000.0,9.0,1.0,367.0,1.0,367000000.0,1.0,4.0
4498,6.1653116531165315,1000000.0,9.0,1.0,369.0,1.0,369000000.0,1.0,4.0
4499,6.015151515151516,1000000.0,9.0,1.0,396.0,0.0,396000000.0,1.0,4.0
4500,6.045454545454546,1000000.0,8.0,1.0,374.0,0.0,374000000.0,1.0,2.0
4501,6.010666666666666,1000000.0,8.0,1.0,375.0,0.0,375000000.0,1.0,2.0
4502,5.976127320954907,1000000.0,8.0,1.0,377.0,0.0,377000000.0,1.0,2.0
4503,5.928381962864721,1000000.0,8.0,1.0,377.0,0.0,377000000.0,1.0,3.0
4504,5.926760563380282,1000000.0,8.0,1.0,355.0,0.0,355000000.0,1.0,2.0
4505,5.975675675675675,1000000.0,8.0,1.0,370.0,0.0,370000000.0,1.0,2.0
4506,5.949735449735449,1000000.0,8.0,1.0,378.0,0.0,378000000.0,1.0,2.0
4507,5.967741935483871,1000000.0,8.0,1.0,372.0,0.0,372000000.0,1.0,2.0
4508,5.9523809523809526,1000000.0,8.0,1.0,378.0,0.0,378000000.0,1.0,3.0
4509,5.952,1000000.0,8.0,1.0,375.0,0.0,375000000.0,1.0,2.0
4510,5.951871657754011,1000000.0,8.0,1.0,374.0,0.0,374000000.0,1.0,2.0
4511,6.050938337801608,1000000.0,10.0,1.0,373.0,0.0,373000000.0,1.0,2.0
4512,6.052910052910053,1000000.0,8.0,1.0,378.0,0.0,378000000.0,1.0,2.0
4513,5.98404255319149,1000000.0,8.0,1.0,376.0,0.0,376000000.0,1.0,2.0
4514,5.912466843501326,1000000.0,8.0,1.0,377.0,0.0,377000000.0,1.0,2.0
4515,5.946666666666666,1000000.0,8.0,1.0,375.0,0.0,375000000.0,1.0,2.0
4516,5.945945945945946,1000000.0,8.0,1.0,370.0,0.0,370000000.0,1.0,2.0
4517,5.967741935483871,1000000.0,8.0,1.0,372.0,0.0,372000000.0,1.0,2.0
4518,5.973118279569892,1000000.0,8.0,1.0,372.0,0.0,372000000.0,1.0,2.0
4519,5.959677419354839,1000000.0,8.0,1.0,372.0,0.0,372000000.0,1.0,2.0
4520,6.024064171122995,1000000.0,9.0,1.0,374.0,0.0,374000000.0,1.0,2.0
4521,6.596685082872928,1000000.0,11.0,1.0,181.0,16.0,181000000.0,1.0,2.0
4522,8.875,1000000.0,9.0,1.0,8.0,0.0,8000000.0,1.0,2.0
4523,8.5,1000000.0,9.0,1.0,6.0,2.0,6000000.0,1.0,3.0
4524,8.833333333333334,1000000.0,10.0,1.0,6.0,0.0,6000000.0,1.0,3.0
4525,8.714285714285714,1000000.0,10.0,1.0,7.0,1.0,7000000.0,1.0,3.0
4526,8.5,1000000.0,9.0,1.0,6.0,1.0,6000000.0,1.0,3.0
4527,8.833333333333334,1000000.0,9.0,1.0,6.0,1.0,6000000.0,1.0,2.0
4528,9.0,1000000.0,10.0,1.0,8.0,2.0,8000000.0,1.0,3.0
4529,8.5,1000000.0,9.0,1.0,6.0,2.0,6000000.0,1.0,3.0
4530,8.625,1000000.0,9.0,1.0,8.0,2.0,8000000.0,1.0,2.0
4531,8.6,1000000.0,9.0,1.0,5.0,0.0,5000000.0,1.0,3.0
4532,8.666666666666666,1000000.0,9.0,1.0,6.0,1.0,6000000.0,1.0,2.0
4533,8.333333333333334,1000000.0,9.0,1.0,6.0,0.0,6000000.0,1.0,3.0
4534,8.6,1000000.0,9.0,1.0,5.0,1.0,5000000.0,1.0,3.0
4535,8.333333333333334,1000000.0,9.0,1.0,3.0,1.0,3000000.0,1.0,3.0
4536,8.428571428571429,1000000.0,9.0,1.0,7.0,1.0,7000000.0,1.0,3.0
4537,7.888888888888889,1000000.0,9.0,1.0,9.0,1.0,9000000.0,1.0,4.0
4538,8.666666666666666,1000000.0,9.0,1.0,6.0,1.0,6000000.0,1.0,3.0
4539,8.625,1000000.0,9.0,1.0,8.0,1.0,8000000.0,1.0,2.0
4540,8.6,1000000.0,9.0,1.0,5.0,1.0,5000000.0,1.0,3.0
4541,8.666666666666666,1000000.0,9.0,1.0,6.0,1.0,6000000.0,1.0,2.0
4542,8.833333333333334,1000000.0,10.0,1.0,6.0,1.0,6000000.0,1.0,3.0
4543,8.75,1000000.0,9.0,1.0,4.0,0.0,4000000.0,1.0,2.0
4544,8.6,1000000.0,9.0,1.0,5.0,1.0,5000000.0,1.0,2.0
4545,8.857142857142858,1000000.0,10.0,1.0,7.0,1.0,7000000.0,1.0,3.0
4546,6.06280193236715,1000000.0,9.0,1.0,207.0,1.0,207000000.0,1.0,4.0
4547,6.104325699745547,1000000.0,9.0,1.0,393.0,3.0,393000000.0,1.0,4.0
4548,5.930939226519337,1000000.0,9.0,1.0,362.0,0.0,362000000.0,1.0,3.0
4549,6.0,1000000.0,8.0,1.0,396.0,0.0,396000000.0,1.0,4.0
4550,6.0467032967032965,1000000.0,9.0,1.0,364.0,0.0,364000000.0,1.0,2.0
4551,6.016260162601626,1000000.0,8.0,1.0,369.0,0.0,369000000.0,1.0,2.0
4552,6.048648648648649,1000000.0,9.0,1.0,370.0,0.0,370000000.0,1.0,2.0
4553,6.078590785907859,1000000.0,9.0,1.0,369.0,0.0,369000000.0,1.0,3.0
4554,6.06970509383378,1000000.0,10.0,1.0,373.0,0.0,373000000.0,1.0,2.0
4555,6.037634408602151,1000000.0,9.0,1.0,372.0,0.0,372000000.0,1.0,2.0
4556,6.057065217391305,1000000.0,9.0,1.0,368.0,0.0,368000000.0,1.0,2.0
4557,6.049046321525886,1000000.0,8.0,1.0,367.0,0.0,367000000.0,1.0,2.0
4558,6.016348773841962,1000000.0,8.0,1.0,367.0,0.0,367000000.0,1.0,2.0
4559,6.02710027100271,1000000.0,8.0,1.0,369.0,0.0,369000000.0,1.0,2.0
4560,6.040650406504065,1000000.0,9.0,1.0,369.0,0.0,369000000.0,1.0,2.0
4561,6.110512129380054,1000000.0,11.0,1.0,371.0,0.0,371000000.0,1.0,2.0
4562,6.171875,1000000.0,11.0,1.0,384.0,0.0,384000000.0,1.0,2.0
4563,6.040650406504065,1000000.0,9.0,1.0,369.0,0.0,369000000.0,1.0,3.0
4564,6.078804347826087,1000000.0,11.0,1.0,368.0,0.0,368000000.0,1.0,2.0
4565,6.0133689839572195,1000000.0,9.0,1.0,374.0,0.0,374000000.0,1.0,2.0
4566,6.016348773841962,1000000.0,8.0,1.0,367.0,0.0,367000000.0,1.0,2.0
4567,6.026455026455026,1000000.0,8.0,1.0,378.0,0.0,378000000.0,1.0,2.0
4568,5.986449864498645,1000000.0,8.0,1.0,369.0,0.0,369000000.0,1.0,2.0
4569,5.916666666666667,1000000.0,8.0,1.0,372.0,0.0,372000000.0,1.0,2.0
4570,5.951219512195122,1000000.0,8.0,1.0,369.0,0.0,369000000.0,1.0,2.0
4571,5.680203045685279,1000000.0,8.0,1.0,197.0,19.0,197000000.0,1.0,3.0
4572,4.8,1000000.0,6.0,1.0,10.0,2.0,10000000.0,1.0,3.0
4573,4.571428571428571,1000000.0,5.0,1.0,7.0,2.0,7000000.0,1.0,2.0
4574,4.5,1000000.0,5.0,1.0,6.0,1.0,6000000.0,1.0,3.0
4575,4.666666666666667,1000000.0,5.0,1.0,6.0,0.0,6000000.0,1.0,3.0
4576,4.4,1000000.0,5.0,1.0,5.0,1.0,5000000.0,1.0,3.0
4577,4.625,1000000.0,5.0,1.0,8.0,2.0,8000000.0,1.0,2.0
4578,4.6,1000000.0,5.0,1.0,5.0,0.0,5000000.0,1.0,3.0
4579,4.714285714285714,1000000.0,5.0,1.0,7.0,2.0,7000000.0,1.0,2.0
4580,4.75,1000000.0,5.0,1.0,4.0,0.0,4000000.0,1.0,2.0
4581,4.571428571428571,1000000.0,5.0,1.0,7.0,2.0,7000000.0,1.0,2.0
4582,4.6,1000000.0,5.0,1.0,5.0,0.0,5000000.0,1.0,3.0
4583,4.4,1000000.0,5.0,1.0,5.0,1.0,5000000.0,1.0,3.0
4584,4.571428571428571,1000000.0,5.0,1.0,7.0,1.0,7000000.0,1.0,3.0
4585,4.714285714285714,1000000.0,5.0,1.0,7.0,1.0,7000000.0,1.0,3.0
4586,4.6,1000000.0,5.0,1.0,5.0,1.0,5000000.0,1.0,2.0
4587,5.142857142857143,1000000.0,6.0,1.0,7.0,2.0,7000000.0,1.0,2.0
4588,4.777777777777778,1000000.0,6.0,1.0,9.0,3.0,9000000.0,1.0,3.0
4589,4.6,1000000.0,5.0,1.0,5.0,0.0,5000000.0,1.0,2.0
4590,4.571428571428571,1000000.0,5.0,1.0,7.0,2.0,7000000.0,1.0,3.0
4591,4.6,1000000.0,5.0,1.0,5.0,0.0,5000000.0,1.0,3.0
4592,4.666666666666667,1000000.0,5.0,1.0,6.0,2.0,6000000.0,1.0,2.0
4593,4.6,1000000.0,5.0,1.0,5.0,0.0,5000000.0,1.0,3.0
4594,5.0,1000000.0,5.0,1.0,4.0,0.0,4000000.0,1.0,1.0
4595,4.714285714285714,1000000.0,5.0,1.0,7.0,1.0,7000000.0,1.0,2.0
4596,6.053571428571429,1000000.0,9.0,1.0,168.0,1.0,168000000.0,1.0,3.0
4597,6.0229591836734695,1000000.0,9.0,1.0,392.0,4.0,392000000.0,1.0,4.0
4598,6.0,1000000.0,8.0,1.0,401.0,0.0,401000000.0,1.0,3.0
4599,6.023936170212766,1000000.0,8.0,1.0,376.0,0.0,376000000.0,1.0,3.0
4600,6.0,1000000.0,8.0,1.0,370.0,0.0,370000000.0,1.0,2.0
4601,6.0,1000000.0,8.0,1.0,370.0,0.0,370000000.0,1.0,2.0
4602,5.991891891891892,1000000.0,8.0,1.0,370.0,0.0,370000000.0,1.0,2.0
4603,6.029490616621984,1000000.0,8.0,1.0,373.0,0.0,373000000.0,1.0,3.0
4604,6.04,1000000.0,8.0,1.0,375.0,0.0,375000000.0,1.0,2.0
4605,6.035135135135135,1000000.0,8.0,1.0,370.0,0.0,370000000.0,1.0,2.0
4606,6.016085790884718,1000000.0,8.0,1.0,373.0,0.0,373000000.0,1.0,2.0
4607,6.026109660574413,1000000.0,8.0,1.0,383.0,0.0,383000000.0,1.0,2.0
4608,6.010723860589812,1000000.0,8.0,1.0,373.0,0.0,373000000.0,1.0,3.0
4609,6.0,1000000.0,8.0,1.0,376.0,0.0,376000000.0,1.0,2.0
4610,6.040650406504065,1000000.0,8.0,1.0,369.0,0.0,369000000.0,1.0,2.0
4611,6.0,1000000.0,8.0,1.0,374.0,0.0,374000000.0,1.0,2.0
4612,6.242666666666667,1000000.0,11.0,1.0,375.0,0.0,375000000.0,1.0,2.0
4613,6.080645161290323,1000000.0,9.0,1.0,372.0,0.0,372000000.0,1.0,2.0
4614,6.035911602209945,1000000.0,9.0,1.0,362.0,0.0,362000000.0,1.0,2.0
4615,6.035714285714286,1000000.0,9.0,1.0,364.0,0.0,364000000.0,1.0,2.0
4616,6.051212938005391,1000000.0,9.0,1.0,371.0,0.0,371000000.0,1.0,2.0
4617,6.02156334231806,1000000.0,9.0,1.0,371.0,0.0,371000000.0,1.0,3.0
4618,6.049315068493151,1000000.0,9.0,1.0,365.0,0.0,365000000.0,1.0,2.0
4619,6.042780748663102,1000000.0,8.0,1.0,374.0,0.0,374000000.0,1.0,2.0
4620,6.041095890410959,1000000.0,9.0,1.0,365.0,0.0,365000000.0,1.0,2.0
4621,6.47029702970297,1000000.0,10.0,1.0,202.0,17.0,202000000.0,1.0,2.0
4622,8.666666666666666,1000000.0,9.0,1.0,12.0,3.0,12000000.0,1.0,3.0
4623,8.875,1000000.0,10.0,1.0,8.0,2.0,8000000.0,1.0,3.0
4624,8.571428571428571,1000000.0,9.0,1.0,7.0,1.0,7000000.0,1.0,3.0
4625,8.5,1000000.0,9.0,1.0,4.0,1.0,4000000.0,1.0,3.0
4626,8.666666666666666,1000000.0,9.0,1.0,9.0,1.0,9000000.0,1.0,4.0
4627,8.5,1000000.0,9.0,1.0,6.0,1.0,6000000.0,1.0,3.0
4628,8.857142857142858,1000000.0,10.0,1.0,7.0,1.0,7000000.0,1.0,3.0
4629,8.714285714285714,1000000.0,10.0,1.0,7.0,2.0,7000000.0,1.0,3.0
4630,8.5,1000000.0,9.0,1.0,6.0,1.0,6000000.0,1.0,3.0
4631,8.666666666666666,1000000.0,9.0,1.0,3.0,0.0,3000000.0,1.0,2.0
4632,8.666666666666666,1000000.0,9.0,1.0,6.0,1.0,6000000.0,1.0,2.0
4633,8.75,1000000.0,9.0,1.0,4.0,0.0,4000000.0,1.0,2.0
4634,9.0,1000000.0,9.0,1.0,4.0,0.0,4000000.0,1.0,1.0
4635,8.444444444444445,1000000.0,9.0,1.0,9.0,2.0,9000000.0,1.0,4.0
4636,8.6,1000000.0,9.0,1.0,5.0,0.0,5000000.0,1.0,2.0
4637,8.6,1000000.0,9.0,1.0,5.0,0.0,5000000.0,1.0,3.0
4638,8.625,1000000.0,9.0,1.0,8.0,2.0,8000000.0,1.0,2.0
4639,9.0,1000000.0,10.0,1.0,6.0,1.0,6000000.0,1.0,3.0
4640,8.666666666666666,1000000.0,9.0,1.0,6.0,1.0,6000000.0,1.0,2.0
4641,8.571428571428571,1000000.0,10.0,1.0,7.0,2.0,7000000.0,1.0,4.0
4642,8.5,1000000.0,9.0,1.0,6.0,0.0,6000000.0,1.0,3.0
4643,8.666666666666666,1000000.0,9.0,1.0,9.0,2.0,9000000.0,1.0,3.0
4644,8.5,1000000.0,9.0,1.0,6.0,2.0,6000000.0,1.0,2.0
4645,8.571428571428571,1000000.0,9.0,1.0,7.0,0.0,7000000.0,1.0,3.0
4646,6.145,1000000.0,10.0,1.0,200.0,2.0,200000000.0,1.0,4.0
4647,5.961956521739131,1000000.0,9.0,1.0,368.0,3.0,368000000.0,1.0,4.0
4648,6.153424657534247,1000000.0,9.0,1.0,365.0,0.0,365000000.0,1.0,3.0
4649,6.033057851239669,1000000.0,9.0,1.0,363.0,0.0,363000000.0,1.0,3.0
4650,6.016304347826087,1000000.0,9.0,1.0,368.0,0.0,368000000.0,1.0,2.0
4651,6.045945945945946,1000000.0,9.0,1.0,370.0,0.0,370000000.0,1.0,2.0
4652,6.045945945945946,1000000.0,9.0,1.0,370.0,0.0,370000000.0,1.0,2.0
4653,6.02156334231806,1000000.0,9.0,1.0,371.0,0.0,371000000.0,1.0,3.0
4654,6.045454545454546,1000000.0,9.0,1.0,374.0,0.0,374000000.0,1.0,2.0
4655,6.005509641873278,1000000.0,8.0,1.0,363.0,0.0,363000000.0,1.0,2.0
4656,6.0353260869565215,1000000.0,9.0,1.0,368.0,0.0,368000000.0,1.0,2.0
4657,6.016438356164383,1000000.0,8.0,1.0,365.0,0.0,365000000.0,1.0,2.0
4658,6.013333333333334,1000000.0,9.0,1.0,375.0,0.0,375000000.0,1.0,3.0
4659,6.010695187165775,1000000.0,8.0,1.0,374.0,0.0,374000000.0,1.0,2.0
4660,6.005361930294906,1000000.0,8.0,1.0,373.0,0.0,373000000.0,1.0,2.0
4661,6.032085561497326,1000000.0,8.0,1.0,374.0,0.0,374000000.0,1.0,2.0
4662,6.034391534391534,1000000.0,8.0,1.0,378.0,0.0,378000000.0,1.0,2.0
4663,6.055555555555555,1000000.0,9.0,1.0,378.0,0.0,378000000.0,1.0,2.0
4664,5.945054945054945,1000000.0,8.0,1.0,364.0,0.0,364000000.0,1.0,2.0
4665,5.952254641909814,1000000.0,8.0,1.0,377.0,0.0,377000000.0,1.0,2.0
4666,5.93029490616622,1000000.0,8.0,1.0,373.0,0.0,373000000.0,1.0,2.0
4667,5.95945945945946,1000000.0,8.0,1.0,370.0,0.0,370000000.0,1.0,2.0
4668,5.967213114754099,1000000.0,8.0,1.0,366.0,0.0,366000000.0,1.0,2.0
4669,5.946808510638298,1000000.0,8.0,1.0,376.0,0.0,376000000.0,1.0,2.0
4670,5.954423592493297,1000000.0,8.0,1.0,373.0,0.0,373000000.0,1.0,2.0
4671,5.75,1000000.0,8.0,1.0,216.0,15.0,216000000.0,1.0,2.0
4672,4.833333333333333,1000000.0,6.0,1.0,12.0,2.0,12000000.0,1.0,2.0
4673,4.666666666666667,1000000.0,6.0,1.0,6.0,1.0,6000000.0,1.0,4.0
4674,4.777777777777778,1000000.0,6.0,1.0,9.0,2.0,9000000.0,1.0,3.0
4675,4.666666666666667,1000000.0,5.0,1.0,6.0,0.0,6000000.0,1.0,3.0
4676,4.833333333333333,1000000.0,5.0,1.0,6.0,1.0,6000000.0,1.0,2.0
4677,4.5,1000000.0,5.0,1.0,6.0,1.0,6000000.0,1.0,3.0
4678,4.666666666666667,1000000.0,5.0,1.0,6.0,1.0,6000000.0,1.0,2.0
4679,5.0,1000000.0,6.0,1.0,6.0,2.0,6000000.0,1.0,2.0
4680,4.571428571428571,1000000.0,5.0,1.0,7.0,2.0,7000000.0,1.0,2.0
4681,4.666666666666667,1000000.0,5.0,1.0,6.0,1.0,6000000.0,1.0,2.0
4682,4.5,1000000.0,5.0,1.0,8.0,2.0,8000000.0,1.0,3.0
4683,5.0,1000000.0,5.0,1.0,5.0,0.0,5000000.0,1.0,1.0
4684,4.75,1000000.0,5.0,1.0,4.0,0.0,4000000.0,1.0,2.0
4685,4.833333333333333,1000000.0,5.0,1.0,6.0,1.0,6000000.0,1.0,2.0
4686,4.625,1000000.0,5.0,1.0,8.0,1.0,8000000.0,1.0,3.0
4687,4.571428571428571,1000000.0,5.0,1.0,7.0,2.0,7000000.0,1.0,2.0
4688,5.0,1000000.0,6.0,1.0,6.0,2.0,6000000.0,1.0,2.0
4689,4.9,1000000.0,6.0,1.0,10.0,2.0,10000000.0,1.0,4.0
4690,4.571428571428571,1000000.0,5.0,1.0,7.0,1.0,7000000.0,1.0,3.0
4691,4.875,1000000.0,6.0,1.0,8.0,1.0,8000000.0,1.0,3.0
4692,5.0,1000000.0,6.0,1.0,5.0,1.0,5000000.0,1.0,3.0
4693,4.4,1000000.0,5.0,1.0,5.0,0.0,5000000.0,1.0,3.0
4694,4.571428571428571,1000000.0,5.0,1.0,7.0,1.0,7000000.0,1.0,3.0
4695,4.666666666666667,1000000.0,5.0,1.0,6.0,0.0,6000000.0,1.0,3.0
4696,5.718232044198895,1000000.0,8.0,1.0,181.0,1.0,181000000.0,1.0,4.0
4697,5.958333333333333,1000000.0,8.0,1.0,384.0,1.0,384000000.0,1.0,4.0
4698,5.958549222797927,1000000.0,8.0,1.0,386.0,0.0,386000000.0,1.0,2.0
4699,5.9171122994652405,1000000.0,8.0,1.0,374.0,0.0,374000000.0,1.0,4.0
4700,5.955145118733509,1000000.0,8.0,1.0,379.0,0.0,379000000.0,1.0,2.0
4701,5.9620596205962055,1000000.0,8.0,1.0,369.0,0.0,369000000.0,1.0,2.0
4702,5.951742627345845,1000000.0,8.0,1.0,373.0,0.0,373000000.0,1.0,2.0
4703,5.90625,1000000.0,8.0,1.0,352.0,0.0,352000000.0,1.0,3.0
4704,5.987080103359173,1000000.0,8.0,1.0,387.0,0.0,387000000.0,1.0,2.0
4705,6.007978723404255,1000000.0,9.0,1.0,376.0,0.0,376000000.0,1.0,2.0
4706,6.059299191374663,1000000.0,8.0,1.0,371.0,0.0,371000000.0,1.0,2.0
4707,6.021680216802168,1000000.0,9.0,1.0,369.0,0.0,369000000.0,1.0,2.0
4708,6.037634408602151,1000000.0,9.0,1.0,372.0,0.0,372000000.0,1.0,3.0
4709,6.071808510638298,1000000.0,9.0,1.0,376.0,0.0,376000000.0,1.0,2.0
4710,6.0,1000000.0,8.0,1.0,370.0,0.0,370000000.0,1.0,2.0
4711,6.03551912568306,1000000.0,9.0,1.0,366.0,0.0,366000000.0,1.0,2.0
4712,6.021978021978022,1000000.0,8.0,1.0,364.0,0.0,364000000.0,1.0,2.0
4713,6.129729729729729,1000000.0,11.0,1.0,370.0,0.0,370000000.0,1.0,2.0
4714,6.018518518518518,1000000.0,10.0,1.0,378.0,0.0,378000000.0,1.0,2.0
4715,6.046448087431694,1000000.0,9.0,1.0,366.0,0.0,366000000.0,1.0,2.0
4716,6.053619302949062,1000000.0,9.0,1.0,373.0,0.0,373000000.0,1.0,2.0
4717,6.02710027100271,1000000.0,8.0,1.0,369.0,0.0,369000000.0,1.0,2.0
4718,6.027548209366391,1000000.0,9.0,1.0,363.0,0.0,363000000.0,1.0,2.0
4719,6.026666666666666,1000000.0,8.0,1.0,375.0,0.0,375000000.0,1.0,2.0
4720,6.046448087431694,1000000.0,9.0,1.0,366.0,0.0,366000000.0,1.0,2.0
4721,6.389908256880734,1000000.0,10.0,1.0,218.0,16.0,218000000.0,1.0,2.0
4722,9.22222222222222,1000000.0,10.0,1.0,9.0,0.0,9000000.0,1.0,1.0
4723,8.571428571428571,1000000.0,9.0,1.0,7.0,2.0,7000000.0,1.0,2.0
4724,8.714285714285714,1000000.0,9.0,1.0,7.0,1.0,7000000.0,1.0,2.0
4725,8.714285714285714,1000000.0,9.0,1.0,7.0,1.0,7000000.0,1.0,2.0
4726,8.5,1000000.0,9.0,1.0,6.0,1.0,6000000.0,1.0,3.0
4727,8.625,1000000.0,9.0,1.0,8.0,2.0,8000000.0,1.0,3.0
4728,9.4,1000000.0,10.0,1.0,5.0,0.0,5000000.0,1.0,2.0
4729,8.5,1000000.0,9.0,1.0,6.0,2.0,6000000.0,1.0,3.0
4730,8.571428571428571,1000000.0,9.0,1.0,7.0,1.0,7000000.0,1.0,3.0
4731,8.833333333333334,1000000.0,10.0,1.0,6.0,2.0,6000000.0,1.0,2.0
4732,8.625,1000000.0,9.0,1.0,8.0,0.0,8000000.0,1.0,3.0
4733,8.4,1000000.0,9.0,1.0,5.0,0.0,5000000.0,1.0,3.0
4734,8.75,1000000.0,9.0,1.0,4.0,0.0,4000000.0,1.0,2.0
4735,8.714285714285714,1000000.0,10.0,1.0,7.0,3.0,7000000.0,1.0,3.0
4736,8.666666666666666,1000000.0,9.0,1.0,6.0,1.0,6000000.0,1.0,2.0
4737,8.666666666666666,1000000.0,9.0,1.0,6.0,1.0,6000000.0,1.0,2.0
4738,9.25,1000000.0,10.0,1.0,4.0,0.0,4000000.0,1.0,2.0
4739,9.2,1000000.0,10.0,1.0,5.0,0.0,5000000.0,1.0,2.0
4740,8.571428571428571,1000000.0,9.0,1.0,7.0,1.0,7000000.0,1.0,3.0
4741,8.666666666666666,1000000.0,9.0,1.0,6.0,2.0,6000000.0,1.0,2.0
4742,8.666666666666666,1000000.0,9.0,1.0,6.0,0.0,6000000.0,1.0,3.0
4743,8.666666666666666,1000000.0,9.0,1.0,6.0,0.0,6000000.0,1.0,3.0
4744,8.6,1000000.0,9.0,1.0,5.0,0.0,5000000.0,1.0,3.0
4745,8.5,1000000.0,9.0,1.0,6.0,1.0,6000000.0,1.0,3.0
4746,6.162650602409639,1000000.0,9.0,1.0,166.0,0.0,166000000.0,1.0,2.0
4747,6.088541666666667,1000000.0,9.0,1.0,384.0,0.0,384000000.0,1.0,4.0
4748,6.185676392572944,1000000.0,10.0,1.0,377.0,4.0,377000000.0,1.0,4.0
4749,6.012755102040816,1000000.0,9.0,1.0,392.0,0.0,392000000.0,1.0,3.0
4750,6.024523160762943,1000000.0,9.0,1.0,367.0,0.0,367000000.0,1.0,2.0
4751,6.024193548387097,1000000.0,8.0,1.0,372.0,0.0,372000000.0,1.0,2.0
4752,6.02680965147453,1000000.0,8.0,1.0,373.0,0.0,373000000.0,1.0,2.0
4753,6.0,1000000.0,8.0,1.0,375.0,0.0,375000000.0,1.0,3.0
4754,5.989304812834225,1000000.0,8.0,1.0,374.0,0.0,374000000.0,1.0,2.0
4755,6.018970189701897,1000000.0,8.0,1.0,369.0,0.0,369000000.0,1.0,2.0
4756,6.005449591280654,1000000.0,8.0,1.0,367.0,0.0,367000000.0,1.0,2.0
4757,6.010869565217392,1000000.0,8.0,1.0,368.0,0.0,368000000.0,1.0,2.0
4758,6.024193548387097,1000000.0,8.0,1.0,372.0,0.0,372000000.0,1.0,3.0
4759,6.026455026455026,1000000.0,8.0,1.0,378.0,0.0,378000000.0,1.0,2.0
4760,6.035135135135135,1000000.0,8.0,1.0,370.0,0.0,370000000.0,1.0,2.0
4761,6.008130081300813,1000000.0,8.0,1.0,369.0,0.0,369000000.0,1.0,2.0
4762,6.0,1000000.0,8.0,1.0,367.0,0.0,367000000.0,1.0,2.0
4763,5.96978021978022,1000000.0,8.0,1.0,364.0,0.0,364000000.0,1.0,2.0
4764,6.047745358090186,1000000.0,9.0,1.0,377.0,0.0,377000000.0,1.0,2.0
4765,5.965333333333334,1000000.0,8.0,1.0,375.0,0.0,375000000.0,1.0,2.0
4766,5.997361477572559,1000000.0,8.0,1.0,379.0,0.0,379000000.0,1.0,2.0
4767,5.967654986522911,1000000.0,8.0,1.0,371.0,0.0,371000000.0,1.0,2.0
4768,5.957333333333334,1000000.0,8.0,1.0,375.0,0.0,375000000.0,1.0,2.0
4769,5.935828877005347,1000000.0,8.0,1.0,374.0,0.0,374000000.0,1.0,2.0
4770,6.010498687664042,1000000.0,8.0,1.0,381.0,0.0,381000000.0,1.0,2.0
4771,6.238095238095238,1000000.0,10.0,1.0,231.0,15.0,231000000.0,1.0,2.0
4772,8.8,1000000.0,10.0,1.0,15.0,5.0,15000000.0,1.0,3.0
4773,8.8,1000000.0,9.0,1.0,5.0,0.0,5000000.0,1.0,2.0
4774,8.571428571428571,1000000.0,9.0,1.0,7.0,2.0,7000000.0,1.0,2.0
4775,8.6,1000000.0,9.0,1.0,5.0,0.0,5000000.0,1.0,3.0
4776,8.666666666666666,1000000.0,9.0,1.0,6.0,0.0,6000000.0,1.0,2.0
4777,8.714285714285714,1000000.0,9.0,1.0,7.0,1.0,7000000.0,1.0,2.0
4778,8.75,1000000.0,9.0,1.0,4.0,0.0,4000000.0,1.0,2.0
4779,8.666666666666666,1000000.0,9.0,1.0,6.0,1.0,6000000.0,1.0,3.0
4780,8.8,1000000.0,9.0,1.0,5.0,0.0,5000000.0,1.0,2.0
4781,9.0,1000000.0,9.0,1.0,3.0,0.0,3000000.0,1.0,1.0
4782,8.714285714285714,1000000.0,9.0,1.0,7.0,1.0,7000000.0,1.0,4.0
4783,8.666666666666666,1000000.0,9.0,1.0,6.0,1.0,6000000.0,1.0,2.0
4784,8.833333333333334,1000000.0,10.0,1.0,6.0,1.0,6000000.0,1.0,3.0
4785,8.333333333333334,1000000.0,9.0,1.0,6.0,1.0,6000000.0,1.0,3.0
4786,8.5,1000000.0,9.0,1.0,6.0,0.0,6000000.0,1.0,3.0
4787,8.6,1000000.0,9.0,1.0,5.0,1.0,5000000.0,1.0,3.0
4788,8.6,1000000.0,9.0,1.0,10.0,0.0,10000000.0,1.0,3.0
4789,8.666666666666666,1000000.0,9.0,1.0,3.0,0.0,3000000.0,1.0,2.0
4790,8.625,1000000.0,9.0,1.0,8.0,0.0,8000000.0,1.0,3.0
4791,8.571428571428571,1000000.0,9.0,1.0,7.0,1.0,7000000.0,1.0,3.0
4792,8.428571428571429,1000000.0,9.0,1.0,7.0,2.0,7000000.0,1.0,3.0
4793,8.666666666666666,1000000.0,9.0,1.0,6.0,1.0,6000000.0,1.0,4.0
4794,8.714285714285714,1000000.0,9.0,1.0,7.0,0.0,7000000.0,1.0,3.0
4795,8.5,1000000.0,9.0,1.0,6.0,0.0,6000000.0,1.0,3.0
4796,6.0397727272727275,1000000.0,9.0,1.0,176.0,5.0,176000000.0,1.0,3.0
4797,6.060913705583756,1000000.0,9.0,1.0,394.0,1.0,394000000.0,1.0,4.0
4798,6.154727793696275,1000000.0,9.0,1.0,349.0,0.0,349000000.0,1.0,4.0
4799,6.01123595505618,1000000.0,11.0,1.0,356.0,1.0,356000000.0,1.0,4.0
4800,6.044736842105263,1000000.0,9.0,1.0,380.0,0.0,380000000.0,1.0,2.0
4801,6.032697547683924,1000000.0,9.0,1.0,367.0,0.0,367000000.0,1.0,2.0
4802,6.0271739130434785,1000000.0,9.0,1.0,368.0,0.0,368000000.0,1.0,2.0
4803,6.021739130434782,1000000.0,8.0,1.0,368.0,0.0,368000000.0,1.0,3.0
4804,6.085790884718499,1000000.0,9.0,1.0,373.0,0.0,373000000.0,1.0,2.0
4805,6.032171581769437,1000000.0,9.0,1.0,373.0,0.0,373000000.0,1.0,2.0
4806,6.029810298102981,1000000.0,9.0,1.0,369.0,0.0,369000000.0,1.0,2.0
4807,6.051490514905149,1000000.0,9.0,1.0,369.0,0.0,369000000.0,1.0,2.0
4808,6.040322580645161,1000000.0,9.0,1.0,372.0,0.0,372000000.0,1.0,3.0
4809,6.047745358090186,1000000.0,8.0,1.0,377.0,0.0,377000000.0,1.0,2.0
4810,6.051212938005391,1000000.0,9.0,1.0,371.0,0.0,371000000.0,1.0,2.0
4811,6.03475935828877,1000000.0,9.0,1.0,374.0,0.0,374000000.0,1.0,2.0
4812,6.054054054054054,1000000.0,8.0,1.0,370.0,0.0,370000000.0,1.0,2.0
4813,6.032432432432432,1000000.0,8.0,1.0,370.0,0.0,370000000.0,1.0,2.0
4814,6.021978021978022,1000000.0,9.0,1.0,364.0,0.0,364000000.0,1.0,2.0
4815,6.354223433242507,1000000.0,11.0,1.0,367.0,0.0,367000000.0,1.0,2.0
4816,6.061994609164421,1000000.0,9.0,1.0,371.0,0.0,371000000.0,1.0,2.0
4817,6.024324324324325,1000000.0,8.0,1.0,370.0,0.0,370000000.0,1.0,2.0
4818,6.024193548387097,1000000.0,8.0,1.0,372.0,0.0,372000000.0,1.0,2.0
4819,6.0220994475138125,1000000.0,8.0,1.0,362.0,0.0,362000000.0,1.0,2.0
4820,6.031914893617022,1000000.0,8.0,1.0,376.0,0.0,376000000.0,1.0,2.0
4821,5.89873417721519,1000000.0,8.0,1.0,237.0,16.0,237000000.0,1.0,2.0
4822,5.090909090909091,1000000.0,6.0,1.0,11.0,0.0,11000000.0,1.0,2.0
4823,4.571428571428571,1000000.0,5.0,1.0,7.0,1.0,7000000.0,1.0,3.0
4824,4.625,1000000.0,5.0,1.0,8.0,1.0,8000000.0,1.0,3.0
4825,4.5,1000000.0,5.0,1.0,6.0,1.0,6000000.0,1.0,3.0
4826,4.4,1000000.0,5.0,1.0,5.0,0.0,5000000.0,1.0,2.0
4827,4.8,1000000.0,5.0,1.0,5.0,0.0,5000000.0,1.0,2.0
4828,4.8,1000000.0,5.0,1.0,5.0,1.0,5000000.0,1.0,2.0
4829,4.833333333333333,1000000.0,5.0,1.0,6.0,0.0,6000000.0,1.0,2.0
4830,5.0,1000000.0,5.0,1.0,4.0,0.0,4000000.0,1.0,1.0
4831,4.75,1000000.0,5.0,1.0,4.0,0.0,4000000.0,1.0,2.0
4832,4.571428571428571,1000000.0,5.0,1.0,7.0,3.0,7000000.0,1.0,2.0
4833,4.571428571428571,1000000.0,5.0,1.0,7.0,1.0,7000000.0,1.0,3.0
4834,4.8,1000000.0,5.0,1.0,5.0,0.0,5000000.0,1.0,2.0
4835,5.2,1000000.0,6.0,1.0,5.0,1.0,5000000.0,1.0,2.0
4836,4.666666666666667,1000000.0,5.0,1.0,6.0,1.0,6000000.0,1.0,2.0
4837,4.625,1000000.0,5.0,1.0,8.0,1.0,8000000.0,1.0,3.0
4838,4.666666666666667,1000000.0,5.0,1.0,3.0,1.0,3000000.0,1.0,2.0
4839,4.666666666666667,1000000.0,5.0,1.0,6.0,1.0,6000000.0,1.0,2.0
4840,4.857142857142857,1000000.0,6.0,1.0,7.0,1.0,7000000.0,1.0,3.0
4841,4.875,1000000.0,6.0,1.0,8.0,3.0,8000000.0,1.0,3.0
4842,4.5,1000000.0,5.0,1.0,4.0,1.0,4000000.0,1.0,2.0
4843,4.5,1000000.0,5.0,1.0,6.0,0.0,6000000.0,1.0,3.0
4844,4.5,1000000.0,5.0,1.0,8.0,1.0,8000000.0,1.0,3.0
4845,4.666666666666667,1000000.0,5.0,1.0,6.0,0.0,6000000.0,1.0,3.0
4846,5.790123456790123,1000000.0,8.0,1.0,162.0,1.0,162000000.0,1.0,3.0
4847,5.91005291005291,1000000.0,8.0,1.0,378.0,2.0,378000000.0,1.0,4.0
4848,5.968831168831169,1000000.0,8.0,1.0,385.0,0.0,385000000.0,1.0,3.0
4849,5.979002624671916,1000000.0,9.0,1.0,381.0,0.0,381000000.0,1.0,3.0
4850,5.973474801061008,1000000.0,8.0,1.0,377.0,0.0,377000000.0,1.0,2.0
4851,5.9634464751958225,1000000.0,8.0,1.0,383.0,0.0,383000000.0,1.0,2.0
4852,5.954177897574124,1000000.0,8.0,1.0,371.0,0.0,371000000.0,1.0,2.0
4853,5.936339522546419,1000000.0,8.0,1.0,377.0,0.0,377000000.0,1.0,3.0
4854,5.852367688022284,1000000.0,8.0,1.0,359.0,0.0,359000000.0,1.0,2.0
4855,5.96514745308311,1000000.0,8.0,1.0,373.0,0.0,373000000.0,1.0,2.0
4856,5.949197860962567,1000000.0,8.0,1.0,374.0,0.0,374000000.0,1.0,2.0
4857,5.956989247311828,1000000.0,8.0,1.0,372.0,0.0,372000000.0,1.0,2.0
4858,5.9411764705882355,1000000.0,8.0,1.0,374.0,0.0,374000000.0,1.0,2.0
4859,5.952254641909814,1000000.0,8.0,1.0,377.0,0.0,377000000.0,1.0,2.0
4860,5.859598853868195,1000000.0,8.0,1.0,349.0,0.0,349000000.0,1.0,2.0
4861,5.954423592493297,1000000.0,8.0,1.0,373.0,0.0,373000000.0,1.0,2.0
4862,5.94385026737968,1000000.0,8.0,1.0,374.0,0.0,374000000.0,1.0,2.0
4863,5.954666666666666,1000000.0,9.0,1.0,375.0,0.0,375000000.0,1.0,2.0
4864,5.9762532981530345,1000000.0,9.0,1.0,379.0,0.0,379000000.0,1.0,2.0
4865,6.0572207084468666,1000000.0,10.0,1.0,367.0,0.0,367000000.0,1.0,2.0
4866,6.010204081632653,1000000.0,8.0,1.0,392.0,0.0,392000000.0,1.0,2.0
4867,6.053191489361702,1000000.0,11.0,1.0,376.0,0.0,376000000.0,1.0,2.0
4868,6.03551912568306,1000000.0,11.0,1.0,366.0,0.0,366000000.0,1.0,2.0
4869,6.048128342245989,1000000.0,9.0,1.0,374.0,0.0,374000000.0,1.0,2.0
4870,6.043478260869565,1000000.0,8.0,1.0,368.0,0.0,368000000.0,1.0,2.0
4871,6.390946502057613,1000000.0,10.0,1.0,243.0,18.0,243000000.0,1.0,3.0
4872,8.882352941176471,1000000.0,10.0,1.0,17.0,3.0,17000000.0,1.0,4.0
4873,8.5,1000000.0,9.0,1.0,6.0,1.0,6000000.0,1.0,3.0
4874,8.571428571428571,1000000.0,9.0,1.0,7.0,2.0,7000000.0,1.0,3.0
4875,8.6,1000000.0,9.0,1.0,5.0,1.0,5000000.0,1.0,2.0
4876,8.5,1000000.0,9.0,1.0,6.0,0.0,6000000.0,1.0,3.0
4877,9.0,1000000.0,9.0,1.0,4.0,0.0,4000000.0,1.0,1.0
4878,8.857142857142858,1000000.0,10.0,1.0,7.0,1.0,7000000.0,1.0,3.0
4879,8.6,1000000.0,9.0,1.0,5.0,1.0,5000000.0,1.0,3.0
4880,8.666666666666666,1000000.0,10.0,1.0,6.0,0.0,6000000.0,1.0,4.0
4881,8.857142857142858,1000000.0,10.0,1.0,7.0,2.0,7000000.0,1.0,2.0
4882,8.5,1000000.0,9.0,1.0,4.0,0.0,4000000.0,1.0,2.0
4883,9.25,1000000.0,10.0,1.0,4.0,0.0,4000000.0,1.0,2.0
4884,8.8,1000000.0,9.0,1.0,5.0,0.0,5000000.0,1.0,2.0
4885,8.5,1000000.0,9.0,1.0,4.0,0.0,4000000.0,1.0,3.0
4886,8.6,1000000.0,9.0,1.0,5.0,0.0,5000000.0,1.0,2.0
4887,8.666666666666666,1000000.0,9.0,1.0,6.0,0.0,6000000.0,1.0,2.0
4888,8.777777777777779,1000000.0,10.0,1.0,9.0,3.0,9000000.0,1.0,3.0
4889,9.0,1000000.0,10.0,1.0,8.0,0.0,8000000.0,1.0,3.0
4890,8.6,1000000.0,9.0,1.0,5.0,1.0,5000000.0,1.0,3.0
4891,9.3,1000000.0,10.0,1.0,10.0,3.0,10000000.0,1.0,3.0
4892,8.5,1000000.0,9.0,1.0,8.0,0.0,8000000.0,1.0,3.0
4893,8.6,1000000.0,9.0,1.0,5.0,1.0,5000000.0,1.0,3.0
4894,8.571428571428571,1000000.0,10.0,1.0,7.0,1.0,7000000.0,1.0,3.0
4895,9.0,1000000.0,10.0,1.0,5.0,0.0,5000000.0,1.0,3.0
4896,6.019354838709678,1000000.0,9.0,1.0,155.0,0.0,155000000.0,1.0,2.0
4897,5.989664082687338,1000000.0,10.0,1.0,387.0,1.0,387000000.0,1.0,4.0
4898,6.054973821989528,1000000.0,9.0,1.0,382.0,1.0,382000000.0,1.0,4.0
4899,6.076923076923077,1000000.0,9.0,1.0,364.0,0.0,364000000.0,1.0,3.0
4900,6.152777777777778,1000000.0,9.0,1.0,360.0,0.0,360000000.0,1.0,2.0
4901,6.051212938005391,1000000.0,9.0,1.0,371.0,0.0,371000000.0,1.0,2.0
4902,6.032786885245901,1000000.0,8.0,1.0,366.0,0.0,366000000.0,1.0,2.0
4903,6.046070460704607,1000000.0,9.0,1.0,369.0,0.0,369000000.0,1.0,3.0
4904,6.045698924731183,1000000.0,9.0,1.0,372.0,0.0,372000000.0,1.0,2.0
4905,6.079019073569483,1000000.0,9.0,1.0,367.0,0.0,367000000.0,1.0,2.0
4906,6.052054794520548,1000000.0,9.0,1.0,365.0,0.0,365000000.0,1.0,2.0
4907,6.07774798927614,1000000.0,10.0,1.0,373.0,0.0,373000000.0,1.0,3.0
4908,6.038147138964578,1000000.0,8.0,1.0,367.0,0.0,367000000.0,1.0,2.0
4909,6.080332409972299,1000000.0,9.0,1.0,361.0,0.0,361000000.0,1.0,2.0
4910,6.0212765957446805,1000000.0,8.0,1.0,376.0,0.0,376000000.0,1.0,2.0
4911,6.032608695652174,1000000.0,8.0,1.0,368.0,0.0,368000000.0,1.0,2.0
4912,6.016085790884718,1000000.0,8.0,1.0,373.0,0.0,373000000.0,1.0,2.0
4913,5.962365591397849,1000000.0,8.0,1.0,372.0,0.0,372000000.0,1.0,2.0
4914,5.921832884097035,1000000.0,8.0,1.0,371.0,0.0,371000000.0,1.0,2.0
4915,5.967741935483871,1000000.0,8.0,1.0,372.0,0.0,372000000.0,1.0,2.0
4916,6.020779220779221,1000000.0,9.0,1.0,385.0,0.0,385000000.0,1.0,2.0
4917,5.946380697050938,1000000.0,8.0,1.0,373.0,0.0,373000000.0,1.0,2.0
4918,5.978142076502732,1000000.0,8.0,1.0,366.0,0.0,366000000.0,1.0,2.0
4919,5.9763779527559056,1000000.0,8.0,1.0,381.0,0.0,381000000.0,1.0,2.0
4920,5.970899470899471,1000000.0,8.0,1.0,378.0,0.0,378000000.0,1.0,2.0
4921,5.8084291187739465,1000000.0,8.0,1.0,261.0,15.0,261000000.0,1.0,2.0
4922,4.8125,1000000.0,6.0,1.0,16.0,2.0,16000000.0,1.0,3.0
4923,4.5,1000000.0,5.0,1.0,6.0,1.0,6000000.0,1.0,3.0
4924,4.666666666666667,1000000.0,6.0,1.0,6.0,2.0,6000000.0,1.0,3.0
4925,4.714285714285714,1000000.0,5.0,1.0,7.0,1.0,7000000.0,1.0,2.0
4926,4.5,1000000.0,5.0,1.0,8.0,1.0,8000000.0,1.0,3.0
4927,4.4,1000000.0,5.0,1.0,5.0,0.0,5000000.0,1.0,3.0
4928,4.714285714285714,1000000.0,5.0,1.0,7.0,0.0,7000000.0,1.0,3.0
4929,5.0,1000000.0,6.0,1.0,7.0,2.0,7000000.0,1.0,2.0
4930,4.666666666666667,1000000.0,5.0,1.0,6.0,0.0,6000000.0,1.0,3.0
4931,4.75,1000000.0,6.0,1.0,8.0,1.0,8000000.0,1.0,3.0
4932,4.571428571428571,1000000.0,5.0,1.0,7.0,1.0,7000000.0,1.0,3.0
4933,4.666666666666667,1000000.0,5.0,1.0,6.0,1.0,6000000.0,1.0,2.0
4934,4.666666666666667,1000000.0,5.0,1.0,6.0,1.0,6000000.0,1.0,2.0
4935,4.6,1000000.0,5.0,1.0,5.0,1.0,5000000.0,1.0,3.0
4936,4.5,1000000.0,5.0,1.0,6.0,1.0,6000000.0,1.0,3.0
4937,5.0,1000000.0,6.0,1.0,7.0,1.0,7000000.0,1.0,3.0
4938,4.5,1000000.0,5.0,1.0,8.0,3.0,8000000.0,1.0,3.0
4939,4.571428571428571,1000000.0,5.0,1.0,7.0,0.0,7000000.0,1.0,3.0
4940,4.75,1000000.0,5.0,1.0,4.0,1.0,4000000.0,1.0,2.0
4941,4.5,1000000.0,5.0,1.0,4.0,1.0,4000000.0,1.0,3.0
4942,4.625,1000000.0,5.0,1.0,8.0,0.0,8000000.0,1.0,3.0
4943,4.666666666666667,1000000.0,5.0,1.0,6.0,1.0,6000000.0,1.0,3.0
4944,4.6,1000000.0,5.0,1.0,5.0,1.0,5000000.0,1.0,3.0
4945,4.833333333333333,1000000.0,6.0,1.0,6.0,0.0,6000000.0,1.0,3.0
4946,5.716216216216216,1000000.0,8.0,1.0,148.0,1.0,148000000.0,1.0,3.0
4947,5.947229551451187,1000000.0,8.0,1.0,379.0,2.0,379000000.0,1.0,4.0
4948,5.9605263157894735,1000000.0,8.0,1.0,380.0,0.0,380000000.0,1.0,2.0
4949,5.939313984168866,1000000.0,8.0,1.0,379.0,0.0,379000000.0,1.0,4.0
4950,5.968253968253968,1000000.0,8.0,1.0,378.0,0.0,378000000.0,1.0,3.0
4951,5.954545454545454,1000000.0,8.0,1.0,374.0,0.0,374000000.0,1.0,2.0
4952,5.935828877005347,1000000.0,8.0,1.0,374.0,0.0,374000000.0,1.0,2.0
4953,5.949468085106383,1000000.0,8.0,1.0,376.0,0.0,376000000.0,1.0,4.0
4954,5.94488188976378,1000000.0,8.0,1.0,381.0,0.0,381000000.0,1.0,2.0
4955,5.975806451612903,1000000.0,11.0,1.0,372.0,0.0,372000000.0,1.0,2.0
4956,6.013513513513513,1000000.0,9.0,1.0,370.0,0.0,370000000.0,1.0,2.0
4957,6.075675675675676,1000000.0,9.0,1.0,370.0,0.0,370000000.0,1.0,2.0
4958,6.016528925619835,1000000.0,8.0,1.0,363.0,0.0,363000000.0,1.0,2.0
4959,6.058510638297872,1000000.0,10.0,1.0,376.0,0.0,376000000.0,1.0,2.0
4960,6.07027027027027,1000000.0,9.0,1.0,370.0,0.0,370000000.0,1.0,2.0
4961,6.005479452054795,1000000.0,8.0,1.0,365.0,0.0,365000000.0,1.0,2.0
4962,6.032876712328767,1000000.0,11.0,1.0,365.0,0.0,365000000.0,1.0,2.0
4963,6.0272479564032695,1000000.0,8.0,1.0,367.0,0.0,367000000.0,1.0,2.0
4964,6.056756756756757,1000000.0,9.0,1.0,370.0,0.0,370000000.0,1.0,2.0
4965,6.019178082191781,1000000.0,9.0,1.0,365.0,0.0,365000000.0,1.0,2.0
4966,6.077956989247312,1000000.0,9.0,1.0,372.0,0.0,372000000.0,1.0,2.0
4967,6.190839694656488,1000000.0,11.0,1.0,393.0,0.0,393000000.0,1.0,2.0
4968,6.026525198938992,1000000.0,8.0,1.0,377.0,0.0,377000000.0,1.0,2.0
4969,6.058510638297872,1000000.0,9.0,1.0,376.0,0.0,376000000.0,1.0,2.0
4970,6.0431266846361185,1000000.0,9.0,1.0,371.0,0.0,371000000.0,1.0,2.0
4971,6.237354085603113,1000000.0,10.0,1.0,257.0,15.0,257000000.0,1.0,2.0
4972,8.941176470588236,1000000.0,10.0,1.0,17.0,3.0,17000000.0,1.0,4.0
4973,8.4,1000000.0,9.0,1.0,5.0,0.0,5000000.0,1.0,3.0
4974,8.666666666666666,1000000.0,9.0,1.0,6.0,1.0,6000000.0,1.0,2.0
4975,8.6,1000000.0,9.0,1.0,5.0,1.0,5000000.0,1.0,3.0
4976,8.8,1000000.0,9.0,1.0,5.0,0.0,5000000.0,1.0,2.0
4977,8.6,1000000.0,9.0,1.0,5.0,0.0,5000000.0,1.0,3.0
4978,8.8,1000000.0,9.0,1.0,5.0,0.0,5000000.0,1.0,2.0
4979,8.5,1000000.0,9.0,1.0,4.0,2.0,4000000.0,1.0,2.0
4980,8.571428571428571,1000000.0,9.0,1.0,7.0,1.0,7000000.0,1.0,3.0
4981,8.5,1000000.0,9.0,1.0,6.0,0.0,6000000.0,1.0,3.0
4982,8.666666666666666,1000000.0,9.0,1.0,6.0,0.0,6000000.0,1.0,3.0
4983,8.571428571428571,1000000.0,9.0,1.0,7.0,1.0,7000000.0,1.0,3.0
4984,8.714285714285714,1000000.0,9.0,1.0,7.0,1.0,7000000.0,1.0,2.0
4985,8.6,1000000.0,9.0,1.0,5.0,2.0,5000000.0,1.0,2.0
4986,8.666666666666666,1000000.0,9.0,1.0,6.0,1.0,6000000.0,1.0,2.0
4987,8.625,1000000.0,9.0,1.0,8.0,1.0,8000000.0,1.0,4.0
4988,8.571428571428571,1000000.0,9.0,1.0,7.0,0.0,7000000.0,1.0,3.0
4989,8.4,1000000.0,9.0,1.0,5.0,1.0,5000000.0,1.0,3.0
4990,8.75,1000000.0,10.0,1.0,8.0,2.0,8000000.0,1.0,3.0
4991,8.6,1000000.0,9.0,1.0,5.0,1.0,5000000.0,1.0,2.0
4992,8.666666666666666,1000000.0,9.0,1.0,6.0,1.0,6000000.0,1.0,3.0
4993,8.571428571428571,1000000.0,9.0,1.0,7.0,1.0,7000000.0,1.0,3.0
4994,8.5,1000000.0,9.0,1.0,6.0,0.0,6000000.0,1.0,3.0
4995,8.5,1000000.0,9.0,1.0,6.0,1.0,6000000.0,1.0,3.0
4996,6.029411764705882,1000000.0,9.0,1.0,136.0,0.0,136000000.0,1.0,3.0
4997,6.0,1000000.0,8.0,1.0,400.0,0.0,400000000.0,1.0,2.0
4998,6.294478527607362,1000000.0,10.0,1.0,326.0,0.0,326000000.0,1.0,2.0
4999,6.294478527607362,1000000.0,10.0,1.0,326.0,0.0,326000000.0,1.0,2.0
