idx,avg_core_id,avg_weight_ns,max_core_id,running_fraction,samples_per_bucket,sentinel_count,total_weight_ns,unique_process_count,unique_thread_count
0,4.838006230529595,1000000.0,7.0,1.0,321.0,0.0,321000000.0,1.0,2.0
1,5.19375,1000000.0,8.0,1.0,320.0,0.0,320000000.0,1.0,2.0
2,4.614678899082569,1000000.0,5.0,1.0,327.0,0.0,327000000.0,1.0,2.0
3,4.582554517133956,1000000.0,5.0,1.0,321.0,0.0,321000000.0,1.0,2.0
4,7.773006134969325,1000000.0,9.0,1.0,326.0,0.0,326000000.0,1.0,2.0
5,8.49375,1000000.0,10.0,1.0,320.0,0.0,320000000.0,1.0,2.0
6,8.46583850931677,1000000.0,9.0,1.0,322.0,0.0,322000000.0,1.0,2.0
7,8.63375796178344,1000000.0,9.0,1.0,314.0,0.0,314000000.0,1.0,2.0
8,8.617283950617283,1000000.0,9.0,1.0,324.0,0.0,324000000.0,1.0,2.0
9,8.625,1000000.0,9.0,1.0,320.0,0.0,320000000.0,1.0,2.0
10,8.609756097560975,1000000.0,9.0,1.0,328.0,0.0,328000000.0,1.0,2.0
11,8.626168224299066,1000000.0,9.0,1.0,321.0,0.0,321000000.0,1.0,2.0
12,8.720496894409937,1000000.0,10.0,1.0,322.0,0.0,322000000.0,1.0,2.0
13,8.441269841269841,1000000.0,9.0,1.0,315.0,0.0,315000000.0,1.0,2.0
14,8.382716049382717,1000000.0,9.0,1.0,324.0,0.0,324000000.0,1.0,2.0
15,8.373040752351097,1000000.0,9.0,1.0,319.0,0.0,319000000.0,1.0,2.0
16,8.375776397515528,1000000.0,9.0,1.0,322.0,0.0,322000000.0,1.0,2.0
17,8.381987577639752,1000000.0,9.0,1.0,322.0,0.0,322000000.0,1.0,2.0
18,8.363924050632912,1000000.0,9.0,1.0,316.0,0.0,316000000.0,1.0,2.0
19,8.386996904024768,1000000.0,9.0,1.0,323.0,0.0,323000000.0,1.0,2.0
20,8.388379204892967,1000000.0,9.0,1.0,327.0,0.0,327000000.0,1.0,2.0
21,8.663551401869158,1000000.0,11.0,1.0,321.0,0.0,321000000.0,1.0,2.0
22,8.604229607250755,1000000.0,9.0,1.0,331.0,0.0,331000000.0,1.0,2.0
23,8.64423076923077,1000000.0,10.0,1.0,312.0,0.0,312000000.0,1.0,3.0
24,8.687116564417177,1000000.0,10.0,1.0,326.0,0.0,326000000.0,1.0,2.0
25,8.628930817610064,1000000.0,9.0,1.0,318.0,0.0,318000000.0,1.0,2.0
26,8.613496932515337,1000000.0,9.0,1.0,326.0,0.0,326000000.0,1.0,2.0
27,5.322784810126582,1000000.0,9.0,1.0,316.0,0.0,316000000.0,1.0,2.0
28,4.6191950464396285,1000000.0,5.0,1.0,323.0,0.0,323000000.0,1.0,2.0
29,4.537735849056604,1000000.0,6.0,1.0,318.0,0.0,318000000.0,1.0,2.0
30,4.375,1000000.0,5.0,1.0,320.0,0.0,320000000.0,1.0,2.0
31,4.367924528301887,1000000.0,5.0,1.0,318.0,0.0,318000000.0,1.0,2.0
32,4.697530864197531,1000000.0,6.0,1.0,324.0,0.0,324000000.0,1.0,2.0
33,4.579937304075235,1000000.0,5.0,1.0,319.0,0.0,319000000.0,1.0,2.0
34,4.4818181818181815,1000000.0,5.0,1.0,330.0,0.0,330000000.0,1.0,2.0
35,4.540880503144654,1000000.0,8.0,1.0,318.0,0.0,318000000.0,1.0,2.0
36,4.386503067484663,1000000.0,5.0,1.0,326.0,0.0,326000000.0,1.0,2.0
37,4.3730407523510975,1000000.0,5.0,1.0,319.0,0.0,319000000.0,1.0,2.0
38,4.387692307692308,1000000.0,5.0,1.0,325.0,0.0,325000000.0,1.0,2.0
39,4.368589743589744,1000000.0,5.0,1.0,312.0,0.0,312000000.0,1.0,2.0
40,4.4375,1000000.0,6.0,1.0,320.0,0.0,320000000.0,1.0,2.0
41,4.610429447852761,1000000.0,5.0,1.0,326.0,0.0,326000000.0,1.0,2.0
42,4.784810126582278,1000000.0,6.0,1.0,316.0,0.0,316000000.0,1.0,2.0
43,4.604863221884498,1000000.0,5.0,1.0,329.0,0.0,329000000.0,1.0,2.0
44,4.617283950617284,1000000.0,5.0,1.0,324.0,0.0,324000000.0,1.0,2.0
45,4.62111801242236,1000000.0,8.0,1.0,322.0,0.0,322000000.0,1.0,3.0
46,5.744548286604362,1000000.0,8.0,1.0,321.0,0.0,321000000.0,1.0,2.0
47,6.701923076923077,1000000.0,8.0,1.0,312.0,0.0,312000000.0,1.0,2.0
48,5.518518518518518,1000000.0,8.0,1.0,324.0,0.0,324000000.0,1.0,2.0
49,5.544025157232705,1000000.0,8.0,1.0,318.0,0.0,318000000.0,1.0,2.0
50,5.492163009404389,1000000.0,8.0,1.0,319.0,0.0,319000000.0,1.0,2.0
51,5.732704402515723,1000000.0,9.0,1.0,318.0,0.0,318000000.0,1.0,2.0
52,5.530864197530864,1000000.0,8.0,1.0,324.0,0.0,324000000.0,1.0,2.0
53,5.5125,1000000.0,8.0,1.0,320.0,0.0,320000000.0,1.0,2.0
54,5.492163009404389,1000000.0,8.0,1.0,319.0,0.0,319000000.0,1.0,2.0
55,5.507788161993769,1000000.0,8.0,1.0,321.0,0.0,321000000.0,1.0,2.0
56,5.523219814241486,1000000.0,8.0,1.0,323.0,0.0,323000000.0,1.0,2.0
57,5.484276729559748,1000000.0,8.0,1.0,318.0,0.0,318000000.0,1.0,2.0
58,5.476340694006309,1000000.0,8.0,1.0,317.0,0.0,317000000.0,1.0,2.0
59,6.211180124223603,1000000.0,8.0,1.0,322.0,0.0,322000000.0,1.0,2.0
60,6.45398773006135,1000000.0,8.0,1.0,326.0,0.0,326000000.0,1.0,2.0
61,6.523659305993691,1000000.0,8.0,1.0,317.0,0.0,317000000.0,1.0,2.0
62,6.5125,1000000.0,8.0,1.0,320.0,0.0,320000000.0,1.0,2.0
63,6.4875,1000000.0,8.0,1.0,320.0,0.0,320000000.0,1.0,2.0
64,6.496894409937888,1000000.0,8.0,1.0,322.0,0.0,322000000.0,1.0,2.0
65,6.50314465408805,1000000.0,8.0,1.0,318.0,0.0,318000000.0,1.0,2.0
66,6.434250764525994,1000000.0,8.0,1.0,327.0,0.0,327000000.0,1.0,2.0
67,6.5,1000000.0,8.0,1.0,320.0,0.0,320000000.0,1.0,2.0
68,6.481481481481482,1000000.0,9.0,1.0,324.0,0.0,324000000.0,1.0,2.0
69,5.91640866873065,1000000.0,11.0,1.0,323.0,0.0,323000000.0,1.0,2.0
70,6.2291021671826625,1000000.0,11.0,1.0,323.0,0.0,323000000.0,1.0,2.0
71,5.813664596273292,1000000.0,10.0,1.0,322.0,0.0,322000000.0,1.0,2.0
72,6.095679012345679,1000000.0,11.0,1.0,324.0,0.0,324000000.0,1.0,2.0
73,6.374233128834356,1000000.0,11.0,1.0,326.0,0.0,326000000.0,1.0,2.0
74,6.16403785488959,1000000.0,8.0,1.0,317.0,0.0,317000000.0,1.0,2.0
75,5.509433962264151,1000000.0,8.0,1.0,318.0,0.0,318000000.0,1.0,2.0
76,5.593167701863354,1000000.0,8.0,1.0,322.0,0.0,322000000.0,1.0,3.0
77,6.507836990595611,1000000.0,8.0,1.0,319.0,0.0,319000000.0,1.0,2.0
78,6.476780185758514,1000000.0,8.0,1.0,323.0,0.0,323000000.0,1.0,2.0
79,5.634674922600619,1000000.0,8.0,1.0,323.0,0.0,323000000.0,1.0,2.0
80,5.481012658227848,1000000.0,8.0,1.0,316.0,0.0,316000000.0,1.0,2.0
81,5.488958990536277,1000000.0,8.0,1.0,317.0,0.0,317000000.0,1.0,2.0
82,5.523219814241486,1000000.0,8.0,1.0,323.0,0.0,323000000.0,1.0,2.0
83,5.476340694006309,1000000.0,8.0,1.0,317.0,0.0,317000000.0,1.0,2.0
84,5.492163009404389,1000000.0,8.0,1.0,319.0,0.0,319000000.0,1.0,2.0
85,5.49685534591195,1000000.0,8.0,1.0,318.0,0.0,318000000.0,1.0,2.0
86,6.3573667711598745,1000000.0,8.0,1.0,319.0,0.0,319000000.0,1.0,2.0
87,5.7594936708860756,1000000.0,8.0,1.0,316.0,0.0,316000000.0,1.0,2.0
88,5.527950310559007,1000000.0,8.0,1.0,322.0,0.0,322000000.0,1.0,2.0
89,6.074534161490683,1000000.0,8.0,1.0,322.0,0.0,322000000.0,1.0,2.0
90,6.507836990595611,1000000.0,8.0,1.0,319.0,0.0,319000000.0,1.0,2.0
91,6.507836990595611,1000000.0,8.0,1.0,319.0,0.0,319000000.0,1.0,2.0
92,6.469135802469136,1000000.0,8.0,1.0,324.0,0.0,324000000.0,1.0,2.0
93,6.5,1000000.0,8.0,1.0,320.0,0.0,320000000.0,1.0,2.0
94,6.531645569620253,1000000.0,8.0,1.0,316.0,0.0,316000000.0,1.0,2.0
95,6.490566037735849,1000000.0,8.0,1.0,318.0,0.0,318000000.0,1.0,2.0
96,6.472049689440993,1000000.0,8.0,1.0,322.0,0.0,322000000.0,1.0,2.0
97,6.507788161993769,1000000.0,9.0,1.0,321.0,0.0,321000000.0,1.0,2.0
98,6.518987341772152,1000000.0,8.0,1.0,316.0,0.0,316000000.0,1.0,2.0
99,6.492211838006231,1000000.0,8.0,1.0,321.0,0.0,321000000.0,1.0,2.0
100,6.507836990595611,1000000.0,8.0,1.0,319.0,0.0,319000000.0,1.0,2.0
101,6.492211838006231,1000000.0,8.0,1.0,321.0,0.0,321000000.0,1.0,2.0
102,6.523659305993691,1000000.0,8.0,1.0,317.0,0.0,317000000.0,1.0,2.0
103,6.492211838006231,1000000.0,8.0,1.0,321.0,0.0,321000000.0,1.0,2.0
104,6.518987341772152,1000000.0,8.0,1.0,316.0,0.0,316000000.0,1.0,2.0
105,6.5046728971962615,1000000.0,8.0,1.0,321.0,0.0,321000000.0,1.0,2.0
106,6.476780185758514,1000000.0,8.0,1.0,323.0,0.0,323000000.0,1.0,2.0
107,6.507836990595611,1000000.0,8.0,1.0,319.0,0.0,319000000.0,1.0,2.0
108,6.522292993630574,1000000.0,8.0,1.0,314.0,0.0,314000000.0,1.0,2.0
109,6.515723270440252,1000000.0,8.0,1.0,318.0,0.0,318000000.0,1.0,2.0
110,6.484472049689441,1000000.0,8.0,1.0,322.0,0.0,322000000.0,1.0,2.0
111,6.515723270440252,1000000.0,8.0,1.0,318.0,0.0,318000000.0,1.0,2.0
112,6.528301886792453,1000000.0,8.0,1.0,318.0,0.0,318000000.0,1.0,2.0
113,6.476780185758514,1000000.0,8.0,1.0,323.0,0.0,323000000.0,1.0,2.0
114,6.978056426332288,1000000.0,10.0,1.0,319.0,0.0,319000000.0,1.0,3.0
115,6.523659305993691,1000000.0,8.0,1.0,317.0,0.0,317000000.0,1.0,2.0
116,6.4875,1000000.0,8.0,1.0,320.0,0.0,320000000.0,1.0,2.0
117,6.464396284829721,1000000.0,8.0,1.0,323.0,0.0,323000000.0,1.0,2.0
118,6.489164086687307,1000000.0,8.0,1.0,323.0,0.0,323000000.0,1.0,2.0
119,6.531645569620253,1000000.0,8.0,1.0,316.0,0.0,316000000.0,1.0,2.0
120,6.501587301587302,1000000.0,8.0,1.0,315.0,0.0,315000000.0,1.0,2.0
121,6.492211838006231,1000000.0,8.0,1.0,321.0,0.0,321000000.0,1.0,2.0
122,6.053291536050157,1000000.0,8.0,1.0,319.0,0.0,319000000.0,1.0,2.0
123,5.639240506329114,1000000.0,8.0,1.0,316.0,0.0,316000000.0,1.0,2.0
124,5.513931888544891,1000000.0,8.0,1.0,323.0,0.0,323000000.0,1.0,3.0
125,5.503105590062112,1000000.0,8.0,1.0,322.0,0.0,322000000.0,1.0,2.0
126,5.5125,1000000.0,8.0,1.0,320.0,0.0,320000000.0,1.0,2.0
127,5.471698113207547,1000000.0,8.0,1.0,318.0,0.0,318000000.0,1.0,2.0
128,5.517241379310345,1000000.0,8.0,1.0,319.0,0.0,319000000.0,1.0,2.0
129,5.471698113207547,1000000.0,8.0,1.0,318.0,0.0,318000000.0,1.0,2.0
130,6.2405063291139244,1000000.0,8.0,1.0,316.0,0.0,316000000.0,1.0,2.0
131,6.489164086687307,1000000.0,8.0,1.0,323.0,0.0,323000000.0,1.0,2.0
132,6.4984227129337535,1000000.0,8.0,1.0,317.0,0.0,317000000.0,1.0,2.0
133,6.496894409937888,1000000.0,8.0,1.0,322.0,0.0,322000000.0,1.0,2.0
134,6.518987341772152,1000000.0,8.0,1.0,316.0,0.0,316000000.0,1.0,2.0
135,6.489164086687307,1000000.0,8.0,1.0,323.0,0.0,323000000.0,1.0,2.0
136,6.515723270440252,1000000.0,8.0,1.0,318.0,0.0,318000000.0,1.0,2.0
137,6.535031847133758,1000000.0,8.0,1.0,314.0,0.0,314000000.0,1.0,2.0
138,6.469135802469136,1000000.0,8.0,1.0,324.0,0.0,324000000.0,1.0,2.0
139,6.469135802469136,1000000.0,8.0,1.0,324.0,0.0,324000000.0,1.0,2.0
140,6.526984126984127,1000000.0,8.0,1.0,315.0,0.0,315000000.0,1.0,2.0
141,6.086956521739131,1000000.0,8.0,1.0,322.0,0.0,322000000.0,1.0,2.0
142,5.507788161993769,1000000.0,8.0,1.0,321.0,0.0,321000000.0,1.0,2.0
143,5.518518518518518,1000000.0,8.0,1.0,324.0,0.0,324000000.0,1.0,2.0
144,5.484276729559748,1000000.0,8.0,1.0,318.0,0.0,318000000.0,1.0,2.0
145,5.492163009404389,1000000.0,8.0,1.0,319.0,0.0,319000000.0,1.0,2.0
146,5.527950310559007,1000000.0,8.0,1.0,322.0,0.0,322000000.0,1.0,2.0
147,5.4953271028037385,1000000.0,8.0,1.0,321.0,0.0,321000000.0,1.0,2.0
148,5.640378548895899,1000000.0,9.0,1.0,317.0,0.0,317000000.0,1.0,2.0
149,5.515527950310559,1000000.0,8.0,1.0,322.0,0.0,322000000.0,1.0,2.0
150,5.510835913312693,1000000.0,8.0,1.0,323.0,0.0,323000000.0,1.0,2.0
151,5.592592592592593,1000000.0,9.0,1.0,324.0,0.0,324000000.0,1.0,2.0
152,5.464968152866242,1000000.0,8.0,1.0,314.0,0.0,314000000.0,1.0,2.0
153,5.503105590062112,1000000.0,8.0,1.0,322.0,0.0,322000000.0,1.0,2.0
154,5.825,1000000.0,8.0,1.0,320.0,0.0,320000000.0,1.0,2.0
155,6.473846153846154,1000000.0,8.0,1.0,325.0,0.0,325000000.0,1.0,2.0
156,6.507836990595611,1000000.0,8.0,1.0,319.0,0.0,319000000.0,1.0,2.0
157,6.515723270440252,1000000.0,8.0,1.0,318.0,0.0,318000000.0,1.0,2.0
158,6.461538461538462,1000000.0,8.0,1.0,325.0,0.0,325000000.0,1.0,2.0
159,6.523659305993691,1000000.0,8.0,1.0,317.0,0.0,317000000.0,1.0,2.0
160,6.515723270440252,1000000.0,8.0,1.0,318.0,0.0,318000000.0,1.0,2.0
161,6.472049689440993,1000000.0,8.0,1.0,322.0,0.0,322000000.0,1.0,2.0
162,6.523659305993691,1000000.0,8.0,1.0,317.0,0.0,317000000.0,1.0,2.0
163,6.5,1000000.0,8.0,1.0,320.0,0.0,320000000.0,1.0,2.0
164,6.492211838006231,1000000.0,8.0,1.0,321.0,0.0,321000000.0,1.0,2.0
165,6.469135802469136,1000000.0,8.0,1.0,324.0,0.0,324000000.0,1.0,2.0
166,6.5,1000000.0,8.0,1.0,320.0,0.0,320000000.0,1.0,2.0
167,6.5046728971962615,1000000.0,8.0,1.0,321.0,0.0,321000000.0,1.0,2.0
168,6.495297805642633,1000000.0,8.0,1.0,319.0,0.0,319000000.0,1.0,2.0
169,6.72360248447205,1000000.0,8.0,1.0,322.0,0.0,322000000.0,1.0,2.0
170,6.583596214511041,1000000.0,8.0,1.0,317.0,0.0,317000000.0,1.0,2.0
171,6.526984126984127,1000000.0,8.0,1.0,315.0,0.0,315000000.0,1.0,2.0
172,6.472049689440993,1000000.0,8.0,1.0,322.0,0.0,322000000.0,1.0,2.0
173,6.8584905660377355,1000000.0,8.0,1.0,318.0,0.0,318000000.0,1.0,2.0
174,6.656346749226006,1000000.0,8.0,1.0,323.0,0.0,323000000.0,1.0,2.0
175,6.476780185758514,1000000.0,8.0,1.0,323.0,0.0,323000000.0,1.0,2.0
176,6.482758620689655,1000000.0,8.0,1.0,319.0,0.0,319000000.0,1.0,2.0
177,6.5396825396825395,1000000.0,8.0,1.0,315.0,0.0,315000000.0,1.0,2.0
178,6.758513931888545,1000000.0,8.0,1.0,323.0,0.0,323000000.0,1.0,2.0
179,6.543478260869565,1000000.0,8.0,1.0,322.0,0.0,322000000.0,1.0,2.0
180,6.507836990595611,1000000.0,8.0,1.0,319.0,0.0,319000000.0,1.0,2.0
181,6.479750778816199,1000000.0,8.0,1.0,321.0,0.0,321000000.0,1.0,2.0
182,6.492211838006231,1000000.0,8.0,1.0,321.0,0.0,321000000.0,1.0,2.0
183,7.121495327102804,1000000.0,8.0,1.0,321.0,0.0,321000000.0,1.0,2.0
184,6.85,1000000.0,8.0,1.0,320.0,0.0,320000000.0,1.0,2.0
185,6.479750778816199,1000000.0,8.0,1.0,321.0,0.0,321000000.0,1.0,2.0
186,6.5362776025236595,1000000.0,8.0,1.0,317.0,0.0,317000000.0,1.0,2.0
187,6.492211838006231,1000000.0,8.0,1.0,321.0,0.0,321000000.0,1.0,2.0
188,6.476780185758514,1000000.0,8.0,1.0,323.0,0.0,323000000.0,1.0,2.0
189,6.4875,1000000.0,8.0,1.0,320.0,0.0,320000000.0,1.0,2.0
190,5.968454258675079,1000000.0,8.0,1.0,317.0,0.0,317000000.0,1.0,2.0
191,6.37037037037037,1000000.0,8.0,1.0,324.0,0.0,324000000.0,1.0,2.0
192,6.496894409937888,1000000.0,8.0,1.0,322.0,0.0,322000000.0,1.0,2.0
193,6.507836990595611,1000000.0,8.0,1.0,319.0,0.0,319000000.0,1.0,2.0
194,6.511041009463723,1000000.0,8.0,1.0,317.0,0.0,317000000.0,1.0,2.0
195,6.475155279503106,1000000.0,9.0,1.0,322.0,0.0,322000000.0,1.0,3.0
196,6.507836990595611,1000000.0,8.0,1.0,319.0,0.0,319000000.0,1.0,2.0
197,6.507836990595611,1000000.0,8.0,1.0,319.0,0.0,319000000.0,1.0,2.0
198,6.5,1000000.0,8.0,1.0,320.0,0.0,320000000.0,1.0,2.0
199,6.717391304347826,1000000.0,10.0,1.0,322.0,0.0,322000000.0,1.0,2.0
200,6.523659305993691,1000000.0,8.0,1.0,317.0,0.0,317000000.0,1.0,2.0
201,7.559375,1000000.0,11.0,1.0,320.0,0.0,320000000.0,1.0,2.0
202,7.739938080495356,1000000.0,11.0,1.0,323.0,0.0,323000000.0,1.0,2.0
203,7.022151898734177,1000000.0,11.0,1.0,316.0,0.0,316000000.0,1.0,2.0
204,6.50314465408805,1000000.0,8.0,1.0,318.0,0.0,318000000.0,1.0,2.0
205,6.481481481481482,1000000.0,8.0,1.0,324.0,0.0,324000000.0,1.0,2.0
206,6.535031847133758,1000000.0,8.0,1.0,314.0,0.0,314000000.0,1.0,2.0
207,6.528301886792453,1000000.0,8.0,1.0,318.0,0.0,318000000.0,1.0,2.0
208,6.472049689440993,1000000.0,8.0,1.0,322.0,0.0,322000000.0,1.0,2.0
209,7.885802469135802,1000000.0,11.0,1.0,324.0,0.0,324000000.0,1.0,2.0
210,6.5,1000000.0,8.0,1.0,320.0,0.0,320000000.0,1.0,2.0
211,6.523659305993691,1000000.0,8.0,1.0,317.0,0.0,317000000.0,1.0,2.0
212,5.796923076923077,1000000.0,8.0,1.0,325.0,0.0,325000000.0,1.0,2.0
213,5.515527950310559,1000000.0,8.0,1.0,322.0,0.0,322000000.0,1.0,2.0
214,5.5125,1000000.0,8.0,1.0,320.0,0.0,320000000.0,1.0,2.0
215,5.492163009404389,1000000.0,8.0,1.0,319.0,0.0,319000000.0,1.0,2.0
216,5.515527950310559,1000000.0,8.0,1.0,322.0,0.0,322000000.0,1.0,2.0
217,5.515527950310559,1000000.0,8.0,1.0,322.0,0.0,322000000.0,1.0,2.0
218,5.504702194357367,1000000.0,8.0,1.0,319.0,0.0,319000000.0,1.0,2.0
219,5.503105590062112,1000000.0,8.0,1.0,322.0,0.0,322000000.0,1.0,2.0
220,5.49685534591195,1000000.0,8.0,1.0,318.0,0.0,318000000.0,1.0,2.0
221,6.154798761609907,1000000.0,8.0,1.0,323.0,0.0,323000000.0,1.0,2.0
222,6.507836990595611,1000000.0,8.0,1.0,319.0,0.0,319000000.0,1.0,2.0
223,6.5396825396825395,1000000.0,8.0,1.0,315.0,0.0,315000000.0,1.0,2.0
224,6.664615384615384,1000000.0,8.0,1.0,325.0,0.0,325000000.0,1.0,2.0
225,6.515723270440252,1000000.0,8.0,1.0,318.0,0.0,318000000.0,1.0,2.0
226,6.515723270440252,1000000.0,8.0,1.0,318.0,0.0,318000000.0,1.0,2.0
227,6.030581039755352,1000000.0,8.0,1.0,327.0,0.0,327000000.0,1.0,2.0
228,5.492163009404389,1000000.0,8.0,1.0,319.0,0.0,319000000.0,1.0,2.0
229,6.7215189873417724,1000000.0,8.0,1.0,316.0,0.0,316000000.0,1.0,2.0
230,5.659442724458204,1000000.0,8.0,1.0,323.0,0.0,323000000.0,1.0,2.0
231,5.503105590062112,1000000.0,8.0,1.0,322.0,0.0,322000000.0,1.0,2.0
232,5.484276729559748,1000000.0,8.0,1.0,318.0,0.0,318000000.0,1.0,2.0
233,5.504702194357367,1000000.0,8.0,1.0,319.0,0.0,319000000.0,1.0,2.0
234,5.526153846153846,1000000.0,8.0,1.0,325.0,0.0,325000000.0,1.0,2.0
235,5.492163009404389,1000000.0,8.0,1.0,319.0,0.0,319000000.0,1.0,2.0
236,5.477707006369426,1000000.0,8.0,1.0,314.0,0.0,314000000.0,1.0,2.0
237,5.5,1000000.0,8.0,1.0,320.0,0.0,320000000.0,1.0,2.0
238,5.518518518518518,1000000.0,8.0,1.0,324.0,0.0,324000000.0,1.0,2.0
239,5.492163009404389,1000000.0,8.0,1.0,319.0,0.0,319000000.0,1.0,2.0
240,5.570987654320987,1000000.0,9.0,1.0,324.0,0.0,324000000.0,1.0,2.0
241,5.554179566563468,1000000.0,9.0,1.0,323.0,0.0,323000000.0,1.0,2.0
242,5.6061538461538465,1000000.0,9.0,1.0,325.0,0.0,325000000.0,1.0,2.0
243,5.576802507836991,1000000.0,9.0,1.0,319.0,0.0,319000000.0,1.0,2.0
244,5.49685534591195,1000000.0,8.0,1.0,318.0,0.0,318000000.0,1.0,2.0
245,5.503105590062112,1000000.0,8.0,1.0,322.0,0.0,322000000.0,1.0,2.0
246,5.488958990536277,1000000.0,8.0,1.0,317.0,0.0,317000000.0,1.0,2.0
247,5.4875,1000000.0,8.0,1.0,320.0,0.0,320000000.0,1.0,2.0
248,5.525,1000000.0,8.0,1.0,320.0,0.0,320000000.0,1.0,2.0
249,5.62037037037037,1000000.0,9.0,1.0,324.0,0.0,324000000.0,1.0,2.0
250,5.4953271028037385,1000000.0,8.0,1.0,321.0,0.0,321000000.0,1.0,2.0
251,5.5,1000000.0,8.0,1.0,320.0,0.0,320000000.0,1.0,2.0
252,5.636645962732919,1000000.0,11.0,1.0,322.0,0.0,322000000.0,1.0,2.0
253,5.520249221183801,1000000.0,8.0,1.0,321.0,0.0,321000000.0,1.0,2.0
254,5.461538461538462,1000000.0,8.0,1.0,312.0,0.0,312000000.0,1.0,2.0
255,5.515527950310559,1000000.0,8.0,1.0,322.0,0.0,322000000.0,1.0,2.0
256,5.526153846153846,1000000.0,8.0,1.0,325.0,0.0,325000000.0,1.0,2.0
257,5.566037735849057,1000000.0,10.0,1.0,318.0,0.0,318000000.0,1.0,2.0
258,5.47962382445141,1000000.0,8.0,1.0,319.0,0.0,319000000.0,1.0,2.0
259,5.5125,1000000.0,8.0,1.0,320.0,0.0,320000000.0,1.0,2.0
260,5.510835913312693,1000000.0,8.0,1.0,323.0,0.0,323000000.0,1.0,2.0
261,5.5,1000000.0,8.0,1.0,320.0,0.0,320000000.0,1.0,2.0
262,5.5,1000000.0,8.0,1.0,320.0,0.0,320000000.0,1.0,2.0
263,5.476340694006309,1000000.0,8.0,1.0,317.0,0.0,317000000.0,1.0,2.0
264,5.630094043887147,1000000.0,8.0,1.0,319.0,0.0,319000000.0,1.0,2.0
265,6.814465408805032,1000000.0,8.0,1.0,318.0,0.0,318000000.0,1.0,2.0
266,5.488958990536277,1000000.0,8.0,1.0,317.0,0.0,317000000.0,1.0,2.0
267,5.515527950310559,1000000.0,8.0,1.0,322.0,0.0,322000000.0,1.0,2.0
268,5.507788161993769,1000000.0,8.0,1.0,321.0,0.0,321000000.0,1.0,2.0
269,6.492012779552716,1000000.0,8.0,1.0,313.0,0.0,313000000.0,1.0,2.0
270,7.48,1000000.0,8.0,1.0,325.0,0.0,325000000.0,1.0,2.0
271,6.472049689440993,1000000.0,8.0,1.0,322.0,0.0,322000000.0,1.0,2.0
272,6.470219435736677,1000000.0,8.0,1.0,319.0,0.0,319000000.0,1.0,2.0
273,6.5,1000000.0,8.0,1.0,320.0,0.0,320000000.0,1.0,2.0
274,6.601880877742946,1000000.0,8.0,1.0,319.0,0.0,319000000.0,1.0,2.0
275,7.233644859813084,1000000.0,8.0,1.0,321.0,0.0,321000000.0,1.0,2.0
276,6.736677115987461,1000000.0,8.0,1.0,319.0,0.0,319000000.0,1.0,2.0
277,6.569659442724459,1000000.0,8.0,1.0,323.0,0.0,323000000.0,1.0,2.0
278,6.015527950310559,1000000.0,8.0,1.0,322.0,0.0,322000000.0,1.0,3.0
279,5.520249221183801,1000000.0,8.0,1.0,321.0,0.0,321000000.0,1.0,2.0
280,5.484276729559748,1000000.0,8.0,1.0,318.0,0.0,318000000.0,1.0,2.0
281,5.507788161993769,1000000.0,8.0,1.0,321.0,0.0,321000000.0,1.0,2.0
282,5.5,1000000.0,8.0,1.0,320.0,0.0,320000000.0,1.0,2.0
283,5.507788161993769,1000000.0,8.0,1.0,321.0,0.0,321000000.0,1.0,2.0
284,5.492163009404389,1000000.0,8.0,1.0,319.0,0.0,319000000.0,1.0,2.0
285,5.476340694006309,1000000.0,8.0,1.0,317.0,0.0,317000000.0,1.0,2.0
286,5.523219814241486,1000000.0,8.0,1.0,323.0,0.0,323000000.0,1.0,2.0
287,5.520249221183801,1000000.0,8.0,1.0,321.0,0.0,321000000.0,1.0,2.0
288,5.4953271028037385,1000000.0,8.0,1.0,321.0,0.0,321000000.0,1.0,2.0
289,5.468354430379747,1000000.0,8.0,1.0,316.0,0.0,316000000.0,1.0,2.0
290,5.527950310559007,1000000.0,8.0,1.0,322.0,0.0,322000000.0,1.0,2.0
291,5.515527950310559,1000000.0,8.0,1.0,322.0,0.0,322000000.0,1.0,2.0
292,5.5,1000000.0,8.0,1.0,320.0,0.0,320000000.0,1.0,2.0
293,5.533742331288344,1000000.0,8.0,1.0,326.0,0.0,326000000.0,1.0,2.0
294,5.473015873015873,1000000.0,8.0,1.0,315.0,0.0,315000000.0,1.0,2.0
295,5.515527950310559,1000000.0,8.0,1.0,322.0,0.0,322000000.0,1.0,2.0
296,5.527950310559007,1000000.0,8.0,1.0,322.0,0.0,322000000.0,1.0,2.0
297,5.775,1000000.0,8.0,1.0,320.0,0.0,320000000.0,1.0,2.0
298,6.507836990595611,1000000.0,8.0,1.0,319.0,0.0,319000000.0,1.0,2.0
299,6.492211838006231,1000000.0,8.0,1.0,321.0,0.0,321000000.0,1.0,2.0
300,6.66875,1000000.0,11.0,1.0,320.0,0.0,320000000.0,1.0,2.0
301,6.515723270440252,1000000.0,8.0,1.0,318.0,0.0,318000000.0,1.0,2.0
302,6.724137931034483,1000000.0,11.0,1.0,319.0,0.0,319000000.0,1.0,2.0
303,6.479750778816199,1000000.0,8.0,1.0,321.0,0.0,321000000.0,1.0,2.0
304,6.523659305993691,1000000.0,8.0,1.0,317.0,0.0,317000000.0,1.0,2.0
305,6.604361370716511,1000000.0,8.0,1.0,321.0,0.0,321000000.0,1.0,2.0
306,6.481481481481482,1000000.0,8.0,1.0,324.0,0.0,324000000.0,1.0,2.0
307,6.515723270440252,1000000.0,8.0,1.0,318.0,0.0,318000000.0,1.0,2.0
308,6.50314465408805,1000000.0,8.0,1.0,318.0,0.0,318000000.0,1.0,2.0
309,6.489164086687307,1000000.0,8.0,1.0,323.0,0.0,323000000.0,1.0,2.0
310,6.484472049689441,1000000.0,8.0,1.0,322.0,0.0,322000000.0,1.0,2.0
311,6.233438485804417,1000000.0,8.0,1.0,317.0,0.0,317000000.0,1.0,2.0
312,5.490625,1000000.0,8.0,1.0,320.0,0.0,320000000.0,1.0,3.0
313,5.527950310559007,1000000.0,8.0,1.0,322.0,0.0,322000000.0,1.0,2.0
314,5.476340694006309,1000000.0,8.0,1.0,317.0,0.0,317000000.0,1.0,2.0
315,5.492163009404389,1000000.0,8.0,1.0,319.0,0.0,319000000.0,1.0,2.0
316,5.520249221183801,1000000.0,8.0,1.0,321.0,0.0,321000000.0,1.0,2.0
317,5.515527950310559,1000000.0,8.0,1.0,322.0,0.0,322000000.0,1.0,2.0
318,5.492163009404389,1000000.0,8.0,1.0,319.0,0.0,319000000.0,1.0,2.0
319,5.515527950310559,1000000.0,8.0,1.0,322.0,0.0,322000000.0,1.0,2.0
320,5.507788161993769,1000000.0,8.0,1.0,321.0,0.0,321000000.0,1.0,2.0
321,5.476340694006309,1000000.0,8.0,1.0,317.0,0.0,317000000.0,1.0,2.0
322,5.47962382445141,1000000.0,8.0,1.0,319.0,0.0,319000000.0,1.0,2.0
323,5.492163009404389,1000000.0,8.0,1.0,319.0,0.0,319000000.0,1.0,2.0
324,5.527950310559007,1000000.0,8.0,1.0,322.0,0.0,322000000.0,1.0,2.0
325,5.8390092879256965,1000000.0,9.0,1.0,323.0,0.0,323000000.0,1.0,2.0
326,5.485714285714286,1000000.0,9.0,1.0,315.0,0.0,315000000.0,1.0,2.0
327,5.5,1000000.0,8.0,1.0,320.0,0.0,320000000.0,1.0,2.0
328,5.507788161993769,1000000.0,8.0,1.0,321.0,0.0,321000000.0,1.0,2.0
329,5.968652037617555,1000000.0,8.0,1.0,319.0,0.0,319000000.0,1.0,2.0
330,6.666666666666667,1000000.0,10.0,1.0,318.0,0.0,318000000.0,1.0,2.0
331,6.479750778816199,1000000.0,8.0,1.0,321.0,0.0,321000000.0,1.0,2.0
332,6.523659305993691,1000000.0,8.0,1.0,317.0,0.0,317000000.0,1.0,2.0
333,6.574603174603174,1000000.0,11.0,1.0,315.0,0.0,315000000.0,1.0,2.0
334,6.472049689440993,1000000.0,8.0,1.0,322.0,0.0,322000000.0,1.0,2.0
335,6.484472049689441,1000000.0,8.0,1.0,322.0,0.0,322000000.0,1.0,2.0
336,6.543130990415335,1000000.0,8.0,1.0,313.0,0.0,313000000.0,1.0,2.0
337,6.5046728971962615,1000000.0,8.0,1.0,321.0,0.0,321000000.0,1.0,2.0
338,6.461538461538462,1000000.0,8.0,1.0,325.0,0.0,325000000.0,1.0,2.0
339,6.495297805642633,1000000.0,8.0,1.0,319.0,0.0,319000000.0,1.0,2.0
340,6.531645569620253,1000000.0,8.0,1.0,316.0,0.0,316000000.0,1.0,2.0
341,6.515723270440252,1000000.0,8.0,1.0,318.0,0.0,318000000.0,1.0,2.0
342,6.464396284829721,1000000.0,8.0,1.0,323.0,0.0,323000000.0,1.0,2.0
343,6.515723270440252,1000000.0,8.0,1.0,318.0,0.0,318000000.0,1.0,2.0
344,6.526984126984127,1000000.0,8.0,1.0,315.0,0.0,315000000.0,1.0,2.0
345,6.5,1000000.0,9.0,1.0,322.0,0.0,322000000.0,1.0,3.0
346,6.481481481481482,1000000.0,8.0,1.0,324.0,0.0,324000000.0,1.0,2.0
347,6.4875,1000000.0,8.0,1.0,320.0,0.0,320000000.0,1.0,2.0
348,6.5125,1000000.0,8.0,1.0,320.0,0.0,320000000.0,1.0,2.0
349,6.476780185758514,1000000.0,8.0,1.0,323.0,0.0,323000000.0,1.0,2.0
350,6.638364779874214,1000000.0,8.0,1.0,318.0,0.0,318000000.0,1.0,2.0
351,6.12037037037037,1000000.0,8.0,1.0,324.0,0.0,324000000.0,1.0,2.0
352,6.006191950464396,1000000.0,8.0,1.0,323.0,0.0,323000000.0,1.0,2.0
353,6.531446540880503,1000000.0,8.0,1.0,318.0,0.0,318000000.0,1.0,2.0
354,6.528301886792453,1000000.0,8.0,1.0,318.0,0.0,318000000.0,1.0,2.0
355,6.841121495327103,1000000.0,8.0,1.0,321.0,0.0,321000000.0,1.0,3.0
356,6.959119496855346,1000000.0,8.0,1.0,318.0,0.0,318000000.0,1.0,2.0
357,6.590625,1000000.0,8.0,1.0,320.0,0.0,320000000.0,1.0,2.0
358,6.5,1000000.0,8.0,1.0,320.0,0.0,320000000.0,1.0,2.0
359,6.4875,1000000.0,8.0,1.0,320.0,0.0,320000000.0,1.0,2.0
360,6.528301886792453,1000000.0,8.0,1.0,318.0,0.0,318000000.0,1.0,2.0
361,6.511041009463723,1000000.0,8.0,1.0,317.0,0.0,317000000.0,1.0,2.0
362,6.476780185758514,1000000.0,8.0,1.0,323.0,0.0,323000000.0,1.0,2.0
363,6.507836990595611,1000000.0,8.0,1.0,319.0,0.0,319000000.0,1.0,2.0
364,6.5362776025236595,1000000.0,8.0,1.0,317.0,0.0,317000000.0,1.0,2.0
365,6.4875,1000000.0,8.0,1.0,320.0,0.0,320000000.0,1.0,2.0
366,6.481481481481482,1000000.0,8.0,1.0,324.0,0.0,324000000.0,1.0,2.0
367,6.761006289308176,1000000.0,8.0,1.0,318.0,0.0,318000000.0,1.0,2.0
368,6.522292993630574,1000000.0,8.0,1.0,314.0,0.0,314000000.0,1.0,2.0
369,6.469135802469136,1000000.0,8.0,1.0,324.0,0.0,324000000.0,1.0,2.0
370,6.5125,1000000.0,8.0,1.0,320.0,0.0,320000000.0,1.0,2.0
371,6.506329113924051,1000000.0,8.0,1.0,316.0,0.0,316000000.0,1.0,2.0
372,6.4875,1000000.0,8.0,1.0,320.0,0.0,320000000.0,1.0,2.0
373,6.484472049689441,1000000.0,8.0,1.0,322.0,0.0,322000000.0,1.0,2.0
374,6.531645569620253,1000000.0,8.0,1.0,316.0,0.0,316000000.0,1.0,2.0
375,6.56875,1000000.0,11.0,1.0,320.0,0.0,320000000.0,1.0,2.0
376,6.541538461538462,1000000.0,9.0,1.0,325.0,0.0,325000000.0,1.0,2.0
377,6.50314465408805,1000000.0,8.0,1.0,318.0,0.0,318000000.0,1.0,2.0
378,6.5125,1000000.0,8.0,1.0,320.0,0.0,320000000.0,1.0,2.0
379,6.50314465408805,1000000.0,8.0,1.0,318.0,0.0,318000000.0,1.0,2.0
380,6.469135802469136,1000000.0,8.0,1.0,324.0,0.0,324000000.0,1.0,2.0
381,6.559375,1000000.0,11.0,1.0,320.0,0.0,320000000.0,1.0,2.0
382,6.526984126984127,1000000.0,8.0,1.0,315.0,0.0,315000000.0,1.0,2.0
383,6.507836990595611,1000000.0,8.0,1.0,319.0,0.0,319000000.0,1.0,2.0
384,6.515723270440252,1000000.0,8.0,1.0,318.0,0.0,318000000.0,1.0,2.0
385,6.4875,1000000.0,8.0,1.0,320.0,0.0,320000000.0,1.0,2.0
386,6.5046728971962615,1000000.0,8.0,1.0,321.0,0.0,321000000.0,1.0,2.0
387,6.495297805642633,1000000.0,8.0,1.0,319.0,0.0,319000000.0,1.0,2.0
388,6.484472049689441,1000000.0,8.0,1.0,322.0,0.0,322000000.0,1.0,2.0
389,6.469135802469136,1000000.0,8.0,1.0,324.0,0.0,324000000.0,1.0,2.0
390,6.628482972136223,1000000.0,9.0,1.0,323.0,0.0,323000000.0,1.0,2.0
391,6.645962732919255,1000000.0,9.0,1.0,322.0,0.0,322000000.0,1.0,2.0
392,6.526984126984127,1000000.0,8.0,1.0,315.0,0.0,315000000.0,1.0,2.0
393,6.489164086687307,1000000.0,8.0,1.0,323.0,0.0,323000000.0,1.0,2.0
394,6.507788161993769,1000000.0,9.0,1.0,321.0,0.0,321000000.0,1.0,3.0
395,6.523659305993691,1000000.0,8.0,1.0,317.0,0.0,317000000.0,1.0,2.0
396,6.515723270440252,1000000.0,8.0,1.0,318.0,0.0,318000000.0,1.0,2.0
397,6.5186335403726705,1000000.0,8.0,1.0,322.0,0.0,322000000.0,1.0,2.0
398,6.5046728971962615,1000000.0,8.0,1.0,321.0,0.0,321000000.0,1.0,2.0
399,6.523659305993691,1000000.0,8.0,1.0,317.0,0.0,317000000.0,1.0,2.0
400,6.464396284829721,1000000.0,8.0,1.0,323.0,0.0,323000000.0,1.0,2.0
401,6.560371517027864,1000000.0,8.0,1.0,323.0,0.0,323000000.0,1.0,2.0
402,6.523659305993691,1000000.0,8.0,1.0,317.0,0.0,317000000.0,1.0,2.0
403,6.479750778816199,1000000.0,8.0,1.0,321.0,0.0,321000000.0,1.0,2.0
404,6.5,1000000.0,8.0,1.0,320.0,0.0,320000000.0,1.0,2.0
405,6.515723270440252,1000000.0,8.0,1.0,318.0,0.0,318000000.0,1.0,2.0
406,6.507836990595611,1000000.0,8.0,1.0,319.0,0.0,319000000.0,1.0,2.0
407,6.476780185758514,1000000.0,8.0,1.0,323.0,0.0,323000000.0,1.0,2.0
408,6.5125,1000000.0,8.0,1.0,320.0,0.0,320000000.0,1.0,2.0
409,6.531645569620253,1000000.0,8.0,1.0,316.0,0.0,316000000.0,1.0,2.0
410,6.479750778816199,1000000.0,8.0,1.0,321.0,0.0,321000000.0,1.0,2.0
411,6.8307692307692305,1000000.0,8.0,1.0,325.0,0.0,325000000.0,1.0,2.0
412,6.535031847133758,1000000.0,8.0,1.0,314.0,0.0,314000000.0,1.0,2.0
413,6.1125,1000000.0,8.0,1.0,320.0,0.0,320000000.0,1.0,2.0
414,5.71076923076923,1000000.0,8.0,1.0,325.0,0.0,325000000.0,1.0,2.0
415,6.489164086687307,1000000.0,8.0,1.0,323.0,0.0,323000000.0,1.0,2.0
416,6.5,1000000.0,8.0,1.0,320.0,0.0,320000000.0,1.0,2.0
417,6.461538461538462,1000000.0,8.0,1.0,325.0,0.0,325000000.0,1.0,2.0
418,6.479750778816199,1000000.0,8.0,1.0,321.0,0.0,321000000.0,1.0,2.0
419,6.515723270440252,1000000.0,8.0,1.0,318.0,0.0,318000000.0,1.0,2.0
420,6.5,1000000.0,8.0,1.0,320.0,0.0,320000000.0,1.0,2.0
421,6.476780185758514,1000000.0,8.0,1.0,323.0,0.0,323000000.0,1.0,2.0
422,6.5,1000000.0,8.0,1.0,320.0,0.0,320000000.0,1.0,2.0
423,6.5125,1000000.0,8.0,1.0,320.0,0.0,320000000.0,1.0,2.0
424,6.511041009463723,1000000.0,8.0,1.0,317.0,0.0,317000000.0,1.0,2.0
425,6.472049689440993,1000000.0,8.0,1.0,322.0,0.0,322000000.0,1.0,2.0
426,6.996794871794871,1000000.0,11.0,1.0,312.0,0.0,312000000.0,1.0,2.0
427,7.127725856697819,1000000.0,9.0,1.0,321.0,0.0,321000000.0,1.0,3.0
428,7.08641975308642,1000000.0,9.0,1.0,324.0,0.0,324000000.0,1.0,2.0
429,7.144654088050315,1000000.0,9.0,1.0,318.0,0.0,318000000.0,1.0,2.0
430,6.977987421383648,1000000.0,9.0,1.0,318.0,0.0,318000000.0,1.0,2.0
431,6.476780185758514,1000000.0,8.0,1.0,323.0,0.0,323000000.0,1.0,2.0
432,6.484472049689441,1000000.0,8.0,1.0,322.0,0.0,322000000.0,1.0,2.0
433,6.506329113924051,1000000.0,8.0,1.0,316.0,0.0,316000000.0,1.0,2.0
434,6.490566037735849,1000000.0,8.0,1.0,318.0,0.0,318000000.0,1.0,2.0
435,6.5,1000000.0,8.0,1.0,320.0,0.0,320000000.0,1.0,2.0
436,6.5303514376996805,1000000.0,8.0,1.0,313.0,0.0,313000000.0,1.0,2.0
437,6.591194968553459,1000000.0,10.0,1.0,318.0,0.0,318000000.0,1.0,2.0
438,6.484472049689441,1000000.0,8.0,1.0,322.0,0.0,322000000.0,1.0,2.0
439,6.5362776025236595,1000000.0,8.0,1.0,317.0,0.0,317000000.0,1.0,2.0
440,6.551282051282051,1000000.0,8.0,1.0,312.0,0.0,312000000.0,1.0,2.0
441,6.504643962848297,1000000.0,9.0,1.0,323.0,0.0,323000000.0,1.0,3.0
442,6.479750778816199,1000000.0,8.0,1.0,321.0,0.0,321000000.0,1.0,2.0
443,6.526984126984127,1000000.0,8.0,1.0,315.0,0.0,315000000.0,1.0,2.0
444,6.492211838006231,1000000.0,8.0,1.0,321.0,0.0,321000000.0,1.0,2.0
445,6.484472049689441,1000000.0,8.0,1.0,322.0,0.0,322000000.0,1.0,2.0
446,6.461538461538462,1000000.0,8.0,1.0,325.0,0.0,325000000.0,1.0,2.0
447,6.523659305993691,1000000.0,8.0,1.0,317.0,0.0,317000000.0,1.0,2.0
448,6.52037617554859,1000000.0,8.0,1.0,319.0,0.0,319000000.0,1.0,2.0
449,6.507836990595611,1000000.0,8.0,1.0,319.0,0.0,319000000.0,1.0,2.0
450,6.484472049689441,1000000.0,8.0,1.0,322.0,0.0,322000000.0,1.0,2.0
451,6.521739130434782,1000000.0,8.0,1.0,322.0,0.0,322000000.0,1.0,2.0
452,6.969135802469136,1000000.0,8.0,1.0,324.0,0.0,324000000.0,1.0,2.0
453,6.229813664596273,1000000.0,8.0,1.0,322.0,0.0,322000000.0,1.0,2.0
454,5.5125,1000000.0,8.0,1.0,320.0,0.0,320000000.0,1.0,2.0
455,5.488958990536277,1000000.0,8.0,1.0,317.0,0.0,317000000.0,1.0,2.0
456,5.533742331288344,1000000.0,8.0,1.0,326.0,0.0,326000000.0,1.0,2.0
457,5.507788161993769,1000000.0,8.0,1.0,321.0,0.0,321000000.0,1.0,2.0
458,5.4603174603174605,1000000.0,8.0,1.0,315.0,0.0,315000000.0,1.0,2.0
459,5.49685534591195,1000000.0,8.0,1.0,318.0,0.0,318000000.0,1.0,2.0
460,5.523219814241486,1000000.0,8.0,1.0,323.0,0.0,323000000.0,1.0,2.0
461,5.488958990536277,1000000.0,8.0,1.0,317.0,0.0,317000000.0,1.0,2.0
462,5.473015873015873,1000000.0,8.0,1.0,315.0,0.0,315000000.0,1.0,2.0
463,5.476340694006309,1000000.0,8.0,1.0,317.0,0.0,317000000.0,1.0,2.0
464,5.507788161993769,1000000.0,8.0,1.0,321.0,0.0,321000000.0,1.0,2.0
465,5.4953271028037385,1000000.0,8.0,1.0,321.0,0.0,321000000.0,1.0,2.0
466,5.538461538461538,1000000.0,8.0,1.0,325.0,0.0,325000000.0,1.0,2.0
467,5.484276729559748,1000000.0,8.0,1.0,318.0,0.0,318000000.0,1.0,2.0
468,5.488958990536277,1000000.0,8.0,1.0,317.0,0.0,317000000.0,1.0,2.0
469,5.507788161993769,1000000.0,8.0,1.0,321.0,0.0,321000000.0,1.0,2.0
470,5.5,1000000.0,8.0,1.0,320.0,0.0,320000000.0,1.0,2.0
471,5.503105590062112,1000000.0,8.0,1.0,322.0,0.0,322000000.0,1.0,2.0
472,5.464968152866242,1000000.0,8.0,1.0,314.0,0.0,314000000.0,1.0,2.0
473,5.507788161993769,1000000.0,8.0,1.0,321.0,0.0,321000000.0,1.0,2.0
474,5.518518518518518,1000000.0,8.0,1.0,324.0,0.0,324000000.0,1.0,2.0
475,5.49685534591195,1000000.0,8.0,1.0,318.0,0.0,318000000.0,1.0,2.0
476,5.49685534591195,1000000.0,8.0,1.0,318.0,0.0,318000000.0,1.0,2.0
477,5.64375,1000000.0,11.0,1.0,320.0,0.0,320000000.0,1.0,2.0
478,5.538461538461538,1000000.0,8.0,1.0,325.0,0.0,325000000.0,1.0,2.0
479,5.65615141955836,1000000.0,11.0,1.0,317.0,0.0,317000000.0,1.0,2.0
480,5.4696485623003195,1000000.0,8.0,1.0,313.0,0.0,313000000.0,1.0,2.0
481,5.962848297213622,1000000.0,9.0,1.0,323.0,0.0,323000000.0,1.0,2.0
482,6.4875,1000000.0,8.0,1.0,320.0,0.0,320000000.0,1.0,2.0
483,6.523659305993691,1000000.0,8.0,1.0,317.0,0.0,317000000.0,1.0,2.0
484,6.492211838006231,1000000.0,8.0,1.0,321.0,0.0,321000000.0,1.0,2.0
485,6.484472049689441,1000000.0,8.0,1.0,322.0,0.0,322000000.0,1.0,2.0
486,6.472049689440993,1000000.0,8.0,1.0,322.0,0.0,322000000.0,1.0,2.0
487,6.5046728971962615,1000000.0,8.0,1.0,321.0,0.0,321000000.0,1.0,2.0
488,6.518987341772152,1000000.0,8.0,1.0,316.0,0.0,316000000.0,1.0,2.0
489,6.496894409937888,1000000.0,8.0,1.0,322.0,0.0,322000000.0,1.0,2.0
490,6.482758620689655,1000000.0,8.0,1.0,319.0,0.0,319000000.0,1.0,2.0
491,6.5362776025236595,1000000.0,8.0,1.0,317.0,0.0,317000000.0,1.0,2.0
492,6.507836990595611,1000000.0,8.0,1.0,319.0,0.0,319000000.0,1.0,2.0
493,6.661490683229814,1000000.0,8.0,1.0,322.0,0.0,322000000.0,1.0,2.0
494,6.5062111801242235,1000000.0,8.0,1.0,322.0,0.0,322000000.0,1.0,2.0
495,6.515723270440252,1000000.0,8.0,1.0,318.0,0.0,318000000.0,1.0,2.0
496,6.58307210031348,1000000.0,8.0,1.0,319.0,0.0,319000000.0,1.0,2.0
497,6.59375,1000000.0,8.0,1.0,320.0,0.0,320000000.0,1.0,2.0
498,6.4984227129337535,1000000.0,8.0,1.0,317.0,0.0,317000000.0,1.0,2.0
499,6.492211838006231,1000000.0,8.0,1.0,321.0,0.0,321000000.0,1.0,2.0
500,6.515723270440252,1000000.0,8.0,1.0,318.0,0.0,318000000.0,1.0,2.0
501,6.540123456790123,1000000.0,8.0,1.0,324.0,0.0,324000000.0,1.0,2.0
502,6.947368421052632,1000000.0,8.0,1.0,323.0,0.0,323000000.0,1.0,2.0
503,7.2594936708860756,1000000.0,8.0,1.0,316.0,0.0,316000000.0,1.0,2.0
504,7.230769230769231,1000000.0,8.0,1.0,325.0,0.0,325000000.0,1.0,2.0
505,6.857142857142857,1000000.0,8.0,1.0,315.0,0.0,315000000.0,1.0,2.0
506,6.507836990595611,1000000.0,8.0,1.0,319.0,0.0,319000000.0,1.0,2.0
507,6.476780185758514,1000000.0,8.0,1.0,323.0,0.0,323000000.0,1.0,2.0
508,6.492211838006231,1000000.0,8.0,1.0,321.0,0.0,321000000.0,1.0,2.0
509,6.511041009463723,1000000.0,8.0,1.0,317.0,0.0,317000000.0,1.0,2.0
510,6.52037617554859,1000000.0,8.0,1.0,319.0,0.0,319000000.0,1.0,2.0
511,6.476780185758514,1000000.0,8.0,1.0,323.0,0.0,323000000.0,1.0,2.0
512,6.507836990595611,1000000.0,8.0,1.0,319.0,0.0,319000000.0,1.0,2.0
513,6.495297805642633,1000000.0,8.0,1.0,319.0,0.0,319000000.0,1.0,2.0
514,6.523510971786834,1000000.0,9.0,1.0,319.0,0.0,319000000.0,1.0,3.0
515,6.496894409937888,1000000.0,8.0,1.0,322.0,0.0,322000000.0,1.0,2.0
516,6.523510971786834,1000000.0,9.0,1.0,319.0,0.0,319000000.0,1.0,3.0
517,6.518987341772152,1000000.0,8.0,1.0,316.0,0.0,316000000.0,1.0,2.0
518,6.473846153846154,1000000.0,8.0,1.0,325.0,0.0,325000000.0,1.0,2.0
519,6.4875,1000000.0,8.0,1.0,320.0,0.0,320000000.0,1.0,2.0
520,6.5,1000000.0,8.0,1.0,320.0,0.0,320000000.0,1.0,2.0
521,6.507836990595611,1000000.0,8.0,1.0,319.0,0.0,319000000.0,1.0,2.0
522,6.518987341772152,1000000.0,8.0,1.0,316.0,0.0,316000000.0,1.0,2.0
523,6.476780185758514,1000000.0,8.0,1.0,323.0,0.0,323000000.0,1.0,2.0
524,6.492260061919505,1000000.0,9.0,1.0,323.0,0.0,323000000.0,1.0,3.0
525,6.490566037735849,1000000.0,8.0,1.0,318.0,0.0,318000000.0,1.0,2.0
526,6.528301886792453,1000000.0,8.0,1.0,318.0,0.0,318000000.0,1.0,2.0
527,6.59433962264151,1000000.0,10.0,1.0,318.0,0.0,318000000.0,1.0,2.0
528,6.481481481481482,1000000.0,8.0,1.0,324.0,0.0,324000000.0,1.0,2.0
529,6.531645569620253,1000000.0,8.0,1.0,316.0,0.0,316000000.0,1.0,2.0
530,6.515723270440252,1000000.0,8.0,1.0,318.0,0.0,318000000.0,1.0,2.0
531,6.484472049689441,1000000.0,8.0,1.0,322.0,0.0,322000000.0,1.0,2.0
532,6.50314465408805,1000000.0,8.0,1.0,318.0,0.0,318000000.0,1.0,2.0
533,6.531645569620253,1000000.0,8.0,1.0,316.0,0.0,316000000.0,1.0,2.0
534,6.531645569620253,1000000.0,8.0,1.0,316.0,0.0,316000000.0,1.0,2.0
535,6.476780185758514,1000000.0,8.0,1.0,323.0,0.0,323000000.0,1.0,2.0
536,6.517241379310345,1000000.0,8.0,1.0,319.0,0.0,319000000.0,1.0,2.0
537,6.525,1000000.0,8.0,1.0,320.0,0.0,320000000.0,1.0,2.0
538,6.5,1000000.0,8.0,1.0,320.0,0.0,320000000.0,1.0,2.0
539,6.484472049689441,1000000.0,8.0,1.0,322.0,0.0,322000000.0,1.0,2.0
540,6.484472049689441,1000000.0,8.0,1.0,322.0,0.0,322000000.0,1.0,2.0
541,6.523510971786834,1000000.0,8.0,1.0,319.0,0.0,319000000.0,1.0,2.0
542,6.515723270440252,1000000.0,8.0,1.0,318.0,0.0,318000000.0,1.0,2.0
543,6.476780185758514,1000000.0,8.0,1.0,323.0,0.0,323000000.0,1.0,2.0
544,6.518987341772152,1000000.0,8.0,1.0,316.0,0.0,316000000.0,1.0,2.0
545,6.515723270440252,1000000.0,8.0,1.0,318.0,0.0,318000000.0,1.0,2.0
546,6.5046728971962615,1000000.0,8.0,1.0,321.0,0.0,321000000.0,1.0,2.0
547,6.45679012345679,1000000.0,8.0,1.0,324.0,0.0,324000000.0,1.0,2.0
548,6.52037617554859,1000000.0,8.0,1.0,319.0,0.0,319000000.0,1.0,2.0
549,6.526984126984127,1000000.0,8.0,1.0,315.0,0.0,315000000.0,1.0,2.0
550,6.50314465408805,1000000.0,8.0,1.0,318.0,0.0,318000000.0,1.0,2.0
551,6.469135802469136,1000000.0,8.0,1.0,324.0,0.0,324000000.0,1.0,2.0
552,6.514018691588785,1000000.0,8.0,1.0,321.0,0.0,321000000.0,1.0,2.0
553,6.763406940063091,1000000.0,8.0,1.0,317.0,0.0,317000000.0,1.0,2.0
554,6.959876543209877,1000000.0,8.0,1.0,324.0,0.0,324000000.0,1.0,2.0
555,6.5,1000000.0,8.0,1.0,320.0,0.0,320000000.0,1.0,2.0
556,6.5046728971962615,1000000.0,8.0,1.0,321.0,0.0,321000000.0,1.0,2.0
557,6.523659305993691,1000000.0,8.0,1.0,317.0,0.0,317000000.0,1.0,2.0
558,6.472049689440993,1000000.0,8.0,1.0,322.0,0.0,322000000.0,1.0,2.0
559,6.466257668711656,1000000.0,8.0,1.0,326.0,0.0,326000000.0,1.0,2.0
560,6.5396825396825395,1000000.0,8.0,1.0,315.0,0.0,315000000.0,1.0,2.0
561,6.507836990595611,1000000.0,8.0,1.0,319.0,0.0,319000000.0,1.0,2.0
562,6.482758620689655,1000000.0,8.0,1.0,319.0,0.0,319000000.0,1.0,2.0
563,6.473846153846154,1000000.0,8.0,1.0,325.0,0.0,325000000.0,1.0,2.0
564,6.511041009463723,1000000.0,8.0,1.0,317.0,0.0,317000000.0,1.0,2.0
565,6.507836990595611,1000000.0,8.0,1.0,319.0,0.0,319000000.0,1.0,2.0
566,6.476780185758514,1000000.0,8.0,1.0,323.0,0.0,323000000.0,1.0,2.0
567,6.481481481481482,1000000.0,8.0,1.0,324.0,0.0,324000000.0,1.0,2.0
568,6.515723270440252,1000000.0,8.0,1.0,318.0,0.0,318000000.0,1.0,2.0
569,6.507836990595611,1000000.0,8.0,1.0,319.0,0.0,319000000.0,1.0,2.0
570,6.515723270440252,1000000.0,8.0,1.0,318.0,0.0,318000000.0,1.0,2.0
571,6.479750778816199,1000000.0,8.0,1.0,321.0,0.0,321000000.0,1.0,2.0
572,6.515723270440252,1000000.0,8.0,1.0,318.0,0.0,318000000.0,1.0,2.0
573,6.484472049689441,1000000.0,8.0,1.0,322.0,0.0,322000000.0,1.0,2.0
574,6.515723270440252,1000000.0,8.0,1.0,318.0,0.0,318000000.0,1.0,2.0
575,6.492211838006231,1000000.0,8.0,1.0,321.0,0.0,321000000.0,1.0,2.0
576,6.489164086687307,1000000.0,8.0,1.0,323.0,0.0,323000000.0,1.0,2.0
577,6.523659305993691,1000000.0,8.0,1.0,317.0,0.0,317000000.0,1.0,2.0
578,7.145110410094637,1000000.0,11.0,1.0,317.0,0.0,317000000.0,1.0,2.0
579,6.515625,1000000.0,9.0,1.0,320.0,0.0,320000000.0,1.0,3.0
580,6.492211838006231,1000000.0,8.0,1.0,321.0,0.0,321000000.0,1.0,2.0
581,6.507836990595611,1000000.0,8.0,1.0,319.0,0.0,319000000.0,1.0,2.0
582,6.496894409937888,1000000.0,8.0,1.0,322.0,0.0,322000000.0,1.0,2.0
583,6.492211838006231,1000000.0,8.0,1.0,321.0,0.0,321000000.0,1.0,2.0
584,6.484472049689441,1000000.0,8.0,1.0,322.0,0.0,322000000.0,1.0,2.0
585,6.523659305993691,1000000.0,8.0,1.0,317.0,0.0,317000000.0,1.0,2.0
586,6.518867924528302,1000000.0,8.0,1.0,318.0,0.0,318000000.0,1.0,3.0
587,6.506329113924051,1000000.0,8.0,1.0,316.0,0.0,316000000.0,1.0,2.0
588,6.479750778816199,1000000.0,8.0,1.0,321.0,0.0,321000000.0,1.0,2.0
589,6.484472049689441,1000000.0,8.0,1.0,322.0,0.0,322000000.0,1.0,2.0
590,6.5046728971962615,1000000.0,8.0,1.0,321.0,0.0,321000000.0,1.0,2.0
591,6.5284810126582276,1000000.0,8.0,1.0,316.0,0.0,316000000.0,1.0,2.0
592,6.512345679012346,1000000.0,8.0,1.0,324.0,0.0,324000000.0,1.0,2.0
593,6.469135802469136,1000000.0,8.0,1.0,324.0,0.0,324000000.0,1.0,2.0
594,6.609230769230769,1000000.0,8.0,1.0,325.0,0.0,325000000.0,1.0,2.0
595,6.523659305993691,1000000.0,8.0,1.0,317.0,0.0,317000000.0,1.0,2.0
596,6.5046728971962615,1000000.0,8.0,1.0,321.0,0.0,321000000.0,1.0,2.0
597,6.464396284829721,1000000.0,8.0,1.0,323.0,0.0,323000000.0,1.0,2.0
598,6.52037617554859,1000000.0,8.0,1.0,319.0,0.0,319000000.0,1.0,2.0
599,6.492211838006231,1000000.0,8.0,1.0,321.0,0.0,321000000.0,1.0,2.0
600,6.472049689440993,1000000.0,8.0,1.0,322.0,0.0,322000000.0,1.0,2.0
601,6.481481481481482,1000000.0,8.0,1.0,324.0,0.0,324000000.0,1.0,2.0
602,6.267515923566879,1000000.0,8.0,1.0,314.0,0.0,314000000.0,1.0,2.0
603,5.54375,1000000.0,8.0,1.0,320.0,0.0,320000000.0,1.0,2.0
604,5.520249221183801,1000000.0,8.0,1.0,321.0,0.0,321000000.0,1.0,2.0
605,5.5,1000000.0,8.0,1.0,320.0,0.0,320000000.0,1.0,2.0
606,5.4890282131661445,1000000.0,9.0,1.0,319.0,0.0,319000000.0,1.0,2.0
607,5.473015873015873,1000000.0,8.0,1.0,315.0,0.0,315000000.0,1.0,2.0
608,5.518518518518518,1000000.0,8.0,1.0,324.0,0.0,324000000.0,1.0,2.0
609,5.5,1000000.0,8.0,1.0,320.0,0.0,320000000.0,1.0,2.0
610,5.464968152866242,1000000.0,8.0,1.0,314.0,0.0,314000000.0,1.0,2.0
611,5.49685534591195,1000000.0,8.0,1.0,318.0,0.0,318000000.0,1.0,2.0
612,5.507788161993769,1000000.0,8.0,1.0,321.0,0.0,321000000.0,1.0,2.0
613,5.492163009404389,1000000.0,8.0,1.0,319.0,0.0,319000000.0,1.0,2.0
614,5.875,1000000.0,8.0,1.0,320.0,0.0,320000000.0,1.0,2.0
615,6.518987341772152,1000000.0,8.0,1.0,316.0,0.0,316000000.0,1.0,2.0
616,6.481481481481482,1000000.0,8.0,1.0,324.0,0.0,324000000.0,1.0,2.0
617,6.5,1000000.0,8.0,1.0,320.0,0.0,320000000.0,1.0,2.0
618,6.531645569620253,1000000.0,8.0,1.0,316.0,0.0,316000000.0,1.0,2.0
619,6.629283489096573,1000000.0,10.0,1.0,321.0,0.0,321000000.0,1.0,2.0
620,6.5,1000000.0,8.0,1.0,320.0,0.0,320000000.0,1.0,2.0
621,6.507836990595611,1000000.0,8.0,1.0,319.0,0.0,319000000.0,1.0,2.0
622,6.535031847133758,1000000.0,8.0,1.0,314.0,0.0,314000000.0,1.0,2.0
623,6.476780185758514,1000000.0,8.0,1.0,323.0,0.0,323000000.0,1.0,2.0
624,6.492211838006231,1000000.0,8.0,1.0,321.0,0.0,321000000.0,1.0,2.0
625,6.52037617554859,1000000.0,8.0,1.0,319.0,0.0,319000000.0,1.0,2.0
626,6.526984126984127,1000000.0,8.0,1.0,315.0,0.0,315000000.0,1.0,2.0
627,6.489164086687307,1000000.0,8.0,1.0,323.0,0.0,323000000.0,1.0,2.0
628,6.554179566563468,1000000.0,8.0,1.0,323.0,0.0,323000000.0,1.0,2.0
629,6.555555555555555,1000000.0,8.0,1.0,315.0,0.0,315000000.0,1.0,2.0
630,6.489164086687307,1000000.0,8.0,1.0,323.0,0.0,323000000.0,1.0,2.0
631,6.479750778816199,1000000.0,8.0,1.0,321.0,0.0,321000000.0,1.0,2.0
632,6.515723270440252,1000000.0,8.0,1.0,318.0,0.0,318000000.0,1.0,2.0
633,6.523659305993691,1000000.0,8.0,1.0,317.0,0.0,317000000.0,1.0,2.0
634,6.481481481481482,1000000.0,8.0,1.0,324.0,0.0,324000000.0,1.0,2.0
635,6.4875,1000000.0,8.0,1.0,320.0,0.0,320000000.0,1.0,2.0
636,6.523659305993691,1000000.0,8.0,1.0,317.0,0.0,317000000.0,1.0,2.0
637,6.496894409937888,1000000.0,8.0,1.0,322.0,0.0,322000000.0,1.0,2.0
638,6.45398773006135,1000000.0,8.0,1.0,326.0,0.0,326000000.0,1.0,2.0
639,6.479750778816199,1000000.0,8.0,1.0,321.0,0.0,321000000.0,1.0,2.0
640,6.484472049689441,1000000.0,8.0,1.0,322.0,0.0,322000000.0,1.0,2.0
641,6.495297805642633,1000000.0,8.0,1.0,319.0,0.0,319000000.0,1.0,2.0
642,6.5125,1000000.0,8.0,1.0,320.0,0.0,320000000.0,1.0,2.0
643,6.495297805642633,1000000.0,8.0,1.0,319.0,0.0,319000000.0,1.0,2.0
644,6.5125,1000000.0,8.0,1.0,320.0,0.0,320000000.0,1.0,2.0
645,6.495297805642633,1000000.0,8.0,1.0,319.0,0.0,319000000.0,1.0,2.0
646,6.515723270440252,1000000.0,8.0,1.0,318.0,0.0,318000000.0,1.0,2.0
647,6.523659305993691,1000000.0,8.0,1.0,317.0,0.0,317000000.0,1.0,2.0
648,6.495297805642633,1000000.0,8.0,1.0,319.0,0.0,319000000.0,1.0,2.0
649,6.476780185758514,1000000.0,8.0,1.0,323.0,0.0,323000000.0,1.0,2.0
650,6.523659305993691,1000000.0,8.0,1.0,317.0,0.0,317000000.0,1.0,2.0
651,6.523659305993691,1000000.0,8.0,1.0,317.0,0.0,317000000.0,1.0,2.0
652,6.5,1000000.0,8.0,1.0,320.0,0.0,320000000.0,1.0,2.0
653,6.481481481481482,1000000.0,8.0,1.0,324.0,0.0,324000000.0,1.0,2.0
654,6.74294670846395,1000000.0,10.0,1.0,319.0,0.0,319000000.0,1.0,2.0
655,6.50314465408805,1000000.0,8.0,1.0,318.0,0.0,318000000.0,1.0,2.0
656,6.746130030959752,1000000.0,11.0,1.0,323.0,0.0,323000000.0,1.0,3.0
657,7.090625,1000000.0,11.0,1.0,320.0,0.0,320000000.0,1.0,2.0
658,6.507836990595611,1000000.0,8.0,1.0,319.0,0.0,319000000.0,1.0,2.0
659,6.947204968944099,1000000.0,11.0,1.0,322.0,0.0,322000000.0,1.0,2.0
660,7.157407407407407,1000000.0,11.0,1.0,324.0,0.0,324000000.0,1.0,2.0
661,6.484472049689441,1000000.0,8.0,1.0,322.0,0.0,322000000.0,1.0,2.0
662,6.511041009463723,1000000.0,8.0,1.0,317.0,0.0,317000000.0,1.0,2.0
663,6.1191222570532915,1000000.0,8.0,1.0,319.0,0.0,319000000.0,1.0,2.0
664,5.507788161993769,1000000.0,8.0,1.0,321.0,0.0,321000000.0,1.0,2.0
665,5.533742331288344,1000000.0,8.0,1.0,326.0,0.0,326000000.0,1.0,2.0
666,5.484276729559748,1000000.0,8.0,1.0,318.0,0.0,318000000.0,1.0,2.0
667,5.553459119496855,1000000.0,9.0,1.0,318.0,0.0,318000000.0,1.0,2.0
668,5.484276729559748,1000000.0,8.0,1.0,318.0,0.0,318000000.0,1.0,2.0
669,5.520249221183801,1000000.0,8.0,1.0,321.0,0.0,321000000.0,1.0,2.0
670,5.490625,1000000.0,9.0,1.0,320.0,0.0,320000000.0,1.0,3.0
671,5.560975609756097,1000000.0,8.0,1.0,328.0,0.0,328000000.0,1.0,2.0
672,6.022151898734177,1000000.0,11.0,1.0,316.0,0.0,316000000.0,1.0,2.0
673,5.528125,1000000.0,11.0,1.0,320.0,0.0,320000000.0,1.0,2.0
674,5.515527950310559,1000000.0,8.0,1.0,322.0,0.0,322000000.0,1.0,2.0
675,5.510835913312693,1000000.0,8.0,1.0,323.0,0.0,323000000.0,1.0,2.0
676,5.476340694006309,1000000.0,8.0,1.0,317.0,0.0,317000000.0,1.0,2.0
677,5.484276729559748,1000000.0,8.0,1.0,318.0,0.0,318000000.0,1.0,2.0
678,5.488958990536277,1000000.0,8.0,1.0,317.0,0.0,317000000.0,1.0,2.0
679,5.86687306501548,1000000.0,8.0,1.0,323.0,0.0,323000000.0,1.0,2.0
680,5.528301886792453,1000000.0,8.0,1.0,318.0,0.0,318000000.0,1.0,2.0
681,5.473015873015873,1000000.0,8.0,1.0,315.0,0.0,315000000.0,1.0,2.0
682,5.708978328173375,1000000.0,8.0,1.0,323.0,0.0,323000000.0,1.0,2.0
683,5.517241379310345,1000000.0,8.0,1.0,319.0,0.0,319000000.0,1.0,2.0
684,5.484276729559748,1000000.0,8.0,1.0,318.0,0.0,318000000.0,1.0,2.0
685,5.471698113207547,1000000.0,8.0,1.0,318.0,0.0,318000000.0,1.0,2.0
686,5.507788161993769,1000000.0,8.0,1.0,321.0,0.0,321000000.0,1.0,2.0
687,5.515527950310559,1000000.0,8.0,1.0,322.0,0.0,322000000.0,1.0,2.0
688,5.476340694006309,1000000.0,8.0,1.0,317.0,0.0,317000000.0,1.0,2.0
689,5.473015873015873,1000000.0,8.0,1.0,315.0,0.0,315000000.0,1.0,2.0
690,5.510835913312693,1000000.0,8.0,1.0,323.0,0.0,323000000.0,1.0,2.0
691,5.520249221183801,1000000.0,8.0,1.0,321.0,0.0,321000000.0,1.0,2.0
692,6.618296529968454,1000000.0,8.0,1.0,317.0,0.0,317000000.0,1.0,2.0
693,6.133956386292835,1000000.0,8.0,1.0,321.0,0.0,321000000.0,1.0,3.0
694,6.16875,1000000.0,8.0,1.0,320.0,0.0,320000000.0,1.0,2.0
695,6.978056426332288,1000000.0,8.0,1.0,319.0,0.0,319000000.0,1.0,2.0
696,5.515527950310559,1000000.0,8.0,1.0,322.0,0.0,322000000.0,1.0,2.0
697,5.577287066246057,1000000.0,8.0,1.0,317.0,0.0,317000000.0,1.0,2.0
698,6.489164086687307,1000000.0,8.0,1.0,323.0,0.0,323000000.0,1.0,2.0
699,6.495297805642633,1000000.0,8.0,1.0,319.0,0.0,319000000.0,1.0,2.0
700,6.528301886792453,1000000.0,8.0,1.0,318.0,0.0,318000000.0,1.0,2.0
701,6.461538461538462,1000000.0,8.0,1.0,325.0,0.0,325000000.0,1.0,2.0
702,6.5396825396825395,1000000.0,8.0,1.0,315.0,0.0,315000000.0,1.0,2.0
703,6.495297805642633,1000000.0,8.0,1.0,319.0,0.0,319000000.0,1.0,2.0
704,6.804281345565749,1000000.0,11.0,1.0,327.0,0.0,327000000.0,1.0,2.0
705,7.773584905660377,1000000.0,10.0,1.0,318.0,0.0,318000000.0,1.0,2.0
706,7.444794952681388,1000000.0,10.0,1.0,317.0,0.0,317000000.0,1.0,2.0
707,6.484472049689441,1000000.0,8.0,1.0,322.0,0.0,322000000.0,1.0,2.0
708,6.492211838006231,1000000.0,8.0,1.0,321.0,0.0,321000000.0,1.0,2.0
709,6.523659305993691,1000000.0,8.0,1.0,317.0,0.0,317000000.0,1.0,2.0
710,6.461538461538462,1000000.0,8.0,1.0,325.0,0.0,325000000.0,1.0,2.0
711,6.543130990415335,1000000.0,8.0,1.0,313.0,0.0,313000000.0,1.0,2.0
712,6.472049689440993,1000000.0,8.0,1.0,322.0,0.0,322000000.0,1.0,2.0
713,6.50314465408805,1000000.0,8.0,1.0,318.0,0.0,318000000.0,1.0,2.0
714,6.5362776025236595,1000000.0,8.0,1.0,317.0,0.0,317000000.0,1.0,2.0
715,6.4875,1000000.0,8.0,1.0,320.0,0.0,320000000.0,1.0,2.0
716,6.484472049689441,1000000.0,8.0,1.0,322.0,0.0,322000000.0,1.0,2.0
717,6.489164086687307,1000000.0,8.0,1.0,323.0,0.0,323000000.0,1.0,2.0
718,6.5,1000000.0,8.0,1.0,320.0,0.0,320000000.0,1.0,2.0
719,6.518987341772152,1000000.0,8.0,1.0,316.0,0.0,316000000.0,1.0,2.0
720,7.072555205047319,1000000.0,8.0,1.0,317.0,0.0,317000000.0,1.0,2.0
721,6.978193146417445,1000000.0,8.0,1.0,321.0,0.0,321000000.0,1.0,2.0
722,6.50314465408805,1000000.0,8.0,1.0,318.0,0.0,318000000.0,1.0,2.0
723,6.518987341772152,1000000.0,8.0,1.0,316.0,0.0,316000000.0,1.0,2.0
724,6.507836990595611,1000000.0,8.0,1.0,319.0,0.0,319000000.0,1.0,2.0
725,6.476923076923077,1000000.0,8.0,1.0,325.0,0.0,325000000.0,1.0,3.0
726,6.479750778816199,1000000.0,8.0,1.0,321.0,0.0,321000000.0,1.0,2.0
727,6.50314465408805,1000000.0,8.0,1.0,318.0,0.0,318000000.0,1.0,2.0
728,6.4875,1000000.0,8.0,1.0,320.0,0.0,320000000.0,1.0,2.0
729,6.700315457413249,1000000.0,8.0,1.0,317.0,0.0,317000000.0,1.0,2.0
730,6.804347826086956,1000000.0,8.0,1.0,322.0,0.0,322000000.0,1.0,2.0
731,6.5125,1000000.0,8.0,1.0,320.0,0.0,320000000.0,1.0,2.0
732,6.534591194968553,1000000.0,8.0,1.0,318.0,0.0,318000000.0,1.0,2.0
733,6.563467492260062,1000000.0,8.0,1.0,323.0,0.0,323000000.0,1.0,2.0
734,6.50314465408805,1000000.0,8.0,1.0,318.0,0.0,318000000.0,1.0,2.0
735,6.528301886792453,1000000.0,8.0,1.0,318.0,0.0,318000000.0,1.0,2.0
736,6.469135802469136,1000000.0,8.0,1.0,324.0,0.0,324000000.0,1.0,2.0
737,6.4984227129337535,1000000.0,8.0,1.0,317.0,0.0,317000000.0,1.0,2.0
738,6.489164086687307,1000000.0,8.0,1.0,323.0,0.0,323000000.0,1.0,2.0
739,6.495297805642633,1000000.0,8.0,1.0,319.0,0.0,319000000.0,1.0,2.0
740,6.773885350318471,1000000.0,8.0,1.0,314.0,0.0,314000000.0,1.0,2.0
741,6.797507788161994,1000000.0,8.0,1.0,321.0,0.0,321000000.0,1.0,2.0
742,5.733746130030959,1000000.0,8.0,1.0,323.0,0.0,323000000.0,1.0,2.0
743,5.481012658227848,1000000.0,8.0,1.0,316.0,0.0,316000000.0,1.0,2.0
744,5.481012658227848,1000000.0,8.0,1.0,316.0,0.0,316000000.0,1.0,2.0
745,6.461538461538462,1000000.0,8.0,1.0,325.0,0.0,325000000.0,1.0,2.0
746,6.484472049689441,1000000.0,8.0,1.0,322.0,0.0,322000000.0,1.0,2.0
747,6.52037617554859,1000000.0,8.0,1.0,319.0,0.0,319000000.0,1.0,2.0
748,6.518987341772152,1000000.0,8.0,1.0,316.0,0.0,316000000.0,1.0,2.0
749,6.172839506172839,1000000.0,8.0,1.0,324.0,0.0,324000000.0,1.0,2.0
750,5.503105590062112,1000000.0,8.0,1.0,322.0,0.0,322000000.0,1.0,2.0
751,5.473015873015873,1000000.0,8.0,1.0,315.0,0.0,315000000.0,1.0,2.0
752,5.5,1000000.0,8.0,1.0,320.0,0.0,320000000.0,1.0,2.0
753,5.527950310559007,1000000.0,8.0,1.0,322.0,0.0,322000000.0,1.0,2.0
754,5.492163009404389,1000000.0,8.0,1.0,319.0,0.0,319000000.0,1.0,2.0
755,5.601246105919003,1000000.0,9.0,1.0,321.0,0.0,321000000.0,1.0,2.0
756,5.523219814241486,1000000.0,8.0,1.0,323.0,0.0,323000000.0,1.0,2.0
757,5.4875,1000000.0,8.0,1.0,320.0,0.0,320000000.0,1.0,2.0
758,5.623824451410658,1000000.0,11.0,1.0,319.0,0.0,319000000.0,1.0,2.0
759,5.5125,1000000.0,8.0,1.0,320.0,0.0,320000000.0,1.0,2.0
760,5.53416149068323,1000000.0,10.0,1.0,322.0,0.0,322000000.0,1.0,3.0
761,5.504702194357367,1000000.0,8.0,1.0,319.0,0.0,319000000.0,1.0,2.0
762,5.471698113207547,1000000.0,8.0,1.0,318.0,0.0,318000000.0,1.0,2.0
763,5.476340694006309,1000000.0,8.0,1.0,317.0,0.0,317000000.0,1.0,2.0
764,5.523219814241486,1000000.0,8.0,1.0,323.0,0.0,323000000.0,1.0,2.0
765,5.520249221183801,1000000.0,8.0,1.0,321.0,0.0,321000000.0,1.0,2.0
766,5.47962382445141,1000000.0,8.0,1.0,319.0,0.0,319000000.0,1.0,2.0
767,5.523219814241486,1000000.0,8.0,1.0,323.0,0.0,323000000.0,1.0,2.0
768,5.484276729559748,1000000.0,8.0,1.0,318.0,0.0,318000000.0,1.0,2.0
769,5.4748427672955975,1000000.0,8.0,1.0,318.0,0.0,318000000.0,1.0,3.0
770,5.520249221183801,1000000.0,8.0,1.0,321.0,0.0,321000000.0,1.0,2.0
771,5.518518518518518,1000000.0,8.0,1.0,324.0,0.0,324000000.0,1.0,2.0
772,5.464968152866242,1000000.0,8.0,1.0,314.0,0.0,314000000.0,1.0,2.0
773,5.481012658227848,1000000.0,8.0,1.0,316.0,0.0,316000000.0,1.0,2.0
774,5.6894409937888195,1000000.0,8.0,1.0,322.0,0.0,322000000.0,1.0,2.0
775,5.507788161993769,1000000.0,8.0,1.0,321.0,0.0,321000000.0,1.0,2.0
776,5.510835913312693,1000000.0,8.0,1.0,323.0,0.0,323000000.0,1.0,2.0
777,5.487421383647798,1000000.0,8.0,1.0,318.0,0.0,318000000.0,1.0,3.0
778,5.4637223974763405,1000000.0,8.0,1.0,317.0,0.0,317000000.0,1.0,2.0
779,5.527950310559007,1000000.0,8.0,1.0,322.0,0.0,322000000.0,1.0,2.0
780,5.572307692307692,1000000.0,8.0,1.0,325.0,0.0,325000000.0,1.0,2.0
781,5.481012658227848,1000000.0,8.0,1.0,316.0,0.0,316000000.0,1.0,2.0
782,5.492163009404389,1000000.0,8.0,1.0,319.0,0.0,319000000.0,1.0,2.0
783,5.523219814241486,1000000.0,8.0,1.0,323.0,0.0,323000000.0,1.0,2.0
784,5.4637223974763405,1000000.0,8.0,1.0,317.0,0.0,317000000.0,1.0,2.0
785,5.488958990536277,1000000.0,8.0,1.0,317.0,0.0,317000000.0,1.0,2.0
786,5.5,1000000.0,8.0,1.0,320.0,0.0,320000000.0,1.0,2.0
787,5.515527950310559,1000000.0,8.0,1.0,322.0,0.0,322000000.0,1.0,2.0
788,5.484276729559748,1000000.0,8.0,1.0,318.0,0.0,318000000.0,1.0,2.0
789,5.4875,1000000.0,8.0,1.0,320.0,0.0,320000000.0,1.0,2.0
790,5.473015873015873,1000000.0,8.0,1.0,315.0,0.0,315000000.0,1.0,2.0
791,5.4953271028037385,1000000.0,8.0,1.0,321.0,0.0,321000000.0,1.0,2.0
792,5.520249221183801,1000000.0,8.0,1.0,321.0,0.0,321000000.0,1.0,2.0
793,5.47962382445141,1000000.0,8.0,1.0,319.0,0.0,319000000.0,1.0,2.0
794,5.484276729559748,1000000.0,8.0,1.0,318.0,0.0,318000000.0,1.0,2.0
795,5.509433962264151,1000000.0,8.0,1.0,318.0,0.0,318000000.0,1.0,2.0
796,5.510835913312693,1000000.0,8.0,1.0,323.0,0.0,323000000.0,1.0,2.0
797,5.492163009404389,1000000.0,8.0,1.0,319.0,0.0,319000000.0,1.0,2.0
798,5.493670886075949,1000000.0,8.0,1.0,316.0,0.0,316000000.0,1.0,2.0
799,5.492163009404389,1000000.0,8.0,1.0,319.0,0.0,319000000.0,1.0,2.0
800,5.515527950310559,1000000.0,8.0,1.0,322.0,0.0,322000000.0,1.0,2.0
801,5.657320872274143,1000000.0,8.0,1.0,321.0,0.0,321000000.0,1.0,2.0
802,6.4875,1000000.0,8.0,1.0,320.0,0.0,320000000.0,1.0,2.0
803,6.496894409937888,1000000.0,8.0,1.0,322.0,0.0,322000000.0,1.0,2.0
804,6.5,1000000.0,8.0,1.0,320.0,0.0,320000000.0,1.0,2.0
805,6.484472049689441,1000000.0,8.0,1.0,322.0,0.0,322000000.0,1.0,2.0
806,7.315625,1000000.0,11.0,1.0,320.0,0.0,320000000.0,1.0,2.0
807,6.511041009463723,1000000.0,8.0,1.0,317.0,0.0,317000000.0,1.0,2.0
808,7.06269592476489,1000000.0,11.0,1.0,319.0,0.0,319000000.0,1.0,2.0
809,8.33956386292835,1000000.0,11.0,1.0,321.0,0.0,321000000.0,1.0,2.0
810,6.922118380062305,1000000.0,11.0,1.0,321.0,0.0,321000000.0,1.0,2.0
811,6.507836990595611,1000000.0,8.0,1.0,319.0,0.0,319000000.0,1.0,2.0
812,6.531645569620253,1000000.0,8.0,1.0,316.0,0.0,316000000.0,1.0,2.0
813,6.5,1000000.0,8.0,1.0,320.0,0.0,320000000.0,1.0,2.0
814,6.496894409937888,1000000.0,8.0,1.0,322.0,0.0,322000000.0,1.0,2.0
815,6.50314465408805,1000000.0,8.0,1.0,318.0,0.0,318000000.0,1.0,2.0
816,6.492211838006231,1000000.0,8.0,1.0,321.0,0.0,321000000.0,1.0,2.0
817,6.523659305993691,1000000.0,8.0,1.0,317.0,0.0,317000000.0,1.0,2.0
818,6.476780185758514,1000000.0,8.0,1.0,323.0,0.0,323000000.0,1.0,2.0
819,6.507836990595611,1000000.0,8.0,1.0,319.0,0.0,319000000.0,1.0,2.0
820,5.826086956521739,1000000.0,8.0,1.0,322.0,0.0,322000000.0,1.0,2.0
821,5.587301587301587,1000000.0,8.0,1.0,315.0,0.0,315000000.0,1.0,2.0
822,5.6645569620253164,1000000.0,8.0,1.0,316.0,0.0,316000000.0,1.0,2.0
823,5.515527950310559,1000000.0,8.0,1.0,322.0,0.0,322000000.0,1.0,2.0
824,5.5,1000000.0,8.0,1.0,320.0,0.0,320000000.0,1.0,2.0
825,5.476340694006309,1000000.0,8.0,1.0,317.0,0.0,317000000.0,1.0,2.0
826,6.415094339622642,1000000.0,8.0,1.0,318.0,0.0,318000000.0,1.0,2.0
827,6.489164086687307,1000000.0,8.0,1.0,323.0,0.0,323000000.0,1.0,2.0
828,6.523659305993691,1000000.0,8.0,1.0,317.0,0.0,317000000.0,1.0,2.0
829,6.523659305993691,1000000.0,8.0,1.0,317.0,0.0,317000000.0,1.0,2.0
830,6.50314465408805,1000000.0,8.0,1.0,318.0,0.0,318000000.0,1.0,2.0
831,6.898773006134969,1000000.0,8.0,1.0,326.0,0.0,326000000.0,1.0,2.0
832,6.507836990595611,1000000.0,8.0,1.0,319.0,0.0,319000000.0,1.0,2.0
833,6.495297805642633,1000000.0,8.0,1.0,319.0,0.0,319000000.0,1.0,2.0
834,6.484472049689441,1000000.0,8.0,1.0,322.0,0.0,322000000.0,1.0,2.0
835,6.230529595015576,1000000.0,8.0,1.0,321.0,0.0,321000000.0,1.0,2.0
836,5.4603174603174605,1000000.0,8.0,1.0,315.0,0.0,315000000.0,1.0,2.0
837,5.515527950310559,1000000.0,8.0,1.0,322.0,0.0,322000000.0,1.0,2.0
838,5.515527950310559,1000000.0,8.0,1.0,322.0,0.0,322000000.0,1.0,2.0
839,5.4603174603174605,1000000.0,8.0,1.0,315.0,0.0,315000000.0,1.0,2.0
840,5.468354430379747,1000000.0,8.0,1.0,316.0,0.0,316000000.0,1.0,2.0
841,5.510835913312693,1000000.0,8.0,1.0,323.0,0.0,323000000.0,1.0,2.0
842,5.488958990536277,1000000.0,8.0,1.0,317.0,0.0,317000000.0,1.0,2.0
843,5.484276729559748,1000000.0,8.0,1.0,318.0,0.0,318000000.0,1.0,2.0
844,5.476340694006309,1000000.0,8.0,1.0,317.0,0.0,317000000.0,1.0,2.0
845,5.504702194357367,1000000.0,8.0,1.0,319.0,0.0,319000000.0,1.0,2.0
846,5.503105590062112,1000000.0,8.0,1.0,322.0,0.0,322000000.0,1.0,2.0
847,5.488958990536277,1000000.0,8.0,1.0,317.0,0.0,317000000.0,1.0,2.0
848,5.471698113207547,1000000.0,8.0,1.0,318.0,0.0,318000000.0,1.0,2.0
849,5.507788161993769,1000000.0,8.0,1.0,321.0,0.0,321000000.0,1.0,2.0
850,6.364779874213837,1000000.0,8.0,1.0,318.0,0.0,318000000.0,1.0,2.0
851,6.523659305993691,1000000.0,8.0,1.0,317.0,0.0,317000000.0,1.0,2.0
852,6.464396284829721,1000000.0,8.0,1.0,323.0,0.0,323000000.0,1.0,2.0
853,6.492211838006231,1000000.0,8.0,1.0,321.0,0.0,321000000.0,1.0,2.0
854,6.4875,1000000.0,8.0,1.0,320.0,0.0,320000000.0,1.0,2.0
855,6.476780185758514,1000000.0,8.0,1.0,323.0,0.0,323000000.0,1.0,2.0
856,6.553459119496855,1000000.0,10.0,1.0,318.0,0.0,318000000.0,1.0,2.0
857,6.523659305993691,1000000.0,8.0,1.0,317.0,0.0,317000000.0,1.0,2.0
858,6.495297805642633,1000000.0,8.0,1.0,319.0,0.0,319000000.0,1.0,2.0
859,6.726153846153847,1000000.0,8.0,1.0,325.0,0.0,325000000.0,1.0,2.0
860,6.511041009463723,1000000.0,8.0,1.0,317.0,0.0,317000000.0,1.0,2.0
861,6.425,1000000.0,8.0,1.0,320.0,0.0,320000000.0,1.0,2.0
862,5.761755485893417,1000000.0,8.0,1.0,319.0,0.0,319000000.0,1.0,2.0
863,5.535603715170279,1000000.0,8.0,1.0,323.0,0.0,323000000.0,1.0,2.0
864,6.05,1000000.0,8.0,1.0,320.0,0.0,320000000.0,1.0,2.0
865,5.468354430379747,1000000.0,8.0,1.0,316.0,0.0,316000000.0,1.0,2.0
866,5.507788161993769,1000000.0,8.0,1.0,321.0,0.0,321000000.0,1.0,2.0
867,5.515527950310559,1000000.0,8.0,1.0,322.0,0.0,322000000.0,1.0,2.0
868,5.492163009404389,1000000.0,8.0,1.0,319.0,0.0,319000000.0,1.0,2.0
869,5.471698113207547,1000000.0,8.0,1.0,318.0,0.0,318000000.0,1.0,2.0
870,5.488958990536277,1000000.0,8.0,1.0,317.0,0.0,317000000.0,1.0,2.0
871,5.520249221183801,1000000.0,8.0,1.0,321.0,0.0,321000000.0,1.0,2.0
872,5.4875,1000000.0,8.0,1.0,320.0,0.0,320000000.0,1.0,2.0
873,5.476340694006309,1000000.0,8.0,1.0,317.0,0.0,317000000.0,1.0,2.0
874,5.498442367601246,1000000.0,8.0,1.0,321.0,0.0,321000000.0,1.0,3.0
875,5.527950310559007,1000000.0,8.0,1.0,322.0,0.0,322000000.0,1.0,2.0
876,5.47962382445141,1000000.0,8.0,1.0,319.0,0.0,319000000.0,1.0,2.0
877,5.5125,1000000.0,8.0,1.0,320.0,0.0,320000000.0,1.0,2.0
878,5.476340694006309,1000000.0,8.0,1.0,317.0,0.0,317000000.0,1.0,2.0
879,5.523219814241486,1000000.0,8.0,1.0,323.0,0.0,323000000.0,1.0,2.0
880,5.507788161993769,1000000.0,8.0,1.0,321.0,0.0,321000000.0,1.0,2.0
881,5.529780564263323,1000000.0,10.0,1.0,319.0,0.0,319000000.0,1.0,2.0
882,5.628482972136223,1000000.0,11.0,1.0,323.0,0.0,323000000.0,1.0,2.0
883,5.830246913580247,1000000.0,9.0,1.0,324.0,0.0,324000000.0,1.0,2.0
884,5.84012539184953,1000000.0,9.0,1.0,319.0,0.0,319000000.0,1.0,2.0
885,5.631746031746032,1000000.0,9.0,1.0,315.0,0.0,315000000.0,1.0,2.0
886,5.526479750778816,1000000.0,9.0,1.0,321.0,0.0,321000000.0,1.0,2.0
887,5.504702194357367,1000000.0,8.0,1.0,319.0,0.0,319000000.0,1.0,2.0
888,5.47962382445141,1000000.0,8.0,1.0,319.0,0.0,319000000.0,1.0,2.0
889,5.477707006369426,1000000.0,8.0,1.0,314.0,0.0,314000000.0,1.0,2.0
890,5.507788161993769,1000000.0,8.0,1.0,321.0,0.0,321000000.0,1.0,2.0
891,5.5125,1000000.0,8.0,1.0,320.0,0.0,320000000.0,1.0,2.0
892,6.407523510971787,1000000.0,8.0,1.0,319.0,0.0,319000000.0,1.0,2.0
893,6.5362776025236595,1000000.0,8.0,1.0,317.0,0.0,317000000.0,1.0,2.0
894,6.490566037735849,1000000.0,8.0,1.0,318.0,0.0,318000000.0,1.0,2.0
895,6.492211838006231,1000000.0,8.0,1.0,321.0,0.0,321000000.0,1.0,2.0
896,6.489164086687307,1000000.0,8.0,1.0,323.0,0.0,323000000.0,1.0,2.0
897,6.531645569620253,1000000.0,8.0,1.0,316.0,0.0,316000000.0,1.0,2.0
898,6.479750778816199,1000000.0,8.0,1.0,321.0,0.0,321000000.0,1.0,2.0
899,6.50314465408805,1000000.0,8.0,1.0,318.0,0.0,318000000.0,1.0,2.0
900,6.479750778816199,1000000.0,8.0,1.0,321.0,0.0,321000000.0,1.0,2.0
901,6.492211838006231,1000000.0,8.0,1.0,321.0,0.0,321000000.0,1.0,2.0
902,6.514285714285714,1000000.0,8.0,1.0,315.0,0.0,315000000.0,1.0,2.0
903,6.458715596330276,1000000.0,8.0,1.0,327.0,0.0,327000000.0,1.0,2.0
904,6.7405063291139244,1000000.0,11.0,1.0,316.0,0.0,316000000.0,1.0,2.0
905,6.4875,1000000.0,8.0,1.0,320.0,0.0,320000000.0,1.0,2.0
906,6.5,1000000.0,8.0,1.0,320.0,0.0,320000000.0,1.0,2.0
907,6.572755417956657,1000000.0,8.0,1.0,323.0,0.0,323000000.0,1.0,2.0
908,6.523659305993691,1000000.0,8.0,1.0,317.0,0.0,317000000.0,1.0,2.0
909,6.532915360501567,1000000.0,8.0,1.0,319.0,0.0,319000000.0,1.0,2.0
910,6.484472049689441,1000000.0,8.0,1.0,322.0,0.0,322000000.0,1.0,2.0
911,6.496894409937888,1000000.0,8.0,1.0,322.0,0.0,322000000.0,1.0,2.0
912,6.469135802469136,1000000.0,8.0,1.0,324.0,0.0,324000000.0,1.0,2.0
913,6.531446540880503,1000000.0,8.0,1.0,318.0,0.0,318000000.0,1.0,2.0
914,6.544025157232705,1000000.0,8.0,1.0,318.0,0.0,318000000.0,1.0,2.0
915,6.511041009463723,1000000.0,8.0,1.0,317.0,0.0,317000000.0,1.0,2.0
916,6.5046728971962615,1000000.0,8.0,1.0,321.0,0.0,321000000.0,1.0,2.0
917,6.5,1000000.0,8.0,1.0,320.0,0.0,320000000.0,1.0,2.0
918,6.535031847133758,1000000.0,8.0,1.0,314.0,0.0,314000000.0,1.0,2.0
919,6.52037617554859,1000000.0,8.0,1.0,319.0,0.0,319000000.0,1.0,2.0
920,6.461538461538462,1000000.0,8.0,1.0,325.0,0.0,325000000.0,1.0,2.0
921,6.4875,1000000.0,8.0,1.0,320.0,0.0,320000000.0,1.0,2.0
922,6.461538461538462,1000000.0,8.0,1.0,325.0,0.0,325000000.0,1.0,2.0
923,6.5046728971962615,1000000.0,8.0,1.0,321.0,0.0,321000000.0,1.0,2.0
924,6.511041009463723,1000000.0,8.0,1.0,317.0,0.0,317000000.0,1.0,2.0
925,6.492211838006231,1000000.0,8.0,1.0,321.0,0.0,321000000.0,1.0,2.0
926,6.492211838006231,1000000.0,8.0,1.0,321.0,0.0,321000000.0,1.0,2.0
927,6.476780185758514,1000000.0,8.0,1.0,323.0,0.0,323000000.0,1.0,2.0
928,6.4953271028037385,1000000.0,9.0,1.0,321.0,0.0,321000000.0,1.0,3.0
929,6.5125,1000000.0,8.0,1.0,320.0,0.0,320000000.0,1.0,2.0
930,6.5,1000000.0,8.0,1.0,320.0,0.0,320000000.0,1.0,2.0
931,6.476780185758514,1000000.0,8.0,1.0,323.0,0.0,323000000.0,1.0,2.0
932,6.780564263322884,1000000.0,11.0,1.0,319.0,0.0,319000000.0,1.0,2.0
933,6.523659305993691,1000000.0,8.0,1.0,317.0,0.0,317000000.0,1.0,2.0
934,6.489164086687307,1000000.0,8.0,1.0,323.0,0.0,323000000.0,1.0,2.0
935,6.683385579937304,1000000.0,9.0,1.0,319.0,0.0,319000000.0,1.0,2.0
936,6.5,1000000.0,8.0,1.0,320.0,0.0,320000000.0,1.0,2.0
937,5.561904761904762,1000000.0,8.0,1.0,315.0,0.0,315000000.0,1.0,2.0
938,5.503105590062112,1000000.0,8.0,1.0,322.0,0.0,322000000.0,1.0,2.0
939,5.515527950310559,1000000.0,8.0,1.0,322.0,0.0,322000000.0,1.0,2.0
940,5.468354430379747,1000000.0,8.0,1.0,316.0,0.0,316000000.0,1.0,2.0
941,5.492163009404389,1000000.0,8.0,1.0,319.0,0.0,319000000.0,1.0,2.0
942,5.507788161993769,1000000.0,8.0,1.0,321.0,0.0,321000000.0,1.0,2.0
943,5.507788161993769,1000000.0,8.0,1.0,321.0,0.0,321000000.0,1.0,2.0
944,5.520249221183801,1000000.0,8.0,1.0,321.0,0.0,321000000.0,1.0,2.0
945,5.5,1000000.0,8.0,1.0,320.0,0.0,320000000.0,1.0,2.0
946,5.47962382445141,1000000.0,8.0,1.0,319.0,0.0,319000000.0,1.0,2.0
947,5.504702194357367,1000000.0,8.0,1.0,319.0,0.0,319000000.0,1.0,2.0
948,5.476340694006309,1000000.0,8.0,1.0,317.0,0.0,317000000.0,1.0,2.0
949,5.507788161993769,1000000.0,8.0,1.0,321.0,0.0,321000000.0,1.0,2.0
950,5.6770186335403725,1000000.0,8.0,1.0,322.0,0.0,322000000.0,1.0,2.0
951,6.515723270440252,1000000.0,8.0,1.0,318.0,0.0,318000000.0,1.0,2.0
952,6.507836990595611,1000000.0,8.0,1.0,319.0,0.0,319000000.0,1.0,2.0
953,6.778125,1000000.0,8.0,1.0,320.0,0.0,320000000.0,1.0,2.0
954,6.526984126984127,1000000.0,8.0,1.0,315.0,0.0,315000000.0,1.0,2.0
955,6.511041009463723,1000000.0,8.0,1.0,317.0,0.0,317000000.0,1.0,2.0
956,6.5,1000000.0,8.0,1.0,320.0,0.0,320000000.0,1.0,2.0
957,6.136645962732919,1000000.0,9.0,1.0,322.0,0.0,322000000.0,1.0,2.0
958,5.873817034700315,1000000.0,9.0,1.0,317.0,0.0,317000000.0,1.0,3.0
959,5.628930817610063,1000000.0,9.0,1.0,318.0,0.0,318000000.0,1.0,2.0
960,5.503105590062112,1000000.0,8.0,1.0,322.0,0.0,322000000.0,1.0,2.0
961,5.515527950310559,1000000.0,8.0,1.0,322.0,0.0,322000000.0,1.0,2.0
962,5.492163009404389,1000000.0,8.0,1.0,319.0,0.0,319000000.0,1.0,2.0
963,5.468354430379747,1000000.0,8.0,1.0,316.0,0.0,316000000.0,1.0,2.0
964,5.5125,1000000.0,8.0,1.0,320.0,0.0,320000000.0,1.0,2.0
965,5.5,1000000.0,8.0,1.0,320.0,0.0,320000000.0,1.0,2.0
966,5.492163009404389,1000000.0,8.0,1.0,319.0,0.0,319000000.0,1.0,2.0
967,5.492163009404389,1000000.0,8.0,1.0,319.0,0.0,319000000.0,1.0,2.0
968,5.503105590062112,1000000.0,8.0,1.0,322.0,0.0,322000000.0,1.0,2.0
969,5.484276729559748,1000000.0,8.0,1.0,318.0,0.0,318000000.0,1.0,2.0
970,5.520249221183801,1000000.0,8.0,1.0,321.0,0.0,321000000.0,1.0,2.0
971,5.4953271028037385,1000000.0,8.0,1.0,321.0,0.0,321000000.0,1.0,2.0
972,5.476340694006309,1000000.0,8.0,1.0,317.0,0.0,317000000.0,1.0,2.0
973,5.466876971608833,1000000.0,8.0,1.0,317.0,0.0,317000000.0,1.0,3.0
974,5.5,1000000.0,8.0,1.0,320.0,0.0,320000000.0,1.0,2.0
975,5.694704049844237,1000000.0,8.0,1.0,321.0,0.0,321000000.0,1.0,2.0
976,6.515723270440252,1000000.0,8.0,1.0,318.0,0.0,318000000.0,1.0,2.0
977,6.518987341772152,1000000.0,8.0,1.0,316.0,0.0,316000000.0,1.0,2.0
978,6.5,1000000.0,8.0,1.0,320.0,0.0,320000000.0,1.0,2.0
979,6.507836990595611,1000000.0,8.0,1.0,319.0,0.0,319000000.0,1.0,2.0
980,6.515723270440252,1000000.0,8.0,1.0,318.0,0.0,318000000.0,1.0,2.0
981,6.528301886792453,1000000.0,8.0,1.0,318.0,0.0,318000000.0,1.0,2.0
982,6.4875,1000000.0,8.0,1.0,320.0,0.0,320000000.0,1.0,2.0
983,6.504643962848297,1000000.0,10.0,1.0,323.0,0.0,323000000.0,1.0,2.0
984,6.88125,1000000.0,10.0,1.0,320.0,0.0,320000000.0,1.0,2.0
985,6.528301886792453,1000000.0,8.0,1.0,318.0,0.0,318000000.0,1.0,2.0
986,6.5,1000000.0,8.0,1.0,320.0,0.0,320000000.0,1.0,2.0
987,6.511041009463723,1000000.0,8.0,1.0,317.0,0.0,317000000.0,1.0,2.0
988,6.4672897196261685,1000000.0,8.0,1.0,321.0,0.0,321000000.0,1.0,2.0
989,6.52037617554859,1000000.0,8.0,1.0,319.0,0.0,319000000.0,1.0,2.0
990,6.5396825396825395,1000000.0,8.0,1.0,315.0,0.0,315000000.0,1.0,2.0
991,6.523659305993691,1000000.0,8.0,1.0,317.0,0.0,317000000.0,1.0,2.0
992,6.479750778816199,1000000.0,8.0,1.0,321.0,0.0,321000000.0,1.0,2.0
993,6.515723270440252,1000000.0,8.0,1.0,318.0,0.0,318000000.0,1.0,2.0
994,6.507836990595611,1000000.0,8.0,1.0,319.0,0.0,319000000.0,1.0,2.0
995,6.515723270440252,1000000.0,8.0,1.0,318.0,0.0,318000000.0,1.0,2.0
996,6.5,1000000.0,9.0,1.0,322.0,0.0,322000000.0,1.0,3.0
997,6.476780185758514,1000000.0,8.0,1.0,323.0,0.0,323000000.0,1.0,2.0
998,6.526984126984127,1000000.0,8.0,1.0,315.0,0.0,315000000.0,1.0,2.0
999,6.531446540880503,1000000.0,8.0,1.0,318.0,0.0,318000000.0,1.0,2.0
1000,6.4984227129337535,1000000.0,8.0,1.0,317.0,0.0,317000000.0,1.0,2.0
1001,6.4875,1000000.0,8.0,1.0,320.0,0.0,320000000.0,1.0,2.0
1002,6.5125,1000000.0,8.0,1.0,320.0,0.0,320000000.0,1.0,2.0
1003,6.484472049689441,1000000.0,8.0,1.0,322.0,0.0,322000000.0,1.0,2.0
1004,6.531645569620253,1000000.0,8.0,1.0,316.0,0.0,316000000.0,1.0,2.0
1005,6.531645569620253,1000000.0,8.0,1.0,316.0,0.0,316000000.0,1.0,2.0
1006,6.50314465408805,1000000.0,8.0,1.0,318.0,0.0,318000000.0,1.0,2.0
1007,6.5046728971962615,1000000.0,8.0,1.0,321.0,0.0,321000000.0,1.0,2.0
1008,6.7365079365079366,1000000.0,8.0,1.0,315.0,0.0,315000000.0,1.0,2.0
1009,6.481481481481482,1000000.0,8.0,1.0,324.0,0.0,324000000.0,1.0,2.0
1010,6.4875,1000000.0,8.0,1.0,320.0,0.0,320000000.0,1.0,2.0
1011,6.476780185758514,1000000.0,8.0,1.0,323.0,0.0,323000000.0,1.0,2.0
1012,6.132492113564669,1000000.0,8.0,1.0,317.0,0.0,317000000.0,1.0,2.0
1013,5.492163009404389,1000000.0,8.0,1.0,319.0,0.0,319000000.0,1.0,2.0
1014,5.4637223974763405,1000000.0,8.0,1.0,317.0,0.0,317000000.0,1.0,2.0
1015,5.5125,1000000.0,8.0,1.0,320.0,0.0,320000000.0,1.0,2.0
1016,5.4953271028037385,1000000.0,8.0,1.0,321.0,0.0,321000000.0,1.0,2.0
1017,5.492163009404389,1000000.0,8.0,1.0,319.0,0.0,319000000.0,1.0,2.0
1018,5.7413249211356465,1000000.0,8.0,1.0,317.0,0.0,317000000.0,1.0,2.0
1019,6.492211838006231,1000000.0,8.0,1.0,321.0,0.0,321000000.0,1.0,2.0
1020,6.515723270440252,1000000.0,8.0,1.0,318.0,0.0,318000000.0,1.0,2.0
1021,6.523659305993691,1000000.0,8.0,1.0,317.0,0.0,317000000.0,1.0,2.0
1022,6.35,1000000.0,8.0,1.0,320.0,0.0,320000000.0,1.0,2.0
1023,5.507788161993769,1000000.0,8.0,1.0,321.0,0.0,321000000.0,1.0,2.0
1024,5.503105590062112,1000000.0,8.0,1.0,322.0,0.0,322000000.0,1.0,2.0
1025,5.481012658227848,1000000.0,8.0,1.0,316.0,0.0,316000000.0,1.0,2.0
1026,5.501557632398754,1000000.0,9.0,1.0,321.0,0.0,321000000.0,1.0,2.0
1027,5.8808777429467085,1000000.0,9.0,1.0,319.0,0.0,319000000.0,1.0,2.0
1028,5.582554517133956,1000000.0,9.0,1.0,321.0,0.0,321000000.0,1.0,2.0
1029,6.142414860681114,1000000.0,10.0,1.0,323.0,0.0,323000000.0,1.0,2.0
1030,5.541795665634675,1000000.0,10.0,1.0,323.0,0.0,323000000.0,1.0,2.0
1031,5.492163009404389,1000000.0,8.0,1.0,319.0,0.0,319000000.0,1.0,2.0
1032,5.504702194357367,1000000.0,8.0,1.0,319.0,0.0,319000000.0,1.0,2.0
1033,5.669781931464175,1000000.0,11.0,1.0,321.0,0.0,321000000.0,1.0,2.0
1034,5.7889908256880735,1000000.0,11.0,1.0,327.0,0.0,327000000.0,1.0,2.0
1035,5.492163009404389,1000000.0,8.0,1.0,319.0,0.0,319000000.0,1.0,2.0
1036,5.584375,1000000.0,9.0,1.0,320.0,0.0,320000000.0,1.0,2.0
1037,5.47962382445141,1000000.0,8.0,1.0,319.0,0.0,319000000.0,1.0,2.0
1038,5.49685534591195,1000000.0,8.0,1.0,318.0,0.0,318000000.0,1.0,2.0
1039,5.507788161993769,1000000.0,8.0,1.0,321.0,0.0,321000000.0,1.0,2.0
1040,5.476340694006309,1000000.0,8.0,1.0,317.0,0.0,317000000.0,1.0,2.0
1041,5.492163009404389,1000000.0,8.0,1.0,319.0,0.0,319000000.0,1.0,2.0
1042,5.55,1000000.0,9.0,1.0,320.0,0.0,320000000.0,1.0,2.0
1043,5.510835913312693,1000000.0,8.0,1.0,323.0,0.0,323000000.0,1.0,2.0
1044,5.504702194357367,1000000.0,8.0,1.0,319.0,0.0,319000000.0,1.0,2.0
1045,5.476340694006309,1000000.0,8.0,1.0,317.0,0.0,317000000.0,1.0,2.0
1046,5.484276729559748,1000000.0,8.0,1.0,318.0,0.0,318000000.0,1.0,2.0
1047,5.5092592592592595,1000000.0,8.0,1.0,324.0,0.0,324000000.0,1.0,3.0
1048,5.525,1000000.0,8.0,1.0,320.0,0.0,320000000.0,1.0,2.0
1049,5.507788161993769,1000000.0,8.0,1.0,321.0,0.0,321000000.0,1.0,2.0
1050,5.507788161993769,1000000.0,8.0,1.0,321.0,0.0,321000000.0,1.0,2.0
1051,5.492163009404389,1000000.0,8.0,1.0,319.0,0.0,319000000.0,1.0,2.0
1052,5.47962382445141,1000000.0,8.0,1.0,319.0,0.0,319000000.0,1.0,2.0
1053,5.710691823899371,1000000.0,8.0,1.0,318.0,0.0,318000000.0,1.0,2.0
1054,5.507788161993769,1000000.0,8.0,1.0,321.0,0.0,321000000.0,1.0,2.0
1055,5.476340694006309,1000000.0,8.0,1.0,317.0,0.0,317000000.0,1.0,2.0
1056,5.468354430379747,1000000.0,8.0,1.0,316.0,0.0,316000000.0,1.0,2.0
1057,5.5,1000000.0,8.0,1.0,320.0,0.0,320000000.0,1.0,2.0
1058,5.510835913312693,1000000.0,8.0,1.0,323.0,0.0,323000000.0,1.0,2.0
1059,6.0,1000000.0,8.0,1.0,316.0,0.0,316000000.0,1.0,2.0
1060,5.4953271028037385,1000000.0,8.0,1.0,321.0,0.0,321000000.0,1.0,2.0
1061,5.49685534591195,1000000.0,8.0,1.0,318.0,0.0,318000000.0,1.0,2.0
1062,5.515527950310559,1000000.0,8.0,1.0,322.0,0.0,322000000.0,1.0,2.0
1063,5.484276729559748,1000000.0,8.0,1.0,318.0,0.0,318000000.0,1.0,2.0
1064,5.523219814241486,1000000.0,8.0,1.0,323.0,0.0,323000000.0,1.0,2.0
1065,5.70846394984326,1000000.0,8.0,1.0,319.0,0.0,319000000.0,1.0,3.0
1066,5.468354430379747,1000000.0,8.0,1.0,316.0,0.0,316000000.0,1.0,2.0
1067,5.515527950310559,1000000.0,8.0,1.0,322.0,0.0,322000000.0,1.0,2.0
1068,5.492163009404389,1000000.0,8.0,1.0,319.0,0.0,319000000.0,1.0,2.0
1069,5.484276729559748,1000000.0,8.0,1.0,318.0,0.0,318000000.0,1.0,2.0
1070,5.468354430379747,1000000.0,8.0,1.0,316.0,0.0,316000000.0,1.0,2.0
1071,5.4953271028037385,1000000.0,8.0,1.0,321.0,0.0,321000000.0,1.0,2.0
1072,5.507788161993769,1000000.0,8.0,1.0,321.0,0.0,321000000.0,1.0,2.0
1073,5.468354430379747,1000000.0,8.0,1.0,316.0,0.0,316000000.0,1.0,2.0
1074,5.476340694006309,1000000.0,8.0,1.0,317.0,0.0,317000000.0,1.0,2.0
1075,5.488958990536277,1000000.0,8.0,1.0,317.0,0.0,317000000.0,1.0,2.0
1076,5.5,1000000.0,8.0,1.0,320.0,0.0,320000000.0,1.0,2.0
1077,7.234567901234568,1000000.0,10.0,1.0,324.0,0.0,324000000.0,1.0,2.0
1078,7.216300940438871,1000000.0,10.0,1.0,319.0,0.0,319000000.0,1.0,2.0
1079,6.531645569620253,1000000.0,8.0,1.0,316.0,0.0,316000000.0,1.0,2.0
1080,6.4875,1000000.0,8.0,1.0,320.0,0.0,320000000.0,1.0,2.0
1081,6.476780185758514,1000000.0,8.0,1.0,323.0,0.0,323000000.0,1.0,2.0
1082,6.531645569620253,1000000.0,8.0,1.0,316.0,0.0,316000000.0,1.0,2.0
1083,6.531645569620253,1000000.0,8.0,1.0,316.0,0.0,316000000.0,1.0,2.0
1084,7.131661442006269,1000000.0,11.0,1.0,319.0,0.0,319000000.0,1.0,2.0
1085,6.8753894080996885,1000000.0,11.0,1.0,321.0,0.0,321000000.0,1.0,2.0
1086,6.4953271028037385,1000000.0,9.0,1.0,321.0,0.0,321000000.0,1.0,2.0
1087,7.128526645768025,1000000.0,9.0,1.0,319.0,0.0,319000000.0,1.0,2.0
1088,6.518987341772152,1000000.0,8.0,1.0,316.0,0.0,316000000.0,1.0,2.0
1089,6.5,1000000.0,8.0,1.0,320.0,0.0,320000000.0,1.0,2.0
1090,6.5,1000000.0,8.0,1.0,320.0,0.0,320000000.0,1.0,2.0
1091,6.515723270440252,1000000.0,8.0,1.0,318.0,0.0,318000000.0,1.0,2.0
1092,6.544303797468355,1000000.0,8.0,1.0,316.0,0.0,316000000.0,1.0,2.0
1093,6.523659305993691,1000000.0,8.0,1.0,317.0,0.0,317000000.0,1.0,2.0
1094,6.50314465408805,1000000.0,8.0,1.0,318.0,0.0,318000000.0,1.0,2.0
1095,6.496894409937888,1000000.0,8.0,1.0,322.0,0.0,322000000.0,1.0,2.0
1096,6.526813880126183,1000000.0,8.0,1.0,317.0,0.0,317000000.0,1.0,3.0
1097,6.506329113924051,1000000.0,8.0,1.0,316.0,0.0,316000000.0,1.0,2.0
1098,6.501557632398754,1000000.0,8.0,1.0,321.0,0.0,321000000.0,1.0,2.0
1099,6.556603773584905,1000000.0,8.0,1.0,318.0,0.0,318000000.0,1.0,2.0
1100,6.507836990595611,1000000.0,8.0,1.0,319.0,0.0,319000000.0,1.0,2.0
1101,6.50314465408805,1000000.0,8.0,1.0,318.0,0.0,318000000.0,1.0,2.0
1102,6.721003134796239,1000000.0,8.0,1.0,319.0,0.0,319000000.0,1.0,2.0
1103,6.526984126984127,1000000.0,8.0,1.0,315.0,0.0,315000000.0,1.0,2.0
1104,6.5,1000000.0,8.0,1.0,320.0,0.0,320000000.0,1.0,2.0
1105,6.492211838006231,1000000.0,8.0,1.0,321.0,0.0,321000000.0,1.0,2.0
1106,6.50314465408805,1000000.0,8.0,1.0,318.0,0.0,318000000.0,1.0,2.0
1107,6.52037617554859,1000000.0,8.0,1.0,319.0,0.0,319000000.0,1.0,2.0
1108,6.523659305993691,1000000.0,8.0,1.0,317.0,0.0,317000000.0,1.0,2.0
1109,6.212962962962963,1000000.0,8.0,1.0,324.0,0.0,324000000.0,1.0,2.0
1110,5.520249221183801,1000000.0,8.0,1.0,321.0,0.0,321000000.0,1.0,2.0
1111,5.515527950310559,1000000.0,8.0,1.0,322.0,0.0,322000000.0,1.0,2.0
1112,5.456869009584665,1000000.0,8.0,1.0,313.0,0.0,313000000.0,1.0,2.0
1113,5.4953271028037385,1000000.0,8.0,1.0,321.0,0.0,321000000.0,1.0,2.0
1114,5.484276729559748,1000000.0,8.0,1.0,318.0,0.0,318000000.0,1.0,2.0
1115,5.5186335403726705,1000000.0,9.0,1.0,322.0,0.0,322000000.0,1.0,3.0
1116,5.515625,1000000.0,9.0,1.0,320.0,0.0,320000000.0,1.0,3.0
1117,5.507788161993769,1000000.0,8.0,1.0,321.0,0.0,321000000.0,1.0,2.0
1118,5.685534591194968,1000000.0,8.0,1.0,318.0,0.0,318000000.0,1.0,2.0
1119,6.5362776025236595,1000000.0,8.0,1.0,317.0,0.0,317000000.0,1.0,2.0
1120,6.484472049689441,1000000.0,8.0,1.0,322.0,0.0,322000000.0,1.0,2.0
1121,6.484472049689441,1000000.0,8.0,1.0,322.0,0.0,322000000.0,1.0,2.0
1122,6.515723270440252,1000000.0,8.0,1.0,318.0,0.0,318000000.0,1.0,2.0
1123,6.5,1000000.0,8.0,1.0,320.0,0.0,320000000.0,1.0,2.0
1124,6.5396825396825395,1000000.0,8.0,1.0,315.0,0.0,315000000.0,1.0,2.0
1125,6.50314465408805,1000000.0,8.0,1.0,318.0,0.0,318000000.0,1.0,2.0
1126,6.523659305993691,1000000.0,8.0,1.0,317.0,0.0,317000000.0,1.0,2.0
1127,6.5,1000000.0,8.0,1.0,320.0,0.0,320000000.0,1.0,2.0
1128,6.484472049689441,1000000.0,8.0,1.0,322.0,0.0,322000000.0,1.0,2.0
1129,6.522292993630574,1000000.0,8.0,1.0,314.0,0.0,314000000.0,1.0,2.0
1130,7.485714285714286,1000000.0,10.0,1.0,315.0,0.0,315000000.0,1.0,2.0
1131,6.53125,1000000.0,10.0,1.0,320.0,0.0,320000000.0,1.0,2.0
1132,6.484472049689441,1000000.0,8.0,1.0,322.0,0.0,322000000.0,1.0,2.0
1133,6.50314465408805,1000000.0,8.0,1.0,318.0,0.0,318000000.0,1.0,2.0
1134,6.517241379310345,1000000.0,9.0,1.0,319.0,0.0,319000000.0,1.0,2.0
1135,6.839116719242902,1000000.0,11.0,1.0,317.0,0.0,317000000.0,1.0,2.0
1136,6.492211838006231,1000000.0,8.0,1.0,321.0,0.0,321000000.0,1.0,2.0
1137,6.546583850931677,1000000.0,8.0,1.0,322.0,0.0,322000000.0,1.0,2.0
1138,6.535031847133758,1000000.0,8.0,1.0,314.0,0.0,314000000.0,1.0,2.0
1139,6.523659305993691,1000000.0,8.0,1.0,317.0,0.0,317000000.0,1.0,2.0
1140,6.476780185758514,1000000.0,8.0,1.0,323.0,0.0,323000000.0,1.0,2.0
1141,6.489164086687307,1000000.0,8.0,1.0,323.0,0.0,323000000.0,1.0,2.0
1142,6.543130990415335,1000000.0,8.0,1.0,313.0,0.0,313000000.0,1.0,2.0
1143,6.5396825396825395,1000000.0,8.0,1.0,315.0,0.0,315000000.0,1.0,2.0
1144,6.5,1000000.0,8.0,1.0,320.0,0.0,320000000.0,1.0,2.0
1145,6.472049689440993,1000000.0,8.0,1.0,322.0,0.0,322000000.0,1.0,2.0
1146,6.5,1000000.0,8.0,1.0,320.0,0.0,320000000.0,1.0,2.0
1147,6.5125,1000000.0,8.0,1.0,320.0,0.0,320000000.0,1.0,2.0
1148,6.523659305993691,1000000.0,8.0,1.0,317.0,0.0,317000000.0,1.0,2.0
1149,6.691588785046729,1000000.0,8.0,1.0,321.0,0.0,321000000.0,1.0,2.0
1150,6.495297805642633,1000000.0,8.0,1.0,319.0,0.0,319000000.0,1.0,2.0
1151,6.484472049689441,1000000.0,8.0,1.0,322.0,0.0,322000000.0,1.0,2.0
1152,6.523659305993691,1000000.0,8.0,1.0,317.0,0.0,317000000.0,1.0,2.0
1153,6.3544303797468356,1000000.0,8.0,1.0,316.0,0.0,316000000.0,1.0,2.0
1154,5.507788161993769,1000000.0,8.0,1.0,321.0,0.0,321000000.0,1.0,2.0
1155,5.515527950310559,1000000.0,8.0,1.0,322.0,0.0,322000000.0,1.0,2.0
1156,5.4875,1000000.0,8.0,1.0,320.0,0.0,320000000.0,1.0,2.0
1157,5.464968152866242,1000000.0,8.0,1.0,314.0,0.0,314000000.0,1.0,2.0
1158,5.5,1000000.0,8.0,1.0,320.0,0.0,320000000.0,1.0,2.0
1159,5.523219814241486,1000000.0,8.0,1.0,323.0,0.0,323000000.0,1.0,2.0
1160,5.993769470404985,1000000.0,11.0,1.0,321.0,0.0,321000000.0,1.0,2.0
1161,5.481012658227848,1000000.0,8.0,1.0,316.0,0.0,316000000.0,1.0,2.0
1162,5.5246913580246915,1000000.0,9.0,1.0,324.0,0.0,324000000.0,1.0,2.0
1163,5.613707165109035,1000000.0,9.0,1.0,321.0,0.0,321000000.0,1.0,2.0
1164,5.525,1000000.0,9.0,1.0,320.0,0.0,320000000.0,1.0,2.0
1165,5.476340694006309,1000000.0,8.0,1.0,317.0,0.0,317000000.0,1.0,2.0
1166,6.472049689440993,1000000.0,8.0,1.0,322.0,0.0,322000000.0,1.0,2.0
1167,6.507836990595611,1000000.0,8.0,1.0,319.0,0.0,319000000.0,1.0,2.0
1168,6.515723270440252,1000000.0,8.0,1.0,318.0,0.0,318000000.0,1.0,2.0
1169,6.543130990415335,1000000.0,8.0,1.0,313.0,0.0,313000000.0,1.0,2.0
1170,6.515723270440252,1000000.0,8.0,1.0,318.0,0.0,318000000.0,1.0,2.0
1171,6.484472049689441,1000000.0,8.0,1.0,322.0,0.0,322000000.0,1.0,2.0
1172,6.479750778816199,1000000.0,8.0,1.0,321.0,0.0,321000000.0,1.0,2.0
1173,6.70846394984326,1000000.0,10.0,1.0,319.0,0.0,319000000.0,1.0,2.0
1174,6.518987341772152,1000000.0,8.0,1.0,316.0,0.0,316000000.0,1.0,2.0
1175,6.523659305993691,1000000.0,8.0,1.0,317.0,0.0,317000000.0,1.0,2.0
1176,5.612307692307692,1000000.0,8.0,1.0,325.0,0.0,325000000.0,1.0,2.0
1177,5.523219814241486,1000000.0,8.0,1.0,323.0,0.0,323000000.0,1.0,2.0
1178,5.757097791798107,1000000.0,9.0,1.0,317.0,0.0,317000000.0,1.0,2.0
1179,5.481012658227848,1000000.0,9.0,1.0,316.0,0.0,316000000.0,1.0,2.0
1180,6.495297805642633,1000000.0,8.0,1.0,319.0,0.0,319000000.0,1.0,2.0
1181,6.476780185758514,1000000.0,8.0,1.0,323.0,0.0,323000000.0,1.0,2.0
1182,6.515723270440252,1000000.0,8.0,1.0,318.0,0.0,318000000.0,1.0,2.0
1183,6.515723270440252,1000000.0,8.0,1.0,318.0,0.0,318000000.0,1.0,2.0
1184,6.515723270440252,1000000.0,8.0,1.0,318.0,0.0,318000000.0,1.0,2.0
1185,6.669724770642202,1000000.0,8.0,1.0,327.0,0.0,327000000.0,1.0,2.0
1186,6.6,1000000.0,8.0,1.0,320.0,0.0,320000000.0,1.0,2.0
1187,6.507836990595611,1000000.0,8.0,1.0,319.0,0.0,319000000.0,1.0,2.0
1188,6.763975155279503,1000000.0,8.0,1.0,322.0,0.0,322000000.0,1.0,2.0
1189,6.625386996904025,1000000.0,8.0,1.0,323.0,0.0,323000000.0,1.0,2.0
1190,6.492211838006231,1000000.0,8.0,1.0,321.0,0.0,321000000.0,1.0,2.0
1191,5.829652996845426,1000000.0,8.0,1.0,317.0,0.0,317000000.0,1.0,2.0
1192,5.4603174603174605,1000000.0,8.0,1.0,315.0,0.0,315000000.0,1.0,2.0
1193,5.49685534591195,1000000.0,8.0,1.0,318.0,0.0,318000000.0,1.0,2.0
1194,5.518518518518518,1000000.0,8.0,1.0,324.0,0.0,324000000.0,1.0,2.0
1195,5.520249221183801,1000000.0,8.0,1.0,321.0,0.0,321000000.0,1.0,2.0
1196,5.484276729559748,1000000.0,8.0,1.0,318.0,0.0,318000000.0,1.0,2.0
1197,5.503105590062112,1000000.0,8.0,1.0,322.0,0.0,322000000.0,1.0,2.0
1198,5.49685534591195,1000000.0,8.0,1.0,318.0,0.0,318000000.0,1.0,2.0
1199,5.510835913312693,1000000.0,8.0,1.0,323.0,0.0,323000000.0,1.0,2.0
1200,5.515527950310559,1000000.0,8.0,1.0,322.0,0.0,322000000.0,1.0,2.0
1201,5.484276729559748,1000000.0,8.0,1.0,318.0,0.0,318000000.0,1.0,2.0
1202,5.484276729559748,1000000.0,8.0,1.0,318.0,0.0,318000000.0,1.0,2.0
1203,5.5,1000000.0,8.0,1.0,320.0,0.0,320000000.0,1.0,2.0
1204,5.5186335403726705,1000000.0,8.0,1.0,322.0,0.0,322000000.0,1.0,3.0
1205,5.504702194357367,1000000.0,8.0,1.0,319.0,0.0,319000000.0,1.0,2.0
1206,5.736677115987461,1000000.0,10.0,1.0,319.0,0.0,319000000.0,1.0,2.0
1207,5.484276729559748,1000000.0,8.0,1.0,318.0,0.0,318000000.0,1.0,2.0
1208,5.5,1000000.0,8.0,1.0,320.0,0.0,320000000.0,1.0,2.0
1209,5.518518518518518,1000000.0,8.0,1.0,324.0,0.0,324000000.0,1.0,2.0
1210,5.6802507836990594,1000000.0,9.0,1.0,319.0,0.0,319000000.0,1.0,2.0
1211,6.634375,1000000.0,11.0,1.0,320.0,0.0,320000000.0,1.0,2.0
1212,6.50314465408805,1000000.0,8.0,1.0,318.0,0.0,318000000.0,1.0,2.0
1213,6.50314465408805,1000000.0,8.0,1.0,318.0,0.0,318000000.0,1.0,2.0
1214,6.489164086687307,1000000.0,8.0,1.0,323.0,0.0,323000000.0,1.0,2.0
1215,6.50314465408805,1000000.0,8.0,1.0,318.0,0.0,318000000.0,1.0,2.0
1216,6.531645569620253,1000000.0,8.0,1.0,316.0,0.0,316000000.0,1.0,2.0
1217,6.523659305993691,1000000.0,8.0,1.0,317.0,0.0,317000000.0,1.0,2.0
1218,6.5,1000000.0,8.0,1.0,320.0,0.0,320000000.0,1.0,2.0
1219,6.5,1000000.0,8.0,1.0,320.0,0.0,320000000.0,1.0,2.0
1220,6.495297805642633,1000000.0,8.0,1.0,319.0,0.0,319000000.0,1.0,2.0
1221,6.52037617554859,1000000.0,8.0,1.0,319.0,0.0,319000000.0,1.0,2.0
1222,6.469135802469136,1000000.0,8.0,1.0,324.0,0.0,324000000.0,1.0,2.0
1223,6.535031847133758,1000000.0,8.0,1.0,314.0,0.0,314000000.0,1.0,2.0
1224,6.543130990415335,1000000.0,8.0,1.0,313.0,0.0,313000000.0,1.0,2.0
1225,6.492211838006231,1000000.0,8.0,1.0,321.0,0.0,321000000.0,1.0,2.0
1226,6.515723270440252,1000000.0,8.0,1.0,318.0,0.0,318000000.0,1.0,2.0
1227,6.515723270440252,1000000.0,8.0,1.0,318.0,0.0,318000000.0,1.0,2.0
1228,6.514195583596215,1000000.0,8.0,1.0,317.0,0.0,317000000.0,1.0,3.0
1229,6.492211838006231,1000000.0,8.0,1.0,321.0,0.0,321000000.0,1.0,2.0
1230,6.5,1000000.0,8.0,1.0,320.0,0.0,320000000.0,1.0,2.0
1231,6.492211838006231,1000000.0,8.0,1.0,321.0,0.0,321000000.0,1.0,2.0
1232,6.515723270440252,1000000.0,8.0,1.0,318.0,0.0,318000000.0,1.0,2.0
1233,6.484472049689441,1000000.0,8.0,1.0,322.0,0.0,322000000.0,1.0,2.0
1234,6.511041009463723,1000000.0,8.0,1.0,317.0,0.0,317000000.0,1.0,2.0
1235,6.495297805642633,1000000.0,8.0,1.0,319.0,0.0,319000000.0,1.0,2.0
1236,7.40809968847352,1000000.0,8.0,1.0,321.0,0.0,321000000.0,1.0,2.0
1237,6.579113924050633,1000000.0,8.0,1.0,316.0,0.0,316000000.0,1.0,2.0
1238,6.5664556962025316,1000000.0,8.0,1.0,316.0,0.0,316000000.0,1.0,2.0
1239,6.74375,1000000.0,8.0,1.0,320.0,0.0,320000000.0,1.0,2.0
1240,6.507836990595611,1000000.0,8.0,1.0,319.0,0.0,319000000.0,1.0,2.0
1241,6.518987341772152,1000000.0,8.0,1.0,316.0,0.0,316000000.0,1.0,2.0
1242,6.5,1000000.0,8.0,1.0,320.0,0.0,320000000.0,1.0,2.0
1243,6.472049689440993,1000000.0,8.0,1.0,322.0,0.0,322000000.0,1.0,2.0
1244,6.492211838006231,1000000.0,8.0,1.0,321.0,0.0,321000000.0,1.0,2.0
1245,6.515723270440252,1000000.0,8.0,1.0,318.0,0.0,318000000.0,1.0,2.0
1246,6.509554140127388,1000000.0,8.0,1.0,314.0,0.0,314000000.0,1.0,2.0
1247,6.507836990595611,1000000.0,8.0,1.0,319.0,0.0,319000000.0,1.0,2.0
1248,6.841121495327103,1000000.0,8.0,1.0,321.0,0.0,321000000.0,1.0,2.0
1249,6.484472049689441,1000000.0,8.0,1.0,322.0,0.0,322000000.0,1.0,2.0
1250,6.515723270440252,1000000.0,8.0,1.0,318.0,0.0,318000000.0,1.0,2.0
1251,7.261829652996846,1000000.0,10.0,1.0,317.0,0.0,317000000.0,1.0,2.0
1252,6.543130990415335,1000000.0,8.0,1.0,313.0,0.0,313000000.0,1.0,2.0
1253,6.52037617554859,1000000.0,8.0,1.0,319.0,0.0,319000000.0,1.0,2.0
1254,7.352201257861635,1000000.0,10.0,1.0,318.0,0.0,318000000.0,1.0,2.0
1255,6.5046728971962615,1000000.0,8.0,1.0,321.0,0.0,321000000.0,1.0,2.0
1256,6.531446540880503,1000000.0,9.0,1.0,318.0,0.0,318000000.0,1.0,3.0
1257,6.138364779874214,1000000.0,8.0,1.0,318.0,0.0,318000000.0,1.0,2.0
1258,5.91358024691358,1000000.0,8.0,1.0,324.0,0.0,324000000.0,1.0,2.0
1259,6.4984227129337535,1000000.0,8.0,1.0,317.0,0.0,317000000.0,1.0,2.0
1260,6.5046728971962615,1000000.0,8.0,1.0,321.0,0.0,321000000.0,1.0,2.0
1261,7.015723270440252,1000000.0,10.0,1.0,318.0,0.0,318000000.0,1.0,2.0
1262,6.613003095975232,1000000.0,10.0,1.0,323.0,0.0,323000000.0,1.0,2.0
1263,6.507836990595611,1000000.0,8.0,1.0,319.0,0.0,319000000.0,1.0,2.0
1264,6.531645569620253,1000000.0,8.0,1.0,316.0,0.0,316000000.0,1.0,2.0
1265,6.5125,1000000.0,8.0,1.0,320.0,0.0,320000000.0,1.0,2.0
1266,6.507836990595611,1000000.0,8.0,1.0,319.0,0.0,319000000.0,1.0,2.0
1267,6.492211838006231,1000000.0,8.0,1.0,321.0,0.0,321000000.0,1.0,2.0
1268,6.514285714285714,1000000.0,8.0,1.0,315.0,0.0,315000000.0,1.0,2.0
1269,6.507836990595611,1000000.0,8.0,1.0,319.0,0.0,319000000.0,1.0,2.0
1270,6.515723270440252,1000000.0,8.0,1.0,318.0,0.0,318000000.0,1.0,2.0
1271,6.515723270440252,1000000.0,8.0,1.0,318.0,0.0,318000000.0,1.0,2.0
1272,6.5046728971962615,1000000.0,8.0,1.0,321.0,0.0,321000000.0,1.0,2.0
1273,6.476780185758514,1000000.0,8.0,1.0,323.0,0.0,323000000.0,1.0,2.0
1274,6.5,1000000.0,8.0,1.0,320.0,0.0,320000000.0,1.0,2.0
1275,7.099071207430341,1000000.0,8.0,1.0,323.0,0.0,323000000.0,1.0,2.0
1276,7.257142857142857,1000000.0,8.0,1.0,315.0,0.0,315000000.0,1.0,2.0
1277,6.446483180428134,1000000.0,8.0,1.0,327.0,0.0,327000000.0,1.0,2.0
1278,6.464396284829721,1000000.0,8.0,1.0,323.0,0.0,323000000.0,1.0,2.0
1279,6.653125,1000000.0,8.0,1.0,320.0,0.0,320000000.0,1.0,2.0
1280,6.844236760124611,1000000.0,8.0,1.0,321.0,0.0,321000000.0,1.0,3.0
1281,6.53416149068323,1000000.0,8.0,1.0,322.0,0.0,322000000.0,1.0,2.0
1282,7.074534161490683,1000000.0,9.0,1.0,322.0,0.0,322000000.0,1.0,2.0
1283,6.890243902439025,1000000.0,9.0,1.0,328.0,0.0,328000000.0,1.0,2.0
1284,6.884012539184953,1000000.0,8.0,1.0,319.0,0.0,319000000.0,1.0,3.0
1285,6.72360248447205,1000000.0,8.0,1.0,322.0,0.0,322000000.0,1.0,2.0
1286,6.886792452830188,1000000.0,8.0,1.0,318.0,0.0,318000000.0,1.0,2.0
1287,6.716049382716049,1000000.0,8.0,1.0,324.0,0.0,324000000.0,1.0,2.0
1288,6.701538461538462,1000000.0,8.0,1.0,325.0,0.0,325000000.0,1.0,2.0
1289,6.58125,1000000.0,8.0,1.0,320.0,0.0,320000000.0,1.0,2.0
1290,6.638297872340425,1000000.0,8.0,1.0,329.0,0.0,329000000.0,1.0,2.0
1291,6.86875,1000000.0,8.0,1.0,320.0,0.0,320000000.0,1.0,2.0
1292,6.464396284829721,1000000.0,8.0,1.0,323.0,0.0,323000000.0,1.0,2.0
1293,6.476780185758514,1000000.0,8.0,1.0,323.0,0.0,323000000.0,1.0,2.0
1294,6.5125,1000000.0,8.0,1.0,320.0,0.0,320000000.0,1.0,2.0
1295,6.484472049689441,1000000.0,8.0,1.0,322.0,0.0,322000000.0,1.0,2.0
1296,6.4937888198757765,1000000.0,8.0,1.0,322.0,0.0,322000000.0,1.0,2.0
1297,7.255384615384616,1000000.0,11.0,1.0,325.0,0.0,325000000.0,1.0,2.0
1298,7.65015479876161,1000000.0,10.0,1.0,323.0,0.0,323000000.0,1.0,2.0
1299,6.525,1000000.0,8.0,1.0,320.0,0.0,320000000.0,1.0,2.0
1300,6.5125,1000000.0,8.0,1.0,320.0,0.0,320000000.0,1.0,2.0
1301,6.461538461538462,1000000.0,8.0,1.0,325.0,0.0,325000000.0,1.0,2.0
1302,6.871473354231975,1000000.0,8.0,1.0,319.0,0.0,319000000.0,1.0,2.0
1303,6.643076923076923,1000000.0,8.0,1.0,325.0,0.0,325000000.0,1.0,2.0
1304,6.79874213836478,1000000.0,11.0,1.0,318.0,0.0,318000000.0,1.0,2.0
1305,6.446483180428134,1000000.0,8.0,1.0,327.0,0.0,327000000.0,1.0,2.0
1306,6.879256965944273,1000000.0,8.0,1.0,323.0,0.0,323000000.0,1.0,2.0
1307,6.89873417721519,1000000.0,8.0,1.0,316.0,0.0,316000000.0,1.0,2.0
1308,6.846153846153846,1000000.0,8.0,1.0,325.0,0.0,325000000.0,1.0,2.0
1309,6.823529411764706,1000000.0,8.0,1.0,323.0,0.0,323000000.0,1.0,2.0
1310,6.727554179566564,1000000.0,8.0,1.0,323.0,0.0,323000000.0,1.0,2.0
1311,6.577287066246057,1000000.0,8.0,1.0,317.0,0.0,317000000.0,1.0,2.0
1312,6.532110091743119,1000000.0,8.0,1.0,327.0,0.0,327000000.0,1.0,2.0
1313,6.5,1000000.0,8.0,1.0,320.0,0.0,320000000.0,1.0,2.0
1314,6.518867924528302,1000000.0,8.0,1.0,318.0,0.0,318000000.0,1.0,2.0
1315,6.52037617554859,1000000.0,8.0,1.0,319.0,0.0,319000000.0,1.0,2.0
1316,6.479750778816199,1000000.0,8.0,1.0,321.0,0.0,321000000.0,1.0,2.0
1317,6.50314465408805,1000000.0,8.0,1.0,318.0,0.0,318000000.0,1.0,2.0
1318,6.5,1000000.0,8.0,1.0,320.0,0.0,320000000.0,1.0,2.0
1319,6.52037617554859,1000000.0,8.0,1.0,319.0,0.0,319000000.0,1.0,2.0
1320,6.5,1000000.0,8.0,1.0,320.0,0.0,320000000.0,1.0,2.0
1321,6.472049689440993,1000000.0,8.0,1.0,322.0,0.0,322000000.0,1.0,2.0
1322,6.515723270440252,1000000.0,8.0,1.0,318.0,0.0,318000000.0,1.0,2.0
1323,6.496894409937888,1000000.0,8.0,1.0,322.0,0.0,322000000.0,1.0,2.0
1324,6.538461538461538,1000000.0,8.0,1.0,312.0,0.0,312000000.0,1.0,2.0
1325,6.479750778816199,1000000.0,8.0,1.0,321.0,0.0,321000000.0,1.0,2.0
1326,6.504643962848297,1000000.0,9.0,1.0,323.0,0.0,323000000.0,1.0,3.0
1327,6.50314465408805,1000000.0,8.0,1.0,318.0,0.0,318000000.0,1.0,2.0
1328,6.5,1000000.0,8.0,1.0,320.0,0.0,320000000.0,1.0,2.0
1329,6.515723270440252,1000000.0,8.0,1.0,318.0,0.0,318000000.0,1.0,2.0
1330,6.264615384615385,1000000.0,8.0,1.0,325.0,0.0,325000000.0,1.0,2.0
1331,5.510835913312693,1000000.0,8.0,1.0,323.0,0.0,323000000.0,1.0,2.0
1332,5.527950310559007,1000000.0,8.0,1.0,322.0,0.0,322000000.0,1.0,2.0
1333,5.484276729559748,1000000.0,8.0,1.0,318.0,0.0,318000000.0,1.0,2.0
1334,5.4953271028037385,1000000.0,8.0,1.0,321.0,0.0,321000000.0,1.0,2.0
1335,5.492163009404389,1000000.0,8.0,1.0,319.0,0.0,319000000.0,1.0,2.0
1336,5.515527950310559,1000000.0,8.0,1.0,322.0,0.0,322000000.0,1.0,2.0
1337,5.6625,1000000.0,11.0,1.0,320.0,0.0,320000000.0,1.0,2.0
1338,5.484276729559748,1000000.0,8.0,1.0,318.0,0.0,318000000.0,1.0,2.0
1339,5.520249221183801,1000000.0,8.0,1.0,321.0,0.0,321000000.0,1.0,2.0
1340,5.515527950310559,1000000.0,8.0,1.0,322.0,0.0,322000000.0,1.0,2.0
1341,5.4875,1000000.0,8.0,1.0,320.0,0.0,320000000.0,1.0,2.0
1342,5.468354430379747,1000000.0,8.0,1.0,316.0,0.0,316000000.0,1.0,2.0
1343,5.507788161993769,1000000.0,8.0,1.0,321.0,0.0,321000000.0,1.0,2.0
1344,5.526315789473684,1000000.0,9.0,1.0,323.0,0.0,323000000.0,1.0,3.0
1345,5.5,1000000.0,8.0,1.0,320.0,0.0,320000000.0,1.0,2.0
1346,5.481012658227848,1000000.0,8.0,1.0,316.0,0.0,316000000.0,1.0,2.0
1347,5.520249221183801,1000000.0,8.0,1.0,321.0,0.0,321000000.0,1.0,2.0
1348,5.507788161993769,1000000.0,8.0,1.0,321.0,0.0,321000000.0,1.0,2.0
1349,5.476340694006309,1000000.0,8.0,1.0,317.0,0.0,317000000.0,1.0,2.0
1350,5.484276729559748,1000000.0,8.0,1.0,318.0,0.0,318000000.0,1.0,2.0
1351,5.4953271028037385,1000000.0,8.0,1.0,321.0,0.0,321000000.0,1.0,2.0
1352,5.527950310559007,1000000.0,8.0,1.0,322.0,0.0,322000000.0,1.0,2.0
1353,5.6,1000000.0,8.0,1.0,320.0,0.0,320000000.0,1.0,2.0
1354,5.481012658227848,1000000.0,8.0,1.0,316.0,0.0,316000000.0,1.0,2.0
1355,5.515527950310559,1000000.0,8.0,1.0,322.0,0.0,322000000.0,1.0,2.0
1356,5.520249221183801,1000000.0,8.0,1.0,321.0,0.0,321000000.0,1.0,2.0
1357,5.515527950310559,1000000.0,8.0,1.0,322.0,0.0,322000000.0,1.0,2.0
1358,5.471698113207547,1000000.0,8.0,1.0,318.0,0.0,318000000.0,1.0,2.0
1359,5.473015873015873,1000000.0,8.0,1.0,315.0,0.0,315000000.0,1.0,2.0
1360,5.937888198757764,1000000.0,8.0,1.0,322.0,0.0,322000000.0,1.0,2.0
1361,5.588785046728972,1000000.0,8.0,1.0,321.0,0.0,321000000.0,1.0,2.0
1362,5.630094043887147,1000000.0,8.0,1.0,319.0,0.0,319000000.0,1.0,2.0
1363,5.60377358490566,1000000.0,8.0,1.0,318.0,0.0,318000000.0,1.0,2.0
1364,5.507788161993769,1000000.0,8.0,1.0,321.0,0.0,321000000.0,1.0,2.0
1365,5.6521739130434785,1000000.0,8.0,1.0,322.0,0.0,322000000.0,1.0,3.0
1366,5.4875,1000000.0,8.0,1.0,320.0,0.0,320000000.0,1.0,2.0
1367,5.468354430379747,1000000.0,8.0,1.0,316.0,0.0,316000000.0,1.0,2.0
1368,5.509433962264151,1000000.0,8.0,1.0,318.0,0.0,318000000.0,1.0,2.0
1369,5.67601246105919,1000000.0,8.0,1.0,321.0,0.0,321000000.0,1.0,2.0
1370,6.115625,1000000.0,8.0,1.0,320.0,0.0,320000000.0,1.0,2.0
1371,5.487421383647798,1000000.0,8.0,1.0,318.0,0.0,318000000.0,1.0,2.0
1372,5.504702194357367,1000000.0,8.0,1.0,319.0,0.0,319000000.0,1.0,2.0
1373,5.510835913312693,1000000.0,8.0,1.0,323.0,0.0,323000000.0,1.0,2.0
1374,5.515527950310559,1000000.0,8.0,1.0,322.0,0.0,322000000.0,1.0,2.0
1375,5.464968152866242,1000000.0,8.0,1.0,314.0,0.0,314000000.0,1.0,2.0
1376,5.484276729559748,1000000.0,8.0,1.0,318.0,0.0,318000000.0,1.0,2.0
1377,5.520249221183801,1000000.0,8.0,1.0,321.0,0.0,321000000.0,1.0,2.0
1378,6.064814814814815,1000000.0,11.0,1.0,324.0,0.0,324000000.0,1.0,2.0
1379,6.131661442006269,1000000.0,8.0,1.0,319.0,0.0,319000000.0,1.0,2.0
1380,6.518987341772152,1000000.0,8.0,1.0,316.0,0.0,316000000.0,1.0,2.0
1381,6.52037617554859,1000000.0,8.0,1.0,319.0,0.0,319000000.0,1.0,2.0
1382,6.495297805642633,1000000.0,8.0,1.0,319.0,0.0,319000000.0,1.0,2.0
1383,6.489164086687307,1000000.0,8.0,1.0,323.0,0.0,323000000.0,1.0,2.0
1384,6.5396825396825395,1000000.0,8.0,1.0,315.0,0.0,315000000.0,1.0,2.0
1385,6.531645569620253,1000000.0,8.0,1.0,316.0,0.0,316000000.0,1.0,2.0
1386,6.472049689440993,1000000.0,8.0,1.0,322.0,0.0,322000000.0,1.0,2.0
1387,6.492211838006231,1000000.0,8.0,1.0,321.0,0.0,321000000.0,1.0,2.0
1388,7.138364779874214,1000000.0,11.0,1.0,318.0,0.0,318000000.0,1.0,2.0
1389,6.535031847133758,1000000.0,8.0,1.0,314.0,0.0,314000000.0,1.0,2.0
1390,6.492211838006231,1000000.0,8.0,1.0,321.0,0.0,321000000.0,1.0,2.0
1391,6.8,1000000.0,10.0,1.0,320.0,0.0,320000000.0,1.0,2.0
1392,6.507836990595611,1000000.0,8.0,1.0,319.0,0.0,319000000.0,1.0,2.0
1393,6.523659305993691,1000000.0,8.0,1.0,317.0,0.0,317000000.0,1.0,2.0
1394,6.5396825396825395,1000000.0,8.0,1.0,315.0,0.0,315000000.0,1.0,2.0
1395,6.492211838006231,1000000.0,8.0,1.0,321.0,0.0,321000000.0,1.0,2.0
1396,6.484472049689441,1000000.0,8.0,1.0,322.0,0.0,322000000.0,1.0,2.0
1397,6.506329113924051,1000000.0,8.0,1.0,316.0,0.0,316000000.0,1.0,2.0
1398,6.5062893081761,1000000.0,8.0,1.0,318.0,0.0,318000000.0,1.0,3.0
1399,6.495297805642633,1000000.0,8.0,1.0,319.0,0.0,319000000.0,1.0,2.0
1400,6.472049689440993,1000000.0,8.0,1.0,322.0,0.0,322000000.0,1.0,2.0
1401,6.5125,1000000.0,8.0,1.0,320.0,0.0,320000000.0,1.0,2.0
1402,6.511041009463723,1000000.0,8.0,1.0,317.0,0.0,317000000.0,1.0,2.0
1403,6.496894409937888,1000000.0,8.0,1.0,322.0,0.0,322000000.0,1.0,2.0
1404,6.5,1000000.0,8.0,1.0,320.0,0.0,320000000.0,1.0,2.0
1405,6.472049689440993,1000000.0,8.0,1.0,322.0,0.0,322000000.0,1.0,2.0
1406,6.511041009463723,1000000.0,8.0,1.0,317.0,0.0,317000000.0,1.0,2.0
1407,6.52037617554859,1000000.0,8.0,1.0,319.0,0.0,319000000.0,1.0,2.0
1408,6.535031847133758,1000000.0,8.0,1.0,314.0,0.0,314000000.0,1.0,2.0
1409,6.492211838006231,1000000.0,8.0,1.0,321.0,0.0,321000000.0,1.0,2.0
1410,6.5046728971962615,1000000.0,8.0,1.0,321.0,0.0,321000000.0,1.0,2.0
1411,6.511041009463723,1000000.0,8.0,1.0,317.0,0.0,317000000.0,1.0,2.0
1412,6.535031847133758,1000000.0,8.0,1.0,314.0,0.0,314000000.0,1.0,2.0
1413,6.987730061349693,1000000.0,8.0,1.0,326.0,0.0,326000000.0,1.0,2.0
1414,6.775,1000000.0,8.0,1.0,320.0,0.0,320000000.0,1.0,2.0
1415,6.511041009463723,1000000.0,8.0,1.0,317.0,0.0,317000000.0,1.0,2.0
1416,6.5046728971962615,1000000.0,8.0,1.0,321.0,0.0,321000000.0,1.0,2.0
1417,6.476780185758514,1000000.0,8.0,1.0,323.0,0.0,323000000.0,1.0,2.0
1418,6.482758620689655,1000000.0,8.0,1.0,319.0,0.0,319000000.0,1.0,2.0
1419,6.5125,1000000.0,8.0,1.0,320.0,0.0,320000000.0,1.0,2.0
1420,5.473015873015873,1000000.0,8.0,1.0,315.0,0.0,315000000.0,1.0,2.0
1421,5.503105590062112,1000000.0,8.0,1.0,322.0,0.0,322000000.0,1.0,2.0
1422,6.146417445482866,1000000.0,11.0,1.0,321.0,0.0,321000000.0,1.0,2.0
1423,5.476340694006309,1000000.0,8.0,1.0,317.0,0.0,317000000.0,1.0,2.0
1424,5.484276729559748,1000000.0,8.0,1.0,318.0,0.0,318000000.0,1.0,2.0
1425,5.6532507739938085,1000000.0,9.0,1.0,323.0,0.0,323000000.0,1.0,2.0
1426,5.5327102803738315,1000000.0,8.0,1.0,321.0,0.0,321000000.0,1.0,2.0
1427,5.515527950310559,1000000.0,8.0,1.0,322.0,0.0,322000000.0,1.0,2.0
1428,5.468354430379747,1000000.0,8.0,1.0,316.0,0.0,316000000.0,1.0,2.0
1429,5.533742331288344,1000000.0,8.0,1.0,326.0,0.0,326000000.0,1.0,2.0
1430,5.49685534591195,1000000.0,8.0,1.0,318.0,0.0,318000000.0,1.0,2.0
1431,5.481012658227848,1000000.0,8.0,1.0,316.0,0.0,316000000.0,1.0,2.0
1432,5.518518518518518,1000000.0,8.0,1.0,324.0,0.0,324000000.0,1.0,2.0
1433,5.688473520249222,1000000.0,9.0,1.0,321.0,0.0,321000000.0,1.0,2.0
1434,5.468354430379747,1000000.0,8.0,1.0,316.0,0.0,316000000.0,1.0,2.0
1435,5.975,1000000.0,10.0,1.0,320.0,0.0,320000000.0,1.0,2.0
1436,5.517241379310345,1000000.0,8.0,1.0,319.0,0.0,319000000.0,1.0,2.0
1437,5.503105590062112,1000000.0,8.0,1.0,322.0,0.0,322000000.0,1.0,2.0
1438,5.64576802507837,1000000.0,10.0,1.0,319.0,0.0,319000000.0,1.0,2.0
1439,5.507788161993769,1000000.0,8.0,1.0,321.0,0.0,321000000.0,1.0,2.0
1440,5.504702194357367,1000000.0,8.0,1.0,319.0,0.0,319000000.0,1.0,2.0
1441,5.5125,1000000.0,8.0,1.0,320.0,0.0,320000000.0,1.0,2.0
1442,5.484276729559748,1000000.0,8.0,1.0,318.0,0.0,318000000.0,1.0,2.0
1443,5.476340694006309,1000000.0,8.0,1.0,317.0,0.0,317000000.0,1.0,2.0
1444,5.498442367601246,1000000.0,8.0,1.0,321.0,0.0,321000000.0,1.0,3.0
1445,5.5,1000000.0,8.0,1.0,320.0,0.0,320000000.0,1.0,2.0
1446,5.503105590062112,1000000.0,8.0,1.0,322.0,0.0,322000000.0,1.0,2.0
1447,5.476340694006309,1000000.0,8.0,1.0,317.0,0.0,317000000.0,1.0,2.0
1448,5.476340694006309,1000000.0,8.0,1.0,317.0,0.0,317000000.0,1.0,2.0
1449,5.520249221183801,1000000.0,8.0,1.0,321.0,0.0,321000000.0,1.0,2.0
1450,5.5,1000000.0,8.0,1.0,320.0,0.0,320000000.0,1.0,2.0
1451,5.510835913312693,1000000.0,8.0,1.0,323.0,0.0,323000000.0,1.0,2.0
1452,5.476340694006309,1000000.0,8.0,1.0,317.0,0.0,317000000.0,1.0,2.0
1453,5.473015873015873,1000000.0,8.0,1.0,315.0,0.0,315000000.0,1.0,2.0
1454,5.5,1000000.0,8.0,1.0,320.0,0.0,320000000.0,1.0,2.0
1455,5.520249221183801,1000000.0,8.0,1.0,321.0,0.0,321000000.0,1.0,2.0
1456,5.5,1000000.0,8.0,1.0,320.0,0.0,320000000.0,1.0,2.0
1457,5.484276729559748,1000000.0,8.0,1.0,318.0,0.0,318000000.0,1.0,2.0
1458,5.5,1000000.0,8.0,1.0,320.0,0.0,320000000.0,1.0,2.0
1459,5.484276729559748,1000000.0,8.0,1.0,318.0,0.0,318000000.0,1.0,2.0
1460,5.484276729559748,1000000.0,8.0,1.0,318.0,0.0,318000000.0,1.0,2.0
1461,5.4875,1000000.0,8.0,1.0,320.0,0.0,320000000.0,1.0,2.0
1462,5.523219814241486,1000000.0,8.0,1.0,323.0,0.0,323000000.0,1.0,2.0
1463,5.530864197530864,1000000.0,8.0,1.0,324.0,0.0,324000000.0,1.0,2.0
1464,5.7125,1000000.0,8.0,1.0,320.0,0.0,320000000.0,1.0,2.0
1465,5.575,1000000.0,9.0,1.0,320.0,0.0,320000000.0,1.0,2.0
1466,5.807570977917981,1000000.0,11.0,1.0,317.0,0.0,317000000.0,1.0,2.0
1467,5.527950310559007,1000000.0,8.0,1.0,322.0,0.0,322000000.0,1.0,2.0
1468,5.4953271028037385,1000000.0,8.0,1.0,321.0,0.0,321000000.0,1.0,2.0
1469,5.544303797468355,1000000.0,11.0,1.0,316.0,0.0,316000000.0,1.0,2.0
1470,5.476340694006309,1000000.0,8.0,1.0,317.0,0.0,317000000.0,1.0,2.0
1471,5.525,1000000.0,8.0,1.0,320.0,0.0,320000000.0,1.0,2.0
1472,5.523219814241486,1000000.0,8.0,1.0,323.0,0.0,323000000.0,1.0,2.0
1473,5.510835913312693,1000000.0,8.0,1.0,323.0,0.0,323000000.0,1.0,2.0
1474,5.507788161993769,1000000.0,8.0,1.0,321.0,0.0,321000000.0,1.0,2.0
1475,5.484276729559748,1000000.0,8.0,1.0,318.0,0.0,318000000.0,1.0,2.0
1476,5.4603174603174605,1000000.0,8.0,1.0,315.0,0.0,315000000.0,1.0,2.0
1477,5.520249221183801,1000000.0,8.0,1.0,321.0,0.0,321000000.0,1.0,2.0
1478,5.683385579937304,1000000.0,10.0,1.0,319.0,0.0,319000000.0,1.0,2.0
1479,5.616352201257862,1000000.0,10.0,1.0,318.0,0.0,318000000.0,1.0,2.0
1480,5.831775700934579,1000000.0,8.0,1.0,321.0,0.0,321000000.0,1.0,2.0
1481,6.511041009463723,1000000.0,8.0,1.0,317.0,0.0,317000000.0,1.0,2.0
1482,6.492211838006231,1000000.0,8.0,1.0,321.0,0.0,321000000.0,1.0,2.0
1483,6.476780185758514,1000000.0,8.0,1.0,323.0,0.0,323000000.0,1.0,2.0
1484,6.5125,1000000.0,8.0,1.0,320.0,0.0,320000000.0,1.0,2.0
1485,6.526984126984127,1000000.0,8.0,1.0,315.0,0.0,315000000.0,1.0,2.0
1486,6.492211838006231,1000000.0,8.0,1.0,321.0,0.0,321000000.0,1.0,2.0
1487,6.507836990595611,1000000.0,8.0,1.0,319.0,0.0,319000000.0,1.0,2.0
1488,6.5,1000000.0,8.0,1.0,320.0,0.0,320000000.0,1.0,2.0
1489,6.797507788161994,1000000.0,8.0,1.0,321.0,0.0,321000000.0,1.0,2.0
1490,6.5246913580246915,1000000.0,8.0,1.0,324.0,0.0,324000000.0,1.0,3.0
1491,6.523659305993691,1000000.0,8.0,1.0,317.0,0.0,317000000.0,1.0,2.0
1492,6.523659305993691,1000000.0,8.0,1.0,317.0,0.0,317000000.0,1.0,2.0
1493,6.543130990415335,1000000.0,8.0,1.0,313.0,0.0,313000000.0,1.0,2.0
1494,6.484472049689441,1000000.0,8.0,1.0,322.0,0.0,322000000.0,1.0,2.0
1495,6.50314465408805,1000000.0,8.0,1.0,318.0,0.0,318000000.0,1.0,2.0
1496,6.503105590062112,1000000.0,8.0,1.0,322.0,0.0,322000000.0,1.0,3.0
1497,6.495297805642633,1000000.0,8.0,1.0,319.0,0.0,319000000.0,1.0,2.0
1498,6.523659305993691,1000000.0,8.0,1.0,317.0,0.0,317000000.0,1.0,2.0
1499,6.507836990595611,1000000.0,8.0,1.0,319.0,0.0,319000000.0,1.0,2.0
1500,6.484472049689441,1000000.0,8.0,1.0,322.0,0.0,322000000.0,1.0,2.0
1501,6.518987341772152,1000000.0,8.0,1.0,316.0,0.0,316000000.0,1.0,2.0
1502,6.5,1000000.0,8.0,1.0,320.0,0.0,320000000.0,1.0,2.0
1503,6.5,1000000.0,8.0,1.0,320.0,0.0,320000000.0,1.0,2.0
1504,6.515723270440252,1000000.0,8.0,1.0,318.0,0.0,318000000.0,1.0,2.0
1505,6.565625,1000000.0,8.0,1.0,320.0,0.0,320000000.0,1.0,2.0
1506,6.4875,1000000.0,8.0,1.0,320.0,0.0,320000000.0,1.0,2.0
1507,6.531645569620253,1000000.0,8.0,1.0,316.0,0.0,316000000.0,1.0,2.0
1508,5.726708074534161,1000000.0,8.0,1.0,322.0,0.0,322000000.0,1.0,2.0
1509,6.492211838006231,1000000.0,8.0,1.0,321.0,0.0,321000000.0,1.0,2.0
1510,6.658385093167702,1000000.0,8.0,1.0,322.0,0.0,322000000.0,1.0,2.0
1511,6.59748427672956,1000000.0,8.0,1.0,318.0,0.0,318000000.0,1.0,2.0
1512,6.528301886792453,1000000.0,8.0,1.0,318.0,0.0,318000000.0,1.0,2.0
1513,6.523659305993691,1000000.0,8.0,1.0,317.0,0.0,317000000.0,1.0,2.0
1514,6.73186119873817,1000000.0,10.0,1.0,317.0,0.0,317000000.0,1.0,2.0
1515,6.720496894409938,1000000.0,9.0,1.0,322.0,0.0,322000000.0,1.0,2.0
1516,6.515723270440252,1000000.0,8.0,1.0,318.0,0.0,318000000.0,1.0,2.0
1517,6.52037617554859,1000000.0,8.0,1.0,319.0,0.0,319000000.0,1.0,2.0
1518,6.515723270440252,1000000.0,8.0,1.0,318.0,0.0,318000000.0,1.0,2.0
1519,6.372670807453416,1000000.0,8.0,1.0,322.0,0.0,322000000.0,1.0,2.0
1520,5.4953271028037385,1000000.0,8.0,1.0,321.0,0.0,321000000.0,1.0,2.0
1521,5.476340694006309,1000000.0,8.0,1.0,317.0,0.0,317000000.0,1.0,2.0
1522,5.468354430379747,1000000.0,8.0,1.0,316.0,0.0,316000000.0,1.0,2.0
1523,5.520249221183801,1000000.0,8.0,1.0,321.0,0.0,321000000.0,1.0,2.0
1524,5.492163009404389,1000000.0,8.0,1.0,319.0,0.0,319000000.0,1.0,2.0
1525,6.427244582043343,1000000.0,8.0,1.0,323.0,0.0,323000000.0,1.0,2.0
1526,6.506329113924051,1000000.0,8.0,1.0,316.0,0.0,316000000.0,1.0,2.0
1527,6.5046728971962615,1000000.0,8.0,1.0,321.0,0.0,321000000.0,1.0,2.0
1528,6.492211838006231,1000000.0,8.0,1.0,321.0,0.0,321000000.0,1.0,2.0
1529,6.5,1000000.0,8.0,1.0,320.0,0.0,320000000.0,1.0,2.0
1530,6.5,1000000.0,8.0,1.0,320.0,0.0,320000000.0,1.0,2.0
1531,6.511041009463723,1000000.0,8.0,1.0,317.0,0.0,317000000.0,1.0,2.0
1532,6.489164086687307,1000000.0,8.0,1.0,323.0,0.0,323000000.0,1.0,2.0
1533,6.495297805642633,1000000.0,8.0,1.0,319.0,0.0,319000000.0,1.0,2.0
1534,6.544303797468355,1000000.0,8.0,1.0,316.0,0.0,316000000.0,1.0,2.0
1535,6.5,1000000.0,8.0,1.0,320.0,0.0,320000000.0,1.0,2.0
1536,6.5,1000000.0,8.0,1.0,320.0,0.0,320000000.0,1.0,2.0
1537,6.507836990595611,1000000.0,8.0,1.0,319.0,0.0,319000000.0,1.0,2.0
1538,6.653125,1000000.0,8.0,1.0,320.0,0.0,320000000.0,1.0,2.0
1539,6.579439252336448,1000000.0,8.0,1.0,321.0,0.0,321000000.0,1.0,2.0
1540,6.479750778816199,1000000.0,8.0,1.0,321.0,0.0,321000000.0,1.0,2.0
1541,6.507836990595611,1000000.0,8.0,1.0,319.0,0.0,319000000.0,1.0,2.0
1542,6.9498432601880875,1000000.0,8.0,1.0,319.0,0.0,319000000.0,1.0,2.0
1543,6.484472049689441,1000000.0,8.0,1.0,322.0,0.0,322000000.0,1.0,2.0
1544,6.5396825396825395,1000000.0,8.0,1.0,315.0,0.0,315000000.0,1.0,2.0
1545,6.492211838006231,1000000.0,8.0,1.0,321.0,0.0,321000000.0,1.0,2.0
1546,6.4875,1000000.0,8.0,1.0,320.0,0.0,320000000.0,1.0,2.0
1547,6.5396825396825395,1000000.0,8.0,1.0,315.0,0.0,315000000.0,1.0,2.0
1548,6.5396825396825395,1000000.0,8.0,1.0,315.0,0.0,315000000.0,1.0,2.0
1549,6.5,1000000.0,8.0,1.0,320.0,0.0,320000000.0,1.0,2.0
1550,6.484472049689441,1000000.0,8.0,1.0,322.0,0.0,322000000.0,1.0,2.0
1551,6.515723270440252,1000000.0,8.0,1.0,318.0,0.0,318000000.0,1.0,2.0
1552,6.511041009463723,1000000.0,8.0,1.0,317.0,0.0,317000000.0,1.0,2.0
1553,6.586750788643533,1000000.0,8.0,1.0,317.0,0.0,317000000.0,1.0,2.0
1554,6.484472049689441,1000000.0,8.0,1.0,322.0,0.0,322000000.0,1.0,2.0
1555,6.469135802469136,1000000.0,8.0,1.0,324.0,0.0,324000000.0,1.0,2.0
1556,6.522292993630574,1000000.0,8.0,1.0,314.0,0.0,314000000.0,1.0,2.0
1557,6.539432176656152,1000000.0,9.0,1.0,317.0,0.0,317000000.0,1.0,3.0
1558,6.507836990595611,1000000.0,8.0,1.0,319.0,0.0,319000000.0,1.0,2.0
1559,6.479750778816199,1000000.0,8.0,1.0,321.0,0.0,321000000.0,1.0,2.0
1560,6.476780185758514,1000000.0,8.0,1.0,323.0,0.0,323000000.0,1.0,2.0
1561,6.484472049689441,1000000.0,8.0,1.0,322.0,0.0,322000000.0,1.0,2.0
1562,6.5,1000000.0,8.0,1.0,320.0,0.0,320000000.0,1.0,2.0
1563,6.515723270440252,1000000.0,8.0,1.0,318.0,0.0,318000000.0,1.0,2.0
1564,6.5,1000000.0,8.0,1.0,320.0,0.0,320000000.0,1.0,2.0
1565,6.295384615384616,1000000.0,9.0,1.0,325.0,0.0,325000000.0,1.0,2.0
1566,5.531055900621118,1000000.0,9.0,1.0,322.0,0.0,322000000.0,1.0,2.0
1567,5.504702194357367,1000000.0,8.0,1.0,319.0,0.0,319000000.0,1.0,2.0
1568,6.018808777429467,1000000.0,8.0,1.0,319.0,0.0,319000000.0,1.0,2.0
1569,7.285714285714286,1000000.0,11.0,1.0,322.0,0.0,322000000.0,1.0,2.0
1570,7.242990654205608,1000000.0,11.0,1.0,321.0,0.0,321000000.0,1.0,2.0
1571,6.5474683544303796,1000000.0,9.0,1.0,316.0,0.0,316000000.0,1.0,2.0
1572,6.50314465408805,1000000.0,8.0,1.0,318.0,0.0,318000000.0,1.0,2.0
1573,6.479750778816199,1000000.0,8.0,1.0,321.0,0.0,321000000.0,1.0,2.0
1574,6.492211838006231,1000000.0,8.0,1.0,321.0,0.0,321000000.0,1.0,2.0
1575,6.5,1000000.0,8.0,1.0,320.0,0.0,320000000.0,1.0,2.0
1576,6.5,1000000.0,8.0,1.0,320.0,0.0,320000000.0,1.0,2.0
1577,6.507836990595611,1000000.0,8.0,1.0,319.0,0.0,319000000.0,1.0,2.0
1578,6.549382716049383,1000000.0,10.0,1.0,324.0,0.0,324000000.0,1.0,2.0
1579,6.765432098765432,1000000.0,10.0,1.0,324.0,0.0,324000000.0,1.0,2.0
1580,6.461538461538462,1000000.0,8.0,1.0,325.0,0.0,325000000.0,1.0,2.0
1581,6.484472049689441,1000000.0,8.0,1.0,322.0,0.0,322000000.0,1.0,2.0
1582,6.50314465408805,1000000.0,8.0,1.0,318.0,0.0,318000000.0,1.0,2.0
1583,6.531645569620253,1000000.0,8.0,1.0,316.0,0.0,316000000.0,1.0,2.0
1584,6.492211838006231,1000000.0,8.0,1.0,321.0,0.0,321000000.0,1.0,2.0
1585,6.492211838006231,1000000.0,8.0,1.0,321.0,0.0,321000000.0,1.0,2.0
1586,6.5,1000000.0,8.0,1.0,320.0,0.0,320000000.0,1.0,2.0
1587,6.518987341772152,1000000.0,8.0,1.0,316.0,0.0,316000000.0,1.0,2.0
1588,6.52037617554859,1000000.0,8.0,1.0,319.0,0.0,319000000.0,1.0,2.0
1589,6.5,1000000.0,8.0,1.0,320.0,0.0,320000000.0,1.0,2.0
1590,6.726153846153847,1000000.0,8.0,1.0,325.0,0.0,325000000.0,1.0,2.0
1591,6.564263322884012,1000000.0,8.0,1.0,319.0,0.0,319000000.0,1.0,2.0
1592,6.5,1000000.0,8.0,1.0,320.0,0.0,320000000.0,1.0,2.0
1593,6.8847352024922115,1000000.0,8.0,1.0,321.0,0.0,321000000.0,1.0,2.0
1594,6.475,1000000.0,8.0,1.0,320.0,0.0,320000000.0,1.0,2.0
1595,6.570532915360501,1000000.0,8.0,1.0,319.0,0.0,319000000.0,1.0,2.0
1596,6.731012658227848,1000000.0,8.0,1.0,316.0,0.0,316000000.0,1.0,2.0
1597,6.584905660377358,1000000.0,8.0,1.0,318.0,0.0,318000000.0,1.0,2.0
1598,6.5092592592592595,1000000.0,8.0,1.0,324.0,0.0,324000000.0,1.0,2.0
1599,6.507836990595611,1000000.0,8.0,1.0,319.0,0.0,319000000.0,1.0,2.0
1600,6.555205047318612,1000000.0,8.0,1.0,317.0,0.0,317000000.0,1.0,2.0
1601,6.523659305993691,1000000.0,8.0,1.0,317.0,0.0,317000000.0,1.0,2.0
1602,6.50314465408805,1000000.0,8.0,1.0,318.0,0.0,318000000.0,1.0,2.0
1603,6.496894409937888,1000000.0,8.0,1.0,322.0,0.0,322000000.0,1.0,2.0
1604,6.476780185758514,1000000.0,8.0,1.0,323.0,0.0,323000000.0,1.0,2.0
1605,6.507836990595611,1000000.0,8.0,1.0,319.0,0.0,319000000.0,1.0,2.0
1606,6.518987341772152,1000000.0,8.0,1.0,316.0,0.0,316000000.0,1.0,2.0
1607,6.492211838006231,1000000.0,8.0,1.0,321.0,0.0,321000000.0,1.0,2.0
1608,6.531645569620253,1000000.0,8.0,1.0,316.0,0.0,316000000.0,1.0,2.0
1609,6.484472049689441,1000000.0,8.0,1.0,322.0,0.0,322000000.0,1.0,2.0
1610,6.489164086687307,1000000.0,8.0,1.0,323.0,0.0,323000000.0,1.0,2.0
1611,6.507836990595611,1000000.0,8.0,1.0,319.0,0.0,319000000.0,1.0,2.0
1612,6.529968454258675,1000000.0,10.0,1.0,317.0,0.0,317000000.0,1.0,3.0
1613,6.507836990595611,1000000.0,8.0,1.0,319.0,0.0,319000000.0,1.0,2.0
1614,6.496894409937888,1000000.0,8.0,1.0,322.0,0.0,322000000.0,1.0,2.0
1615,6.6918238993710695,1000000.0,10.0,1.0,318.0,0.0,318000000.0,1.0,2.0
1616,6.767801857585139,1000000.0,10.0,1.0,323.0,0.0,323000000.0,1.0,2.0
1617,6.518987341772152,1000000.0,8.0,1.0,316.0,0.0,316000000.0,1.0,2.0
1618,6.531645569620253,1000000.0,8.0,1.0,316.0,0.0,316000000.0,1.0,2.0
1619,6.5396825396825395,1000000.0,8.0,1.0,315.0,0.0,315000000.0,1.0,2.0
1620,6.4875,1000000.0,8.0,1.0,320.0,0.0,320000000.0,1.0,2.0
1621,6.484472049689441,1000000.0,8.0,1.0,322.0,0.0,322000000.0,1.0,2.0
1622,6.507836990595611,1000000.0,8.0,1.0,319.0,0.0,319000000.0,1.0,2.0
1623,6.507836990595611,1000000.0,8.0,1.0,319.0,0.0,319000000.0,1.0,2.0
1624,6.511041009463723,1000000.0,8.0,1.0,317.0,0.0,317000000.0,1.0,2.0
1625,6.5125,1000000.0,8.0,1.0,320.0,0.0,320000000.0,1.0,2.0
1626,6.507836990595611,1000000.0,8.0,1.0,319.0,0.0,319000000.0,1.0,2.0
1627,6.479750778816199,1000000.0,8.0,1.0,321.0,0.0,321000000.0,1.0,2.0
1628,6.484472049689441,1000000.0,8.0,1.0,322.0,0.0,322000000.0,1.0,2.0
1629,6.135646687697161,1000000.0,8.0,1.0,317.0,0.0,317000000.0,1.0,3.0
1630,5.492163009404389,1000000.0,8.0,1.0,319.0,0.0,319000000.0,1.0,2.0
1631,5.523219814241486,1000000.0,8.0,1.0,323.0,0.0,323000000.0,1.0,2.0
1632,5.523219814241486,1000000.0,8.0,1.0,323.0,0.0,323000000.0,1.0,2.0
1633,5.634674922600619,1000000.0,8.0,1.0,323.0,0.0,323000000.0,1.0,2.0
1634,6.523659305993691,1000000.0,8.0,1.0,317.0,0.0,317000000.0,1.0,2.0
1635,6.528301886792453,1000000.0,8.0,1.0,318.0,0.0,318000000.0,1.0,2.0
1636,6.50314465408805,1000000.0,8.0,1.0,318.0,0.0,318000000.0,1.0,2.0
1637,6.50314465408805,1000000.0,8.0,1.0,318.0,0.0,318000000.0,1.0,2.0
1638,6.492211838006231,1000000.0,8.0,1.0,321.0,0.0,321000000.0,1.0,2.0
1639,6.503125,1000000.0,8.0,1.0,320.0,0.0,320000000.0,1.0,3.0
1640,6.555205047318612,1000000.0,8.0,1.0,317.0,0.0,317000000.0,1.0,2.0
1641,6.55625,1000000.0,8.0,1.0,320.0,0.0,320000000.0,1.0,2.0
1642,6.5,1000000.0,8.0,1.0,320.0,0.0,320000000.0,1.0,2.0
1643,6.50314465408805,1000000.0,8.0,1.0,318.0,0.0,318000000.0,1.0,2.0
1644,6.484472049689441,1000000.0,8.0,1.0,322.0,0.0,322000000.0,1.0,2.0
1645,6.492211838006231,1000000.0,8.0,1.0,321.0,0.0,321000000.0,1.0,2.0
1646,6.590625,1000000.0,8.0,1.0,320.0,0.0,320000000.0,1.0,3.0
1647,6.1257861635220126,1000000.0,8.0,1.0,318.0,0.0,318000000.0,1.0,2.0
1648,5.504702194357367,1000000.0,8.0,1.0,319.0,0.0,319000000.0,1.0,2.0
1649,5.5,1000000.0,8.0,1.0,320.0,0.0,320000000.0,1.0,2.0
1650,5.518518518518518,1000000.0,8.0,1.0,324.0,0.0,324000000.0,1.0,2.0
1651,5.49685534591195,1000000.0,8.0,1.0,318.0,0.0,318000000.0,1.0,2.0
1652,5.507788161993769,1000000.0,8.0,1.0,321.0,0.0,321000000.0,1.0,2.0
1653,5.849056603773585,1000000.0,10.0,1.0,318.0,0.0,318000000.0,1.0,2.0
1654,5.545171339563863,1000000.0,10.0,1.0,321.0,0.0,321000000.0,1.0,2.0
1655,6.352201257861635,1000000.0,8.0,1.0,318.0,0.0,318000000.0,1.0,2.0
1656,6.523659305993691,1000000.0,8.0,1.0,317.0,0.0,317000000.0,1.0,2.0
1657,6.526984126984127,1000000.0,8.0,1.0,315.0,0.0,315000000.0,1.0,2.0
1658,6.492211838006231,1000000.0,8.0,1.0,321.0,0.0,321000000.0,1.0,2.0
1659,6.515723270440252,1000000.0,8.0,1.0,318.0,0.0,318000000.0,1.0,2.0
1660,6.523659305993691,1000000.0,8.0,1.0,317.0,0.0,317000000.0,1.0,2.0
1661,6.672955974842767,1000000.0,11.0,1.0,318.0,0.0,318000000.0,1.0,3.0
1662,6.472222222222222,1000000.0,9.0,1.0,324.0,0.0,324000000.0,1.0,3.0
1663,6.5046728971962615,1000000.0,8.0,1.0,321.0,0.0,321000000.0,1.0,2.0
1664,6.3125,1000000.0,8.0,1.0,320.0,0.0,320000000.0,1.0,2.0
1665,5.492163009404389,1000000.0,8.0,1.0,319.0,0.0,319000000.0,1.0,2.0
1666,5.632075471698113,1000000.0,10.0,1.0,318.0,0.0,318000000.0,1.0,2.0
1667,5.523219814241486,1000000.0,8.0,1.0,323.0,0.0,323000000.0,1.0,2.0
1668,5.4637223974763405,1000000.0,8.0,1.0,317.0,0.0,317000000.0,1.0,2.0
1669,5.468354430379747,1000000.0,8.0,1.0,316.0,0.0,316000000.0,1.0,2.0
1670,5.5,1000000.0,8.0,1.0,320.0,0.0,320000000.0,1.0,2.0
1671,5.520249221183801,1000000.0,8.0,1.0,321.0,0.0,321000000.0,1.0,2.0
1672,5.484276729559748,1000000.0,8.0,1.0,318.0,0.0,318000000.0,1.0,2.0
1673,5.492163009404389,1000000.0,8.0,1.0,319.0,0.0,319000000.0,1.0,2.0
1674,5.484276729559748,1000000.0,8.0,1.0,318.0,0.0,318000000.0,1.0,2.0
1675,5.492163009404389,1000000.0,8.0,1.0,319.0,0.0,319000000.0,1.0,2.0
1676,5.4953271028037385,1000000.0,8.0,1.0,321.0,0.0,321000000.0,1.0,2.0
1677,5.504702194357367,1000000.0,8.0,1.0,319.0,0.0,319000000.0,1.0,2.0
1678,5.47962382445141,1000000.0,8.0,1.0,319.0,0.0,319000000.0,1.0,2.0
1679,5.473015873015873,1000000.0,8.0,1.0,315.0,0.0,315000000.0,1.0,2.0
1680,5.525,1000000.0,8.0,1.0,320.0,0.0,320000000.0,1.0,2.0
1681,5.530864197530864,1000000.0,8.0,1.0,324.0,0.0,324000000.0,1.0,2.0
1682,5.4953271028037385,1000000.0,8.0,1.0,321.0,0.0,321000000.0,1.0,2.0
1683,5.507788161993769,1000000.0,8.0,1.0,321.0,0.0,321000000.0,1.0,2.0
1684,5.4603174603174605,1000000.0,8.0,1.0,315.0,0.0,315000000.0,1.0,2.0
1685,5.504702194357367,1000000.0,8.0,1.0,319.0,0.0,319000000.0,1.0,2.0
1686,5.4858934169279,1000000.0,8.0,1.0,319.0,0.0,319000000.0,1.0,3.0
1687,5.464968152866242,1000000.0,8.0,1.0,314.0,0.0,314000000.0,1.0,2.0
1688,5.476340694006309,1000000.0,8.0,1.0,317.0,0.0,317000000.0,1.0,2.0
1689,5.47962382445141,1000000.0,8.0,1.0,319.0,0.0,319000000.0,1.0,2.0
1690,5.5125,1000000.0,8.0,1.0,320.0,0.0,320000000.0,1.0,2.0
1691,5.911042944785276,1000000.0,8.0,1.0,326.0,0.0,326000000.0,1.0,2.0
1692,5.468354430379747,1000000.0,8.0,1.0,316.0,0.0,316000000.0,1.0,2.0
1693,5.509433962264151,1000000.0,8.0,1.0,318.0,0.0,318000000.0,1.0,2.0
1694,5.507788161993769,1000000.0,8.0,1.0,321.0,0.0,321000000.0,1.0,2.0
1695,5.518518518518518,1000000.0,8.0,1.0,324.0,0.0,324000000.0,1.0,2.0
1696,5.705329153605016,1000000.0,9.0,1.0,319.0,0.0,319000000.0,1.0,2.0
1697,5.476340694006309,1000000.0,8.0,1.0,317.0,0.0,317000000.0,1.0,2.0
1698,5.918495297805642,1000000.0,8.0,1.0,319.0,0.0,319000000.0,1.0,2.0
1699,5.507788161993769,1000000.0,8.0,1.0,321.0,0.0,321000000.0,1.0,2.0
1700,5.4875,1000000.0,8.0,1.0,320.0,0.0,320000000.0,1.0,2.0
1701,5.488958990536277,1000000.0,8.0,1.0,317.0,0.0,317000000.0,1.0,2.0
1702,5.468354430379747,1000000.0,8.0,1.0,316.0,0.0,316000000.0,1.0,2.0
1703,5.484276729559748,1000000.0,8.0,1.0,318.0,0.0,318000000.0,1.0,2.0
1704,5.517241379310345,1000000.0,8.0,1.0,319.0,0.0,319000000.0,1.0,2.0
1705,5.5,1000000.0,8.0,1.0,320.0,0.0,320000000.0,1.0,2.0
1706,5.484276729559748,1000000.0,8.0,1.0,318.0,0.0,318000000.0,1.0,2.0
1707,5.484276729559748,1000000.0,8.0,1.0,318.0,0.0,318000000.0,1.0,2.0
1708,6.39751552795031,1000000.0,8.0,1.0,322.0,0.0,322000000.0,1.0,2.0
1709,6.484472049689441,1000000.0,8.0,1.0,322.0,0.0,322000000.0,1.0,2.0
1710,6.515723270440252,1000000.0,8.0,1.0,318.0,0.0,318000000.0,1.0,2.0
1711,6.523659305993691,1000000.0,8.0,1.0,317.0,0.0,317000000.0,1.0,2.0
1712,6.511041009463723,1000000.0,8.0,1.0,317.0,0.0,317000000.0,1.0,2.0
1713,6.5,1000000.0,8.0,1.0,320.0,0.0,320000000.0,1.0,2.0
1714,6.475,1000000.0,8.0,1.0,320.0,0.0,320000000.0,1.0,2.0
1715,6.518987341772152,1000000.0,8.0,1.0,316.0,0.0,316000000.0,1.0,2.0
1716,6.722929936305732,1000000.0,11.0,1.0,314.0,0.0,314000000.0,1.0,2.0
1717,6.264797507788162,1000000.0,10.0,1.0,321.0,0.0,321000000.0,1.0,2.0
1718,5.504702194357367,1000000.0,8.0,1.0,319.0,0.0,319000000.0,1.0,2.0
1719,5.471698113207547,1000000.0,8.0,1.0,318.0,0.0,318000000.0,1.0,2.0
1720,5.504702194357367,1000000.0,8.0,1.0,319.0,0.0,319000000.0,1.0,2.0
1721,5.47962382445141,1000000.0,8.0,1.0,319.0,0.0,319000000.0,1.0,2.0
1722,5.520249221183801,1000000.0,8.0,1.0,321.0,0.0,321000000.0,1.0,2.0
1723,5.529780564263323,1000000.0,8.0,1.0,319.0,0.0,319000000.0,1.0,2.0
1724,5.817901234567901,1000000.0,8.0,1.0,324.0,0.0,324000000.0,1.0,2.0
1725,5.84375,1000000.0,11.0,1.0,320.0,0.0,320000000.0,1.0,2.0
1726,5.7115987460815045,1000000.0,8.0,1.0,319.0,0.0,319000000.0,1.0,2.0
1727,6.529411764705882,1000000.0,8.0,1.0,323.0,0.0,323000000.0,1.0,2.0
1728,6.219814241486068,1000000.0,8.0,1.0,323.0,0.0,323000000.0,1.0,3.0
1729,6.4031746031746035,1000000.0,8.0,1.0,315.0,0.0,315000000.0,1.0,2.0
1730,5.488958990536277,1000000.0,8.0,1.0,317.0,0.0,317000000.0,1.0,2.0
1731,5.507788161993769,1000000.0,8.0,1.0,321.0,0.0,321000000.0,1.0,2.0
1732,5.5,1000000.0,8.0,1.0,320.0,0.0,320000000.0,1.0,2.0
1733,5.481012658227848,1000000.0,8.0,1.0,316.0,0.0,316000000.0,1.0,2.0
1734,5.476340694006309,1000000.0,8.0,1.0,317.0,0.0,317000000.0,1.0,2.0
1735,5.492163009404389,1000000.0,8.0,1.0,319.0,0.0,319000000.0,1.0,2.0
1736,5.523219814241486,1000000.0,8.0,1.0,323.0,0.0,323000000.0,1.0,2.0
1737,5.515527950310559,1000000.0,8.0,1.0,322.0,0.0,322000000.0,1.0,2.0
1738,5.5170278637770895,1000000.0,8.0,1.0,323.0,0.0,323000000.0,1.0,3.0
1739,5.503105590062112,1000000.0,8.0,1.0,322.0,0.0,322000000.0,1.0,2.0
1740,5.481012658227848,1000000.0,8.0,1.0,316.0,0.0,316000000.0,1.0,2.0
1741,5.484276729559748,1000000.0,8.0,1.0,318.0,0.0,318000000.0,1.0,2.0
1742,5.9879154078549846,1000000.0,11.0,1.0,331.0,0.0,331000000.0,1.0,2.0
1743,5.488958990536277,1000000.0,8.0,1.0,317.0,0.0,317000000.0,1.0,2.0
1744,5.4637223974763405,1000000.0,8.0,1.0,317.0,0.0,317000000.0,1.0,2.0
1745,5.527950310559007,1000000.0,8.0,1.0,322.0,0.0,322000000.0,1.0,2.0
1746,5.507788161993769,1000000.0,8.0,1.0,321.0,0.0,321000000.0,1.0,2.0
1747,5.518518518518518,1000000.0,8.0,1.0,324.0,0.0,324000000.0,1.0,2.0
1748,5.49685534591195,1000000.0,8.0,1.0,318.0,0.0,318000000.0,1.0,2.0
1749,5.468354430379747,1000000.0,8.0,1.0,316.0,0.0,316000000.0,1.0,2.0
1750,5.492163009404389,1000000.0,8.0,1.0,319.0,0.0,319000000.0,1.0,2.0
1751,5.515527950310559,1000000.0,8.0,1.0,322.0,0.0,322000000.0,1.0,2.0
1752,6.068535825545172,1000000.0,8.0,1.0,321.0,0.0,321000000.0,1.0,2.0
1753,6.526984126984127,1000000.0,8.0,1.0,315.0,0.0,315000000.0,1.0,2.0
1754,6.507836990595611,1000000.0,8.0,1.0,319.0,0.0,319000000.0,1.0,2.0
1755,6.492260061919505,1000000.0,9.0,1.0,323.0,0.0,323000000.0,1.0,3.0
1756,6.496894409937888,1000000.0,8.0,1.0,322.0,0.0,322000000.0,1.0,2.0
1757,6.484472049689441,1000000.0,8.0,1.0,322.0,0.0,322000000.0,1.0,2.0
1758,6.507836990595611,1000000.0,8.0,1.0,319.0,0.0,319000000.0,1.0,2.0
1759,6.531645569620253,1000000.0,8.0,1.0,316.0,0.0,316000000.0,1.0,2.0
1760,6.492211838006231,1000000.0,8.0,1.0,321.0,0.0,321000000.0,1.0,2.0
1761,5.975155279503106,1000000.0,8.0,1.0,322.0,0.0,322000000.0,1.0,2.0
1762,5.507788161993769,1000000.0,8.0,1.0,321.0,0.0,321000000.0,1.0,2.0
1763,5.777777777777778,1000000.0,10.0,1.0,315.0,0.0,315000000.0,1.0,2.0
1764,5.49685534591195,1000000.0,8.0,1.0,318.0,0.0,318000000.0,1.0,2.0
1765,5.527950310559007,1000000.0,8.0,1.0,322.0,0.0,322000000.0,1.0,2.0
1766,5.4875,1000000.0,8.0,1.0,320.0,0.0,320000000.0,1.0,2.0
1767,6.0504731861198735,1000000.0,8.0,1.0,317.0,0.0,317000000.0,1.0,2.0
1768,5.492163009404389,1000000.0,8.0,1.0,319.0,0.0,319000000.0,1.0,2.0
1769,5.523219814241486,1000000.0,8.0,1.0,323.0,0.0,323000000.0,1.0,2.0
1770,5.492163009404389,1000000.0,8.0,1.0,319.0,0.0,319000000.0,1.0,2.0
1771,5.507788161993769,1000000.0,8.0,1.0,321.0,0.0,321000000.0,1.0,2.0
1772,5.468354430379747,1000000.0,8.0,1.0,316.0,0.0,316000000.0,1.0,2.0
1773,5.476340694006309,1000000.0,8.0,1.0,317.0,0.0,317000000.0,1.0,2.0
1774,5.5246913580246915,1000000.0,8.0,1.0,324.0,0.0,324000000.0,1.0,3.0
1775,5.515527950310559,1000000.0,8.0,1.0,322.0,0.0,322000000.0,1.0,2.0
1776,5.4953271028037385,1000000.0,8.0,1.0,321.0,0.0,321000000.0,1.0,2.0
1777,5.484276729559748,1000000.0,8.0,1.0,318.0,0.0,318000000.0,1.0,2.0
1778,5.507788161993769,1000000.0,8.0,1.0,321.0,0.0,321000000.0,1.0,2.0
1779,5.476340694006309,1000000.0,8.0,1.0,317.0,0.0,317000000.0,1.0,2.0
1780,5.507788161993769,1000000.0,8.0,1.0,321.0,0.0,321000000.0,1.0,2.0
1781,5.492163009404389,1000000.0,8.0,1.0,319.0,0.0,319000000.0,1.0,2.0
1782,5.476340694006309,1000000.0,8.0,1.0,317.0,0.0,317000000.0,1.0,2.0
1783,5.473015873015873,1000000.0,8.0,1.0,315.0,0.0,315000000.0,1.0,2.0
1784,5.5125,1000000.0,8.0,1.0,320.0,0.0,320000000.0,1.0,2.0
1785,5.504702194357367,1000000.0,8.0,1.0,319.0,0.0,319000000.0,1.0,2.0
1786,5.47962382445141,1000000.0,8.0,1.0,319.0,0.0,319000000.0,1.0,2.0
1787,5.49685534591195,1000000.0,8.0,1.0,318.0,0.0,318000000.0,1.0,2.0
1788,5.821316614420063,1000000.0,9.0,1.0,319.0,0.0,319000000.0,1.0,2.0
1789,6.484472049689441,1000000.0,8.0,1.0,322.0,0.0,322000000.0,1.0,2.0
1790,6.518987341772152,1000000.0,8.0,1.0,316.0,0.0,316000000.0,1.0,2.0
1791,6.131661442006269,1000000.0,8.0,1.0,319.0,0.0,319000000.0,1.0,2.0
1792,5.611111111111111,1000000.0,9.0,1.0,324.0,0.0,324000000.0,1.0,2.0
1793,5.638629283489097,1000000.0,9.0,1.0,321.0,0.0,321000000.0,1.0,2.0
1794,5.5,1000000.0,8.0,1.0,320.0,0.0,320000000.0,1.0,2.0
1795,5.984276729559748,1000000.0,11.0,1.0,318.0,0.0,318000000.0,1.0,2.0
1796,5.504702194357367,1000000.0,8.0,1.0,319.0,0.0,319000000.0,1.0,2.0
1797,5.506329113924051,1000000.0,8.0,1.0,316.0,0.0,316000000.0,1.0,2.0
1798,5.515527950310559,1000000.0,8.0,1.0,322.0,0.0,322000000.0,1.0,2.0
1799,5.492163009404389,1000000.0,8.0,1.0,319.0,0.0,319000000.0,1.0,2.0
1800,5.522012578616352,1000000.0,9.0,1.0,318.0,0.0,318000000.0,1.0,2.0
1801,5.492163009404389,1000000.0,8.0,1.0,319.0,0.0,319000000.0,1.0,2.0
1802,5.5186335403726705,1000000.0,9.0,1.0,322.0,0.0,322000000.0,1.0,3.0
1803,5.8847352024922115,1000000.0,11.0,1.0,321.0,0.0,321000000.0,1.0,2.0
1804,5.515822784810126,1000000.0,11.0,1.0,316.0,0.0,316000000.0,1.0,2.0
1805,5.476340694006309,1000000.0,8.0,1.0,317.0,0.0,317000000.0,1.0,2.0
1806,5.507788161993769,1000000.0,8.0,1.0,321.0,0.0,321000000.0,1.0,2.0
1807,5.515527950310559,1000000.0,8.0,1.0,322.0,0.0,322000000.0,1.0,2.0
1808,5.5,1000000.0,8.0,1.0,320.0,0.0,320000000.0,1.0,2.0
1809,5.473015873015873,1000000.0,8.0,1.0,315.0,0.0,315000000.0,1.0,2.0
1810,5.49685534591195,1000000.0,8.0,1.0,318.0,0.0,318000000.0,1.0,2.0
1811,5.523219814241486,1000000.0,8.0,1.0,323.0,0.0,323000000.0,1.0,2.0
1812,5.492163009404389,1000000.0,8.0,1.0,319.0,0.0,319000000.0,1.0,2.0
1813,5.478125,1000000.0,8.0,1.0,320.0,0.0,320000000.0,1.0,3.0
1814,5.481012658227848,1000000.0,8.0,1.0,316.0,0.0,316000000.0,1.0,2.0
1815,5.5,1000000.0,8.0,1.0,320.0,0.0,320000000.0,1.0,2.0
1816,5.696875,1000000.0,8.0,1.0,320.0,0.0,320000000.0,1.0,2.0
1817,5.510835913312693,1000000.0,8.0,1.0,323.0,0.0,323000000.0,1.0,2.0
1818,5.815873015873016,1000000.0,8.0,1.0,315.0,0.0,315000000.0,1.0,2.0
1819,5.47962382445141,1000000.0,8.0,1.0,319.0,0.0,319000000.0,1.0,2.0
1820,5.605015673981192,1000000.0,8.0,1.0,319.0,0.0,319000000.0,1.0,2.0
1821,5.507788161993769,1000000.0,8.0,1.0,321.0,0.0,321000000.0,1.0,2.0
1822,5.5,1000000.0,8.0,1.0,320.0,0.0,320000000.0,1.0,2.0
1823,5.476340694006309,1000000.0,8.0,1.0,317.0,0.0,317000000.0,1.0,2.0
1824,5.484276729559748,1000000.0,8.0,1.0,318.0,0.0,318000000.0,1.0,2.0
1825,5.503105590062112,1000000.0,8.0,1.0,322.0,0.0,322000000.0,1.0,2.0
1826,5.5125,1000000.0,8.0,1.0,320.0,0.0,320000000.0,1.0,2.0
1827,5.507788161993769,1000000.0,8.0,1.0,321.0,0.0,321000000.0,1.0,2.0
1828,5.4875,1000000.0,8.0,1.0,320.0,0.0,320000000.0,1.0,2.0
1829,5.477707006369426,1000000.0,8.0,1.0,314.0,0.0,314000000.0,1.0,2.0
1830,5.473015873015873,1000000.0,8.0,1.0,315.0,0.0,315000000.0,1.0,2.0
1831,5.5246913580246915,1000000.0,8.0,1.0,324.0,0.0,324000000.0,1.0,3.0
1832,5.515527950310559,1000000.0,8.0,1.0,322.0,0.0,322000000.0,1.0,2.0
1833,5.510835913312693,1000000.0,8.0,1.0,323.0,0.0,323000000.0,1.0,2.0
1834,5.5362776025236595,1000000.0,9.0,1.0,317.0,0.0,317000000.0,1.0,2.0
1835,5.481012658227848,1000000.0,8.0,1.0,316.0,0.0,316000000.0,1.0,2.0
1836,5.518518518518518,1000000.0,8.0,1.0,324.0,0.0,324000000.0,1.0,2.0
1837,5.520249221183801,1000000.0,8.0,1.0,321.0,0.0,321000000.0,1.0,2.0
1838,5.4953271028037385,1000000.0,8.0,1.0,321.0,0.0,321000000.0,1.0,2.0
1839,5.476340694006309,1000000.0,8.0,1.0,317.0,0.0,317000000.0,1.0,2.0
1840,5.464968152866242,1000000.0,8.0,1.0,314.0,0.0,314000000.0,1.0,2.0
1841,5.610591900311526,1000000.0,9.0,1.0,321.0,0.0,321000000.0,1.0,2.0
1842,5.682098765432099,1000000.0,9.0,1.0,324.0,0.0,324000000.0,1.0,2.0
1843,5.684542586750789,1000000.0,10.0,1.0,317.0,0.0,317000000.0,1.0,2.0
1844,5.555555555555555,1000000.0,8.0,1.0,324.0,0.0,324000000.0,1.0,2.0
1845,6.5,1000000.0,8.0,1.0,320.0,0.0,320000000.0,1.0,2.0
1846,6.529968454258675,1000000.0,10.0,1.0,317.0,0.0,317000000.0,1.0,2.0
1847,6.528301886792453,1000000.0,8.0,1.0,318.0,0.0,318000000.0,1.0,2.0
1848,6.507836990595611,1000000.0,8.0,1.0,319.0,0.0,319000000.0,1.0,2.0
1849,6.484472049689441,1000000.0,8.0,1.0,322.0,0.0,322000000.0,1.0,2.0
1850,6.484472049689441,1000000.0,8.0,1.0,322.0,0.0,322000000.0,1.0,2.0
1851,6.507836990595611,1000000.0,8.0,1.0,319.0,0.0,319000000.0,1.0,2.0
1852,6.526984126984127,1000000.0,8.0,1.0,315.0,0.0,315000000.0,1.0,2.0
1853,6.511041009463723,1000000.0,8.0,1.0,317.0,0.0,317000000.0,1.0,2.0
1854,6.573208722741433,1000000.0,10.0,1.0,321.0,0.0,321000000.0,1.0,2.0
1855,6.492211838006231,1000000.0,8.0,1.0,321.0,0.0,321000000.0,1.0,2.0
1856,6.5125,1000000.0,8.0,1.0,320.0,0.0,320000000.0,1.0,2.0
1857,6.522292993630574,1000000.0,8.0,1.0,314.0,0.0,314000000.0,1.0,2.0
1858,6.5046728971962615,1000000.0,8.0,1.0,321.0,0.0,321000000.0,1.0,2.0
1859,6.50314465408805,1000000.0,8.0,1.0,318.0,0.0,318000000.0,1.0,2.0
1860,6.496894409937888,1000000.0,8.0,1.0,322.0,0.0,322000000.0,1.0,2.0
1861,6.495297805642633,1000000.0,8.0,1.0,319.0,0.0,319000000.0,1.0,2.0
1862,6.526984126984127,1000000.0,8.0,1.0,315.0,0.0,315000000.0,1.0,2.0
1863,6.528301886792453,1000000.0,8.0,1.0,318.0,0.0,318000000.0,1.0,2.0
1864,6.506329113924051,1000000.0,8.0,1.0,316.0,0.0,316000000.0,1.0,2.0
1865,6.481481481481482,1000000.0,8.0,1.0,324.0,0.0,324000000.0,1.0,2.0
1866,6.4875,1000000.0,8.0,1.0,320.0,0.0,320000000.0,1.0,2.0
1867,6.507836990595611,1000000.0,8.0,1.0,319.0,0.0,319000000.0,1.0,2.0
1868,6.635514018691588,1000000.0,8.0,1.0,321.0,0.0,321000000.0,1.0,2.0
1869,6.703470031545741,1000000.0,8.0,1.0,317.0,0.0,317000000.0,1.0,2.0
1870,6.515723270440252,1000000.0,8.0,1.0,318.0,0.0,318000000.0,1.0,2.0
1871,6.484472049689441,1000000.0,8.0,1.0,322.0,0.0,322000000.0,1.0,2.0
1872,6.523659305993691,1000000.0,8.0,1.0,317.0,0.0,317000000.0,1.0,2.0
1873,6.52037617554859,1000000.0,8.0,1.0,319.0,0.0,319000000.0,1.0,2.0
1874,6.5886075949367084,1000000.0,8.0,1.0,316.0,0.0,316000000.0,1.0,2.0
1875,6.481481481481482,1000000.0,8.0,1.0,324.0,0.0,324000000.0,1.0,2.0
1876,6.4875,1000000.0,8.0,1.0,320.0,0.0,320000000.0,1.0,2.0
1877,6.523659305993691,1000000.0,8.0,1.0,317.0,0.0,317000000.0,1.0,2.0
1878,6.4875,1000000.0,8.0,1.0,320.0,0.0,320000000.0,1.0,2.0
1879,6.578125,1000000.0,8.0,1.0,320.0,0.0,320000000.0,1.0,2.0
1880,6.475,1000000.0,8.0,1.0,320.0,0.0,320000000.0,1.0,2.0
1881,6.50314465408805,1000000.0,8.0,1.0,318.0,0.0,318000000.0,1.0,2.0
1882,6.5046728971962615,1000000.0,8.0,1.0,321.0,0.0,321000000.0,1.0,2.0
1883,6.531645569620253,1000000.0,8.0,1.0,316.0,0.0,316000000.0,1.0,2.0
1884,6.511041009463723,1000000.0,8.0,1.0,317.0,0.0,317000000.0,1.0,2.0
1885,6.444444444444445,1000000.0,8.0,1.0,324.0,0.0,324000000.0,1.0,2.0
1886,5.49685534591195,1000000.0,8.0,1.0,318.0,0.0,318000000.0,1.0,2.0
1887,6.3197492163009406,1000000.0,8.0,1.0,319.0,0.0,319000000.0,1.0,2.0
1888,6.506329113924051,1000000.0,8.0,1.0,316.0,0.0,316000000.0,1.0,2.0
1889,6.492211838006231,1000000.0,8.0,1.0,321.0,0.0,321000000.0,1.0,2.0
1890,5.55,1000000.0,8.0,1.0,320.0,0.0,320000000.0,1.0,2.0
1891,5.476340694006309,1000000.0,8.0,1.0,317.0,0.0,317000000.0,1.0,2.0
1892,5.473015873015873,1000000.0,8.0,1.0,315.0,0.0,315000000.0,1.0,2.0
1893,5.530864197530864,1000000.0,9.0,1.0,324.0,0.0,324000000.0,1.0,2.0
1894,5.61875,1000000.0,11.0,1.0,320.0,0.0,320000000.0,1.0,2.0
1895,5.484276729559748,1000000.0,8.0,1.0,318.0,0.0,318000000.0,1.0,2.0
1896,5.89375,1000000.0,11.0,1.0,320.0,0.0,320000000.0,1.0,2.0
1897,5.741433021806854,1000000.0,11.0,1.0,321.0,0.0,321000000.0,1.0,2.0
1898,5.492163009404389,1000000.0,8.0,1.0,319.0,0.0,319000000.0,1.0,2.0
1899,5.484276729559748,1000000.0,8.0,1.0,318.0,0.0,318000000.0,1.0,2.0
1900,5.473015873015873,1000000.0,8.0,1.0,315.0,0.0,315000000.0,1.0,2.0
1901,5.567073170731708,1000000.0,10.0,1.0,328.0,0.0,328000000.0,1.0,3.0
1902,5.5015772870662465,1000000.0,9.0,1.0,317.0,0.0,317000000.0,1.0,2.0
1903,5.510835913312693,1000000.0,8.0,1.0,323.0,0.0,323000000.0,1.0,2.0
1904,5.49685534591195,1000000.0,8.0,1.0,318.0,0.0,318000000.0,1.0,2.0
1905,5.468354430379747,1000000.0,8.0,1.0,316.0,0.0,316000000.0,1.0,2.0
1906,5.47962382445141,1000000.0,8.0,1.0,319.0,0.0,319000000.0,1.0,2.0
1907,5.905956112852665,1000000.0,8.0,1.0,319.0,0.0,319000000.0,1.0,2.0
1908,6.218068535825545,1000000.0,8.0,1.0,321.0,0.0,321000000.0,1.0,2.0
1909,5.5,1000000.0,8.0,1.0,320.0,0.0,320000000.0,1.0,2.0
1910,5.473015873015873,1000000.0,8.0,1.0,315.0,0.0,315000000.0,1.0,2.0
1911,5.503105590062112,1000000.0,8.0,1.0,322.0,0.0,322000000.0,1.0,2.0
1912,5.515527950310559,1000000.0,8.0,1.0,322.0,0.0,322000000.0,1.0,2.0
1913,5.993808049535604,1000000.0,8.0,1.0,323.0,0.0,323000000.0,1.0,2.0
1914,6.484472049689441,1000000.0,8.0,1.0,322.0,0.0,322000000.0,1.0,2.0
1915,6.484472049689441,1000000.0,8.0,1.0,322.0,0.0,322000000.0,1.0,2.0
1916,6.507836990595611,1000000.0,8.0,1.0,319.0,0.0,319000000.0,1.0,2.0
1917,6.780952380952381,1000000.0,8.0,1.0,315.0,0.0,315000000.0,1.0,2.0
1918,6.5,1000000.0,8.0,1.0,320.0,0.0,320000000.0,1.0,2.0
1919,6.503086419753086,1000000.0,8.0,1.0,324.0,0.0,324000000.0,1.0,2.0
1920,6.4753086419753085,1000000.0,8.0,1.0,324.0,0.0,324000000.0,1.0,3.0
1921,6.479750778816199,1000000.0,8.0,1.0,321.0,0.0,321000000.0,1.0,2.0
1922,6.545171339563863,1000000.0,8.0,1.0,321.0,0.0,321000000.0,1.0,2.0
1923,6.511041009463723,1000000.0,8.0,1.0,317.0,0.0,317000000.0,1.0,2.0
1924,6.484472049689441,1000000.0,8.0,1.0,322.0,0.0,322000000.0,1.0,2.0
1925,6.473846153846154,1000000.0,8.0,1.0,325.0,0.0,325000000.0,1.0,2.0
1926,6.484472049689441,1000000.0,8.0,1.0,322.0,0.0,322000000.0,1.0,2.0
1927,6.476780185758514,1000000.0,8.0,1.0,323.0,0.0,323000000.0,1.0,2.0
1928,6.507836990595611,1000000.0,8.0,1.0,319.0,0.0,319000000.0,1.0,2.0
1929,6.523659305993691,1000000.0,8.0,1.0,317.0,0.0,317000000.0,1.0,2.0
1930,6.514285714285714,1000000.0,8.0,1.0,315.0,0.0,315000000.0,1.0,2.0
1931,6.476780185758514,1000000.0,8.0,1.0,323.0,0.0,323000000.0,1.0,2.0
1932,6.489164086687307,1000000.0,8.0,1.0,323.0,0.0,323000000.0,1.0,2.0
1933,6.511041009463723,1000000.0,8.0,1.0,317.0,0.0,317000000.0,1.0,2.0
1934,6.528301886792453,1000000.0,8.0,1.0,318.0,0.0,318000000.0,1.0,2.0
1935,6.523659305993691,1000000.0,8.0,1.0,317.0,0.0,317000000.0,1.0,2.0
1936,6.523659305993691,1000000.0,8.0,1.0,317.0,0.0,317000000.0,1.0,2.0
1937,6.476780185758514,1000000.0,8.0,1.0,323.0,0.0,323000000.0,1.0,2.0
1938,6.492211838006231,1000000.0,8.0,1.0,321.0,0.0,321000000.0,1.0,2.0
1939,6.515723270440252,1000000.0,8.0,1.0,318.0,0.0,318000000.0,1.0,2.0
1940,6.523659305993691,1000000.0,8.0,1.0,317.0,0.0,317000000.0,1.0,2.0
1941,6.511041009463723,1000000.0,8.0,1.0,317.0,0.0,317000000.0,1.0,2.0
1942,6.492211838006231,1000000.0,8.0,1.0,321.0,0.0,321000000.0,1.0,2.0
1943,6.489164086687307,1000000.0,8.0,1.0,323.0,0.0,323000000.0,1.0,2.0
1944,6.834920634920635,1000000.0,10.0,1.0,315.0,0.0,315000000.0,1.0,2.0
1945,6.507836990595611,1000000.0,8.0,1.0,319.0,0.0,319000000.0,1.0,2.0
1946,6.495297805642633,1000000.0,8.0,1.0,319.0,0.0,319000000.0,1.0,2.0
1947,6.496894409937888,1000000.0,8.0,1.0,322.0,0.0,322000000.0,1.0,2.0
1948,6.105919003115265,1000000.0,8.0,1.0,321.0,0.0,321000000.0,1.0,2.0
1949,5.515527950310559,1000000.0,8.0,1.0,322.0,0.0,322000000.0,1.0,2.0
1950,5.47962382445141,1000000.0,8.0,1.0,319.0,0.0,319000000.0,1.0,2.0
1951,5.487421383647798,1000000.0,8.0,1.0,318.0,0.0,318000000.0,1.0,3.0
1952,5.476340694006309,1000000.0,8.0,1.0,317.0,0.0,317000000.0,1.0,2.0
1953,5.563467492260062,1000000.0,8.0,1.0,323.0,0.0,323000000.0,1.0,2.0
1954,5.64797507788162,1000000.0,8.0,1.0,321.0,0.0,321000000.0,1.0,2.0
1955,5.488958990536277,1000000.0,8.0,1.0,317.0,0.0,317000000.0,1.0,2.0
1956,5.4953271028037385,1000000.0,8.0,1.0,321.0,0.0,321000000.0,1.0,2.0
1957,5.493670886075949,1000000.0,8.0,1.0,316.0,0.0,316000000.0,1.0,2.0
1958,5.526153846153846,1000000.0,8.0,1.0,325.0,0.0,325000000.0,1.0,2.0
1959,6.025,1000000.0,8.0,1.0,320.0,0.0,320000000.0,1.0,2.0
1960,7.1682539682539685,1000000.0,8.0,1.0,315.0,0.0,315000000.0,1.0,2.0
1961,5.47962382445141,1000000.0,8.0,1.0,319.0,0.0,319000000.0,1.0,2.0
1962,5.507788161993769,1000000.0,8.0,1.0,321.0,0.0,321000000.0,1.0,2.0
1963,5.520249221183801,1000000.0,8.0,1.0,321.0,0.0,321000000.0,1.0,2.0
1964,5.468354430379747,1000000.0,8.0,1.0,316.0,0.0,316000000.0,1.0,2.0
1965,5.468354430379747,1000000.0,8.0,1.0,316.0,0.0,316000000.0,1.0,2.0
1966,5.492163009404389,1000000.0,8.0,1.0,319.0,0.0,319000000.0,1.0,2.0
1967,5.523219814241486,1000000.0,8.0,1.0,323.0,0.0,323000000.0,1.0,2.0
1968,5.510835913312693,1000000.0,8.0,1.0,323.0,0.0,323000000.0,1.0,2.0
1969,5.515527950310559,1000000.0,8.0,1.0,322.0,0.0,322000000.0,1.0,2.0
1970,5.580952380952381,1000000.0,8.0,1.0,315.0,0.0,315000000.0,1.0,2.0
1971,5.488958990536277,1000000.0,8.0,1.0,317.0,0.0,317000000.0,1.0,2.0
1972,5.507788161993769,1000000.0,8.0,1.0,321.0,0.0,321000000.0,1.0,2.0
1973,5.515527950310559,1000000.0,8.0,1.0,322.0,0.0,322000000.0,1.0,2.0
1974,5.517241379310345,1000000.0,8.0,1.0,319.0,0.0,319000000.0,1.0,2.0
1975,5.4953271028037385,1000000.0,8.0,1.0,321.0,0.0,321000000.0,1.0,2.0
1976,5.492163009404389,1000000.0,8.0,1.0,319.0,0.0,319000000.0,1.0,2.0
1977,5.492163009404389,1000000.0,8.0,1.0,319.0,0.0,319000000.0,1.0,2.0
1978,5.49685534591195,1000000.0,8.0,1.0,318.0,0.0,318000000.0,1.0,2.0
1979,5.523219814241486,1000000.0,8.0,1.0,323.0,0.0,323000000.0,1.0,2.0
1980,5.476340694006309,1000000.0,8.0,1.0,317.0,0.0,317000000.0,1.0,2.0
1981,5.492163009404389,1000000.0,8.0,1.0,319.0,0.0,319000000.0,1.0,2.0
1982,5.503105590062112,1000000.0,8.0,1.0,322.0,0.0,322000000.0,1.0,2.0
1983,5.492163009404389,1000000.0,8.0,1.0,319.0,0.0,319000000.0,1.0,2.0
1984,5.577639751552795,1000000.0,10.0,1.0,322.0,0.0,322000000.0,1.0,2.0
1985,5.507788161993769,1000000.0,8.0,1.0,321.0,0.0,321000000.0,1.0,2.0
1986,5.520249221183801,1000000.0,8.0,1.0,321.0,0.0,321000000.0,1.0,2.0
1987,5.796875,1000000.0,10.0,1.0,320.0,0.0,320000000.0,1.0,3.0
1988,5.955835962145111,1000000.0,8.0,1.0,317.0,0.0,317000000.0,1.0,2.0
1989,6.507836990595611,1000000.0,8.0,1.0,319.0,0.0,319000000.0,1.0,2.0
1990,6.484472049689441,1000000.0,8.0,1.0,322.0,0.0,322000000.0,1.0,2.0
1991,6.523659305993691,1000000.0,8.0,1.0,317.0,0.0,317000000.0,1.0,2.0
1992,6.528301886792453,1000000.0,8.0,1.0,318.0,0.0,318000000.0,1.0,2.0
1993,6.535031847133758,1000000.0,8.0,1.0,314.0,0.0,314000000.0,1.0,2.0
1994,6.515723270440252,1000000.0,8.0,1.0,318.0,0.0,318000000.0,1.0,2.0
1995,6.708978328173375,1000000.0,10.0,1.0,323.0,0.0,323000000.0,1.0,2.0
1996,6.479750778816199,1000000.0,8.0,1.0,321.0,0.0,321000000.0,1.0,2.0
1997,6.729813664596273,1000000.0,8.0,1.0,322.0,0.0,322000000.0,1.0,2.0
1998,7.6269592476489025,1000000.0,8.0,1.0,319.0,0.0,319000000.0,1.0,2.0
1999,7.2253968253968255,1000000.0,8.0,1.0,315.0,0.0,315000000.0,1.0,2.0
2000,6.3602484472049685,1000000.0,8.0,1.0,322.0,0.0,322000000.0,1.0,2.0
2001,5.49685534591195,1000000.0,8.0,1.0,318.0,0.0,318000000.0,1.0,2.0
2002,5.5125,1000000.0,8.0,1.0,320.0,0.0,320000000.0,1.0,2.0
2003,5.476340694006309,1000000.0,8.0,1.0,317.0,0.0,317000000.0,1.0,2.0
2004,5.47962382445141,1000000.0,8.0,1.0,319.0,0.0,319000000.0,1.0,2.0
2005,5.5125,1000000.0,8.0,1.0,320.0,0.0,320000000.0,1.0,2.0
2006,5.5,1000000.0,8.0,1.0,320.0,0.0,320000000.0,1.0,2.0
2007,5.484276729559748,1000000.0,8.0,1.0,318.0,0.0,318000000.0,1.0,2.0
2008,5.47962382445141,1000000.0,8.0,1.0,319.0,0.0,319000000.0,1.0,2.0
2009,5.49685534591195,1000000.0,8.0,1.0,318.0,0.0,318000000.0,1.0,2.0
2010,5.510835913312693,1000000.0,8.0,1.0,323.0,0.0,323000000.0,1.0,2.0
2011,5.5125,1000000.0,8.0,1.0,320.0,0.0,320000000.0,1.0,2.0
2012,5.484276729559748,1000000.0,8.0,1.0,318.0,0.0,318000000.0,1.0,2.0
2013,5.488958990536277,1000000.0,8.0,1.0,317.0,0.0,317000000.0,1.0,2.0
2014,5.492163009404389,1000000.0,8.0,1.0,319.0,0.0,319000000.0,1.0,2.0
2015,5.530864197530864,1000000.0,8.0,1.0,324.0,0.0,324000000.0,1.0,2.0
2016,5.504702194357367,1000000.0,8.0,1.0,319.0,0.0,319000000.0,1.0,2.0
2017,5.484276729559748,1000000.0,8.0,1.0,318.0,0.0,318000000.0,1.0,2.0
2018,5.4953271028037385,1000000.0,8.0,1.0,321.0,0.0,321000000.0,1.0,2.0
2019,5.484276729559748,1000000.0,8.0,1.0,318.0,0.0,318000000.0,1.0,2.0
2020,5.7392638036809815,1000000.0,10.0,1.0,326.0,0.0,326000000.0,1.0,2.0
2021,5.492163009404389,1000000.0,8.0,1.0,319.0,0.0,319000000.0,1.0,2.0
2022,5.49685534591195,1000000.0,8.0,1.0,318.0,0.0,318000000.0,1.0,2.0
2023,5.488958990536277,1000000.0,8.0,1.0,317.0,0.0,317000000.0,1.0,2.0
2024,5.510835913312693,1000000.0,8.0,1.0,323.0,0.0,323000000.0,1.0,2.0
2025,5.504702194357367,1000000.0,8.0,1.0,319.0,0.0,319000000.0,1.0,2.0
2026,5.4953271028037385,1000000.0,8.0,1.0,321.0,0.0,321000000.0,1.0,2.0
2027,5.504702194357367,1000000.0,9.0,1.0,319.0,0.0,319000000.0,1.0,2.0
2028,5.504702194357367,1000000.0,8.0,1.0,319.0,0.0,319000000.0,1.0,2.0
2029,6.444444444444445,1000000.0,8.0,1.0,324.0,0.0,324000000.0,1.0,2.0
2030,6.4875,1000000.0,8.0,1.0,320.0,0.0,320000000.0,1.0,2.0
2031,6.515723270440252,1000000.0,8.0,1.0,318.0,0.0,318000000.0,1.0,2.0
2032,6.507836990595611,1000000.0,8.0,1.0,319.0,0.0,319000000.0,1.0,2.0
2033,6.496894409937888,1000000.0,8.0,1.0,322.0,0.0,322000000.0,1.0,2.0
2034,6.523659305993691,1000000.0,8.0,1.0,317.0,0.0,317000000.0,1.0,2.0
2035,6.472049689440993,1000000.0,8.0,1.0,322.0,0.0,322000000.0,1.0,2.0
2036,6.495297805642633,1000000.0,8.0,1.0,319.0,0.0,319000000.0,1.0,2.0
2037,6.5,1000000.0,8.0,1.0,320.0,0.0,320000000.0,1.0,2.0
2038,6.476780185758514,1000000.0,8.0,1.0,323.0,0.0,323000000.0,1.0,2.0
2039,6.523659305993691,1000000.0,8.0,1.0,317.0,0.0,317000000.0,1.0,2.0
2040,6.496894409937888,1000000.0,8.0,1.0,322.0,0.0,322000000.0,1.0,2.0
2041,6.507836990595611,1000000.0,8.0,1.0,319.0,0.0,319000000.0,1.0,2.0
2042,6.476780185758514,1000000.0,8.0,1.0,323.0,0.0,323000000.0,1.0,2.0
2043,6.507836990595611,1000000.0,8.0,1.0,319.0,0.0,319000000.0,1.0,2.0
2044,6.495297805642633,1000000.0,8.0,1.0,319.0,0.0,319000000.0,1.0,2.0
2045,6.85,1000000.0,8.0,1.0,320.0,0.0,320000000.0,1.0,2.0
2046,7.428125,1000000.0,8.0,1.0,320.0,0.0,320000000.0,1.0,2.0
2047,6.511041009463723,1000000.0,8.0,1.0,317.0,0.0,317000000.0,1.0,2.0
2048,6.481481481481482,1000000.0,8.0,1.0,324.0,0.0,324000000.0,1.0,2.0
2049,6.515723270440252,1000000.0,8.0,1.0,318.0,0.0,318000000.0,1.0,2.0
2050,6.523659305993691,1000000.0,8.0,1.0,317.0,0.0,317000000.0,1.0,2.0
2051,6.506329113924051,1000000.0,8.0,1.0,316.0,0.0,316000000.0,1.0,2.0
2052,6.518518518518518,1000000.0,8.0,1.0,324.0,0.0,324000000.0,1.0,2.0
2053,6.492211838006231,1000000.0,8.0,1.0,321.0,0.0,321000000.0,1.0,2.0
2054,6.5,1000000.0,8.0,1.0,320.0,0.0,320000000.0,1.0,2.0
2055,6.518987341772152,1000000.0,8.0,1.0,316.0,0.0,316000000.0,1.0,2.0
2056,6.124223602484472,1000000.0,8.0,1.0,322.0,0.0,322000000.0,1.0,2.0
2057,6.031545741324921,1000000.0,8.0,1.0,317.0,0.0,317000000.0,1.0,2.0
2058,6.501557632398754,1000000.0,8.0,1.0,321.0,0.0,321000000.0,1.0,2.0
2059,6.507836990595611,1000000.0,8.0,1.0,319.0,0.0,319000000.0,1.0,2.0
2060,6.523659305993691,1000000.0,8.0,1.0,317.0,0.0,317000000.0,1.0,2.0
2061,6.523659305993691,1000000.0,8.0,1.0,317.0,0.0,317000000.0,1.0,2.0
2062,6.523659305993691,1000000.0,8.0,1.0,317.0,0.0,317000000.0,1.0,2.0
2063,6.496894409937888,1000000.0,8.0,1.0,322.0,0.0,322000000.0,1.0,2.0
2064,6.4875,1000000.0,8.0,1.0,320.0,0.0,320000000.0,1.0,2.0
2065,6.52037617554859,1000000.0,8.0,1.0,319.0,0.0,319000000.0,1.0,2.0
2066,6.515625,1000000.0,9.0,1.0,320.0,0.0,320000000.0,1.0,3.0
2067,6.526984126984127,1000000.0,8.0,1.0,315.0,0.0,315000000.0,1.0,2.0
2068,6.476780185758514,1000000.0,8.0,1.0,323.0,0.0,323000000.0,1.0,2.0
2069,6.5046728971962615,1000000.0,8.0,1.0,321.0,0.0,321000000.0,1.0,2.0
2070,6.747634069400631,1000000.0,11.0,1.0,317.0,0.0,317000000.0,1.0,2.0
2071,7.288401253918496,1000000.0,9.0,1.0,319.0,0.0,319000000.0,1.0,2.0
2072,6.546875,1000000.0,9.0,1.0,320.0,0.0,320000000.0,1.0,2.0
2073,6.832298136645963,1000000.0,11.0,1.0,322.0,0.0,322000000.0,1.0,2.0
2074,6.5,1000000.0,8.0,1.0,320.0,0.0,320000000.0,1.0,2.0
2075,6.5046728971962615,1000000.0,8.0,1.0,321.0,0.0,321000000.0,1.0,2.0
2076,6.939873417721519,1000000.0,11.0,1.0,316.0,0.0,316000000.0,1.0,2.0
2077,6.492211838006231,1000000.0,8.0,1.0,321.0,0.0,321000000.0,1.0,2.0
2078,5.676100628930818,1000000.0,9.0,1.0,318.0,0.0,318000000.0,1.0,3.0
2079,6.099378881987578,1000000.0,8.0,1.0,322.0,0.0,322000000.0,1.0,2.0
2080,6.828125,1000000.0,11.0,1.0,320.0,0.0,320000000.0,1.0,2.0
2081,6.518987341772152,1000000.0,8.0,1.0,316.0,0.0,316000000.0,1.0,2.0
2082,6.50314465408805,1000000.0,8.0,1.0,318.0,0.0,318000000.0,1.0,2.0
2083,6.496894409937888,1000000.0,8.0,1.0,322.0,0.0,322000000.0,1.0,2.0
2084,6.469135802469136,1000000.0,8.0,1.0,324.0,0.0,324000000.0,1.0,2.0
2085,6.495297805642633,1000000.0,8.0,1.0,319.0,0.0,319000000.0,1.0,2.0
2086,6.523659305993691,1000000.0,8.0,1.0,317.0,0.0,317000000.0,1.0,2.0
2087,6.52037617554859,1000000.0,8.0,1.0,319.0,0.0,319000000.0,1.0,2.0
2088,6.523659305993691,1000000.0,8.0,1.0,317.0,0.0,317000000.0,1.0,2.0
2089,6.492211838006231,1000000.0,8.0,1.0,321.0,0.0,321000000.0,1.0,2.0
2090,6.507836990595611,1000000.0,8.0,1.0,319.0,0.0,319000000.0,1.0,2.0
2091,6.479750778816199,1000000.0,8.0,1.0,321.0,0.0,321000000.0,1.0,2.0
2092,6.492211838006231,1000000.0,8.0,1.0,321.0,0.0,321000000.0,1.0,2.0
2093,5.49685534591195,1000000.0,8.0,1.0,318.0,0.0,318000000.0,1.0,2.0
2094,5.492163009404389,1000000.0,8.0,1.0,319.0,0.0,319000000.0,1.0,2.0
2095,5.515527950310559,1000000.0,8.0,1.0,322.0,0.0,322000000.0,1.0,2.0
2096,5.670846394984326,1000000.0,8.0,1.0,319.0,0.0,319000000.0,1.0,2.0
2097,5.476340694006309,1000000.0,8.0,1.0,317.0,0.0,317000000.0,1.0,2.0
2098,5.608695652173913,1000000.0,8.0,1.0,322.0,0.0,322000000.0,1.0,2.0
2099,5.488958990536277,1000000.0,8.0,1.0,317.0,0.0,317000000.0,1.0,2.0
2100,5.507788161993769,1000000.0,8.0,1.0,321.0,0.0,321000000.0,1.0,2.0
2101,5.4953271028037385,1000000.0,8.0,1.0,321.0,0.0,321000000.0,1.0,2.0
2102,5.484276729559748,1000000.0,8.0,1.0,318.0,0.0,318000000.0,1.0,2.0
2103,5.713375796178344,1000000.0,8.0,1.0,314.0,0.0,314000000.0,1.0,2.0
2104,5.634069400630914,1000000.0,8.0,1.0,317.0,0.0,317000000.0,1.0,2.0
2105,5.5,1000000.0,8.0,1.0,320.0,0.0,320000000.0,1.0,2.0
2106,5.5125,1000000.0,8.0,1.0,320.0,0.0,320000000.0,1.0,2.0
2107,5.503105590062112,1000000.0,8.0,1.0,322.0,0.0,322000000.0,1.0,2.0
2108,5.488958990536277,1000000.0,8.0,1.0,317.0,0.0,317000000.0,1.0,2.0
2109,5.476340694006309,1000000.0,8.0,1.0,317.0,0.0,317000000.0,1.0,2.0
2110,5.5125,1000000.0,8.0,1.0,320.0,0.0,320000000.0,1.0,2.0
2111,5.47962382445141,1000000.0,8.0,1.0,319.0,0.0,319000000.0,1.0,2.0
2112,5.507788161993769,1000000.0,8.0,1.0,321.0,0.0,321000000.0,1.0,2.0
2113,5.448717948717949,1000000.0,8.0,1.0,312.0,0.0,312000000.0,1.0,2.0
2114,5.490625,1000000.0,9.0,1.0,320.0,0.0,320000000.0,1.0,3.0
2115,5.5125,1000000.0,8.0,1.0,320.0,0.0,320000000.0,1.0,2.0
2116,5.510835913312693,1000000.0,8.0,1.0,323.0,0.0,323000000.0,1.0,2.0
2117,5.488958990536277,1000000.0,8.0,1.0,317.0,0.0,317000000.0,1.0,2.0
2118,5.484276729559748,1000000.0,8.0,1.0,318.0,0.0,318000000.0,1.0,2.0
2119,5.507788161993769,1000000.0,8.0,1.0,321.0,0.0,321000000.0,1.0,2.0
2120,5.518518518518518,1000000.0,8.0,1.0,324.0,0.0,324000000.0,1.0,2.0
2121,5.628482972136223,1000000.0,10.0,1.0,323.0,0.0,323000000.0,1.0,2.0
2122,5.504702194357367,1000000.0,8.0,1.0,319.0,0.0,319000000.0,1.0,2.0
2123,5.484276729559748,1000000.0,8.0,1.0,318.0,0.0,318000000.0,1.0,2.0
2124,5.5,1000000.0,8.0,1.0,320.0,0.0,320000000.0,1.0,2.0
2125,5.523219814241486,1000000.0,8.0,1.0,323.0,0.0,323000000.0,1.0,2.0
2126,5.492163009404389,1000000.0,8.0,1.0,319.0,0.0,319000000.0,1.0,2.0
2127,5.4953271028037385,1000000.0,8.0,1.0,321.0,0.0,321000000.0,1.0,2.0
2128,6.4984227129337535,1000000.0,8.0,1.0,317.0,0.0,317000000.0,1.0,2.0
2129,6.4875,1000000.0,8.0,1.0,320.0,0.0,320000000.0,1.0,2.0
2130,6.489164086687307,1000000.0,8.0,1.0,323.0,0.0,323000000.0,1.0,2.0
2131,6.5,1000000.0,8.0,1.0,320.0,0.0,320000000.0,1.0,2.0
2132,6.469135802469136,1000000.0,8.0,1.0,324.0,0.0,324000000.0,1.0,2.0
2133,6.518987341772152,1000000.0,8.0,1.0,316.0,0.0,316000000.0,1.0,2.0
2134,6.5125,1000000.0,8.0,1.0,320.0,0.0,320000000.0,1.0,2.0
2135,6.50314465408805,1000000.0,8.0,1.0,318.0,0.0,318000000.0,1.0,2.0
2136,5.520249221183801,1000000.0,8.0,1.0,321.0,0.0,321000000.0,1.0,2.0
2137,5.518518518518518,1000000.0,8.0,1.0,324.0,0.0,324000000.0,1.0,2.0
2138,5.5125,1000000.0,8.0,1.0,320.0,0.0,320000000.0,1.0,2.0
2139,5.47962382445141,1000000.0,8.0,1.0,319.0,0.0,319000000.0,1.0,2.0
2140,5.492163009404389,1000000.0,8.0,1.0,319.0,0.0,319000000.0,1.0,2.0
2141,5.481012658227848,1000000.0,8.0,1.0,316.0,0.0,316000000.0,1.0,2.0
2142,5.523219814241486,1000000.0,8.0,1.0,323.0,0.0,323000000.0,1.0,2.0
2143,5.481012658227848,1000000.0,8.0,1.0,316.0,0.0,316000000.0,1.0,2.0
2144,5.507788161993769,1000000.0,8.0,1.0,321.0,0.0,321000000.0,1.0,2.0
2145,5.507788161993769,1000000.0,8.0,1.0,321.0,0.0,321000000.0,1.0,2.0
2146,5.746081504702194,1000000.0,8.0,1.0,319.0,0.0,319000000.0,1.0,2.0
2147,6.1125,1000000.0,8.0,1.0,320.0,0.0,320000000.0,1.0,2.0
2148,5.754658385093168,1000000.0,8.0,1.0,322.0,0.0,322000000.0,1.0,2.0
2149,5.484276729559748,1000000.0,8.0,1.0,318.0,0.0,318000000.0,1.0,2.0
2150,5.5125,1000000.0,8.0,1.0,320.0,0.0,320000000.0,1.0,2.0
2151,5.507788161993769,1000000.0,8.0,1.0,321.0,0.0,321000000.0,1.0,2.0
2152,5.488958990536277,1000000.0,8.0,1.0,317.0,0.0,317000000.0,1.0,2.0
2153,5.498432601880878,1000000.0,8.0,1.0,319.0,0.0,319000000.0,1.0,3.0
2154,5.468354430379747,1000000.0,8.0,1.0,316.0,0.0,316000000.0,1.0,2.0
2155,5.507788161993769,1000000.0,8.0,1.0,321.0,0.0,321000000.0,1.0,2.0
2156,5.975155279503106,1000000.0,8.0,1.0,322.0,0.0,322000000.0,1.0,2.0
2157,6.895238095238096,1000000.0,8.0,1.0,315.0,0.0,315000000.0,1.0,2.0
2158,6.757097791798107,1000000.0,8.0,1.0,317.0,0.0,317000000.0,1.0,2.0
2159,6.5,1000000.0,8.0,1.0,320.0,0.0,320000000.0,1.0,2.0
2160,6.479750778816199,1000000.0,8.0,1.0,321.0,0.0,321000000.0,1.0,2.0
2161,6.52037617554859,1000000.0,8.0,1.0,319.0,0.0,319000000.0,1.0,2.0
2162,6.531645569620253,1000000.0,8.0,1.0,316.0,0.0,316000000.0,1.0,2.0
2163,6.511041009463723,1000000.0,8.0,1.0,317.0,0.0,317000000.0,1.0,2.0
2164,6.507836990595611,1000000.0,8.0,1.0,319.0,0.0,319000000.0,1.0,2.0
2165,6.484472049689441,1000000.0,8.0,1.0,322.0,0.0,322000000.0,1.0,2.0
2166,6.492211838006231,1000000.0,8.0,1.0,321.0,0.0,321000000.0,1.0,2.0
2167,6.52037617554859,1000000.0,8.0,1.0,319.0,0.0,319000000.0,1.0,2.0
2168,6.778816199376947,1000000.0,9.0,1.0,321.0,0.0,321000000.0,1.0,2.0
2169,6.601880877742946,1000000.0,9.0,1.0,319.0,0.0,319000000.0,1.0,2.0
2170,6.518987341772152,1000000.0,8.0,1.0,316.0,0.0,316000000.0,1.0,2.0
2171,6.492211838006231,1000000.0,8.0,1.0,321.0,0.0,321000000.0,1.0,2.0
2172,6.944272445820434,1000000.0,11.0,1.0,323.0,0.0,323000000.0,1.0,2.0
2173,7.158730158730159,1000000.0,9.0,1.0,315.0,0.0,315000000.0,1.0,2.0
2174,6.6,1000000.0,9.0,1.0,320.0,0.0,320000000.0,1.0,2.0
2175,6.469135802469136,1000000.0,8.0,1.0,324.0,0.0,324000000.0,1.0,2.0
2176,6.5,1000000.0,8.0,1.0,320.0,0.0,320000000.0,1.0,2.0
2177,6.495297805642633,1000000.0,8.0,1.0,319.0,0.0,319000000.0,1.0,2.0
2178,6.472049689440993,1000000.0,8.0,1.0,322.0,0.0,322000000.0,1.0,2.0
2179,6.5396825396825395,1000000.0,8.0,1.0,315.0,0.0,315000000.0,1.0,2.0
2180,6.518987341772152,1000000.0,8.0,1.0,316.0,0.0,316000000.0,1.0,2.0
2181,6.507836990595611,1000000.0,8.0,1.0,319.0,0.0,319000000.0,1.0,2.0
2182,6.492211838006231,1000000.0,8.0,1.0,321.0,0.0,321000000.0,1.0,2.0
2183,6.5,1000000.0,8.0,1.0,320.0,0.0,320000000.0,1.0,2.0
2184,6.5046728971962615,1000000.0,8.0,1.0,321.0,0.0,321000000.0,1.0,2.0
2185,6.523659305993691,1000000.0,8.0,1.0,317.0,0.0,317000000.0,1.0,2.0
2186,6.511041009463723,1000000.0,8.0,1.0,317.0,0.0,317000000.0,1.0,2.0
2187,6.535031847133758,1000000.0,8.0,1.0,314.0,0.0,314000000.0,1.0,2.0
2188,6.607361963190184,1000000.0,8.0,1.0,326.0,0.0,326000000.0,1.0,2.0
2189,6.495297805642633,1000000.0,8.0,1.0,319.0,0.0,319000000.0,1.0,2.0
2190,6.5125,1000000.0,8.0,1.0,320.0,0.0,320000000.0,1.0,2.0
2191,6.507836990595611,1000000.0,8.0,1.0,319.0,0.0,319000000.0,1.0,2.0
2192,6.511041009463723,1000000.0,8.0,1.0,317.0,0.0,317000000.0,1.0,2.0
2193,6.555910543130991,1000000.0,8.0,1.0,313.0,0.0,313000000.0,1.0,2.0
2194,6.484472049689441,1000000.0,8.0,1.0,322.0,0.0,322000000.0,1.0,2.0
2195,6.507836990595611,1000000.0,8.0,1.0,319.0,0.0,319000000.0,1.0,2.0
2196,6.507836990595611,1000000.0,8.0,1.0,319.0,0.0,319000000.0,1.0,2.0
2197,6.625,1000000.0,8.0,1.0,320.0,0.0,320000000.0,1.0,2.0
2198,6.476780185758514,1000000.0,8.0,1.0,323.0,0.0,323000000.0,1.0,2.0
2199,6.481481481481482,1000000.0,8.0,1.0,324.0,0.0,324000000.0,1.0,2.0
2200,6.869969040247678,1000000.0,8.0,1.0,323.0,0.0,323000000.0,1.0,2.0
2201,6.5,1000000.0,8.0,1.0,320.0,0.0,320000000.0,1.0,2.0
2202,6.5,1000000.0,8.0,1.0,320.0,0.0,320000000.0,1.0,2.0
2203,5.5625,1000000.0,8.0,1.0,320.0,0.0,320000000.0,1.0,2.0
2204,5.610591900311526,1000000.0,9.0,1.0,321.0,0.0,321000000.0,1.0,2.0
2205,6.037735849056604,1000000.0,8.0,1.0,318.0,0.0,318000000.0,1.0,2.0
2206,6.523659305993691,1000000.0,8.0,1.0,317.0,0.0,317000000.0,1.0,2.0
2207,6.492211838006231,1000000.0,8.0,1.0,321.0,0.0,321000000.0,1.0,2.0
2208,6.415094339622642,1000000.0,8.0,1.0,318.0,0.0,318000000.0,1.0,2.0
2209,5.468354430379747,1000000.0,8.0,1.0,316.0,0.0,316000000.0,1.0,2.0
2210,5.526153846153846,1000000.0,8.0,1.0,325.0,0.0,325000000.0,1.0,2.0
2211,5.5,1000000.0,8.0,1.0,320.0,0.0,320000000.0,1.0,2.0
2212,5.504702194357367,1000000.0,8.0,1.0,319.0,0.0,319000000.0,1.0,2.0
2213,5.471698113207547,1000000.0,8.0,1.0,318.0,0.0,318000000.0,1.0,2.0
2214,5.488958990536277,1000000.0,8.0,1.0,317.0,0.0,317000000.0,1.0,2.0
2215,5.4875,1000000.0,8.0,1.0,320.0,0.0,320000000.0,1.0,2.0
2216,5.515527950310559,1000000.0,8.0,1.0,322.0,0.0,322000000.0,1.0,2.0
2217,5.515527950310559,1000000.0,8.0,1.0,322.0,0.0,322000000.0,1.0,2.0
2218,5.5125,1000000.0,8.0,1.0,320.0,0.0,320000000.0,1.0,2.0
2219,5.507788161993769,1000000.0,8.0,1.0,321.0,0.0,321000000.0,1.0,2.0
2220,5.47962382445141,1000000.0,8.0,1.0,319.0,0.0,319000000.0,1.0,2.0
2221,5.4603174603174605,1000000.0,8.0,1.0,315.0,0.0,315000000.0,1.0,2.0
2222,5.601851851851852,1000000.0,11.0,1.0,324.0,0.0,324000000.0,1.0,2.0
2223,5.476340694006309,1000000.0,8.0,1.0,317.0,0.0,317000000.0,1.0,2.0
2224,5.481012658227848,1000000.0,8.0,1.0,316.0,0.0,316000000.0,1.0,2.0
2225,5.723270440251572,1000000.0,11.0,1.0,318.0,0.0,318000000.0,1.0,2.0
2226,5.507788161993769,1000000.0,8.0,1.0,321.0,0.0,321000000.0,1.0,2.0
2227,5.515527950310559,1000000.0,8.0,1.0,322.0,0.0,322000000.0,1.0,2.0
2228,5.523219814241486,1000000.0,8.0,1.0,323.0,0.0,323000000.0,1.0,2.0
2229,5.488958990536277,1000000.0,8.0,1.0,317.0,0.0,317000000.0,1.0,2.0
2230,5.49685534591195,1000000.0,8.0,1.0,318.0,0.0,318000000.0,1.0,2.0
2231,5.476340694006309,1000000.0,8.0,1.0,317.0,0.0,317000000.0,1.0,2.0
2232,5.515527950310559,1000000.0,8.0,1.0,322.0,0.0,322000000.0,1.0,2.0
2233,5.515527950310559,1000000.0,8.0,1.0,322.0,0.0,322000000.0,1.0,2.0
2234,5.47962382445141,1000000.0,8.0,1.0,319.0,0.0,319000000.0,1.0,2.0
2235,5.49685534591195,1000000.0,8.0,1.0,318.0,0.0,318000000.0,1.0,2.0
2236,5.49685534591195,1000000.0,8.0,1.0,318.0,0.0,318000000.0,1.0,2.0
2237,5.4953271028037385,1000000.0,8.0,1.0,321.0,0.0,321000000.0,1.0,2.0
2238,5.527950310559007,1000000.0,8.0,1.0,322.0,0.0,322000000.0,1.0,2.0
2239,5.476340694006309,1000000.0,8.0,1.0,317.0,0.0,317000000.0,1.0,2.0
2240,5.503105590062112,1000000.0,8.0,1.0,322.0,0.0,322000000.0,1.0,2.0
2241,5.492163009404389,1000000.0,8.0,1.0,319.0,0.0,319000000.0,1.0,2.0
2242,5.507788161993769,1000000.0,8.0,1.0,321.0,0.0,321000000.0,1.0,2.0
2243,5.517241379310345,1000000.0,8.0,1.0,319.0,0.0,319000000.0,1.0,2.0
2244,5.488958990536277,1000000.0,8.0,1.0,317.0,0.0,317000000.0,1.0,2.0
2245,5.468354430379747,1000000.0,8.0,1.0,316.0,0.0,316000000.0,1.0,2.0
2246,5.4875,1000000.0,8.0,1.0,320.0,0.0,320000000.0,1.0,2.0
2247,5.481012658227848,1000000.0,8.0,1.0,316.0,0.0,316000000.0,1.0,2.0
2248,5.700934579439252,1000000.0,8.0,1.0,321.0,0.0,321000000.0,1.0,2.0
2249,5.49685534591195,1000000.0,8.0,1.0,318.0,0.0,318000000.0,1.0,2.0
2250,6.220820189274448,1000000.0,9.0,1.0,317.0,0.0,317000000.0,1.0,2.0
2251,6.593650793650793,1000000.0,9.0,1.0,315.0,0.0,315000000.0,1.0,2.0
2252,6.515723270440252,1000000.0,8.0,1.0,318.0,0.0,318000000.0,1.0,2.0
2253,6.5046728971962615,1000000.0,8.0,1.0,321.0,0.0,321000000.0,1.0,2.0
2254,8.121875,1000000.0,11.0,1.0,320.0,0.0,320000000.0,1.0,2.0
2255,6.99685534591195,1000000.0,11.0,1.0,318.0,0.0,318000000.0,1.0,2.0
2256,6.475,1000000.0,8.0,1.0,320.0,0.0,320000000.0,1.0,2.0
2257,6.492211838006231,1000000.0,8.0,1.0,321.0,0.0,321000000.0,1.0,2.0
2258,6.481481481481482,1000000.0,8.0,1.0,324.0,0.0,324000000.0,1.0,2.0
2259,6.526984126984127,1000000.0,8.0,1.0,315.0,0.0,315000000.0,1.0,2.0
2260,7.088050314465409,1000000.0,10.0,1.0,318.0,0.0,318000000.0,1.0,2.0
2261,6.523659305993691,1000000.0,8.0,1.0,317.0,0.0,317000000.0,1.0,2.0
2262,6.492211838006231,1000000.0,8.0,1.0,321.0,0.0,321000000.0,1.0,2.0
2263,6.492211838006231,1000000.0,8.0,1.0,321.0,0.0,321000000.0,1.0,2.0
2264,6.479750778816199,1000000.0,8.0,1.0,321.0,0.0,321000000.0,1.0,2.0
2265,6.473846153846154,1000000.0,8.0,1.0,325.0,0.0,325000000.0,1.0,2.0
2266,6.515723270440252,1000000.0,8.0,1.0,318.0,0.0,318000000.0,1.0,2.0
2267,6.5,1000000.0,8.0,1.0,320.0,0.0,320000000.0,1.0,2.0
2268,6.484472049689441,1000000.0,8.0,1.0,322.0,0.0,322000000.0,1.0,2.0
2269,6.5,1000000.0,8.0,1.0,320.0,0.0,320000000.0,1.0,2.0
2270,6.518987341772152,1000000.0,8.0,1.0,316.0,0.0,316000000.0,1.0,2.0
2271,6.476780185758514,1000000.0,8.0,1.0,323.0,0.0,323000000.0,1.0,2.0
2272,6.484472049689441,1000000.0,8.0,1.0,322.0,0.0,322000000.0,1.0,2.0
2273,6.636363636363637,1000000.0,8.0,1.0,319.0,0.0,319000000.0,1.0,2.0
2274,6.476780185758514,1000000.0,8.0,1.0,323.0,0.0,323000000.0,1.0,2.0
2275,6.492211838006231,1000000.0,8.0,1.0,321.0,0.0,321000000.0,1.0,2.0
2276,6.479750778816199,1000000.0,8.0,1.0,321.0,0.0,321000000.0,1.0,2.0
2277,6.496894409937888,1000000.0,8.0,1.0,322.0,0.0,322000000.0,1.0,2.0
2278,6.555910543130991,1000000.0,8.0,1.0,313.0,0.0,313000000.0,1.0,2.0
2279,6.89873417721519,1000000.0,8.0,1.0,316.0,0.0,316000000.0,1.0,2.0
2280,6.514018691588785,1000000.0,8.0,1.0,321.0,0.0,321000000.0,1.0,2.0
2281,6.469135802469136,1000000.0,8.0,1.0,324.0,0.0,324000000.0,1.0,2.0
2282,6.492211838006231,1000000.0,8.0,1.0,321.0,0.0,321000000.0,1.0,2.0
2283,6.603125,1000000.0,8.0,1.0,320.0,0.0,320000000.0,1.0,2.0
2284,6.5125,1000000.0,8.0,1.0,320.0,0.0,320000000.0,1.0,2.0
2285,6.5396825396825395,1000000.0,8.0,1.0,315.0,0.0,315000000.0,1.0,2.0
2286,6.50314465408805,1000000.0,8.0,1.0,318.0,0.0,318000000.0,1.0,2.0
2287,6.476780185758514,1000000.0,8.0,1.0,323.0,0.0,323000000.0,1.0,2.0
2288,6.50314465408805,1000000.0,8.0,1.0,318.0,0.0,318000000.0,1.0,2.0
2289,6.507836990595611,1000000.0,8.0,1.0,319.0,0.0,319000000.0,1.0,2.0
2290,5.866459627329193,1000000.0,8.0,1.0,322.0,0.0,322000000.0,1.0,2.0
2291,5.484276729559748,1000000.0,8.0,1.0,318.0,0.0,318000000.0,1.0,2.0
2292,5.518518518518518,1000000.0,8.0,1.0,324.0,0.0,324000000.0,1.0,2.0
2293,5.515527950310559,1000000.0,8.0,1.0,322.0,0.0,322000000.0,1.0,2.0
2294,5.515527950310559,1000000.0,8.0,1.0,322.0,0.0,322000000.0,1.0,2.0
2295,5.440514469453376,1000000.0,8.0,1.0,311.0,0.0,311000000.0,1.0,2.0
2296,5.4637223974763405,1000000.0,8.0,1.0,317.0,0.0,317000000.0,1.0,2.0
2297,5.481012658227848,1000000.0,8.0,1.0,316.0,0.0,316000000.0,1.0,2.0
2298,5.65,1000000.0,9.0,1.0,320.0,0.0,320000000.0,1.0,2.0
2299,5.758620689655173,1000000.0,9.0,1.0,319.0,0.0,319000000.0,1.0,3.0
2300,5.4637223974763405,1000000.0,8.0,1.0,317.0,0.0,317000000.0,1.0,2.0
2301,5.5,1000000.0,8.0,1.0,320.0,0.0,320000000.0,1.0,2.0
2302,5.504702194357367,1000000.0,8.0,1.0,319.0,0.0,319000000.0,1.0,2.0
2303,5.493670886075949,1000000.0,8.0,1.0,316.0,0.0,316000000.0,1.0,2.0
2304,5.484276729559748,1000000.0,8.0,1.0,318.0,0.0,318000000.0,1.0,2.0
2305,5.47962382445141,1000000.0,8.0,1.0,319.0,0.0,319000000.0,1.0,2.0
2306,5.515527950310559,1000000.0,8.0,1.0,322.0,0.0,322000000.0,1.0,2.0
2307,5.523219814241486,1000000.0,8.0,1.0,323.0,0.0,323000000.0,1.0,2.0
2308,5.473015873015873,1000000.0,8.0,1.0,315.0,0.0,315000000.0,1.0,2.0
2309,5.471698113207547,1000000.0,8.0,1.0,318.0,0.0,318000000.0,1.0,2.0
2310,5.476340694006309,1000000.0,8.0,1.0,317.0,0.0,317000000.0,1.0,2.0
2311,5.5125,1000000.0,8.0,1.0,320.0,0.0,320000000.0,1.0,2.0
2312,5.476340694006309,1000000.0,8.0,1.0,317.0,0.0,317000000.0,1.0,2.0
2313,5.609907120743034,1000000.0,9.0,1.0,323.0,0.0,323000000.0,1.0,2.0
2314,5.456869009584665,1000000.0,8.0,1.0,313.0,0.0,313000000.0,1.0,2.0
2315,5.504702194357367,1000000.0,8.0,1.0,319.0,0.0,319000000.0,1.0,2.0
2316,5.492163009404389,1000000.0,8.0,1.0,319.0,0.0,319000000.0,1.0,2.0
2317,5.503105590062112,1000000.0,8.0,1.0,322.0,0.0,322000000.0,1.0,2.0
2318,5.49685534591195,1000000.0,8.0,1.0,318.0,0.0,318000000.0,1.0,2.0
2319,5.471698113207547,1000000.0,8.0,1.0,318.0,0.0,318000000.0,1.0,2.0
2320,5.49685534591195,1000000.0,8.0,1.0,318.0,0.0,318000000.0,1.0,2.0
2321,5.492163009404389,1000000.0,8.0,1.0,319.0,0.0,319000000.0,1.0,2.0
2322,5.4953271028037385,1000000.0,8.0,1.0,321.0,0.0,321000000.0,1.0,2.0
2323,5.476340694006309,1000000.0,8.0,1.0,317.0,0.0,317000000.0,1.0,2.0
2324,6.072555205047319,1000000.0,8.0,1.0,317.0,0.0,317000000.0,1.0,2.0
2325,5.642857142857143,1000000.0,8.0,1.0,322.0,0.0,322000000.0,1.0,2.0
2326,5.990683229813665,1000000.0,8.0,1.0,322.0,0.0,322000000.0,1.0,2.0
2327,5.5125,1000000.0,8.0,1.0,320.0,0.0,320000000.0,1.0,2.0
2328,5.515723270440252,1000000.0,8.0,1.0,318.0,0.0,318000000.0,1.0,2.0
2329,5.977987421383648,1000000.0,8.0,1.0,318.0,0.0,318000000.0,1.0,2.0
2330,5.473015873015873,1000000.0,8.0,1.0,315.0,0.0,315000000.0,1.0,2.0
2331,5.507788161993769,1000000.0,8.0,1.0,321.0,0.0,321000000.0,1.0,2.0
2332,5.4953271028037385,1000000.0,8.0,1.0,321.0,0.0,321000000.0,1.0,2.0
2333,5.485714285714286,1000000.0,8.0,1.0,315.0,0.0,315000000.0,1.0,2.0
2334,5.476340694006309,1000000.0,8.0,1.0,317.0,0.0,317000000.0,1.0,2.0
2335,5.492163009404389,1000000.0,8.0,1.0,319.0,0.0,319000000.0,1.0,2.0
2336,5.832298136645963,1000000.0,8.0,1.0,322.0,0.0,322000000.0,1.0,2.0
2337,5.744479495268139,1000000.0,8.0,1.0,317.0,0.0,317000000.0,1.0,2.0
2338,5.476340694006309,1000000.0,8.0,1.0,317.0,0.0,317000000.0,1.0,2.0
2339,5.476340694006309,1000000.0,8.0,1.0,317.0,0.0,317000000.0,1.0,2.0
2340,5.5,1000000.0,8.0,1.0,320.0,0.0,320000000.0,1.0,2.0
2341,5.515527950310559,1000000.0,8.0,1.0,322.0,0.0,322000000.0,1.0,2.0
2342,5.5125,1000000.0,8.0,1.0,320.0,0.0,320000000.0,1.0,2.0
2343,5.4875,1000000.0,8.0,1.0,320.0,0.0,320000000.0,1.0,2.0
2344,5.464968152866242,1000000.0,8.0,1.0,314.0,0.0,314000000.0,1.0,2.0
2345,5.484276729559748,1000000.0,8.0,1.0,318.0,0.0,318000000.0,1.0,2.0
2346,5.4953271028037385,1000000.0,8.0,1.0,321.0,0.0,321000000.0,1.0,2.0
2347,5.492163009404389,1000000.0,8.0,1.0,319.0,0.0,319000000.0,1.0,2.0
2348,5.49685534591195,1000000.0,8.0,1.0,318.0,0.0,318000000.0,1.0,2.0
2349,5.555205047318612,1000000.0,9.0,1.0,317.0,0.0,317000000.0,1.0,2.0
2350,5.527950310559007,1000000.0,8.0,1.0,322.0,0.0,322000000.0,1.0,2.0
2351,5.515527950310559,1000000.0,8.0,1.0,322.0,0.0,322000000.0,1.0,2.0
2352,5.5,1000000.0,8.0,1.0,320.0,0.0,320000000.0,1.0,2.0
2353,5.484276729559748,1000000.0,8.0,1.0,318.0,0.0,318000000.0,1.0,2.0
2354,5.4953271028037385,1000000.0,8.0,1.0,321.0,0.0,321000000.0,1.0,2.0
2355,5.49685534591195,1000000.0,8.0,1.0,318.0,0.0,318000000.0,1.0,2.0
2356,5.503105590062112,1000000.0,8.0,1.0,322.0,0.0,322000000.0,1.0,2.0
2357,5.488958990536277,1000000.0,8.0,1.0,317.0,0.0,317000000.0,1.0,2.0
2358,5.4875,1000000.0,8.0,1.0,320.0,0.0,320000000.0,1.0,2.0
2359,5.509433962264151,1000000.0,10.0,1.0,318.0,0.0,318000000.0,1.0,2.0
2360,5.518518518518518,1000000.0,8.0,1.0,324.0,0.0,324000000.0,1.0,2.0
2361,5.515527950310559,1000000.0,8.0,1.0,322.0,0.0,322000000.0,1.0,2.0
2362,5.481012658227848,1000000.0,8.0,1.0,316.0,0.0,316000000.0,1.0,2.0
2363,5.692789968652038,1000000.0,9.0,1.0,319.0,0.0,319000000.0,1.0,2.0
2364,5.680124223602484,1000000.0,9.0,1.0,322.0,0.0,322000000.0,1.0,2.0
2365,5.598130841121495,1000000.0,9.0,1.0,321.0,0.0,321000000.0,1.0,2.0
2366,5.5125,1000000.0,8.0,1.0,320.0,0.0,320000000.0,1.0,2.0
2367,5.476340694006309,1000000.0,8.0,1.0,317.0,0.0,317000000.0,1.0,2.0
2368,5.5,1000000.0,8.0,1.0,320.0,0.0,320000000.0,1.0,2.0
2369,5.484276729559748,1000000.0,8.0,1.0,318.0,0.0,318000000.0,1.0,2.0
2370,5.768025078369906,1000000.0,8.0,1.0,319.0,0.0,319000000.0,1.0,2.0
2371,5.900621118012422,1000000.0,8.0,1.0,322.0,0.0,322000000.0,1.0,2.0
2372,5.476340694006309,1000000.0,8.0,1.0,317.0,0.0,317000000.0,1.0,2.0
2373,5.456869009584665,1000000.0,8.0,1.0,313.0,0.0,313000000.0,1.0,2.0
2374,5.7368421052631575,1000000.0,8.0,1.0,323.0,0.0,323000000.0,1.0,2.0
2375,5.507788161993769,1000000.0,8.0,1.0,321.0,0.0,321000000.0,1.0,2.0
2376,5.538461538461538,1000000.0,8.0,1.0,325.0,0.0,325000000.0,1.0,2.0
2377,5.520249221183801,1000000.0,8.0,1.0,321.0,0.0,321000000.0,1.0,2.0
2378,5.596214511041009,1000000.0,8.0,1.0,317.0,0.0,317000000.0,1.0,2.0
2379,5.584905660377358,1000000.0,8.0,1.0,318.0,0.0,318000000.0,1.0,2.0
2380,7.308176100628931,1000000.0,8.0,1.0,318.0,0.0,318000000.0,1.0,2.0
2381,6.838509316770186,1000000.0,8.0,1.0,322.0,0.0,322000000.0,1.0,2.0
2382,5.507788161993769,1000000.0,8.0,1.0,321.0,0.0,321000000.0,1.0,2.0
2383,5.484276729559748,1000000.0,8.0,1.0,318.0,0.0,318000000.0,1.0,2.0
2384,5.47962382445141,1000000.0,8.0,1.0,319.0,0.0,319000000.0,1.0,2.0
2385,5.517241379310345,1000000.0,8.0,1.0,319.0,0.0,319000000.0,1.0,2.0
2386,5.530864197530864,1000000.0,8.0,1.0,324.0,0.0,324000000.0,1.0,2.0
2387,5.4875,1000000.0,8.0,1.0,320.0,0.0,320000000.0,1.0,2.0
2388,5.488958990536277,1000000.0,8.0,1.0,317.0,0.0,317000000.0,1.0,2.0
2389,5.471698113207547,1000000.0,8.0,1.0,318.0,0.0,318000000.0,1.0,2.0
2390,5.484276729559748,1000000.0,8.0,1.0,318.0,0.0,318000000.0,1.0,2.0
2391,5.520249221183801,1000000.0,8.0,1.0,321.0,0.0,321000000.0,1.0,2.0
2392,5.4875,1000000.0,8.0,1.0,320.0,0.0,320000000.0,1.0,2.0
2393,5.484276729559748,1000000.0,8.0,1.0,318.0,0.0,318000000.0,1.0,2.0
2394,5.473015873015873,1000000.0,8.0,1.0,315.0,0.0,315000000.0,1.0,2.0
2395,5.4875,1000000.0,8.0,1.0,320.0,0.0,320000000.0,1.0,2.0
2396,5.840490797546012,1000000.0,8.0,1.0,326.0,0.0,326000000.0,1.0,2.0
2397,6.492211838006231,1000000.0,8.0,1.0,321.0,0.0,321000000.0,1.0,2.0
2398,6.492211838006231,1000000.0,8.0,1.0,321.0,0.0,321000000.0,1.0,2.0
2399,6.778816199376947,1000000.0,11.0,1.0,321.0,0.0,321000000.0,1.0,2.0
2400,6.53015873015873,1000000.0,9.0,1.0,315.0,0.0,315000000.0,1.0,2.0
2401,6.5,1000000.0,8.0,1.0,320.0,0.0,320000000.0,1.0,2.0
2402,7.40566037735849,1000000.0,11.0,1.0,318.0,0.0,318000000.0,1.0,2.0
2403,6.4984227129337535,1000000.0,8.0,1.0,317.0,0.0,317000000.0,1.0,2.0
2404,6.5,1000000.0,8.0,1.0,320.0,0.0,320000000.0,1.0,2.0
2405,6.515723270440252,1000000.0,8.0,1.0,318.0,0.0,318000000.0,1.0,2.0
2406,6.526984126984127,1000000.0,8.0,1.0,315.0,0.0,315000000.0,1.0,2.0
2407,6.481481481481482,1000000.0,8.0,1.0,324.0,0.0,324000000.0,1.0,2.0
2408,6.531645569620253,1000000.0,8.0,1.0,316.0,0.0,316000000.0,1.0,2.0
2409,6.507836990595611,1000000.0,8.0,1.0,319.0,0.0,319000000.0,1.0,2.0
2410,6.476780185758514,1000000.0,8.0,1.0,323.0,0.0,323000000.0,1.0,2.0
2411,6.534375,1000000.0,8.0,1.0,320.0,0.0,320000000.0,1.0,2.0
2412,6.892744479495268,1000000.0,8.0,1.0,317.0,0.0,317000000.0,1.0,2.0
2413,6.712933753943218,1000000.0,8.0,1.0,317.0,0.0,317000000.0,1.0,2.0
2414,6.515723270440252,1000000.0,8.0,1.0,318.0,0.0,318000000.0,1.0,2.0
2415,6.5,1000000.0,8.0,1.0,322.0,0.0,322000000.0,1.0,3.0
2416,6.484472049689441,1000000.0,8.0,1.0,322.0,0.0,322000000.0,1.0,2.0
2417,6.495297805642633,1000000.0,8.0,1.0,319.0,0.0,319000000.0,1.0,2.0
2418,6.492211838006231,1000000.0,8.0,1.0,321.0,0.0,321000000.0,1.0,2.0
2419,6.5,1000000.0,8.0,1.0,320.0,0.0,320000000.0,1.0,2.0
2420,6.507836990595611,1000000.0,8.0,1.0,319.0,0.0,319000000.0,1.0,2.0
2421,6.52037617554859,1000000.0,8.0,1.0,319.0,0.0,319000000.0,1.0,2.0
2422,6.518987341772152,1000000.0,8.0,1.0,316.0,0.0,316000000.0,1.0,2.0
2423,6.525,1000000.0,8.0,1.0,320.0,0.0,320000000.0,1.0,2.0
2424,6.515625,1000000.0,8.0,1.0,320.0,0.0,320000000.0,1.0,2.0
2425,6.636363636363637,1000000.0,8.0,1.0,319.0,0.0,319000000.0,1.0,2.0
2426,6.865625,1000000.0,8.0,1.0,320.0,0.0,320000000.0,1.0,2.0
2427,6.704968944099379,1000000.0,8.0,1.0,322.0,0.0,322000000.0,1.0,2.0
2428,6.523659305993691,1000000.0,8.0,1.0,317.0,0.0,317000000.0,1.0,2.0
2429,6.526984126984127,1000000.0,8.0,1.0,315.0,0.0,315000000.0,1.0,2.0
2430,6.789968652037618,1000000.0,8.0,1.0,319.0,0.0,319000000.0,1.0,2.0
2431,6.7368421052631575,1000000.0,8.0,1.0,323.0,0.0,323000000.0,1.0,2.0
2432,6.496894409937888,1000000.0,8.0,1.0,322.0,0.0,322000000.0,1.0,2.0
2433,6.138801261829653,1000000.0,8.0,1.0,317.0,0.0,317000000.0,1.0,2.0
2434,5.47962382445141,1000000.0,8.0,1.0,319.0,0.0,319000000.0,1.0,2.0
2435,5.60377358490566,1000000.0,10.0,1.0,318.0,0.0,318000000.0,1.0,2.0
2436,5.813664596273292,1000000.0,11.0,1.0,322.0,0.0,322000000.0,1.0,2.0
2437,5.523219814241486,1000000.0,8.0,1.0,323.0,0.0,323000000.0,1.0,2.0
2438,5.473015873015873,1000000.0,8.0,1.0,315.0,0.0,315000000.0,1.0,2.0
2439,5.476340694006309,1000000.0,8.0,1.0,317.0,0.0,317000000.0,1.0,2.0
2440,5.492163009404389,1000000.0,8.0,1.0,319.0,0.0,319000000.0,1.0,2.0
2441,5.526153846153846,1000000.0,8.0,1.0,325.0,0.0,325000000.0,1.0,2.0
2442,5.507788161993769,1000000.0,8.0,1.0,321.0,0.0,321000000.0,1.0,2.0
2443,5.51875,1000000.0,10.0,1.0,320.0,0.0,320000000.0,1.0,3.0
2444,5.484276729559748,1000000.0,8.0,1.0,318.0,0.0,318000000.0,1.0,2.0
2445,5.504702194357367,1000000.0,8.0,1.0,319.0,0.0,319000000.0,1.0,2.0
2446,5.5125,1000000.0,8.0,1.0,320.0,0.0,320000000.0,1.0,2.0
2447,5.660436137071651,1000000.0,9.0,1.0,321.0,0.0,321000000.0,1.0,2.0
2448,5.487421383647798,1000000.0,9.0,1.0,318.0,0.0,318000000.0,1.0,3.0
2449,5.7594936708860756,1000000.0,8.0,1.0,316.0,0.0,316000000.0,1.0,2.0
2450,6.614906832298137,1000000.0,11.0,1.0,322.0,0.0,322000000.0,1.0,2.0
2451,6.4875,1000000.0,8.0,1.0,320.0,0.0,320000000.0,1.0,2.0
2452,6.515723270440252,1000000.0,8.0,1.0,318.0,0.0,318000000.0,1.0,2.0
2453,7.080996884735202,1000000.0,9.0,1.0,321.0,0.0,321000000.0,1.0,2.0
2454,6.698412698412699,1000000.0,9.0,1.0,315.0,0.0,315000000.0,1.0,2.0
2455,6.50625,1000000.0,10.0,1.0,320.0,0.0,320000000.0,1.0,3.0
2456,6.484472049689441,1000000.0,8.0,1.0,322.0,0.0,322000000.0,1.0,2.0
2457,6.484472049689441,1000000.0,8.0,1.0,322.0,0.0,322000000.0,1.0,2.0
2458,6.639498432601881,1000000.0,8.0,1.0,319.0,0.0,319000000.0,1.0,2.0
2459,6.5362776025236595,1000000.0,8.0,1.0,317.0,0.0,317000000.0,1.0,2.0
2460,6.511041009463723,1000000.0,8.0,1.0,317.0,0.0,317000000.0,1.0,2.0
2461,6.5046728971962615,1000000.0,8.0,1.0,321.0,0.0,321000000.0,1.0,2.0
2462,6.484472049689441,1000000.0,8.0,1.0,322.0,0.0,322000000.0,1.0,2.0
2463,6.526984126984127,1000000.0,8.0,1.0,315.0,0.0,315000000.0,1.0,2.0
2464,6.644859813084112,1000000.0,8.0,1.0,321.0,0.0,321000000.0,1.0,2.0
2465,6.5109717868338555,1000000.0,8.0,1.0,319.0,0.0,319000000.0,1.0,3.0
2466,6.50314465408805,1000000.0,8.0,1.0,318.0,0.0,318000000.0,1.0,2.0
2467,6.496894409937888,1000000.0,8.0,1.0,322.0,0.0,322000000.0,1.0,2.0
2468,6.5,1000000.0,8.0,1.0,320.0,0.0,320000000.0,1.0,2.0
2469,6.526984126984127,1000000.0,8.0,1.0,315.0,0.0,315000000.0,1.0,2.0
2470,6.5678233438485805,1000000.0,8.0,1.0,317.0,0.0,317000000.0,1.0,2.0
2471,6.492211838006231,1000000.0,8.0,1.0,321.0,0.0,321000000.0,1.0,2.0
2472,6.492211838006231,1000000.0,8.0,1.0,321.0,0.0,321000000.0,1.0,2.0
2473,6.496894409937888,1000000.0,8.0,1.0,322.0,0.0,322000000.0,1.0,2.0
2474,6.507836990595611,1000000.0,8.0,1.0,319.0,0.0,319000000.0,1.0,2.0
2475,6.552380952380952,1000000.0,8.0,1.0,315.0,0.0,315000000.0,1.0,2.0
2476,5.584905660377358,1000000.0,8.0,1.0,318.0,0.0,318000000.0,1.0,2.0
2477,5.517241379310345,1000000.0,8.0,1.0,319.0,0.0,319000000.0,1.0,2.0
2478,5.47962382445141,1000000.0,8.0,1.0,319.0,0.0,319000000.0,1.0,2.0
2479,5.484276729559748,1000000.0,8.0,1.0,318.0,0.0,318000000.0,1.0,2.0
2480,5.49685534591195,1000000.0,8.0,1.0,318.0,0.0,318000000.0,1.0,2.0
2481,5.510835913312693,1000000.0,8.0,1.0,323.0,0.0,323000000.0,1.0,2.0
2482,5.504702194357367,1000000.0,8.0,1.0,319.0,0.0,319000000.0,1.0,2.0
2483,5.468354430379747,1000000.0,8.0,1.0,316.0,0.0,316000000.0,1.0,2.0
2484,5.503105590062112,1000000.0,8.0,1.0,322.0,0.0,322000000.0,1.0,2.0
2485,5.473015873015873,1000000.0,8.0,1.0,315.0,0.0,315000000.0,1.0,2.0
2486,5.515527950310559,1000000.0,8.0,1.0,322.0,0.0,322000000.0,1.0,2.0
2487,5.981308411214953,1000000.0,8.0,1.0,321.0,0.0,321000000.0,1.0,2.0
2488,6.484472049689441,1000000.0,8.0,1.0,322.0,0.0,322000000.0,1.0,2.0
2489,5.665615141955836,1000000.0,8.0,1.0,317.0,0.0,317000000.0,1.0,2.0
2490,5.5,1000000.0,8.0,1.0,320.0,0.0,320000000.0,1.0,2.0
2491,6.065217391304348,1000000.0,11.0,1.0,322.0,0.0,322000000.0,1.0,2.0
2492,5.507788161993769,1000000.0,8.0,1.0,321.0,0.0,321000000.0,1.0,2.0
2493,5.484276729559748,1000000.0,8.0,1.0,318.0,0.0,318000000.0,1.0,2.0
2494,5.484276729559748,1000000.0,8.0,1.0,318.0,0.0,318000000.0,1.0,2.0
2495,5.5,1000000.0,8.0,1.0,320.0,0.0,320000000.0,1.0,2.0
2496,5.515527950310559,1000000.0,8.0,1.0,322.0,0.0,322000000.0,1.0,2.0
2497,5.520249221183801,1000000.0,8.0,1.0,321.0,0.0,321000000.0,1.0,2.0
2498,5.507788161993769,1000000.0,8.0,1.0,321.0,0.0,321000000.0,1.0,2.0
2499,5.515527950310559,1000000.0,8.0,1.0,322.0,0.0,322000000.0,1.0,2.0
2500,5.4875,1000000.0,8.0,1.0,320.0,0.0,320000000.0,1.0,2.0
2501,6.113924050632911,1000000.0,10.0,1.0,316.0,0.0,316000000.0,1.0,2.0
2502,5.6125,1000000.0,10.0,1.0,320.0,0.0,320000000.0,1.0,2.0
2503,5.603715170278638,1000000.0,10.0,1.0,323.0,0.0,323000000.0,1.0,2.0
2504,5.510835913312693,1000000.0,8.0,1.0,323.0,0.0,323000000.0,1.0,2.0
2505,5.464968152866242,1000000.0,8.0,1.0,314.0,0.0,314000000.0,1.0,2.0
2506,5.484276729559748,1000000.0,8.0,1.0,318.0,0.0,318000000.0,1.0,2.0
2507,5.5,1000000.0,8.0,1.0,320.0,0.0,320000000.0,1.0,2.0
2508,5.507788161993769,1000000.0,8.0,1.0,321.0,0.0,321000000.0,1.0,2.0
2509,5.484276729559748,1000000.0,8.0,1.0,318.0,0.0,318000000.0,1.0,2.0
2510,5.4875,1000000.0,8.0,1.0,320.0,0.0,320000000.0,1.0,2.0
2511,5.477707006369426,1000000.0,8.0,1.0,314.0,0.0,314000000.0,1.0,2.0
2512,6.040498442367602,1000000.0,8.0,1.0,321.0,0.0,321000000.0,1.0,2.0
2513,5.515527950310559,1000000.0,8.0,1.0,322.0,0.0,322000000.0,1.0,2.0
2514,5.476340694006309,1000000.0,8.0,1.0,317.0,0.0,317000000.0,1.0,2.0
2515,5.484276729559748,1000000.0,8.0,1.0,318.0,0.0,318000000.0,1.0,2.0
2516,5.481012658227848,1000000.0,8.0,1.0,316.0,0.0,316000000.0,1.0,2.0
2517,5.507788161993769,1000000.0,8.0,1.0,321.0,0.0,321000000.0,1.0,2.0
2518,5.507788161993769,1000000.0,8.0,1.0,321.0,0.0,321000000.0,1.0,2.0
2519,5.476340694006309,1000000.0,8.0,1.0,317.0,0.0,317000000.0,1.0,2.0
2520,5.488958990536277,1000000.0,8.0,1.0,317.0,0.0,317000000.0,1.0,2.0
2521,5.484276729559748,1000000.0,8.0,1.0,318.0,0.0,318000000.0,1.0,2.0
2522,5.523219814241486,1000000.0,8.0,1.0,323.0,0.0,323000000.0,1.0,2.0
2523,5.47962382445141,1000000.0,8.0,1.0,319.0,0.0,319000000.0,1.0,2.0
2524,5.492163009404389,1000000.0,8.0,1.0,319.0,0.0,319000000.0,1.0,2.0
2525,5.476340694006309,1000000.0,8.0,1.0,317.0,0.0,317000000.0,1.0,2.0
2526,6.229559748427673,1000000.0,8.0,1.0,318.0,0.0,318000000.0,1.0,2.0
2527,5.510835913312693,1000000.0,8.0,1.0,323.0,0.0,323000000.0,1.0,2.0
2528,5.5,1000000.0,8.0,1.0,320.0,0.0,320000000.0,1.0,2.0
2529,5.62776025236593,1000000.0,9.0,1.0,317.0,0.0,317000000.0,1.0,2.0
2530,5.751572327044025,1000000.0,11.0,1.0,318.0,0.0,318000000.0,1.0,2.0
2531,5.507788161993769,1000000.0,8.0,1.0,321.0,0.0,321000000.0,1.0,2.0
2532,5.507788161993769,1000000.0,8.0,1.0,321.0,0.0,321000000.0,1.0,2.0
2533,5.476340694006309,1000000.0,8.0,1.0,317.0,0.0,317000000.0,1.0,2.0
2534,5.492163009404389,1000000.0,8.0,1.0,319.0,0.0,319000000.0,1.0,2.0
2535,5.5,1000000.0,8.0,1.0,320.0,0.0,320000000.0,1.0,2.0
2536,5.5,1000000.0,8.0,1.0,320.0,0.0,320000000.0,1.0,2.0
2537,5.507788161993769,1000000.0,8.0,1.0,321.0,0.0,321000000.0,1.0,2.0
2538,5.476340694006309,1000000.0,8.0,1.0,317.0,0.0,317000000.0,1.0,2.0
2539,5.476340694006309,1000000.0,8.0,1.0,317.0,0.0,317000000.0,1.0,2.0
2540,5.515527950310559,1000000.0,8.0,1.0,322.0,0.0,322000000.0,1.0,2.0
2541,5.492163009404389,1000000.0,8.0,1.0,319.0,0.0,319000000.0,1.0,2.0
2542,5.492163009404389,1000000.0,8.0,1.0,319.0,0.0,319000000.0,1.0,2.0
2543,5.49685534591195,1000000.0,8.0,1.0,318.0,0.0,318000000.0,1.0,2.0
2544,5.592592592592593,1000000.0,9.0,1.0,324.0,0.0,324000000.0,1.0,2.0
2545,5.5125,1000000.0,8.0,1.0,320.0,0.0,320000000.0,1.0,2.0
2546,5.533950617283951,1000000.0,9.0,1.0,324.0,0.0,324000000.0,1.0,3.0
2547,5.5,1000000.0,8.0,1.0,320.0,0.0,320000000.0,1.0,2.0
2548,5.452229299363057,1000000.0,8.0,1.0,314.0,0.0,314000000.0,1.0,2.0
2549,5.556603773584905,1000000.0,9.0,1.0,318.0,0.0,318000000.0,1.0,2.0
2550,5.571875,1000000.0,9.0,1.0,320.0,0.0,320000000.0,1.0,2.0
2551,5.615141955835962,1000000.0,8.0,1.0,317.0,0.0,317000000.0,1.0,2.0
2552,5.484276729559748,1000000.0,8.0,1.0,318.0,0.0,318000000.0,1.0,2.0
2553,5.492163009404389,1000000.0,8.0,1.0,319.0,0.0,319000000.0,1.0,2.0
2554,5.934782608695652,1000000.0,8.0,1.0,322.0,0.0,322000000.0,1.0,2.0
2555,5.504702194357367,1000000.0,8.0,1.0,319.0,0.0,319000000.0,1.0,2.0
2556,5.49685534591195,1000000.0,8.0,1.0,318.0,0.0,318000000.0,1.0,2.0
2557,5.4637223974763405,1000000.0,8.0,1.0,317.0,0.0,317000000.0,1.0,2.0
2558,5.49375,1000000.0,8.0,1.0,320.0,0.0,320000000.0,1.0,3.0
2559,6.350769230769231,1000000.0,8.0,1.0,325.0,0.0,325000000.0,1.0,2.0
2560,6.3238095238095235,1000000.0,8.0,1.0,315.0,0.0,315000000.0,1.0,2.0
2561,5.521739130434782,1000000.0,8.0,1.0,322.0,0.0,322000000.0,1.0,2.0
2562,5.4603174603174605,1000000.0,8.0,1.0,315.0,0.0,315000000.0,1.0,2.0
2563,5.5,1000000.0,8.0,1.0,320.0,0.0,320000000.0,1.0,2.0
2564,5.520249221183801,1000000.0,8.0,1.0,321.0,0.0,321000000.0,1.0,2.0
2565,5.4603174603174605,1000000.0,8.0,1.0,315.0,0.0,315000000.0,1.0,2.0
2566,5.484276729559748,1000000.0,8.0,1.0,318.0,0.0,318000000.0,1.0,2.0
2567,5.484276729559748,1000000.0,8.0,1.0,318.0,0.0,318000000.0,1.0,2.0
2568,5.507788161993769,1000000.0,8.0,1.0,321.0,0.0,321000000.0,1.0,2.0
2569,5.5,1000000.0,8.0,1.0,320.0,0.0,320000000.0,1.0,2.0
2570,5.517241379310345,1000000.0,8.0,1.0,319.0,0.0,319000000.0,1.0,2.0
2571,5.510835913312693,1000000.0,8.0,1.0,323.0,0.0,323000000.0,1.0,2.0
2572,5.476340694006309,1000000.0,8.0,1.0,317.0,0.0,317000000.0,1.0,2.0
2573,5.476340694006309,1000000.0,8.0,1.0,317.0,0.0,317000000.0,1.0,2.0
2574,5.492163009404389,1000000.0,8.0,1.0,319.0,0.0,319000000.0,1.0,2.0
2575,5.5,1000000.0,8.0,1.0,320.0,0.0,320000000.0,1.0,2.0
2576,5.49685534591195,1000000.0,8.0,1.0,318.0,0.0,318000000.0,1.0,2.0
2577,5.82018927444795,1000000.0,10.0,1.0,317.0,0.0,317000000.0,1.0,2.0
2578,5.514018691588785,1000000.0,9.0,1.0,321.0,0.0,321000000.0,1.0,2.0
2579,5.596923076923077,1000000.0,9.0,1.0,325.0,0.0,325000000.0,1.0,2.0
2580,5.530864197530864,1000000.0,8.0,1.0,324.0,0.0,324000000.0,1.0,2.0
2581,5.558359621451104,1000000.0,9.0,1.0,317.0,0.0,317000000.0,1.0,2.0
2582,5.49685534591195,1000000.0,8.0,1.0,318.0,0.0,318000000.0,1.0,2.0
2583,5.6521739130434785,1000000.0,8.0,1.0,322.0,0.0,322000000.0,1.0,2.0
2584,6.469135802469136,1000000.0,8.0,1.0,324.0,0.0,324000000.0,1.0,2.0
2585,6.4984227129337535,1000000.0,8.0,1.0,317.0,0.0,317000000.0,1.0,2.0
2586,7.43125,1000000.0,10.0,1.0,320.0,0.0,320000000.0,1.0,2.0
2587,6.788643533123029,1000000.0,10.0,1.0,317.0,0.0,317000000.0,1.0,2.0
2588,6.492211838006231,1000000.0,8.0,1.0,321.0,0.0,321000000.0,1.0,2.0
2589,6.5,1000000.0,8.0,1.0,320.0,0.0,320000000.0,1.0,2.0
2590,6.62776025236593,1000000.0,9.0,1.0,317.0,0.0,317000000.0,1.0,2.0
2591,6.531645569620253,1000000.0,8.0,1.0,316.0,0.0,316000000.0,1.0,2.0
2592,6.492211838006231,1000000.0,8.0,1.0,321.0,0.0,321000000.0,1.0,2.0
2593,6.484472049689441,1000000.0,8.0,1.0,322.0,0.0,322000000.0,1.0,2.0
2594,6.495297805642633,1000000.0,8.0,1.0,319.0,0.0,319000000.0,1.0,2.0
2595,6.52037617554859,1000000.0,8.0,1.0,319.0,0.0,319000000.0,1.0,2.0
2596,6.476780185758514,1000000.0,8.0,1.0,323.0,0.0,323000000.0,1.0,2.0
2597,6.484472049689441,1000000.0,8.0,1.0,322.0,0.0,322000000.0,1.0,2.0
2598,6.531645569620253,1000000.0,8.0,1.0,316.0,0.0,316000000.0,1.0,2.0
2599,6.479750778816199,1000000.0,8.0,1.0,321.0,0.0,321000000.0,1.0,2.0
2600,6.489164086687307,1000000.0,8.0,1.0,323.0,0.0,323000000.0,1.0,2.0
2601,6.484472049689441,1000000.0,8.0,1.0,322.0,0.0,322000000.0,1.0,2.0
2602,6.554517133956386,1000000.0,8.0,1.0,321.0,0.0,321000000.0,1.0,2.0
2603,6.511041009463723,1000000.0,8.0,1.0,317.0,0.0,317000000.0,1.0,2.0
2604,6.55,1000000.0,8.0,1.0,320.0,0.0,320000000.0,1.0,2.0
2605,6.484472049689441,1000000.0,8.0,1.0,322.0,0.0,322000000.0,1.0,2.0
2606,6.52037617554859,1000000.0,8.0,1.0,319.0,0.0,319000000.0,1.0,2.0
2607,6.617554858934169,1000000.0,8.0,1.0,319.0,0.0,319000000.0,1.0,2.0
2608,6.697819314641745,1000000.0,8.0,1.0,321.0,0.0,321000000.0,1.0,2.0
2609,6.520249221183801,1000000.0,8.0,1.0,321.0,0.0,321000000.0,1.0,2.0
2610,6.523659305993691,1000000.0,8.0,1.0,317.0,0.0,317000000.0,1.0,2.0
2611,6.5125,1000000.0,8.0,1.0,320.0,0.0,320000000.0,1.0,2.0
2612,6.523659305993691,1000000.0,8.0,1.0,317.0,0.0,317000000.0,1.0,2.0
2613,6.484472049689441,1000000.0,8.0,1.0,322.0,0.0,322000000.0,1.0,2.0
2614,6.503125,1000000.0,8.0,1.0,320.0,0.0,320000000.0,1.0,3.0
2615,6.507836990595611,1000000.0,8.0,1.0,319.0,0.0,319000000.0,1.0,2.0
2616,6.515723270440252,1000000.0,8.0,1.0,318.0,0.0,318000000.0,1.0,2.0
2617,6.507836990595611,1000000.0,8.0,1.0,319.0,0.0,319000000.0,1.0,2.0
2618,6.564102564102564,1000000.0,8.0,1.0,312.0,0.0,312000000.0,1.0,2.0
2619,6.476780185758514,1000000.0,8.0,1.0,323.0,0.0,323000000.0,1.0,2.0
2620,6.962616822429907,1000000.0,9.0,1.0,321.0,0.0,321000000.0,1.0,2.0
2621,6.535031847133758,1000000.0,8.0,1.0,314.0,0.0,314000000.0,1.0,2.0
2622,6.5125,1000000.0,8.0,1.0,320.0,0.0,320000000.0,1.0,2.0
2623,6.515723270440252,1000000.0,8.0,1.0,318.0,0.0,318000000.0,1.0,2.0
2624,6.479750778816199,1000000.0,8.0,1.0,321.0,0.0,321000000.0,1.0,2.0
2625,6.5362776025236595,1000000.0,8.0,1.0,317.0,0.0,317000000.0,1.0,2.0
2626,6.511041009463723,1000000.0,8.0,1.0,317.0,0.0,317000000.0,1.0,2.0
2627,6.685714285714286,1000000.0,8.0,1.0,315.0,0.0,315000000.0,1.0,2.0
2628,6.7708978328173375,1000000.0,8.0,1.0,323.0,0.0,323000000.0,1.0,2.0
2629,6.461538461538462,1000000.0,8.0,1.0,325.0,0.0,325000000.0,1.0,2.0
2630,6.523659305993691,1000000.0,8.0,1.0,317.0,0.0,317000000.0,1.0,2.0
2631,6.5,1000000.0,8.0,1.0,320.0,0.0,320000000.0,1.0,2.0
2632,6.50314465408805,1000000.0,8.0,1.0,318.0,0.0,318000000.0,1.0,2.0
2633,6.476780185758514,1000000.0,8.0,1.0,323.0,0.0,323000000.0,1.0,2.0
2634,6.484472049689441,1000000.0,8.0,1.0,322.0,0.0,322000000.0,1.0,2.0
2635,6.5,1000000.0,8.0,1.0,320.0,0.0,320000000.0,1.0,2.0
2636,6.515723270440252,1000000.0,8.0,1.0,318.0,0.0,318000000.0,1.0,2.0
2637,6.507836990595611,1000000.0,8.0,1.0,319.0,0.0,319000000.0,1.0,2.0
2638,5.780564263322884,1000000.0,8.0,1.0,319.0,0.0,319000000.0,1.0,2.0
2639,5.515527950310559,1000000.0,8.0,1.0,322.0,0.0,322000000.0,1.0,2.0
2640,5.515527950310559,1000000.0,8.0,1.0,322.0,0.0,322000000.0,1.0,2.0
2641,5.482649842271293,1000000.0,10.0,1.0,317.0,0.0,317000000.0,1.0,3.0
2642,5.492163009404389,1000000.0,8.0,1.0,319.0,0.0,319000000.0,1.0,2.0
2643,5.492163009404389,1000000.0,8.0,1.0,319.0,0.0,319000000.0,1.0,2.0
2644,5.515527950310559,1000000.0,8.0,1.0,322.0,0.0,322000000.0,1.0,2.0
2645,5.49685534591195,1000000.0,8.0,1.0,318.0,0.0,318000000.0,1.0,2.0
2646,5.5125,1000000.0,8.0,1.0,320.0,0.0,320000000.0,1.0,2.0
2647,5.515527950310559,1000000.0,8.0,1.0,322.0,0.0,322000000.0,1.0,2.0
2648,5.5,1000000.0,8.0,1.0,320.0,0.0,320000000.0,1.0,2.0
2649,5.484276729559748,1000000.0,8.0,1.0,318.0,0.0,318000000.0,1.0,2.0
2650,5.5125,1000000.0,8.0,1.0,320.0,0.0,320000000.0,1.0,2.0
2651,5.484276729559748,1000000.0,8.0,1.0,318.0,0.0,318000000.0,1.0,2.0
2652,5.5125,1000000.0,8.0,1.0,320.0,0.0,320000000.0,1.0,2.0
2653,5.893416927899686,1000000.0,8.0,1.0,319.0,0.0,319000000.0,1.0,2.0
2654,6.044164037854889,1000000.0,8.0,1.0,317.0,0.0,317000000.0,1.0,2.0
2655,5.5251572327044025,1000000.0,8.0,1.0,318.0,0.0,318000000.0,1.0,2.0
2656,5.4953271028037385,1000000.0,8.0,1.0,321.0,0.0,321000000.0,1.0,2.0
2657,5.492163009404389,1000000.0,8.0,1.0,319.0,0.0,319000000.0,1.0,2.0
2658,5.622641509433962,1000000.0,8.0,1.0,318.0,0.0,318000000.0,1.0,2.0
2659,5.476340694006309,1000000.0,8.0,1.0,317.0,0.0,317000000.0,1.0,2.0
2660,5.5,1000000.0,8.0,1.0,320.0,0.0,320000000.0,1.0,2.0
2661,5.507788161993769,1000000.0,8.0,1.0,321.0,0.0,321000000.0,1.0,2.0
2662,5.464968152866242,1000000.0,8.0,1.0,314.0,0.0,314000000.0,1.0,2.0
2663,6.485981308411215,1000000.0,8.0,1.0,321.0,0.0,321000000.0,1.0,2.0
2664,5.488958990536277,1000000.0,8.0,1.0,317.0,0.0,317000000.0,1.0,2.0
2665,5.523219814241486,1000000.0,8.0,1.0,323.0,0.0,323000000.0,1.0,2.0
2666,5.504702194357367,1000000.0,8.0,1.0,319.0,0.0,319000000.0,1.0,2.0
2667,5.471698113207547,1000000.0,8.0,1.0,318.0,0.0,318000000.0,1.0,2.0
2668,5.523219814241486,1000000.0,8.0,1.0,323.0,0.0,323000000.0,1.0,2.0
2669,5.541139240506329,1000000.0,9.0,1.0,316.0,0.0,316000000.0,1.0,2.0
2670,5.688271604938271,1000000.0,9.0,1.0,324.0,0.0,324000000.0,1.0,2.0
2671,5.523219814241486,1000000.0,8.0,1.0,323.0,0.0,323000000.0,1.0,2.0
2672,5.476340694006309,1000000.0,8.0,1.0,317.0,0.0,317000000.0,1.0,2.0
2673,5.476340694006309,1000000.0,8.0,1.0,317.0,0.0,317000000.0,1.0,2.0
2674,5.548895899053628,1000000.0,9.0,1.0,317.0,0.0,317000000.0,1.0,2.0
2675,5.56656346749226,1000000.0,9.0,1.0,323.0,0.0,323000000.0,1.0,2.0
2676,5.507788161993769,1000000.0,8.0,1.0,321.0,0.0,321000000.0,1.0,2.0
2677,5.492163009404389,1000000.0,8.0,1.0,319.0,0.0,319000000.0,1.0,2.0
2678,5.544303797468355,1000000.0,10.0,1.0,316.0,0.0,316000000.0,1.0,2.0
2679,5.900928792569659,1000000.0,10.0,1.0,323.0,0.0,323000000.0,1.0,2.0
2680,5.791925465838509,1000000.0,9.0,1.0,322.0,0.0,322000000.0,1.0,2.0
2681,5.793103448275862,1000000.0,9.0,1.0,319.0,0.0,319000000.0,1.0,2.0
2682,5.485714285714286,1000000.0,8.0,1.0,315.0,0.0,315000000.0,1.0,2.0
2683,5.503105590062112,1000000.0,8.0,1.0,322.0,0.0,322000000.0,1.0,2.0
2684,5.605015673981192,1000000.0,9.0,1.0,319.0,0.0,319000000.0,1.0,2.0
2685,5.526315789473684,1000000.0,9.0,1.0,323.0,0.0,323000000.0,1.0,3.0
2686,5.5423197492163006,1000000.0,9.0,1.0,319.0,0.0,319000000.0,1.0,2.0
2687,5.515527950310559,1000000.0,8.0,1.0,322.0,0.0,322000000.0,1.0,2.0
2688,5.5,1000000.0,8.0,1.0,320.0,0.0,320000000.0,1.0,2.0
2689,5.492163009404389,1000000.0,8.0,1.0,319.0,0.0,319000000.0,1.0,2.0
2690,5.484276729559748,1000000.0,8.0,1.0,318.0,0.0,318000000.0,1.0,2.0
2691,5.5,1000000.0,8.0,1.0,320.0,0.0,320000000.0,1.0,2.0
2692,6.049689440993789,1000000.0,8.0,1.0,322.0,0.0,322000000.0,1.0,2.0
2693,5.778125,1000000.0,8.0,1.0,320.0,0.0,320000000.0,1.0,2.0
2694,5.5,1000000.0,8.0,1.0,320.0,0.0,320000000.0,1.0,2.0
2695,5.484276729559748,1000000.0,8.0,1.0,318.0,0.0,318000000.0,1.0,2.0
2696,5.492163009404389,1000000.0,8.0,1.0,319.0,0.0,319000000.0,1.0,2.0
2697,5.5,1000000.0,8.0,1.0,320.0,0.0,320000000.0,1.0,2.0
2698,5.507788161993769,1000000.0,8.0,1.0,321.0,0.0,321000000.0,1.0,2.0
2699,5.484276729559748,1000000.0,8.0,1.0,318.0,0.0,318000000.0,1.0,2.0
2700,5.484276729559748,1000000.0,8.0,1.0,318.0,0.0,318000000.0,1.0,2.0
2701,5.507788161993769,1000000.0,8.0,1.0,321.0,0.0,321000000.0,1.0,2.0
2702,5.507788161993769,1000000.0,8.0,1.0,321.0,0.0,321000000.0,1.0,2.0
2703,5.990625,1000000.0,8.0,1.0,320.0,0.0,320000000.0,1.0,2.0
2704,5.890282131661442,1000000.0,8.0,1.0,319.0,0.0,319000000.0,1.0,2.0
2705,5.484276729559748,1000000.0,8.0,1.0,318.0,0.0,318000000.0,1.0,2.0
2706,5.507788161993769,1000000.0,8.0,1.0,321.0,0.0,321000000.0,1.0,2.0
2707,5.507788161993769,1000000.0,8.0,1.0,321.0,0.0,321000000.0,1.0,2.0
2708,5.523219814241486,1000000.0,8.0,1.0,323.0,0.0,323000000.0,1.0,2.0
2709,5.468354430379747,1000000.0,8.0,1.0,316.0,0.0,316000000.0,1.0,2.0
2710,5.476340694006309,1000000.0,8.0,1.0,317.0,0.0,317000000.0,1.0,2.0
2711,5.484276729559748,1000000.0,8.0,1.0,318.0,0.0,318000000.0,1.0,2.0
2712,5.5,1000000.0,8.0,1.0,320.0,0.0,320000000.0,1.0,2.0
2713,5.5125,1000000.0,8.0,1.0,320.0,0.0,320000000.0,1.0,2.0
2714,5.484276729559748,1000000.0,8.0,1.0,318.0,0.0,318000000.0,1.0,2.0
2715,5.47962382445141,1000000.0,8.0,1.0,319.0,0.0,319000000.0,1.0,2.0
2716,5.520249221183801,1000000.0,8.0,1.0,321.0,0.0,321000000.0,1.0,2.0
2717,5.492163009404389,1000000.0,8.0,1.0,319.0,0.0,319000000.0,1.0,2.0
2718,5.5,1000000.0,8.0,1.0,320.0,0.0,320000000.0,1.0,2.0
2719,5.504702194357367,1000000.0,8.0,1.0,319.0,0.0,319000000.0,1.0,2.0
2720,5.515527950310559,1000000.0,8.0,1.0,322.0,0.0,322000000.0,1.0,2.0
2721,5.476340694006309,1000000.0,8.0,1.0,317.0,0.0,317000000.0,1.0,2.0
2722,5.5,1000000.0,8.0,1.0,320.0,0.0,320000000.0,1.0,2.0
2723,5.49685534591195,1000000.0,8.0,1.0,318.0,0.0,318000000.0,1.0,2.0
2724,5.503105590062112,1000000.0,8.0,1.0,322.0,0.0,322000000.0,1.0,2.0
2725,5.6875,1000000.0,8.0,1.0,320.0,0.0,320000000.0,1.0,2.0
2726,6.543130990415335,1000000.0,8.0,1.0,313.0,0.0,313000000.0,1.0,2.0
2727,6.489164086687307,1000000.0,8.0,1.0,323.0,0.0,323000000.0,1.0,2.0
2728,6.515432098765432,1000000.0,10.0,1.0,324.0,0.0,324000000.0,1.0,2.0
2729,6.632075471698113,1000000.0,10.0,1.0,318.0,0.0,318000000.0,1.0,2.0
2730,6.531645569620253,1000000.0,8.0,1.0,316.0,0.0,316000000.0,1.0,2.0
2731,6.52037617554859,1000000.0,8.0,1.0,319.0,0.0,319000000.0,1.0,2.0
2732,6.495297805642633,1000000.0,8.0,1.0,319.0,0.0,319000000.0,1.0,2.0
2733,6.507836990595611,1000000.0,8.0,1.0,319.0,0.0,319000000.0,1.0,2.0
2734,6.636645962732919,1000000.0,11.0,1.0,322.0,0.0,322000000.0,1.0,2.0
2735,6.535031847133758,1000000.0,8.0,1.0,314.0,0.0,314000000.0,1.0,2.0
2736,5.934169278996865,1000000.0,8.0,1.0,319.0,0.0,319000000.0,1.0,3.0
2737,5.507788161993769,1000000.0,8.0,1.0,321.0,0.0,321000000.0,1.0,2.0
2738,5.515527950310559,1000000.0,8.0,1.0,322.0,0.0,322000000.0,1.0,2.0
2739,5.484276729559748,1000000.0,8.0,1.0,318.0,0.0,318000000.0,1.0,2.0
2740,5.476340694006309,1000000.0,8.0,1.0,317.0,0.0,317000000.0,1.0,2.0
2741,5.5,1000000.0,8.0,1.0,320.0,0.0,320000000.0,1.0,2.0
2742,5.527950310559007,1000000.0,8.0,1.0,322.0,0.0,322000000.0,1.0,2.0
2743,5.4875,1000000.0,8.0,1.0,320.0,0.0,320000000.0,1.0,2.0
2744,6.389937106918239,1000000.0,8.0,1.0,318.0,0.0,318000000.0,1.0,2.0
2745,6.492211838006231,1000000.0,8.0,1.0,321.0,0.0,321000000.0,1.0,2.0
2746,6.1521739130434785,1000000.0,8.0,1.0,322.0,0.0,322000000.0,1.0,2.0
2747,5.487421383647798,1000000.0,8.0,1.0,318.0,0.0,318000000.0,1.0,3.0
2748,5.4875,1000000.0,8.0,1.0,320.0,0.0,320000000.0,1.0,2.0
2749,5.484276729559748,1000000.0,8.0,1.0,318.0,0.0,318000000.0,1.0,2.0
2750,5.530864197530864,1000000.0,8.0,1.0,324.0,0.0,324000000.0,1.0,2.0
2751,5.530864197530864,1000000.0,8.0,1.0,324.0,0.0,324000000.0,1.0,2.0
2752,5.495297805642633,1000000.0,8.0,1.0,319.0,0.0,319000000.0,1.0,3.0
2753,5.912772585669782,1000000.0,8.0,1.0,321.0,0.0,321000000.0,1.0,2.0
2754,5.619631901840491,1000000.0,8.0,1.0,326.0,0.0,326000000.0,1.0,2.0
2755,5.468354430379747,1000000.0,8.0,1.0,316.0,0.0,316000000.0,1.0,2.0
2756,5.507788161993769,1000000.0,8.0,1.0,321.0,0.0,321000000.0,1.0,2.0
2757,5.5,1000000.0,8.0,1.0,320.0,0.0,320000000.0,1.0,2.0
2758,5.481012658227848,1000000.0,8.0,1.0,316.0,0.0,316000000.0,1.0,2.0
2759,5.515527950310559,1000000.0,8.0,1.0,322.0,0.0,322000000.0,1.0,2.0
2760,5.507788161993769,1000000.0,8.0,1.0,321.0,0.0,321000000.0,1.0,2.0
2761,5.49685534591195,1000000.0,8.0,1.0,318.0,0.0,318000000.0,1.0,2.0
2762,5.47962382445141,1000000.0,8.0,1.0,319.0,0.0,319000000.0,1.0,2.0
2763,6.233438485804417,1000000.0,8.0,1.0,317.0,0.0,317000000.0,1.0,2.0
2764,6.479750778816199,1000000.0,8.0,1.0,321.0,0.0,321000000.0,1.0,2.0
2765,6.507836990595611,1000000.0,8.0,1.0,319.0,0.0,319000000.0,1.0,2.0
2766,6.507836990595611,1000000.0,8.0,1.0,319.0,0.0,319000000.0,1.0,2.0
2767,6.539432176656152,1000000.0,9.0,1.0,317.0,0.0,317000000.0,1.0,3.0
2768,6.5396825396825395,1000000.0,8.0,1.0,315.0,0.0,315000000.0,1.0,2.0
2769,6.492211838006231,1000000.0,8.0,1.0,321.0,0.0,321000000.0,1.0,2.0
2770,6.4316109422492405,1000000.0,8.0,1.0,329.0,0.0,329000000.0,1.0,2.0
2771,6.511041009463723,1000000.0,8.0,1.0,317.0,0.0,317000000.0,1.0,2.0
2772,6.5046728971962615,1000000.0,8.0,1.0,321.0,0.0,321000000.0,1.0,2.0
2773,6.25705329153605,1000000.0,8.0,1.0,319.0,0.0,319000000.0,1.0,2.0
2774,5.5125,1000000.0,8.0,1.0,320.0,0.0,320000000.0,1.0,2.0
2775,5.507788161993769,1000000.0,8.0,1.0,321.0,0.0,321000000.0,1.0,2.0
2776,5.5125,1000000.0,8.0,1.0,320.0,0.0,320000000.0,1.0,2.0
2777,5.503105590062112,1000000.0,8.0,1.0,322.0,0.0,322000000.0,1.0,2.0
2778,5.468354430379747,1000000.0,8.0,1.0,316.0,0.0,316000000.0,1.0,2.0
2779,6.636075949367089,1000000.0,11.0,1.0,316.0,0.0,316000000.0,1.0,2.0
2780,7.095975232198143,1000000.0,9.0,1.0,323.0,0.0,323000000.0,1.0,2.0
2781,6.601880877742946,1000000.0,9.0,1.0,319.0,0.0,319000000.0,1.0,2.0
2782,6.511041009463723,1000000.0,8.0,1.0,317.0,0.0,317000000.0,1.0,2.0
2783,6.523659305993691,1000000.0,8.0,1.0,317.0,0.0,317000000.0,1.0,2.0
2784,6.515723270440252,1000000.0,8.0,1.0,318.0,0.0,318000000.0,1.0,2.0
2785,6.5046728971962615,1000000.0,8.0,1.0,321.0,0.0,321000000.0,1.0,2.0
2786,6.45679012345679,1000000.0,8.0,1.0,324.0,0.0,324000000.0,1.0,2.0
2787,6.5,1000000.0,8.0,1.0,320.0,0.0,320000000.0,1.0,2.0
2788,6.496894409937888,1000000.0,8.0,1.0,322.0,0.0,322000000.0,1.0,2.0
2789,6.4875,1000000.0,8.0,1.0,320.0,0.0,320000000.0,1.0,2.0
2790,6.6044303797468356,1000000.0,8.0,1.0,316.0,0.0,316000000.0,1.0,2.0
2791,6.507836990595611,1000000.0,8.0,1.0,319.0,0.0,319000000.0,1.0,2.0
2792,6.495297805642633,1000000.0,8.0,1.0,319.0,0.0,319000000.0,1.0,2.0
2793,6.495297805642633,1000000.0,8.0,1.0,319.0,0.0,319000000.0,1.0,2.0
2794,6.495297805642633,1000000.0,8.0,1.0,319.0,0.0,319000000.0,1.0,2.0
2795,6.5,1000000.0,8.0,1.0,320.0,0.0,320000000.0,1.0,2.0
2796,6.492211838006231,1000000.0,8.0,1.0,321.0,0.0,321000000.0,1.0,2.0
2797,6.534375,1000000.0,8.0,1.0,320.0,0.0,320000000.0,1.0,2.0
2798,6.569182389937107,1000000.0,8.0,1.0,318.0,0.0,318000000.0,1.0,2.0
2799,6.528301886792453,1000000.0,8.0,1.0,318.0,0.0,318000000.0,1.0,2.0
2800,6.523510971786834,1000000.0,8.0,1.0,319.0,0.0,319000000.0,1.0,2.0
2801,6.489164086687307,1000000.0,8.0,1.0,323.0,0.0,323000000.0,1.0,2.0
2802,6.5,1000000.0,8.0,1.0,320.0,0.0,320000000.0,1.0,2.0
2803,6.4875,1000000.0,8.0,1.0,320.0,0.0,320000000.0,1.0,2.0
2804,6.813880126182966,1000000.0,11.0,1.0,317.0,0.0,317000000.0,1.0,2.0
2805,6.523659305993691,1000000.0,8.0,1.0,317.0,0.0,317000000.0,1.0,2.0
2806,6.496894409937888,1000000.0,8.0,1.0,322.0,0.0,322000000.0,1.0,2.0
2807,7.096875,1000000.0,11.0,1.0,320.0,0.0,320000000.0,1.0,2.0
2808,6.496894409937888,1000000.0,8.0,1.0,322.0,0.0,322000000.0,1.0,2.0
2809,6.5,1000000.0,8.0,1.0,320.0,0.0,320000000.0,1.0,2.0
2810,6.526984126984127,1000000.0,8.0,1.0,315.0,0.0,315000000.0,1.0,2.0
2811,6.489164086687307,1000000.0,8.0,1.0,323.0,0.0,323000000.0,1.0,2.0
2812,6.50314465408805,1000000.0,8.0,1.0,318.0,0.0,318000000.0,1.0,2.0
2813,6.5125,1000000.0,8.0,1.0,320.0,0.0,320000000.0,1.0,2.0
2814,6.470219435736677,1000000.0,8.0,1.0,319.0,0.0,319000000.0,1.0,2.0
2815,6.492211838006231,1000000.0,8.0,1.0,321.0,0.0,321000000.0,1.0,2.0
2816,6.52037617554859,1000000.0,8.0,1.0,319.0,0.0,319000000.0,1.0,2.0
2817,6.535031847133758,1000000.0,8.0,1.0,314.0,0.0,314000000.0,1.0,2.0
2818,6.5125,1000000.0,8.0,1.0,320.0,0.0,320000000.0,1.0,2.0
2819,6.507836990595611,1000000.0,8.0,1.0,319.0,0.0,319000000.0,1.0,2.0
2820,6.495297805642633,1000000.0,8.0,1.0,319.0,0.0,319000000.0,1.0,2.0
2821,6.528301886792453,1000000.0,8.0,1.0,318.0,0.0,318000000.0,1.0,2.0
2822,6.5,1000000.0,8.0,1.0,320.0,0.0,320000000.0,1.0,2.0
2823,6.5,1000000.0,8.0,1.0,320.0,0.0,320000000.0,1.0,2.0
2824,6.515723270440252,1000000.0,8.0,1.0,318.0,0.0,318000000.0,1.0,2.0
2825,6.5396825396825395,1000000.0,8.0,1.0,315.0,0.0,315000000.0,1.0,2.0
2826,6.476780185758514,1000000.0,8.0,1.0,323.0,0.0,323000000.0,1.0,2.0
2827,6.50314465408805,1000000.0,8.0,1.0,318.0,0.0,318000000.0,1.0,2.0
2828,6.464396284829721,1000000.0,8.0,1.0,323.0,0.0,323000000.0,1.0,2.0
2829,6.503125,1000000.0,8.0,1.0,320.0,0.0,320000000.0,1.0,3.0
2830,6.721875,1000000.0,8.0,1.0,320.0,0.0,320000000.0,1.0,2.0
2831,6.531645569620253,1000000.0,8.0,1.0,316.0,0.0,316000000.0,1.0,2.0
2832,6.662460567823344,1000000.0,8.0,1.0,317.0,0.0,317000000.0,1.0,2.0
2833,6.484472049689441,1000000.0,8.0,1.0,322.0,0.0,322000000.0,1.0,2.0
2834,6.495297805642633,1000000.0,8.0,1.0,319.0,0.0,319000000.0,1.0,2.0
2835,6.590625,1000000.0,8.0,1.0,320.0,0.0,320000000.0,1.0,2.0
2836,7.62776025236593,1000000.0,8.0,1.0,317.0,0.0,317000000.0,1.0,2.0
2837,6.719135802469136,1000000.0,8.0,1.0,324.0,0.0,324000000.0,1.0,2.0
2838,6.4875,1000000.0,8.0,1.0,320.0,0.0,320000000.0,1.0,2.0
2839,6.515723270440252,1000000.0,8.0,1.0,318.0,0.0,318000000.0,1.0,2.0
2840,6.5,1000000.0,8.0,1.0,320.0,0.0,320000000.0,1.0,2.0
2841,6.531645569620253,1000000.0,8.0,1.0,316.0,0.0,316000000.0,1.0,2.0
2842,6.4875,1000000.0,8.0,1.0,320.0,0.0,320000000.0,1.0,2.0
2843,6.518987341772152,1000000.0,8.0,1.0,316.0,0.0,316000000.0,1.0,2.0
2844,6.476780185758514,1000000.0,8.0,1.0,323.0,0.0,323000000.0,1.0,2.0
2845,6.495297805642633,1000000.0,8.0,1.0,319.0,0.0,319000000.0,1.0,2.0
2846,6.518987341772152,1000000.0,8.0,1.0,316.0,0.0,316000000.0,1.0,2.0
2847,6.531645569620253,1000000.0,8.0,1.0,316.0,0.0,316000000.0,1.0,2.0
2848,6.515723270440252,1000000.0,8.0,1.0,318.0,0.0,318000000.0,1.0,2.0
2849,6.5,1000000.0,8.0,1.0,320.0,0.0,320000000.0,1.0,2.0
2850,6.489164086687307,1000000.0,8.0,1.0,323.0,0.0,323000000.0,1.0,2.0
2851,6.515723270440252,1000000.0,8.0,1.0,318.0,0.0,318000000.0,1.0,2.0
2852,6.50314465408805,1000000.0,8.0,1.0,318.0,0.0,318000000.0,1.0,2.0
2853,7.059375,1000000.0,11.0,1.0,320.0,0.0,320000000.0,1.0,2.0
2854,7.754716981132075,1000000.0,10.0,1.0,318.0,0.0,318000000.0,1.0,2.0
2855,6.770186335403727,1000000.0,11.0,1.0,322.0,0.0,322000000.0,1.0,2.0
2856,6.507836990595611,1000000.0,8.0,1.0,319.0,0.0,319000000.0,1.0,2.0
2857,6.56875,1000000.0,11.0,1.0,320.0,0.0,320000000.0,1.0,2.0
2858,6.968652037617555,1000000.0,11.0,1.0,319.0,0.0,319000000.0,1.0,2.0
2859,6.482758620689655,1000000.0,8.0,1.0,319.0,0.0,319000000.0,1.0,2.0
2860,6.492211838006231,1000000.0,8.0,1.0,321.0,0.0,321000000.0,1.0,2.0
2861,6.65615141955836,1000000.0,10.0,1.0,317.0,0.0,317000000.0,1.0,2.0
2862,6.520249221183801,1000000.0,9.0,1.0,321.0,0.0,321000000.0,1.0,3.0
2863,6.515723270440252,1000000.0,8.0,1.0,318.0,0.0,318000000.0,1.0,2.0
2864,6.50314465408805,1000000.0,8.0,1.0,318.0,0.0,318000000.0,1.0,2.0
2865,6.5046728971962615,1000000.0,8.0,1.0,321.0,0.0,321000000.0,1.0,2.0
2866,6.484472049689441,1000000.0,8.0,1.0,322.0,0.0,322000000.0,1.0,2.0
2867,6.523659305993691,1000000.0,8.0,1.0,317.0,0.0,317000000.0,1.0,2.0
2868,6.518987341772152,1000000.0,8.0,1.0,316.0,0.0,316000000.0,1.0,2.0
2869,6.507836990595611,1000000.0,8.0,1.0,319.0,0.0,319000000.0,1.0,2.0
2870,6.476780185758514,1000000.0,8.0,1.0,323.0,0.0,323000000.0,1.0,2.0
2871,6.5,1000000.0,8.0,1.0,320.0,0.0,320000000.0,1.0,2.0
2872,6.515723270440252,1000000.0,8.0,1.0,318.0,0.0,318000000.0,1.0,2.0
2873,6.138364779874214,1000000.0,8.0,1.0,318.0,0.0,318000000.0,1.0,2.0
2874,5.492163009404389,1000000.0,8.0,1.0,319.0,0.0,319000000.0,1.0,2.0
2875,5.507788161993769,1000000.0,8.0,1.0,321.0,0.0,321000000.0,1.0,2.0
2876,5.530864197530864,1000000.0,8.0,1.0,324.0,0.0,324000000.0,1.0,2.0
2877,5.492163009404389,1000000.0,8.0,1.0,319.0,0.0,319000000.0,1.0,2.0
2878,5.473015873015873,1000000.0,8.0,1.0,315.0,0.0,315000000.0,1.0,2.0
2879,5.5125,1000000.0,8.0,1.0,320.0,0.0,320000000.0,1.0,2.0
2880,5.6984615384615385,1000000.0,8.0,1.0,325.0,0.0,325000000.0,1.0,2.0
2881,5.595679012345679,1000000.0,8.0,1.0,324.0,0.0,324000000.0,1.0,3.0
2882,5.5125,1000000.0,8.0,1.0,320.0,0.0,320000000.0,1.0,2.0
2883,5.510835913312693,1000000.0,8.0,1.0,323.0,0.0,323000000.0,1.0,2.0
2884,5.476340694006309,1000000.0,8.0,1.0,317.0,0.0,317000000.0,1.0,2.0
2885,5.515822784810126,1000000.0,9.0,1.0,316.0,0.0,316000000.0,1.0,2.0
2886,5.570532915360501,1000000.0,9.0,1.0,319.0,0.0,319000000.0,1.0,2.0
2887,5.503105590062112,1000000.0,8.0,1.0,322.0,0.0,322000000.0,1.0,2.0
2888,5.488958990536277,1000000.0,8.0,1.0,317.0,0.0,317000000.0,1.0,2.0
2889,5.47962382445141,1000000.0,8.0,1.0,319.0,0.0,319000000.0,1.0,2.0
2890,5.476340694006309,1000000.0,8.0,1.0,317.0,0.0,317000000.0,1.0,2.0
2891,5.484276729559748,1000000.0,8.0,1.0,318.0,0.0,318000000.0,1.0,2.0
2892,5.527950310559007,1000000.0,8.0,1.0,322.0,0.0,322000000.0,1.0,2.0
2893,5.492163009404389,1000000.0,8.0,1.0,319.0,0.0,319000000.0,1.0,2.0
2894,5.523219814241486,1000000.0,8.0,1.0,323.0,0.0,323000000.0,1.0,2.0
2895,5.484276729559748,1000000.0,8.0,1.0,318.0,0.0,318000000.0,1.0,2.0
2896,5.5,1000000.0,8.0,1.0,320.0,0.0,320000000.0,1.0,2.0
2897,5.481012658227848,1000000.0,8.0,1.0,316.0,0.0,316000000.0,1.0,2.0
2898,5.515527950310559,1000000.0,8.0,1.0,322.0,0.0,322000000.0,1.0,2.0
2899,5.507788161993769,1000000.0,8.0,1.0,321.0,0.0,321000000.0,1.0,2.0
2900,5.515527950310559,1000000.0,8.0,1.0,322.0,0.0,322000000.0,1.0,2.0
2901,5.471698113207547,1000000.0,8.0,1.0,318.0,0.0,318000000.0,1.0,2.0
2902,5.481012658227848,1000000.0,8.0,1.0,316.0,0.0,316000000.0,1.0,2.0
2903,5.5,1000000.0,8.0,1.0,320.0,0.0,320000000.0,1.0,2.0
2904,5.484276729559748,1000000.0,8.0,1.0,318.0,0.0,318000000.0,1.0,2.0
2905,5.540372670807454,1000000.0,9.0,1.0,322.0,0.0,322000000.0,1.0,2.0
2906,5.645061728395062,1000000.0,10.0,1.0,324.0,0.0,324000000.0,1.0,2.0
2907,5.484276729559748,1000000.0,8.0,1.0,318.0,0.0,318000000.0,1.0,2.0
2908,5.5125,1000000.0,8.0,1.0,320.0,0.0,320000000.0,1.0,2.0
2909,5.481012658227848,1000000.0,8.0,1.0,316.0,0.0,316000000.0,1.0,2.0
2910,5.5327102803738315,1000000.0,9.0,1.0,321.0,0.0,321000000.0,1.0,2.0
2911,5.515527950310559,1000000.0,8.0,1.0,322.0,0.0,322000000.0,1.0,2.0
2912,5.49685534591195,1000000.0,8.0,1.0,318.0,0.0,318000000.0,1.0,2.0
2913,5.484276729559748,1000000.0,8.0,1.0,318.0,0.0,318000000.0,1.0,2.0
2914,5.484276729559748,1000000.0,8.0,1.0,318.0,0.0,318000000.0,1.0,2.0
2915,5.510835913312693,1000000.0,8.0,1.0,323.0,0.0,323000000.0,1.0,2.0
2916,5.530864197530864,1000000.0,8.0,1.0,324.0,0.0,324000000.0,1.0,2.0
2917,5.49685534591195,1000000.0,8.0,1.0,318.0,0.0,318000000.0,1.0,2.0
2918,5.561904761904762,1000000.0,8.0,1.0,315.0,0.0,315000000.0,1.0,2.0
2919,6.511041009463723,1000000.0,8.0,1.0,317.0,0.0,317000000.0,1.0,2.0
2920,6.525,1000000.0,8.0,1.0,320.0,0.0,320000000.0,1.0,2.0
2921,6.5,1000000.0,8.0,1.0,320.0,0.0,320000000.0,1.0,2.0
2922,6.244514106583072,1000000.0,8.0,1.0,319.0,0.0,319000000.0,1.0,2.0
2923,5.47962382445141,1000000.0,8.0,1.0,319.0,0.0,319000000.0,1.0,2.0
2924,5.5,1000000.0,8.0,1.0,320.0,0.0,320000000.0,1.0,2.0
2925,5.504702194357367,1000000.0,8.0,1.0,319.0,0.0,319000000.0,1.0,2.0
2926,5.503105590062112,1000000.0,8.0,1.0,322.0,0.0,322000000.0,1.0,2.0
2927,5.484276729559748,1000000.0,8.0,1.0,318.0,0.0,318000000.0,1.0,2.0
2928,5.476340694006309,1000000.0,8.0,1.0,317.0,0.0,317000000.0,1.0,2.0
2929,5.488958990536277,1000000.0,8.0,1.0,317.0,0.0,317000000.0,1.0,2.0
2930,5.515527950310559,1000000.0,8.0,1.0,322.0,0.0,322000000.0,1.0,2.0
2931,5.535603715170279,1000000.0,8.0,1.0,323.0,0.0,323000000.0,1.0,2.0
2932,5.523219814241486,1000000.0,8.0,1.0,323.0,0.0,323000000.0,1.0,2.0
2933,5.4603174603174605,1000000.0,8.0,1.0,315.0,0.0,315000000.0,1.0,2.0
2934,5.504702194357367,1000000.0,8.0,1.0,319.0,0.0,319000000.0,1.0,2.0
2935,5.4953271028037385,1000000.0,8.0,1.0,321.0,0.0,321000000.0,1.0,2.0
2936,5.504702194357367,1000000.0,8.0,1.0,319.0,0.0,319000000.0,1.0,2.0
2937,5.47962382445141,1000000.0,8.0,1.0,319.0,0.0,319000000.0,1.0,2.0
2938,5.484276729559748,1000000.0,8.0,1.0,318.0,0.0,318000000.0,1.0,2.0
2939,5.4603174603174605,1000000.0,8.0,1.0,315.0,0.0,315000000.0,1.0,2.0
2940,5.523219814241486,1000000.0,8.0,1.0,323.0,0.0,323000000.0,1.0,2.0
2941,6.168224299065421,1000000.0,8.0,1.0,321.0,0.0,321000000.0,1.0,2.0
2942,5.49685534591195,1000000.0,8.0,1.0,318.0,0.0,318000000.0,1.0,2.0
2943,5.504702194357367,1000000.0,8.0,1.0,319.0,0.0,319000000.0,1.0,2.0
2944,5.481012658227848,1000000.0,8.0,1.0,316.0,0.0,316000000.0,1.0,2.0
2945,5.515527950310559,1000000.0,8.0,1.0,322.0,0.0,322000000.0,1.0,2.0
2946,5.47962382445141,1000000.0,8.0,1.0,319.0,0.0,319000000.0,1.0,2.0
2947,5.488958990536277,1000000.0,8.0,1.0,317.0,0.0,317000000.0,1.0,2.0
2948,5.49685534591195,1000000.0,8.0,1.0,318.0,0.0,318000000.0,1.0,2.0
2949,5.471698113207547,1000000.0,8.0,1.0,318.0,0.0,318000000.0,1.0,2.0
2950,5.492163009404389,1000000.0,8.0,1.0,319.0,0.0,319000000.0,1.0,2.0
2951,5.492163009404389,1000000.0,8.0,1.0,319.0,0.0,319000000.0,1.0,2.0
2952,6.3197492163009406,1000000.0,8.0,1.0,319.0,0.0,319000000.0,1.0,2.0
2953,6.601880877742946,1000000.0,10.0,1.0,319.0,0.0,319000000.0,1.0,2.0
2954,6.572327044025157,1000000.0,10.0,1.0,318.0,0.0,318000000.0,1.0,2.0
2955,6.526984126984127,1000000.0,8.0,1.0,315.0,0.0,315000000.0,1.0,2.0
2956,6.5,1000000.0,8.0,1.0,320.0,0.0,320000000.0,1.0,2.0
2957,6.492211838006231,1000000.0,8.0,1.0,321.0,0.0,321000000.0,1.0,2.0
2958,6.472049689440993,1000000.0,8.0,1.0,322.0,0.0,322000000.0,1.0,2.0
2959,6.64375,1000000.0,9.0,1.0,320.0,0.0,320000000.0,1.0,2.0
2960,6.522292993630574,1000000.0,8.0,1.0,314.0,0.0,314000000.0,1.0,2.0
2961,6.546623794212219,1000000.0,8.0,1.0,311.0,0.0,311000000.0,1.0,2.0
2962,6.489164086687307,1000000.0,8.0,1.0,323.0,0.0,323000000.0,1.0,2.0
2963,6.490566037735849,1000000.0,8.0,1.0,318.0,0.0,318000000.0,1.0,2.0
2964,6.511041009463723,1000000.0,8.0,1.0,317.0,0.0,317000000.0,1.0,2.0
2965,6.531645569620253,1000000.0,8.0,1.0,316.0,0.0,316000000.0,1.0,2.0
2966,6.5396825396825395,1000000.0,8.0,1.0,315.0,0.0,315000000.0,1.0,2.0
2967,6.5046728971962615,1000000.0,8.0,1.0,321.0,0.0,321000000.0,1.0,2.0
2968,6.495297805642633,1000000.0,8.0,1.0,319.0,0.0,319000000.0,1.0,2.0
2969,6.479750778816199,1000000.0,8.0,1.0,321.0,0.0,321000000.0,1.0,2.0
2970,6.479876160990712,1000000.0,8.0,1.0,323.0,0.0,323000000.0,1.0,3.0
2971,6.5125,1000000.0,8.0,1.0,320.0,0.0,320000000.0,1.0,2.0
2972,6.479750778816199,1000000.0,8.0,1.0,321.0,0.0,321000000.0,1.0,2.0
2973,6.523659305993691,1000000.0,8.0,1.0,317.0,0.0,317000000.0,1.0,2.0
2974,6.5,1000000.0,8.0,1.0,320.0,0.0,320000000.0,1.0,2.0
2975,6.5474683544303796,1000000.0,8.0,1.0,316.0,0.0,316000000.0,1.0,2.0
2976,6.495297805642633,1000000.0,8.0,1.0,319.0,0.0,319000000.0,1.0,2.0
2977,6.5,1000000.0,8.0,1.0,320.0,0.0,320000000.0,1.0,2.0
2978,6.506329113924051,1000000.0,8.0,1.0,316.0,0.0,316000000.0,1.0,2.0
2979,6.55205047318612,1000000.0,8.0,1.0,317.0,0.0,317000000.0,1.0,2.0
2980,6.492211838006231,1000000.0,8.0,1.0,321.0,0.0,321000000.0,1.0,2.0
2981,6.630094043887147,1000000.0,8.0,1.0,319.0,0.0,319000000.0,1.0,2.0
2982,6.739130434782608,1000000.0,8.0,1.0,322.0,0.0,322000000.0,1.0,2.0
2983,6.514285714285714,1000000.0,8.0,1.0,315.0,0.0,315000000.0,1.0,2.0
2984,6.5046728971962615,1000000.0,8.0,1.0,321.0,0.0,321000000.0,1.0,2.0
2985,6.5,1000000.0,8.0,1.0,320.0,0.0,320000000.0,1.0,2.0
2986,6.492211838006231,1000000.0,8.0,1.0,321.0,0.0,321000000.0,1.0,2.0
2987,6.461538461538462,1000000.0,8.0,1.0,325.0,0.0,325000000.0,1.0,2.0
2988,6.4875,1000000.0,8.0,1.0,320.0,0.0,320000000.0,1.0,2.0
2989,6.507836990595611,1000000.0,8.0,1.0,319.0,0.0,319000000.0,1.0,2.0
2990,6.492211838006231,1000000.0,8.0,1.0,321.0,0.0,321000000.0,1.0,2.0
2991,6.4875,1000000.0,8.0,1.0,320.0,0.0,320000000.0,1.0,2.0
2992,6.484472049689441,1000000.0,8.0,1.0,322.0,0.0,322000000.0,1.0,2.0
2993,6.52037617554859,1000000.0,8.0,1.0,319.0,0.0,319000000.0,1.0,2.0
2994,6.523659305993691,1000000.0,8.0,1.0,317.0,0.0,317000000.0,1.0,2.0
2995,6.515723270440252,1000000.0,8.0,1.0,318.0,0.0,318000000.0,1.0,2.0
2996,6.523659305993691,1000000.0,8.0,1.0,317.0,0.0,317000000.0,1.0,2.0
2997,6.526984126984127,1000000.0,8.0,1.0,315.0,0.0,315000000.0,1.0,2.0
2998,6.5046728971962615,1000000.0,8.0,1.0,321.0,0.0,321000000.0,1.0,2.0
2999,6.484472049689441,1000000.0,8.0,1.0,322.0,0.0,322000000.0,1.0,2.0
3000,6.492211838006231,1000000.0,8.0,1.0,321.0,0.0,321000000.0,1.0,2.0
3001,6.518987341772152,1000000.0,8.0,1.0,316.0,0.0,316000000.0,1.0,2.0
3002,6.523659305993691,1000000.0,8.0,1.0,317.0,0.0,317000000.0,1.0,2.0
3003,6.526984126984127,1000000.0,8.0,1.0,315.0,0.0,315000000.0,1.0,2.0
3004,7.29153605015674,1000000.0,10.0,1.0,319.0,0.0,319000000.0,1.0,2.0
3005,6.006153846153846,1000000.0,8.0,1.0,325.0,0.0,325000000.0,1.0,2.0
3006,5.504702194357367,1000000.0,8.0,1.0,319.0,0.0,319000000.0,1.0,2.0
3007,5.591194968553459,1000000.0,11.0,1.0,318.0,0.0,318000000.0,1.0,2.0
3008,5.5,1000000.0,8.0,1.0,320.0,0.0,320000000.0,1.0,2.0
3009,5.509433962264151,1000000.0,8.0,1.0,318.0,0.0,318000000.0,1.0,2.0
3010,5.507788161993769,1000000.0,8.0,1.0,321.0,0.0,321000000.0,1.0,2.0
3011,5.468354430379747,1000000.0,8.0,1.0,316.0,0.0,316000000.0,1.0,2.0
3012,5.5,1000000.0,8.0,1.0,320.0,0.0,320000000.0,1.0,2.0
3013,5.515527950310559,1000000.0,8.0,1.0,322.0,0.0,322000000.0,1.0,2.0
3014,5.476340694006309,1000000.0,8.0,1.0,317.0,0.0,317000000.0,1.0,2.0
3015,5.530864197530864,1000000.0,8.0,1.0,324.0,0.0,324000000.0,1.0,2.0
3016,5.507788161993769,1000000.0,8.0,1.0,321.0,0.0,321000000.0,1.0,2.0
3017,5.492163009404389,1000000.0,8.0,1.0,319.0,0.0,319000000.0,1.0,2.0
3018,5.507788161993769,1000000.0,8.0,1.0,321.0,0.0,321000000.0,1.0,2.0
3019,5.578947368421052,1000000.0,8.0,1.0,323.0,0.0,323000000.0,1.0,2.0
3020,5.782608695652174,1000000.0,8.0,1.0,322.0,0.0,322000000.0,1.0,2.0
3021,5.464968152866242,1000000.0,8.0,1.0,314.0,0.0,314000000.0,1.0,2.0
3022,5.476340694006309,1000000.0,8.0,1.0,317.0,0.0,317000000.0,1.0,2.0
3023,5.504702194357367,1000000.0,8.0,1.0,319.0,0.0,319000000.0,1.0,2.0
3024,5.507788161993769,1000000.0,8.0,1.0,321.0,0.0,321000000.0,1.0,2.0
3025,5.5092592592592595,1000000.0,8.0,1.0,324.0,0.0,324000000.0,1.0,3.0
3026,5.464968152866242,1000000.0,8.0,1.0,314.0,0.0,314000000.0,1.0,2.0
3027,5.47962382445141,1000000.0,8.0,1.0,319.0,0.0,319000000.0,1.0,2.0
3028,5.484276729559748,1000000.0,8.0,1.0,318.0,0.0,318000000.0,1.0,2.0
3029,5.5125,1000000.0,8.0,1.0,320.0,0.0,320000000.0,1.0,2.0
3030,5.503105590062112,1000000.0,8.0,1.0,322.0,0.0,322000000.0,1.0,2.0
3031,5.537974683544304,1000000.0,8.0,1.0,316.0,0.0,316000000.0,1.0,2.0
3032,5.5266457680250785,1000000.0,8.0,1.0,319.0,0.0,319000000.0,1.0,2.0
3033,5.520249221183801,1000000.0,8.0,1.0,321.0,0.0,321000000.0,1.0,2.0
3034,5.5,1000000.0,8.0,1.0,320.0,0.0,320000000.0,1.0,2.0
3035,5.599378881987578,1000000.0,9.0,1.0,322.0,0.0,322000000.0,1.0,2.0
3036,5.484276729559748,1000000.0,8.0,1.0,318.0,0.0,318000000.0,1.0,2.0
3037,5.5,1000000.0,8.0,1.0,320.0,0.0,320000000.0,1.0,2.0
3038,5.5,1000000.0,8.0,1.0,320.0,0.0,320000000.0,1.0,2.0
3039,5.507788161993769,1000000.0,8.0,1.0,321.0,0.0,321000000.0,1.0,2.0
3040,6.452830188679245,1000000.0,8.0,1.0,318.0,0.0,318000000.0,1.0,2.0
3041,6.507836990595611,1000000.0,8.0,1.0,319.0,0.0,319000000.0,1.0,2.0
3042,6.523659305993691,1000000.0,8.0,1.0,317.0,0.0,317000000.0,1.0,2.0
3043,6.5,1000000.0,9.0,1.0,322.0,0.0,322000000.0,1.0,3.0
3044,6.52037617554859,1000000.0,8.0,1.0,319.0,0.0,319000000.0,1.0,2.0
3045,6.4875,1000000.0,8.0,1.0,320.0,0.0,320000000.0,1.0,2.0
3046,6.484472049689441,1000000.0,8.0,1.0,322.0,0.0,322000000.0,1.0,2.0
3047,6.490566037735849,1000000.0,8.0,1.0,318.0,0.0,318000000.0,1.0,2.0
3048,6.507836990595611,1000000.0,8.0,1.0,319.0,0.0,319000000.0,1.0,2.0
3049,6.489164086687307,1000000.0,8.0,1.0,323.0,0.0,323000000.0,1.0,2.0
3050,6.582278481012659,1000000.0,8.0,1.0,316.0,0.0,316000000.0,1.0,2.0
3051,6.70125786163522,1000000.0,8.0,1.0,318.0,0.0,318000000.0,1.0,2.0
3052,6.481481481481482,1000000.0,8.0,1.0,324.0,0.0,324000000.0,1.0,2.0
3053,6.479750778816199,1000000.0,8.0,1.0,321.0,0.0,321000000.0,1.0,2.0
3054,6.5125,1000000.0,8.0,1.0,320.0,0.0,320000000.0,1.0,2.0
3055,6.507836990595611,1000000.0,8.0,1.0,319.0,0.0,319000000.0,1.0,2.0
3056,6.4672897196261685,1000000.0,8.0,1.0,321.0,0.0,321000000.0,1.0,2.0
3057,6.534375,1000000.0,11.0,1.0,320.0,0.0,320000000.0,1.0,2.0
3058,6.5,1000000.0,8.0,1.0,320.0,0.0,320000000.0,1.0,2.0
3059,6.5,1000000.0,8.0,1.0,320.0,0.0,320000000.0,1.0,2.0
3060,6.5,1000000.0,8.0,1.0,320.0,0.0,320000000.0,1.0,2.0
3061,6.774294670846395,1000000.0,8.0,1.0,319.0,0.0,319000000.0,1.0,2.0
3062,6.507836990595611,1000000.0,8.0,1.0,319.0,0.0,319000000.0,1.0,2.0
3063,6.515723270440252,1000000.0,8.0,1.0,318.0,0.0,318000000.0,1.0,2.0
3064,6.484472049689441,1000000.0,8.0,1.0,322.0,0.0,322000000.0,1.0,2.0
3065,6.475,1000000.0,8.0,1.0,320.0,0.0,320000000.0,1.0,2.0
3066,6.543478260869565,1000000.0,8.0,1.0,322.0,0.0,322000000.0,1.0,2.0
3067,6.507836990595611,1000000.0,8.0,1.0,319.0,0.0,319000000.0,1.0,2.0
3068,6.544303797468355,1000000.0,8.0,1.0,316.0,0.0,316000000.0,1.0,2.0
3069,6.528301886792453,1000000.0,8.0,1.0,318.0,0.0,318000000.0,1.0,2.0
3070,6.492211838006231,1000000.0,8.0,1.0,321.0,0.0,321000000.0,1.0,2.0
3071,6.495297805642633,1000000.0,8.0,1.0,319.0,0.0,319000000.0,1.0,2.0
3072,6.409937888198757,1000000.0,8.0,1.0,322.0,0.0,322000000.0,1.0,2.0
3073,5.4603174603174605,1000000.0,8.0,1.0,315.0,0.0,315000000.0,1.0,2.0
3074,5.518518518518518,1000000.0,8.0,1.0,324.0,0.0,324000000.0,1.0,2.0
3075,5.735849056603773,1000000.0,8.0,1.0,318.0,0.0,318000000.0,1.0,2.0
3076,6.482758620689655,1000000.0,8.0,1.0,319.0,0.0,319000000.0,1.0,2.0
3077,6.507836990595611,1000000.0,8.0,1.0,319.0,0.0,319000000.0,1.0,2.0
3078,6.492211838006231,1000000.0,8.0,1.0,321.0,0.0,321000000.0,1.0,2.0
3079,6.507836990595611,1000000.0,8.0,1.0,319.0,0.0,319000000.0,1.0,2.0
3080,6.511041009463723,1000000.0,8.0,1.0,317.0,0.0,317000000.0,1.0,2.0
3081,6.507836990595611,1000000.0,8.0,1.0,319.0,0.0,319000000.0,1.0,2.0
3082,6.492211838006231,1000000.0,8.0,1.0,321.0,0.0,321000000.0,1.0,2.0
3083,7.1257861635220126,1000000.0,11.0,1.0,318.0,0.0,318000000.0,1.0,2.0
3084,6.515723270440252,1000000.0,8.0,1.0,318.0,0.0,318000000.0,1.0,2.0
3085,6.484472049689441,1000000.0,8.0,1.0,322.0,0.0,322000000.0,1.0,2.0
3086,6.492211838006231,1000000.0,8.0,1.0,321.0,0.0,321000000.0,1.0,2.0
3087,6.492211838006231,1000000.0,8.0,1.0,321.0,0.0,321000000.0,1.0,2.0
3088,6.489164086687307,1000000.0,8.0,1.0,323.0,0.0,323000000.0,1.0,2.0
3089,6.492211838006231,1000000.0,8.0,1.0,321.0,0.0,321000000.0,1.0,2.0
3090,6.518987341772152,1000000.0,8.0,1.0,316.0,0.0,316000000.0,1.0,2.0
3091,6.543130990415335,1000000.0,8.0,1.0,313.0,0.0,313000000.0,1.0,2.0
3092,6.531645569620253,1000000.0,8.0,1.0,316.0,0.0,316000000.0,1.0,2.0
3093,6.511041009463723,1000000.0,8.0,1.0,317.0,0.0,317000000.0,1.0,2.0
3094,6.492211838006231,1000000.0,8.0,1.0,321.0,0.0,321000000.0,1.0,2.0
3095,6.5,1000000.0,8.0,1.0,320.0,0.0,320000000.0,1.0,2.0
3096,6.496894409937888,1000000.0,8.0,1.0,322.0,0.0,322000000.0,1.0,2.0
3097,6.514285714285714,1000000.0,8.0,1.0,315.0,0.0,315000000.0,1.0,2.0
3098,6.5046728971962615,1000000.0,8.0,1.0,321.0,0.0,321000000.0,1.0,2.0
3099,6.492211838006231,1000000.0,8.0,1.0,321.0,0.0,321000000.0,1.0,2.0
3100,6.475,1000000.0,8.0,1.0,320.0,0.0,320000000.0,1.0,2.0
3101,6.5046728971962615,1000000.0,8.0,1.0,321.0,0.0,321000000.0,1.0,2.0
3102,5.6125,1000000.0,8.0,1.0,320.0,0.0,320000000.0,1.0,2.0
3103,5.774294670846395,1000000.0,10.0,1.0,319.0,0.0,319000000.0,1.0,2.0
3104,5.623052959501558,1000000.0,9.0,1.0,321.0,0.0,321000000.0,1.0,2.0
3105,5.5,1000000.0,8.0,1.0,320.0,0.0,320000000.0,1.0,2.0
3106,5.4953271028037385,1000000.0,8.0,1.0,321.0,0.0,321000000.0,1.0,2.0
3107,5.476340694006309,1000000.0,8.0,1.0,317.0,0.0,317000000.0,1.0,2.0
3108,5.4603174603174605,1000000.0,8.0,1.0,315.0,0.0,315000000.0,1.0,2.0
3109,5.5,1000000.0,8.0,1.0,320.0,0.0,320000000.0,1.0,2.0
3110,5.5125,1000000.0,8.0,1.0,320.0,0.0,320000000.0,1.0,2.0
3111,5.47962382445141,1000000.0,8.0,1.0,319.0,0.0,319000000.0,1.0,2.0
3112,5.484276729559748,1000000.0,8.0,1.0,318.0,0.0,318000000.0,1.0,2.0
3113,5.5,1000000.0,8.0,1.0,320.0,0.0,320000000.0,1.0,2.0
3114,5.515527950310559,1000000.0,8.0,1.0,322.0,0.0,322000000.0,1.0,2.0
3115,5.477707006369426,1000000.0,8.0,1.0,314.0,0.0,314000000.0,1.0,2.0
3116,5.658227848101266,1000000.0,8.0,1.0,316.0,0.0,316000000.0,1.0,2.0
3117,6.515723270440252,1000000.0,8.0,1.0,318.0,0.0,318000000.0,1.0,2.0
3118,6.507836990595611,1000000.0,8.0,1.0,319.0,0.0,319000000.0,1.0,2.0
3119,6.50314465408805,1000000.0,8.0,1.0,318.0,0.0,318000000.0,1.0,2.0
3120,6.50314465408805,1000000.0,8.0,1.0,318.0,0.0,318000000.0,1.0,2.0
3121,6.523659305993691,1000000.0,8.0,1.0,317.0,0.0,317000000.0,1.0,2.0
3122,6.523659305993691,1000000.0,8.0,1.0,317.0,0.0,317000000.0,1.0,2.0
3123,6.531645569620253,1000000.0,8.0,1.0,316.0,0.0,316000000.0,1.0,2.0
3124,6.255451713395638,1000000.0,8.0,1.0,321.0,0.0,321000000.0,1.0,2.0
3125,5.507788161993769,1000000.0,8.0,1.0,321.0,0.0,321000000.0,1.0,2.0
3126,5.492163009404389,1000000.0,8.0,1.0,319.0,0.0,319000000.0,1.0,2.0
3127,5.49685534591195,1000000.0,8.0,1.0,318.0,0.0,318000000.0,1.0,2.0
3128,5.476340694006309,1000000.0,8.0,1.0,317.0,0.0,317000000.0,1.0,2.0
3129,5.98125,1000000.0,10.0,1.0,320.0,0.0,320000000.0,1.0,2.0
3130,5.507788161993769,1000000.0,8.0,1.0,321.0,0.0,321000000.0,1.0,2.0
3131,5.5,1000000.0,8.0,1.0,320.0,0.0,320000000.0,1.0,2.0
3132,5.526479750778816,1000000.0,10.0,1.0,321.0,0.0,321000000.0,1.0,3.0
3133,5.664576802507837,1000000.0,11.0,1.0,319.0,0.0,319000000.0,1.0,2.0
3134,5.509316770186335,1000000.0,9.0,1.0,322.0,0.0,322000000.0,1.0,2.0
3135,5.492163009404389,1000000.0,8.0,1.0,319.0,0.0,319000000.0,1.0,2.0
3136,6.26791277258567,1000000.0,11.0,1.0,321.0,0.0,321000000.0,1.0,2.0
3137,5.588957055214724,1000000.0,11.0,1.0,326.0,0.0,326000000.0,1.0,2.0
3138,5.473015873015873,1000000.0,8.0,1.0,315.0,0.0,315000000.0,1.0,2.0
3139,5.481012658227848,1000000.0,8.0,1.0,316.0,0.0,316000000.0,1.0,2.0
3140,5.49685534591195,1000000.0,8.0,1.0,318.0,0.0,318000000.0,1.0,2.0
3141,5.507788161993769,1000000.0,8.0,1.0,321.0,0.0,321000000.0,1.0,2.0
3142,5.530864197530864,1000000.0,8.0,1.0,324.0,0.0,324000000.0,1.0,2.0
3143,5.515723270440252,1000000.0,9.0,1.0,318.0,0.0,318000000.0,1.0,2.0
3144,5.569659442724459,1000000.0,9.0,1.0,323.0,0.0,323000000.0,1.0,2.0
3145,5.545171339563863,1000000.0,9.0,1.0,321.0,0.0,321000000.0,1.0,2.0
3146,5.518987341772152,1000000.0,9.0,1.0,316.0,0.0,316000000.0,1.0,2.0
3147,5.507788161993769,1000000.0,8.0,1.0,321.0,0.0,321000000.0,1.0,2.0
3148,5.484276729559748,1000000.0,8.0,1.0,318.0,0.0,318000000.0,1.0,2.0
3149,5.492163009404389,1000000.0,8.0,1.0,319.0,0.0,319000000.0,1.0,2.0
3150,5.476340694006309,1000000.0,8.0,1.0,317.0,0.0,317000000.0,1.0,2.0
3151,5.5125,1000000.0,8.0,1.0,320.0,0.0,320000000.0,1.0,2.0
3152,5.507788161993769,1000000.0,8.0,1.0,321.0,0.0,321000000.0,1.0,2.0
3153,5.781931464174455,1000000.0,8.0,1.0,321.0,0.0,321000000.0,1.0,2.0
3154,5.735849056603773,1000000.0,8.0,1.0,318.0,0.0,318000000.0,1.0,2.0
3155,5.47962382445141,1000000.0,8.0,1.0,319.0,0.0,319000000.0,1.0,2.0
3156,5.484276729559748,1000000.0,8.0,1.0,318.0,0.0,318000000.0,1.0,2.0
3157,5.520249221183801,1000000.0,8.0,1.0,321.0,0.0,321000000.0,1.0,2.0
3158,5.527777777777778,1000000.0,8.0,1.0,324.0,0.0,324000000.0,1.0,2.0
3159,5.4937106918239,1000000.0,8.0,1.0,318.0,0.0,318000000.0,1.0,2.0
3160,5.481012658227848,1000000.0,8.0,1.0,316.0,0.0,316000000.0,1.0,2.0
3161,5.507788161993769,1000000.0,8.0,1.0,321.0,0.0,321000000.0,1.0,2.0
3162,5.507788161993769,1000000.0,8.0,1.0,321.0,0.0,321000000.0,1.0,2.0
3163,5.4715189873417724,1000000.0,8.0,1.0,316.0,0.0,316000000.0,1.0,3.0
3164,5.484276729559748,1000000.0,8.0,1.0,318.0,0.0,318000000.0,1.0,2.0
3165,5.5125,1000000.0,8.0,1.0,320.0,0.0,320000000.0,1.0,2.0
3166,5.507788161993769,1000000.0,8.0,1.0,321.0,0.0,321000000.0,1.0,2.0
3167,5.476340694006309,1000000.0,8.0,1.0,317.0,0.0,317000000.0,1.0,2.0
3168,5.488958990536277,1000000.0,8.0,1.0,317.0,0.0,317000000.0,1.0,2.0
3169,5.476340694006309,1000000.0,8.0,1.0,317.0,0.0,317000000.0,1.0,2.0
3170,5.5,1000000.0,8.0,1.0,320.0,0.0,320000000.0,1.0,2.0
3171,5.518518518518518,1000000.0,8.0,1.0,324.0,0.0,324000000.0,1.0,2.0
3172,5.481012658227848,1000000.0,8.0,1.0,316.0,0.0,316000000.0,1.0,2.0
3173,5.4637223974763405,1000000.0,8.0,1.0,317.0,0.0,317000000.0,1.0,2.0
3174,6.413249211356467,1000000.0,11.0,1.0,317.0,0.0,317000000.0,1.0,2.0
3175,5.828125,1000000.0,11.0,1.0,320.0,0.0,320000000.0,1.0,2.0
3176,5.515527950310559,1000000.0,8.0,1.0,322.0,0.0,322000000.0,1.0,2.0
3177,5.507788161993769,1000000.0,8.0,1.0,321.0,0.0,321000000.0,1.0,2.0
3178,5.507788161993769,1000000.0,8.0,1.0,321.0,0.0,321000000.0,1.0,2.0
3179,5.481012658227848,1000000.0,8.0,1.0,316.0,0.0,316000000.0,1.0,2.0
3180,5.47962382445141,1000000.0,8.0,1.0,319.0,0.0,319000000.0,1.0,2.0
3181,5.49685534591195,1000000.0,8.0,1.0,318.0,0.0,318000000.0,1.0,2.0
3182,5.507788161993769,1000000.0,8.0,1.0,321.0,0.0,321000000.0,1.0,2.0
3183,5.507788161993769,1000000.0,8.0,1.0,321.0,0.0,321000000.0,1.0,2.0
3184,5.658385093167702,1000000.0,10.0,1.0,322.0,0.0,322000000.0,1.0,2.0
3185,5.537735849056604,1000000.0,9.0,1.0,318.0,0.0,318000000.0,1.0,2.0
3186,5.507788161993769,1000000.0,8.0,1.0,321.0,0.0,321000000.0,1.0,2.0
3187,5.507788161993769,1000000.0,8.0,1.0,321.0,0.0,321000000.0,1.0,2.0
3188,5.482428115015974,1000000.0,9.0,1.0,313.0,0.0,313000000.0,1.0,2.0
3189,5.504702194357367,1000000.0,8.0,1.0,319.0,0.0,319000000.0,1.0,2.0
3190,5.492163009404389,1000000.0,8.0,1.0,319.0,0.0,319000000.0,1.0,2.0
3191,5.5125,1000000.0,8.0,1.0,320.0,0.0,320000000.0,1.0,2.0
3192,5.4875,1000000.0,8.0,1.0,320.0,0.0,320000000.0,1.0,2.0
3193,5.468354430379747,1000000.0,8.0,1.0,316.0,0.0,316000000.0,1.0,2.0
3194,5.484276729559748,1000000.0,8.0,1.0,318.0,0.0,318000000.0,1.0,2.0
3195,5.504702194357367,1000000.0,8.0,1.0,319.0,0.0,319000000.0,1.0,2.0
3196,5.5,1000000.0,8.0,1.0,320.0,0.0,320000000.0,1.0,2.0
3197,5.4953271028037385,1000000.0,8.0,1.0,321.0,0.0,321000000.0,1.0,2.0
3198,5.484276729559748,1000000.0,8.0,1.0,318.0,0.0,318000000.0,1.0,2.0
3199,5.464968152866242,1000000.0,8.0,1.0,314.0,0.0,314000000.0,1.0,2.0
3200,5.7625,1000000.0,8.0,1.0,320.0,0.0,320000000.0,1.0,2.0
3201,6.479750778816199,1000000.0,8.0,1.0,321.0,0.0,321000000.0,1.0,2.0
3202,6.50314465408805,1000000.0,8.0,1.0,318.0,0.0,318000000.0,1.0,2.0
3203,6.523659305993691,1000000.0,8.0,1.0,317.0,0.0,317000000.0,1.0,2.0
3204,6.484472049689441,1000000.0,8.0,1.0,322.0,0.0,322000000.0,1.0,2.0
3205,6.496894409937888,1000000.0,8.0,1.0,322.0,0.0,322000000.0,1.0,2.0
3206,6.507836990595611,1000000.0,8.0,1.0,319.0,0.0,319000000.0,1.0,2.0
3207,6.484472049689441,1000000.0,8.0,1.0,322.0,0.0,322000000.0,1.0,2.0
3208,6.5,1000000.0,8.0,1.0,320.0,0.0,320000000.0,1.0,2.0
3209,6.568322981366459,1000000.0,8.0,1.0,322.0,0.0,322000000.0,1.0,2.0
3210,6.523659305993691,1000000.0,8.0,1.0,317.0,0.0,317000000.0,1.0,2.0
3211,6.507836990595611,1000000.0,8.0,1.0,319.0,0.0,319000000.0,1.0,2.0
3212,6.52037617554859,1000000.0,8.0,1.0,319.0,0.0,319000000.0,1.0,2.0
3213,6.226415094339623,1000000.0,8.0,1.0,318.0,0.0,318000000.0,1.0,2.0
3214,5.47962382445141,1000000.0,8.0,1.0,319.0,0.0,319000000.0,1.0,2.0
3215,5.974921630094044,1000000.0,8.0,1.0,319.0,0.0,319000000.0,1.0,2.0
3216,5.49685534591195,1000000.0,8.0,1.0,318.0,0.0,318000000.0,1.0,2.0
3217,5.520249221183801,1000000.0,8.0,1.0,321.0,0.0,321000000.0,1.0,2.0
3218,5.47962382445141,1000000.0,8.0,1.0,319.0,0.0,319000000.0,1.0,2.0
3219,5.473015873015873,1000000.0,8.0,1.0,315.0,0.0,315000000.0,1.0,2.0
3220,5.4875,1000000.0,8.0,1.0,320.0,0.0,320000000.0,1.0,2.0
3221,5.525,1000000.0,8.0,1.0,320.0,0.0,320000000.0,1.0,2.0
3222,5.5,1000000.0,8.0,1.0,320.0,0.0,320000000.0,1.0,2.0
3223,5.504702194357367,1000000.0,8.0,1.0,319.0,0.0,319000000.0,1.0,2.0
3224,5.49685534591195,1000000.0,8.0,1.0,318.0,0.0,318000000.0,1.0,2.0
3225,5.5,1000000.0,8.0,1.0,320.0,0.0,320000000.0,1.0,2.0
3226,5.523219814241486,1000000.0,8.0,1.0,323.0,0.0,323000000.0,1.0,2.0
3227,5.484276729559748,1000000.0,8.0,1.0,318.0,0.0,318000000.0,1.0,2.0
3228,5.647798742138365,1000000.0,10.0,1.0,318.0,0.0,318000000.0,1.0,2.0
3229,5.616352201257862,1000000.0,10.0,1.0,318.0,0.0,318000000.0,1.0,2.0
3230,5.5125,1000000.0,8.0,1.0,320.0,0.0,320000000.0,1.0,2.0
3231,5.492163009404389,1000000.0,8.0,1.0,319.0,0.0,319000000.0,1.0,2.0
3232,5.484276729559748,1000000.0,8.0,1.0,318.0,0.0,318000000.0,1.0,2.0
3233,5.484276729559748,1000000.0,8.0,1.0,318.0,0.0,318000000.0,1.0,2.0
3234,5.560371517027864,1000000.0,9.0,1.0,323.0,0.0,323000000.0,1.0,2.0
3235,6.2271293375394325,1000000.0,10.0,1.0,317.0,0.0,317000000.0,1.0,2.0
3236,5.930379746835443,1000000.0,10.0,1.0,316.0,0.0,316000000.0,1.0,2.0
3237,5.984375,1000000.0,11.0,1.0,320.0,0.0,320000000.0,1.0,2.0
3238,5.643962848297214,1000000.0,11.0,1.0,323.0,0.0,323000000.0,1.0,2.0
3239,5.507788161993769,1000000.0,8.0,1.0,321.0,0.0,321000000.0,1.0,2.0
3240,5.5,1000000.0,8.0,1.0,320.0,0.0,320000000.0,1.0,2.0
3241,5.5,1000000.0,8.0,1.0,320.0,0.0,320000000.0,1.0,2.0
3242,5.707165109034268,1000000.0,9.0,1.0,321.0,0.0,321000000.0,1.0,2.0
3243,5.5125,1000000.0,8.0,1.0,320.0,0.0,320000000.0,1.0,2.0
3244,5.507788161993769,1000000.0,8.0,1.0,321.0,0.0,321000000.0,1.0,2.0
3245,5.49685534591195,1000000.0,8.0,1.0,318.0,0.0,318000000.0,1.0,2.0
3246,6.050314465408805,1000000.0,8.0,1.0,318.0,0.0,318000000.0,1.0,2.0
3247,6.507836990595611,1000000.0,8.0,1.0,319.0,0.0,319000000.0,1.0,2.0
3248,6.484472049689441,1000000.0,8.0,1.0,322.0,0.0,322000000.0,1.0,2.0
3249,6.484472049689441,1000000.0,8.0,1.0,322.0,0.0,322000000.0,1.0,2.0
3250,6.5046728971962615,1000000.0,8.0,1.0,321.0,0.0,321000000.0,1.0,2.0
3251,6.523659305993691,1000000.0,8.0,1.0,317.0,0.0,317000000.0,1.0,2.0
3252,6.5,1000000.0,8.0,1.0,320.0,0.0,320000000.0,1.0,2.0
3253,5.492163009404389,1000000.0,8.0,1.0,319.0,0.0,319000000.0,1.0,2.0
3254,5.504702194357367,1000000.0,8.0,1.0,319.0,0.0,319000000.0,1.0,2.0
3255,5.78328173374613,1000000.0,8.0,1.0,323.0,0.0,323000000.0,1.0,2.0
3256,6.5,1000000.0,8.0,1.0,320.0,0.0,320000000.0,1.0,2.0
3257,6.526984126984127,1000000.0,8.0,1.0,315.0,0.0,315000000.0,1.0,2.0
3258,6.4875,1000000.0,8.0,1.0,320.0,0.0,320000000.0,1.0,2.0
3259,6.489164086687307,1000000.0,8.0,1.0,323.0,0.0,323000000.0,1.0,2.0
3260,6.695924764890282,1000000.0,8.0,1.0,319.0,0.0,319000000.0,1.0,2.0
3261,6.540880503144654,1000000.0,8.0,1.0,318.0,0.0,318000000.0,1.0,2.0
3262,6.541538461538462,1000000.0,8.0,1.0,325.0,0.0,325000000.0,1.0,2.0
3263,6.549689440993789,1000000.0,8.0,1.0,322.0,0.0,322000000.0,1.0,2.0
3264,6.492211838006231,1000000.0,8.0,1.0,321.0,0.0,321000000.0,1.0,2.0
3265,6.5,1000000.0,8.0,1.0,320.0,0.0,320000000.0,1.0,2.0
3266,6.5362776025236595,1000000.0,8.0,1.0,317.0,0.0,317000000.0,1.0,2.0
3267,5.7875,1000000.0,8.0,1.0,320.0,0.0,320000000.0,1.0,2.0
3268,5.507788161993769,1000000.0,8.0,1.0,321.0,0.0,321000000.0,1.0,2.0
3269,5.507788161993769,1000000.0,8.0,1.0,321.0,0.0,321000000.0,1.0,2.0
3270,5.49685534591195,1000000.0,8.0,1.0,318.0,0.0,318000000.0,1.0,2.0
3271,5.515527950310559,1000000.0,8.0,1.0,322.0,0.0,322000000.0,1.0,2.0
3272,5.561904761904762,1000000.0,8.0,1.0,315.0,0.0,315000000.0,1.0,2.0
3273,6.50314465408805,1000000.0,8.0,1.0,318.0,0.0,318000000.0,1.0,2.0
3274,6.507836990595611,1000000.0,8.0,1.0,319.0,0.0,319000000.0,1.0,2.0
3275,6.5,1000000.0,8.0,1.0,320.0,0.0,320000000.0,1.0,2.0
3276,6.476780185758514,1000000.0,8.0,1.0,323.0,0.0,323000000.0,1.0,2.0
3277,6.5,1000000.0,8.0,1.0,320.0,0.0,320000000.0,1.0,2.0
3278,6.492211838006231,1000000.0,8.0,1.0,321.0,0.0,321000000.0,1.0,2.0
3279,6.523659305993691,1000000.0,8.0,1.0,317.0,0.0,317000000.0,1.0,2.0
3280,6.507836990595611,1000000.0,8.0,1.0,319.0,0.0,319000000.0,1.0,2.0
3281,5.670886075949367,1000000.0,8.0,1.0,316.0,0.0,316000000.0,1.0,2.0
3282,5.5125,1000000.0,8.0,1.0,320.0,0.0,320000000.0,1.0,2.0
3283,5.510835913312693,1000000.0,8.0,1.0,323.0,0.0,323000000.0,1.0,2.0
3284,5.481012658227848,1000000.0,8.0,1.0,316.0,0.0,316000000.0,1.0,2.0
3285,6.813291139240507,1000000.0,10.0,1.0,316.0,0.0,316000000.0,1.0,2.0
3286,7.715170278637771,1000000.0,10.0,1.0,323.0,0.0,323000000.0,1.0,2.0
3287,7.343653250773994,1000000.0,10.0,1.0,323.0,0.0,323000000.0,1.0,2.0
3288,6.9375,1000000.0,9.0,1.0,320.0,0.0,320000000.0,1.0,2.0
3289,6.523659305993691,1000000.0,8.0,1.0,317.0,0.0,317000000.0,1.0,2.0
3290,6.430379746835443,1000000.0,8.0,1.0,316.0,0.0,316000000.0,1.0,2.0
3291,5.523219814241486,1000000.0,8.0,1.0,323.0,0.0,323000000.0,1.0,2.0
3292,5.507788161993769,1000000.0,8.0,1.0,321.0,0.0,321000000.0,1.0,2.0
3293,5.5,1000000.0,8.0,1.0,320.0,0.0,320000000.0,1.0,2.0
3294,5.484276729559748,1000000.0,8.0,1.0,318.0,0.0,318000000.0,1.0,2.0
3295,5.4875,1000000.0,8.0,1.0,320.0,0.0,320000000.0,1.0,2.0
3296,5.488958990536277,1000000.0,8.0,1.0,317.0,0.0,317000000.0,1.0,2.0
3297,5.515527950310559,1000000.0,8.0,1.0,322.0,0.0,322000000.0,1.0,2.0
3298,5.504702194357367,1000000.0,8.0,1.0,319.0,0.0,319000000.0,1.0,2.0
3299,5.468354430379747,1000000.0,8.0,1.0,316.0,0.0,316000000.0,1.0,2.0
3300,5.4875,1000000.0,8.0,1.0,320.0,0.0,320000000.0,1.0,2.0
3301,5.5,1000000.0,8.0,1.0,320.0,0.0,320000000.0,1.0,2.0
3302,5.504702194357367,1000000.0,8.0,1.0,319.0,0.0,319000000.0,1.0,2.0
3303,5.471698113207547,1000000.0,8.0,1.0,318.0,0.0,318000000.0,1.0,2.0
3304,5.507788161993769,1000000.0,8.0,1.0,321.0,0.0,321000000.0,1.0,2.0
3305,5.49685534591195,1000000.0,8.0,1.0,318.0,0.0,318000000.0,1.0,2.0
3306,5.4953271028037385,1000000.0,8.0,1.0,321.0,0.0,321000000.0,1.0,2.0
3307,5.515527950310559,1000000.0,8.0,1.0,322.0,0.0,322000000.0,1.0,2.0
3308,5.515527950310559,1000000.0,8.0,1.0,322.0,0.0,322000000.0,1.0,2.0
3309,5.464968152866242,1000000.0,8.0,1.0,314.0,0.0,314000000.0,1.0,2.0
3310,5.492163009404389,1000000.0,8.0,1.0,319.0,0.0,319000000.0,1.0,2.0
3311,5.515527950310559,1000000.0,8.0,1.0,322.0,0.0,322000000.0,1.0,2.0
3312,5.507788161993769,1000000.0,8.0,1.0,321.0,0.0,321000000.0,1.0,2.0
3313,5.515527950310559,1000000.0,8.0,1.0,322.0,0.0,322000000.0,1.0,2.0
3314,5.484276729559748,1000000.0,8.0,1.0,318.0,0.0,318000000.0,1.0,2.0
3315,5.471698113207547,1000000.0,8.0,1.0,318.0,0.0,318000000.0,1.0,2.0
3316,5.484276729559748,1000000.0,8.0,1.0,318.0,0.0,318000000.0,1.0,2.0
3317,5.484276729559748,1000000.0,8.0,1.0,318.0,0.0,318000000.0,1.0,2.0
3318,5.654205607476635,1000000.0,9.0,1.0,321.0,0.0,321000000.0,1.0,2.0
3319,5.476340694006309,1000000.0,8.0,1.0,317.0,0.0,317000000.0,1.0,2.0
3320,5.492163009404389,1000000.0,8.0,1.0,319.0,0.0,319000000.0,1.0,2.0
3321,5.484276729559748,1000000.0,8.0,1.0,318.0,0.0,318000000.0,1.0,2.0
3322,5.5125,1000000.0,8.0,1.0,320.0,0.0,320000000.0,1.0,2.0
3323,5.520249221183801,1000000.0,8.0,1.0,321.0,0.0,321000000.0,1.0,2.0
3324,5.492163009404389,1000000.0,8.0,1.0,319.0,0.0,319000000.0,1.0,2.0
3325,5.4603174603174605,1000000.0,8.0,1.0,315.0,0.0,315000000.0,1.0,2.0
3326,5.484276729559748,1000000.0,8.0,1.0,318.0,0.0,318000000.0,1.0,2.0
3327,5.4953271028037385,1000000.0,8.0,1.0,321.0,0.0,321000000.0,1.0,2.0
3328,5.53416149068323,1000000.0,9.0,1.0,322.0,0.0,322000000.0,1.0,2.0
3329,5.476340694006309,1000000.0,8.0,1.0,317.0,0.0,317000000.0,1.0,2.0
3330,5.468354430379747,1000000.0,8.0,1.0,316.0,0.0,316000000.0,1.0,2.0
3331,5.5015772870662465,1000000.0,8.0,1.0,317.0,0.0,317000000.0,1.0,2.0
3332,5.5,1000000.0,8.0,1.0,320.0,0.0,320000000.0,1.0,2.0
3333,5.720125786163522,1000000.0,9.0,1.0,318.0,0.0,318000000.0,1.0,2.0
3334,5.604361370716511,1000000.0,9.0,1.0,321.0,0.0,321000000.0,1.0,2.0
3335,5.461538461538462,1000000.0,8.0,1.0,312.0,0.0,312000000.0,1.0,2.0
3336,6.657320872274143,1000000.0,8.0,1.0,321.0,0.0,321000000.0,1.0,2.0
3337,5.888198757763975,1000000.0,8.0,1.0,322.0,0.0,322000000.0,1.0,2.0
3338,6.594249201277956,1000000.0,8.0,1.0,313.0,0.0,313000000.0,1.0,2.0
3339,6.5141065830721,1000000.0,8.0,1.0,319.0,0.0,319000000.0,1.0,3.0
3340,6.591194968553459,1000000.0,8.0,1.0,318.0,0.0,318000000.0,1.0,2.0
3341,6.492211838006231,1000000.0,8.0,1.0,321.0,0.0,321000000.0,1.0,2.0
3342,6.265822784810126,1000000.0,8.0,1.0,316.0,0.0,316000000.0,1.0,2.0
3343,5.4637223974763405,1000000.0,8.0,1.0,317.0,0.0,317000000.0,1.0,2.0
3344,5.515527950310559,1000000.0,8.0,1.0,322.0,0.0,322000000.0,1.0,2.0
3345,5.5,1000000.0,8.0,1.0,320.0,0.0,320000000.0,1.0,2.0
3346,5.488958990536277,1000000.0,8.0,1.0,317.0,0.0,317000000.0,1.0,2.0
3347,5.484276729559748,1000000.0,8.0,1.0,318.0,0.0,318000000.0,1.0,2.0
3348,5.471698113207547,1000000.0,8.0,1.0,318.0,0.0,318000000.0,1.0,2.0
3349,5.484276729559748,1000000.0,8.0,1.0,318.0,0.0,318000000.0,1.0,2.0
3350,5.476340694006309,1000000.0,8.0,1.0,317.0,0.0,317000000.0,1.0,2.0
3351,5.523219814241486,1000000.0,8.0,1.0,323.0,0.0,323000000.0,1.0,2.0
3352,5.5125,1000000.0,8.0,1.0,320.0,0.0,320000000.0,1.0,2.0
3353,5.507788161993769,1000000.0,8.0,1.0,321.0,0.0,321000000.0,1.0,2.0
3354,5.484276729559748,1000000.0,8.0,1.0,318.0,0.0,318000000.0,1.0,2.0
3355,5.49685534591195,1000000.0,8.0,1.0,318.0,0.0,318000000.0,1.0,2.0
3356,5.507788161993769,1000000.0,8.0,1.0,321.0,0.0,321000000.0,1.0,2.0
3357,5.515527950310559,1000000.0,8.0,1.0,322.0,0.0,322000000.0,1.0,2.0
3358,5.47962382445141,1000000.0,8.0,1.0,319.0,0.0,319000000.0,1.0,2.0
3359,5.476340694006309,1000000.0,8.0,1.0,317.0,0.0,317000000.0,1.0,2.0
3360,5.468354430379747,1000000.0,8.0,1.0,316.0,0.0,316000000.0,1.0,2.0
3361,5.749235474006116,1000000.0,11.0,1.0,327.0,0.0,327000000.0,1.0,2.0
3362,5.515527950310559,1000000.0,8.0,1.0,322.0,0.0,322000000.0,1.0,2.0
3363,5.484276729559748,1000000.0,8.0,1.0,318.0,0.0,318000000.0,1.0,2.0
3364,5.47962382445141,1000000.0,8.0,1.0,319.0,0.0,319000000.0,1.0,2.0
3365,5.488958990536277,1000000.0,8.0,1.0,317.0,0.0,317000000.0,1.0,2.0
3366,5.4953271028037385,1000000.0,8.0,1.0,321.0,0.0,321000000.0,1.0,2.0
3367,5.523219814241486,1000000.0,8.0,1.0,323.0,0.0,323000000.0,1.0,2.0
3368,5.520249221183801,1000000.0,8.0,1.0,321.0,0.0,321000000.0,1.0,2.0
3369,6.255451713395638,1000000.0,8.0,1.0,321.0,0.0,321000000.0,1.0,2.0
3370,6.529968454258675,1000000.0,10.0,1.0,317.0,0.0,317000000.0,1.0,3.0
3371,6.5396825396825395,1000000.0,8.0,1.0,315.0,0.0,315000000.0,1.0,2.0
3372,6.507836990595611,1000000.0,8.0,1.0,319.0,0.0,319000000.0,1.0,2.0
3373,6.489164086687307,1000000.0,8.0,1.0,323.0,0.0,323000000.0,1.0,2.0
3374,6.50314465408805,1000000.0,8.0,1.0,318.0,0.0,318000000.0,1.0,2.0
3375,6.518987341772152,1000000.0,8.0,1.0,316.0,0.0,316000000.0,1.0,2.0
3376,6.5046728971962615,1000000.0,8.0,1.0,321.0,0.0,321000000.0,1.0,2.0
3377,6.4875,1000000.0,8.0,1.0,320.0,0.0,320000000.0,1.0,2.0
3378,6.5125,1000000.0,8.0,1.0,320.0,0.0,320000000.0,1.0,2.0
3379,6.484472049689441,1000000.0,8.0,1.0,322.0,0.0,322000000.0,1.0,2.0
3380,6.484472049689441,1000000.0,8.0,1.0,322.0,0.0,322000000.0,1.0,2.0
3381,6.492211838006231,1000000.0,8.0,1.0,321.0,0.0,321000000.0,1.0,2.0
3382,6.492211838006231,1000000.0,8.0,1.0,321.0,0.0,321000000.0,1.0,2.0
3383,6.506329113924051,1000000.0,8.0,1.0,316.0,0.0,316000000.0,1.0,2.0
3384,6.531645569620253,1000000.0,8.0,1.0,316.0,0.0,316000000.0,1.0,2.0
3385,6.067692307692307,1000000.0,8.0,1.0,325.0,0.0,325000000.0,1.0,2.0
3386,5.539184952978056,1000000.0,8.0,1.0,319.0,0.0,319000000.0,1.0,2.0
3387,5.492163009404389,1000000.0,8.0,1.0,319.0,0.0,319000000.0,1.0,2.0
3388,5.468354430379747,1000000.0,8.0,1.0,316.0,0.0,316000000.0,1.0,2.0
3389,5.527950310559007,1000000.0,8.0,1.0,322.0,0.0,322000000.0,1.0,2.0
3390,5.510835913312693,1000000.0,8.0,1.0,323.0,0.0,323000000.0,1.0,2.0
3391,5.488958990536277,1000000.0,8.0,1.0,317.0,0.0,317000000.0,1.0,2.0
3392,5.5125,1000000.0,8.0,1.0,320.0,0.0,320000000.0,1.0,2.0
3393,5.507788161993769,1000000.0,8.0,1.0,321.0,0.0,321000000.0,1.0,2.0
3394,5.518518518518518,1000000.0,8.0,1.0,324.0,0.0,324000000.0,1.0,2.0
3395,5.488958990536277,1000000.0,8.0,1.0,317.0,0.0,317000000.0,1.0,2.0
3396,5.515527950310559,1000000.0,8.0,1.0,322.0,0.0,322000000.0,1.0,2.0
3397,5.484276729559748,1000000.0,8.0,1.0,318.0,0.0,318000000.0,1.0,2.0
3398,5.484276729559748,1000000.0,8.0,1.0,318.0,0.0,318000000.0,1.0,2.0
3399,5.5,1000000.0,8.0,1.0,320.0,0.0,320000000.0,1.0,2.0
3400,5.471698113207547,1000000.0,8.0,1.0,318.0,0.0,318000000.0,1.0,2.0
3401,5.492163009404389,1000000.0,8.0,1.0,319.0,0.0,319000000.0,1.0,2.0
3402,5.515527950310559,1000000.0,8.0,1.0,322.0,0.0,322000000.0,1.0,2.0
3403,5.504702194357367,1000000.0,8.0,1.0,319.0,0.0,319000000.0,1.0,2.0
3404,5.539432176656152,1000000.0,10.0,1.0,317.0,0.0,317000000.0,1.0,2.0
3405,5.730407523510972,1000000.0,10.0,1.0,319.0,0.0,319000000.0,1.0,2.0
3406,5.507788161993769,1000000.0,8.0,1.0,321.0,0.0,321000000.0,1.0,2.0
3407,5.492163009404389,1000000.0,8.0,1.0,319.0,0.0,319000000.0,1.0,2.0
3408,5.509433962264151,1000000.0,8.0,1.0,318.0,0.0,318000000.0,1.0,2.0
3409,5.503105590062112,1000000.0,8.0,1.0,322.0,0.0,322000000.0,1.0,2.0
3410,5.487421383647798,1000000.0,9.0,1.0,318.0,0.0,318000000.0,1.0,3.0
3411,5.540625,1000000.0,9.0,1.0,320.0,0.0,320000000.0,1.0,2.0
3412,5.580745341614906,1000000.0,10.0,1.0,322.0,0.0,322000000.0,1.0,2.0
3413,5.481012658227848,1000000.0,8.0,1.0,316.0,0.0,316000000.0,1.0,2.0
3414,5.484276729559748,1000000.0,8.0,1.0,318.0,0.0,318000000.0,1.0,2.0
3415,5.515527950310559,1000000.0,8.0,1.0,322.0,0.0,322000000.0,1.0,2.0
3416,5.503105590062112,1000000.0,8.0,1.0,322.0,0.0,322000000.0,1.0,2.0
3417,5.623052959501558,1000000.0,9.0,1.0,321.0,0.0,321000000.0,1.0,2.0
3418,5.484276729559748,1000000.0,8.0,1.0,318.0,0.0,318000000.0,1.0,2.0
3419,5.476340694006309,1000000.0,8.0,1.0,317.0,0.0,317000000.0,1.0,2.0
3420,5.5,1000000.0,8.0,1.0,320.0,0.0,320000000.0,1.0,2.0
3421,5.504702194357367,1000000.0,8.0,1.0,319.0,0.0,319000000.0,1.0,2.0
3422,5.492163009404389,1000000.0,8.0,1.0,319.0,0.0,319000000.0,1.0,2.0
3423,5.4875,1000000.0,8.0,1.0,320.0,0.0,320000000.0,1.0,2.0
3424,5.5,1000000.0,8.0,1.0,320.0,0.0,320000000.0,1.0,2.0
3425,5.468354430379747,1000000.0,8.0,1.0,316.0,0.0,316000000.0,1.0,2.0
3426,5.507788161993769,1000000.0,8.0,1.0,321.0,0.0,321000000.0,1.0,2.0
3427,5.523219814241486,1000000.0,8.0,1.0,323.0,0.0,323000000.0,1.0,2.0
3428,5.507788161993769,1000000.0,8.0,1.0,321.0,0.0,321000000.0,1.0,2.0
3429,5.507788161993769,1000000.0,8.0,1.0,321.0,0.0,321000000.0,1.0,2.0
3430,5.481012658227848,1000000.0,8.0,1.0,316.0,0.0,316000000.0,1.0,2.0
3431,5.476340694006309,1000000.0,8.0,1.0,317.0,0.0,317000000.0,1.0,2.0
3432,5.507788161993769,1000000.0,8.0,1.0,321.0,0.0,321000000.0,1.0,2.0
3433,5.520249221183801,1000000.0,8.0,1.0,321.0,0.0,321000000.0,1.0,2.0
3434,5.4953271028037385,1000000.0,8.0,1.0,321.0,0.0,321000000.0,1.0,2.0
3435,5.484276729559748,1000000.0,8.0,1.0,318.0,0.0,318000000.0,1.0,2.0
3436,5.515527950310559,1000000.0,8.0,1.0,322.0,0.0,322000000.0,1.0,2.0
3437,5.59433962264151,1000000.0,8.0,1.0,318.0,0.0,318000000.0,1.0,2.0
3438,5.527950310559007,1000000.0,8.0,1.0,322.0,0.0,322000000.0,1.0,2.0
3439,5.623824451410658,1000000.0,8.0,1.0,319.0,0.0,319000000.0,1.0,2.0
3440,6.1198738170347005,1000000.0,8.0,1.0,317.0,0.0,317000000.0,1.0,2.0
3441,5.468354430379747,1000000.0,8.0,1.0,316.0,0.0,316000000.0,1.0,2.0
3442,5.4875,1000000.0,8.0,1.0,320.0,0.0,320000000.0,1.0,2.0
3443,5.507788161993769,1000000.0,8.0,1.0,321.0,0.0,321000000.0,1.0,2.0
3444,5.5,1000000.0,8.0,1.0,320.0,0.0,320000000.0,1.0,2.0
3445,5.49685534591195,1000000.0,8.0,1.0,318.0,0.0,318000000.0,1.0,2.0
3446,5.47962382445141,1000000.0,8.0,1.0,319.0,0.0,319000000.0,1.0,2.0
3447,5.476340694006309,1000000.0,8.0,1.0,317.0,0.0,317000000.0,1.0,2.0
3448,5.5125,1000000.0,8.0,1.0,320.0,0.0,320000000.0,1.0,2.0
3449,5.4953271028037385,1000000.0,8.0,1.0,321.0,0.0,321000000.0,1.0,2.0
3450,5.464968152866242,1000000.0,8.0,1.0,314.0,0.0,314000000.0,1.0,2.0
3451,5.471698113207547,1000000.0,8.0,1.0,318.0,0.0,318000000.0,1.0,2.0
3452,5.481012658227848,1000000.0,8.0,1.0,316.0,0.0,316000000.0,1.0,2.0
3453,5.507788161993769,1000000.0,8.0,1.0,321.0,0.0,321000000.0,1.0,2.0
3454,5.504702194357367,1000000.0,9.0,1.0,319.0,0.0,319000000.0,1.0,2.0
3455,5.471698113207547,1000000.0,8.0,1.0,318.0,0.0,318000000.0,1.0,2.0
3456,5.476340694006309,1000000.0,8.0,1.0,317.0,0.0,317000000.0,1.0,2.0
3457,5.993730407523511,1000000.0,8.0,1.0,319.0,0.0,319000000.0,1.0,2.0
3458,6.472049689440993,1000000.0,8.0,1.0,322.0,0.0,322000000.0,1.0,2.0
3459,6.473846153846154,1000000.0,8.0,1.0,325.0,0.0,325000000.0,1.0,2.0
3460,6.472049689440993,1000000.0,8.0,1.0,322.0,0.0,322000000.0,1.0,2.0
3461,6.515723270440252,1000000.0,8.0,1.0,318.0,0.0,318000000.0,1.0,2.0
3462,7.044303797468355,1000000.0,11.0,1.0,316.0,0.0,316000000.0,1.0,2.0
3463,6.56875,1000000.0,9.0,1.0,320.0,0.0,320000000.0,1.0,2.0
3464,6.5,1000000.0,9.0,1.0,322.0,0.0,322000000.0,1.0,3.0
3465,6.5125,1000000.0,8.0,1.0,320.0,0.0,320000000.0,1.0,2.0
3466,6.518987341772152,1000000.0,8.0,1.0,316.0,0.0,316000000.0,1.0,2.0
3467,6.528301886792453,1000000.0,8.0,1.0,318.0,0.0,318000000.0,1.0,2.0
3468,6.50314465408805,1000000.0,8.0,1.0,318.0,0.0,318000000.0,1.0,2.0
3469,6.489164086687307,1000000.0,8.0,1.0,323.0,0.0,323000000.0,1.0,2.0
3470,6.507836990595611,1000000.0,8.0,1.0,319.0,0.0,319000000.0,1.0,2.0
3471,6.506329113924051,1000000.0,8.0,1.0,316.0,0.0,316000000.0,1.0,2.0
3472,6.238993710691824,1000000.0,8.0,1.0,318.0,0.0,318000000.0,1.0,2.0
3473,5.578125,1000000.0,10.0,1.0,320.0,0.0,320000000.0,1.0,3.0
3474,5.492163009404389,1000000.0,8.0,1.0,319.0,0.0,319000000.0,1.0,2.0
3475,5.484276729559748,1000000.0,8.0,1.0,318.0,0.0,318000000.0,1.0,2.0
3476,5.4603174603174605,1000000.0,8.0,1.0,315.0,0.0,315000000.0,1.0,2.0
3477,5.5,1000000.0,8.0,1.0,320.0,0.0,320000000.0,1.0,2.0
3478,5.515527950310559,1000000.0,8.0,1.0,322.0,0.0,322000000.0,1.0,2.0
3479,5.492163009404389,1000000.0,8.0,1.0,319.0,0.0,319000000.0,1.0,2.0
3480,5.5,1000000.0,8.0,1.0,320.0,0.0,320000000.0,1.0,2.0
3481,5.484276729559748,1000000.0,8.0,1.0,318.0,0.0,318000000.0,1.0,2.0
3482,5.520249221183801,1000000.0,8.0,1.0,321.0,0.0,321000000.0,1.0,2.0
3483,5.503105590062112,1000000.0,8.0,1.0,322.0,0.0,322000000.0,1.0,2.0
3484,5.507788161993769,1000000.0,8.0,1.0,321.0,0.0,321000000.0,1.0,2.0
3485,5.476340694006309,1000000.0,8.0,1.0,317.0,0.0,317000000.0,1.0,2.0
3486,5.484276729559748,1000000.0,8.0,1.0,318.0,0.0,318000000.0,1.0,2.0
3487,5.70125786163522,1000000.0,8.0,1.0,318.0,0.0,318000000.0,1.0,2.0
3488,5.940438871473354,1000000.0,8.0,1.0,319.0,0.0,319000000.0,1.0,2.0
3489,5.492163009404389,1000000.0,8.0,1.0,319.0,0.0,319000000.0,1.0,2.0
3490,5.641744548286605,1000000.0,8.0,1.0,321.0,0.0,321000000.0,1.0,2.0
3491,6.072555205047319,1000000.0,8.0,1.0,317.0,0.0,317000000.0,1.0,2.0
3492,5.492163009404389,1000000.0,8.0,1.0,319.0,0.0,319000000.0,1.0,2.0
3493,5.527950310559007,1000000.0,8.0,1.0,322.0,0.0,322000000.0,1.0,2.0
3494,5.504702194357367,1000000.0,8.0,1.0,319.0,0.0,319000000.0,1.0,2.0
3495,5.493670886075949,1000000.0,8.0,1.0,316.0,0.0,316000000.0,1.0,2.0
3496,5.4953271028037385,1000000.0,8.0,1.0,321.0,0.0,321000000.0,1.0,2.0
3497,5.507788161993769,1000000.0,8.0,1.0,321.0,0.0,321000000.0,1.0,2.0
3498,5.484276729559748,1000000.0,8.0,1.0,318.0,0.0,318000000.0,1.0,2.0
3499,5.492163009404389,1000000.0,8.0,1.0,319.0,0.0,319000000.0,1.0,2.0
3500,5.526315789473684,1000000.0,9.0,1.0,323.0,0.0,323000000.0,1.0,3.0
3501,6.044164037854889,1000000.0,8.0,1.0,317.0,0.0,317000000.0,1.0,2.0
3502,6.339622641509434,1000000.0,8.0,1.0,318.0,0.0,318000000.0,1.0,2.0
3503,5.515527950310559,1000000.0,8.0,1.0,322.0,0.0,322000000.0,1.0,2.0
3504,5.906542056074766,1000000.0,8.0,1.0,321.0,0.0,321000000.0,1.0,2.0
3505,6.50314465408805,1000000.0,8.0,1.0,318.0,0.0,318000000.0,1.0,2.0
3506,6.9245283018867925,1000000.0,10.0,1.0,318.0,0.0,318000000.0,1.0,2.0
3507,6.495297805642633,1000000.0,8.0,1.0,319.0,0.0,319000000.0,1.0,2.0
3508,6.507836990595611,1000000.0,8.0,1.0,319.0,0.0,319000000.0,1.0,2.0
3509,6.507836990595611,1000000.0,8.0,1.0,319.0,0.0,319000000.0,1.0,2.0
3510,6.495297805642633,1000000.0,8.0,1.0,319.0,0.0,319000000.0,1.0,2.0
3511,6.507836990595611,1000000.0,8.0,1.0,319.0,0.0,319000000.0,1.0,2.0
3512,6.99685534591195,1000000.0,11.0,1.0,318.0,0.0,318000000.0,1.0,2.0
3513,7.366771159874608,1000000.0,11.0,1.0,319.0,0.0,319000000.0,1.0,2.0
3514,6.625,1000000.0,10.0,1.0,320.0,0.0,320000000.0,1.0,2.0
3515,6.489164086687307,1000000.0,8.0,1.0,323.0,0.0,323000000.0,1.0,2.0
3516,6.4875,1000000.0,8.0,1.0,320.0,0.0,320000000.0,1.0,2.0
3517,6.5046728971962615,1000000.0,8.0,1.0,321.0,0.0,321000000.0,1.0,2.0
3518,6.83596214511041,1000000.0,11.0,1.0,317.0,0.0,317000000.0,1.0,2.0
3519,7.522012578616352,1000000.0,11.0,1.0,318.0,0.0,318000000.0,1.0,2.0
3520,6.291021671826625,1000000.0,8.0,1.0,323.0,0.0,323000000.0,1.0,2.0
3521,5.493670886075949,1000000.0,8.0,1.0,316.0,0.0,316000000.0,1.0,2.0
3522,5.636923076923077,1000000.0,8.0,1.0,325.0,0.0,325000000.0,1.0,2.0
3523,6.518987341772152,1000000.0,8.0,1.0,316.0,0.0,316000000.0,1.0,2.0
3524,6.510769230769231,1000000.0,8.0,1.0,325.0,0.0,325000000.0,1.0,2.0
3525,6.518867924528302,1000000.0,8.0,1.0,318.0,0.0,318000000.0,1.0,2.0
3526,6.515723270440252,1000000.0,8.0,1.0,318.0,0.0,318000000.0,1.0,2.0
3527,6.5046728971962615,1000000.0,8.0,1.0,321.0,0.0,321000000.0,1.0,2.0
3528,6.472222222222222,1000000.0,8.0,1.0,324.0,0.0,324000000.0,1.0,3.0
3529,6.4875,1000000.0,8.0,1.0,320.0,0.0,320000000.0,1.0,2.0
3530,6.507836990595611,1000000.0,8.0,1.0,319.0,0.0,319000000.0,1.0,2.0
3531,6.528301886792453,1000000.0,8.0,1.0,318.0,0.0,318000000.0,1.0,2.0
3532,6.484472049689441,1000000.0,8.0,1.0,322.0,0.0,322000000.0,1.0,2.0
3533,6.531645569620253,1000000.0,8.0,1.0,316.0,0.0,316000000.0,1.0,2.0
3534,6.475,1000000.0,8.0,1.0,320.0,0.0,320000000.0,1.0,2.0
3535,6.528301886792453,1000000.0,8.0,1.0,318.0,0.0,318000000.0,1.0,2.0
3536,6.511041009463723,1000000.0,8.0,1.0,317.0,0.0,317000000.0,1.0,2.0
3537,6.558359621451104,1000000.0,8.0,1.0,317.0,0.0,317000000.0,1.0,2.0
3538,6.634674922600619,1000000.0,8.0,1.0,323.0,0.0,323000000.0,1.0,3.0
3539,6.5,1000000.0,8.0,1.0,320.0,0.0,320000000.0,1.0,2.0
3540,6.496894409937888,1000000.0,8.0,1.0,322.0,0.0,322000000.0,1.0,2.0
3541,6.532915360501567,1000000.0,8.0,1.0,319.0,0.0,319000000.0,1.0,2.0
3542,6.515723270440252,1000000.0,8.0,1.0,318.0,0.0,318000000.0,1.0,2.0
3543,6.518987341772152,1000000.0,8.0,1.0,316.0,0.0,316000000.0,1.0,2.0
3544,6.716510903426792,1000000.0,10.0,1.0,321.0,0.0,321000000.0,1.0,2.0
3545,6.484472049689441,1000000.0,8.0,1.0,322.0,0.0,322000000.0,1.0,2.0
3546,6.507836990595611,1000000.0,8.0,1.0,319.0,0.0,319000000.0,1.0,2.0
3547,6.52037617554859,1000000.0,8.0,1.0,319.0,0.0,319000000.0,1.0,2.0
3548,6.50314465408805,1000000.0,8.0,1.0,318.0,0.0,318000000.0,1.0,2.0
3549,6.511041009463723,1000000.0,8.0,1.0,317.0,0.0,317000000.0,1.0,2.0
3550,6.496894409937888,1000000.0,8.0,1.0,322.0,0.0,322000000.0,1.0,2.0
3551,6.5,1000000.0,8.0,1.0,320.0,0.0,320000000.0,1.0,2.0
3552,6.518987341772152,1000000.0,8.0,1.0,316.0,0.0,316000000.0,1.0,2.0
3553,6.53125,1000000.0,9.0,1.0,320.0,0.0,320000000.0,1.0,2.0
3554,6.495297805642633,1000000.0,8.0,1.0,319.0,0.0,319000000.0,1.0,2.0
3555,6.515723270440252,1000000.0,8.0,1.0,318.0,0.0,318000000.0,1.0,2.0
3556,6.484472049689441,1000000.0,8.0,1.0,322.0,0.0,322000000.0,1.0,2.0
3557,6.5,1000000.0,8.0,1.0,320.0,0.0,320000000.0,1.0,2.0
3558,6.496894409937888,1000000.0,8.0,1.0,322.0,0.0,322000000.0,1.0,2.0
3559,6.559748427672956,1000000.0,11.0,1.0,318.0,0.0,318000000.0,1.0,2.0
3560,6.515723270440252,1000000.0,8.0,1.0,318.0,0.0,318000000.0,1.0,2.0
3561,6.518987341772152,1000000.0,8.0,1.0,316.0,0.0,316000000.0,1.0,2.0
3562,6.5046728971962615,1000000.0,8.0,1.0,321.0,0.0,321000000.0,1.0,2.0
3563,6.803125,1000000.0,10.0,1.0,320.0,0.0,320000000.0,1.0,2.0
3564,6.560897435897436,1000000.0,8.0,1.0,312.0,0.0,312000000.0,1.0,2.0
3565,6.5,1000000.0,8.0,1.0,320.0,0.0,320000000.0,1.0,2.0
3566,6.586956521739131,1000000.0,8.0,1.0,322.0,0.0,322000000.0,1.0,2.0
3567,6.475155279503106,1000000.0,8.0,1.0,322.0,0.0,322000000.0,1.0,3.0
3568,6.484472049689441,1000000.0,8.0,1.0,322.0,0.0,322000000.0,1.0,2.0
3569,6.5,1000000.0,8.0,1.0,320.0,0.0,320000000.0,1.0,2.0
3570,6.523659305993691,1000000.0,8.0,1.0,317.0,0.0,317000000.0,1.0,2.0
3571,6.5396825396825395,1000000.0,8.0,1.0,315.0,0.0,315000000.0,1.0,2.0
3572,6.515723270440252,1000000.0,8.0,1.0,318.0,0.0,318000000.0,1.0,2.0
3573,6.482866043613707,1000000.0,8.0,1.0,321.0,0.0,321000000.0,1.0,3.0
3574,6.484472049689441,1000000.0,8.0,1.0,322.0,0.0,322000000.0,1.0,2.0
3575,6.5362776025236595,1000000.0,8.0,1.0,317.0,0.0,317000000.0,1.0,2.0
3576,6.507836990595611,1000000.0,8.0,1.0,319.0,0.0,319000000.0,1.0,2.0
3577,6.523659305993691,1000000.0,8.0,1.0,317.0,0.0,317000000.0,1.0,2.0
3578,6.495297805642633,1000000.0,8.0,1.0,319.0,0.0,319000000.0,1.0,2.0
3579,6.492211838006231,1000000.0,8.0,1.0,321.0,0.0,321000000.0,1.0,2.0
3580,6.484472049689441,1000000.0,8.0,1.0,322.0,0.0,322000000.0,1.0,2.0
3581,6.5125,1000000.0,8.0,1.0,320.0,0.0,320000000.0,1.0,2.0
3582,6.506329113924051,1000000.0,8.0,1.0,316.0,0.0,316000000.0,1.0,2.0
3583,6.492260061919505,1000000.0,8.0,1.0,323.0,0.0,323000000.0,1.0,3.0
3584,5.838509316770186,1000000.0,8.0,1.0,322.0,0.0,322000000.0,1.0,2.0
3585,5.492163009404389,1000000.0,8.0,1.0,319.0,0.0,319000000.0,1.0,2.0
3586,5.4953271028037385,1000000.0,8.0,1.0,321.0,0.0,321000000.0,1.0,2.0
3587,5.504702194357367,1000000.0,8.0,1.0,319.0,0.0,319000000.0,1.0,2.0
3588,5.523219814241486,1000000.0,8.0,1.0,323.0,0.0,323000000.0,1.0,2.0
3589,5.724137931034483,1000000.0,11.0,1.0,319.0,0.0,319000000.0,1.0,2.0
3590,5.488958990536277,1000000.0,8.0,1.0,317.0,0.0,317000000.0,1.0,2.0
3591,5.503105590062112,1000000.0,8.0,1.0,322.0,0.0,322000000.0,1.0,2.0
3592,5.582554517133956,1000000.0,9.0,1.0,321.0,0.0,321000000.0,1.0,2.0
3593,6.369905956112853,1000000.0,8.0,1.0,319.0,0.0,319000000.0,1.0,2.0
3594,7.085714285714285,1000000.0,10.0,1.0,315.0,0.0,315000000.0,1.0,2.0
3595,7.608832807570978,1000000.0,10.0,1.0,317.0,0.0,317000000.0,1.0,2.0
3596,6.50314465408805,1000000.0,8.0,1.0,318.0,0.0,318000000.0,1.0,2.0
3597,6.4875,1000000.0,8.0,1.0,320.0,0.0,320000000.0,1.0,2.0
3598,6.479750778816199,1000000.0,8.0,1.0,321.0,0.0,321000000.0,1.0,2.0
3599,6.511041009463723,1000000.0,8.0,1.0,317.0,0.0,317000000.0,1.0,2.0
3600,6.531645569620253,1000000.0,8.0,1.0,316.0,0.0,316000000.0,1.0,2.0
3601,6.528301886792453,1000000.0,8.0,1.0,318.0,0.0,318000000.0,1.0,2.0
3602,6.492211838006231,1000000.0,8.0,1.0,321.0,0.0,321000000.0,1.0,2.0
3603,6.205607476635514,1000000.0,8.0,1.0,321.0,0.0,321000000.0,1.0,2.0
3604,6.927215189873418,1000000.0,11.0,1.0,316.0,0.0,316000000.0,1.0,2.0
3605,6.511041009463723,1000000.0,8.0,1.0,317.0,0.0,317000000.0,1.0,2.0
3606,6.492211838006231,1000000.0,8.0,1.0,321.0,0.0,321000000.0,1.0,2.0
3607,6.484472049689441,1000000.0,8.0,1.0,322.0,0.0,322000000.0,1.0,2.0
3608,6.511041009463723,1000000.0,8.0,1.0,317.0,0.0,317000000.0,1.0,2.0
3609,6.528301886792453,1000000.0,8.0,1.0,318.0,0.0,318000000.0,1.0,2.0
3610,6.507788161993769,1000000.0,9.0,1.0,321.0,0.0,321000000.0,1.0,3.0
3611,6.511041009463723,1000000.0,8.0,1.0,317.0,0.0,317000000.0,1.0,2.0
3612,6.496894409937888,1000000.0,8.0,1.0,322.0,0.0,322000000.0,1.0,2.0
3613,6.5,1000000.0,8.0,1.0,320.0,0.0,320000000.0,1.0,2.0
3614,6.73015873015873,1000000.0,8.0,1.0,315.0,0.0,315000000.0,1.0,2.0
3615,6.5,1000000.0,8.0,1.0,320.0,0.0,320000000.0,1.0,2.0
3616,6.496894409937888,1000000.0,8.0,1.0,322.0,0.0,322000000.0,1.0,2.0
3617,6.484472049689441,1000000.0,8.0,1.0,322.0,0.0,322000000.0,1.0,2.0
3618,6.531645569620253,1000000.0,8.0,1.0,316.0,0.0,316000000.0,1.0,2.0
3619,6.518987341772152,1000000.0,8.0,1.0,316.0,0.0,316000000.0,1.0,2.0
3620,6.5,1000000.0,8.0,1.0,320.0,0.0,320000000.0,1.0,2.0
3621,6.50314465408805,1000000.0,8.0,1.0,318.0,0.0,318000000.0,1.0,2.0
3622,6.492211838006231,1000000.0,8.0,1.0,321.0,0.0,321000000.0,1.0,2.0
3623,6.4875,1000000.0,8.0,1.0,320.0,0.0,320000000.0,1.0,2.0
3624,6.4875,1000000.0,8.0,1.0,320.0,0.0,320000000.0,1.0,2.0
3625,6.5362776025236595,1000000.0,8.0,1.0,317.0,0.0,317000000.0,1.0,2.0
3626,6.507836990595611,1000000.0,8.0,1.0,319.0,0.0,319000000.0,1.0,2.0
3627,6.511041009463723,1000000.0,8.0,1.0,317.0,0.0,317000000.0,1.0,2.0
3628,6.590062111801243,1000000.0,8.0,1.0,322.0,0.0,322000000.0,1.0,2.0
3629,6.496894409937888,1000000.0,8.0,1.0,322.0,0.0,322000000.0,1.0,2.0
3630,6.506329113924051,1000000.0,8.0,1.0,316.0,0.0,316000000.0,1.0,2.0
3631,6.5362776025236595,1000000.0,8.0,1.0,317.0,0.0,317000000.0,1.0,2.0
3632,6.515723270440252,1000000.0,8.0,1.0,318.0,0.0,318000000.0,1.0,2.0
3633,6.546296296296297,1000000.0,8.0,1.0,324.0,0.0,324000000.0,1.0,2.0
3634,6.489164086687307,1000000.0,8.0,1.0,323.0,0.0,323000000.0,1.0,2.0
3635,6.523659305993691,1000000.0,8.0,1.0,317.0,0.0,317000000.0,1.0,2.0
3636,6.472049689440993,1000000.0,8.0,1.0,322.0,0.0,322000000.0,1.0,2.0
3637,6.5625,1000000.0,10.0,1.0,320.0,0.0,320000000.0,1.0,2.0
3638,6.495297805642633,1000000.0,8.0,1.0,319.0,0.0,319000000.0,1.0,2.0
3639,6.75,1000000.0,11.0,1.0,316.0,0.0,316000000.0,1.0,2.0
3640,6.5327102803738315,1000000.0,11.0,1.0,321.0,0.0,321000000.0,1.0,2.0
3641,6.5,1000000.0,9.0,1.0,322.0,0.0,322000000.0,1.0,3.0
3642,6.50314465408805,1000000.0,8.0,1.0,318.0,0.0,318000000.0,1.0,2.0
3643,6.518987341772152,1000000.0,8.0,1.0,316.0,0.0,316000000.0,1.0,2.0
3644,6.523659305993691,1000000.0,8.0,1.0,317.0,0.0,317000000.0,1.0,2.0
3645,6.515723270440252,1000000.0,8.0,1.0,318.0,0.0,318000000.0,1.0,2.0
3646,6.492211838006231,1000000.0,8.0,1.0,321.0,0.0,321000000.0,1.0,2.0
3647,7.062111801242236,1000000.0,10.0,1.0,322.0,0.0,322000000.0,1.0,2.0
3648,6.514285714285714,1000000.0,8.0,1.0,315.0,0.0,315000000.0,1.0,2.0
3649,6.507836990595611,1000000.0,8.0,1.0,319.0,0.0,319000000.0,1.0,2.0
3650,6.496894409937888,1000000.0,8.0,1.0,322.0,0.0,322000000.0,1.0,2.0
3651,6.50314465408805,1000000.0,8.0,1.0,318.0,0.0,318000000.0,1.0,2.0
3652,6.5046728971962615,1000000.0,8.0,1.0,321.0,0.0,321000000.0,1.0,2.0
3653,6.618012422360248,1000000.0,10.0,1.0,322.0,0.0,322000000.0,1.0,3.0
3654,6.484472049689441,1000000.0,8.0,1.0,322.0,0.0,322000000.0,1.0,2.0
3655,6.547770700636943,1000000.0,8.0,1.0,314.0,0.0,314000000.0,1.0,2.0
3656,6.551282051282051,1000000.0,8.0,1.0,312.0,0.0,312000000.0,1.0,2.0
3657,6.511041009463723,1000000.0,8.0,1.0,317.0,0.0,317000000.0,1.0,2.0
3658,6.507836990595611,1000000.0,8.0,1.0,319.0,0.0,319000000.0,1.0,2.0
3659,6.5,1000000.0,8.0,1.0,320.0,0.0,320000000.0,1.0,2.0
3660,6.492211838006231,1000000.0,8.0,1.0,321.0,0.0,321000000.0,1.0,2.0
3661,6.511041009463723,1000000.0,8.0,1.0,317.0,0.0,317000000.0,1.0,2.0
3662,6.528301886792453,1000000.0,8.0,1.0,318.0,0.0,318000000.0,1.0,2.0
3663,6.4875,1000000.0,8.0,1.0,320.0,0.0,320000000.0,1.0,2.0
3664,6.044444444444444,1000000.0,8.0,1.0,315.0,0.0,315000000.0,1.0,2.0
3665,5.64375,1000000.0,8.0,1.0,320.0,0.0,320000000.0,1.0,2.0
3666,5.507788161993769,1000000.0,8.0,1.0,321.0,0.0,321000000.0,1.0,2.0
3667,5.507788161993769,1000000.0,8.0,1.0,321.0,0.0,321000000.0,1.0,2.0
3668,5.504702194357367,1000000.0,8.0,1.0,319.0,0.0,319000000.0,1.0,2.0
3669,5.476340694006309,1000000.0,8.0,1.0,317.0,0.0,317000000.0,1.0,2.0
3670,5.487421383647798,1000000.0,8.0,1.0,318.0,0.0,318000000.0,1.0,3.0
3671,5.4937888198757765,1000000.0,8.0,1.0,322.0,0.0,322000000.0,1.0,3.0
3672,6.062111801242236,1000000.0,8.0,1.0,322.0,0.0,322000000.0,1.0,2.0
3673,6.515723270440252,1000000.0,8.0,1.0,318.0,0.0,318000000.0,1.0,2.0
3674,6.484472049689441,1000000.0,8.0,1.0,322.0,0.0,322000000.0,1.0,2.0
3675,6.511041009463723,1000000.0,8.0,1.0,317.0,0.0,317000000.0,1.0,2.0
3676,6.507836990595611,1000000.0,8.0,1.0,319.0,0.0,319000000.0,1.0,2.0
3677,6.526479750778816,1000000.0,8.0,1.0,321.0,0.0,321000000.0,1.0,2.0
3678,6.591772151898734,1000000.0,8.0,1.0,316.0,0.0,316000000.0,1.0,2.0
3679,7.344827586206897,1000000.0,8.0,1.0,319.0,0.0,319000000.0,1.0,2.0
3680,5.716049382716049,1000000.0,8.0,1.0,324.0,0.0,324000000.0,1.0,2.0
3681,5.47962382445141,1000000.0,8.0,1.0,319.0,0.0,319000000.0,1.0,2.0
3682,6.526984126984127,1000000.0,8.0,1.0,315.0,0.0,315000000.0,1.0,2.0
3683,6.544303797468355,1000000.0,8.0,1.0,316.0,0.0,316000000.0,1.0,2.0
3684,6.495297805642633,1000000.0,8.0,1.0,319.0,0.0,319000000.0,1.0,2.0
3685,6.5125,1000000.0,8.0,1.0,320.0,0.0,320000000.0,1.0,2.0
3686,6.464396284829721,1000000.0,8.0,1.0,323.0,0.0,323000000.0,1.0,2.0
3687,6.507836990595611,1000000.0,8.0,1.0,319.0,0.0,319000000.0,1.0,2.0
3688,6.515723270440252,1000000.0,8.0,1.0,318.0,0.0,318000000.0,1.0,2.0
3689,6.476780185758514,1000000.0,8.0,1.0,323.0,0.0,323000000.0,1.0,2.0
3690,6.559748427672956,1000000.0,10.0,1.0,318.0,0.0,318000000.0,1.0,2.0
3691,6.523659305993691,1000000.0,8.0,1.0,317.0,0.0,317000000.0,1.0,2.0
3692,6.515723270440252,1000000.0,8.0,1.0,318.0,0.0,318000000.0,1.0,2.0
3693,6.4953271028037385,1000000.0,9.0,1.0,321.0,0.0,321000000.0,1.0,3.0
3694,6.476780185758514,1000000.0,8.0,1.0,323.0,0.0,323000000.0,1.0,2.0
3695,6.5186335403726705,1000000.0,11.0,1.0,322.0,0.0,322000000.0,1.0,2.0
3696,6.507836990595611,1000000.0,8.0,1.0,319.0,0.0,319000000.0,1.0,2.0
3697,6.5,1000000.0,8.0,1.0,320.0,0.0,320000000.0,1.0,2.0
3698,6.50314465408805,1000000.0,8.0,1.0,318.0,0.0,318000000.0,1.0,2.0
3699,6.52037617554859,1000000.0,8.0,1.0,319.0,0.0,319000000.0,1.0,2.0
3700,6.495297805642633,1000000.0,8.0,1.0,319.0,0.0,319000000.0,1.0,2.0
3701,6.489164086687307,1000000.0,8.0,1.0,323.0,0.0,323000000.0,1.0,2.0
3702,6.5,1000000.0,8.0,1.0,320.0,0.0,320000000.0,1.0,2.0
3703,6.523659305993691,1000000.0,8.0,1.0,317.0,0.0,317000000.0,1.0,2.0
3704,6.507836990595611,1000000.0,8.0,1.0,319.0,0.0,319000000.0,1.0,2.0
3705,6.5,1000000.0,8.0,1.0,320.0,0.0,320000000.0,1.0,2.0
3706,6.8924050632911396,1000000.0,8.0,1.0,316.0,0.0,316000000.0,1.0,2.0
3707,6.5,1000000.0,8.0,1.0,320.0,0.0,320000000.0,1.0,2.0
3708,6.5,1000000.0,8.0,1.0,320.0,0.0,320000000.0,1.0,2.0
3709,6.515723270440252,1000000.0,8.0,1.0,318.0,0.0,318000000.0,1.0,2.0
3710,6.528301886792453,1000000.0,8.0,1.0,318.0,0.0,318000000.0,1.0,2.0
3711,6.507836990595611,1000000.0,8.0,1.0,319.0,0.0,319000000.0,1.0,2.0
3712,6.647619047619048,1000000.0,8.0,1.0,315.0,0.0,315000000.0,1.0,2.0
3713,6.507836990595611,1000000.0,8.0,1.0,319.0,0.0,319000000.0,1.0,2.0
3714,6.5,1000000.0,8.0,1.0,320.0,0.0,320000000.0,1.0,2.0
3715,6.668769716088328,1000000.0,8.0,1.0,317.0,0.0,317000000.0,1.0,2.0
3716,6.81875,1000000.0,8.0,1.0,320.0,0.0,320000000.0,1.0,2.0
3717,6.479750778816199,1000000.0,8.0,1.0,321.0,0.0,321000000.0,1.0,2.0
3718,6.492211838006231,1000000.0,8.0,1.0,321.0,0.0,321000000.0,1.0,2.0
3719,6.5,1000000.0,8.0,1.0,320.0,0.0,320000000.0,1.0,2.0
3720,6.515723270440252,1000000.0,8.0,1.0,318.0,0.0,318000000.0,1.0,2.0
3721,6.52037617554859,1000000.0,8.0,1.0,319.0,0.0,319000000.0,1.0,2.0
3722,6.511041009463723,1000000.0,8.0,1.0,317.0,0.0,317000000.0,1.0,2.0
3723,6.569182389937107,1000000.0,8.0,1.0,318.0,0.0,318000000.0,1.0,2.0
3724,6.470588235294118,1000000.0,8.0,1.0,323.0,0.0,323000000.0,1.0,3.0
3725,6.492211838006231,1000000.0,8.0,1.0,321.0,0.0,321000000.0,1.0,2.0
3726,6.496894409937888,1000000.0,8.0,1.0,322.0,0.0,322000000.0,1.0,2.0
3727,6.507836990595611,1000000.0,8.0,1.0,319.0,0.0,319000000.0,1.0,2.0
3728,6.753164556962025,1000000.0,9.0,1.0,316.0,0.0,316000000.0,1.0,2.0
3729,6.598130841121495,1000000.0,9.0,1.0,321.0,0.0,321000000.0,1.0,2.0
3730,6.5046728971962615,1000000.0,8.0,1.0,321.0,0.0,321000000.0,1.0,2.0
3731,6.492211838006231,1000000.0,8.0,1.0,321.0,0.0,321000000.0,1.0,2.0
3732,6.5396825396825395,1000000.0,8.0,1.0,315.0,0.0,315000000.0,1.0,2.0
3733,7.098101265822785,1000000.0,11.0,1.0,316.0,0.0,316000000.0,1.0,2.0
3734,7.20440251572327,1000000.0,11.0,1.0,318.0,0.0,318000000.0,1.0,2.0
3735,6.482758620689655,1000000.0,8.0,1.0,319.0,0.0,319000000.0,1.0,2.0
3736,6.492211838006231,1000000.0,8.0,1.0,321.0,0.0,321000000.0,1.0,2.0
3737,6.523659305993691,1000000.0,8.0,1.0,317.0,0.0,317000000.0,1.0,2.0
3738,6.5125,1000000.0,8.0,1.0,320.0,0.0,320000000.0,1.0,2.0
3739,6.495297805642633,1000000.0,8.0,1.0,319.0,0.0,319000000.0,1.0,2.0
3740,6.509375,1000000.0,9.0,1.0,320.0,0.0,320000000.0,1.0,2.0
3741,6.634375,1000000.0,10.0,1.0,320.0,0.0,320000000.0,1.0,3.0
3742,6.484472049689441,1000000.0,8.0,1.0,322.0,0.0,322000000.0,1.0,2.0
3743,6.528301886792453,1000000.0,8.0,1.0,318.0,0.0,318000000.0,1.0,2.0
3744,6.523659305993691,1000000.0,8.0,1.0,317.0,0.0,317000000.0,1.0,2.0
3745,6.531645569620253,1000000.0,8.0,1.0,316.0,0.0,316000000.0,1.0,2.0
3746,6.5,1000000.0,8.0,1.0,320.0,0.0,320000000.0,1.0,2.0
3747,6.492211838006231,1000000.0,8.0,1.0,321.0,0.0,321000000.0,1.0,2.0
3748,6.784810126582278,1000000.0,10.0,1.0,316.0,0.0,316000000.0,1.0,2.0
3749,7.021806853582555,1000000.0,10.0,1.0,321.0,0.0,321000000.0,1.0,2.0
3750,6.534810126582278,1000000.0,8.0,1.0,316.0,0.0,316000000.0,1.0,3.0
3751,6.526984126984127,1000000.0,8.0,1.0,315.0,0.0,315000000.0,1.0,2.0
3752,6.492211838006231,1000000.0,8.0,1.0,321.0,0.0,321000000.0,1.0,2.0
3753,6.5,1000000.0,8.0,1.0,320.0,0.0,320000000.0,1.0,2.0
3754,6.503125,1000000.0,8.0,1.0,320.0,0.0,320000000.0,1.0,3.0
3755,6.523659305993691,1000000.0,8.0,1.0,317.0,0.0,317000000.0,1.0,2.0
3756,6.514285714285714,1000000.0,8.0,1.0,315.0,0.0,315000000.0,1.0,2.0
3757,6.5,1000000.0,8.0,1.0,320.0,0.0,320000000.0,1.0,2.0
3758,6.472049689440993,1000000.0,8.0,1.0,322.0,0.0,322000000.0,1.0,2.0
3759,6.523659305993691,1000000.0,8.0,1.0,317.0,0.0,317000000.0,1.0,2.0
3760,6.507836990595611,1000000.0,8.0,1.0,319.0,0.0,319000000.0,1.0,2.0
3761,6.522292993630574,1000000.0,8.0,1.0,314.0,0.0,314000000.0,1.0,2.0
3762,6.5125,1000000.0,8.0,1.0,320.0,0.0,320000000.0,1.0,2.0
3763,6.569659442724459,1000000.0,8.0,1.0,323.0,0.0,323000000.0,1.0,2.0
3764,6.6069182389937104,1000000.0,8.0,1.0,318.0,0.0,318000000.0,1.0,2.0
3765,6.5125,1000000.0,8.0,1.0,320.0,0.0,320000000.0,1.0,2.0
3766,6.553125,1000000.0,8.0,1.0,320.0,0.0,320000000.0,1.0,2.0
3767,5.719626168224299,1000000.0,8.0,1.0,321.0,0.0,321000000.0,1.0,2.0
3768,5.515527950310559,1000000.0,8.0,1.0,322.0,0.0,322000000.0,1.0,2.0
3769,5.5125,1000000.0,8.0,1.0,320.0,0.0,320000000.0,1.0,2.0
3770,5.504702194357367,1000000.0,8.0,1.0,319.0,0.0,319000000.0,1.0,2.0
3771,5.484276729559748,1000000.0,8.0,1.0,318.0,0.0,318000000.0,1.0,2.0
3772,5.5,1000000.0,8.0,1.0,320.0,0.0,320000000.0,1.0,2.0
3773,5.527950310559007,1000000.0,8.0,1.0,322.0,0.0,322000000.0,1.0,2.0
3774,5.571875,1000000.0,9.0,1.0,320.0,0.0,320000000.0,1.0,2.0
3775,5.4953271028037385,1000000.0,8.0,1.0,321.0,0.0,321000000.0,1.0,2.0
3776,5.484276729559748,1000000.0,8.0,1.0,318.0,0.0,318000000.0,1.0,2.0
3777,5.515527950310559,1000000.0,8.0,1.0,322.0,0.0,322000000.0,1.0,2.0
3778,5.488958990536277,1000000.0,8.0,1.0,317.0,0.0,317000000.0,1.0,2.0
3779,5.476340694006309,1000000.0,8.0,1.0,317.0,0.0,317000000.0,1.0,2.0
3780,5.481012658227848,1000000.0,8.0,1.0,316.0,0.0,316000000.0,1.0,2.0
3781,5.5,1000000.0,8.0,1.0,320.0,0.0,320000000.0,1.0,2.0
3782,5.5,1000000.0,8.0,1.0,320.0,0.0,320000000.0,1.0,2.0
3783,5.515527950310559,1000000.0,8.0,1.0,322.0,0.0,322000000.0,1.0,2.0
3784,5.484276729559748,1000000.0,8.0,1.0,318.0,0.0,318000000.0,1.0,2.0
3785,5.5,1000000.0,8.0,1.0,320.0,0.0,320000000.0,1.0,2.0
3786,5.918238993710692,1000000.0,10.0,1.0,318.0,0.0,318000000.0,1.0,2.0
3787,5.5,1000000.0,8.0,1.0,320.0,0.0,320000000.0,1.0,2.0
3788,5.492163009404389,1000000.0,8.0,1.0,319.0,0.0,319000000.0,1.0,2.0
3789,5.492163009404389,1000000.0,8.0,1.0,319.0,0.0,319000000.0,1.0,2.0
3790,5.492163009404389,1000000.0,8.0,1.0,319.0,0.0,319000000.0,1.0,2.0
3791,5.770186335403727,1000000.0,10.0,1.0,322.0,0.0,322000000.0,1.0,3.0
3792,5.67601246105919,1000000.0,10.0,1.0,321.0,0.0,321000000.0,1.0,2.0
3793,5.507788161993769,1000000.0,8.0,1.0,321.0,0.0,321000000.0,1.0,2.0
3794,5.468354430379747,1000000.0,8.0,1.0,316.0,0.0,316000000.0,1.0,2.0
3795,5.484276729559748,1000000.0,8.0,1.0,318.0,0.0,318000000.0,1.0,2.0
3796,5.509433962264151,1000000.0,8.0,1.0,318.0,0.0,318000000.0,1.0,2.0
3797,5.5,1000000.0,8.0,1.0,320.0,0.0,320000000.0,1.0,2.0
3798,5.510835913312693,1000000.0,8.0,1.0,323.0,0.0,323000000.0,1.0,2.0
3799,5.492163009404389,1000000.0,8.0,1.0,319.0,0.0,319000000.0,1.0,2.0
3800,5.507788161993769,1000000.0,8.0,1.0,321.0,0.0,321000000.0,1.0,2.0
3801,5.5,1000000.0,8.0,1.0,320.0,0.0,320000000.0,1.0,2.0
3802,5.535256410256411,1000000.0,8.0,1.0,312.0,0.0,312000000.0,1.0,2.0
3803,5.5,1000000.0,8.0,1.0,320.0,0.0,320000000.0,1.0,2.0
3804,5.523219814241486,1000000.0,8.0,1.0,323.0,0.0,323000000.0,1.0,2.0
3805,5.492163009404389,1000000.0,8.0,1.0,319.0,0.0,319000000.0,1.0,2.0
3806,5.484276729559748,1000000.0,8.0,1.0,318.0,0.0,318000000.0,1.0,2.0
3807,5.476340694006309,1000000.0,8.0,1.0,317.0,0.0,317000000.0,1.0,2.0
3808,5.5,1000000.0,8.0,1.0,320.0,0.0,320000000.0,1.0,2.0
3809,5.507788161993769,1000000.0,8.0,1.0,321.0,0.0,321000000.0,1.0,2.0
3810,5.523219814241486,1000000.0,8.0,1.0,323.0,0.0,323000000.0,1.0,2.0
3811,5.5,1000000.0,8.0,1.0,320.0,0.0,320000000.0,1.0,2.0
3812,5.49375,1000000.0,8.0,1.0,320.0,0.0,320000000.0,1.0,3.0
3813,5.5,1000000.0,8.0,1.0,320.0,0.0,320000000.0,1.0,2.0
3814,5.507788161993769,1000000.0,8.0,1.0,321.0,0.0,321000000.0,1.0,2.0
3815,5.507788161993769,1000000.0,8.0,1.0,321.0,0.0,321000000.0,1.0,2.0
3816,5.492163009404389,1000000.0,8.0,1.0,319.0,0.0,319000000.0,1.0,2.0
3817,6.2239747634069404,1000000.0,8.0,1.0,317.0,0.0,317000000.0,1.0,2.0
3818,5.484276729559748,1000000.0,8.0,1.0,318.0,0.0,318000000.0,1.0,2.0
3819,5.515527950310559,1000000.0,8.0,1.0,322.0,0.0,322000000.0,1.0,2.0
3820,5.507788161993769,1000000.0,8.0,1.0,321.0,0.0,321000000.0,1.0,2.0
3821,5.5,1000000.0,8.0,1.0,320.0,0.0,320000000.0,1.0,2.0
3822,5.484276729559748,1000000.0,8.0,1.0,318.0,0.0,318000000.0,1.0,2.0
3823,5.468354430379747,1000000.0,8.0,1.0,316.0,0.0,316000000.0,1.0,2.0
3824,5.5,1000000.0,8.0,1.0,320.0,0.0,320000000.0,1.0,2.0
3825,5.552795031055901,1000000.0,9.0,1.0,322.0,0.0,322000000.0,1.0,2.0
3826,5.476340694006309,1000000.0,8.0,1.0,317.0,0.0,317000000.0,1.0,2.0
3827,5.484276729559748,1000000.0,8.0,1.0,318.0,0.0,318000000.0,1.0,2.0
3828,5.484276729559748,1000000.0,8.0,1.0,318.0,0.0,318000000.0,1.0,2.0
3829,5.553459119496855,1000000.0,10.0,1.0,318.0,0.0,318000000.0,1.0,2.0
3830,5.507788161993769,1000000.0,8.0,1.0,321.0,0.0,321000000.0,1.0,2.0
3831,5.507788161993769,1000000.0,8.0,1.0,321.0,0.0,321000000.0,1.0,2.0
3832,5.476340694006309,1000000.0,8.0,1.0,317.0,0.0,317000000.0,1.0,2.0
3833,5.488958990536277,1000000.0,8.0,1.0,317.0,0.0,317000000.0,1.0,2.0
3834,5.47962382445141,1000000.0,8.0,1.0,319.0,0.0,319000000.0,1.0,2.0
3835,5.510903426791277,1000000.0,9.0,1.0,321.0,0.0,321000000.0,1.0,3.0
3836,5.515527950310559,1000000.0,8.0,1.0,322.0,0.0,322000000.0,1.0,2.0
3837,5.492163009404389,1000000.0,8.0,1.0,319.0,0.0,319000000.0,1.0,2.0
3838,5.476340694006309,1000000.0,8.0,1.0,317.0,0.0,317000000.0,1.0,2.0
3839,5.4603174603174605,1000000.0,8.0,1.0,315.0,0.0,315000000.0,1.0,2.0
3840,5.49685534591195,1000000.0,8.0,1.0,318.0,0.0,318000000.0,1.0,2.0
3841,5.510835913312693,1000000.0,8.0,1.0,323.0,0.0,323000000.0,1.0,2.0
3842,5.768025078369906,1000000.0,10.0,1.0,319.0,0.0,319000000.0,1.0,2.0
3843,5.520249221183801,1000000.0,8.0,1.0,321.0,0.0,321000000.0,1.0,2.0
3844,5.77639751552795,1000000.0,8.0,1.0,322.0,0.0,322000000.0,1.0,2.0
3845,5.705696202531645,1000000.0,8.0,1.0,316.0,0.0,316000000.0,1.0,2.0
3846,5.515527950310559,1000000.0,8.0,1.0,322.0,0.0,322000000.0,1.0,2.0
3847,5.5,1000000.0,8.0,1.0,320.0,0.0,320000000.0,1.0,2.0
3848,5.468354430379747,1000000.0,8.0,1.0,316.0,0.0,316000000.0,1.0,2.0
3849,5.476340694006309,1000000.0,8.0,1.0,317.0,0.0,317000000.0,1.0,2.0
3850,5.488958990536277,1000000.0,8.0,1.0,317.0,0.0,317000000.0,1.0,2.0
3851,5.507788161993769,1000000.0,8.0,1.0,321.0,0.0,321000000.0,1.0,2.0
3852,5.5,1000000.0,8.0,1.0,320.0,0.0,320000000.0,1.0,2.0
3853,5.535825545171339,1000000.0,8.0,1.0,321.0,0.0,321000000.0,1.0,2.0
3854,5.484276729559748,1000000.0,8.0,1.0,318.0,0.0,318000000.0,1.0,2.0
3855,5.471698113207547,1000000.0,8.0,1.0,318.0,0.0,318000000.0,1.0,2.0
3856,5.488958990536277,1000000.0,8.0,1.0,317.0,0.0,317000000.0,1.0,2.0
3857,5.507788161993769,1000000.0,8.0,1.0,321.0,0.0,321000000.0,1.0,2.0
3858,5.5125,1000000.0,8.0,1.0,320.0,0.0,320000000.0,1.0,2.0
3859,5.5125,1000000.0,8.0,1.0,320.0,0.0,320000000.0,1.0,2.0
3860,5.484276729559748,1000000.0,8.0,1.0,318.0,0.0,318000000.0,1.0,2.0
3861,5.570977917981073,1000000.0,8.0,1.0,317.0,0.0,317000000.0,1.0,2.0
3862,5.65,1000000.0,8.0,1.0,320.0,0.0,320000000.0,1.0,2.0
3863,6.484472049689441,1000000.0,8.0,1.0,322.0,0.0,322000000.0,1.0,2.0
3864,6.534810126582278,1000000.0,8.0,1.0,316.0,0.0,316000000.0,1.0,3.0
3865,6.515723270440252,1000000.0,8.0,1.0,318.0,0.0,318000000.0,1.0,2.0
3866,6.531645569620253,1000000.0,8.0,1.0,316.0,0.0,316000000.0,1.0,2.0
3867,6.940993788819876,1000000.0,10.0,1.0,322.0,0.0,322000000.0,1.0,3.0
3868,6.518987341772152,1000000.0,10.0,1.0,316.0,0.0,316000000.0,1.0,2.0
3869,6.496894409937888,1000000.0,8.0,1.0,322.0,0.0,322000000.0,1.0,2.0
3870,6.472049689440993,1000000.0,8.0,1.0,322.0,0.0,322000000.0,1.0,2.0
3871,6.523659305993691,1000000.0,8.0,1.0,317.0,0.0,317000000.0,1.0,2.0
3872,6.5396825396825395,1000000.0,8.0,1.0,315.0,0.0,315000000.0,1.0,2.0
3873,6.495297805642633,1000000.0,8.0,1.0,319.0,0.0,319000000.0,1.0,2.0
3874,6.4875,1000000.0,8.0,1.0,320.0,0.0,320000000.0,1.0,2.0
3875,6.5046728971962615,1000000.0,8.0,1.0,321.0,0.0,321000000.0,1.0,2.0
3876,6.492211838006231,1000000.0,8.0,1.0,321.0,0.0,321000000.0,1.0,2.0
3877,6.484472049689441,1000000.0,8.0,1.0,322.0,0.0,322000000.0,1.0,2.0
3878,6.788643533123029,1000000.0,10.0,1.0,317.0,0.0,317000000.0,1.0,2.0
3879,6.52037617554859,1000000.0,8.0,1.0,319.0,0.0,319000000.0,1.0,2.0
3880,6.515723270440252,1000000.0,8.0,1.0,318.0,0.0,318000000.0,1.0,2.0
3881,6.4875,1000000.0,8.0,1.0,320.0,0.0,320000000.0,1.0,2.0
3882,6.484567901234568,1000000.0,9.0,1.0,324.0,0.0,324000000.0,1.0,3.0
3883,6.5125,1000000.0,8.0,1.0,320.0,0.0,320000000.0,1.0,2.0
3884,6.634920634920635,1000000.0,10.0,1.0,315.0,0.0,315000000.0,1.0,2.0
3885,7.264984227129338,1000000.0,10.0,1.0,317.0,0.0,317000000.0,1.0,3.0
3886,6.496894409937888,1000000.0,8.0,1.0,322.0,0.0,322000000.0,1.0,2.0
3887,6.492211838006231,1000000.0,8.0,1.0,321.0,0.0,321000000.0,1.0,2.0
3888,6.50314465408805,1000000.0,8.0,1.0,318.0,0.0,318000000.0,1.0,2.0
3889,6.507836990595611,1000000.0,8.0,1.0,319.0,0.0,319000000.0,1.0,2.0
3890,6.481481481481482,1000000.0,8.0,1.0,324.0,0.0,324000000.0,1.0,2.0
3891,6.514285714285714,1000000.0,8.0,1.0,315.0,0.0,315000000.0,1.0,2.0
3892,6.510903426791277,1000000.0,8.0,1.0,321.0,0.0,321000000.0,1.0,2.0
3893,6.642857142857143,1000000.0,8.0,1.0,322.0,0.0,322000000.0,1.0,2.0
3894,6.560126582278481,1000000.0,8.0,1.0,316.0,0.0,316000000.0,1.0,2.0
3895,5.607476635514018,1000000.0,8.0,1.0,321.0,0.0,321000000.0,1.0,2.0
3896,5.520249221183801,1000000.0,8.0,1.0,321.0,0.0,321000000.0,1.0,2.0
3897,5.492163009404389,1000000.0,8.0,1.0,319.0,0.0,319000000.0,1.0,2.0
3898,5.47962382445141,1000000.0,8.0,1.0,319.0,0.0,319000000.0,1.0,2.0
3899,5.488958990536277,1000000.0,8.0,1.0,317.0,0.0,317000000.0,1.0,2.0
3900,5.49685534591195,1000000.0,8.0,1.0,318.0,0.0,318000000.0,1.0,2.0
3901,5.507788161993769,1000000.0,8.0,1.0,321.0,0.0,321000000.0,1.0,2.0
3902,5.484276729559748,1000000.0,8.0,1.0,318.0,0.0,318000000.0,1.0,2.0
3903,5.481012658227848,1000000.0,8.0,1.0,316.0,0.0,316000000.0,1.0,2.0
3904,5.80564263322884,1000000.0,8.0,1.0,319.0,0.0,319000000.0,1.0,2.0
3905,5.515527950310559,1000000.0,8.0,1.0,322.0,0.0,322000000.0,1.0,2.0
3906,5.515527950310559,1000000.0,8.0,1.0,322.0,0.0,322000000.0,1.0,2.0
3907,5.507788161993769,1000000.0,8.0,1.0,321.0,0.0,321000000.0,1.0,2.0
3908,5.4953271028037385,1000000.0,8.0,1.0,321.0,0.0,321000000.0,1.0,2.0
3909,5.490625,1000000.0,8.0,1.0,320.0,0.0,320000000.0,1.0,3.0
3910,5.504702194357367,1000000.0,8.0,1.0,319.0,0.0,319000000.0,1.0,2.0
3911,5.510835913312693,1000000.0,8.0,1.0,323.0,0.0,323000000.0,1.0,2.0
3912,5.492163009404389,1000000.0,8.0,1.0,319.0,0.0,319000000.0,1.0,2.0
3913,5.49685534591195,1000000.0,8.0,1.0,318.0,0.0,318000000.0,1.0,2.0
3914,6.238993710691824,1000000.0,8.0,1.0,318.0,0.0,318000000.0,1.0,2.0
3915,6.5125,1000000.0,8.0,1.0,320.0,0.0,320000000.0,1.0,2.0
3916,6.476780185758514,1000000.0,8.0,1.0,323.0,0.0,323000000.0,1.0,2.0
3917,6.5,1000000.0,8.0,1.0,320.0,0.0,320000000.0,1.0,2.0
3918,6.890282131661442,1000000.0,11.0,1.0,319.0,0.0,319000000.0,1.0,2.0
3919,6.496913580246914,1000000.0,9.0,1.0,324.0,0.0,324000000.0,1.0,3.0
3920,6.7215189873417724,1000000.0,10.0,1.0,316.0,0.0,316000000.0,1.0,2.0
3921,6.526984126984127,1000000.0,8.0,1.0,315.0,0.0,315000000.0,1.0,2.0
3922,6.507836990595611,1000000.0,8.0,1.0,319.0,0.0,319000000.0,1.0,2.0
3923,6.481481481481482,1000000.0,8.0,1.0,324.0,0.0,324000000.0,1.0,2.0
3924,6.484472049689441,1000000.0,8.0,1.0,322.0,0.0,322000000.0,1.0,2.0
3925,6.4875,1000000.0,8.0,1.0,320.0,0.0,320000000.0,1.0,2.0
3926,6.523659305993691,1000000.0,8.0,1.0,317.0,0.0,317000000.0,1.0,2.0
3927,6.528301886792453,1000000.0,8.0,1.0,318.0,0.0,318000000.0,1.0,2.0
3928,6.523659305993691,1000000.0,8.0,1.0,317.0,0.0,317000000.0,1.0,2.0
3929,6.5,1000000.0,8.0,1.0,320.0,0.0,320000000.0,1.0,2.0
3930,6.464396284829721,1000000.0,8.0,1.0,323.0,0.0,323000000.0,1.0,2.0
3931,6.526984126984127,1000000.0,8.0,1.0,315.0,0.0,315000000.0,1.0,2.0
3932,6.52037617554859,1000000.0,8.0,1.0,319.0,0.0,319000000.0,1.0,2.0
3933,6.518987341772152,1000000.0,8.0,1.0,316.0,0.0,316000000.0,1.0,2.0
3934,6.489164086687307,1000000.0,8.0,1.0,323.0,0.0,323000000.0,1.0,2.0
3935,6.154798761609907,1000000.0,8.0,1.0,323.0,0.0,323000000.0,1.0,2.0
3936,5.504702194357367,1000000.0,8.0,1.0,319.0,0.0,319000000.0,1.0,2.0
3937,5.4953271028037385,1000000.0,8.0,1.0,321.0,0.0,321000000.0,1.0,2.0
3938,5.476340694006309,1000000.0,8.0,1.0,317.0,0.0,317000000.0,1.0,2.0
3939,5.5125,1000000.0,8.0,1.0,320.0,0.0,320000000.0,1.0,2.0
3940,5.507788161993769,1000000.0,8.0,1.0,321.0,0.0,321000000.0,1.0,2.0
3941,5.473015873015873,1000000.0,8.0,1.0,315.0,0.0,315000000.0,1.0,2.0
3942,5.4637223974763405,1000000.0,8.0,1.0,317.0,0.0,317000000.0,1.0,2.0
3943,5.619496855345912,1000000.0,8.0,1.0,318.0,0.0,318000000.0,1.0,2.0
3944,5.523219814241486,1000000.0,8.0,1.0,323.0,0.0,323000000.0,1.0,2.0
3945,5.503105590062112,1000000.0,8.0,1.0,322.0,0.0,322000000.0,1.0,2.0
3946,6.072327044025157,1000000.0,8.0,1.0,318.0,0.0,318000000.0,1.0,2.0
3947,5.512578616352202,1000000.0,8.0,1.0,318.0,0.0,318000000.0,1.0,2.0
3948,5.4953271028037385,1000000.0,8.0,1.0,321.0,0.0,321000000.0,1.0,2.0
3949,5.5,1000000.0,8.0,1.0,320.0,0.0,320000000.0,1.0,2.0
3950,5.515527950310559,1000000.0,8.0,1.0,322.0,0.0,322000000.0,1.0,2.0
3951,5.504702194357367,1000000.0,8.0,1.0,319.0,0.0,319000000.0,1.0,2.0
3952,5.484276729559748,1000000.0,8.0,1.0,318.0,0.0,318000000.0,1.0,2.0
3953,5.461538461538462,1000000.0,8.0,1.0,312.0,0.0,312000000.0,1.0,2.0
3954,5.484276729559748,1000000.0,8.0,1.0,318.0,0.0,318000000.0,1.0,2.0
3955,5.698757763975156,1000000.0,8.0,1.0,322.0,0.0,322000000.0,1.0,2.0
3956,6.79047619047619,1000000.0,8.0,1.0,315.0,0.0,315000000.0,1.0,2.0
3957,5.476340694006309,1000000.0,8.0,1.0,317.0,0.0,317000000.0,1.0,2.0
3958,5.471698113207547,1000000.0,8.0,1.0,318.0,0.0,318000000.0,1.0,2.0
3959,5.488958990536277,1000000.0,8.0,1.0,317.0,0.0,317000000.0,1.0,2.0
3960,5.515527950310559,1000000.0,8.0,1.0,322.0,0.0,322000000.0,1.0,2.0
3961,5.53250773993808,1000000.0,10.0,1.0,323.0,0.0,323000000.0,1.0,2.0
3962,5.452229299363057,1000000.0,8.0,1.0,314.0,0.0,314000000.0,1.0,2.0
3963,5.473015873015873,1000000.0,8.0,1.0,315.0,0.0,315000000.0,1.0,2.0
3964,5.484276729559748,1000000.0,8.0,1.0,318.0,0.0,318000000.0,1.0,2.0
3965,5.515527950310559,1000000.0,8.0,1.0,322.0,0.0,322000000.0,1.0,2.0
3966,5.507788161993769,1000000.0,8.0,1.0,321.0,0.0,321000000.0,1.0,2.0
3967,5.484276729559748,1000000.0,8.0,1.0,318.0,0.0,318000000.0,1.0,2.0
3968,5.608150470219436,1000000.0,10.0,1.0,319.0,0.0,319000000.0,1.0,2.0
3969,5.5186335403726705,1000000.0,9.0,1.0,322.0,0.0,322000000.0,1.0,2.0
3970,5.484276729559748,1000000.0,8.0,1.0,318.0,0.0,318000000.0,1.0,2.0
3971,5.473015873015873,1000000.0,8.0,1.0,315.0,0.0,315000000.0,1.0,2.0
3972,5.484276729559748,1000000.0,8.0,1.0,318.0,0.0,318000000.0,1.0,2.0
3973,5.488958990536277,1000000.0,8.0,1.0,317.0,0.0,317000000.0,1.0,2.0
3974,5.520249221183801,1000000.0,8.0,1.0,321.0,0.0,321000000.0,1.0,2.0
3975,5.507788161993769,1000000.0,8.0,1.0,321.0,0.0,321000000.0,1.0,2.0
3976,5.476340694006309,1000000.0,8.0,1.0,317.0,0.0,317000000.0,1.0,2.0
3977,5.476340694006309,1000000.0,8.0,1.0,317.0,0.0,317000000.0,1.0,2.0
3978,5.484276729559748,1000000.0,8.0,1.0,318.0,0.0,318000000.0,1.0,2.0
3979,5.520249221183801,1000000.0,8.0,1.0,321.0,0.0,321000000.0,1.0,2.0
3980,5.492163009404389,1000000.0,8.0,1.0,319.0,0.0,319000000.0,1.0,2.0
3981,5.466876971608833,1000000.0,8.0,1.0,317.0,0.0,317000000.0,1.0,3.0
3982,5.492163009404389,1000000.0,8.0,1.0,319.0,0.0,319000000.0,1.0,2.0
3983,5.492163009404389,1000000.0,8.0,1.0,319.0,0.0,319000000.0,1.0,2.0
3984,5.716049382716049,1000000.0,8.0,1.0,324.0,0.0,324000000.0,1.0,2.0
3985,5.732484076433121,1000000.0,8.0,1.0,314.0,0.0,314000000.0,1.0,2.0
3986,5.456869009584665,1000000.0,8.0,1.0,313.0,0.0,313000000.0,1.0,2.0
3987,5.4953271028037385,1000000.0,8.0,1.0,321.0,0.0,321000000.0,1.0,2.0
3988,5.507788161993769,1000000.0,8.0,1.0,321.0,0.0,321000000.0,1.0,2.0
3989,5.476340694006309,1000000.0,8.0,1.0,317.0,0.0,317000000.0,1.0,2.0
3990,5.464968152866242,1000000.0,8.0,1.0,314.0,0.0,314000000.0,1.0,2.0
3991,5.510835913312693,1000000.0,8.0,1.0,323.0,0.0,323000000.0,1.0,2.0
3992,5.515527950310559,1000000.0,8.0,1.0,322.0,0.0,322000000.0,1.0,2.0
3993,5.527950310559007,1000000.0,8.0,1.0,322.0,0.0,322000000.0,1.0,2.0
3994,5.464968152866242,1000000.0,8.0,1.0,314.0,0.0,314000000.0,1.0,2.0
3995,5.476340694006309,1000000.0,8.0,1.0,317.0,0.0,317000000.0,1.0,2.0
3996,5.5,1000000.0,8.0,1.0,320.0,0.0,320000000.0,1.0,2.0
3997,5.4953271028037385,1000000.0,8.0,1.0,321.0,0.0,321000000.0,1.0,2.0
3998,5.488958990536277,1000000.0,8.0,1.0,317.0,0.0,317000000.0,1.0,2.0
3999,5.484276729559748,1000000.0,8.0,1.0,318.0,0.0,318000000.0,1.0,2.0
4000,5.495297805642633,1000000.0,8.0,1.0,319.0,0.0,319000000.0,1.0,3.0
4001,5.4953271028037385,1000000.0,8.0,1.0,321.0,0.0,321000000.0,1.0,2.0
4002,5.523219814241486,1000000.0,8.0,1.0,323.0,0.0,323000000.0,1.0,2.0
4003,5.476340694006309,1000000.0,8.0,1.0,317.0,0.0,317000000.0,1.0,2.0
4004,5.484276729559748,1000000.0,8.0,1.0,318.0,0.0,318000000.0,1.0,2.0
4005,5.6125,1000000.0,9.0,1.0,320.0,0.0,320000000.0,1.0,2.0
4006,5.507788161993769,1000000.0,8.0,1.0,321.0,0.0,321000000.0,1.0,2.0
4007,5.492163009404389,1000000.0,8.0,1.0,319.0,0.0,319000000.0,1.0,2.0
4008,5.752380952380952,1000000.0,8.0,1.0,315.0,0.0,315000000.0,1.0,2.0
4009,6.515723270440252,1000000.0,8.0,1.0,318.0,0.0,318000000.0,1.0,2.0
4010,6.492211838006231,1000000.0,8.0,1.0,321.0,0.0,321000000.0,1.0,2.0
4011,6.5046728971962615,1000000.0,8.0,1.0,321.0,0.0,321000000.0,1.0,2.0
4012,6.522292993630574,1000000.0,8.0,1.0,314.0,0.0,314000000.0,1.0,2.0
4013,6.52037617554859,1000000.0,8.0,1.0,319.0,0.0,319000000.0,1.0,2.0
4014,6.5396825396825395,1000000.0,8.0,1.0,315.0,0.0,315000000.0,1.0,2.0
4015,6.523659305993691,1000000.0,8.0,1.0,317.0,0.0,317000000.0,1.0,2.0
4016,6.492211838006231,1000000.0,8.0,1.0,321.0,0.0,321000000.0,1.0,2.0
4017,6.495297805642633,1000000.0,8.0,1.0,319.0,0.0,319000000.0,1.0,2.0
4018,6.531645569620253,1000000.0,8.0,1.0,316.0,0.0,316000000.0,1.0,2.0
4019,6.749206349206349,1000000.0,11.0,1.0,315.0,0.0,315000000.0,1.0,2.0
4020,6.515723270440252,1000000.0,8.0,1.0,318.0,0.0,318000000.0,1.0,2.0
4021,6.55625,1000000.0,11.0,1.0,320.0,0.0,320000000.0,1.0,2.0
4022,6.729559748427673,1000000.0,11.0,1.0,318.0,0.0,318000000.0,1.0,2.0
4023,6.472049689440993,1000000.0,8.0,1.0,322.0,0.0,322000000.0,1.0,2.0
4024,6.58307210031348,1000000.0,10.0,1.0,319.0,0.0,319000000.0,1.0,2.0
4025,6.518987341772152,1000000.0,8.0,1.0,316.0,0.0,316000000.0,1.0,2.0
4026,6.515723270440252,1000000.0,8.0,1.0,318.0,0.0,318000000.0,1.0,2.0
4027,6.492211838006231,1000000.0,8.0,1.0,321.0,0.0,321000000.0,1.0,2.0
4028,6.492211838006231,1000000.0,8.0,1.0,321.0,0.0,321000000.0,1.0,2.0
4029,6.5,1000000.0,8.0,1.0,320.0,0.0,320000000.0,1.0,2.0
4030,6.523659305993691,1000000.0,8.0,1.0,317.0,0.0,317000000.0,1.0,2.0
4031,6.496894409937888,1000000.0,8.0,1.0,322.0,0.0,322000000.0,1.0,2.0
4032,6.515723270440252,1000000.0,8.0,1.0,318.0,0.0,318000000.0,1.0,2.0
4033,6.347003154574132,1000000.0,8.0,1.0,317.0,0.0,317000000.0,1.0,2.0
4034,5.5,1000000.0,8.0,1.0,320.0,0.0,320000000.0,1.0,2.0
4035,6.1625,1000000.0,8.0,1.0,320.0,0.0,320000000.0,1.0,2.0
4036,5.665615141955836,1000000.0,8.0,1.0,317.0,0.0,317000000.0,1.0,2.0
4037,5.49685534591195,1000000.0,8.0,1.0,318.0,0.0,318000000.0,1.0,2.0
4038,5.515527950310559,1000000.0,8.0,1.0,322.0,0.0,322000000.0,1.0,2.0
4039,6.559375,1000000.0,8.0,1.0,320.0,0.0,320000000.0,1.0,2.0
4040,6.101851851851852,1000000.0,8.0,1.0,324.0,0.0,324000000.0,1.0,2.0
4041,5.527950310559007,1000000.0,8.0,1.0,322.0,0.0,322000000.0,1.0,2.0
4042,5.507788161993769,1000000.0,8.0,1.0,321.0,0.0,321000000.0,1.0,2.0
4043,5.5,1000000.0,8.0,1.0,320.0,0.0,320000000.0,1.0,2.0
4044,5.487261146496815,1000000.0,8.0,1.0,314.0,0.0,314000000.0,1.0,2.0
4045,5.5125,1000000.0,8.0,1.0,320.0,0.0,320000000.0,1.0,2.0
4046,5.5,1000000.0,8.0,1.0,320.0,0.0,320000000.0,1.0,2.0
4047,5.5,1000000.0,8.0,1.0,320.0,0.0,320000000.0,1.0,2.0
4048,5.515527950310559,1000000.0,8.0,1.0,322.0,0.0,322000000.0,1.0,2.0
4049,6.269592476489028,1000000.0,8.0,1.0,319.0,0.0,319000000.0,1.0,2.0
4050,6.511041009463723,1000000.0,8.0,1.0,317.0,0.0,317000000.0,1.0,2.0
4051,6.528301886792453,1000000.0,8.0,1.0,318.0,0.0,318000000.0,1.0,2.0
4052,6.50314465408805,1000000.0,8.0,1.0,318.0,0.0,318000000.0,1.0,2.0
4053,6.492211838006231,1000000.0,8.0,1.0,321.0,0.0,321000000.0,1.0,2.0
4054,6.591772151898734,1000000.0,9.0,1.0,316.0,0.0,316000000.0,1.0,2.0
4055,6.529780564263323,1000000.0,9.0,1.0,319.0,0.0,319000000.0,1.0,2.0
4056,6.518987341772152,1000000.0,8.0,1.0,316.0,0.0,316000000.0,1.0,2.0
4057,6.5046728971962615,1000000.0,8.0,1.0,321.0,0.0,321000000.0,1.0,2.0
4058,6.495297805642633,1000000.0,8.0,1.0,319.0,0.0,319000000.0,1.0,2.0
4059,6.990654205607477,1000000.0,10.0,1.0,321.0,0.0,321000000.0,1.0,2.0
4060,6.531645569620253,1000000.0,8.0,1.0,316.0,0.0,316000000.0,1.0,2.0
4061,6.511041009463723,1000000.0,8.0,1.0,317.0,0.0,317000000.0,1.0,2.0
4062,6.489164086687307,1000000.0,8.0,1.0,323.0,0.0,323000000.0,1.0,2.0
4063,6.479750778816199,1000000.0,8.0,1.0,321.0,0.0,321000000.0,1.0,2.0
4064,6.496894409937888,1000000.0,8.0,1.0,322.0,0.0,322000000.0,1.0,2.0
4065,6.845911949685535,1000000.0,9.0,1.0,318.0,0.0,318000000.0,1.0,2.0
4066,6.721875,1000000.0,9.0,1.0,320.0,0.0,320000000.0,1.0,2.0
4067,6.5046728971962615,1000000.0,8.0,1.0,321.0,0.0,321000000.0,1.0,2.0
4068,6.526984126984127,1000000.0,8.0,1.0,315.0,0.0,315000000.0,1.0,2.0
4069,6.708860759493671,1000000.0,11.0,1.0,316.0,0.0,316000000.0,1.0,2.0
4070,7.1713395638629285,1000000.0,11.0,1.0,321.0,0.0,321000000.0,1.0,2.0
4071,6.492211838006231,1000000.0,8.0,1.0,321.0,0.0,321000000.0,1.0,2.0
4072,6.4875,1000000.0,8.0,1.0,320.0,0.0,320000000.0,1.0,2.0
4073,6.515625,1000000.0,9.0,1.0,320.0,0.0,320000000.0,1.0,3.0
4074,6.5396825396825395,1000000.0,8.0,1.0,315.0,0.0,315000000.0,1.0,2.0
4075,6.484472049689441,1000000.0,8.0,1.0,322.0,0.0,322000000.0,1.0,2.0
4076,6.523659305993691,1000000.0,8.0,1.0,317.0,0.0,317000000.0,1.0,2.0
4077,6.507836990595611,1000000.0,8.0,1.0,319.0,0.0,319000000.0,1.0,2.0
4078,6.1806853582554515,1000000.0,8.0,1.0,321.0,0.0,321000000.0,1.0,2.0
4079,5.5,1000000.0,8.0,1.0,320.0,0.0,320000000.0,1.0,2.0
4080,5.507788161993769,1000000.0,8.0,1.0,321.0,0.0,321000000.0,1.0,2.0
4081,5.515527950310559,1000000.0,8.0,1.0,322.0,0.0,322000000.0,1.0,2.0
4082,6.012658227848101,1000000.0,8.0,1.0,316.0,0.0,316000000.0,1.0,2.0
4083,5.473015873015873,1000000.0,8.0,1.0,315.0,0.0,315000000.0,1.0,2.0
4084,5.503105590062112,1000000.0,8.0,1.0,322.0,0.0,322000000.0,1.0,2.0
4085,5.5125,1000000.0,8.0,1.0,320.0,0.0,320000000.0,1.0,2.0
4086,5.47962382445141,1000000.0,8.0,1.0,319.0,0.0,319000000.0,1.0,2.0
4087,5.481012658227848,1000000.0,8.0,1.0,316.0,0.0,316000000.0,1.0,2.0
4088,5.503105590062112,1000000.0,8.0,1.0,322.0,0.0,322000000.0,1.0,2.0
4089,5.530864197530864,1000000.0,8.0,1.0,324.0,0.0,324000000.0,1.0,2.0
4090,5.481012658227848,1000000.0,8.0,1.0,316.0,0.0,316000000.0,1.0,2.0
4091,5.476340694006309,1000000.0,8.0,1.0,317.0,0.0,317000000.0,1.0,2.0
4092,5.484276729559748,1000000.0,8.0,1.0,318.0,0.0,318000000.0,1.0,2.0
4093,5.504643962848297,1000000.0,8.0,1.0,323.0,0.0,323000000.0,1.0,3.0
4094,5.5,1000000.0,8.0,1.0,320.0,0.0,320000000.0,1.0,2.0
4095,6.009463722397476,1000000.0,8.0,1.0,317.0,0.0,317000000.0,1.0,2.0
4096,5.481012658227848,1000000.0,8.0,1.0,316.0,0.0,316000000.0,1.0,2.0
4097,5.541795665634675,1000000.0,10.0,1.0,323.0,0.0,323000000.0,1.0,2.0
4098,5.5062111801242235,1000000.0,9.0,1.0,322.0,0.0,322000000.0,1.0,3.0
4099,5.8742138364779874,1000000.0,8.0,1.0,318.0,0.0,318000000.0,1.0,2.0
4100,6.069400630914826,1000000.0,8.0,1.0,317.0,0.0,317000000.0,1.0,2.0
4101,5.523219814241486,1000000.0,8.0,1.0,323.0,0.0,323000000.0,1.0,2.0
4102,5.492163009404389,1000000.0,8.0,1.0,319.0,0.0,319000000.0,1.0,2.0
4103,5.47962382445141,1000000.0,8.0,1.0,319.0,0.0,319000000.0,1.0,2.0
4104,6.25,1000000.0,11.0,1.0,316.0,0.0,316000000.0,1.0,2.0
4105,5.492163009404389,1000000.0,8.0,1.0,319.0,0.0,319000000.0,1.0,2.0
4106,5.503105590062112,1000000.0,8.0,1.0,322.0,0.0,322000000.0,1.0,2.0
4107,5.515527950310559,1000000.0,8.0,1.0,322.0,0.0,322000000.0,1.0,2.0
4108,5.492163009404389,1000000.0,8.0,1.0,319.0,0.0,319000000.0,1.0,2.0
4109,5.488958990536277,1000000.0,8.0,1.0,317.0,0.0,317000000.0,1.0,2.0
4110,5.455696202531645,1000000.0,8.0,1.0,316.0,0.0,316000000.0,1.0,2.0
4111,5.492163009404389,1000000.0,8.0,1.0,319.0,0.0,319000000.0,1.0,2.0
4112,5.5125,1000000.0,8.0,1.0,320.0,0.0,320000000.0,1.0,2.0
4113,5.47962382445141,1000000.0,8.0,1.0,319.0,0.0,319000000.0,1.0,2.0
4114,5.477707006369426,1000000.0,8.0,1.0,314.0,0.0,314000000.0,1.0,2.0
4115,5.473015873015873,1000000.0,8.0,1.0,315.0,0.0,315000000.0,1.0,2.0
4116,6.018691588785047,1000000.0,8.0,1.0,321.0,0.0,321000000.0,1.0,2.0
4117,6.4875,1000000.0,8.0,1.0,320.0,0.0,320000000.0,1.0,2.0
4118,6.496894409937888,1000000.0,8.0,1.0,322.0,0.0,322000000.0,1.0,2.0
4119,6.484472049689441,1000000.0,8.0,1.0,322.0,0.0,322000000.0,1.0,2.0
4120,6.649230769230769,1000000.0,8.0,1.0,325.0,0.0,325000000.0,1.0,2.0
4121,6.5396825396825395,1000000.0,8.0,1.0,315.0,0.0,315000000.0,1.0,2.0
4122,6.518987341772152,1000000.0,8.0,1.0,316.0,0.0,316000000.0,1.0,2.0
4123,6.484472049689441,1000000.0,8.0,1.0,322.0,0.0,322000000.0,1.0,2.0
4124,6.758513931888545,1000000.0,8.0,1.0,323.0,0.0,323000000.0,1.0,2.0
4125,7.630914826498422,1000000.0,8.0,1.0,317.0,0.0,317000000.0,1.0,2.0
4126,6.553125,1000000.0,8.0,1.0,320.0,0.0,320000000.0,1.0,2.0
4127,6.476780185758514,1000000.0,8.0,1.0,323.0,0.0,323000000.0,1.0,2.0
4128,6.515723270440252,1000000.0,8.0,1.0,318.0,0.0,318000000.0,1.0,2.0
4129,6.515723270440252,1000000.0,8.0,1.0,318.0,0.0,318000000.0,1.0,2.0
4130,6.473846153846154,1000000.0,8.0,1.0,325.0,0.0,325000000.0,1.0,2.0
4131,6.484472049689441,1000000.0,8.0,1.0,322.0,0.0,322000000.0,1.0,2.0
4132,6.5,1000000.0,8.0,1.0,320.0,0.0,320000000.0,1.0,2.0
4133,6.511041009463723,1000000.0,8.0,1.0,317.0,0.0,317000000.0,1.0,2.0
4134,6.489164086687307,1000000.0,8.0,1.0,323.0,0.0,323000000.0,1.0,2.0
4135,6.495297805642633,1000000.0,8.0,1.0,319.0,0.0,319000000.0,1.0,2.0
4136,6.4495412844036695,1000000.0,8.0,1.0,327.0,0.0,327000000.0,1.0,3.0
4137,6.5,1000000.0,8.0,1.0,320.0,0.0,320000000.0,1.0,2.0
4138,6.481481481481482,1000000.0,8.0,1.0,324.0,0.0,324000000.0,1.0,2.0
4139,6.479750778816199,1000000.0,8.0,1.0,321.0,0.0,321000000.0,1.0,2.0
4140,6.5046728971962615,1000000.0,8.0,1.0,321.0,0.0,321000000.0,1.0,2.0
4141,6.523659305993691,1000000.0,8.0,1.0,317.0,0.0,317000000.0,1.0,2.0
4142,6.4875,1000000.0,8.0,1.0,320.0,0.0,320000000.0,1.0,2.0
4143,6.555555555555555,1000000.0,9.0,1.0,315.0,0.0,315000000.0,1.0,3.0
4144,6.5396825396825395,1000000.0,8.0,1.0,315.0,0.0,315000000.0,1.0,2.0
4145,6.549382716049383,1000000.0,11.0,1.0,324.0,0.0,324000000.0,1.0,2.0
4146,6.673913043478261,1000000.0,9.0,1.0,322.0,0.0,322000000.0,1.0,2.0
4147,6.484472049689441,1000000.0,8.0,1.0,322.0,0.0,322000000.0,1.0,2.0
4148,7.33125,1000000.0,11.0,1.0,320.0,0.0,320000000.0,1.0,2.0
4149,6.523659305993691,1000000.0,8.0,1.0,317.0,0.0,317000000.0,1.0,2.0
4150,6.481481481481482,1000000.0,8.0,1.0,324.0,0.0,324000000.0,1.0,2.0
4151,6.479750778816199,1000000.0,8.0,1.0,321.0,0.0,321000000.0,1.0,2.0
4152,6.492211838006231,1000000.0,8.0,1.0,321.0,0.0,321000000.0,1.0,2.0
4153,6.479750778816199,1000000.0,8.0,1.0,321.0,0.0,321000000.0,1.0,2.0
4154,6.458715596330276,1000000.0,8.0,1.0,327.0,0.0,327000000.0,1.0,2.0
4155,6.489164086687307,1000000.0,9.0,1.0,323.0,0.0,323000000.0,1.0,2.0
4156,6.511041009463723,1000000.0,8.0,1.0,317.0,0.0,317000000.0,1.0,2.0
4157,6.484472049689441,1000000.0,8.0,1.0,322.0,0.0,322000000.0,1.0,2.0
4158,6.523659305993691,1000000.0,8.0,1.0,317.0,0.0,317000000.0,1.0,2.0
4159,6.489164086687307,1000000.0,8.0,1.0,323.0,0.0,323000000.0,1.0,2.0
4160,6.475,1000000.0,8.0,1.0,320.0,0.0,320000000.0,1.0,2.0
4161,6.489164086687307,1000000.0,8.0,1.0,323.0,0.0,323000000.0,1.0,2.0
4162,6.507836990595611,1000000.0,8.0,1.0,319.0,0.0,319000000.0,1.0,2.0
4163,6.964968152866242,1000000.0,11.0,1.0,314.0,0.0,314000000.0,1.0,2.0
4164,6.484472049689441,1000000.0,8.0,1.0,322.0,0.0,322000000.0,1.0,2.0
4165,5.5875,1000000.0,8.0,1.0,320.0,0.0,320000000.0,1.0,2.0
4166,5.503105590062112,1000000.0,8.0,1.0,322.0,0.0,322000000.0,1.0,2.0
4167,5.5,1000000.0,8.0,1.0,320.0,0.0,320000000.0,1.0,2.0
4168,5.488958990536277,1000000.0,8.0,1.0,317.0,0.0,317000000.0,1.0,2.0
4169,5.476340694006309,1000000.0,8.0,1.0,317.0,0.0,317000000.0,1.0,2.0
4170,5.481012658227848,1000000.0,8.0,1.0,316.0,0.0,316000000.0,1.0,2.0
4171,6.659442724458204,1000000.0,8.0,1.0,323.0,0.0,323000000.0,1.0,2.0
4172,5.492163009404389,1000000.0,8.0,1.0,319.0,0.0,319000000.0,1.0,2.0
4173,5.484276729559748,1000000.0,8.0,1.0,318.0,0.0,318000000.0,1.0,2.0
4174,5.476340694006309,1000000.0,8.0,1.0,317.0,0.0,317000000.0,1.0,2.0
4175,5.507788161993769,1000000.0,8.0,1.0,321.0,0.0,321000000.0,1.0,2.0
4176,5.824451410658307,1000000.0,8.0,1.0,319.0,0.0,319000000.0,1.0,2.0
4177,5.484276729559748,1000000.0,8.0,1.0,318.0,0.0,318000000.0,1.0,2.0
4178,5.468354430379747,1000000.0,8.0,1.0,316.0,0.0,316000000.0,1.0,2.0
4179,5.47962382445141,1000000.0,8.0,1.0,319.0,0.0,319000000.0,1.0,2.0
4180,6.367601246105919,1000000.0,8.0,1.0,321.0,0.0,321000000.0,1.0,2.0
4181,6.5046728971962615,1000000.0,8.0,1.0,321.0,0.0,321000000.0,1.0,2.0
4182,6.515723270440252,1000000.0,8.0,1.0,318.0,0.0,318000000.0,1.0,2.0
4183,5.507836990595611,1000000.0,8.0,1.0,319.0,0.0,319000000.0,1.0,3.0
4184,5.826086956521739,1000000.0,8.0,1.0,322.0,0.0,322000000.0,1.0,2.0
4185,6.753894080996885,1000000.0,8.0,1.0,321.0,0.0,321000000.0,1.0,2.0
4186,6.734177215189874,1000000.0,8.0,1.0,316.0,0.0,316000000.0,1.0,2.0
4187,5.504702194357367,1000000.0,8.0,1.0,319.0,0.0,319000000.0,1.0,2.0
4188,5.468354430379747,1000000.0,8.0,1.0,316.0,0.0,316000000.0,1.0,2.0
4189,5.504702194357367,1000000.0,8.0,1.0,319.0,0.0,319000000.0,1.0,2.0
4190,5.5125,1000000.0,8.0,1.0,320.0,0.0,320000000.0,1.0,2.0
4191,6.332288401253918,1000000.0,8.0,1.0,319.0,0.0,319000000.0,1.0,2.0
4192,6.543130990415335,1000000.0,8.0,1.0,313.0,0.0,313000000.0,1.0,2.0
4193,6.515723270440252,1000000.0,8.0,1.0,318.0,0.0,318000000.0,1.0,2.0
4194,6.515723270440252,1000000.0,8.0,1.0,318.0,0.0,318000000.0,1.0,2.0
4195,5.565217391304348,1000000.0,8.0,1.0,322.0,0.0,322000000.0,1.0,2.0
4196,5.566978193146418,1000000.0,11.0,1.0,321.0,0.0,321000000.0,1.0,2.0
4197,5.72360248447205,1000000.0,10.0,1.0,322.0,0.0,322000000.0,1.0,3.0
4198,5.527950310559007,1000000.0,8.0,1.0,322.0,0.0,322000000.0,1.0,2.0
4199,6.6050955414012735,1000000.0,10.0,1.0,314.0,0.0,314000000.0,1.0,2.0
4200,6.523659305993691,1000000.0,8.0,1.0,317.0,0.0,317000000.0,1.0,2.0
4201,6.5,1000000.0,8.0,1.0,320.0,0.0,320000000.0,1.0,2.0
4202,6.492211838006231,1000000.0,8.0,1.0,321.0,0.0,321000000.0,1.0,2.0
4203,6.5125,1000000.0,10.0,1.0,320.0,0.0,320000000.0,1.0,2.0
4204,6.940809968847352,1000000.0,10.0,1.0,321.0,0.0,321000000.0,1.0,2.0
4205,6.50314465408805,1000000.0,8.0,1.0,318.0,0.0,318000000.0,1.0,2.0
4206,6.507836990595611,1000000.0,8.0,1.0,319.0,0.0,319000000.0,1.0,2.0
4207,6.489164086687307,1000000.0,8.0,1.0,323.0,0.0,323000000.0,1.0,2.0
4208,6.4875,1000000.0,8.0,1.0,320.0,0.0,320000000.0,1.0,2.0
4209,6.50314465408805,1000000.0,8.0,1.0,318.0,0.0,318000000.0,1.0,2.0
4210,6.73208722741433,1000000.0,11.0,1.0,321.0,0.0,321000000.0,1.0,2.0
4211,6.8354430379746836,1000000.0,10.0,1.0,316.0,0.0,316000000.0,1.0,2.0
4212,6.5,1000000.0,8.0,1.0,320.0,0.0,320000000.0,1.0,2.0
4213,6.515723270440252,1000000.0,8.0,1.0,318.0,0.0,318000000.0,1.0,2.0
4214,6.511041009463723,1000000.0,8.0,1.0,317.0,0.0,317000000.0,1.0,2.0
4215,6.515723270440252,1000000.0,8.0,1.0,318.0,0.0,318000000.0,1.0,2.0
4216,6.515723270440252,1000000.0,8.0,1.0,318.0,0.0,318000000.0,1.0,2.0
4217,6.5,1000000.0,8.0,1.0,320.0,0.0,320000000.0,1.0,2.0
4218,6.492211838006231,1000000.0,8.0,1.0,321.0,0.0,321000000.0,1.0,2.0
4219,6.481481481481482,1000000.0,8.0,1.0,324.0,0.0,324000000.0,1.0,2.0
4220,6.5,1000000.0,8.0,1.0,320.0,0.0,320000000.0,1.0,2.0
4221,6.7125,1000000.0,8.0,1.0,320.0,0.0,320000000.0,1.0,2.0
4222,7.341614906832298,1000000.0,8.0,1.0,322.0,0.0,322000000.0,1.0,2.0
4223,6.531645569620253,1000000.0,8.0,1.0,316.0,0.0,316000000.0,1.0,2.0
4224,6.515723270440252,1000000.0,8.0,1.0,318.0,0.0,318000000.0,1.0,2.0
4225,6.515723270440252,1000000.0,8.0,1.0,318.0,0.0,318000000.0,1.0,2.0
4226,6.484472049689441,1000000.0,8.0,1.0,322.0,0.0,322000000.0,1.0,2.0
4227,6.5046728971962615,1000000.0,8.0,1.0,321.0,0.0,321000000.0,1.0,2.0
4228,6.475155279503106,1000000.0,8.0,1.0,322.0,0.0,322000000.0,1.0,3.0
4229,6.4875,1000000.0,8.0,1.0,320.0,0.0,320000000.0,1.0,2.0
4230,6.531645569620253,1000000.0,8.0,1.0,316.0,0.0,316000000.0,1.0,2.0
4231,6.5,1000000.0,8.0,1.0,320.0,0.0,320000000.0,1.0,2.0
4232,6.5,1000000.0,8.0,1.0,320.0,0.0,320000000.0,1.0,2.0
4233,6.507836990595611,1000000.0,8.0,1.0,319.0,0.0,319000000.0,1.0,2.0
4234,6.581538461538462,1000000.0,8.0,1.0,325.0,0.0,325000000.0,1.0,2.0
4235,6.758730158730159,1000000.0,8.0,1.0,315.0,0.0,315000000.0,1.0,2.0
4236,6.686335403726708,1000000.0,8.0,1.0,322.0,0.0,322000000.0,1.0,2.0
4237,6.495297805642633,1000000.0,8.0,1.0,319.0,0.0,319000000.0,1.0,2.0
4238,6.507836990595611,1000000.0,8.0,1.0,319.0,0.0,319000000.0,1.0,2.0
4239,6.523659305993691,1000000.0,8.0,1.0,317.0,0.0,317000000.0,1.0,2.0
4240,6.5046728971962615,1000000.0,8.0,1.0,321.0,0.0,321000000.0,1.0,2.0
4241,6.515723270440252,1000000.0,8.0,1.0,318.0,0.0,318000000.0,1.0,2.0
4242,6.4875,1000000.0,8.0,1.0,320.0,0.0,320000000.0,1.0,2.0
4243,6.515723270440252,1000000.0,8.0,1.0,318.0,0.0,318000000.0,1.0,2.0
4244,6.515723270440252,1000000.0,8.0,1.0,318.0,0.0,318000000.0,1.0,2.0
4245,6.523659305993691,1000000.0,8.0,1.0,317.0,0.0,317000000.0,1.0,2.0
4246,6.552795031055901,1000000.0,11.0,1.0,322.0,0.0,322000000.0,1.0,2.0
4247,6.724458204334366,1000000.0,11.0,1.0,323.0,0.0,323000000.0,1.0,2.0
4248,6.507836990595611,1000000.0,8.0,1.0,319.0,0.0,319000000.0,1.0,2.0
4249,6.5777777777777775,1000000.0,9.0,1.0,315.0,0.0,315000000.0,1.0,2.0
4250,6.481481481481482,1000000.0,8.0,1.0,324.0,0.0,324000000.0,1.0,2.0
4251,6.511041009463723,1000000.0,8.0,1.0,317.0,0.0,317000000.0,1.0,2.0
4252,6.492211838006231,1000000.0,8.0,1.0,321.0,0.0,321000000.0,1.0,2.0
4253,6.492211838006231,1000000.0,8.0,1.0,321.0,0.0,321000000.0,1.0,2.0
4254,6.5125,1000000.0,8.0,1.0,320.0,0.0,320000000.0,1.0,2.0
4255,6.523659305993691,1000000.0,8.0,1.0,317.0,0.0,317000000.0,1.0,2.0
4256,6.526984126984127,1000000.0,8.0,1.0,315.0,0.0,315000000.0,1.0,2.0
4257,6.5125,1000000.0,8.0,1.0,320.0,0.0,320000000.0,1.0,2.0
4258,6.492211838006231,1000000.0,8.0,1.0,321.0,0.0,321000000.0,1.0,2.0
4259,6.659375,1000000.0,8.0,1.0,320.0,0.0,320000000.0,1.0,2.0
4260,6.5,1000000.0,8.0,1.0,320.0,0.0,320000000.0,1.0,2.0
4261,6.492211838006231,1000000.0,8.0,1.0,321.0,0.0,321000000.0,1.0,2.0
4262,6.507836990595611,1000000.0,8.0,1.0,319.0,0.0,319000000.0,1.0,2.0
4263,6.4875,1000000.0,8.0,1.0,320.0,0.0,320000000.0,1.0,2.0
4264,6.5125,1000000.0,8.0,1.0,320.0,0.0,320000000.0,1.0,2.0
4265,6.532915360501567,1000000.0,8.0,1.0,319.0,0.0,319000000.0,1.0,2.0
4266,6.018575851393189,1000000.0,8.0,1.0,323.0,0.0,323000000.0,1.0,2.0
4267,5.484276729559748,1000000.0,8.0,1.0,318.0,0.0,318000000.0,1.0,2.0
4268,5.8875,1000000.0,8.0,1.0,320.0,0.0,320000000.0,1.0,2.0
4269,5.492163009404389,1000000.0,8.0,1.0,319.0,0.0,319000000.0,1.0,2.0
4270,5.504702194357367,1000000.0,8.0,1.0,319.0,0.0,319000000.0,1.0,2.0
4271,5.5125,1000000.0,8.0,1.0,320.0,0.0,320000000.0,1.0,2.0
4272,5.848765432098766,1000000.0,8.0,1.0,324.0,0.0,324000000.0,1.0,2.0
4273,5.49685534591195,1000000.0,8.0,1.0,318.0,0.0,318000000.0,1.0,2.0
4274,5.4603174603174605,1000000.0,8.0,1.0,315.0,0.0,315000000.0,1.0,2.0
4275,5.468354430379747,1000000.0,8.0,1.0,316.0,0.0,316000000.0,1.0,2.0
4276,5.507788161993769,1000000.0,8.0,1.0,321.0,0.0,321000000.0,1.0,2.0
4277,5.507788161993769,1000000.0,8.0,1.0,321.0,0.0,321000000.0,1.0,2.0
4278,5.5,1000000.0,8.0,1.0,320.0,0.0,320000000.0,1.0,2.0
4279,5.481012658227848,1000000.0,8.0,1.0,316.0,0.0,316000000.0,1.0,2.0
4280,5.471698113207547,1000000.0,8.0,1.0,318.0,0.0,318000000.0,1.0,2.0
4281,5.515527950310559,1000000.0,8.0,1.0,322.0,0.0,322000000.0,1.0,2.0
4282,5.987577639751553,1000000.0,8.0,1.0,322.0,0.0,322000000.0,1.0,2.0
4283,6.531645569620253,1000000.0,8.0,1.0,316.0,0.0,316000000.0,1.0,2.0
4284,6.507836990595611,1000000.0,8.0,1.0,319.0,0.0,319000000.0,1.0,2.0
4285,6.528301886792453,1000000.0,8.0,1.0,318.0,0.0,318000000.0,1.0,2.0
4286,6.506329113924051,1000000.0,8.0,1.0,316.0,0.0,316000000.0,1.0,2.0
4287,6.469135802469136,1000000.0,8.0,1.0,324.0,0.0,324000000.0,1.0,2.0
4288,6.515723270440252,1000000.0,8.0,1.0,318.0,0.0,318000000.0,1.0,2.0
4289,6.489164086687307,1000000.0,8.0,1.0,323.0,0.0,323000000.0,1.0,2.0
4290,6.506329113924051,1000000.0,8.0,1.0,316.0,0.0,316000000.0,1.0,2.0
4291,6.238993710691824,1000000.0,8.0,1.0,318.0,0.0,318000000.0,1.0,2.0
4292,5.595015576323988,1000000.0,8.0,1.0,321.0,0.0,321000000.0,1.0,2.0
4293,6.4875,1000000.0,8.0,1.0,320.0,0.0,320000000.0,1.0,2.0
4294,6.5046728971962615,1000000.0,8.0,1.0,321.0,0.0,321000000.0,1.0,2.0
4295,6.495297805642633,1000000.0,8.0,1.0,319.0,0.0,319000000.0,1.0,2.0
4296,6.515723270440252,1000000.0,8.0,1.0,318.0,0.0,318000000.0,1.0,2.0
4297,6.662460567823344,1000000.0,11.0,1.0,317.0,0.0,317000000.0,1.0,2.0
4298,6.511041009463723,1000000.0,8.0,1.0,317.0,0.0,317000000.0,1.0,2.0
4299,6.484472049689441,1000000.0,8.0,1.0,322.0,0.0,322000000.0,1.0,2.0
4300,6.507836990595611,1000000.0,8.0,1.0,319.0,0.0,319000000.0,1.0,2.0
4301,6.496894409937888,1000000.0,8.0,1.0,322.0,0.0,322000000.0,1.0,2.0
4302,6.50314465408805,1000000.0,8.0,1.0,318.0,0.0,318000000.0,1.0,2.0
4303,6.531645569620253,1000000.0,8.0,1.0,316.0,0.0,316000000.0,1.0,2.0
4304,6.484472049689441,1000000.0,8.0,1.0,322.0,0.0,322000000.0,1.0,2.0
4305,6.523659305993691,1000000.0,8.0,1.0,317.0,0.0,317000000.0,1.0,2.0
4306,6.476780185758514,1000000.0,8.0,1.0,323.0,0.0,323000000.0,1.0,2.0
4307,6.5,1000000.0,8.0,1.0,320.0,0.0,320000000.0,1.0,2.0
4308,6.5396825396825395,1000000.0,8.0,1.0,315.0,0.0,315000000.0,1.0,2.0
4309,6.4875,1000000.0,8.0,1.0,320.0,0.0,320000000.0,1.0,2.0
4310,6.507836990595611,1000000.0,8.0,1.0,319.0,0.0,319000000.0,1.0,2.0
4311,6.523659305993691,1000000.0,8.0,1.0,317.0,0.0,317000000.0,1.0,2.0
4312,6.469135802469136,1000000.0,8.0,1.0,324.0,0.0,324000000.0,1.0,2.0
4313,6.518987341772152,1000000.0,8.0,1.0,316.0,0.0,316000000.0,1.0,2.0
4314,6.5125,1000000.0,8.0,1.0,320.0,0.0,320000000.0,1.0,2.0
4315,6.6069182389937104,1000000.0,8.0,1.0,318.0,0.0,318000000.0,1.0,2.0
4316,6.514018691588785,1000000.0,8.0,1.0,321.0,0.0,321000000.0,1.0,2.0
4317,6.489164086687307,1000000.0,8.0,1.0,323.0,0.0,323000000.0,1.0,2.0
4318,6.5,1000000.0,8.0,1.0,320.0,0.0,320000000.0,1.0,2.0
4319,6.518987341772152,1000000.0,8.0,1.0,316.0,0.0,316000000.0,1.0,2.0
4320,6.523659305993691,1000000.0,8.0,1.0,317.0,0.0,317000000.0,1.0,2.0
4321,6.507836990595611,1000000.0,8.0,1.0,319.0,0.0,319000000.0,1.0,2.0
4322,6.495297805642633,1000000.0,8.0,1.0,319.0,0.0,319000000.0,1.0,2.0
4323,6.795665634674923,1000000.0,8.0,1.0,323.0,0.0,323000000.0,1.0,3.0
4324,6.5,1000000.0,8.0,1.0,320.0,0.0,320000000.0,1.0,2.0
4325,7.047169811320755,1000000.0,8.0,1.0,318.0,0.0,318000000.0,1.0,2.0
4326,7.146875,1000000.0,8.0,1.0,320.0,0.0,320000000.0,1.0,2.0
4327,6.492211838006231,1000000.0,8.0,1.0,321.0,0.0,321000000.0,1.0,2.0
4328,6.175548589341693,1000000.0,8.0,1.0,319.0,0.0,319000000.0,1.0,2.0
4329,5.484276729559748,1000000.0,8.0,1.0,318.0,0.0,318000000.0,1.0,2.0
4330,5.492163009404389,1000000.0,8.0,1.0,319.0,0.0,319000000.0,1.0,2.0
4331,5.59375,1000000.0,9.0,1.0,320.0,0.0,320000000.0,1.0,2.0
4332,5.5579937304075235,1000000.0,9.0,1.0,319.0,0.0,319000000.0,1.0,2.0
4333,5.481012658227848,1000000.0,8.0,1.0,316.0,0.0,316000000.0,1.0,2.0
4334,5.673981191222571,1000000.0,9.0,1.0,319.0,0.0,319000000.0,1.0,2.0
4335,5.751572327044025,1000000.0,9.0,1.0,318.0,0.0,318000000.0,1.0,2.0
4336,6.479750778816199,1000000.0,8.0,1.0,321.0,0.0,321000000.0,1.0,2.0
4337,5.55205047318612,1000000.0,8.0,1.0,317.0,0.0,317000000.0,1.0,2.0
4338,5.484276729559748,1000000.0,8.0,1.0,318.0,0.0,318000000.0,1.0,2.0
4339,5.515527950310559,1000000.0,8.0,1.0,322.0,0.0,322000000.0,1.0,2.0
4340,5.5,1000000.0,8.0,1.0,320.0,0.0,320000000.0,1.0,2.0
4341,5.492163009404389,1000000.0,8.0,1.0,319.0,0.0,319000000.0,1.0,2.0
4342,5.5125,1000000.0,8.0,1.0,320.0,0.0,320000000.0,1.0,2.0
4343,5.4875,1000000.0,8.0,1.0,320.0,0.0,320000000.0,1.0,2.0
4344,5.484276729559748,1000000.0,8.0,1.0,318.0,0.0,318000000.0,1.0,2.0
4345,5.492163009404389,1000000.0,8.0,1.0,319.0,0.0,319000000.0,1.0,2.0
4346,5.5,1000000.0,8.0,1.0,320.0,0.0,320000000.0,1.0,2.0
4347,5.492163009404389,1000000.0,8.0,1.0,319.0,0.0,319000000.0,1.0,2.0
4348,5.6125,1000000.0,11.0,1.0,320.0,0.0,320000000.0,1.0,2.0
4349,5.47962382445141,1000000.0,8.0,1.0,319.0,0.0,319000000.0,1.0,2.0
4350,5.485714285714286,1000000.0,8.0,1.0,315.0,0.0,315000000.0,1.0,2.0
4351,5.503105590062112,1000000.0,8.0,1.0,322.0,0.0,322000000.0,1.0,2.0
4352,5.523219814241486,1000000.0,8.0,1.0,323.0,0.0,323000000.0,1.0,2.0
4353,5.9904761904761905,1000000.0,8.0,1.0,315.0,0.0,315000000.0,1.0,2.0
4354,5.638364779874214,1000000.0,8.0,1.0,318.0,0.0,318000000.0,1.0,2.0
4355,5.476340694006309,1000000.0,8.0,1.0,317.0,0.0,317000000.0,1.0,2.0
4356,5.507788161993769,1000000.0,8.0,1.0,321.0,0.0,321000000.0,1.0,2.0
4357,5.4953271028037385,1000000.0,8.0,1.0,321.0,0.0,321000000.0,1.0,2.0
4358,5.701587301587302,1000000.0,8.0,1.0,315.0,0.0,315000000.0,1.0,2.0
4359,5.540880503144654,1000000.0,8.0,1.0,318.0,0.0,318000000.0,1.0,2.0
4360,5.504702194357367,1000000.0,8.0,1.0,319.0,0.0,319000000.0,1.0,2.0
4361,5.523219814241486,1000000.0,8.0,1.0,323.0,0.0,323000000.0,1.0,2.0
4362,5.4875,1000000.0,8.0,1.0,320.0,0.0,320000000.0,1.0,2.0
4363,5.476340694006309,1000000.0,8.0,1.0,317.0,0.0,317000000.0,1.0,2.0
4364,5.492163009404389,1000000.0,8.0,1.0,319.0,0.0,319000000.0,1.0,2.0
4365,5.49685534591195,1000000.0,8.0,1.0,318.0,0.0,318000000.0,1.0,2.0
4366,5.515527950310559,1000000.0,8.0,1.0,322.0,0.0,322000000.0,1.0,2.0
4367,5.5,1000000.0,8.0,1.0,320.0,0.0,320000000.0,1.0,2.0
4368,5.464968152866242,1000000.0,8.0,1.0,314.0,0.0,314000000.0,1.0,2.0
4369,5.476340694006309,1000000.0,8.0,1.0,317.0,0.0,317000000.0,1.0,2.0
4370,5.530864197530864,1000000.0,8.0,1.0,324.0,0.0,324000000.0,1.0,2.0
4371,5.503105590062112,1000000.0,8.0,1.0,322.0,0.0,322000000.0,1.0,2.0
4372,5.5,1000000.0,8.0,1.0,320.0,0.0,320000000.0,1.0,2.0
4373,5.5910543130990416,1000000.0,8.0,1.0,313.0,0.0,313000000.0,1.0,2.0
4374,5.5,1000000.0,8.0,1.0,320.0,0.0,320000000.0,1.0,2.0
4375,5.503105590062112,1000000.0,8.0,1.0,322.0,0.0,322000000.0,1.0,2.0
4376,5.535825545171339,1000000.0,11.0,1.0,321.0,0.0,321000000.0,1.0,2.0
4377,5.484276729559748,1000000.0,8.0,1.0,318.0,0.0,318000000.0,1.0,2.0
4378,5.468354430379747,1000000.0,8.0,1.0,316.0,0.0,316000000.0,1.0,2.0
4379,5.493670886075949,1000000.0,8.0,1.0,316.0,0.0,316000000.0,1.0,2.0
4380,5.5,1000000.0,8.0,1.0,320.0,0.0,320000000.0,1.0,2.0
4381,5.4953271028037385,1000000.0,8.0,1.0,321.0,0.0,321000000.0,1.0,2.0
4382,5.61875,1000000.0,10.0,1.0,320.0,0.0,320000000.0,1.0,2.0
4383,5.481012658227848,1000000.0,8.0,1.0,316.0,0.0,316000000.0,1.0,2.0
4384,6.168224299065421,1000000.0,8.0,1.0,321.0,0.0,321000000.0,1.0,2.0
4385,6.503125,1000000.0,9.0,1.0,320.0,0.0,320000000.0,1.0,3.0
4386,6.838509316770186,1000000.0,10.0,1.0,322.0,0.0,322000000.0,1.0,2.0
4387,6.554517133956386,1000000.0,10.0,1.0,321.0,0.0,321000000.0,1.0,2.0
4388,6.05,1000000.0,8.0,1.0,320.0,0.0,320000000.0,1.0,2.0
4389,5.509433962264151,1000000.0,8.0,1.0,318.0,0.0,318000000.0,1.0,2.0
4390,5.5,1000000.0,8.0,1.0,320.0,0.0,320000000.0,1.0,2.0
4391,5.4953271028037385,1000000.0,8.0,1.0,321.0,0.0,321000000.0,1.0,2.0
4392,5.504702194357367,1000000.0,8.0,1.0,319.0,0.0,319000000.0,1.0,2.0
4393,5.476340694006309,1000000.0,8.0,1.0,317.0,0.0,317000000.0,1.0,2.0
4394,5.4953271028037385,1000000.0,8.0,1.0,321.0,0.0,321000000.0,1.0,2.0
4395,5.488958990536277,1000000.0,8.0,1.0,317.0,0.0,317000000.0,1.0,2.0
4396,5.523219814241486,1000000.0,8.0,1.0,323.0,0.0,323000000.0,1.0,2.0
4397,5.507788161993769,1000000.0,8.0,1.0,321.0,0.0,321000000.0,1.0,2.0
4398,5.635782747603834,1000000.0,8.0,1.0,313.0,0.0,313000000.0,1.0,2.0
4399,5.59748427672956,1000000.0,8.0,1.0,318.0,0.0,318000000.0,1.0,2.0
4400,5.507788161993769,1000000.0,8.0,1.0,321.0,0.0,321000000.0,1.0,2.0
4401,5.503105590062112,1000000.0,8.0,1.0,322.0,0.0,322000000.0,1.0,2.0
4402,5.481012658227848,1000000.0,8.0,1.0,316.0,0.0,316000000.0,1.0,2.0
4403,5.510835913312693,1000000.0,8.0,1.0,323.0,0.0,323000000.0,1.0,2.0
4404,5.507788161993769,1000000.0,8.0,1.0,321.0,0.0,321000000.0,1.0,2.0
4405,5.458860759493671,1000000.0,8.0,1.0,316.0,0.0,316000000.0,1.0,3.0
4406,5.54320987654321,1000000.0,8.0,1.0,324.0,0.0,324000000.0,1.0,2.0
4407,5.484276729559748,1000000.0,8.0,1.0,318.0,0.0,318000000.0,1.0,2.0
4408,5.509433962264151,1000000.0,8.0,1.0,318.0,0.0,318000000.0,1.0,2.0
4409,5.5125,1000000.0,8.0,1.0,320.0,0.0,320000000.0,1.0,2.0
4410,5.4953271028037385,1000000.0,8.0,1.0,321.0,0.0,321000000.0,1.0,2.0
4411,5.484276729559748,1000000.0,8.0,1.0,318.0,0.0,318000000.0,1.0,2.0
4412,5.492163009404389,1000000.0,8.0,1.0,319.0,0.0,319000000.0,1.0,2.0
4413,5.49685534591195,1000000.0,8.0,1.0,318.0,0.0,318000000.0,1.0,2.0
4414,5.4937888198757765,1000000.0,8.0,1.0,322.0,0.0,322000000.0,1.0,3.0
4415,5.507788161993769,1000000.0,8.0,1.0,321.0,0.0,321000000.0,1.0,2.0
4416,5.515527950310559,1000000.0,8.0,1.0,322.0,0.0,322000000.0,1.0,2.0
4417,6.211180124223603,1000000.0,8.0,1.0,322.0,0.0,322000000.0,1.0,2.0
4418,6.511041009463723,1000000.0,8.0,1.0,317.0,0.0,317000000.0,1.0,2.0
4419,6.5251572327044025,1000000.0,8.0,1.0,318.0,0.0,318000000.0,1.0,2.0
4420,6.489164086687307,1000000.0,8.0,1.0,323.0,0.0,323000000.0,1.0,2.0
4421,6.4875,1000000.0,8.0,1.0,320.0,0.0,320000000.0,1.0,2.0
4422,6.52037617554859,1000000.0,8.0,1.0,319.0,0.0,319000000.0,1.0,2.0
4423,6.526984126984127,1000000.0,8.0,1.0,315.0,0.0,315000000.0,1.0,2.0
4424,6.85,1000000.0,10.0,1.0,320.0,0.0,320000000.0,1.0,2.0
4425,6.476780185758514,1000000.0,8.0,1.0,323.0,0.0,323000000.0,1.0,2.0
4426,6.5396825396825395,1000000.0,8.0,1.0,315.0,0.0,315000000.0,1.0,2.0
4427,6.52037617554859,1000000.0,8.0,1.0,319.0,0.0,319000000.0,1.0,2.0
4428,6.526984126984127,1000000.0,8.0,1.0,315.0,0.0,315000000.0,1.0,2.0
4429,6.5,1000000.0,8.0,1.0,320.0,0.0,320000000.0,1.0,2.0
4430,6.5,1000000.0,8.0,1.0,320.0,0.0,320000000.0,1.0,2.0
4431,6.5125,1000000.0,8.0,1.0,320.0,0.0,320000000.0,1.0,2.0
4432,6.576323987538941,1000000.0,11.0,1.0,321.0,0.0,321000000.0,1.0,2.0
4433,6.523659305993691,1000000.0,8.0,1.0,317.0,0.0,317000000.0,1.0,2.0
4434,6.871473354231975,1000000.0,10.0,1.0,319.0,0.0,319000000.0,1.0,2.0
4435,6.523659305993691,1000000.0,10.0,1.0,317.0,0.0,317000000.0,1.0,2.0
4436,6.484472049689441,1000000.0,8.0,1.0,322.0,0.0,322000000.0,1.0,2.0
4437,6.5046728971962615,1000000.0,8.0,1.0,321.0,0.0,321000000.0,1.0,2.0
4438,6.50314465408805,1000000.0,8.0,1.0,318.0,0.0,318000000.0,1.0,2.0
4439,6.492211838006231,1000000.0,8.0,1.0,321.0,0.0,321000000.0,1.0,2.0
4440,6.543130990415335,1000000.0,8.0,1.0,313.0,0.0,313000000.0,1.0,2.0
4441,6.5046728971962615,1000000.0,8.0,1.0,321.0,0.0,321000000.0,1.0,2.0
4442,6.50314465408805,1000000.0,8.0,1.0,318.0,0.0,318000000.0,1.0,2.0
4443,6.5,1000000.0,8.0,1.0,320.0,0.0,320000000.0,1.0,2.0
4444,6.5,1000000.0,8.0,1.0,320.0,0.0,320000000.0,1.0,2.0
4445,6.507836990595611,1000000.0,8.0,1.0,319.0,0.0,319000000.0,1.0,2.0
4446,6.5886075949367084,1000000.0,8.0,1.0,316.0,0.0,316000000.0,1.0,2.0
4447,6.484472049689441,1000000.0,8.0,1.0,322.0,0.0,322000000.0,1.0,2.0
4448,6.481481481481482,1000000.0,8.0,1.0,324.0,0.0,324000000.0,1.0,2.0
4449,6.629746835443038,1000000.0,8.0,1.0,316.0,0.0,316000000.0,1.0,2.0
4450,6.5046728971962615,1000000.0,8.0,1.0,321.0,0.0,321000000.0,1.0,2.0
4451,6.492211838006231,1000000.0,8.0,1.0,321.0,0.0,321000000.0,1.0,2.0
4452,6.476780185758514,1000000.0,8.0,1.0,323.0,0.0,323000000.0,1.0,2.0
4453,6.603125,1000000.0,8.0,1.0,320.0,0.0,320000000.0,1.0,2.0
4454,6.496894409937888,1000000.0,8.0,1.0,322.0,0.0,322000000.0,1.0,2.0
4455,6.479750778816199,1000000.0,8.0,1.0,321.0,0.0,321000000.0,1.0,2.0
4456,6.526984126984127,1000000.0,8.0,1.0,315.0,0.0,315000000.0,1.0,2.0
4457,6.523659305993691,1000000.0,8.0,1.0,317.0,0.0,317000000.0,1.0,2.0
4458,6.52037617554859,1000000.0,8.0,1.0,319.0,0.0,319000000.0,1.0,2.0
4459,6.484472049689441,1000000.0,8.0,1.0,322.0,0.0,322000000.0,1.0,2.0
4460,6.484472049689441,1000000.0,8.0,1.0,322.0,0.0,322000000.0,1.0,2.0
4461,6.50314465408805,1000000.0,8.0,1.0,318.0,0.0,318000000.0,1.0,2.0
4462,6.492211838006231,1000000.0,8.0,1.0,321.0,0.0,321000000.0,1.0,2.0
4463,6.52037617554859,1000000.0,8.0,1.0,319.0,0.0,319000000.0,1.0,2.0
4464,6.472049689440993,1000000.0,8.0,1.0,322.0,0.0,322000000.0,1.0,2.0
4465,6.496894409937888,1000000.0,8.0,1.0,322.0,0.0,322000000.0,1.0,2.0
4466,6.532915360501567,1000000.0,8.0,1.0,319.0,0.0,319000000.0,1.0,2.0
4467,6.52037617554859,1000000.0,8.0,1.0,319.0,0.0,319000000.0,1.0,2.0
4468,6.518987341772152,1000000.0,8.0,1.0,316.0,0.0,316000000.0,1.0,2.0
4469,6.5125,1000000.0,8.0,1.0,320.0,0.0,320000000.0,1.0,2.0
4470,6.495297805642633,1000000.0,8.0,1.0,319.0,0.0,319000000.0,1.0,2.0
4471,6.507836990595611,1000000.0,8.0,1.0,319.0,0.0,319000000.0,1.0,2.0
4472,6.5125,1000000.0,8.0,1.0,320.0,0.0,320000000.0,1.0,2.0
4473,5.569620253164557,1000000.0,8.0,1.0,316.0,0.0,316000000.0,1.0,2.0
4474,5.563467492260062,1000000.0,9.0,1.0,323.0,0.0,323000000.0,1.0,2.0
4475,5.523219814241486,1000000.0,8.0,1.0,323.0,0.0,323000000.0,1.0,2.0
4476,5.471698113207547,1000000.0,8.0,1.0,318.0,0.0,318000000.0,1.0,2.0
4477,5.5015772870662465,1000000.0,8.0,1.0,317.0,0.0,317000000.0,1.0,2.0
4478,5.788819875776397,1000000.0,10.0,1.0,322.0,0.0,322000000.0,1.0,2.0
4479,6.802507836990595,1000000.0,10.0,1.0,319.0,0.0,319000000.0,1.0,2.0
4480,6.492211838006231,1000000.0,8.0,1.0,321.0,0.0,321000000.0,1.0,2.0
4481,6.489164086687307,1000000.0,8.0,1.0,323.0,0.0,323000000.0,1.0,2.0
4482,6.490566037735849,1000000.0,8.0,1.0,318.0,0.0,318000000.0,1.0,2.0
4483,6.531645569620253,1000000.0,8.0,1.0,316.0,0.0,316000000.0,1.0,2.0
4484,6.52037617554859,1000000.0,8.0,1.0,319.0,0.0,319000000.0,1.0,2.0
4485,6.5396825396825395,1000000.0,8.0,1.0,315.0,0.0,315000000.0,1.0,2.0
4486,6.4875,1000000.0,8.0,1.0,320.0,0.0,320000000.0,1.0,2.0
4487,6.490566037735849,1000000.0,8.0,1.0,318.0,0.0,318000000.0,1.0,2.0
4488,6.492307692307692,1000000.0,10.0,1.0,325.0,0.0,325000000.0,1.0,3.0
4489,5.8375,1000000.0,8.0,1.0,320.0,0.0,320000000.0,1.0,2.0
4490,5.488958990536277,1000000.0,8.0,1.0,317.0,0.0,317000000.0,1.0,2.0
4491,5.531645569620253,1000000.0,8.0,1.0,316.0,0.0,316000000.0,1.0,2.0
4492,6.728971962616822,1000000.0,8.0,1.0,321.0,0.0,321000000.0,1.0,2.0
4493,5.732704402515723,1000000.0,8.0,1.0,318.0,0.0,318000000.0,1.0,2.0
4494,5.931034482758621,1000000.0,8.0,1.0,319.0,0.0,319000000.0,1.0,2.0
4495,6.515723270440252,1000000.0,8.0,1.0,318.0,0.0,318000000.0,1.0,2.0
4496,6.507836990595611,1000000.0,8.0,1.0,319.0,0.0,319000000.0,1.0,2.0
4497,6.489164086687307,1000000.0,8.0,1.0,323.0,0.0,323000000.0,1.0,2.0
4498,6.570093457943925,1000000.0,8.0,1.0,321.0,0.0,321000000.0,1.0,2.0
4499,6.574603174603174,1000000.0,8.0,1.0,315.0,0.0,315000000.0,1.0,2.0
4500,6.69375,1000000.0,8.0,1.0,320.0,0.0,320000000.0,1.0,3.0
4501,6.4875,1000000.0,8.0,1.0,320.0,0.0,320000000.0,1.0,2.0
4502,6.655172413793103,1000000.0,8.0,1.0,319.0,0.0,319000000.0,1.0,2.0
4503,6.544025157232705,1000000.0,8.0,1.0,318.0,0.0,318000000.0,1.0,2.0
4504,6.523659305993691,1000000.0,8.0,1.0,317.0,0.0,317000000.0,1.0,2.0
4505,6.531645569620253,1000000.0,8.0,1.0,316.0,0.0,316000000.0,1.0,2.0
4506,6.472049689440993,1000000.0,8.0,1.0,322.0,0.0,322000000.0,1.0,2.0
4507,6.523659305993691,1000000.0,8.0,1.0,317.0,0.0,317000000.0,1.0,2.0
4508,6.476780185758514,1000000.0,8.0,1.0,323.0,0.0,323000000.0,1.0,2.0
4509,6.518987341772152,1000000.0,8.0,1.0,316.0,0.0,316000000.0,1.0,2.0
4510,6.507836990595611,1000000.0,8.0,1.0,319.0,0.0,319000000.0,1.0,2.0
4511,6.507836990595611,1000000.0,8.0,1.0,319.0,0.0,319000000.0,1.0,2.0
4512,5.802469135802469,1000000.0,8.0,1.0,324.0,0.0,324000000.0,1.0,2.0
4513,5.492163009404389,1000000.0,8.0,1.0,319.0,0.0,319000000.0,1.0,2.0
4514,5.484276729559748,1000000.0,8.0,1.0,318.0,0.0,318000000.0,1.0,2.0
4515,5.476340694006309,1000000.0,8.0,1.0,317.0,0.0,317000000.0,1.0,2.0
4516,5.507788161993769,1000000.0,8.0,1.0,321.0,0.0,321000000.0,1.0,2.0
4517,5.520249221183801,1000000.0,8.0,1.0,321.0,0.0,321000000.0,1.0,2.0
4518,5.492163009404389,1000000.0,8.0,1.0,319.0,0.0,319000000.0,1.0,2.0
4519,5.488958990536277,1000000.0,8.0,1.0,317.0,0.0,317000000.0,1.0,2.0
4520,5.4875,1000000.0,8.0,1.0,320.0,0.0,320000000.0,1.0,2.0
4521,6.4875,1000000.0,8.0,1.0,320.0,0.0,320000000.0,1.0,2.0
4522,6.475,1000000.0,8.0,1.0,320.0,0.0,320000000.0,1.0,2.0
4523,6.484472049689441,1000000.0,8.0,1.0,322.0,0.0,322000000.0,1.0,2.0
4524,6.528301886792453,1000000.0,8.0,1.0,318.0,0.0,318000000.0,1.0,2.0
4525,6.866666666666666,1000000.0,11.0,1.0,315.0,0.0,315000000.0,1.0,2.0
4526,6.5,1000000.0,8.0,1.0,320.0,0.0,320000000.0,1.0,2.0
4527,6.489164086687307,1000000.0,8.0,1.0,323.0,0.0,323000000.0,1.0,2.0
4528,6.59748427672956,1000000.0,10.0,1.0,318.0,0.0,318000000.0,1.0,2.0
4529,6.5396825396825395,1000000.0,8.0,1.0,315.0,0.0,315000000.0,1.0,2.0
4530,6.5046728971962615,1000000.0,8.0,1.0,321.0,0.0,321000000.0,1.0,2.0
4531,6.523659305993691,1000000.0,8.0,1.0,317.0,0.0,317000000.0,1.0,2.0
4532,6.50314465408805,1000000.0,8.0,1.0,318.0,0.0,318000000.0,1.0,2.0
4533,6.50314465408805,1000000.0,8.0,1.0,318.0,0.0,318000000.0,1.0,2.0
4534,6.52037617554859,1000000.0,8.0,1.0,319.0,0.0,319000000.0,1.0,2.0
4535,6.531645569620253,1000000.0,8.0,1.0,316.0,0.0,316000000.0,1.0,2.0
4536,6.526984126984127,1000000.0,8.0,1.0,315.0,0.0,315000000.0,1.0,2.0
4537,6.4875,1000000.0,8.0,1.0,320.0,0.0,320000000.0,1.0,2.0
4538,6.5125,1000000.0,8.0,1.0,320.0,0.0,320000000.0,1.0,2.0
4539,6.518987341772152,1000000.0,8.0,1.0,316.0,0.0,316000000.0,1.0,2.0
4540,6.5,1000000.0,8.0,1.0,320.0,0.0,320000000.0,1.0,2.0
4541,5.867507886435331,1000000.0,8.0,1.0,317.0,0.0,317000000.0,1.0,2.0
4542,5.507788161993769,1000000.0,8.0,1.0,321.0,0.0,321000000.0,1.0,2.0
4543,5.5,1000000.0,8.0,1.0,320.0,0.0,320000000.0,1.0,2.0
4544,5.484276729559748,1000000.0,8.0,1.0,318.0,0.0,318000000.0,1.0,2.0
4545,5.484276729559748,1000000.0,8.0,1.0,318.0,0.0,318000000.0,1.0,2.0
4546,5.464968152866242,1000000.0,8.0,1.0,314.0,0.0,314000000.0,1.0,2.0
4547,5.507788161993769,1000000.0,8.0,1.0,321.0,0.0,321000000.0,1.0,2.0
4548,5.507788161993769,1000000.0,8.0,1.0,321.0,0.0,321000000.0,1.0,2.0
4549,5.470031545741325,1000000.0,8.0,1.0,317.0,0.0,317000000.0,1.0,3.0
4550,5.504761904761905,1000000.0,8.0,1.0,315.0,0.0,315000000.0,1.0,2.0
4551,5.520249221183801,1000000.0,8.0,1.0,321.0,0.0,321000000.0,1.0,2.0
4552,5.530864197530864,1000000.0,8.0,1.0,324.0,0.0,324000000.0,1.0,2.0
4553,5.4875,1000000.0,8.0,1.0,320.0,0.0,320000000.0,1.0,2.0
4554,5.7115987460815045,1000000.0,8.0,1.0,319.0,0.0,319000000.0,1.0,2.0
4555,5.492163009404389,1000000.0,8.0,1.0,319.0,0.0,319000000.0,1.0,2.0
4556,5.473015873015873,1000000.0,8.0,1.0,315.0,0.0,315000000.0,1.0,2.0
4557,5.526153846153846,1000000.0,8.0,1.0,325.0,0.0,325000000.0,1.0,2.0
4558,5.507788161993769,1000000.0,8.0,1.0,321.0,0.0,321000000.0,1.0,2.0
4559,5.4696485623003195,1000000.0,8.0,1.0,313.0,0.0,313000000.0,1.0,2.0
4560,6.233438485804417,1000000.0,8.0,1.0,317.0,0.0,317000000.0,1.0,2.0
4561,6.5,1000000.0,8.0,1.0,320.0,0.0,320000000.0,1.0,2.0
4562,6.484472049689441,1000000.0,8.0,1.0,322.0,0.0,322000000.0,1.0,2.0
4563,6.52037617554859,1000000.0,8.0,1.0,319.0,0.0,319000000.0,1.0,2.0
4564,6.507836990595611,1000000.0,8.0,1.0,319.0,0.0,319000000.0,1.0,2.0
4565,6.531645569620253,1000000.0,8.0,1.0,316.0,0.0,316000000.0,1.0,2.0
4566,6.50314465408805,1000000.0,8.0,1.0,318.0,0.0,318000000.0,1.0,2.0
4567,6.489164086687307,1000000.0,8.0,1.0,323.0,0.0,323000000.0,1.0,2.0
4568,6.4984227129337535,1000000.0,8.0,1.0,317.0,0.0,317000000.0,1.0,2.0
4569,6.510769230769231,1000000.0,9.0,1.0,325.0,0.0,325000000.0,1.0,2.0
4570,6.522292993630574,1000000.0,8.0,1.0,314.0,0.0,314000000.0,1.0,2.0
4571,6.492211838006231,1000000.0,8.0,1.0,321.0,0.0,321000000.0,1.0,2.0
4572,6.523659305993691,1000000.0,8.0,1.0,317.0,0.0,317000000.0,1.0,2.0
4573,6.5125,1000000.0,8.0,1.0,320.0,0.0,320000000.0,1.0,2.0
4574,6.495297805642633,1000000.0,8.0,1.0,319.0,0.0,319000000.0,1.0,2.0
4575,6.673913043478261,1000000.0,11.0,1.0,322.0,0.0,322000000.0,1.0,2.0
4576,7.180379746835443,1000000.0,11.0,1.0,316.0,0.0,316000000.0,1.0,2.0
4577,6.5,1000000.0,8.0,1.0,320.0,0.0,320000000.0,1.0,2.0
4578,6.515723270440252,1000000.0,8.0,1.0,318.0,0.0,318000000.0,1.0,2.0
4579,6.496894409937888,1000000.0,8.0,1.0,322.0,0.0,322000000.0,1.0,2.0
4580,6.5,1000000.0,8.0,1.0,320.0,0.0,320000000.0,1.0,2.0
4581,6.531645569620253,1000000.0,8.0,1.0,316.0,0.0,316000000.0,1.0,2.0
4582,6.511041009463723,1000000.0,8.0,1.0,317.0,0.0,317000000.0,1.0,2.0
4583,6.472049689440993,1000000.0,8.0,1.0,322.0,0.0,322000000.0,1.0,2.0
4584,6.489164086687307,1000000.0,8.0,1.0,323.0,0.0,323000000.0,1.0,2.0
4585,6.50314465408805,1000000.0,8.0,1.0,318.0,0.0,318000000.0,1.0,2.0
4586,6.469135802469136,1000000.0,8.0,1.0,324.0,0.0,324000000.0,1.0,2.0
4587,6.50314465408805,1000000.0,8.0,1.0,318.0,0.0,318000000.0,1.0,2.0
4588,6.5046728971962615,1000000.0,8.0,1.0,321.0,0.0,321000000.0,1.0,2.0
4589,6.515723270440252,1000000.0,8.0,1.0,318.0,0.0,318000000.0,1.0,2.0
4590,6.526984126984127,1000000.0,8.0,1.0,315.0,0.0,315000000.0,1.0,2.0
4591,6.523659305993691,1000000.0,8.0,1.0,317.0,0.0,317000000.0,1.0,2.0
4592,6.507836990595611,1000000.0,8.0,1.0,319.0,0.0,319000000.0,1.0,2.0
4593,6.479876160990712,1000000.0,8.0,1.0,323.0,0.0,323000000.0,1.0,3.0
4594,6.526984126984127,1000000.0,8.0,1.0,315.0,0.0,315000000.0,1.0,2.0
4595,6.5,1000000.0,8.0,1.0,320.0,0.0,320000000.0,1.0,2.0
4596,6.523659305993691,1000000.0,8.0,1.0,317.0,0.0,317000000.0,1.0,2.0
4597,6.523659305993691,1000000.0,8.0,1.0,317.0,0.0,317000000.0,1.0,2.0
4598,6.5046728971962615,1000000.0,8.0,1.0,321.0,0.0,321000000.0,1.0,2.0
4599,5.744548286604362,1000000.0,8.0,1.0,321.0,0.0,321000000.0,1.0,2.0
4600,5.468354430379747,1000000.0,8.0,1.0,316.0,0.0,316000000.0,1.0,2.0
4601,5.764150943396227,1000000.0,8.0,1.0,318.0,0.0,318000000.0,1.0,2.0
4602,5.504702194357367,1000000.0,8.0,1.0,319.0,0.0,319000000.0,1.0,2.0
4603,5.769470404984424,1000000.0,8.0,1.0,321.0,0.0,321000000.0,1.0,2.0
4604,6.65527950310559,1000000.0,8.0,1.0,322.0,0.0,322000000.0,1.0,3.0
4605,5.492163009404389,1000000.0,8.0,1.0,319.0,0.0,319000000.0,1.0,2.0
4606,5.4603174603174605,1000000.0,8.0,1.0,315.0,0.0,315000000.0,1.0,2.0
4607,5.484276729559748,1000000.0,8.0,1.0,318.0,0.0,318000000.0,1.0,2.0
4608,5.507788161993769,1000000.0,8.0,1.0,321.0,0.0,321000000.0,1.0,2.0
4609,5.5,1000000.0,8.0,1.0,320.0,0.0,320000000.0,1.0,2.0
4610,5.513931888544891,1000000.0,9.0,1.0,323.0,0.0,323000000.0,1.0,3.0
4611,5.476340694006309,1000000.0,8.0,1.0,317.0,0.0,317000000.0,1.0,2.0
4612,5.464968152866242,1000000.0,8.0,1.0,314.0,0.0,314000000.0,1.0,2.0
4613,5.5,1000000.0,8.0,1.0,320.0,0.0,320000000.0,1.0,2.0
4614,5.503105590062112,1000000.0,8.0,1.0,322.0,0.0,322000000.0,1.0,2.0
4615,5.515527950310559,1000000.0,8.0,1.0,322.0,0.0,322000000.0,1.0,2.0
4616,5.477707006369426,1000000.0,8.0,1.0,314.0,0.0,314000000.0,1.0,2.0
4617,5.492163009404389,1000000.0,8.0,1.0,319.0,0.0,319000000.0,1.0,2.0
4618,5.468354430379747,1000000.0,8.0,1.0,316.0,0.0,316000000.0,1.0,2.0
4619,5.5,1000000.0,8.0,1.0,320.0,0.0,320000000.0,1.0,2.0
4620,5.617283950617284,1000000.0,8.0,1.0,324.0,0.0,324000000.0,1.0,2.0
4621,6.515723270440252,1000000.0,8.0,1.0,318.0,0.0,318000000.0,1.0,2.0
4622,6.5,1000000.0,8.0,1.0,320.0,0.0,320000000.0,1.0,2.0
4623,6.515723270440252,1000000.0,8.0,1.0,318.0,0.0,318000000.0,1.0,2.0
4624,6.523659305993691,1000000.0,8.0,1.0,317.0,0.0,317000000.0,1.0,2.0
4625,6.50314465408805,1000000.0,8.0,1.0,318.0,0.0,318000000.0,1.0,2.0
4626,6.603715170278638,1000000.0,9.0,1.0,323.0,0.0,323000000.0,1.0,2.0
4627,6.5,1000000.0,8.0,1.0,320.0,0.0,320000000.0,1.0,2.0
4628,5.7625,1000000.0,8.0,1.0,320.0,0.0,320000000.0,1.0,2.0
4629,6.018927444794953,1000000.0,8.0,1.0,317.0,0.0,317000000.0,1.0,2.0
4630,5.959752321981425,1000000.0,8.0,1.0,323.0,0.0,323000000.0,1.0,2.0
4631,5.5125,1000000.0,8.0,1.0,320.0,0.0,320000000.0,1.0,2.0
4632,5.464968152866242,1000000.0,8.0,1.0,314.0,0.0,314000000.0,1.0,2.0
4633,5.492163009404389,1000000.0,8.0,1.0,319.0,0.0,319000000.0,1.0,2.0
4634,5.878504672897196,1000000.0,8.0,1.0,321.0,0.0,321000000.0,1.0,2.0
4635,6.148148148148148,1000000.0,8.0,1.0,324.0,0.0,324000000.0,1.0,2.0
4636,5.926984126984127,1000000.0,8.0,1.0,315.0,0.0,315000000.0,1.0,2.0
4637,5.484276729559748,1000000.0,8.0,1.0,318.0,0.0,318000000.0,1.0,2.0
4638,5.47962382445141,1000000.0,8.0,1.0,319.0,0.0,319000000.0,1.0,2.0
4639,5.49685534591195,1000000.0,8.0,1.0,318.0,0.0,318000000.0,1.0,2.0
4640,5.510835913312693,1000000.0,8.0,1.0,323.0,0.0,323000000.0,1.0,2.0
4641,5.492163009404389,1000000.0,8.0,1.0,319.0,0.0,319000000.0,1.0,2.0
4642,5.492163009404389,1000000.0,8.0,1.0,319.0,0.0,319000000.0,1.0,2.0
4643,5.4715189873417724,1000000.0,8.0,1.0,316.0,0.0,316000000.0,1.0,3.0
4644,5.510835913312693,1000000.0,8.0,1.0,323.0,0.0,323000000.0,1.0,2.0
4645,5.507788161993769,1000000.0,8.0,1.0,321.0,0.0,321000000.0,1.0,2.0
4646,5.484276729559748,1000000.0,8.0,1.0,318.0,0.0,318000000.0,1.0,2.0
4647,5.476340694006309,1000000.0,8.0,1.0,317.0,0.0,317000000.0,1.0,2.0
4648,5.484276729559748,1000000.0,8.0,1.0,318.0,0.0,318000000.0,1.0,2.0
4649,5.49685534591195,1000000.0,8.0,1.0,318.0,0.0,318000000.0,1.0,2.0
4650,5.523219814241486,1000000.0,8.0,1.0,323.0,0.0,323000000.0,1.0,2.0
4651,5.59748427672956,1000000.0,11.0,1.0,318.0,0.0,318000000.0,1.0,2.0
4652,5.605590062111801,1000000.0,11.0,1.0,322.0,0.0,322000000.0,1.0,2.0
4653,5.5,1000000.0,8.0,1.0,320.0,0.0,320000000.0,1.0,2.0
4654,5.520249221183801,1000000.0,8.0,1.0,321.0,0.0,321000000.0,1.0,2.0
4655,5.484276729559748,1000000.0,8.0,1.0,318.0,0.0,318000000.0,1.0,2.0
4656,5.484276729559748,1000000.0,8.0,1.0,318.0,0.0,318000000.0,1.0,2.0
4657,5.532915360501567,1000000.0,11.0,1.0,319.0,0.0,319000000.0,1.0,2.0
4658,6.246913580246914,1000000.0,8.0,1.0,324.0,0.0,324000000.0,1.0,2.0
4659,6.490566037735849,1000000.0,8.0,1.0,318.0,0.0,318000000.0,1.0,2.0
4660,7.928125,1000000.0,11.0,1.0,320.0,0.0,320000000.0,1.0,2.0
4661,7.832807570977918,1000000.0,11.0,1.0,317.0,0.0,317000000.0,1.0,2.0
4662,6.5,1000000.0,8.0,1.0,320.0,0.0,320000000.0,1.0,2.0
4663,6.515723270440252,1000000.0,8.0,1.0,318.0,0.0,318000000.0,1.0,2.0
4664,6.518867924528302,1000000.0,9.0,1.0,318.0,0.0,318000000.0,1.0,3.0
4665,6.489164086687307,1000000.0,8.0,1.0,323.0,0.0,323000000.0,1.0,2.0
4666,6.495297805642633,1000000.0,8.0,1.0,319.0,0.0,319000000.0,1.0,2.0
4667,6.5125,1000000.0,8.0,1.0,320.0,0.0,320000000.0,1.0,2.0
4668,6.531645569620253,1000000.0,8.0,1.0,316.0,0.0,316000000.0,1.0,2.0
4669,6.523659305993691,1000000.0,8.0,1.0,317.0,0.0,317000000.0,1.0,2.0
4670,6.492211838006231,1000000.0,8.0,1.0,321.0,0.0,321000000.0,1.0,2.0
4671,6.479750778816199,1000000.0,8.0,1.0,321.0,0.0,321000000.0,1.0,2.0
4672,6.489164086687307,1000000.0,8.0,1.0,323.0,0.0,323000000.0,1.0,2.0
4673,6.523659305993691,1000000.0,8.0,1.0,317.0,0.0,317000000.0,1.0,2.0
4674,6.518987341772152,1000000.0,8.0,1.0,316.0,0.0,316000000.0,1.0,2.0
4675,6.495297805642633,1000000.0,8.0,1.0,319.0,0.0,319000000.0,1.0,2.0
4676,6.484472049689441,1000000.0,8.0,1.0,322.0,0.0,322000000.0,1.0,2.0
4677,6.823529411764706,1000000.0,8.0,1.0,323.0,0.0,323000000.0,1.0,2.0
4678,6.608695652173913,1000000.0,8.0,1.0,322.0,0.0,322000000.0,1.0,2.0
4679,6.690851735015773,1000000.0,8.0,1.0,317.0,0.0,317000000.0,1.0,2.0
4680,6.640866873065016,1000000.0,8.0,1.0,323.0,0.0,323000000.0,1.0,2.0
4681,6.472049689440993,1000000.0,8.0,1.0,322.0,0.0,322000000.0,1.0,2.0
4682,6.5,1000000.0,8.0,1.0,320.0,0.0,320000000.0,1.0,2.0
4683,6.515723270440252,1000000.0,8.0,1.0,318.0,0.0,318000000.0,1.0,2.0
4684,6.52037617554859,1000000.0,8.0,1.0,319.0,0.0,319000000.0,1.0,2.0
4685,6.547770700636943,1000000.0,8.0,1.0,314.0,0.0,314000000.0,1.0,2.0
4686,6.507836990595611,1000000.0,8.0,1.0,319.0,0.0,319000000.0,1.0,2.0
4687,6.507836990595611,1000000.0,8.0,1.0,319.0,0.0,319000000.0,1.0,2.0
4688,6.50314465408805,1000000.0,8.0,1.0,318.0,0.0,318000000.0,1.0,2.0
4689,6.5,1000000.0,8.0,1.0,320.0,0.0,320000000.0,1.0,2.0
4690,6.484472049689441,1000000.0,8.0,1.0,322.0,0.0,322000000.0,1.0,2.0
4691,6.52037617554859,1000000.0,8.0,1.0,319.0,0.0,319000000.0,1.0,2.0
4692,6.492211838006231,1000000.0,8.0,1.0,321.0,0.0,321000000.0,1.0,2.0
4693,6.484472049689441,1000000.0,8.0,1.0,322.0,0.0,322000000.0,1.0,2.0
4694,6.484472049689441,1000000.0,8.0,1.0,322.0,0.0,322000000.0,1.0,2.0
4695,6.39751552795031,1000000.0,8.0,1.0,322.0,0.0,322000000.0,1.0,2.0
4696,5.504702194357367,1000000.0,8.0,1.0,319.0,0.0,319000000.0,1.0,2.0
4697,5.4875,1000000.0,8.0,1.0,320.0,0.0,320000000.0,1.0,2.0
4698,5.492163009404389,1000000.0,8.0,1.0,319.0,0.0,319000000.0,1.0,2.0
4699,5.527950310559007,1000000.0,8.0,1.0,322.0,0.0,322000000.0,1.0,2.0
4700,5.488958990536277,1000000.0,8.0,1.0,317.0,0.0,317000000.0,1.0,2.0
4701,5.468354430379747,1000000.0,8.0,1.0,316.0,0.0,316000000.0,1.0,2.0
4702,5.761755485893417,1000000.0,11.0,1.0,319.0,0.0,319000000.0,1.0,2.0
4703,5.5,1000000.0,8.0,1.0,320.0,0.0,320000000.0,1.0,2.0
4704,5.492163009404389,1000000.0,8.0,1.0,319.0,0.0,319000000.0,1.0,2.0
4705,6.078616352201258,1000000.0,11.0,1.0,318.0,0.0,318000000.0,1.0,2.0
4706,6.0,1000000.0,8.0,1.0,322.0,0.0,322000000.0,1.0,2.0
4707,6.511041009463723,1000000.0,8.0,1.0,317.0,0.0,317000000.0,1.0,2.0
4708,6.523659305993691,1000000.0,8.0,1.0,317.0,0.0,317000000.0,1.0,2.0
4709,6.492211838006231,1000000.0,8.0,1.0,321.0,0.0,321000000.0,1.0,2.0
4710,6.515723270440252,1000000.0,8.0,1.0,318.0,0.0,318000000.0,1.0,2.0
4711,6.507836990595611,1000000.0,8.0,1.0,319.0,0.0,319000000.0,1.0,2.0
4712,6.484472049689441,1000000.0,8.0,1.0,322.0,0.0,322000000.0,1.0,2.0
4713,6.492211838006231,1000000.0,8.0,1.0,321.0,0.0,321000000.0,1.0,2.0
4714,6.50314465408805,1000000.0,8.0,1.0,318.0,0.0,318000000.0,1.0,2.0
4715,6.523659305993691,1000000.0,8.0,1.0,317.0,0.0,317000000.0,1.0,2.0
4716,6.496894409937888,1000000.0,8.0,1.0,322.0,0.0,322000000.0,1.0,2.0
4717,6.507836990595611,1000000.0,8.0,1.0,319.0,0.0,319000000.0,1.0,2.0
4718,6.492211838006231,1000000.0,8.0,1.0,321.0,0.0,321000000.0,1.0,2.0
4719,6.4875,1000000.0,8.0,1.0,320.0,0.0,320000000.0,1.0,2.0
4720,6.5125,1000000.0,8.0,1.0,320.0,0.0,320000000.0,1.0,2.0
4721,6.492211838006231,1000000.0,8.0,1.0,321.0,0.0,321000000.0,1.0,2.0
4722,6.507836990595611,1000000.0,8.0,1.0,319.0,0.0,319000000.0,1.0,2.0
4723,6.515723270440252,1000000.0,8.0,1.0,318.0,0.0,318000000.0,1.0,2.0
4724,6.511041009463723,1000000.0,8.0,1.0,317.0,0.0,317000000.0,1.0,2.0
4725,6.5,1000000.0,8.0,1.0,320.0,0.0,320000000.0,1.0,2.0
4726,6.5,1000000.0,8.0,1.0,320.0,0.0,320000000.0,1.0,2.0
4727,6.475460122699387,1000000.0,8.0,1.0,326.0,0.0,326000000.0,1.0,2.0
4728,6.479750778816199,1000000.0,8.0,1.0,321.0,0.0,321000000.0,1.0,2.0
4729,6.503125,1000000.0,8.0,1.0,320.0,0.0,320000000.0,1.0,3.0
4730,6.50314465408805,1000000.0,8.0,1.0,318.0,0.0,318000000.0,1.0,2.0
4731,6.489164086687307,1000000.0,8.0,1.0,323.0,0.0,323000000.0,1.0,2.0
4732,6.523659305993691,1000000.0,8.0,1.0,317.0,0.0,317000000.0,1.0,2.0
4733,6.531645569620253,1000000.0,8.0,1.0,316.0,0.0,316000000.0,1.0,2.0
4734,6.507836990595611,1000000.0,8.0,1.0,319.0,0.0,319000000.0,1.0,2.0
4735,6.469135802469136,1000000.0,8.0,1.0,324.0,0.0,324000000.0,1.0,2.0
4736,6.476780185758514,1000000.0,8.0,1.0,323.0,0.0,323000000.0,1.0,2.0
4737,6.472049689440993,1000000.0,8.0,1.0,322.0,0.0,322000000.0,1.0,2.0
4738,6.495297805642633,1000000.0,8.0,1.0,319.0,0.0,319000000.0,1.0,2.0
4739,6.515723270440252,1000000.0,8.0,1.0,318.0,0.0,318000000.0,1.0,2.0
4740,6.466257668711656,1000000.0,8.0,1.0,326.0,0.0,326000000.0,1.0,2.0
4741,6.5,1000000.0,8.0,1.0,320.0,0.0,320000000.0,1.0,2.0
4742,6.531645569620253,1000000.0,8.0,1.0,316.0,0.0,316000000.0,1.0,2.0
4743,6.495297805642633,1000000.0,8.0,1.0,319.0,0.0,319000000.0,1.0,2.0
4744,6.476780185758514,1000000.0,8.0,1.0,323.0,0.0,323000000.0,1.0,2.0
4745,6.5,1000000.0,8.0,1.0,320.0,0.0,320000000.0,1.0,2.0
4746,6.515723270440252,1000000.0,8.0,1.0,318.0,0.0,318000000.0,1.0,2.0
4747,6.544303797468355,1000000.0,8.0,1.0,316.0,0.0,316000000.0,1.0,2.0
4748,6.535031847133758,1000000.0,8.0,1.0,314.0,0.0,314000000.0,1.0,2.0
4749,6.5,1000000.0,8.0,1.0,320.0,0.0,320000000.0,1.0,2.0
4750,6.52037617554859,1000000.0,8.0,1.0,319.0,0.0,319000000.0,1.0,2.0
4751,6.5,1000000.0,8.0,1.0,320.0,0.0,320000000.0,1.0,2.0
4752,6.492211838006231,1000000.0,8.0,1.0,321.0,0.0,321000000.0,1.0,2.0
4753,6.544025157232705,1000000.0,9.0,1.0,318.0,0.0,318000000.0,1.0,2.0
4754,6.526984126984127,1000000.0,8.0,1.0,315.0,0.0,315000000.0,1.0,2.0
4755,6.481481481481482,1000000.0,8.0,1.0,324.0,0.0,324000000.0,1.0,2.0
4756,6.492211838006231,1000000.0,8.0,1.0,321.0,0.0,321000000.0,1.0,2.0
4757,6.4875,1000000.0,8.0,1.0,320.0,0.0,320000000.0,1.0,2.0
4758,6.515723270440252,1000000.0,8.0,1.0,318.0,0.0,318000000.0,1.0,2.0
4759,6.5046728971962615,1000000.0,8.0,1.0,321.0,0.0,321000000.0,1.0,2.0
4760,6.526984126984127,1000000.0,8.0,1.0,315.0,0.0,315000000.0,1.0,2.0
4761,6.522292993630574,1000000.0,8.0,1.0,314.0,0.0,314000000.0,1.0,2.0
4762,6.5,1000000.0,8.0,1.0,320.0,0.0,320000000.0,1.0,2.0
4763,6.950310559006211,1000000.0,10.0,1.0,322.0,0.0,322000000.0,1.0,2.0
4764,6.526984126984127,1000000.0,8.0,1.0,315.0,0.0,315000000.0,1.0,2.0
4765,6.489164086687307,1000000.0,8.0,1.0,323.0,0.0,323000000.0,1.0,2.0
4766,6.507836990595611,1000000.0,8.0,1.0,319.0,0.0,319000000.0,1.0,2.0
4767,6.490566037735849,1000000.0,8.0,1.0,318.0,0.0,318000000.0,1.0,2.0
4768,6.506329113924051,1000000.0,8.0,1.0,316.0,0.0,316000000.0,1.0,2.0
4769,6.515723270440252,1000000.0,8.0,1.0,318.0,0.0,318000000.0,1.0,2.0
4770,6.495297805642633,1000000.0,8.0,1.0,319.0,0.0,319000000.0,1.0,2.0
4771,6.5046728971962615,1000000.0,8.0,1.0,321.0,0.0,321000000.0,1.0,2.0
4772,6.476780185758514,1000000.0,8.0,1.0,323.0,0.0,323000000.0,1.0,2.0
4773,6.515723270440252,1000000.0,8.0,1.0,318.0,0.0,318000000.0,1.0,2.0
4774,6.50314465408805,1000000.0,8.0,1.0,318.0,0.0,318000000.0,1.0,2.0
4775,5.780564263322884,1000000.0,8.0,1.0,319.0,0.0,319000000.0,1.0,2.0
4776,5.504643962848297,1000000.0,8.0,1.0,323.0,0.0,323000000.0,1.0,3.0
4777,5.49685534591195,1000000.0,8.0,1.0,318.0,0.0,318000000.0,1.0,2.0
4778,6.219435736677116,1000000.0,8.0,1.0,319.0,0.0,319000000.0,1.0,2.0
4779,6.401273885350318,1000000.0,8.0,1.0,314.0,0.0,314000000.0,1.0,2.0
4780,5.517241379310345,1000000.0,8.0,1.0,319.0,0.0,319000000.0,1.0,2.0
4781,5.510835913312693,1000000.0,8.0,1.0,323.0,0.0,323000000.0,1.0,2.0
4782,5.5,1000000.0,8.0,1.0,320.0,0.0,320000000.0,1.0,2.0
4783,5.484276729559748,1000000.0,8.0,1.0,318.0,0.0,318000000.0,1.0,2.0
4784,5.484276729559748,1000000.0,8.0,1.0,318.0,0.0,318000000.0,1.0,2.0
4785,5.490625,1000000.0,8.0,1.0,320.0,0.0,320000000.0,1.0,3.0
4786,5.5,1000000.0,8.0,1.0,320.0,0.0,320000000.0,1.0,2.0
4787,5.5,1000000.0,8.0,1.0,320.0,0.0,320000000.0,1.0,2.0
4788,5.504702194357367,1000000.0,8.0,1.0,319.0,0.0,319000000.0,1.0,2.0
4789,5.49685534591195,1000000.0,8.0,1.0,318.0,0.0,318000000.0,1.0,2.0
4790,5.721875,1000000.0,9.0,1.0,320.0,0.0,320000000.0,1.0,3.0
4791,6.496894409937888,1000000.0,8.0,1.0,322.0,0.0,322000000.0,1.0,2.0
4792,6.484472049689441,1000000.0,8.0,1.0,322.0,0.0,322000000.0,1.0,2.0
4793,6.495297805642633,1000000.0,8.0,1.0,319.0,0.0,319000000.0,1.0,2.0
4794,6.244514106583072,1000000.0,8.0,1.0,319.0,0.0,319000000.0,1.0,2.0
4795,5.481012658227848,1000000.0,8.0,1.0,316.0,0.0,316000000.0,1.0,2.0
4796,5.507788161993769,1000000.0,8.0,1.0,321.0,0.0,321000000.0,1.0,2.0
4797,5.527950310559007,1000000.0,8.0,1.0,322.0,0.0,322000000.0,1.0,2.0
4798,5.492163009404389,1000000.0,8.0,1.0,319.0,0.0,319000000.0,1.0,2.0
4799,5.492163009404389,1000000.0,8.0,1.0,319.0,0.0,319000000.0,1.0,2.0
4800,5.492163009404389,1000000.0,8.0,1.0,319.0,0.0,319000000.0,1.0,2.0
4801,5.515527950310559,1000000.0,8.0,1.0,322.0,0.0,322000000.0,1.0,2.0
4802,5.510835913312693,1000000.0,8.0,1.0,323.0,0.0,323000000.0,1.0,2.0
4803,5.545454545454546,1000000.0,11.0,1.0,319.0,0.0,319000000.0,1.0,2.0
4804,5.4603174603174605,1000000.0,8.0,1.0,315.0,0.0,315000000.0,1.0,2.0
4805,5.4875,1000000.0,8.0,1.0,320.0,0.0,320000000.0,1.0,2.0
4806,5.7632398753894085,1000000.0,9.0,1.0,321.0,0.0,321000000.0,1.0,3.0
4807,5.653125,1000000.0,9.0,1.0,320.0,0.0,320000000.0,1.0,2.0
4808,5.49685534591195,1000000.0,9.0,1.0,318.0,0.0,318000000.0,1.0,2.0
4809,5.546296296296297,1000000.0,9.0,1.0,324.0,0.0,324000000.0,1.0,2.0
4810,5.484276729559748,1000000.0,8.0,1.0,318.0,0.0,318000000.0,1.0,2.0
4811,5.5,1000000.0,8.0,1.0,320.0,0.0,320000000.0,1.0,2.0
4812,5.520249221183801,1000000.0,8.0,1.0,321.0,0.0,321000000.0,1.0,2.0
4813,5.484276729559748,1000000.0,8.0,1.0,318.0,0.0,318000000.0,1.0,2.0
4814,5.468354430379747,1000000.0,8.0,1.0,316.0,0.0,316000000.0,1.0,2.0
4815,5.5125,1000000.0,8.0,1.0,320.0,0.0,320000000.0,1.0,2.0
4816,5.523219814241486,1000000.0,8.0,1.0,323.0,0.0,323000000.0,1.0,2.0
4817,5.492163009404389,1000000.0,8.0,1.0,319.0,0.0,319000000.0,1.0,2.0
4818,5.507788161993769,1000000.0,8.0,1.0,321.0,0.0,321000000.0,1.0,2.0
4819,6.4263322884012535,1000000.0,8.0,1.0,319.0,0.0,319000000.0,1.0,3.0
4820,6.492211838006231,1000000.0,8.0,1.0,321.0,0.0,321000000.0,1.0,2.0
4821,6.492211838006231,1000000.0,8.0,1.0,321.0,0.0,321000000.0,1.0,2.0
4822,6.492211838006231,1000000.0,8.0,1.0,321.0,0.0,321000000.0,1.0,2.0
4823,6.0375,1000000.0,8.0,1.0,320.0,0.0,320000000.0,1.0,2.0
4824,5.4603174603174605,1000000.0,8.0,1.0,315.0,0.0,315000000.0,1.0,2.0
4825,5.509433962264151,1000000.0,8.0,1.0,318.0,0.0,318000000.0,1.0,2.0
4826,5.49685534591195,1000000.0,8.0,1.0,318.0,0.0,318000000.0,1.0,2.0
4827,5.503105590062112,1000000.0,8.0,1.0,322.0,0.0,322000000.0,1.0,2.0
4828,5.504702194357367,1000000.0,8.0,1.0,319.0,0.0,319000000.0,1.0,2.0
4829,5.5094936708860756,1000000.0,8.0,1.0,316.0,0.0,316000000.0,1.0,2.0
4830,5.5,1000000.0,8.0,1.0,320.0,0.0,320000000.0,1.0,2.0
4831,5.49685534591195,1000000.0,8.0,1.0,318.0,0.0,318000000.0,1.0,2.0
4832,5.5170278637770895,1000000.0,8.0,1.0,323.0,0.0,323000000.0,1.0,3.0
4833,5.47962382445141,1000000.0,8.0,1.0,319.0,0.0,319000000.0,1.0,2.0
4834,5.468354430379747,1000000.0,8.0,1.0,316.0,0.0,316000000.0,1.0,2.0
4835,5.484276729559748,1000000.0,8.0,1.0,318.0,0.0,318000000.0,1.0,2.0
4836,5.492163009404389,1000000.0,8.0,1.0,319.0,0.0,319000000.0,1.0,2.0
4837,5.5,1000000.0,8.0,1.0,320.0,0.0,320000000.0,1.0,2.0
4838,5.806853582554517,1000000.0,8.0,1.0,321.0,0.0,321000000.0,1.0,2.0
4839,6.523659305993691,1000000.0,8.0,1.0,317.0,0.0,317000000.0,1.0,2.0
4840,6.531645569620253,1000000.0,8.0,1.0,316.0,0.0,316000000.0,1.0,2.0
4841,6.511041009463723,1000000.0,8.0,1.0,317.0,0.0,317000000.0,1.0,2.0
4842,6.316923076923077,1000000.0,9.0,1.0,325.0,0.0,325000000.0,1.0,3.0
4843,5.484276729559748,1000000.0,8.0,1.0,318.0,0.0,318000000.0,1.0,2.0
4844,5.476340694006309,1000000.0,8.0,1.0,317.0,0.0,317000000.0,1.0,2.0
4845,5.488958990536277,1000000.0,8.0,1.0,317.0,0.0,317000000.0,1.0,2.0
4846,5.49685534591195,1000000.0,8.0,1.0,318.0,0.0,318000000.0,1.0,2.0
4847,5.5,1000000.0,8.0,1.0,320.0,0.0,320000000.0,1.0,2.0
4848,5.510835913312693,1000000.0,8.0,1.0,323.0,0.0,323000000.0,1.0,2.0
4849,5.473015873015873,1000000.0,8.0,1.0,315.0,0.0,315000000.0,1.0,2.0
4850,5.47962382445141,1000000.0,8.0,1.0,319.0,0.0,319000000.0,1.0,2.0
4851,5.818181818181818,1000000.0,9.0,1.0,319.0,0.0,319000000.0,1.0,2.0
4852,5.875,1000000.0,9.0,1.0,320.0,0.0,320000000.0,1.0,2.0
4853,5.552380952380952,1000000.0,11.0,1.0,315.0,0.0,315000000.0,1.0,2.0
4854,5.697819314641745,1000000.0,10.0,1.0,321.0,0.0,321000000.0,1.0,2.0
4855,5.530864197530864,1000000.0,8.0,1.0,324.0,0.0,324000000.0,1.0,2.0
4856,5.610591900311526,1000000.0,11.0,1.0,321.0,0.0,321000000.0,1.0,2.0
4857,5.536050156739812,1000000.0,11.0,1.0,319.0,0.0,319000000.0,1.0,2.0
4858,5.488958990536277,1000000.0,8.0,1.0,317.0,0.0,317000000.0,1.0,2.0
4859,5.510835913312693,1000000.0,8.0,1.0,323.0,0.0,323000000.0,1.0,2.0
4860,5.466876971608833,1000000.0,8.0,1.0,317.0,0.0,317000000.0,1.0,3.0
4861,5.504702194357367,1000000.0,8.0,1.0,319.0,0.0,319000000.0,1.0,2.0
4862,5.6521739130434785,1000000.0,8.0,1.0,322.0,0.0,322000000.0,1.0,2.0
4863,6.476780185758514,1000000.0,8.0,1.0,323.0,0.0,323000000.0,1.0,2.0
4864,6.507836990595611,1000000.0,8.0,1.0,319.0,0.0,319000000.0,1.0,2.0
4865,6.3197492163009406,1000000.0,8.0,1.0,319.0,0.0,319000000.0,1.0,2.0
4866,5.473015873015873,1000000.0,8.0,1.0,315.0,0.0,315000000.0,1.0,2.0
4867,5.5,1000000.0,8.0,1.0,320.0,0.0,320000000.0,1.0,2.0
4868,5.5,1000000.0,8.0,1.0,320.0,0.0,320000000.0,1.0,2.0
4869,5.507788161993769,1000000.0,8.0,1.0,321.0,0.0,321000000.0,1.0,2.0
4870,5.492163009404389,1000000.0,8.0,1.0,319.0,0.0,319000000.0,1.0,2.0
4871,5.5,1000000.0,8.0,1.0,320.0,0.0,320000000.0,1.0,2.0
4872,5.5,1000000.0,8.0,1.0,320.0,0.0,320000000.0,1.0,2.0
4873,5.507788161993769,1000000.0,8.0,1.0,321.0,0.0,321000000.0,1.0,2.0
4874,5.503105590062112,1000000.0,8.0,1.0,322.0,0.0,322000000.0,1.0,2.0
4875,5.484276729559748,1000000.0,8.0,1.0,318.0,0.0,318000000.0,1.0,2.0
4876,5.5,1000000.0,8.0,1.0,320.0,0.0,320000000.0,1.0,2.0
4877,5.507788161993769,1000000.0,8.0,1.0,321.0,0.0,321000000.0,1.0,2.0
4878,5.473015873015873,1000000.0,8.0,1.0,315.0,0.0,315000000.0,1.0,2.0
4879,5.795665634674923,1000000.0,8.0,1.0,323.0,0.0,323000000.0,1.0,2.0
4880,5.49685534591195,1000000.0,8.0,1.0,318.0,0.0,318000000.0,1.0,2.0
4881,5.4637223974763405,1000000.0,8.0,1.0,317.0,0.0,317000000.0,1.0,2.0
4882,5.484276729559748,1000000.0,8.0,1.0,318.0,0.0,318000000.0,1.0,2.0
4883,6.0251572327044025,1000000.0,8.0,1.0,318.0,0.0,318000000.0,1.0,2.0
4884,6.5,1000000.0,8.0,1.0,320.0,0.0,320000000.0,1.0,2.0
4885,6.515723270440252,1000000.0,8.0,1.0,318.0,0.0,318000000.0,1.0,2.0
4886,6.535031847133758,1000000.0,8.0,1.0,314.0,0.0,314000000.0,1.0,2.0
4887,6.518987341772152,1000000.0,8.0,1.0,316.0,0.0,316000000.0,1.0,2.0
4888,6.5,1000000.0,8.0,1.0,320.0,0.0,320000000.0,1.0,2.0
4889,5.925,1000000.0,8.0,1.0,320.0,0.0,320000000.0,1.0,2.0
4890,5.492163009404389,1000000.0,8.0,1.0,319.0,0.0,319000000.0,1.0,2.0
4891,5.490625,1000000.0,9.0,1.0,320.0,0.0,320000000.0,1.0,3.0
4892,5.492163009404389,1000000.0,8.0,1.0,319.0,0.0,319000000.0,1.0,2.0
4893,5.5,1000000.0,8.0,1.0,320.0,0.0,320000000.0,1.0,2.0
4894,5.520249221183801,1000000.0,8.0,1.0,321.0,0.0,321000000.0,1.0,2.0
4895,5.507788161993769,1000000.0,8.0,1.0,321.0,0.0,321000000.0,1.0,2.0
4896,5.484276729559748,1000000.0,8.0,1.0,318.0,0.0,318000000.0,1.0,2.0
4897,5.492163009404389,1000000.0,8.0,1.0,319.0,0.0,319000000.0,1.0,2.0
4898,5.4875,1000000.0,8.0,1.0,320.0,0.0,320000000.0,1.0,2.0
4899,5.49685534591195,1000000.0,8.0,1.0,318.0,0.0,318000000.0,1.0,2.0
4900,5.507788161993769,1000000.0,8.0,1.0,321.0,0.0,321000000.0,1.0,2.0
4901,5.481012658227848,1000000.0,8.0,1.0,316.0,0.0,316000000.0,1.0,2.0
4902,5.5,1000000.0,8.0,1.0,320.0,0.0,320000000.0,1.0,2.0
4903,5.4637223974763405,1000000.0,8.0,1.0,317.0,0.0,317000000.0,1.0,2.0
4904,5.545171339563863,1000000.0,9.0,1.0,321.0,0.0,321000000.0,1.0,2.0
4905,5.529595015576324,1000000.0,10.0,1.0,321.0,0.0,321000000.0,1.0,2.0
4906,5.49685534591195,1000000.0,8.0,1.0,318.0,0.0,318000000.0,1.0,2.0
4907,5.468354430379747,1000000.0,8.0,1.0,316.0,0.0,316000000.0,1.0,2.0
4908,5.5125,1000000.0,8.0,1.0,320.0,0.0,320000000.0,1.0,2.0
4909,5.4953271028037385,1000000.0,8.0,1.0,321.0,0.0,321000000.0,1.0,2.0
4910,5.507788161993769,1000000.0,8.0,1.0,321.0,0.0,321000000.0,1.0,2.0
4911,5.875,1000000.0,8.0,1.0,320.0,0.0,320000000.0,1.0,2.0
4912,6.511041009463723,1000000.0,8.0,1.0,317.0,0.0,317000000.0,1.0,2.0
4913,5.780564263322884,1000000.0,8.0,1.0,319.0,0.0,319000000.0,1.0,2.0
4914,5.507788161993769,1000000.0,8.0,1.0,321.0,0.0,321000000.0,1.0,2.0
4915,5.515527950310559,1000000.0,8.0,1.0,322.0,0.0,322000000.0,1.0,2.0
4916,5.476340694006309,1000000.0,8.0,1.0,317.0,0.0,317000000.0,1.0,2.0
4917,5.481012658227848,1000000.0,8.0,1.0,316.0,0.0,316000000.0,1.0,2.0
4918,5.471698113207547,1000000.0,8.0,1.0,318.0,0.0,318000000.0,1.0,2.0
4919,5.504702194357367,1000000.0,8.0,1.0,319.0,0.0,319000000.0,1.0,2.0
4920,5.49685534591195,1000000.0,8.0,1.0,318.0,0.0,318000000.0,1.0,2.0
4921,5.476340694006309,1000000.0,8.0,1.0,317.0,0.0,317000000.0,1.0,2.0
4922,5.4875,1000000.0,8.0,1.0,320.0,0.0,320000000.0,1.0,2.0
4923,5.492163009404389,1000000.0,8.0,1.0,319.0,0.0,319000000.0,1.0,2.0
4924,5.527950310559007,1000000.0,8.0,1.0,322.0,0.0,322000000.0,1.0,2.0
4925,5.503105590062112,1000000.0,8.0,1.0,322.0,0.0,322000000.0,1.0,2.0
4926,5.488958990536277,1000000.0,8.0,1.0,317.0,0.0,317000000.0,1.0,2.0
4927,5.4875,1000000.0,8.0,1.0,320.0,0.0,320000000.0,1.0,2.0
4928,5.488958990536277,1000000.0,8.0,1.0,317.0,0.0,317000000.0,1.0,2.0
4929,5.728395061728395,1000000.0,8.0,1.0,324.0,0.0,324000000.0,1.0,2.0
4930,6.523659305993691,1000000.0,8.0,1.0,317.0,0.0,317000000.0,1.0,2.0
4931,6.523659305993691,1000000.0,8.0,1.0,317.0,0.0,317000000.0,1.0,2.0
4932,6.59433962264151,1000000.0,9.0,1.0,318.0,0.0,318000000.0,1.0,2.0
4933,7.13125,1000000.0,9.0,1.0,320.0,0.0,320000000.0,1.0,2.0
4934,6.50314465408805,1000000.0,8.0,1.0,318.0,0.0,318000000.0,1.0,2.0
4935,6.523510971786834,1000000.0,9.0,1.0,319.0,0.0,319000000.0,1.0,3.0
4936,6.523659305993691,1000000.0,8.0,1.0,317.0,0.0,317000000.0,1.0,2.0
4937,6.596214511041009,1000000.0,9.0,1.0,317.0,0.0,317000000.0,1.0,2.0
4938,5.851393188854489,1000000.0,9.0,1.0,323.0,0.0,323000000.0,1.0,2.0
4939,5.515527950310559,1000000.0,8.0,1.0,322.0,0.0,322000000.0,1.0,2.0
4940,5.484276729559748,1000000.0,8.0,1.0,318.0,0.0,318000000.0,1.0,2.0
4941,5.5125,1000000.0,8.0,1.0,320.0,0.0,320000000.0,1.0,2.0
4942,5.476340694006309,1000000.0,8.0,1.0,317.0,0.0,317000000.0,1.0,2.0
4943,5.5,1000000.0,8.0,1.0,320.0,0.0,320000000.0,1.0,2.0
4944,5.5,1000000.0,8.0,1.0,320.0,0.0,320000000.0,1.0,2.0
4945,5.527950310559007,1000000.0,8.0,1.0,322.0,0.0,322000000.0,1.0,2.0
4946,5.47962382445141,1000000.0,8.0,1.0,319.0,0.0,319000000.0,1.0,2.0
4947,5.484276729559748,1000000.0,8.0,1.0,318.0,0.0,318000000.0,1.0,2.0
4948,5.485714285714286,1000000.0,8.0,1.0,315.0,0.0,315000000.0,1.0,2.0
4949,5.520249221183801,1000000.0,8.0,1.0,321.0,0.0,321000000.0,1.0,2.0
4950,5.492163009404389,1000000.0,8.0,1.0,319.0,0.0,319000000.0,1.0,2.0
4951,5.47962382445141,1000000.0,8.0,1.0,319.0,0.0,319000000.0,1.0,2.0
4952,5.456869009584665,1000000.0,8.0,1.0,313.0,0.0,313000000.0,1.0,2.0
4953,6.071428571428571,1000000.0,8.0,1.0,322.0,0.0,322000000.0,1.0,2.0
4954,6.523219814241486,1000000.0,8.0,1.0,323.0,0.0,323000000.0,1.0,2.0
4955,6.593650793650793,1000000.0,8.0,1.0,315.0,0.0,315000000.0,1.0,2.0
4956,6.60248447204969,1000000.0,8.0,1.0,322.0,0.0,322000000.0,1.0,2.0
4957,6.492211838006231,1000000.0,8.0,1.0,321.0,0.0,321000000.0,1.0,2.0
4958,6.492211838006231,1000000.0,8.0,1.0,321.0,0.0,321000000.0,1.0,2.0
4959,6.5125,1000000.0,8.0,1.0,320.0,0.0,320000000.0,1.0,2.0
4960,6.533123028391167,1000000.0,8.0,1.0,317.0,0.0,317000000.0,1.0,2.0
4961,6.492211838006231,1000000.0,8.0,1.0,321.0,0.0,321000000.0,1.0,2.0
4962,5.525,1000000.0,8.0,1.0,320.0,0.0,320000000.0,1.0,2.0
4963,5.481012658227848,1000000.0,8.0,1.0,316.0,0.0,316000000.0,1.0,2.0
4964,5.47962382445141,1000000.0,8.0,1.0,319.0,0.0,319000000.0,1.0,2.0
4965,5.5125,1000000.0,8.0,1.0,320.0,0.0,320000000.0,1.0,2.0
4966,5.488958990536277,1000000.0,8.0,1.0,317.0,0.0,317000000.0,1.0,2.0
4967,5.492163009404389,1000000.0,8.0,1.0,319.0,0.0,319000000.0,1.0,2.0
4968,5.507788161993769,1000000.0,8.0,1.0,321.0,0.0,321000000.0,1.0,2.0
4969,5.4875,1000000.0,8.0,1.0,320.0,0.0,320000000.0,1.0,2.0
4970,5.911111111111111,1000000.0,8.0,1.0,315.0,0.0,315000000.0,1.0,2.0
4971,5.4875,1000000.0,8.0,1.0,320.0,0.0,320000000.0,1.0,2.0
4972,5.5015772870662465,1000000.0,8.0,1.0,317.0,0.0,317000000.0,1.0,2.0
4973,5.5,1000000.0,8.0,1.0,320.0,0.0,320000000.0,1.0,2.0
4974,5.484276729559748,1000000.0,8.0,1.0,318.0,0.0,318000000.0,1.0,2.0
4975,5.5,1000000.0,8.0,1.0,320.0,0.0,320000000.0,1.0,2.0
4976,5.492163009404389,1000000.0,8.0,1.0,319.0,0.0,319000000.0,1.0,2.0
4977,5.468354430379747,1000000.0,8.0,1.0,316.0,0.0,316000000.0,1.0,2.0
4978,5.515527950310559,1000000.0,8.0,1.0,322.0,0.0,322000000.0,1.0,2.0
4979,5.503105590062112,1000000.0,8.0,1.0,322.0,0.0,322000000.0,1.0,2.0
4980,5.523659305993691,1000000.0,10.0,1.0,317.0,0.0,317000000.0,1.0,2.0
4981,5.507836990595611,1000000.0,9.0,1.0,319.0,0.0,319000000.0,1.0,2.0
4982,5.484276729559748,1000000.0,8.0,1.0,318.0,0.0,318000000.0,1.0,2.0
4983,5.520249221183801,1000000.0,8.0,1.0,321.0,0.0,321000000.0,1.0,2.0
4984,5.476340694006309,1000000.0,8.0,1.0,317.0,0.0,317000000.0,1.0,2.0
4985,5.473015873015873,1000000.0,8.0,1.0,315.0,0.0,315000000.0,1.0,2.0
4986,5.488958990536277,1000000.0,8.0,1.0,317.0,0.0,317000000.0,1.0,2.0
4987,5.5,1000000.0,8.0,1.0,320.0,0.0,320000000.0,1.0,2.0
4988,5.507788161993769,1000000.0,8.0,1.0,321.0,0.0,321000000.0,1.0,2.0
4989,5.476340694006309,1000000.0,8.0,1.0,317.0,0.0,317000000.0,1.0,2.0
4990,5.468354430379747,1000000.0,8.0,1.0,316.0,0.0,316000000.0,1.0,2.0
4991,5.5,1000000.0,8.0,1.0,320.0,0.0,320000000.0,1.0,2.0
4992,5.515527950310559,1000000.0,8.0,1.0,322.0,0.0,322000000.0,1.0,2.0
4993,5.49685534591195,1000000.0,8.0,1.0,318.0,0.0,318000000.0,1.0,2.0
4994,5.507788161993769,1000000.0,8.0,1.0,321.0,0.0,321000000.0,1.0,2.0
4995,5.504702194357367,1000000.0,8.0,1.0,319.0,0.0,319000000.0,1.0,2.0
4996,5.49685534591195,1000000.0,8.0,1.0,318.0,0.0,318000000.0,1.0,2.0
4997,5.4637223974763405,1000000.0,8.0,1.0,317.0,0.0,317000000.0,1.0,2.0
4998,5.468354430379747,1000000.0,8.0,1.0,316.0,0.0,316000000.0,1.0,2.0
4999,5.484276729559748,1000000.0,8.0,1.0,318.0,0.0,318000000.0,1.0,2.0
