idx,ane_power_w,cpu_avg_freq_mhz,cpu_power_w,cpu_residency_active_pct,cpu_temp_c,cpu_usage_pct,fan_rpm,gpu_avg_freq_mhz,gpu_power_w,gpu_residency_active_pct,gpu_temp_c,gpu_usage_pct,soc_temp_c
0,0.0,1892.0,12.476137161254885,36.99,64.20641326904297,1094.0,0.0,1367.0,0.0069253537803888,100.0,5.8734002113342285,111.0,0.0
1,0.0,1892.0,12.476137161254885,36.99,64.20641326904297,1094.0,0.0,1367.0,0.0069253537803888,100.0,5.8734002113342285,111.0,0.0
2,0.0,1892.0,12.476137161254885,36.99,64.20641326904297,1094.0,0.0,1367.0,0.0069253537803888,100.0,5.8734002113342285,111.0,0.0
3,0.0,1892.0,12.476137161254885,36.99,64.20641326904297,1094.0,0.0,1367.0,0.0069253537803888,100.0,5.8734002113342285,111.0,0.0
4,0.0,1892.0,12.476137161254885,36.99,64.20641326904297,1094.0,0.0,1367.0,0.0069253537803888,100.0,5.8734002113342285,111.0,0.0
5,0.0,1892.0,12.50300121307373,36.99,65.2494888305664,1082.0,0.0,1367.0,0.0,100.0,22.938398361206055,0.0,0.0
6,0.0,1892.0,12.50300121307373,36.99,65.2494888305664,1082.0,0.0,1367.0,0.0,100.0,22.938398361206055,0.0,0.0
7,0.0,1892.0,12.50300121307373,36.99,65.2494888305664,1082.0,0.0,1367.0,0.0,100.0,22.938398361206055,0.0,0.0
8,0.0,1892.0,12.50300121307373,36.99,65.2494888305664,1082.0,0.0,1367.0,0.0,100.0,22.938398361206055,0.0,0.0
9,0.0,1892.0,12.50300121307373,36.99,65.2494888305664,1082.0,0.0,1367.0,0.0,100.0,22.938398361206055,0.0,0.0
10,0.0,1892.0,12.50300121307373,36.99,65.2494888305664,1082.0,0.0,1367.0,0.0,100.0,22.938398361206055,0.0,0.0
11,0.0,1892.0,12.40129852294922,36.99,65.98564910888672,1128.0,0.0,1367.0,0.0,100.0,5.8734002113342285,0.0,0.0
12,0.0,1892.0,12.40129852294922,36.99,65.98564910888672,1128.0,0.0,1367.0,0.0,100.0,5.8734002113342285,0.0,0.0
13,0.0,1892.0,12.40129852294922,36.99,65.98564910888672,1128.0,0.0,1367.0,0.0,100.0,5.8734002113342285,0.0,0.0
14,0.0,1892.0,12.40129852294922,36.99,65.98564910888672,1128.0,0.0,1367.0,0.0,100.0,5.8734002113342285,0.0,0.0
15,0.0,1892.0,12.40129852294922,36.99,65.98564910888672,1128.0,0.0,1367.0,0.0,100.0,5.8734002113342285,0.0,0.0
16,0.0,1892.0,12.590161323547363,36.99,66.25782012939453,1399.0,0.0,1367.0,0.003575942479074,100.0,58.15544891357422,111.0,0.0
17,0.0,1892.0,12.590161323547363,36.99,66.25782012939453,1399.0,0.0,1367.0,0.003575942479074,100.0,58.15544891357422,111.0,0.0
18,0.0,1892.0,12.590161323547363,36.99,66.25782012939453,1399.0,0.0,1367.0,0.003575942479074,100.0,58.15544891357422,111.0,0.0
19,0.0,1892.0,12.590161323547363,36.99,66.25782012939453,1399.0,0.0,1367.0,0.003575942479074,100.0,58.15544891357422,111.0,0.0
20,0.0,1892.0,12.590161323547363,36.99,66.25782012939453,1399.0,0.0,1367.0,0.003575942479074,100.0,58.15544891357422,111.0,0.0
21,0.0,1892.0,12.428644180297852,36.99,66.2513198852539,1271.0,0.0,1367.0,4.54649816674646e-05,100.0,58.201805114746094,111.0,0.0
22,0.0,1892.0,12.428644180297852,36.99,66.2513198852539,1271.0,0.0,1367.0,4.54649816674646e-05,100.0,58.201805114746094,111.0,0.0
23,0.0,1892.0,12.428644180297852,36.99,66.2513198852539,1271.0,0.0,1367.0,4.54649816674646e-05,100.0,58.201805114746094,111.0,0.0
24,0.0,1892.0,12.428644180297852,36.99,66.2513198852539,1271.0,0.0,1367.0,4.54649816674646e-05,100.0,58.201805114746094,111.0,0.0
25,0.0,1892.0,12.428644180297852,36.99,66.2513198852539,1271.0,0.0,1367.0,4.54649816674646e-05,100.0,58.201805114746094,111.0,0.0
26,0.0,1892.0,12.46957015991211,36.99,66.05711364746094,1303.0,0.0,1367.0,0.0,100.0,5.8734002113342285,0.0,0.0
27,0.0,1892.0,12.46957015991211,36.99,66.05711364746094,1303.0,0.0,1367.0,0.0,100.0,5.8734002113342285,0.0,0.0
28,0.0,1892.0,12.46957015991211,36.99,66.05711364746094,1303.0,0.0,1367.0,0.0,100.0,5.8734002113342285,0.0,0.0
29,0.0,1892.0,12.46957015991211,36.99,66.05711364746094,1303.0,0.0,1367.0,0.0,100.0,5.8734002113342285,0.0,0.0
30,0.0,1892.0,12.46957015991211,36.99,66.05711364746094,1303.0,0.0,1367.0,0.0,100.0,5.8734002113342285,0.0,0.0
31,0.0,1892.0,12.428661346435549,36.99,65.72301483154297,1167.0,0.0,1367.0,0.0,100.0,5.8734002113342285,0.0,0.0
32,0.0,1892.0,12.428661346435549,36.99,65.72301483154297,1167.0,0.0,1367.0,0.0,100.0,5.8734002113342285,0.0,0.0
33,0.0,1892.0,12.428661346435549,36.99,65.72301483154297,1167.0,0.0,1367.0,0.0,100.0,5.8734002113342285,0.0,0.0
34,0.0,1892.0,12.428661346435549,36.99,65.72301483154297,1167.0,0.0,1367.0,0.0,100.0,5.8734002113342285,0.0,0.0
35,0.0,1892.0,12.428661346435549,36.99,65.72301483154297,1167.0,0.0,1367.0,0.0,100.0,5.8734002113342285,0.0,0.0
36,0.0,1892.0,12.43594741821289,36.99,65.7589111328125,1158.0,0.0,1367.0,0.0,100.0,5.8734002113342285,0.0,0.0
37,0.0,1892.0,12.43594741821289,36.99,65.7589111328125,1158.0,0.0,1367.0,0.0,100.0,5.8734002113342285,0.0,0.0
38,0.0,1892.0,12.43594741821289,36.99,65.7589111328125,1158.0,0.0,1367.0,0.0,100.0,5.8734002113342285,0.0,0.0
39,0.0,1892.0,12.43594741821289,36.99,65.7589111328125,1158.0,0.0,1367.0,0.0,100.0,5.8734002113342285,0.0,0.0
40,0.0,1892.0,12.43594741821289,36.99,65.7589111328125,1158.0,0.0,1367.0,0.0,100.0,5.8734002113342285,0.0,0.0
41,0.0,1892.0,12.480737686157228,36.99,66.1540756225586,1086.0,0.0,1367.0,0.0052959788590669,100.0,58.8629035949707,222.0,0.0
42,0.0,1892.0,12.480737686157228,36.99,66.1540756225586,1086.0,0.0,1367.0,0.0052959788590669,100.0,58.8629035949707,222.0,0.0
43,0.0,1892.0,12.480737686157228,36.99,66.1540756225586,1086.0,0.0,1367.0,0.0052959788590669,100.0,58.8629035949707,222.0,0.0
44,0.0,1892.0,12.480737686157228,36.99,66.1540756225586,1086.0,0.0,1367.0,0.0052959788590669,100.0,58.8629035949707,222.0,0.0
45,0.0,1892.0,12.480737686157228,36.99,66.1540756225586,1086.0,0.0,1367.0,0.0052959788590669,100.0,58.8629035949707,222.0,0.0
46,0.0,1892.0,12.410394668579102,36.99,65.99564361572266,1129.0,0.0,1367.0,0.0034706341102719,100.0,58.99347686767578,354.0,0.0
47,0.0,1892.0,12.410394668579102,36.99,65.99564361572266,1129.0,0.0,1367.0,0.0034706341102719,100.0,58.99347686767578,354.0,0.0
48,0.0,1892.0,12.410394668579102,36.99,65.99564361572266,1129.0,0.0,1367.0,0.0034706341102719,100.0,58.99347686767578,354.0,0.0
49,0.0,1892.0,12.410394668579102,36.99,65.99564361572266,1129.0,0.0,1367.0,0.0034706341102719,100.0,58.99347686767578,354.0,0.0
50,0.0,1892.0,12.410394668579102,36.99,65.99564361572266,1129.0,0.0,1367.0,0.0034706341102719,100.0,58.99347686767578,354.0,0.0
51,0.0,1892.0,12.55487823486328,36.99,66.18834686279297,1316.0,0.0,1367.0,0.0002897519443649,100.0,5.8734002113342285,111.0,0.0
52,0.0,1892.0,12.55487823486328,36.99,66.18834686279297,1316.0,0.0,1367.0,0.0002897519443649,100.0,5.8734002113342285,111.0,0.0
53,0.0,1892.0,12.55487823486328,36.99,66.18834686279297,1316.0,0.0,1367.0,0.0002897519443649,100.0,5.8734002113342285,111.0,0.0
54,0.0,1892.0,12.55487823486328,36.99,66.18834686279297,1316.0,0.0,1367.0,0.0002897519443649,100.0,5.8734002113342285,111.0,0.0
55,0.0,1892.0,12.55487823486328,36.99,66.18834686279297,1316.0,0.0,1367.0,0.0002897519443649,100.0,5.8734002113342285,111.0,0.0
56,0.0,1892.0,12.434545516967772,36.99,66.42430114746094,1118.0,0.0,1367.0,0.0002992629015352,100.0,59.180450439453125,111.0,0.0
57,0.0,1892.0,12.434545516967772,36.99,66.42430114746094,1118.0,0.0,1367.0,0.0002992629015352,100.0,59.180450439453125,111.0,0.0
58,0.0,1892.0,12.434545516967772,36.99,66.42430114746094,1118.0,0.0,1367.0,0.0002992629015352,100.0,59.180450439453125,111.0,0.0
59,0.0,1892.0,12.434545516967772,36.99,66.42430114746094,1118.0,0.0,1367.0,0.0002992629015352,100.0,59.180450439453125,111.0,0.0
60,0.0,1892.0,12.434545516967772,36.99,66.42430114746094,1118.0,0.0,1367.0,0.0002992629015352,100.0,59.180450439453125,111.0,0.0
61,0.0,1892.0,12.400503158569336,36.99,66.46998596191406,1266.0,0.0,1367.0,0.0002918161626439,100.0,59.33982467651367,111.0,0.0
62,0.0,1892.0,12.400503158569336,36.99,66.46998596191406,1266.0,0.0,1367.0,0.0002918161626439,100.0,59.33982467651367,111.0,0.0
63,0.0,1892.0,12.400503158569336,36.99,66.46998596191406,1266.0,0.0,1367.0,0.0002918161626439,100.0,59.33982467651367,111.0,0.0
64,0.0,1892.0,12.400503158569336,36.99,66.46998596191406,1266.0,0.0,1367.0,0.0002918161626439,100.0,59.33982467651367,111.0,0.0
65,0.0,1892.0,12.400503158569336,36.99,66.46998596191406,1266.0,0.0,1367.0,0.0002918161626439,100.0,59.33982467651367,111.0,0.0
66,0.0,1892.0,12.672639846801758,36.99,67.20487976074219,1372.0,0.0,1367.0,0.0049170283600687,100.0,59.65641021728515,222.0,0.0
67,0.0,1892.0,12.672639846801758,36.99,67.20487976074219,1372.0,0.0,1367.0,0.0049170283600687,100.0,59.65641021728515,222.0,0.0
68,0.0,1892.0,12.672639846801758,36.99,67.20487976074219,1372.0,0.0,1367.0,0.0049170283600687,100.0,59.65641021728515,222.0,0.0
69,0.0,1892.0,12.672639846801758,36.99,67.20487976074219,1372.0,0.0,1367.0,0.0049170283600687,100.0,59.65641021728515,222.0,0.0
70,0.0,1892.0,12.672639846801758,36.99,67.20487976074219,1372.0,0.0,1367.0,0.0049170283600687,100.0,59.65641021728515,222.0,0.0
71,0.0,1892.0,12.672639846801758,36.99,67.20487976074219,1372.0,0.0,1367.0,0.0049170283600687,100.0,59.65641021728515,222.0,0.0
72,0.0,1892.0,12.327189445495604,36.99,67.30995178222656,1073.0,0.0,1367.0,0.0036917366087436,100.0,59.59294891357422,111.0,0.0
73,0.0,1892.0,12.327189445495604,36.99,67.30995178222656,1073.0,0.0,1367.0,0.0036917366087436,100.0,59.59294891357422,111.0,0.0
74,0.0,1892.0,12.327189445495604,36.99,67.30995178222656,1073.0,0.0,1367.0,0.0036917366087436,100.0,59.59294891357422,111.0,0.0
75,0.0,1892.0,12.327189445495604,36.99,67.30995178222656,1073.0,0.0,1367.0,0.0036917366087436,100.0,59.59294891357422,111.0,0.0
76,0.0,1892.0,12.327189445495604,36.99,67.30995178222656,1073.0,0.0,1367.0,0.0036917366087436,100.0,59.59294891357422,111.0,0.0
77,0.0,1892.0,12.51186752319336,36.99,68.3952865600586,1231.0,0.0,1367.0,0.0002923463180195,100.0,59.75896453857422,111.0,0.0
78,0.0,1892.0,12.51186752319336,36.99,68.3952865600586,1231.0,0.0,1367.0,0.0002923463180195,100.0,59.75896453857422,111.0,0.0
79,0.0,1892.0,12.51186752319336,36.99,68.3952865600586,1231.0,0.0,1367.0,0.0002923463180195,100.0,59.75896453857422,111.0,0.0
80,0.0,1892.0,12.51186752319336,36.99,68.3952865600586,1231.0,0.0,1367.0,0.0002923463180195,100.0,59.75896453857422,111.0,0.0
81,0.0,1892.0,12.51186752319336,36.99,68.3952865600586,1231.0,0.0,1367.0,0.0002923463180195,100.0,59.75896453857422,111.0,0.0
82,0.0,1892.0,12.511245727539062,36.99,67.32353210449219,1102.0,0.0,1367.0,0.0002977149561047,100.0,59.91794967651367,111.0,0.0
83,0.0,1892.0,12.511245727539062,36.99,67.32353210449219,1102.0,0.0,1367.0,0.0002977149561047,100.0,59.91794967651367,111.0,0.0
84,0.0,1892.0,12.511245727539062,36.99,67.32353210449219,1102.0,0.0,1367.0,0.0002977149561047,100.0,59.91794967651367,111.0,0.0
85,0.0,1892.0,12.511245727539062,36.99,67.32353210449219,1102.0,0.0,1367.0,0.0002977149561047,100.0,59.91794967651367,111.0,0.0
86,0.0,1892.0,12.511245727539062,36.99,67.32353210449219,1102.0,0.0,1367.0,0.0002977149561047,100.0,59.91794967651367,111.0,0.0
87,0.0,1892.0,12.49533462524414,36.99,67.43514251708984,1093.0,0.0,1367.0,0.0002984588500112,100.0,59.836700439453125,111.0,0.0
88,0.0,1892.0,12.49533462524414,36.99,67.43514251708984,1093.0,0.0,1367.0,0.0002984588500112,100.0,59.836700439453125,111.0,0.0
89,0.0,1892.0,12.49533462524414,36.99,67.43514251708984,1093.0,0.0,1367.0,0.0002984588500112,100.0,59.836700439453125,111.0,0.0
90,0.0,1892.0,12.49533462524414,36.99,67.43514251708984,1093.0,0.0,1367.0,0.0002984588500112,100.0,59.836700439453125,111.0,0.0
91,0.0,1892.0,12.49533462524414,36.99,67.43514251708984,1093.0,0.0,1367.0,0.0002984588500112,100.0,59.836700439453125,111.0,0.0
92,0.0,1892.0,12.783905029296877,36.99,68.79595947265625,1484.0,0.0,1367.0,0.009137456305325,100.0,60.158233642578125,222.0,0.0
93,0.0,1892.0,12.783905029296877,36.99,68.79595947265625,1484.0,0.0,1367.0,0.009137456305325,100.0,60.158233642578125,222.0,0.0
94,0.0,1892.0,12.783905029296877,36.99,68.79595947265625,1484.0,0.0,1367.0,0.009137456305325,100.0,60.158233642578125,222.0,0.0
95,0.0,1892.0,12.783905029296877,36.99,68.79595947265625,1484.0,0.0,1367.0,0.009137456305325,100.0,60.158233642578125,222.0,0.0
96,0.0,1892.0,12.783905029296877,36.99,68.79595947265625,1484.0,0.0,1367.0,0.009137456305325,100.0,60.158233642578125,222.0,0.0
97,0.0,1892.0,12.567283630371094,36.99,67.42329406738281,1332.0,0.0,1367.0,0.0086170444265007,100.0,60.65232467651367,222.0,0.0
98,0.0,1892.0,12.567283630371094,36.99,67.42329406738281,1332.0,0.0,1367.0,0.0086170444265007,100.0,60.65232467651367,222.0,0.0
99,0.0,1892.0,12.567283630371094,36.99,67.42329406738281,1332.0,0.0,1367.0,0.0086170444265007,100.0,60.65232467651367,222.0,0.0
100,0.0,1892.0,12.567283630371094,36.99,67.42329406738281,1332.0,0.0,1367.0,0.0086170444265007,100.0,60.65232467651367,222.0,0.0
101,0.0,1892.0,12.567283630371094,36.99,67.42329406738281,1332.0,0.0,1367.0,0.0086170444265007,100.0,60.65232467651367,222.0,0.0
102,0.0,1892.0,12.448147773742676,36.99,67.57472229003906,988.0,0.0,1367.0,0.0002995992254,100.0,60.81482696533203,111.0,0.0
103,0.0,1892.0,12.448147773742676,36.99,67.57472229003906,988.0,0.0,1367.0,0.0002995992254,100.0,60.81482696533203,111.0,0.0
104,0.0,1892.0,12.448147773742676,36.99,67.57472229003906,988.0,0.0,1367.0,0.0002995992254,100.0,60.81482696533203,111.0,0.0
105,0.0,1892.0,12.448147773742676,36.99,67.57472229003906,988.0,0.0,1367.0,0.0002995992254,100.0,60.81482696533203,111.0,0.0
106,0.0,1892.0,12.448147773742676,36.99,67.57472229003906,988.0,0.0,1367.0,0.0002995992254,100.0,60.81482696533203,111.0,0.0
107,0.0,1892.0,12.963784217834473,36.99,67.53460693359375,1178.0,0.0,1367.0,0.0959884822368621,100.0,61.05857467651367,134.0,0.0
108,0.0,1892.0,12.963784217834473,36.99,67.53460693359375,1178.0,0.0,1367.0,0.0959884822368621,100.0,61.05857467651367,134.0,0.0
109,0.0,1892.0,12.963784217834473,36.99,67.53460693359375,1178.0,0.0,1367.0,0.0959884822368621,100.0,61.05857467651367,134.0,0.0
110,0.0,1892.0,12.963784217834473,36.99,67.53460693359375,1178.0,0.0,1367.0,0.0959884822368621,100.0,61.05857467651367,134.0,0.0
111,0.0,1892.0,12.963784217834473,36.99,67.53460693359375,1178.0,0.0,1367.0,0.0959884822368621,100.0,61.05857467651367,134.0,0.0
112,0.0,1892.0,12.635703086853027,36.99,69.88661193847656,1439.0,0.0,1367.0,0.0279829837381839,100.0,61.1397705078125,333.0,0.0
113,0.0,1892.0,12.635703086853027,36.99,69.88661193847656,1439.0,0.0,1367.0,0.0279829837381839,100.0,61.1397705078125,333.0,0.0
114,0.0,1892.0,12.635703086853027,36.99,69.88661193847656,1439.0,0.0,1367.0,0.0279829837381839,100.0,61.1397705078125,333.0,0.0
115,0.0,1892.0,12.635703086853027,36.99,69.88661193847656,1439.0,0.0,1367.0,0.0279829837381839,100.0,61.1397705078125,333.0,0.0
116,0.0,1892.0,12.635703086853027,36.99,69.88661193847656,1439.0,0.0,1367.0,0.0279829837381839,100.0,61.1397705078125,333.0,0.0
117,0.0,1892.0,12.605737686157228,36.99,69.26659393310547,1585.0,0.0,1367.0,0.0091151548549532,100.0,60.97319412231445,466.0,0.0
118,0.0,1892.0,12.605737686157228,36.99,69.26659393310547,1585.0,0.0,1367.0,0.0091151548549532,100.0,60.97319412231445,466.0,0.0
119,0.0,1892.0,12.605737686157228,36.99,69.26659393310547,1585.0,0.0,1367.0,0.0091151548549532,100.0,60.97319412231445,466.0,0.0
120,0.0,1892.0,12.605737686157228,36.99,69.26659393310547,1585.0,0.0,1367.0,0.0091151548549532,100.0,60.97319412231445,466.0,0.0
121,0.0,1892.0,12.605737686157228,36.99,69.26659393310547,1585.0,0.0,1367.0,0.0091151548549532,100.0,60.97319412231445,466.0,0.0
122,0.0,1892.0,12.605737686157228,36.99,69.26659393310547,1585.0,0.0,1367.0,0.0091151548549532,100.0,60.97319412231445,466.0,0.0
123,0.0,1892.0,12.75200080871582,36.99,69.81631469726562,1300.0,0.0,1367.0,0.0924094468355178,100.0,61.10991668701172,444.0,0.0
124,0.0,1892.0,12.75200080871582,36.99,69.81631469726562,1300.0,0.0,1367.0,0.0924094468355178,100.0,61.10991668701172,444.0,0.0
125,0.0,1892.0,12.75200080871582,36.99,69.81631469726562,1300.0,0.0,1367.0,0.0924094468355178,100.0,61.10991668701172,444.0,0.0
126,0.0,1892.0,12.75200080871582,36.99,69.81631469726562,1300.0,0.0,1367.0,0.0924094468355178,100.0,61.10991668701172,444.0,0.0
127,0.0,1892.0,12.75200080871582,36.99,69.81631469726562,1300.0,0.0,1367.0,0.0924094468355178,100.0,61.10991668701172,444.0,0.0
128,0.0,1892.0,12.42079734802246,36.99,70.6082534790039,1699.0,0.0,1367.0,0.1283148825168609,100.0,61.4456787109375,345.0,0.0
129,0.0,1892.0,12.42079734802246,36.99,70.6082534790039,1699.0,0.0,1367.0,0.1283148825168609,100.0,61.4456787109375,345.0,0.0
130,0.0,1892.0,12.42079734802246,36.99,70.6082534790039,1699.0,0.0,1367.0,0.1283148825168609,100.0,61.4456787109375,345.0,0.0
131,0.0,1892.0,12.42079734802246,36.99,70.6082534790039,1699.0,0.0,1367.0,0.1283148825168609,100.0,61.4456787109375,345.0,0.0
132,0.0,1892.0,12.42079734802246,36.99,70.6082534790039,1699.0,0.0,1367.0,0.1283148825168609,100.0,61.4456787109375,345.0,0.0
133,0.0,1892.0,12.674298286437988,36.99,69.78914642333984,1241.0,0.0,1367.0,0.0376842319965362,100.0,61.27385330200195,333.0,0.0
134,0.0,1892.0,12.674298286437988,36.99,69.78914642333984,1241.0,0.0,1367.0,0.0376842319965362,100.0,61.27385330200195,333.0,0.0
135,0.0,1892.0,12.674298286437988,36.99,69.78914642333984,1241.0,0.0,1367.0,0.0376842319965362,100.0,61.27385330200195,333.0,0.0
136,0.0,1892.0,12.674298286437988,36.99,69.78914642333984,1241.0,0.0,1367.0,0.0376842319965362,100.0,61.27385330200195,333.0,0.0
137,0.0,1892.0,12.674298286437988,36.99,69.78914642333984,1241.0,0.0,1367.0,0.0376842319965362,100.0,61.27385330200195,333.0,0.0
138,0.0,1892.0,12.698448181152344,36.99,69.72590637207031,1178.0,0.0,1367.0,0.0175462216138839,100.0,61.3133659362793,237.0,0.0
139,0.0,1892.0,12.698448181152344,36.99,69.72590637207031,1178.0,0.0,1367.0,0.0175462216138839,100.0,61.3133659362793,237.0,0.0
140,0.0,1892.0,12.698448181152344,36.99,69.72590637207031,1178.0,0.0,1367.0,0.0175462216138839,100.0,61.3133659362793,237.0,0.0
141,0.0,1892.0,12.698448181152344,36.99,69.72590637207031,1178.0,0.0,1367.0,0.0175462216138839,100.0,61.3133659362793,237.0,0.0
142,0.0,1892.0,12.698448181152344,36.99,69.72590637207031,1178.0,0.0,1367.0,0.0175462216138839,100.0,61.3133659362793,237.0,0.0
143,0.0,1892.0,12.601434707641602,36.99,69.87337493896484,1329.0,0.0,1367.0,0.0014264873461797,100.0,61.08123016357422,135.0,0.0
144,0.0,1892.0,12.601434707641602,36.99,69.87337493896484,1329.0,0.0,1367.0,0.0014264873461797,100.0,61.08123016357422,135.0,0.0
145,0.0,1892.0,12.601434707641602,36.99,69.87337493896484,1329.0,0.0,1367.0,0.0014264873461797,100.0,61.08123016357422,135.0,0.0
146,0.0,1892.0,12.601434707641602,36.99,69.87337493896484,1329.0,0.0,1367.0,0.0014264873461797,100.0,61.08123016357422,135.0,0.0
147,0.0,1892.0,12.601434707641602,36.99,69.87337493896484,1329.0,0.0,1367.0,0.0014264873461797,100.0,61.08123016357422,135.0,0.0
148,0.0,1892.0,12.606557846069336,36.99,68.4375,1103.0,0.0,1367.0,0.0023909497540444,100.0,5.8734002113342285,111.0,0.0
149,0.0,1892.0,12.606557846069336,36.99,68.4375,1103.0,0.0,1367.0,0.0023909497540444,100.0,5.8734002113342285,111.0,0.0
150,0.0,1892.0,12.606557846069336,36.99,68.4375,1103.0,0.0,1367.0,0.0023909497540444,100.0,5.8734002113342285,111.0,0.0
151,0.0,1892.0,12.606557846069336,36.99,68.4375,1103.0,0.0,1367.0,0.0023909497540444,100.0,5.8734002113342285,111.0,0.0
152,0.0,1892.0,12.606557846069336,36.99,68.4375,1103.0,0.0,1367.0,0.0023909497540444,100.0,5.8734002113342285,111.0,0.0
153,0.0,1892.0,12.49594497680664,36.99,68.72945404052734,1169.0,0.0,1367.0,0.0,100.0,61.19068145751953,0.0,0.0
154,0.0,1892.0,12.49594497680664,36.99,68.72945404052734,1169.0,0.0,1367.0,0.0,100.0,61.19068145751953,0.0,0.0
155,0.0,1892.0,12.49594497680664,36.99,68.72945404052734,1169.0,0.0,1367.0,0.0,100.0,61.19068145751953,0.0,0.0
156,0.0,1892.0,12.49594497680664,36.99,68.72945404052734,1169.0,0.0,1367.0,0.0,100.0,61.19068145751953,0.0,0.0
157,0.0,1892.0,12.49594497680664,36.99,68.72945404052734,1169.0,0.0,1367.0,0.0,100.0,61.19068145751953,0.0,0.0
158,0.0,1892.0,12.527898788452148,36.99,68.46060180664062,1231.0,0.0,1367.0,0.0030425058212131,100.0,61.14295196533203,111.0,0.0
159,0.0,1892.0,12.527898788452148,36.99,68.46060180664062,1231.0,0.0,1367.0,0.0030425058212131,100.0,61.14295196533203,111.0,0.0
160,0.0,1892.0,12.527898788452148,36.99,68.46060180664062,1231.0,0.0,1367.0,0.0030425058212131,100.0,61.14295196533203,111.0,0.0
161,0.0,1892.0,12.527898788452148,36.99,68.46060180664062,1231.0,0.0,1367.0,0.0030425058212131,100.0,61.14295196533203,111.0,0.0
162,0.0,1892.0,12.527898788452148,36.99,68.46060180664062,1231.0,0.0,1367.0,0.0030425058212131,100.0,61.14295196533203,111.0,0.0
163,0.0,1892.0,12.558401107788086,36.99,68.80851745605469,1309.0,0.0,1367.0,0.004336642101407,100.0,61.45634078979492,145.0,0.0
164,0.0,1892.0,12.558401107788086,36.99,68.80851745605469,1309.0,0.0,1367.0,0.004336642101407,100.0,61.45634078979492,145.0,0.0
165,0.0,1892.0,12.558401107788086,36.99,68.80851745605469,1309.0,0.0,1367.0,0.004336642101407,100.0,61.45634078979492,145.0,0.0
166,0.0,1892.0,12.558401107788086,36.99,68.80851745605469,1309.0,0.0,1367.0,0.004336642101407,100.0,61.45634078979492,145.0,0.0
167,0.0,1892.0,12.558401107788086,36.99,68.80851745605469,1309.0,0.0,1367.0,0.004336642101407,100.0,61.45634078979492,145.0,0.0
168,0.0,1892.0,12.51158332824707,36.99,68.9563980102539,1357.0,0.0,1367.0,0.0003194912569597,100.0,61.46794891357422,111.0,0.0
169,0.0,1892.0,12.51158332824707,36.99,68.9563980102539,1357.0,0.0,1367.0,0.0003194912569597,100.0,61.46794891357422,111.0,0.0
170,0.0,1892.0,12.51158332824707,36.99,68.9563980102539,1357.0,0.0,1367.0,0.0003194912569597,100.0,61.46794891357422,111.0,0.0
171,0.0,1892.0,12.51158332824707,36.99,68.9563980102539,1357.0,0.0,1367.0,0.0003194912569597,100.0,61.46794891357422,111.0,0.0
172,0.0,1892.0,12.51158332824707,36.99,68.9563980102539,1357.0,0.0,1367.0,0.0003194912569597,100.0,61.46794891357422,111.0,0.0
173,0.0,1892.0,12.551349639892578,36.99,69.28691101074219,1129.0,0.0,1367.0,0.0,100.0,5.8734002113342285,0.0,0.0
174,0.0,1892.0,12.551349639892578,36.99,69.28691101074219,1129.0,0.0,1367.0,0.0,100.0,5.8734002113342285,0.0,0.0
175,0.0,1892.0,12.551349639892578,36.99,69.28691101074219,1129.0,0.0,1367.0,0.0,100.0,5.8734002113342285,0.0,0.0
176,0.0,1892.0,12.551349639892578,36.99,69.28691101074219,1129.0,0.0,1367.0,0.0,100.0,5.8734002113342285,0.0,0.0
177,0.0,1892.0,12.551349639892578,36.99,69.28691101074219,1129.0,0.0,1367.0,0.0,100.0,5.8734002113342285,0.0,0.0
178,0.0,1892.0,12.551349639892578,36.99,69.28691101074219,1129.0,0.0,1367.0,0.0,100.0,5.8734002113342285,0.0,0.0
179,0.0,1892.0,12.55477523803711,36.99,68.81995391845703,1354.0,0.0,1367.0,0.0,100.0,5.8734002113342285,0.0,0.0
180,0.0,1892.0,12.55477523803711,36.99,68.81995391845703,1354.0,0.0,1367.0,0.0,100.0,5.8734002113342285,0.0,0.0
181,0.0,1892.0,12.55477523803711,36.99,68.81995391845703,1354.0,0.0,1367.0,0.0,100.0,5.8734002113342285,0.0,0.0
182,0.0,1892.0,12.55477523803711,36.99,68.81995391845703,1354.0,0.0,1367.0,0.0,100.0,5.8734002113342285,0.0,0.0
183,0.0,1892.0,12.55477523803711,36.99,68.81995391845703,1354.0,0.0,1367.0,0.0,100.0,5.8734002113342285,0.0,0.0
184,0.0,1892.0,12.614076614379885,36.99,68.6639633178711,1382.0,0.0,1367.0,0.0,100.0,5.8734002113342285,0.0,0.0
185,0.0,1892.0,12.614076614379885,36.99,68.6639633178711,1382.0,0.0,1367.0,0.0,100.0,5.8734002113342285,0.0,0.0
186,0.0,1892.0,12.614076614379885,36.99,68.6639633178711,1382.0,0.0,1367.0,0.0,100.0,5.8734002113342285,0.0,0.0
187,0.0,1892.0,12.614076614379885,36.99,68.6639633178711,1382.0,0.0,1367.0,0.0,100.0,5.8734002113342285,0.0,0.0
188,0.0,1892.0,12.614076614379885,36.99,68.6639633178711,1382.0,0.0,1367.0,0.0,100.0,5.8734002113342285,0.0,0.0
189,0.0,1892.0,12.688617706298828,36.99,68.88502502441406,1337.0,0.0,1367.0,0.0052177663892507,100.0,5.8734002113342285,222.0,0.0
190,0.0,1892.0,12.688617706298828,36.99,68.88502502441406,1337.0,0.0,1367.0,0.0052177663892507,100.0,5.8734002113342285,222.0,0.0
191,0.0,1892.0,12.688617706298828,36.99,68.88502502441406,1337.0,0.0,1367.0,0.0052177663892507,100.0,5.8734002113342285,222.0,0.0
192,0.0,1892.0,12.688617706298828,36.99,68.88502502441406,1337.0,0.0,1367.0,0.0052177663892507,100.0,5.8734002113342285,222.0,0.0
193,0.0,1892.0,12.688617706298828,36.99,68.88502502441406,1337.0,0.0,1367.0,0.0052177663892507,100.0,5.8734002113342285,222.0,0.0
194,0.0,1892.0,12.409378051757812,36.99,70.03927612304688,946.0,0.0,1367.0,0.0002966017636936,100.0,61.85503387451172,111.0,0.0
195,0.0,1892.0,12.409378051757812,36.99,70.03927612304688,946.0,0.0,1367.0,0.0002966017636936,100.0,61.85503387451172,111.0,0.0
196,0.0,1892.0,12.409378051757812,36.99,70.03927612304688,946.0,0.0,1367.0,0.0002966017636936,100.0,61.85503387451172,111.0,0.0
197,0.0,1892.0,12.409378051757812,36.99,70.03927612304688,946.0,0.0,1367.0,0.0002966017636936,100.0,61.85503387451172,111.0,0.0
198,0.0,1892.0,12.409378051757812,36.99,70.03927612304688,946.0,0.0,1367.0,0.0002966017636936,100.0,61.85503387451172,111.0,0.0
199,0.0,1892.0,12.40050983428955,36.99,68.97962188720703,1020.0,0.0,1367.0,0.0,100.0,5.8734002113342285,0.0,0.0
200,0.0,1892.0,12.40050983428955,36.99,68.97962188720703,1020.0,0.0,1367.0,0.0,100.0,5.8734002113342285,0.0,0.0
201,0.0,1892.0,12.40050983428955,36.99,68.97962188720703,1020.0,0.0,1367.0,0.0,100.0,5.8734002113342285,0.0,0.0
202,0.0,1892.0,12.40050983428955,36.99,68.97962188720703,1020.0,0.0,1367.0,0.0,100.0,5.8734002113342285,0.0,0.0
203,0.0,1892.0,12.40050983428955,36.99,68.97962188720703,1020.0,0.0,1367.0,0.0,100.0,5.8734002113342285,0.0,0.0
204,0.0,1892.0,12.431914329528809,36.99,69.14209747314453,1021.0,0.0,1367.0,0.0,100.0,5.8734002113342285,0.0,0.0
205,0.0,1892.0,12.431914329528809,36.99,69.14209747314453,1021.0,0.0,1367.0,0.0,100.0,5.8734002113342285,0.0,0.0
206,0.0,1892.0,12.431914329528809,36.99,69.14209747314453,1021.0,0.0,1367.0,0.0,100.0,5.8734002113342285,0.0,0.0
207,0.0,1892.0,12.431914329528809,36.99,69.14209747314453,1021.0,0.0,1367.0,0.0,100.0,5.8734002113342285,0.0,0.0
208,0.0,1892.0,12.431914329528809,36.99,69.14209747314453,1021.0,0.0,1367.0,0.0,100.0,5.8734002113342285,0.0,0.0
209,0.0,1892.0,12.41584014892578,36.99,69.1279525756836,1017.0,0.0,1367.0,0.0,100.0,5.8734002113342285,0.0,0.0
210,0.0,1892.0,12.41584014892578,36.99,69.1279525756836,1017.0,0.0,1367.0,0.0,100.0,5.8734002113342285,0.0,0.0
211,0.0,1892.0,12.41584014892578,36.99,69.1279525756836,1017.0,0.0,1367.0,0.0,100.0,5.8734002113342285,0.0,0.0
212,0.0,1892.0,12.41584014892578,36.99,69.1279525756836,1017.0,0.0,1367.0,0.0,100.0,5.8734002113342285,0.0,0.0
213,0.0,1892.0,12.41584014892578,36.99,69.1279525756836,1017.0,0.0,1367.0,0.0,100.0,5.8734002113342285,0.0,0.0
214,0.0,1892.0,12.55914306640625,36.99,69.17911529541016,1224.0,0.0,1367.0,0.0056405514478683,100.0,5.8734002113342285,111.0,0.0
215,0.0,1892.0,12.55914306640625,36.99,69.17911529541016,1224.0,0.0,1367.0,0.0056405514478683,100.0,5.8734002113342285,111.0,0.0
216,0.0,1892.0,12.55914306640625,36.99,69.17911529541016,1224.0,0.0,1367.0,0.0056405514478683,100.0,5.8734002113342285,111.0,0.0
217,0.0,1892.0,12.55914306640625,36.99,69.17911529541016,1224.0,0.0,1367.0,0.0056405514478683,100.0,5.8734002113342285,111.0,0.0
218,0.0,1892.0,12.55914306640625,36.99,69.17911529541016,1224.0,0.0,1367.0,0.0056405514478683,100.0,5.8734002113342285,111.0,0.0
219,0.0,1892.0,12.573911666870115,36.99,69.78913879394531,1493.0,0.0,1367.0,0.0010126887354999,100.0,62.680442810058594,111.0,0.0
220,0.0,1892.0,12.573911666870115,36.99,69.78913879394531,1493.0,0.0,1367.0,0.0010126887354999,100.0,62.680442810058594,111.0,0.0
221,0.0,1892.0,12.573911666870115,36.99,69.78913879394531,1493.0,0.0,1367.0,0.0010126887354999,100.0,62.680442810058594,111.0,0.0
222,0.0,1892.0,12.573911666870115,36.99,69.78913879394531,1493.0,0.0,1367.0,0.0010126887354999,100.0,62.680442810058594,111.0,0.0
223,0.0,1892.0,12.573911666870115,36.99,69.78913879394531,1493.0,0.0,1367.0,0.0010126887354999,100.0,62.680442810058594,111.0,0.0
224,0.0,1892.0,12.546194076538086,36.99,69.92251586914062,1376.0,0.0,1367.0,0.0,100.0,62.809669494628906,0.0,0.0
225,0.0,1892.0,12.546194076538086,36.99,69.92251586914062,1376.0,0.0,1367.0,0.0,100.0,62.809669494628906,0.0,0.0
226,0.0,1892.0,12.546194076538086,36.99,69.92251586914062,1376.0,0.0,1367.0,0.0,100.0,62.809669494628906,0.0,0.0
227,0.0,1892.0,12.546194076538086,36.99,69.92251586914062,1376.0,0.0,1367.0,0.0,100.0,62.809669494628906,0.0,0.0
228,0.0,1892.0,12.546194076538086,36.99,69.92251586914062,1376.0,0.0,1367.0,0.0,100.0,62.809669494628906,0.0,0.0
229,0.0,1892.0,12.463261604309082,36.99,69.41016387939453,1144.0,0.0,1367.0,0.0,100.0,5.8734002113342285,0.0,0.0
230,0.0,1892.0,12.463261604309082,36.99,69.41016387939453,1144.0,0.0,1367.0,0.0,100.0,5.8734002113342285,0.0,0.0
231,0.0,1892.0,12.463261604309082,36.99,69.41016387939453,1144.0,0.0,1367.0,0.0,100.0,5.8734002113342285,0.0,0.0
232,0.0,1892.0,12.463261604309082,36.99,69.41016387939453,1144.0,0.0,1367.0,0.0,100.0,5.8734002113342285,0.0,0.0
233,0.0,1892.0,12.463261604309082,36.99,69.41016387939453,1144.0,0.0,1367.0,0.0,100.0,5.8734002113342285,0.0,0.0
234,0.0,1892.0,12.463261604309082,36.99,69.41016387939453,1144.0,0.0,1367.0,0.0,100.0,5.8734002113342285,0.0,0.0
235,0.0,1892.0,12.542826652526855,36.99,69.9602279663086,1133.0,0.0,1367.0,0.0,100.0,5.8734002113342285,0.0,0.0
236,0.0,1892.0,12.542826652526855,36.99,69.9602279663086,1133.0,0.0,1367.0,0.0,100.0,5.8734002113342285,0.0,0.0
237,0.0,1892.0,12.542826652526855,36.99,69.9602279663086,1133.0,0.0,1367.0,0.0,100.0,5.8734002113342285,0.0,0.0
238,0.0,1892.0,12.542826652526855,36.99,69.9602279663086,1133.0,0.0,1367.0,0.0,100.0,5.8734002113342285,0.0,0.0
239,0.0,1892.0,12.542826652526855,36.99,69.9602279663086,1133.0,0.0,1367.0,0.0,100.0,5.8734002113342285,0.0,0.0
240,0.0,1892.0,12.621950149536133,36.99,69.79949188232422,1317.0,0.0,1367.0,0.0055738259106874,100.0,62.13631057739258,222.0,0.0
241,0.0,1892.0,12.621950149536133,36.99,69.79949188232422,1317.0,0.0,1367.0,0.0055738259106874,100.0,62.13631057739258,222.0,0.0
242,0.0,1892.0,12.621950149536133,36.99,69.79949188232422,1317.0,0.0,1367.0,0.0055738259106874,100.0,62.13631057739258,222.0,0.0
243,0.0,1892.0,12.621950149536133,36.99,69.79949188232422,1317.0,0.0,1367.0,0.0055738259106874,100.0,62.13631057739258,222.0,0.0
244,0.0,1892.0,12.621950149536133,36.99,69.79949188232422,1317.0,0.0,1367.0,0.0055738259106874,100.0,62.13631057739258,222.0,0.0
245,0.0,1892.0,12.962267875671388,36.99,70.87165832519531,1269.0,0.0,1367.0,0.0,100.0,5.8734002113342285,0.0,0.0
246,0.0,1892.0,12.962267875671388,36.99,70.87165832519531,1269.0,0.0,1367.0,0.0,100.0,5.8734002113342285,0.0,0.0
247,0.0,1892.0,12.962267875671388,36.99,70.87165832519531,1269.0,0.0,1367.0,0.0,100.0,5.8734002113342285,0.0,0.0
248,0.0,1892.0,12.962267875671388,36.99,70.87165832519531,1269.0,0.0,1367.0,0.0,100.0,5.8734002113342285,0.0,0.0
249,0.0,1892.0,12.962267875671388,36.99,70.87165832519531,1269.0,0.0,1367.0,0.0,100.0,5.8734002113342285,0.0,0.0
250,0.0,1892.0,12.79598617553711,36.99,72.05585479736328,1480.0,0.0,1367.0,0.0,100.0,5.8734002113342285,0.0,0.0
251,0.0,1892.0,12.79598617553711,36.99,72.05585479736328,1480.0,0.0,1367.0,0.0,100.0,5.8734002113342285,0.0,0.0
252,0.0,1892.0,12.79598617553711,36.99,72.05585479736328,1480.0,0.0,1367.0,0.0,100.0,5.8734002113342285,0.0,0.0
253,0.0,1892.0,12.79598617553711,36.99,72.05585479736328,1480.0,0.0,1367.0,0.0,100.0,5.8734002113342285,0.0,0.0
254,0.0,1892.0,12.79598617553711,36.99,72.05585479736328,1480.0,0.0,1367.0,0.0,100.0,5.8734002113342285,0.0,0.0
255,0.0,1892.0,13.131592750549316,36.99,71.44701385498047,1216.0,0.0,1367.0,0.1225009635090828,100.0,62.732666015625,111.0,0.0
256,0.0,1892.0,13.131592750549316,36.99,71.44701385498047,1216.0,0.0,1367.0,0.1225009635090828,100.0,62.732666015625,111.0,0.0
257,0.0,1892.0,13.131592750549316,36.99,71.44701385498047,1216.0,0.0,1367.0,0.1225009635090828,100.0,62.732666015625,111.0,0.0
258,0.0,1892.0,13.131592750549316,36.99,71.44701385498047,1216.0,0.0,1367.0,0.1225009635090828,100.0,62.732666015625,111.0,0.0
259,0.0,1892.0,13.131592750549316,36.99,71.44701385498047,1216.0,0.0,1367.0,0.1225009635090828,100.0,62.732666015625,111.0,0.0
260,0.0,1892.0,12.588632583618164,36.99,69.72110748291016,1180.0,0.0,1367.0,0.0011960583506152,100.0,5.8734002113342285,111.0,0.0
261,0.0,1892.0,12.588632583618164,36.99,69.72110748291016,1180.0,0.0,1367.0,0.0011960583506152,100.0,5.8734002113342285,111.0,0.0
262,0.0,1892.0,12.588632583618164,36.99,69.72110748291016,1180.0,0.0,1367.0,0.0011960583506152,100.0,5.8734002113342285,111.0,0.0
263,0.0,1892.0,12.588632583618164,36.99,69.72110748291016,1180.0,0.0,1367.0,0.0011960583506152,100.0,5.8734002113342285,111.0,0.0
264,0.0,1892.0,12.588632583618164,36.99,69.72110748291016,1180.0,0.0,1367.0,0.0011960583506152,100.0,5.8734002113342285,111.0,0.0
265,0.0,1892.0,12.484485626220703,36.99,70.91081237792969,1130.0,0.0,1367.0,0.0312019865959882,100.0,62.60480880737305,241.0,0.0
266,0.0,1892.0,12.484485626220703,36.99,70.91081237792969,1130.0,0.0,1367.0,0.0312019865959882,100.0,62.60480880737305,241.0,0.0
267,0.0,1892.0,12.484485626220703,36.99,70.91081237792969,1130.0,0.0,1367.0,0.0312019865959882,100.0,62.60480880737305,241.0,0.0
268,0.0,1892.0,12.484485626220703,36.99,70.91081237792969,1130.0,0.0,1367.0,0.0312019865959882,100.0,62.60480880737305,241.0,0.0
269,0.0,1892.0,12.484485626220703,36.99,70.91081237792969,1130.0,0.0,1367.0,0.0312019865959882,100.0,62.60480880737305,241.0,0.0
270,0.0,1892.0,12.650978088378906,36.99,71.66657257080078,1160.0,0.0,1367.0,0.0,100.0,5.8734002113342285,0.0,0.0
271,0.0,1892.0,12.650978088378906,36.99,71.66657257080078,1160.0,0.0,1367.0,0.0,100.0,5.8734002113342285,0.0,0.0
272,0.0,1892.0,12.650978088378906,36.99,71.66657257080078,1160.0,0.0,1367.0,0.0,100.0,5.8734002113342285,0.0,0.0
273,0.0,1892.0,12.650978088378906,36.99,71.66657257080078,1160.0,0.0,1367.0,0.0,100.0,5.8734002113342285,0.0,0.0
274,0.0,1892.0,12.650978088378906,36.99,71.66657257080078,1160.0,0.0,1367.0,0.0,100.0,5.8734002113342285,0.0,0.0
275,0.0,1892.0,12.466933250427246,36.99,71.06227111816406,1159.0,0.0,1367.0,0.0,100.0,5.8734002113342285,0.0,0.0
276,0.0,1892.0,12.466933250427246,36.99,71.06227111816406,1159.0,0.0,1367.0,0.0,100.0,5.8734002113342285,0.0,0.0
277,0.0,1892.0,12.466933250427246,36.99,71.06227111816406,1159.0,0.0,1367.0,0.0,100.0,5.8734002113342285,0.0,0.0
278,0.0,1892.0,12.466933250427246,36.99,71.06227111816406,1159.0,0.0,1367.0,0.0,100.0,5.8734002113342285,0.0,0.0
279,0.0,1892.0,12.466933250427246,36.99,71.06227111816406,1159.0,0.0,1367.0,0.0,100.0,5.8734002113342285,0.0,0.0
280,0.0,1892.0,12.466933250427246,36.99,71.06227111816406,1159.0,0.0,1367.0,0.0,100.0,5.8734002113342285,0.0,0.0
281,0.0,1892.0,12.545293807983398,36.99,70.19279479980469,1321.0,0.0,1367.0,0.0056647597812116,100.0,63.29201126098633,111.0,0.0
282,0.0,1892.0,12.545293807983398,36.99,70.19279479980469,1321.0,0.0,1367.0,0.0056647597812116,100.0,63.29201126098633,111.0,0.0
283,0.0,1892.0,12.545293807983398,36.99,70.19279479980469,1321.0,0.0,1367.0,0.0056647597812116,100.0,63.29201126098633,111.0,0.0
284,0.0,1892.0,12.545293807983398,36.99,70.19279479980469,1321.0,0.0,1367.0,0.0056647597812116,100.0,63.29201126098633,111.0,0.0
285,0.0,1892.0,12.545293807983398,36.99,70.19279479980469,1321.0,0.0,1367.0,0.0056647597812116,100.0,63.29201126098633,111.0,0.0
286,0.0,1892.0,12.873644828796388,36.99,70.76737976074219,1316.0,0.0,1367.0,0.1155315190553665,100.0,63.431861877441406,589.0,0.0
287,0.0,1892.0,12.873644828796388,36.99,70.76737976074219,1316.0,0.0,1367.0,0.1155315190553665,100.0,63.431861877441406,589.0,0.0
288,0.0,1892.0,12.873644828796388,36.99,70.76737976074219,1316.0,0.0,1367.0,0.1155315190553665,100.0,63.431861877441406,589.0,0.0
289,0.0,1892.0,12.873644828796388,36.99,70.76737976074219,1316.0,0.0,1367.0,0.1155315190553665,100.0,63.431861877441406,589.0,0.0
290,0.0,1892.0,12.873644828796388,36.99,70.76737976074219,1316.0,0.0,1367.0,0.1155315190553665,100.0,63.431861877441406,589.0,0.0
291,0.0,1892.0,14.172632217407228,36.99,73.22509765625,1762.0,0.0,1367.0,0.3061221241950989,100.0,63.6551513671875,555.0,0.0
292,0.0,1892.0,14.172632217407228,36.99,73.22509765625,1762.0,0.0,1367.0,0.3061221241950989,100.0,63.6551513671875,555.0,0.0
293,0.0,1892.0,14.172632217407228,36.99,73.22509765625,1762.0,0.0,1367.0,0.3061221241950989,100.0,63.6551513671875,555.0,0.0
294,0.0,1892.0,14.172632217407228,36.99,73.22509765625,1762.0,0.0,1367.0,0.3061221241950989,100.0,63.6551513671875,555.0,0.0
295,0.0,1892.0,14.172632217407228,36.99,73.22509765625,1762.0,0.0,1367.0,0.3061221241950989,100.0,63.6551513671875,555.0,0.0
296,0.0,1892.0,15.718589782714844,36.99,74.19361877441406,1651.0,0.0,1367.0,0.8045775294303894,100.0,63.79500579833984,500.0,0.0
297,0.0,1892.0,15.718589782714844,36.99,74.19361877441406,1651.0,0.0,1367.0,0.8045775294303894,100.0,63.79500579833984,500.0,0.0
298,0.0,1892.0,15.718589782714844,36.99,74.19361877441406,1651.0,0.0,1367.0,0.8045775294303894,100.0,63.79500579833984,500.0,0.0
299,0.0,1892.0,15.718589782714844,36.99,74.19361877441406,1651.0,0.0,1367.0,0.8045775294303894,100.0,63.79500579833984,500.0,0.0
300,0.0,1892.0,15.718589782714844,36.99,74.19361877441406,1651.0,0.0,1367.0,0.8045775294303894,100.0,63.79500579833984,500.0,0.0
301,0.0,1892.0,13.906681060791016,36.99,75.06661224365234,1357.0,0.0,1367.0,0.3550366461277008,100.0,64.00533294677734,463.0,0.0
302,0.0,1892.0,13.906681060791016,36.99,75.06661224365234,1357.0,0.0,1367.0,0.3550366461277008,100.0,64.00533294677734,463.0,0.0
303,0.0,1892.0,13.906681060791016,36.99,75.06661224365234,1357.0,0.0,1367.0,0.3550366461277008,100.0,64.00533294677734,463.0,0.0
304,0.0,1892.0,13.906681060791016,36.99,75.06661224365234,1357.0,0.0,1367.0,0.3550366461277008,100.0,64.00533294677734,463.0,0.0
305,0.0,1892.0,13.906681060791016,36.99,75.06661224365234,1357.0,0.0,1367.0,0.3550366461277008,100.0,64.00533294677734,463.0,0.0
306,0.0,1892.0,12.263795852661133,36.99,73.12540435791016,1798.0,0.0,1367.0,0.0356420539319515,100.0,63.8825569152832,531.0,0.0
307,0.0,1892.0,12.263795852661133,36.99,73.12540435791016,1798.0,0.0,1367.0,0.0356420539319515,100.0,63.8825569152832,531.0,0.0
308,0.0,1892.0,12.263795852661133,36.99,73.12540435791016,1798.0,0.0,1367.0,0.0356420539319515,100.0,63.8825569152832,531.0,0.0
309,0.0,1892.0,12.263795852661133,36.99,73.12540435791016,1798.0,0.0,1367.0,0.0356420539319515,100.0,63.8825569152832,531.0,0.0
310,0.0,1892.0,12.263795852661133,36.99,73.12540435791016,1798.0,0.0,1367.0,0.0356420539319515,100.0,63.8825569152832,531.0,0.0
311,0.0009727626456879,1892.0,15.537704467773438,36.99,72.81754302978516,1706.0,0.0,1367.0,0.0274448692798614,100.0,63.65508270263672,333.0,0.0
312,0.0009727626456879,1892.0,15.537704467773438,36.99,72.81754302978516,1706.0,0.0,1367.0,0.0274448692798614,100.0,63.65508270263672,333.0,0.0
313,0.0009727626456879,1892.0,15.537704467773438,36.99,72.81754302978516,1706.0,0.0,1367.0,0.0274448692798614,100.0,63.65508270263672,333.0,0.0
314,0.0009727626456879,1892.0,15.537704467773438,36.99,72.81754302978516,1706.0,0.0,1367.0,0.0274448692798614,100.0,63.65508270263672,333.0,0.0
315,0.0009727626456879,1892.0,15.537704467773438,36.99,72.81754302978516,1706.0,0.0,1367.0,0.0274448692798614,100.0,63.65508270263672,333.0,0.0
316,0.0,1892.0,13.00351619720459,36.99,75.38577270507812,1911.0,0.0,1367.0,0.0556997098028659,100.0,64.06886291503906,521.0,0.0
317,0.0,1892.0,13.00351619720459,36.99,75.38577270507812,1911.0,0.0,1367.0,0.0556997098028659,100.0,64.06886291503906,521.0,0.0
318,0.0,1892.0,13.00351619720459,36.99,75.38577270507812,1911.0,0.0,1367.0,0.0556997098028659,100.0,64.06886291503906,521.0,0.0
319,0.0,1892.0,13.00351619720459,36.99,75.38577270507812,1911.0,0.0,1367.0,0.0556997098028659,100.0,64.06886291503906,521.0,0.0
320,0.0,1892.0,13.00351619720459,36.99,75.38577270507812,1911.0,0.0,1367.0,0.0556997098028659,100.0,64.06886291503906,521.0,0.0
321,0.0,1892.0,13.00351619720459,36.99,75.38577270507812,1911.0,0.0,1367.0,0.0556997098028659,100.0,64.06886291503906,521.0,0.0
322,0.0,1892.0,12.825788497924805,36.99,72.62965393066406,1772.0,0.0,1367.0,0.0671236515045166,100.0,63.87645721435547,486.0,0.0
323,0.0,1892.0,12.825788497924805,36.99,72.62965393066406,1772.0,0.0,1367.0,0.0671236515045166,100.0,63.87645721435547,486.0,0.0
324,0.0,1892.0,12.825788497924805,36.99,72.62965393066406,1772.0,0.0,1367.0,0.0671236515045166,100.0,63.87645721435547,486.0,0.0
325,0.0,1892.0,12.825788497924805,36.99,72.62965393066406,1772.0,0.0,1367.0,0.0671236515045166,100.0,63.87645721435547,486.0,0.0
326,0.0,1892.0,12.825788497924805,36.99,72.62965393066406,1772.0,0.0,1367.0,0.0671236515045166,100.0,63.87645721435547,486.0,0.0
327,0.0,1892.0,12.78128147125244,36.99,71.98289489746094,1642.0,0.0,1367.0,0.0173702761530876,100.0,63.42718505859375,444.0,0.0
328,0.0,1892.0,12.78128147125244,36.99,71.98289489746094,1642.0,0.0,1367.0,0.0173702761530876,100.0,63.42718505859375,444.0,0.0
329,0.0,1892.0,12.78128147125244,36.99,71.98289489746094,1642.0,0.0,1367.0,0.0173702761530876,100.0,63.42718505859375,444.0,0.0
330,0.0,1892.0,12.78128147125244,36.99,71.98289489746094,1642.0,0.0,1367.0,0.0173702761530876,100.0,63.42718505859375,444.0,0.0
331,0.0,1892.0,12.78128147125244,36.99,71.98289489746094,1642.0,0.0,1367.0,0.0173702761530876,100.0,63.42718505859375,444.0,0.0
332,0.0,1892.0,12.818437576293944,36.99,71.7506103515625,1644.0,0.0,1367.0,0.0381575562059879,100.0,63.44414138793945,444.0,0.0
333,0.0,1892.0,12.818437576293944,36.99,71.7506103515625,1644.0,0.0,1367.0,0.0381575562059879,100.0,63.44414138793945,444.0,0.0
334,0.0,1892.0,12.818437576293944,36.99,71.7506103515625,1644.0,0.0,1367.0,0.0381575562059879,100.0,63.44414138793945,444.0,0.0
335,0.0,1892.0,12.818437576293944,36.99,71.7506103515625,1644.0,0.0,1367.0,0.0381575562059879,100.0,63.44414138793945,444.0,0.0
336,0.0,1892.0,12.818437576293944,36.99,71.7506103515625,1644.0,0.0,1367.0,0.0381575562059879,100.0,63.44414138793945,444.0,0.0
337,0.0,1892.0,12.915690422058104,36.99,73.30310821533203,1860.0,0.0,1367.0,0.026572972536087,100.0,63.81968307495117,333.0,0.0
338,0.0,1892.0,12.915690422058104,36.99,73.30310821533203,1860.0,0.0,1367.0,0.026572972536087,100.0,63.81968307495117,333.0,0.0
339,0.0,1892.0,12.915690422058104,36.99,73.30310821533203,1860.0,0.0,1367.0,0.026572972536087,100.0,63.81968307495117,333.0,0.0
340,0.0,1892.0,12.915690422058104,36.99,73.30310821533203,1860.0,0.0,1367.0,0.026572972536087,100.0,63.81968307495117,333.0,0.0
341,0.0,1892.0,12.915690422058104,36.99,73.30310821533203,1860.0,0.0,1367.0,0.026572972536087,100.0,63.81968307495117,333.0,0.0
342,0.0,1892.0,13.374305725097656,36.99,71.70796203613281,2062.0,0.0,1367.0,0.0695961937308311,100.0,63.72135162353515,444.0,0.0
343,0.0,1892.0,13.374305725097656,36.99,71.70796203613281,2062.0,0.0,1367.0,0.0695961937308311,100.0,63.72135162353515,444.0,0.0
344,0.0,1892.0,13.374305725097656,36.99,71.70796203613281,2062.0,0.0,1367.0,0.0695961937308311,100.0,63.72135162353515,444.0,0.0
345,0.0,1892.0,13.374305725097656,36.99,71.70796203613281,2062.0,0.0,1367.0,0.0695961937308311,100.0,63.72135162353515,444.0,0.0
346,0.0,1892.0,13.374305725097656,36.99,71.70796203613281,2062.0,0.0,1367.0,0.0695961937308311,100.0,63.72135162353515,444.0,0.0
347,0.0,1892.0,14.114049911499023,36.99,73.91322326660156,1761.0,0.0,1367.0,0.331421434879303,100.0,63.90655517578125,381.0,0.0
348,0.0,1892.0,14.114049911499023,36.99,73.91322326660156,1761.0,0.0,1367.0,0.331421434879303,100.0,63.90655517578125,381.0,0.0
349,0.0,1892.0,14.114049911499023,36.99,73.91322326660156,1761.0,0.0,1367.0,0.331421434879303,100.0,63.90655517578125,381.0,0.0
350,0.0,1892.0,14.114049911499023,36.99,73.91322326660156,1761.0,0.0,1367.0,0.331421434879303,100.0,63.90655517578125,381.0,0.0
351,0.0,1892.0,14.114049911499023,36.99,73.91322326660156,1761.0,0.0,1367.0,0.331421434879303,100.0,63.90655517578125,381.0,0.0
352,0.0,1892.0,13.16960334777832,36.99,73.80714416503906,1544.0,0.0,1367.0,0.0407515168190002,100.0,64.23103332519531,461.0,0.0
353,0.0,1892.0,13.16960334777832,36.99,73.80714416503906,1544.0,0.0,1367.0,0.0407515168190002,100.0,64.23103332519531,461.0,0.0
354,0.0,1892.0,13.16960334777832,36.99,73.80714416503906,1544.0,0.0,1367.0,0.0407515168190002,100.0,64.23103332519531,461.0,0.0
355,0.0,1892.0,13.16960334777832,36.99,73.80714416503906,1544.0,0.0,1367.0,0.0407515168190002,100.0,64.23103332519531,461.0,0.0
356,0.0,1892.0,13.16960334777832,36.99,73.80714416503906,1544.0,0.0,1367.0,0.0407515168190002,100.0,64.23103332519531,461.0,0.0
357,0.0,1892.0,14.913080215454102,36.99,75.4078369140625,1478.0,0.0,1367.0,0.0678947418928146,100.0,64.21654510498047,481.0,0.0
358,0.0,1892.0,14.913080215454102,36.99,75.4078369140625,1478.0,0.0,1367.0,0.0678947418928146,100.0,64.21654510498047,481.0,0.0
359,0.0,1892.0,14.913080215454102,36.99,75.4078369140625,1478.0,0.0,1367.0,0.0678947418928146,100.0,64.21654510498047,481.0,0.0
360,0.0,1892.0,14.913080215454102,36.99,75.4078369140625,1478.0,0.0,1367.0,0.0678947418928146,100.0,64.21654510498047,481.0,0.0
361,0.0,1892.0,14.913080215454102,36.99,75.4078369140625,1478.0,0.0,1367.0,0.0678947418928146,100.0,64.21654510498047,481.0,0.0
362,0.0,1892.0,12.619062423706056,36.99,73.16372680664062,1154.0,0.0,1367.0,0.0023028755094856,100.0,64.06607818603516,222.0,0.0
363,0.0,1892.0,12.619062423706056,36.99,73.16372680664062,1154.0,0.0,1367.0,0.0023028755094856,100.0,64.06607818603516,222.0,0.0
364,0.0,1892.0,12.619062423706056,36.99,73.16372680664062,1154.0,0.0,1367.0,0.0023028755094856,100.0,64.06607818603516,222.0,0.0
365,0.0,1892.0,12.619062423706056,36.99,73.16372680664062,1154.0,0.0,1367.0,0.0023028755094856,100.0,64.06607818603516,222.0,0.0
366,0.0,1892.0,12.619062423706056,36.99,73.16372680664062,1154.0,0.0,1367.0,0.0023028755094856,100.0,64.06607818603516,222.0,0.0
367,0.0,1892.0,12.576498031616213,36.99,71.71409606933594,1253.0,0.0,1367.0,0.0,100.0,5.8734002113342285,0.0,0.0
368,0.0,1892.0,12.576498031616213,36.99,71.71409606933594,1253.0,0.0,1367.0,0.0,100.0,5.8734002113342285,0.0,0.0
369,0.0,1892.0,12.576498031616213,36.99,71.71409606933594,1253.0,0.0,1367.0,0.0,100.0,5.8734002113342285,0.0,0.0
370,0.0,1892.0,12.576498031616213,36.99,71.71409606933594,1253.0,0.0,1367.0,0.0,100.0,5.8734002113342285,0.0,0.0
371,0.0,1892.0,12.576498031616213,36.99,71.71409606933594,1253.0,0.0,1367.0,0.0,100.0,5.8734002113342285,0.0,0.0
372,0.0,1892.0,12.576498031616213,36.99,71.71409606933594,1253.0,0.0,1367.0,0.0,100.0,5.8734002113342285,0.0,0.0
373,0.0,1892.0,13.83557415008545,36.99,73.32804870605469,1911.0,0.0,1367.0,0.0465840324759483,100.0,64.3311996459961,388.0,0.0
374,0.0,1892.0,13.83557415008545,36.99,73.32804870605469,1911.0,0.0,1367.0,0.0465840324759483,100.0,64.3311996459961,388.0,0.0
375,0.0,1892.0,13.83557415008545,36.99,73.32804870605469,1911.0,0.0,1367.0,0.0465840324759483,100.0,64.3311996459961,388.0,0.0
376,0.0,1892.0,13.83557415008545,36.99,73.32804870605469,1911.0,0.0,1367.0,0.0465840324759483,100.0,64.3311996459961,388.0,0.0
377,0.0,1892.0,13.83557415008545,36.99,73.32804870605469,1911.0,0.0,1367.0,0.0465840324759483,100.0,64.3311996459961,388.0,0.0
378,0.0,1892.0,13.230390548706056,36.99,74.35942077636719,1982.0,0.0,1367.0,0.1040006056427955,100.0,64.21327209472656,444.0,0.0
379,0.0,1892.0,13.230390548706056,36.99,74.35942077636719,1982.0,0.0,1367.0,0.1040006056427955,100.0,64.21327209472656,444.0,0.0
380,0.0,1892.0,13.230390548706056,36.99,74.35942077636719,1982.0,0.0,1367.0,0.1040006056427955,100.0,64.21327209472656,444.0,0.0
381,0.0,1892.0,13.230390548706056,36.99,74.35942077636719,1982.0,0.0,1367.0,0.1040006056427955,100.0,64.21327209472656,444.0,0.0
382,0.0,1892.0,13.230390548706056,36.99,74.35942077636719,1982.0,0.0,1367.0,0.1040006056427955,100.0,64.21327209472656,444.0,0.0
383,0.0,1892.0,12.905281066894531,36.99,72.41212463378906,2060.0,0.0,1367.0,0.0027615400031208,100.0,64.11482238769531,111.0,0.0
384,0.0,1892.0,12.905281066894531,36.99,72.41212463378906,2060.0,0.0,1367.0,0.0027615400031208,100.0,64.11482238769531,111.0,0.0
385,0.0,1892.0,12.905281066894531,36.99,72.41212463378906,2060.0,0.0,1367.0,0.0027615400031208,100.0,64.11482238769531,111.0,0.0
386,0.0,1892.0,12.905281066894531,36.99,72.41212463378906,2060.0,0.0,1367.0,0.0027615400031208,100.0,64.11482238769531,111.0,0.0
387,0.0,1892.0,12.905281066894531,36.99,72.41212463378906,2060.0,0.0,1367.0,0.0027615400031208,100.0,64.11482238769531,111.0,0.0
388,0.0,1892.0,12.909202575683594,36.99,73.2859115600586,2315.0,0.0,1367.0,0.0036267314571887,100.0,64.25892639160156,333.0,0.0
389,0.0,1892.0,12.909202575683594,36.99,73.2859115600586,2315.0,0.0,1367.0,0.0036267314571887,100.0,64.25892639160156,333.0,0.0
390,0.0,1892.0,12.909202575683594,36.99,73.2859115600586,2315.0,0.0,1367.0,0.0036267314571887,100.0,64.25892639160156,333.0,0.0
391,0.0,1892.0,12.909202575683594,36.99,73.2859115600586,2315.0,0.0,1367.0,0.0036267314571887,100.0,64.25892639160156,333.0,0.0
392,0.0,1892.0,12.909202575683594,36.99,73.2859115600586,2315.0,0.0,1367.0,0.0036267314571887,100.0,64.25892639160156,333.0,0.0
393,0.0,1892.0,12.871660232543944,36.99,73.30064392089844,2072.0,0.0,1367.0,0.0016087088733911,100.0,64.16357421875,222.0,0.0
394,0.0,1892.0,12.871660232543944,36.99,73.30064392089844,2072.0,0.0,1367.0,0.0016087088733911,100.0,64.16357421875,222.0,0.0
395,0.0,1892.0,12.871660232543944,36.99,73.30064392089844,2072.0,0.0,1367.0,0.0016087088733911,100.0,64.16357421875,222.0,0.0
396,0.0,1892.0,12.871660232543944,36.99,73.30064392089844,2072.0,0.0,1367.0,0.0016087088733911,100.0,64.16357421875,222.0,0.0
397,0.0,1892.0,12.871660232543944,36.99,73.30064392089844,2072.0,0.0,1367.0,0.0016087088733911,100.0,64.16357421875,222.0,0.0
398,0.0,1892.0,12.909273147583008,36.99,71.8283920288086,2045.0,0.0,1367.0,0.009536032564938,100.0,63.95232391357422,333.0,0.0
399,0.0,1892.0,12.909273147583008,36.99,71.8283920288086,2045.0,0.0,1367.0,0.009536032564938,100.0,63.95232391357422,333.0,0.0
400,0.0,1892.0,12.909273147583008,36.99,71.8283920288086,2045.0,0.0,1367.0,0.009536032564938,100.0,63.95232391357422,333.0,0.0
401,0.0,1892.0,12.909273147583008,36.99,71.8283920288086,2045.0,0.0,1367.0,0.009536032564938,100.0,63.95232391357422,333.0,0.0
402,0.0,1892.0,12.909273147583008,36.99,71.8283920288086,2045.0,0.0,1367.0,0.009536032564938,100.0,63.95232391357422,333.0,0.0
403,0.0,1892.0,13.284882545471191,36.99,74.40597534179688,2083.0,0.0,1367.0,0.1033252775669097,100.0,64.26362609863281,333.0,0.0
404,0.0,1892.0,13.284882545471191,36.99,74.40597534179688,2083.0,0.0,1367.0,0.1033252775669097,100.0,64.26362609863281,333.0,0.0
405,0.0,1892.0,13.284882545471191,36.99,74.40597534179688,2083.0,0.0,1367.0,0.1033252775669097,100.0,64.26362609863281,333.0,0.0
406,0.0,1892.0,13.284882545471191,36.99,74.40597534179688,2083.0,0.0,1367.0,0.1033252775669097,100.0,64.26362609863281,333.0,0.0
407,0.0,1892.0,13.284882545471191,36.99,74.40597534179688,2083.0,0.0,1367.0,0.1033252775669097,100.0,64.26362609863281,333.0,0.0
408,0.0,1892.0,12.943673133850098,36.99,73.22180938720703,2034.0,0.0,1367.0,0.0257924012839794,100.0,64.18412780761719,517.0,0.0
409,0.0,1892.0,12.943673133850098,36.99,73.22180938720703,2034.0,0.0,1367.0,0.0257924012839794,100.0,64.18412780761719,517.0,0.0
410,0.0,1892.0,12.943673133850098,36.99,73.22180938720703,2034.0,0.0,1367.0,0.0257924012839794,100.0,64.18412780761719,517.0,0.0
411,0.0,1892.0,12.943673133850098,36.99,73.22180938720703,2034.0,0.0,1367.0,0.0257924012839794,100.0,64.18412780761719,517.0,0.0
412,0.0,1892.0,12.943673133850098,36.99,73.22180938720703,2034.0,0.0,1367.0,0.0257924012839794,100.0,64.18412780761719,517.0,0.0
413,0.0,1892.0,12.92697048187256,36.99,73.1605224609375,2137.0,0.0,1367.0,0.0208243392407894,100.0,64.29133605957031,444.0,0.0
414,0.0,1892.0,12.92697048187256,36.99,73.1605224609375,2137.0,0.0,1367.0,0.0208243392407894,100.0,64.29133605957031,444.0,0.0
415,0.0,1892.0,12.92697048187256,36.99,73.1605224609375,2137.0,0.0,1367.0,0.0208243392407894,100.0,64.29133605957031,444.0,0.0
416,0.0,1892.0,12.92697048187256,36.99,73.1605224609375,2137.0,0.0,1367.0,0.0208243392407894,100.0,64.29133605957031,444.0,0.0
417,0.0,1892.0,12.92697048187256,36.99,73.1605224609375,2137.0,0.0,1367.0,0.0208243392407894,100.0,64.29133605957031,444.0,0.0
418,0.0,1892.0,12.764561653137209,36.99,73.85761260986328,1970.0,0.0,1367.0,0.0223747733980417,100.0,64.58921813964844,444.0,0.0
419,0.0,1892.0,12.764561653137209,36.99,73.85761260986328,1970.0,0.0,1367.0,0.0223747733980417,100.0,64.58921813964844,444.0,0.0
420,0.0,1892.0,12.764561653137209,36.99,73.85761260986328,1970.0,0.0,1367.0,0.0223747733980417,100.0,64.58921813964844,444.0,0.0
421,0.0,1892.0,12.764561653137209,36.99,73.85761260986328,1970.0,0.0,1367.0,0.0223747733980417,100.0,64.58921813964844,444.0,0.0
422,0.0,1892.0,12.764561653137209,36.99,73.85761260986328,1970.0,0.0,1367.0,0.0223747733980417,100.0,64.58921813964844,444.0,0.0
423,0.0,1892.0,12.851527214050291,36.99,73.88973236083984,2034.0,0.0,1367.0,0.0196964349597692,100.0,64.73026275634766,444.0,0.0
424,0.0,1892.0,12.851527214050291,36.99,73.88973236083984,2034.0,0.0,1367.0,0.0196964349597692,100.0,64.73026275634766,444.0,0.0
425,0.0,1892.0,12.851527214050291,36.99,73.88973236083984,2034.0,0.0,1367.0,0.0196964349597692,100.0,64.73026275634766,444.0,0.0
426,0.0,1892.0,12.851527214050291,36.99,73.88973236083984,2034.0,0.0,1367.0,0.0196964349597692,100.0,64.73026275634766,444.0,0.0
427,0.0,1892.0,12.851527214050291,36.99,73.88973236083984,2034.0,0.0,1367.0,0.0196964349597692,100.0,64.73026275634766,444.0,0.0
428,0.0,1892.0,12.851527214050291,36.99,73.88973236083984,2034.0,0.0,1367.0,0.0196964349597692,100.0,64.73026275634766,444.0,0.0
429,0.0,1892.0,12.954082489013672,36.99,73.80963897705078,1993.0,0.0,1367.0,0.0188652463257312,100.0,64.59877014160156,444.0,0.0
430,0.0,1892.0,12.954082489013672,36.99,73.80963897705078,1993.0,0.0,1367.0,0.0188652463257312,100.0,64.59877014160156,444.0,0.0
431,0.0,1892.0,12.954082489013672,36.99,73.80963897705078,1993.0,0.0,1367.0,0.0188652463257312,100.0,64.59877014160156,444.0,0.0
432,0.0,1892.0,12.954082489013672,36.99,73.80963897705078,1993.0,0.0,1367.0,0.0188652463257312,100.0,64.59877014160156,444.0,0.0
433,0.0,1892.0,12.954082489013672,36.99,73.80963897705078,1993.0,0.0,1367.0,0.0188652463257312,100.0,64.59877014160156,444.0,0.0
434,0.0,1892.0,13.052667617797852,36.99,72.68514251708984,1911.0,0.0,1367.0,0.0191589333117008,100.0,64.26292419433594,444.0,0.0
435,0.0,1892.0,13.052667617797852,36.99,72.68514251708984,1911.0,0.0,1367.0,0.0191589333117008,100.0,64.26292419433594,444.0,0.0
436,0.0,1892.0,13.052667617797852,36.99,72.68514251708984,1911.0,0.0,1367.0,0.0191589333117008,100.0,64.26292419433594,444.0,0.0
437,0.0,1892.0,13.052667617797852,36.99,72.68514251708984,1911.0,0.0,1367.0,0.0191589333117008,100.0,64.26292419433594,444.0,0.0
438,0.0,1892.0,13.052667617797852,36.99,72.68514251708984,1911.0,0.0,1367.0,0.0191589333117008,100.0,64.26292419433594,444.0,0.0
439,0.0,1892.0,12.94485569000244,36.99,72.8989486694336,2055.0,0.0,1367.0,0.0213531851768493,100.0,64.31493377685547,444.0,0.0
440,0.0,1892.0,12.94485569000244,36.99,72.8989486694336,2055.0,0.0,1367.0,0.0213531851768493,100.0,64.31493377685547,444.0,0.0
441,0.0,1892.0,12.94485569000244,36.99,72.8989486694336,2055.0,0.0,1367.0,0.0213531851768493,100.0,64.31493377685547,444.0,0.0
442,0.0,1892.0,12.94485569000244,36.99,72.8989486694336,2055.0,0.0,1367.0,0.0213531851768493,100.0,64.31493377685547,444.0,0.0
443,0.0,1892.0,12.94485569000244,36.99,72.8989486694336,2055.0,0.0,1367.0,0.0213531851768493,100.0,64.31493377685547,444.0,0.0
444,0.0,1892.0,12.88180160522461,36.99,73.4559097290039,2223.0,0.0,1367.0,0.0300994217395782,100.0,64.442626953125,444.0,0.0
445,0.0,1892.0,12.88180160522461,36.99,73.4559097290039,2223.0,0.0,1367.0,0.0300994217395782,100.0,64.442626953125,444.0,0.0
446,0.0,1892.0,12.88180160522461,36.99,73.4559097290039,2223.0,0.0,1367.0,0.0300994217395782,100.0,64.442626953125,444.0,0.0
447,0.0,1892.0,12.88180160522461,36.99,73.4559097290039,2223.0,0.0,1367.0,0.0300994217395782,100.0,64.442626953125,444.0,0.0
448,0.0,1892.0,12.88180160522461,36.99,73.4559097290039,2223.0,0.0,1367.0,0.0300994217395782,100.0,64.442626953125,444.0,0.0
449,0.0,1892.0,12.851293563842772,36.99,73.9038314819336,2218.0,0.0,1367.0,0.0018948103534057,100.0,64.80870056152344,111.0,0.0
450,0.0,1892.0,12.851293563842772,36.99,73.9038314819336,2218.0,0.0,1367.0,0.0018948103534057,100.0,64.80870056152344,111.0,0.0
451,0.0,1892.0,12.851293563842772,36.99,73.9038314819336,2218.0,0.0,1367.0,0.0018948103534057,100.0,64.80870056152344,111.0,0.0
452,0.0,1892.0,12.851293563842772,36.99,73.9038314819336,2218.0,0.0,1367.0,0.0018948103534057,100.0,64.80870056152344,111.0,0.0
453,0.0,1892.0,12.851293563842772,36.99,73.9038314819336,2218.0,0.0,1367.0,0.0018948103534057,100.0,64.80870056152344,111.0,0.0
454,0.0,1892.0,12.797870635986328,36.99,73.14793395996094,2115.0,0.0,1367.0,0.0462740659713745,100.0,64.56983184814453,394.0,0.0
455,0.0,1892.0,12.797870635986328,36.99,73.14793395996094,2115.0,0.0,1367.0,0.0462740659713745,100.0,64.56983184814453,394.0,0.0
456,0.0,1892.0,12.797870635986328,36.99,73.14793395996094,2115.0,0.0,1367.0,0.0462740659713745,100.0,64.56983184814453,394.0,0.0
457,0.0,1892.0,12.797870635986328,36.99,73.14793395996094,2115.0,0.0,1367.0,0.0462740659713745,100.0,64.56983184814453,394.0,0.0
458,0.0,1892.0,12.797870635986328,36.99,73.14793395996094,2115.0,0.0,1367.0,0.0462740659713745,100.0,64.56983184814453,394.0,0.0
459,0.0,1892.0,12.840744018554688,36.99,72.89000701904297,2219.0,0.0,1367.0,0.0038515124469995,100.0,64.6082992553711,333.0,0.0
460,0.0,1892.0,12.840744018554688,36.99,72.89000701904297,2219.0,0.0,1367.0,0.0038515124469995,100.0,64.6082992553711,333.0,0.0
461,0.0,1892.0,12.840744018554688,36.99,72.89000701904297,2219.0,0.0,1367.0,0.0038515124469995,100.0,64.6082992553711,333.0,0.0
462,0.0,1892.0,12.840744018554688,36.99,72.89000701904297,2219.0,0.0,1367.0,0.0038515124469995,100.0,64.6082992553711,333.0,0.0
463,0.0,1892.0,12.840744018554688,36.99,72.89000701904297,2219.0,0.0,1367.0,0.0038515124469995,100.0,64.6082992553711,333.0,0.0
464,0.0,1892.0,12.995648384094238,36.99,73.0951919555664,2119.0,0.0,1367.0,0.0018984202761203,100.0,64.4357681274414,222.0,0.0
465,0.0,1892.0,12.995648384094238,36.99,73.0951919555664,2119.0,0.0,1367.0,0.0018984202761203,100.0,64.4357681274414,222.0,0.0
466,0.0,1892.0,12.995648384094238,36.99,73.0951919555664,2119.0,0.0,1367.0,0.0018984202761203,100.0,64.4357681274414,222.0,0.0
467,0.0,1892.0,12.995648384094238,36.99,73.0951919555664,2119.0,0.0,1367.0,0.0018984202761203,100.0,64.4357681274414,222.0,0.0
468,0.0,1892.0,12.995648384094238,36.99,73.0951919555664,2119.0,0.0,1367.0,0.0018984202761203,100.0,64.4357681274414,222.0,0.0
469,0.0,1892.0,12.86301326751709,36.99,73.00727081298828,2144.0,0.0,1367.0,0.0019012265838682,100.0,64.43982696533203,222.0,0.0
470,0.0,1892.0,12.86301326751709,36.99,73.00727081298828,2144.0,0.0,1367.0,0.0019012265838682,100.0,64.43982696533203,222.0,0.0
471,0.0,1892.0,12.86301326751709,36.99,73.00727081298828,2144.0,0.0,1367.0,0.0019012265838682,100.0,64.43982696533203,222.0,0.0
472,0.0,1892.0,12.86301326751709,36.99,73.00727081298828,2144.0,0.0,1367.0,0.0019012265838682,100.0,64.43982696533203,222.0,0.0
473,0.0,1892.0,12.86301326751709,36.99,73.00727081298828,2144.0,0.0,1367.0,0.0019012265838682,100.0,64.43982696533203,222.0,0.0
474,0.0,1892.0,12.904207229614258,36.99,72.40798950195312,2306.0,0.0,1367.0,0.001928258803673,100.0,64.35857391357422,111.0,0.0
475,0.0,1892.0,12.904207229614258,36.99,72.40798950195312,2306.0,0.0,1367.0,0.001928258803673,100.0,64.35857391357422,111.0,0.0
476,0.0,1892.0,12.904207229614258,36.99,72.40798950195312,2306.0,0.0,1367.0,0.001928258803673,100.0,64.35857391357422,111.0,0.0
477,0.0,1892.0,12.904207229614258,36.99,72.40798950195312,2306.0,0.0,1367.0,0.001928258803673,100.0,64.35857391357422,111.0,0.0
478,0.0,1892.0,12.904207229614258,36.99,72.40798950195312,2306.0,0.0,1367.0,0.001928258803673,100.0,64.35857391357422,111.0,0.0
479,0.0,1892.0,12.819201469421388,36.99,73.3746337890625,1923.0,0.0,1367.0,0.0019161463715136,100.0,64.55357360839844,111.0,0.0
480,0.0,1892.0,12.819201469421388,36.99,73.3746337890625,1923.0,0.0,1367.0,0.0019161463715136,100.0,64.55357360839844,111.0,0.0
481,0.0,1892.0,12.819201469421388,36.99,73.3746337890625,1923.0,0.0,1367.0,0.0019161463715136,100.0,64.55357360839844,111.0,0.0
482,0.0,1892.0,12.819201469421388,36.99,73.3746337890625,1923.0,0.0,1367.0,0.0019161463715136,100.0,64.55357360839844,111.0,0.0
483,0.0,1892.0,12.819201469421388,36.99,73.3746337890625,1923.0,0.0,1367.0,0.0019161463715136,100.0,64.55357360839844,111.0,0.0
484,0.0,1892.0,12.819201469421388,36.99,73.3746337890625,1923.0,0.0,1367.0,0.0019161463715136,100.0,64.55357360839844,111.0,0.0
485,0.0,1892.0,12.79518222808838,36.99,73.03074645996094,1646.0,0.0,1367.0,0.005497608333826,100.0,64.64633178710938,350.0,0.0
486,0.0,1892.0,12.79518222808838,36.99,73.03074645996094,1646.0,0.0,1367.0,0.005497608333826,100.0,64.64633178710938,350.0,0.0
487,0.0,1892.0,12.79518222808838,36.99,73.03074645996094,1646.0,0.0,1367.0,0.005497608333826,100.0,64.64633178710938,350.0,0.0
488,0.0,1892.0,12.79518222808838,36.99,73.03074645996094,1646.0,0.0,1367.0,0.005497608333826,100.0,64.64633178710938,350.0,0.0
489,0.0,1892.0,12.79518222808838,36.99,73.03074645996094,1646.0,0.0,1367.0,0.005497608333826,100.0,64.64633178710938,350.0,0.0
490,0.0,1892.0,12.61416721343994,36.99,72.82023620605469,1435.0,0.0,1367.0,0.0019303497392684,100.0,65.14669799804688,222.0,0.0
491,0.0,1892.0,12.61416721343994,36.99,72.82023620605469,1435.0,0.0,1367.0,0.0019303497392684,100.0,65.14669799804688,222.0,0.0
492,0.0,1892.0,12.61416721343994,36.99,72.82023620605469,1435.0,0.0,1367.0,0.0019303497392684,100.0,65.14669799804688,222.0,0.0
493,0.0,1892.0,12.61416721343994,36.99,72.82023620605469,1435.0,0.0,1367.0,0.0019303497392684,100.0,65.14669799804688,222.0,0.0
494,0.0,1892.0,12.61416721343994,36.99,72.82023620605469,1435.0,0.0,1367.0,0.0019303497392684,100.0,65.14669799804688,222.0,0.0
495,0.0,1892.0,12.642573356628418,36.99,72.0804443359375,1540.0,0.0,1367.0,0.0019763903692364,100.0,65.0085678100586,222.0,0.0
496,0.0,1892.0,12.642573356628418,36.99,72.0804443359375,1540.0,0.0,1367.0,0.0019763903692364,100.0,65.0085678100586,222.0,0.0
497,0.0,1892.0,12.642573356628418,36.99,72.0804443359375,1540.0,0.0,1367.0,0.0019763903692364,100.0,65.0085678100586,222.0,0.0
498,0.0,1892.0,12.642573356628418,36.99,72.0804443359375,1540.0,0.0,1367.0,0.0019763903692364,100.0,65.0085678100586,222.0,0.0
499,0.0,1892.0,12.642573356628418,36.99,72.0804443359375,1540.0,0.0,1367.0,0.0019763903692364,100.0,65.0085678100586,222.0,0.0
500,0.0,1892.0,12.617393493652344,36.99,71.7183837890625,1442.0,0.0,1367.0,0.0019729027990251,100.0,65.00045013427734,222.0,0.0
501,0.0,1892.0,12.617393493652344,36.99,71.7183837890625,1442.0,0.0,1367.0,0.0019729027990251,100.0,65.00045013427734,222.0,0.0
502,0.0,1892.0,12.617393493652344,36.99,71.7183837890625,1442.0,0.0,1367.0,0.0019729027990251,100.0,65.00045013427734,222.0,0.0
503,0.0,1892.0,12.617393493652344,36.99,71.7183837890625,1442.0,0.0,1367.0,0.0019729027990251,100.0,65.00045013427734,222.0,0.0
504,0.0,1892.0,12.617393493652344,36.99,71.7183837890625,1442.0,0.0,1367.0,0.0019729027990251,100.0,65.00045013427734,222.0,0.0
505,0.0,1892.0,13.348761558532717,36.99,72.96867370605469,1782.0,0.0,1367.0,0.0020232324022799,100.0,65.02888488769531,259.0,0.0
506,0.0,1892.0,13.348761558532717,36.99,72.96867370605469,1782.0,0.0,1367.0,0.0020232324022799,100.0,65.02888488769531,259.0,0.0
507,0.0,1892.0,13.348761558532717,36.99,72.96867370605469,1782.0,0.0,1367.0,0.0020232324022799,100.0,65.02888488769531,259.0,0.0
508,0.0,1892.0,13.348761558532717,36.99,72.96867370605469,1782.0,0.0,1367.0,0.0020232324022799,100.0,65.02888488769531,259.0,0.0
509,0.0,1892.0,13.348761558532717,36.99,72.96867370605469,1782.0,0.0,1367.0,0.0020232324022799,100.0,65.02888488769531,259.0,0.0
510,0.0,1892.0,12.95652675628662,36.99,72.67263793945312,1620.0,0.0,1367.0,0.0463841557502746,100.0,65.08305358886719,333.0,0.0
511,0.0,1892.0,12.95652675628662,36.99,72.67263793945312,1620.0,0.0,1367.0,0.0463841557502746,100.0,65.08305358886719,333.0,0.0
512,0.0,1892.0,12.95652675628662,36.99,72.67263793945312,1620.0,0.0,1367.0,0.0463841557502746,100.0,65.08305358886719,333.0,0.0
513,0.0,1892.0,12.95652675628662,36.99,72.67263793945312,1620.0,0.0,1367.0,0.0463841557502746,100.0,65.08305358886719,333.0,0.0
514,0.0,1892.0,12.95652675628662,36.99,72.67263793945312,1620.0,0.0,1367.0,0.0463841557502746,100.0,65.08305358886719,333.0,0.0
515,0.0,1892.0,12.940720558166504,36.99,74.20822143554688,2130.0,0.0,1367.0,0.1014435291290283,100.0,65.14356994628906,222.0,0.0
516,0.0,1892.0,12.940720558166504,36.99,74.20822143554688,2130.0,0.0,1367.0,0.1014435291290283,100.0,65.14356994628906,222.0,0.0
517,0.0,1892.0,12.940720558166504,36.99,74.20822143554688,2130.0,0.0,1367.0,0.1014435291290283,100.0,65.14356994628906,222.0,0.0
518,0.0,1892.0,12.940720558166504,36.99,74.20822143554688,2130.0,0.0,1367.0,0.1014435291290283,100.0,65.14356994628906,222.0,0.0
519,0.0,1892.0,12.940720558166504,36.99,74.20822143554688,2130.0,0.0,1367.0,0.1014435291290283,100.0,65.14356994628906,222.0,0.0
520,0.0,1892.0,12.952756881713867,36.99,73.82249450683594,2296.0,0.0,1367.0,0.037775807082653,100.0,65.28791809082031,311.0,0.0
521,0.0,1892.0,12.952756881713867,36.99,73.82249450683594,2296.0,0.0,1367.0,0.037775807082653,100.0,65.28791809082031,311.0,0.0
522,0.0,1892.0,12.952756881713867,36.99,73.82249450683594,2296.0,0.0,1367.0,0.037775807082653,100.0,65.28791809082031,311.0,0.0
523,0.0,1892.0,12.952756881713867,36.99,73.82249450683594,2296.0,0.0,1367.0,0.037775807082653,100.0,65.28791809082031,311.0,0.0
524,0.0,1892.0,12.952756881713867,36.99,73.82249450683594,2296.0,0.0,1367.0,0.037775807082653,100.0,65.28791809082031,311.0,0.0
525,0.0,1892.0,13.868099212646484,36.99,75.66802978515625,2192.0,0.0,1367.0,0.1736889332532882,100.0,65.17059326171875,444.0,0.0
526,0.0,1892.0,13.868099212646484,36.99,75.66802978515625,2192.0,0.0,1367.0,0.1736889332532882,100.0,65.17059326171875,444.0,0.0
527,0.0,1892.0,13.868099212646484,36.99,75.66802978515625,2192.0,0.0,1367.0,0.1736889332532882,100.0,65.17059326171875,444.0,0.0
528,0.0,1892.0,13.868099212646484,36.99,75.66802978515625,2192.0,0.0,1367.0,0.1736889332532882,100.0,65.17059326171875,444.0,0.0
529,0.0,1892.0,13.868099212646484,36.99,75.66802978515625,2192.0,0.0,1367.0,0.1736889332532882,100.0,65.17059326171875,444.0,0.0
530,0.0,1892.0,12.788509368896484,36.99,74.83982849121094,2098.0,0.0,1367.0,0.0316967591643333,100.0,65.0280532836914,333.0,0.0
531,0.0,1892.0,12.788509368896484,36.99,74.83982849121094,2098.0,0.0,1367.0,0.0316967591643333,100.0,65.0280532836914,333.0,0.0
532,0.0,1892.0,12.788509368896484,36.99,74.83982849121094,2098.0,0.0,1367.0,0.0316967591643333,100.0,65.0280532836914,333.0,0.0
533,0.0,1892.0,12.788509368896484,36.99,74.83982849121094,2098.0,0.0,1367.0,0.0316967591643333,100.0,65.0280532836914,333.0,0.0
534,0.0,1892.0,12.788509368896484,36.99,74.83982849121094,2098.0,0.0,1367.0,0.0316967591643333,100.0,65.0280532836914,333.0,0.0
535,0.0,1892.0,12.82757568359375,36.99,73.8160171508789,2146.0,0.0,1367.0,0.0052188802510499,100.0,64.92362976074219,333.0,0.0
536,0.0,1892.0,12.82757568359375,36.99,73.8160171508789,2146.0,0.0,1367.0,0.0052188802510499,100.0,64.92362976074219,333.0,0.0
537,0.0,1892.0,12.82757568359375,36.99,73.8160171508789,2146.0,0.0,1367.0,0.0052188802510499,100.0,64.92362976074219,333.0,0.0
538,0.0,1892.0,12.82757568359375,36.99,73.8160171508789,2146.0,0.0,1367.0,0.0052188802510499,100.0,64.92362976074219,333.0,0.0
539,0.0,1892.0,12.82757568359375,36.99,73.8160171508789,2146.0,0.0,1367.0,0.0052188802510499,100.0,64.92362976074219,333.0,0.0
540,0.0,1892.0,13.728302001953123,36.99,74.3183822631836,2246.0,0.0,1367.0,0.001686853240244,100.0,65.15946960449219,222.0,0.0
541,0.0,1892.0,13.728302001953123,36.99,74.3183822631836,2246.0,0.0,1367.0,0.001686853240244,100.0,65.15946960449219,222.0,0.0
542,0.0,1892.0,13.728302001953123,36.99,74.3183822631836,2246.0,0.0,1367.0,0.001686853240244,100.0,65.15946960449219,222.0,0.0
543,0.0,1892.0,13.728302001953123,36.99,74.3183822631836,2246.0,0.0,1367.0,0.001686853240244,100.0,65.15946960449219,222.0,0.0
544,0.0,1892.0,13.728302001953123,36.99,74.3183822631836,2246.0,0.0,1367.0,0.001686853240244,100.0,65.15946960449219,222.0,0.0
545,0.0,1892.0,13.728302001953123,36.99,74.3183822631836,2246.0,0.0,1367.0,0.001686853240244,100.0,65.15946960449219,222.0,0.0
546,0.0,1892.0,13.110963821411133,36.99,75.38105010986328,2077.0,0.0,1367.0,0.0308346189558506,100.0,65.38357543945312,314.0,0.0
547,0.0,1892.0,13.110963821411133,36.99,75.38105010986328,2077.0,0.0,1367.0,0.0308346189558506,100.0,65.38357543945312,314.0,0.0
548,0.0,1892.0,13.110963821411133,36.99,75.38105010986328,2077.0,0.0,1367.0,0.0308346189558506,100.0,65.38357543945312,314.0,0.0
549,0.0,1892.0,13.110963821411133,36.99,75.38105010986328,2077.0,0.0,1367.0,0.0308346189558506,100.0,65.38357543945312,314.0,0.0
550,0.0,1892.0,13.110963821411133,36.99,75.38105010986328,2077.0,0.0,1367.0,0.0308346189558506,100.0,65.38357543945312,314.0,0.0
551,0.0,1892.0,12.881319046020508,36.99,74.00663757324219,2278.0,0.0,1367.0,0.0015957087744027,100.0,65.76042938232422,222.0,0.0
552,0.0,1892.0,12.881319046020508,36.99,74.00663757324219,2278.0,0.0,1367.0,0.0015957087744027,100.0,65.76042938232422,222.0,0.0
553,0.0,1892.0,12.881319046020508,36.99,74.00663757324219,2278.0,0.0,1367.0,0.0015957087744027,100.0,65.76042938232422,222.0,0.0
554,0.0,1892.0,12.881319046020508,36.99,74.00663757324219,2278.0,0.0,1367.0,0.0015957087744027,100.0,65.76042938232422,222.0,0.0
555,0.0,1892.0,12.881319046020508,36.99,74.00663757324219,2278.0,0.0,1367.0,0.0015957087744027,100.0,65.76042938232422,222.0,0.0
556,0.0,1892.0,13.234407424926758,36.99,73.91045379638672,1982.0,0.0,1367.0,0.132693812251091,100.0,65.17460632324219,444.0,0.0
557,0.0,1892.0,13.234407424926758,36.99,73.91045379638672,1982.0,0.0,1367.0,0.132693812251091,100.0,65.17460632324219,444.0,0.0
558,0.0,1892.0,13.234407424926758,36.99,73.91045379638672,1982.0,0.0,1367.0,0.132693812251091,100.0,65.17460632324219,444.0,0.0
559,0.0,1892.0,13.234407424926758,36.99,73.91045379638672,1982.0,0.0,1367.0,0.132693812251091,100.0,65.17460632324219,444.0,0.0
560,0.0,1892.0,13.234407424926758,36.99,73.91045379638672,1982.0,0.0,1367.0,0.132693812251091,100.0,65.17460632324219,444.0,0.0
561,0.0,1892.0,13.098321914672852,36.99,74.07853698730469,2199.0,0.0,1367.0,0.0456026047468185,100.0,65.34498596191406,444.0,0.0
562,0.0,1892.0,13.098321914672852,36.99,74.07853698730469,2199.0,0.0,1367.0,0.0456026047468185,100.0,65.34498596191406,444.0,0.0
563,0.0,1892.0,13.098321914672852,36.99,74.07853698730469,2199.0,0.0,1367.0,0.0456026047468185,100.0,65.34498596191406,444.0,0.0
564,0.0,1892.0,13.098321914672852,36.99,74.07853698730469,2199.0,0.0,1367.0,0.0456026047468185,100.0,65.34498596191406,444.0,0.0
565,0.0,1892.0,13.098321914672852,36.99,74.07853698730469,2199.0,0.0,1367.0,0.0456026047468185,100.0,65.34498596191406,444.0,0.0
566,0.0,1892.0,12.999889373779297,36.99,74.67908477783203,2024.0,0.0,1367.0,0.0421263538300991,100.0,65.3047866821289,444.0,0.0
567,0.0,1892.0,12.999889373779297,36.99,74.67908477783203,2024.0,0.0,1367.0,0.0421263538300991,100.0,65.3047866821289,444.0,0.0
568,0.0,1892.0,12.999889373779297,36.99,74.67908477783203,2024.0,0.0,1367.0,0.0421263538300991,100.0,65.3047866821289,444.0,0.0
569,0.0,1892.0,12.999889373779297,36.99,74.67908477783203,2024.0,0.0,1367.0,0.0421263538300991,100.0,65.3047866821289,444.0,0.0
570,0.0,1892.0,12.999889373779297,36.99,74.67908477783203,2024.0,0.0,1367.0,0.0421263538300991,100.0,65.3047866821289,444.0,0.0
571,0.0,1892.0,12.998494148254396,36.99,73.02835083007812,1867.0,0.0,1367.0,0.0473434552550315,100.0,65.79869079589844,538.0,0.0
572,0.0,1892.0,12.998494148254396,36.99,73.02835083007812,1867.0,0.0,1367.0,0.0473434552550315,100.0,65.79869079589844,538.0,0.0
573,0.0,1892.0,12.998494148254396,36.99,73.02835083007812,1867.0,0.0,1367.0,0.0473434552550315,100.0,65.79869079589844,538.0,0.0
574,0.0,1892.0,12.998494148254396,36.99,73.02835083007812,1867.0,0.0,1367.0,0.0473434552550315,100.0,65.79869079589844,538.0,0.0
575,0.0,1892.0,12.998494148254396,36.99,73.02835083007812,1867.0,0.0,1367.0,0.0473434552550315,100.0,65.79869079589844,538.0,0.0
576,0.0,1892.0,12.909862518310549,36.99,74.51668548583984,2220.0,0.0,1367.0,0.04343868419528,100.0,65.8012466430664,444.0,0.0
577,0.0,1892.0,12.909862518310549,36.99,74.51668548583984,2220.0,0.0,1367.0,0.04343868419528,100.0,65.8012466430664,444.0,0.0
578,0.0,1892.0,12.909862518310549,36.99,74.51668548583984,2220.0,0.0,1367.0,0.04343868419528,100.0,65.8012466430664,444.0,0.0
579,0.0,1892.0,12.909862518310549,36.99,74.51668548583984,2220.0,0.0,1367.0,0.04343868419528,100.0,65.8012466430664,444.0,0.0
580,0.0,1892.0,12.909862518310549,36.99,74.51668548583984,2220.0,0.0,1367.0,0.04343868419528,100.0,65.8012466430664,444.0,0.0
581,0.0,1892.0,13.346498489379885,36.99,74.18888092041016,2025.0,0.0,1367.0,0.0530316159129142,100.0,65.44920349121094,333.0,0.0
582,0.0,1892.0,13.346498489379885,36.99,74.18888092041016,2025.0,0.0,1367.0,0.0530316159129142,100.0,65.44920349121094,333.0,0.0
583,0.0,1892.0,13.346498489379885,36.99,74.18888092041016,2025.0,0.0,1367.0,0.0530316159129142,100.0,65.44920349121094,333.0,0.0
584,0.0,1892.0,13.346498489379885,36.99,74.18888092041016,2025.0,0.0,1367.0,0.0530316159129142,100.0,65.44920349121094,333.0,0.0
585,0.0,1892.0,13.346498489379885,36.99,74.18888092041016,2025.0,0.0,1367.0,0.0530316159129142,100.0,65.44920349121094,333.0,0.0
586,0.0,1892.0,12.881200790405272,36.99,74.7500991821289,2301.0,0.0,1367.0,0.0025812615640461,100.0,65.44819641113281,333.0,0.0
587,0.0,1892.0,12.881200790405272,36.99,74.7500991821289,2301.0,0.0,1367.0,0.0025812615640461,100.0,65.44819641113281,333.0,0.0
588,0.0,1892.0,12.881200790405272,36.99,74.7500991821289,2301.0,0.0,1367.0,0.0025812615640461,100.0,65.44819641113281,333.0,0.0
589,0.0,1892.0,12.881200790405272,36.99,74.7500991821289,2301.0,0.0,1367.0,0.0025812615640461,100.0,65.44819641113281,333.0,0.0
590,0.0,1892.0,12.881200790405272,36.99,74.7500991821289,2301.0,0.0,1367.0,0.0025812615640461,100.0,65.44819641113281,333.0,0.0
591,0.0,1892.0,12.946378707885742,36.99,73.83216857910156,2131.0,0.0,1367.0,0.0433708652853965,100.0,65.6073226928711,222.0,0.0
592,0.0,1892.0,12.946378707885742,36.99,73.83216857910156,2131.0,0.0,1367.0,0.0433708652853965,100.0,65.6073226928711,222.0,0.0
593,0.0,1892.0,12.946378707885742,36.99,73.83216857910156,2131.0,0.0,1367.0,0.0433708652853965,100.0,65.6073226928711,222.0,0.0
594,0.0,1892.0,12.946378707885742,36.99,73.83216857910156,2131.0,0.0,1367.0,0.0433708652853965,100.0,65.6073226928711,222.0,0.0
595,0.0,1892.0,12.946378707885742,36.99,73.83216857910156,2131.0,0.0,1367.0,0.0433708652853965,100.0,65.6073226928711,222.0,0.0
596,0.0,1892.0,13.14505386352539,36.99,75.11329650878906,2123.0,0.0,1367.0,0.0609900169074535,100.0,65.78973388671875,234.0,0.0
597,0.0,1892.0,13.14505386352539,36.99,75.11329650878906,2123.0,0.0,1367.0,0.0609900169074535,100.0,65.78973388671875,234.0,0.0
598,0.0,1892.0,13.14505386352539,36.99,75.11329650878906,2123.0,0.0,1367.0,0.0609900169074535,100.0,65.78973388671875,234.0,0.0
599,0.0,1892.0,13.14505386352539,36.99,75.11329650878906,2123.0,0.0,1367.0,0.0609900169074535,100.0,65.78973388671875,234.0,0.0
600,0.0,1892.0,13.14505386352539,36.99,75.11329650878906,2123.0,0.0,1367.0,0.0609900169074535,100.0,65.78973388671875,234.0,0.0
601,0.0,1892.0,13.14505386352539,36.99,75.11329650878906,2123.0,0.0,1367.0,0.0609900169074535,100.0,65.78973388671875,234.0,0.0
602,0.0,1892.0,13.1297607421875,36.99,74.1097412109375,2174.0,0.0,1367.0,0.0470788478851318,100.0,65.46697235107422,484.0,0.0
603,0.0,1892.0,13.1297607421875,36.99,74.1097412109375,2174.0,0.0,1367.0,0.0470788478851318,100.0,65.46697235107422,484.0,0.0
604,0.0,1892.0,13.1297607421875,36.99,74.1097412109375,2174.0,0.0,1367.0,0.0470788478851318,100.0,65.46697235107422,484.0,0.0
605,0.0,1892.0,13.1297607421875,36.99,74.1097412109375,2174.0,0.0,1367.0,0.0470788478851318,100.0,65.46697235107422,484.0,0.0
606,0.0,1892.0,13.1297607421875,36.99,74.1097412109375,2174.0,0.0,1367.0,0.0470788478851318,100.0,65.46697235107422,484.0,0.0
607,0.0,1892.0,12.385388374328612,36.99,49.855865478515625,2311.0,0.0,1367.0,0.0235307794064283,100.0,65.33480072021484,444.0,0.0
608,0.0,1892.0,12.385388374328612,36.99,49.855865478515625,2311.0,0.0,1367.0,0.0235307794064283,100.0,65.33480072021484,444.0,0.0
609,0.0,1892.0,12.385388374328612,36.99,49.855865478515625,2311.0,0.0,1367.0,0.0235307794064283,100.0,65.33480072021484,444.0,0.0
610,0.0,1892.0,12.385388374328612,36.99,49.855865478515625,2311.0,0.0,1367.0,0.0235307794064283,100.0,65.33480072021484,444.0,0.0
611,0.0,1892.0,12.385388374328612,36.99,49.855865478515625,2311.0,0.0,1367.0,0.0235307794064283,100.0,65.33480072021484,444.0,0.0
612,0.0,1892.0,12.744251251220703,36.99,74.20796203613281,2186.0,0.0,1367.0,0.0214539133012294,100.0,65.51200866699219,444.0,0.0
613,0.0,1892.0,12.744251251220703,36.99,74.20796203613281,2186.0,0.0,1367.0,0.0214539133012294,100.0,65.51200866699219,444.0,0.0
614,0.0,1892.0,12.744251251220703,36.99,74.20796203613281,2186.0,0.0,1367.0,0.0214539133012294,100.0,65.51200866699219,444.0,0.0
615,0.0,1892.0,12.744251251220703,36.99,74.20796203613281,2186.0,0.0,1367.0,0.0214539133012294,100.0,65.51200866699219,444.0,0.0
616,0.0,1892.0,12.744251251220703,36.99,74.20796203613281,2186.0,0.0,1367.0,0.0214539133012294,100.0,65.51200866699219,444.0,0.0
617,0.0,1892.0,12.832338333129885,36.99,73.79891967773438,2081.0,0.0,1367.0,0.018984131515026,100.0,65.67865753173828,444.0,0.0
618,0.0,1892.0,12.832338333129885,36.99,73.79891967773438,2081.0,0.0,1367.0,0.018984131515026,100.0,65.67865753173828,444.0,0.0
619,0.0,1892.0,12.832338333129885,36.99,73.79891967773438,2081.0,0.0,1367.0,0.018984131515026,100.0,65.67865753173828,444.0,0.0
620,0.0,1892.0,12.832338333129885,36.99,73.79891967773438,2081.0,0.0,1367.0,0.018984131515026,100.0,65.67865753173828,444.0,0.0
621,0.0,1892.0,12.832338333129885,36.99,73.79891967773438,2081.0,0.0,1367.0,0.018984131515026,100.0,65.67865753173828,444.0,0.0
622,0.0,1892.0,12.845784187316896,36.99,73.09347534179688,2098.0,0.0,1367.0,0.021168490871787,100.0,65.23152160644531,444.0,0.0
623,0.0,1892.0,12.845784187316896,36.99,73.09347534179688,2098.0,0.0,1367.0,0.021168490871787,100.0,65.23152160644531,444.0,0.0
624,0.0,1892.0,12.845784187316896,36.99,73.09347534179688,2098.0,0.0,1367.0,0.021168490871787,100.0,65.23152160644531,444.0,0.0
625,0.0,1892.0,12.845784187316896,36.99,73.09347534179688,2098.0,0.0,1367.0,0.021168490871787,100.0,65.23152160644531,444.0,0.0
626,0.0,1892.0,12.845784187316896,36.99,73.09347534179688,2098.0,0.0,1367.0,0.021168490871787,100.0,65.23152160644531,444.0,0.0
627,0.0,1892.0,12.867809295654297,36.99,73.1121826171875,2254.0,0.0,1367.0,0.0194134730845689,100.0,65.26482391357422,444.0,0.0
628,0.0,1892.0,12.867809295654297,36.99,73.1121826171875,2254.0,0.0,1367.0,0.0194134730845689,100.0,65.26482391357422,444.0,0.0
629,0.0,1892.0,12.867809295654297,36.99,73.1121826171875,2254.0,0.0,1367.0,0.0194134730845689,100.0,65.26482391357422,444.0,0.0
630,0.0,1892.0,12.867809295654297,36.99,73.1121826171875,2254.0,0.0,1367.0,0.0194134730845689,100.0,65.26482391357422,444.0,0.0
631,0.0,1892.0,12.867809295654297,36.99,73.1121826171875,2254.0,0.0,1367.0,0.0194134730845689,100.0,65.26482391357422,444.0,0.0
632,0.0,1892.0,14.37431526184082,36.99,75.63451385498047,2161.0,0.0,1367.0,0.0224854759871959,100.0,65.44597625732422,444.0,0.0
633,0.0,1892.0,14.37431526184082,36.99,75.63451385498047,2161.0,0.0,1367.0,0.0224854759871959,100.0,65.44597625732422,444.0,0.0
634,0.0,1892.0,14.37431526184082,36.99,75.63451385498047,2161.0,0.0,1367.0,0.0224854759871959,100.0,65.44597625732422,444.0,0.0
635,0.0,1892.0,14.37431526184082,36.99,75.63451385498047,2161.0,0.0,1367.0,0.0224854759871959,100.0,65.44597625732422,444.0,0.0
636,0.0,1892.0,14.37431526184082,36.99,75.63451385498047,2161.0,0.0,1367.0,0.0224854759871959,100.0,65.44597625732422,444.0,0.0
637,0.0,1892.0,12.839076042175291,36.99,74.517578125,2094.0,0.0,1367.0,0.0200315490365028,100.0,65.73006439208984,444.0,0.0
638,0.0,1892.0,12.839076042175291,36.99,74.517578125,2094.0,0.0,1367.0,0.0200315490365028,100.0,65.73006439208984,444.0,0.0
639,0.0,1892.0,12.839076042175291,36.99,74.517578125,2094.0,0.0,1367.0,0.0200315490365028,100.0,65.73006439208984,444.0,0.0
640,0.0,1892.0,12.839076042175291,36.99,74.517578125,2094.0,0.0,1367.0,0.0200315490365028,100.0,65.73006439208984,444.0,0.0
641,0.0,1892.0,12.839076042175291,36.99,74.517578125,2094.0,0.0,1367.0,0.0200315490365028,100.0,65.73006439208984,444.0,0.0
642,0.0,1892.0,12.893143653869627,36.99,73.10992431640625,1941.0,0.0,1367.0,0.0191351268440485,100.0,65.48332214355469,444.0,0.0
643,0.0,1892.0,12.893143653869627,36.99,73.10992431640625,1941.0,0.0,1367.0,0.0191351268440485,100.0,65.48332214355469,444.0,0.0
644,0.0,1892.0,12.893143653869627,36.99,73.10992431640625,1941.0,0.0,1367.0,0.0191351268440485,100.0,65.48332214355469,444.0,0.0
645,0.0,1892.0,12.893143653869627,36.99,73.10992431640625,1941.0,0.0,1367.0,0.0191351268440485,100.0,65.48332214355469,444.0,0.0
646,0.0,1892.0,12.893143653869627,36.99,73.10992431640625,1941.0,0.0,1367.0,0.0191351268440485,100.0,65.48332214355469,444.0,0.0
647,0.0,1892.0,12.847183227539062,36.99,73.85570526123047,2073.0,0.0,1367.0,0.0210056528449058,100.0,65.46626281738281,444.0,0.0
648,0.0,1892.0,12.847183227539062,36.99,73.85570526123047,2073.0,0.0,1367.0,0.0210056528449058,100.0,65.46626281738281,444.0,0.0
649,0.0,1892.0,12.847183227539062,36.99,73.85570526123047,2073.0,0.0,1367.0,0.0210056528449058,100.0,65.46626281738281,444.0,0.0
650,0.0,1892.0,12.847183227539062,36.99,73.85570526123047,2073.0,0.0,1367.0,0.0210056528449058,100.0,65.46626281738281,444.0,0.0
651,0.0,1892.0,12.847183227539062,36.99,73.85570526123047,2073.0,0.0,1367.0,0.0210056528449058,100.0,65.46626281738281,444.0,0.0
652,0.0,1892.0,12.847183227539062,36.99,73.85570526123047,2073.0,0.0,1367.0,0.0210056528449058,100.0,65.46626281738281,444.0,0.0
653,0.0,1892.0,13.213788032531738,36.99,74.35063934326172,2048.0,0.0,1367.0,0.1438299566507339,100.0,65.57793426513672,471.0,0.0
654,0.0,1892.0,13.213788032531738,36.99,74.35063934326172,2048.0,0.0,1367.0,0.1438299566507339,100.0,65.57793426513672,471.0,0.0
655,0.0,1892.0,13.213788032531738,36.99,74.35063934326172,2048.0,0.0,1367.0,0.1438299566507339,100.0,65.57793426513672,471.0,0.0
656,0.0,1892.0,13.213788032531738,36.99,74.35063934326172,2048.0,0.0,1367.0,0.1438299566507339,100.0,65.57793426513672,471.0,0.0
657,0.0,1892.0,13.213788032531738,36.99,74.35063934326172,2048.0,0.0,1367.0,0.1438299566507339,100.0,65.57793426513672,471.0,0.0
658,0.0,1892.0,13.002386093139648,36.99,75.42325592041016,2231.0,0.0,1367.0,0.029010759666562,100.0,65.63551330566406,340.0,0.0
659,0.0,1892.0,13.002386093139648,36.99,75.42325592041016,2231.0,0.0,1367.0,0.029010759666562,100.0,65.63551330566406,340.0,0.0
660,0.0,1892.0,13.002386093139648,36.99,75.42325592041016,2231.0,0.0,1367.0,0.029010759666562,100.0,65.63551330566406,340.0,0.0
661,0.0,1892.0,13.002386093139648,36.99,75.42325592041016,2231.0,0.0,1367.0,0.029010759666562,100.0,65.63551330566406,340.0,0.0
662,0.0,1892.0,13.002386093139648,36.99,75.42325592041016,2231.0,0.0,1367.0,0.029010759666562,100.0,65.63551330566406,340.0,0.0
663,0.0,1892.0,12.90443992614746,36.99,74.06829071044922,2192.0,0.0,1367.0,0.0062471344135701,100.0,65.96533203125,111.0,0.0
664,0.0,1892.0,12.90443992614746,36.99,74.06829071044922,2192.0,0.0,1367.0,0.0062471344135701,100.0,65.96533203125,111.0,0.0
665,0.0,1892.0,12.90443992614746,36.99,74.06829071044922,2192.0,0.0,1367.0,0.0062471344135701,100.0,65.96533203125,111.0,0.0
666,0.0,1892.0,12.90443992614746,36.99,74.06829071044922,2192.0,0.0,1367.0,0.0062471344135701,100.0,65.96533203125,111.0,0.0
667,0.0,1892.0,12.90443992614746,36.99,74.06829071044922,2192.0,0.0,1367.0,0.0062471344135701,100.0,65.96533203125,111.0,0.0
668,0.0,1892.0,13.53244972229004,36.99,74.77096557617188,2084.0,0.0,1367.0,0.1232001185417175,100.0,66.31156158447266,473.0,0.0
669,0.0,1892.0,13.53244972229004,36.99,74.77096557617188,2084.0,0.0,1367.0,0.1232001185417175,100.0,66.31156158447266,473.0,0.0
670,0.0,1892.0,13.53244972229004,36.99,74.77096557617188,2084.0,0.0,1367.0,0.1232001185417175,100.0,66.31156158447266,473.0,0.0
671,0.0,1892.0,13.53244972229004,36.99,74.77096557617188,2084.0,0.0,1367.0,0.1232001185417175,100.0,66.31156158447266,473.0,0.0
672,0.0,1892.0,13.53244972229004,36.99,74.77096557617188,2084.0,0.0,1367.0,0.1232001185417175,100.0,66.31156158447266,473.0,0.0
673,0.0,1892.0,13.92923641204834,36.99,74.60159301757812,1941.0,0.0,1367.0,0.1634813249111175,100.0,66.3831558227539,444.0,0.0
674,0.0,1892.0,13.92923641204834,36.99,74.60159301757812,1941.0,0.0,1367.0,0.1634813249111175,100.0,66.3831558227539,444.0,0.0
675,0.0,1892.0,13.92923641204834,36.99,74.60159301757812,1941.0,0.0,1367.0,0.1634813249111175,100.0,66.3831558227539,444.0,0.0
676,0.0,1892.0,13.92923641204834,36.99,74.60159301757812,1941.0,0.0,1367.0,0.1634813249111175,100.0,66.3831558227539,444.0,0.0
677,0.0,1892.0,13.92923641204834,36.99,74.60159301757812,1941.0,0.0,1367.0,0.1634813249111175,100.0,66.3831558227539,444.0,0.0
678,0.0,1892.0,12.916221618652344,36.99,76.00714111328125,2066.0,0.0,1367.0,0.1006365269422531,100.0,66.24371337890625,507.0,0.0
679,0.0,1892.0,12.916221618652344,36.99,76.00714111328125,2066.0,0.0,1367.0,0.1006365269422531,100.0,66.24371337890625,507.0,0.0
680,0.0,1892.0,12.916221618652344,36.99,76.00714111328125,2066.0,0.0,1367.0,0.1006365269422531,100.0,66.24371337890625,507.0,0.0
681,0.0,1892.0,12.916221618652344,36.99,76.00714111328125,2066.0,0.0,1367.0,0.1006365269422531,100.0,66.24371337890625,507.0,0.0
682,0.0,1892.0,12.916221618652344,36.99,76.00714111328125,2066.0,0.0,1367.0,0.1006365269422531,100.0,66.24371337890625,507.0,0.0
683,0.0,1892.0,12.990185737609863,36.99,74.88499450683594,2232.0,0.0,1367.0,0.0245562754571437,100.0,65.86913299560547,500.0,0.0
684,0.0,1892.0,12.990185737609863,36.99,74.88499450683594,2232.0,0.0,1367.0,0.0245562754571437,100.0,65.86913299560547,500.0,0.0
685,0.0,1892.0,12.990185737609863,36.99,74.88499450683594,2232.0,0.0,1367.0,0.0245562754571437,100.0,65.86913299560547,500.0,0.0
686,0.0,1892.0,12.990185737609863,36.99,74.88499450683594,2232.0,0.0,1367.0,0.0245562754571437,100.0,65.86913299560547,500.0,0.0
687,0.0,1892.0,12.990185737609863,36.99,74.88499450683594,2232.0,0.0,1367.0,0.0245562754571437,100.0,65.86913299560547,500.0,0.0
688,0.0,1892.0,12.929107666015623,36.99,73.70390319824219,2178.0,0.0,1367.0,0.0227398052811622,100.0,66.33692932128906,444.0,0.0
689,0.0,1892.0,12.929107666015623,36.99,73.70390319824219,2178.0,0.0,1367.0,0.0227398052811622,100.0,66.33692932128906,444.0,0.0
690,0.0,1892.0,12.929107666015623,36.99,73.70390319824219,2178.0,0.0,1367.0,0.0227398052811622,100.0,66.33692932128906,444.0,0.0
691,0.0,1892.0,12.929107666015623,36.99,73.70390319824219,2178.0,0.0,1367.0,0.0227398052811622,100.0,66.33692932128906,444.0,0.0
692,0.0,1892.0,12.929107666015623,36.99,73.70390319824219,2178.0,0.0,1367.0,0.0227398052811622,100.0,66.33692932128906,444.0,0.0
693,0.0,1892.0,13.050555229187012,36.99,73.84115600585938,1910.0,0.0,1367.0,0.0701363012194633,100.0,66.43695068359375,468.0,0.0
694,0.0,1892.0,13.050555229187012,36.99,73.84115600585938,1910.0,0.0,1367.0,0.0701363012194633,100.0,66.43695068359375,468.0,0.0
695,0.0,1892.0,13.050555229187012,36.99,73.84115600585938,1910.0,0.0,1367.0,0.0701363012194633,100.0,66.43695068359375,468.0,0.0
696,0.0,1892.0,13.050555229187012,36.99,73.84115600585938,1910.0,0.0,1367.0,0.0701363012194633,100.0,66.43695068359375,468.0,0.0
697,0.0,1892.0,13.050555229187012,36.99,73.84115600585938,1910.0,0.0,1367.0,0.0701363012194633,100.0,66.43695068359375,468.0,0.0
698,0.0,1892.0,12.798076629638672,36.99,73.62753295898438,2199.0,0.0,1367.0,0.0213470067828893,100.0,66.4896011352539,446.0,0.0
699,0.0,1892.0,12.798076629638672,36.99,73.62753295898438,2199.0,0.0,1367.0,0.0213470067828893,100.0,66.4896011352539,446.0,0.0
700,0.0,1892.0,12.798076629638672,36.99,73.62753295898438,2199.0,0.0,1367.0,0.0213470067828893,100.0,66.4896011352539,446.0,0.0
701,0.0,1892.0,12.798076629638672,36.99,73.62753295898438,2199.0,0.0,1367.0,0.0213470067828893,100.0,66.4896011352539,446.0,0.0
702,0.0,1892.0,12.798076629638672,36.99,73.62753295898438,2199.0,0.0,1367.0,0.0213470067828893,100.0,66.4896011352539,446.0,0.0
703,0.0,1892.0,12.76511001586914,36.99,74.7917709350586,2256.0,0.0,1367.0,0.0231686010956764,100.0,66.36038208007812,444.0,0.0
704,0.0,1892.0,12.76511001586914,36.99,74.7917709350586,2256.0,0.0,1367.0,0.0231686010956764,100.0,66.36038208007812,444.0,0.0
705,0.0,1892.0,12.76511001586914,36.99,74.7917709350586,2256.0,0.0,1367.0,0.0231686010956764,100.0,66.36038208007812,444.0,0.0
706,0.0,1892.0,12.76511001586914,36.99,74.7917709350586,2256.0,0.0,1367.0,0.0231686010956764,100.0,66.36038208007812,444.0,0.0
707,0.0,1892.0,12.76511001586914,36.99,74.7917709350586,2256.0,0.0,1367.0,0.0231686010956764,100.0,66.36038208007812,444.0,0.0
708,0.0,1892.0,12.76511001586914,36.99,74.7917709350586,2256.0,0.0,1367.0,0.0231686010956764,100.0,66.36038208007812,444.0,0.0
709,0.0,1892.0,12.79000186920166,36.99,74.63831329345703,2097.0,0.0,1367.0,0.0230474434792995,100.0,66.10447692871094,444.0,0.0
710,0.0,1892.0,12.79000186920166,36.99,74.63831329345703,2097.0,0.0,1367.0,0.0230474434792995,100.0,66.10447692871094,444.0,0.0
711,0.0,1892.0,12.79000186920166,36.99,74.63831329345703,2097.0,0.0,1367.0,0.0230474434792995,100.0,66.10447692871094,444.0,0.0
712,0.0,1892.0,12.79000186920166,36.99,74.63831329345703,2097.0,0.0,1367.0,0.0230474434792995,100.0,66.10447692871094,444.0,0.0
713,0.0,1892.0,12.79000186920166,36.99,74.63831329345703,2097.0,0.0,1367.0,0.0230474434792995,100.0,66.10447692871094,444.0,0.0
714,0.0,1892.0,12.847530364990234,36.99,74.9383544921875,2241.0,0.0,1367.0,0.0205060672014951,100.0,66.12074279785156,444.0,0.0
715,0.0,1892.0,12.847530364990234,36.99,74.9383544921875,2241.0,0.0,1367.0,0.0205060672014951,100.0,66.12074279785156,444.0,0.0
716,0.0,1892.0,12.847530364990234,36.99,74.9383544921875,2241.0,0.0,1367.0,0.0205060672014951,100.0,66.12074279785156,444.0,0.0
717,0.0,1892.0,12.847530364990234,36.99,74.9383544921875,2241.0,0.0,1367.0,0.0205060672014951,100.0,66.12074279785156,444.0,0.0
718,0.0,1892.0,12.847530364990234,36.99,74.9383544921875,2241.0,0.0,1367.0,0.0205060672014951,100.0,66.12074279785156,444.0,0.0
719,0.0,1892.0,13.09303092956543,36.99,75.24253845214844,2288.0,0.0,1367.0,0.0217261724174022,100.0,66.06660461425781,444.0,0.0
720,0.0,1892.0,13.09303092956543,36.99,75.24253845214844,2288.0,0.0,1367.0,0.0217261724174022,100.0,66.06660461425781,444.0,0.0
721,0.0,1892.0,13.09303092956543,36.99,75.24253845214844,2288.0,0.0,1367.0,0.0217261724174022,100.0,66.06660461425781,444.0,0.0
722,0.0,1892.0,13.09303092956543,36.99,75.24253845214844,2288.0,0.0,1367.0,0.0217261724174022,100.0,66.06660461425781,444.0,0.0
723,0.0,1892.0,13.09303092956543,36.99,75.24253845214844,2288.0,0.0,1367.0,0.0217261724174022,100.0,66.06660461425781,444.0,0.0
724,0.0,1892.0,12.927173614501951,36.99,75.01295471191406,2254.0,0.0,1367.0,0.0216415915638208,100.0,66.02935791015625,460.0,0.0
725,0.0,1892.0,12.927173614501951,36.99,75.01295471191406,2254.0,0.0,1367.0,0.0216415915638208,100.0,66.02935791015625,460.0,0.0
726,0.0,1892.0,12.927173614501951,36.99,75.01295471191406,2254.0,0.0,1367.0,0.0216415915638208,100.0,66.02935791015625,460.0,0.0
727,0.0,1892.0,12.927173614501951,36.99,75.01295471191406,2254.0,0.0,1367.0,0.0216415915638208,100.0,66.02935791015625,460.0,0.0
728,0.0,1892.0,12.927173614501951,36.99,75.01295471191406,2254.0,0.0,1367.0,0.0216415915638208,100.0,66.02935791015625,460.0,0.0
729,0.0,1892.0,13.018421173095703,36.99,75.10338592529297,2150.0,0.0,1367.0,0.0221146419644355,100.0,66.07482147216797,482.0,0.0
730,0.0,1892.0,13.018421173095703,36.99,75.10338592529297,2150.0,0.0,1367.0,0.0221146419644355,100.0,66.07482147216797,482.0,0.0
731,0.0,1892.0,13.018421173095703,36.99,75.10338592529297,2150.0,0.0,1367.0,0.0221146419644355,100.0,66.07482147216797,482.0,0.0
732,0.0,1892.0,13.018421173095703,36.99,75.10338592529297,2150.0,0.0,1367.0,0.0221146419644355,100.0,66.07482147216797,482.0,0.0
733,0.0,1892.0,13.018421173095703,36.99,75.10338592529297,2150.0,0.0,1367.0,0.0221146419644355,100.0,66.07482147216797,482.0,0.0
734,0.0,1892.0,12.84675407409668,36.99,74.9626693725586,2095.0,0.0,1367.0,0.0223424546420574,100.0,66.27848052978516,459.0,0.0
735,0.0,1892.0,12.84675407409668,36.99,74.9626693725586,2095.0,0.0,1367.0,0.0223424546420574,100.0,66.27848052978516,459.0,0.0
736,0.0,1892.0,12.84675407409668,36.99,74.9626693725586,2095.0,0.0,1367.0,0.0223424546420574,100.0,66.27848052978516,459.0,0.0
737,0.0,1892.0,12.84675407409668,36.99,74.9626693725586,2095.0,0.0,1367.0,0.0223424546420574,100.0,66.27848052978516,459.0,0.0
738,0.0,1892.0,12.84675407409668,36.99,74.9626693725586,2095.0,0.0,1367.0,0.0223424546420574,100.0,66.27848052978516,459.0,0.0
739,0.0,1892.0,12.830799102783203,36.99,74.98851013183594,2098.0,0.0,1367.0,0.0212373752146959,100.0,66.10368347167969,444.0,0.0
740,0.0,1892.0,12.830799102783203,36.99,74.98851013183594,2098.0,0.0,1367.0,0.0212373752146959,100.0,66.10368347167969,444.0,0.0
741,0.0,1892.0,12.830799102783203,36.99,74.98851013183594,2098.0,0.0,1367.0,0.0212373752146959,100.0,66.10368347167969,444.0,0.0
742,0.0,1892.0,12.830799102783203,36.99,74.98851013183594,2098.0,0.0,1367.0,0.0212373752146959,100.0,66.10368347167969,444.0,0.0
743,0.0,1892.0,12.830799102783203,36.99,74.98851013183594,2098.0,0.0,1367.0,0.0212373752146959,100.0,66.10368347167969,444.0,0.0
744,0.0,1892.0,12.709367752075195,36.99,74.166015625,2182.0,0.0,1367.0,0.0209044031798839,100.0,66.2260513305664,444.0,0.0
745,0.0,1892.0,12.709367752075195,36.99,74.166015625,2182.0,0.0,1367.0,0.0209044031798839,100.0,66.2260513305664,444.0,0.0
746,0.0,1892.0,12.709367752075195,36.99,74.166015625,2182.0,0.0,1367.0,0.0209044031798839,100.0,66.2260513305664,444.0,0.0
747,0.0,1892.0,12.709367752075195,36.99,74.166015625,2182.0,0.0,1367.0,0.0209044031798839,100.0,66.2260513305664,444.0,0.0
748,0.0,1892.0,12.709367752075195,36.99,74.166015625,2182.0,0.0,1367.0,0.0209044031798839,100.0,66.2260513305664,444.0,0.0
749,0.0,1892.0,12.72731590270996,36.99,74.56417846679688,2102.0,0.0,1367.0,0.0197660010308027,100.0,66.04115295410156,444.0,0.0
750,0.0,1892.0,12.72731590270996,36.99,74.56417846679688,2102.0,0.0,1367.0,0.0197660010308027,100.0,66.04115295410156,444.0,0.0
751,0.0,1892.0,12.72731590270996,36.99,74.56417846679688,2102.0,0.0,1367.0,0.0197660010308027,100.0,66.04115295410156,444.0,0.0
752,0.0,1892.0,12.72731590270996,36.99,74.56417846679688,2102.0,0.0,1367.0,0.0197660010308027,100.0,66.04115295410156,444.0,0.0
753,0.0,1892.0,12.72731590270996,36.99,74.56417846679688,2102.0,0.0,1367.0,0.0197660010308027,100.0,66.04115295410156,444.0,0.0
754,0.0,1892.0,12.909442901611328,36.99,73.29535675048828,2105.0,0.0,1367.0,0.0231995452195405,100.0,66.43526458740234,444.0,0.0
755,0.0,1892.0,12.909442901611328,36.99,73.29535675048828,2105.0,0.0,1367.0,0.0231995452195405,100.0,66.43526458740234,444.0,0.0
756,0.0,1892.0,12.909442901611328,36.99,73.29535675048828,2105.0,0.0,1367.0,0.0231995452195405,100.0,66.43526458740234,444.0,0.0
757,0.0,1892.0,12.909442901611328,36.99,73.29535675048828,2105.0,0.0,1367.0,0.0231995452195405,100.0,66.43526458740234,444.0,0.0
758,0.0,1892.0,12.909442901611328,36.99,73.29535675048828,2105.0,0.0,1367.0,0.0231995452195405,100.0,66.43526458740234,444.0,0.0
759,0.0,1892.0,12.909442901611328,36.99,73.29535675048828,2105.0,0.0,1367.0,0.0231995452195405,100.0,66.43526458740234,444.0,0.0
760,0.0,1892.0,12.81503200531006,36.99,73.56533813476562,1974.0,0.0,1367.0,0.0217264480888843,100.0,66.44466400146484,444.0,0.0
761,0.0,1892.0,12.81503200531006,36.99,73.56533813476562,1974.0,0.0,1367.0,0.0217264480888843,100.0,66.44466400146484,444.0,0.0
762,0.0,1892.0,12.81503200531006,36.99,73.56533813476562,1974.0,0.0,1367.0,0.0217264480888843,100.0,66.44466400146484,444.0,0.0
763,0.0,1892.0,12.81503200531006,36.99,73.56533813476562,1974.0,0.0,1367.0,0.0217264480888843,100.0,66.44466400146484,444.0,0.0
764,0.0,1892.0,12.81503200531006,36.99,73.56533813476562,1974.0,0.0,1367.0,0.0217264480888843,100.0,66.44466400146484,444.0,0.0
765,0.0,1892.0,12.846878051757812,36.99,73.76608276367188,2163.0,0.0,1367.0,0.0196667686104774,100.0,66.56013488769531,444.0,0.0
766,0.0,1892.0,12.846878051757812,36.99,73.76608276367188,2163.0,0.0,1367.0,0.0196667686104774,100.0,66.56013488769531,444.0,0.0
767,0.0,1892.0,12.846878051757812,36.99,73.76608276367188,2163.0,0.0,1367.0,0.0196667686104774,100.0,66.56013488769531,444.0,0.0
768,0.0,1892.0,12.846878051757812,36.99,73.76608276367188,2163.0,0.0,1367.0,0.0196667686104774,100.0,66.56013488769531,444.0,0.0
769,0.0,1892.0,12.846878051757812,36.99,73.76608276367188,2163.0,0.0,1367.0,0.0196667686104774,100.0,66.56013488769531,444.0,0.0
770,0.0,1892.0,12.705155372619627,36.99,74.84713745117188,2174.0,0.0,1367.0,0.020644748583436,100.0,66.0854263305664,444.0,0.0
771,0.0,1892.0,12.705155372619627,36.99,74.84713745117188,2174.0,0.0,1367.0,0.020644748583436,100.0,66.0854263305664,444.0,0.0
772,0.0,1892.0,12.705155372619627,36.99,74.84713745117188,2174.0,0.0,1367.0,0.020644748583436,100.0,66.0854263305664,444.0,0.0
773,0.0,1892.0,12.705155372619627,36.99,74.84713745117188,2174.0,0.0,1367.0,0.020644748583436,100.0,66.0854263305664,444.0,0.0
774,0.0,1892.0,12.705155372619627,36.99,74.84713745117188,2174.0,0.0,1367.0,0.020644748583436,100.0,66.0854263305664,444.0,0.0
775,0.0,1892.0,12.88305950164795,36.99,74.7231216430664,2001.0,0.0,1367.0,0.0195982884615659,100.0,66.02119445800781,444.0,0.0
776,0.0,1892.0,12.88305950164795,36.99,74.7231216430664,2001.0,0.0,1367.0,0.0195982884615659,100.0,66.02119445800781,444.0,0.0
777,0.0,1892.0,12.88305950164795,36.99,74.7231216430664,2001.0,0.0,1367.0,0.0195982884615659,100.0,66.02119445800781,444.0,0.0
778,0.0,1892.0,12.88305950164795,36.99,74.7231216430664,2001.0,0.0,1367.0,0.0195982884615659,100.0,66.02119445800781,444.0,0.0
779,0.0,1892.0,12.88305950164795,36.99,74.7231216430664,2001.0,0.0,1367.0,0.0195982884615659,100.0,66.02119445800781,444.0,0.0
780,0.0,1892.0,12.917954444885254,36.99,75.20068359375,2135.0,0.0,1367.0,0.0231830663979053,100.0,65.94122314453125,444.0,0.0
781,0.0,1892.0,12.917954444885254,36.99,75.20068359375,2135.0,0.0,1367.0,0.0231830663979053,100.0,65.94122314453125,444.0,0.0
782,0.0,1892.0,12.917954444885254,36.99,75.20068359375,2135.0,0.0,1367.0,0.0231830663979053,100.0,65.94122314453125,444.0,0.0
783,0.0,1892.0,12.917954444885254,36.99,75.20068359375,2135.0,0.0,1367.0,0.0231830663979053,100.0,65.94122314453125,444.0,0.0
784,0.0,1892.0,12.917954444885254,36.99,75.20068359375,2135.0,0.0,1367.0,0.0231830663979053,100.0,65.94122314453125,444.0,0.0
785,0.0,1892.0,12.810818672180176,36.99,75.16683197021484,2038.0,0.0,1367.0,0.0201096795499324,100.0,66.15847778320312,444.0,0.0
786,0.0,1892.0,12.810818672180176,36.99,75.16683197021484,2038.0,0.0,1367.0,0.0201096795499324,100.0,66.15847778320312,444.0,0.0
787,0.0,1892.0,12.810818672180176,36.99,75.16683197021484,2038.0,0.0,1367.0,0.0201096795499324,100.0,66.15847778320312,444.0,0.0
788,0.0,1892.0,12.810818672180176,36.99,75.16683197021484,2038.0,0.0,1367.0,0.0201096795499324,100.0,66.15847778320312,444.0,0.0
789,0.0,1892.0,12.810818672180176,36.99,75.16683197021484,2038.0,0.0,1367.0,0.0201096795499324,100.0,66.15847778320312,444.0,0.0
790,0.0,1892.0,12.791465759277344,36.99,74.2939682006836,2027.0,0.0,1367.0,0.0187181159853935,100.0,65.95220184326172,444.0,0.0
791,0.0,1892.0,12.791465759277344,36.99,74.2939682006836,2027.0,0.0,1367.0,0.0187181159853935,100.0,65.95220184326172,444.0,0.0
792,0.0,1892.0,12.791465759277344,36.99,74.2939682006836,2027.0,0.0,1367.0,0.0187181159853935,100.0,65.95220184326172,444.0,0.0
793,0.0,1892.0,12.791465759277344,36.99,74.2939682006836,2027.0,0.0,1367.0,0.0187181159853935,100.0,65.95220184326172,444.0,0.0
794,0.0,1892.0,12.791465759277344,36.99,74.2939682006836,2027.0,0.0,1367.0,0.0187181159853935,100.0,65.95220184326172,444.0,0.0
795,0.0,1892.0,12.841471672058104,36.99,73.55082702636719,1997.0,0.0,1367.0,0.0233852583914995,100.0,65.88573455810547,444.0,0.0
796,0.0,1892.0,12.841471672058104,36.99,73.55082702636719,1997.0,0.0,1367.0,0.0233852583914995,100.0,65.88573455810547,444.0,0.0
797,0.0,1892.0,12.841471672058104,36.99,73.55082702636719,1997.0,0.0,1367.0,0.0233852583914995,100.0,65.88573455810547,444.0,0.0
798,0.0,1892.0,12.841471672058104,36.99,73.55082702636719,1997.0,0.0,1367.0,0.0233852583914995,100.0,65.88573455810547,444.0,0.0
799,0.0,1892.0,12.841471672058104,36.99,73.55082702636719,1997.0,0.0,1367.0,0.0233852583914995,100.0,65.88573455810547,444.0,0.0
800,0.0,1892.0,12.919840812683104,36.99,74.14273071289062,2160.0,0.0,1367.0,0.0202149860560894,100.0,65.95012664794922,444.0,0.0
801,0.0,1892.0,12.919840812683104,36.99,74.14273071289062,2160.0,0.0,1367.0,0.0202149860560894,100.0,65.95012664794922,444.0,0.0
802,0.0,1892.0,12.919840812683104,36.99,74.14273071289062,2160.0,0.0,1367.0,0.0202149860560894,100.0,65.95012664794922,444.0,0.0
803,0.0,1892.0,12.919840812683104,36.99,74.14273071289062,2160.0,0.0,1367.0,0.0202149860560894,100.0,65.95012664794922,444.0,0.0
804,0.0,1892.0,12.919840812683104,36.99,74.14273071289062,2160.0,0.0,1367.0,0.0202149860560894,100.0,65.95012664794922,444.0,0.0
805,0.0,1892.0,12.774502754211426,36.99,75.04100799560547,2198.0,0.0,1367.0,0.0216461662203073,100.0,66.17872619628906,444.0,0.0
806,0.0,1892.0,12.774502754211426,36.99,75.04100799560547,2198.0,0.0,1367.0,0.0216461662203073,100.0,66.17872619628906,444.0,0.0
807,0.0,1892.0,12.774502754211426,36.99,75.04100799560547,2198.0,0.0,1367.0,0.0216461662203073,100.0,66.17872619628906,444.0,0.0
808,0.0,1892.0,12.774502754211426,36.99,75.04100799560547,2198.0,0.0,1367.0,0.0216461662203073,100.0,66.17872619628906,444.0,0.0
809,0.0,1892.0,12.774502754211426,36.99,75.04100799560547,2198.0,0.0,1367.0,0.0216461662203073,100.0,66.17872619628906,444.0,0.0
810,0.0,1892.0,13.285319328308104,36.99,74.86036682128906,2093.0,0.0,1367.0,0.1176639348268508,100.0,66.1260986328125,456.0,0.0
811,0.0,1892.0,13.285319328308104,36.99,74.86036682128906,2093.0,0.0,1367.0,0.1176639348268508,100.0,66.1260986328125,456.0,0.0
812,0.0,1892.0,13.285319328308104,36.99,74.86036682128906,2093.0,0.0,1367.0,0.1176639348268508,100.0,66.1260986328125,456.0,0.0
813,0.0,1892.0,13.285319328308104,36.99,74.86036682128906,2093.0,0.0,1367.0,0.1176639348268508,100.0,66.1260986328125,456.0,0.0
814,0.0,1892.0,13.285319328308104,36.99,74.86036682128906,2093.0,0.0,1367.0,0.1176639348268508,100.0,66.1260986328125,456.0,0.0
815,0.0,1892.0,13.07246208190918,36.99,76.00523376464844,2233.0,0.0,1367.0,0.0390105582773685,100.0,66.35623168945312,310.0,0.0
816,0.0,1892.0,13.07246208190918,36.99,76.00523376464844,2233.0,0.0,1367.0,0.0390105582773685,100.0,66.35623168945312,310.0,0.0
817,0.0,1892.0,13.07246208190918,36.99,76.00523376464844,2233.0,0.0,1367.0,0.0390105582773685,100.0,66.35623168945312,310.0,0.0
818,0.0,1892.0,13.07246208190918,36.99,76.00523376464844,2233.0,0.0,1367.0,0.0390105582773685,100.0,66.35623168945312,310.0,0.0
819,0.0,1892.0,13.07246208190918,36.99,76.00523376464844,2233.0,0.0,1367.0,0.0390105582773685,100.0,66.35623168945312,310.0,0.0
820,0.0,1892.0,13.07246208190918,36.99,76.00523376464844,2233.0,0.0,1367.0,0.0390105582773685,100.0,66.35623168945312,310.0,0.0
821,0.0,1892.0,13.94775676727295,36.99,75.2776870727539,2199.0,0.0,1367.0,0.0730088353157043,100.0,66.28123474121094,222.0,0.0
822,0.0,1892.0,13.94775676727295,36.99,75.2776870727539,2199.0,0.0,1367.0,0.0730088353157043,100.0,66.28123474121094,222.0,0.0
823,0.0,1892.0,13.94775676727295,36.99,75.2776870727539,2199.0,0.0,1367.0,0.0730088353157043,100.0,66.28123474121094,222.0,0.0
824,0.0,1892.0,13.94775676727295,36.99,75.2776870727539,2199.0,0.0,1367.0,0.0730088353157043,100.0,66.28123474121094,222.0,0.0
825,0.0,1892.0,13.94775676727295,36.99,75.2776870727539,2199.0,0.0,1367.0,0.0730088353157043,100.0,66.28123474121094,222.0,0.0
826,0.0,1892.0,13.37403678894043,36.99,76.54291534423828,2110.0,0.0,1367.0,0.1796015501022339,100.0,66.688720703125,444.0,0.0
827,0.0,1892.0,13.37403678894043,36.99,76.54291534423828,2110.0,0.0,1367.0,0.1796015501022339,100.0,66.688720703125,444.0,0.0
828,0.0,1892.0,13.37403678894043,36.99,76.54291534423828,2110.0,0.0,1367.0,0.1796015501022339,100.0,66.688720703125,444.0,0.0
829,0.0,1892.0,13.37403678894043,36.99,76.54291534423828,2110.0,0.0,1367.0,0.1796015501022339,100.0,66.688720703125,444.0,0.0
830,0.0,1892.0,13.37403678894043,36.99,76.54291534423828,2110.0,0.0,1367.0,0.1796015501022339,100.0,66.688720703125,444.0,0.0
831,0.0,1892.0,13.141189575195312,36.99,75.146484375,2184.0,0.0,1367.0,0.0377812087535858,100.0,66.26453399658203,444.0,0.0
832,0.0,1892.0,13.141189575195312,36.99,75.146484375,2184.0,0.0,1367.0,0.0377812087535858,100.0,66.26453399658203,444.0,0.0
833,0.0,1892.0,13.141189575195312,36.99,75.146484375,2184.0,0.0,1367.0,0.0377812087535858,100.0,66.26453399658203,444.0,0.0
834,0.0,1892.0,13.141189575195312,36.99,75.146484375,2184.0,0.0,1367.0,0.0377812087535858,100.0,66.26453399658203,444.0,0.0
835,0.0,1892.0,13.141189575195312,36.99,75.146484375,2184.0,0.0,1367.0,0.0377812087535858,100.0,66.26453399658203,444.0,0.0
836,0.0,1892.0,13.246582984924316,36.99,76.42282104492188,2027.0,0.0,1367.0,0.1226229965686798,100.0,66.53510284423828,480.0,0.0
837,0.0,1892.0,13.246582984924316,36.99,76.42282104492188,2027.0,0.0,1367.0,0.1226229965686798,100.0,66.53510284423828,480.0,0.0
838,0.0,1892.0,13.246582984924316,36.99,76.42282104492188,2027.0,0.0,1367.0,0.1226229965686798,100.0,66.53510284423828,480.0,0.0
839,0.0,1892.0,13.246582984924316,36.99,76.42282104492188,2027.0,0.0,1367.0,0.1226229965686798,100.0,66.53510284423828,480.0,0.0
840,0.0,1892.0,13.246582984924316,36.99,76.42282104492188,2027.0,0.0,1367.0,0.1226229965686798,100.0,66.53510284423828,480.0,0.0
841,0.0,1892.0,13.358512878417969,36.99,75.92815399169922,2049.0,0.0,1367.0,0.0525645613670349,100.0,66.51847839355469,513.0,0.0
842,0.0,1892.0,13.358512878417969,36.99,75.92815399169922,2049.0,0.0,1367.0,0.0525645613670349,100.0,66.51847839355469,513.0,0.0
843,0.0,1892.0,13.358512878417969,36.99,75.92815399169922,2049.0,0.0,1367.0,0.0525645613670349,100.0,66.51847839355469,513.0,0.0
844,0.0,1892.0,13.358512878417969,36.99,75.92815399169922,2049.0,0.0,1367.0,0.0525645613670349,100.0,66.51847839355469,513.0,0.0
845,0.0,1892.0,13.358512878417969,36.99,75.92815399169922,2049.0,0.0,1367.0,0.0525645613670349,100.0,66.51847839355469,513.0,0.0
846,0.0,1892.0,12.73960781097412,36.99,74.97872924804688,1995.0,0.0,1367.0,0.0319113060832023,100.0,66.66988372802734,444.0,0.0
847,0.0,1892.0,12.73960781097412,36.99,74.97872924804688,1995.0,0.0,1367.0,0.0319113060832023,100.0,66.66988372802734,444.0,0.0
848,0.0,1892.0,12.73960781097412,36.99,74.97872924804688,1995.0,0.0,1367.0,0.0319113060832023,100.0,66.66988372802734,444.0,0.0
849,0.0,1892.0,12.73960781097412,36.99,74.97872924804688,1995.0,0.0,1367.0,0.0319113060832023,100.0,66.66988372802734,444.0,0.0
850,0.0,1892.0,12.73960781097412,36.99,74.97872924804688,1995.0,0.0,1367.0,0.0319113060832023,100.0,66.66988372802734,444.0,0.0
851,0.0,1892.0,12.73277473449707,36.99,74.9364013671875,1801.0,0.0,1367.0,0.0340902395546436,100.0,66.49839782714844,444.0,0.0
852,0.0,1892.0,12.73277473449707,36.99,74.9364013671875,1801.0,0.0,1367.0,0.0340902395546436,100.0,66.49839782714844,444.0,0.0
853,0.0,1892.0,12.73277473449707,36.99,74.9364013671875,1801.0,0.0,1367.0,0.0340902395546436,100.0,66.49839782714844,444.0,0.0
854,0.0,1892.0,12.73277473449707,36.99,74.9364013671875,1801.0,0.0,1367.0,0.0340902395546436,100.0,66.49839782714844,444.0,0.0
855,0.0,1892.0,12.73277473449707,36.99,74.9364013671875,1801.0,0.0,1367.0,0.0340902395546436,100.0,66.49839782714844,444.0,0.0
856,0.0,1892.0,12.938806533813477,36.99,75.7286376953125,1940.0,0.0,1367.0,0.0356700494885444,100.0,66.56391143798828,444.0,0.0
857,0.0,1892.0,12.938806533813477,36.99,75.7286376953125,1940.0,0.0,1367.0,0.0356700494885444,100.0,66.56391143798828,444.0,0.0
858,0.0,1892.0,12.938806533813477,36.99,75.7286376953125,1940.0,0.0,1367.0,0.0356700494885444,100.0,66.56391143798828,444.0,0.0
859,0.0,1892.0,12.938806533813477,36.99,75.7286376953125,1940.0,0.0,1367.0,0.0356700494885444,100.0,66.56391143798828,444.0,0.0
860,0.0,1892.0,12.938806533813477,36.99,75.7286376953125,1940.0,0.0,1367.0,0.0356700494885444,100.0,66.56391143798828,444.0,0.0
861,0.0,1892.0,12.822078704833984,36.99,74.83927154541016,2041.0,0.0,1367.0,0.0408531501889228,100.0,66.56462097167969,444.0,0.0
862,0.0,1892.0,12.822078704833984,36.99,74.83927154541016,2041.0,0.0,1367.0,0.0408531501889228,100.0,66.56462097167969,444.0,0.0
863,0.0,1892.0,12.822078704833984,36.99,74.83927154541016,2041.0,0.0,1367.0,0.0408531501889228,100.0,66.56462097167969,444.0,0.0
864,0.0,1892.0,12.822078704833984,36.99,74.83927154541016,2041.0,0.0,1367.0,0.0408531501889228,100.0,66.56462097167969,444.0,0.0
865,0.0,1892.0,12.822078704833984,36.99,74.83927154541016,2041.0,0.0,1367.0,0.0408531501889228,100.0,66.56462097167969,444.0,0.0
866,0.0,1892.0,14.246696472167969,36.99,76.73705291748047,1515.0,0.0,1367.0,0.3173808157444,100.0,66.65242767333984,469.0,0.0
867,0.0,1892.0,14.246696472167969,36.99,76.73705291748047,1515.0,0.0,1367.0,0.3173808157444,100.0,66.65242767333984,469.0,0.0
868,0.0,1892.0,14.246696472167969,36.99,76.73705291748047,1515.0,0.0,1367.0,0.3173808157444,100.0,66.65242767333984,469.0,0.0
869,0.0,1892.0,14.246696472167969,36.99,76.73705291748047,1515.0,0.0,1367.0,0.3173808157444,100.0,66.65242767333984,469.0,0.0
870,0.0,1892.0,14.246696472167969,36.99,76.73705291748047,1515.0,0.0,1367.0,0.3173808157444,100.0,66.65242767333984,469.0,0.0
871,0.0,1892.0,14.246696472167969,36.99,76.73705291748047,1515.0,0.0,1367.0,0.3173808157444,100.0,66.65242767333984,469.0,0.0
872,0.0,1892.0,13.91153049468994,36.99,77.3598403930664,1296.0,0.0,1367.0,0.0838247835636138,100.0,66.73786163330078,444.0,0.0
873,0.0,1892.0,13.91153049468994,36.99,77.3598403930664,1296.0,0.0,1367.0,0.0838247835636138,100.0,66.73786163330078,444.0,0.0
874,0.0,1892.0,13.91153049468994,36.99,77.3598403930664,1296.0,0.0,1367.0,0.0838247835636138,100.0,66.73786163330078,444.0,0.0
875,0.0,1892.0,13.91153049468994,36.99,77.3598403930664,1296.0,0.0,1367.0,0.0838247835636138,100.0,66.73786163330078,444.0,0.0
876,0.0,1892.0,13.91153049468994,36.99,77.3598403930664,1296.0,0.0,1367.0,0.0838247835636138,100.0,66.73786163330078,444.0,0.0
877,0.0,1892.0,14.357414245605469,36.99,77.24502563476562,1828.0,0.0,1367.0,0.0407091788947582,100.0,66.78968048095703,444.0,0.0
878,0.0,1892.0,14.357414245605469,36.99,77.24502563476562,1828.0,0.0,1367.0,0.0407091788947582,100.0,66.78968048095703,444.0,0.0
879,0.0,1892.0,14.357414245605469,36.99,77.24502563476562,1828.0,0.0,1367.0,0.0407091788947582,100.0,66.78968048095703,444.0,0.0
880,0.0,1892.0,14.357414245605469,36.99,77.24502563476562,1828.0,0.0,1367.0,0.0407091788947582,100.0,66.78968048095703,444.0,0.0
881,0.0,1892.0,14.357414245605469,36.99,77.24502563476562,1828.0,0.0,1367.0,0.0407091788947582,100.0,66.78968048095703,444.0,0.0
882,0.0,1892.0,15.603191375732422,36.99,78.09709167480469,2378.0,0.0,1367.0,0.0523824281990528,100.0,66.94383239746094,444.0,0.0
883,0.0,1892.0,15.603191375732422,36.99,78.09709167480469,2378.0,0.0,1367.0,0.0523824281990528,100.0,66.94383239746094,444.0,0.0
884,0.0,1892.0,15.603191375732422,36.99,78.09709167480469,2378.0,0.0,1367.0,0.0523824281990528,100.0,66.94383239746094,444.0,0.0
885,0.0,1892.0,15.603191375732422,36.99,78.09709167480469,2378.0,0.0,1367.0,0.0523824281990528,100.0,66.94383239746094,444.0,0.0
886,0.0,1892.0,15.603191375732422,36.99,78.09709167480469,2378.0,0.0,1367.0,0.0523824281990528,100.0,66.94383239746094,444.0,0.0
887,0.0,1892.0,15.949989318847656,36.99,78.49942016601562,2417.0,0.0,1367.0,0.0420060940086841,100.0,66.96549224853516,517.0,0.0
888,0.0,1892.0,15.949989318847656,36.99,78.49942016601562,2417.0,0.0,1367.0,0.0420060940086841,100.0,66.96549224853516,517.0,0.0
889,0.0,1892.0,15.949989318847656,36.99,78.49942016601562,2417.0,0.0,1367.0,0.0420060940086841,100.0,66.96549224853516,517.0,0.0
890,0.0,1892.0,15.949989318847656,36.99,78.49942016601562,2417.0,0.0,1367.0,0.0420060940086841,100.0,66.96549224853516,517.0,0.0
891,0.0,1892.0,15.949989318847656,36.99,78.49942016601562,2417.0,0.0,1367.0,0.0420060940086841,100.0,66.96549224853516,517.0,0.0
892,0.0,1892.0,15.932538986206056,36.99,77.73079681396484,2270.0,0.0,1367.0,0.0547251477837562,100.0,66.96902465820312,533.0,0.0
893,0.0,1892.0,15.932538986206056,36.99,77.73079681396484,2270.0,0.0,1367.0,0.0547251477837562,100.0,66.96902465820312,533.0,0.0
894,0.0,1892.0,15.932538986206056,36.99,77.73079681396484,2270.0,0.0,1367.0,0.0547251477837562,100.0,66.96902465820312,533.0,0.0
895,0.0,1892.0,15.932538986206056,36.99,77.73079681396484,2270.0,0.0,1367.0,0.0547251477837562,100.0,66.96902465820312,533.0,0.0
896,0.0,1892.0,15.932538986206056,36.99,77.73079681396484,2270.0,0.0,1367.0,0.0547251477837562,100.0,66.96902465820312,533.0,0.0
897,0.0,1892.0,14.700860977172852,36.99,77.98491668701172,1813.0,0.0,1367.0,0.0949408337473869,100.0,67.14546203613281,471.0,0.0
898,0.0,1892.0,14.700860977172852,36.99,77.98491668701172,1813.0,0.0,1367.0,0.0949408337473869,100.0,67.14546203613281,471.0,0.0
899,0.0,1892.0,14.700860977172852,36.99,77.98491668701172,1813.0,0.0,1367.0,0.0949408337473869,100.0,67.14546203613281,471.0,0.0
900,0.0,1892.0,14.700860977172852,36.99,77.98491668701172,1813.0,0.0,1367.0,0.0949408337473869,100.0,67.14546203613281,471.0,0.0
901,0.0,1892.0,14.700860977172852,36.99,77.98491668701172,1813.0,0.0,1367.0,0.0949408337473869,100.0,67.14546203613281,471.0,0.0
902,0.0,1892.0,14.02936840057373,36.99,78.109375,1838.0,0.0,1367.0,0.0527362748980522,100.0,67.20732116699219,444.0,0.0
903,0.0,1892.0,14.02936840057373,36.99,78.109375,1838.0,0.0,1367.0,0.0527362748980522,100.0,67.20732116699219,444.0,0.0
904,0.0,1892.0,14.02936840057373,36.99,78.109375,1838.0,0.0,1367.0,0.0527362748980522,100.0,67.20732116699219,444.0,0.0
905,0.0,1892.0,14.02936840057373,36.99,78.109375,1838.0,0.0,1367.0,0.0527362748980522,100.0,67.20732116699219,444.0,0.0
906,0.0,1892.0,14.02936840057373,36.99,78.109375,1838.0,0.0,1367.0,0.0527362748980522,100.0,67.20732116699219,444.0,0.0
907,0.0,1892.0,14.182279586791992,36.99,77.34765625,1583.0,0.0,1367.0,0.0510956570506095,100.0,67.17143249511719,507.0,0.0
908,0.0,1892.0,14.182279586791992,36.99,77.34765625,1583.0,0.0,1367.0,0.0510956570506095,100.0,67.17143249511719,507.0,0.0
909,0.0,1892.0,14.182279586791992,36.99,77.34765625,1583.0,0.0,1367.0,0.0510956570506095,100.0,67.17143249511719,507.0,0.0
910,0.0,1892.0,14.182279586791992,36.99,77.34765625,1583.0,0.0,1367.0,0.0510956570506095,100.0,67.17143249511719,507.0,0.0
911,0.0,1892.0,14.182279586791992,36.99,77.34765625,1583.0,0.0,1367.0,0.0510956570506095,100.0,67.17143249511719,507.0,0.0
912,0.0,1892.0,13.265111923217772,36.99,77.81849670410156,1521.0,0.0,1367.0,0.0176587048918008,100.0,67.20044708251953,333.0,0.0
913,0.0,1892.0,13.265111923217772,36.99,77.81849670410156,1521.0,0.0,1367.0,0.0176587048918008,100.0,67.20044708251953,333.0,0.0
914,0.0,1892.0,13.265111923217772,36.99,77.81849670410156,1521.0,0.0,1367.0,0.0176587048918008,100.0,67.20044708251953,333.0,0.0
915,0.0,1892.0,13.265111923217772,36.99,77.81849670410156,1521.0,0.0,1367.0,0.0176587048918008,100.0,67.20044708251953,333.0,0.0
916,0.0,1892.0,13.265111923217772,36.99,77.81849670410156,1521.0,0.0,1367.0,0.0176587048918008,100.0,67.20044708251953,333.0,0.0
917,0.0,1892.0,13.84027862548828,36.99,77.15995788574219,1641.0,0.0,1367.0,0.045597668737173,100.0,67.23963165283203,456.0,0.0
918,0.0,1892.0,13.84027862548828,36.99,77.15995788574219,1641.0,0.0,1367.0,0.045597668737173,100.0,67.23963165283203,456.0,0.0
919,0.0,1892.0,13.84027862548828,36.99,77.15995788574219,1641.0,0.0,1367.0,0.045597668737173,100.0,67.23963165283203,456.0,0.0
920,0.0,1892.0,13.84027862548828,36.99,77.15995788574219,1641.0,0.0,1367.0,0.045597668737173,100.0,67.23963165283203,456.0,0.0
921,0.0,1892.0,13.84027862548828,36.99,77.15995788574219,1641.0,0.0,1367.0,0.045597668737173,100.0,67.23963165283203,456.0,0.0
922,0.0,1892.0,13.84027862548828,36.99,77.15995788574219,1641.0,0.0,1367.0,0.045597668737173,100.0,67.23963165283203,456.0,0.0
923,0.0,1892.0,13.756824493408203,36.99,77.7469711303711,1659.0,0.0,1367.0,0.0634770989418029,100.0,67.15809631347656,491.0,0.0
924,0.0,1892.0,13.756824493408203,36.99,77.7469711303711,1659.0,0.0,1367.0,0.0634770989418029,100.0,67.15809631347656,491.0,0.0
925,0.0,1892.0,13.756824493408203,36.99,77.7469711303711,1659.0,0.0,1367.0,0.0634770989418029,100.0,67.15809631347656,491.0,0.0
926,0.0,1892.0,13.756824493408203,36.99,77.7469711303711,1659.0,0.0,1367.0,0.0634770989418029,100.0,67.15809631347656,491.0,0.0
927,0.0,1892.0,13.756824493408203,36.99,77.7469711303711,1659.0,0.0,1367.0,0.0634770989418029,100.0,67.15809631347656,491.0,0.0
928,0.0,1892.0,13.884737014770508,36.99,77.66261291503906,1430.0,0.0,1367.0,0.0412615127861499,100.0,67.21977233886719,444.0,0.0
929,0.0,1892.0,13.884737014770508,36.99,77.66261291503906,1430.0,0.0,1367.0,0.0412615127861499,100.0,67.21977233886719,444.0,0.0
930,0.0,1892.0,13.884737014770508,36.99,77.66261291503906,1430.0,0.0,1367.0,0.0412615127861499,100.0,67.21977233886719,444.0,0.0
931,0.0,1892.0,13.884737014770508,36.99,77.66261291503906,1430.0,0.0,1367.0,0.0412615127861499,100.0,67.21977233886719,444.0,0.0
932,0.0,1892.0,13.884737014770508,36.99,77.66261291503906,1430.0,0.0,1367.0,0.0412615127861499,100.0,67.21977233886719,444.0,0.0
933,0.0,1892.0,13.398653030395508,36.99,77.21295928955078,1902.0,0.0,1367.0,0.0332670509815216,100.0,67.2325439453125,378.0,0.0
934,0.0,1892.0,13.398653030395508,36.99,77.21295928955078,1902.0,0.0,1367.0,0.0332670509815216,100.0,67.2325439453125,378.0,0.0
935,0.0,1892.0,13.398653030395508,36.99,77.21295928955078,1902.0,0.0,1367.0,0.0332670509815216,100.0,67.2325439453125,378.0,0.0
936,0.0,1892.0,13.398653030395508,36.99,77.21295928955078,1902.0,0.0,1367.0,0.0332670509815216,100.0,67.2325439453125,378.0,0.0
937,0.0,1892.0,13.398653030395508,36.99,77.21295928955078,1902.0,0.0,1367.0,0.0332670509815216,100.0,67.2325439453125,378.0,0.0
938,0.0,1892.0,12.981224060058594,36.99,77.00067138671875,1472.0,0.0,1367.0,0.0188486669212579,100.0,67.427490234375,264.0,0.0
939,0.0,1892.0,12.981224060058594,36.99,77.00067138671875,1472.0,0.0,1367.0,0.0188486669212579,100.0,67.427490234375,264.0,0.0
940,0.0,1892.0,12.981224060058594,36.99,77.00067138671875,1472.0,0.0,1367.0,0.0188486669212579,100.0,67.427490234375,264.0,0.0
941,0.0,1892.0,12.981224060058594,36.99,77.00067138671875,1472.0,0.0,1367.0,0.0188486669212579,100.0,67.427490234375,264.0,0.0
942,0.0,1892.0,12.981224060058594,36.99,77.00067138671875,1472.0,0.0,1367.0,0.0188486669212579,100.0,67.427490234375,264.0,0.0
943,0.0,1892.0,13.03697109222412,36.99,76.62821197509766,1314.0,0.0,1367.0,0.0055770589970052,100.0,67.33573913574219,111.0,0.0
944,0.0,1892.0,13.03697109222412,36.99,76.62821197509766,1314.0,0.0,1367.0,0.0055770589970052,100.0,67.33573913574219,111.0,0.0
945,0.0,1892.0,13.03697109222412,36.99,76.62821197509766,1314.0,0.0,1367.0,0.0055770589970052,100.0,67.33573913574219,111.0,0.0
946,0.0,1892.0,13.03697109222412,36.99,76.62821197509766,1314.0,0.0,1367.0,0.0055770589970052,100.0,67.33573913574219,111.0,0.0
947,0.0,1892.0,13.03697109222412,36.99,76.62821197509766,1314.0,0.0,1367.0,0.0055770589970052,100.0,67.33573913574219,111.0,0.0
948,0.0,1892.0,13.05974006652832,36.99,76.04814910888672,1675.0,0.0,1367.0,0.0281403623521327,100.0,66.92015838623047,536.0,0.0
949,0.0,1892.0,13.05974006652832,36.99,76.04814910888672,1675.0,0.0,1367.0,0.0281403623521327,100.0,66.92015838623047,536.0,0.0
950,0.0,1892.0,13.05974006652832,36.99,76.04814910888672,1675.0,0.0,1367.0,0.0281403623521327,100.0,66.92015838623047,536.0,0.0
951,0.0,1892.0,13.05974006652832,36.99,76.04814910888672,1675.0,0.0,1367.0,0.0281403623521327,100.0,66.92015838623047,536.0,0.0
952,0.0,1892.0,13.05974006652832,36.99,76.04814910888672,1675.0,0.0,1367.0,0.0281403623521327,100.0,66.92015838623047,536.0,0.0
953,0.0,1892.0,13.33096694946289,36.99,76.90172576904297,1620.0,0.0,1367.0,0.0544956028461456,100.0,67.19664001464844,444.0,0.0
954,0.0,1892.0,13.33096694946289,36.99,76.90172576904297,1620.0,0.0,1367.0,0.0544956028461456,100.0,67.19664001464844,444.0,0.0
955,0.0,1892.0,13.33096694946289,36.99,76.90172576904297,1620.0,0.0,1367.0,0.0544956028461456,100.0,67.19664001464844,444.0,0.0
956,0.0,1892.0,13.33096694946289,36.99,76.90172576904297,1620.0,0.0,1367.0,0.0544956028461456,100.0,67.19664001464844,444.0,0.0
957,0.0,1892.0,13.33096694946289,36.99,76.90172576904297,1620.0,0.0,1367.0,0.0544956028461456,100.0,67.19664001464844,444.0,0.0
958,0.0,1892.0,13.420591354370115,36.99,77.07476043701172,1343.0,0.0,1367.0,0.0466151498258113,100.0,67.26390838623047,524.0,0.0
959,0.0,1892.0,13.420591354370115,36.99,77.07476043701172,1343.0,0.0,1367.0,0.0466151498258113,100.0,67.26390838623047,524.0,0.0
960,0.0,1892.0,13.420591354370115,36.99,77.07476043701172,1343.0,0.0,1367.0,0.0466151498258113,100.0,67.26390838623047,524.0,0.0
961,0.0,1892.0,13.420591354370115,36.99,77.07476043701172,1343.0,0.0,1367.0,0.0466151498258113,100.0,67.26390838623047,524.0,0.0
962,0.0,1892.0,13.420591354370115,36.99,77.07476043701172,1343.0,0.0,1367.0,0.0466151498258113,100.0,67.26390838623047,524.0,0.0
963,0.0,1892.0,13.315225601196287,36.99,77.28932189941406,1554.0,0.0,1367.0,0.0213879961520433,100.0,67.10556030273438,444.0,0.0
964,0.0,1892.0,13.315225601196287,36.99,77.28932189941406,1554.0,0.0,1367.0,0.0213879961520433,100.0,67.10556030273438,444.0,0.0
965,0.0,1892.0,13.315225601196287,36.99,77.28932189941406,1554.0,0.0,1367.0,0.0213879961520433,100.0,67.10556030273438,444.0,0.0
966,0.0,1892.0,13.315225601196287,36.99,77.28932189941406,1554.0,0.0,1367.0,0.0213879961520433,100.0,67.10556030273438,444.0,0.0
967,0.0,1892.0,13.315225601196287,36.99,77.28932189941406,1554.0,0.0,1367.0,0.0213879961520433,100.0,67.10556030273438,444.0,0.0
968,0.0,1892.0,13.315225601196287,36.99,77.28932189941406,1554.0,0.0,1367.0,0.0213879961520433,100.0,67.10556030273438,444.0,0.0
969,0.0,1892.0,13.7445068359375,36.99,77.43431854248047,1447.0,0.0,1367.0,0.040269486606121,100.0,67.18840026855469,333.0,0.0
970,0.0,1892.0,13.7445068359375,36.99,77.43431854248047,1447.0,0.0,1367.0,0.040269486606121,100.0,67.18840026855469,333.0,0.0
971,0.0,1892.0,13.7445068359375,36.99,77.43431854248047,1447.0,0.0,1367.0,0.040269486606121,100.0,67.18840026855469,333.0,0.0
972,0.0,1892.0,13.7445068359375,36.99,77.43431854248047,1447.0,0.0,1367.0,0.040269486606121,100.0,67.18840026855469,333.0,0.0
973,0.0,1892.0,13.7445068359375,36.99,77.43431854248047,1447.0,0.0,1367.0,0.040269486606121,100.0,67.18840026855469,333.0,0.0
974,0.0,1892.0,13.605657577514648,36.99,77.71395874023438,1577.0,0.0,1367.0,0.0553396381437778,100.0,67.23786926269531,444.0,0.0
975,0.0,1892.0,13.605657577514648,36.99,77.71395874023438,1577.0,0.0,1367.0,0.0553396381437778,100.0,67.23786926269531,444.0,0.0
976,0.0,1892.0,13.605657577514648,36.99,77.71395874023438,1577.0,0.0,1367.0,0.0553396381437778,100.0,67.23786926269531,444.0,0.0
977,0.0,1892.0,13.605657577514648,36.99,77.71395874023438,1577.0,0.0,1367.0,0.0553396381437778,100.0,67.23786926269531,444.0,0.0
978,0.0,1892.0,13.605657577514648,36.99,77.71395874023438,1577.0,0.0,1367.0,0.0553396381437778,100.0,67.23786926269531,444.0,0.0
979,0.0,1892.0,13.424901962280272,36.99,77.09005737304688,1616.0,0.0,1367.0,0.0434733740985393,100.0,67.23429107666016,444.0,0.0
980,0.0,1892.0,13.424901962280272,36.99,77.09005737304688,1616.0,0.0,1367.0,0.0434733740985393,100.0,67.23429107666016,444.0,0.0
981,0.0,1892.0,13.424901962280272,36.99,77.09005737304688,1616.0,0.0,1367.0,0.0434733740985393,100.0,67.23429107666016,444.0,0.0
982,0.0,1892.0,13.424901962280272,36.99,77.09005737304688,1616.0,0.0,1367.0,0.0434733740985393,100.0,67.23429107666016,444.0,0.0
983,0.0,1892.0,13.424901962280272,36.99,77.09005737304688,1616.0,0.0,1367.0,0.0434733740985393,100.0,67.23429107666016,444.0,0.0
984,0.0,1892.0,13.885957717895508,36.99,77.34644317626953,1995.0,0.0,1367.0,0.070667490363121,100.0,67.20913696289062,444.0,0.0
985,0.0,1892.0,13.885957717895508,36.99,77.34644317626953,1995.0,0.0,1367.0,0.070667490363121,100.0,67.20913696289062,444.0,0.0
986,0.0,1892.0,13.885957717895508,36.99,77.34644317626953,1995.0,0.0,1367.0,0.070667490363121,100.0,67.20913696289062,444.0,0.0
987,0.0,1892.0,13.885957717895508,36.99,77.34644317626953,1995.0,0.0,1367.0,0.070667490363121,100.0,67.20913696289062,444.0,0.0
988,0.0,1892.0,13.885957717895508,36.99,77.34644317626953,1995.0,0.0,1367.0,0.070667490363121,100.0,67.20913696289062,444.0,0.0
989,0.0,1892.0,14.141853332519531,36.99,78.16184997558594,1965.0,0.0,1367.0,0.046078585088253,100.0,67.28489685058594,536.0,0.0
990,0.0,1892.0,14.141853332519531,36.99,78.16184997558594,1965.0,0.0,1367.0,0.046078585088253,100.0,67.28489685058594,536.0,0.0
991,0.0,1892.0,14.141853332519531,36.99,78.16184997558594,1965.0,0.0,1367.0,0.046078585088253,100.0,67.28489685058594,536.0,0.0
992,0.0,1892.0,14.141853332519531,36.99,78.16184997558594,1965.0,0.0,1367.0,0.046078585088253,100.0,67.28489685058594,536.0,0.0
993,0.0,1892.0,14.141853332519531,36.99,78.16184997558594,1965.0,0.0,1367.0,0.046078585088253,100.0,67.28489685058594,536.0,0.0
994,0.0,1892.0,13.955914497375488,36.99,77.95287322998047,1911.0,0.0,1367.0,0.042483951896429,100.0,67.40735626220703,484.0,0.0
995,0.0,1892.0,13.955914497375488,36.99,77.95287322998047,1911.0,0.0,1367.0,0.042483951896429,100.0,67.40735626220703,484.0,0.0
996,0.0,1892.0,13.955914497375488,36.99,77.95287322998047,1911.0,0.0,1367.0,0.042483951896429,100.0,67.40735626220703,484.0,0.0
997,0.0,1892.0,13.955914497375488,36.99,77.95287322998047,1911.0,0.0,1367.0,0.042483951896429,100.0,67.40735626220703,484.0,0.0
998,0.0,1892.0,13.955914497375488,36.99,77.95287322998047,1911.0,0.0,1367.0,0.042483951896429,100.0,67.40735626220703,484.0,0.0
999,0.0,1892.0,13.799193382263184,36.99,78.11884307861328,1600.0,0.0,1367.0,0.026553601026535,100.0,67.38263702392578,343.0,0.0
1000,0.0,1892.0,13.799193382263184,36.99,78.11884307861328,1600.0,0.0,1367.0,0.026553601026535,100.0,67.38263702392578,343.0,0.0
1001,0.0,1892.0,13.799193382263184,36.99,78.11884307861328,1600.0,0.0,1367.0,0.026553601026535,100.0,67.38263702392578,343.0,0.0
1002,0.0,1892.0,13.799193382263184,36.99,78.11884307861328,1600.0,0.0,1367.0,0.026553601026535,100.0,67.38263702392578,343.0,0.0
1003,0.0,1892.0,13.799193382263184,36.99,78.11884307861328,1600.0,0.0,1367.0,0.026553601026535,100.0,67.38263702392578,343.0,0.0
1004,0.0,1892.0,13.902843475341797,36.99,77.59744262695312,1315.0,0.0,1367.0,0.0668547078967094,100.0,67.34811401367188,473.0,0.0
1005,0.0,1892.0,13.902843475341797,36.99,77.59744262695312,1315.0,0.0,1367.0,0.0668547078967094,100.0,67.34811401367188,473.0,0.0
1006,0.0,1892.0,13.902843475341797,36.99,77.59744262695312,1315.0,0.0,1367.0,0.0668547078967094,100.0,67.34811401367188,473.0,0.0
1007,0.0,1892.0,13.902843475341797,36.99,77.59744262695312,1315.0,0.0,1367.0,0.0668547078967094,100.0,67.34811401367188,473.0,0.0
1008,0.0,1892.0,13.902843475341797,36.99,77.59744262695312,1315.0,0.0,1367.0,0.0668547078967094,100.0,67.34811401367188,473.0,0.0
1009,0.0,1892.0,13.811023712158203,36.99,78.01367950439453,1962.0,0.0,1367.0,0.0465957447886467,100.0,67.38919830322266,506.0,0.0
1010,0.0,1892.0,13.811023712158203,36.99,78.01367950439453,1962.0,0.0,1367.0,0.0465957447886467,100.0,67.38919830322266,506.0,0.0
1011,0.0,1892.0,13.811023712158203,36.99,78.01367950439453,1962.0,0.0,1367.0,0.0465957447886467,100.0,67.38919830322266,506.0,0.0
1012,0.0,1892.0,13.811023712158203,36.99,78.01367950439453,1962.0,0.0,1367.0,0.0465957447886467,100.0,67.38919830322266,506.0,0.0
1013,0.0,1892.0,13.811023712158203,36.99,78.01367950439453,1962.0,0.0,1367.0,0.0465957447886467,100.0,67.38919830322266,506.0,0.0
1014,0.0,1892.0,13.671911239624023,36.99,78.1724624633789,1955.0,0.0,1367.0,0.0475559160113334,100.0,67.40226745605469,484.0,0.0
1015,0.0,1892.0,13.671911239624023,36.99,78.1724624633789,1955.0,0.0,1367.0,0.0475559160113334,100.0,67.40226745605469,484.0,0.0
1016,0.0,1892.0,13.671911239624023,36.99,78.1724624633789,1955.0,0.0,1367.0,0.0475559160113334,100.0,67.40226745605469,484.0,0.0
1017,0.0,1892.0,13.671911239624023,36.99,78.1724624633789,1955.0,0.0,1367.0,0.0475559160113334,100.0,67.40226745605469,484.0,0.0
1018,0.0,1892.0,13.671911239624023,36.99,78.1724624633789,1955.0,0.0,1367.0,0.0475559160113334,100.0,67.40226745605469,484.0,0.0
1019,0.0,1892.0,13.95826530456543,36.99,77.4439926147461,1648.0,0.0,1367.0,0.0491650514304637,100.0,67.41251373291016,494.0,0.0
1020,0.0,1892.0,13.95826530456543,36.99,77.4439926147461,1648.0,0.0,1367.0,0.0491650514304637,100.0,67.41251373291016,494.0,0.0
1021,0.0,1892.0,13.95826530456543,36.99,77.4439926147461,1648.0,0.0,1367.0,0.0491650514304637,100.0,67.41251373291016,494.0,0.0
1022,0.0,1892.0,13.95826530456543,36.99,77.4439926147461,1648.0,0.0,1367.0,0.0491650514304637,100.0,67.41251373291016,494.0,0.0
1023,0.0,1892.0,13.95826530456543,36.99,77.4439926147461,1648.0,0.0,1367.0,0.0491650514304637,100.0,67.41251373291016,494.0,0.0
1024,0.0,1892.0,13.95826530456543,36.99,77.4439926147461,1648.0,0.0,1367.0,0.0491650514304637,100.0,67.41251373291016,494.0,0.0
1025,0.0,1892.0,14.152510643005373,36.99,77.65613555908203,1820.0,0.0,1367.0,0.0480917990207672,100.0,67.39097595214844,504.0,0.0
1026,0.0,1892.0,14.152510643005373,36.99,77.65613555908203,1820.0,0.0,1367.0,0.0480917990207672,100.0,67.39097595214844,504.0,0.0
1027,0.0,1892.0,14.152510643005373,36.99,77.65613555908203,1820.0,0.0,1367.0,0.0480917990207672,100.0,67.39097595214844,504.0,0.0
1028,0.0,1892.0,14.152510643005373,36.99,77.65613555908203,1820.0,0.0,1367.0,0.0480917990207672,100.0,67.39097595214844,504.0,0.0
1029,0.0,1892.0,14.152510643005373,36.99,77.65613555908203,1820.0,0.0,1367.0,0.0480917990207672,100.0,67.39097595214844,504.0,0.0
1030,0.0,1892.0,14.135797500610352,36.99,78.06767272949219,1878.0,0.0,1367.0,0.0503671579062938,100.0,67.50005340576172,473.0,0.0
1031,0.0,1892.0,14.135797500610352,36.99,78.06767272949219,1878.0,0.0,1367.0,0.0503671579062938,100.0,67.50005340576172,473.0,0.0
1032,0.0,1892.0,14.135797500610352,36.99,78.06767272949219,1878.0,0.0,1367.0,0.0503671579062938,100.0,67.50005340576172,473.0,0.0
1033,0.0,1892.0,14.135797500610352,36.99,78.06767272949219,1878.0,0.0,1367.0,0.0503671579062938,100.0,67.50005340576172,473.0,0.0
1034,0.0,1892.0,14.135797500610352,36.99,78.06767272949219,1878.0,0.0,1367.0,0.0503671579062938,100.0,67.50005340576172,473.0,0.0
1035,0.0,1892.0,14.139312744140623,36.99,78.33037567138672,1994.0,0.0,1367.0,0.0415560752153396,100.0,67.68817138671875,508.0,0.0
1036,0.0,1892.0,14.139312744140623,36.99,78.33037567138672,1994.0,0.0,1367.0,0.0415560752153396,100.0,67.68817138671875,508.0,0.0
1037,0.0,1892.0,14.139312744140623,36.99,78.33037567138672,1994.0,0.0,1367.0,0.0415560752153396,100.0,67.68817138671875,508.0,0.0
1038,0.0,1892.0,14.139312744140623,36.99,78.33037567138672,1994.0,0.0,1367.0,0.0415560752153396,100.0,67.68817138671875,508.0,0.0
1039,0.0,1892.0,14.139312744140623,36.99,78.33037567138672,1994.0,0.0,1367.0,0.0415560752153396,100.0,67.68817138671875,508.0,0.0
1040,0.0,1892.0,13.768138885498049,36.99,77.14954376220703,1453.0,0.0,1367.0,0.0541837736964225,100.0,67.52242279052734,404.0,0.0
1041,0.0,1892.0,13.768138885498049,36.99,77.14954376220703,1453.0,0.0,1367.0,0.0541837736964225,100.0,67.52242279052734,404.0,0.0
1042,0.0,1892.0,13.768138885498049,36.99,77.14954376220703,1453.0,0.0,1367.0,0.0541837736964225,100.0,67.52242279052734,404.0,0.0
1043,0.0,1892.0,13.768138885498049,36.99,77.14954376220703,1453.0,0.0,1367.0,0.0541837736964225,100.0,67.52242279052734,404.0,0.0
1044,0.0,1892.0,13.768138885498049,36.99,77.14954376220703,1453.0,0.0,1367.0,0.0541837736964225,100.0,67.52242279052734,404.0,0.0
1045,0.0,1892.0,13.127955436706545,36.99,78.26848602294922,1434.0,0.0,1367.0,0.0337223745882511,100.0,67.57852172851562,333.0,0.0
1046,0.0,1892.0,13.127955436706545,36.99,78.26848602294922,1434.0,0.0,1367.0,0.0337223745882511,100.0,67.57852172851562,333.0,0.0
1047,0.0,1892.0,13.127955436706545,36.99,78.26848602294922,1434.0,0.0,1367.0,0.0337223745882511,100.0,67.57852172851562,333.0,0.0
1048,0.0,1892.0,13.127955436706545,36.99,78.26848602294922,1434.0,0.0,1367.0,0.0337223745882511,100.0,67.57852172851562,333.0,0.0
1049,0.0,1892.0,13.127955436706545,36.99,78.26848602294922,1434.0,0.0,1367.0,0.0337223745882511,100.0,67.57852172851562,333.0,0.0
1050,0.0,1892.0,13.887859344482422,36.99,76.4209976196289,1695.0,0.0,1367.0,0.0690627917647361,100.0,67.63565826416016,508.0,0.0
1051,0.0,1892.0,13.887859344482422,36.99,76.4209976196289,1695.0,0.0,1367.0,0.0690627917647361,100.0,67.63565826416016,508.0,0.0
1052,0.0,1892.0,13.887859344482422,36.99,76.4209976196289,1695.0,0.0,1367.0,0.0690627917647361,100.0,67.63565826416016,508.0,0.0
1053,0.0,1892.0,13.887859344482422,36.99,76.4209976196289,1695.0,0.0,1367.0,0.0690627917647361,100.0,67.63565826416016,508.0,0.0
1054,0.0,1892.0,13.887859344482422,36.99,76.4209976196289,1695.0,0.0,1367.0,0.0690627917647361,100.0,67.63565826416016,508.0,0.0
1055,0.0,1892.0,13.76728057861328,36.99,78.14276885986328,1570.0,0.0,1367.0,0.0507589429616928,100.0,67.5916519165039,444.0,0.0
1056,0.0,1892.0,13.76728057861328,36.99,78.14276885986328,1570.0,0.0,1367.0,0.0507589429616928,100.0,67.5916519165039,444.0,0.0
1057,0.0,1892.0,13.76728057861328,36.99,78.14276885986328,1570.0,0.0,1367.0,0.0507589429616928,100.0,67.5916519165039,444.0,0.0
1058,0.0,1892.0,13.76728057861328,36.99,78.14276885986328,1570.0,0.0,1367.0,0.0507589429616928,100.0,67.5916519165039,444.0,0.0
1059,0.0,1892.0,13.76728057861328,36.99,78.14276885986328,1570.0,0.0,1367.0,0.0507589429616928,100.0,67.5916519165039,444.0,0.0
1060,0.0,1892.0,13.797314643859863,36.99,77.00265502929688,1495.0,0.0,1367.0,0.0562894120812416,100.0,67.70618438720703,500.0,0.0
1061,0.0,1892.0,13.797314643859863,36.99,77.00265502929688,1495.0,0.0,1367.0,0.0562894120812416,100.0,67.70618438720703,500.0,0.0
1062,0.0,1892.0,13.797314643859863,36.99,77.00265502929688,1495.0,0.0,1367.0,0.0562894120812416,100.0,67.70618438720703,500.0,0.0
1063,0.0,1892.0,13.797314643859863,36.99,77.00265502929688,1495.0,0.0,1367.0,0.0562894120812416,100.0,67.70618438720703,500.0,0.0
1064,0.0,1892.0,13.797314643859863,36.99,77.00265502929688,1495.0,0.0,1367.0,0.0562894120812416,100.0,67.70618438720703,500.0,0.0
1065,0.0,1892.0,13.741008758544922,36.99,77.8275375366211,1832.0,0.0,1367.0,0.0544681623578071,100.0,67.80577087402344,444.0,0.0
1066,0.0,1892.0,13.741008758544922,36.99,77.8275375366211,1832.0,0.0,1367.0,0.0544681623578071,100.0,67.80577087402344,444.0,0.0
1067,0.0,1892.0,13.741008758544922,36.99,77.8275375366211,1832.0,0.0,1367.0,0.0544681623578071,100.0,67.80577087402344,444.0,0.0
1068,0.0,1892.0,13.741008758544922,36.99,77.8275375366211,1832.0,0.0,1367.0,0.0544681623578071,100.0,67.80577087402344,444.0,0.0
1069,0.0,1892.0,13.741008758544922,36.99,77.8275375366211,1832.0,0.0,1367.0,0.0544681623578071,100.0,67.80577087402344,444.0,0.0
1070,0.0,1892.0,14.222506523132324,36.99,77.76522827148438,1813.0,0.0,1367.0,0.0510919839143753,100.0,67.62036895751953,478.0,0.0
1071,0.0,1892.0,14.222506523132324,36.99,77.76522827148438,1813.0,0.0,1367.0,0.0510919839143753,100.0,67.62036895751953,478.0,0.0
1072,0.0,1892.0,14.222506523132324,36.99,77.76522827148438,1813.0,0.0,1367.0,0.0510919839143753,100.0,67.62036895751953,478.0,0.0
1073,0.0,1892.0,14.222506523132324,36.99,77.76522827148438,1813.0,0.0,1367.0,0.0510919839143753,100.0,67.62036895751953,478.0,0.0
1074,0.0,1892.0,14.222506523132324,36.99,77.76522827148438,1813.0,0.0,1367.0,0.0510919839143753,100.0,67.62036895751953,478.0,0.0
1075,0.0,1892.0,14.222506523132324,36.99,77.76522827148438,1813.0,0.0,1367.0,0.0510919839143753,100.0,67.62036895751953,478.0,0.0
1076,0.0,1892.0,14.421792030334473,36.99,77.60360717773438,1911.0,0.0,1367.0,0.0563346594572067,100.0,67.78805541992188,547.0,0.0
1077,0.0,1892.0,14.421792030334473,36.99,77.60360717773438,1911.0,0.0,1367.0,0.0563346594572067,100.0,67.78805541992188,547.0,0.0
1078,0.0,1892.0,14.421792030334473,36.99,77.60360717773438,1911.0,0.0,1367.0,0.0563346594572067,100.0,67.78805541992188,547.0,0.0
1079,0.0,1892.0,14.421792030334473,36.99,77.60360717773438,1911.0,0.0,1367.0,0.0563346594572067,100.0,67.78805541992188,547.0,0.0
1080,0.0,1892.0,14.421792030334473,36.99,77.60360717773438,1911.0,0.0,1367.0,0.0563346594572067,100.0,67.78805541992188,547.0,0.0
1081,0.0,1892.0,13.775479316711426,36.99,77.71305084228516,1703.0,0.0,1367.0,0.0463556870818138,100.0,67.56163787841797,333.0,0.0
1082,0.0,1892.0,13.775479316711426,36.99,77.71305084228516,1703.0,0.0,1367.0,0.0463556870818138,100.0,67.56163787841797,333.0,0.0
1083,0.0,1892.0,13.775479316711426,36.99,77.71305084228516,1703.0,0.0,1367.0,0.0463556870818138,100.0,67.56163787841797,333.0,0.0
1084,0.0,1892.0,13.775479316711426,36.99,77.71305084228516,1703.0,0.0,1367.0,0.0463556870818138,100.0,67.56163787841797,333.0,0.0
1085,0.0,1892.0,13.775479316711426,36.99,77.71305084228516,1703.0,0.0,1367.0,0.0463556870818138,100.0,67.56163787841797,333.0,0.0
1086,0.0,1892.0,13.855575561523438,36.99,77.53270721435547,1832.0,0.0,1367.0,0.0599388144910335,100.0,67.55934143066406,444.0,0.0
1087,0.0,1892.0,13.855575561523438,36.99,77.53270721435547,1832.0,0.0,1367.0,0.0599388144910335,100.0,67.55934143066406,444.0,0.0
1088,0.0,1892.0,13.855575561523438,36.99,77.53270721435547,1832.0,0.0,1367.0,0.0599388144910335,100.0,67.55934143066406,444.0,0.0
1089,0.0,1892.0,13.855575561523438,36.99,77.53270721435547,1832.0,0.0,1367.0,0.0599388144910335,100.0,67.55934143066406,444.0,0.0
1090,0.0,1892.0,13.855575561523438,36.99,77.53270721435547,1832.0,0.0,1367.0,0.0599388144910335,100.0,67.55934143066406,444.0,0.0
1091,0.0,1892.0,13.11314582824707,36.99,77.91382598876953,1885.0,0.0,1367.0,0.06087252125144,100.0,67.64744567871094,448.0,0.0
1092,0.0,1892.0,13.11314582824707,36.99,77.91382598876953,1885.0,0.0,1367.0,0.06087252125144,100.0,67.64744567871094,448.0,0.0
1093,0.0,1892.0,13.11314582824707,36.99,77.91382598876953,1885.0,0.0,1367.0,0.06087252125144,100.0,67.64744567871094,448.0,0.0
1094,0.0,1892.0,13.11314582824707,36.99,77.91382598876953,1885.0,0.0,1367.0,0.06087252125144,100.0,67.64744567871094,448.0,0.0
1095,0.0,1892.0,13.11314582824707,36.99,77.91382598876953,1885.0,0.0,1367.0,0.06087252125144,100.0,67.64744567871094,448.0,0.0
1096,0.0,1892.0,13.041193008422852,36.99,77.22695922851562,1386.0,0.0,1367.0,0.0278967805206775,100.0,67.83001708984375,341.0,0.0
1097,0.0,1892.0,13.041193008422852,36.99,77.22695922851562,1386.0,0.0,1367.0,0.0278967805206775,100.0,67.83001708984375,341.0,0.0
1098,0.0,1892.0,13.041193008422852,36.99,77.22695922851562,1386.0,0.0,1367.0,0.0278967805206775,100.0,67.83001708984375,341.0,0.0
1099,0.0,1892.0,13.041193008422852,36.99,77.22695922851562,1386.0,0.0,1367.0,0.0278967805206775,100.0,67.83001708984375,341.0,0.0
1100,0.0,1892.0,13.041193008422852,36.99,77.22695922851562,1386.0,0.0,1367.0,0.0278967805206775,100.0,67.83001708984375,341.0,0.0
1101,0.0,1892.0,13.955978393554688,36.99,77.66043090820312,1315.0,0.0,1367.0,0.0611307583749294,100.0,67.69047546386719,485.0,0.0
1102,0.0,1892.0,13.955978393554688,36.99,77.66043090820312,1315.0,0.0,1367.0,0.0611307583749294,100.0,67.69047546386719,485.0,0.0
1103,0.0,1892.0,13.955978393554688,36.99,77.66043090820312,1315.0,0.0,1367.0,0.0611307583749294,100.0,67.69047546386719,485.0,0.0
1104,0.0,1892.0,13.955978393554688,36.99,77.66043090820312,1315.0,0.0,1367.0,0.0611307583749294,100.0,67.69047546386719,485.0,0.0
1105,0.0,1892.0,13.955978393554688,36.99,77.66043090820312,1315.0,0.0,1367.0,0.0611307583749294,100.0,67.69047546386719,485.0,0.0
1106,0.0,1892.0,14.16912078857422,36.99,77.86196899414062,2016.0,0.0,1367.0,0.0629845485091209,100.0,67.89200592041016,566.0,0.0
1107,0.0,1892.0,14.16912078857422,36.99,77.86196899414062,2016.0,0.0,1367.0,0.0629845485091209,100.0,67.89200592041016,566.0,0.0
1108,0.0,1892.0,14.16912078857422,36.99,77.86196899414062,2016.0,0.0,1367.0,0.0629845485091209,100.0,67.89200592041016,566.0,0.0
1109,0.0,1892.0,14.16912078857422,36.99,77.86196899414062,2016.0,0.0,1367.0,0.0629845485091209,100.0,67.89200592041016,566.0,0.0
1110,0.0,1892.0,14.16912078857422,36.99,77.86196899414062,2016.0,0.0,1367.0,0.0629845485091209,100.0,67.89200592041016,566.0,0.0
1111,0.0,1892.0,14.27665901184082,36.99,77.68434143066406,2131.0,0.0,1367.0,0.0559846982359886,100.0,67.99311828613281,568.0,0.0
1112,0.0,1892.0,14.27665901184082,36.99,77.68434143066406,2131.0,0.0,1367.0,0.0559846982359886,100.0,67.99311828613281,568.0,0.0
1113,0.0,1892.0,14.27665901184082,36.99,77.68434143066406,2131.0,0.0,1367.0,0.0559846982359886,100.0,67.99311828613281,568.0,0.0
1114,0.0,1892.0,14.27665901184082,36.99,77.68434143066406,2131.0,0.0,1367.0,0.0559846982359886,100.0,67.99311828613281,568.0,0.0
1115,0.0,1892.0,14.27665901184082,36.99,77.68434143066406,2131.0,0.0,1367.0,0.0559846982359886,100.0,67.99311828613281,568.0,0.0
1116,0.0,1892.0,13.416064262390137,36.99,77.32398223876953,1481.0,0.0,1367.0,0.0364140048623085,100.0,67.91966247558594,360.0,0.0
1117,0.0,1892.0,13.416064262390137,36.99,77.32398223876953,1481.0,0.0,1367.0,0.0364140048623085,100.0,67.91966247558594,360.0,0.0
1118,0.0,1892.0,13.416064262390137,36.99,77.32398223876953,1481.0,0.0,1367.0,0.0364140048623085,100.0,67.91966247558594,360.0,0.0
1119,0.0,1892.0,13.416064262390137,36.99,77.32398223876953,1481.0,0.0,1367.0,0.0364140048623085,100.0,67.91966247558594,360.0,0.0
1120,0.0,1892.0,13.416064262390137,36.99,77.32398223876953,1481.0,0.0,1367.0,0.0364140048623085,100.0,67.91966247558594,360.0,0.0
1121,0.0,1892.0,13.19240379333496,36.99,78.30345916748047,1313.0,0.0,1367.0,0.0309894122183322,100.0,67.91558074951172,333.0,0.0
1122,0.0,1892.0,13.19240379333496,36.99,78.30345916748047,1313.0,0.0,1367.0,0.0309894122183322,100.0,67.91558074951172,333.0,0.0
1123,0.0,1892.0,13.19240379333496,36.99,78.30345916748047,1313.0,0.0,1367.0,0.0309894122183322,100.0,67.91558074951172,333.0,0.0
1124,0.0,1892.0,13.19240379333496,36.99,78.30345916748047,1313.0,0.0,1367.0,0.0309894122183322,100.0,67.91558074951172,333.0,0.0
1125,0.0,1892.0,13.19240379333496,36.99,78.30345916748047,1313.0,0.0,1367.0,0.0309894122183322,100.0,67.91558074951172,333.0,0.0
1126,0.0,1892.0,14.379725456237791,36.99,77.52848052978516,1609.0,0.0,1367.0,0.0679614096879959,100.0,68.14453125,480.0,0.0
1127,0.0,1892.0,14.379725456237791,36.99,77.52848052978516,1609.0,0.0,1367.0,0.0679614096879959,100.0,68.14453125,480.0,0.0
1128,0.0,1892.0,14.379725456237791,36.99,77.52848052978516,1609.0,0.0,1367.0,0.0679614096879959,100.0,68.14453125,480.0,0.0
1129,0.0,1892.0,14.379725456237791,36.99,77.52848052978516,1609.0,0.0,1367.0,0.0679614096879959,100.0,68.14453125,480.0,0.0
1130,0.0,1892.0,14.379725456237791,36.99,77.52848052978516,1609.0,0.0,1367.0,0.0679614096879959,100.0,68.14453125,480.0,0.0
1131,0.0,1892.0,14.379725456237791,36.99,77.52848052978516,1609.0,0.0,1367.0,0.0679614096879959,100.0,68.14453125,480.0,0.0
1132,0.0,1892.0,14.033783912658691,36.99,78.59416961669922,1649.0,0.0,1367.0,0.0890834853053093,100.0,67.83846282958984,476.0,0.0
1133,0.0,1892.0,14.033783912658691,36.99,78.59416961669922,1649.0,0.0,1367.0,0.0890834853053093,100.0,67.83846282958984,476.0,0.0
1134,0.0,1892.0,14.033783912658691,36.99,78.59416961669922,1649.0,0.0,1367.0,0.0890834853053093,100.0,67.83846282958984,476.0,0.0
1135,0.0,1892.0,14.033783912658691,36.99,78.59416961669922,1649.0,0.0,1367.0,0.0890834853053093,100.0,67.83846282958984,476.0,0.0
1136,0.0,1892.0,14.033783912658691,36.99,78.59416961669922,1649.0,0.0,1367.0,0.0890834853053093,100.0,67.83846282958984,476.0,0.0
1137,0.0,1892.0,14.426576614379885,36.99,78.35692596435547,1865.0,0.0,1367.0,0.0505971759557724,100.0,67.91841125488281,444.0,0.0
1138,0.0,1892.0,14.426576614379885,36.99,78.35692596435547,1865.0,0.0,1367.0,0.0505971759557724,100.0,67.91841125488281,444.0,0.0
1139,0.0,1892.0,14.426576614379885,36.99,78.35692596435547,1865.0,0.0,1367.0,0.0505971759557724,100.0,67.91841125488281,444.0,0.0
1140,0.0,1892.0,14.426576614379885,36.99,78.35692596435547,1865.0,0.0,1367.0,0.0505971759557724,100.0,67.91841125488281,444.0,0.0
1141,0.0,1892.0,14.426576614379885,36.99,78.35692596435547,1865.0,0.0,1367.0,0.0505971759557724,100.0,67.91841125488281,444.0,0.0
1142,0.0,1892.0,13.834423065185549,36.99,77.52943420410156,1762.0,0.0,1367.0,0.0429115183651447,100.0,67.75267028808594,455.0,0.0
1143,0.0,1892.0,13.834423065185549,36.99,77.52943420410156,1762.0,0.0,1367.0,0.0429115183651447,100.0,67.75267028808594,455.0,0.0
1144,0.0,1892.0,13.834423065185549,36.99,77.52943420410156,1762.0,0.0,1367.0,0.0429115183651447,100.0,67.75267028808594,455.0,0.0
1145,0.0,1892.0,13.834423065185549,36.99,77.52943420410156,1762.0,0.0,1367.0,0.0429115183651447,100.0,67.75267028808594,455.0,0.0
1146,0.0,1892.0,13.834423065185549,36.99,77.52943420410156,1762.0,0.0,1367.0,0.0429115183651447,100.0,67.75267028808594,455.0,0.0
1147,0.0,1892.0,13.927159309387209,36.99,77.69514465332031,1457.0,0.0,1367.0,0.0737427547574043,100.0,67.68445587158203,453.0,0.0
1148,0.0,1892.0,13.927159309387209,36.99,77.69514465332031,1457.0,0.0,1367.0,0.0737427547574043,100.0,67.68445587158203,453.0,0.0
1149,0.0,1892.0,13.927159309387209,36.99,77.69514465332031,1457.0,0.0,1367.0,0.0737427547574043,100.0,67.68445587158203,453.0,0.0
1150,0.0,1892.0,13.927159309387209,36.99,77.69514465332031,1457.0,0.0,1367.0,0.0737427547574043,100.0,67.68445587158203,453.0,0.0
1151,0.0,1892.0,13.927159309387209,36.99,77.69514465332031,1457.0,0.0,1367.0,0.0737427547574043,100.0,67.68445587158203,453.0,0.0
1152,0.0,1892.0,14.315338134765623,36.99,78.08023071289062,1838.0,0.0,1367.0,0.0567123517394065,100.0,67.95132446289062,557.0,0.0
1153,0.0,1892.0,14.315338134765623,36.99,78.08023071289062,1838.0,0.0,1367.0,0.0567123517394065,100.0,67.95132446289062,557.0,0.0
1154,0.0,1892.0,14.315338134765623,36.99,78.08023071289062,1838.0,0.0,1367.0,0.0567123517394065,100.0,67.95132446289062,557.0,0.0
1155,0.0,1892.0,14.315338134765623,36.99,78.08023071289062,1838.0,0.0,1367.0,0.0567123517394065,100.0,67.95132446289062,557.0,0.0
1156,0.0,1892.0,14.315338134765623,36.99,78.08023071289062,1838.0,0.0,1367.0,0.0567123517394065,100.0,67.95132446289062,557.0,0.0
1157,0.0,1892.0,13.560894012451172,36.99,77.90451049804688,1537.0,0.0,1367.0,0.0549384728074073,100.0,67.9337387084961,579.0,0.0
1158,0.0,1892.0,13.560894012451172,36.99,77.90451049804688,1537.0,0.0,1367.0,0.0549384728074073,100.0,67.9337387084961,579.0,0.0
1159,0.0,1892.0,13.560894012451172,36.99,77.90451049804688,1537.0,0.0,1367.0,0.0549384728074073,100.0,67.9337387084961,579.0,0.0
1160,0.0,1892.0,13.560894012451172,36.99,77.90451049804688,1537.0,0.0,1367.0,0.0549384728074073,100.0,67.9337387084961,579.0,0.0
1161,0.0,1892.0,13.560894012451172,36.99,77.90451049804688,1537.0,0.0,1367.0,0.0549384728074073,100.0,67.9337387084961,579.0,0.0
1162,0.0,1892.0,12.992141723632812,36.99,76.58423614501953,1571.0,0.0,1367.0,0.0171936880797147,100.0,67.69496154785156,111.0,0.0
1163,0.0,1892.0,12.992141723632812,36.99,76.58423614501953,1571.0,0.0,1367.0,0.0171936880797147,100.0,67.69496154785156,111.0,0.0
1164,0.0,1892.0,12.992141723632812,36.99,76.58423614501953,1571.0,0.0,1367.0,0.0171936880797147,100.0,67.69496154785156,111.0,0.0
1165,0.0,1892.0,12.992141723632812,36.99,76.58423614501953,1571.0,0.0,1367.0,0.0171936880797147,100.0,67.69496154785156,111.0,0.0
1166,0.0,1892.0,12.992141723632812,36.99,76.58423614501953,1571.0,0.0,1367.0,0.0171936880797147,100.0,67.69496154785156,111.0,0.0
1167,0.0,1892.0,13.12484645843506,36.99,75.61333465576172,1422.0,0.0,1367.0,0.0273178741335868,100.0,67.55570983886719,333.0,0.0
1168,0.0,1892.0,13.12484645843506,36.99,75.61333465576172,1422.0,0.0,1367.0,0.0273178741335868,100.0,67.55570983886719,333.0,0.0
1169,0.0,1892.0,13.12484645843506,36.99,75.61333465576172,1422.0,0.0,1367.0,0.0273178741335868,100.0,67.55570983886719,333.0,0.0
1170,0.0,1892.0,13.12484645843506,36.99,75.61333465576172,1422.0,0.0,1367.0,0.0273178741335868,100.0,67.55570983886719,333.0,0.0
1171,0.0,1892.0,13.12484645843506,36.99,75.61333465576172,1422.0,0.0,1367.0,0.0273178741335868,100.0,67.55570983886719,333.0,0.0
1172,0.0,1892.0,13.486204147338867,36.99,75.96340942382812,1546.0,0.0,1367.0,0.0544818043708801,100.0,67.64259338378906,500.0,0.0
1173,0.0,1892.0,13.486204147338867,36.99,75.96340942382812,1546.0,0.0,1367.0,0.0544818043708801,100.0,67.64259338378906,500.0,0.0
1174,0.0,1892.0,13.486204147338867,36.99,75.96340942382812,1546.0,0.0,1367.0,0.0544818043708801,100.0,67.64259338378906,500.0,0.0
1175,0.0,1892.0,13.486204147338867,36.99,75.96340942382812,1546.0,0.0,1367.0,0.0544818043708801,100.0,67.64259338378906,500.0,0.0
1176,0.0,1892.0,13.486204147338867,36.99,75.96340942382812,1546.0,0.0,1367.0,0.0544818043708801,100.0,67.64259338378906,500.0,0.0
1177,0.0,1892.0,13.327409744262695,36.99,78.09012603759766,1643.0,0.0,1367.0,0.0457715131342411,100.0,67.81119537353516,484.0,0.0
1178,0.0,1892.0,13.327409744262695,36.99,78.09012603759766,1643.0,0.0,1367.0,0.0457715131342411,100.0,67.81119537353516,484.0,0.0
1179,0.0,1892.0,13.327409744262695,36.99,78.09012603759766,1643.0,0.0,1367.0,0.0457715131342411,100.0,67.81119537353516,484.0,0.0
1180,0.0,1892.0,13.327409744262695,36.99,78.09012603759766,1643.0,0.0,1367.0,0.0457715131342411,100.0,67.81119537353516,484.0,0.0
1181,0.0,1892.0,13.327409744262695,36.99,78.09012603759766,1643.0,0.0,1367.0,0.0457715131342411,100.0,67.81119537353516,484.0,0.0
1182,0.0,1892.0,13.327409744262695,36.99,78.09012603759766,1643.0,0.0,1367.0,0.0457715131342411,100.0,67.81119537353516,484.0,0.0
1183,0.0,1892.0,14.029914855957031,36.99,77.53189086914062,1445.0,0.0,1367.0,0.076291985809803,100.0,67.75355529785156,473.0,0.0
1184,0.0,1892.0,14.029914855957031,36.99,77.53189086914062,1445.0,0.0,1367.0,0.076291985809803,100.0,67.75355529785156,473.0,0.0
1185,0.0,1892.0,14.029914855957031,36.99,77.53189086914062,1445.0,0.0,1367.0,0.076291985809803,100.0,67.75355529785156,473.0,0.0
1186,0.0,1892.0,14.029914855957031,36.99,77.53189086914062,1445.0,0.0,1367.0,0.076291985809803,100.0,67.75355529785156,473.0,0.0
1187,0.0,1892.0,14.029914855957031,36.99,77.53189086914062,1445.0,0.0,1367.0,0.076291985809803,100.0,67.75355529785156,473.0,0.0
1188,0.0,1892.0,14.159504890441896,36.99,77.7082748413086,1815.0,0.0,1367.0,0.0700759515166282,100.0,67.96900939941406,520.0,0.0
1189,0.0,1892.0,14.159504890441896,36.99,77.7082748413086,1815.0,0.0,1367.0,0.0700759515166282,100.0,67.96900939941406,520.0,0.0
1190,0.0,1892.0,14.159504890441896,36.99,77.7082748413086,1815.0,0.0,1367.0,0.0700759515166282,100.0,67.96900939941406,520.0,0.0
1191,0.0,1892.0,14.159504890441896,36.99,77.7082748413086,1815.0,0.0,1367.0,0.0700759515166282,100.0,67.96900939941406,520.0,0.0
1192,0.0,1892.0,14.159504890441896,36.99,77.7082748413086,1815.0,0.0,1367.0,0.0700759515166282,100.0,67.96900939941406,520.0,0.0
1193,0.0,1892.0,13.10288906097412,36.99,78.61160278320312,1204.0,0.0,1367.0,0.0335254818201065,100.0,67.9844741821289,222.0,0.0
1194,0.0,1892.0,13.10288906097412,36.99,78.61160278320312,1204.0,0.0,1367.0,0.0335254818201065,100.0,67.9844741821289,222.0,0.0
1195,0.0,1892.0,13.10288906097412,36.99,78.61160278320312,1204.0,0.0,1367.0,0.0335254818201065,100.0,67.9844741821289,222.0,0.0
1196,0.0,1892.0,13.10288906097412,36.99,78.61160278320312,1204.0,0.0,1367.0,0.0335254818201065,100.0,67.9844741821289,222.0,0.0
1197,0.0,1892.0,13.10288906097412,36.99,78.61160278320312,1204.0,0.0,1367.0,0.0335254818201065,100.0,67.9844741821289,222.0,0.0
1198,0.0,1892.0,12.888103485107422,36.99,77.24848175048828,1189.0,0.0,1367.0,0.01037900429219,100.0,67.5936279296875,222.0,0.0
1199,0.0,1892.0,12.888103485107422,36.99,77.24848175048828,1189.0,0.0,1367.0,0.01037900429219,100.0,67.5936279296875,222.0,0.0
1200,0.0,1892.0,12.888103485107422,36.99,77.24848175048828,1189.0,0.0,1367.0,0.01037900429219,100.0,67.5936279296875,222.0,0.0
1201,0.0,1892.0,12.888103485107422,36.99,77.24848175048828,1189.0,0.0,1367.0,0.01037900429219,100.0,67.5936279296875,222.0,0.0
1202,0.0,1892.0,12.888103485107422,36.99,77.24848175048828,1189.0,0.0,1367.0,0.01037900429219,100.0,67.5936279296875,222.0,0.0
1203,0.0,1892.0,13.189746856689451,36.99,77.67485046386719,1326.0,0.0,1367.0,0.0269298776984214,100.0,67.58242797851562,333.0,0.0
1204,0.0,1892.0,13.189746856689451,36.99,77.67485046386719,1326.0,0.0,1367.0,0.0269298776984214,100.0,67.58242797851562,333.0,0.0
1205,0.0,1892.0,13.189746856689451,36.99,77.67485046386719,1326.0,0.0,1367.0,0.0269298776984214,100.0,67.58242797851562,333.0,0.0
1206,0.0,1892.0,13.189746856689451,36.99,77.67485046386719,1326.0,0.0,1367.0,0.0269298776984214,100.0,67.58242797851562,333.0,0.0
1207,0.0,1892.0,13.189746856689451,36.99,77.67485046386719,1326.0,0.0,1367.0,0.0269298776984214,100.0,67.58242797851562,333.0,0.0
1208,0.0,1892.0,13.460447311401367,36.99,76.85159301757812,1495.0,0.0,1367.0,0.0485138297080993,100.0,67.64945220947266,444.0,0.0
1209,0.0,1892.0,13.460447311401367,36.99,76.85159301757812,1495.0,0.0,1367.0,0.0485138297080993,100.0,67.64945220947266,444.0,0.0
1210,0.0,1892.0,13.460447311401367,36.99,76.85159301757812,1495.0,0.0,1367.0,0.0485138297080993,100.0,67.64945220947266,444.0,0.0
1211,0.0,1892.0,13.460447311401367,36.99,76.85159301757812,1495.0,0.0,1367.0,0.0485138297080993,100.0,67.64945220947266,444.0,0.0
1212,0.0,1892.0,13.460447311401367,36.99,76.85159301757812,1495.0,0.0,1367.0,0.0485138297080993,100.0,67.64945220947266,444.0,0.0
1213,0.0,1892.0,12.674406051635742,36.99,76.8156509399414,1267.0,0.0,1367.0,0.0025135991163551,100.0,67.62784576416016,111.0,0.0
1214,0.0,1892.0,12.674406051635742,36.99,76.8156509399414,1267.0,0.0,1367.0,0.0025135991163551,100.0,67.62784576416016,111.0,0.0
1215,0.0,1892.0,12.674406051635742,36.99,76.8156509399414,1267.0,0.0,1367.0,0.0025135991163551,100.0,67.62784576416016,111.0,0.0
1216,0.0,1892.0,12.674406051635742,36.99,76.8156509399414,1267.0,0.0,1367.0,0.0025135991163551,100.0,67.62784576416016,111.0,0.0
1217,0.0,1892.0,12.674406051635742,36.99,76.8156509399414,1267.0,0.0,1367.0,0.0025135991163551,100.0,67.62784576416016,111.0,0.0
1218,0.0,1892.0,12.862137794494627,36.99,76.74977111816406,1368.0,0.0,1367.0,0.0294794701039791,100.0,67.60233306884766,437.0,0.0
1219,0.0,1892.0,12.862137794494627,36.99,76.74977111816406,1368.0,0.0,1367.0,0.0294794701039791,100.0,67.60233306884766,437.0,0.0
1220,0.0,1892.0,12.862137794494627,36.99,76.74977111816406,1368.0,0.0,1367.0,0.0294794701039791,100.0,67.60233306884766,437.0,0.0
1221,0.0,1892.0,12.862137794494627,36.99,76.74977111816406,1368.0,0.0,1367.0,0.0294794701039791,100.0,67.60233306884766,437.0,0.0
1222,0.0,1892.0,12.862137794494627,36.99,76.74977111816406,1368.0,0.0,1367.0,0.0294794701039791,100.0,67.60233306884766,437.0,0.0
1223,0.0,1892.0,13.402005195617676,36.99,76.8622055053711,1367.0,0.0,1367.0,0.0441424585878849,100.0,67.48095703125,536.0,0.0
1224,0.0,1892.0,13.402005195617676,36.99,76.8622055053711,1367.0,0.0,1367.0,0.0441424585878849,100.0,67.48095703125,536.0,0.0
1225,0.0,1892.0,13.402005195617676,36.99,76.8622055053711,1367.0,0.0,1367.0,0.0441424585878849,100.0,67.48095703125,536.0,0.0
1226,0.0,1892.0,13.402005195617676,36.99,76.8622055053711,1367.0,0.0,1367.0,0.0441424585878849,100.0,67.48095703125,536.0,0.0
1227,0.0,1892.0,13.402005195617676,36.99,76.8622055053711,1367.0,0.0,1367.0,0.0441424585878849,100.0,67.48095703125,536.0,0.0
1228,0.0,1892.0,13.72337818145752,36.99,76.23463439941406,1348.0,0.0,1367.0,0.0494143441319465,100.0,67.47029876708984,465.0,0.0
1229,0.0,1892.0,13.72337818145752,36.99,76.23463439941406,1348.0,0.0,1367.0,0.0494143441319465,100.0,67.47029876708984,465.0,0.0
1230,0.0,1892.0,13.72337818145752,36.99,76.23463439941406,1348.0,0.0,1367.0,0.0494143441319465,100.0,67.47029876708984,465.0,0.0
1231,0.0,1892.0,13.72337818145752,36.99,76.23463439941406,1348.0,0.0,1367.0,0.0494143441319465,100.0,67.47029876708984,465.0,0.0
1232,0.0,1892.0,13.72337818145752,36.99,76.23463439941406,1348.0,0.0,1367.0,0.0494143441319465,100.0,67.47029876708984,465.0,0.0
1233,0.0,1892.0,13.72337818145752,36.99,76.23463439941406,1348.0,0.0,1367.0,0.0494143441319465,100.0,67.47029876708984,465.0,0.0
1234,0.0,1892.0,13.839481353759766,36.99,77.92716217041016,1461.0,0.0,1367.0,0.0642705410718917,100.0,67.67794036865234,444.0,0.0
1235,0.0,1892.0,13.839481353759766,36.99,77.92716217041016,1461.0,0.0,1367.0,0.0642705410718917,100.0,67.67794036865234,444.0,0.0
1236,0.0,1892.0,13.839481353759766,36.99,77.92716217041016,1461.0,0.0,1367.0,0.0642705410718917,100.0,67.67794036865234,444.0,0.0
1237,0.0,1892.0,13.839481353759766,36.99,77.92716217041016,1461.0,0.0,1367.0,0.0642705410718917,100.0,67.67794036865234,444.0,0.0
1238,0.0,1892.0,13.839481353759766,36.99,77.92716217041016,1461.0,0.0,1367.0,0.0642705410718917,100.0,67.67794036865234,444.0,0.0
1239,0.0,1892.0,14.202573776245115,36.99,78.2655029296875,1807.0,0.0,1367.0,0.0431726388633251,100.0,67.7646713256836,444.0,0.0
1240,0.0,1892.0,14.202573776245115,36.99,78.2655029296875,1807.0,0.0,1367.0,0.0431726388633251,100.0,67.7646713256836,444.0,0.0
1241,0.0,1892.0,14.202573776245115,36.99,78.2655029296875,1807.0,0.0,1367.0,0.0431726388633251,100.0,67.7646713256836,444.0,0.0
1242,0.0,1892.0,14.202573776245115,36.99,78.2655029296875,1807.0,0.0,1367.0,0.0431726388633251,100.0,67.7646713256836,444.0,0.0
1243,0.0,1892.0,14.202573776245115,36.99,78.2655029296875,1807.0,0.0,1367.0,0.0431726388633251,100.0,67.7646713256836,444.0,0.0
1244,0.0,1892.0,14.062511444091797,36.99,77.87752532958984,1852.0,0.0,1367.0,0.0499317273497581,100.0,67.84808349609375,470.0,0.0
1245,0.0,1892.0,14.062511444091797,36.99,77.87752532958984,1852.0,0.0,1367.0,0.0499317273497581,100.0,67.84808349609375,470.0,0.0
1246,0.0,1892.0,14.062511444091797,36.99,77.87752532958984,1852.0,0.0,1367.0,0.0499317273497581,100.0,67.84808349609375,470.0,0.0
1247,0.0,1892.0,14.062511444091797,36.99,77.87752532958984,1852.0,0.0,1367.0,0.0499317273497581,100.0,67.84808349609375,470.0,0.0
1248,0.0,1892.0,14.062511444091797,36.99,77.87752532958984,1852.0,0.0,1367.0,0.0499317273497581,100.0,67.84808349609375,470.0,0.0
1249,0.0,1892.0,13.61050033569336,36.99,77.67481231689453,1620.0,0.0,1367.0,0.0478446632623672,100.0,67.76499938964844,370.0,0.0
1250,0.0,1892.0,13.61050033569336,36.99,77.67481231689453,1620.0,0.0,1367.0,0.0478446632623672,100.0,67.76499938964844,370.0,0.0
1251,0.0,1892.0,13.61050033569336,36.99,77.67481231689453,1620.0,0.0,1367.0,0.0478446632623672,100.0,67.76499938964844,370.0,0.0
1252,0.0,1892.0,13.61050033569336,36.99,77.67481231689453,1620.0,0.0,1367.0,0.0478446632623672,100.0,67.76499938964844,370.0,0.0
1253,0.0,1892.0,13.61050033569336,36.99,77.67481231689453,1620.0,0.0,1367.0,0.0478446632623672,100.0,67.76499938964844,370.0,0.0
1254,0.0,1892.0,13.76362133026123,36.99,77.81666564941406,1184.0,0.0,1367.0,0.0594125352799892,100.0,67.68756866455078,444.0,0.0
1255,0.0,1892.0,13.76362133026123,36.99,77.81666564941406,1184.0,0.0,1367.0,0.0594125352799892,100.0,67.68756866455078,444.0,0.0
1256,0.0,1892.0,13.76362133026123,36.99,77.81666564941406,1184.0,0.0,1367.0,0.0594125352799892,100.0,67.68756866455078,444.0,0.0
1257,0.0,1892.0,13.76362133026123,36.99,77.81666564941406,1184.0,0.0,1367.0,0.0594125352799892,100.0,67.68756866455078,444.0,0.0
1258,0.0,1892.0,13.76362133026123,36.99,77.81666564941406,1184.0,0.0,1367.0,0.0594125352799892,100.0,67.68756866455078,444.0,0.0
1259,0.0,1892.0,14.140911102294922,36.99,77.56151580810547,1494.0,0.0,1367.0,0.0480395779013633,100.0,67.90412902832031,444.0,0.0
1260,0.0,1892.0,14.140911102294922,36.99,77.56151580810547,1494.0,0.0,1367.0,0.0480395779013633,100.0,67.90412902832031,444.0,0.0
1261,0.0,1892.0,14.140911102294922,36.99,77.56151580810547,1494.0,0.0,1367.0,0.0480395779013633,100.0,67.90412902832031,444.0,0.0
1262,0.0,1892.0,14.140911102294922,36.99,77.56151580810547,1494.0,0.0,1367.0,0.0480395779013633,100.0,67.90412902832031,444.0,0.0
1263,0.0,1892.0,14.140911102294922,36.99,77.56151580810547,1494.0,0.0,1367.0,0.0480395779013633,100.0,67.90412902832031,444.0,0.0
1264,0.0,1892.0,14.166462898254396,36.99,77.62267303466797,2040.0,0.0,1367.0,0.0492570362985134,100.0,67.698974609375,444.0,0.0
1265,0.0,1892.0,14.166462898254396,36.99,77.62267303466797,2040.0,0.0,1367.0,0.0492570362985134,100.0,67.698974609375,444.0,0.0
1266,0.0,1892.0,14.166462898254396,36.99,77.62267303466797,2040.0,0.0,1367.0,0.0492570362985134,100.0,67.698974609375,444.0,0.0
1267,0.0,1892.0,14.166462898254396,36.99,77.62267303466797,2040.0,0.0,1367.0,0.0492570362985134,100.0,67.698974609375,444.0,0.0
1268,0.0,1892.0,14.166462898254396,36.99,77.62267303466797,2040.0,0.0,1367.0,0.0492570362985134,100.0,67.698974609375,444.0,0.0
1269,0.0,1892.0,13.52099323272705,36.99,78.3905258178711,1903.0,0.0,1367.0,0.0405272841453552,100.0,67.7880630493164,470.0,0.0
1270,0.0,1892.0,13.52099323272705,36.99,78.3905258178711,1903.0,0.0,1367.0,0.0405272841453552,100.0,67.7880630493164,470.0,0.0
1271,0.0,1892.0,13.52099323272705,36.99,78.3905258178711,1903.0,0.0,1367.0,0.0405272841453552,100.0,67.7880630493164,470.0,0.0
1272,0.0,1892.0,13.52099323272705,36.99,78.3905258178711,1903.0,0.0,1367.0,0.0405272841453552,100.0,67.7880630493164,470.0,0.0
1273,0.0,1892.0,13.52099323272705,36.99,78.3905258178711,1903.0,0.0,1367.0,0.0405272841453552,100.0,67.7880630493164,470.0,0.0
1274,0.0,1892.0,13.618024826049805,36.99,77.89617919921875,1484.0,0.0,1367.0,0.0472394041717052,100.0,67.6120834350586,333.0,0.0
1275,0.0,1892.0,13.618024826049805,36.99,77.89617919921875,1484.0,0.0,1367.0,0.0472394041717052,100.0,67.6120834350586,333.0,0.0
1276,0.0,1892.0,13.618024826049805,36.99,77.89617919921875,1484.0,0.0,1367.0,0.0472394041717052,100.0,67.6120834350586,333.0,0.0
1277,0.0,1892.0,13.618024826049805,36.99,77.89617919921875,1484.0,0.0,1367.0,0.0472394041717052,100.0,67.6120834350586,333.0,0.0
1278,0.0,1892.0,13.618024826049805,36.99,77.89617919921875,1484.0,0.0,1367.0,0.0472394041717052,100.0,67.6120834350586,333.0,0.0
1279,0.0,1892.0,14.27541160583496,36.99,77.59227752685547,1866.0,0.0,1367.0,0.0692374557256698,100.0,67.87861633300781,456.0,0.0
1280,0.0,1892.0,14.27541160583496,36.99,77.59227752685547,1866.0,0.0,1367.0,0.0692374557256698,100.0,67.87861633300781,456.0,0.0
1281,0.0,1892.0,14.27541160583496,36.99,77.59227752685547,1866.0,0.0,1367.0,0.0692374557256698,100.0,67.87861633300781,456.0,0.0
1282,0.0,1892.0,14.27541160583496,36.99,77.59227752685547,1866.0,0.0,1367.0,0.0692374557256698,100.0,67.87861633300781,456.0,0.0
1283,0.0,1892.0,14.27541160583496,36.99,77.59227752685547,1866.0,0.0,1367.0,0.0692374557256698,100.0,67.87861633300781,456.0,0.0
1284,0.0,1892.0,13.94407558441162,36.99,78.23783874511719,1930.0,0.0,1367.0,0.0522394850850105,100.0,68.02503204345703,494.0,0.0
1285,0.0,1892.0,13.94407558441162,36.99,78.23783874511719,1930.0,0.0,1367.0,0.0522394850850105,100.0,68.02503204345703,494.0,0.0
1286,0.0,1892.0,13.94407558441162,36.99,78.23783874511719,1930.0,0.0,1367.0,0.0522394850850105,100.0,68.02503204345703,494.0,0.0
1287,0.0,1892.0,13.94407558441162,36.99,78.23783874511719,1930.0,0.0,1367.0,0.0522394850850105,100.0,68.02503204345703,494.0,0.0
1288,0.0,1892.0,13.94407558441162,36.99,78.23783874511719,1930.0,0.0,1367.0,0.0522394850850105,100.0,68.02503204345703,494.0,0.0
1289,0.0,1892.0,13.94407558441162,36.99,78.23783874511719,1930.0,0.0,1367.0,0.0522394850850105,100.0,68.02503204345703,494.0,0.0
1290,0.0,1892.0,12.983647346496582,36.99,77.35029602050781,1456.0,0.0,1367.0,0.0305491462349891,100.0,67.74671936035156,444.0,0.0
1291,0.0,1892.0,12.983647346496582,36.99,77.35029602050781,1456.0,0.0,1367.0,0.0305491462349891,100.0,67.74671936035156,444.0,0.0
1292,0.0,1892.0,12.983647346496582,36.99,77.35029602050781,1456.0,0.0,1367.0,0.0305491462349891,100.0,67.74671936035156,444.0,0.0
1293,0.0,1892.0,12.983647346496582,36.99,77.35029602050781,1456.0,0.0,1367.0,0.0305491462349891,100.0,67.74671936035156,444.0,0.0
1294,0.0,1892.0,12.983647346496582,36.99,77.35029602050781,1456.0,0.0,1367.0,0.0305491462349891,100.0,67.74671936035156,444.0,0.0
1295,0.0,1892.0,12.89863395690918,36.99,76.81387329101562,1430.0,0.0,1367.0,0.049975462257862,100.0,67.76187896728516,381.0,0.0
1296,0.0,1892.0,12.89863395690918,36.99,76.81387329101562,1430.0,0.0,1367.0,0.049975462257862,100.0,67.76187896728516,381.0,0.0
1297,0.0,1892.0,12.89863395690918,36.99,76.81387329101562,1430.0,0.0,1367.0,0.049975462257862,100.0,67.76187896728516,381.0,0.0
1298,0.0,1892.0,12.89863395690918,36.99,76.81387329101562,1430.0,0.0,1367.0,0.049975462257862,100.0,67.76187896728516,381.0,0.0
1299,0.0,1892.0,12.89863395690918,36.99,76.81387329101562,1430.0,0.0,1367.0,0.049975462257862,100.0,67.76187896728516,381.0,0.0
1300,0.0,1892.0,13.571463584899902,36.99,77.77373504638672,1462.0,0.0,1367.0,0.0675247013568878,100.0,67.65090942382812,471.0,0.0
1301,0.0,1892.0,13.571463584899902,36.99,77.77373504638672,1462.0,0.0,1367.0,0.0675247013568878,100.0,67.65090942382812,471.0,0.0
1302,0.0,1892.0,13.571463584899902,36.99,77.77373504638672,1462.0,0.0,1367.0,0.0675247013568878,100.0,67.65090942382812,471.0,0.0
1303,0.0,1892.0,13.571463584899902,36.99,77.77373504638672,1462.0,0.0,1367.0,0.0675247013568878,100.0,67.65090942382812,471.0,0.0
1304,0.0,1892.0,13.571463584899902,36.99,77.77373504638672,1462.0,0.0,1367.0,0.0675247013568878,100.0,67.65090942382812,471.0,0.0
1305,0.0,1892.0,13.398397445678713,36.99,77.4762191772461,1583.0,0.0,1367.0,0.0579300373792648,100.0,67.64102935791016,477.0,0.0
1306,0.0,1892.0,13.398397445678713,36.99,77.4762191772461,1583.0,0.0,1367.0,0.0579300373792648,100.0,67.64102935791016,477.0,0.0
1307,0.0,1892.0,13.398397445678713,36.99,77.4762191772461,1583.0,0.0,1367.0,0.0579300373792648,100.0,67.64102935791016,477.0,0.0
1308,0.0,1892.0,13.398397445678713,36.99,77.4762191772461,1583.0,0.0,1367.0,0.0579300373792648,100.0,67.64102935791016,477.0,0.0
1309,0.0,1892.0,13.398397445678713,36.99,77.4762191772461,1583.0,0.0,1367.0,0.0579300373792648,100.0,67.64102935791016,477.0,0.0
1310,0.0,1892.0,12.975762367248535,36.99,77.72908782958984,1515.0,0.0,1367.0,0.0333862490952014,100.0,67.60105895996094,444.0,0.0
1311,0.0,1892.0,12.975762367248535,36.99,77.72908782958984,1515.0,0.0,1367.0,0.0333862490952014,100.0,67.60105895996094,444.0,0.0
1312,0.0,1892.0,12.975762367248535,36.99,77.72908782958984,1515.0,0.0,1367.0,0.0333862490952014,100.0,67.60105895996094,444.0,0.0
1313,0.0,1892.0,12.975762367248535,36.99,77.72908782958984,1515.0,0.0,1367.0,0.0333862490952014,100.0,67.60105895996094,444.0,0.0
1314,0.0,1892.0,12.975762367248535,36.99,77.72908782958984,1515.0,0.0,1367.0,0.0333862490952014,100.0,67.60105895996094,444.0,0.0
1315,0.0,1892.0,13.421550750732422,36.99,77.05252075195312,1403.0,0.0,1367.0,0.0558768026530742,100.0,67.58319091796875,518.0,0.0
1316,0.0,1892.0,13.421550750732422,36.99,77.05252075195312,1403.0,0.0,1367.0,0.0558768026530742,100.0,67.58319091796875,518.0,0.0
1317,0.0,1892.0,13.421550750732422,36.99,77.05252075195312,1403.0,0.0,1367.0,0.0558768026530742,100.0,67.58319091796875,518.0,0.0
1318,0.0,1892.0,13.421550750732422,36.99,77.05252075195312,1403.0,0.0,1367.0,0.0558768026530742,100.0,67.58319091796875,518.0,0.0
1319,0.0,1892.0,13.421550750732422,36.99,77.05252075195312,1403.0,0.0,1367.0,0.0558768026530742,100.0,67.58319091796875,518.0,0.0
1320,0.0,1892.0,13.31626796722412,36.99,76.58809661865234,1381.0,0.0,1367.0,0.0388394519686698,100.0,67.48561096191406,362.0,0.0
1321,0.0,1892.0,13.31626796722412,36.99,76.58809661865234,1381.0,0.0,1367.0,0.0388394519686698,100.0,67.48561096191406,362.0,0.0
1322,0.0,1892.0,13.31626796722412,36.99,76.58809661865234,1381.0,0.0,1367.0,0.0388394519686698,100.0,67.48561096191406,362.0,0.0
1323,0.0,1892.0,13.31626796722412,36.99,76.58809661865234,1381.0,0.0,1367.0,0.0388394519686698,100.0,67.48561096191406,362.0,0.0
1324,0.0,1892.0,13.31626796722412,36.99,76.58809661865234,1381.0,0.0,1367.0,0.0388394519686698,100.0,67.48561096191406,362.0,0.0
1325,0.0,1892.0,12.916645050048828,36.99,76.34456634521484,1283.0,0.0,1367.0,0.029434073716402,100.0,67.4202880859375,406.0,0.0
1326,0.0,1892.0,12.916645050048828,36.99,76.34456634521484,1283.0,0.0,1367.0,0.029434073716402,100.0,67.4202880859375,406.0,0.0
1327,0.0,1892.0,12.916645050048828,36.99,76.34456634521484,1283.0,0.0,1367.0,0.029434073716402,100.0,67.4202880859375,406.0,0.0
1328,0.0,1892.0,12.916645050048828,36.99,76.34456634521484,1283.0,0.0,1367.0,0.029434073716402,100.0,67.4202880859375,406.0,0.0
1329,0.0,1892.0,12.916645050048828,36.99,76.34456634521484,1283.0,0.0,1367.0,0.029434073716402,100.0,67.4202880859375,406.0,0.0
1330,0.0,1892.0,13.740023612976074,36.99,77.7950439453125,1445.0,0.0,1367.0,0.0548722073435783,100.0,67.47223663330078,444.0,0.0
1331,0.0,1892.0,13.740023612976074,36.99,77.7950439453125,1445.0,0.0,1367.0,0.0548722073435783,100.0,67.47223663330078,444.0,0.0
1332,0.0,1892.0,13.740023612976074,36.99,77.7950439453125,1445.0,0.0,1367.0,0.0548722073435783,100.0,67.47223663330078,444.0,0.0
1333,0.0,1892.0,13.740023612976074,36.99,77.7950439453125,1445.0,0.0,1367.0,0.0548722073435783,100.0,67.47223663330078,444.0,0.0
1334,0.0,1892.0,13.740023612976074,36.99,77.7950439453125,1445.0,0.0,1367.0,0.0548722073435783,100.0,67.47223663330078,444.0,0.0
1335,0.0,1892.0,13.740023612976074,36.99,77.7950439453125,1445.0,0.0,1367.0,0.0548722073435783,100.0,67.47223663330078,444.0,0.0
1336,0.0,1892.0,13.270870208740234,36.99,77.1772689819336,1844.0,0.0,1367.0,0.0284883212298154,100.0,67.42794799804688,222.0,0.0
1337,0.0,1892.0,13.270870208740234,36.99,77.1772689819336,1844.0,0.0,1367.0,0.0284883212298154,100.0,67.42794799804688,222.0,0.0
1338,0.0,1892.0,13.270870208740234,36.99,77.1772689819336,1844.0,0.0,1367.0,0.0284883212298154,100.0,67.42794799804688,222.0,0.0
1339,0.0,1892.0,13.270870208740234,36.99,77.1772689819336,1844.0,0.0,1367.0,0.0284883212298154,100.0,67.42794799804688,222.0,0.0
1340,0.0,1892.0,13.270870208740234,36.99,77.1772689819336,1844.0,0.0,1367.0,0.0284883212298154,100.0,67.42794799804688,222.0,0.0
1341,0.0,1892.0,13.54266357421875,36.99,76.92361450195312,1727.0,0.0,1367.0,0.0703102499246597,100.0,67.6762924194336,513.0,0.0
1342,0.0,1892.0,13.54266357421875,36.99,76.92361450195312,1727.0,0.0,1367.0,0.0703102499246597,100.0,67.6762924194336,513.0,0.0
1343,0.0,1892.0,13.54266357421875,36.99,76.92361450195312,1727.0,0.0,1367.0,0.0703102499246597,100.0,67.6762924194336,513.0,0.0
1344,0.0,1892.0,13.54266357421875,36.99,76.92361450195312,1727.0,0.0,1367.0,0.0703102499246597,100.0,67.6762924194336,513.0,0.0
1345,0.0,1892.0,13.54266357421875,36.99,76.92361450195312,1727.0,0.0,1367.0,0.0703102499246597,100.0,67.6762924194336,513.0,0.0
1346,0.0,1892.0,13.387687683105469,36.99,77.87950897216797,2012.0,0.0,1367.0,0.0787824392318725,100.0,67.65818786621094,464.0,0.0
1347,0.0,1892.0,13.387687683105469,36.99,77.87950897216797,2012.0,0.0,1367.0,0.0787824392318725,100.0,67.65818786621094,464.0,0.0
1348,0.0,1892.0,13.387687683105469,36.99,77.87950897216797,2012.0,0.0,1367.0,0.0787824392318725,100.0,67.65818786621094,464.0,0.0
1349,0.0,1892.0,13.387687683105469,36.99,77.87950897216797,2012.0,0.0,1367.0,0.0787824392318725,100.0,67.65818786621094,464.0,0.0
1350,0.0,1892.0,13.387687683105469,36.99,77.87950897216797,2012.0,0.0,1367.0,0.0787824392318725,100.0,67.65818786621094,464.0,0.0
1351,0.0,1892.0,13.297637939453123,36.99,77.47826385498047,1671.0,0.0,1367.0,0.0603625774383544,100.0,67.27474212646484,333.0,0.0
1352,0.0,1892.0,13.297637939453123,36.99,77.47826385498047,1671.0,0.0,1367.0,0.0603625774383544,100.0,67.27474212646484,333.0,0.0
1353,0.0,1892.0,13.297637939453123,36.99,77.47826385498047,1671.0,0.0,1367.0,0.0603625774383544,100.0,67.27474212646484,333.0,0.0
1354,0.0,1892.0,13.297637939453123,36.99,77.47826385498047,1671.0,0.0,1367.0,0.0603625774383544,100.0,67.27474212646484,333.0,0.0
1355,0.0,1892.0,13.297637939453123,36.99,77.47826385498047,1671.0,0.0,1367.0,0.0603625774383544,100.0,67.27474212646484,333.0,0.0
1356,0.0,1892.0,13.638192176818848,36.99,77.51924133300781,1806.0,0.0,1367.0,0.1089723631739616,100.0,67.50603485107422,444.0,0.0
1357,0.0,1892.0,13.638192176818848,36.99,77.51924133300781,1806.0,0.0,1367.0,0.1089723631739616,100.0,67.50603485107422,444.0,0.0
1358,0.0,1892.0,13.638192176818848,36.99,77.51924133300781,1806.0,0.0,1367.0,0.1089723631739616,100.0,67.50603485107422,444.0,0.0
1359,0.0,1892.0,13.638192176818848,36.99,77.51924133300781,1806.0,0.0,1367.0,0.1089723631739616,100.0,67.50603485107422,444.0,0.0
1360,0.0,1892.0,13.638192176818848,36.99,77.51924133300781,1806.0,0.0,1367.0,0.1089723631739616,100.0,67.50603485107422,444.0,0.0
1361,0.0,1892.0,13.407293319702148,36.99,77.3445816040039,1654.0,0.0,1367.0,0.0617189109325408,100.0,67.43962860107422,497.0,0.0
1362,0.0,1892.0,13.407293319702148,36.99,77.3445816040039,1654.0,0.0,1367.0,0.0617189109325408,100.0,67.43962860107422,497.0,0.0
1363,0.0,1892.0,13.407293319702148,36.99,77.3445816040039,1654.0,0.0,1367.0,0.0617189109325408,100.0,67.43962860107422,497.0,0.0
1364,0.0,1892.0,13.407293319702148,36.99,77.3445816040039,1654.0,0.0,1367.0,0.0617189109325408,100.0,67.43962860107422,497.0,0.0
1365,0.0,1892.0,13.407293319702148,36.99,77.3445816040039,1654.0,0.0,1367.0,0.0617189109325408,100.0,67.43962860107422,497.0,0.0
1366,0.0,1892.0,13.577276229858398,36.99,76.78250885009766,1815.0,0.0,1367.0,0.0677450001239776,100.0,67.35958862304688,444.0,0.0
1367,0.0,1892.0,13.577276229858398,36.99,76.78250885009766,1815.0,0.0,1367.0,0.0677450001239776,100.0,67.35958862304688,444.0,0.0
1368,0.0,1892.0,13.577276229858398,36.99,76.78250885009766,1815.0,0.0,1367.0,0.0677450001239776,100.0,67.35958862304688,444.0,0.0
1369,0.0,1892.0,13.577276229858398,36.99,76.78250885009766,1815.0,0.0,1367.0,0.0677450001239776,100.0,67.35958862304688,444.0,0.0
1370,0.0,1892.0,13.577276229858398,36.99,76.78250885009766,1815.0,0.0,1367.0,0.0677450001239776,100.0,67.35958862304688,444.0,0.0
1371,0.0,1892.0,13.970712661743164,36.99,77.54142761230469,1943.0,0.0,1367.0,0.0363865084946155,100.0,67.65678405761719,444.0,0.0
1372,0.0,1892.0,13.970712661743164,36.99,77.54142761230469,1943.0,0.0,1367.0,0.0363865084946155,100.0,67.65678405761719,444.0,0.0
1373,0.0,1892.0,13.970712661743164,36.99,77.54142761230469,1943.0,0.0,1367.0,0.0363865084946155,100.0,67.65678405761719,444.0,0.0
1374,0.0,1892.0,13.970712661743164,36.99,77.54142761230469,1943.0,0.0,1367.0,0.0363865084946155,100.0,67.65678405761719,444.0,0.0
1375,0.0,1892.0,13.970712661743164,36.99,77.54142761230469,1943.0,0.0,1367.0,0.0363865084946155,100.0,67.65678405761719,444.0,0.0
1376,0.0,1892.0,14.287591934204102,36.99,77.76446533203125,2083.0,0.0,1367.0,0.1373402774333953,100.0,67.33634185791016,461.0,0.0
1377,0.0,1892.0,14.287591934204102,36.99,77.76446533203125,2083.0,0.0,1367.0,0.1373402774333953,100.0,67.33634185791016,461.0,0.0
1378,0.0,1892.0,14.287591934204102,36.99,77.76446533203125,2083.0,0.0,1367.0,0.1373402774333953,100.0,67.33634185791016,461.0,0.0
1379,0.0,1892.0,14.287591934204102,36.99,77.76446533203125,2083.0,0.0,1367.0,0.1373402774333953,100.0,67.33634185791016,461.0,0.0
1380,0.0,1892.0,14.287591934204102,36.99,77.76446533203125,2083.0,0.0,1367.0,0.1373402774333953,100.0,67.33634185791016,461.0,0.0
1381,0.0,1892.0,17.26841163635254,36.99,78.45054626464844,1970.0,0.0,1367.0,0.0498516634106636,100.0,67.31958770751953,444.0,0.0
1382,0.0,1892.0,17.26841163635254,36.99,78.45054626464844,1970.0,0.0,1367.0,0.0498516634106636,100.0,67.31958770751953,444.0,0.0
1383,0.0,1892.0,17.26841163635254,36.99,78.45054626464844,1970.0,0.0,1367.0,0.0498516634106636,100.0,67.31958770751953,444.0,0.0
1384,0.0,1892.0,17.26841163635254,36.99,78.45054626464844,1970.0,0.0,1367.0,0.0498516634106636,100.0,67.31958770751953,444.0,0.0
1385,0.0,1892.0,17.26841163635254,36.99,78.45054626464844,1970.0,0.0,1367.0,0.0498516634106636,100.0,67.31958770751953,444.0,0.0
1386,0.0,1892.0,17.26841163635254,36.99,78.45054626464844,1970.0,0.0,1367.0,0.0498516634106636,100.0,67.31958770751953,444.0,0.0
1387,0.0,1892.0,15.883233070373535,36.99,78.80976867675781,2037.0,0.0,1367.0,0.0856570303440094,100.0,67.41343688964844,477.0,0.0
1388,0.0,1892.0,15.883233070373535,36.99,78.80976867675781,2037.0,0.0,1367.0,0.0856570303440094,100.0,67.41343688964844,477.0,0.0
1389,0.0,1892.0,15.883233070373535,36.99,78.80976867675781,2037.0,0.0,1367.0,0.0856570303440094,100.0,67.41343688964844,477.0,0.0
1390,0.0,1892.0,15.883233070373535,36.99,78.80976867675781,2037.0,0.0,1367.0,0.0856570303440094,100.0,67.41343688964844,477.0,0.0
1391,0.0,1892.0,15.883233070373535,36.99,78.80976867675781,2037.0,0.0,1367.0,0.0856570303440094,100.0,67.41343688964844,477.0,0.0
1392,0.0,1892.0,13.433921813964844,36.99,77.47023010253906,2139.0,0.0,1367.0,0.174221321940422,100.0,67.40238952636719,475.0,0.0
1393,0.0,1892.0,13.433921813964844,36.99,77.47023010253906,2139.0,0.0,1367.0,0.174221321940422,100.0,67.40238952636719,475.0,0.0
1394,0.0,1892.0,13.433921813964844,36.99,77.47023010253906,2139.0,0.0,1367.0,0.174221321940422,100.0,67.40238952636719,475.0,0.0
1395,0.0,1892.0,13.433921813964844,36.99,77.47023010253906,2139.0,0.0,1367.0,0.174221321940422,100.0,67.40238952636719,475.0,0.0
1396,0.0,1892.0,13.433921813964844,36.99,77.47023010253906,2139.0,0.0,1367.0,0.174221321940422,100.0,67.40238952636719,475.0,0.0
1397,0.0,1892.0,12.874102592468262,36.99,76.73226928710938,2118.0,0.0,1367.0,0.0686010718345642,100.0,67.67424011230469,444.0,0.0
1398,0.0,1892.0,12.874102592468262,36.99,76.73226928710938,2118.0,0.0,1367.0,0.0686010718345642,100.0,67.67424011230469,444.0,0.0
1399,0.0,1892.0,12.874102592468262,36.99,76.73226928710938,2118.0,0.0,1367.0,0.0686010718345642,100.0,67.67424011230469,444.0,0.0
1400,0.0,1892.0,12.874102592468262,36.99,76.73226928710938,2118.0,0.0,1367.0,0.0686010718345642,100.0,67.67424011230469,444.0,0.0
1401,0.0,1892.0,12.874102592468262,36.99,76.73226928710938,2118.0,0.0,1367.0,0.0686010718345642,100.0,67.67424011230469,444.0,0.0
1402,0.0,1892.0,12.746167182922363,36.99,74.81976318359375,2045.0,0.0,1367.0,0.0478132851421833,100.0,67.90219116210938,444.0,0.0
1403,0.0,1892.0,12.746167182922363,36.99,74.81976318359375,2045.0,0.0,1367.0,0.0478132851421833,100.0,67.90219116210938,444.0,0.0
1404,0.0,1892.0,12.746167182922363,36.99,74.81976318359375,2045.0,0.0,1367.0,0.0478132851421833,100.0,67.90219116210938,444.0,0.0
1405,0.0,1892.0,12.746167182922363,36.99,74.81976318359375,2045.0,0.0,1367.0,0.0478132851421833,100.0,67.90219116210938,444.0,0.0
1406,0.0,1892.0,12.746167182922363,36.99,74.81976318359375,2045.0,0.0,1367.0,0.0478132851421833,100.0,67.90219116210938,444.0,0.0
1407,0.0,1892.0,13.086750030517578,36.99,74.84471893310547,1840.0,0.0,1367.0,0.0660853087902069,100.0,67.74214935302734,444.0,0.0
1408,0.0,1892.0,13.086750030517578,36.99,74.84471893310547,1840.0,0.0,1367.0,0.0660853087902069,100.0,67.74214935302734,444.0,0.0
1409,0.0,1892.0,13.086750030517578,36.99,74.84471893310547,1840.0,0.0,1367.0,0.0660853087902069,100.0,67.74214935302734,444.0,0.0
1410,0.0,1892.0,13.086750030517578,36.99,74.84471893310547,1840.0,0.0,1367.0,0.0660853087902069,100.0,67.74214935302734,444.0,0.0
1411,0.0,1892.0,13.086750030517578,36.99,74.84471893310547,1840.0,0.0,1367.0,0.0660853087902069,100.0,67.74214935302734,444.0,0.0
1412,0.0,1892.0,13.155590057373049,36.99,77.7332992553711,2071.0,0.0,1367.0,0.1518101692199707,100.0,67.43777465820312,465.0,0.0
1413,0.0,1892.0,13.155590057373049,36.99,77.7332992553711,2071.0,0.0,1367.0,0.1518101692199707,100.0,67.43777465820312,465.0,0.0
1414,0.0,1892.0,13.155590057373049,36.99,77.7332992553711,2071.0,0.0,1367.0,0.1518101692199707,100.0,67.43777465820312,465.0,0.0
1415,0.0,1892.0,13.155590057373049,36.99,77.7332992553711,2071.0,0.0,1367.0,0.1518101692199707,100.0,67.43777465820312,465.0,0.0
1416,0.0,1892.0,13.155590057373049,36.99,77.7332992553711,2071.0,0.0,1367.0,0.1518101692199707,100.0,67.43777465820312,465.0,0.0
1417,0.0,1892.0,12.78344440460205,36.99,76.68113708496094,1277.0,0.0,1367.0,0.0023968103341758,100.0,67.49220275878906,222.0,0.0
1418,0.0,1892.0,12.78344440460205,36.99,76.68113708496094,1277.0,0.0,1367.0,0.0023968103341758,100.0,67.49220275878906,222.0,0.0
1419,0.0,1892.0,12.78344440460205,36.99,76.68113708496094,1277.0,0.0,1367.0,0.0023968103341758,100.0,67.49220275878906,222.0,0.0
1420,0.0,1892.0,12.78344440460205,36.99,76.68113708496094,1277.0,0.0,1367.0,0.0023968103341758,100.0,67.49220275878906,222.0,0.0
1421,0.0,1892.0,12.78344440460205,36.99,76.68113708496094,1277.0,0.0,1367.0,0.0023968103341758,100.0,67.49220275878906,222.0,0.0
1422,0.0,1892.0,14.062077522277832,36.99,75.59371948242188,1881.0,0.0,1367.0,0.1874925643205642,100.0,66.98149108886719,529.0,0.0
1423,0.0,1892.0,14.062077522277832,36.99,75.59371948242188,1881.0,0.0,1367.0,0.1874925643205642,100.0,66.98149108886719,529.0,0.0
1424,0.0,1892.0,14.062077522277832,36.99,75.59371948242188,1881.0,0.0,1367.0,0.1874925643205642,100.0,66.98149108886719,529.0,0.0
1425,0.0,1892.0,14.062077522277832,36.99,75.59371948242188,1881.0,0.0,1367.0,0.1874925643205642,100.0,66.98149108886719,529.0,0.0
1426,0.0,1892.0,14.062077522277832,36.99,75.59371948242188,1881.0,0.0,1367.0,0.1874925643205642,100.0,66.98149108886719,529.0,0.0
1427,0.0,1892.0,13.486934661865234,36.99,77.8539047241211,1716.0,0.0,1367.0,0.1039163842797279,100.0,67.53504943847656,444.0,0.0
1428,0.0,1892.0,13.486934661865234,36.99,77.8539047241211,1716.0,0.0,1367.0,0.1039163842797279,100.0,67.53504943847656,444.0,0.0
1429,0.0,1892.0,13.486934661865234,36.99,77.8539047241211,1716.0,0.0,1367.0,0.1039163842797279,100.0,67.53504943847656,444.0,0.0
1430,0.0,1892.0,13.486934661865234,36.99,77.8539047241211,1716.0,0.0,1367.0,0.1039163842797279,100.0,67.53504943847656,444.0,0.0
1431,0.0,1892.0,13.486934661865234,36.99,77.8539047241211,1716.0,0.0,1367.0,0.1039163842797279,100.0,67.53504943847656,444.0,0.0
1432,0.0,1892.0,13.96051788330078,36.99,76.74958038330078,1803.0,0.0,1367.0,0.0121133513748645,100.0,67.28752136230469,222.0,0.0
1433,0.0,1892.0,13.96051788330078,36.99,76.74958038330078,1803.0,0.0,1367.0,0.0121133513748645,100.0,67.28752136230469,222.0,0.0
1434,0.0,1892.0,13.96051788330078,36.99,76.74958038330078,1803.0,0.0,1367.0,0.0121133513748645,100.0,67.28752136230469,222.0,0.0
1435,0.0,1892.0,13.96051788330078,36.99,76.74958038330078,1803.0,0.0,1367.0,0.0121133513748645,100.0,67.28752136230469,222.0,0.0
1436,0.0,1892.0,13.96051788330078,36.99,76.74958038330078,1803.0,0.0,1367.0,0.0121133513748645,100.0,67.28752136230469,222.0,0.0
1437,0.0,1892.0,13.96051788330078,36.99,76.74958038330078,1803.0,0.0,1367.0,0.0121133513748645,100.0,67.28752136230469,222.0,0.0
1438,0.0,1892.0,16.151134490966797,36.99,79.08403778076172,1660.0,0.0,1367.0,0.0,100.0,67.40567016601562,0.0,0.0
1439,0.0,1892.0,16.151134490966797,36.99,79.08403778076172,1660.0,0.0,1367.0,0.0,100.0,67.40567016601562,0.0,0.0
1440,0.0,1892.0,16.151134490966797,36.99,79.08403778076172,1660.0,0.0,1367.0,0.0,100.0,67.40567016601562,0.0,0.0
1441,0.0,1892.0,16.151134490966797,36.99,79.08403778076172,1660.0,0.0,1367.0,0.0,100.0,67.40567016601562,0.0,0.0
1442,0.0,1892.0,16.151134490966797,36.99,79.08403778076172,1660.0,0.0,1367.0,0.0,100.0,67.40567016601562,0.0,0.0
1443,0.0,1892.0,12.73709487915039,36.99,75.5741195678711,1575.0,0.0,1367.0,0.0002428005245747,100.0,67.07472229003906,111.0,0.0
1444,0.0,1892.0,12.73709487915039,36.99,75.5741195678711,1575.0,0.0,1367.0,0.0002428005245747,100.0,67.07472229003906,111.0,0.0
1445,0.0,1892.0,12.73709487915039,36.99,75.5741195678711,1575.0,0.0,1367.0,0.0002428005245747,100.0,67.07472229003906,111.0,0.0
1446,0.0,1892.0,12.73709487915039,36.99,75.5741195678711,1575.0,0.0,1367.0,0.0002428005245747,100.0,67.07472229003906,111.0,0.0
1447,0.0,1892.0,12.73709487915039,36.99,75.5741195678711,1575.0,0.0,1367.0,0.0002428005245747,100.0,67.07472229003906,111.0,0.0
1448,0.0,1892.0,12.761497497558594,36.99,74.09738159179688,1442.0,0.0,1367.0,0.0023319260217249,100.0,66.88059997558594,111.0,0.0
1449,0.0,1892.0,12.761497497558594,36.99,74.09738159179688,1442.0,0.0,1367.0,0.0023319260217249,100.0,66.88059997558594,111.0,0.0
1450,0.0,1892.0,12.761497497558594,36.99,74.09738159179688,1442.0,0.0,1367.0,0.0023319260217249,100.0,66.88059997558594,111.0,0.0
1451,0.0,1892.0,12.761497497558594,36.99,74.09738159179688,1442.0,0.0,1367.0,0.0023319260217249,100.0,66.88059997558594,111.0,0.0
1452,0.0,1892.0,12.761497497558594,36.99,74.09738159179688,1442.0,0.0,1367.0,0.0023319260217249,100.0,66.88059997558594,111.0,0.0
1453,0.0,1892.0,12.582721710205078,36.99,74.29557037353516,1287.0,0.0,1367.0,0.0030484057497233,100.0,66.71794128417969,111.0,0.0
1454,0.0,1892.0,12.582721710205078,36.99,74.29557037353516,1287.0,0.0,1367.0,0.0030484057497233,100.0,66.71794128417969,111.0,0.0
1455,0.0,1892.0,12.582721710205078,36.99,74.29557037353516,1287.0,0.0,1367.0,0.0030484057497233,100.0,66.71794128417969,111.0,0.0
1456,0.0,1892.0,12.582721710205078,36.99,74.29557037353516,1287.0,0.0,1367.0,0.0030484057497233,100.0,66.71794128417969,111.0,0.0
1457,0.0,1892.0,12.582721710205078,36.99,74.29557037353516,1287.0,0.0,1367.0,0.0030484057497233,100.0,66.71794128417969,111.0,0.0
1458,0.0,1892.0,12.931270599365234,36.99,74.28227996826172,1402.0,0.0,1367.0,0.0,100.0,5.8734002113342285,0.0,0.0
1459,0.0,1892.0,12.931270599365234,36.99,74.28227996826172,1402.0,0.0,1367.0,0.0,100.0,5.8734002113342285,0.0,0.0
1460,0.0,1892.0,12.931270599365234,36.99,74.28227996826172,1402.0,0.0,1367.0,0.0,100.0,5.8734002113342285,0.0,0.0
1461,0.0,1892.0,12.931270599365234,36.99,74.28227996826172,1402.0,0.0,1367.0,0.0,100.0,5.8734002113342285,0.0,0.0
1462,0.0,1892.0,12.931270599365234,36.99,74.28227996826172,1402.0,0.0,1367.0,0.0,100.0,5.8734002113342285,0.0,0.0
1463,0.0,1892.0,12.735725402832031,36.99,75.18730163574219,1629.0,0.0,1367.0,0.001862792763859,100.0,66.64920043945312,111.0,0.0
1464,0.0,1892.0,12.735725402832031,36.99,75.18730163574219,1629.0,0.0,1367.0,0.001862792763859,100.0,66.64920043945312,111.0,0.0
1465,0.0,1892.0,12.735725402832031,36.99,75.18730163574219,1629.0,0.0,1367.0,0.001862792763859,100.0,66.64920043945312,111.0,0.0
1466,0.0,1892.0,12.735725402832031,36.99,75.18730163574219,1629.0,0.0,1367.0,0.001862792763859,100.0,66.64920043945312,111.0,0.0
1467,0.0,1892.0,12.735725402832031,36.99,75.18730163574219,1629.0,0.0,1367.0,0.001862792763859,100.0,66.64920043945312,111.0,0.0
1468,0.0,1892.0,12.829684257507324,36.99,74.16218566894531,1704.0,0.0,1367.0,0.0770608559250831,100.0,66.83887481689453,333.0,0.0
1469,0.0,1892.0,12.829684257507324,36.99,74.16218566894531,1704.0,0.0,1367.0,0.0770608559250831,100.0,66.83887481689453,333.0,0.0
1470,0.0,1892.0,12.829684257507324,36.99,74.16218566894531,1704.0,0.0,1367.0,0.0770608559250831,100.0,66.83887481689453,333.0,0.0
1471,0.0,1892.0,12.829684257507324,36.99,74.16218566894531,1704.0,0.0,1367.0,0.0770608559250831,100.0,66.83887481689453,333.0,0.0
1472,0.0,1892.0,12.829684257507324,36.99,74.16218566894531,1704.0,0.0,1367.0,0.0770608559250831,100.0,66.83887481689453,333.0,0.0
1473,0.0,1892.0,13.433785438537598,36.99,74.80462646484375,1631.0,0.0,1367.0,0.1641899198293686,100.0,66.798828125,222.0,0.0
1474,0.0,1892.0,13.433785438537598,36.99,74.80462646484375,1631.0,0.0,1367.0,0.1641899198293686,100.0,66.798828125,222.0,0.0
1475,0.0,1892.0,13.433785438537598,36.99,74.80462646484375,1631.0,0.0,1367.0,0.1641899198293686,100.0,66.798828125,222.0,0.0
1476,0.0,1892.0,13.433785438537598,36.99,74.80462646484375,1631.0,0.0,1367.0,0.1641899198293686,100.0,66.798828125,222.0,0.0
1477,0.0,1892.0,13.433785438537598,36.99,74.80462646484375,1631.0,0.0,1367.0,0.1641899198293686,100.0,66.798828125,222.0,0.0
1478,0.0,1892.0,13.068538665771484,36.99,76.95150756835938,2190.0,0.0,1367.0,0.0959818288683891,100.0,67.08902740478516,444.0,0.0
1479,0.0,1892.0,13.068538665771484,36.99,76.95150756835938,2190.0,0.0,1367.0,0.0959818288683891,100.0,67.08902740478516,444.0,0.0
1480,0.0,1892.0,13.068538665771484,36.99,76.95150756835938,2190.0,0.0,1367.0,0.0959818288683891,100.0,67.08902740478516,444.0,0.0
1481,0.0,1892.0,13.068538665771484,36.99,76.95150756835938,2190.0,0.0,1367.0,0.0959818288683891,100.0,67.08902740478516,444.0,0.0
1482,0.0,1892.0,13.068538665771484,36.99,76.95150756835938,2190.0,0.0,1367.0,0.0959818288683891,100.0,67.08902740478516,444.0,0.0
1483,0.0,1892.0,12.67253875732422,36.99,74.07025146484375,1753.0,0.0,1367.0,0.014035384170711,100.0,67.087646484375,444.0,0.0
1484,0.0,1892.0,12.67253875732422,36.99,74.07025146484375,1753.0,0.0,1367.0,0.014035384170711,100.0,67.087646484375,444.0,0.0
1485,0.0,1892.0,12.67253875732422,36.99,74.07025146484375,1753.0,0.0,1367.0,0.014035384170711,100.0,67.087646484375,444.0,0.0
1486,0.0,1892.0,12.67253875732422,36.99,74.07025146484375,1753.0,0.0,1367.0,0.014035384170711,100.0,67.087646484375,444.0,0.0
1487,0.0,1892.0,12.67253875732422,36.99,74.07025146484375,1753.0,0.0,1367.0,0.014035384170711,100.0,67.087646484375,444.0,0.0
1488,0.0,1892.0,12.67253875732422,36.99,74.07025146484375,1753.0,0.0,1367.0,0.014035384170711,100.0,67.087646484375,444.0,0.0
1489,0.0,1892.0,12.909757614135742,36.99,75.20677947998047,1816.0,0.0,1367.0,0.0092321820557117,100.0,66.91844940185547,444.0,0.0
1490,0.0,1892.0,12.909757614135742,36.99,75.20677947998047,1816.0,0.0,1367.0,0.0092321820557117,100.0,66.91844940185547,444.0,0.0
1491,0.0,1892.0,12.909757614135742,36.99,75.20677947998047,1816.0,0.0,1367.0,0.0092321820557117,100.0,66.91844940185547,444.0,0.0
1492,0.0,1892.0,12.909757614135742,36.99,75.20677947998047,1816.0,0.0,1367.0,0.0092321820557117,100.0,66.91844940185547,444.0,0.0
1493,0.0,1892.0,12.909757614135742,36.99,75.20677947998047,1816.0,0.0,1367.0,0.0092321820557117,100.0,66.91844940185547,444.0,0.0
1494,0.0,1892.0,13.038037300109863,36.99,74.53231048583984,2008.0,0.0,1367.0,0.0790433138608932,100.0,66.61170196533203,444.0,0.0
1495,0.0,1892.0,13.038037300109863,36.99,74.53231048583984,2008.0,0.0,1367.0,0.0790433138608932,100.0,66.61170196533203,444.0,0.0
1496,0.0,1892.0,13.038037300109863,36.99,74.53231048583984,2008.0,0.0,1367.0,0.0790433138608932,100.0,66.61170196533203,444.0,0.0
1497,0.0,1892.0,13.038037300109863,36.99,74.53231048583984,2008.0,0.0,1367.0,0.0790433138608932,100.0,66.61170196533203,444.0,0.0
1498,0.0,1892.0,13.038037300109863,36.99,74.53231048583984,2008.0,0.0,1367.0,0.0790433138608932,100.0,66.61170196533203,444.0,0.0
1499,0.0,1892.0,13.462061882019045,36.99,76.9871597290039,2144.0,0.0,1367.0,0.0864945203065872,100.0,67.01483154296875,511.0,0.0
1500,0.0,1892.0,13.462061882019045,36.99,76.9871597290039,2144.0,0.0,1367.0,0.0864945203065872,100.0,67.01483154296875,511.0,0.0
1501,0.0,1892.0,13.462061882019045,36.99,76.9871597290039,2144.0,0.0,1367.0,0.0864945203065872,100.0,67.01483154296875,511.0,0.0
1502,0.0,1892.0,13.462061882019045,36.99,76.9871597290039,2144.0,0.0,1367.0,0.0864945203065872,100.0,67.01483154296875,511.0,0.0
1503,0.0,1892.0,13.462061882019045,36.99,76.9871597290039,2144.0,0.0,1367.0,0.0864945203065872,100.0,67.01483154296875,511.0,0.0
1504,0.0,1892.0,12.919925689697266,36.99,74.71297454833984,2183.0,0.0,1367.0,0.0166090074926614,100.0,66.68809509277344,444.0,0.0
1505,0.0,1892.0,12.919925689697266,36.99,74.71297454833984,2183.0,0.0,1367.0,0.0166090074926614,100.0,66.68809509277344,444.0,0.0
1506,0.0,1892.0,12.919925689697266,36.99,74.71297454833984,2183.0,0.0,1367.0,0.0166090074926614,100.0,66.68809509277344,444.0,0.0
1507,0.0,1892.0,12.919925689697266,36.99,74.71297454833984,2183.0,0.0,1367.0,0.0166090074926614,100.0,66.68809509277344,444.0,0.0
1508,0.0,1892.0,12.919925689697266,36.99,74.71297454833984,2183.0,0.0,1367.0,0.0166090074926614,100.0,66.68809509277344,444.0,0.0
1509,0.0,1892.0,12.845466613769531,36.99,75.74822998046875,2327.0,0.0,1367.0,0.0084026213735342,100.0,66.62409973144531,444.0,0.0
1510,0.0,1892.0,12.845466613769531,36.99,75.74822998046875,2327.0,0.0,1367.0,0.0084026213735342,100.0,66.62409973144531,444.0,0.0
1511,0.0,1892.0,12.845466613769531,36.99,75.74822998046875,2327.0,0.0,1367.0,0.0084026213735342,100.0,66.62409973144531,444.0,0.0
1512,0.0,1892.0,12.845466613769531,36.99,75.74822998046875,2327.0,0.0,1367.0,0.0084026213735342,100.0,66.62409973144531,444.0,0.0
1513,0.0,1892.0,12.845466613769531,36.99,75.74822998046875,2327.0,0.0,1367.0,0.0084026213735342,100.0,66.62409973144531,444.0,0.0
1514,0.0009727626456879,1892.0,12.828520774841309,36.99,75.06875610351562,2332.0,0.0,1367.0,0.0090342964977025,100.0,66.76384735107422,444.0,0.0
1515,0.0009727626456879,1892.0,12.828520774841309,36.99,75.06875610351562,2332.0,0.0,1367.0,0.0090342964977025,100.0,66.76384735107422,444.0,0.0
1516,0.0009727626456879,1892.0,12.828520774841309,36.99,75.06875610351562,2332.0,0.0,1367.0,0.0090342964977025,100.0,66.76384735107422,444.0,0.0
1517,0.0009727626456879,1892.0,12.828520774841309,36.99,75.06875610351562,2332.0,0.0,1367.0,0.0090342964977025,100.0,66.76384735107422,444.0,0.0
1518,0.0009727626456879,1892.0,12.828520774841309,36.99,75.06875610351562,2332.0,0.0,1367.0,0.0090342964977025,100.0,66.76384735107422,444.0,0.0
1519,0.0,1892.0,12.859359741210938,36.99,75.60806274414062,2038.0,0.0,1367.0,0.0084042679518461,100.0,66.53919982910156,444.0,0.0
1520,0.0,1892.0,12.859359741210938,36.99,75.60806274414062,2038.0,0.0,1367.0,0.0084042679518461,100.0,66.53919982910156,444.0,0.0
1521,0.0,1892.0,12.859359741210938,36.99,75.60806274414062,2038.0,0.0,1367.0,0.0084042679518461,100.0,66.53919982910156,444.0,0.0
1522,0.0,1892.0,12.859359741210938,36.99,75.60806274414062,2038.0,0.0,1367.0,0.0084042679518461,100.0,66.53919982910156,444.0,0.0
1523,0.0,1892.0,12.859359741210938,36.99,75.60806274414062,2038.0,0.0,1367.0,0.0084042679518461,100.0,66.53919982910156,444.0,0.0
1524,0.0,1892.0,14.279327392578123,36.99,75.4477310180664,2186.0,0.0,1367.0,0.0099235577508807,100.0,66.34304809570312,444.0,0.0
1525,0.0,1892.0,14.279327392578123,36.99,75.4477310180664,2186.0,0.0,1367.0,0.0099235577508807,100.0,66.34304809570312,444.0,0.0
1526,0.0,1892.0,14.279327392578123,36.99,75.4477310180664,2186.0,0.0,1367.0,0.0099235577508807,100.0,66.34304809570312,444.0,0.0
1527,0.0,1892.0,14.279327392578123,36.99,75.4477310180664,2186.0,0.0,1367.0,0.0099235577508807,100.0,66.34304809570312,444.0,0.0
1528,0.0,1892.0,14.279327392578123,36.99,75.4477310180664,2186.0,0.0,1367.0,0.0099235577508807,100.0,66.34304809570312,444.0,0.0
1529,0.0,1892.0,12.929092407226562,36.99,75.29354095458984,1905.0,0.0,1367.0,0.0090431291610002,100.0,67.025146484375,519.0,0.0
1530,0.0,1892.0,12.929092407226562,36.99,75.29354095458984,1905.0,0.0,1367.0,0.0090431291610002,100.0,67.025146484375,519.0,0.0
1531,0.0,1892.0,12.929092407226562,36.99,75.29354095458984,1905.0,0.0,1367.0,0.0090431291610002,100.0,67.025146484375,519.0,0.0
1532,0.0,1892.0,12.929092407226562,36.99,75.29354095458984,1905.0,0.0,1367.0,0.0090431291610002,100.0,67.025146484375,519.0,0.0
1533,0.0,1892.0,12.929092407226562,36.99,75.29354095458984,1905.0,0.0,1367.0,0.0090431291610002,100.0,67.025146484375,519.0,0.0
1534,0.0,1892.0,12.929092407226562,36.99,75.29354095458984,1905.0,0.0,1367.0,0.0090431291610002,100.0,67.025146484375,519.0,0.0
1535,0.0,1892.0,13.84943389892578,36.99,74.9366455078125,2134.0,0.0,1367.0,0.1526539623737335,100.0,66.35220336914062,444.0,0.0
1536,0.0,1892.0,13.84943389892578,36.99,74.9366455078125,2134.0,0.0,1367.0,0.1526539623737335,100.0,66.35220336914062,444.0,0.0
1537,0.0,1892.0,13.84943389892578,36.99,74.9366455078125,2134.0,0.0,1367.0,0.1526539623737335,100.0,66.35220336914062,444.0,0.0
1538,0.0,1892.0,13.84943389892578,36.99,74.9366455078125,2134.0,0.0,1367.0,0.1526539623737335,100.0,66.35220336914062,444.0,0.0
1539,0.0,1892.0,13.84943389892578,36.99,74.9366455078125,2134.0,0.0,1367.0,0.1526539623737335,100.0,66.35220336914062,444.0,0.0
1540,0.0,1892.0,13.165783882141112,36.99,75.90414428710938,2184.0,0.0,1367.0,0.0328694768249988,100.0,66.60130310058594,444.0,0.0
1541,0.0,1892.0,13.165783882141112,36.99,75.90414428710938,2184.0,0.0,1367.0,0.0328694768249988,100.0,66.60130310058594,444.0,0.0
1542,0.0,1892.0,13.165783882141112,36.99,75.90414428710938,2184.0,0.0,1367.0,0.0328694768249988,100.0,66.60130310058594,444.0,0.0
1543,0.0,1892.0,13.165783882141112,36.99,75.90414428710938,2184.0,0.0,1367.0,0.0328694768249988,100.0,66.60130310058594,444.0,0.0
1544,0.0,1892.0,13.165783882141112,36.99,75.90414428710938,2184.0,0.0,1367.0,0.0328694768249988,100.0,66.60130310058594,444.0,0.0
1545,0.0,1892.0,12.804899215698242,36.99,74.63232421875,2092.0,0.0,1367.0,0.0077541978098452,100.0,66.43122863769531,444.0,0.0
1546,0.0,1892.0,12.804899215698242,36.99,74.63232421875,2092.0,0.0,1367.0,0.0077541978098452,100.0,66.43122863769531,444.0,0.0
1547,0.0,1892.0,12.804899215698242,36.99,74.63232421875,2092.0,0.0,1367.0,0.0077541978098452,100.0,66.43122863769531,444.0,0.0
1548,0.0,1892.0,12.804899215698242,36.99,74.63232421875,2092.0,0.0,1367.0,0.0077541978098452,100.0,66.43122863769531,444.0,0.0
1549,0.0,1892.0,12.804899215698242,36.99,74.63232421875,2092.0,0.0,1367.0,0.0077541978098452,100.0,66.43122863769531,444.0,0.0
1550,0.0,1892.0,12.761322021484377,36.99,74.82689666748047,1289.0,0.0,1367.0,0.0022898323368281,100.0,66.31170654296875,111.0,0.0
1551,0.0,1892.0,12.761322021484377,36.99,74.82689666748047,1289.0,0.0,1367.0,0.0022898323368281,100.0,66.31170654296875,111.0,0.0
1552,0.0,1892.0,12.761322021484377,36.99,74.82689666748047,1289.0,0.0,1367.0,0.0022898323368281,100.0,66.31170654296875,111.0,0.0
1553,0.0,1892.0,12.761322021484377,36.99,74.82689666748047,1289.0,0.0,1367.0,0.0022898323368281,100.0,66.31170654296875,111.0,0.0
1554,0.0,1892.0,12.761322021484377,36.99,74.82689666748047,1289.0,0.0,1367.0,0.0022898323368281,100.0,66.31170654296875,111.0,0.0
1555,0.0,1892.0,12.709550857543944,36.99,73.75664520263672,1343.0,0.0,1367.0,0.0,100.0,5.8734002113342285,0.0,0.0
1556,0.0,1892.0,12.709550857543944,36.99,73.75664520263672,1343.0,0.0,1367.0,0.0,100.0,5.8734002113342285,0.0,0.0
1557,0.0,1892.0,12.709550857543944,36.99,73.75664520263672,1343.0,0.0,1367.0,0.0,100.0,5.8734002113342285,0.0,0.0
1558,0.0,1892.0,12.709550857543944,36.99,73.75664520263672,1343.0,0.0,1367.0,0.0,100.0,5.8734002113342285,0.0,0.0
1559,0.0,1892.0,12.709550857543944,36.99,73.75664520263672,1343.0,0.0,1367.0,0.0,100.0,5.8734002113342285,0.0,0.0
1560,0.0,1892.0,12.734560012817385,36.99,73.76034545898438,1604.0,0.0,1367.0,0.0006374708027578,100.0,65.90232849121094,111.0,0.0
1561,0.0,1892.0,12.734560012817385,36.99,73.76034545898438,1604.0,0.0,1367.0,0.0006374708027578,100.0,65.90232849121094,111.0,0.0
1562,0.0,1892.0,12.734560012817385,36.99,73.76034545898438,1604.0,0.0,1367.0,0.0006374708027578,100.0,65.90232849121094,111.0,0.0
1563,0.0,1892.0,12.734560012817385,36.99,73.76034545898438,1604.0,0.0,1367.0,0.0006374708027578,100.0,65.90232849121094,111.0,0.0
1564,0.0,1892.0,12.734560012817385,36.99,73.76034545898438,1604.0,0.0,1367.0,0.0006374708027578,100.0,65.90232849121094,111.0,0.0
1565,0.0,1892.0,13.908157348632812,36.99,76.64381408691406,1882.0,0.0,1367.0,0.1968734115362167,100.0,66.55241394042969,485.0,0.0
1566,0.0,1892.0,13.908157348632812,36.99,76.64381408691406,1882.0,0.0,1367.0,0.1968734115362167,100.0,66.55241394042969,485.0,0.0
1567,0.0,1892.0,13.908157348632812,36.99,76.64381408691406,1882.0,0.0,1367.0,0.1968734115362167,100.0,66.55241394042969,485.0,0.0
1568,0.0,1892.0,13.908157348632812,36.99,76.64381408691406,1882.0,0.0,1367.0,0.1968734115362167,100.0,66.55241394042969,485.0,0.0
1569,0.0,1892.0,13.908157348632812,36.99,76.64381408691406,1882.0,0.0,1367.0,0.1968734115362167,100.0,66.55241394042969,485.0,0.0
1570,0.0,1892.0,14.07803440093994,36.99,76.93379211425781,1899.0,0.0,1367.0,0.1524937748908996,100.0,66.67154693603516,333.0,0.0
1571,0.0,1892.0,14.07803440093994,36.99,76.93379211425781,1899.0,0.0,1367.0,0.1524937748908996,100.0,66.67154693603516,333.0,0.0
1572,0.0,1892.0,14.07803440093994,36.99,76.93379211425781,1899.0,0.0,1367.0,0.1524937748908996,100.0,66.67154693603516,333.0,0.0
1573,0.0,1892.0,14.07803440093994,36.99,76.93379211425781,1899.0,0.0,1367.0,0.1524937748908996,100.0,66.67154693603516,333.0,0.0
1574,0.0,1892.0,14.07803440093994,36.99,76.93379211425781,1899.0,0.0,1367.0,0.1524937748908996,100.0,66.67154693603516,333.0,0.0
1575,0.0,1892.0,13.126246452331545,36.99,75.4839096069336,1919.0,0.0,1367.0,0.090045154094696,100.0,66.41090393066406,495.0,0.0
1576,0.0,1892.0,13.126246452331545,36.99,75.4839096069336,1919.0,0.0,1367.0,0.090045154094696,100.0,66.41090393066406,495.0,0.0
1577,0.0,1892.0,13.126246452331545,36.99,75.4839096069336,1919.0,0.0,1367.0,0.090045154094696,100.0,66.41090393066406,495.0,0.0
1578,0.0,1892.0,13.126246452331545,36.99,75.4839096069336,1919.0,0.0,1367.0,0.090045154094696,100.0,66.41090393066406,495.0,0.0
1579,0.0,1892.0,13.126246452331545,36.99,75.4839096069336,1919.0,0.0,1367.0,0.090045154094696,100.0,66.41090393066406,495.0,0.0
1580,0.0,1892.0,13.26679801940918,36.99,76.54461669921875,1796.0,0.0,1367.0,0.060805220156908,100.0,66.37982177734375,490.0,0.0
1581,0.0,1892.0,13.26679801940918,36.99,76.54461669921875,1796.0,0.0,1367.0,0.060805220156908,100.0,66.37982177734375,490.0,0.0
1582,0.0,1892.0,13.26679801940918,36.99,76.54461669921875,1796.0,0.0,1367.0,0.060805220156908,100.0,66.37982177734375,490.0,0.0
1583,0.0,1892.0,13.26679801940918,36.99,76.54461669921875,1796.0,0.0,1367.0,0.060805220156908,100.0,66.37982177734375,490.0,0.0
1584,0.0,1892.0,13.26679801940918,36.99,76.54461669921875,1796.0,0.0,1367.0,0.060805220156908,100.0,66.37982177734375,490.0,0.0
1585,0.0,1892.0,13.26679801940918,36.99,76.54461669921875,1796.0,0.0,1367.0,0.060805220156908,100.0,66.37982177734375,490.0,0.0
1586,0.0,1892.0,13.958850860595703,36.99,77.0401840209961,1761.0,0.0,1367.0,0.0864088609814643,100.0,66.37687683105469,496.0,0.0
1587,0.0,1892.0,13.958850860595703,36.99,77.0401840209961,1761.0,0.0,1367.0,0.0864088609814643,100.0,66.37687683105469,496.0,0.0
1588,0.0,1892.0,13.958850860595703,36.99,77.0401840209961,1761.0,0.0,1367.0,0.0864088609814643,100.0,66.37687683105469,496.0,0.0
1589,0.0,1892.0,13.958850860595703,36.99,77.0401840209961,1761.0,0.0,1367.0,0.0864088609814643,100.0,66.37687683105469,496.0,0.0
1590,0.0,1892.0,13.958850860595703,36.99,77.0401840209961,1761.0,0.0,1367.0,0.0864088609814643,100.0,66.37687683105469,496.0,0.0
1591,0.0,1892.0,13.355966567993164,36.99,76.54597473144531,2026.0,0.0,1367.0,0.0635649710893631,100.0,66.40735626220703,485.0,0.0
1592,0.0,1892.0,13.355966567993164,36.99,76.54597473144531,2026.0,0.0,1367.0,0.0635649710893631,100.0,66.40735626220703,485.0,0.0
1593,0.0,1892.0,13.355966567993164,36.99,76.54597473144531,2026.0,0.0,1367.0,0.0635649710893631,100.0,66.40735626220703,485.0,0.0
1594,0.0,1892.0,13.355966567993164,36.99,76.54597473144531,2026.0,0.0,1367.0,0.0635649710893631,100.0,66.40735626220703,485.0,0.0
1595,0.0,1892.0,13.355966567993164,36.99,76.54597473144531,2026.0,0.0,1367.0,0.0635649710893631,100.0,66.40735626220703,485.0,0.0
1596,0.0,1892.0,13.119327545166016,36.99,76.63164520263672,1873.0,0.0,1367.0,0.0515666343271732,100.0,66.47634887695312,444.0,0.0
1597,0.0,1892.0,13.119327545166016,36.99,76.63164520263672,1873.0,0.0,1367.0,0.0515666343271732,100.0,66.47634887695312,444.0,0.0
1598,0.0,1892.0,13.119327545166016,36.99,76.63164520263672,1873.0,0.0,1367.0,0.0515666343271732,100.0,66.47634887695312,444.0,0.0
1599,0.0,1892.0,13.119327545166016,36.99,76.63164520263672,1873.0,0.0,1367.0,0.0515666343271732,100.0,66.47634887695312,444.0,0.0
1600,0.0,1892.0,13.119327545166016,36.99,76.63164520263672,1873.0,0.0,1367.0,0.0515666343271732,100.0,66.47634887695312,444.0,0.0
1601,0.0,1892.0,12.827197074890137,36.99,75.25901794433594,2045.0,0.0,1367.0,0.0353223606944084,100.0,66.13679504394531,459.0,0.0
1602,0.0,1892.0,12.827197074890137,36.99,75.25901794433594,2045.0,0.0,1367.0,0.0353223606944084,100.0,66.13679504394531,459.0,0.0
1603,0.0,1892.0,12.827197074890137,36.99,75.25901794433594,2045.0,0.0,1367.0,0.0353223606944084,100.0,66.13679504394531,459.0,0.0
1604,0.0,1892.0,12.827197074890137,36.99,75.25901794433594,2045.0,0.0,1367.0,0.0353223606944084,100.0,66.13679504394531,459.0,0.0
1605,0.0,1892.0,12.827197074890137,36.99,75.25901794433594,2045.0,0.0,1367.0,0.0353223606944084,100.0,66.13679504394531,459.0,0.0
1606,0.0,1892.0,13.219484329223633,36.99,75.43685913085938,1866.0,0.0,1367.0,0.0737471431493759,100.0,66.02259826660156,444.0,0.0
1607,0.0,1892.0,13.219484329223633,36.99,75.43685913085938,1866.0,0.0,1367.0,0.0737471431493759,100.0,66.02259826660156,444.0,0.0
1608,0.0,1892.0,13.219484329223633,36.99,75.43685913085938,1866.0,0.0,1367.0,0.0737471431493759,100.0,66.02259826660156,444.0,0.0
1609,0.0,1892.0,13.219484329223633,36.99,75.43685913085938,1866.0,0.0,1367.0,0.0737471431493759,100.0,66.02259826660156,444.0,0.0
1610,0.0,1892.0,13.219484329223633,36.99,75.43685913085938,1866.0,0.0,1367.0,0.0737471431493759,100.0,66.02259826660156,444.0,0.0
1611,0.0,1892.0,13.875539779663086,36.99,75.31637573242188,2370.0,0.0,1367.0,0.039666511118412,100.0,66.13407897949219,511.0,0.0
1612,0.0,1892.0,13.875539779663086,36.99,75.31637573242188,2370.0,0.0,1367.0,0.039666511118412,100.0,66.13407897949219,511.0,0.0
1613,0.0,1892.0,13.875539779663086,36.99,75.31637573242188,2370.0,0.0,1367.0,0.039666511118412,100.0,66.13407897949219,511.0,0.0
1614,0.0,1892.0,13.875539779663086,36.99,75.31637573242188,2370.0,0.0,1367.0,0.039666511118412,100.0,66.13407897949219,511.0,0.0
1615,0.0,1892.0,13.875539779663086,36.99,75.31637573242188,2370.0,0.0,1367.0,0.039666511118412,100.0,66.13407897949219,511.0,0.0
1616,0.0,1892.0,13.432635307312012,36.99,75.49526977539062,1911.0,0.0,1367.0,0.0384559668600559,100.0,66.01609802246094,444.0,0.0
1617,0.0,1892.0,13.432635307312012,36.99,75.49526977539062,1911.0,0.0,1367.0,0.0384559668600559,100.0,66.01609802246094,444.0,0.0
1618,0.0,1892.0,13.432635307312012,36.99,75.49526977539062,1911.0,0.0,1367.0,0.0384559668600559,100.0,66.01609802246094,444.0,0.0
1619,0.0,1892.0,13.432635307312012,36.99,75.49526977539062,1911.0,0.0,1367.0,0.0384559668600559,100.0,66.01609802246094,444.0,0.0
1620,0.0,1892.0,13.432635307312012,36.99,75.49526977539062,1911.0,0.0,1367.0,0.0384559668600559,100.0,66.01609802246094,444.0,0.0
1621,0.0,1892.0,12.99001693725586,36.99,74.89749145507812,1844.0,0.0,1367.0,0.0380372330546379,100.0,66.04405212402344,444.0,0.0
1622,0.0,1892.0,12.99001693725586,36.99,74.89749145507812,1844.0,0.0,1367.0,0.0380372330546379,100.0,66.04405212402344,444.0,0.0
1623,0.0,1892.0,12.99001693725586,36.99,74.89749145507812,1844.0,0.0,1367.0,0.0380372330546379,100.0,66.04405212402344,444.0,0.0
1624,0.0,1892.0,12.99001693725586,36.99,74.89749145507812,1844.0,0.0,1367.0,0.0380372330546379,100.0,66.04405212402344,444.0,0.0
1625,0.0,1892.0,12.99001693725586,36.99,74.89749145507812,1844.0,0.0,1367.0,0.0380372330546379,100.0,66.04405212402344,444.0,0.0
1626,0.0,1892.0,13.079011917114258,36.99,74.97663879394531,2080.0,0.0,1367.0,0.0325491055846214,100.0,65.9356918334961,444.0,0.0
1627,0.0,1892.0,13.079011917114258,36.99,74.97663879394531,2080.0,0.0,1367.0,0.0325491055846214,100.0,65.9356918334961,444.0,0.0
1628,0.0,1892.0,13.079011917114258,36.99,74.97663879394531,2080.0,0.0,1367.0,0.0325491055846214,100.0,65.9356918334961,444.0,0.0
1629,0.0,1892.0,13.079011917114258,36.99,74.97663879394531,2080.0,0.0,1367.0,0.0325491055846214,100.0,65.9356918334961,444.0,0.0
1630,0.0,1892.0,13.079011917114258,36.99,74.97663879394531,2080.0,0.0,1367.0,0.0325491055846214,100.0,65.9356918334961,444.0,0.0
1631,0.0,1892.0,13.395874977111816,36.99,75.26371765136719,1994.0,0.0,1367.0,0.0450614020228385,100.0,65.81880187988281,444.0,0.0
1632,0.0,1892.0,13.395874977111816,36.99,75.26371765136719,1994.0,0.0,1367.0,0.0450614020228385,100.0,65.81880187988281,444.0,0.0
1633,0.0,1892.0,13.395874977111816,36.99,75.26371765136719,1994.0,0.0,1367.0,0.0450614020228385,100.0,65.81880187988281,444.0,0.0
1634,0.0,1892.0,13.395874977111816,36.99,75.26371765136719,1994.0,0.0,1367.0,0.0450614020228385,100.0,65.81880187988281,444.0,0.0
1635,0.0,1892.0,13.395874977111816,36.99,75.26371765136719,1994.0,0.0,1367.0,0.0450614020228385,100.0,65.81880187988281,444.0,0.0
1636,0.0,1892.0,13.117605209350586,36.99,73.96186065673828,1907.0,0.0,1367.0,0.0443203970789909,100.0,65.81575775146484,444.0,0.0
1637,0.0,1892.0,13.117605209350586,36.99,73.96186065673828,1907.0,0.0,1367.0,0.0443203970789909,100.0,65.81575775146484,444.0,0.0
1638,0.0,1892.0,13.117605209350586,36.99,73.96186065673828,1907.0,0.0,1367.0,0.0443203970789909,100.0,65.81575775146484,444.0,0.0
1639,0.0,1892.0,13.117605209350586,36.99,73.96186065673828,1907.0,0.0,1367.0,0.0443203970789909,100.0,65.81575775146484,444.0,0.0
1640,0.0,1892.0,13.117605209350586,36.99,73.96186065673828,1907.0,0.0,1367.0,0.0443203970789909,100.0,65.81575775146484,444.0,0.0
1641,0.0,1892.0,13.117605209350586,36.99,73.96186065673828,1907.0,0.0,1367.0,0.0443203970789909,100.0,65.81575775146484,444.0,0.0
1642,0.0,1892.0,13.06639003753662,36.99,74.95414733886719,1830.0,0.0,1367.0,0.03562942892313,100.0,65.77532196044922,444.0,0.0
1643,0.0,1892.0,13.06639003753662,36.99,74.95414733886719,1830.0,0.0,1367.0,0.03562942892313,100.0,65.77532196044922,444.0,0.0
1644,0.0,1892.0,13.06639003753662,36.99,74.95414733886719,1830.0,0.0,1367.0,0.03562942892313,100.0,65.77532196044922,444.0,0.0
1645,0.0,1892.0,13.06639003753662,36.99,74.95414733886719,1830.0,0.0,1367.0,0.03562942892313,100.0,65.77532196044922,444.0,0.0
1646,0.0,1892.0,13.06639003753662,36.99,74.95414733886719,1830.0,0.0,1367.0,0.03562942892313,100.0,65.77532196044922,444.0,0.0
1647,0.0,1892.0,13.318679809570312,36.99,74.7284927368164,2011.0,0.0,1367.0,0.0478658527135849,100.0,65.69911193847656,444.0,0.0
1648,0.0,1892.0,13.318679809570312,36.99,74.7284927368164,2011.0,0.0,1367.0,0.0478658527135849,100.0,65.69911193847656,444.0,0.0
1649,0.0,1892.0,13.318679809570312,36.99,74.7284927368164,2011.0,0.0,1367.0,0.0478658527135849,100.0,65.69911193847656,444.0,0.0
1650,0.0,1892.0,13.318679809570312,36.99,74.7284927368164,2011.0,0.0,1367.0,0.0478658527135849,100.0,65.69911193847656,444.0,0.0
1651,0.0,1892.0,13.318679809570312,36.99,74.7284927368164,2011.0,0.0,1367.0,0.0478658527135849,100.0,65.69911193847656,444.0,0.0
1652,0.0,1892.0,12.91823673248291,36.99,75.2790298461914,1932.0,0.0,1367.0,0.03228310495615,100.0,65.69261932373047,444.0,0.0
1653,0.0,1892.0,12.91823673248291,36.99,75.2790298461914,1932.0,0.0,1367.0,0.03228310495615,100.0,65.69261932373047,444.0,0.0
1654,0.0,1892.0,12.91823673248291,36.99,75.2790298461914,1932.0,0.0,1367.0,0.03228310495615,100.0,65.69261932373047,444.0,0.0
1655,0.0,1892.0,12.91823673248291,36.99,75.2790298461914,1932.0,0.0,1367.0,0.03228310495615,100.0,65.69261932373047,444.0,0.0
1656,0.0,1892.0,12.91823673248291,36.99,75.2790298461914,1932.0,0.0,1367.0,0.03228310495615,100.0,65.69261932373047,444.0,0.0
1657,0.0,1892.0,13.527442932128906,36.99,74.67459869384766,1931.0,0.0,1367.0,0.1582266986370086,100.0,65.65533447265625,333.0,0.0
1658,0.0,1892.0,13.527442932128906,36.99,74.67459869384766,1931.0,0.0,1367.0,0.1582266986370086,100.0,65.65533447265625,333.0,0.0
1659,0.0,1892.0,13.527442932128906,36.99,74.67459869384766,1931.0,0.0,1367.0,0.1582266986370086,100.0,65.65533447265625,333.0,0.0
1660,0.0,1892.0,13.527442932128906,36.99,74.67459869384766,1931.0,0.0,1367.0,0.1582266986370086,100.0,65.65533447265625,333.0,0.0
1661,0.0,1892.0,13.527442932128906,36.99,74.67459869384766,1931.0,0.0,1367.0,0.1582266986370086,100.0,65.65533447265625,333.0,0.0
1662,0.0,1892.0,13.349282264709473,36.99,76.03742980957031,1907.0,0.0,1367.0,0.1069167405366897,100.0,65.98916625976562,444.0,0.0
1663,0.0,1892.0,13.349282264709473,36.99,76.03742980957031,1907.0,0.0,1367.0,0.1069167405366897,100.0,65.98916625976562,444.0,0.0
1664,0.0,1892.0,13.349282264709473,36.99,76.03742980957031,1907.0,0.0,1367.0,0.1069167405366897,100.0,65.98916625976562,444.0,0.0
1665,0.0,1892.0,13.349282264709473,36.99,76.03742980957031,1907.0,0.0,1367.0,0.1069167405366897,100.0,65.98916625976562,444.0,0.0
1666,0.0,1892.0,13.349282264709473,36.99,76.03742980957031,1907.0,0.0,1367.0,0.1069167405366897,100.0,65.98916625976562,444.0,0.0
1667,0.0,1892.0,13.835705757141112,36.99,75.4229736328125,2193.0,0.0,1367.0,0.0326728224754333,100.0,65.70494079589844,444.0,0.0
1668,0.0,1892.0,13.835705757141112,36.99,75.4229736328125,2193.0,0.0,1367.0,0.0326728224754333,100.0,65.70494079589844,444.0,0.0
1669,0.0,1892.0,13.835705757141112,36.99,75.4229736328125,2193.0,0.0,1367.0,0.0326728224754333,100.0,65.70494079589844,444.0,0.0
1670,0.0,1892.0,13.835705757141112,36.99,75.4229736328125,2193.0,0.0,1367.0,0.0326728224754333,100.0,65.70494079589844,444.0,0.0
1671,0.0,1892.0,13.835705757141112,36.99,75.4229736328125,2193.0,0.0,1367.0,0.0326728224754333,100.0,65.70494079589844,444.0,0.0
1672,0.0,1892.0,14.332709312438965,36.99,76.0110855102539,2143.0,0.0,1367.0,0.0600319132208824,100.0,65.71784210205078,444.0,0.0
1673,0.0,1892.0,14.332709312438965,36.99,76.0110855102539,2143.0,0.0,1367.0,0.0600319132208824,100.0,65.71784210205078,444.0,0.0
1674,0.0,1892.0,14.332709312438965,36.99,76.0110855102539,2143.0,0.0,1367.0,0.0600319132208824,100.0,65.71784210205078,444.0,0.0
1675,0.0,1892.0,14.332709312438965,36.99,76.0110855102539,2143.0,0.0,1367.0,0.0600319132208824,100.0,65.71784210205078,444.0,0.0
1676,0.0,1892.0,14.332709312438965,36.99,76.0110855102539,2143.0,0.0,1367.0,0.0600319132208824,100.0,65.71784210205078,444.0,0.0
1677,0.0,1892.0,13.442846298217772,36.99,74.79630279541016,2197.0,0.0,1367.0,0.038106583058834,100.0,65.65083312988281,444.0,0.0
1678,0.0,1892.0,13.442846298217772,36.99,74.79630279541016,2197.0,0.0,1367.0,0.038106583058834,100.0,65.65083312988281,444.0,0.0
1679,0.0,1892.0,13.442846298217772,36.99,74.79630279541016,2197.0,0.0,1367.0,0.038106583058834,100.0,65.65083312988281,444.0,0.0
1680,0.0,1892.0,13.442846298217772,36.99,74.79630279541016,2197.0,0.0,1367.0,0.038106583058834,100.0,65.65083312988281,444.0,0.0
1681,0.0,1892.0,13.442846298217772,36.99,74.79630279541016,2197.0,0.0,1367.0,0.038106583058834,100.0,65.65083312988281,444.0,0.0
1682,0.0,1892.0,13.59577178955078,36.99,75.72454071044922,1977.0,0.0,1367.0,0.1361969858407974,100.0,65.8648681640625,444.0,0.0
1683,0.0,1892.0,13.59577178955078,36.99,75.72454071044922,1977.0,0.0,1367.0,0.1361969858407974,100.0,65.8648681640625,444.0,0.0
1684,0.0,1892.0,13.59577178955078,36.99,75.72454071044922,1977.0,0.0,1367.0,0.1361969858407974,100.0,65.8648681640625,444.0,0.0
1685,0.0,1892.0,13.59577178955078,36.99,75.72454071044922,1977.0,0.0,1367.0,0.1361969858407974,100.0,65.8648681640625,444.0,0.0
1686,0.0,1892.0,13.59577178955078,36.99,75.72454071044922,1977.0,0.0,1367.0,0.1361969858407974,100.0,65.8648681640625,444.0,0.0
1687,0.0,1892.0,13.605224609375,36.99,75.06761932373047,2033.0,0.0,1367.0,0.0990864410996437,100.0,65.88658142089844,494.0,0.0
1688,0.0,1892.0,13.605224609375,36.99,75.06761932373047,2033.0,0.0,1367.0,0.0990864410996437,100.0,65.88658142089844,494.0,0.0
1689,0.0,1892.0,13.605224609375,36.99,75.06761932373047,2033.0,0.0,1367.0,0.0990864410996437,100.0,65.88658142089844,494.0,0.0
1690,0.0,1892.0,13.605224609375,36.99,75.06761932373047,2033.0,0.0,1367.0,0.0990864410996437,100.0,65.88658142089844,494.0,0.0
1691,0.0,1892.0,13.605224609375,36.99,75.06761932373047,2033.0,0.0,1367.0,0.0990864410996437,100.0,65.88658142089844,494.0,0.0
1692,0.0,1892.0,13.605224609375,36.99,75.06761932373047,2033.0,0.0,1367.0,0.0990864410996437,100.0,65.88658142089844,494.0,0.0
1693,0.0,1892.0,14.092595100402832,36.99,76.13458251953125,1691.0,0.0,1367.0,0.2031251341104507,100.0,66.042724609375,535.0,0.0
1694,0.0,1892.0,14.092595100402832,36.99,76.13458251953125,1691.0,0.0,1367.0,0.2031251341104507,100.0,66.042724609375,535.0,0.0
1695,0.0,1892.0,14.092595100402832,36.99,76.13458251953125,1691.0,0.0,1367.0,0.2031251341104507,100.0,66.042724609375,535.0,0.0
1696,0.0,1892.0,14.092595100402832,36.99,76.13458251953125,1691.0,0.0,1367.0,0.2031251341104507,100.0,66.042724609375,535.0,0.0
1697,0.0,1892.0,14.092595100402832,36.99,76.13458251953125,1691.0,0.0,1367.0,0.2031251341104507,100.0,66.042724609375,535.0,0.0
1698,0.0,1892.0,13.230539321899414,36.99,76.0313720703125,1980.0,0.0,1367.0,0.0884429663419723,100.0,65.72904205322266,493.0,0.0
1699,0.0,1892.0,13.230539321899414,36.99,76.0313720703125,1980.0,0.0,1367.0,0.0884429663419723,100.0,65.72904205322266,493.0,0.0
1700,0.0,1892.0,13.230539321899414,36.99,76.0313720703125,1980.0,0.0,1367.0,0.0884429663419723,100.0,65.72904205322266,493.0,0.0
1701,0.0,1892.0,13.230539321899414,36.99,76.0313720703125,1980.0,0.0,1367.0,0.0884429663419723,100.0,65.72904205322266,493.0,0.0
1702,0.0,1892.0,13.230539321899414,36.99,76.0313720703125,1980.0,0.0,1367.0,0.0884429663419723,100.0,65.72904205322266,493.0,0.0
1703,0.0,1892.0,15.259489059448242,36.99,75.73258972167969,2172.0,0.0,1367.0,0.1489397883415222,100.0,65.65868377685547,464.0,0.0
1704,0.0,1892.0,15.259489059448242,36.99,75.73258972167969,2172.0,0.0,1367.0,0.1489397883415222,100.0,65.65868377685547,464.0,0.0
1705,0.0,1892.0,15.259489059448242,36.99,75.73258972167969,2172.0,0.0,1367.0,0.1489397883415222,100.0,65.65868377685547,464.0,0.0
1706,0.0,1892.0,15.259489059448242,36.99,75.73258972167969,2172.0,0.0,1367.0,0.1489397883415222,100.0,65.65868377685547,464.0,0.0
1707,0.0,1892.0,15.259489059448242,36.99,75.73258972167969,2172.0,0.0,1367.0,0.1489397883415222,100.0,65.65868377685547,464.0,0.0
1708,0.0,1892.0,17.807518005371094,36.99,78.2662582397461,1850.0,0.0,1367.0,0.1911863833665847,100.0,65.99641418457031,449.0,0.0
1709,0.0,1892.0,17.807518005371094,36.99,78.2662582397461,1850.0,0.0,1367.0,0.1911863833665847,100.0,65.99641418457031,449.0,0.0
1710,0.0,1892.0,17.807518005371094,36.99,78.2662582397461,1850.0,0.0,1367.0,0.1911863833665847,100.0,65.99641418457031,449.0,0.0
1711,0.0,1892.0,17.807518005371094,36.99,78.2662582397461,1850.0,0.0,1367.0,0.1911863833665847,100.0,65.99641418457031,449.0,0.0
1712,0.0,1892.0,17.807518005371094,36.99,78.2662582397461,1850.0,0.0,1367.0,0.1911863833665847,100.0,65.99641418457031,449.0,0.0
1713,0.0,1892.0,17.582998275756836,36.99,78.09431457519531,2027.0,0.0,1367.0,0.3663041293621063,100.0,66.12202453613281,521.0,0.0
1714,0.0,1892.0,17.582998275756836,36.99,78.09431457519531,2027.0,0.0,1367.0,0.3663041293621063,100.0,66.12202453613281,521.0,0.0
1715,0.0,1892.0,17.582998275756836,36.99,78.09431457519531,2027.0,0.0,1367.0,0.3663041293621063,100.0,66.12202453613281,521.0,0.0
1716,0.0,1892.0,17.582998275756836,36.99,78.09431457519531,2027.0,0.0,1367.0,0.3663041293621063,100.0,66.12202453613281,521.0,0.0
1717,0.0,1892.0,17.582998275756836,36.99,78.09431457519531,2027.0,0.0,1367.0,0.3663041293621063,100.0,66.12202453613281,521.0,0.0
1718,0.0,1892.0,16.03296661376953,36.99,78.07434844970703,1755.0,0.0,1367.0,0.3290522396564483,100.0,66.35212707519531,493.0,0.0
1719,0.0,1892.0,16.03296661376953,36.99,78.07434844970703,1755.0,0.0,1367.0,0.3290522396564483,100.0,66.35212707519531,493.0,0.0
1720,0.0,1892.0,16.03296661376953,36.99,78.07434844970703,1755.0,0.0,1367.0,0.3290522396564483,100.0,66.35212707519531,493.0,0.0
1721,0.0,1892.0,16.03296661376953,36.99,78.07434844970703,1755.0,0.0,1367.0,0.3290522396564483,100.0,66.35212707519531,493.0,0.0
1722,0.0,1892.0,16.03296661376953,36.99,78.07434844970703,1755.0,0.0,1367.0,0.3290522396564483,100.0,66.35212707519531,493.0,0.0
1723,0.0,1892.0,14.622578620910645,36.99,77.0451889038086,1733.0,0.0,1367.0,0.3145857453346252,100.0,66.03142547607422,527.0,0.0
1724,0.0,1892.0,14.622578620910645,36.99,77.0451889038086,1733.0,0.0,1367.0,0.3145857453346252,100.0,66.03142547607422,527.0,0.0
1725,0.0,1892.0,14.622578620910645,36.99,77.0451889038086,1733.0,0.0,1367.0,0.3145857453346252,100.0,66.03142547607422,527.0,0.0
1726,0.0,1892.0,14.622578620910645,36.99,77.0451889038086,1733.0,0.0,1367.0,0.3145857453346252,100.0,66.03142547607422,527.0,0.0
1727,0.0,1892.0,14.622578620910645,36.99,77.0451889038086,1733.0,0.0,1367.0,0.3145857453346252,100.0,66.03142547607422,527.0,0.0
1728,0.0,1892.0,15.28390407562256,36.99,76.86332702636719,1670.0,0.0,1367.0,0.2977831363677978,100.0,66.11112976074219,504.0,0.0
1729,0.0,1892.0,15.28390407562256,36.99,76.86332702636719,1670.0,0.0,1367.0,0.2977831363677978,100.0,66.11112976074219,504.0,0.0
1730,0.0,1892.0,15.28390407562256,36.99,76.86332702636719,1670.0,0.0,1367.0,0.2977831363677978,100.0,66.11112976074219,504.0,0.0
1731,0.0,1892.0,15.28390407562256,36.99,76.86332702636719,1670.0,0.0,1367.0,0.2977831363677978,100.0,66.11112976074219,504.0,0.0
1732,0.0,1892.0,15.28390407562256,36.99,76.86332702636719,1670.0,0.0,1367.0,0.2977831363677978,100.0,66.11112976074219,504.0,0.0
1733,0.0,1892.0,14.719255447387695,36.99,76.77063751220703,1591.0,0.0,1367.0,0.1847255527973175,100.0,65.92057037353516,493.0,0.0
1734,0.0,1892.0,14.719255447387695,36.99,76.77063751220703,1591.0,0.0,1367.0,0.1847255527973175,100.0,65.92057037353516,493.0,0.0
1735,0.0,1892.0,14.719255447387695,36.99,76.77063751220703,1591.0,0.0,1367.0,0.1847255527973175,100.0,65.92057037353516,493.0,0.0
1736,0.0,1892.0,14.719255447387695,36.99,76.77063751220703,1591.0,0.0,1367.0,0.1847255527973175,100.0,65.92057037353516,493.0,0.0
1737,0.0,1892.0,14.719255447387695,36.99,76.77063751220703,1591.0,0.0,1367.0,0.1847255527973175,100.0,65.92057037353516,493.0,0.0
1738,0.0,1892.0,16.96678924560547,36.99,76.84286499023438,2067.0,0.0,1367.0,0.2685173749923706,100.0,65.98082733154297,501.0,0.0
1739,0.0,1892.0,16.96678924560547,36.99,76.84286499023438,2067.0,0.0,1367.0,0.2685173749923706,100.0,65.98082733154297,501.0,0.0
1740,0.0,1892.0,16.96678924560547,36.99,76.84286499023438,2067.0,0.0,1367.0,0.2685173749923706,100.0,65.98082733154297,501.0,0.0
1741,0.0,1892.0,16.96678924560547,36.99,76.84286499023438,2067.0,0.0,1367.0,0.2685173749923706,100.0,65.98082733154297,501.0,0.0
1742,0.0,1892.0,16.96678924560547,36.99,76.84286499023438,2067.0,0.0,1367.0,0.2685173749923706,100.0,65.98082733154297,501.0,0.0
1743,0.0,1892.0,16.96678924560547,36.99,76.84286499023438,2067.0,0.0,1367.0,0.2685173749923706,100.0,65.98082733154297,501.0,0.0
1744,0.0,1892.0,17.935495376586914,36.99,78.45240020751953,2108.0,0.0,1367.0,0.2337205410003662,100.0,66.314453125,549.0,0.0
1745,0.0,1892.0,17.935495376586914,36.99,78.45240020751953,2108.0,0.0,1367.0,0.2337205410003662,100.0,66.314453125,549.0,0.0
1746,0.0,1892.0,17.935495376586914,36.99,78.45240020751953,2108.0,0.0,1367.0,0.2337205410003662,100.0,66.314453125,549.0,0.0
1747,0.0,1892.0,17.935495376586914,36.99,78.45240020751953,2108.0,0.0,1367.0,0.2337205410003662,100.0,66.314453125,549.0,0.0
1748,0.0,1892.0,17.935495376586914,36.99,78.45240020751953,2108.0,0.0,1367.0,0.2337205410003662,100.0,66.314453125,549.0,0.0
1749,0.0,1892.0,13.921941757202148,36.99,77.94056701660156,1807.0,0.0,1367.0,0.3373740315437317,100.0,66.35481262207031,445.0,0.0
1750,0.0,1892.0,13.921941757202148,36.99,77.94056701660156,1807.0,0.0,1367.0,0.3373740315437317,100.0,66.35481262207031,445.0,0.0
1751,0.0,1892.0,13.921941757202148,36.99,77.94056701660156,1807.0,0.0,1367.0,0.3373740315437317,100.0,66.35481262207031,445.0,0.0
1752,0.0,1892.0,13.921941757202148,36.99,77.94056701660156,1807.0,0.0,1367.0,0.3373740315437317,100.0,66.35481262207031,445.0,0.0
1753,0.0,1892.0,13.921941757202148,36.99,77.94056701660156,1807.0,0.0,1367.0,0.3373740315437317,100.0,66.35481262207031,445.0,0.0
1754,0.0,1892.0,12.96091079711914,36.99,75.64151763916016,2190.0,0.0,1367.0,0.0795903429389,100.0,65.75228118896484,487.0,0.0
1755,0.0,1892.0,12.96091079711914,36.99,75.64151763916016,2190.0,0.0,1367.0,0.0795903429389,100.0,65.75228118896484,487.0,0.0
1756,0.0,1892.0,12.96091079711914,36.99,75.64151763916016,2190.0,0.0,1367.0,0.0795903429389,100.0,65.75228118896484,487.0,0.0
1757,0.0,1892.0,12.96091079711914,36.99,75.64151763916016,2190.0,0.0,1367.0,0.0795903429389,100.0,65.75228118896484,487.0,0.0
1758,0.0,1892.0,12.96091079711914,36.99,75.64151763916016,2190.0,0.0,1367.0,0.0795903429389,100.0,65.75228118896484,487.0,0.0
1759,0.0,1892.0,15.072489738464355,36.99,75.26518249511719,2387.0,0.0,1367.0,0.2200686484575271,100.0,65.55660247802734,511.0,0.0
1760,0.0,1892.0,15.072489738464355,36.99,75.26518249511719,2387.0,0.0,1367.0,0.2200686484575271,100.0,65.55660247802734,511.0,0.0
1761,0.0,1892.0,15.072489738464355,36.99,75.26518249511719,2387.0,0.0,1367.0,0.2200686484575271,100.0,65.55660247802734,511.0,0.0
1762,0.0,1892.0,15.072489738464355,36.99,75.26518249511719,2387.0,0.0,1367.0,0.2200686484575271,100.0,65.55660247802734,511.0,0.0
1763,0.0,1892.0,15.072489738464355,36.99,75.26518249511719,2387.0,0.0,1367.0,0.2200686484575271,100.0,65.55660247802734,511.0,0.0
1764,0.0,1892.0,13.641414642333984,36.99,76.47735595703125,2421.0,0.0,1367.0,0.1112453415989875,100.0,66.00563049316406,562.0,0.0
1765,0.0,1892.0,13.641414642333984,36.99,76.47735595703125,2421.0,0.0,1367.0,0.1112453415989875,100.0,66.00563049316406,562.0,0.0
1766,0.0,1892.0,13.641414642333984,36.99,76.47735595703125,2421.0,0.0,1367.0,0.1112453415989875,100.0,66.00563049316406,562.0,0.0
1767,0.0,1892.0,13.641414642333984,36.99,76.47735595703125,2421.0,0.0,1367.0,0.1112453415989875,100.0,66.00563049316406,562.0,0.0
1768,0.0,1892.0,13.641414642333984,36.99,76.47735595703125,2421.0,0.0,1367.0,0.1112453415989875,100.0,66.00563049316406,562.0,0.0
1769,0.0,1892.0,13.293869018554688,36.99,74.6325454711914,2202.0,0.0,1367.0,0.0840902328491211,100.0,65.64262390136719,488.0,0.0
1770,0.0,1892.0,13.293869018554688,36.99,74.6325454711914,2202.0,0.0,1367.0,0.0840902328491211,100.0,65.64262390136719,488.0,0.0
1771,0.0,1892.0,13.293869018554688,36.99,74.6325454711914,2202.0,0.0,1367.0,0.0840902328491211,100.0,65.64262390136719,488.0,0.0
1772,0.0,1892.0,13.293869018554688,36.99,74.6325454711914,2202.0,0.0,1367.0,0.0840902328491211,100.0,65.64262390136719,488.0,0.0
1773,0.0,1892.0,13.293869018554688,36.99,74.6325454711914,2202.0,0.0,1367.0,0.0840902328491211,100.0,65.64262390136719,488.0,0.0
1774,0.0,1892.0,13.164388656616213,36.99,74.30705261230469,2162.0,0.0,1367.0,0.1535541862249374,100.0,65.5168685913086,515.0,0.0
1775,0.0,1892.0,13.164388656616213,36.99,74.30705261230469,2162.0,0.0,1367.0,0.1535541862249374,100.0,65.5168685913086,515.0,0.0
1776,0.0,1892.0,13.164388656616213,36.99,74.30705261230469,2162.0,0.0,1367.0,0.1535541862249374,100.0,65.5168685913086,515.0,0.0
1777,0.0,1892.0,13.164388656616213,36.99,74.30705261230469,2162.0,0.0,1367.0,0.1535541862249374,100.0,65.5168685913086,515.0,0.0
1778,0.0,1892.0,13.164388656616213,36.99,74.30705261230469,2162.0,0.0,1367.0,0.1535541862249374,100.0,65.5168685913086,515.0,0.0
1779,0.0,1892.0,12.879853248596191,36.99,75.1662826538086,2174.0,0.0,1367.0,0.0795839428901672,100.0,65.4796371459961,563.0,0.0
1780,0.0,1892.0,12.879853248596191,36.99,75.1662826538086,2174.0,0.0,1367.0,0.0795839428901672,100.0,65.4796371459961,563.0,0.0
1781,0.0,1892.0,12.879853248596191,36.99,75.1662826538086,2174.0,0.0,1367.0,0.0795839428901672,100.0,65.4796371459961,563.0,0.0
1782,0.0,1892.0,12.879853248596191,36.99,75.1662826538086,2174.0,0.0,1367.0,0.0795839428901672,100.0,65.4796371459961,563.0,0.0
1783,0.0,1892.0,12.879853248596191,36.99,75.1662826538086,2174.0,0.0,1367.0,0.0795839428901672,100.0,65.4796371459961,563.0,0.0
1784,0.0,1892.0,13.658028602600098,36.99,72.9803466796875,1616.0,0.0,1367.0,0.2413111180067062,100.0,65.91943359375,478.0,0.0
1785,0.0,1892.0,13.658028602600098,36.99,72.9803466796875,1616.0,0.0,1367.0,0.2413111180067062,100.0,65.91943359375,478.0,0.0
1786,0.0,1892.0,13.658028602600098,36.99,72.9803466796875,1616.0,0.0,1367.0,0.2413111180067062,100.0,65.91943359375,478.0,0.0
1787,0.0,1892.0,13.658028602600098,36.99,72.9803466796875,1616.0,0.0,1367.0,0.2413111180067062,100.0,65.91943359375,478.0,0.0
1788,0.0,1892.0,13.658028602600098,36.99,72.9803466796875,1616.0,0.0,1367.0,0.2413111180067062,100.0,65.91943359375,478.0,0.0
1789,0.0,1892.0,14.138511657714844,36.99,75.23235321044922,1948.0,0.0,1367.0,0.245618000626564,100.0,65.59695434570312,578.0,0.0
1790,0.0,1892.0,14.138511657714844,36.99,75.23235321044922,1948.0,0.0,1367.0,0.245618000626564,100.0,65.59695434570312,578.0,0.0
1791,0.0,1892.0,14.138511657714844,36.99,75.23235321044922,1948.0,0.0,1367.0,0.245618000626564,100.0,65.59695434570312,578.0,0.0
1792,0.0,1892.0,14.138511657714844,36.99,75.23235321044922,1948.0,0.0,1367.0,0.245618000626564,100.0,65.59695434570312,578.0,0.0
1793,0.0,1892.0,14.138511657714844,36.99,75.23235321044922,1948.0,0.0,1367.0,0.245618000626564,100.0,65.59695434570312,578.0,0.0
1794,0.0,1892.0,14.138511657714844,36.99,75.23235321044922,1948.0,0.0,1367.0,0.245618000626564,100.0,65.59695434570312,578.0,0.0
1795,0.0,1892.0,13.302831649780272,36.99,75.41778564453125,2078.0,0.0,1367.0,0.197571575641632,100.0,65.66270446777344,449.0,0.0
1796,0.0,1892.0,13.302831649780272,36.99,75.41778564453125,2078.0,0.0,1367.0,0.197571575641632,100.0,65.66270446777344,449.0,0.0
1797,0.0,1892.0,13.302831649780272,36.99,75.41778564453125,2078.0,0.0,1367.0,0.197571575641632,100.0,65.66270446777344,449.0,0.0
1798,0.0,1892.0,13.302831649780272,36.99,75.41778564453125,2078.0,0.0,1367.0,0.197571575641632,100.0,65.66270446777344,449.0,0.0
1799,0.0,1892.0,13.302831649780272,36.99,75.41778564453125,2078.0,0.0,1367.0,0.197571575641632,100.0,65.66270446777344,449.0,0.0
1800,0.0,1892.0,12.95169734954834,36.99,72.8550796508789,2058.0,0.0,1367.0,0.0352382734417915,100.0,64.91210174560547,444.0,0.0
1801,0.0,1892.0,12.95169734954834,36.99,72.8550796508789,2058.0,0.0,1367.0,0.0352382734417915,100.0,64.91210174560547,444.0,0.0
1802,0.0,1892.0,12.95169734954834,36.99,72.8550796508789,2058.0,0.0,1367.0,0.0352382734417915,100.0,64.91210174560547,444.0,0.0
1803,0.0,1892.0,12.95169734954834,36.99,72.8550796508789,2058.0,0.0,1367.0,0.0352382734417915,100.0,64.91210174560547,444.0,0.0
1804,0.0,1892.0,12.95169734954834,36.99,72.8550796508789,2058.0,0.0,1367.0,0.0352382734417915,100.0,64.91210174560547,444.0,0.0
1805,0.0,1892.0,12.9998140335083,36.99,72.7330551147461,2036.0,0.0,1367.0,0.0649451315402984,100.0,64.9951400756836,513.0,0.0
1806,0.0,1892.0,12.9998140335083,36.99,72.7330551147461,2036.0,0.0,1367.0,0.0649451315402984,100.0,64.9951400756836,513.0,0.0
1807,0.0,1892.0,12.9998140335083,36.99,72.7330551147461,2036.0,0.0,1367.0,0.0649451315402984,100.0,64.9951400756836,513.0,0.0
1808,0.0,1892.0,12.9998140335083,36.99,72.7330551147461,2036.0,0.0,1367.0,0.0649451315402984,100.0,64.9951400756836,513.0,0.0
1809,0.0,1892.0,12.9998140335083,36.99,72.7330551147461,2036.0,0.0,1367.0,0.0649451315402984,100.0,64.9951400756836,513.0,0.0
1810,0.0,1892.0,12.979961395263672,36.99,74.06597900390625,2101.0,0.0,1367.0,0.0351308807730674,100.0,64.94291687011719,444.0,0.0
1811,0.0,1892.0,12.979961395263672,36.99,74.06597900390625,2101.0,0.0,1367.0,0.0351308807730674,100.0,64.94291687011719,444.0,0.0
1812,0.0,1892.0,12.979961395263672,36.99,74.06597900390625,2101.0,0.0,1367.0,0.0351308807730674,100.0,64.94291687011719,444.0,0.0
1813,0.0,1892.0,12.979961395263672,36.99,74.06597900390625,2101.0,0.0,1367.0,0.0351308807730674,100.0,64.94291687011719,444.0,0.0
1814,0.0,1892.0,12.979961395263672,36.99,74.06597900390625,2101.0,0.0,1367.0,0.0351308807730674,100.0,64.94291687011719,444.0,0.0
1815,0.0,1892.0,12.867698669433594,36.99,72.93470001220703,1979.0,0.0,1367.0,0.0368007309734821,100.0,64.7674789428711,444.0,0.0
1816,0.0,1892.0,12.867698669433594,36.99,72.93470001220703,1979.0,0.0,1367.0,0.0368007309734821,100.0,64.7674789428711,444.0,0.0
1817,0.0,1892.0,12.867698669433594,36.99,72.93470001220703,1979.0,0.0,1367.0,0.0368007309734821,100.0,64.7674789428711,444.0,0.0
1818,0.0,1892.0,12.867698669433594,36.99,72.93470001220703,1979.0,0.0,1367.0,0.0368007309734821,100.0,64.7674789428711,444.0,0.0
1819,0.0,1892.0,12.867698669433594,36.99,72.93470001220703,1979.0,0.0,1367.0,0.0368007309734821,100.0,64.7674789428711,444.0,0.0
1820,0.0,1892.0,12.93497085571289,36.99,73.3453598022461,2083.0,0.0,1367.0,0.0461978912353515,100.0,64.71882629394531,444.0,0.0
1821,0.0,1892.0,12.93497085571289,36.99,73.3453598022461,2083.0,0.0,1367.0,0.0461978912353515,100.0,64.71882629394531,444.0,0.0
1822,0.0,1892.0,12.93497085571289,36.99,73.3453598022461,2083.0,0.0,1367.0,0.0461978912353515,100.0,64.71882629394531,444.0,0.0
1823,0.0,1892.0,12.93497085571289,36.99,73.3453598022461,2083.0,0.0,1367.0,0.0461978912353515,100.0,64.71882629394531,444.0,0.0
1824,0.0,1892.0,12.93497085571289,36.99,73.3453598022461,2083.0,0.0,1367.0,0.0461978912353515,100.0,64.71882629394531,444.0,0.0
1825,0.0,1892.0,13.136083602905272,36.99,74.18234252929688,1605.0,0.0,1367.0,0.144995167851448,100.0,64.75009155273438,468.0,0.0
1826,0.0,1892.0,13.136083602905272,36.99,74.18234252929688,1605.0,0.0,1367.0,0.144995167851448,100.0,64.75009155273438,468.0,0.0
1827,0.0,1892.0,13.136083602905272,36.99,74.18234252929688,1605.0,0.0,1367.0,0.144995167851448,100.0,64.75009155273438,468.0,0.0
1828,0.0,1892.0,13.136083602905272,36.99,74.18234252929688,1605.0,0.0,1367.0,0.144995167851448,100.0,64.75009155273438,468.0,0.0
1829,0.0,1892.0,13.136083602905272,36.99,74.18234252929688,1605.0,0.0,1367.0,0.144995167851448,100.0,64.75009155273438,468.0,0.0
1830,0.0,1892.0,13.488542556762695,36.99,74.85398864746094,1587.0,0.0,1367.0,0.0647783800959587,100.0,64.64604187011719,444.0,0.0
1831,0.0,1892.0,13.488542556762695,36.99,74.85398864746094,1587.0,0.0,1367.0,0.0647783800959587,100.0,64.64604187011719,444.0,0.0
1832,0.0,1892.0,13.488542556762695,36.99,74.85398864746094,1587.0,0.0,1367.0,0.0647783800959587,100.0,64.64604187011719,444.0,0.0
1833,0.0,1892.0,13.488542556762695,36.99,74.85398864746094,1587.0,0.0,1367.0,0.0647783800959587,100.0,64.64604187011719,444.0,0.0
1834,0.0,1892.0,13.488542556762695,36.99,74.85398864746094,1587.0,0.0,1367.0,0.0647783800959587,100.0,64.64604187011719,444.0,0.0
1835,0.0,1892.0,13.086562156677246,36.99,74.70899963378906,2009.0,0.0,1367.0,0.0298133864998817,100.0,64.74645233154297,444.0,0.0
1836,0.0,1892.0,13.086562156677246,36.99,74.70899963378906,2009.0,0.0,1367.0,0.0298133864998817,100.0,64.74645233154297,444.0,0.0
1837,0.0,1892.0,13.086562156677246,36.99,74.70899963378906,2009.0,0.0,1367.0,0.0298133864998817,100.0,64.74645233154297,444.0,0.0
1838,0.0,1892.0,13.086562156677246,36.99,74.70899963378906,2009.0,0.0,1367.0,0.0298133864998817,100.0,64.74645233154297,444.0,0.0
1839,0.0,1892.0,13.086562156677246,36.99,74.70899963378906,2009.0,0.0,1367.0,0.0298133864998817,100.0,64.74645233154297,444.0,0.0
1840,0.0,1892.0,13.154830932617188,36.99,73.69659423828125,2054.0,0.0,1367.0,0.0394407175481319,100.0,64.44398498535156,444.0,0.0
1841,0.0,1892.0,13.154830932617188,36.99,73.69659423828125,2054.0,0.0,1367.0,0.0394407175481319,100.0,64.44398498535156,444.0,0.0
1842,0.0,1892.0,13.154830932617188,36.99,73.69659423828125,2054.0,0.0,1367.0,0.0394407175481319,100.0,64.44398498535156,444.0,0.0
1843,0.0,1892.0,13.154830932617188,36.99,73.69659423828125,2054.0,0.0,1367.0,0.0394407175481319,100.0,64.44398498535156,444.0,0.0
1844,0.0,1892.0,13.154830932617188,36.99,73.69659423828125,2054.0,0.0,1367.0,0.0394407175481319,100.0,64.44398498535156,444.0,0.0
1845,0.0,1892.0,13.13178253173828,36.99,74.08090209960938,2059.0,0.0,1367.0,0.0480441823601722,100.0,64.439208984375,444.0,0.0
1846,0.0,1892.0,13.13178253173828,36.99,74.08090209960938,2059.0,0.0,1367.0,0.0480441823601722,100.0,64.439208984375,444.0,0.0
1847,0.0,1892.0,13.13178253173828,36.99,74.08090209960938,2059.0,0.0,1367.0,0.0480441823601722,100.0,64.439208984375,444.0,0.0
1848,0.0,1892.0,13.13178253173828,36.99,74.08090209960938,2059.0,0.0,1367.0,0.0480441823601722,100.0,64.439208984375,444.0,0.0
1849,0.0,1892.0,13.13178253173828,36.99,74.08090209960938,2059.0,0.0,1367.0,0.0480441823601722,100.0,64.439208984375,444.0,0.0
1850,0.0,1892.0,13.13178253173828,36.99,74.08090209960938,2059.0,0.0,1367.0,0.0480441823601722,100.0,64.439208984375,444.0,0.0
1851,0.0,1892.0,12.633848190307615,36.99,73.21637725830078,1967.0,0.0,1367.0,0.0337917208671569,100.0,64.37712860107422,444.0,0.0
1852,0.0,1892.0,12.633848190307615,36.99,73.21637725830078,1967.0,0.0,1367.0,0.0337917208671569,100.0,64.37712860107422,444.0,0.0
1853,0.0,1892.0,12.633848190307615,36.99,73.21637725830078,1967.0,0.0,1367.0,0.0337917208671569,100.0,64.37712860107422,444.0,0.0
1854,0.0,1892.0,12.633848190307615,36.99,73.21637725830078,1967.0,0.0,1367.0,0.0337917208671569,100.0,64.37712860107422,444.0,0.0
1855,0.0,1892.0,12.633848190307615,36.99,73.21637725830078,1967.0,0.0,1367.0,0.0337917208671569,100.0,64.37712860107422,444.0,0.0
1856,0.0,1892.0,13.183852195739746,36.99,73.8906021118164,1857.0,0.0,1367.0,0.1410657167434692,100.0,64.35611724853516,520.0,0.0
1857,0.0,1892.0,13.183852195739746,36.99,73.8906021118164,1857.0,0.0,1367.0,0.1410657167434692,100.0,64.35611724853516,520.0,0.0
1858,0.0,1892.0,13.183852195739746,36.99,73.8906021118164,1857.0,0.0,1367.0,0.1410657167434692,100.0,64.35611724853516,520.0,0.0
1859,0.0,1892.0,13.183852195739746,36.99,73.8906021118164,1857.0,0.0,1367.0,0.1410657167434692,100.0,64.35611724853516,520.0,0.0
1860,0.0,1892.0,13.183852195739746,36.99,73.8906021118164,1857.0,0.0,1367.0,0.1410657167434692,100.0,64.35611724853516,520.0,0.0
1861,0.0,1892.0,13.42063808441162,36.99,74.8014907836914,2027.0,0.0,1367.0,0.0620337389409542,100.0,64.39118194580078,489.0,0.0
1862,0.0,1892.0,13.42063808441162,36.99,74.8014907836914,2027.0,0.0,1367.0,0.0620337389409542,100.0,64.39118194580078,489.0,0.0
1863,0.0,1892.0,13.42063808441162,36.99,74.8014907836914,2027.0,0.0,1367.0,0.0620337389409542,100.0,64.39118194580078,489.0,0.0
1864,0.0,1892.0,13.42063808441162,36.99,74.8014907836914,2027.0,0.0,1367.0,0.0620337389409542,100.0,64.39118194580078,489.0,0.0
1865,0.0,1892.0,13.42063808441162,36.99,74.8014907836914,2027.0,0.0,1367.0,0.0620337389409542,100.0,64.39118194580078,489.0,0.0
1866,0.0,1892.0,12.907236099243164,36.99,73.96757507324219,1912.0,0.0,1367.0,0.0560484454035759,100.0,64.16040802001953,468.0,0.0
1867,0.0,1892.0,12.907236099243164,36.99,73.96757507324219,1912.0,0.0,1367.0,0.0560484454035759,100.0,64.16040802001953,468.0,0.0
1868,0.0,1892.0,12.907236099243164,36.99,73.96757507324219,1912.0,0.0,1367.0,0.0560484454035759,100.0,64.16040802001953,468.0,0.0
1869,0.0,1892.0,12.907236099243164,36.99,73.96757507324219,1912.0,0.0,1367.0,0.0560484454035759,100.0,64.16040802001953,468.0,0.0
1870,0.0,1892.0,12.907236099243164,36.99,73.96757507324219,1912.0,0.0,1367.0,0.0560484454035759,100.0,64.16040802001953,468.0,0.0
1871,0.0,1892.0,13.15081024169922,36.99,73.67144775390625,2029.0,0.0,1367.0,0.0456324219703674,100.0,64.1012954711914,487.0,0.0
1872,0.0,1892.0,13.15081024169922,36.99,73.67144775390625,2029.0,0.0,1367.0,0.0456324219703674,100.0,64.1012954711914,487.0,0.0
1873,0.0,1892.0,13.15081024169922,36.99,73.67144775390625,2029.0,0.0,1367.0,0.0456324219703674,100.0,64.1012954711914,487.0,0.0
1874,0.0,1892.0,13.15081024169922,36.99,73.67144775390625,2029.0,0.0,1367.0,0.0456324219703674,100.0,64.1012954711914,487.0,0.0
1875,0.0,1892.0,13.15081024169922,36.99,73.67144775390625,2029.0,0.0,1367.0,0.0456324219703674,100.0,64.1012954711914,487.0,0.0
1876,0.0,1892.0,13.30699348449707,36.99,74.6305923461914,1749.0,0.0,1367.0,0.0480269640684127,100.0,64.19253540039062,444.0,0.0
1877,0.0,1892.0,13.30699348449707,36.99,74.6305923461914,1749.0,0.0,1367.0,0.0480269640684127,100.0,64.19253540039062,444.0,0.0
1878,0.0,1892.0,13.30699348449707,36.99,74.6305923461914,1749.0,0.0,1367.0,0.0480269640684127,100.0,64.19253540039062,444.0,0.0
1879,0.0,1892.0,13.30699348449707,36.99,74.6305923461914,1749.0,0.0,1367.0,0.0480269640684127,100.0,64.19253540039062,444.0,0.0
1880,0.0,1892.0,13.30699348449707,36.99,74.6305923461914,1749.0,0.0,1367.0,0.0480269640684127,100.0,64.19253540039062,444.0,0.0
1881,0.0,1892.0,13.443427085876465,36.99,73.95161437988281,1880.0,0.0,1367.0,0.0565849766135215,100.0,64.1041259765625,450.0,0.0
1882,0.0,1892.0,13.443427085876465,36.99,73.95161437988281,1880.0,0.0,1367.0,0.0565849766135215,100.0,64.1041259765625,450.0,0.0
1883,0.0,1892.0,13.443427085876465,36.99,73.95161437988281,1880.0,0.0,1367.0,0.0565849766135215,100.0,64.1041259765625,450.0,0.0
1884,0.0,1892.0,13.443427085876465,36.99,73.95161437988281,1880.0,0.0,1367.0,0.0565849766135215,100.0,64.1041259765625,450.0,0.0
1885,0.0,1892.0,13.443427085876465,36.99,73.95161437988281,1880.0,0.0,1367.0,0.0565849766135215,100.0,64.1041259765625,450.0,0.0
1886,0.0,1892.0,13.669921875,36.99,73.77227020263672,2031.0,0.0,1367.0,0.048494353890419,100.0,64.09684753417969,479.0,0.0
1887,0.0,1892.0,13.669921875,36.99,73.77227020263672,2031.0,0.0,1367.0,0.048494353890419,100.0,64.09684753417969,479.0,0.0
1888,0.0,1892.0,13.669921875,36.99,73.77227020263672,2031.0,0.0,1367.0,0.048494353890419,100.0,64.09684753417969,479.0,0.0
1889,0.0,1892.0,13.669921875,36.99,73.77227020263672,2031.0,0.0,1367.0,0.048494353890419,100.0,64.09684753417969,479.0,0.0
1890,0.0,1892.0,13.669921875,36.99,73.77227020263672,2031.0,0.0,1367.0,0.048494353890419,100.0,64.09684753417969,479.0,0.0
1891,0.0,1892.0,14.175028800964355,36.99,74.7337417602539,2120.0,0.0,1367.0,0.0699461251497268,100.0,63.970664978027344,528.0,0.0
1892,0.0,1892.0,14.175028800964355,36.99,74.7337417602539,2120.0,0.0,1367.0,0.0699461251497268,100.0,63.970664978027344,528.0,0.0
1893,0.0,1892.0,14.175028800964355,36.99,74.7337417602539,2120.0,0.0,1367.0,0.0699461251497268,100.0,63.970664978027344,528.0,0.0
1894,0.0,1892.0,14.175028800964355,36.99,74.7337417602539,2120.0,0.0,1367.0,0.0699461251497268,100.0,63.970664978027344,528.0,0.0
1895,0.0,1892.0,14.175028800964355,36.99,74.7337417602539,2120.0,0.0,1367.0,0.0699461251497268,100.0,63.970664978027344,528.0,0.0
1896,0.0,1892.0,13.679595947265623,36.99,74.80532836914062,1805.0,0.0,1367.0,0.0775407627224922,100.0,64.01541137695312,444.0,0.0
1897,0.0,1892.0,13.679595947265623,36.99,74.80532836914062,1805.0,0.0,1367.0,0.0775407627224922,100.0,64.01541137695312,444.0,0.0
1898,0.0,1892.0,13.679595947265623,36.99,74.80532836914062,1805.0,0.0,1367.0,0.0775407627224922,100.0,64.01541137695312,444.0,0.0
1899,0.0,1892.0,13.679595947265623,36.99,74.80532836914062,1805.0,0.0,1367.0,0.0775407627224922,100.0,64.01541137695312,444.0,0.0
1900,0.0,1892.0,13.679595947265623,36.99,74.80532836914062,1805.0,0.0,1367.0,0.0775407627224922,100.0,64.01541137695312,444.0,0.0
1901,0.0,1892.0,13.542850494384766,36.99,74.1441879272461,2093.0,0.0,1367.0,0.0552743785083293,100.0,64.050537109375,524.0,0.0
1902,0.0,1892.0,13.542850494384766,36.99,74.1441879272461,2093.0,0.0,1367.0,0.0552743785083293,100.0,64.050537109375,524.0,0.0
1903,0.0,1892.0,13.542850494384766,36.99,74.1441879272461,2093.0,0.0,1367.0,0.0552743785083293,100.0,64.050537109375,524.0,0.0
1904,0.0,1892.0,13.542850494384766,36.99,74.1441879272461,2093.0,0.0,1367.0,0.0552743785083293,100.0,64.050537109375,524.0,0.0
1905,0.0,1892.0,13.542850494384766,36.99,74.1441879272461,2093.0,0.0,1367.0,0.0552743785083293,100.0,64.050537109375,524.0,0.0
1906,0.0,1892.0,13.542850494384766,36.99,74.1441879272461,2093.0,0.0,1367.0,0.0552743785083293,100.0,64.050537109375,524.0,0.0
1907,0.0,1892.0,13.323503494262695,36.99,73.98462677001953,1962.0,0.0,1367.0,0.0511502474546432,100.0,63.80583572387695,452.0,0.0
1908,0.0,1892.0,13.323503494262695,36.99,73.98462677001953,1962.0,0.0,1367.0,0.0511502474546432,100.0,63.80583572387695,452.0,0.0
1909,0.0,1892.0,13.323503494262695,36.99,73.98462677001953,1962.0,0.0,1367.0,0.0511502474546432,100.0,63.80583572387695,452.0,0.0
1910,0.0,1892.0,13.323503494262695,36.99,73.98462677001953,1962.0,0.0,1367.0,0.0511502474546432,100.0,63.80583572387695,452.0,0.0
1911,0.0,1892.0,13.323503494262695,36.99,73.98462677001953,1962.0,0.0,1367.0,0.0511502474546432,100.0,63.80583572387695,452.0,0.0
1912,0.0,1892.0,13.294736862182615,36.99,73.49873352050781,2070.0,0.0,1367.0,0.0485359095036983,100.0,63.755348205566406,563.0,0.0
1913,0.0,1892.0,13.294736862182615,36.99,73.49873352050781,2070.0,0.0,1367.0,0.0485359095036983,100.0,63.755348205566406,563.0,0.0
1914,0.0,1892.0,13.294736862182615,36.99,73.49873352050781,2070.0,0.0,1367.0,0.0485359095036983,100.0,63.755348205566406,563.0,0.0
1915,0.0,1892.0,13.294736862182615,36.99,73.49873352050781,2070.0,0.0,1367.0,0.0485359095036983,100.0,63.755348205566406,563.0,0.0
1916,0.0,1892.0,13.294736862182615,36.99,73.49873352050781,2070.0,0.0,1367.0,0.0485359095036983,100.0,63.755348205566406,563.0,0.0
1917,0.0,1892.0,13.033851623535156,36.99,72.99285888671875,1958.0,0.0,1367.0,0.0450324900448322,100.0,63.72624588012695,474.0,0.0
1918,0.0,1892.0,13.033851623535156,36.99,72.99285888671875,1958.0,0.0,1367.0,0.0450324900448322,100.0,63.72624588012695,474.0,0.0
1919,0.0,1892.0,13.033851623535156,36.99,72.99285888671875,1958.0,0.0,1367.0,0.0450324900448322,100.0,63.72624588012695,474.0,0.0
1920,0.0,1892.0,13.033851623535156,36.99,72.99285888671875,1958.0,0.0,1367.0,0.0450324900448322,100.0,63.72624588012695,474.0,0.0
1921,0.0,1892.0,13.033851623535156,36.99,72.99285888671875,1958.0,0.0,1367.0,0.0450324900448322,100.0,63.72624588012695,474.0,0.0
1922,0.0,1892.0,12.86755084991455,36.99,72.28800964355469,1948.0,0.0,1367.0,0.0345079228281974,100.0,63.4999885559082,444.0,0.0
1923,0.0,1892.0,12.86755084991455,36.99,72.28800964355469,1948.0,0.0,1367.0,0.0345079228281974,100.0,63.4999885559082,444.0,0.0
1924,0.0,1892.0,12.86755084991455,36.99,72.28800964355469,1948.0,0.0,1367.0,0.0345079228281974,100.0,63.4999885559082,444.0,0.0
1925,0.0,1892.0,12.86755084991455,36.99,72.28800964355469,1948.0,0.0,1367.0,0.0345079228281974,100.0,63.4999885559082,444.0,0.0
1926,0.0,1892.0,12.86755084991455,36.99,72.28800964355469,1948.0,0.0,1367.0,0.0345079228281974,100.0,63.4999885559082,444.0,0.0
1927,0.0,1892.0,12.71229648590088,36.99,72.5635757446289,1861.0,0.0,1367.0,0.0458311960101127,100.0,63.65989303588867,444.0,0.0
1928,0.0,1892.0,12.71229648590088,36.99,72.5635757446289,1861.0,0.0,1367.0,0.0458311960101127,100.0,63.65989303588867,444.0,0.0
1929,0.0,1892.0,12.71229648590088,36.99,72.5635757446289,1861.0,0.0,1367.0,0.0458311960101127,100.0,63.65989303588867,444.0,0.0
1930,0.0,1892.0,12.71229648590088,36.99,72.5635757446289,1861.0,0.0,1367.0,0.0458311960101127,100.0,63.65989303588867,444.0,0.0
1931,0.0,1892.0,12.71229648590088,36.99,72.5635757446289,1861.0,0.0,1367.0,0.0458311960101127,100.0,63.65989303588867,444.0,0.0
1932,0.0,1892.0,12.790096282958984,36.99,73.36074829101562,1958.0,0.0,1367.0,0.0506424382328987,100.0,63.62784576416016,444.0,0.0
1933,0.0,1892.0,12.790096282958984,36.99,73.36074829101562,1958.0,0.0,1367.0,0.0506424382328987,100.0,63.62784576416016,444.0,0.0
1934,0.0,1892.0,12.790096282958984,36.99,73.36074829101562,1958.0,0.0,1367.0,0.0506424382328987,100.0,63.62784576416016,444.0,0.0
1935,0.0,1892.0,12.790096282958984,36.99,73.36074829101562,1958.0,0.0,1367.0,0.0506424382328987,100.0,63.62784576416016,444.0,0.0
1936,0.0,1892.0,12.790096282958984,36.99,73.36074829101562,1958.0,0.0,1367.0,0.0506424382328987,100.0,63.62784576416016,444.0,0.0
1937,0.0,1892.0,12.738590240478516,36.99,72.99369812011719,2000.0,0.0,1367.0,0.037112720310688,100.0,63.3494987487793,444.0,0.0
1938,0.0,1892.0,12.738590240478516,36.99,72.99369812011719,2000.0,0.0,1367.0,0.037112720310688,100.0,63.3494987487793,444.0,0.0
1939,0.0,1892.0,12.738590240478516,36.99,72.99369812011719,2000.0,0.0,1367.0,0.037112720310688,100.0,63.3494987487793,444.0,0.0
1940,0.0,1892.0,12.738590240478516,36.99,72.99369812011719,2000.0,0.0,1367.0,0.037112720310688,100.0,63.3494987487793,444.0,0.0
1941,0.0,1892.0,12.738590240478516,36.99,72.99369812011719,2000.0,0.0,1367.0,0.037112720310688,100.0,63.3494987487793,444.0,0.0
1942,0.0,1892.0,12.887134552001951,36.99,73.20665740966797,1864.0,0.0,1367.0,0.0472953058779239,100.0,63.3802375793457,444.0,0.0
1943,0.0,1892.0,12.887134552001951,36.99,73.20665740966797,1864.0,0.0,1367.0,0.0472953058779239,100.0,63.3802375793457,444.0,0.0
1944,0.0,1892.0,12.887134552001951,36.99,73.20665740966797,1864.0,0.0,1367.0,0.0472953058779239,100.0,63.3802375793457,444.0,0.0
1945,0.0,1892.0,12.887134552001951,36.99,73.20665740966797,1864.0,0.0,1367.0,0.0472953058779239,100.0,63.3802375793457,444.0,0.0
1946,0.0,1892.0,12.887134552001951,36.99,73.20665740966797,1864.0,0.0,1367.0,0.0472953058779239,100.0,63.3802375793457,444.0,0.0
1947,0.0,1892.0,12.951056480407717,36.99,72.12430572509766,1835.0,0.0,1367.0,0.0451233983039855,100.0,63.03759765625,444.0,0.0
1948,0.0,1892.0,12.951056480407717,36.99,72.12430572509766,1835.0,0.0,1367.0,0.0451233983039855,100.0,63.03759765625,444.0,0.0
1949,0.0,1892.0,12.951056480407717,36.99,72.12430572509766,1835.0,0.0,1367.0,0.0451233983039855,100.0,63.03759765625,444.0,0.0
1950,0.0,1892.0,12.951056480407717,36.99,72.12430572509766,1835.0,0.0,1367.0,0.0451233983039855,100.0,63.03759765625,444.0,0.0
1951,0.0,1892.0,12.951056480407717,36.99,72.12430572509766,1835.0,0.0,1367.0,0.0451233983039855,100.0,63.03759765625,444.0,0.0
1952,0.0,1892.0,12.96450901031494,36.99,73.26052856445312,2006.0,0.0,1367.0,0.0528033263981342,100.0,63.15796661376953,444.0,0.0
1953,0.0,1892.0,12.96450901031494,36.99,73.26052856445312,2006.0,0.0,1367.0,0.0528033263981342,100.0,63.15796661376953,444.0,0.0
1954,0.0,1892.0,12.96450901031494,36.99,73.26052856445312,2006.0,0.0,1367.0,0.0528033263981342,100.0,63.15796661376953,444.0,0.0
1955,0.0,1892.0,12.96450901031494,36.99,73.26052856445312,2006.0,0.0,1367.0,0.0528033263981342,100.0,63.15796661376953,444.0,0.0
1956,0.0,1892.0,12.96450901031494,36.99,73.26052856445312,2006.0,0.0,1367.0,0.0528033263981342,100.0,63.15796661376953,444.0,0.0
1957,0.0,1892.0,12.96450901031494,36.99,73.26052856445312,2006.0,0.0,1367.0,0.0528033263981342,100.0,63.15796661376953,444.0,0.0
1958,0.0,1892.0,12.62801456451416,36.99,72.12617492675781,1892.0,0.0,1367.0,0.0532822459936142,100.0,63.0992317199707,506.0,0.0
1959,0.0,1892.0,12.62801456451416,36.99,72.12617492675781,1892.0,0.0,1367.0,0.0532822459936142,100.0,63.0992317199707,506.0,0.0
1960,0.0,1892.0,12.62801456451416,36.99,72.12617492675781,1892.0,0.0,1367.0,0.0532822459936142,100.0,63.0992317199707,506.0,0.0
1961,0.0,1892.0,12.62801456451416,36.99,72.12617492675781,1892.0,0.0,1367.0,0.0532822459936142,100.0,63.0992317199707,506.0,0.0
1962,0.0,1892.0,12.62801456451416,36.99,72.12617492675781,1892.0,0.0,1367.0,0.0532822459936142,100.0,63.0992317199707,506.0,0.0
1963,0.0,1892.0,12.992734909057615,36.99,72.34046936035156,1901.0,0.0,1367.0,0.0414915084838867,100.0,63.20195770263672,444.0,0.0
1964,0.0,1892.0,12.992734909057615,36.99,72.34046936035156,1901.0,0.0,1367.0,0.0414915084838867,100.0,63.20195770263672,444.0,0.0
1965,0.0,1892.0,12.992734909057615,36.99,72.34046936035156,1901.0,0.0,1367.0,0.0414915084838867,100.0,63.20195770263672,444.0,0.0
1966,0.0,1892.0,12.992734909057615,36.99,72.34046936035156,1901.0,0.0,1367.0,0.0414915084838867,100.0,63.20195770263672,444.0,0.0
1967,0.0,1892.0,12.992734909057615,36.99,72.34046936035156,1901.0,0.0,1367.0,0.0414915084838867,100.0,63.20195770263672,444.0,0.0
1968,0.0,1892.0,13.016162872314451,36.99,71.21809387207031,1756.0,0.0,1367.0,0.037500474601984,100.0,62.7557373046875,444.0,0.0
1969,0.0,1892.0,13.016162872314451,36.99,71.21809387207031,1756.0,0.0,1367.0,0.037500474601984,100.0,62.7557373046875,444.0,0.0
1970,0.0,1892.0,13.016162872314451,36.99,71.21809387207031,1756.0,0.0,1367.0,0.037500474601984,100.0,62.7557373046875,444.0,0.0
1971,0.0,1892.0,13.016162872314451,36.99,71.21809387207031,1756.0,0.0,1367.0,0.037500474601984,100.0,62.7557373046875,444.0,0.0
1972,0.0,1892.0,13.016162872314451,36.99,71.21809387207031,1756.0,0.0,1367.0,0.037500474601984,100.0,62.7557373046875,444.0,0.0
1973,0.0,1892.0,13.105939865112305,36.99,72.00762176513672,2088.0,0.0,1367.0,0.0474217571318149,100.0,62.778282165527344,444.0,0.0
1974,0.0,1892.0,13.105939865112305,36.99,72.00762176513672,2088.0,0.0,1367.0,0.0474217571318149,100.0,62.778282165527344,444.0,0.0
1975,0.0,1892.0,13.105939865112305,36.99,72.00762176513672,2088.0,0.0,1367.0,0.0474217571318149,100.0,62.778282165527344,444.0,0.0
1976,0.0,1892.0,13.105939865112305,36.99,72.00762176513672,2088.0,0.0,1367.0,0.0474217571318149,100.0,62.778282165527344,444.0,0.0
1977,0.0,1892.0,13.105939865112305,36.99,72.00762176513672,2088.0,0.0,1367.0,0.0474217571318149,100.0,62.778282165527344,444.0,0.0
1978,0.0,1892.0,12.803977966308594,36.99,71.19987487792969,1922.0,0.0,1367.0,0.0413433164358139,100.0,62.647674560546875,444.0,0.0
1979,0.0,1892.0,12.803977966308594,36.99,71.19987487792969,1922.0,0.0,1367.0,0.0413433164358139,100.0,62.647674560546875,444.0,0.0
1980,0.0,1892.0,12.803977966308594,36.99,71.19987487792969,1922.0,0.0,1367.0,0.0413433164358139,100.0,62.647674560546875,444.0,0.0
1981,0.0,1892.0,12.803977966308594,36.99,71.19987487792969,1922.0,0.0,1367.0,0.0413433164358139,100.0,62.647674560546875,444.0,0.0
1982,0.0,1892.0,12.803977966308594,36.99,71.19987487792969,1922.0,0.0,1367.0,0.0413433164358139,100.0,62.647674560546875,444.0,0.0
1983,0.0,1892.0,13.058099746704102,36.99,71.6689453125,1688.0,0.0,1367.0,0.1285833269357681,100.0,62.66298294067383,503.0,0.0
1984,0.0,1892.0,13.058099746704102,36.99,71.6689453125,1688.0,0.0,1367.0,0.1285833269357681,100.0,62.66298294067383,503.0,0.0
1985,0.0,1892.0,13.058099746704102,36.99,71.6689453125,1688.0,0.0,1367.0,0.1285833269357681,100.0,62.66298294067383,503.0,0.0
1986,0.0,1892.0,13.058099746704102,36.99,71.6689453125,1688.0,0.0,1367.0,0.1285833269357681,100.0,62.66298294067383,503.0,0.0
1987,0.0,1892.0,13.058099746704102,36.99,71.6689453125,1688.0,0.0,1367.0,0.1285833269357681,100.0,62.66298294067383,503.0,0.0
1988,0.0,1892.0,13.27120590209961,36.99,72.22630310058594,1921.0,0.0,1367.0,0.0599350109696388,100.0,62.72418975830078,509.0,0.0
1989,0.0,1892.0,13.27120590209961,36.99,72.22630310058594,1921.0,0.0,1367.0,0.0599350109696388,100.0,62.72418975830078,509.0,0.0
1990,0.0,1892.0,13.27120590209961,36.99,72.22630310058594,1921.0,0.0,1367.0,0.0599350109696388,100.0,62.72418975830078,509.0,0.0
1991,0.0,1892.0,13.27120590209961,36.99,72.22630310058594,1921.0,0.0,1367.0,0.0599350109696388,100.0,62.72418975830078,509.0,0.0
1992,0.0,1892.0,13.27120590209961,36.99,72.22630310058594,1921.0,0.0,1367.0,0.0599350109696388,100.0,62.72418975830078,509.0,0.0
1993,0.0,1892.0,14.130155563354492,36.99,73.46344757080078,1506.0,0.0,1367.0,0.0642396062612533,100.0,63.15410232543945,444.0,0.0
1994,0.0,1892.0,14.130155563354492,36.99,73.46344757080078,1506.0,0.0,1367.0,0.0642396062612533,100.0,63.15410232543945,444.0,0.0
1995,0.0,1892.0,14.130155563354492,36.99,73.46344757080078,1506.0,0.0,1367.0,0.0642396062612533,100.0,63.15410232543945,444.0,0.0
1996,0.0,1892.0,14.130155563354492,36.99,73.46344757080078,1506.0,0.0,1367.0,0.0642396062612533,100.0,63.15410232543945,444.0,0.0
1997,0.0,1892.0,14.130155563354492,36.99,73.46344757080078,1506.0,0.0,1367.0,0.0642396062612533,100.0,63.15410232543945,444.0,0.0
1998,0.0,1892.0,13.641960144042969,36.99,72.00590515136719,1857.0,0.0,1367.0,0.0776130259037017,100.0,62.7459716796875,444.0,0.0
1999,0.0,1892.0,13.641960144042969,36.99,72.00590515136719,1857.0,0.0,1367.0,0.0776130259037017,100.0,62.7459716796875,444.0,0.0
2000,0.0,1892.0,13.641960144042969,36.99,72.00590515136719,1857.0,0.0,1367.0,0.0776130259037017,100.0,62.7459716796875,444.0,0.0
2001,0.0,1892.0,13.641960144042969,36.99,72.00590515136719,1857.0,0.0,1367.0,0.0776130259037017,100.0,62.7459716796875,444.0,0.0
2002,0.0,1892.0,13.641960144042969,36.99,72.00590515136719,1857.0,0.0,1367.0,0.0776130259037017,100.0,62.7459716796875,444.0,0.0
2003,0.0,1892.0,13.788738250732422,36.99,72.42657470703125,1522.0,0.0,1367.0,0.098466582596302,100.0,62.83134078979492,571.0,0.0
2004,0.0,1892.0,13.788738250732422,36.99,72.42657470703125,1522.0,0.0,1367.0,0.098466582596302,100.0,62.83134078979492,571.0,0.0
2005,0.0,1892.0,13.788738250732422,36.99,72.42657470703125,1522.0,0.0,1367.0,0.098466582596302,100.0,62.83134078979492,571.0,0.0
2006,0.0,1892.0,13.788738250732422,36.99,72.42657470703125,1522.0,0.0,1367.0,0.098466582596302,100.0,62.83134078979492,571.0,0.0
2007,0.0,1892.0,13.788738250732422,36.99,72.42657470703125,1522.0,0.0,1367.0,0.098466582596302,100.0,62.83134078979492,571.0,0.0
2008,0.0,1892.0,13.933669090270996,36.99,73.67375183105469,2144.0,0.0,1367.0,0.044768214225769,100.0,62.931129455566406,579.0,0.0
2009,0.0,1892.0,13.933669090270996,36.99,73.67375183105469,2144.0,0.0,1367.0,0.044768214225769,100.0,62.931129455566406,579.0,0.0
2010,0.0,1892.0,13.933669090270996,36.99,73.67375183105469,2144.0,0.0,1367.0,0.044768214225769,100.0,62.931129455566406,579.0,0.0
2011,0.0,1892.0,13.933669090270996,36.99,73.67375183105469,2144.0,0.0,1367.0,0.044768214225769,100.0,62.931129455566406,579.0,0.0
2012,0.0,1892.0,13.933669090270996,36.99,73.67375183105469,2144.0,0.0,1367.0,0.044768214225769,100.0,62.931129455566406,579.0,0.0
2013,0.0,1892.0,13.933669090270996,36.99,73.67375183105469,2144.0,0.0,1367.0,0.044768214225769,100.0,62.931129455566406,579.0,0.0
2014,0.0,1892.0,13.897212028503418,36.99,73.62939453125,1751.0,0.0,1367.0,0.1132487133145332,100.0,62.968109130859375,510.0,0.0
2015,0.0,1892.0,13.897212028503418,36.99,73.62939453125,1751.0,0.0,1367.0,0.1132487133145332,100.0,62.968109130859375,510.0,0.0
2016,0.0,1892.0,13.897212028503418,36.99,73.62939453125,1751.0,0.0,1367.0,0.1132487133145332,100.0,62.968109130859375,510.0,0.0
2017,0.0,1892.0,13.897212028503418,36.99,73.62939453125,1751.0,0.0,1367.0,0.1132487133145332,100.0,62.968109130859375,510.0,0.0
2018,0.0,1892.0,13.897212028503418,36.99,73.62939453125,1751.0,0.0,1367.0,0.1132487133145332,100.0,62.968109130859375,510.0,0.0
2019,0.0,1892.0,13.148834228515623,36.99,73.19352722167969,1745.0,0.0,1367.0,0.0443898811936378,100.0,63.0069465637207,444.0,0.0
2020,0.0,1892.0,13.148834228515623,36.99,73.19352722167969,1745.0,0.0,1367.0,0.0443898811936378,100.0,63.0069465637207,444.0,0.0
2021,0.0,1892.0,13.148834228515623,36.99,73.19352722167969,1745.0,0.0,1367.0,0.0443898811936378,100.0,63.0069465637207,444.0,0.0
2022,0.0,1892.0,13.148834228515623,36.99,73.19352722167969,1745.0,0.0,1367.0,0.0443898811936378,100.0,63.0069465637207,444.0,0.0
2023,0.0,1892.0,13.148834228515623,36.99,73.19352722167969,1745.0,0.0,1367.0,0.0443898811936378,100.0,63.0069465637207,444.0,0.0
2024,0.0,1892.0,13.136058807373049,36.99,72.40315246582031,2023.0,0.0,1367.0,0.0376572124660015,100.0,62.944580078125,468.0,0.0
2025,0.0,1892.0,13.136058807373049,36.99,72.40315246582031,2023.0,0.0,1367.0,0.0376572124660015,100.0,62.944580078125,468.0,0.0
2026,0.0,1892.0,13.136058807373049,36.99,72.40315246582031,2023.0,0.0,1367.0,0.0376572124660015,100.0,62.944580078125,468.0,0.0
2027,0.0,1892.0,13.136058807373049,36.99,72.40315246582031,2023.0,0.0,1367.0,0.0376572124660015,100.0,62.944580078125,468.0,0.0
2028,0.0,1892.0,13.136058807373049,36.99,72.40315246582031,2023.0,0.0,1367.0,0.0376572124660015,100.0,62.944580078125,468.0,0.0
2029,0.0,1892.0,13.328214645385742,36.99,72.16117858886719,2046.0,0.0,1367.0,0.1138833239674568,100.0,62.63886260986328,497.0,0.0
2030,0.0,1892.0,13.328214645385742,36.99,72.16117858886719,2046.0,0.0,1367.0,0.1138833239674568,100.0,62.63886260986328,497.0,0.0
2031,0.0,1892.0,13.328214645385742,36.99,72.16117858886719,2046.0,0.0,1367.0,0.1138833239674568,100.0,62.63886260986328,497.0,0.0
2032,0.0,1892.0,13.328214645385742,36.99,72.16117858886719,2046.0,0.0,1367.0,0.1138833239674568,100.0,62.63886260986328,497.0,0.0
2033,0.0,1892.0,13.328214645385742,36.99,72.16117858886719,2046.0,0.0,1367.0,0.1138833239674568,100.0,62.63886260986328,497.0,0.0
2034,0.0,1892.0,13.04265594482422,36.99,72.55889892578125,2034.0,0.0,1367.0,0.0676397234201431,100.0,62.79326248168945,460.0,0.0
2035,0.0,1892.0,13.04265594482422,36.99,72.55889892578125,2034.0,0.0,1367.0,0.0676397234201431,100.0,62.79326248168945,460.0,0.0
2036,0.0,1892.0,13.04265594482422,36.99,72.55889892578125,2034.0,0.0,1367.0,0.0676397234201431,100.0,62.79326248168945,460.0,0.0
2037,0.0,1892.0,13.04265594482422,36.99,72.55889892578125,2034.0,0.0,1367.0,0.0676397234201431,100.0,62.79326248168945,460.0,0.0
2038,0.0,1892.0,13.04265594482422,36.99,72.55889892578125,2034.0,0.0,1367.0,0.0676397234201431,100.0,62.79326248168945,460.0,0.0
2039,0.0,1892.0,13.019729614257812,36.99,48.36366653442383,2133.0,0.0,1367.0,0.1450705677270889,100.0,62.52362060546875,498.0,0.0
2040,0.0,1892.0,13.019729614257812,36.99,48.36366653442383,2133.0,0.0,1367.0,0.1450705677270889,100.0,62.52362060546875,498.0,0.0
2041,0.0,1892.0,13.019729614257812,36.99,48.36366653442383,2133.0,0.0,1367.0,0.1450705677270889,100.0,62.52362060546875,498.0,0.0
2042,0.0,1892.0,13.019729614257812,36.99,48.36366653442383,2133.0,0.0,1367.0,0.1450705677270889,100.0,62.52362060546875,498.0,0.0
2043,0.0,1892.0,13.019729614257812,36.99,48.36366653442383,2133.0,0.0,1367.0,0.1450705677270889,100.0,62.52362060546875,498.0,0.0
2044,0.0,1892.0,13.109271049499512,36.99,71.56415557861328,1953.0,0.0,1367.0,0.0601689144968986,100.0,62.462196350097656,587.0,0.0
2045,0.0,1892.0,13.109271049499512,36.99,71.56415557861328,1953.0,0.0,1367.0,0.0601689144968986,100.0,62.462196350097656,587.0,0.0
2046,0.0,1892.0,13.109271049499512,36.99,71.56415557861328,1953.0,0.0,1367.0,0.0601689144968986,100.0,62.462196350097656,587.0,0.0
2047,0.0,1892.0,13.109271049499512,36.99,71.56415557861328,1953.0,0.0,1367.0,0.0601689144968986,100.0,62.462196350097656,587.0,0.0
2048,0.0,1892.0,13.109271049499512,36.99,71.56415557861328,1953.0,0.0,1367.0,0.0601689144968986,100.0,62.462196350097656,587.0,0.0
2049,0.0,1892.0,12.743276596069336,36.99,70.26739501953125,1930.0,0.0,1367.0,0.0322799906134605,100.0,62.29505157470703,444.0,0.0
2050,0.0,1892.0,12.743276596069336,36.99,70.26739501953125,1930.0,0.0,1367.0,0.0322799906134605,100.0,62.29505157470703,444.0,0.0
2051,0.0,1892.0,12.743276596069336,36.99,70.26739501953125,1930.0,0.0,1367.0,0.0322799906134605,100.0,62.29505157470703,444.0,0.0
2052,0.0,1892.0,12.743276596069336,36.99,70.26739501953125,1930.0,0.0,1367.0,0.0322799906134605,100.0,62.29505157470703,444.0,0.0
2053,0.0,1892.0,12.743276596069336,36.99,70.26739501953125,1930.0,0.0,1367.0,0.0322799906134605,100.0,62.29505157470703,444.0,0.0
2054,0.0,1892.0,12.590685844421388,36.99,71.3992691040039,1875.0,0.0,1367.0,0.0276674032211303,100.0,62.57270050048828,444.0,0.0
2055,0.0,1892.0,12.590685844421388,36.99,71.3992691040039,1875.0,0.0,1367.0,0.0276674032211303,100.0,62.57270050048828,444.0,0.0
2056,0.0,1892.0,12.590685844421388,36.99,71.3992691040039,1875.0,0.0,1367.0,0.0276674032211303,100.0,62.57270050048828,444.0,0.0
2057,0.0,1892.0,12.590685844421388,36.99,71.3992691040039,1875.0,0.0,1367.0,0.0276674032211303,100.0,62.57270050048828,444.0,0.0
2058,0.0,1892.0,12.590685844421388,36.99,71.3992691040039,1875.0,0.0,1367.0,0.0276674032211303,100.0,62.57270050048828,444.0,0.0
2059,0.0,1892.0,12.87850570678711,36.99,71.31349182128906,1901.0,0.0,1367.0,0.0575991310179233,100.0,62.41768264770508,473.0,0.0
2060,0.0,1892.0,12.87850570678711,36.99,71.31349182128906,1901.0,0.0,1367.0,0.0575991310179233,100.0,62.41768264770508,473.0,0.0
2061,0.0,1892.0,12.87850570678711,36.99,71.31349182128906,1901.0,0.0,1367.0,0.0575991310179233,100.0,62.41768264770508,473.0,0.0
2062,0.0,1892.0,12.87850570678711,36.99,71.31349182128906,1901.0,0.0,1367.0,0.0575991310179233,100.0,62.41768264770508,473.0,0.0
2063,0.0,1892.0,12.87850570678711,36.99,71.31349182128906,1901.0,0.0,1367.0,0.0575991310179233,100.0,62.41768264770508,473.0,0.0
2064,0.0,1892.0,12.87850570678711,36.99,71.31349182128906,1901.0,0.0,1367.0,0.0575991310179233,100.0,62.41768264770508,473.0,0.0
2065,0.0,1892.0,15.520922660827637,36.99,73.57331085205078,2046.0,0.0,1367.0,0.0953633487224578,100.0,62.55859375,498.0,0.0
2066,0.0,1892.0,15.520922660827637,36.99,73.57331085205078,2046.0,0.0,1367.0,0.0953633487224578,100.0,62.55859375,498.0,0.0
2067,0.0,1892.0,15.520922660827637,36.99,73.57331085205078,2046.0,0.0,1367.0,0.0953633487224578,100.0,62.55859375,498.0,0.0
2068,0.0,1892.0,15.520922660827637,36.99,73.57331085205078,2046.0,0.0,1367.0,0.0953633487224578,100.0,62.55859375,498.0,0.0
2069,0.0,1892.0,15.520922660827637,36.99,73.57331085205078,2046.0,0.0,1367.0,0.0953633487224578,100.0,62.55859375,498.0,0.0
2070,0.0,1892.0,13.347297668457031,36.99,72.47859954833984,2018.0,0.0,1367.0,0.0996261462569236,100.0,62.47450637817383,517.0,0.0
2071,0.0,1892.0,13.347297668457031,36.99,72.47859954833984,2018.0,0.0,1367.0,0.0996261462569236,100.0,62.47450637817383,517.0,0.0
2072,0.0,1892.0,13.347297668457031,36.99,72.47859954833984,2018.0,0.0,1367.0,0.0996261462569236,100.0,62.47450637817383,517.0,0.0
2073,0.0,1892.0,13.347297668457031,36.99,72.47859954833984,2018.0,0.0,1367.0,0.0996261462569236,100.0,62.47450637817383,517.0,0.0
2074,0.0,1892.0,13.347297668457031,36.99,72.47859954833984,2018.0,0.0,1367.0,0.0996261462569236,100.0,62.47450637817383,517.0,0.0
2075,0.0,1892.0,13.376629829406738,36.99,72.16996765136719,2081.0,0.0,1367.0,0.1398802995681762,100.0,62.372276306152344,477.0,0.0
2076,0.0,1892.0,13.376629829406738,36.99,72.16996765136719,2081.0,0.0,1367.0,0.1398802995681762,100.0,62.372276306152344,477.0,0.0
2077,0.0,1892.0,13.376629829406738,36.99,72.16996765136719,2081.0,0.0,1367.0,0.1398802995681762,100.0,62.372276306152344,477.0,0.0
2078,0.0,1892.0,13.376629829406738,36.99,72.16996765136719,2081.0,0.0,1367.0,0.1398802995681762,100.0,62.372276306152344,477.0,0.0
2079,0.0,1892.0,13.376629829406738,36.99,72.16996765136719,2081.0,0.0,1367.0,0.1398802995681762,100.0,62.372276306152344,477.0,0.0
2080,0.0,1892.0,12.72438621520996,36.99,69.77891540527344,1778.0,0.0,1367.0,0.0987288206815719,100.0,62.543365478515625,444.0,0.0
2081,0.0,1892.0,12.72438621520996,36.99,69.77891540527344,1778.0,0.0,1367.0,0.0987288206815719,100.0,62.543365478515625,444.0,0.0
2082,0.0,1892.0,12.72438621520996,36.99,69.77891540527344,1778.0,0.0,1367.0,0.0987288206815719,100.0,62.543365478515625,444.0,0.0
2083,0.0,1892.0,12.72438621520996,36.99,69.77891540527344,1778.0,0.0,1367.0,0.0987288206815719,100.0,62.543365478515625,444.0,0.0
2084,0.0,1892.0,12.72438621520996,36.99,69.77891540527344,1778.0,0.0,1367.0,0.0987288206815719,100.0,62.543365478515625,444.0,0.0
2085,0.0,1892.0,13.921957015991213,36.99,71.83403015136719,2082.0,0.0,1367.0,0.1798601895570755,100.0,62.42472076416016,444.0,0.0
2086,0.0,1892.0,13.921957015991213,36.99,71.83403015136719,2082.0,0.0,1367.0,0.1798601895570755,100.0,62.42472076416016,444.0,0.0
2087,0.0,1892.0,13.921957015991213,36.99,71.83403015136719,2082.0,0.0,1367.0,0.1798601895570755,100.0,62.42472076416016,444.0,0.0
2088,0.0,1892.0,13.921957015991213,36.99,71.83403015136719,2082.0,0.0,1367.0,0.1798601895570755,100.0,62.42472076416016,444.0,0.0
2089,0.0,1892.0,13.921957015991213,36.99,71.83403015136719,2082.0,0.0,1367.0,0.1798601895570755,100.0,62.42472076416016,444.0,0.0
2090,0.0,1892.0,16.090974807739258,36.99,73.71729278564453,1817.0,0.0,1367.0,0.3754509687423706,100.0,62.690826416015625,487.0,0.0
2091,0.0,1892.0,16.090974807739258,36.99,73.71729278564453,1817.0,0.0,1367.0,0.3754509687423706,100.0,62.690826416015625,487.0,0.0
2092,0.0,1892.0,16.090974807739258,36.99,73.71729278564453,1817.0,0.0,1367.0,0.3754509687423706,100.0,62.690826416015625,487.0,0.0
2093,0.0,1892.0,16.090974807739258,36.99,73.71729278564453,1817.0,0.0,1367.0,0.3754509687423706,100.0,62.690826416015625,487.0,0.0
2094,0.0,1892.0,16.090974807739258,36.99,73.71729278564453,1817.0,0.0,1367.0,0.3754509687423706,100.0,62.690826416015625,487.0,0.0
2095,0.0,1892.0,13.42105197906494,36.99,73.9544906616211,2061.0,0.0,1367.0,0.1554750949144363,100.0,62.73395538330078,444.0,0.0
2096,0.0,1892.0,13.42105197906494,36.99,73.9544906616211,2061.0,0.0,1367.0,0.1554750949144363,100.0,62.73395538330078,444.0,0.0
2097,0.0,1892.0,13.42105197906494,36.99,73.9544906616211,2061.0,0.0,1367.0,0.1554750949144363,100.0,62.73395538330078,444.0,0.0
2098,0.0,1892.0,13.42105197906494,36.99,73.9544906616211,2061.0,0.0,1367.0,0.1554750949144363,100.0,62.73395538330078,444.0,0.0
2099,0.0,1892.0,13.42105197906494,36.99,73.9544906616211,2061.0,0.0,1367.0,0.1554750949144363,100.0,62.73395538330078,444.0,0.0
2100,0.0,1892.0,13.175088882446287,36.99,72.03573608398438,2200.0,0.0,1367.0,0.0559185445308685,100.0,62.108680725097656,526.0,0.0
2101,0.0,1892.0,13.175088882446287,36.99,72.03573608398438,2200.0,0.0,1367.0,0.0559185445308685,100.0,62.108680725097656,526.0,0.0
2102,0.0,1892.0,13.175088882446287,36.99,72.03573608398438,2200.0,0.0,1367.0,0.0559185445308685,100.0,62.108680725097656,526.0,0.0
2103,0.0,1892.0,13.175088882446287,36.99,72.03573608398438,2200.0,0.0,1367.0,0.0559185445308685,100.0,62.108680725097656,526.0,0.0
2104,0.0,1892.0,13.175088882446287,36.99,72.03573608398438,2200.0,0.0,1367.0,0.0559185445308685,100.0,62.108680725097656,526.0,0.0
2105,0.0,1892.0,12.895105361938477,36.99,70.8644790649414,2244.0,0.0,1367.0,0.0672656893730163,100.0,62.24430084228515,561.0,0.0
2106,0.0,1892.0,12.895105361938477,36.99,70.8644790649414,2244.0,0.0,1367.0,0.0672656893730163,100.0,62.24430084228515,561.0,0.0
2107,0.0,1892.0,12.895105361938477,36.99,70.8644790649414,2244.0,0.0,1367.0,0.0672656893730163,100.0,62.24430084228515,561.0,0.0
2108,0.0,1892.0,12.895105361938477,36.99,70.8644790649414,2244.0,0.0,1367.0,0.0672656893730163,100.0,62.24430084228515,561.0,0.0
2109,0.0,1892.0,12.895105361938477,36.99,70.8644790649414,2244.0,0.0,1367.0,0.0672656893730163,100.0,62.24430084228515,561.0,0.0
2110,0.0,1892.0,14.114937782287598,36.99,71.97689819335938,1916.0,0.0,1367.0,0.1698990613222122,100.0,62.27605438232422,460.0,0.0
2111,0.0,1892.0,14.114937782287598,36.99,71.97689819335938,1916.0,0.0,1367.0,0.1698990613222122,100.0,62.27605438232422,460.0,0.0
2112,0.0,1892.0,14.114937782287598,36.99,71.97689819335938,1916.0,0.0,1367.0,0.1698990613222122,100.0,62.27605438232422,460.0,0.0
2113,0.0,1892.0,14.114937782287598,36.99,71.97689819335938,1916.0,0.0,1367.0,0.1698990613222122,100.0,62.27605438232422,460.0,0.0
2114,0.0,1892.0,14.114937782287598,36.99,71.97689819335938,1916.0,0.0,1367.0,0.1698990613222122,100.0,62.27605438232422,460.0,0.0
2115,0.0,1892.0,14.114937782287598,36.99,71.97689819335938,1916.0,0.0,1367.0,0.1698990613222122,100.0,62.27605438232422,460.0,0.0
2116,0.0,1892.0,12.929719924926758,36.99,72.53887176513672,1576.0,0.0,1367.0,0.0956895872950553,100.0,62.1768798828125,333.0,0.0
2117,0.0,1892.0,12.929719924926758,36.99,72.53887176513672,1576.0,0.0,1367.0,0.0956895872950553,100.0,62.1768798828125,333.0,0.0
2118,0.0,1892.0,12.929719924926758,36.99,72.53887176513672,1576.0,0.0,1367.0,0.0956895872950553,100.0,62.1768798828125,333.0,0.0
2119,0.0,1892.0,12.929719924926758,36.99,72.53887176513672,1576.0,0.0,1367.0,0.0956895872950553,100.0,62.1768798828125,333.0,0.0
2120,0.0,1892.0,12.929719924926758,36.99,72.53887176513672,1576.0,0.0,1367.0,0.0956895872950553,100.0,62.1768798828125,333.0,0.0
2121,0.0,1892.0,12.58572769165039,36.99,69.62456512451172,1211.0,0.0,1367.0,0.0020566489547491,100.0,62.048980712890625,111.0,0.0
2122,0.0,1892.0,12.58572769165039,36.99,69.62456512451172,1211.0,0.0,1367.0,0.0020566489547491,100.0,62.048980712890625,111.0,0.0
2123,0.0,1892.0,12.58572769165039,36.99,69.62456512451172,1211.0,0.0,1367.0,0.0020566489547491,100.0,62.048980712890625,111.0,0.0
2124,0.0,1892.0,12.58572769165039,36.99,69.62456512451172,1211.0,0.0,1367.0,0.0020566489547491,100.0,62.048980712890625,111.0,0.0
2125,0.0,1892.0,12.58572769165039,36.99,69.62456512451172,1211.0,0.0,1367.0,0.0020566489547491,100.0,62.048980712890625,111.0,0.0
2126,0.0,1892.0,12.658994674682615,36.99,69.39891815185547,1293.0,0.0,1367.0,0.0026883063837885,100.0,61.79407501220703,222.0,0.0
2127,0.0,1892.0,12.658994674682615,36.99,69.39891815185547,1293.0,0.0,1367.0,0.0026883063837885,100.0,61.79407501220703,222.0,0.0
2128,0.0,1892.0,12.658994674682615,36.99,69.39891815185547,1293.0,0.0,1367.0,0.0026883063837885,100.0,61.79407501220703,222.0,0.0
2129,0.0,1892.0,12.658994674682615,36.99,69.39891815185547,1293.0,0.0,1367.0,0.0026883063837885,100.0,61.79407501220703,222.0,0.0
2130,0.0,1892.0,12.658994674682615,36.99,69.39891815185547,1293.0,0.0,1367.0,0.0026883063837885,100.0,61.79407501220703,222.0,0.0
2131,0.0,1892.0,12.9476318359375,36.99,69.23504638671875,1534.0,0.0,1367.0,0.1878784298896789,100.0,61.711700439453125,247.0,0.0
2132,0.0,1892.0,12.9476318359375,36.99,69.23504638671875,1534.0,0.0,1367.0,0.1878784298896789,100.0,61.711700439453125,247.0,0.0
2133,0.0,1892.0,12.9476318359375,36.99,69.23504638671875,1534.0,0.0,1367.0,0.1878784298896789,100.0,61.711700439453125,247.0,0.0
2134,0.0,1892.0,12.9476318359375,36.99,69.23504638671875,1534.0,0.0,1367.0,0.1878784298896789,100.0,61.711700439453125,247.0,0.0
2135,0.0,1892.0,12.9476318359375,36.99,69.23504638671875,1534.0,0.0,1367.0,0.1878784298896789,100.0,61.711700439453125,247.0,0.0
2136,0.0,1892.0,13.057995796203612,36.99,71.31774139404297,1709.0,0.0,1367.0,0.0448032207787036,100.0,61.905517578125,347.0,0.0
2137,0.0,1892.0,13.057995796203612,36.99,71.31774139404297,1709.0,0.0,1367.0,0.0448032207787036,100.0,61.905517578125,347.0,0.0
2138,0.0,1892.0,13.057995796203612,36.99,71.31774139404297,1709.0,0.0,1367.0,0.0448032207787036,100.0,61.905517578125,347.0,0.0
2139,0.0,1892.0,13.057995796203612,36.99,71.31774139404297,1709.0,0.0,1367.0,0.0448032207787036,100.0,61.905517578125,347.0,0.0
2140,0.0,1892.0,13.057995796203612,36.99,71.31774139404297,1709.0,0.0,1367.0,0.0448032207787036,100.0,61.905517578125,347.0,0.0
2141,0.0,1892.0,12.640716552734377,36.99,71.56317901611328,1368.0,0.0,1367.0,0.0018192217685282,100.0,62.01433563232422,137.0,0.0
2142,0.0,1892.0,12.640716552734377,36.99,71.56317901611328,1368.0,0.0,1367.0,0.0018192217685282,100.0,62.01433563232422,137.0,0.0
2143,0.0,1892.0,12.640716552734377,36.99,71.56317901611328,1368.0,0.0,1367.0,0.0018192217685282,100.0,62.01433563232422,137.0,0.0
2144,0.0,1892.0,12.640716552734377,36.99,71.56317901611328,1368.0,0.0,1367.0,0.0018192217685282,100.0,62.01433563232422,137.0,0.0
2145,0.0,1892.0,12.640716552734377,36.99,71.56317901611328,1368.0,0.0,1367.0,0.0018192217685282,100.0,62.01433563232422,137.0,0.0
2146,0.0,1892.0,12.997650146484377,36.99,69.08480072021484,1730.0,0.0,1367.0,0.1230288445949554,100.0,62.26951217651367,269.0,0.0
2147,0.0,1892.0,12.997650146484377,36.99,69.08480072021484,1730.0,0.0,1367.0,0.1230288445949554,100.0,62.26951217651367,269.0,0.0
2148,0.0,1892.0,12.997650146484377,36.99,69.08480072021484,1730.0,0.0,1367.0,0.1230288445949554,100.0,62.26951217651367,269.0,0.0
2149,0.0,1892.0,12.997650146484377,36.99,69.08480072021484,1730.0,0.0,1367.0,0.1230288445949554,100.0,62.26951217651367,269.0,0.0
2150,0.0,1892.0,12.997650146484377,36.99,69.08480072021484,1730.0,0.0,1367.0,0.1230288445949554,100.0,62.26951217651367,269.0,0.0
2151,0.0,1892.0,12.594170570373535,36.99,70.50593566894531,1475.0,0.0,1367.0,0.0571700930595397,100.0,61.78563690185547,111.0,0.0
2152,0.0,1892.0,12.594170570373535,36.99,70.50593566894531,1475.0,0.0,1367.0,0.0571700930595397,100.0,61.78563690185547,111.0,0.0
2153,0.0,1892.0,12.594170570373535,36.99,70.50593566894531,1475.0,0.0,1367.0,0.0571700930595397,100.0,61.78563690185547,111.0,0.0
2154,0.0,1892.0,12.594170570373535,36.99,70.50593566894531,1475.0,0.0,1367.0,0.0571700930595397,100.0,61.78563690185547,111.0,0.0
2155,0.0,1892.0,12.594170570373535,36.99,70.50593566894531,1475.0,0.0,1367.0,0.0571700930595397,100.0,61.78563690185547,111.0,0.0
2156,0.0,1892.0,14.161444664001465,36.99,70.42779541015625,1665.0,0.0,1367.0,0.6246992945671082,100.0,61.831085205078125,489.0,0.0
2157,0.0,1892.0,14.161444664001465,36.99,70.42779541015625,1665.0,0.0,1367.0,0.6246992945671082,100.0,61.831085205078125,489.0,0.0
2158,0.0,1892.0,14.161444664001465,36.99,70.42779541015625,1665.0,0.0,1367.0,0.6246992945671082,100.0,61.831085205078125,489.0,0.0
2159,0.0,1892.0,14.161444664001465,36.99,70.42779541015625,1665.0,0.0,1367.0,0.6246992945671082,100.0,61.831085205078125,489.0,0.0
2160,0.0,1892.0,14.161444664001465,36.99,70.42779541015625,1665.0,0.0,1367.0,0.6246992945671082,100.0,61.831085205078125,489.0,0.0
2161,0.0,1892.0,17.28213882446289,36.99,73.94664001464844,2078.0,0.0,1367.0,0.2290095090866089,100.0,62.1175651550293,444.0,0.0
2162,0.0,1892.0,17.28213882446289,36.99,73.94664001464844,2078.0,0.0,1367.0,0.2290095090866089,100.0,62.1175651550293,444.0,0.0
2163,0.0,1892.0,17.28213882446289,36.99,73.94664001464844,2078.0,0.0,1367.0,0.2290095090866089,100.0,62.1175651550293,444.0,0.0
2164,0.0,1892.0,17.28213882446289,36.99,73.94664001464844,2078.0,0.0,1367.0,0.2290095090866089,100.0,62.1175651550293,444.0,0.0
2165,0.0,1892.0,17.28213882446289,36.99,73.94664001464844,2078.0,0.0,1367.0,0.2290095090866089,100.0,62.1175651550293,444.0,0.0
2166,0.0,1892.0,17.053009033203125,36.99,74.19982147216797,1929.0,0.0,1367.0,0.1752014756202697,100.0,62.342979431152344,489.0,0.0
2167,0.0,1892.0,17.053009033203125,36.99,74.19982147216797,1929.0,0.0,1367.0,0.1752014756202697,100.0,62.342979431152344,489.0,0.0
2168,0.0,1892.0,17.053009033203125,36.99,74.19982147216797,1929.0,0.0,1367.0,0.1752014756202697,100.0,62.342979431152344,489.0,0.0
2169,0.0,1892.0,17.053009033203125,36.99,74.19982147216797,1929.0,0.0,1367.0,0.1752014756202697,100.0,62.342979431152344,489.0,0.0
2170,0.0,1892.0,17.053009033203125,36.99,74.19982147216797,1929.0,0.0,1367.0,0.1752014756202697,100.0,62.342979431152344,489.0,0.0
2171,0.0,1892.0,17.053009033203125,36.99,74.19982147216797,1929.0,0.0,1367.0,0.1752014756202697,100.0,62.342979431152344,489.0,0.0
2172,0.0,1892.0,13.59899616241455,36.99,72.33063507080078,1620.0,0.0,1367.0,0.1147273853421211,100.0,62.02238845825195,492.0,0.0
2173,0.0,1892.0,13.59899616241455,36.99,72.33063507080078,1620.0,0.0,1367.0,0.1147273853421211,100.0,62.02238845825195,492.0,0.0
2174,0.0,1892.0,13.59899616241455,36.99,72.33063507080078,1620.0,0.0,1367.0,0.1147273853421211,100.0,62.02238845825195,492.0,0.0
2175,0.0,1892.0,13.59899616241455,36.99,72.33063507080078,1620.0,0.0,1367.0,0.1147273853421211,100.0,62.02238845825195,492.0,0.0
2176,0.0,1892.0,13.59899616241455,36.99,72.33063507080078,1620.0,0.0,1367.0,0.1147273853421211,100.0,62.02238845825195,492.0,0.0
2177,0.0,1892.0,14.870725631713867,36.99,73.2432632446289,1708.0,0.0,1367.0,0.3883633315563202,100.0,62.32855224609375,474.0,0.0
2178,0.0,1892.0,14.870725631713867,36.99,73.2432632446289,1708.0,0.0,1367.0,0.3883633315563202,100.0,62.32855224609375,474.0,0.0
2179,0.0,1892.0,14.870725631713867,36.99,73.2432632446289,1708.0,0.0,1367.0,0.3883633315563202,100.0,62.32855224609375,474.0,0.0
2180,0.0,1892.0,14.870725631713867,36.99,73.2432632446289,1708.0,0.0,1367.0,0.3883633315563202,100.0,62.32855224609375,474.0,0.0
2181,0.0,1892.0,14.870725631713867,36.99,73.2432632446289,1708.0,0.0,1367.0,0.3883633315563202,100.0,62.32855224609375,474.0,0.0
2182,0.0,1892.0,15.851484298706056,36.99,73.59677124023438,1697.0,0.0,1367.0,0.5054451823234558,100.0,62.30537033081055,476.0,0.0
2183,0.0,1892.0,15.851484298706056,36.99,73.59677124023438,1697.0,0.0,1367.0,0.5054451823234558,100.0,62.30537033081055,476.0,0.0
2184,0.0,1892.0,15.851484298706056,36.99,73.59677124023438,1697.0,0.0,1367.0,0.5054451823234558,100.0,62.30537033081055,476.0,0.0
2185,0.0,1892.0,15.851484298706056,36.99,73.59677124023438,1697.0,0.0,1367.0,0.5054451823234558,100.0,62.30537033081055,476.0,0.0
2186,0.0,1892.0,15.851484298706056,36.99,73.59677124023438,1697.0,0.0,1367.0,0.5054451823234558,100.0,62.30537033081055,476.0,0.0
2187,0.0,1892.0,13.061277389526367,36.99,72.42596435546875,2059.0,0.0,1367.0,0.1201097220182418,100.0,62.110870361328125,444.0,0.0
2188,0.0,1892.0,13.061277389526367,36.99,72.42596435546875,2059.0,0.0,1367.0,0.1201097220182418,100.0,62.110870361328125,444.0,0.0
2189,0.0,1892.0,13.061277389526367,36.99,72.42596435546875,2059.0,0.0,1367.0,0.1201097220182418,100.0,62.110870361328125,444.0,0.0
2190,0.0,1892.0,13.061277389526367,36.99,72.42596435546875,2059.0,0.0,1367.0,0.1201097220182418,100.0,62.110870361328125,444.0,0.0
2191,0.0,1892.0,13.061277389526367,36.99,72.42596435546875,2059.0,0.0,1367.0,0.1201097220182418,100.0,62.110870361328125,444.0,0.0
2192,0.0,1892.0,12.721808433532717,36.99,69.52830505371094,1400.0,0.0,1367.0,0.0027479554992169,100.0,61.772193908691406,333.0,0.0
2193,0.0,1892.0,12.721808433532717,36.99,69.52830505371094,1400.0,0.0,1367.0,0.0027479554992169,100.0,61.772193908691406,333.0,0.0
2194,0.0,1892.0,12.721808433532717,36.99,69.52830505371094,1400.0,0.0,1367.0,0.0027479554992169,100.0,61.772193908691406,333.0,0.0
2195,0.0,1892.0,12.721808433532717,36.99,69.52830505371094,1400.0,0.0,1367.0,0.0027479554992169,100.0,61.772193908691406,333.0,0.0
2196,0.0,1892.0,12.721808433532717,36.99,69.52830505371094,1400.0,0.0,1367.0,0.0027479554992169,100.0,61.772193908691406,333.0,0.0
2197,0.0,1892.0,12.956259727478027,36.99,70.68168640136719,1687.0,0.0,1367.0,0.0448415167629718,100.0,61.67845916748047,351.0,0.0
2198,0.0,1892.0,12.956259727478027,36.99,70.68168640136719,1687.0,0.0,1367.0,0.0448415167629718,100.0,61.67845916748047,351.0,0.0
2199,0.0,1892.0,12.956259727478027,36.99,70.68168640136719,1687.0,0.0,1367.0,0.0448415167629718,100.0,61.67845916748047,351.0,0.0
2200,0.0,1892.0,12.956259727478027,36.99,70.68168640136719,1687.0,0.0,1367.0,0.0448415167629718,100.0,61.67845916748047,351.0,0.0
2201,0.0,1892.0,12.956259727478027,36.99,70.68168640136719,1687.0,0.0,1367.0,0.0448415167629718,100.0,61.67845916748047,351.0,0.0
2202,0.0,1892.0,13.601263999938965,36.99,72.18047332763672,1731.0,0.0,1367.0,0.198927104473114,100.0,62.00641632080078,523.0,0.0
2203,0.0,1892.0,13.601263999938965,36.99,72.18047332763672,1731.0,0.0,1367.0,0.198927104473114,100.0,62.00641632080078,523.0,0.0
2204,0.0,1892.0,13.601263999938965,36.99,72.18047332763672,1731.0,0.0,1367.0,0.198927104473114,100.0,62.00641632080078,523.0,0.0
2205,0.0,1892.0,13.601263999938965,36.99,72.18047332763672,1731.0,0.0,1367.0,0.198927104473114,100.0,62.00641632080078,523.0,0.0
2206,0.0,1892.0,13.601263999938965,36.99,72.18047332763672,1731.0,0.0,1367.0,0.198927104473114,100.0,62.00641632080078,523.0,0.0
2207,0.0,1892.0,13.21396827697754,36.99,71.48330688476562,2046.0,0.0,1367.0,0.0635440424084663,100.0,61.69243621826172,444.0,0.0
2208,0.0,1892.0,13.21396827697754,36.99,71.48330688476562,2046.0,0.0,1367.0,0.0635440424084663,100.0,61.69243621826172,444.0,0.0
2209,0.0,1892.0,13.21396827697754,36.99,71.48330688476562,2046.0,0.0,1367.0,0.0635440424084663,100.0,61.69243621826172,444.0,0.0
2210,0.0,1892.0,13.21396827697754,36.99,71.48330688476562,2046.0,0.0,1367.0,0.0635440424084663,100.0,61.69243621826172,444.0,0.0
2211,0.0,1892.0,13.21396827697754,36.99,71.48330688476562,2046.0,0.0,1367.0,0.0635440424084663,100.0,61.69243621826172,444.0,0.0
2212,0.0,1892.0,12.896151542663574,36.99,71.24577331542969,1987.0,0.0,1367.0,0.0717017576098442,100.0,61.82402420043945,444.0,0.0
2213,0.0,1892.0,12.896151542663574,36.99,71.24577331542969,1987.0,0.0,1367.0,0.0717017576098442,100.0,61.82402420043945,444.0,0.0
2214,0.0,1892.0,12.896151542663574,36.99,71.24577331542969,1987.0,0.0,1367.0,0.0717017576098442,100.0,61.82402420043945,444.0,0.0
2215,0.0,1892.0,12.896151542663574,36.99,71.24577331542969,1987.0,0.0,1367.0,0.0717017576098442,100.0,61.82402420043945,444.0,0.0
2216,0.0,1892.0,12.896151542663574,36.99,71.24577331542969,1987.0,0.0,1367.0,0.0717017576098442,100.0,61.82402420043945,444.0,0.0
2217,0.0,1892.0,13.349596977233888,36.99,71.7801513671875,1947.0,0.0,1367.0,0.1675835847854614,100.0,61.774696350097656,333.0,0.0
2218,0.0,1892.0,13.349596977233888,36.99,71.7801513671875,1947.0,0.0,1367.0,0.1675835847854614,100.0,61.774696350097656,333.0,0.0
2219,0.0,1892.0,13.349596977233888,36.99,71.7801513671875,1947.0,0.0,1367.0,0.1675835847854614,100.0,61.774696350097656,333.0,0.0
2220,0.0,1892.0,13.349596977233888,36.99,71.7801513671875,1947.0,0.0,1367.0,0.1675835847854614,100.0,61.774696350097656,333.0,0.0
2221,0.0,1892.0,13.349596977233888,36.99,71.7801513671875,1947.0,0.0,1367.0,0.1675835847854614,100.0,61.774696350097656,333.0,0.0
2222,0.0,1892.0,12.775527954101562,36.99,69.93140411376953,1424.0,0.0,1367.0,0.0627151727676391,100.0,61.56599044799805,419.0,0.0
2223,0.0,1892.0,12.775527954101562,36.99,69.93140411376953,1424.0,0.0,1367.0,0.0627151727676391,100.0,61.56599044799805,419.0,0.0
2224,0.0,1892.0,12.775527954101562,36.99,69.93140411376953,1424.0,0.0,1367.0,0.0627151727676391,100.0,61.56599044799805,419.0,0.0
2225,0.0,1892.0,12.775527954101562,36.99,69.93140411376953,1424.0,0.0,1367.0,0.0627151727676391,100.0,61.56599044799805,419.0,0.0
2226,0.0,1892.0,12.775527954101562,36.99,69.93140411376953,1424.0,0.0,1367.0,0.0627151727676391,100.0,61.56599044799805,419.0,0.0
2227,0.0,1892.0,13.504929542541504,36.99,70.34671783447266,1864.0,0.0,1367.0,0.2158739119768142,100.0,61.56108474731445,523.0,0.0
2228,0.0,1892.0,13.504929542541504,36.99,70.34671783447266,1864.0,0.0,1367.0,0.2158739119768142,100.0,61.56108474731445,523.0,0.0
2229,0.0,1892.0,13.504929542541504,36.99,70.34671783447266,1864.0,0.0,1367.0,0.2158739119768142,100.0,61.56108474731445,523.0,0.0
2230,0.0,1892.0,13.504929542541504,36.99,70.34671783447266,1864.0,0.0,1367.0,0.2158739119768142,100.0,61.56108474731445,523.0,0.0
2231,0.0,1892.0,13.504929542541504,36.99,70.34671783447266,1864.0,0.0,1367.0,0.2158739119768142,100.0,61.56108474731445,523.0,0.0
2232,0.0,1892.0,13.504929542541504,36.99,70.34671783447266,1864.0,0.0,1367.0,0.2158739119768142,100.0,61.56108474731445,523.0,0.0
2233,0.0,1892.0,13.159994125366213,36.99,71.13394165039062,1814.0,0.0,1367.0,0.176635131239891,100.0,61.61333465576172,547.0,0.0
2234,0.0,1892.0,13.159994125366213,36.99,71.13394165039062,1814.0,0.0,1367.0,0.176635131239891,100.0,61.61333465576172,547.0,0.0
2235,0.0,1892.0,13.159994125366213,36.99,71.13394165039062,1814.0,0.0,1367.0,0.176635131239891,100.0,61.61333465576172,547.0,0.0
2236,0.0,1892.0,13.159994125366213,36.99,71.13394165039062,1814.0,0.0,1367.0,0.176635131239891,100.0,61.61333465576172,547.0,0.0
2237,0.0,1892.0,13.159994125366213,36.99,71.13394165039062,1814.0,0.0,1367.0,0.176635131239891,100.0,61.61333465576172,547.0,0.0
2238,0.0,1892.0,13.49047565460205,36.99,70.11796569824219,1991.0,0.0,1367.0,0.2049515843391418,100.0,61.65496063232422,479.0,0.0
2239,0.0,1892.0,13.49047565460205,36.99,70.11796569824219,1991.0,0.0,1367.0,0.2049515843391418,100.0,61.65496063232422,479.0,0.0
2240,0.0,1892.0,13.49047565460205,36.99,70.11796569824219,1991.0,0.0,1367.0,0.2049515843391418,100.0,61.65496063232422,479.0,0.0
2241,0.0,1892.0,13.49047565460205,36.99,70.11796569824219,1991.0,0.0,1367.0,0.2049515843391418,100.0,61.65496063232422,479.0,0.0
2242,0.0,1892.0,13.49047565460205,36.99,70.11796569824219,1991.0,0.0,1367.0,0.2049515843391418,100.0,61.65496063232422,479.0,0.0
2243,0.0,1892.0,17.052928924560547,36.99,71.98381042480469,1972.0,0.0,1367.0,0.2395464926958084,100.0,61.8764533996582,444.0,0.0
2244,0.0,1892.0,17.052928924560547,36.99,71.98381042480469,1972.0,0.0,1367.0,0.2395464926958084,100.0,61.8764533996582,444.0,0.0
2245,0.0,1892.0,17.052928924560547,36.99,71.98381042480469,1972.0,0.0,1367.0,0.2395464926958084,100.0,61.8764533996582,444.0,0.0
2246,0.0,1892.0,17.052928924560547,36.99,71.98381042480469,1972.0,0.0,1367.0,0.2395464926958084,100.0,61.8764533996582,444.0,0.0
2247,0.0,1892.0,17.052928924560547,36.99,71.98381042480469,1972.0,0.0,1367.0,0.2395464926958084,100.0,61.8764533996582,444.0,0.0
2248,0.0,1892.0,14.871736526489258,36.99,73.93740844726562,1662.0,0.0,1367.0,0.1980816125869751,100.0,61.96104049682617,483.0,0.0
2249,0.0,1892.0,14.871736526489258,36.99,73.93740844726562,1662.0,0.0,1367.0,0.1980816125869751,100.0,61.96104049682617,483.0,0.0
2250,0.0,1892.0,14.871736526489258,36.99,73.93740844726562,1662.0,0.0,1367.0,0.1980816125869751,100.0,61.96104049682617,483.0,0.0
2251,0.0,1892.0,14.871736526489258,36.99,73.93740844726562,1662.0,0.0,1367.0,0.1980816125869751,100.0,61.96104049682617,483.0,0.0
2252,0.0,1892.0,14.871736526489258,36.99,73.93740844726562,1662.0,0.0,1367.0,0.1980816125869751,100.0,61.96104049682617,483.0,0.0
2253,0.0,1892.0,12.919130325317385,36.99,72.1181640625,1918.0,0.0,1367.0,0.111067458987236,100.0,61.81096267700195,444.0,0.0
2254,0.0,1892.0,12.919130325317385,36.99,72.1181640625,1918.0,0.0,1367.0,0.111067458987236,100.0,61.81096267700195,444.0,0.0
2255,0.0,1892.0,12.919130325317385,36.99,72.1181640625,1918.0,0.0,1367.0,0.111067458987236,100.0,61.81096267700195,444.0,0.0
2256,0.0,1892.0,12.919130325317385,36.99,72.1181640625,1918.0,0.0,1367.0,0.111067458987236,100.0,61.81096267700195,444.0,0.0
2257,0.0,1892.0,12.919130325317385,36.99,72.1181640625,1918.0,0.0,1367.0,0.111067458987236,100.0,61.81096267700195,444.0,0.0
2258,0.0,1892.0,12.66063404083252,36.99,70.96163940429688,1397.0,0.0,1367.0,0.0358602665364742,100.0,61.45630645751953,222.0,0.0
2259,0.0,1892.0,12.66063404083252,36.99,70.96163940429688,1397.0,0.0,1367.0,0.0358602665364742,100.0,61.45630645751953,222.0,0.0
2260,0.0,1892.0,12.66063404083252,36.99,70.96163940429688,1397.0,0.0,1367.0,0.0358602665364742,100.0,61.45630645751953,222.0,0.0
2261,0.0,1892.0,12.66063404083252,36.99,70.96163940429688,1397.0,0.0,1367.0,0.0358602665364742,100.0,61.45630645751953,222.0,0.0
2262,0.0,1892.0,12.66063404083252,36.99,70.96163940429688,1397.0,0.0,1367.0,0.0358602665364742,100.0,61.45630645751953,222.0,0.0
2263,0.0,1892.0,12.692289352416992,36.99,69.49800109863281,1330.0,0.0,1367.0,0.0008846400887705,100.0,61.76586151123047,111.0,0.0
2264,0.0,1892.0,12.692289352416992,36.99,69.49800109863281,1330.0,0.0,1367.0,0.0008846400887705,100.0,61.76586151123047,111.0,0.0
2265,0.0,1892.0,12.692289352416992,36.99,69.49800109863281,1330.0,0.0,1367.0,0.0008846400887705,100.0,61.76586151123047,111.0,0.0
2266,0.0,1892.0,12.692289352416992,36.99,69.49800109863281,1330.0,0.0,1367.0,0.0008846400887705,100.0,61.76586151123047,111.0,0.0
2267,0.0,1892.0,12.692289352416992,36.99,69.49800109863281,1330.0,0.0,1367.0,0.0008846400887705,100.0,61.76586151123047,111.0,0.0
2268,0.0,1892.0,12.53398895263672,36.99,69.47210693359375,1226.0,0.0,1367.0,0.0,100.0,61.00648880004883,0.0,0.0
2269,0.0,1892.0,12.53398895263672,36.99,69.47210693359375,1226.0,0.0,1367.0,0.0,100.0,61.00648880004883,0.0,0.0
2270,0.0,1892.0,12.53398895263672,36.99,69.47210693359375,1226.0,0.0,1367.0,0.0,100.0,61.00648880004883,0.0,0.0
2271,0.0,1892.0,12.53398895263672,36.99,69.47210693359375,1226.0,0.0,1367.0,0.0,100.0,61.00648880004883,0.0,0.0
2272,0.0,1892.0,12.53398895263672,36.99,69.47210693359375,1226.0,0.0,1367.0,0.0,100.0,61.00648880004883,0.0,0.0
2273,0.0,1892.0,12.429217338562012,36.99,67.9532241821289,1031.0,0.0,1367.0,0.0004881346249021,100.0,60.897117614746094,111.0,0.0
2274,0.0,1892.0,12.429217338562012,36.99,67.9532241821289,1031.0,0.0,1367.0,0.0004881346249021,100.0,60.897117614746094,111.0,0.0
2275,0.0,1892.0,12.429217338562012,36.99,67.9532241821289,1031.0,0.0,1367.0,0.0004881346249021,100.0,60.897117614746094,111.0,0.0
2276,0.0,1892.0,12.429217338562012,36.99,67.9532241821289,1031.0,0.0,1367.0,0.0004881346249021,100.0,60.897117614746094,111.0,0.0
2277,0.0,1892.0,12.429217338562012,36.99,67.9532241821289,1031.0,0.0,1367.0,0.0004881346249021,100.0,60.897117614746094,111.0,0.0
2278,0.0,1892.0,12.7302885055542,36.99,67.84712982177734,1110.0,0.0,1367.0,0.0,100.0,5.8734002113342285,0.0,0.0
2279,0.0,1892.0,12.7302885055542,36.99,67.84712982177734,1110.0,0.0,1367.0,0.0,100.0,5.8734002113342285,0.0,0.0
2280,0.0,1892.0,12.7302885055542,36.99,67.84712982177734,1110.0,0.0,1367.0,0.0,100.0,5.8734002113342285,0.0,0.0
2281,0.0,1892.0,12.7302885055542,36.99,67.84712982177734,1110.0,0.0,1367.0,0.0,100.0,5.8734002113342285,0.0,0.0
2282,0.0,1892.0,12.7302885055542,36.99,67.84712982177734,1110.0,0.0,1367.0,0.0,100.0,5.8734002113342285,0.0,0.0
2283,0.0,1892.0,12.7302885055542,36.99,67.84712982177734,1110.0,0.0,1367.0,0.0,100.0,5.8734002113342285,0.0,0.0
2284,0.0,1892.0,13.17470359802246,36.99,70.80119323730469,1495.0,0.0,1367.0,0.0755492746829986,100.0,61.16228103637695,137.0,0.0
2285,0.0,1892.0,13.17470359802246,36.99,70.80119323730469,1495.0,0.0,1367.0,0.0755492746829986,100.0,61.16228103637695,137.0,0.0
2286,0.0,1892.0,13.17470359802246,36.99,70.80119323730469,1495.0,0.0,1367.0,0.0755492746829986,100.0,61.16228103637695,137.0,0.0
2287,0.0,1892.0,13.17470359802246,36.99,70.80119323730469,1495.0,0.0,1367.0,0.0755492746829986,100.0,61.16228103637695,137.0,0.0
2288,0.0,1892.0,13.17470359802246,36.99,70.80119323730469,1495.0,0.0,1367.0,0.0755492746829986,100.0,61.16228103637695,137.0,0.0
2289,0.0,1892.0,16.96590805053711,36.99,72.93841552734375,2079.0,0.0,1367.0,0.1428712606430053,100.0,61.34334182739258,444.0,0.0
2290,0.0,1892.0,16.96590805053711,36.99,72.93841552734375,2079.0,0.0,1367.0,0.1428712606430053,100.0,61.34334182739258,444.0,0.0
2291,0.0,1892.0,16.96590805053711,36.99,72.93841552734375,2079.0,0.0,1367.0,0.1428712606430053,100.0,61.34334182739258,444.0,0.0
2292,0.0,1892.0,16.96590805053711,36.99,72.93841552734375,2079.0,0.0,1367.0,0.1428712606430053,100.0,61.34334182739258,444.0,0.0
2293,0.0,1892.0,16.96590805053711,36.99,72.93841552734375,2079.0,0.0,1367.0,0.1428712606430053,100.0,61.34334182739258,444.0,0.0
2294,0.0,1892.0,14.810193061828612,36.99,72.3622817993164,1995.0,0.0,1367.0,0.1635158210992813,100.0,61.87841033935547,495.0,0.0
2295,0.0,1892.0,14.810193061828612,36.99,72.3622817993164,1995.0,0.0,1367.0,0.1635158210992813,100.0,61.87841033935547,495.0,0.0
2296,0.0,1892.0,14.810193061828612,36.99,72.3622817993164,1995.0,0.0,1367.0,0.1635158210992813,100.0,61.87841033935547,495.0,0.0
2297,0.0,1892.0,14.810193061828612,36.99,72.3622817993164,1995.0,0.0,1367.0,0.1635158210992813,100.0,61.87841033935547,495.0,0.0
2298,0.0,1892.0,14.810193061828612,36.99,72.3622817993164,1995.0,0.0,1367.0,0.1635158210992813,100.0,61.87841033935547,495.0,0.0
2299,0.0,1892.0,13.299041748046877,36.99,70.11671447753906,1829.0,0.0,1367.0,0.027185657992959,100.0,61.63222122192383,134.0,0.0
2300,0.0,1892.0,13.299041748046877,36.99,70.11671447753906,1829.0,0.0,1367.0,0.027185657992959,100.0,61.63222122192383,134.0,0.0
2301,0.0,1892.0,13.299041748046877,36.99,70.11671447753906,1829.0,0.0,1367.0,0.027185657992959,100.0,61.63222122192383,134.0,0.0
2302,0.0,1892.0,13.299041748046877,36.99,70.11671447753906,1829.0,0.0,1367.0,0.027185657992959,100.0,61.63222122192383,134.0,0.0
2303,0.0,1892.0,13.299041748046877,36.99,70.11671447753906,1829.0,0.0,1367.0,0.027185657992959,100.0,61.63222122192383,134.0,0.0
2304,0.0,1892.0,13.039463996887209,36.99,70.80482482910156,1896.0,0.0,1367.0,0.0789305791258812,100.0,61.48722457885742,369.0,0.0
2305,0.0,1892.0,13.039463996887209,36.99,70.80482482910156,1896.0,0.0,1367.0,0.0789305791258812,100.0,61.48722457885742,369.0,0.0
2306,0.0,1892.0,13.039463996887209,36.99,70.80482482910156,1896.0,0.0,1367.0,0.0789305791258812,100.0,61.48722457885742,369.0,0.0
2307,0.0,1892.0,13.039463996887209,36.99,70.80482482910156,1896.0,0.0,1367.0,0.0789305791258812,100.0,61.48722457885742,369.0,0.0
2308,0.0,1892.0,13.039463996887209,36.99,70.80482482910156,1896.0,0.0,1367.0,0.0789305791258812,100.0,61.48722457885742,369.0,0.0
2309,0.0,1892.0,14.515501976013184,36.99,71.9005355834961,1901.0,0.0,1367.0,0.5482626557350159,100.0,61.58162689208984,496.0,0.0
2310,0.0,1892.0,14.515501976013184,36.99,71.9005355834961,1901.0,0.0,1367.0,0.5482626557350159,100.0,61.58162689208984,496.0,0.0
2311,0.0,1892.0,14.515501976013184,36.99,71.9005355834961,1901.0,0.0,1367.0,0.5482626557350159,100.0,61.58162689208984,496.0,0.0
2312,0.0,1892.0,14.515501976013184,36.99,71.9005355834961,1901.0,0.0,1367.0,0.5482626557350159,100.0,61.58162689208984,496.0,0.0
2313,0.0,1892.0,14.515501976013184,36.99,71.9005355834961,1901.0,0.0,1367.0,0.5482626557350159,100.0,61.58162689208984,496.0,0.0
2314,0.0,1892.0,12.95689582824707,36.99,69.84284210205078,1951.0,0.0,1367.0,0.0635619610548019,100.0,61.75914764404297,517.0,0.0
2315,0.0,1892.0,12.95689582824707,36.99,69.84284210205078,1951.0,0.0,1367.0,0.0635619610548019,100.0,61.75914764404297,517.0,0.0
2316,0.0,1892.0,12.95689582824707,36.99,69.84284210205078,1951.0,0.0,1367.0,0.0635619610548019,100.0,61.75914764404297,517.0,0.0
2317,0.0,1892.0,12.95689582824707,36.99,69.84284210205078,1951.0,0.0,1367.0,0.0635619610548019,100.0,61.75914764404297,517.0,0.0
2318,0.0,1892.0,12.95689582824707,36.99,69.84284210205078,1951.0,0.0,1367.0,0.0635619610548019,100.0,61.75914764404297,517.0,0.0
2319,0.0,1892.0,12.398168563842772,36.99,68.61544036865234,1613.0,0.0,1367.0,0.0392311140894889,100.0,60.904823303222656,333.0,0.0
2320,0.0,1892.0,12.398168563842772,36.99,68.61544036865234,1613.0,0.0,1367.0,0.0392311140894889,100.0,60.904823303222656,333.0,0.0
2321,0.0,1892.0,12.398168563842772,36.99,68.61544036865234,1613.0,0.0,1367.0,0.0392311140894889,100.0,60.904823303222656,333.0,0.0
2322,0.0,1892.0,12.398168563842772,36.99,68.61544036865234,1613.0,0.0,1367.0,0.0392311140894889,100.0,60.904823303222656,333.0,0.0
2323,0.0,1892.0,12.398168563842772,36.99,68.61544036865234,1613.0,0.0,1367.0,0.0392311140894889,100.0,60.904823303222656,333.0,0.0
2324,0.0,1892.0,12.784294128417969,36.99,68.3174819946289,1820.0,0.0,1367.0,0.0737987756729126,100.0,60.85721969604492,531.0,0.0
2325,0.0,1892.0,12.784294128417969,36.99,68.3174819946289,1820.0,0.0,1367.0,0.0737987756729126,100.0,60.85721969604492,531.0,0.0
2326,0.0,1892.0,12.784294128417969,36.99,68.3174819946289,1820.0,0.0,1367.0,0.0737987756729126,100.0,60.85721969604492,531.0,0.0
2327,0.0,1892.0,12.784294128417969,36.99,68.3174819946289,1820.0,0.0,1367.0,0.0737987756729126,100.0,60.85721969604492,531.0,0.0
2328,0.0,1892.0,12.784294128417969,36.99,68.3174819946289,1820.0,0.0,1367.0,0.0737987756729126,100.0,60.85721969604492,531.0,0.0
2329,0.0,1892.0,13.05196762084961,36.99,70.85645294189453,1684.0,0.0,1367.0,0.1284873485565185,100.0,61.17584228515625,439.0,0.0
2330,0.0,1892.0,13.05196762084961,36.99,70.85645294189453,1684.0,0.0,1367.0,0.1284873485565185,100.0,61.17584228515625,439.0,0.0
2331,0.0,1892.0,13.05196762084961,36.99,70.85645294189453,1684.0,0.0,1367.0,0.1284873485565185,100.0,61.17584228515625,439.0,0.0
2332,0.0,1892.0,13.05196762084961,36.99,70.85645294189453,1684.0,0.0,1367.0,0.1284873485565185,100.0,61.17584228515625,439.0,0.0
2333,0.0,1892.0,13.05196762084961,36.99,70.85645294189453,1684.0,0.0,1367.0,0.1284873485565185,100.0,61.17584228515625,439.0,0.0
2334,0.0,1892.0,14.274639129638672,36.99,71.55360412597656,1844.0,0.0,1367.0,0.1689091771841049,100.0,61.27518844604492,444.0,0.0
2335,0.0,1892.0,14.274639129638672,36.99,71.55360412597656,1844.0,0.0,1367.0,0.1689091771841049,100.0,61.27518844604492,444.0,0.0
2336,0.0,1892.0,14.274639129638672,36.99,71.55360412597656,1844.0,0.0,1367.0,0.1689091771841049,100.0,61.27518844604492,444.0,0.0
2337,0.0,1892.0,14.274639129638672,36.99,71.55360412597656,1844.0,0.0,1367.0,0.1689091771841049,100.0,61.27518844604492,444.0,0.0
2338,0.0,1892.0,14.274639129638672,36.99,71.55360412597656,1844.0,0.0,1367.0,0.1689091771841049,100.0,61.27518844604492,444.0,0.0
2339,0.0,1892.0,16.86758041381836,36.99,71.78436279296875,2081.0,0.0,1367.0,0.1125331819057464,100.0,61.137733459472656,444.0,0.0
2340,0.0,1892.0,16.86758041381836,36.99,71.78436279296875,2081.0,0.0,1367.0,0.1125331819057464,100.0,61.137733459472656,444.0,0.0
2341,0.0,1892.0,16.86758041381836,36.99,71.78436279296875,2081.0,0.0,1367.0,0.1125331819057464,100.0,61.137733459472656,444.0,0.0
2342,0.0,1892.0,16.86758041381836,36.99,71.78436279296875,2081.0,0.0,1367.0,0.1125331819057464,100.0,61.137733459472656,444.0,0.0
2343,0.0,1892.0,16.86758041381836,36.99,71.78436279296875,2081.0,0.0,1367.0,0.1125331819057464,100.0,61.137733459472656,444.0,0.0
2344,0.0,1892.0,16.86758041381836,36.99,71.78436279296875,2081.0,0.0,1367.0,0.1125331819057464,100.0,61.137733459472656,444.0,0.0
2345,0.0,1892.0,14.47507667541504,36.99,73.23506927490234,1635.0,0.0,1367.0,0.0508805327117443,100.0,61.420555114746094,444.0,0.0
2346,0.0,1892.0,14.47507667541504,36.99,73.23506927490234,1635.0,0.0,1367.0,0.0508805327117443,100.0,61.420555114746094,444.0,0.0
2347,0.0,1892.0,14.47507667541504,36.99,73.23506927490234,1635.0,0.0,1367.0,0.0508805327117443,100.0,61.420555114746094,444.0,0.0
2348,0.0,1892.0,14.47507667541504,36.99,73.23506927490234,1635.0,0.0,1367.0,0.0508805327117443,100.0,61.420555114746094,444.0,0.0
2349,0.0,1892.0,14.47507667541504,36.99,73.23506927490234,1635.0,0.0,1367.0,0.0508805327117443,100.0,61.420555114746094,444.0,0.0
2350,0.0,1892.0,13.95199966430664,36.99,72.1290512084961,1974.0,0.0,1367.0,0.1006231978535652,100.0,61.3820915222168,333.0,0.0
2351,0.0,1892.0,13.95199966430664,36.99,72.1290512084961,1974.0,0.0,1367.0,0.1006231978535652,100.0,61.3820915222168,333.0,0.0
2352,0.0,1892.0,13.95199966430664,36.99,72.1290512084961,1974.0,0.0,1367.0,0.1006231978535652,100.0,61.3820915222168,333.0,0.0
2353,0.0,1892.0,13.95199966430664,36.99,72.1290512084961,1974.0,0.0,1367.0,0.1006231978535652,100.0,61.3820915222168,333.0,0.0
2354,0.0,1892.0,13.95199966430664,36.99,72.1290512084961,1974.0,0.0,1367.0,0.1006231978535652,100.0,61.3820915222168,333.0,0.0
2355,0.0,1892.0,13.216651916503906,36.99,70.77146911621094,1983.0,0.0,1367.0,0.0906196907162666,100.0,61.066192626953125,444.0,0.0
2356,0.0,1892.0,13.216651916503906,36.99,70.77146911621094,1983.0,0.0,1367.0,0.0906196907162666,100.0,61.066192626953125,444.0,0.0
2357,0.0,1892.0,13.216651916503906,36.99,70.77146911621094,1983.0,0.0,1367.0,0.0906196907162666,100.0,61.066192626953125,444.0,0.0
2358,0.0,1892.0,13.216651916503906,36.99,70.77146911621094,1983.0,0.0,1367.0,0.0906196907162666,100.0,61.066192626953125,444.0,0.0
2359,0.0,1892.0,13.216651916503906,36.99,70.77146911621094,1983.0,0.0,1367.0,0.0906196907162666,100.0,61.066192626953125,444.0,0.0
2360,0.0,1892.0,13.094480514526367,36.99,70.50216674804688,2136.0,0.0,1367.0,0.0384455285966396,100.0,61.00006103515625,444.0,0.0
2361,0.0,1892.0,13.094480514526367,36.99,70.50216674804688,2136.0,0.0,1367.0,0.0384455285966396,100.0,61.00006103515625,444.0,0.0
2362,0.0,1892.0,13.094480514526367,36.99,70.50216674804688,2136.0,0.0,1367.0,0.0384455285966396,100.0,61.00006103515625,444.0,0.0
2363,0.0,1892.0,13.094480514526367,36.99,70.50216674804688,2136.0,0.0,1367.0,0.0384455285966396,100.0,61.00006103515625,444.0,0.0
2364,0.0,1892.0,13.094480514526367,36.99,70.50216674804688,2136.0,0.0,1367.0,0.0384455285966396,100.0,61.00006103515625,444.0,0.0
2365,0.0,1892.0,12.79720687866211,36.99,69.5385513305664,1921.0,0.0,1367.0,0.0594084039330482,100.0,60.84520721435547,444.0,0.0
2366,0.0,1892.0,12.79720687866211,36.99,69.5385513305664,1921.0,0.0,1367.0,0.0594084039330482,100.0,60.84520721435547,444.0,0.0
2367,0.0,1892.0,12.79720687866211,36.99,69.5385513305664,1921.0,0.0,1367.0,0.0594084039330482,100.0,60.84520721435547,444.0,0.0
2368,0.0,1892.0,12.79720687866211,36.99,69.5385513305664,1921.0,0.0,1367.0,0.0594084039330482,100.0,60.84520721435547,444.0,0.0
2369,0.0,1892.0,12.79720687866211,36.99,69.5385513305664,1921.0,0.0,1367.0,0.0594084039330482,100.0,60.84520721435547,444.0,0.0
2370,0.0,1892.0,12.821311950683594,36.99,70.12975311279297,2054.0,0.0,1367.0,0.0324805714190006,100.0,60.92814254760742,444.0,0.0
2371,0.0,1892.0,12.821311950683594,36.99,70.12975311279297,2054.0,0.0,1367.0,0.0324805714190006,100.0,60.92814254760742,444.0,0.0
2372,0.0,1892.0,12.821311950683594,36.99,70.12975311279297,2054.0,0.0,1367.0,0.0324805714190006,100.0,60.92814254760742,444.0,0.0
2373,0.0,1892.0,12.821311950683594,36.99,70.12975311279297,2054.0,0.0,1367.0,0.0324805714190006,100.0,60.92814254760742,444.0,0.0
2374,0.0,1892.0,12.821311950683594,36.99,70.12975311279297,2054.0,0.0,1367.0,0.0324805714190006,100.0,60.92814254760742,444.0,0.0
2375,0.0,1892.0,12.67915153503418,36.99,69.1233901977539,2014.0,0.0,1367.0,0.0308842808008193,100.0,60.80364227294922,444.0,0.0
2376,0.0,1892.0,12.67915153503418,36.99,69.1233901977539,2014.0,0.0,1367.0,0.0308842808008193,100.0,60.80364227294922,444.0,0.0
2377,0.0,1892.0,12.67915153503418,36.99,69.1233901977539,2014.0,0.0,1367.0,0.0308842808008193,100.0,60.80364227294922,444.0,0.0
2378,0.0,1892.0,12.67915153503418,36.99,69.1233901977539,2014.0,0.0,1367.0,0.0308842808008193,100.0,60.80364227294922,444.0,0.0
2379,0.0,1892.0,12.67915153503418,36.99,69.1233901977539,2014.0,0.0,1367.0,0.0308842808008193,100.0,60.80364227294922,444.0,0.0
2380,0.0,1892.0,12.624061584472656,36.99,69.2006607055664,1801.0,0.0,1367.0,0.0376915633678436,100.0,60.695533752441406,486.0,0.0
2381,0.0,1892.0,12.624061584472656,36.99,69.2006607055664,1801.0,0.0,1367.0,0.0376915633678436,100.0,60.695533752441406,486.0,0.0
2382,0.0,1892.0,12.624061584472656,36.99,69.2006607055664,1801.0,0.0,1367.0,0.0376915633678436,100.0,60.695533752441406,486.0,0.0
2383,0.0,1892.0,12.624061584472656,36.99,69.2006607055664,1801.0,0.0,1367.0,0.0376915633678436,100.0,60.695533752441406,486.0,0.0
2384,0.0,1892.0,12.624061584472656,36.99,69.2006607055664,1801.0,0.0,1367.0,0.0376915633678436,100.0,60.695533752441406,486.0,0.0
2385,0.0,1892.0,12.876567840576172,36.99,69.67593383789062,1889.0,0.0,1367.0,0.0367801375687122,100.0,60.72338104248047,444.0,0.0
2386,0.0,1892.0,12.876567840576172,36.99,69.67593383789062,1889.0,0.0,1367.0,0.0367801375687122,100.0,60.72338104248047,444.0,0.0
2387,0.0,1892.0,12.876567840576172,36.99,69.67593383789062,1889.0,0.0,1367.0,0.0367801375687122,100.0,60.72338104248047,444.0,0.0
2388,0.0,1892.0,12.876567840576172,36.99,69.67593383789062,1889.0,0.0,1367.0,0.0367801375687122,100.0,60.72338104248047,444.0,0.0
2389,0.0,1892.0,12.876567840576172,36.99,69.67593383789062,1889.0,0.0,1367.0,0.0367801375687122,100.0,60.72338104248047,444.0,0.0
2390,0.0,1892.0,13.02172565460205,36.99,70.28386688232422,1814.0,0.0,1367.0,0.0336195565760135,100.0,60.95916748046875,444.0,0.0
2391,0.0,1892.0,13.02172565460205,36.99,70.28386688232422,1814.0,0.0,1367.0,0.0336195565760135,100.0,60.95916748046875,444.0,0.0
2392,0.0,1892.0,13.02172565460205,36.99,70.28386688232422,1814.0,0.0,1367.0,0.0336195565760135,100.0,60.95916748046875,444.0,0.0
2393,0.0,1892.0,13.02172565460205,36.99,70.28386688232422,1814.0,0.0,1367.0,0.0336195565760135,100.0,60.95916748046875,444.0,0.0
2394,0.0,1892.0,13.02172565460205,36.99,70.28386688232422,1814.0,0.0,1367.0,0.0336195565760135,100.0,60.95916748046875,444.0,0.0
2395,0.0,1892.0,13.219281196594238,36.99,70.33390808105469,1927.0,0.0,1367.0,0.1319974362850189,100.0,60.75300216674805,245.0,0.0
2396,0.0,1892.0,13.219281196594238,36.99,70.33390808105469,1927.0,0.0,1367.0,0.1319974362850189,100.0,60.75300216674805,245.0,0.0
2397,0.0,1892.0,13.219281196594238,36.99,70.33390808105469,1927.0,0.0,1367.0,0.1319974362850189,100.0,60.75300216674805,245.0,0.0
2398,0.0,1892.0,13.219281196594238,36.99,70.33390808105469,1927.0,0.0,1367.0,0.1319974362850189,100.0,60.75300216674805,245.0,0.0
2399,0.0,1892.0,13.219281196594238,36.99,70.33390808105469,1927.0,0.0,1367.0,0.1319974362850189,100.0,60.75300216674805,245.0,0.0
2400,0.0,1892.0,13.219281196594238,36.99,70.33390808105469,1927.0,0.0,1367.0,0.1319974362850189,100.0,60.75300216674805,245.0,0.0
2401,0.0,1892.0,12.982251167297363,36.99,68.60395050048828,1336.0,0.0,1367.0,0.0225058682262897,100.0,60.7121467590332,222.0,0.0
2402,0.0,1892.0,12.982251167297363,36.99,68.60395050048828,1336.0,0.0,1367.0,0.0225058682262897,100.0,60.7121467590332,222.0,0.0
2403,0.0,1892.0,12.982251167297363,36.99,68.60395050048828,1336.0,0.0,1367.0,0.0225058682262897,100.0,60.7121467590332,222.0,0.0
2404,0.0,1892.0,12.982251167297363,36.99,68.60395050048828,1336.0,0.0,1367.0,0.0225058682262897,100.0,60.7121467590332,222.0,0.0
2405,0.0,1892.0,12.982251167297363,36.99,68.60395050048828,1336.0,0.0,1367.0,0.0225058682262897,100.0,60.7121467590332,222.0,0.0
2406,0.0,1892.0,12.771944999694824,36.99,70.3255386352539,2025.0,0.0,1367.0,0.0959403365850448,100.0,61.01442337036133,457.0,0.0
2407,0.0,1892.0,12.771944999694824,36.99,70.3255386352539,2025.0,0.0,1367.0,0.0959403365850448,100.0,61.01442337036133,457.0,0.0
2408,0.0,1892.0,12.771944999694824,36.99,70.3255386352539,2025.0,0.0,1367.0,0.0959403365850448,100.0,61.01442337036133,457.0,0.0
2409,0.0,1892.0,12.771944999694824,36.99,70.3255386352539,2025.0,0.0,1367.0,0.0959403365850448,100.0,61.01442337036133,457.0,0.0
2410,0.0,1892.0,12.771944999694824,36.99,70.3255386352539,2025.0,0.0,1367.0,0.0959403365850448,100.0,61.01442337036133,457.0,0.0
2411,0.0,1892.0,13.026067733764648,36.99,70.02236938476562,1880.0,0.0,1367.0,0.0558350533246994,100.0,60.613426208496094,488.0,0.0
2412,0.0,1892.0,13.026067733764648,36.99,70.02236938476562,1880.0,0.0,1367.0,0.0558350533246994,100.0,60.613426208496094,488.0,0.0
2413,0.0,1892.0,13.026067733764648,36.99,70.02236938476562,1880.0,0.0,1367.0,0.0558350533246994,100.0,60.613426208496094,488.0,0.0
2414,0.0,1892.0,13.026067733764648,36.99,70.02236938476562,1880.0,0.0,1367.0,0.0558350533246994,100.0,60.613426208496094,488.0,0.0
2415,0.0,1892.0,13.026067733764648,36.99,70.02236938476562,1880.0,0.0,1367.0,0.0558350533246994,100.0,60.613426208496094,488.0,0.0
2416,0.0,1892.0,12.849854469299316,36.99,69.9984359741211,2053.0,0.0,1367.0,0.0303418301045894,100.0,60.76900100708008,447.0,0.0
2417,0.0,1892.0,12.849854469299316,36.99,69.9984359741211,2053.0,0.0,1367.0,0.0303418301045894,100.0,60.76900100708008,447.0,0.0
2418,0.0,1892.0,12.849854469299316,36.99,69.9984359741211,2053.0,0.0,1367.0,0.0303418301045894,100.0,60.76900100708008,447.0,0.0
2419,0.0,1892.0,12.849854469299316,36.99,69.9984359741211,2053.0,0.0,1367.0,0.0303418301045894,100.0,60.76900100708008,447.0,0.0
2420,0.0,1892.0,12.849854469299316,36.99,69.9984359741211,2053.0,0.0,1367.0,0.0303418301045894,100.0,60.76900100708008,447.0,0.0
2421,0.0,1892.0,13.677811622619627,36.99,70.37407684326172,2132.0,0.0,1367.0,0.0909527093172073,100.0,60.60002517700195,497.0,0.0
2422,0.0,1892.0,13.677811622619627,36.99,70.37407684326172,2132.0,0.0,1367.0,0.0909527093172073,100.0,60.60002517700195,497.0,0.0
2423,0.0,1892.0,13.677811622619627,36.99,70.37407684326172,2132.0,0.0,1367.0,0.0909527093172073,100.0,60.60002517700195,497.0,0.0
2424,0.0,1892.0,13.677811622619627,36.99,70.37407684326172,2132.0,0.0,1367.0,0.0909527093172073,100.0,60.60002517700195,497.0,0.0
2425,0.0,1892.0,13.677811622619627,36.99,70.37407684326172,2132.0,0.0,1367.0,0.0909527093172073,100.0,60.60002517700195,497.0,0.0
2426,0.0,1892.0,14.289756774902344,36.99,71.62622833251953,1802.0,0.0,1367.0,0.3418924510478973,100.0,61.10607147216797,489.0,0.0
2427,0.0,1892.0,14.289756774902344,36.99,71.62622833251953,1802.0,0.0,1367.0,0.3418924510478973,100.0,61.10607147216797,489.0,0.0
2428,0.0,1892.0,14.289756774902344,36.99,71.62622833251953,1802.0,0.0,1367.0,0.3418924510478973,100.0,61.10607147216797,489.0,0.0
2429,0.0,1892.0,14.289756774902344,36.99,71.62622833251953,1802.0,0.0,1367.0,0.3418924510478973,100.0,61.10607147216797,489.0,0.0
2430,0.0,1892.0,14.289756774902344,36.99,71.62622833251953,1802.0,0.0,1367.0,0.3418924510478973,100.0,61.10607147216797,489.0,0.0
2431,0.0710116699337959,1892.0,17.449216842651367,36.99,72.92544555664062,2241.0,0.0,1367.0,0.6760987639427185,100.0,61.21834564208984,472.0,0.0
2432,0.0710116699337959,1892.0,17.449216842651367,36.99,72.92544555664062,2241.0,0.0,1367.0,0.6760987639427185,100.0,61.21834564208984,472.0,0.0
2433,0.0710116699337959,1892.0,17.449216842651367,36.99,72.92544555664062,2241.0,0.0,1367.0,0.6760987639427185,100.0,61.21834564208984,472.0,0.0
2434,0.0710116699337959,1892.0,17.449216842651367,36.99,72.92544555664062,2241.0,0.0,1367.0,0.6760987639427185,100.0,61.21834564208984,472.0,0.0
2435,0.0710116699337959,1892.0,17.449216842651367,36.99,72.92544555664062,2241.0,0.0,1367.0,0.6760987639427185,100.0,61.21834564208984,472.0,0.0
2436,0.0,1892.0,15.900084495544434,36.99,72.99723815917969,2167.0,0.0,1367.0,0.3052370548248291,100.0,61.45588302612305,543.0,0.0
2437,0.0,1892.0,15.900084495544434,36.99,72.99723815917969,2167.0,0.0,1367.0,0.3052370548248291,100.0,61.45588302612305,543.0,0.0
2438,0.0,1892.0,15.900084495544434,36.99,72.99723815917969,2167.0,0.0,1367.0,0.3052370548248291,100.0,61.45588302612305,543.0,0.0
2439,0.0,1892.0,15.900084495544434,36.99,72.99723815917969,2167.0,0.0,1367.0,0.3052370548248291,100.0,61.45588302612305,543.0,0.0
2440,0.0,1892.0,15.900084495544434,36.99,72.99723815917969,2167.0,0.0,1367.0,0.3052370548248291,100.0,61.45588302612305,543.0,0.0
2441,0.0,1892.0,13.603694915771484,36.99,71.64122772216797,1897.0,0.0,1367.0,0.0872665718197822,100.0,60.99478912353515,444.0,0.0
2442,0.0,1892.0,13.603694915771484,36.99,71.64122772216797,1897.0,0.0,1367.0,0.0872665718197822,100.0,60.99478912353515,444.0,0.0
2443,0.0,1892.0,13.603694915771484,36.99,71.64122772216797,1897.0,0.0,1367.0,0.0872665718197822,100.0,60.99478912353515,444.0,0.0
2444,0.0,1892.0,13.603694915771484,36.99,71.64122772216797,1897.0,0.0,1367.0,0.0872665718197822,100.0,60.99478912353515,444.0,0.0
2445,0.0,1892.0,13.603694915771484,36.99,71.64122772216797,1897.0,0.0,1367.0,0.0872665718197822,100.0,60.99478912353515,444.0,0.0
2446,0.0,1892.0,13.603694915771484,36.99,71.64122772216797,1897.0,0.0,1367.0,0.0872665718197822,100.0,60.99478912353515,444.0,0.0
2447,0.0,1892.0,17.89870262145996,36.99,73.17823028564453,2177.0,0.0,1367.0,0.2918491065502167,100.0,61.537841796875,501.0,0.0
2448,0.0,1892.0,17.89870262145996,36.99,73.17823028564453,2177.0,0.0,1367.0,0.2918491065502167,100.0,61.537841796875,501.0,0.0
2449,0.0,1892.0,17.89870262145996,36.99,73.17823028564453,2177.0,0.0,1367.0,0.2918491065502167,100.0,61.537841796875,501.0,0.0
2450,0.0,1892.0,17.89870262145996,36.99,73.17823028564453,2177.0,0.0,1367.0,0.2918491065502167,100.0,61.537841796875,501.0,0.0
2451,0.0,1892.0,17.89870262145996,36.99,73.17823028564453,2177.0,0.0,1367.0,0.2918491065502167,100.0,61.537841796875,501.0,0.0
2452,0.0,1892.0,16.19738006591797,36.99,72.92607879638672,1887.0,0.0,1367.0,0.6759195327758789,100.0,61.56142044067383,502.0,0.0
2453,0.0,1892.0,16.19738006591797,36.99,72.92607879638672,1887.0,0.0,1367.0,0.6759195327758789,100.0,61.56142044067383,502.0,0.0
2454,0.0,1892.0,16.19738006591797,36.99,72.92607879638672,1887.0,0.0,1367.0,0.6759195327758789,100.0,61.56142044067383,502.0,0.0
2455,0.0,1892.0,16.19738006591797,36.99,72.92607879638672,1887.0,0.0,1367.0,0.6759195327758789,100.0,61.56142044067383,502.0,0.0
2456,0.0,1892.0,16.19738006591797,36.99,72.92607879638672,1887.0,0.0,1367.0,0.6759195327758789,100.0,61.56142044067383,502.0,0.0
2457,0.0,1892.0,14.679299354553224,36.99,72.62771606445312,1659.0,0.0,1367.0,0.3320460915565491,100.0,61.66397857666016,510.0,0.0
2458,0.0,1892.0,14.679299354553224,36.99,72.62771606445312,1659.0,0.0,1367.0,0.3320460915565491,100.0,61.66397857666016,510.0,0.0
2459,0.0,1892.0,14.679299354553224,36.99,72.62771606445312,1659.0,0.0,1367.0,0.3320460915565491,100.0,61.66397857666016,510.0,0.0
2460,0.0,1892.0,14.679299354553224,36.99,72.62771606445312,1659.0,0.0,1367.0,0.3320460915565491,100.0,61.66397857666016,510.0,0.0
2461,0.0,1892.0,14.679299354553224,36.99,72.62771606445312,1659.0,0.0,1367.0,0.3320460915565491,100.0,61.66397857666016,510.0,0.0
2462,0.0,1892.0,13.76820182800293,36.99,71.00253295898438,1481.0,0.0,1367.0,0.3924238085746765,100.0,61.401947021484375,494.0,0.0
2463,0.0,1892.0,13.76820182800293,36.99,71.00253295898438,1481.0,0.0,1367.0,0.3924238085746765,100.0,61.401947021484375,494.0,0.0
2464,0.0,1892.0,13.76820182800293,36.99,71.00253295898438,1481.0,0.0,1367.0,0.3924238085746765,100.0,61.401947021484375,494.0,0.0
2465,0.0,1892.0,13.76820182800293,36.99,71.00253295898438,1481.0,0.0,1367.0,0.3924238085746765,100.0,61.401947021484375,494.0,0.0
2466,0.0,1892.0,13.76820182800293,36.99,71.00253295898438,1481.0,0.0,1367.0,0.3924238085746765,100.0,61.401947021484375,494.0,0.0
2467,0.0,1892.0,13.971461296081545,36.99,70.61456298828125,1627.0,0.0,1367.0,0.2379568219184875,100.0,61.359344482421875,499.0,0.0
2468,0.0,1892.0,13.971461296081545,36.99,70.61456298828125,1627.0,0.0,1367.0,0.2379568219184875,100.0,61.359344482421875,499.0,0.0
2469,0.0,1892.0,13.971461296081545,36.99,70.61456298828125,1627.0,0.0,1367.0,0.2379568219184875,100.0,61.359344482421875,499.0,0.0
2470,0.0,1892.0,13.971461296081545,36.99,70.61456298828125,1627.0,0.0,1367.0,0.2379568219184875,100.0,61.359344482421875,499.0,0.0
2471,0.0,1892.0,13.971461296081545,36.99,70.61456298828125,1627.0,0.0,1367.0,0.2379568219184875,100.0,61.359344482421875,499.0,0.0
2472,0.0,1892.0,14.215574264526367,36.99,71.85675048828125,1221.0,0.0,1367.0,0.4638110399246216,100.0,61.33416748046875,461.0,0.0
2473,0.0,1892.0,14.215574264526367,36.99,71.85675048828125,1221.0,0.0,1367.0,0.4638110399246216,100.0,61.33416748046875,461.0,0.0
2474,0.0,1892.0,14.215574264526367,36.99,71.85675048828125,1221.0,0.0,1367.0,0.4638110399246216,100.0,61.33416748046875,461.0,0.0
2475,0.0,1892.0,14.215574264526367,36.99,71.85675048828125,1221.0,0.0,1367.0,0.4638110399246216,100.0,61.33416748046875,461.0,0.0
2476,0.0,1892.0,14.215574264526367,36.99,71.85675048828125,1221.0,0.0,1367.0,0.4638110399246216,100.0,61.33416748046875,461.0,0.0
2477,0.0,1892.0,14.806577682495115,36.99,71.0184555053711,1667.0,0.0,1367.0,0.2176479995250702,100.0,61.29253387451172,444.0,0.0
2478,0.0,1892.0,14.806577682495115,36.99,71.0184555053711,1667.0,0.0,1367.0,0.2176479995250702,100.0,61.29253387451172,444.0,0.0
2479,0.0,1892.0,14.806577682495115,36.99,71.0184555053711,1667.0,0.0,1367.0,0.2176479995250702,100.0,61.29253387451172,444.0,0.0
2480,0.0,1892.0,14.806577682495115,36.99,71.0184555053711,1667.0,0.0,1367.0,0.2176479995250702,100.0,61.29253387451172,444.0,0.0
2481,0.0,1892.0,14.806577682495115,36.99,71.0184555053711,1667.0,0.0,1367.0,0.2176479995250702,100.0,61.29253387451172,444.0,0.0
2482,0.0,1892.0,15.78475856781006,36.99,72.72418212890625,1699.0,0.0,1367.0,0.2972150444984436,100.0,61.4875602722168,546.0,0.0
2483,0.0,1892.0,15.78475856781006,36.99,72.72418212890625,1699.0,0.0,1367.0,0.2972150444984436,100.0,61.4875602722168,546.0,0.0
2484,0.0,1892.0,15.78475856781006,36.99,72.72418212890625,1699.0,0.0,1367.0,0.2972150444984436,100.0,61.4875602722168,546.0,0.0
2485,0.0,1892.0,15.78475856781006,36.99,72.72418212890625,1699.0,0.0,1367.0,0.2972150444984436,100.0,61.4875602722168,546.0,0.0
2486,0.0,1892.0,15.78475856781006,36.99,72.72418212890625,1699.0,0.0,1367.0,0.2972150444984436,100.0,61.4875602722168,546.0,0.0
2487,0.0,1892.0,15.960567474365234,36.99,73.00311279296875,1876.0,0.0,1367.0,0.1531481891870498,100.0,61.774635314941406,486.0,0.0
2488,0.0,1892.0,15.960567474365234,36.99,73.00311279296875,1876.0,0.0,1367.0,0.1531481891870498,100.0,61.774635314941406,486.0,0.0
2489,0.0,1892.0,15.960567474365234,36.99,73.00311279296875,1876.0,0.0,1367.0,0.1531481891870498,100.0,61.774635314941406,486.0,0.0
2490,0.0,1892.0,15.960567474365234,36.99,73.00311279296875,1876.0,0.0,1367.0,0.1531481891870498,100.0,61.774635314941406,486.0,0.0
2491,0.0,1892.0,15.960567474365234,36.99,73.00311279296875,1876.0,0.0,1367.0,0.1531481891870498,100.0,61.774635314941406,486.0,0.0
2492,0.0,1892.0,15.960567474365234,36.99,73.00311279296875,1876.0,0.0,1367.0,0.1531481891870498,100.0,61.774635314941406,486.0,0.0
2493,0.0,1892.0,15.075135231018066,36.99,72.97453308105469,1990.0,0.0,1367.0,0.1068828031420707,100.0,61.62909698486328,531.0,0.0
2494,0.0,1892.0,15.075135231018066,36.99,72.97453308105469,1990.0,0.0,1367.0,0.1068828031420707,100.0,61.62909698486328,531.0,0.0
2495,0.0,1892.0,15.075135231018066,36.99,72.97453308105469,1990.0,0.0,1367.0,0.1068828031420707,100.0,61.62909698486328,531.0,0.0
2496,0.0,1892.0,15.075135231018066,36.99,72.97453308105469,1990.0,0.0,1367.0,0.1068828031420707,100.0,61.62909698486328,531.0,0.0
2497,0.0,1892.0,15.075135231018066,36.99,72.97453308105469,1990.0,0.0,1367.0,0.1068828031420707,100.0,61.62909698486328,531.0,0.0
2498,0.0,1892.0,13.36337184906006,36.99,71.87421417236328,1808.0,0.0,1367.0,0.0606324523687362,100.0,61.47822952270508,336.0,0.0
2499,0.0,1892.0,13.36337184906006,36.99,71.87421417236328,1808.0,0.0,1367.0,0.0606324523687362,100.0,61.47822952270508,336.0,0.0
2500,0.0,1892.0,13.36337184906006,36.99,71.87421417236328,1808.0,0.0,1367.0,0.0606324523687362,100.0,61.47822952270508,336.0,0.0
2501,0.0,1892.0,13.36337184906006,36.99,71.87421417236328,1808.0,0.0,1367.0,0.0606324523687362,100.0,61.47822952270508,336.0,0.0
2502,0.0,1892.0,13.36337184906006,36.99,71.87421417236328,1808.0,0.0,1367.0,0.0606324523687362,100.0,61.47822952270508,336.0,0.0
2503,0.0,1892.0,16.811609268188477,36.99,70.9932632446289,1704.0,0.0,1367.0,0.127282053232193,100.0,61.4122428894043,456.0,0.0
2504,0.0,1892.0,16.811609268188477,36.99,70.9932632446289,1704.0,0.0,1367.0,0.127282053232193,100.0,61.4122428894043,456.0,0.0
2505,0.0,1892.0,16.811609268188477,36.99,70.9932632446289,1704.0,0.0,1367.0,0.127282053232193,100.0,61.4122428894043,456.0,0.0
2506,0.0,1892.0,16.811609268188477,36.99,70.9932632446289,1704.0,0.0,1367.0,0.127282053232193,100.0,61.4122428894043,456.0,0.0
2507,0.0,1892.0,16.811609268188477,36.99,70.9932632446289,1704.0,0.0,1367.0,0.127282053232193,100.0,61.4122428894043,456.0,0.0
2508,0.0,1892.0,17.30864715576172,36.99,73.5760269165039,1860.0,0.0,1367.0,0.2729042768478393,100.0,61.5043830871582,611.0,0.0
2509,0.0,1892.0,17.30864715576172,36.99,73.5760269165039,1860.0,0.0,1367.0,0.2729042768478393,100.0,61.5043830871582,611.0,0.0
2510,0.0,1892.0,17.30864715576172,36.99,73.5760269165039,1860.0,0.0,1367.0,0.2729042768478393,100.0,61.5043830871582,611.0,0.0
2511,0.0,1892.0,17.30864715576172,36.99,73.5760269165039,1860.0,0.0,1367.0,0.2729042768478393,100.0,61.5043830871582,611.0,0.0
2512,0.0,1892.0,17.30864715576172,36.99,73.5760269165039,1860.0,0.0,1367.0,0.2729042768478393,100.0,61.5043830871582,611.0,0.0
2513,0.0,1892.0,14.35516357421875,36.99,73.70758056640625,2197.0,0.0,1367.0,0.1972386538982391,100.0,61.73378372192383,554.0,0.0
2514,0.0,1892.0,14.35516357421875,36.99,73.70758056640625,2197.0,0.0,1367.0,0.1972386538982391,100.0,61.73378372192383,554.0,0.0
2515,0.0,1892.0,14.35516357421875,36.99,73.70758056640625,2197.0,0.0,1367.0,0.1972386538982391,100.0,61.73378372192383,554.0,0.0
2516,0.0,1892.0,14.35516357421875,36.99,73.70758056640625,2197.0,0.0,1367.0,0.1972386538982391,100.0,61.73378372192383,554.0,0.0
2517,0.0,1892.0,14.35516357421875,36.99,73.70758056640625,2197.0,0.0,1367.0,0.1972386538982391,100.0,61.73378372192383,554.0,0.0
2518,0.0,1892.0,13.547139167785645,36.99,72.03921508789062,2036.0,0.0,1367.0,0.1366481333971023,100.0,61.52262115478515,444.0,0.0
2519,0.0,1892.0,13.547139167785645,36.99,72.03921508789062,2036.0,0.0,1367.0,0.1366481333971023,100.0,61.52262115478515,444.0,0.0
2520,0.0,1892.0,13.547139167785645,36.99,72.03921508789062,2036.0,0.0,1367.0,0.1366481333971023,100.0,61.52262115478515,444.0,0.0
2521,0.0,1892.0,13.547139167785645,36.99,72.03921508789062,2036.0,0.0,1367.0,0.1366481333971023,100.0,61.52262115478515,444.0,0.0
2522,0.0,1892.0,13.547139167785645,36.99,72.03921508789062,2036.0,0.0,1367.0,0.1366481333971023,100.0,61.52262115478515,444.0,0.0
2523,0.0,1892.0,16.741436004638672,36.99,73.33853912353516,1951.0,0.0,1367.0,0.1510173380374908,100.0,61.48628616333008,493.0,0.0
2524,0.0,1892.0,16.741436004638672,36.99,73.33853912353516,1951.0,0.0,1367.0,0.1510173380374908,100.0,61.48628616333008,493.0,0.0
2525,0.0,1892.0,16.741436004638672,36.99,73.33853912353516,1951.0,0.0,1367.0,0.1510173380374908,100.0,61.48628616333008,493.0,0.0
2526,0.0,1892.0,16.741436004638672,36.99,73.33853912353516,1951.0,0.0,1367.0,0.1510173380374908,100.0,61.48628616333008,493.0,0.0
2527,0.0,1892.0,16.741436004638672,36.99,73.33853912353516,1951.0,0.0,1367.0,0.1510173380374908,100.0,61.48628616333008,493.0,0.0
2528,0.0,1892.0,15.668831825256348,36.99,72.95220184326172,1917.0,0.0,1367.0,0.3748796582221985,100.0,61.62868118286133,554.0,0.0
2529,0.0,1892.0,15.668831825256348,36.99,72.95220184326172,1917.0,0.0,1367.0,0.3748796582221985,100.0,61.62868118286133,554.0,0.0
2530,0.0,1892.0,15.668831825256348,36.99,72.95220184326172,1917.0,0.0,1367.0,0.3748796582221985,100.0,61.62868118286133,554.0,0.0
2531,0.0,1892.0,15.668831825256348,36.99,72.95220184326172,1917.0,0.0,1367.0,0.3748796582221985,100.0,61.62868118286133,554.0,0.0
2532,0.0,1892.0,15.668831825256348,36.99,72.95220184326172,1917.0,0.0,1367.0,0.3748796582221985,100.0,61.62868118286133,554.0,0.0
2533,0.0,1892.0,13.226821899414062,36.99,71.1060562133789,1785.0,0.0,1367.0,0.1178425177931785,100.0,61.31049346923828,444.0,0.0
2534,0.0,1892.0,13.226821899414062,36.99,71.1060562133789,1785.0,0.0,1367.0,0.1178425177931785,100.0,61.31049346923828,444.0,0.0
2535,0.0,1892.0,13.226821899414062,36.99,71.1060562133789,1785.0,0.0,1367.0,0.1178425177931785,100.0,61.31049346923828,444.0,0.0
2536,0.0,1892.0,13.226821899414062,36.99,71.1060562133789,1785.0,0.0,1367.0,0.1178425177931785,100.0,61.31049346923828,444.0,0.0
2537,0.0,1892.0,13.226821899414062,36.99,71.1060562133789,1785.0,0.0,1367.0,0.1178425177931785,100.0,61.31049346923828,444.0,0.0
2538,0.0,1892.0,13.226821899414062,36.99,71.1060562133789,1785.0,0.0,1367.0,0.1178425177931785,100.0,61.31049346923828,444.0,0.0
2539,0.0,1892.0,13.603598594665527,36.99,71.22296142578125,2017.0,0.0,1367.0,0.1039966344833374,100.0,61.36803436279297,444.0,0.0
2540,0.0,1892.0,13.603598594665527,36.99,71.22296142578125,2017.0,0.0,1367.0,0.1039966344833374,100.0,61.36803436279297,444.0,0.0
2541,0.0,1892.0,13.603598594665527,36.99,71.22296142578125,2017.0,0.0,1367.0,0.1039966344833374,100.0,61.36803436279297,444.0,0.0
2542,0.0,1892.0,13.603598594665527,36.99,71.22296142578125,2017.0,0.0,1367.0,0.1039966344833374,100.0,61.36803436279297,444.0,0.0
2543,0.0,1892.0,13.603598594665527,36.99,71.22296142578125,2017.0,0.0,1367.0,0.1039966344833374,100.0,61.36803436279297,444.0,0.0
2544,0.0,1892.0,13.523477554321287,36.99,70.5361328125,2127.0,0.0,1367.0,0.1336420029401779,100.0,61.20177459716797,444.0,0.0
2545,0.0,1892.0,13.523477554321287,36.99,70.5361328125,2127.0,0.0,1367.0,0.1336420029401779,100.0,61.20177459716797,444.0,0.0
2546,0.0,1892.0,13.523477554321287,36.99,70.5361328125,2127.0,0.0,1367.0,0.1336420029401779,100.0,61.20177459716797,444.0,0.0
2547,0.0,1892.0,13.523477554321287,36.99,70.5361328125,2127.0,0.0,1367.0,0.1336420029401779,100.0,61.20177459716797,444.0,0.0
2548,0.0,1892.0,13.523477554321287,36.99,70.5361328125,2127.0,0.0,1367.0,0.1336420029401779,100.0,61.20177459716797,444.0,0.0
2549,0.0,1892.0,15.460578918457031,36.99,71.87432098388672,1977.0,0.0,1367.0,0.2796491384506225,100.0,61.27008056640625,444.0,0.0
2550,0.0,1892.0,15.460578918457031,36.99,71.87432098388672,1977.0,0.0,1367.0,0.2796491384506225,100.0,61.27008056640625,444.0,0.0
2551,0.0,1892.0,15.460578918457031,36.99,71.87432098388672,1977.0,0.0,1367.0,0.2796491384506225,100.0,61.27008056640625,444.0,0.0
2552,0.0,1892.0,15.460578918457031,36.99,71.87432098388672,1977.0,0.0,1367.0,0.2796491384506225,100.0,61.27008056640625,444.0,0.0
2553,0.0,1892.0,15.460578918457031,36.99,71.87432098388672,1977.0,0.0,1367.0,0.2796491384506225,100.0,61.27008056640625,444.0,0.0
2554,0.0,1892.0,16.91759490966797,36.99,73.3315658569336,1778.0,0.0,1367.0,0.1304612755775451,100.0,61.61731719970703,452.0,0.0
2555,0.0,1892.0,16.91759490966797,36.99,73.3315658569336,1778.0,0.0,1367.0,0.1304612755775451,100.0,61.61731719970703,452.0,0.0
2556,0.0,1892.0,16.91759490966797,36.99,73.3315658569336,1778.0,0.0,1367.0,0.1304612755775451,100.0,61.61731719970703,452.0,0.0
2557,0.0,1892.0,16.91759490966797,36.99,73.3315658569336,1778.0,0.0,1367.0,0.1304612755775451,100.0,61.61731719970703,452.0,0.0
2558,0.0,1892.0,16.91759490966797,36.99,73.3315658569336,1778.0,0.0,1367.0,0.1304612755775451,100.0,61.61731719970703,452.0,0.0
2559,0.0,1892.0,14.225255966186523,36.99,72.82898712158203,1766.0,0.0,1367.0,0.2749600410461426,100.0,61.62772750854492,630.0,0.0
2560,0.0,1892.0,14.225255966186523,36.99,72.82898712158203,1766.0,0.0,1367.0,0.2749600410461426,100.0,61.62772750854492,630.0,0.0
2561,0.0,1892.0,14.225255966186523,36.99,72.82898712158203,1766.0,0.0,1367.0,0.2749600410461426,100.0,61.62772750854492,630.0,0.0
2562,0.0,1892.0,14.225255966186523,36.99,72.82898712158203,1766.0,0.0,1367.0,0.2749600410461426,100.0,61.62772750854492,630.0,0.0
2563,0.0,1892.0,14.225255966186523,36.99,72.82898712158203,1766.0,0.0,1367.0,0.2749600410461426,100.0,61.62772750854492,630.0,0.0
2564,0.0,1892.0,15.592039108276367,36.99,72.1589584350586,1663.0,0.0,1367.0,0.549742579460144,100.0,61.646087646484375,518.0,0.0
2565,0.0,1892.0,15.592039108276367,36.99,72.1589584350586,1663.0,0.0,1367.0,0.549742579460144,100.0,61.646087646484375,518.0,0.0
2566,0.0,1892.0,15.592039108276367,36.99,72.1589584350586,1663.0,0.0,1367.0,0.549742579460144,100.0,61.646087646484375,518.0,0.0
2567,0.0,1892.0,15.592039108276367,36.99,72.1589584350586,1663.0,0.0,1367.0,0.549742579460144,100.0,61.646087646484375,518.0,0.0
2568,0.0,1892.0,15.592039108276367,36.99,72.1589584350586,1663.0,0.0,1367.0,0.549742579460144,100.0,61.646087646484375,518.0,0.0
2569,0.0,1892.0,15.777315139770508,36.99,72.90264892578125,1487.0,0.0,1367.0,0.6218148469924927,100.0,61.78094482421875,517.0,0.0
2570,0.0,1892.0,15.777315139770508,36.99,72.90264892578125,1487.0,0.0,1367.0,0.6218148469924927,100.0,61.78094482421875,517.0,0.0
2571,0.0,1892.0,15.777315139770508,36.99,72.90264892578125,1487.0,0.0,1367.0,0.6218148469924927,100.0,61.78094482421875,517.0,0.0
2572,0.0,1892.0,15.777315139770508,36.99,72.90264892578125,1487.0,0.0,1367.0,0.6218148469924927,100.0,61.78094482421875,517.0,0.0
2573,0.0,1892.0,15.777315139770508,36.99,72.90264892578125,1487.0,0.0,1367.0,0.6218148469924927,100.0,61.78094482421875,517.0,0.0
2574,0.0,1892.0,13.770709037780762,36.99,72.12890625,1891.0,0.0,1367.0,0.1472661644220352,100.0,61.777862548828125,444.0,0.0
2575,0.0,1892.0,13.770709037780762,36.99,72.12890625,1891.0,0.0,1367.0,0.1472661644220352,100.0,61.777862548828125,444.0,0.0
2576,0.0,1892.0,13.770709037780762,36.99,72.12890625,1891.0,0.0,1367.0,0.1472661644220352,100.0,61.777862548828125,444.0,0.0
2577,0.0,1892.0,13.770709037780762,36.99,72.12890625,1891.0,0.0,1367.0,0.1472661644220352,100.0,61.777862548828125,444.0,0.0
2578,0.0,1892.0,13.770709037780762,36.99,72.12890625,1891.0,0.0,1367.0,0.1472661644220352,100.0,61.777862548828125,444.0,0.0
2579,0.0,1892.0,12.567203521728516,36.99,68.6767349243164,1285.0,0.0,1367.0,0.0097288722172379,100.0,61.084449768066406,111.0,0.0
2580,0.0,1892.0,12.567203521728516,36.99,68.6767349243164,1285.0,0.0,1367.0,0.0097288722172379,100.0,61.084449768066406,111.0,0.0
2581,0.0,1892.0,12.567203521728516,36.99,68.6767349243164,1285.0,0.0,1367.0,0.0097288722172379,100.0,61.084449768066406,111.0,0.0
2582,0.0,1892.0,12.567203521728516,36.99,68.6767349243164,1285.0,0.0,1367.0,0.0097288722172379,100.0,61.084449768066406,111.0,0.0
2583,0.0,1892.0,12.567203521728516,36.99,68.6767349243164,1285.0,0.0,1367.0,0.0097288722172379,100.0,61.084449768066406,111.0,0.0
2584,0.0,1892.0,15.53167724609375,36.99,68.85572052001953,1762.0,0.0,1367.0,0.1683307290077209,100.0,60.86931228637695,333.0,0.0
2585,0.0,1892.0,15.53167724609375,36.99,68.85572052001953,1762.0,0.0,1367.0,0.1683307290077209,100.0,60.86931228637695,333.0,0.0
2586,0.0,1892.0,15.53167724609375,36.99,68.85572052001953,1762.0,0.0,1367.0,0.1683307290077209,100.0,60.86931228637695,333.0,0.0
2587,0.0,1892.0,15.53167724609375,36.99,68.85572052001953,1762.0,0.0,1367.0,0.1683307290077209,100.0,60.86931228637695,333.0,0.0
2588,0.0,1892.0,15.53167724609375,36.99,68.85572052001953,1762.0,0.0,1367.0,0.1683307290077209,100.0,60.86931228637695,333.0,0.0
2589,0.0,1892.0,15.584348678588867,36.99,73.32086181640625,1965.0,0.0,1367.0,0.2640361785888672,100.0,61.54755401611328,487.0,0.0
2590,0.0,1892.0,15.584348678588867,36.99,73.32086181640625,1965.0,0.0,1367.0,0.2640361785888672,100.0,61.54755401611328,487.0,0.0
2591,0.0,1892.0,15.584348678588867,36.99,73.32086181640625,1965.0,0.0,1367.0,0.2640361785888672,100.0,61.54755401611328,487.0,0.0
2592,0.0,1892.0,15.584348678588867,36.99,73.32086181640625,1965.0,0.0,1367.0,0.2640361785888672,100.0,61.54755401611328,487.0,0.0
2593,0.0,1892.0,15.584348678588867,36.99,73.32086181640625,1965.0,0.0,1367.0,0.2640361785888672,100.0,61.54755401611328,487.0,0.0
2594,0.0,1892.0,15.584348678588867,36.99,73.32086181640625,1965.0,0.0,1367.0,0.2640361785888672,100.0,61.54755401611328,487.0,0.0
2595,0.0,1892.0,15.10977554321289,36.99,71.87055206298828,2113.0,0.0,1367.0,0.4473555982112884,100.0,61.64494705200195,566.0,0.0
2596,0.0,1892.0,15.10977554321289,36.99,71.87055206298828,2113.0,0.0,1367.0,0.4473555982112884,100.0,61.64494705200195,566.0,0.0
2597,0.0,1892.0,15.10977554321289,36.99,71.87055206298828,2113.0,0.0,1367.0,0.4473555982112884,100.0,61.64494705200195,566.0,0.0
2598,0.0,1892.0,15.10977554321289,36.99,71.87055206298828,2113.0,0.0,1367.0,0.4473555982112884,100.0,61.64494705200195,566.0,0.0
2599,0.0,1892.0,15.10977554321289,36.99,71.87055206298828,2113.0,0.0,1367.0,0.4473555982112884,100.0,61.64494705200195,566.0,0.0
2600,0.0,1892.0,13.591025352478027,36.99,72.41342163085938,1767.0,0.0,1367.0,0.2474914789199829,100.0,61.65238571166992,451.0,0.0
2601,0.0,1892.0,13.591025352478027,36.99,72.41342163085938,1767.0,0.0,1367.0,0.2474914789199829,100.0,61.65238571166992,451.0,0.0
2602,0.0,1892.0,13.591025352478027,36.99,72.41342163085938,1767.0,0.0,1367.0,0.2474914789199829,100.0,61.65238571166992,451.0,0.0
2603,0.0,1892.0,13.591025352478027,36.99,72.41342163085938,1767.0,0.0,1367.0,0.2474914789199829,100.0,61.65238571166992,451.0,0.0
2604,0.0,1892.0,13.591025352478027,36.99,72.41342163085938,1767.0,0.0,1367.0,0.2474914789199829,100.0,61.65238571166992,451.0,0.0
2605,0.0,1892.0,12.960227966308594,36.99,70.52574920654297,1779.0,0.0,1367.0,0.1369246244430542,100.0,61.3328742980957,520.0,0.0
2606,0.0,1892.0,12.960227966308594,36.99,70.52574920654297,1779.0,0.0,1367.0,0.1369246244430542,100.0,61.3328742980957,520.0,0.0
2607,0.0,1892.0,12.960227966308594,36.99,70.52574920654297,1779.0,0.0,1367.0,0.1369246244430542,100.0,61.3328742980957,520.0,0.0
2608,0.0,1892.0,12.960227966308594,36.99,70.52574920654297,1779.0,0.0,1367.0,0.1369246244430542,100.0,61.3328742980957,520.0,0.0
2609,0.0,1892.0,12.960227966308594,36.99,70.52574920654297,1779.0,0.0,1367.0,0.1369246244430542,100.0,61.3328742980957,520.0,0.0
2610,0.0,1892.0,13.073701858520508,36.99,69.887451171875,1872.0,0.0,1367.0,0.0631119832396507,100.0,60.91535186767578,475.0,0.0
2611,0.0,1892.0,13.073701858520508,36.99,69.887451171875,1872.0,0.0,1367.0,0.0631119832396507,100.0,60.91535186767578,475.0,0.0
2612,0.0,1892.0,13.073701858520508,36.99,69.887451171875,1872.0,0.0,1367.0,0.0631119832396507,100.0,60.91535186767578,475.0,0.0
2613,0.0,1892.0,13.073701858520508,36.99,69.887451171875,1872.0,0.0,1367.0,0.0631119832396507,100.0,60.91535186767578,475.0,0.0
2614,0.0,1892.0,13.073701858520508,36.99,69.887451171875,1872.0,0.0,1367.0,0.0631119832396507,100.0,60.91535186767578,475.0,0.0
2615,0.0,1892.0,12.904937744140623,36.99,69.17387390136719,1813.0,0.0,1367.0,0.0472614504396915,100.0,60.87955856323242,383.0,0.0
2616,0.0,1892.0,12.904937744140623,36.99,69.17387390136719,1813.0,0.0,1367.0,0.0472614504396915,100.0,60.87955856323242,383.0,0.0
2617,0.0,1892.0,12.904937744140623,36.99,69.17387390136719,1813.0,0.0,1367.0,0.0472614504396915,100.0,60.87955856323242,383.0,0.0
2618,0.0,1892.0,12.904937744140623,36.99,69.17387390136719,1813.0,0.0,1367.0,0.0472614504396915,100.0,60.87955856323242,383.0,0.0
2619,0.0,1892.0,12.904937744140623,36.99,69.17387390136719,1813.0,0.0,1367.0,0.0472614504396915,100.0,60.87955856323242,383.0,0.0
2620,0.0,1892.0,12.946039199829102,36.99,70.2672348022461,2148.0,0.0,1367.0,0.0668524503707885,100.0,61.12027740478515,489.0,0.0
2621,0.0,1892.0,12.946039199829102,36.99,70.2672348022461,2148.0,0.0,1367.0,0.0668524503707885,100.0,61.12027740478515,489.0,0.0
2622,0.0,1892.0,12.946039199829102,36.99,70.2672348022461,2148.0,0.0,1367.0,0.0668524503707885,100.0,61.12027740478515,489.0,0.0
2623,0.0,1892.0,12.946039199829102,36.99,70.2672348022461,2148.0,0.0,1367.0,0.0668524503707885,100.0,61.12027740478515,489.0,0.0
2624,0.0,1892.0,12.946039199829102,36.99,70.2672348022461,2148.0,0.0,1367.0,0.0668524503707885,100.0,61.12027740478515,489.0,0.0
2625,0.0009727626456879,1892.0,12.530158996582031,36.99,69.93643188476562,1380.0,0.0,1367.0,0.0324675813317298,100.0,60.81719207763672,333.0,0.0
2626,0.0009727626456879,1892.0,12.530158996582031,36.99,69.93643188476562,1380.0,0.0,1367.0,0.0324675813317298,100.0,60.81719207763672,333.0,0.0
2627,0.0009727626456879,1892.0,12.530158996582031,36.99,69.93643188476562,1380.0,0.0,1367.0,0.0324675813317298,100.0,60.81719207763672,333.0,0.0
2628,0.0009727626456879,1892.0,12.530158996582031,36.99,69.93643188476562,1380.0,0.0,1367.0,0.0324675813317298,100.0,60.81719207763672,333.0,0.0
2629,0.0009727626456879,1892.0,12.530158996582031,36.99,69.93643188476562,1380.0,0.0,1367.0,0.0324675813317298,100.0,60.81719207763672,333.0,0.0
2630,0.0,1892.0,16.566741943359375,36.99,69.97744750976562,2074.0,0.0,1367.0,0.1987089067697525,100.0,60.68878936767578,502.0,0.0
2631,0.0,1892.0,16.566741943359375,36.99,69.97744750976562,2074.0,0.0,1367.0,0.1987089067697525,100.0,60.68878936767578,502.0,0.0
2632,0.0,1892.0,16.566741943359375,36.99,69.97744750976562,2074.0,0.0,1367.0,0.1987089067697525,100.0,60.68878936767578,502.0,0.0
2633,0.0,1892.0,16.566741943359375,36.99,69.97744750976562,2074.0,0.0,1367.0,0.1987089067697525,100.0,60.68878936767578,502.0,0.0
2634,0.0,1892.0,16.566741943359375,36.99,69.97744750976562,2074.0,0.0,1367.0,0.1987089067697525,100.0,60.68878936767578,502.0,0.0
2635,0.0,1892.0,11.727153778076172,36.99,72.84265899658203,1545.0,0.0,1367.0,0.0448876097798347,100.0,61.05034255981445,353.0,0.0
2636,0.0,1892.0,11.727153778076172,36.99,72.84265899658203,1545.0,0.0,1367.0,0.0448876097798347,100.0,61.05034255981445,353.0,0.0
2637,0.0,1892.0,11.727153778076172,36.99,72.84265899658203,1545.0,0.0,1367.0,0.0448876097798347,100.0,61.05034255981445,353.0,0.0
2638,0.0,1892.0,11.727153778076172,36.99,72.84265899658203,1545.0,0.0,1367.0,0.0448876097798347,100.0,61.05034255981445,353.0,0.0
2639,0.0,1892.0,11.727153778076172,36.99,72.84265899658203,1545.0,0.0,1367.0,0.0448876097798347,100.0,61.05034255981445,353.0,0.0
2640,0.0,1892.0,12.486739158630373,36.99,46.82186508178711,1401.0,0.0,1367.0,0.0021153469569981,100.0,60.7032585144043,222.0,0.0
2641,0.0,1892.0,12.486739158630373,36.99,46.82186508178711,1401.0,0.0,1367.0,0.0021153469569981,100.0,60.7032585144043,222.0,0.0
2642,0.0,1892.0,12.486739158630373,36.99,46.82186508178711,1401.0,0.0,1367.0,0.0021153469569981,100.0,60.7032585144043,222.0,0.0
2643,0.0,1892.0,12.486739158630373,36.99,46.82186508178711,1401.0,0.0,1367.0,0.0021153469569981,100.0,60.7032585144043,222.0,0.0
2644,0.0,1892.0,12.486739158630373,36.99,46.82186508178711,1401.0,0.0,1367.0,0.0021153469569981,100.0,60.7032585144043,222.0,0.0
2645,0.0,1892.0,15.578737258911133,36.99,71.89649200439453,1892.0,0.0,1367.0,0.1459229737520218,100.0,60.8012809753418,377.0,0.0
2646,0.0,1892.0,15.578737258911133,36.99,71.89649200439453,1892.0,0.0,1367.0,0.1459229737520218,100.0,60.8012809753418,377.0,0.0
2647,0.0,1892.0,15.578737258911133,36.99,71.89649200439453,1892.0,0.0,1367.0,0.1459229737520218,100.0,60.8012809753418,377.0,0.0
2648,0.0,1892.0,15.578737258911133,36.99,71.89649200439453,1892.0,0.0,1367.0,0.1459229737520218,100.0,60.8012809753418,377.0,0.0
2649,0.0,1892.0,15.578737258911133,36.99,71.89649200439453,1892.0,0.0,1367.0,0.1459229737520218,100.0,60.8012809753418,377.0,0.0
2650,0.0,1892.0,16.763442993164062,36.99,72.8386001586914,1818.0,0.0,1367.0,0.2578990459442138,100.0,61.3055305480957,554.0,0.0
2651,0.0,1892.0,16.763442993164062,36.99,72.8386001586914,1818.0,0.0,1367.0,0.2578990459442138,100.0,61.3055305480957,554.0,0.0
2652,0.0,1892.0,16.763442993164062,36.99,72.8386001586914,1818.0,0.0,1367.0,0.2578990459442138,100.0,61.3055305480957,554.0,0.0
2653,0.0,1892.0,16.763442993164062,36.99,72.8386001586914,1818.0,0.0,1367.0,0.2578990459442138,100.0,61.3055305480957,554.0,0.0
2654,0.0,1892.0,16.763442993164062,36.99,72.8386001586914,1818.0,0.0,1367.0,0.2578990459442138,100.0,61.3055305480957,554.0,0.0
2655,0.0,1892.0,16.763442993164062,36.99,72.8386001586914,1818.0,0.0,1367.0,0.2578990459442138,100.0,61.3055305480957,554.0,0.0
2656,0.0,1892.0,14.314302444458008,36.99,71.92835998535156,1741.0,0.0,1367.0,0.2719627022743225,100.0,61.285789489746094,392.0,0.0
2657,0.0,1892.0,14.314302444458008,36.99,71.92835998535156,1741.0,0.0,1367.0,0.2719627022743225,100.0,61.285789489746094,392.0,0.0
2658,0.0,1892.0,14.314302444458008,36.99,71.92835998535156,1741.0,0.0,1367.0,0.2719627022743225,100.0,61.285789489746094,392.0,0.0
2659,0.0,1892.0,14.314302444458008,36.99,71.92835998535156,1741.0,0.0,1367.0,0.2719627022743225,100.0,61.285789489746094,392.0,0.0
2660,0.0,1892.0,14.314302444458008,36.99,71.92835998535156,1741.0,0.0,1367.0,0.2719627022743225,100.0,61.285789489746094,392.0,0.0
2661,0.0,1892.0,13.3592529296875,36.99,70.68582153320312,1571.0,0.0,1367.0,0.171022891998291,100.0,61.0429573059082,483.0,0.0
2662,0.0,1892.0,13.3592529296875,36.99,70.68582153320312,1571.0,0.0,1367.0,0.171022891998291,100.0,61.0429573059082,483.0,0.0
2663,0.0,1892.0,13.3592529296875,36.99,70.68582153320312,1571.0,0.0,1367.0,0.171022891998291,100.0,61.0429573059082,483.0,0.0
2664,0.0,1892.0,13.3592529296875,36.99,70.68582153320312,1571.0,0.0,1367.0,0.171022891998291,100.0,61.0429573059082,483.0,0.0
2665,0.0,1892.0,13.3592529296875,36.99,70.68582153320312,1571.0,0.0,1367.0,0.171022891998291,100.0,61.0429573059082,483.0,0.0
2666,0.0048449616879224,1892.0,13.92772102355957,36.99,71.1918716430664,1953.0,0.0,1367.0,0.0653840750455856,100.0,61.059104919433594,333.0,0.0
2667,0.0048449616879224,1892.0,13.92772102355957,36.99,71.1918716430664,1953.0,0.0,1367.0,0.0653840750455856,100.0,61.059104919433594,333.0,0.0
2668,0.0048449616879224,1892.0,13.92772102355957,36.99,71.1918716430664,1953.0,0.0,1367.0,0.0653840750455856,100.0,61.059104919433594,333.0,0.0
2669,0.0048449616879224,1892.0,13.92772102355957,36.99,71.1918716430664,1953.0,0.0,1367.0,0.0653840750455856,100.0,61.059104919433594,333.0,0.0
2670,0.0048449616879224,1892.0,13.92772102355957,36.99,71.1918716430664,1953.0,0.0,1367.0,0.0653840750455856,100.0,61.059104919433594,333.0,0.0
2671,0.0,1892.0,14.700350761413574,36.99,71.64636993408203,2015.0,0.0,1367.0,0.1284421384334564,100.0,61.01224899291992,467.0,0.0
2672,0.0,1892.0,14.700350761413574,36.99,71.64636993408203,2015.0,0.0,1367.0,0.1284421384334564,100.0,61.01224899291992,467.0,0.0
2673,0.0,1892.0,14.700350761413574,36.99,71.64636993408203,2015.0,0.0,1367.0,0.1284421384334564,100.0,61.01224899291992,467.0,0.0
2674,0.0,1892.0,14.700350761413574,36.99,71.64636993408203,2015.0,0.0,1367.0,0.1284421384334564,100.0,61.01224899291992,467.0,0.0
2675,0.0,1892.0,14.700350761413574,36.99,71.64636993408203,2015.0,0.0,1367.0,0.1284421384334564,100.0,61.01224899291992,467.0,0.0
2676,0.0,1892.0,13.607150077819824,36.99,71.17721557617188,1721.0,0.0,1367.0,0.0302601251751184,100.0,60.91294479370117,467.0,0.0
2677,0.0,1892.0,13.607150077819824,36.99,71.17721557617188,1721.0,0.0,1367.0,0.0302601251751184,100.0,60.91294479370117,467.0,0.0
2678,0.0,1892.0,13.607150077819824,36.99,71.17721557617188,1721.0,0.0,1367.0,0.0302601251751184,100.0,60.91294479370117,467.0,0.0
2679,0.0,1892.0,13.607150077819824,36.99,71.17721557617188,1721.0,0.0,1367.0,0.0302601251751184,100.0,60.91294479370117,467.0,0.0
2680,0.0,1892.0,13.607150077819824,36.99,71.17721557617188,1721.0,0.0,1367.0,0.0302601251751184,100.0,60.91294479370117,467.0,0.0
2681,0.0,1892.0,13.366552352905272,36.99,70.65306091308594,1970.0,0.0,1367.0,0.0683517232537269,100.0,60.72283172607422,534.0,0.0
2682,0.0,1892.0,13.366552352905272,36.99,70.65306091308594,1970.0,0.0,1367.0,0.0683517232537269,100.0,60.72283172607422,534.0,0.0
2683,0.0,1892.0,13.366552352905272,36.99,70.65306091308594,1970.0,0.0,1367.0,0.0683517232537269,100.0,60.72283172607422,534.0,0.0
2684,0.0,1892.0,13.366552352905272,36.99,70.65306091308594,1970.0,0.0,1367.0,0.0683517232537269,100.0,60.72283172607422,534.0,0.0
2685,0.0,1892.0,13.366552352905272,36.99,70.65306091308594,1970.0,0.0,1367.0,0.0683517232537269,100.0,60.72283172607422,534.0,0.0
2686,0.0,1892.0,12.760626792907717,36.99,70.81048583984375,1452.0,0.0,1367.0,0.037611786276102,100.0,60.7692756652832,478.0,0.0
2687,0.0,1892.0,12.760626792907717,36.99,70.81048583984375,1452.0,0.0,1367.0,0.037611786276102,100.0,60.7692756652832,478.0,0.0
2688,0.0,1892.0,12.760626792907717,36.99,70.81048583984375,1452.0,0.0,1367.0,0.037611786276102,100.0,60.7692756652832,478.0,0.0
2689,0.0,1892.0,12.760626792907717,36.99,70.81048583984375,1452.0,0.0,1367.0,0.037611786276102,100.0,60.7692756652832,478.0,0.0
2690,0.0,1892.0,12.760626792907717,36.99,70.81048583984375,1452.0,0.0,1367.0,0.037611786276102,100.0,60.7692756652832,478.0,0.0
2691,0.0,1892.0,13.35689926147461,36.99,69.90576934814453,1875.0,0.0,1367.0,0.042697973549366,100.0,61.03070831298828,424.0,0.0
2692,0.0,1892.0,13.35689926147461,36.99,69.90576934814453,1875.0,0.0,1367.0,0.042697973549366,100.0,61.03070831298828,424.0,0.0
2693,0.0,1892.0,13.35689926147461,36.99,69.90576934814453,1875.0,0.0,1367.0,0.042697973549366,100.0,61.03070831298828,424.0,0.0
2694,0.0,1892.0,13.35689926147461,36.99,69.90576934814453,1875.0,0.0,1367.0,0.042697973549366,100.0,61.03070831298828,424.0,0.0
2695,0.0,1892.0,13.35689926147461,36.99,69.90576934814453,1875.0,0.0,1367.0,0.042697973549366,100.0,61.03070831298828,424.0,0.0
2696,0.0,1892.0,12.74488639831543,36.99,69.32368469238281,1564.0,0.0,1367.0,0.005138455890119,100.0,60.71586990356445,111.0,0.0
2697,0.0,1892.0,12.74488639831543,36.99,69.32368469238281,1564.0,0.0,1367.0,0.005138455890119,100.0,60.71586990356445,111.0,0.0
2698,0.0,1892.0,12.74488639831543,36.99,69.32368469238281,1564.0,0.0,1367.0,0.005138455890119,100.0,60.71586990356445,111.0,0.0
2699,0.0,1892.0,12.74488639831543,36.99,69.32368469238281,1564.0,0.0,1367.0,0.005138455890119,100.0,60.71586990356445,111.0,0.0
2700,0.0,1892.0,12.74488639831543,36.99,69.32368469238281,1564.0,0.0,1367.0,0.005138455890119,100.0,60.71586990356445,111.0,0.0
2701,0.0,1892.0,12.75473403930664,36.99,69.65792083740234,1416.0,0.0,1367.0,0.0227193720638752,100.0,60.6417350769043,573.0,0.0
2702,0.0,1892.0,12.75473403930664,36.99,69.65792083740234,1416.0,0.0,1367.0,0.0227193720638752,100.0,60.6417350769043,573.0,0.0
2703,0.0,1892.0,12.75473403930664,36.99,69.65792083740234,1416.0,0.0,1367.0,0.0227193720638752,100.0,60.6417350769043,573.0,0.0
2704,0.0,1892.0,12.75473403930664,36.99,69.65792083740234,1416.0,0.0,1367.0,0.0227193720638752,100.0,60.6417350769043,573.0,0.0
2705,0.0,1892.0,12.75473403930664,36.99,69.65792083740234,1416.0,0.0,1367.0,0.0227193720638752,100.0,60.6417350769043,573.0,0.0
2706,0.0,1892.0,13.050827026367188,36.99,70.37462615966797,1553.0,0.0,1367.0,0.0139994164928793,100.0,60.75182342529297,464.0,0.0
2707,0.0,1892.0,13.050827026367188,36.99,70.37462615966797,1553.0,0.0,1367.0,0.0139994164928793,100.0,60.75182342529297,464.0,0.0
2708,0.0,1892.0,13.050827026367188,36.99,70.37462615966797,1553.0,0.0,1367.0,0.0139994164928793,100.0,60.75182342529297,464.0,0.0
2709,0.0,1892.0,13.050827026367188,36.99,70.37462615966797,1553.0,0.0,1367.0,0.0139994164928793,100.0,60.75182342529297,464.0,0.0
2710,0.0,1892.0,13.050827026367188,36.99,70.37462615966797,1553.0,0.0,1367.0,0.0139994164928793,100.0,60.75182342529297,464.0,0.0
2711,0.0,1892.0,13.050827026367188,36.99,70.37462615966797,1553.0,0.0,1367.0,0.0139994164928793,100.0,60.75182342529297,464.0,0.0
2712,0.0,1892.0,13.05854034423828,36.99,70.25879669189453,1368.0,0.0,1367.0,0.0191316809505224,100.0,60.3472785949707,272.0,0.0
2713,0.0,1892.0,13.05854034423828,36.99,70.25879669189453,1368.0,0.0,1367.0,0.0191316809505224,100.0,60.3472785949707,272.0,0.0
2714,0.0,1892.0,13.05854034423828,36.99,70.25879669189453,1368.0,0.0,1367.0,0.0191316809505224,100.0,60.3472785949707,272.0,0.0
2715,0.0,1892.0,13.05854034423828,36.99,70.25879669189453,1368.0,0.0,1367.0,0.0191316809505224,100.0,60.3472785949707,272.0,0.0
2716,0.0,1892.0,13.05854034423828,36.99,70.25879669189453,1368.0,0.0,1367.0,0.0191316809505224,100.0,60.3472785949707,272.0,0.0
2717,0.0,1892.0,13.614023208618164,36.99,70.00556182861328,1580.0,0.0,1367.0,0.0259027518332004,100.0,60.28759002685547,333.0,0.0
2718,0.0,1892.0,13.614023208618164,36.99,70.00556182861328,1580.0,0.0,1367.0,0.0259027518332004,100.0,60.28759002685547,333.0,0.0
2719,0.0,1892.0,13.614023208618164,36.99,70.00556182861328,1580.0,0.0,1367.0,0.0259027518332004,100.0,60.28759002685547,333.0,0.0
2720,0.0,1892.0,13.614023208618164,36.99,70.00556182861328,1580.0,0.0,1367.0,0.0259027518332004,100.0,60.28759002685547,333.0,0.0
2721,0.0,1892.0,13.614023208618164,36.99,70.00556182861328,1580.0,0.0,1367.0,0.0259027518332004,100.0,60.28759002685547,333.0,0.0
2722,0.0,1892.0,12.556644439697266,36.99,70.20962524414062,1159.0,0.0,1367.0,0.0013948057312518,100.0,60.55033493041992,111.0,0.0
2723,0.0,1892.0,12.556644439697266,36.99,70.20962524414062,1159.0,0.0,1367.0,0.0013948057312518,100.0,60.55033493041992,111.0,0.0
2724,0.0,1892.0,12.556644439697266,36.99,70.20962524414062,1159.0,0.0,1367.0,0.0013948057312518,100.0,60.55033493041992,111.0,0.0
2725,0.0,1892.0,12.556644439697266,36.99,70.20962524414062,1159.0,0.0,1367.0,0.0013948057312518,100.0,60.55033493041992,111.0,0.0
2726,0.0,1892.0,12.556644439697266,36.99,70.20962524414062,1159.0,0.0,1367.0,0.0013948057312518,100.0,60.55033493041992,111.0,0.0
2727,0.0,1892.0,12.592592239379885,36.99,67.23809051513672,1147.0,0.0,1367.0,0.0072220391593873,100.0,5.8734002113342285,111.0,0.0
2728,0.0,1892.0,12.592592239379885,36.99,67.23809051513672,1147.0,0.0,1367.0,0.0072220391593873,100.0,5.8734002113342285,111.0,0.0
2729,0.0,1892.0,12.592592239379885,36.99,67.23809051513672,1147.0,0.0,1367.0,0.0072220391593873,100.0,5.8734002113342285,111.0,0.0
2730,0.0,1892.0,12.592592239379885,36.99,67.23809051513672,1147.0,0.0,1367.0,0.0072220391593873,100.0,5.8734002113342285,111.0,0.0
2731,0.0,1892.0,12.592592239379885,36.99,67.23809051513672,1147.0,0.0,1367.0,0.0072220391593873,100.0,5.8734002113342285,111.0,0.0
2732,0.0,1892.0,13.15117073059082,36.99,68.63473510742188,1554.0,0.0,1367.0,0.0304644182324409,100.0,59.95857620239258,342.0,0.0
2733,0.0,1892.0,13.15117073059082,36.99,68.63473510742188,1554.0,0.0,1367.0,0.0304644182324409,100.0,59.95857620239258,342.0,0.0
2734,0.0,1892.0,13.15117073059082,36.99,68.63473510742188,1554.0,0.0,1367.0,0.0304644182324409,100.0,59.95857620239258,342.0,0.0
2735,0.0,1892.0,13.15117073059082,36.99,68.63473510742188,1554.0,0.0,1367.0,0.0304644182324409,100.0,59.95857620239258,342.0,0.0
2736,0.0,1892.0,13.15117073059082,36.99,68.63473510742188,1554.0,0.0,1367.0,0.0304644182324409,100.0,59.95857620239258,342.0,0.0
2737,0.0,1892.0,13.462638854980469,36.99,70.0083999633789,1346.0,0.0,1367.0,0.0236712172627449,100.0,60.53020095825195,421.0,0.0
2738,0.0,1892.0,13.462638854980469,36.99,70.0083999633789,1346.0,0.0,1367.0,0.0236712172627449,100.0,60.53020095825195,421.0,0.0
2739,0.0,1892.0,13.462638854980469,36.99,70.0083999633789,1346.0,0.0,1367.0,0.0236712172627449,100.0,60.53020095825195,421.0,0.0
2740,0.0,1892.0,13.462638854980469,36.99,70.0083999633789,1346.0,0.0,1367.0,0.0236712172627449,100.0,60.53020095825195,421.0,0.0
2741,0.0,1892.0,13.462638854980469,36.99,70.0083999633789,1346.0,0.0,1367.0,0.0236712172627449,100.0,60.53020095825195,421.0,0.0
2742,0.0,1892.0,13.48211669921875,36.99,69.7618637084961,1887.0,0.0,1367.0,0.0377716906368732,100.0,60.30305099487305,427.0,0.0
2743,0.0,1892.0,13.48211669921875,36.99,69.7618637084961,1887.0,0.0,1367.0,0.0377716906368732,100.0,60.30305099487305,427.0,0.0
2744,0.0,1892.0,13.48211669921875,36.99,69.7618637084961,1887.0,0.0,1367.0,0.0377716906368732,100.0,60.30305099487305,427.0,0.0
2745,0.0,1892.0,13.48211669921875,36.99,69.7618637084961,1887.0,0.0,1367.0,0.0377716906368732,100.0,60.30305099487305,427.0,0.0
2746,0.0,1892.0,13.48211669921875,36.99,69.7618637084961,1887.0,0.0,1367.0,0.0377716906368732,100.0,60.30305099487305,427.0,0.0
2747,0.0,1892.0,13.36582088470459,36.99,70.37091064453125,1628.0,0.0,1367.0,0.0310758464038372,100.0,60.348297119140625,378.0,0.0
2748,0.0,1892.0,13.36582088470459,36.99,70.37091064453125,1628.0,0.0,1367.0,0.0310758464038372,100.0,60.348297119140625,378.0,0.0
2749,0.0,1892.0,13.36582088470459,36.99,70.37091064453125,1628.0,0.0,1367.0,0.0310758464038372,100.0,60.348297119140625,378.0,0.0
2750,0.0,1892.0,13.36582088470459,36.99,70.37091064453125,1628.0,0.0,1367.0,0.0310758464038372,100.0,60.348297119140625,378.0,0.0
2751,0.0,1892.0,13.36582088470459,36.99,70.37091064453125,1628.0,0.0,1367.0,0.0310758464038372,100.0,60.348297119140625,378.0,0.0
2752,0.0,1892.0,14.287281036376951,36.99,70.15044403076172,1704.0,0.0,1367.0,0.071030355989933,100.0,60.388084411621094,590.0,0.0
2753,0.0,1892.0,14.287281036376951,36.99,70.15044403076172,1704.0,0.0,1367.0,0.071030355989933,100.0,60.388084411621094,590.0,0.0
2754,0.0,1892.0,14.287281036376951,36.99,70.15044403076172,1704.0,0.0,1367.0,0.071030355989933,100.0,60.388084411621094,590.0,0.0
2755,0.0,1892.0,14.287281036376951,36.99,70.15044403076172,1704.0,0.0,1367.0,0.071030355989933,100.0,60.388084411621094,590.0,0.0
2756,0.0,1892.0,14.287281036376951,36.99,70.15044403076172,1704.0,0.0,1367.0,0.071030355989933,100.0,60.388084411621094,590.0,0.0
2757,0.0,1892.0,13.828453063964844,36.99,70.88542175292969,1619.0,0.0,1367.0,0.0620163418352603,100.0,60.29863739013672,444.0,0.0
2758,0.0,1892.0,13.828453063964844,36.99,70.88542175292969,1619.0,0.0,1367.0,0.0620163418352603,100.0,60.29863739013672,444.0,0.0
2759,0.0,1892.0,13.828453063964844,36.99,70.88542175292969,1619.0,0.0,1367.0,0.0620163418352603,100.0,60.29863739013672,444.0,0.0
2760,0.0,1892.0,13.828453063964844,36.99,70.88542175292969,1619.0,0.0,1367.0,0.0620163418352603,100.0,60.29863739013672,444.0,0.0
2761,0.0,1892.0,13.828453063964844,36.99,70.88542175292969,1619.0,0.0,1367.0,0.0620163418352603,100.0,60.29863739013672,444.0,0.0
2762,0.0,1892.0,13.828453063964844,36.99,70.88542175292969,1619.0,0.0,1367.0,0.0620163418352603,100.0,60.29863739013672,444.0,0.0
2763,0.0,1892.0,13.772249221801758,36.99,70.30648040771484,1582.0,0.0,1367.0,0.0340626537799835,100.0,60.23096466064453,352.0,0.0
2764,0.0,1892.0,13.772249221801758,36.99,70.30648040771484,1582.0,0.0,1367.0,0.0340626537799835,100.0,60.23096466064453,352.0,0.0
2765,0.0,1892.0,13.772249221801758,36.99,70.30648040771484,1582.0,0.0,1367.0,0.0340626537799835,100.0,60.23096466064453,352.0,0.0
2766,0.0,1892.0,13.772249221801758,36.99,70.30648040771484,1582.0,0.0,1367.0,0.0340626537799835,100.0,60.23096466064453,352.0,0.0
2767,0.0,1892.0,13.772249221801758,36.99,70.30648040771484,1582.0,0.0,1367.0,0.0340626537799835,100.0,60.23096466064453,352.0,0.0
2768,0.0,1892.0,12.984158515930176,36.99,69.26824951171875,1413.0,0.0,1367.0,0.0048849731683731,100.0,5.8734002113342285,111.0,0.0
2769,0.0,1892.0,12.984158515930176,36.99,69.26824951171875,1413.0,0.0,1367.0,0.0048849731683731,100.0,5.8734002113342285,111.0,0.0
2770,0.0,1892.0,12.984158515930176,36.99,69.26824951171875,1413.0,0.0,1367.0,0.0048849731683731,100.0,5.8734002113342285,111.0,0.0
2771,0.0,1892.0,12.984158515930176,36.99,69.26824951171875,1413.0,0.0,1367.0,0.0048849731683731,100.0,5.8734002113342285,111.0,0.0
2772,0.0,1892.0,12.984158515930176,36.99,69.26824951171875,1413.0,0.0,1367.0,0.0048849731683731,100.0,5.8734002113342285,111.0,0.0
2773,0.0,1892.0,12.876755714416504,36.99,69.05769348144531,1350.0,0.0,1367.0,0.0164463855326175,100.0,59.89503860473633,158.0,0.0
2774,0.0,1892.0,12.876755714416504,36.99,69.05769348144531,1350.0,0.0,1367.0,0.0164463855326175,100.0,59.89503860473633,158.0,0.0
2775,0.0,1892.0,12.876755714416504,36.99,69.05769348144531,1350.0,0.0,1367.0,0.0164463855326175,100.0,59.89503860473633,158.0,0.0
2776,0.0,1892.0,12.876755714416504,36.99,69.05769348144531,1350.0,0.0,1367.0,0.0164463855326175,100.0,59.89503860473633,158.0,0.0
2777,0.0,1892.0,12.876755714416504,36.99,69.05769348144531,1350.0,0.0,1367.0,0.0164463855326175,100.0,59.89503860473633,158.0,0.0
2778,0.0,1892.0,13.837535858154297,36.99,70.69881439208984,1621.0,0.0,1367.0,0.0596742555499076,100.0,60.24544143676758,558.0,0.0
2779,0.0,1892.0,13.837535858154297,36.99,70.69881439208984,1621.0,0.0,1367.0,0.0596742555499076,100.0,60.24544143676758,558.0,0.0
2780,0.0,1892.0,13.837535858154297,36.99,70.69881439208984,1621.0,0.0,1367.0,0.0596742555499076,100.0,60.24544143676758,558.0,0.0
2781,0.0,1892.0,13.837535858154297,36.99,70.69881439208984,1621.0,0.0,1367.0,0.0596742555499076,100.0,60.24544143676758,558.0,0.0
2782,0.0,1892.0,13.837535858154297,36.99,70.69881439208984,1621.0,0.0,1367.0,0.0596742555499076,100.0,60.24544143676758,558.0,0.0
2783,0.0,1892.0,13.097042083740234,36.99,70.0025863647461,1720.0,0.0,1367.0,0.0239169895648956,100.0,60.11439895629883,604.0,0.0
2784,0.0,1892.0,13.097042083740234,36.99,70.0025863647461,1720.0,0.0,1367.0,0.0239169895648956,100.0,60.11439895629883,604.0,0.0
2785,0.0,1892.0,13.097042083740234,36.99,70.0025863647461,1720.0,0.0,1367.0,0.0239169895648956,100.0,60.11439895629883,604.0,0.0
2786,0.0,1892.0,13.097042083740234,36.99,70.0025863647461,1720.0,0.0,1367.0,0.0239169895648956,100.0,60.11439895629883,604.0,0.0
2787,0.0,1892.0,13.097042083740234,36.99,70.0025863647461,1720.0,0.0,1367.0,0.0239169895648956,100.0,60.11439895629883,604.0,0.0
2788,0.0,1892.0,13.25999927520752,36.99,69.22516632080078,1384.0,0.0,1367.0,0.0381245240569114,100.0,60.2386589050293,286.0,0.0
2789,0.0,1892.0,13.25999927520752,36.99,69.22516632080078,1384.0,0.0,1367.0,0.0381245240569114,100.0,60.2386589050293,286.0,0.0
2790,0.0,1892.0,13.25999927520752,36.99,69.22516632080078,1384.0,0.0,1367.0,0.0381245240569114,100.0,60.2386589050293,286.0,0.0
2791,0.0,1892.0,13.25999927520752,36.99,69.22516632080078,1384.0,0.0,1367.0,0.0381245240569114,100.0,60.2386589050293,286.0,0.0
2792,0.0,1892.0,13.25999927520752,36.99,69.22516632080078,1384.0,0.0,1367.0,0.0381245240569114,100.0,60.2386589050293,286.0,0.0
2793,0.0,1892.0,12.993022918701172,36.99,70.10050964355469,1702.0,0.0,1367.0,0.033061321824789,100.0,59.96873092651367,415.0,0.0
2794,0.0,1892.0,12.993022918701172,36.99,70.10050964355469,1702.0,0.0,1367.0,0.033061321824789,100.0,59.96873092651367,415.0,0.0
2795,0.0,1892.0,12.993022918701172,36.99,70.10050964355469,1702.0,0.0,1367.0,0.033061321824789,100.0,59.96873092651367,415.0,0.0
2796,0.0,1892.0,12.993022918701172,36.99,70.10050964355469,1702.0,0.0,1367.0,0.033061321824789,100.0,59.96873092651367,415.0,0.0
2797,0.0,1892.0,12.993022918701172,36.99,70.10050964355469,1702.0,0.0,1367.0,0.033061321824789,100.0,59.96873092651367,415.0,0.0
2798,0.0,1892.0,12.812777519226074,36.99,68.07646179199219,1801.0,0.0,1367.0,0.0410834215581417,100.0,59.945953369140625,381.0,0.0
2799,0.0,1892.0,12.812777519226074,36.99,68.07646179199219,1801.0,0.0,1367.0,0.0410834215581417,100.0,59.945953369140625,381.0,0.0
2800,0.0,1892.0,12.812777519226074,36.99,68.07646179199219,1801.0,0.0,1367.0,0.0410834215581417,100.0,59.945953369140625,381.0,0.0
2801,0.0,1892.0,12.812777519226074,36.99,68.07646179199219,1801.0,0.0,1367.0,0.0410834215581417,100.0,59.945953369140625,381.0,0.0
2802,0.0,1892.0,12.812777519226074,36.99,68.07646179199219,1801.0,0.0,1367.0,0.0410834215581417,100.0,59.945953369140625,381.0,0.0
2803,0.0,1892.0,15.679222106933594,36.99,70.41773223876953,1982.0,0.0,1367.0,0.1474959105253219,100.0,59.96422576904297,444.0,0.0
2804,0.0,1892.0,15.679222106933594,36.99,70.41773223876953,1982.0,0.0,1367.0,0.1474959105253219,100.0,59.96422576904297,444.0,0.0
2805,0.0,1892.0,15.679222106933594,36.99,70.41773223876953,1982.0,0.0,1367.0,0.1474959105253219,100.0,59.96422576904297,444.0,0.0
2806,0.0,1892.0,15.679222106933594,36.99,70.41773223876953,1982.0,0.0,1367.0,0.1474959105253219,100.0,59.96422576904297,444.0,0.0
2807,0.0,1892.0,15.679222106933594,36.99,70.41773223876953,1982.0,0.0,1367.0,0.1474959105253219,100.0,59.96422576904297,444.0,0.0
2808,0.0,1892.0,15.679222106933594,36.99,70.41773223876953,1982.0,0.0,1367.0,0.1474959105253219,100.0,59.96422576904297,444.0,0.0
2809,0.0,1892.0,16.391841888427734,36.99,72.13902282714844,1665.0,0.0,1367.0,0.1632206439971923,100.0,60.36931228637695,489.0,0.0
2810,0.0,1892.0,16.391841888427734,36.99,72.13902282714844,1665.0,0.0,1367.0,0.1632206439971923,100.0,60.36931228637695,489.0,0.0
2811,0.0,1892.0,16.391841888427734,36.99,72.13902282714844,1665.0,0.0,1367.0,0.1632206439971923,100.0,60.36931228637695,489.0,0.0
2812,0.0,1892.0,16.391841888427734,36.99,72.13902282714844,1665.0,0.0,1367.0,0.1632206439971923,100.0,60.36931228637695,489.0,0.0
2813,0.0,1892.0,16.391841888427734,36.99,72.13902282714844,1665.0,0.0,1367.0,0.1632206439971923,100.0,60.36931228637695,489.0,0.0
2814,0.0,1892.0,13.187216758728027,36.99,71.1024169921875,1492.0,0.0,1367.0,0.0595501847565174,100.0,60.53228759765625,340.0,0.0
2815,0.0,1892.0,13.187216758728027,36.99,71.1024169921875,1492.0,0.0,1367.0,0.0595501847565174,100.0,60.53228759765625,340.0,0.0
2816,0.0,1892.0,13.187216758728027,36.99,71.1024169921875,1492.0,0.0,1367.0,0.0595501847565174,100.0,60.53228759765625,340.0,0.0
2817,0.0,1892.0,13.187216758728027,36.99,71.1024169921875,1492.0,0.0,1367.0,0.0595501847565174,100.0,60.53228759765625,340.0,0.0
2818,0.0,1892.0,13.187216758728027,36.99,71.1024169921875,1492.0,0.0,1367.0,0.0595501847565174,100.0,60.53228759765625,340.0,0.0
2819,0.0,1892.0,13.357522010803224,36.99,70.22574615478516,1820.0,0.0,1367.0,0.1194749772548675,100.0,60.08793258666992,444.0,0.0
2820,0.0,1892.0,13.357522010803224,36.99,70.22574615478516,1820.0,0.0,1367.0,0.1194749772548675,100.0,60.08793258666992,444.0,0.0
2821,0.0,1892.0,13.357522010803224,36.99,70.22574615478516,1820.0,0.0,1367.0,0.1194749772548675,100.0,60.08793258666992,444.0,0.0
2822,0.0,1892.0,13.357522010803224,36.99,70.22574615478516,1820.0,0.0,1367.0,0.1194749772548675,100.0,60.08793258666992,444.0,0.0
2823,0.0,1892.0,13.357522010803224,36.99,70.22574615478516,1820.0,0.0,1367.0,0.1194749772548675,100.0,60.08793258666992,444.0,0.0
2824,0.0,1892.0,13.787271499633787,36.99,70.34082794189453,1770.0,0.0,1367.0,0.1932155638933181,100.0,60.15439987182617,494.0,0.0
2825,0.0,1892.0,13.787271499633787,36.99,70.34082794189453,1770.0,0.0,1367.0,0.1932155638933181,100.0,60.15439987182617,494.0,0.0
2826,0.0,1892.0,13.787271499633787,36.99,70.34082794189453,1770.0,0.0,1367.0,0.1932155638933181,100.0,60.15439987182617,494.0,0.0
2827,0.0,1892.0,13.787271499633787,36.99,70.34082794189453,1770.0,0.0,1367.0,0.1932155638933181,100.0,60.15439987182617,494.0,0.0
2828,0.0,1892.0,13.787271499633787,36.99,70.34082794189453,1770.0,0.0,1367.0,0.1932155638933181,100.0,60.15439987182617,494.0,0.0
2829,0.0,1892.0,12.911309242248535,36.99,70.40251159667969,1923.0,0.0,1367.0,0.0099030043929815,100.0,60.29682159423828,444.0,0.0
2830,0.0,1892.0,12.911309242248535,36.99,70.40251159667969,1923.0,0.0,1367.0,0.0099030043929815,100.0,60.29682159423828,444.0,0.0
2831,0.0,1892.0,12.911309242248535,36.99,70.40251159667969,1923.0,0.0,1367.0,0.0099030043929815,100.0,60.29682159423828,444.0,0.0
2832,0.0,1892.0,12.911309242248535,36.99,70.40251159667969,1923.0,0.0,1367.0,0.0099030043929815,100.0,60.29682159423828,444.0,0.0
2833,0.0,1892.0,12.911309242248535,36.99,70.40251159667969,1923.0,0.0,1367.0,0.0099030043929815,100.0,60.29682159423828,444.0,0.0
2834,0.0,1892.0,12.967001914978027,36.99,68.81934356689453,2096.0,0.0,1367.0,0.0240691658109426,100.0,59.989112854003906,444.0,0.0
2835,0.0,1892.0,12.967001914978027,36.99,68.81934356689453,2096.0,0.0,1367.0,0.0240691658109426,100.0,59.989112854003906,444.0,0.0
2836,0.0,1892.0,12.967001914978027,36.99,68.81934356689453,2096.0,0.0,1367.0,0.0240691658109426,100.0,59.989112854003906,444.0,0.0
2837,0.0,1892.0,12.967001914978027,36.99,68.81934356689453,2096.0,0.0,1367.0,0.0240691658109426,100.0,59.989112854003906,444.0,0.0
2838,0.0,1892.0,12.967001914978027,36.99,68.81934356689453,2096.0,0.0,1367.0,0.0240691658109426,100.0,59.989112854003906,444.0,0.0
2839,0.0,1892.0,13.349815368652344,36.99,70.49005889892578,2112.0,0.0,1367.0,0.0127119896933436,100.0,59.98615264892578,444.0,0.0
2840,0.0,1892.0,13.349815368652344,36.99,70.49005889892578,2112.0,0.0,1367.0,0.0127119896933436,100.0,59.98615264892578,444.0,0.0
2841,0.0,1892.0,13.349815368652344,36.99,70.49005889892578,2112.0,0.0,1367.0,0.0127119896933436,100.0,59.98615264892578,444.0,0.0
2842,0.0,1892.0,13.349815368652344,36.99,70.49005889892578,2112.0,0.0,1367.0,0.0127119896933436,100.0,59.98615264892578,444.0,0.0
2843,0.0,1892.0,13.349815368652344,36.99,70.49005889892578,2112.0,0.0,1367.0,0.0127119896933436,100.0,59.98615264892578,444.0,0.0
2844,0.0,1892.0,13.569578170776367,36.99,70.42214965820312,1847.0,0.0,1367.0,0.0811451077461242,100.0,60.02113723754883,496.0,0.0
2845,0.0,1892.0,13.569578170776367,36.99,70.42214965820312,1847.0,0.0,1367.0,0.0811451077461242,100.0,60.02113723754883,496.0,0.0
2846,0.0,1892.0,13.569578170776367,36.99,70.42214965820312,1847.0,0.0,1367.0,0.0811451077461242,100.0,60.02113723754883,496.0,0.0
2847,0.0,1892.0,13.569578170776367,36.99,70.42214965820312,1847.0,0.0,1367.0,0.0811451077461242,100.0,60.02113723754883,496.0,0.0
2848,0.0,1892.0,13.569578170776367,36.99,70.42214965820312,1847.0,0.0,1367.0,0.0811451077461242,100.0,60.02113723754883,496.0,0.0
2849,0.0,1892.0,16.223190307617188,36.99,70.48728942871094,1962.0,0.0,1367.0,0.2761942446231842,100.0,60.21413040161133,483.0,0.0
2850,0.0,1892.0,16.223190307617188,36.99,70.48728942871094,1962.0,0.0,1367.0,0.2761942446231842,100.0,60.21413040161133,483.0,0.0
2851,0.0,1892.0,16.223190307617188,36.99,70.48728942871094,1962.0,0.0,1367.0,0.2761942446231842,100.0,60.21413040161133,483.0,0.0
2852,0.0,1892.0,16.223190307617188,36.99,70.48728942871094,1962.0,0.0,1367.0,0.2761942446231842,100.0,60.21413040161133,483.0,0.0
2853,0.0,1892.0,16.223190307617188,36.99,70.48728942871094,1962.0,0.0,1367.0,0.2761942446231842,100.0,60.21413040161133,483.0,0.0
2854,0.0,1892.0,16.639890670776367,36.99,72.13953399658203,1659.0,0.0,1367.0,0.3219248950481415,100.0,60.42644119262695,547.0,0.0
2855,0.0,1892.0,16.639890670776367,36.99,72.13953399658203,1659.0,0.0,1367.0,0.3219248950481415,100.0,60.42644119262695,547.0,0.0
2856,0.0,1892.0,16.639890670776367,36.99,72.13953399658203,1659.0,0.0,1367.0,0.3219248950481415,100.0,60.42644119262695,547.0,0.0
2857,0.0,1892.0,16.639890670776367,36.99,72.13953399658203,1659.0,0.0,1367.0,0.3219248950481415,100.0,60.42644119262695,547.0,0.0
2858,0.0,1892.0,16.639890670776367,36.99,72.13953399658203,1659.0,0.0,1367.0,0.3219248950481415,100.0,60.42644119262695,547.0,0.0
2859,0.0,1892.0,15.911688804626465,36.99,72.5896987915039,1669.0,0.0,1367.0,0.4655724167823791,100.0,60.704124450683594,550.0,0.0
2860,0.0,1892.0,15.911688804626465,36.99,72.5896987915039,1669.0,0.0,1367.0,0.4655724167823791,100.0,60.704124450683594,550.0,0.0
2861,0.0,1892.0,15.911688804626465,36.99,72.5896987915039,1669.0,0.0,1367.0,0.4655724167823791,100.0,60.704124450683594,550.0,0.0
2862,0.0,1892.0,15.911688804626465,36.99,72.5896987915039,1669.0,0.0,1367.0,0.4655724167823791,100.0,60.704124450683594,550.0,0.0
2863,0.0,1892.0,15.911688804626465,36.99,72.5896987915039,1669.0,0.0,1367.0,0.4655724167823791,100.0,60.704124450683594,550.0,0.0
2864,0.0,1892.0,15.911688804626465,36.99,72.5896987915039,1669.0,0.0,1367.0,0.4655724167823791,100.0,60.704124450683594,550.0,0.0
2865,0.0009191175922751,1892.0,14.52869701385498,36.99,71.85772705078125,1772.0,0.0,1367.0,0.1966373324394226,100.0,60.81563186645508,453.0,0.0
2866,0.0009191175922751,1892.0,14.52869701385498,36.99,71.85772705078125,1772.0,0.0,1367.0,0.1966373324394226,100.0,60.81563186645508,453.0,0.0
2867,0.0009191175922751,1892.0,14.52869701385498,36.99,71.85772705078125,1772.0,0.0,1367.0,0.1966373324394226,100.0,60.81563186645508,453.0,0.0
2868,0.0009191175922751,1892.0,14.52869701385498,36.99,71.85772705078125,1772.0,0.0,1367.0,0.1966373324394226,100.0,60.81563186645508,453.0,0.0
2869,0.0009191175922751,1892.0,14.52869701385498,36.99,71.85772705078125,1772.0,0.0,1367.0,0.1966373324394226,100.0,60.81563186645508,453.0,0.0
2870,0.0,1892.0,13.566887855529783,36.99,70.85438537597656,2080.0,0.0,1367.0,0.1446440368890762,100.0,60.46698760986328,444.0,0.0
2871,0.0,1892.0,13.566887855529783,36.99,70.85438537597656,2080.0,0.0,1367.0,0.1446440368890762,100.0,60.46698760986328,444.0,0.0
2872,0.0,1892.0,13.566887855529783,36.99,70.85438537597656,2080.0,0.0,1367.0,0.1446440368890762,100.0,60.46698760986328,444.0,0.0
2873,0.0,1892.0,13.566887855529783,36.99,70.85438537597656,2080.0,0.0,1367.0,0.1446440368890762,100.0,60.46698760986328,444.0,0.0
2874,0.0,1892.0,13.566887855529783,36.99,70.85438537597656,2080.0,0.0,1367.0,0.1446440368890762,100.0,60.46698760986328,444.0,0.0
2875,0.0,1892.0,14.187037467956545,36.99,70.9925308227539,1777.0,0.0,1367.0,0.1828423887491226,100.0,60.434913635253906,519.0,0.0
2876,0.0,1892.0,14.187037467956545,36.99,70.9925308227539,1777.0,0.0,1367.0,0.1828423887491226,100.0,60.434913635253906,519.0,0.0
2877,0.0,1892.0,14.187037467956545,36.99,70.9925308227539,1777.0,0.0,1367.0,0.1828423887491226,100.0,60.434913635253906,519.0,0.0
2878,0.0,1892.0,14.187037467956545,36.99,70.9925308227539,1777.0,0.0,1367.0,0.1828423887491226,100.0,60.434913635253906,519.0,0.0
2879,0.0,1892.0,14.187037467956545,36.99,70.9925308227539,1777.0,0.0,1367.0,0.1828423887491226,100.0,60.434913635253906,519.0,0.0
2880,0.0,1892.0,13.509235382080078,36.99,70.7724380493164,1940.0,0.0,1367.0,0.2321073412895202,100.0,60.57867431640625,444.0,0.0
2881,0.0,1892.0,13.509235382080078,36.99,70.7724380493164,1940.0,0.0,1367.0,0.2321073412895202,100.0,60.57867431640625,444.0,0.0
2882,0.0,1892.0,13.509235382080078,36.99,70.7724380493164,1940.0,0.0,1367.0,0.2321073412895202,100.0,60.57867431640625,444.0,0.0
2883,0.0,1892.0,13.509235382080078,36.99,70.7724380493164,1940.0,0.0,1367.0,0.2321073412895202,100.0,60.57867431640625,444.0,0.0
2884,0.0,1892.0,13.509235382080078,36.99,70.7724380493164,1940.0,0.0,1367.0,0.2321073412895202,100.0,60.57867431640625,444.0,0.0
2885,0.0,1892.0,13.12127685546875,36.99,69.550048828125,2073.0,0.0,1367.0,0.1589193344116211,100.0,60.366981506347656,444.0,0.0
2886,0.0,1892.0,13.12127685546875,36.99,69.550048828125,2073.0,0.0,1367.0,0.1589193344116211,100.0,60.366981506347656,444.0,0.0
2887,0.0,1892.0,13.12127685546875,36.99,69.550048828125,2073.0,0.0,1367.0,0.1589193344116211,100.0,60.366981506347656,444.0,0.0
2888,0.0,1892.0,13.12127685546875,36.99,69.550048828125,2073.0,0.0,1367.0,0.1589193344116211,100.0,60.366981506347656,444.0,0.0
2889,0.0,1892.0,13.12127685546875,36.99,69.550048828125,2073.0,0.0,1367.0,0.1589193344116211,100.0,60.366981506347656,444.0,0.0
2890,0.0,1892.0,15.159010887145996,36.99,71.43553161621094,1910.0,0.0,1367.0,0.4277554452419281,100.0,60.43521881103515,444.0,0.0
2891,0.0,1892.0,15.159010887145996,36.99,71.43553161621094,1910.0,0.0,1367.0,0.4277554452419281,100.0,60.43521881103515,444.0,0.0
2892,0.0,1892.0,15.159010887145996,36.99,71.43553161621094,1910.0,0.0,1367.0,0.4277554452419281,100.0,60.43521881103515,444.0,0.0
2893,0.0,1892.0,15.159010887145996,36.99,71.43553161621094,1910.0,0.0,1367.0,0.4277554452419281,100.0,60.43521881103515,444.0,0.0
2894,0.0,1892.0,15.159010887145996,36.99,71.43553161621094,1910.0,0.0,1367.0,0.4277554452419281,100.0,60.43521881103515,444.0,0.0
2895,0.0,1892.0,13.872992515563965,36.99,70.87798309326172,1757.0,0.0,1367.0,0.1989115178585052,100.0,60.92633819580078,222.0,0.0
2896,0.0,1892.0,13.872992515563965,36.99,70.87798309326172,1757.0,0.0,1367.0,0.1989115178585052,100.0,60.92633819580078,222.0,0.0
2897,0.0,1892.0,13.872992515563965,36.99,70.87798309326172,1757.0,0.0,1367.0,0.1989115178585052,100.0,60.92633819580078,222.0,0.0
2898,0.0,1892.0,13.872992515563965,36.99,70.87798309326172,1757.0,0.0,1367.0,0.1989115178585052,100.0,60.92633819580078,222.0,0.0
2899,0.0,1892.0,13.872992515563965,36.99,70.87798309326172,1757.0,0.0,1367.0,0.1989115178585052,100.0,60.92633819580078,222.0,0.0
2900,0.0,1892.0,13.57652473449707,36.99,69.99402618408203,1620.0,0.0,1367.0,0.1930455267429351,100.0,60.39409255981445,444.0,0.0
2901,0.0,1892.0,13.57652473449707,36.99,69.99402618408203,1620.0,0.0,1367.0,0.1930455267429351,100.0,60.39409255981445,444.0,0.0
2902,0.0,1892.0,13.57652473449707,36.99,69.99402618408203,1620.0,0.0,1367.0,0.1930455267429351,100.0,60.39409255981445,444.0,0.0
2903,0.0,1892.0,13.57652473449707,36.99,69.99402618408203,1620.0,0.0,1367.0,0.1930455267429351,100.0,60.39409255981445,444.0,0.0
2904,0.0,1892.0,13.57652473449707,36.99,69.99402618408203,1620.0,0.0,1367.0,0.1930455267429351,100.0,60.39409255981445,444.0,0.0
2905,0.0,1892.0,13.774162292480469,36.99,70.93624877929688,2050.0,0.0,1367.0,0.0746178925037384,100.0,60.499664306640625,444.0,0.0
2906,0.0,1892.0,13.774162292480469,36.99,70.93624877929688,2050.0,0.0,1367.0,0.0746178925037384,100.0,60.499664306640625,444.0,0.0
2907,0.0,1892.0,13.774162292480469,36.99,70.93624877929688,2050.0,0.0,1367.0,0.0746178925037384,100.0,60.499664306640625,444.0,0.0
2908,0.0,1892.0,13.774162292480469,36.99,70.93624877929688,2050.0,0.0,1367.0,0.0746178925037384,100.0,60.499664306640625,444.0,0.0
2909,0.0,1892.0,13.774162292480469,36.99,70.93624877929688,2050.0,0.0,1367.0,0.0746178925037384,100.0,60.499664306640625,444.0,0.0
2910,0.0,1892.0,15.89050006866455,36.99,71.50885009765625,2085.0,0.0,1367.0,0.2225881516933441,100.0,60.57476043701172,444.0,0.0
2911,0.0,1892.0,15.89050006866455,36.99,71.50885009765625,2085.0,0.0,1367.0,0.2225881516933441,100.0,60.57476043701172,444.0,0.0
2912,0.0,1892.0,15.89050006866455,36.99,71.50885009765625,2085.0,0.0,1367.0,0.2225881516933441,100.0,60.57476043701172,444.0,0.0
2913,0.0,1892.0,15.89050006866455,36.99,71.50885009765625,2085.0,0.0,1367.0,0.2225881516933441,100.0,60.57476043701172,444.0,0.0
2914,0.0,1892.0,15.89050006866455,36.99,71.50885009765625,2085.0,0.0,1367.0,0.2225881516933441,100.0,60.57476043701172,444.0,0.0
2915,0.0,1892.0,15.89050006866455,36.99,71.50885009765625,2085.0,0.0,1367.0,0.2225881516933441,100.0,60.57476043701172,444.0,0.0
2916,0.0,1892.0,16.687313079833984,36.99,72.32789611816406,1964.0,0.0,1367.0,0.6951069831848145,100.0,60.93986129760742,519.0,0.0
2917,0.0,1892.0,16.687313079833984,36.99,72.32789611816406,1964.0,0.0,1367.0,0.6951069831848145,100.0,60.93986129760742,519.0,0.0
2918,0.0,1892.0,16.687313079833984,36.99,72.32789611816406,1964.0,0.0,1367.0,0.6951069831848145,100.0,60.93986129760742,519.0,0.0
2919,0.0,1892.0,16.687313079833984,36.99,72.32789611816406,1964.0,0.0,1367.0,0.6951069831848145,100.0,60.93986129760742,519.0,0.0
2920,0.0,1892.0,16.687313079833984,36.99,72.32789611816406,1964.0,0.0,1367.0,0.6951069831848145,100.0,60.93986129760742,519.0,0.0
2921,0.0,1892.0,13.432369232177734,36.99,71.32490539550781,1739.0,0.0,1367.0,0.1588131040334701,100.0,60.8696403503418,333.0,0.0
2922,0.0,1892.0,13.432369232177734,36.99,71.32490539550781,1739.0,0.0,1367.0,0.1588131040334701,100.0,60.8696403503418,333.0,0.0
2923,0.0,1892.0,13.432369232177734,36.99,71.32490539550781,1739.0,0.0,1367.0,0.1588131040334701,100.0,60.8696403503418,333.0,0.0
2924,0.0,1892.0,13.432369232177734,36.99,71.32490539550781,1739.0,0.0,1367.0,0.1588131040334701,100.0,60.8696403503418,333.0,0.0
2925,0.0,1892.0,13.432369232177734,36.99,71.32490539550781,1739.0,0.0,1367.0,0.1588131040334701,100.0,60.8696403503418,333.0,0.0
2926,0.0,1892.0,12.40248680114746,36.99,68.85328674316406,1446.0,0.0,1367.0,0.0,100.0,5.8734002113342285,0.0,0.0
2927,0.0,1892.0,12.40248680114746,36.99,68.85328674316406,1446.0,0.0,1367.0,0.0,100.0,5.8734002113342285,0.0,0.0
2928,0.0,1892.0,12.40248680114746,36.99,68.85328674316406,1446.0,0.0,1367.0,0.0,100.0,5.8734002113342285,0.0,0.0
2929,0.0,1892.0,12.40248680114746,36.99,68.85328674316406,1446.0,0.0,1367.0,0.0,100.0,5.8734002113342285,0.0,0.0
2930,0.0,1892.0,12.40248680114746,36.99,68.85328674316406,1446.0,0.0,1367.0,0.0,100.0,5.8734002113342285,0.0,0.0
2931,0.0,1892.0,13.347402572631836,36.99,69.93887329101562,1814.0,0.0,1367.0,0.1694872379302978,100.0,60.67841339111328,511.0,0.0
2932,0.0,1892.0,13.347402572631836,36.99,69.93887329101562,1814.0,0.0,1367.0,0.1694872379302978,100.0,60.67841339111328,511.0,0.0
2933,0.0,1892.0,13.347402572631836,36.99,69.93887329101562,1814.0,0.0,1367.0,0.1694872379302978,100.0,60.67841339111328,511.0,0.0
2934,0.0,1892.0,13.347402572631836,36.99,69.93887329101562,1814.0,0.0,1367.0,0.1694872379302978,100.0,60.67841339111328,511.0,0.0
2935,0.0,1892.0,13.347402572631836,36.99,69.93887329101562,1814.0,0.0,1367.0,0.1694872379302978,100.0,60.67841339111328,511.0,0.0
2936,0.0,1892.0,12.583690643310549,36.99,67.82759094238281,1532.0,0.0,1367.0,0.0176559407263994,100.0,60.56926727294922,260.0,0.0
2937,0.0,1892.0,12.583690643310549,36.99,67.82759094238281,1532.0,0.0,1367.0,0.0176559407263994,100.0,60.56926727294922,260.0,0.0
2938,0.0,1892.0,12.583690643310549,36.99,67.82759094238281,1532.0,0.0,1367.0,0.0176559407263994,100.0,60.56926727294922,260.0,0.0
2939,0.0,1892.0,12.583690643310549,36.99,67.82759094238281,1532.0,0.0,1367.0,0.0176559407263994,100.0,60.56926727294922,260.0,0.0
2940,0.0,1892.0,12.583690643310549,36.99,67.82759094238281,1532.0,0.0,1367.0,0.0176559407263994,100.0,60.56926727294922,260.0,0.0
2941,0.0,1892.0,12.576436042785645,36.99,67.9700698852539,1535.0,0.0,1367.0,0.0,100.0,5.8734002113342285,0.0,0.0
2942,0.0,1892.0,12.576436042785645,36.99,67.9700698852539,1535.0,0.0,1367.0,0.0,100.0,5.8734002113342285,0.0,0.0
2943,0.0,1892.0,12.576436042785645,36.99,67.9700698852539,1535.0,0.0,1367.0,0.0,100.0,5.8734002113342285,0.0,0.0
2944,0.0,1892.0,12.576436042785645,36.99,67.9700698852539,1535.0,0.0,1367.0,0.0,100.0,5.8734002113342285,0.0,0.0
2945,0.0,1892.0,12.576436042785645,36.99,67.9700698852539,1535.0,0.0,1367.0,0.0,100.0,5.8734002113342285,0.0,0.0
2946,0.0,1892.0,12.945621490478516,36.99,68.94694519042969,1740.0,0.0,1367.0,0.0,100.0,5.8734002113342285,0.0,0.0
2947,0.0,1892.0,12.945621490478516,36.99,68.94694519042969,1740.0,0.0,1367.0,0.0,100.0,5.8734002113342285,0.0,0.0
2948,0.0,1892.0,12.945621490478516,36.99,68.94694519042969,1740.0,0.0,1367.0,0.0,100.0,5.8734002113342285,0.0,0.0
2949,0.0,1892.0,12.945621490478516,36.99,68.94694519042969,1740.0,0.0,1367.0,0.0,100.0,5.8734002113342285,0.0,0.0
2950,0.0,1892.0,12.945621490478516,36.99,68.94694519042969,1740.0,0.0,1367.0,0.0,100.0,5.8734002113342285,0.0,0.0
2951,0.0,1892.0,12.511972427368164,36.99,68.47183990478516,1255.0,0.0,1367.0,0.0,100.0,5.8734002113342285,0.0,0.0
2952,0.0,1892.0,12.511972427368164,36.99,68.47183990478516,1255.0,0.0,1367.0,0.0,100.0,5.8734002113342285,0.0,0.0
2953,0.0,1892.0,12.511972427368164,36.99,68.47183990478516,1255.0,0.0,1367.0,0.0,100.0,5.8734002113342285,0.0,0.0
2954,0.0,1892.0,12.511972427368164,36.99,68.47183990478516,1255.0,0.0,1367.0,0.0,100.0,5.8734002113342285,0.0,0.0
2955,0.0,1892.0,12.511972427368164,36.99,68.47183990478516,1255.0,0.0,1367.0,0.0,100.0,5.8734002113342285,0.0,0.0
2956,0.0,1892.0,12.563539505004885,36.99,66.85836791992188,1343.0,0.0,1367.0,0.0018749114824458,100.0,5.8734002113342285,111.0,0.0
2957,0.0,1892.0,12.563539505004885,36.99,66.85836791992188,1343.0,0.0,1367.0,0.0018749114824458,100.0,5.8734002113342285,111.0,0.0
2958,0.0,1892.0,12.563539505004885,36.99,66.85836791992188,1343.0,0.0,1367.0,0.0018749114824458,100.0,5.8734002113342285,111.0,0.0
2959,0.0,1892.0,12.563539505004885,36.99,66.85836791992188,1343.0,0.0,1367.0,0.0018749114824458,100.0,5.8734002113342285,111.0,0.0
2960,0.0,1892.0,12.563539505004885,36.99,66.85836791992188,1343.0,0.0,1367.0,0.0018749114824458,100.0,5.8734002113342285,111.0,0.0
2961,0.0,1892.0,12.592148780822754,36.99,67.22196960449219,1507.0,0.0,1367.0,0.0007907043327577,100.0,60.31742477416992,111.0,0.0
2962,0.0,1892.0,12.592148780822754,36.99,67.22196960449219,1507.0,0.0,1367.0,0.0007907043327577,100.0,60.31742477416992,111.0,0.0
2963,0.0,1892.0,12.592148780822754,36.99,67.22196960449219,1507.0,0.0,1367.0,0.0007907043327577,100.0,60.31742477416992,111.0,0.0
2964,0.0,1892.0,12.592148780822754,36.99,67.22196960449219,1507.0,0.0,1367.0,0.0007907043327577,100.0,60.31742477416992,111.0,0.0
2965,0.0,1892.0,12.592148780822754,36.99,67.22196960449219,1507.0,0.0,1367.0,0.0007907043327577,100.0,60.31742477416992,111.0,0.0
2966,0.0,1892.0,12.555625915527344,36.99,67.32332611083984,1459.0,0.0,1367.0,0.0002926109009422,100.0,60.08045196533203,111.0,0.0
2967,0.0,1892.0,12.555625915527344,36.99,67.32332611083984,1459.0,0.0,1367.0,0.0002926109009422,100.0,60.08045196533203,111.0,0.0
2968,0.0,1892.0,12.555625915527344,36.99,67.32332611083984,1459.0,0.0,1367.0,0.0002926109009422,100.0,60.08045196533203,111.0,0.0
2969,0.0,1892.0,12.555625915527344,36.99,67.32332611083984,1459.0,0.0,1367.0,0.0002926109009422,100.0,60.08045196533203,111.0,0.0
2970,0.0,1892.0,12.555625915527344,36.99,67.32332611083984,1459.0,0.0,1367.0,0.0002926109009422,100.0,60.08045196533203,111.0,0.0
2971,0.0,1892.0,12.555625915527344,36.99,67.32332611083984,1459.0,0.0,1367.0,0.0002926109009422,100.0,60.08045196533203,111.0,0.0
2972,0.0,1892.0,12.672439575195312,36.99,66.67765808105469,1579.0,0.0,1367.0,0.0547948479652404,100.0,60.08045196533203,111.0,0.0
2973,0.0,1892.0,12.672439575195312,36.99,66.67765808105469,1579.0,0.0,1367.0,0.0547948479652404,100.0,60.08045196533203,111.0,0.0
2974,0.0,1892.0,12.672439575195312,36.99,66.67765808105469,1579.0,0.0,1367.0,0.0547948479652404,100.0,60.08045196533203,111.0,0.0
2975,0.0,1892.0,12.672439575195312,36.99,66.67765808105469,1579.0,0.0,1367.0,0.0547948479652404,100.0,60.08045196533203,111.0,0.0
2976,0.0,1892.0,12.672439575195312,36.99,66.67765808105469,1579.0,0.0,1367.0,0.0547948479652404,100.0,60.08045196533203,111.0,0.0
2977,0.0,1892.0,12.632100105285645,36.99,67.55740356445312,1405.0,0.0,1367.0,0.0201013553887605,100.0,60.24298858642578,222.0,0.0
2978,0.0,1892.0,12.632100105285645,36.99,67.55740356445312,1405.0,0.0,1367.0,0.0201013553887605,100.0,60.24298858642578,222.0,0.0
2979,0.0,1892.0,12.632100105285645,36.99,67.55740356445312,1405.0,0.0,1367.0,0.0201013553887605,100.0,60.24298858642578,222.0,0.0
2980,0.0,1892.0,12.632100105285645,36.99,67.55740356445312,1405.0,0.0,1367.0,0.0201013553887605,100.0,60.24298858642578,222.0,0.0
2981,0.0,1892.0,12.632100105285645,36.99,67.55740356445312,1405.0,0.0,1367.0,0.0201013553887605,100.0,60.24298858642578,222.0,0.0
2982,0.0,1892.0,12.898086547851562,36.99,67.72897338867188,1546.0,0.0,1367.0,0.0646493583917617,100.0,60.23407745361328,333.0,0.0
2983,0.0,1892.0,12.898086547851562,36.99,67.72897338867188,1546.0,0.0,1367.0,0.0646493583917617,100.0,60.23407745361328,333.0,0.0
2984,0.0,1892.0,12.898086547851562,36.99,67.72897338867188,1546.0,0.0,1367.0,0.0646493583917617,100.0,60.23407745361328,333.0,0.0
2985,0.0,1892.0,12.898086547851562,36.99,67.72897338867188,1546.0,0.0,1367.0,0.0646493583917617,100.0,60.23407745361328,333.0,0.0
2986,0.0,1892.0,12.898086547851562,36.99,67.72897338867188,1546.0,0.0,1367.0,0.0646493583917617,100.0,60.23407745361328,333.0,0.0
2987,0.0,1892.0,12.76471710205078,36.99,68.3884048461914,1518.0,0.0,1367.0,0.0504743680357933,100.0,59.90827560424805,333.0,0.0
2988,0.0,1892.0,12.76471710205078,36.99,68.3884048461914,1518.0,0.0,1367.0,0.0504743680357933,100.0,59.90827560424805,333.0,0.0
2989,0.0,1892.0,12.76471710205078,36.99,68.3884048461914,1518.0,0.0,1367.0,0.0504743680357933,100.0,59.90827560424805,333.0,0.0
2990,0.0,1892.0,12.76471710205078,36.99,68.3884048461914,1518.0,0.0,1367.0,0.0504743680357933,100.0,59.90827560424805,333.0,0.0
2991,0.0,1892.0,12.76471710205078,36.99,68.3884048461914,1518.0,0.0,1367.0,0.0504743680357933,100.0,59.90827560424805,333.0,0.0
2992,0.0,1892.0,12.799409866333008,36.99,67.73780059814453,1950.0,0.0,1367.0,0.0386315993964672,100.0,59.74085235595703,333.0,0.0
2993,0.0,1892.0,12.799409866333008,36.99,67.73780059814453,1950.0,0.0,1367.0,0.0386315993964672,100.0,59.74085235595703,333.0,0.0
2994,0.0,1892.0,12.799409866333008,36.99,67.73780059814453,1950.0,0.0,1367.0,0.0386315993964672,100.0,59.74085235595703,333.0,0.0
2995,0.0,1892.0,12.799409866333008,36.99,67.73780059814453,1950.0,0.0,1367.0,0.0386315993964672,100.0,59.74085235595703,333.0,0.0
2996,0.0,1892.0,12.799409866333008,36.99,67.73780059814453,1950.0,0.0,1367.0,0.0386315993964672,100.0,59.74085235595703,333.0,0.0
2997,0.0,1892.0,12.670867919921877,36.99,67.2084732055664,1960.0,0.0,1367.0,0.0637434273958206,100.0,59.65790557861328,585.0,0.0
2998,0.0,1892.0,12.670867919921877,36.99,67.2084732055664,1960.0,0.0,1367.0,0.0637434273958206,100.0,59.65790557861328,585.0,0.0
2999,0.0,1892.0,12.670867919921877,36.99,67.2084732055664,1960.0,0.0,1367.0,0.0637434273958206,100.0,59.65790557861328,585.0,0.0
3000,0.0,1892.0,12.670867919921877,36.99,67.2084732055664,1960.0,0.0,1367.0,0.0637434273958206,100.0,59.65790557861328,585.0,0.0
3001,0.0,1892.0,12.670867919921877,36.99,67.2084732055664,1960.0,0.0,1367.0,0.0637434273958206,100.0,59.65790557861328,585.0,0.0
3002,0.0,1892.0,12.399740219116213,36.99,68.1854019165039,1304.0,0.0,1367.0,0.0142526254057884,100.0,59.753387451171875,222.0,0.0
3003,0.0,1892.0,12.399740219116213,36.99,68.1854019165039,1304.0,0.0,1367.0,0.0142526254057884,100.0,59.753387451171875,222.0,0.0
3004,0.0,1892.0,12.399740219116213,36.99,68.1854019165039,1304.0,0.0,1367.0,0.0142526254057884,100.0,59.753387451171875,222.0,0.0
3005,0.0,1892.0,12.399740219116213,36.99,68.1854019165039,1304.0,0.0,1367.0,0.0142526254057884,100.0,59.753387451171875,222.0,0.0
3006,0.0,1892.0,12.399740219116213,36.99,68.1854019165039,1304.0,0.0,1367.0,0.0142526254057884,100.0,59.753387451171875,222.0,0.0
3007,0.0,1892.0,12.57624626159668,36.99,67.5287094116211,1138.0,0.0,1367.0,0.0023302715271711,100.0,59.50203704833984,111.0,0.0
3008,0.0,1892.0,12.57624626159668,36.99,67.5287094116211,1138.0,0.0,1367.0,0.0023302715271711,100.0,59.50203704833984,111.0,0.0
3009,0.0,1892.0,12.57624626159668,36.99,67.5287094116211,1138.0,0.0,1367.0,0.0023302715271711,100.0,59.50203704833984,111.0,0.0
3010,0.0,1892.0,12.57624626159668,36.99,67.5287094116211,1138.0,0.0,1367.0,0.0023302715271711,100.0,59.50203704833984,111.0,0.0
3011,0.0,1892.0,12.57624626159668,36.99,67.5287094116211,1138.0,0.0,1367.0,0.0023302715271711,100.0,59.50203704833984,111.0,0.0
3012,0.0,1892.0,13.555594444274902,36.99,68.97835540771484,2073.0,0.0,1367.0,0.1910386085510254,100.0,59.865501403808594,489.0,0.0
3013,0.0,1892.0,13.555594444274902,36.99,68.97835540771484,2073.0,0.0,1367.0,0.1910386085510254,100.0,59.865501403808594,489.0,0.0
3014,0.0,1892.0,13.555594444274902,36.99,68.97835540771484,2073.0,0.0,1367.0,0.1910386085510254,100.0,59.865501403808594,489.0,0.0
3015,0.0,1892.0,13.555594444274902,36.99,68.97835540771484,2073.0,0.0,1367.0,0.1910386085510254,100.0,59.865501403808594,489.0,0.0
3016,0.0,1892.0,13.555594444274902,36.99,68.97835540771484,2073.0,0.0,1367.0,0.1910386085510254,100.0,59.865501403808594,489.0,0.0
3017,0.0,1892.0,14.556583404541016,36.99,70.09991455078125,1667.0,0.0,1367.0,0.5030587911605835,100.0,60.05402755737305,444.0,0.0
3018,0.0,1892.0,14.556583404541016,36.99,70.09991455078125,1667.0,0.0,1367.0,0.5030587911605835,100.0,60.05402755737305,444.0,0.0
3019,0.0,1892.0,14.556583404541016,36.99,70.09991455078125,1667.0,0.0,1367.0,0.5030587911605835,100.0,60.05402755737305,444.0,0.0
3020,0.0,1892.0,14.556583404541016,36.99,70.09991455078125,1667.0,0.0,1367.0,0.5030587911605835,100.0,60.05402755737305,444.0,0.0
3021,0.0,1892.0,14.556583404541016,36.99,70.09991455078125,1667.0,0.0,1367.0,0.5030587911605835,100.0,60.05402755737305,444.0,0.0
3022,0.0,1892.0,14.556583404541016,36.99,70.09991455078125,1667.0,0.0,1367.0,0.5030587911605835,100.0,60.05402755737305,444.0,0.0
3023,0.0,1892.0,16.981918334960938,36.99,72.19409942626953,1833.0,0.0,1367.0,0.1522386968135833,100.0,60.31909942626953,444.0,0.0
3024,0.0,1892.0,16.981918334960938,36.99,72.19409942626953,1833.0,0.0,1367.0,0.1522386968135833,100.0,60.31909942626953,444.0,0.0
3025,0.0,1892.0,16.981918334960938,36.99,72.19409942626953,1833.0,0.0,1367.0,0.1522386968135833,100.0,60.31909942626953,444.0,0.0
3026,0.0,1892.0,16.981918334960938,36.99,72.19409942626953,1833.0,0.0,1367.0,0.1522386968135833,100.0,60.31909942626953,444.0,0.0
3027,0.0,1892.0,16.981918334960938,36.99,72.19409942626953,1833.0,0.0,1367.0,0.1522386968135833,100.0,60.31909942626953,444.0,0.0
3028,0.0,1892.0,15.378089904785156,36.99,72.02699279785156,1889.0,0.0,1367.0,0.2415477484464645,100.0,60.52528762817383,487.0,0.0
3029,0.0,1892.0,15.378089904785156,36.99,72.02699279785156,1889.0,0.0,1367.0,0.2415477484464645,100.0,60.52528762817383,487.0,0.0
3030,0.0,1892.0,15.378089904785156,36.99,72.02699279785156,1889.0,0.0,1367.0,0.2415477484464645,100.0,60.52528762817383,487.0,0.0
3031,0.0,1892.0,15.378089904785156,36.99,72.02699279785156,1889.0,0.0,1367.0,0.2415477484464645,100.0,60.52528762817383,487.0,0.0
3032,0.0,1892.0,15.378089904785156,36.99,72.02699279785156,1889.0,0.0,1367.0,0.2415477484464645,100.0,60.52528762817383,487.0,0.0
3033,0.0,1892.0,12.756632804870604,36.99,68.31118774414062,2172.0,0.0,1367.0,0.0592800341546535,100.0,60.349143981933594,444.0,0.0
3034,0.0,1892.0,12.756632804870604,36.99,68.31118774414062,2172.0,0.0,1367.0,0.0592800341546535,100.0,60.349143981933594,444.0,0.0
3035,0.0,1892.0,12.756632804870604,36.99,68.31118774414062,2172.0,0.0,1367.0,0.0592800341546535,100.0,60.349143981933594,444.0,0.0
3036,0.0,1892.0,12.756632804870604,36.99,68.31118774414062,2172.0,0.0,1367.0,0.0592800341546535,100.0,60.349143981933594,444.0,0.0
3037,0.0,1892.0,12.756632804870604,36.99,68.31118774414062,2172.0,0.0,1367.0,0.0592800341546535,100.0,60.349143981933594,444.0,0.0
3038,0.0,1892.0,12.613859176635742,36.99,67.55667114257812,1979.0,0.0,1367.0,0.0549949556589126,100.0,59.815826416015625,444.0,0.0
3039,0.0,1892.0,12.613859176635742,36.99,67.55667114257812,1979.0,0.0,1367.0,0.0549949556589126,100.0,59.815826416015625,444.0,0.0
3040,0.0,1892.0,12.613859176635742,36.99,67.55667114257812,1979.0,0.0,1367.0,0.0549949556589126,100.0,59.815826416015625,444.0,0.0
3041,0.0,1892.0,12.613859176635742,36.99,67.55667114257812,1979.0,0.0,1367.0,0.0549949556589126,100.0,59.815826416015625,444.0,0.0
3042,0.0,1892.0,12.613859176635742,36.99,67.55667114257812,1979.0,0.0,1367.0,0.0549949556589126,100.0,59.815826416015625,444.0,0.0
3043,0.0,1892.0,12.705570220947266,36.99,67.61514282226562,1650.0,0.0,1367.0,0.0252570360898971,100.0,59.759674072265625,222.0,0.0
3044,0.0,1892.0,12.705570220947266,36.99,67.61514282226562,1650.0,0.0,1367.0,0.0252570360898971,100.0,59.759674072265625,222.0,0.0
3045,0.0,1892.0,12.705570220947266,36.99,67.61514282226562,1650.0,0.0,1367.0,0.0252570360898971,100.0,59.759674072265625,222.0,0.0
3046,0.0,1892.0,12.705570220947266,36.99,67.61514282226562,1650.0,0.0,1367.0,0.0252570360898971,100.0,59.759674072265625,222.0,0.0
3047,0.0,1892.0,12.705570220947266,36.99,67.61514282226562,1650.0,0.0,1367.0,0.0252570360898971,100.0,59.759674072265625,222.0,0.0
3048,0.0,1892.0,13.312509536743164,36.99,69.22172546386719,1785.0,0.0,1367.0,0.3377273976802826,100.0,60.09067916870117,497.0,0.0
3049,0.0,1892.0,13.312509536743164,36.99,69.22172546386719,1785.0,0.0,1367.0,0.3377273976802826,100.0,60.09067916870117,497.0,0.0
3050,0.0,1892.0,13.312509536743164,36.99,69.22172546386719,1785.0,0.0,1367.0,0.3377273976802826,100.0,60.09067916870117,497.0,0.0
3051,0.0,1892.0,13.312509536743164,36.99,69.22172546386719,1785.0,0.0,1367.0,0.3377273976802826,100.0,60.09067916870117,497.0,0.0
3052,0.0,1892.0,13.312509536743164,36.99,69.22172546386719,1785.0,0.0,1367.0,0.3377273976802826,100.0,60.09067916870117,497.0,0.0
3053,0.0,1892.0,12.808867454528809,36.99,69.06130981445312,1860.0,0.0,1367.0,0.0370687991380691,100.0,60.135841369628906,352.0,0.0
3054,0.0,1892.0,12.808867454528809,36.99,69.06130981445312,1860.0,0.0,1367.0,0.0370687991380691,100.0,60.135841369628906,352.0,0.0
3055,0.0,1892.0,12.808867454528809,36.99,69.06130981445312,1860.0,0.0,1367.0,0.0370687991380691,100.0,60.135841369628906,352.0,0.0
3056,0.0,1892.0,12.808867454528809,36.99,69.06130981445312,1860.0,0.0,1367.0,0.0370687991380691,100.0,60.135841369628906,352.0,0.0
3057,0.0,1892.0,12.808867454528809,36.99,69.06130981445312,1860.0,0.0,1367.0,0.0370687991380691,100.0,60.135841369628906,352.0,0.0
3058,0.0,1892.0,12.53904151916504,36.99,67.22797393798828,1335.0,0.0,1367.0,0.0014956758823245,100.0,60.1756591796875,111.0,0.0
3059,0.0,1892.0,12.53904151916504,36.99,67.22797393798828,1335.0,0.0,1367.0,0.0014956758823245,100.0,60.1756591796875,111.0,0.0
3060,0.0,1892.0,12.53904151916504,36.99,67.22797393798828,1335.0,0.0,1367.0,0.0014956758823245,100.0,60.1756591796875,111.0,0.0
3061,0.0,1892.0,12.53904151916504,36.99,67.22797393798828,1335.0,0.0,1367.0,0.0014956758823245,100.0,60.1756591796875,111.0,0.0
3062,0.0,1892.0,12.53904151916504,36.99,67.22797393798828,1335.0,0.0,1367.0,0.0014956758823245,100.0,60.1756591796875,111.0,0.0
3063,0.0,1892.0,12.766018867492676,36.99,67.42192840576172,1803.0,0.0,1367.0,0.2649766802787781,100.0,60.21216583251953,362.0,0.0
3064,0.0,1892.0,12.766018867492676,36.99,67.42192840576172,1803.0,0.0,1367.0,0.2649766802787781,100.0,60.21216583251953,362.0,0.0
3065,0.0,1892.0,12.766018867492676,36.99,67.42192840576172,1803.0,0.0,1367.0,0.2649766802787781,100.0,60.21216583251953,362.0,0.0
3066,0.0,1892.0,12.766018867492676,36.99,67.42192840576172,1803.0,0.0,1367.0,0.2649766802787781,100.0,60.21216583251953,362.0,0.0
3067,0.0,1892.0,12.766018867492676,36.99,67.42192840576172,1803.0,0.0,1367.0,0.2649766802787781,100.0,60.21216583251953,362.0,0.0
3068,0.0,1892.0,12.480607986450195,36.99,68.14228820800781,1453.0,0.0,1367.0,0.1270710974931717,100.0,60.157318115234375,372.0,0.0
3069,0.0,1892.0,12.480607986450195,36.99,68.14228820800781,1453.0,0.0,1367.0,0.1270710974931717,100.0,60.157318115234375,372.0,0.0
3070,0.0,1892.0,12.480607986450195,36.99,68.14228820800781,1453.0,0.0,1367.0,0.1270710974931717,100.0,60.157318115234375,372.0,0.0
3071,0.0,1892.0,12.480607986450195,36.99,68.14228820800781,1453.0,0.0,1367.0,0.1270710974931717,100.0,60.157318115234375,372.0,0.0
3072,0.0,1892.0,12.480607986450195,36.99,68.14228820800781,1453.0,0.0,1367.0,0.1270710974931717,100.0,60.157318115234375,372.0,0.0
3073,0.0,1892.0,16.922710418701172,36.99,70.36768341064453,1976.0,0.0,1367.0,0.2108211517333984,100.0,60.14247512817383,602.0,0.0
3074,0.0,1892.0,16.922710418701172,36.99,70.36768341064453,1976.0,0.0,1367.0,0.2108211517333984,100.0,60.14247512817383,602.0,0.0
3075,0.0,1892.0,16.922710418701172,36.99,70.36768341064453,1976.0,0.0,1367.0,0.2108211517333984,100.0,60.14247512817383,602.0,0.0
3076,0.0,1892.0,16.922710418701172,36.99,70.36768341064453,1976.0,0.0,1367.0,0.2108211517333984,100.0,60.14247512817383,602.0,0.0
3077,0.0,1892.0,16.922710418701172,36.99,70.36768341064453,1976.0,0.0,1367.0,0.2108211517333984,100.0,60.14247512817383,602.0,0.0
3078,0.0,1892.0,14.515462875366213,36.99,71.8946762084961,1742.0,0.0,1367.0,0.3695915043354034,100.0,60.52104568481445,560.0,0.0
3079,0.0,1892.0,14.515462875366213,36.99,71.8946762084961,1742.0,0.0,1367.0,0.3695915043354034,100.0,60.52104568481445,560.0,0.0
3080,0.0,1892.0,14.515462875366213,36.99,71.8946762084961,1742.0,0.0,1367.0,0.3695915043354034,100.0,60.52104568481445,560.0,0.0
3081,0.0,1892.0,14.515462875366213,36.99,71.8946762084961,1742.0,0.0,1367.0,0.3695915043354034,100.0,60.52104568481445,560.0,0.0
3082,0.0,1892.0,14.515462875366213,36.99,71.8946762084961,1742.0,0.0,1367.0,0.3695915043354034,100.0,60.52104568481445,560.0,0.0
3083,0.0,1892.0,14.515462875366213,36.99,71.8946762084961,1742.0,0.0,1367.0,0.3695915043354034,100.0,60.52104568481445,560.0,0.0
3084,0.0,1892.0,12.975659370422363,36.99,69.9769287109375,2066.0,0.0,1367.0,0.0768884494900703,100.0,60.18546295166016,444.0,0.0
3085,0.0,1892.0,12.975659370422363,36.99,69.9769287109375,2066.0,0.0,1367.0,0.0768884494900703,100.0,60.18546295166016,444.0,0.0
3086,0.0,1892.0,12.975659370422363,36.99,69.9769287109375,2066.0,0.0,1367.0,0.0768884494900703,100.0,60.18546295166016,444.0,0.0
3087,0.0,1892.0,12.975659370422363,36.99,69.9769287109375,2066.0,0.0,1367.0,0.0768884494900703,100.0,60.18546295166016,444.0,0.0
3088,0.0,1892.0,12.975659370422363,36.99,69.9769287109375,2066.0,0.0,1367.0,0.0768884494900703,100.0,60.18546295166016,444.0,0.0
3089,0.0,1892.0,12.578972816467283,36.99,69.58834838867188,1682.0,0.0,1367.0,0.0204737335443496,100.0,60.111602783203125,222.0,0.0
3090,0.0,1892.0,12.578972816467283,36.99,69.58834838867188,1682.0,0.0,1367.0,0.0204737335443496,100.0,60.111602783203125,222.0,0.0
3091,0.0,1892.0,12.578972816467283,36.99,69.58834838867188,1682.0,0.0,1367.0,0.0204737335443496,100.0,60.111602783203125,222.0,0.0
3092,0.0,1892.0,12.578972816467283,36.99,69.58834838867188,1682.0,0.0,1367.0,0.0204737335443496,100.0,60.111602783203125,222.0,0.0
3093,0.0,1892.0,12.578972816467283,36.99,69.58834838867188,1682.0,0.0,1367.0,0.0204737335443496,100.0,60.111602783203125,222.0,0.0
3094,0.0,1892.0,12.591140747070312,36.99,67.00559997558594,1531.0,0.0,1367.0,0.0010377918370068,100.0,5.8734002113342285,222.0,0.0
3095,0.0,1892.0,12.591140747070312,36.99,67.00559997558594,1531.0,0.0,1367.0,0.0010377918370068,100.0,5.8734002113342285,222.0,0.0
3096,0.0,1892.0,12.591140747070312,36.99,67.00559997558594,1531.0,0.0,1367.0,0.0010377918370068,100.0,5.8734002113342285,222.0,0.0
3097,0.0,1892.0,12.591140747070312,36.99,67.00559997558594,1531.0,0.0,1367.0,0.0010377918370068,100.0,5.8734002113342285,222.0,0.0
3098,0.0,1892.0,12.591140747070312,36.99,67.00559997558594,1531.0,0.0,1367.0,0.0010377918370068,100.0,5.8734002113342285,222.0,0.0
3099,0.0,1892.0,12.551513671875,36.99,68.0457534790039,1223.0,0.0,1367.0,0.0002942636201623,100.0,60.02628326416016,111.0,0.0
3100,0.0,1892.0,12.551513671875,36.99,68.0457534790039,1223.0,0.0,1367.0,0.0002942636201623,100.0,60.02628326416016,111.0,0.0
3101,0.0,1892.0,12.551513671875,36.99,68.0457534790039,1223.0,0.0,1367.0,0.0002942636201623,100.0,60.02628326416016,111.0,0.0
3102,0.0,1892.0,12.551513671875,36.99,68.0457534790039,1223.0,0.0,1367.0,0.0002942636201623,100.0,60.02628326416016,111.0,0.0
3103,0.0,1892.0,12.551513671875,36.99,68.0457534790039,1223.0,0.0,1367.0,0.0002942636201623,100.0,60.02628326416016,111.0,0.0
3104,0.0,1892.0,12.605822563171388,36.99,67.08442687988281,1149.0,0.0,1367.0,0.0014597215922549,100.0,59.446075439453125,222.0,0.0
3105,0.0,1892.0,12.605822563171388,36.99,67.08442687988281,1149.0,0.0,1367.0,0.0014597215922549,100.0,59.446075439453125,222.0,0.0
3106,0.0,1892.0,12.605822563171388,36.99,67.08442687988281,1149.0,0.0,1367.0,0.0014597215922549,100.0,59.446075439453125,222.0,0.0
3107,0.0,1892.0,12.605822563171388,36.99,67.08442687988281,1149.0,0.0,1367.0,0.0014597215922549,100.0,59.446075439453125,222.0,0.0
3108,0.0,1892.0,12.605822563171388,36.99,67.08442687988281,1149.0,0.0,1367.0,0.0014597215922549,100.0,59.446075439453125,222.0,0.0
3109,0.0,1892.0,15.02309799194336,36.99,68.42329406738281,2067.0,0.0,1367.0,0.1536528170108795,100.0,59.669776916503906,444.0,0.0
3110,0.0,1892.0,15.02309799194336,36.99,68.42329406738281,2067.0,0.0,1367.0,0.1536528170108795,100.0,59.669776916503906,444.0,0.0
3111,0.0,1892.0,15.02309799194336,36.99,68.42329406738281,2067.0,0.0,1367.0,0.1536528170108795,100.0,59.669776916503906,444.0,0.0
3112,0.0,1892.0,15.02309799194336,36.99,68.42329406738281,2067.0,0.0,1367.0,0.1536528170108795,100.0,59.669776916503906,444.0,0.0
3113,0.0,1892.0,15.02309799194336,36.99,68.42329406738281,2067.0,0.0,1367.0,0.1536528170108795,100.0,59.669776916503906,444.0,0.0
3114,0.0,1892.0,14.935595512390137,36.99,70.92230224609375,1667.0,0.0,1367.0,0.0743118524551391,100.0,59.99913787841797,565.0,0.0
3115,0.0,1892.0,14.935595512390137,36.99,70.92230224609375,1667.0,0.0,1367.0,0.0743118524551391,100.0,59.99913787841797,565.0,0.0
3116,0.0,1892.0,14.935595512390137,36.99,70.92230224609375,1667.0,0.0,1367.0,0.0743118524551391,100.0,59.99913787841797,565.0,0.0
3117,0.0,1892.0,14.935595512390137,36.99,70.92230224609375,1667.0,0.0,1367.0,0.0743118524551391,100.0,59.99913787841797,565.0,0.0
3118,0.0,1892.0,14.935595512390137,36.99,70.92230224609375,1667.0,0.0,1367.0,0.0743118524551391,100.0,59.99913787841797,565.0,0.0
3119,0.0,1892.0,13.326251029968262,36.99,70.79064178466797,1824.0,0.0,1367.0,0.0363835059106349,100.0,60.11585235595703,434.0,0.0
3120,0.0,1892.0,13.326251029968262,36.99,70.79064178466797,1824.0,0.0,1367.0,0.0363835059106349,100.0,60.11585235595703,434.0,0.0
3121,0.0,1892.0,13.326251029968262,36.99,70.79064178466797,1824.0,0.0,1367.0,0.0363835059106349,100.0,60.11585235595703,434.0,0.0
3122,0.0,1892.0,13.326251029968262,36.99,70.79064178466797,1824.0,0.0,1367.0,0.0363835059106349,100.0,60.11585235595703,434.0,0.0
3123,0.0,1892.0,13.326251029968262,36.99,70.79064178466797,1824.0,0.0,1367.0,0.0363835059106349,100.0,60.11585235595703,434.0,0.0
3124,0.0,1892.0,12.96992301940918,36.99,69.25160217285156,2014.0,0.0,1367.0,0.0149858789518475,100.0,60.126739501953125,444.0,0.0
3125,0.0,1892.0,12.96992301940918,36.99,69.25160217285156,2014.0,0.0,1367.0,0.0149858789518475,100.0,60.126739501953125,444.0,0.0
3126,0.0,1892.0,12.96992301940918,36.99,69.25160217285156,2014.0,0.0,1367.0,0.0149858789518475,100.0,60.126739501953125,444.0,0.0
3127,0.0,1892.0,12.96992301940918,36.99,69.25160217285156,2014.0,0.0,1367.0,0.0149858789518475,100.0,60.126739501953125,444.0,0.0
3128,0.0,1892.0,12.96992301940918,36.99,69.25160217285156,2014.0,0.0,1367.0,0.0149858789518475,100.0,60.126739501953125,444.0,0.0
3129,0.0,1892.0,14.26810359954834,36.99,70.48443603515625,2037.0,0.0,1367.0,0.4278266131877899,100.0,59.940452575683594,514.0,0.0
3130,0.0,1892.0,14.26810359954834,36.99,70.48443603515625,2037.0,0.0,1367.0,0.4278266131877899,100.0,59.940452575683594,514.0,0.0
3131,0.0,1892.0,14.26810359954834,36.99,70.48443603515625,2037.0,0.0,1367.0,0.4278266131877899,100.0,59.940452575683594,514.0,0.0
3132,0.0,1892.0,14.26810359954834,36.99,70.48443603515625,2037.0,0.0,1367.0,0.4278266131877899,100.0,59.940452575683594,514.0,0.0
3133,0.0,1892.0,14.26810359954834,36.99,70.48443603515625,2037.0,0.0,1367.0,0.4278266131877899,100.0,59.940452575683594,514.0,0.0
3134,0.0,1892.0,14.26810359954834,36.99,70.48443603515625,2037.0,0.0,1367.0,0.4278266131877899,100.0,59.940452575683594,514.0,0.0
3135,0.0,1892.0,14.163296699523926,36.99,70.76892852783203,1729.0,0.0,1367.0,0.2962708473205566,100.0,60.15996551513672,444.0,0.0
3136,0.0,1892.0,14.163296699523926,36.99,70.76892852783203,1729.0,0.0,1367.0,0.2962708473205566,100.0,60.15996551513672,444.0,0.0
3137,0.0,1892.0,14.163296699523926,36.99,70.76892852783203,1729.0,0.0,1367.0,0.2962708473205566,100.0,60.15996551513672,444.0,0.0
3138,0.0,1892.0,14.163296699523926,36.99,70.76892852783203,1729.0,0.0,1367.0,0.2962708473205566,100.0,60.15996551513672,444.0,0.0
3139,0.0,1892.0,14.163296699523926,36.99,70.76892852783203,1729.0,0.0,1367.0,0.2962708473205566,100.0,60.15996551513672,444.0,0.0
3140,0.0,1892.0,13.682265281677246,36.99,70.32019805908203,1757.0,0.0,1367.0,0.2400886416435241,100.0,60.197059631347656,478.0,0.0
3141,0.0,1892.0,13.682265281677246,36.99,70.32019805908203,1757.0,0.0,1367.0,0.2400886416435241,100.0,60.197059631347656,478.0,0.0
3142,0.0,1892.0,13.682265281677246,36.99,70.32019805908203,1757.0,0.0,1367.0,0.2400886416435241,100.0,60.197059631347656,478.0,0.0
3143,0.0,1892.0,13.682265281677246,36.99,70.32019805908203,1757.0,0.0,1367.0,0.2400886416435241,100.0,60.197059631347656,478.0,0.0
3144,0.0,1892.0,13.682265281677246,36.99,70.32019805908203,1757.0,0.0,1367.0,0.2400886416435241,100.0,60.197059631347656,478.0,0.0
3145,0.0,1892.0,13.050427436828612,36.99,69.50005340576172,2061.0,0.0,1367.0,0.0753790512681007,100.0,59.9105224609375,474.0,0.0
3146,0.0,1892.0,13.050427436828612,36.99,69.50005340576172,2061.0,0.0,1367.0,0.0753790512681007,100.0,59.9105224609375,474.0,0.0
3147,0.0,1892.0,13.050427436828612,36.99,69.50005340576172,2061.0,0.0,1367.0,0.0753790512681007,100.0,59.9105224609375,474.0,0.0
3148,0.0,1892.0,13.050427436828612,36.99,69.50005340576172,2061.0,0.0,1367.0,0.0753790512681007,100.0,59.9105224609375,474.0,0.0
3149,0.0,1892.0,13.050427436828612,36.99,69.50005340576172,2061.0,0.0,1367.0,0.0753790512681007,100.0,59.9105224609375,474.0,0.0
3150,0.0,1892.0,12.575556755065918,36.99,66.8622055053711,1433.0,0.0,1367.0,0.0003721770190168,100.0,59.64863204956055,111.0,0.0
3151,0.0,1892.0,12.575556755065918,36.99,66.8622055053711,1433.0,0.0,1367.0,0.0003721770190168,100.0,59.64863204956055,111.0,0.0
3152,0.0,1892.0,12.575556755065918,36.99,66.8622055053711,1433.0,0.0,1367.0,0.0003721770190168,100.0,59.64863204956055,111.0,0.0
3153,0.0,1892.0,12.575556755065918,36.99,66.8622055053711,1433.0,0.0,1367.0,0.0003721770190168,100.0,59.64863204956055,111.0,0.0
3154,0.0,1892.0,12.575556755065918,36.99,66.8622055053711,1433.0,0.0,1367.0,0.0003721770190168,100.0,59.64863204956055,111.0,0.0
3155,0.0,1892.0,12.659918785095217,36.99,66.90666961669922,1275.0,0.0,1367.0,0.0021619643084704,100.0,59.599830627441406,222.0,0.0
3156,0.0,1892.0,12.659918785095217,36.99,66.90666961669922,1275.0,0.0,1367.0,0.0021619643084704,100.0,59.599830627441406,222.0,0.0
3157,0.0,1892.0,12.659918785095217,36.99,66.90666961669922,1275.0,0.0,1367.0,0.0021619643084704,100.0,59.599830627441406,222.0,0.0
3158,0.0,1892.0,12.659918785095217,36.99,66.90666961669922,1275.0,0.0,1367.0,0.0021619643084704,100.0,59.599830627441406,222.0,0.0
3159,0.0,1892.0,12.659918785095217,36.99,66.90666961669922,1275.0,0.0,1367.0,0.0021619643084704,100.0,59.599830627441406,222.0,0.0
3160,0.0,1892.0,12.60032081604004,36.99,66.87484741210938,1231.0,0.0,1367.0,0.0,100.0,5.8734002113342285,0.0,0.0
3161,0.0,1892.0,12.60032081604004,36.99,66.87484741210938,1231.0,0.0,1367.0,0.0,100.0,5.8734002113342285,0.0,0.0
3162,0.0,1892.0,12.60032081604004,36.99,66.87484741210938,1231.0,0.0,1367.0,0.0,100.0,5.8734002113342285,0.0,0.0
3163,0.0,1892.0,12.60032081604004,36.99,66.87484741210938,1231.0,0.0,1367.0,0.0,100.0,5.8734002113342285,0.0,0.0
3164,0.0,1892.0,12.60032081604004,36.99,66.87484741210938,1231.0,0.0,1367.0,0.0,100.0,5.8734002113342285,0.0,0.0
3165,0.0,1892.0,12.54075813293457,36.99,66.91874694824219,1098.0,0.0,1367.0,0.0,100.0,5.8734002113342285,0.0,0.0
3166,0.0,1892.0,12.54075813293457,36.99,66.91874694824219,1098.0,0.0,1367.0,0.0,100.0,5.8734002113342285,0.0,0.0
3167,0.0,1892.0,12.54075813293457,36.99,66.91874694824219,1098.0,0.0,1367.0,0.0,100.0,5.8734002113342285,0.0,0.0
3168,0.0,1892.0,12.54075813293457,36.99,66.91874694824219,1098.0,0.0,1367.0,0.0,100.0,5.8734002113342285,0.0,0.0
3169,0.0,1892.0,12.54075813293457,36.99,66.91874694824219,1098.0,0.0,1367.0,0.0,100.0,5.8734002113342285,0.0,0.0
3170,0.0,1892.0,12.500264167785645,36.99,66.68167114257812,1057.0,0.0,1367.0,0.0,100.0,5.8734002113342285,0.0,0.0
3171,0.0,1892.0,12.500264167785645,36.99,66.68167114257812,1057.0,0.0,1367.0,0.0,100.0,5.8734002113342285,0.0,0.0
3172,0.0,1892.0,12.500264167785645,36.99,66.68167114257812,1057.0,0.0,1367.0,0.0,100.0,5.8734002113342285,0.0,0.0
3173,0.0,1892.0,12.500264167785645,36.99,66.68167114257812,1057.0,0.0,1367.0,0.0,100.0,5.8734002113342285,0.0,0.0
3174,0.0,1892.0,12.500264167785645,36.99,66.68167114257812,1057.0,0.0,1367.0,0.0,100.0,5.8734002113342285,0.0,0.0
3175,0.0,1892.0,13.230003356933594,36.99,66.50053405761719,1270.0,0.0,1367.0,0.0349847078323364,100.0,5.8734002113342285,111.0,0.0
3176,0.0,1892.0,13.230003356933594,36.99,66.50053405761719,1270.0,0.0,1367.0,0.0349847078323364,100.0,5.8734002113342285,111.0,0.0
3177,0.0,1892.0,13.230003356933594,36.99,66.50053405761719,1270.0,0.0,1367.0,0.0349847078323364,100.0,5.8734002113342285,111.0,0.0
3178,0.0,1892.0,13.230003356933594,36.99,66.50053405761719,1270.0,0.0,1367.0,0.0349847078323364,100.0,5.8734002113342285,111.0,0.0
3179,0.0,1892.0,13.230003356933594,36.99,66.50053405761719,1270.0,0.0,1367.0,0.0349847078323364,100.0,5.8734002113342285,111.0,0.0
3180,0.0,1892.0,16.90070343017578,36.99,71.06807708740234,2211.0,0.0,1367.0,0.3939735889434814,100.0,60.05149459838867,514.0,0.0
3181,0.0,1892.0,16.90070343017578,36.99,71.06807708740234,2211.0,0.0,1367.0,0.3939735889434814,100.0,60.05149459838867,514.0,0.0
3182,0.0,1892.0,16.90070343017578,36.99,71.06807708740234,2211.0,0.0,1367.0,0.3939735889434814,100.0,60.05149459838867,514.0,0.0
3183,0.0,1892.0,16.90070343017578,36.99,71.06807708740234,2211.0,0.0,1367.0,0.3939735889434814,100.0,60.05149459838867,514.0,0.0
3184,0.0,1892.0,16.90070343017578,36.99,71.06807708740234,2211.0,0.0,1367.0,0.3939735889434814,100.0,60.05149459838867,514.0,0.0
3185,0.0,1892.0,16.90070343017578,36.99,71.06807708740234,2211.0,0.0,1367.0,0.3939735889434814,100.0,60.05149459838867,514.0,0.0
3186,0.0,1892.0,14.60179328918457,36.99,71.6243896484375,1773.0,0.0,1367.0,0.2962666749954223,100.0,60.611785888671875,450.0,0.0
3187,0.0,1892.0,14.60179328918457,36.99,71.6243896484375,1773.0,0.0,1367.0,0.2962666749954223,100.0,60.611785888671875,450.0,0.0
3188,0.0,1892.0,14.60179328918457,36.99,71.6243896484375,1773.0,0.0,1367.0,0.2962666749954223,100.0,60.611785888671875,450.0,0.0
3189,0.0,1892.0,14.60179328918457,36.99,71.6243896484375,1773.0,0.0,1367.0,0.2962666749954223,100.0,60.611785888671875,450.0,0.0
3190,0.0,1892.0,14.60179328918457,36.99,71.6243896484375,1773.0,0.0,1367.0,0.2962666749954223,100.0,60.611785888671875,450.0,0.0
3191,0.0,1892.0,13.162806510925291,36.99,69.9165267944336,2100.0,0.0,1367.0,0.0582459717988967,100.0,60.06862258911133,444.0,0.0
3192,0.0,1892.0,13.162806510925291,36.99,69.9165267944336,2100.0,0.0,1367.0,0.0582459717988967,100.0,60.06862258911133,444.0,0.0
3193,0.0,1892.0,13.162806510925291,36.99,69.9165267944336,2100.0,0.0,1367.0,0.0582459717988967,100.0,60.06862258911133,444.0,0.0
3194,0.0,1892.0,13.162806510925291,36.99,69.9165267944336,2100.0,0.0,1367.0,0.0582459717988967,100.0,60.06862258911133,444.0,0.0
3195,0.0,1892.0,13.162806510925291,36.99,69.9165267944336,2100.0,0.0,1367.0,0.0582459717988967,100.0,60.06862258911133,444.0,0.0
3196,0.0,1892.0,12.740779876708984,36.99,67.9139633178711,1508.0,0.0,1367.0,0.0084017971530556,100.0,60.23774337768555,222.0,0.0
3197,0.0,1892.0,12.740779876708984,36.99,67.9139633178711,1508.0,0.0,1367.0,0.0084017971530556,100.0,60.23774337768555,222.0,0.0
3198,0.0,1892.0,12.740779876708984,36.99,67.9139633178711,1508.0,0.0,1367.0,0.0084017971530556,100.0,60.23774337768555,222.0,0.0
3199,0.0,1892.0,12.740779876708984,36.99,67.9139633178711,1508.0,0.0,1367.0,0.0084017971530556,100.0,60.23774337768555,222.0,0.0
3200,0.0,1892.0,12.740779876708984,36.99,67.9139633178711,1508.0,0.0,1367.0,0.0084017971530556,100.0,60.23774337768555,222.0,0.0
3201,0.0,1892.0,12.498950004577637,36.99,67.79346466064453,1319.0,0.0,1367.0,0.0013211837504059,100.0,60.047950744628906,222.0,0.0
3202,0.0,1892.0,12.498950004577637,36.99,67.79346466064453,1319.0,0.0,1367.0,0.0013211837504059,100.0,60.047950744628906,222.0,0.0
3203,0.0,1892.0,12.498950004577637,36.99,67.79346466064453,1319.0,0.0,1367.0,0.0013211837504059,100.0,60.047950744628906,222.0,0.0
3204,0.0,1892.0,12.498950004577637,36.99,67.79346466064453,1319.0,0.0,1367.0,0.0013211837504059,100.0,60.047950744628906,222.0,0.0
3205,0.0,1892.0,12.498950004577637,36.99,67.79346466064453,1319.0,0.0,1367.0,0.0013211837504059,100.0,60.047950744628906,222.0,0.0
3206,0.0,1892.0,13.002893447875977,36.99,67.6010513305664,1177.0,0.0,1367.0,0.0233865492045879,100.0,59.711708068847656,222.0,0.0
3207,0.0,1892.0,13.002893447875977,36.99,67.6010513305664,1177.0,0.0,1367.0,0.0233865492045879,100.0,59.711708068847656,222.0,0.0
3208,0.0,1892.0,13.002893447875977,36.99,67.6010513305664,1177.0,0.0,1367.0,0.0233865492045879,100.0,59.711708068847656,222.0,0.0
3209,0.0,1892.0,13.002893447875977,36.99,67.6010513305664,1177.0,0.0,1367.0,0.0233865492045879,100.0,59.711708068847656,222.0,0.0
3210,0.0,1892.0,13.002893447875977,36.99,67.6010513305664,1177.0,0.0,1367.0,0.0233865492045879,100.0,59.711708068847656,222.0,0.0
3211,0.0,1892.0,16.46208381652832,36.99,70.6948013305664,2071.0,0.0,1367.0,0.1488640457391739,100.0,60.0174674987793,495.0,0.0
3212,0.0,1892.0,16.46208381652832,36.99,70.6948013305664,2071.0,0.0,1367.0,0.1488640457391739,100.0,60.0174674987793,495.0,0.0
3213,0.0,1892.0,16.46208381652832,36.99,70.6948013305664,2071.0,0.0,1367.0,0.1488640457391739,100.0,60.0174674987793,495.0,0.0
3214,0.0,1892.0,16.46208381652832,36.99,70.6948013305664,2071.0,0.0,1367.0,0.1488640457391739,100.0,60.0174674987793,495.0,0.0
3215,0.0,1892.0,16.46208381652832,36.99,70.6948013305664,2071.0,0.0,1367.0,0.1488640457391739,100.0,60.0174674987793,495.0,0.0
3216,0.0,1892.0,16.063697814941406,36.99,71.5052261352539,1751.0,0.0,1367.0,0.0786721110343933,100.0,60.171669006347656,256.0,0.0
3217,0.0,1892.0,16.063697814941406,36.99,71.5052261352539,1751.0,0.0,1367.0,0.0786721110343933,100.0,60.171669006347656,256.0,0.0
3218,0.0,1892.0,16.063697814941406,36.99,71.5052261352539,1751.0,0.0,1367.0,0.0786721110343933,100.0,60.171669006347656,256.0,0.0
3219,0.0,1892.0,16.063697814941406,36.99,71.5052261352539,1751.0,0.0,1367.0,0.0786721110343933,100.0,60.171669006347656,256.0,0.0
3220,0.0,1892.0,16.063697814941406,36.99,71.5052261352539,1751.0,0.0,1367.0,0.0786721110343933,100.0,60.171669006347656,256.0,0.0
3221,0.0,1892.0,13.798151016235352,36.99,70.91062927246094,1775.0,0.0,1367.0,0.0868232250213623,100.0,60.199119567871094,480.0,0.0
3222,0.0,1892.0,13.798151016235352,36.99,70.91062927246094,1775.0,0.0,1367.0,0.0868232250213623,100.0,60.199119567871094,480.0,0.0
3223,0.0,1892.0,13.798151016235352,36.99,70.91062927246094,1775.0,0.0,1367.0,0.0868232250213623,100.0,60.199119567871094,480.0,0.0
3224,0.0,1892.0,13.798151016235352,36.99,70.91062927246094,1775.0,0.0,1367.0,0.0868232250213623,100.0,60.199119567871094,480.0,0.0
3225,0.0,1892.0,13.798151016235352,36.99,70.91062927246094,1775.0,0.0,1367.0,0.0868232250213623,100.0,60.199119567871094,480.0,0.0
3226,0.0,1892.0,14.120485305786133,36.99,68.356201171875,1684.0,0.0,1367.0,0.0535349510610103,100.0,59.96632766723633,333.0,0.0
3227,0.0,1892.0,14.120485305786133,36.99,68.356201171875,1684.0,0.0,1367.0,0.0535349510610103,100.0,59.96632766723633,333.0,0.0
3228,0.0,1892.0,14.120485305786133,36.99,68.356201171875,1684.0,0.0,1367.0,0.0535349510610103,100.0,59.96632766723633,333.0,0.0
3229,0.0,1892.0,14.120485305786133,36.99,68.356201171875,1684.0,0.0,1367.0,0.0535349510610103,100.0,59.96632766723633,333.0,0.0
3230,0.0,1892.0,14.120485305786133,36.99,68.356201171875,1684.0,0.0,1367.0,0.0535349510610103,100.0,59.96632766723633,333.0,0.0
3231,0.0,1892.0,15.841655731201172,36.99,70.84105682373047,2071.0,0.0,1367.0,0.1490335911512375,100.0,60.019287109375,444.0,0.0
3232,0.0,1892.0,15.841655731201172,36.99,70.84105682373047,2071.0,0.0,1367.0,0.1490335911512375,100.0,60.019287109375,444.0,0.0
3233,0.0,1892.0,15.841655731201172,36.99,70.84105682373047,2071.0,0.0,1367.0,0.1490335911512375,100.0,60.019287109375,444.0,0.0
3234,0.0,1892.0,15.841655731201172,36.99,70.84105682373047,2071.0,0.0,1367.0,0.1490335911512375,100.0,60.019287109375,444.0,0.0
3235,0.0,1892.0,15.841655731201172,36.99,70.84105682373047,2071.0,0.0,1367.0,0.1490335911512375,100.0,60.019287109375,444.0,0.0
3236,0.0,1892.0,14.481172561645508,36.99,71.5362319946289,2139.0,0.0,1367.0,0.0689441263675689,100.0,60.3350715637207,444.0,0.0
3237,0.0,1892.0,14.481172561645508,36.99,71.5362319946289,2139.0,0.0,1367.0,0.0689441263675689,100.0,60.3350715637207,444.0,0.0
3238,0.0,1892.0,14.481172561645508,36.99,71.5362319946289,2139.0,0.0,1367.0,0.0689441263675689,100.0,60.3350715637207,444.0,0.0
3239,0.0,1892.0,14.481172561645508,36.99,71.5362319946289,2139.0,0.0,1367.0,0.0689441263675689,100.0,60.3350715637207,444.0,0.0
3240,0.0,1892.0,14.481172561645508,36.99,71.5362319946289,2139.0,0.0,1367.0,0.0689441263675689,100.0,60.3350715637207,444.0,0.0
3241,0.0,1892.0,14.481172561645508,36.99,71.5362319946289,2139.0,0.0,1367.0,0.0689441263675689,100.0,60.3350715637207,444.0,0.0
3242,0.0,1892.0,14.650534629821776,36.99,70.56586456298828,1801.0,0.0,1367.0,0.3857749402523041,100.0,60.405250549316406,444.0,0.0
3243,0.0,1892.0,14.650534629821776,36.99,70.56586456298828,1801.0,0.0,1367.0,0.3857749402523041,100.0,60.405250549316406,444.0,0.0
3244,0.0,1892.0,14.650534629821776,36.99,70.56586456298828,1801.0,0.0,1367.0,0.3857749402523041,100.0,60.405250549316406,444.0,0.0
3245,0.0,1892.0,14.650534629821776,36.99,70.56586456298828,1801.0,0.0,1367.0,0.3857749402523041,100.0,60.405250549316406,444.0,0.0
3246,0.0,1892.0,14.650534629821776,36.99,70.56586456298828,1801.0,0.0,1367.0,0.3857749402523041,100.0,60.405250549316406,444.0,0.0
3247,0.0,1892.0,16.040082931518555,36.99,71.1237564086914,2024.0,0.0,1367.0,0.4427129626274109,100.0,60.56049728393555,477.0,0.0
3248,0.0,1892.0,16.040082931518555,36.99,71.1237564086914,2024.0,0.0,1367.0,0.4427129626274109,100.0,60.56049728393555,477.0,0.0
3249,0.0,1892.0,16.040082931518555,36.99,71.1237564086914,2024.0,0.0,1367.0,0.4427129626274109,100.0,60.56049728393555,477.0,0.0
3250,0.0,1892.0,16.040082931518555,36.99,71.1237564086914,2024.0,0.0,1367.0,0.4427129626274109,100.0,60.56049728393555,477.0,0.0
3251,0.0,1892.0,16.040082931518555,36.99,71.1237564086914,2024.0,0.0,1367.0,0.4427129626274109,100.0,60.56049728393555,477.0,0.0
3252,0.0,1892.0,13.504850387573242,36.99,70.21916198730469,2268.0,0.0,1367.0,0.0687834471464157,100.0,60.230018615722656,444.0,0.0
3253,0.0,1892.0,13.504850387573242,36.99,70.21916198730469,2268.0,0.0,1367.0,0.0687834471464157,100.0,60.230018615722656,444.0,0.0
3254,0.0,1892.0,13.504850387573242,36.99,70.21916198730469,2268.0,0.0,1367.0,0.0687834471464157,100.0,60.230018615722656,444.0,0.0
3255,0.0,1892.0,13.504850387573242,36.99,70.21916198730469,2268.0,0.0,1367.0,0.0687834471464157,100.0,60.230018615722656,444.0,0.0
3256,0.0,1892.0,13.504850387573242,36.99,70.21916198730469,2268.0,0.0,1367.0,0.0687834471464157,100.0,60.230018615722656,444.0,0.0
3257,0.0,1892.0,17.154977798461914,36.99,72.70852661132812,1917.0,0.0,1367.0,0.4274687767028808,100.0,60.881500244140625,461.0,0.0
3258,0.0,1892.0,17.154977798461914,36.99,72.70852661132812,1917.0,0.0,1367.0,0.4274687767028808,100.0,60.881500244140625,461.0,0.0
3259,0.0,1892.0,17.154977798461914,36.99,72.70852661132812,1917.0,0.0,1367.0,0.4274687767028808,100.0,60.881500244140625,461.0,0.0
3260,0.0,1892.0,17.154977798461914,36.99,72.70852661132812,1917.0,0.0,1367.0,0.4274687767028808,100.0,60.881500244140625,461.0,0.0
3261,0.0,1892.0,17.154977798461914,36.99,72.70852661132812,1917.0,0.0,1367.0,0.4274687767028808,100.0,60.881500244140625,461.0,0.0
3262,0.0,1892.0,14.30525016784668,36.99,71.63156127929688,1795.0,0.0,1367.0,0.2782886326313019,100.0,60.96966552734375,462.0,0.0
3263,0.0,1892.0,14.30525016784668,36.99,71.63156127929688,1795.0,0.0,1367.0,0.2782886326313019,100.0,60.96966552734375,462.0,0.0
3264,0.0,1892.0,14.30525016784668,36.99,71.63156127929688,1795.0,0.0,1367.0,0.2782886326313019,100.0,60.96966552734375,462.0,0.0
3265,0.0,1892.0,14.30525016784668,36.99,71.63156127929688,1795.0,0.0,1367.0,0.2782886326313019,100.0,60.96966552734375,462.0,0.0
3266,0.0,1892.0,14.30525016784668,36.99,71.63156127929688,1795.0,0.0,1367.0,0.2782886326313019,100.0,60.96966552734375,462.0,0.0
3267,0.0,1892.0,16.071823120117188,36.99,71.48234558105469,2383.0,0.0,1367.0,0.1501989364624023,100.0,60.53826141357422,444.0,0.0
3268,0.0,1892.0,16.071823120117188,36.99,71.48234558105469,2383.0,0.0,1367.0,0.1501989364624023,100.0,60.53826141357422,444.0,0.0
3269,0.0,1892.0,16.071823120117188,36.99,71.48234558105469,2383.0,0.0,1367.0,0.1501989364624023,100.0,60.53826141357422,444.0,0.0
3270,0.0,1892.0,16.071823120117188,36.99,71.48234558105469,2383.0,0.0,1367.0,0.1501989364624023,100.0,60.53826141357422,444.0,0.0
3271,0.0,1892.0,16.071823120117188,36.99,71.48234558105469,2383.0,0.0,1367.0,0.1501989364624023,100.0,60.53826141357422,444.0,0.0
3272,0.0,1892.0,15.436595916748049,36.99,72.26718139648438,2079.0,0.0,1367.0,0.0971109122037887,100.0,60.8494873046875,444.0,0.0
3273,0.0,1892.0,15.436595916748049,36.99,72.26718139648438,2079.0,0.0,1367.0,0.0971109122037887,100.0,60.8494873046875,444.0,0.0
3274,0.0,1892.0,15.436595916748049,36.99,72.26718139648438,2079.0,0.0,1367.0,0.0971109122037887,100.0,60.8494873046875,444.0,0.0
3275,0.0,1892.0,15.436595916748049,36.99,72.26718139648438,2079.0,0.0,1367.0,0.0971109122037887,100.0,60.8494873046875,444.0,0.0
3276,0.0,1892.0,15.436595916748049,36.99,72.26718139648438,2079.0,0.0,1367.0,0.0971109122037887,100.0,60.8494873046875,444.0,0.0
3277,0.0,1892.0,15.300695419311523,36.99,71.16984558105469,1995.0,0.0,1367.0,0.1365692019462585,100.0,60.62348556518555,456.0,0.0
3278,0.0,1892.0,15.300695419311523,36.99,71.16984558105469,1995.0,0.0,1367.0,0.1365692019462585,100.0,60.62348556518555,456.0,0.0
3279,0.0,1892.0,15.300695419311523,36.99,71.16984558105469,1995.0,0.0,1367.0,0.1365692019462585,100.0,60.62348556518555,456.0,0.0
3280,0.0,1892.0,15.300695419311523,36.99,71.16984558105469,1995.0,0.0,1367.0,0.1365692019462585,100.0,60.62348556518555,456.0,0.0
3281,0.0,1892.0,15.300695419311523,36.99,71.16984558105469,1995.0,0.0,1367.0,0.1365692019462585,100.0,60.62348556518555,456.0,0.0
3282,0.0,1892.0,17.072725296020508,36.99,72.78189086914062,2078.0,0.0,1367.0,0.462155669927597,100.0,61.0691032409668,564.0,0.0
3283,0.0,1892.0,17.072725296020508,36.99,72.78189086914062,2078.0,0.0,1367.0,0.462155669927597,100.0,61.0691032409668,564.0,0.0
3284,0.0,1892.0,17.072725296020508,36.99,72.78189086914062,2078.0,0.0,1367.0,0.462155669927597,100.0,61.0691032409668,564.0,0.0
3285,0.0,1892.0,17.072725296020508,36.99,72.78189086914062,2078.0,0.0,1367.0,0.462155669927597,100.0,61.0691032409668,564.0,0.0
3286,0.0,1892.0,17.072725296020508,36.99,72.78189086914062,2078.0,0.0,1367.0,0.462155669927597,100.0,61.0691032409668,564.0,0.0
3287,0.0,1892.0,17.072725296020508,36.99,72.78189086914062,2078.0,0.0,1367.0,0.462155669927597,100.0,61.0691032409668,564.0,0.0
3288,0.0,1892.0,16.85555076599121,36.99,73.28224182128906,2125.0,0.0,1367.0,0.3966953456401825,100.0,61.28346633911133,490.0,0.0
3289,0.0,1892.0,16.85555076599121,36.99,73.28224182128906,2125.0,0.0,1367.0,0.3966953456401825,100.0,61.28346633911133,490.0,0.0
3290,0.0,1892.0,16.85555076599121,36.99,73.28224182128906,2125.0,0.0,1367.0,0.3966953456401825,100.0,61.28346633911133,490.0,0.0
3291,0.0,1892.0,16.85555076599121,36.99,73.28224182128906,2125.0,0.0,1367.0,0.3966953456401825,100.0,61.28346633911133,490.0,0.0
3292,0.0,1892.0,16.85555076599121,36.99,73.28224182128906,2125.0,0.0,1367.0,0.3966953456401825,100.0,61.28346633911133,490.0,0.0
3293,0.0,1892.0,14.535531044006348,36.99,71.41983795166016,2061.0,0.0,1367.0,0.1268074959516525,100.0,60.99644088745117,462.0,0.0
3294,0.0,1892.0,14.535531044006348,36.99,71.41983795166016,2061.0,0.0,1367.0,0.1268074959516525,100.0,60.99644088745117,462.0,0.0
3295,0.0,1892.0,14.535531044006348,36.99,71.41983795166016,2061.0,0.0,1367.0,0.1268074959516525,100.0,60.99644088745117,462.0,0.0
3296,0.0,1892.0,14.535531044006348,36.99,71.41983795166016,2061.0,0.0,1367.0,0.1268074959516525,100.0,60.99644088745117,462.0,0.0
3297,0.0,1892.0,14.535531044006348,36.99,71.41983795166016,2061.0,0.0,1367.0,0.1268074959516525,100.0,60.99644088745117,462.0,0.0
3298,0.0,1892.0,16.337156295776367,36.99,72.77971649169922,1863.0,0.0,1367.0,0.4318514764308929,100.0,61.32238006591797,461.0,0.0
3299,0.0,1892.0,16.337156295776367,36.99,72.77971649169922,1863.0,0.0,1367.0,0.4318514764308929,100.0,61.32238006591797,461.0,0.0
3300,0.0,1892.0,16.337156295776367,36.99,72.77971649169922,1863.0,0.0,1367.0,0.4318514764308929,100.0,61.32238006591797,461.0,0.0
3301,0.0,1892.0,16.337156295776367,36.99,72.77971649169922,1863.0,0.0,1367.0,0.4318514764308929,100.0,61.32238006591797,461.0,0.0
3302,0.0,1892.0,16.337156295776367,36.99,72.77971649169922,1863.0,0.0,1367.0,0.4318514764308929,100.0,61.32238006591797,461.0,0.0
3303,0.0,1892.0,14.709890365600586,36.99,72.19844055175781,2014.0,0.0,1367.0,0.4772754311561584,100.0,61.29052734375,484.0,0.0
3304,0.0,1892.0,14.709890365600586,36.99,72.19844055175781,2014.0,0.0,1367.0,0.4772754311561584,100.0,61.29052734375,484.0,0.0
3305,0.0,1892.0,14.709890365600586,36.99,72.19844055175781,2014.0,0.0,1367.0,0.4772754311561584,100.0,61.29052734375,484.0,0.0
3306,0.0,1892.0,14.709890365600586,36.99,72.19844055175781,2014.0,0.0,1367.0,0.4772754311561584,100.0,61.29052734375,484.0,0.0
3307,0.0,1892.0,14.709890365600586,36.99,72.19844055175781,2014.0,0.0,1367.0,0.4772754311561584,100.0,61.29052734375,484.0,0.0
3308,0.0,1892.0,13.026941299438477,36.99,71.12227630615234,1954.0,0.0,1367.0,0.1216744929552078,100.0,61.33564376831055,499.0,0.0
3309,0.0,1892.0,13.026941299438477,36.99,71.12227630615234,1954.0,0.0,1367.0,0.1216744929552078,100.0,61.33564376831055,499.0,0.0
3310,0.0,1892.0,13.026941299438477,36.99,71.12227630615234,1954.0,0.0,1367.0,0.1216744929552078,100.0,61.33564376831055,499.0,0.0
3311,0.0,1892.0,13.026941299438477,36.99,71.12227630615234,1954.0,0.0,1367.0,0.1216744929552078,100.0,61.33564376831055,499.0,0.0
3312,0.0,1892.0,13.026941299438477,36.99,71.12227630615234,1954.0,0.0,1367.0,0.1216744929552078,100.0,61.33564376831055,499.0,0.0
3313,0.0,1892.0,14.330110549926758,36.99,69.97836303710938,1907.0,0.0,1367.0,0.3326322734355926,100.0,60.796241760253906,556.0,0.0
3314,0.0,1892.0,14.330110549926758,36.99,69.97836303710938,1907.0,0.0,1367.0,0.3326322734355926,100.0,60.796241760253906,556.0,0.0
3315,0.0,1892.0,14.330110549926758,36.99,69.97836303710938,1907.0,0.0,1367.0,0.3326322734355926,100.0,60.796241760253906,556.0,0.0
3316,0.0,1892.0,14.330110549926758,36.99,69.97836303710938,1907.0,0.0,1367.0,0.3326322734355926,100.0,60.796241760253906,556.0,0.0
3317,0.0,1892.0,14.330110549926758,36.99,69.97836303710938,1907.0,0.0,1367.0,0.3326322734355926,100.0,60.796241760253906,556.0,0.0
3318,0.0,1892.0,12.738417625427246,36.99,70.48786163330078,1242.0,0.0,1367.0,0.0624937191605567,100.0,61.08344650268555,154.0,0.0
3319,0.0,1892.0,12.738417625427246,36.99,70.48786163330078,1242.0,0.0,1367.0,0.0624937191605567,100.0,61.08344650268555,154.0,0.0
3320,0.0,1892.0,12.738417625427246,36.99,70.48786163330078,1242.0,0.0,1367.0,0.0624937191605567,100.0,61.08344650268555,154.0,0.0
3321,0.0,1892.0,12.738417625427246,36.99,70.48786163330078,1242.0,0.0,1367.0,0.0624937191605567,100.0,61.08344650268555,154.0,0.0
3322,0.0,1892.0,12.738417625427246,36.99,70.48786163330078,1242.0,0.0,1367.0,0.0624937191605567,100.0,61.08344650268555,154.0,0.0
3323,0.0,1892.0,12.563315391540527,36.99,68.62518310546875,1130.0,0.0,1367.0,0.0026405833195894,100.0,60.585662841796875,111.0,0.0
3324,0.0,1892.0,12.563315391540527,36.99,68.62518310546875,1130.0,0.0,1367.0,0.0026405833195894,100.0,60.585662841796875,111.0,0.0
3325,0.0,1892.0,12.563315391540527,36.99,68.62518310546875,1130.0,0.0,1367.0,0.0026405833195894,100.0,60.585662841796875,111.0,0.0
3326,0.0,1892.0,12.563315391540527,36.99,68.62518310546875,1130.0,0.0,1367.0,0.0026405833195894,100.0,60.585662841796875,111.0,0.0
3327,0.0,1892.0,12.563315391540527,36.99,68.62518310546875,1130.0,0.0,1367.0,0.0026405833195894,100.0,60.585662841796875,111.0,0.0
3328,0.0,1892.0,12.70233154296875,36.99,67.69865417480469,1119.0,0.0,1367.0,0.000838489329908,100.0,60.34607696533203,111.0,0.0
3329,0.0,1892.0,12.70233154296875,36.99,67.69865417480469,1119.0,0.0,1367.0,0.000838489329908,100.0,60.34607696533203,111.0,0.0
3330,0.0,1892.0,12.70233154296875,36.99,67.69865417480469,1119.0,0.0,1367.0,0.000838489329908,100.0,60.34607696533203,111.0,0.0
3331,0.0,1892.0,12.70233154296875,36.99,67.69865417480469,1119.0,0.0,1367.0,0.000838489329908,100.0,60.34607696533203,111.0,0.0
3332,0.0,1892.0,12.70233154296875,36.99,67.69865417480469,1119.0,0.0,1367.0,0.000838489329908,100.0,60.34607696533203,111.0,0.0
3333,0.0,1892.0,12.582655906677246,36.99,67.71099853515625,1081.0,0.0,1367.0,0.0,100.0,60.40857696533203,0.0,0.0
3334,0.0,1892.0,12.582655906677246,36.99,67.71099853515625,1081.0,0.0,1367.0,0.0,100.0,60.40857696533203,0.0,0.0
3335,0.0,1892.0,12.582655906677246,36.99,67.71099853515625,1081.0,0.0,1367.0,0.0,100.0,60.40857696533203,0.0,0.0
3336,0.0,1892.0,12.582655906677246,36.99,67.71099853515625,1081.0,0.0,1367.0,0.0,100.0,60.40857696533203,0.0,0.0
3337,0.0,1892.0,12.582655906677246,36.99,67.71099853515625,1081.0,0.0,1367.0,0.0,100.0,60.40857696533203,0.0,0.0
3338,0.0,1892.0,12.582655906677246,36.99,67.71099853515625,1081.0,0.0,1367.0,0.0,100.0,60.40857696533203,0.0,0.0
3339,0.0,1892.0,12.633965492248535,36.99,67.17298889160156,1189.0,0.0,1367.0,0.0,100.0,5.8734002113342285,0.0,0.0
3340,0.0,1892.0,12.633965492248535,36.99,67.17298889160156,1189.0,0.0,1367.0,0.0,100.0,5.8734002113342285,0.0,0.0
3341,0.0,1892.0,12.633965492248535,36.99,67.17298889160156,1189.0,0.0,1367.0,0.0,100.0,5.8734002113342285,0.0,0.0
3342,0.0,1892.0,12.633965492248535,36.99,67.17298889160156,1189.0,0.0,1367.0,0.0,100.0,5.8734002113342285,0.0,0.0
3343,0.0,1892.0,12.633965492248535,36.99,67.17298889160156,1189.0,0.0,1367.0,0.0,100.0,5.8734002113342285,0.0,0.0
3344,0.0,1892.0,12.744085311889648,36.99,67.2283935546875,1297.0,0.0,1367.0,0.0,100.0,5.8734002113342285,0.0,0.0
3345,0.0,1892.0,12.744085311889648,36.99,67.2283935546875,1297.0,0.0,1367.0,0.0,100.0,5.8734002113342285,0.0,0.0
3346,0.0,1892.0,12.744085311889648,36.99,67.2283935546875,1297.0,0.0,1367.0,0.0,100.0,5.8734002113342285,0.0,0.0
3347,0.0,1892.0,12.744085311889648,36.99,67.2283935546875,1297.0,0.0,1367.0,0.0,100.0,5.8734002113342285,0.0,0.0
3348,0.0,1892.0,12.744085311889648,36.99,67.2283935546875,1297.0,0.0,1367.0,0.0,100.0,5.8734002113342285,0.0,0.0
3349,0.0,1892.0,12.785931587219238,36.99,68.33341979980469,1357.0,0.0,1367.0,0.0003995147999376,100.0,60.16170120239258,111.0,0.0
3350,0.0,1892.0,12.785931587219238,36.99,68.33341979980469,1357.0,0.0,1367.0,0.0003995147999376,100.0,60.16170120239258,111.0,0.0
3351,0.0,1892.0,12.785931587219238,36.99,68.33341979980469,1357.0,0.0,1367.0,0.0003995147999376,100.0,60.16170120239258,111.0,0.0
3352,0.0,1892.0,12.785931587219238,36.99,68.33341979980469,1357.0,0.0,1367.0,0.0003995147999376,100.0,60.16170120239258,111.0,0.0
3353,0.0,1892.0,12.785931587219238,36.99,68.33341979980469,1357.0,0.0,1367.0,0.0003995147999376,100.0,60.16170120239258,111.0,0.0
3354,0.0,1892.0,12.790231704711914,36.99,67.39795684814453,1094.0,0.0,1367.0,0.0010991647141054,100.0,5.8734002113342285,222.0,0.0
3355,0.0,1892.0,12.790231704711914,36.99,67.39795684814453,1094.0,0.0,1367.0,0.0010991647141054,100.0,5.8734002113342285,222.0,0.0
3356,0.0,1892.0,12.790231704711914,36.99,67.39795684814453,1094.0,0.0,1367.0,0.0010991647141054,100.0,5.8734002113342285,222.0,0.0
3357,0.0,1892.0,12.790231704711914,36.99,67.39795684814453,1094.0,0.0,1367.0,0.0010991647141054,100.0,5.8734002113342285,222.0,0.0
3358,0.0,1892.0,12.790231704711914,36.99,67.39795684814453,1094.0,0.0,1367.0,0.0010991647141054,100.0,5.8734002113342285,222.0,0.0
3359,0.0,1892.0,12.69947338104248,36.99,68.06063079833984,1085.0,0.0,1367.0,0.0,100.0,60.21586990356445,0.0,0.0
3360,0.0,1892.0,12.69947338104248,36.99,68.06063079833984,1085.0,0.0,1367.0,0.0,100.0,60.21586990356445,0.0,0.0
3361,0.0,1892.0,12.69947338104248,36.99,68.06063079833984,1085.0,0.0,1367.0,0.0,100.0,60.21586990356445,0.0,0.0
3362,0.0,1892.0,12.69947338104248,36.99,68.06063079833984,1085.0,0.0,1367.0,0.0,100.0,60.21586990356445,0.0,0.0
3363,0.0,1892.0,12.69947338104248,36.99,68.06063079833984,1085.0,0.0,1367.0,0.0,100.0,60.21586990356445,0.0,0.0
3364,0.0,1892.0,12.819168090820312,36.99,67.09271240234375,1186.0,0.0,1367.0,0.0,100.0,5.8734002113342285,0.0,0.0
3365,0.0,1892.0,12.819168090820312,36.99,67.09271240234375,1186.0,0.0,1367.0,0.0,100.0,5.8734002113342285,0.0,0.0
3366,0.0,1892.0,12.819168090820312,36.99,67.09271240234375,1186.0,0.0,1367.0,0.0,100.0,5.8734002113342285,0.0,0.0
3367,0.0,1892.0,12.819168090820312,36.99,67.09271240234375,1186.0,0.0,1367.0,0.0,100.0,5.8734002113342285,0.0,0.0
3368,0.0,1892.0,12.819168090820312,36.99,67.09271240234375,1186.0,0.0,1367.0,0.0,100.0,5.8734002113342285,0.0,0.0
3369,0.0,1892.0,12.653942108154297,36.99,67.12718963623047,1094.0,0.0,1367.0,0.0,100.0,5.8734002113342285,0.0,0.0
3370,0.0,1892.0,12.653942108154297,36.99,67.12718963623047,1094.0,0.0,1367.0,0.0,100.0,5.8734002113342285,0.0,0.0
3371,0.0,1892.0,12.653942108154297,36.99,67.12718963623047,1094.0,0.0,1367.0,0.0,100.0,5.8734002113342285,0.0,0.0
3372,0.0,1892.0,12.653942108154297,36.99,67.12718963623047,1094.0,0.0,1367.0,0.0,100.0,5.8734002113342285,0.0,0.0
3373,0.0,1892.0,12.653942108154297,36.99,67.12718963623047,1094.0,0.0,1367.0,0.0,100.0,5.8734002113342285,0.0,0.0
3374,0.0,1892.0,12.979649543762209,36.99,68.45802307128906,1219.0,0.0,1367.0,0.0003774108190555,100.0,59.938262939453125,111.0,0.0
3375,0.0,1892.0,12.979649543762209,36.99,68.45802307128906,1219.0,0.0,1367.0,0.0003774108190555,100.0,59.938262939453125,111.0,0.0
3376,0.0,1892.0,12.979649543762209,36.99,68.45802307128906,1219.0,0.0,1367.0,0.0003774108190555,100.0,59.938262939453125,111.0,0.0
3377,0.0,1892.0,12.979649543762209,36.99,68.45802307128906,1219.0,0.0,1367.0,0.0003774108190555,100.0,59.938262939453125,111.0,0.0
3378,0.0,1892.0,12.979649543762209,36.99,68.45802307128906,1219.0,0.0,1367.0,0.0003774108190555,100.0,59.938262939453125,111.0,0.0
3379,0.0,1892.0,12.757760047912598,36.99,68.42813110351562,1524.0,0.0,1367.0,0.0613036341965198,100.0,59.93350982666016,333.0,0.0
3380,0.0,1892.0,12.757760047912598,36.99,68.42813110351562,1524.0,0.0,1367.0,0.0613036341965198,100.0,59.93350982666016,333.0,0.0
3381,0.0,1892.0,12.757760047912598,36.99,68.42813110351562,1524.0,0.0,1367.0,0.0613036341965198,100.0,59.93350982666016,333.0,0.0
3382,0.0,1892.0,12.757760047912598,36.99,68.42813110351562,1524.0,0.0,1367.0,0.0613036341965198,100.0,59.93350982666016,333.0,0.0
3383,0.0,1892.0,12.757760047912598,36.99,68.42813110351562,1524.0,0.0,1367.0,0.0613036341965198,100.0,59.93350982666016,333.0,0.0
3384,0.0,1892.0,12.507134437561035,36.99,66.79695129394531,1123.0,0.0,1367.0,0.0,100.0,5.8734002113342285,0.0,0.0
3385,0.0,1892.0,12.507134437561035,36.99,66.79695129394531,1123.0,0.0,1367.0,0.0,100.0,5.8734002113342285,0.0,0.0
3386,0.0,1892.0,12.507134437561035,36.99,66.79695129394531,1123.0,0.0,1367.0,0.0,100.0,5.8734002113342285,0.0,0.0
3387,0.0,1892.0,12.507134437561035,36.99,66.79695129394531,1123.0,0.0,1367.0,0.0,100.0,5.8734002113342285,0.0,0.0
3388,0.0,1892.0,12.507134437561035,36.99,66.79695129394531,1123.0,0.0,1367.0,0.0,100.0,5.8734002113342285,0.0,0.0
3389,0.0,1892.0,12.507134437561035,36.99,66.79695129394531,1123.0,0.0,1367.0,0.0,100.0,5.8734002113342285,0.0,0.0
3390,0.0,1892.0,12.965063095092772,36.99,68.36376190185547,1946.0,0.0,1367.0,0.1620901674032211,100.0,59.91078567504883,490.0,0.0
3391,0.0,1892.0,12.965063095092772,36.99,68.36376190185547,1946.0,0.0,1367.0,0.1620901674032211,100.0,59.91078567504883,490.0,0.0
3392,0.0,1892.0,12.965063095092772,36.99,68.36376190185547,1946.0,0.0,1367.0,0.1620901674032211,100.0,59.91078567504883,490.0,0.0
3393,0.0,1892.0,12.965063095092772,36.99,68.36376190185547,1946.0,0.0,1367.0,0.1620901674032211,100.0,59.91078567504883,490.0,0.0
3394,0.0,1892.0,12.965063095092772,36.99,68.36376190185547,1946.0,0.0,1367.0,0.1620901674032211,100.0,59.91078567504883,490.0,0.0
3395,0.0,1892.0,12.458868026733398,36.99,67.679931640625,1509.0,0.0,1367.0,0.0168118588626384,100.0,59.92732620239258,384.0,0.0
3396,0.0,1892.0,12.458868026733398,36.99,67.679931640625,1509.0,0.0,1367.0,0.0168118588626384,100.0,59.92732620239258,384.0,0.0
3397,0.0,1892.0,12.458868026733398,36.99,67.679931640625,1509.0,0.0,1367.0,0.0168118588626384,100.0,59.92732620239258,384.0,0.0
3398,0.0,1892.0,12.458868026733398,36.99,67.679931640625,1509.0,0.0,1367.0,0.0168118588626384,100.0,59.92732620239258,384.0,0.0
3399,0.0,1892.0,12.458868026733398,36.99,67.679931640625,1509.0,0.0,1367.0,0.0168118588626384,100.0,59.92732620239258,384.0,0.0
3400,0.0,1892.0,12.55714988708496,36.99,68.35887145996094,1562.0,0.0,1367.0,0.0046515488065779,100.0,59.753021240234375,354.0,0.0
3401,0.0,1892.0,12.55714988708496,36.99,68.35887145996094,1562.0,0.0,1367.0,0.0046515488065779,100.0,59.753021240234375,354.0,0.0
3402,0.0,1892.0,12.55714988708496,36.99,68.35887145996094,1562.0,0.0,1367.0,0.0046515488065779,100.0,59.753021240234375,354.0,0.0
3403,0.0,1892.0,12.55714988708496,36.99,68.35887145996094,1562.0,0.0,1367.0,0.0046515488065779,100.0,59.753021240234375,354.0,0.0
3404,0.0,1892.0,12.55714988708496,36.99,68.35887145996094,1562.0,0.0,1367.0,0.0046515488065779,100.0,59.753021240234375,354.0,0.0
3405,0.0,1892.0,12.602097511291504,36.99,68.84288787841797,1776.0,0.0,1367.0,0.0577991232275962,100.0,59.8074951171875,444.0,0.0
3406,0.0,1892.0,12.602097511291504,36.99,68.84288787841797,1776.0,0.0,1367.0,0.0577991232275962,100.0,59.8074951171875,444.0,0.0
3407,0.0,1892.0,12.602097511291504,36.99,68.84288787841797,1776.0,0.0,1367.0,0.0577991232275962,100.0,59.8074951171875,444.0,0.0
3408,0.0,1892.0,12.602097511291504,36.99,68.84288787841797,1776.0,0.0,1367.0,0.0577991232275962,100.0,59.8074951171875,444.0,0.0
3409,0.0,1892.0,12.602097511291504,36.99,68.84288787841797,1776.0,0.0,1367.0,0.0577991232275962,100.0,59.8074951171875,444.0,0.0
3410,0.0,1892.0,16.550739288330078,36.99,70.99202728271484,1983.0,0.0,1367.0,0.4628977179527282,100.0,60.19795608520508,473.0,0.0
3411,0.0,1892.0,16.550739288330078,36.99,70.99202728271484,1983.0,0.0,1367.0,0.4628977179527282,100.0,60.19795608520508,473.0,0.0
3412,0.0,1892.0,16.550739288330078,36.99,70.99202728271484,1983.0,0.0,1367.0,0.4628977179527282,100.0,60.19795608520508,473.0,0.0
3413,0.0,1892.0,16.550739288330078,36.99,70.99202728271484,1983.0,0.0,1367.0,0.4628977179527282,100.0,60.19795608520508,473.0,0.0
3414,0.0,1892.0,16.550739288330078,36.99,70.99202728271484,1983.0,0.0,1367.0,0.4628977179527282,100.0,60.19795608520508,473.0,0.0
3415,0.0,1892.0,16.667892456054688,36.99,72.01664733886719,1967.0,0.0,1367.0,0.2276241332292556,100.0,60.615203857421875,444.0,0.0
3416,0.0,1892.0,16.667892456054688,36.99,72.01664733886719,1967.0,0.0,1367.0,0.2276241332292556,100.0,60.615203857421875,444.0,0.0
3417,0.0,1892.0,16.667892456054688,36.99,72.01664733886719,1967.0,0.0,1367.0,0.2276241332292556,100.0,60.615203857421875,444.0,0.0
3418,0.0,1892.0,16.667892456054688,36.99,72.01664733886719,1967.0,0.0,1367.0,0.2276241332292556,100.0,60.615203857421875,444.0,0.0
3419,0.0,1892.0,16.667892456054688,36.99,72.01664733886719,1967.0,0.0,1367.0,0.2276241332292556,100.0,60.615203857421875,444.0,0.0
3420,0.0,1892.0,12.72822380065918,36.99,71.04210662841797,1998.0,0.0,1367.0,0.0682206824421882,100.0,60.35587692260742,444.0,0.0
3421,0.0,1892.0,12.72822380065918,36.99,71.04210662841797,1998.0,0.0,1367.0,0.0682206824421882,100.0,60.35587692260742,444.0,0.0
3422,0.0,1892.0,12.72822380065918,36.99,71.04210662841797,1998.0,0.0,1367.0,0.0682206824421882,100.0,60.35587692260742,444.0,0.0
3423,0.0,1892.0,12.72822380065918,36.99,71.04210662841797,1998.0,0.0,1367.0,0.0682206824421882,100.0,60.35587692260742,444.0,0.0
3424,0.0,1892.0,12.72822380065918,36.99,71.04210662841797,1998.0,0.0,1367.0,0.0682206824421882,100.0,60.35587692260742,444.0,0.0
3425,0.0,1892.0,15.616222381591797,36.99,71.12599182128906,2159.0,0.0,1367.0,0.1640484035015106,100.0,60.329742431640625,444.0,0.0
3426,0.0,1892.0,15.616222381591797,36.99,71.12599182128906,2159.0,0.0,1367.0,0.1640484035015106,100.0,60.329742431640625,444.0,0.0
3427,0.0,1892.0,15.616222381591797,36.99,71.12599182128906,2159.0,0.0,1367.0,0.1640484035015106,100.0,60.329742431640625,444.0,0.0
3428,0.0,1892.0,15.616222381591797,36.99,71.12599182128906,2159.0,0.0,1367.0,0.1640484035015106,100.0,60.329742431640625,444.0,0.0
3429,0.0,1892.0,15.616222381591797,36.99,71.12599182128906,2159.0,0.0,1367.0,0.1640484035015106,100.0,60.329742431640625,444.0,0.0
3430,0.0,1892.0,15.051803588867188,36.99,71.43025970458984,1828.0,0.0,1367.0,0.0573911964893341,100.0,60.37226486206055,463.0,0.0
3431,0.0,1892.0,15.051803588867188,36.99,71.43025970458984,1828.0,0.0,1367.0,0.0573911964893341,100.0,60.37226486206055,463.0,0.0
3432,0.0,1892.0,15.051803588867188,36.99,71.43025970458984,1828.0,0.0,1367.0,0.0573911964893341,100.0,60.37226486206055,463.0,0.0
3433,0.0,1892.0,15.051803588867188,36.99,71.43025970458984,1828.0,0.0,1367.0,0.0573911964893341,100.0,60.37226486206055,463.0,0.0
3434,0.0,1892.0,15.051803588867188,36.99,71.43025970458984,1828.0,0.0,1367.0,0.0573911964893341,100.0,60.37226486206055,463.0,0.0
3435,0.0,1892.0,15.051803588867188,36.99,71.43025970458984,1828.0,0.0,1367.0,0.0573911964893341,100.0,60.37226486206055,463.0,0.0
3436,0.0,1892.0,13.661178588867188,36.99,69.3697509765625,1783.0,0.0,1367.0,0.0706140175461769,100.0,60.23530197143555,333.0,0.0
3437,0.0,1892.0,13.661178588867188,36.99,69.3697509765625,1783.0,0.0,1367.0,0.0706140175461769,100.0,60.23530197143555,333.0,0.0
3438,0.0,1892.0,13.661178588867188,36.99,69.3697509765625,1783.0,0.0,1367.0,0.0706140175461769,100.0,60.23530197143555,333.0,0.0
3439,0.0,1892.0,13.661178588867188,36.99,69.3697509765625,1783.0,0.0,1367.0,0.0706140175461769,100.0,60.23530197143555,333.0,0.0
3440,0.0,1892.0,13.661178588867188,36.99,69.3697509765625,1783.0,0.0,1367.0,0.0706140175461769,100.0,60.23530197143555,333.0,0.0
3441,0.0,1892.0,14.366504669189451,36.99,70.76448059082031,1905.0,0.0,1367.0,0.335046648979187,100.0,60.444358825683594,472.0,0.0
3442,0.0,1892.0,14.366504669189451,36.99,70.76448059082031,1905.0,0.0,1367.0,0.335046648979187,100.0,60.444358825683594,472.0,0.0
3443,0.0,1892.0,14.366504669189451,36.99,70.76448059082031,1905.0,0.0,1367.0,0.335046648979187,100.0,60.444358825683594,472.0,0.0
3444,0.0,1892.0,14.366504669189451,36.99,70.76448059082031,1905.0,0.0,1367.0,0.335046648979187,100.0,60.444358825683594,472.0,0.0
3445,0.0,1892.0,14.366504669189451,36.99,70.76448059082031,1905.0,0.0,1367.0,0.335046648979187,100.0,60.444358825683594,472.0,0.0
3446,0.0,1892.0,15.102821350097656,36.99,71.35771179199219,1886.0,0.0,1367.0,0.4409301877021789,100.0,60.593528747558594,444.0,0.0
3447,0.0,1892.0,15.102821350097656,36.99,71.35771179199219,1886.0,0.0,1367.0,0.4409301877021789,100.0,60.593528747558594,444.0,0.0
3448,0.0,1892.0,15.102821350097656,36.99,71.35771179199219,1886.0,0.0,1367.0,0.4409301877021789,100.0,60.593528747558594,444.0,0.0
3449,0.0,1892.0,15.102821350097656,36.99,71.35771179199219,1886.0,0.0,1367.0,0.4409301877021789,100.0,60.593528747558594,444.0,0.0
3450,0.0,1892.0,15.102821350097656,36.99,71.35771179199219,1886.0,0.0,1367.0,0.4409301877021789,100.0,60.593528747558594,444.0,0.0
3451,0.0,1892.0,15.52300262451172,36.99,71.12152862548828,2054.0,0.0,1367.0,0.2245341092348098,100.0,60.68212890625,444.0,0.0
3452,0.0,1892.0,15.52300262451172,36.99,71.12152862548828,2054.0,0.0,1367.0,0.2245341092348098,100.0,60.68212890625,444.0,0.0
3453,0.0,1892.0,15.52300262451172,36.99,71.12152862548828,2054.0,0.0,1367.0,0.2245341092348098,100.0,60.68212890625,444.0,0.0
3454,0.0,1892.0,15.52300262451172,36.99,71.12152862548828,2054.0,0.0,1367.0,0.2245341092348098,100.0,60.68212890625,444.0,0.0
3455,0.0,1892.0,15.52300262451172,36.99,71.12152862548828,2054.0,0.0,1367.0,0.2245341092348098,100.0,60.68212890625,444.0,0.0
3456,0.0,1892.0,15.292295455932615,36.99,72.25601959228516,2071.0,0.0,1367.0,0.3890816569328308,100.0,60.78046798706055,444.0,0.0
3457,0.0,1892.0,15.292295455932615,36.99,72.25601959228516,2071.0,0.0,1367.0,0.3890816569328308,100.0,60.78046798706055,444.0,0.0
3458,0.0,1892.0,15.292295455932615,36.99,72.25601959228516,2071.0,0.0,1367.0,0.3890816569328308,100.0,60.78046798706055,444.0,0.0
3459,0.0,1892.0,15.292295455932615,36.99,72.25601959228516,2071.0,0.0,1367.0,0.3890816569328308,100.0,60.78046798706055,444.0,0.0
3460,0.0,1892.0,15.292295455932615,36.99,72.25601959228516,2071.0,0.0,1367.0,0.3890816569328308,100.0,60.78046798706055,444.0,0.0
3461,0.0,1892.0,13.318359375,36.99,71.52680969238281,1810.0,0.0,1367.0,0.0686200559139251,100.0,60.89240646362305,444.0,0.0
3462,0.0,1892.0,13.318359375,36.99,71.52680969238281,1810.0,0.0,1367.0,0.0686200559139251,100.0,60.89240646362305,444.0,0.0
3463,0.0,1892.0,13.318359375,36.99,71.52680969238281,1810.0,0.0,1367.0,0.0686200559139251,100.0,60.89240646362305,444.0,0.0
3464,0.0,1892.0,13.318359375,36.99,71.52680969238281,1810.0,0.0,1367.0,0.0686200559139251,100.0,60.89240646362305,444.0,0.0
3465,0.0,1892.0,13.318359375,36.99,71.52680969238281,1810.0,0.0,1367.0,0.0686200559139251,100.0,60.89240646362305,444.0,0.0
3466,0.0,1892.0,15.188098907470703,36.99,69.75807189941406,2173.0,0.0,1367.0,0.1440468430519104,100.0,60.48345184326172,444.0,0.0
3467,0.0,1892.0,15.188098907470703,36.99,69.75807189941406,2173.0,0.0,1367.0,0.1440468430519104,100.0,60.48345184326172,444.0,0.0
3468,0.0,1892.0,15.188098907470703,36.99,69.75807189941406,2173.0,0.0,1367.0,0.1440468430519104,100.0,60.48345184326172,444.0,0.0
3469,0.0,1892.0,15.188098907470703,36.99,69.75807189941406,2173.0,0.0,1367.0,0.1440468430519104,100.0,60.48345184326172,444.0,0.0
3470,0.0,1892.0,15.188098907470703,36.99,69.75807189941406,2173.0,0.0,1367.0,0.1440468430519104,100.0,60.48345184326172,444.0,0.0
3471,0.0,1892.0,15.590179443359377,36.99,72.03244018554688,1997.0,0.0,1367.0,0.147033616900444,100.0,60.66422271728515,444.0,0.0
3472,0.0,1892.0,15.590179443359377,36.99,72.03244018554688,1997.0,0.0,1367.0,0.147033616900444,100.0,60.66422271728515,444.0,0.0
3473,0.0,1892.0,15.590179443359377,36.99,72.03244018554688,1997.0,0.0,1367.0,0.147033616900444,100.0,60.66422271728515,444.0,0.0
3474,0.0,1892.0,15.590179443359377,36.99,72.03244018554688,1997.0,0.0,1367.0,0.147033616900444,100.0,60.66422271728515,444.0,0.0
3475,0.0,1892.0,15.590179443359377,36.99,72.03244018554688,1997.0,0.0,1367.0,0.147033616900444,100.0,60.66422271728515,444.0,0.0
3476,0.0,1892.0,15.295557022094728,36.99,72.1527328491211,2073.0,0.0,1367.0,0.1037876680493354,100.0,61.019996643066406,502.0,0.0
3477,0.0,1892.0,15.295557022094728,36.99,72.1527328491211,2073.0,0.0,1367.0,0.1037876680493354,100.0,61.019996643066406,502.0,0.0
3478,0.0,1892.0,15.295557022094728,36.99,72.1527328491211,2073.0,0.0,1367.0,0.1037876680493354,100.0,61.019996643066406,502.0,0.0
3479,0.0,1892.0,15.295557022094728,36.99,72.1527328491211,2073.0,0.0,1367.0,0.1037876680493354,100.0,61.019996643066406,502.0,0.0
3480,0.0,1892.0,15.295557022094728,36.99,72.1527328491211,2073.0,0.0,1367.0,0.1037876680493354,100.0,61.019996643066406,502.0,0.0
3481,0.0,1892.0,16.032573699951172,36.99,72.27142333984375,1971.0,0.0,1367.0,0.1826963424682617,100.0,60.79362869262695,686.0,0.0
3482,0.0,1892.0,16.032573699951172,36.99,72.27142333984375,1971.0,0.0,1367.0,0.1826963424682617,100.0,60.79362869262695,686.0,0.0
3483,0.0,1892.0,16.032573699951172,36.99,72.27142333984375,1971.0,0.0,1367.0,0.1826963424682617,100.0,60.79362869262695,686.0,0.0
3484,0.0,1892.0,16.032573699951172,36.99,72.27142333984375,1971.0,0.0,1367.0,0.1826963424682617,100.0,60.79362869262695,686.0,0.0
3485,0.0,1892.0,16.032573699951172,36.99,72.27142333984375,1971.0,0.0,1367.0,0.1826963424682617,100.0,60.79362869262695,686.0,0.0
3486,0.0,1892.0,16.032573699951172,36.99,72.27142333984375,1971.0,0.0,1367.0,0.1826963424682617,100.0,60.79362869262695,686.0,0.0
3487,0.0,1892.0,13.046339988708496,36.99,71.43331146240234,1786.0,0.0,1367.0,0.0814350247383117,100.0,61.03925704956055,511.0,0.0
3488,0.0,1892.0,13.046339988708496,36.99,71.43331146240234,1786.0,0.0,1367.0,0.0814350247383117,100.0,61.03925704956055,511.0,0.0
3489,0.0,1892.0,13.046339988708496,36.99,71.43331146240234,1786.0,0.0,1367.0,0.0814350247383117,100.0,61.03925704956055,511.0,0.0
3490,0.0,1892.0,13.046339988708496,36.99,71.43331146240234,1786.0,0.0,1367.0,0.0814350247383117,100.0,61.03925704956055,511.0,0.0
3491,0.0,1892.0,13.046339988708496,36.99,71.43331146240234,1786.0,0.0,1367.0,0.0814350247383117,100.0,61.03925704956055,511.0,0.0
3492,0.0,1892.0,12.898282051086426,36.99,70.2563247680664,2015.0,0.0,1367.0,0.0432233251631259,100.0,60.753936767578125,474.0,0.0
3493,0.0,1892.0,12.898282051086426,36.99,70.2563247680664,2015.0,0.0,1367.0,0.0432233251631259,100.0,60.753936767578125,474.0,0.0
3494,0.0,1892.0,12.898282051086426,36.99,70.2563247680664,2015.0,0.0,1367.0,0.0432233251631259,100.0,60.753936767578125,474.0,0.0
3495,0.0,1892.0,12.898282051086426,36.99,70.2563247680664,2015.0,0.0,1367.0,0.0432233251631259,100.0,60.753936767578125,474.0,0.0
3496,0.0,1892.0,12.898282051086426,36.99,70.2563247680664,2015.0,0.0,1367.0,0.0432233251631259,100.0,60.753936767578125,474.0,0.0
3497,0.0,1892.0,13.92977809906006,36.99,70.5667495727539,1953.0,0.0,1367.0,0.211029052734375,100.0,60.79856491088867,516.0,0.0
3498,0.0,1892.0,13.92977809906006,36.99,70.5667495727539,1953.0,0.0,1367.0,0.211029052734375,100.0,60.79856491088867,516.0,0.0
3499,0.0,1892.0,13.92977809906006,36.99,70.5667495727539,1953.0,0.0,1367.0,0.211029052734375,100.0,60.79856491088867,516.0,0.0
3500,0.0,1892.0,13.92977809906006,36.99,70.5667495727539,1953.0,0.0,1367.0,0.211029052734375,100.0,60.79856491088867,516.0,0.0
3501,0.0,1892.0,13.92977809906006,36.99,70.5667495727539,1953.0,0.0,1367.0,0.211029052734375,100.0,60.79856491088867,516.0,0.0
3502,0.0,1892.0,15.221147537231444,36.99,71.86752319335938,1850.0,0.0,1367.0,0.5065646171569824,100.0,61.06012725830078,540.0,0.0
3503,0.0,1892.0,15.221147537231444,36.99,71.86752319335938,1850.0,0.0,1367.0,0.5065646171569824,100.0,61.06012725830078,540.0,0.0
3504,0.0,1892.0,15.221147537231444,36.99,71.86752319335938,1850.0,0.0,1367.0,0.5065646171569824,100.0,61.06012725830078,540.0,0.0
3505,0.0,1892.0,15.221147537231444,36.99,71.86752319335938,1850.0,0.0,1367.0,0.5065646171569824,100.0,61.06012725830078,540.0,0.0
3506,0.0,1892.0,15.221147537231444,36.99,71.86752319335938,1850.0,0.0,1367.0,0.5065646171569824,100.0,61.06012725830078,540.0,0.0
3507,0.0,1892.0,13.649188995361328,36.99,71.12232971191406,1523.0,0.0,1367.0,0.2151454538106918,100.0,60.84820556640625,511.0,0.0
3508,0.0,1892.0,13.649188995361328,36.99,71.12232971191406,1523.0,0.0,1367.0,0.2151454538106918,100.0,60.84820556640625,511.0,0.0
3509,0.0,1892.0,13.649188995361328,36.99,71.12232971191406,1523.0,0.0,1367.0,0.2151454538106918,100.0,60.84820556640625,511.0,0.0
3510,0.0,1892.0,13.649188995361328,36.99,71.12232971191406,1523.0,0.0,1367.0,0.2151454538106918,100.0,60.84820556640625,511.0,0.0
3511,0.0,1892.0,13.649188995361328,36.99,71.12232971191406,1523.0,0.0,1367.0,0.2151454538106918,100.0,60.84820556640625,511.0,0.0
3512,0.0,1892.0,12.70734977722168,36.99,68.40926361083984,1735.0,0.0,1367.0,0.0425094626843929,100.0,60.96233367919922,333.0,0.0
3513,0.0,1892.0,12.70734977722168,36.99,68.40926361083984,1735.0,0.0,1367.0,0.0425094626843929,100.0,60.96233367919922,333.0,0.0
3514,0.0,1892.0,12.70734977722168,36.99,68.40926361083984,1735.0,0.0,1367.0,0.0425094626843929,100.0,60.96233367919922,333.0,0.0
3515,0.0,1892.0,12.70734977722168,36.99,68.40926361083984,1735.0,0.0,1367.0,0.0425094626843929,100.0,60.96233367919922,333.0,0.0
3516,0.0,1892.0,12.70734977722168,36.99,68.40926361083984,1735.0,0.0,1367.0,0.0425094626843929,100.0,60.96233367919922,333.0,0.0
3517,0.0,1892.0,12.386927604675291,36.99,67.47473907470703,1095.0,0.0,1367.0,0.0012170671252533,100.0,60.72003173828125,111.0,0.0
3518,0.0,1892.0,12.386927604675291,36.99,67.47473907470703,1095.0,0.0,1367.0,0.0012170671252533,100.0,60.72003173828125,111.0,0.0
3519,0.0,1892.0,12.386927604675291,36.99,67.47473907470703,1095.0,0.0,1367.0,0.0012170671252533,100.0,60.72003173828125,111.0,0.0
3520,0.0,1892.0,12.386927604675291,36.99,67.47473907470703,1095.0,0.0,1367.0,0.0012170671252533,100.0,60.72003173828125,111.0,0.0
3521,0.0,1892.0,12.386927604675291,36.99,67.47473907470703,1095.0,0.0,1367.0,0.0012170671252533,100.0,60.72003173828125,111.0,0.0
3522,0.0,1892.0,12.795453071594238,36.99,69.12858581542969,1411.0,0.0,1367.0,0.0553531758487224,100.0,60.79132843017578,333.0,0.0
3523,0.0,1892.0,12.795453071594238,36.99,69.12858581542969,1411.0,0.0,1367.0,0.0553531758487224,100.0,60.79132843017578,333.0,0.0
3524,0.0,1892.0,12.795453071594238,36.99,69.12858581542969,1411.0,0.0,1367.0,0.0553531758487224,100.0,60.79132843017578,333.0,0.0
3525,0.0,1892.0,12.795453071594238,36.99,69.12858581542969,1411.0,0.0,1367.0,0.0553531758487224,100.0,60.79132843017578,333.0,0.0
3526,0.0,1892.0,12.795453071594238,36.99,69.12858581542969,1411.0,0.0,1367.0,0.0553531758487224,100.0,60.79132843017578,333.0,0.0
3527,0.0,1892.0,15.691132545471191,36.99,71.85661315917969,2041.0,0.0,1367.0,0.2795576751232147,100.0,60.84868240356445,477.0,0.0
3528,0.0,1892.0,15.691132545471191,36.99,71.85661315917969,2041.0,0.0,1367.0,0.2795576751232147,100.0,60.84868240356445,477.0,0.0
3529,0.0,1892.0,15.691132545471191,36.99,71.85661315917969,2041.0,0.0,1367.0,0.2795576751232147,100.0,60.84868240356445,477.0,0.0
3530,0.0,1892.0,15.691132545471191,36.99,71.85661315917969,2041.0,0.0,1367.0,0.2795576751232147,100.0,60.84868240356445,477.0,0.0
3531,0.0,1892.0,15.691132545471191,36.99,71.85661315917969,2041.0,0.0,1367.0,0.2795576751232147,100.0,60.84868240356445,477.0,0.0
3532,0.0,1892.0,14.317039489746094,36.99,71.42283630371094,1732.0,0.0,1367.0,0.1316121518611908,100.0,60.73857879638672,335.0,0.0
3533,0.0,1892.0,14.317039489746094,36.99,71.42283630371094,1732.0,0.0,1367.0,0.1316121518611908,100.0,60.73857879638672,335.0,0.0
3534,0.0,1892.0,14.317039489746094,36.99,71.42283630371094,1732.0,0.0,1367.0,0.1316121518611908,100.0,60.73857879638672,335.0,0.0
3535,0.0,1892.0,14.317039489746094,36.99,71.42283630371094,1732.0,0.0,1367.0,0.1316121518611908,100.0,60.73857879638672,335.0,0.0
3536,0.0,1892.0,14.317039489746094,36.99,71.42283630371094,1732.0,0.0,1367.0,0.1316121518611908,100.0,60.73857879638672,335.0,0.0
3537,0.0,1892.0,14.317039489746094,36.99,71.42283630371094,1732.0,0.0,1367.0,0.1316121518611908,100.0,60.73857879638672,335.0,0.0
3538,0.0,1892.0,12.73412799835205,36.99,69.81216430664062,1606.0,0.0,1367.0,0.0410904698073864,100.0,5.8734002113342285,222.0,0.0
3539,0.0,1892.0,12.73412799835205,36.99,69.81216430664062,1606.0,0.0,1367.0,0.0410904698073864,100.0,5.8734002113342285,222.0,0.0
3540,0.0,1892.0,12.73412799835205,36.99,69.81216430664062,1606.0,0.0,1367.0,0.0410904698073864,100.0,5.8734002113342285,222.0,0.0
3541,0.0,1892.0,12.73412799835205,36.99,69.81216430664062,1606.0,0.0,1367.0,0.0410904698073864,100.0,5.8734002113342285,222.0,0.0
3542,0.0,1892.0,12.73412799835205,36.99,69.81216430664062,1606.0,0.0,1367.0,0.0410904698073864,100.0,5.8734002113342285,222.0,0.0
3543,0.0,1892.0,14.133607864379885,36.99,70.79166412353516,1970.0,0.0,1367.0,0.4024017453193664,100.0,60.761680603027344,444.0,0.0
3544,0.0,1892.0,14.133607864379885,36.99,70.79166412353516,1970.0,0.0,1367.0,0.4024017453193664,100.0,60.761680603027344,444.0,0.0
3545,0.0,1892.0,14.133607864379885,36.99,70.79166412353516,1970.0,0.0,1367.0,0.4024017453193664,100.0,60.761680603027344,444.0,0.0
3546,0.0,1892.0,14.133607864379885,36.99,70.79166412353516,1970.0,0.0,1367.0,0.4024017453193664,100.0,60.761680603027344,444.0,0.0
3547,0.0,1892.0,14.133607864379885,36.99,70.79166412353516,1970.0,0.0,1367.0,0.4024017453193664,100.0,60.761680603027344,444.0,0.0
3548,0.0,1892.0,13.129627227783203,36.99,70.20564270019531,1971.0,0.0,1367.0,0.0826628878712654,100.0,60.55885696411133,484.0,0.0
3549,0.0,1892.0,13.129627227783203,36.99,70.20564270019531,1971.0,0.0,1367.0,0.0826628878712654,100.0,60.55885696411133,484.0,0.0
3550,0.0,1892.0,13.129627227783203,36.99,70.20564270019531,1971.0,0.0,1367.0,0.0826628878712654,100.0,60.55885696411133,484.0,0.0
3551,0.0,1892.0,13.129627227783203,36.99,70.20564270019531,1971.0,0.0,1367.0,0.0826628878712654,100.0,60.55885696411133,484.0,0.0
3552,0.0,1892.0,13.129627227783203,36.99,70.20564270019531,1971.0,0.0,1367.0,0.0826628878712654,100.0,60.55885696411133,484.0,0.0
3553,0.0,1892.0,12.478631973266602,36.99,68.01782989501953,1213.0,0.0,1367.0,0.0081158159300684,100.0,60.26654815673828,111.0,0.0
3554,0.0,1892.0,12.478631973266602,36.99,68.01782989501953,1213.0,0.0,1367.0,0.0081158159300684,100.0,60.26654815673828,111.0,0.0
3555,0.0,1892.0,12.478631973266602,36.99,68.01782989501953,1213.0,0.0,1367.0,0.0081158159300684,100.0,60.26654815673828,111.0,0.0
3556,0.0,1892.0,12.478631973266602,36.99,68.01782989501953,1213.0,0.0,1367.0,0.0081158159300684,100.0,60.26654815673828,111.0,0.0
3557,0.0,1892.0,12.478631973266602,36.99,68.01782989501953,1213.0,0.0,1367.0,0.0081158159300684,100.0,60.26654815673828,111.0,0.0
3558,0.0,1892.0,12.633722305297852,36.99,67.83758544921875,1305.0,0.0,1367.0,0.0014784869272261,100.0,60.1075325012207,222.0,0.0
3559,0.0,1892.0,12.633722305297852,36.99,67.83758544921875,1305.0,0.0,1367.0,0.0014784869272261,100.0,60.1075325012207,222.0,0.0
3560,0.0,1892.0,12.633722305297852,36.99,67.83758544921875,1305.0,0.0,1367.0,0.0014784869272261,100.0,60.1075325012207,222.0,0.0
3561,0.0,1892.0,12.633722305297852,36.99,67.83758544921875,1305.0,0.0,1367.0,0.0014784869272261,100.0,60.1075325012207,222.0,0.0
3562,0.0,1892.0,12.633722305297852,36.99,67.83758544921875,1305.0,0.0,1367.0,0.0014784869272261,100.0,60.1075325012207,222.0,0.0
3563,0.0,1892.0,12.83486557006836,36.99,67.78395080566406,1463.0,0.0,1367.0,0.0001884414523374,100.0,59.99919891357422,111.0,0.0
3564,0.0,1892.0,12.83486557006836,36.99,67.78395080566406,1463.0,0.0,1367.0,0.0001884414523374,100.0,59.99919891357422,111.0,0.0
3565,0.0,1892.0,12.83486557006836,36.99,67.78395080566406,1463.0,0.0,1367.0,0.0001884414523374,100.0,59.99919891357422,111.0,0.0
3566,0.0,1892.0,12.83486557006836,36.99,67.78395080566406,1463.0,0.0,1367.0,0.0001884414523374,100.0,59.99919891357422,111.0,0.0
3567,0.0,1892.0,12.83486557006836,36.99,67.78395080566406,1463.0,0.0,1367.0,0.0001884414523374,100.0,59.99919891357422,111.0,0.0
3568,0.0,1892.0,14.213279724121094,36.99,66.99214172363281,1441.0,0.0,1367.0,0.0678922086954116,100.0,60.06013870239258,333.0,0.0
3569,0.0,1892.0,14.213279724121094,36.99,66.99214172363281,1441.0,0.0,1367.0,0.0678922086954116,100.0,60.06013870239258,333.0,0.0
3570,0.0,1892.0,14.213279724121094,36.99,66.99214172363281,1441.0,0.0,1367.0,0.0678922086954116,100.0,60.06013870239258,333.0,0.0
3571,0.0,1892.0,14.213279724121094,36.99,66.99214172363281,1441.0,0.0,1367.0,0.0678922086954116,100.0,60.06013870239258,333.0,0.0
3572,0.0,1892.0,14.213279724121094,36.99,66.99214172363281,1441.0,0.0,1367.0,0.0678922086954116,100.0,60.06013870239258,333.0,0.0
3573,0.0,1892.0,15.677291870117188,36.99,71.26854705810547,1982.0,0.0,1367.0,0.1522833555936813,100.0,60.39870071411133,465.0,0.0
3574,0.0,1892.0,15.677291870117188,36.99,71.26854705810547,1982.0,0.0,1367.0,0.1522833555936813,100.0,60.39870071411133,465.0,0.0
3575,0.0,1892.0,15.677291870117188,36.99,71.26854705810547,1982.0,0.0,1367.0,0.1522833555936813,100.0,60.39870071411133,465.0,0.0
3576,0.0,1892.0,15.677291870117188,36.99,71.26854705810547,1982.0,0.0,1367.0,0.1522833555936813,100.0,60.39870071411133,465.0,0.0
3577,0.0,1892.0,15.677291870117188,36.99,71.26854705810547,1982.0,0.0,1367.0,0.1522833555936813,100.0,60.39870071411133,465.0,0.0
3578,0.0,1892.0,13.401309967041016,36.99,72.09976196289062,1671.0,0.0,1367.0,0.0857612565159797,100.0,60.6739616394043,453.0,0.0
3579,0.0,1892.0,13.401309967041016,36.99,72.09976196289062,1671.0,0.0,1367.0,0.0857612565159797,100.0,60.6739616394043,453.0,0.0
3580,0.0,1892.0,13.401309967041016,36.99,72.09976196289062,1671.0,0.0,1367.0,0.0857612565159797,100.0,60.6739616394043,453.0,0.0
3581,0.0,1892.0,13.401309967041016,36.99,72.09976196289062,1671.0,0.0,1367.0,0.0857612565159797,100.0,60.6739616394043,453.0,0.0
3582,0.0,1892.0,13.401309967041016,36.99,72.09976196289062,1671.0,0.0,1367.0,0.0857612565159797,100.0,60.6739616394043,453.0,0.0
3583,0.0,1892.0,12.512991905212402,36.99,47.10996627807617,1740.0,0.0,1367.0,0.0585559085011482,100.0,60.55073928833008,444.0,0.0
3584,0.0,1892.0,12.512991905212402,36.99,47.10996627807617,1740.0,0.0,1367.0,0.0585559085011482,100.0,60.55073928833008,444.0,0.0
3585,0.0,1892.0,12.512991905212402,36.99,47.10996627807617,1740.0,0.0,1367.0,0.0585559085011482,100.0,60.55073928833008,444.0,0.0
3586,0.0,1892.0,12.512991905212402,36.99,47.10996627807617,1740.0,0.0,1367.0,0.0585559085011482,100.0,60.55073928833008,444.0,0.0
3587,0.0,1892.0,12.512991905212402,36.99,47.10996627807617,1740.0,0.0,1367.0,0.0585559085011482,100.0,60.55073928833008,444.0,0.0
3588,0.0,1892.0,12.546165466308594,36.99,67.40496063232422,1493.0,0.0,1367.0,0.0271444730460643,100.0,60.589622497558594,222.0,0.0
3589,0.0,1892.0,12.546165466308594,36.99,67.40496063232422,1493.0,0.0,1367.0,0.0271444730460643,100.0,60.589622497558594,222.0,0.0
3590,0.0,1892.0,12.546165466308594,36.99,67.40496063232422,1493.0,0.0,1367.0,0.0271444730460643,100.0,60.589622497558594,222.0,0.0
3591,0.0,1892.0,12.546165466308594,36.99,67.40496063232422,1493.0,0.0,1367.0,0.0271444730460643,100.0,60.589622497558594,222.0,0.0
3592,0.0,1892.0,12.546165466308594,36.99,67.40496063232422,1493.0,0.0,1367.0,0.0271444730460643,100.0,60.589622497558594,222.0,0.0
3593,0.0,1892.0,12.546165466308594,36.99,67.40496063232422,1493.0,0.0,1367.0,0.0271444730460643,100.0,60.589622497558594,222.0,0.0
3594,0.0,1892.0,12.893424987792969,36.99,68.24536895751953,1480.0,0.0,1367.0,0.0188022553920745,100.0,60.61238479614258,222.0,0.0
3595,0.0,1892.0,12.893424987792969,36.99,68.24536895751953,1480.0,0.0,1367.0,0.0188022553920745,100.0,60.61238479614258,222.0,0.0
3596,0.0,1892.0,12.893424987792969,36.99,68.24536895751953,1480.0,0.0,1367.0,0.0188022553920745,100.0,60.61238479614258,222.0,0.0
3597,0.0,1892.0,12.893424987792969,36.99,68.24536895751953,1480.0,0.0,1367.0,0.0188022553920745,100.0,60.61238479614258,222.0,0.0
3598,0.0,1892.0,12.893424987792969,36.99,68.24536895751953,1480.0,0.0,1367.0,0.0188022553920745,100.0,60.61238479614258,222.0,0.0
3599,0.0,1892.0,12.990947723388672,36.99,67.71915435791016,1809.0,0.0,1367.0,0.0799870267510414,100.0,60.06074142456055,333.0,0.0
3600,0.0,1892.0,12.990947723388672,36.99,67.71915435791016,1809.0,0.0,1367.0,0.0799870267510414,100.0,60.06074142456055,333.0,0.0
3601,0.0,1892.0,12.990947723388672,36.99,67.71915435791016,1809.0,0.0,1367.0,0.0799870267510414,100.0,60.06074142456055,333.0,0.0
3602,0.0,1892.0,12.990947723388672,36.99,67.71915435791016,1809.0,0.0,1367.0,0.0799870267510414,100.0,60.06074142456055,333.0,0.0
3603,0.0,1892.0,12.990947723388672,36.99,67.71915435791016,1809.0,0.0,1367.0,0.0799870267510414,100.0,60.06074142456055,333.0,0.0
3604,0.0,1892.0,14.826108932495115,36.99,70.91140747070312,1615.0,0.0,1367.0,0.130299299955368,100.0,60.15422439575195,457.0,0.0
3605,0.0,1892.0,14.826108932495115,36.99,70.91140747070312,1615.0,0.0,1367.0,0.130299299955368,100.0,60.15422439575195,457.0,0.0
3606,0.0,1892.0,14.826108932495115,36.99,70.91140747070312,1615.0,0.0,1367.0,0.130299299955368,100.0,60.15422439575195,457.0,0.0
3607,0.0,1892.0,14.826108932495115,36.99,70.91140747070312,1615.0,0.0,1367.0,0.130299299955368,100.0,60.15422439575195,457.0,0.0
3608,0.0,1892.0,14.826108932495115,36.99,70.91140747070312,1615.0,0.0,1367.0,0.130299299955368,100.0,60.15422439575195,457.0,0.0
3609,0.0,1892.0,15.8311767578125,36.99,72.08100891113281,1856.0,0.0,1367.0,0.1183435320854187,100.0,60.56142044067383,580.0,0.0
3610,0.0,1892.0,15.8311767578125,36.99,72.08100891113281,1856.0,0.0,1367.0,0.1183435320854187,100.0,60.56142044067383,580.0,0.0
3611,0.0,1892.0,15.8311767578125,36.99,72.08100891113281,1856.0,0.0,1367.0,0.1183435320854187,100.0,60.56142044067383,580.0,0.0
3612,0.0,1892.0,15.8311767578125,36.99,72.08100891113281,1856.0,0.0,1367.0,0.1183435320854187,100.0,60.56142044067383,580.0,0.0
3613,0.0,1892.0,15.8311767578125,36.99,72.08100891113281,1856.0,0.0,1367.0,0.1183435320854187,100.0,60.56142044067383,580.0,0.0
3614,0.0,1892.0,14.200446128845217,36.99,71.59300231933594,1815.0,0.0,1367.0,0.0696948766708374,100.0,60.60265350341797,538.0,0.0
3615,0.0,1892.0,14.200446128845217,36.99,71.59300231933594,1815.0,0.0,1367.0,0.0696948766708374,100.0,60.60265350341797,538.0,0.0
3616,0.0,1892.0,14.200446128845217,36.99,71.59300231933594,1815.0,0.0,1367.0,0.0696948766708374,100.0,60.60265350341797,538.0,0.0
3617,0.0,1892.0,14.200446128845217,36.99,71.59300231933594,1815.0,0.0,1367.0,0.0696948766708374,100.0,60.60265350341797,538.0,0.0
3618,0.0,1892.0,14.200446128845217,36.99,71.59300231933594,1815.0,0.0,1367.0,0.0696948766708374,100.0,60.60265350341797,538.0,0.0
3619,0.0,1892.0,12.947718620300291,36.99,68.68830108642578,2100.0,0.0,1367.0,0.0138871781527996,100.0,60.27985763549805,485.0,0.0
3620,0.0,1892.0,12.947718620300291,36.99,68.68830108642578,2100.0,0.0,1367.0,0.0138871781527996,100.0,60.27985763549805,485.0,0.0
3621,0.0,1892.0,12.947718620300291,36.99,68.68830108642578,2100.0,0.0,1367.0,0.0138871781527996,100.0,60.27985763549805,485.0,0.0
3622,0.0,1892.0,12.947718620300291,36.99,68.68830108642578,2100.0,0.0,1367.0,0.0138871781527996,100.0,60.27985763549805,485.0,0.0
3623,0.0,1892.0,12.947718620300291,36.99,68.68830108642578,2100.0,0.0,1367.0,0.0138871781527996,100.0,60.27985763549805,485.0,0.0
3624,0.0,1892.0,13.537117004394531,36.99,68.75961303710938,2001.0,0.0,1367.0,0.0370133593678474,100.0,60.205360412597656,444.0,0.0
3625,0.0,1892.0,13.537117004394531,36.99,68.75961303710938,2001.0,0.0,1367.0,0.0370133593678474,100.0,60.205360412597656,444.0,0.0
3626,0.0,1892.0,13.537117004394531,36.99,68.75961303710938,2001.0,0.0,1367.0,0.0370133593678474,100.0,60.205360412597656,444.0,0.0
3627,0.0,1892.0,13.537117004394531,36.99,68.75961303710938,2001.0,0.0,1367.0,0.0370133593678474,100.0,60.205360412597656,444.0,0.0
3628,0.0,1892.0,13.537117004394531,36.99,68.75961303710938,2001.0,0.0,1367.0,0.0370133593678474,100.0,60.205360412597656,444.0,0.0
3629,0.0,1892.0,13.05244255065918,36.99,70.36051940917969,1858.0,0.0,1367.0,0.0136524559929966,100.0,60.28376388549805,444.0,0.0
3630,0.0,1892.0,13.05244255065918,36.99,70.36051940917969,1858.0,0.0,1367.0,0.0136524559929966,100.0,60.28376388549805,444.0,0.0
3631,0.0,1892.0,13.05244255065918,36.99,70.36051940917969,1858.0,0.0,1367.0,0.0136524559929966,100.0,60.28376388549805,444.0,0.0
3632,0.0,1892.0,13.05244255065918,36.99,70.36051940917969,1858.0,0.0,1367.0,0.0136524559929966,100.0,60.28376388549805,444.0,0.0
3633,0.0,1892.0,13.05244255065918,36.99,70.36051940917969,1858.0,0.0,1367.0,0.0136524559929966,100.0,60.28376388549805,444.0,0.0
3634,0.0,1892.0,13.190329551696776,36.99,69.0880126953125,2089.0,0.0,1367.0,0.0136360330507159,100.0,60.18296432495117,444.0,0.0
3635,0.0,1892.0,13.190329551696776,36.99,69.0880126953125,2089.0,0.0,1367.0,0.0136360330507159,100.0,60.18296432495117,444.0,0.0
3636,0.0,1892.0,13.190329551696776,36.99,69.0880126953125,2089.0,0.0,1367.0,0.0136360330507159,100.0,60.18296432495117,444.0,0.0
3637,0.0,1892.0,13.190329551696776,36.99,69.0880126953125,2089.0,0.0,1367.0,0.0136360330507159,100.0,60.18296432495117,444.0,0.0
3638,0.0,1892.0,13.190329551696776,36.99,69.0880126953125,2089.0,0.0,1367.0,0.0136360330507159,100.0,60.18296432495117,444.0,0.0
3639,0.0,1892.0,12.937983512878418,36.99,69.43753051757812,2134.0,0.0,1367.0,0.0379074923694133,100.0,60.0930061340332,444.0,0.0
3640,0.0,1892.0,12.937983512878418,36.99,69.43753051757812,2134.0,0.0,1367.0,0.0379074923694133,100.0,60.0930061340332,444.0,0.0
3641,0.0,1892.0,12.937983512878418,36.99,69.43753051757812,2134.0,0.0,1367.0,0.0379074923694133,100.0,60.0930061340332,444.0,0.0
3642,0.0,1892.0,12.937983512878418,36.99,69.43753051757812,2134.0,0.0,1367.0,0.0379074923694133,100.0,60.0930061340332,444.0,0.0
3643,0.0,1892.0,12.937983512878418,36.99,69.43753051757812,2134.0,0.0,1367.0,0.0379074923694133,100.0,60.0930061340332,444.0,0.0
3644,0.0,1892.0,12.937983512878418,36.99,69.43753051757812,2134.0,0.0,1367.0,0.0379074923694133,100.0,60.0930061340332,444.0,0.0
3645,0.0,1892.0,12.726879119873049,36.99,68.65798950195312,2125.0,0.0,1367.0,0.0143838822841644,100.0,60.0192985534668,444.0,0.0
3646,0.0,1892.0,12.726879119873049,36.99,68.65798950195312,2125.0,0.0,1367.0,0.0143838822841644,100.0,60.0192985534668,444.0,0.0
3647,0.0,1892.0,12.726879119873049,36.99,68.65798950195312,2125.0,0.0,1367.0,0.0143838822841644,100.0,60.0192985534668,444.0,0.0
3648,0.0,1892.0,12.726879119873049,36.99,68.65798950195312,2125.0,0.0,1367.0,0.0143838822841644,100.0,60.0192985534668,444.0,0.0
3649,0.0,1892.0,12.726879119873049,36.99,68.65798950195312,2125.0,0.0,1367.0,0.0143838822841644,100.0,60.0192985534668,444.0,0.0
3650,0.0,1892.0,12.823545455932615,36.99,69.23209381103516,2139.0,0.0,1367.0,0.0148586798459291,100.0,60.3310546875,444.0,0.0
3651,0.0,1892.0,12.823545455932615,36.99,69.23209381103516,2139.0,0.0,1367.0,0.0148586798459291,100.0,60.3310546875,444.0,0.0
3652,0.0,1892.0,12.823545455932615,36.99,69.23209381103516,2139.0,0.0,1367.0,0.0148586798459291,100.0,60.3310546875,444.0,0.0
3653,0.0,1892.0,12.823545455932615,36.99,69.23209381103516,2139.0,0.0,1367.0,0.0148586798459291,100.0,60.3310546875,444.0,0.0
3654,0.0,1892.0,12.823545455932615,36.99,69.23209381103516,2139.0,0.0,1367.0,0.0148586798459291,100.0,60.3310546875,444.0,0.0
3655,0.0,1892.0,12.66353988647461,36.99,68.244873046875,2160.0,0.0,1367.0,0.0136830052360892,100.0,60.26267623901367,488.0,0.0
3656,0.0,1892.0,12.66353988647461,36.99,68.244873046875,2160.0,0.0,1367.0,0.0136830052360892,100.0,60.26267623901367,488.0,0.0
3657,0.0,1892.0,12.66353988647461,36.99,68.244873046875,2160.0,0.0,1367.0,0.0136830052360892,100.0,60.26267623901367,488.0,0.0
3658,0.0,1892.0,12.66353988647461,36.99,68.244873046875,2160.0,0.0,1367.0,0.0136830052360892,100.0,60.26267623901367,488.0,0.0
3659,0.0,1892.0,12.66353988647461,36.99,68.244873046875,2160.0,0.0,1367.0,0.0136830052360892,100.0,60.26267623901367,488.0,0.0
3660,0.0,1892.0,12.72463607788086,36.99,67.27192687988281,2146.0,0.0,1367.0,0.0143303759396076,100.0,60.2210578918457,444.0,0.0
3661,0.0,1892.0,12.72463607788086,36.99,67.27192687988281,2146.0,0.0,1367.0,0.0143303759396076,100.0,60.2210578918457,444.0,0.0
3662,0.0,1892.0,12.72463607788086,36.99,67.27192687988281,2146.0,0.0,1367.0,0.0143303759396076,100.0,60.2210578918457,444.0,0.0
3663,0.0,1892.0,12.72463607788086,36.99,67.27192687988281,2146.0,0.0,1367.0,0.0143303759396076,100.0,60.2210578918457,444.0,0.0
3664,0.0,1892.0,12.72463607788086,36.99,67.27192687988281,2146.0,0.0,1367.0,0.0143303759396076,100.0,60.2210578918457,444.0,0.0
3665,0.0,1892.0,12.70591640472412,36.99,68.05870056152344,2150.0,0.0,1367.0,0.0146620301529765,100.0,60.333526611328125,444.0,0.0
3666,0.0,1892.0,12.70591640472412,36.99,68.05870056152344,2150.0,0.0,1367.0,0.0146620301529765,100.0,60.333526611328125,444.0,0.0
3667,0.0,1892.0,12.70591640472412,36.99,68.05870056152344,2150.0,0.0,1367.0,0.0146620301529765,100.0,60.333526611328125,444.0,0.0
3668,0.0,1892.0,12.70591640472412,36.99,68.05870056152344,2150.0,0.0,1367.0,0.0146620301529765,100.0,60.333526611328125,444.0,0.0
3669,0.0,1892.0,12.70591640472412,36.99,68.05870056152344,2150.0,0.0,1367.0,0.0146620301529765,100.0,60.333526611328125,444.0,0.0
3670,0.0,1892.0,12.530160903930664,36.99,67.74384307861328,2132.0,0.0,1367.0,0.0144243091344833,100.0,60.120574951171875,444.0,0.0
3671,0.0,1892.0,12.530160903930664,36.99,67.74384307861328,2132.0,0.0,1367.0,0.0144243091344833,100.0,60.120574951171875,444.0,0.0
3672,0.0,1892.0,12.530160903930664,36.99,67.74384307861328,2132.0,0.0,1367.0,0.0144243091344833,100.0,60.120574951171875,444.0,0.0
3673,0.0,1892.0,12.530160903930664,36.99,67.74384307861328,2132.0,0.0,1367.0,0.0144243091344833,100.0,60.120574951171875,444.0,0.0
3674,0.0,1892.0,12.530160903930664,36.99,67.74384307861328,2132.0,0.0,1367.0,0.0144243091344833,100.0,60.120574951171875,444.0,0.0
3675,0.0,1892.0,12.638362884521484,36.99,67.13021850585938,2101.0,0.0,1367.0,0.0152758527547121,100.0,60.2304573059082,491.0,0.0
3676,0.0,1892.0,12.638362884521484,36.99,67.13021850585938,2101.0,0.0,1367.0,0.0152758527547121,100.0,60.2304573059082,491.0,0.0
3677,0.0,1892.0,12.638362884521484,36.99,67.13021850585938,2101.0,0.0,1367.0,0.0152758527547121,100.0,60.2304573059082,491.0,0.0
3678,0.0,1892.0,12.638362884521484,36.99,67.13021850585938,2101.0,0.0,1367.0,0.0152758527547121,100.0,60.2304573059082,491.0,0.0
3679,0.0,1892.0,12.638362884521484,36.99,67.13021850585938,2101.0,0.0,1367.0,0.0152758527547121,100.0,60.2304573059082,491.0,0.0
3680,0.0,1892.0,12.652037620544434,36.99,67.13009643554688,2167.0,0.0,1367.0,0.0150991035625338,100.0,60.33164596557617,447.0,0.0
3681,0.0,1892.0,12.652037620544434,36.99,67.13009643554688,2167.0,0.0,1367.0,0.0150991035625338,100.0,60.33164596557617,447.0,0.0
3682,0.0,1892.0,12.652037620544434,36.99,67.13009643554688,2167.0,0.0,1367.0,0.0150991035625338,100.0,60.33164596557617,447.0,0.0
3683,0.0,1892.0,12.652037620544434,36.99,67.13009643554688,2167.0,0.0,1367.0,0.0150991035625338,100.0,60.33164596557617,447.0,0.0
3684,0.0,1892.0,12.652037620544434,36.99,67.13009643554688,2167.0,0.0,1367.0,0.0150991035625338,100.0,60.33164596557617,447.0,0.0
3685,0.0,1892.0,12.884807586669922,36.99,67.12858581542969,1911.0,0.0,1367.0,0.0450959503650665,100.0,60.214569091796875,444.0,0.0
3686,0.0,1892.0,12.884807586669922,36.99,67.12858581542969,1911.0,0.0,1367.0,0.0450959503650665,100.0,60.214569091796875,444.0,0.0
3687,0.0,1892.0,12.884807586669922,36.99,67.12858581542969,1911.0,0.0,1367.0,0.0450959503650665,100.0,60.214569091796875,444.0,0.0
3688,0.0,1892.0,12.884807586669922,36.99,67.12858581542969,1911.0,0.0,1367.0,0.0450959503650665,100.0,60.214569091796875,444.0,0.0
3689,0.0,1892.0,12.884807586669922,36.99,67.12858581542969,1911.0,0.0,1367.0,0.0450959503650665,100.0,60.214569091796875,444.0,0.0
3690,0.0,1892.0,14.742069244384766,36.99,69.57808685302734,2020.0,0.0,1367.0,0.4316910207271576,100.0,60.06504440307617,463.0,0.0
3691,0.0,1892.0,14.742069244384766,36.99,69.57808685302734,2020.0,0.0,1367.0,0.4316910207271576,100.0,60.06504440307617,463.0,0.0
3692,0.0,1892.0,14.742069244384766,36.99,69.57808685302734,2020.0,0.0,1367.0,0.4316910207271576,100.0,60.06504440307617,463.0,0.0
3693,0.0,1892.0,14.742069244384766,36.99,69.57808685302734,2020.0,0.0,1367.0,0.4316910207271576,100.0,60.06504440307617,463.0,0.0
3694,0.0,1892.0,14.742069244384766,36.99,69.57808685302734,2020.0,0.0,1367.0,0.4316910207271576,100.0,60.06504440307617,463.0,0.0
3695,0.0,1892.0,15.048974990844728,36.99,71.36709594726562,1757.0,0.0,1367.0,0.4394554197788238,100.0,60.40299606323242,564.0,0.0
3696,0.0,1892.0,15.048974990844728,36.99,71.36709594726562,1757.0,0.0,1367.0,0.4394554197788238,100.0,60.40299606323242,564.0,0.0
3697,0.0,1892.0,15.048974990844728,36.99,71.36709594726562,1757.0,0.0,1367.0,0.4394554197788238,100.0,60.40299606323242,564.0,0.0
3698,0.0,1892.0,15.048974990844728,36.99,71.36709594726562,1757.0,0.0,1367.0,0.4394554197788238,100.0,60.40299606323242,564.0,0.0
3699,0.0,1892.0,15.048974990844728,36.99,71.36709594726562,1757.0,0.0,1367.0,0.4394554197788238,100.0,60.40299606323242,564.0,0.0
3700,0.0,1892.0,15.048974990844728,36.99,71.36709594726562,1757.0,0.0,1367.0,0.4394554197788238,100.0,60.40299606323242,564.0,0.0
3701,0.0,1892.0,13.20253086090088,36.99,71.0909423828125,2041.0,0.0,1367.0,0.1004106923937797,100.0,60.456031799316406,444.0,0.0
3702,0.0,1892.0,13.20253086090088,36.99,71.0909423828125,2041.0,0.0,1367.0,0.1004106923937797,100.0,60.456031799316406,444.0,0.0
3703,0.0,1892.0,13.20253086090088,36.99,71.0909423828125,2041.0,0.0,1367.0,0.1004106923937797,100.0,60.456031799316406,444.0,0.0
3704,0.0,1892.0,13.20253086090088,36.99,71.0909423828125,2041.0,0.0,1367.0,0.1004106923937797,100.0,60.456031799316406,444.0,0.0
3705,0.0,1892.0,13.20253086090088,36.99,71.0909423828125,2041.0,0.0,1367.0,0.1004106923937797,100.0,60.456031799316406,444.0,0.0
3706,0.0,1892.0,12.658647537231444,36.99,69.50850677490234,1208.0,0.0,1367.0,0.0069095157086849,100.0,60.2529296875,111.0,0.0
3707,0.0,1892.0,12.658647537231444,36.99,69.50850677490234,1208.0,0.0,1367.0,0.0069095157086849,100.0,60.2529296875,111.0,0.0
3708,0.0,1892.0,12.658647537231444,36.99,69.50850677490234,1208.0,0.0,1367.0,0.0069095157086849,100.0,60.2529296875,111.0,0.0
3709,0.0,1892.0,12.658647537231444,36.99,69.50850677490234,1208.0,0.0,1367.0,0.0069095157086849,100.0,60.2529296875,111.0,0.0
3710,0.0,1892.0,12.658647537231444,36.99,69.50850677490234,1208.0,0.0,1367.0,0.0069095157086849,100.0,60.2529296875,111.0,0.0
3711,0.0,1892.0,12.57947063446045,36.99,68.33748626708984,1205.0,0.0,1367.0,0.0011579468846321,100.0,5.8734002113342285,222.0,0.0
3712,0.0,1892.0,12.57947063446045,36.99,68.33748626708984,1205.0,0.0,1367.0,0.0011579468846321,100.0,5.8734002113342285,222.0,0.0
3713,0.0,1892.0,12.57947063446045,36.99,68.33748626708984,1205.0,0.0,1367.0,0.0011579468846321,100.0,5.8734002113342285,222.0,0.0
3714,0.0,1892.0,12.57947063446045,36.99,68.33748626708984,1205.0,0.0,1367.0,0.0011579468846321,100.0,5.8734002113342285,222.0,0.0
3715,0.0,1892.0,12.57947063446045,36.99,68.33748626708984,1205.0,0.0,1367.0,0.0011579468846321,100.0,5.8734002113342285,222.0,0.0
3716,0.0,1892.0,12.482519149780272,36.99,66.9969482421875,1001.0,0.0,1367.0,4.525833355728537e-05,100.0,60.30389404296875,111.0,0.0
3717,0.0,1892.0,12.482519149780272,36.99,66.9969482421875,1001.0,0.0,1367.0,4.525833355728537e-05,100.0,60.30389404296875,111.0,0.0
3718,0.0,1892.0,12.482519149780272,36.99,66.9969482421875,1001.0,0.0,1367.0,4.525833355728537e-05,100.0,60.30389404296875,111.0,0.0
3719,0.0,1892.0,12.482519149780272,36.99,66.9969482421875,1001.0,0.0,1367.0,4.525833355728537e-05,100.0,60.30389404296875,111.0,0.0
3720,0.0,1892.0,12.482519149780272,36.99,66.9969482421875,1001.0,0.0,1367.0,4.525833355728537e-05,100.0,60.30389404296875,111.0,0.0
3721,0.0,1892.0,12.644622802734377,36.99,66.93700408935547,1156.0,0.0,1367.0,0.0018020827556028,100.0,5.8734002113342285,111.0,0.0
3722,0.0,1892.0,12.644622802734377,36.99,66.93700408935547,1156.0,0.0,1367.0,0.0018020827556028,100.0,5.8734002113342285,111.0,0.0
3723,0.0,1892.0,12.644622802734377,36.99,66.93700408935547,1156.0,0.0,1367.0,0.0018020827556028,100.0,5.8734002113342285,111.0,0.0
3724,0.0,1892.0,12.644622802734377,36.99,66.93700408935547,1156.0,0.0,1367.0,0.0018020827556028,100.0,5.8734002113342285,111.0,0.0
3725,0.0,1892.0,12.644622802734377,36.99,66.93700408935547,1156.0,0.0,1367.0,0.0018020827556028,100.0,5.8734002113342285,111.0,0.0
3726,0.0,1892.0,14.886552810668944,36.99,68.1495132446289,1652.0,0.0,1367.0,0.1331441104412078,100.0,60.28019332885742,333.0,0.0
3727,0.0,1892.0,14.886552810668944,36.99,68.1495132446289,1652.0,0.0,1367.0,0.1331441104412078,100.0,60.28019332885742,333.0,0.0
3728,0.0,1892.0,14.886552810668944,36.99,68.1495132446289,1652.0,0.0,1367.0,0.1331441104412078,100.0,60.28019332885742,333.0,0.0
3729,0.0,1892.0,14.886552810668944,36.99,68.1495132446289,1652.0,0.0,1367.0,0.1331441104412078,100.0,60.28019332885742,333.0,0.0
3730,0.0,1892.0,14.886552810668944,36.99,68.1495132446289,1652.0,0.0,1367.0,0.1331441104412078,100.0,60.28019332885742,333.0,0.0
3731,0.0,1892.0,14.929465293884276,36.99,71.25760650634766,1940.0,0.0,1367.0,0.3094242215156555,100.0,60.4483757019043,466.0,0.0
3732,0.0,1892.0,14.929465293884276,36.99,71.25760650634766,1940.0,0.0,1367.0,0.3094242215156555,100.0,60.4483757019043,466.0,0.0
3733,0.0,1892.0,14.929465293884276,36.99,71.25760650634766,1940.0,0.0,1367.0,0.3094242215156555,100.0,60.4483757019043,466.0,0.0
3734,0.0,1892.0,14.929465293884276,36.99,71.25760650634766,1940.0,0.0,1367.0,0.3094242215156555,100.0,60.4483757019043,466.0,0.0
3735,0.0,1892.0,14.929465293884276,36.99,71.25760650634766,1940.0,0.0,1367.0,0.3094242215156555,100.0,60.4483757019043,466.0,0.0
3736,0.0,1892.0,13.738658905029297,36.99,70.63326263427734,1911.0,0.0,1367.0,0.2922007441520691,100.0,60.41240692138672,444.0,0.0
3737,0.0,1892.0,13.738658905029297,36.99,70.63326263427734,1911.0,0.0,1367.0,0.2922007441520691,100.0,60.41240692138672,444.0,0.0
3738,0.0,1892.0,13.738658905029297,36.99,70.63326263427734,1911.0,0.0,1367.0,0.2922007441520691,100.0,60.41240692138672,444.0,0.0
3739,0.0,1892.0,13.738658905029297,36.99,70.63326263427734,1911.0,0.0,1367.0,0.2922007441520691,100.0,60.41240692138672,444.0,0.0
3740,0.0,1892.0,13.738658905029297,36.99,70.63326263427734,1911.0,0.0,1367.0,0.2922007441520691,100.0,60.41240692138672,444.0,0.0
3741,0.0,1892.0,13.278714179992676,36.99,70.02102661132812,1983.0,0.0,1367.0,0.1083791404962539,100.0,60.2494010925293,444.0,0.0
3742,0.0,1892.0,13.278714179992676,36.99,70.02102661132812,1983.0,0.0,1367.0,0.1083791404962539,100.0,60.2494010925293,444.0,0.0
3743,0.0,1892.0,13.278714179992676,36.99,70.02102661132812,1983.0,0.0,1367.0,0.1083791404962539,100.0,60.2494010925293,444.0,0.0
3744,0.0,1892.0,13.278714179992676,36.99,70.02102661132812,1983.0,0.0,1367.0,0.1083791404962539,100.0,60.2494010925293,444.0,0.0
3745,0.0,1892.0,13.278714179992676,36.99,70.02102661132812,1983.0,0.0,1367.0,0.1083791404962539,100.0,60.2494010925293,444.0,0.0
3746,0.0,1892.0,13.443004608154297,36.99,70.41232299804688,2115.0,0.0,1367.0,0.2186696231365203,100.0,60.22745513916016,444.0,0.0
3747,0.0,1892.0,13.443004608154297,36.99,70.41232299804688,2115.0,0.0,1367.0,0.2186696231365203,100.0,60.22745513916016,444.0,0.0
3748,0.0,1892.0,13.443004608154297,36.99,70.41232299804688,2115.0,0.0,1367.0,0.2186696231365203,100.0,60.22745513916016,444.0,0.0
3749,0.0,1892.0,13.443004608154297,36.99,70.41232299804688,2115.0,0.0,1367.0,0.2186696231365203,100.0,60.22745513916016,444.0,0.0
3750,0.0,1892.0,13.443004608154297,36.99,70.41232299804688,2115.0,0.0,1367.0,0.2186696231365203,100.0,60.22745513916016,444.0,0.0
3751,0.0,1892.0,13.443004608154297,36.99,70.41232299804688,2115.0,0.0,1367.0,0.2186696231365203,100.0,60.22745513916016,444.0,0.0
3752,0.0,1892.0,12.945040702819824,36.99,69.66799926757812,2071.0,0.0,1367.0,0.0301141589879989,100.0,60.230255126953125,638.0,0.0
3753,0.0,1892.0,12.945040702819824,36.99,69.66799926757812,2071.0,0.0,1367.0,0.0301141589879989,100.0,60.230255126953125,638.0,0.0
3754,0.0,1892.0,12.945040702819824,36.99,69.66799926757812,2071.0,0.0,1367.0,0.0301141589879989,100.0,60.230255126953125,638.0,0.0
3755,0.0,1892.0,12.945040702819824,36.99,69.66799926757812,2071.0,0.0,1367.0,0.0301141589879989,100.0,60.230255126953125,638.0,0.0
3756,0.0,1892.0,12.945040702819824,36.99,69.66799926757812,2071.0,0.0,1367.0,0.0301141589879989,100.0,60.230255126953125,638.0,0.0
3757,0.0,1892.0,12.762166976928713,36.99,68.64926147460938,2151.0,0.0,1367.0,0.064476653933525,100.0,60.30013275146485,476.0,0.0
3758,0.0,1892.0,12.762166976928713,36.99,68.64926147460938,2151.0,0.0,1367.0,0.064476653933525,100.0,60.30013275146485,476.0,0.0
3759,0.0,1892.0,12.762166976928713,36.99,68.64926147460938,2151.0,0.0,1367.0,0.064476653933525,100.0,60.30013275146485,476.0,0.0
3760,0.0,1892.0,12.762166976928713,36.99,68.64926147460938,2151.0,0.0,1367.0,0.064476653933525,100.0,60.30013275146485,476.0,0.0
3761,0.0,1892.0,12.762166976928713,36.99,68.64926147460938,2151.0,0.0,1367.0,0.064476653933525,100.0,60.30013275146485,476.0,0.0
3762,0.0,1892.0,14.832202911376951,36.99,69.59945678710938,2139.0,0.0,1367.0,0.1334982365369796,100.0,60.158164978027344,475.0,0.0
3763,0.0,1892.0,14.832202911376951,36.99,69.59945678710938,2139.0,0.0,1367.0,0.1334982365369796,100.0,60.158164978027344,475.0,0.0
3764,0.0,1892.0,14.832202911376951,36.99,69.59945678710938,2139.0,0.0,1367.0,0.1334982365369796,100.0,60.158164978027344,475.0,0.0
3765,0.0,1892.0,14.832202911376951,36.99,69.59945678710938,2139.0,0.0,1367.0,0.1334982365369796,100.0,60.158164978027344,475.0,0.0
3766,0.0,1892.0,14.832202911376951,36.99,69.59945678710938,2139.0,0.0,1367.0,0.1334982365369796,100.0,60.158164978027344,475.0,0.0
3767,0.0,1892.0,17.101531982421875,36.99,72.24156951904297,2090.0,0.0,1367.0,0.3864571154117584,100.0,60.68714141845703,444.0,0.0
3768,0.0,1892.0,17.101531982421875,36.99,72.24156951904297,2090.0,0.0,1367.0,0.3864571154117584,100.0,60.68714141845703,444.0,0.0
3769,0.0,1892.0,17.101531982421875,36.99,72.24156951904297,2090.0,0.0,1367.0,0.3864571154117584,100.0,60.68714141845703,444.0,0.0
3770,0.0,1892.0,17.101531982421875,36.99,72.24156951904297,2090.0,0.0,1367.0,0.3864571154117584,100.0,60.68714141845703,444.0,0.0
3771,0.0,1892.0,17.101531982421875,36.99,72.24156951904297,2090.0,0.0,1367.0,0.3864571154117584,100.0,60.68714141845703,444.0,0.0
3772,0.0,1892.0,12.885550498962402,36.99,72.03296661376953,1819.0,0.0,1367.0,0.0780260786414146,100.0,60.763404846191406,444.0,0.0
3773,0.0,1892.0,12.885550498962402,36.99,72.03296661376953,1819.0,0.0,1367.0,0.0780260786414146,100.0,60.763404846191406,444.0,0.0
3774,0.0,1892.0,12.885550498962402,36.99,72.03296661376953,1819.0,0.0,1367.0,0.0780260786414146,100.0,60.763404846191406,444.0,0.0
3775,0.0,1892.0,12.885550498962402,36.99,72.03296661376953,1819.0,0.0,1367.0,0.0780260786414146,100.0,60.763404846191406,444.0,0.0
3776,0.0,1892.0,12.885550498962402,36.99,72.03296661376953,1819.0,0.0,1367.0,0.0780260786414146,100.0,60.763404846191406,444.0,0.0
3777,0.0,1892.0,15.524714469909668,36.99,70.05541229248047,1838.0,0.0,1367.0,0.1464243978261947,100.0,60.36077117919922,603.0,0.0
3778,0.0,1892.0,15.524714469909668,36.99,70.05541229248047,1838.0,0.0,1367.0,0.1464243978261947,100.0,60.36077117919922,603.0,0.0
3779,0.0,1892.0,15.524714469909668,36.99,70.05541229248047,1838.0,0.0,1367.0,0.1464243978261947,100.0,60.36077117919922,603.0,0.0
3780,0.0,1892.0,15.524714469909668,36.99,70.05541229248047,1838.0,0.0,1367.0,0.1464243978261947,100.0,60.36077117919922,603.0,0.0
3781,0.0,1892.0,15.524714469909668,36.99,70.05541229248047,1838.0,0.0,1367.0,0.1464243978261947,100.0,60.36077117919922,603.0,0.0
3782,0.0,1892.0,15.686975479125977,36.99,72.17575073242188,2141.0,0.0,1367.0,0.1528053879737854,100.0,60.64110565185547,513.0,0.0
3783,0.0,1892.0,15.686975479125977,36.99,72.17575073242188,2141.0,0.0,1367.0,0.1528053879737854,100.0,60.64110565185547,513.0,0.0
3784,0.0,1892.0,15.686975479125977,36.99,72.17575073242188,2141.0,0.0,1367.0,0.1528053879737854,100.0,60.64110565185547,513.0,0.0
3785,0.0,1892.0,15.686975479125977,36.99,72.17575073242188,2141.0,0.0,1367.0,0.1528053879737854,100.0,60.64110565185547,513.0,0.0
3786,0.0,1892.0,15.686975479125977,36.99,72.17575073242188,2141.0,0.0,1367.0,0.1528053879737854,100.0,60.64110565185547,513.0,0.0
3787,0.0,1892.0,15.667820930480955,36.99,72.59945678710938,2029.0,0.0,1367.0,0.4148866832256317,100.0,60.9698486328125,444.0,0.0
3788,0.0,1892.0,15.667820930480955,36.99,72.59945678710938,2029.0,0.0,1367.0,0.4148866832256317,100.0,60.9698486328125,444.0,0.0
3789,0.0,1892.0,15.667820930480955,36.99,72.59945678710938,2029.0,0.0,1367.0,0.4148866832256317,100.0,60.9698486328125,444.0,0.0
3790,0.0,1892.0,15.667820930480955,36.99,72.59945678710938,2029.0,0.0,1367.0,0.4148866832256317,100.0,60.9698486328125,444.0,0.0
3791,0.0,1892.0,15.667820930480955,36.99,72.59945678710938,2029.0,0.0,1367.0,0.4148866832256317,100.0,60.9698486328125,444.0,0.0
3792,0.0,1892.0,14.398441314697266,36.99,71.31663513183594,1708.0,0.0,1367.0,0.3854196965694427,100.0,60.79762649536133,444.0,0.0
3793,0.0,1892.0,14.398441314697266,36.99,71.31663513183594,1708.0,0.0,1367.0,0.3854196965694427,100.0,60.79762649536133,444.0,0.0
3794,0.0,1892.0,14.398441314697266,36.99,71.31663513183594,1708.0,0.0,1367.0,0.3854196965694427,100.0,60.79762649536133,444.0,0.0
3795,0.0,1892.0,14.398441314697266,36.99,71.31663513183594,1708.0,0.0,1367.0,0.3854196965694427,100.0,60.79762649536133,444.0,0.0
3796,0.0,1892.0,14.398441314697266,36.99,71.31663513183594,1708.0,0.0,1367.0,0.3854196965694427,100.0,60.79762649536133,444.0,0.0
3797,0.0,1892.0,13.451932907104492,36.99,71.14557647705078,2112.0,0.0,1367.0,0.1343712508678436,100.0,60.92039108276367,444.0,0.0
3798,0.0,1892.0,13.451932907104492,36.99,71.14557647705078,2112.0,0.0,1367.0,0.1343712508678436,100.0,60.92039108276367,444.0,0.0
3799,0.0,1892.0,13.451932907104492,36.99,71.14557647705078,2112.0,0.0,1367.0,0.1343712508678436,100.0,60.92039108276367,444.0,0.0
3800,0.0,1892.0,13.451932907104492,36.99,71.14557647705078,2112.0,0.0,1367.0,0.1343712508678436,100.0,60.92039108276367,444.0,0.0
3801,0.0,1892.0,13.451932907104492,36.99,71.14557647705078,2112.0,0.0,1367.0,0.1343712508678436,100.0,60.92039108276367,444.0,0.0
3802,0.0,1892.0,15.283965110778809,36.99,69.94617462158203,1927.0,0.0,1367.0,0.239559531211853,100.0,60.79631423950195,529.0,0.0
3803,0.0,1892.0,15.283965110778809,36.99,69.94617462158203,1927.0,0.0,1367.0,0.239559531211853,100.0,60.79631423950195,529.0,0.0
3804,0.0,1892.0,15.283965110778809,36.99,69.94617462158203,1927.0,0.0,1367.0,0.239559531211853,100.0,60.79631423950195,529.0,0.0
3805,0.0,1892.0,15.283965110778809,36.99,69.94617462158203,1927.0,0.0,1367.0,0.239559531211853,100.0,60.79631423950195,529.0,0.0
3806,0.0,1892.0,15.283965110778809,36.99,69.94617462158203,1927.0,0.0,1367.0,0.239559531211853,100.0,60.79631423950195,529.0,0.0
3807,0.0,1892.0,15.283965110778809,36.99,69.94617462158203,1927.0,0.0,1367.0,0.239559531211853,100.0,60.79631423950195,529.0,0.0
3808,0.0,1892.0,16.39440155029297,36.99,72.40291595458984,1962.0,0.0,1367.0,0.4589654207229614,100.0,61.047584533691406,544.0,0.0
3809,0.0,1892.0,16.39440155029297,36.99,72.40291595458984,1962.0,0.0,1367.0,0.4589654207229614,100.0,61.047584533691406,544.0,0.0
3810,0.0,1892.0,16.39440155029297,36.99,72.40291595458984,1962.0,0.0,1367.0,0.4589654207229614,100.0,61.047584533691406,544.0,0.0
3811,0.0,1892.0,16.39440155029297,36.99,72.40291595458984,1962.0,0.0,1367.0,0.4589654207229614,100.0,61.047584533691406,544.0,0.0
3812,0.0,1892.0,16.39440155029297,36.99,72.40291595458984,1962.0,0.0,1367.0,0.4589654207229614,100.0,61.047584533691406,544.0,0.0
3813,0.0,1892.0,13.222558975219728,36.99,72.22759246826172,1581.0,0.0,1367.0,0.1965958476066589,100.0,61.39363861083984,510.0,0.0
3814,0.0,1892.0,13.222558975219728,36.99,72.22759246826172,1581.0,0.0,1367.0,0.1965958476066589,100.0,61.39363861083984,510.0,0.0
3815,0.0,1892.0,13.222558975219728,36.99,72.22759246826172,1581.0,0.0,1367.0,0.1965958476066589,100.0,61.39363861083984,510.0,0.0
3816,0.0,1892.0,13.222558975219728,36.99,72.22759246826172,1581.0,0.0,1367.0,0.1965958476066589,100.0,61.39363861083984,510.0,0.0
3817,0.0,1892.0,13.222558975219728,36.99,72.22759246826172,1581.0,0.0,1367.0,0.1965958476066589,100.0,61.39363861083984,510.0,0.0
3818,0.0,1892.0,13.894535064697266,36.99,70.86566162109375,1796.0,0.0,1367.0,0.2770128846168518,100.0,61.0330696105957,444.0,0.0
3819,0.0,1892.0,13.894535064697266,36.99,70.86566162109375,1796.0,0.0,1367.0,0.2770128846168518,100.0,61.0330696105957,444.0,0.0
3820,0.0,1892.0,13.894535064697266,36.99,70.86566162109375,1796.0,0.0,1367.0,0.2770128846168518,100.0,61.0330696105957,444.0,0.0
3821,0.0,1892.0,13.894535064697266,36.99,70.86566162109375,1796.0,0.0,1367.0,0.2770128846168518,100.0,61.0330696105957,444.0,0.0
3822,0.0,1892.0,13.894535064697266,36.99,70.86566162109375,1796.0,0.0,1367.0,0.2770128846168518,100.0,61.0330696105957,444.0,0.0
3823,0.0,1892.0,13.08342170715332,36.99,70.41712188720703,1926.0,0.0,1367.0,0.0679105818271637,100.0,60.8776741027832,444.0,0.0
3824,0.0,1892.0,13.08342170715332,36.99,70.41712188720703,1926.0,0.0,1367.0,0.0679105818271637,100.0,60.8776741027832,444.0,0.0
3825,0.0,1892.0,13.08342170715332,36.99,70.41712188720703,1926.0,0.0,1367.0,0.0679105818271637,100.0,60.8776741027832,444.0,0.0
3826,0.0,1892.0,13.08342170715332,36.99,70.41712188720703,1926.0,0.0,1367.0,0.0679105818271637,100.0,60.8776741027832,444.0,0.0
3827,0.0,1892.0,13.08342170715332,36.99,70.41712188720703,1926.0,0.0,1367.0,0.0679105818271637,100.0,60.8776741027832,444.0,0.0
3828,0.0,1892.0,16.237855911254883,36.99,70.55525970458984,2100.0,0.0,1367.0,0.1393369436264038,100.0,60.65851974487305,473.0,0.0
3829,0.0,1892.0,16.237855911254883,36.99,70.55525970458984,2100.0,0.0,1367.0,0.1393369436264038,100.0,60.65851974487305,473.0,0.0
3830,0.0,1892.0,16.237855911254883,36.99,70.55525970458984,2100.0,0.0,1367.0,0.1393369436264038,100.0,60.65851974487305,473.0,0.0
3831,0.0,1892.0,16.237855911254883,36.99,70.55525970458984,2100.0,0.0,1367.0,0.1393369436264038,100.0,60.65851974487305,473.0,0.0
3832,0.0,1892.0,16.237855911254883,36.99,70.55525970458984,2100.0,0.0,1367.0,0.1393369436264038,100.0,60.65851974487305,473.0,0.0
3833,0.0,1892.0,14.331491470336914,36.99,73.00629425048828,1659.0,0.0,1367.0,0.0829362273216247,100.0,61.18961334228515,505.0,0.0
3834,0.0,1892.0,14.331491470336914,36.99,73.00629425048828,1659.0,0.0,1367.0,0.0829362273216247,100.0,61.18961334228515,505.0,0.0
3835,0.0,1892.0,14.331491470336914,36.99,73.00629425048828,1659.0,0.0,1367.0,0.0829362273216247,100.0,61.18961334228515,505.0,0.0
3836,0.0,1892.0,14.331491470336914,36.99,73.00629425048828,1659.0,0.0,1367.0,0.0829362273216247,100.0,61.18961334228515,505.0,0.0
3837,0.0,1892.0,14.331491470336914,36.99,73.00629425048828,1659.0,0.0,1367.0,0.0829362273216247,100.0,61.18961334228515,505.0,0.0
3838,0.0,1892.0,13.147133827209473,36.99,69.94209289550781,1736.0,0.0,1367.0,0.0882373750209808,100.0,60.92942428588867,444.0,0.0
3839,0.0,1892.0,13.147133827209473,36.99,69.94209289550781,1736.0,0.0,1367.0,0.0882373750209808,100.0,60.92942428588867,444.0,0.0
3840,0.0,1892.0,13.147133827209473,36.99,69.94209289550781,1736.0,0.0,1367.0,0.0882373750209808,100.0,60.92942428588867,444.0,0.0
3841,0.0,1892.0,13.147133827209473,36.99,69.94209289550781,1736.0,0.0,1367.0,0.0882373750209808,100.0,60.92942428588867,444.0,0.0
3842,0.0,1892.0,13.147133827209473,36.99,69.94209289550781,1736.0,0.0,1367.0,0.0882373750209808,100.0,60.92942428588867,444.0,0.0
3843,0.0,1892.0,17.072389602661133,36.99,71.14488983154297,2183.0,0.0,1367.0,0.1434909850358963,100.0,60.735877990722656,444.0,0.0
3844,0.0,1892.0,17.072389602661133,36.99,71.14488983154297,2183.0,0.0,1367.0,0.1434909850358963,100.0,60.735877990722656,444.0,0.0
3845,0.0,1892.0,17.072389602661133,36.99,71.14488983154297,2183.0,0.0,1367.0,0.1434909850358963,100.0,60.735877990722656,444.0,0.0
3846,0.0,1892.0,17.072389602661133,36.99,71.14488983154297,2183.0,0.0,1367.0,0.1434909850358963,100.0,60.735877990722656,444.0,0.0
3847,0.0,1892.0,17.072389602661133,36.99,71.14488983154297,2183.0,0.0,1367.0,0.1434909850358963,100.0,60.735877990722656,444.0,0.0
3848,0.0,1892.0,14.438802719116213,36.99,72.95716094970703,1849.0,0.0,1367.0,0.0578906461596488,100.0,61.13895797729492,333.0,0.0
3849,0.0,1892.0,14.438802719116213,36.99,72.95716094970703,1849.0,0.0,1367.0,0.0578906461596488,100.0,61.13895797729492,333.0,0.0
3850,0.0,1892.0,14.438802719116213,36.99,72.95716094970703,1849.0,0.0,1367.0,0.0578906461596488,100.0,61.13895797729492,333.0,0.0
3851,0.0,1892.0,14.438802719116213,36.99,72.95716094970703,1849.0,0.0,1367.0,0.0578906461596488,100.0,61.13895797729492,333.0,0.0
3852,0.0,1892.0,14.438802719116213,36.99,72.95716094970703,1849.0,0.0,1367.0,0.0578906461596488,100.0,61.13895797729492,333.0,0.0
3853,0.0,1892.0,12.74797821044922,36.99,69.33784484863281,2101.0,0.0,1367.0,0.0171012040227651,100.0,60.8212776184082,444.0,0.0
3854,0.0,1892.0,12.74797821044922,36.99,69.33784484863281,2101.0,0.0,1367.0,0.0171012040227651,100.0,60.8212776184082,444.0,0.0
3855,0.0,1892.0,12.74797821044922,36.99,69.33784484863281,2101.0,0.0,1367.0,0.0171012040227651,100.0,60.8212776184082,444.0,0.0
3856,0.0,1892.0,12.74797821044922,36.99,69.33784484863281,2101.0,0.0,1367.0,0.0171012040227651,100.0,60.8212776184082,444.0,0.0
3857,0.0,1892.0,12.74797821044922,36.99,69.33784484863281,2101.0,0.0,1367.0,0.0171012040227651,100.0,60.8212776184082,444.0,0.0
3858,0.0,1892.0,14.944465637207031,36.99,71.8734359741211,1810.0,0.0,1367.0,0.4790540337562561,100.0,61.1479606628418,532.0,0.0
3859,0.0,1892.0,14.944465637207031,36.99,71.8734359741211,1810.0,0.0,1367.0,0.4790540337562561,100.0,61.1479606628418,532.0,0.0
3860,0.0,1892.0,14.944465637207031,36.99,71.8734359741211,1810.0,0.0,1367.0,0.4790540337562561,100.0,61.1479606628418,532.0,0.0
3861,0.0,1892.0,14.944465637207031,36.99,71.8734359741211,1810.0,0.0,1367.0,0.4790540337562561,100.0,61.1479606628418,532.0,0.0
3862,0.0,1892.0,14.944465637207031,36.99,71.8734359741211,1810.0,0.0,1367.0,0.4790540337562561,100.0,61.1479606628418,532.0,0.0
3863,0.0,1892.0,14.944465637207031,36.99,71.8734359741211,1810.0,0.0,1367.0,0.4790540337562561,100.0,61.1479606628418,532.0,0.0
3864,0.0,1892.0,14.234100341796877,36.99,71.41613006591797,1534.0,0.0,1367.0,0.3414575457572937,100.0,61.0101203918457,444.0,0.0
3865,0.0,1892.0,14.234100341796877,36.99,71.41613006591797,1534.0,0.0,1367.0,0.3414575457572937,100.0,61.0101203918457,444.0,0.0
3866,0.0,1892.0,14.234100341796877,36.99,71.41613006591797,1534.0,0.0,1367.0,0.3414575457572937,100.0,61.0101203918457,444.0,0.0
3867,0.0,1892.0,14.234100341796877,36.99,71.41613006591797,1534.0,0.0,1367.0,0.3414575457572937,100.0,61.0101203918457,444.0,0.0
3868,0.0,1892.0,14.234100341796877,36.99,71.41613006591797,1534.0,0.0,1367.0,0.3414575457572937,100.0,61.0101203918457,444.0,0.0
3869,0.0,1892.0,13.19025421142578,36.99,70.51294708251953,1924.0,0.0,1367.0,0.0744776353240013,100.0,60.86903762817383,444.0,0.0
3870,0.0,1892.0,13.19025421142578,36.99,70.51294708251953,1924.0,0.0,1367.0,0.0744776353240013,100.0,60.86903762817383,444.0,0.0
3871,0.0,1892.0,13.19025421142578,36.99,70.51294708251953,1924.0,0.0,1367.0,0.0744776353240013,100.0,60.86903762817383,444.0,0.0
3872,0.0,1892.0,13.19025421142578,36.99,70.51294708251953,1924.0,0.0,1367.0,0.0744776353240013,100.0,60.86903762817383,444.0,0.0
3873,0.0,1892.0,13.19025421142578,36.99,70.51294708251953,1924.0,0.0,1367.0,0.0744776353240013,100.0,60.86903762817383,444.0,0.0
3874,0.0,1892.0,15.921225547790527,36.99,72.35653686523438,1884.0,0.0,1367.0,0.1559106409549713,100.0,61.0098876953125,444.0,0.0
3875,0.0,1892.0,15.921225547790527,36.99,72.35653686523438,1884.0,0.0,1367.0,0.1559106409549713,100.0,61.0098876953125,444.0,0.0
3876,0.0,1892.0,15.921225547790527,36.99,72.35653686523438,1884.0,0.0,1367.0,0.1559106409549713,100.0,61.0098876953125,444.0,0.0
3877,0.0,1892.0,15.921225547790527,36.99,72.35653686523438,1884.0,0.0,1367.0,0.1559106409549713,100.0,61.0098876953125,444.0,0.0
3878,0.0,1892.0,15.921225547790527,36.99,72.35653686523438,1884.0,0.0,1367.0,0.1559106409549713,100.0,61.0098876953125,444.0,0.0
3879,0.0,1892.0,15.065083503723145,36.99,72.43653869628906,2033.0,0.0,1367.0,0.3596717119216919,100.0,61.40058135986328,460.0,0.0
3880,0.0,1892.0,15.065083503723145,36.99,72.43653869628906,2033.0,0.0,1367.0,0.3596717119216919,100.0,61.40058135986328,460.0,0.0
3881,0.0,1892.0,15.065083503723145,36.99,72.43653869628906,2033.0,0.0,1367.0,0.3596717119216919,100.0,61.40058135986328,460.0,0.0
3882,0.0,1892.0,15.065083503723145,36.99,72.43653869628906,2033.0,0.0,1367.0,0.3596717119216919,100.0,61.40058135986328,460.0,0.0
3883,0.0,1892.0,15.065083503723145,36.99,72.43653869628906,2033.0,0.0,1367.0,0.3596717119216919,100.0,61.40058135986328,460.0,0.0
3884,0.0,1892.0,14.859174728393556,36.99,71.13988494873047,2159.0,0.0,1367.0,0.1096756979823112,100.0,60.94157791137695,444.0,0.0
3885,0.0,1892.0,14.859174728393556,36.99,71.13988494873047,2159.0,0.0,1367.0,0.1096756979823112,100.0,60.94157791137695,444.0,0.0
3886,0.0,1892.0,14.859174728393556,36.99,71.13988494873047,2159.0,0.0,1367.0,0.1096756979823112,100.0,60.94157791137695,444.0,0.0
3887,0.0,1892.0,14.859174728393556,36.99,71.13988494873047,2159.0,0.0,1367.0,0.1096756979823112,100.0,60.94157791137695,444.0,0.0
3888,0.0,1892.0,14.859174728393556,36.99,71.13988494873047,2159.0,0.0,1367.0,0.1096756979823112,100.0,60.94157791137695,444.0,0.0
3889,0.0,1892.0,15.788025856018066,36.99,72.8274154663086,2011.0,0.0,1367.0,0.1226265653967857,100.0,61.4195556640625,488.0,0.0
3890,0.0,1892.0,15.788025856018066,36.99,72.8274154663086,2011.0,0.0,1367.0,0.1226265653967857,100.0,61.4195556640625,488.0,0.0
3891,0.0,1892.0,15.788025856018066,36.99,72.8274154663086,2011.0,0.0,1367.0,0.1226265653967857,100.0,61.4195556640625,488.0,0.0
3892,0.0,1892.0,15.788025856018066,36.99,72.8274154663086,2011.0,0.0,1367.0,0.1226265653967857,100.0,61.4195556640625,488.0,0.0
3893,0.0,1892.0,15.788025856018066,36.99,72.8274154663086,2011.0,0.0,1367.0,0.1226265653967857,100.0,61.4195556640625,488.0,0.0
3894,0.0,1892.0,13.832738876342772,36.99,72.26387786865234,1880.0,0.0,1367.0,0.0748570337891578,100.0,61.3366584777832,444.0,0.0
3895,0.0,1892.0,13.832738876342772,36.99,72.26387786865234,1880.0,0.0,1367.0,0.0748570337891578,100.0,61.3366584777832,444.0,0.0
3896,0.0,1892.0,13.832738876342772,36.99,72.26387786865234,1880.0,0.0,1367.0,0.0748570337891578,100.0,61.3366584777832,444.0,0.0
3897,0.0,1892.0,13.832738876342772,36.99,72.26387786865234,1880.0,0.0,1367.0,0.0748570337891578,100.0,61.3366584777832,444.0,0.0
3898,0.0,1892.0,13.832738876342772,36.99,72.26387786865234,1880.0,0.0,1367.0,0.0748570337891578,100.0,61.3366584777832,444.0,0.0
3899,0.0,1892.0,16.247817993164062,36.99,72.17401123046875,2010.0,0.0,1367.0,0.215779960155487,100.0,61.205596923828125,468.0,0.0
3900,0.0,1892.0,16.247817993164062,36.99,72.17401123046875,2010.0,0.0,1367.0,0.215779960155487,100.0,61.205596923828125,468.0,0.0
3901,0.0,1892.0,16.247817993164062,36.99,72.17401123046875,2010.0,0.0,1367.0,0.215779960155487,100.0,61.205596923828125,468.0,0.0
3902,0.0,1892.0,16.247817993164062,36.99,72.17401123046875,2010.0,0.0,1367.0,0.215779960155487,100.0,61.205596923828125,468.0,0.0
3903,0.0,1892.0,16.247817993164062,36.99,72.17401123046875,2010.0,0.0,1367.0,0.215779960155487,100.0,61.205596923828125,468.0,0.0
3904,0.0,1892.0,15.645118713378906,36.99,72.79017639160156,1960.0,0.0,1367.0,0.1893089860677719,100.0,61.497161865234375,548.0,0.0
3905,0.0,1892.0,15.645118713378906,36.99,72.79017639160156,1960.0,0.0,1367.0,0.1893089860677719,100.0,61.497161865234375,548.0,0.0
3906,0.0,1892.0,15.645118713378906,36.99,72.79017639160156,1960.0,0.0,1367.0,0.1893089860677719,100.0,61.497161865234375,548.0,0.0
3907,0.0,1892.0,15.645118713378906,36.99,72.79017639160156,1960.0,0.0,1367.0,0.1893089860677719,100.0,61.497161865234375,548.0,0.0
3908,0.0,1892.0,15.645118713378906,36.99,72.79017639160156,1960.0,0.0,1367.0,0.1893089860677719,100.0,61.497161865234375,548.0,0.0
3909,0.0,1892.0,15.102205276489258,36.99,72.28178405761719,1669.0,0.0,1367.0,0.4244962930679321,100.0,61.60440826416016,464.0,0.0
3910,0.0,1892.0,15.102205276489258,36.99,72.28178405761719,1669.0,0.0,1367.0,0.4244962930679321,100.0,61.60440826416016,464.0,0.0
3911,0.0,1892.0,15.102205276489258,36.99,72.28178405761719,1669.0,0.0,1367.0,0.4244962930679321,100.0,61.60440826416016,464.0,0.0
3912,0.0,1892.0,15.102205276489258,36.99,72.28178405761719,1669.0,0.0,1367.0,0.4244962930679321,100.0,61.60440826416016,464.0,0.0
3913,0.0,1892.0,15.102205276489258,36.99,72.28178405761719,1669.0,0.0,1367.0,0.4244962930679321,100.0,61.60440826416016,464.0,0.0
3914,0.0,1892.0,14.998642921447754,36.99,72.61135864257812,1836.0,0.0,1367.0,0.4046065509319305,100.0,61.676025390625,521.0,0.0
3915,0.0,1892.0,14.998642921447754,36.99,72.61135864257812,1836.0,0.0,1367.0,0.4046065509319305,100.0,61.676025390625,521.0,0.0
3916,0.0,1892.0,14.998642921447754,36.99,72.61135864257812,1836.0,0.0,1367.0,0.4046065509319305,100.0,61.676025390625,521.0,0.0
3917,0.0,1892.0,14.998642921447754,36.99,72.61135864257812,1836.0,0.0,1367.0,0.4046065509319305,100.0,61.676025390625,521.0,0.0
3918,0.0,1892.0,14.998642921447754,36.99,72.61135864257812,1836.0,0.0,1367.0,0.4046065509319305,100.0,61.676025390625,521.0,0.0
3919,0.0,1892.0,14.998642921447754,36.99,72.61135864257812,1836.0,0.0,1367.0,0.4046065509319305,100.0,61.676025390625,521.0,0.0
3920,0.0,1892.0,15.20539665222168,36.99,71.79810333251953,2222.0,0.0,1367.0,0.1138270646333694,100.0,61.56824493408203,444.0,0.0
3921,0.0,1892.0,15.20539665222168,36.99,71.79810333251953,2222.0,0.0,1367.0,0.1138270646333694,100.0,61.56824493408203,444.0,0.0
3922,0.0,1892.0,15.20539665222168,36.99,71.79810333251953,2222.0,0.0,1367.0,0.1138270646333694,100.0,61.56824493408203,444.0,0.0
3923,0.0,1892.0,15.20539665222168,36.99,71.79810333251953,2222.0,0.0,1367.0,0.1138270646333694,100.0,61.56824493408203,444.0,0.0
3924,0.0,1892.0,15.20539665222168,36.99,71.79810333251953,2222.0,0.0,1367.0,0.1138270646333694,100.0,61.56824493408203,444.0,0.0
3925,0.0,1892.0,15.864421844482422,36.99,72.88380432128906,2039.0,0.0,1367.0,0.29641854763031,100.0,61.65424728393555,487.0,0.0
3926,0.0,1892.0,15.864421844482422,36.99,72.88380432128906,2039.0,0.0,1367.0,0.29641854763031,100.0,61.65424728393555,487.0,0.0
3927,0.0,1892.0,15.864421844482422,36.99,72.88380432128906,2039.0,0.0,1367.0,0.29641854763031,100.0,61.65424728393555,487.0,0.0
3928,0.0,1892.0,15.864421844482422,36.99,72.88380432128906,2039.0,0.0,1367.0,0.29641854763031,100.0,61.65424728393555,487.0,0.0
3929,0.0,1892.0,15.864421844482422,36.99,72.88380432128906,2039.0,0.0,1367.0,0.29641854763031,100.0,61.65424728393555,487.0,0.0
3930,0.0,1892.0,14.272187232971191,36.99,73.17597961425781,1828.0,0.0,1367.0,0.2915544509887695,100.0,61.97819900512695,464.0,0.0
3931,0.0,1892.0,14.272187232971191,36.99,73.17597961425781,1828.0,0.0,1367.0,0.2915544509887695,100.0,61.97819900512695,464.0,0.0
3932,0.0,1892.0,14.272187232971191,36.99,73.17597961425781,1828.0,0.0,1367.0,0.2915544509887695,100.0,61.97819900512695,464.0,0.0
3933,0.0,1892.0,14.272187232971191,36.99,73.17597961425781,1828.0,0.0,1367.0,0.2915544509887695,100.0,61.97819900512695,464.0,0.0
3934,0.0,1892.0,14.272187232971191,36.99,73.17597961425781,1828.0,0.0,1367.0,0.2915544509887695,100.0,61.97819900512695,464.0,0.0
3935,0.0,1892.0,12.772310256958008,36.99,70.8534164428711,2063.0,0.0,1367.0,0.0754626840353012,100.0,61.87749099731445,474.0,0.0
3936,0.0,1892.0,12.772310256958008,36.99,70.8534164428711,2063.0,0.0,1367.0,0.0754626840353012,100.0,61.87749099731445,474.0,0.0
3937,0.0,1892.0,12.772310256958008,36.99,70.8534164428711,2063.0,0.0,1367.0,0.0754626840353012,100.0,61.87749099731445,474.0,0.0
3938,0.0,1892.0,12.772310256958008,36.99,70.8534164428711,2063.0,0.0,1367.0,0.0754626840353012,100.0,61.87749099731445,474.0,0.0
3939,0.0,1892.0,12.772310256958008,36.99,70.8534164428711,2063.0,0.0,1367.0,0.0754626840353012,100.0,61.87749099731445,474.0,0.0
3940,0.0,1892.0,16.474950790405273,36.99,71.34835052490234,1979.0,0.0,1367.0,0.1886757612228393,100.0,61.597694396972656,444.0,0.0
3941,0.0,1892.0,16.474950790405273,36.99,71.34835052490234,1979.0,0.0,1367.0,0.1886757612228393,100.0,61.597694396972656,444.0,0.0
3942,0.0,1892.0,16.474950790405273,36.99,71.34835052490234,1979.0,0.0,1367.0,0.1886757612228393,100.0,61.597694396972656,444.0,0.0
3943,0.0,1892.0,16.474950790405273,36.99,71.34835052490234,1979.0,0.0,1367.0,0.1886757612228393,100.0,61.597694396972656,444.0,0.0
3944,0.0,1892.0,16.474950790405273,36.99,71.34835052490234,1979.0,0.0,1367.0,0.1886757612228393,100.0,61.597694396972656,444.0,0.0
3945,0.0,1892.0,16.12967300415039,36.99,73.67748260498047,1896.0,0.0,1367.0,0.1983623802661895,100.0,61.7988166809082,551.0,0.0
3946,0.0,1892.0,16.12967300415039,36.99,73.67748260498047,1896.0,0.0,1367.0,0.1983623802661895,100.0,61.7988166809082,551.0,0.0
3947,0.0,1892.0,16.12967300415039,36.99,73.67748260498047,1896.0,0.0,1367.0,0.1983623802661895,100.0,61.7988166809082,551.0,0.0
3948,0.0,1892.0,16.12967300415039,36.99,73.67748260498047,1896.0,0.0,1367.0,0.1983623802661895,100.0,61.7988166809082,551.0,0.0
3949,0.0,1892.0,16.12967300415039,36.99,73.67748260498047,1896.0,0.0,1367.0,0.1983623802661895,100.0,61.7988166809082,551.0,0.0
3950,0.0,1892.0,13.422189712524414,36.99,72.72655487060547,2127.0,0.0,1367.0,0.1485098004341125,100.0,61.895713806152344,469.0,0.0
3951,0.0,1892.0,13.422189712524414,36.99,72.72655487060547,2127.0,0.0,1367.0,0.1485098004341125,100.0,61.895713806152344,469.0,0.0
3952,0.0,1892.0,13.422189712524414,36.99,72.72655487060547,2127.0,0.0,1367.0,0.1485098004341125,100.0,61.895713806152344,469.0,0.0
3953,0.0,1892.0,13.422189712524414,36.99,72.72655487060547,2127.0,0.0,1367.0,0.1485098004341125,100.0,61.895713806152344,469.0,0.0
3954,0.0,1892.0,13.422189712524414,36.99,72.72655487060547,2127.0,0.0,1367.0,0.1485098004341125,100.0,61.895713806152344,469.0,0.0
3955,0.0,1892.0,12.965852737426758,36.99,71.58989715576172,2090.0,0.0,1367.0,0.0524574108421802,100.0,61.62200164794922,444.0,0.0
3956,0.0,1892.0,12.965852737426758,36.99,71.58989715576172,2090.0,0.0,1367.0,0.0524574108421802,100.0,61.62200164794922,444.0,0.0
3957,0.0,1892.0,12.965852737426758,36.99,71.58989715576172,2090.0,0.0,1367.0,0.0524574108421802,100.0,61.62200164794922,444.0,0.0
3958,0.0,1892.0,12.965852737426758,36.99,71.58989715576172,2090.0,0.0,1367.0,0.0524574108421802,100.0,61.62200164794922,444.0,0.0
3959,0.0,1892.0,12.965852737426758,36.99,71.58989715576172,2090.0,0.0,1367.0,0.0524574108421802,100.0,61.62200164794922,444.0,0.0
3960,0.0,1892.0,12.96526336669922,36.99,70.51407623291016,1998.0,0.0,1367.0,0.0905031040310859,100.0,61.203514099121094,568.0,0.0
3961,0.0,1892.0,12.96526336669922,36.99,70.51407623291016,1998.0,0.0,1367.0,0.0905031040310859,100.0,61.203514099121094,568.0,0.0
3962,0.0,1892.0,12.96526336669922,36.99,70.51407623291016,1998.0,0.0,1367.0,0.0905031040310859,100.0,61.203514099121094,568.0,0.0
3963,0.0,1892.0,12.96526336669922,36.99,70.51407623291016,1998.0,0.0,1367.0,0.0905031040310859,100.0,61.203514099121094,568.0,0.0
3964,0.0,1892.0,12.96526336669922,36.99,70.51407623291016,1998.0,0.0,1367.0,0.0905031040310859,100.0,61.203514099121094,568.0,0.0
3965,0.0,1892.0,12.940500259399414,36.99,70.06013488769531,2065.0,0.0,1367.0,0.0880234241485595,100.0,61.17414474487305,476.0,0.0
3966,0.0,1892.0,12.940500259399414,36.99,70.06013488769531,2065.0,0.0,1367.0,0.0880234241485595,100.0,61.17414474487305,476.0,0.0
3967,0.0,1892.0,12.940500259399414,36.99,70.06013488769531,2065.0,0.0,1367.0,0.0880234241485595,100.0,61.17414474487305,476.0,0.0
3968,0.0,1892.0,12.940500259399414,36.99,70.06013488769531,2065.0,0.0,1367.0,0.0880234241485595,100.0,61.17414474487305,476.0,0.0
3969,0.0,1892.0,12.940500259399414,36.99,70.06013488769531,2065.0,0.0,1367.0,0.0880234241485595,100.0,61.17414474487305,476.0,0.0
3970,0.0,1892.0,13.061026573181152,36.99,69.87960815429688,1959.0,0.0,1367.0,0.0524296015501022,100.0,61.19261932373047,444.0,0.0
3971,0.0,1892.0,13.061026573181152,36.99,69.87960815429688,1959.0,0.0,1367.0,0.0524296015501022,100.0,61.19261932373047,444.0,0.0
3972,0.0,1892.0,13.061026573181152,36.99,69.87960815429688,1959.0,0.0,1367.0,0.0524296015501022,100.0,61.19261932373047,444.0,0.0
3973,0.0,1892.0,13.061026573181152,36.99,69.87960815429688,1959.0,0.0,1367.0,0.0524296015501022,100.0,61.19261932373047,444.0,0.0
3974,0.0,1892.0,13.061026573181152,36.99,69.87960815429688,1959.0,0.0,1367.0,0.0524296015501022,100.0,61.19261932373047,444.0,0.0
3975,0.0,1892.0,13.061026573181152,36.99,69.87960815429688,1959.0,0.0,1367.0,0.0524296015501022,100.0,61.19261932373047,444.0,0.0
3976,0.0,1892.0,12.857795715332031,36.99,69.4595718383789,2201.0,0.0,1367.0,0.0502535328269004,100.0,61.05161666870117,444.0,0.0
3977,0.0,1892.0,12.857795715332031,36.99,69.4595718383789,2201.0,0.0,1367.0,0.0502535328269004,100.0,61.05161666870117,444.0,0.0
3978,0.0,1892.0,12.857795715332031,36.99,69.4595718383789,2201.0,0.0,1367.0,0.0502535328269004,100.0,61.05161666870117,444.0,0.0
3979,0.0,1892.0,12.857795715332031,36.99,69.4595718383789,2201.0,0.0,1367.0,0.0502535328269004,100.0,61.05161666870117,444.0,0.0
3980,0.0,1892.0,12.857795715332031,36.99,69.4595718383789,2201.0,0.0,1367.0,0.0502535328269004,100.0,61.05161666870117,444.0,0.0
3981,0.0,1892.0,12.82032585144043,36.99,69.3763656616211,2172.0,0.0,1367.0,0.0507210232317447,100.0,60.77286529541016,444.0,0.0
3982,0.0,1892.0,12.82032585144043,36.99,69.3763656616211,2172.0,0.0,1367.0,0.0507210232317447,100.0,60.77286529541016,444.0,0.0
3983,0.0,1892.0,12.82032585144043,36.99,69.3763656616211,2172.0,0.0,1367.0,0.0507210232317447,100.0,60.77286529541016,444.0,0.0
3984,0.0,1892.0,12.82032585144043,36.99,69.3763656616211,2172.0,0.0,1367.0,0.0507210232317447,100.0,60.77286529541016,444.0,0.0
3985,0.0,1892.0,12.82032585144043,36.99,69.3763656616211,2172.0,0.0,1367.0,0.0507210232317447,100.0,60.77286529541016,444.0,0.0
3986,0.0,1892.0,12.74020004272461,36.99,69.45306396484375,2183.0,0.0,1367.0,0.0515759252011776,100.0,60.95697021484375,481.0,0.0
3987,0.0,1892.0,12.74020004272461,36.99,69.45306396484375,2183.0,0.0,1367.0,0.0515759252011776,100.0,60.95697021484375,481.0,0.0
3988,0.0,1892.0,12.74020004272461,36.99,69.45306396484375,2183.0,0.0,1367.0,0.0515759252011776,100.0,60.95697021484375,481.0,0.0
3989,0.0,1892.0,12.74020004272461,36.99,69.45306396484375,2183.0,0.0,1367.0,0.0515759252011776,100.0,60.95697021484375,481.0,0.0
3990,0.0,1892.0,12.74020004272461,36.99,69.45306396484375,2183.0,0.0,1367.0,0.0515759252011776,100.0,60.95697021484375,481.0,0.0
3991,0.0,1892.0,12.707929611206056,36.99,68.01261138916016,2148.0,0.0,1367.0,0.0500916168093681,100.0,61.13190460205078,444.0,0.0
3992,0.0,1892.0,12.707929611206056,36.99,68.01261138916016,2148.0,0.0,1367.0,0.0500916168093681,100.0,61.13190460205078,444.0,0.0
3993,0.0,1892.0,12.707929611206056,36.99,68.01261138916016,2148.0,0.0,1367.0,0.0500916168093681,100.0,61.13190460205078,444.0,0.0
3994,0.0,1892.0,12.707929611206056,36.99,68.01261138916016,2148.0,0.0,1367.0,0.0500916168093681,100.0,61.13190460205078,444.0,0.0
3995,0.0,1892.0,12.707929611206056,36.99,68.01261138916016,2148.0,0.0,1367.0,0.0500916168093681,100.0,61.13190460205078,444.0,0.0
3996,0.0,1892.0,12.897092819213867,36.99,68.07313537597656,2189.0,0.0,1367.0,0.051344521343708,100.0,61.060829162597656,444.0,0.0
3997,0.0,1892.0,12.897092819213867,36.99,68.07313537597656,2189.0,0.0,1367.0,0.051344521343708,100.0,61.060829162597656,444.0,0.0
3998,0.0,1892.0,12.897092819213867,36.99,68.07313537597656,2189.0,0.0,1367.0,0.051344521343708,100.0,61.060829162597656,444.0,0.0
3999,0.0,1892.0,12.897092819213867,36.99,68.07313537597656,2189.0,0.0,1367.0,0.051344521343708,100.0,61.060829162597656,444.0,0.0
4000,0.0,1892.0,12.897092819213867,36.99,68.07313537597656,2189.0,0.0,1367.0,0.051344521343708,100.0,61.060829162597656,444.0,0.0
4001,0.0,1892.0,12.82130241394043,36.99,67.92337799072266,2177.0,0.0,1367.0,0.0500760152935981,100.0,61.02886962890625,444.0,0.0
4002,0.0,1892.0,12.82130241394043,36.99,67.92337799072266,2177.0,0.0,1367.0,0.0500760152935981,100.0,61.02886962890625,444.0,0.0
4003,0.0,1892.0,12.82130241394043,36.99,67.92337799072266,2177.0,0.0,1367.0,0.0500760152935981,100.0,61.02886962890625,444.0,0.0
4004,0.0,1892.0,12.82130241394043,36.99,67.92337799072266,2177.0,0.0,1367.0,0.0500760152935981,100.0,61.02886962890625,444.0,0.0
4005,0.0,1892.0,12.82130241394043,36.99,67.92337799072266,2177.0,0.0,1367.0,0.0500760152935981,100.0,61.02886962890625,444.0,0.0
4006,0.0,1892.0,12.8492431640625,36.99,68.93675994873047,2197.0,0.0,1367.0,0.0502458959817886,100.0,60.89566802978515,444.0,0.0
4007,0.0,1892.0,12.8492431640625,36.99,68.93675994873047,2197.0,0.0,1367.0,0.0502458959817886,100.0,60.89566802978515,444.0,0.0
4008,0.0,1892.0,12.8492431640625,36.99,68.93675994873047,2197.0,0.0,1367.0,0.0502458959817886,100.0,60.89566802978515,444.0,0.0
4009,0.0,1892.0,12.8492431640625,36.99,68.93675994873047,2197.0,0.0,1367.0,0.0502458959817886,100.0,60.89566802978515,444.0,0.0
4010,0.0,1892.0,12.8492431640625,36.99,68.93675994873047,2197.0,0.0,1367.0,0.0502458959817886,100.0,60.89566802978515,444.0,0.0
4011,0.0,1892.0,12.78804874420166,36.99,68.90937805175781,2139.0,0.0,1367.0,0.0505549237132072,100.0,60.74324798583984,444.0,0.0
4012,0.0,1892.0,12.78804874420166,36.99,68.90937805175781,2139.0,0.0,1367.0,0.0505549237132072,100.0,60.74324798583984,444.0,0.0
4013,0.0,1892.0,12.78804874420166,36.99,68.90937805175781,2139.0,0.0,1367.0,0.0505549237132072,100.0,60.74324798583984,444.0,0.0
4014,0.0,1892.0,12.78804874420166,36.99,68.90937805175781,2139.0,0.0,1367.0,0.0505549237132072,100.0,60.74324798583984,444.0,0.0
4015,0.0,1892.0,12.78804874420166,36.99,68.90937805175781,2139.0,0.0,1367.0,0.0505549237132072,100.0,60.74324798583984,444.0,0.0
4016,0.0,1892.0,12.707231521606444,36.99,68.76863098144531,2151.0,0.0,1367.0,0.0518509671092033,100.0,60.64708709716797,503.0,0.0
4017,0.0,1892.0,12.707231521606444,36.99,68.76863098144531,2151.0,0.0,1367.0,0.0518509671092033,100.0,60.64708709716797,503.0,0.0
4018,0.0,1892.0,12.707231521606444,36.99,68.76863098144531,2151.0,0.0,1367.0,0.0518509671092033,100.0,60.64708709716797,503.0,0.0
4019,0.0,1892.0,12.707231521606444,36.99,68.76863098144531,2151.0,0.0,1367.0,0.0518509671092033,100.0,60.64708709716797,503.0,0.0
4020,0.0,1892.0,12.707231521606444,36.99,68.76863098144531,2151.0,0.0,1367.0,0.0518509671092033,100.0,60.64708709716797,503.0,0.0
4021,0.0,1892.0,12.736204147338867,36.99,68.57080841064453,2100.0,0.0,1367.0,0.0509772859513759,100.0,60.47503662109375,444.0,0.0
4022,0.0,1892.0,12.736204147338867,36.99,68.57080841064453,2100.0,0.0,1367.0,0.0509772859513759,100.0,60.47503662109375,444.0,0.0
4023,0.0,1892.0,12.736204147338867,36.99,68.57080841064453,2100.0,0.0,1367.0,0.0509772859513759,100.0,60.47503662109375,444.0,0.0
4024,0.0,1892.0,12.736204147338867,36.99,68.57080841064453,2100.0,0.0,1367.0,0.0509772859513759,100.0,60.47503662109375,444.0,0.0
4025,0.0,1892.0,12.736204147338867,36.99,68.57080841064453,2100.0,0.0,1367.0,0.0509772859513759,100.0,60.47503662109375,444.0,0.0
4026,0.0,1892.0,12.839973449707031,36.99,67.30703735351562,2043.0,0.0,1367.0,0.0520859993994236,100.0,60.70488357543945,491.0,0.0
4027,0.0,1892.0,12.839973449707031,36.99,67.30703735351562,2043.0,0.0,1367.0,0.0520859993994236,100.0,60.70488357543945,491.0,0.0
4028,0.0,1892.0,12.839973449707031,36.99,67.30703735351562,2043.0,0.0,1367.0,0.0520859993994236,100.0,60.70488357543945,491.0,0.0
4029,0.0,1892.0,12.839973449707031,36.99,67.30703735351562,2043.0,0.0,1367.0,0.0520859993994236,100.0,60.70488357543945,491.0,0.0
4030,0.0,1892.0,12.839973449707031,36.99,67.30703735351562,2043.0,0.0,1367.0,0.0520859993994236,100.0,60.70488357543945,491.0,0.0
4031,0.0,1892.0,12.839973449707031,36.99,67.30703735351562,2043.0,0.0,1367.0,0.0520859993994236,100.0,60.70488357543945,491.0,0.0
4032,0.0,1892.0,12.807777404785156,36.99,68.51288604736328,2032.0,0.0,1367.0,0.0528885051608085,100.0,60.80582427978515,491.0,0.0
4033,0.0,1892.0,12.807777404785156,36.99,68.51288604736328,2032.0,0.0,1367.0,0.0528885051608085,100.0,60.80582427978515,491.0,0.0
4034,0.0,1892.0,12.807777404785156,36.99,68.51288604736328,2032.0,0.0,1367.0,0.0528885051608085,100.0,60.80582427978515,491.0,0.0
4035,0.0,1892.0,12.807777404785156,36.99,68.51288604736328,2032.0,0.0,1367.0,0.0528885051608085,100.0,60.80582427978515,491.0,0.0
4036,0.0,1892.0,12.807777404785156,36.99,68.51288604736328,2032.0,0.0,1367.0,0.0528885051608085,100.0,60.80582427978515,491.0,0.0
4037,0.0,1892.0,12.79462432861328,36.99,68.4445571899414,2171.0,0.0,1367.0,0.0515409186482429,100.0,60.69395065307617,476.0,0.0
4038,0.0,1892.0,12.79462432861328,36.99,68.4445571899414,2171.0,0.0,1367.0,0.0515409186482429,100.0,60.69395065307617,476.0,0.0
4039,0.0,1892.0,12.79462432861328,36.99,68.4445571899414,2171.0,0.0,1367.0,0.0515409186482429,100.0,60.69395065307617,476.0,0.0
4040,0.0,1892.0,12.79462432861328,36.99,68.4445571899414,2171.0,0.0,1367.0,0.0515409186482429,100.0,60.69395065307617,476.0,0.0
4041,0.0,1892.0,12.79462432861328,36.99,68.4445571899414,2171.0,0.0,1367.0,0.0515409186482429,100.0,60.69395065307617,476.0,0.0
4042,0.0,1892.0,12.982250213623049,36.99,68.07899475097656,2158.0,0.0,1367.0,0.0518362410366535,100.0,60.37477493286133,444.0,0.0
4043,0.0,1892.0,12.982250213623049,36.99,68.07899475097656,2158.0,0.0,1367.0,0.0518362410366535,100.0,60.37477493286133,444.0,0.0
4044,0.0,1892.0,12.982250213623049,36.99,68.07899475097656,2158.0,0.0,1367.0,0.0518362410366535,100.0,60.37477493286133,444.0,0.0
4045,0.0,1892.0,12.982250213623049,36.99,68.07899475097656,2158.0,0.0,1367.0,0.0518362410366535,100.0,60.37477493286133,444.0,0.0
4046,0.0,1892.0,12.982250213623049,36.99,68.07899475097656,2158.0,0.0,1367.0,0.0518362410366535,100.0,60.37477493286133,444.0,0.0
4047,0.0,1892.0,12.83635711669922,36.99,68.36582946777344,2161.0,0.0,1367.0,0.0511104092001915,100.0,60.314788818359375,444.0,0.0
4048,0.0,1892.0,12.83635711669922,36.99,68.36582946777344,2161.0,0.0,1367.0,0.0511104092001915,100.0,60.314788818359375,444.0,0.0
4049,0.0,1892.0,12.83635711669922,36.99,68.36582946777344,2161.0,0.0,1367.0,0.0511104092001915,100.0,60.314788818359375,444.0,0.0
4050,0.0,1892.0,12.83635711669922,36.99,68.36582946777344,2161.0,0.0,1367.0,0.0511104092001915,100.0,60.314788818359375,444.0,0.0
4051,0.0,1892.0,12.83635711669922,36.99,68.36582946777344,2161.0,0.0,1367.0,0.0511104092001915,100.0,60.314788818359375,444.0,0.0
4052,0.0,1892.0,12.689388275146484,36.99,69.0649185180664,2120.0,0.0,1367.0,0.0503741316497325,100.0,60.285064697265625,444.0,0.0
4053,0.0,1892.0,12.689388275146484,36.99,69.0649185180664,2120.0,0.0,1367.0,0.0503741316497325,100.0,60.285064697265625,444.0,0.0
4054,0.0,1892.0,12.689388275146484,36.99,69.0649185180664,2120.0,0.0,1367.0,0.0503741316497325,100.0,60.285064697265625,444.0,0.0
4055,0.0,1892.0,12.689388275146484,36.99,69.0649185180664,2120.0,0.0,1367.0,0.0503741316497325,100.0,60.285064697265625,444.0,0.0
4056,0.0,1892.0,12.689388275146484,36.99,69.0649185180664,2120.0,0.0,1367.0,0.0503741316497325,100.0,60.285064697265625,444.0,0.0
4057,0.0,1892.0,12.721453666687012,36.99,68.40943145751953,2129.0,0.0,1367.0,0.0489462912082672,100.0,60.634132385253906,444.0,0.0
4058,0.0,1892.0,12.721453666687012,36.99,68.40943145751953,2129.0,0.0,1367.0,0.0489462912082672,100.0,60.634132385253906,444.0,0.0
4059,0.0,1892.0,12.721453666687012,36.99,68.40943145751953,2129.0,0.0,1367.0,0.0489462912082672,100.0,60.634132385253906,444.0,0.0
4060,0.0,1892.0,12.721453666687012,36.99,68.40943145751953,2129.0,0.0,1367.0,0.0489462912082672,100.0,60.634132385253906,444.0,0.0
4061,0.0,1892.0,12.721453666687012,36.99,68.40943145751953,2129.0,0.0,1367.0,0.0489462912082672,100.0,60.634132385253906,444.0,0.0
4062,0.0,1892.0,12.990316390991213,36.99,69.28697967529297,2116.0,0.0,1367.0,0.0512303225696086,100.0,60.5993537902832,477.0,0.0
4063,0.0,1892.0,12.990316390991213,36.99,69.28697967529297,2116.0,0.0,1367.0,0.0512303225696086,100.0,60.5993537902832,477.0,0.0
4064,0.0,1892.0,12.990316390991213,36.99,69.28697967529297,2116.0,0.0,1367.0,0.0512303225696086,100.0,60.5993537902832,477.0,0.0
4065,0.0,1892.0,12.990316390991213,36.99,69.28697967529297,2116.0,0.0,1367.0,0.0512303225696086,100.0,60.5993537902832,477.0,0.0
4066,0.0,1892.0,12.990316390991213,36.99,69.28697967529297,2116.0,0.0,1367.0,0.0512303225696086,100.0,60.5993537902832,477.0,0.0
4067,0.0,1892.0,13.062935829162598,36.99,69.08345794677734,2121.0,0.0,1367.0,0.0600197613239288,100.0,60.57271194458008,476.0,0.0
4068,0.0,1892.0,13.062935829162598,36.99,69.08345794677734,2121.0,0.0,1367.0,0.0600197613239288,100.0,60.57271194458008,476.0,0.0
4069,0.0,1892.0,13.062935829162598,36.99,69.08345794677734,2121.0,0.0,1367.0,0.0600197613239288,100.0,60.57271194458008,476.0,0.0
4070,0.0,1892.0,13.062935829162598,36.99,69.08345794677734,2121.0,0.0,1367.0,0.0600197613239288,100.0,60.57271194458008,476.0,0.0
4071,0.0,1892.0,13.062935829162598,36.99,69.08345794677734,2121.0,0.0,1367.0,0.0600197613239288,100.0,60.57271194458008,476.0,0.0
4072,0.0,1892.0,13.64556121826172,36.99,69.33661651611328,2082.0,0.0,1367.0,0.1430311203002929,100.0,60.6048469543457,493.0,0.0
4073,0.0,1892.0,13.64556121826172,36.99,69.33661651611328,2082.0,0.0,1367.0,0.1430311203002929,100.0,60.6048469543457,493.0,0.0
4074,0.0,1892.0,13.64556121826172,36.99,69.33661651611328,2082.0,0.0,1367.0,0.1430311203002929,100.0,60.6048469543457,493.0,0.0
4075,0.0,1892.0,13.64556121826172,36.99,69.33661651611328,2082.0,0.0,1367.0,0.1430311203002929,100.0,60.6048469543457,493.0,0.0
4076,0.0,1892.0,13.64556121826172,36.99,69.33661651611328,2082.0,0.0,1367.0,0.1430311203002929,100.0,60.6048469543457,493.0,0.0
4077,0.0,1892.0,15.749605178833008,36.99,70.14350128173828,1978.0,0.0,1367.0,0.1914307177066803,100.0,60.518035888671875,470.0,0.0
4078,0.0,1892.0,15.749605178833008,36.99,70.14350128173828,1978.0,0.0,1367.0,0.1914307177066803,100.0,60.518035888671875,470.0,0.0
4079,0.0,1892.0,15.749605178833008,36.99,70.14350128173828,1978.0,0.0,1367.0,0.1914307177066803,100.0,60.518035888671875,470.0,0.0
4080,0.0,1892.0,15.749605178833008,36.99,70.14350128173828,1978.0,0.0,1367.0,0.1914307177066803,100.0,60.518035888671875,470.0,0.0
4081,0.0,1892.0,15.749605178833008,36.99,70.14350128173828,1978.0,0.0,1367.0,0.1914307177066803,100.0,60.518035888671875,470.0,0.0
4082,0.0,1892.0,16.76978302001953,36.99,72.51141357421875,1769.0,0.0,1367.0,0.1453560441732406,100.0,60.75885772705078,444.0,0.0
4083,0.0,1892.0,16.76978302001953,36.99,72.51141357421875,1769.0,0.0,1367.0,0.1453560441732406,100.0,60.75885772705078,444.0,0.0
4084,0.0,1892.0,16.76978302001953,36.99,72.51141357421875,1769.0,0.0,1367.0,0.1453560441732406,100.0,60.75885772705078,444.0,0.0
4085,0.0,1892.0,16.76978302001953,36.99,72.51141357421875,1769.0,0.0,1367.0,0.1453560441732406,100.0,60.75885772705078,444.0,0.0
4086,0.0,1892.0,16.76978302001953,36.99,72.51141357421875,1769.0,0.0,1367.0,0.1453560441732406,100.0,60.75885772705078,444.0,0.0
4087,0.0,1892.0,16.76978302001953,36.99,72.51141357421875,1769.0,0.0,1367.0,0.1453560441732406,100.0,60.75885772705078,444.0,0.0
4088,0.0,1892.0,15.432378768920898,36.99,72.80867767333984,1823.0,0.0,1367.0,0.0667767450213432,100.0,60.86808013916016,574.0,0.0
4089,0.0,1892.0,15.432378768920898,36.99,72.80867767333984,1823.0,0.0,1367.0,0.0667767450213432,100.0,60.86808013916016,574.0,0.0
4090,0.0,1892.0,15.432378768920898,36.99,72.80867767333984,1823.0,0.0,1367.0,0.0667767450213432,100.0,60.86808013916016,574.0,0.0
4091,0.0,1892.0,15.432378768920898,36.99,72.80867767333984,1823.0,0.0,1367.0,0.0667767450213432,100.0,60.86808013916016,574.0,0.0
4092,0.0,1892.0,15.432378768920898,36.99,72.80867767333984,1823.0,0.0,1367.0,0.0667767450213432,100.0,60.86808013916016,574.0,0.0
4093,0.0,1892.0,16.2652645111084,36.99,72.26319122314453,1895.0,0.0,1367.0,0.5664421319961548,100.0,61.19469451904297,505.0,0.0
4094,0.0,1892.0,16.2652645111084,36.99,72.26319122314453,1895.0,0.0,1367.0,0.5664421319961548,100.0,61.19469451904297,505.0,0.0
4095,0.0,1892.0,16.2652645111084,36.99,72.26319122314453,1895.0,0.0,1367.0,0.5664421319961548,100.0,61.19469451904297,505.0,0.0
4096,0.0,1892.0,16.2652645111084,36.99,72.26319122314453,1895.0,0.0,1367.0,0.5664421319961548,100.0,61.19469451904297,505.0,0.0
4097,0.0,1892.0,16.2652645111084,36.99,72.26319122314453,1895.0,0.0,1367.0,0.5664421319961548,100.0,61.19469451904297,505.0,0.0
4098,0.0,1892.0,14.05620002746582,36.99,71.55139923095703,1677.0,0.0,1367.0,0.279748260974884,100.0,61.44775390625,472.0,0.0
4099,0.0,1892.0,14.05620002746582,36.99,71.55139923095703,1677.0,0.0,1367.0,0.279748260974884,100.0,61.44775390625,472.0,0.0
4100,0.0,1892.0,14.05620002746582,36.99,71.55139923095703,1677.0,0.0,1367.0,0.279748260974884,100.0,61.44775390625,472.0,0.0
4101,0.0,1892.0,14.05620002746582,36.99,71.55139923095703,1677.0,0.0,1367.0,0.279748260974884,100.0,61.44775390625,472.0,0.0
4102,0.0,1892.0,14.05620002746582,36.99,71.55139923095703,1677.0,0.0,1367.0,0.279748260974884,100.0,61.44775390625,472.0,0.0
4103,0.0,1892.0,15.300796508789062,36.99,72.07042694091797,2173.0,0.0,1367.0,0.2180722057819366,100.0,61.14630889892578,444.0,0.0
4104,0.0,1892.0,15.300796508789062,36.99,72.07042694091797,2173.0,0.0,1367.0,0.2180722057819366,100.0,61.14630889892578,444.0,0.0
4105,0.0,1892.0,15.300796508789062,36.99,72.07042694091797,2173.0,0.0,1367.0,0.2180722057819366,100.0,61.14630889892578,444.0,0.0
4106,0.0,1892.0,15.300796508789062,36.99,72.07042694091797,2173.0,0.0,1367.0,0.2180722057819366,100.0,61.14630889892578,444.0,0.0
4107,0.0,1892.0,15.300796508789062,36.99,72.07042694091797,2173.0,0.0,1367.0,0.2180722057819366,100.0,61.14630889892578,444.0,0.0
4108,0.0,1892.0,15.228612899780272,36.99,72.2331771850586,1897.0,0.0,1367.0,0.2926862239837646,100.0,61.347862243652344,485.0,0.0
4109,0.0,1892.0,15.228612899780272,36.99,72.2331771850586,1897.0,0.0,1367.0,0.2926862239837646,100.0,61.347862243652344,485.0,0.0
4110,0.0,1892.0,15.228612899780272,36.99,72.2331771850586,1897.0,0.0,1367.0,0.2926862239837646,100.0,61.347862243652344,485.0,0.0
4111,0.0,1892.0,15.228612899780272,36.99,72.2331771850586,1897.0,0.0,1367.0,0.2926862239837646,100.0,61.347862243652344,485.0,0.0
4112,0.0,1892.0,15.228612899780272,36.99,72.2331771850586,1897.0,0.0,1367.0,0.2926862239837646,100.0,61.347862243652344,485.0,0.0
4113,0.0,1892.0,14.447149276733398,36.99,72.05626678466797,1823.0,0.0,1367.0,0.6130772829055786,100.0,61.58922576904297,471.0,0.0
4114,0.0,1892.0,14.447149276733398,36.99,72.05626678466797,1823.0,0.0,1367.0,0.6130772829055786,100.0,61.58922576904297,471.0,0.0
4115,0.0,1892.0,14.447149276733398,36.99,72.05626678466797,1823.0,0.0,1367.0,0.6130772829055786,100.0,61.58922576904297,471.0,0.0
4116,0.0,1892.0,14.447149276733398,36.99,72.05626678466797,1823.0,0.0,1367.0,0.6130772829055786,100.0,61.58922576904297,471.0,0.0
4117,0.0,1892.0,14.447149276733398,36.99,72.05626678466797,1823.0,0.0,1367.0,0.6130772829055786,100.0,61.58922576904297,471.0,0.0
4118,0.0,1892.0,12.695660591125488,36.99,70.17401123046875,1616.0,0.0,1367.0,0.0561999678611755,100.0,61.278038024902344,333.0,0.0
4119,0.0,1892.0,12.695660591125488,36.99,70.17401123046875,1616.0,0.0,1367.0,0.0561999678611755,100.0,61.278038024902344,333.0,0.0
4120,0.0,1892.0,12.695660591125488,36.99,70.17401123046875,1616.0,0.0,1367.0,0.0561999678611755,100.0,61.278038024902344,333.0,0.0
4121,0.0,1892.0,12.695660591125488,36.99,70.17401123046875,1616.0,0.0,1367.0,0.0561999678611755,100.0,61.278038024902344,333.0,0.0
4122,0.0,1892.0,12.695660591125488,36.99,70.17401123046875,1616.0,0.0,1367.0,0.0561999678611755,100.0,61.278038024902344,333.0,0.0
4123,0.0,1892.0,12.912429809570312,36.99,70.17156219482422,1508.0,0.0,1367.0,0.0837236642837524,100.0,60.94734954833984,251.0,0.0
4124,0.0,1892.0,12.912429809570312,36.99,70.17156219482422,1508.0,0.0,1367.0,0.0837236642837524,100.0,60.94734954833984,251.0,0.0
4125,0.0,1892.0,12.912429809570312,36.99,70.17156219482422,1508.0,0.0,1367.0,0.0837236642837524,100.0,60.94734954833984,251.0,0.0
4126,0.0,1892.0,12.912429809570312,36.99,70.17156219482422,1508.0,0.0,1367.0,0.0837236642837524,100.0,60.94734954833984,251.0,0.0
4127,0.0,1892.0,12.912429809570312,36.99,70.17156219482422,1508.0,0.0,1367.0,0.0837236642837524,100.0,60.94734954833984,251.0,0.0
4128,0.0,1892.0,12.671751976013184,36.99,68.7411117553711,1499.0,0.0,1367.0,0.0438019037246704,100.0,60.53045654296875,222.0,0.0
4129,0.0,1892.0,12.671751976013184,36.99,68.7411117553711,1499.0,0.0,1367.0,0.0438019037246704,100.0,60.53045654296875,222.0,0.0
4130,0.0,1892.0,12.671751976013184,36.99,68.7411117553711,1499.0,0.0,1367.0,0.0438019037246704,100.0,60.53045654296875,222.0,0.0
4131,0.0,1892.0,12.671751976013184,36.99,68.7411117553711,1499.0,0.0,1367.0,0.0438019037246704,100.0,60.53045654296875,222.0,0.0
4132,0.0,1892.0,12.671751976013184,36.99,68.7411117553711,1499.0,0.0,1367.0,0.0438019037246704,100.0,60.53045654296875,222.0,0.0
4133,0.0,1892.0,13.635467529296877,36.99,71.0252456665039,2146.0,0.0,1367.0,0.2864388823509216,100.0,61.07188034057617,538.0,0.0
4134,0.0,1892.0,13.635467529296877,36.99,71.0252456665039,2146.0,0.0,1367.0,0.2864388823509216,100.0,61.07188034057617,538.0,0.0
4135,0.0,1892.0,13.635467529296877,36.99,71.0252456665039,2146.0,0.0,1367.0,0.2864388823509216,100.0,61.07188034057617,538.0,0.0
4136,0.0,1892.0,13.635467529296877,36.99,71.0252456665039,2146.0,0.0,1367.0,0.2864388823509216,100.0,61.07188034057617,538.0,0.0
4137,0.0,1892.0,13.635467529296877,36.99,71.0252456665039,2146.0,0.0,1367.0,0.2864388823509216,100.0,61.07188034057617,538.0,0.0
4138,0.0,1892.0,15.892522811889648,36.99,71.44385528564453,1998.0,0.0,1367.0,0.2161335796117782,100.0,60.92894744873047,444.0,0.0
4139,0.0,1892.0,15.892522811889648,36.99,71.44385528564453,1998.0,0.0,1367.0,0.2161335796117782,100.0,60.92894744873047,444.0,0.0
4140,0.0,1892.0,15.892522811889648,36.99,71.44385528564453,1998.0,0.0,1367.0,0.2161335796117782,100.0,60.92894744873047,444.0,0.0
4141,0.0,1892.0,15.892522811889648,36.99,71.44385528564453,1998.0,0.0,1367.0,0.2161335796117782,100.0,60.92894744873047,444.0,0.0
4142,0.0,1892.0,15.892522811889648,36.99,71.44385528564453,1998.0,0.0,1367.0,0.2161335796117782,100.0,60.92894744873047,444.0,0.0
4143,0.0,1892.0,15.892522811889648,36.99,71.44385528564453,1998.0,0.0,1367.0,0.2161335796117782,100.0,60.92894744873047,444.0,0.0
4144,0.0,1892.0,15.45101261138916,36.99,73.28145599365234,2076.0,0.0,1367.0,0.1638579666614532,100.0,61.42107009887695,462.0,0.0
4145,0.0,1892.0,15.45101261138916,36.99,73.28145599365234,2076.0,0.0,1367.0,0.1638579666614532,100.0,61.42107009887695,462.0,0.0
4146,0.0,1892.0,15.45101261138916,36.99,73.28145599365234,2076.0,0.0,1367.0,0.1638579666614532,100.0,61.42107009887695,462.0,0.0
4147,0.0,1892.0,15.45101261138916,36.99,73.28145599365234,2076.0,0.0,1367.0,0.1638579666614532,100.0,61.42107009887695,462.0,0.0
4148,0.0,1892.0,15.45101261138916,36.99,73.28145599365234,2076.0,0.0,1367.0,0.1638579666614532,100.0,61.42107009887695,462.0,0.0
4149,0.0,1892.0,16.1301212310791,36.99,72.5164566040039,2214.0,0.0,1367.0,0.1708749383687973,100.0,61.358543395996094,444.0,0.0
4150,0.0,1892.0,16.1301212310791,36.99,72.5164566040039,2214.0,0.0,1367.0,0.1708749383687973,100.0,61.358543395996094,444.0,0.0
4151,0.0,1892.0,16.1301212310791,36.99,72.5164566040039,2214.0,0.0,1367.0,0.1708749383687973,100.0,61.358543395996094,444.0,0.0
4152,0.0,1892.0,16.1301212310791,36.99,72.5164566040039,2214.0,0.0,1367.0,0.1708749383687973,100.0,61.358543395996094,444.0,0.0
4153,0.0,1892.0,16.1301212310791,36.99,72.5164566040039,2214.0,0.0,1367.0,0.1708749383687973,100.0,61.358543395996094,444.0,0.0
4154,0.0,1892.0,17.278894424438477,36.99,73.30319213867188,2048.0,0.0,1367.0,0.3372839689254761,100.0,61.74424362182617,484.0,0.0
4155,0.0,1892.0,17.278894424438477,36.99,73.30319213867188,2048.0,0.0,1367.0,0.3372839689254761,100.0,61.74424362182617,484.0,0.0
4156,0.0,1892.0,17.278894424438477,36.99,73.30319213867188,2048.0,0.0,1367.0,0.3372839689254761,100.0,61.74424362182617,484.0,0.0
4157,0.0,1892.0,17.278894424438477,36.99,73.30319213867188,2048.0,0.0,1367.0,0.3372839689254761,100.0,61.74424362182617,484.0,0.0
4158,0.0,1892.0,17.278894424438477,36.99,73.30319213867188,2048.0,0.0,1367.0,0.3372839689254761,100.0,61.74424362182617,484.0,0.0
4159,0.0,1892.0,14.834157943725586,36.99,73.13704681396484,1725.0,0.0,1367.0,0.4935354888439178,100.0,61.78990936279297,562.0,0.0
4160,0.0,1892.0,14.834157943725586,36.99,73.13704681396484,1725.0,0.0,1367.0,0.4935354888439178,100.0,61.78990936279297,562.0,0.0
4161,0.0,1892.0,14.834157943725586,36.99,73.13704681396484,1725.0,0.0,1367.0,0.4935354888439178,100.0,61.78990936279297,562.0,0.0
4162,0.0,1892.0,14.834157943725586,36.99,73.13704681396484,1725.0,0.0,1367.0,0.4935354888439178,100.0,61.78990936279297,562.0,0.0
4163,0.0,1892.0,14.834157943725586,36.99,73.13704681396484,1725.0,0.0,1367.0,0.4935354888439178,100.0,61.78990936279297,562.0,0.0
4164,0.0,1892.0,14.72920036315918,36.99,71.251220703125,2100.0,0.0,1367.0,0.1253304779529571,100.0,61.82390213012695,444.0,0.0
4165,0.0,1892.0,14.72920036315918,36.99,71.251220703125,2100.0,0.0,1367.0,0.1253304779529571,100.0,61.82390213012695,444.0,0.0
4166,0.0,1892.0,14.72920036315918,36.99,71.251220703125,2100.0,0.0,1367.0,0.1253304779529571,100.0,61.82390213012695,444.0,0.0
4167,0.0,1892.0,14.72920036315918,36.99,71.251220703125,2100.0,0.0,1367.0,0.1253304779529571,100.0,61.82390213012695,444.0,0.0
4168,0.0,1892.0,14.72920036315918,36.99,71.251220703125,2100.0,0.0,1367.0,0.1253304779529571,100.0,61.82390213012695,444.0,0.0
4169,0.0,1892.0,16.297225952148438,36.99,73.20008087158203,2037.0,0.0,1367.0,0.5170038938522339,100.0,61.76288604736328,444.0,0.0
4170,0.0,1892.0,16.297225952148438,36.99,73.20008087158203,2037.0,0.0,1367.0,0.5170038938522339,100.0,61.76288604736328,444.0,0.0
4171,0.0,1892.0,16.297225952148438,36.99,73.20008087158203,2037.0,0.0,1367.0,0.5170038938522339,100.0,61.76288604736328,444.0,0.0
4172,0.0,1892.0,16.297225952148438,36.99,73.20008087158203,2037.0,0.0,1367.0,0.5170038938522339,100.0,61.76288604736328,444.0,0.0
4173,0.0,1892.0,16.297225952148438,36.99,73.20008087158203,2037.0,0.0,1367.0,0.5170038938522339,100.0,61.76288604736328,444.0,0.0
4174,0.0,1892.0,12.088459968566896,36.99,72.5910415649414,1788.0,0.0,1367.0,0.0701362863183021,100.0,61.864593505859375,444.0,0.0
4175,0.0,1892.0,12.088459968566896,36.99,72.5910415649414,1788.0,0.0,1367.0,0.0701362863183021,100.0,61.864593505859375,444.0,0.0
4176,0.0,1892.0,12.088459968566896,36.99,72.5910415649414,1788.0,0.0,1367.0,0.0701362863183021,100.0,61.864593505859375,444.0,0.0
4177,0.0,1892.0,12.088459968566896,36.99,72.5910415649414,1788.0,0.0,1367.0,0.0701362863183021,100.0,61.864593505859375,444.0,0.0
4178,0.0,1892.0,12.088459968566896,36.99,72.5910415649414,1788.0,0.0,1367.0,0.0701362863183021,100.0,61.864593505859375,444.0,0.0
4179,0.0,1892.0,13.734991073608398,36.99,46.799922943115234,1741.0,0.0,1367.0,0.4196152985095978,100.0,61.2678337097168,494.0,0.0
4180,0.0,1892.0,13.734991073608398,36.99,46.799922943115234,1741.0,0.0,1367.0,0.4196152985095978,100.0,61.2678337097168,494.0,0.0
4181,0.0,1892.0,13.734991073608398,36.99,46.799922943115234,1741.0,0.0,1367.0,0.4196152985095978,100.0,61.2678337097168,494.0,0.0
4182,0.0,1892.0,13.734991073608398,36.99,46.799922943115234,1741.0,0.0,1367.0,0.4196152985095978,100.0,61.2678337097168,494.0,0.0
4183,0.0,1892.0,13.734991073608398,36.99,46.799922943115234,1741.0,0.0,1367.0,0.4196152985095978,100.0,61.2678337097168,494.0,0.0
4184,0.0,1892.0,12.883346557617188,36.99,71.7022705078125,1714.0,0.0,1367.0,0.0790163055062294,100.0,61.65459060668945,446.0,0.0
4185,0.0,1892.0,12.883346557617188,36.99,71.7022705078125,1714.0,0.0,1367.0,0.0790163055062294,100.0,61.65459060668945,446.0,0.0
4186,0.0,1892.0,12.883346557617188,36.99,71.7022705078125,1714.0,0.0,1367.0,0.0790163055062294,100.0,61.65459060668945,446.0,0.0
4187,0.0,1892.0,12.883346557617188,36.99,71.7022705078125,1714.0,0.0,1367.0,0.0790163055062294,100.0,61.65459060668945,446.0,0.0
4188,0.0,1892.0,12.883346557617188,36.99,71.7022705078125,1714.0,0.0,1367.0,0.0790163055062294,100.0,61.65459060668945,446.0,0.0
4189,0.0,1892.0,16.226478576660156,36.99,71.46597290039062,2066.0,0.0,1367.0,0.1529475152492523,100.0,61.12089157104492,444.0,0.0
4190,0.0,1892.0,16.226478576660156,36.99,71.46597290039062,2066.0,0.0,1367.0,0.1529475152492523,100.0,61.12089157104492,444.0,0.0
4191,0.0,1892.0,16.226478576660156,36.99,71.46597290039062,2066.0,0.0,1367.0,0.1529475152492523,100.0,61.12089157104492,444.0,0.0
4192,0.0,1892.0,16.226478576660156,36.99,71.46597290039062,2066.0,0.0,1367.0,0.1529475152492523,100.0,61.12089157104492,444.0,0.0
4193,0.0,1892.0,16.226478576660156,36.99,71.46597290039062,2066.0,0.0,1367.0,0.1529475152492523,100.0,61.12089157104492,444.0,0.0
4194,0.0,1892.0,14.275718688964844,36.99,72.65739440917969,2126.0,0.0,1367.0,0.141128808259964,100.0,61.78682327270508,444.0,0.0
4195,0.0,1892.0,14.275718688964844,36.99,72.65739440917969,2126.0,0.0,1367.0,0.141128808259964,100.0,61.78682327270508,444.0,0.0
4196,0.0,1892.0,14.275718688964844,36.99,72.65739440917969,2126.0,0.0,1367.0,0.141128808259964,100.0,61.78682327270508,444.0,0.0
4197,0.0,1892.0,14.275718688964844,36.99,72.65739440917969,2126.0,0.0,1367.0,0.141128808259964,100.0,61.78682327270508,444.0,0.0
4198,0.0,1892.0,14.275718688964844,36.99,72.65739440917969,2126.0,0.0,1367.0,0.141128808259964,100.0,61.78682327270508,444.0,0.0
4199,0.0,1892.0,14.275718688964844,36.99,72.65739440917969,2126.0,0.0,1367.0,0.141128808259964,100.0,61.78682327270508,444.0,0.0
4200,0.0,1892.0,17.64684295654297,36.99,72.33572387695312,1971.0,0.0,1367.0,0.3547077775001526,100.0,61.896270751953125,503.0,0.0
4201,0.0,1892.0,17.64684295654297,36.99,72.33572387695312,1971.0,0.0,1367.0,0.3547077775001526,100.0,61.896270751953125,503.0,0.0
4202,0.0,1892.0,17.64684295654297,36.99,72.33572387695312,1971.0,0.0,1367.0,0.3547077775001526,100.0,61.896270751953125,503.0,0.0
4203,0.0,1892.0,17.64684295654297,36.99,72.33572387695312,1971.0,0.0,1367.0,0.3547077775001526,100.0,61.896270751953125,503.0,0.0
4204,0.0,1892.0,17.64684295654297,36.99,72.33572387695312,1971.0,0.0,1367.0,0.3547077775001526,100.0,61.896270751953125,503.0,0.0
4205,0.0,1892.0,16.487958908081055,36.99,73.98490905761719,1976.0,0.0,1367.0,0.44818115234375,100.0,62.10094451904297,608.0,0.0
4206,0.0,1892.0,16.487958908081055,36.99,73.98490905761719,1976.0,0.0,1367.0,0.44818115234375,100.0,62.10094451904297,608.0,0.0
4207,0.0,1892.0,16.487958908081055,36.99,73.98490905761719,1976.0,0.0,1367.0,0.44818115234375,100.0,62.10094451904297,608.0,0.0
4208,0.0,1892.0,16.487958908081055,36.99,73.98490905761719,1976.0,0.0,1367.0,0.44818115234375,100.0,62.10094451904297,608.0,0.0
4209,0.0,1892.0,16.487958908081055,36.99,73.98490905761719,1976.0,0.0,1367.0,0.44818115234375,100.0,62.10094451904297,608.0,0.0
4210,0.0,1892.0,13.801939964294434,36.99,73.6947250366211,2013.0,0.0,1367.0,0.1580829471349716,100.0,62.05739212036133,471.0,0.0
4211,0.0,1892.0,13.801939964294434,36.99,73.6947250366211,2013.0,0.0,1367.0,0.1580829471349716,100.0,62.05739212036133,471.0,0.0
4212,0.0,1892.0,13.801939964294434,36.99,73.6947250366211,2013.0,0.0,1367.0,0.1580829471349716,100.0,62.05739212036133,471.0,0.0
4213,0.0,1892.0,13.801939964294434,36.99,73.6947250366211,2013.0,0.0,1367.0,0.1580829471349716,100.0,62.05739212036133,471.0,0.0
4214,0.0,1892.0,13.801939964294434,36.99,73.6947250366211,2013.0,0.0,1367.0,0.1580829471349716,100.0,62.05739212036133,471.0,0.0
4215,0.0,1892.0,16.473060607910156,36.99,72.12173461914062,2096.0,0.0,1367.0,0.3468415439128876,100.0,61.67146682739258,523.0,0.0
4216,0.0,1892.0,16.473060607910156,36.99,72.12173461914062,2096.0,0.0,1367.0,0.3468415439128876,100.0,61.67146682739258,523.0,0.0
4217,0.0,1892.0,16.473060607910156,36.99,72.12173461914062,2096.0,0.0,1367.0,0.3468415439128876,100.0,61.67146682739258,523.0,0.0
4218,0.0,1892.0,16.473060607910156,36.99,72.12173461914062,2096.0,0.0,1367.0,0.3468415439128876,100.0,61.67146682739258,523.0,0.0
4219,0.0,1892.0,16.473060607910156,36.99,72.12173461914062,2096.0,0.0,1367.0,0.3468415439128876,100.0,61.67146682739258,523.0,0.0
4220,0.0,1892.0,14.648783683776855,36.99,73.58448791503906,2077.0,0.0,1367.0,0.319781631231308,100.0,62.048316955566406,539.0,0.0
4221,0.0,1892.0,14.648783683776855,36.99,73.58448791503906,2077.0,0.0,1367.0,0.319781631231308,100.0,62.048316955566406,539.0,0.0
4222,0.0,1892.0,14.648783683776855,36.99,73.58448791503906,2077.0,0.0,1367.0,0.319781631231308,100.0,62.048316955566406,539.0,0.0
4223,0.0,1892.0,14.648783683776855,36.99,73.58448791503906,2077.0,0.0,1367.0,0.319781631231308,100.0,62.048316955566406,539.0,0.0
4224,0.0,1892.0,14.648783683776855,36.99,73.58448791503906,2077.0,0.0,1367.0,0.319781631231308,100.0,62.048316955566406,539.0,0.0
4225,0.0,1892.0,15.9844970703125,36.99,73.1220932006836,2115.0,0.0,1367.0,0.2002221941947937,100.0,61.84672927856445,444.0,0.0
4226,0.0,1892.0,15.9844970703125,36.99,73.1220932006836,2115.0,0.0,1367.0,0.2002221941947937,100.0,61.84672927856445,444.0,0.0
4227,0.0,1892.0,15.9844970703125,36.99,73.1220932006836,2115.0,0.0,1367.0,0.2002221941947937,100.0,61.84672927856445,444.0,0.0
4228,0.0,1892.0,15.9844970703125,36.99,73.1220932006836,2115.0,0.0,1367.0,0.2002221941947937,100.0,61.84672927856445,444.0,0.0
4229,0.0,1892.0,15.9844970703125,36.99,73.1220932006836,2115.0,0.0,1367.0,0.2002221941947937,100.0,61.84672927856445,444.0,0.0
4230,0.0,1892.0,15.552218437194824,36.99,73.65310668945312,2016.0,0.0,1367.0,0.1531503647565841,100.0,62.1916618347168,477.0,0.0
4231,0.0,1892.0,15.552218437194824,36.99,73.65310668945312,2016.0,0.0,1367.0,0.1531503647565841,100.0,62.1916618347168,477.0,0.0
4232,0.0,1892.0,15.552218437194824,36.99,73.65310668945312,2016.0,0.0,1367.0,0.1531503647565841,100.0,62.1916618347168,477.0,0.0
4233,0.0,1892.0,15.552218437194824,36.99,73.65310668945312,2016.0,0.0,1367.0,0.1531503647565841,100.0,62.1916618347168,477.0,0.0
4234,0.0,1892.0,15.552218437194824,36.99,73.65310668945312,2016.0,0.0,1367.0,0.1531503647565841,100.0,62.1916618347168,477.0,0.0
4235,0.0,1892.0,14.237016677856444,36.99,71.61186218261719,2076.0,0.0,1367.0,0.1387977451086044,100.0,61.80454635620117,444.0,0.0
4236,0.0,1892.0,14.237016677856444,36.99,71.61186218261719,2076.0,0.0,1367.0,0.1387977451086044,100.0,61.80454635620117,444.0,0.0
4237,0.0,1892.0,14.237016677856444,36.99,71.61186218261719,2076.0,0.0,1367.0,0.1387977451086044,100.0,61.80454635620117,444.0,0.0
4238,0.0,1892.0,14.237016677856444,36.99,71.61186218261719,2076.0,0.0,1367.0,0.1387977451086044,100.0,61.80454635620117,444.0,0.0
4239,0.0,1892.0,14.237016677856444,36.99,71.61186218261719,2076.0,0.0,1367.0,0.1387977451086044,100.0,61.80454635620117,444.0,0.0
4240,0.0,1892.0,17.243349075317383,36.99,74.5257339477539,2087.0,0.0,1367.0,0.3696067929267883,100.0,62.18834686279297,516.0,0.0
4241,0.0,1892.0,17.243349075317383,36.99,74.5257339477539,2087.0,0.0,1367.0,0.3696067929267883,100.0,62.18834686279297,516.0,0.0
4242,0.0,1892.0,17.243349075317383,36.99,74.5257339477539,2087.0,0.0,1367.0,0.3696067929267883,100.0,62.18834686279297,516.0,0.0
4243,0.0,1892.0,17.243349075317383,36.99,74.5257339477539,2087.0,0.0,1367.0,0.3696067929267883,100.0,62.18834686279297,516.0,0.0
4244,0.0,1892.0,17.243349075317383,36.99,74.5257339477539,2087.0,0.0,1367.0,0.3696067929267883,100.0,62.18834686279297,516.0,0.0
4245,0.0,1892.0,15.562492370605469,36.99,73.66358947753906,1957.0,0.0,1367.0,0.385062426328659,100.0,62.127166748046875,466.0,0.0
4246,0.0,1892.0,15.562492370605469,36.99,73.66358947753906,1957.0,0.0,1367.0,0.385062426328659,100.0,62.127166748046875,466.0,0.0
4247,0.0,1892.0,15.562492370605469,36.99,73.66358947753906,1957.0,0.0,1367.0,0.385062426328659,100.0,62.127166748046875,466.0,0.0
4248,0.0,1892.0,15.562492370605469,36.99,73.66358947753906,1957.0,0.0,1367.0,0.385062426328659,100.0,62.127166748046875,466.0,0.0
4249,0.0,1892.0,15.562492370605469,36.99,73.66358947753906,1957.0,0.0,1367.0,0.385062426328659,100.0,62.127166748046875,466.0,0.0
4250,0.0,1892.0,15.562492370605469,36.99,73.66358947753906,1957.0,0.0,1367.0,0.385062426328659,100.0,62.127166748046875,466.0,0.0
4251,0.0,1892.0,14.98529052734375,36.99,73.2360610961914,1917.0,0.0,1367.0,0.2728817760944366,100.0,62.1838264465332,444.0,0.0
4252,0.0,1892.0,14.98529052734375,36.99,73.2360610961914,1917.0,0.0,1367.0,0.2728817760944366,100.0,62.1838264465332,444.0,0.0
4253,0.0,1892.0,14.98529052734375,36.99,73.2360610961914,1917.0,0.0,1367.0,0.2728817760944366,100.0,62.1838264465332,444.0,0.0
4254,0.0,1892.0,14.98529052734375,36.99,73.2360610961914,1917.0,0.0,1367.0,0.2728817760944366,100.0,62.1838264465332,444.0,0.0
4255,0.0,1892.0,14.98529052734375,36.99,73.2360610961914,1917.0,0.0,1367.0,0.2728817760944366,100.0,62.1838264465332,444.0,0.0
4256,0.0,1892.0,14.377673149108888,36.99,71.90350341796875,2082.0,0.0,1367.0,0.0879940241575241,100.0,61.7371826171875,444.0,0.0
4257,0.0,1892.0,14.377673149108888,36.99,71.90350341796875,2082.0,0.0,1367.0,0.0879940241575241,100.0,61.7371826171875,444.0,0.0
4258,0.0,1892.0,14.377673149108888,36.99,71.90350341796875,2082.0,0.0,1367.0,0.0879940241575241,100.0,61.7371826171875,444.0,0.0
4259,0.0,1892.0,14.377673149108888,36.99,71.90350341796875,2082.0,0.0,1367.0,0.0879940241575241,100.0,61.7371826171875,444.0,0.0
4260,0.0,1892.0,14.377673149108888,36.99,71.90350341796875,2082.0,0.0,1367.0,0.0879940241575241,100.0,61.7371826171875,444.0,0.0
4261,0.0,1892.0,16.660737991333008,36.99,73.98979187011719,2072.0,0.0,1367.0,0.5001713633537292,100.0,62.4390869140625,525.0,0.0
4262,0.0,1892.0,16.660737991333008,36.99,73.98979187011719,2072.0,0.0,1367.0,0.5001713633537292,100.0,62.4390869140625,525.0,0.0
4263,0.0,1892.0,16.660737991333008,36.99,73.98979187011719,2072.0,0.0,1367.0,0.5001713633537292,100.0,62.4390869140625,525.0,0.0
4264,0.0,1892.0,16.660737991333008,36.99,73.98979187011719,2072.0,0.0,1367.0,0.5001713633537292,100.0,62.4390869140625,525.0,0.0
4265,0.0,1892.0,16.660737991333008,36.99,73.98979187011719,2072.0,0.0,1367.0,0.5001713633537292,100.0,62.4390869140625,525.0,0.0
4266,0.0,1892.0,13.237431526184082,36.99,72.67062377929688,2035.0,0.0,1367.0,0.1232469901442527,100.0,62.237274169921875,444.0,0.0
4267,0.0,1892.0,13.237431526184082,36.99,72.67062377929688,2035.0,0.0,1367.0,0.1232469901442527,100.0,62.237274169921875,444.0,0.0
4268,0.0,1892.0,13.237431526184082,36.99,72.67062377929688,2035.0,0.0,1367.0,0.1232469901442527,100.0,62.237274169921875,444.0,0.0
4269,0.0,1892.0,13.237431526184082,36.99,72.67062377929688,2035.0,0.0,1367.0,0.1232469901442527,100.0,62.237274169921875,444.0,0.0
4270,0.0,1892.0,13.237431526184082,36.99,72.67062377929688,2035.0,0.0,1367.0,0.1232469901442527,100.0,62.237274169921875,444.0,0.0
4271,0.0,1892.0,16.80030632019043,36.99,73.4792251586914,2046.0,0.0,1367.0,0.149545282125473,100.0,62.25463104248047,444.0,0.0
4272,0.0,1892.0,16.80030632019043,36.99,73.4792251586914,2046.0,0.0,1367.0,0.149545282125473,100.0,62.25463104248047,444.0,0.0
4273,0.0,1892.0,16.80030632019043,36.99,73.4792251586914,2046.0,0.0,1367.0,0.149545282125473,100.0,62.25463104248047,444.0,0.0
4274,0.0,1892.0,16.80030632019043,36.99,73.4792251586914,2046.0,0.0,1367.0,0.149545282125473,100.0,62.25463104248047,444.0,0.0
4275,0.0,1892.0,16.80030632019043,36.99,73.4792251586914,2046.0,0.0,1367.0,0.149545282125473,100.0,62.25463104248047,444.0,0.0
4276,0.0,1892.0,14.203622817993164,36.99,73.90702056884766,1711.0,0.0,1367.0,0.075092926621437,100.0,62.20109939575195,444.0,0.0
4277,0.0,1892.0,14.203622817993164,36.99,73.90702056884766,1711.0,0.0,1367.0,0.075092926621437,100.0,62.20109939575195,444.0,0.0
4278,0.0,1892.0,14.203622817993164,36.99,73.90702056884766,1711.0,0.0,1367.0,0.075092926621437,100.0,62.20109939575195,444.0,0.0
4279,0.0,1892.0,14.203622817993164,36.99,73.90702056884766,1711.0,0.0,1367.0,0.075092926621437,100.0,62.20109939575195,444.0,0.0
4280,0.0,1892.0,14.203622817993164,36.99,73.90702056884766,1711.0,0.0,1367.0,0.075092926621437,100.0,62.20109939575195,444.0,0.0
4281,0.0,1892.0,15.505331039428713,36.99,72.24626159667969,1733.0,0.0,1367.0,0.1535928845405578,100.0,61.84173583984375,478.0,0.0
4282,0.0,1892.0,15.505331039428713,36.99,72.24626159667969,1733.0,0.0,1367.0,0.1535928845405578,100.0,61.84173583984375,478.0,0.0
4283,0.0,1892.0,15.505331039428713,36.99,72.24626159667969,1733.0,0.0,1367.0,0.1535928845405578,100.0,61.84173583984375,478.0,0.0
4284,0.0,1892.0,15.505331039428713,36.99,72.24626159667969,1733.0,0.0,1367.0,0.1535928845405578,100.0,61.84173583984375,478.0,0.0
4285,0.0,1892.0,15.505331039428713,36.99,72.24626159667969,1733.0,0.0,1367.0,0.1535928845405578,100.0,61.84173583984375,478.0,0.0
4286,0.0,1892.0,16.90203857421875,36.99,74.2268295288086,1806.0,0.0,1367.0,0.3419761955738067,100.0,62.49811553955078,549.0,0.0
4287,0.0,1892.0,16.90203857421875,36.99,74.2268295288086,1806.0,0.0,1367.0,0.3419761955738067,100.0,62.49811553955078,549.0,0.0
4288,0.0,1892.0,16.90203857421875,36.99,74.2268295288086,1806.0,0.0,1367.0,0.3419761955738067,100.0,62.49811553955078,549.0,0.0
4289,0.0,1892.0,16.90203857421875,36.99,74.2268295288086,1806.0,0.0,1367.0,0.3419761955738067,100.0,62.49811553955078,549.0,0.0
4290,0.0,1892.0,16.90203857421875,36.99,74.2268295288086,1806.0,0.0,1367.0,0.3419761955738067,100.0,62.49811553955078,549.0,0.0
4291,0.0,1892.0,15.868817329406738,36.99,74.24323272705078,1907.0,0.0,1367.0,0.5322220325469971,100.0,62.672393798828125,501.0,0.0
4292,0.0,1892.0,15.868817329406738,36.99,74.24323272705078,1907.0,0.0,1367.0,0.5322220325469971,100.0,62.672393798828125,501.0,0.0
4293,0.0,1892.0,15.868817329406738,36.99,74.24323272705078,1907.0,0.0,1367.0,0.5322220325469971,100.0,62.672393798828125,501.0,0.0
4294,0.0,1892.0,15.868817329406738,36.99,74.24323272705078,1907.0,0.0,1367.0,0.5322220325469971,100.0,62.672393798828125,501.0,0.0
4295,0.0,1892.0,15.868817329406738,36.99,74.24323272705078,1907.0,0.0,1367.0,0.5322220325469971,100.0,62.672393798828125,501.0,0.0
4296,0.0,1892.0,14.651063919067385,36.99,73.38102722167969,2112.0,0.0,1367.0,0.1503245234489441,100.0,62.49958038330078,444.0,0.0
4297,0.0,1892.0,14.651063919067385,36.99,73.38102722167969,2112.0,0.0,1367.0,0.1503245234489441,100.0,62.49958038330078,444.0,0.0
4298,0.0,1892.0,14.651063919067385,36.99,73.38102722167969,2112.0,0.0,1367.0,0.1503245234489441,100.0,62.49958038330078,444.0,0.0
4299,0.0,1892.0,14.651063919067385,36.99,73.38102722167969,2112.0,0.0,1367.0,0.1503245234489441,100.0,62.49958038330078,444.0,0.0
4300,0.0,1892.0,14.651063919067385,36.99,73.38102722167969,2112.0,0.0,1367.0,0.1503245234489441,100.0,62.49958038330078,444.0,0.0
4301,0.0,1892.0,16.498750686645508,36.99,73.3082046508789,2124.0,0.0,1367.0,0.3356488347053528,100.0,62.3215217590332,510.0,0.0
4302,0.0,1892.0,16.498750686645508,36.99,73.3082046508789,2124.0,0.0,1367.0,0.3356488347053528,100.0,62.3215217590332,510.0,0.0
4303,0.0,1892.0,16.498750686645508,36.99,73.3082046508789,2124.0,0.0,1367.0,0.3356488347053528,100.0,62.3215217590332,510.0,0.0
4304,0.0,1892.0,16.498750686645508,36.99,73.3082046508789,2124.0,0.0,1367.0,0.3356488347053528,100.0,62.3215217590332,510.0,0.0
4305,0.0,1892.0,16.498750686645508,36.99,73.3082046508789,2124.0,0.0,1367.0,0.3356488347053528,100.0,62.3215217590332,510.0,0.0
4306,0.0,1892.0,14.26871109008789,36.99,73.84944915771484,1713.0,0.0,1367.0,0.2075428813695907,100.0,62.60462188720703,493.0,0.0
4307,0.0,1892.0,14.26871109008789,36.99,73.84944915771484,1713.0,0.0,1367.0,0.2075428813695907,100.0,62.60462188720703,493.0,0.0
4308,0.0,1892.0,14.26871109008789,36.99,73.84944915771484,1713.0,0.0,1367.0,0.2075428813695907,100.0,62.60462188720703,493.0,0.0
4309,0.0,1892.0,14.26871109008789,36.99,73.84944915771484,1713.0,0.0,1367.0,0.2075428813695907,100.0,62.60462188720703,493.0,0.0
4310,0.0,1892.0,14.26871109008789,36.99,73.84944915771484,1713.0,0.0,1367.0,0.2075428813695907,100.0,62.60462188720703,493.0,0.0
4311,0.0,1892.0,14.26871109008789,36.99,73.84944915771484,1713.0,0.0,1367.0,0.2075428813695907,100.0,62.60462188720703,493.0,0.0
4312,0.0,1892.0,15.231159210205078,36.99,72.61114501953125,2020.0,0.0,1367.0,0.1708426624536514,100.0,62.05208206176758,444.0,0.0
4313,0.0,1892.0,15.231159210205078,36.99,72.61114501953125,2020.0,0.0,1367.0,0.1708426624536514,100.0,62.05208206176758,444.0,0.0
4314,0.0,1892.0,15.231159210205078,36.99,72.61114501953125,2020.0,0.0,1367.0,0.1708426624536514,100.0,62.05208206176758,444.0,0.0
4315,0.0,1892.0,15.231159210205078,36.99,72.61114501953125,2020.0,0.0,1367.0,0.1708426624536514,100.0,62.05208206176758,444.0,0.0
4316,0.0,1892.0,15.231159210205078,36.99,72.61114501953125,2020.0,0.0,1367.0,0.1708426624536514,100.0,62.05208206176758,444.0,0.0
4317,0.0,1892.0,15.885074615478516,36.99,73.6483154296875,2026.0,0.0,1367.0,0.1538150012493133,100.0,62.20387649536133,491.0,0.0
4318,0.0,1892.0,15.885074615478516,36.99,73.6483154296875,2026.0,0.0,1367.0,0.1538150012493133,100.0,62.20387649536133,491.0,0.0
4319,0.0,1892.0,15.885074615478516,36.99,73.6483154296875,2026.0,0.0,1367.0,0.1538150012493133,100.0,62.20387649536133,491.0,0.0
4320,0.0,1892.0,15.885074615478516,36.99,73.6483154296875,2026.0,0.0,1367.0,0.1538150012493133,100.0,62.20387649536133,491.0,0.0
4321,0.0,1892.0,15.885074615478516,36.99,73.6483154296875,2026.0,0.0,1367.0,0.1538150012493133,100.0,62.20387649536133,491.0,0.0
4322,0.0,1892.0,14.27999210357666,36.99,73.4659652709961,2209.0,0.0,1367.0,0.1577856093645095,100.0,62.227386474609375,444.0,0.0
4323,0.0,1892.0,14.27999210357666,36.99,73.4659652709961,2209.0,0.0,1367.0,0.1577856093645095,100.0,62.227386474609375,444.0,0.0
4324,0.0,1892.0,14.27999210357666,36.99,73.4659652709961,2209.0,0.0,1367.0,0.1577856093645095,100.0,62.227386474609375,444.0,0.0
4325,0.0,1892.0,14.27999210357666,36.99,73.4659652709961,2209.0,0.0,1367.0,0.1577856093645095,100.0,62.227386474609375,444.0,0.0
4326,0.0,1892.0,14.27999210357666,36.99,73.4659652709961,2209.0,0.0,1367.0,0.1577856093645095,100.0,62.227386474609375,444.0,0.0
4327,0.0,1892.0,17.39346694946289,36.99,73.52003479003906,2052.0,0.0,1367.0,0.352270245552063,100.0,62.2159309387207,515.0,0.0
4328,0.0,1892.0,17.39346694946289,36.99,73.52003479003906,2052.0,0.0,1367.0,0.352270245552063,100.0,62.2159309387207,515.0,0.0
4329,0.0,1892.0,17.39346694946289,36.99,73.52003479003906,2052.0,0.0,1367.0,0.352270245552063,100.0,62.2159309387207,515.0,0.0
4330,0.0,1892.0,17.39346694946289,36.99,73.52003479003906,2052.0,0.0,1367.0,0.352270245552063,100.0,62.2159309387207,515.0,0.0
4331,0.0,1892.0,17.39346694946289,36.99,73.52003479003906,2052.0,0.0,1367.0,0.352270245552063,100.0,62.2159309387207,515.0,0.0
4332,0.0,1892.0,16.2161808013916,36.99,74.45375061035156,1932.0,0.0,1367.0,0.339084267616272,100.0,62.674171447753906,462.0,0.0
4333,0.0,1892.0,16.2161808013916,36.99,74.45375061035156,1932.0,0.0,1367.0,0.339084267616272,100.0,62.674171447753906,462.0,0.0
4334,0.0,1892.0,16.2161808013916,36.99,74.45375061035156,1932.0,0.0,1367.0,0.339084267616272,100.0,62.674171447753906,462.0,0.0
4335,0.0,1892.0,16.2161808013916,36.99,74.45375061035156,1932.0,0.0,1367.0,0.339084267616272,100.0,62.674171447753906,462.0,0.0
4336,0.0,1892.0,16.2161808013916,36.99,74.45375061035156,1932.0,0.0,1367.0,0.339084267616272,100.0,62.674171447753906,462.0,0.0
4337,0.0,1892.0,14.753549575805664,36.99,74.21870422363281,1617.0,0.0,1367.0,0.4347153604030609,100.0,62.79697799682617,480.0,0.0
4338,0.0,1892.0,14.753549575805664,36.99,74.21870422363281,1617.0,0.0,1367.0,0.4347153604030609,100.0,62.79697799682617,480.0,0.0
4339,0.0,1892.0,14.753549575805664,36.99,74.21870422363281,1617.0,0.0,1367.0,0.4347153604030609,100.0,62.79697799682617,480.0,0.0
4340,0.0,1892.0,14.753549575805664,36.99,74.21870422363281,1617.0,0.0,1367.0,0.4347153604030609,100.0,62.79697799682617,480.0,0.0
4341,0.0,1892.0,14.753549575805664,36.99,74.21870422363281,1617.0,0.0,1367.0,0.4347153604030609,100.0,62.79697799682617,480.0,0.0
4342,0.0,1892.0,14.792963027954102,36.99,73.13728332519531,2045.0,0.0,1367.0,0.1630668640136718,100.0,62.610198974609375,444.0,0.0
4343,0.0,1892.0,14.792963027954102,36.99,73.13728332519531,2045.0,0.0,1367.0,0.1630668640136718,100.0,62.610198974609375,444.0,0.0
4344,0.0,1892.0,14.792963027954102,36.99,73.13728332519531,2045.0,0.0,1367.0,0.1630668640136718,100.0,62.610198974609375,444.0,0.0
4345,0.0,1892.0,14.792963027954102,36.99,73.13728332519531,2045.0,0.0,1367.0,0.1630668640136718,100.0,62.610198974609375,444.0,0.0
4346,0.0,1892.0,14.792963027954102,36.99,73.13728332519531,2045.0,0.0,1367.0,0.1630668640136718,100.0,62.610198974609375,444.0,0.0
4347,0.0,1892.0,15.545166969299316,36.99,73.4830093383789,2054.0,0.0,1367.0,0.4811474680900574,100.0,62.321022033691406,551.0,0.0
4348,0.0,1892.0,15.545166969299316,36.99,73.4830093383789,2054.0,0.0,1367.0,0.4811474680900574,100.0,62.321022033691406,551.0,0.0
4349,0.0,1892.0,15.545166969299316,36.99,73.4830093383789,2054.0,0.0,1367.0,0.4811474680900574,100.0,62.321022033691406,551.0,0.0
4350,0.0,1892.0,15.545166969299316,36.99,73.4830093383789,2054.0,0.0,1367.0,0.4811474680900574,100.0,62.321022033691406,551.0,0.0
4351,0.0,1892.0,15.545166969299316,36.99,73.4830093383789,2054.0,0.0,1367.0,0.4811474680900574,100.0,62.321022033691406,551.0,0.0
4352,0.0,1892.0,15.545166969299316,36.99,73.4830093383789,2054.0,0.0,1367.0,0.4811474680900574,100.0,62.321022033691406,551.0,0.0
4353,0.0,1892.0,13.938701629638672,36.99,72.7728500366211,2033.0,0.0,1367.0,0.120137870311737,100.0,62.22392654418945,444.0,0.0
4354,0.0,1892.0,13.938701629638672,36.99,72.7728500366211,2033.0,0.0,1367.0,0.120137870311737,100.0,62.22392654418945,444.0,0.0
4355,0.0,1892.0,13.938701629638672,36.99,72.7728500366211,2033.0,0.0,1367.0,0.120137870311737,100.0,62.22392654418945,444.0,0.0
4356,0.0,1892.0,13.938701629638672,36.99,72.7728500366211,2033.0,0.0,1367.0,0.120137870311737,100.0,62.22392654418945,444.0,0.0
4357,0.0,1892.0,13.938701629638672,36.99,72.7728500366211,2033.0,0.0,1367.0,0.120137870311737,100.0,62.22392654418945,444.0,0.0
4358,0.0,1892.0,13.91136360168457,36.99,72.31318664550781,2101.0,0.0,1367.0,0.1812089383602142,100.0,62.156280517578125,444.0,0.0
4359,0.0,1892.0,13.91136360168457,36.99,72.31318664550781,2101.0,0.0,1367.0,0.1812089383602142,100.0,62.156280517578125,444.0,0.0
4360,0.0,1892.0,13.91136360168457,36.99,72.31318664550781,2101.0,0.0,1367.0,0.1812089383602142,100.0,62.156280517578125,444.0,0.0
4361,0.0,1892.0,13.91136360168457,36.99,72.31318664550781,2101.0,0.0,1367.0,0.1812089383602142,100.0,62.156280517578125,444.0,0.0
4362,0.0,1892.0,13.91136360168457,36.99,72.31318664550781,2101.0,0.0,1367.0,0.1812089383602142,100.0,62.156280517578125,444.0,0.0
4363,0.0,1892.0,13.081965446472168,36.99,71.44390869140625,1970.0,0.0,1367.0,0.0904071107506752,100.0,62.01302337646485,444.0,0.0
4364,0.0,1892.0,13.081965446472168,36.99,71.44390869140625,1970.0,0.0,1367.0,0.0904071107506752,100.0,62.01302337646485,444.0,0.0
4365,0.0,1892.0,13.081965446472168,36.99,71.44390869140625,1970.0,0.0,1367.0,0.0904071107506752,100.0,62.01302337646485,444.0,0.0
4366,0.0,1892.0,13.081965446472168,36.99,71.44390869140625,1970.0,0.0,1367.0,0.0904071107506752,100.0,62.01302337646485,444.0,0.0
4367,0.0,1892.0,13.081965446472168,36.99,71.44390869140625,1970.0,0.0,1367.0,0.0904071107506752,100.0,62.01302337646485,444.0,0.0
4368,0.0,1892.0,12.731643676757812,36.99,71.5574722290039,1534.0,0.0,1367.0,0.0785806700587272,100.0,62.00919723510742,382.0,0.0
4369,0.0,1892.0,12.731643676757812,36.99,71.5574722290039,1534.0,0.0,1367.0,0.0785806700587272,100.0,62.00919723510742,382.0,0.0
4370,0.0,1892.0,12.731643676757812,36.99,71.5574722290039,1534.0,0.0,1367.0,0.0785806700587272,100.0,62.00919723510742,382.0,0.0
4371,0.0,1892.0,12.731643676757812,36.99,71.5574722290039,1534.0,0.0,1367.0,0.0785806700587272,100.0,62.00919723510742,382.0,0.0
4372,0.0,1892.0,12.731643676757812,36.99,71.5574722290039,1534.0,0.0,1367.0,0.0785806700587272,100.0,62.00919723510742,382.0,0.0
4373,0.0,1892.0,12.4926176071167,36.99,71.47408294677734,1454.0,0.0,1367.0,0.0827116146683693,100.0,61.8279914855957,557.0,0.0
4374,0.0,1892.0,12.4926176071167,36.99,71.47408294677734,1454.0,0.0,1367.0,0.0827116146683693,100.0,61.8279914855957,557.0,0.0
4375,0.0,1892.0,12.4926176071167,36.99,71.47408294677734,1454.0,0.0,1367.0,0.0827116146683693,100.0,61.8279914855957,557.0,0.0
4376,0.0,1892.0,12.4926176071167,36.99,71.47408294677734,1454.0,0.0,1367.0,0.0827116146683693,100.0,61.8279914855957,557.0,0.0
4377,0.0,1892.0,12.4926176071167,36.99,71.47408294677734,1454.0,0.0,1367.0,0.0827116146683693,100.0,61.8279914855957,557.0,0.0
4378,0.0,1892.0,12.681203842163086,36.99,70.75347900390625,1647.0,0.0,1367.0,0.0600609704852104,100.0,61.65211868286133,484.0,0.0
4379,0.0,1892.0,12.681203842163086,36.99,70.75347900390625,1647.0,0.0,1367.0,0.0600609704852104,100.0,61.65211868286133,484.0,0.0
4380,0.0,1892.0,12.681203842163086,36.99,70.75347900390625,1647.0,0.0,1367.0,0.0600609704852104,100.0,61.65211868286133,484.0,0.0
4381,0.0,1892.0,12.681203842163086,36.99,70.75347900390625,1647.0,0.0,1367.0,0.0600609704852104,100.0,61.65211868286133,484.0,0.0
4382,0.0,1892.0,12.681203842163086,36.99,70.75347900390625,1647.0,0.0,1367.0,0.0600609704852104,100.0,61.65211868286133,484.0,0.0
4383,0.0,1892.0,12.895383834838867,36.99,69.97013092041016,1962.0,0.0,1367.0,0.0405420511960983,100.0,61.575469970703125,444.0,0.0
4384,0.0,1892.0,12.895383834838867,36.99,69.97013092041016,1962.0,0.0,1367.0,0.0405420511960983,100.0,61.575469970703125,444.0,0.0
4385,0.0,1892.0,12.895383834838867,36.99,69.97013092041016,1962.0,0.0,1367.0,0.0405420511960983,100.0,61.575469970703125,444.0,0.0
4386,0.0,1892.0,12.895383834838867,36.99,69.97013092041016,1962.0,0.0,1367.0,0.0405420511960983,100.0,61.575469970703125,444.0,0.0
4387,0.0,1892.0,12.895383834838867,36.99,69.97013092041016,1962.0,0.0,1367.0,0.0405420511960983,100.0,61.575469970703125,444.0,0.0
4388,0.0,1892.0,13.25568962097168,36.99,71.0955810546875,2136.0,0.0,1367.0,0.1625198870897293,100.0,61.714393615722656,591.0,0.0
4389,0.0,1892.0,13.25568962097168,36.99,71.0955810546875,2136.0,0.0,1367.0,0.1625198870897293,100.0,61.714393615722656,591.0,0.0
4390,0.0,1892.0,13.25568962097168,36.99,71.0955810546875,2136.0,0.0,1367.0,0.1625198870897293,100.0,61.714393615722656,591.0,0.0
4391,0.0,1892.0,13.25568962097168,36.99,71.0955810546875,2136.0,0.0,1367.0,0.1625198870897293,100.0,61.714393615722656,591.0,0.0
4392,0.0,1892.0,13.25568962097168,36.99,71.0955810546875,2136.0,0.0,1367.0,0.1625198870897293,100.0,61.714393615722656,591.0,0.0
4393,0.0,1892.0,13.452953338623049,36.99,72.00077819824219,1910.0,0.0,1367.0,0.1233522593975067,100.0,61.86084747314453,465.0,0.0
4394,0.0,1892.0,13.452953338623049,36.99,72.00077819824219,1910.0,0.0,1367.0,0.1233522593975067,100.0,61.86084747314453,465.0,0.0
4395,0.0,1892.0,13.452953338623049,36.99,72.00077819824219,1910.0,0.0,1367.0,0.1233522593975067,100.0,61.86084747314453,465.0,0.0
4396,0.0,1892.0,13.452953338623049,36.99,72.00077819824219,1910.0,0.0,1367.0,0.1233522593975067,100.0,61.86084747314453,465.0,0.0
4397,0.0,1892.0,13.452953338623049,36.99,72.00077819824219,1910.0,0.0,1367.0,0.1233522593975067,100.0,61.86084747314453,465.0,0.0
4398,0.0,1892.0,14.473527908325195,36.99,70.92382049560547,2079.0,0.0,1367.0,0.1527257561683654,100.0,61.933692932128906,444.0,0.0
4399,0.0,1892.0,14.473527908325195,36.99,70.92382049560547,2079.0,0.0,1367.0,0.1527257561683654,100.0,61.933692932128906,444.0,0.0
4400,0.0,1892.0,14.473527908325195,36.99,70.92382049560547,2079.0,0.0,1367.0,0.1527257561683654,100.0,61.933692932128906,444.0,0.0
4401,0.0,1892.0,14.473527908325195,36.99,70.92382049560547,2079.0,0.0,1367.0,0.1527257561683654,100.0,61.933692932128906,444.0,0.0
4402,0.0,1892.0,14.473527908325195,36.99,70.92382049560547,2079.0,0.0,1367.0,0.1527257561683654,100.0,61.933692932128906,444.0,0.0
4403,0.0,1892.0,17.212142944335938,36.99,73.87967681884766,1986.0,0.0,1367.0,0.2892459630966186,100.0,62.16240310668945,467.0,0.0
4404,0.0,1892.0,17.212142944335938,36.99,73.87967681884766,1986.0,0.0,1367.0,0.2892459630966186,100.0,62.16240310668945,467.0,0.0
4405,0.0,1892.0,17.212142944335938,36.99,73.87967681884766,1986.0,0.0,1367.0,0.2892459630966186,100.0,62.16240310668945,467.0,0.0
4406,0.0,1892.0,17.212142944335938,36.99,73.87967681884766,1986.0,0.0,1367.0,0.2892459630966186,100.0,62.16240310668945,467.0,0.0
4407,0.0,1892.0,17.212142944335938,36.99,73.87967681884766,1986.0,0.0,1367.0,0.2892459630966186,100.0,62.16240310668945,467.0,0.0
4408,0.0,1892.0,17.212142944335938,36.99,73.87967681884766,1986.0,0.0,1367.0,0.2892459630966186,100.0,62.16240310668945,467.0,0.0
4409,0.0,1892.0,16.160789489746094,36.99,73.90798950195312,2220.0,0.0,1367.0,0.4142409265041351,100.0,62.28437042236328,571.0,0.0
4410,0.0,1892.0,16.160789489746094,36.99,73.90798950195312,2220.0,0.0,1367.0,0.4142409265041351,100.0,62.28437042236328,571.0,0.0
4411,0.0,1892.0,16.160789489746094,36.99,73.90798950195312,2220.0,0.0,1367.0,0.4142409265041351,100.0,62.28437042236328,571.0,0.0
4412,0.0,1892.0,16.160789489746094,36.99,73.90798950195312,2220.0,0.0,1367.0,0.4142409265041351,100.0,62.28437042236328,571.0,0.0
4413,0.0,1892.0,16.160789489746094,36.99,73.90798950195312,2220.0,0.0,1367.0,0.4142409265041351,100.0,62.28437042236328,571.0,0.0
4414,0.0,1892.0,15.649480819702148,36.99,73.48658752441406,1784.0,0.0,1367.0,0.4312806725502014,100.0,62.33344268798828,492.0,0.0
4415,0.0,1892.0,15.649480819702148,36.99,73.48658752441406,1784.0,0.0,1367.0,0.4312806725502014,100.0,62.33344268798828,492.0,0.0
4416,0.0,1892.0,15.649480819702148,36.99,73.48658752441406,1784.0,0.0,1367.0,0.4312806725502014,100.0,62.33344268798828,492.0,0.0
4417,0.0,1892.0,15.649480819702148,36.99,73.48658752441406,1784.0,0.0,1367.0,0.4312806725502014,100.0,62.33344268798828,492.0,0.0
4418,0.0,1892.0,15.649480819702148,36.99,73.48658752441406,1784.0,0.0,1367.0,0.4312806725502014,100.0,62.33344268798828,492.0,0.0
4419,0.0,1892.0,14.927721977233888,36.99,73.90039825439453,1655.0,0.0,1367.0,0.4412729442119598,100.0,62.54337310791016,481.0,0.0
4420,0.0,1892.0,14.927721977233888,36.99,73.90039825439453,1655.0,0.0,1367.0,0.4412729442119598,100.0,62.54337310791016,481.0,0.0
4421,0.0,1892.0,14.927721977233888,36.99,73.90039825439453,1655.0,0.0,1367.0,0.4412729442119598,100.0,62.54337310791016,481.0,0.0
4422,0.0,1892.0,14.927721977233888,36.99,73.90039825439453,1655.0,0.0,1367.0,0.4412729442119598,100.0,62.54337310791016,481.0,0.0
4423,0.0,1892.0,14.927721977233888,36.99,73.90039825439453,1655.0,0.0,1367.0,0.4412729442119598,100.0,62.54337310791016,481.0,0.0
4424,0.0,1892.0,13.527424812316896,36.99,72.66322326660156,2194.0,0.0,1367.0,0.1383558809757232,100.0,62.29179763793945,444.0,0.0
4425,0.0,1892.0,13.527424812316896,36.99,72.66322326660156,2194.0,0.0,1367.0,0.1383558809757232,100.0,62.29179763793945,444.0,0.0
4426,0.0,1892.0,13.527424812316896,36.99,72.66322326660156,2194.0,0.0,1367.0,0.1383558809757232,100.0,62.29179763793945,444.0,0.0
4427,0.0,1892.0,13.527424812316896,36.99,72.66322326660156,2194.0,0.0,1367.0,0.1383558809757232,100.0,62.29179763793945,444.0,0.0
4428,0.0,1892.0,13.527424812316896,36.99,72.66322326660156,2194.0,0.0,1367.0,0.1383558809757232,100.0,62.29179763793945,444.0,0.0
4429,0.0,1892.0,16.122100830078125,36.99,72.33494567871094,2201.0,0.0,1367.0,0.1506160944700241,100.0,62.01536178588867,444.0,0.0
4430,0.0,1892.0,16.122100830078125,36.99,72.33494567871094,2201.0,0.0,1367.0,0.1506160944700241,100.0,62.01536178588867,444.0,0.0
4431,0.0,1892.0,16.122100830078125,36.99,72.33494567871094,2201.0,0.0,1367.0,0.1506160944700241,100.0,62.01536178588867,444.0,0.0
4432,0.0,1892.0,16.122100830078125,36.99,72.33494567871094,2201.0,0.0,1367.0,0.1506160944700241,100.0,62.01536178588867,444.0,0.0
4433,0.0,1892.0,16.122100830078125,36.99,72.33494567871094,2201.0,0.0,1367.0,0.1506160944700241,100.0,62.01536178588867,444.0,0.0
4434,0.0009689923026598,1892.0,17.56253433227539,36.99,73.91128540039062,1979.0,0.0,1367.0,0.6554427742958069,100.0,62.330284118652344,477.0,0.0
4435,0.0009689923026598,1892.0,17.56253433227539,36.99,73.91128540039062,1979.0,0.0,1367.0,0.6554427742958069,100.0,62.330284118652344,477.0,0.0
4436,0.0009689923026598,1892.0,17.56253433227539,36.99,73.91128540039062,1979.0,0.0,1367.0,0.6554427742958069,100.0,62.330284118652344,477.0,0.0
4437,0.0009689923026598,1892.0,17.56253433227539,36.99,73.91128540039062,1979.0,0.0,1367.0,0.6554427742958069,100.0,62.330284118652344,477.0,0.0
4438,0.0009689923026598,1892.0,17.56253433227539,36.99,73.91128540039062,1979.0,0.0,1367.0,0.6554427742958069,100.0,62.330284118652344,477.0,0.0
4439,0.0,1892.0,13.623066902160645,36.99,74.34044647216797,1734.0,0.0,1367.0,0.1498728692531585,100.0,62.728118896484375,493.0,0.0
4440,0.0,1892.0,13.623066902160645,36.99,74.34044647216797,1734.0,0.0,1367.0,0.1498728692531585,100.0,62.728118896484375,493.0,0.0
4441,0.0,1892.0,13.623066902160645,36.99,74.34044647216797,1734.0,0.0,1367.0,0.1498728692531585,100.0,62.728118896484375,493.0,0.0
4442,0.0,1892.0,13.623066902160645,36.99,74.34044647216797,1734.0,0.0,1367.0,0.1498728692531585,100.0,62.728118896484375,493.0,0.0
4443,0.0,1892.0,13.623066902160645,36.99,74.34044647216797,1734.0,0.0,1367.0,0.1498728692531585,100.0,62.728118896484375,493.0,0.0
4444,0.0,1892.0,12.756813049316406,36.99,71.644287109375,1795.0,0.0,1367.0,0.0,100.0,62.17412185668945,0.0,0.0
4445,0.0,1892.0,12.756813049316406,36.99,71.644287109375,1795.0,0.0,1367.0,0.0,100.0,62.17412185668945,0.0,0.0
4446,0.0,1892.0,12.756813049316406,36.99,71.644287109375,1795.0,0.0,1367.0,0.0,100.0,62.17412185668945,0.0,0.0
4447,0.0,1892.0,12.756813049316406,36.99,71.644287109375,1795.0,0.0,1367.0,0.0,100.0,62.17412185668945,0.0,0.0
4448,0.0,1892.0,12.756813049316406,36.99,71.644287109375,1795.0,0.0,1367.0,0.0,100.0,62.17412185668945,0.0,0.0
4449,0.0,1892.0,12.88828468322754,36.99,70.92231750488281,1762.0,0.0,1367.0,0.0906381905078888,100.0,62.0970458984375,222.0,0.0
4450,0.0,1892.0,12.88828468322754,36.99,70.92231750488281,1762.0,0.0,1367.0,0.0906381905078888,100.0,62.0970458984375,222.0,0.0
4451,0.0,1892.0,12.88828468322754,36.99,70.92231750488281,1762.0,0.0,1367.0,0.0906381905078888,100.0,62.0970458984375,222.0,0.0
4452,0.0,1892.0,12.88828468322754,36.99,70.92231750488281,1762.0,0.0,1367.0,0.0906381905078888,100.0,62.0970458984375,222.0,0.0
4453,0.0,1892.0,12.88828468322754,36.99,70.92231750488281,1762.0,0.0,1367.0,0.0906381905078888,100.0,62.0970458984375,222.0,0.0
4454,0.0,1892.0,13.131811141967772,36.99,70.93144226074219,2014.0,0.0,1367.0,0.0760787948966026,100.0,62.18358612060547,371.0,0.0
4455,0.0,1892.0,13.131811141967772,36.99,70.93144226074219,2014.0,0.0,1367.0,0.0760787948966026,100.0,62.18358612060547,371.0,0.0
4456,0.0,1892.0,13.131811141967772,36.99,70.93144226074219,2014.0,0.0,1367.0,0.0760787948966026,100.0,62.18358612060547,371.0,0.0
4457,0.0,1892.0,13.131811141967772,36.99,70.93144226074219,2014.0,0.0,1367.0,0.0760787948966026,100.0,62.18358612060547,371.0,0.0
4458,0.0,1892.0,13.131811141967772,36.99,70.93144226074219,2014.0,0.0,1367.0,0.0760787948966026,100.0,62.18358612060547,371.0,0.0
4459,0.0,1892.0,12.928363800048828,36.99,69.4057846069336,1769.0,0.0,1367.0,0.0040703024715185,100.0,61.64118194580078,222.0,0.0
4460,0.0,1892.0,12.928363800048828,36.99,69.4057846069336,1769.0,0.0,1367.0,0.0040703024715185,100.0,61.64118194580078,222.0,0.0
4461,0.0,1892.0,12.928363800048828,36.99,69.4057846069336,1769.0,0.0,1367.0,0.0040703024715185,100.0,61.64118194580078,222.0,0.0
4462,0.0,1892.0,12.928363800048828,36.99,69.4057846069336,1769.0,0.0,1367.0,0.0040703024715185,100.0,61.64118194580078,222.0,0.0
4463,0.0,1892.0,12.928363800048828,36.99,69.4057846069336,1769.0,0.0,1367.0,0.0040703024715185,100.0,61.64118194580078,222.0,0.0
4464,0.0,1892.0,12.928363800048828,36.99,69.4057846069336,1769.0,0.0,1367.0,0.0040703024715185,100.0,61.64118194580078,222.0,0.0
4465,0.0,1892.0,12.935110092163086,36.99,70.69508361816406,1696.0,0.0,1367.0,0.0746202543377876,100.0,61.67488479614258,362.0,0.0
4466,0.0,1892.0,12.935110092163086,36.99,70.69508361816406,1696.0,0.0,1367.0,0.0746202543377876,100.0,61.67488479614258,362.0,0.0
4467,0.0,1892.0,12.935110092163086,36.99,70.69508361816406,1696.0,0.0,1367.0,0.0746202543377876,100.0,61.67488479614258,362.0,0.0
4468,0.0,1892.0,12.935110092163086,36.99,70.69508361816406,1696.0,0.0,1367.0,0.0746202543377876,100.0,61.67488479614258,362.0,0.0
4469,0.0,1892.0,12.935110092163086,36.99,70.69508361816406,1696.0,0.0,1367.0,0.0746202543377876,100.0,61.67488479614258,362.0,0.0
4470,0.0,1892.0,12.654630661010742,36.99,68.85845947265625,1407.0,0.0,1367.0,0.0,100.0,5.8734002113342285,0.0,0.0
4471,0.0,1892.0,12.654630661010742,36.99,68.85845947265625,1407.0,0.0,1367.0,0.0,100.0,5.8734002113342285,0.0,0.0
4472,0.0,1892.0,12.654630661010742,36.99,68.85845947265625,1407.0,0.0,1367.0,0.0,100.0,5.8734002113342285,0.0,0.0
4473,0.0,1892.0,12.654630661010742,36.99,68.85845947265625,1407.0,0.0,1367.0,0.0,100.0,5.8734002113342285,0.0,0.0
4474,0.0,1892.0,12.654630661010742,36.99,68.85845947265625,1407.0,0.0,1367.0,0.0,100.0,5.8734002113342285,0.0,0.0
4475,0.0,1892.0,12.587404251098633,36.99,70.4444808959961,1395.0,0.0,1367.0,0.0006489226943813,100.0,61.5898323059082,111.0,0.0
4476,0.0,1892.0,12.587404251098633,36.99,70.4444808959961,1395.0,0.0,1367.0,0.0006489226943813,100.0,61.5898323059082,111.0,0.0
4477,0.0,1892.0,12.587404251098633,36.99,70.4444808959961,1395.0,0.0,1367.0,0.0006489226943813,100.0,61.5898323059082,111.0,0.0
4478,0.0,1892.0,12.587404251098633,36.99,70.4444808959961,1395.0,0.0,1367.0,0.0006489226943813,100.0,61.5898323059082,111.0,0.0
4479,0.0,1892.0,12.587404251098633,36.99,70.4444808959961,1395.0,0.0,1367.0,0.0006489226943813,100.0,61.5898323059082,111.0,0.0
4480,0.0,1892.0,12.462158203125,36.99,68.4781494140625,1357.0,0.0,1367.0,0.0,100.0,5.8734002113342285,0.0,0.0
4481,0.0,1892.0,12.462158203125,36.99,68.4781494140625,1357.0,0.0,1367.0,0.0,100.0,5.8734002113342285,0.0,0.0
4482,0.0,1892.0,12.462158203125,36.99,68.4781494140625,1357.0,0.0,1367.0,0.0,100.0,5.8734002113342285,0.0,0.0
4483,0.0,1892.0,12.462158203125,36.99,68.4781494140625,1357.0,0.0,1367.0,0.0,100.0,5.8734002113342285,0.0,0.0
4484,0.0,1892.0,12.462158203125,36.99,68.4781494140625,1357.0,0.0,1367.0,0.0,100.0,5.8734002113342285,0.0,0.0
4485,0.0,1892.0,12.568050384521484,36.99,68.66092681884766,1518.0,0.0,1367.0,0.0,100.0,5.8734002113342285,0.0,0.0
4486,0.0,1892.0,12.568050384521484,36.99,68.66092681884766,1518.0,0.0,1367.0,0.0,100.0,5.8734002113342285,0.0,0.0
4487,0.0,1892.0,12.568050384521484,36.99,68.66092681884766,1518.0,0.0,1367.0,0.0,100.0,5.8734002113342285,0.0,0.0
4488,0.0,1892.0,12.568050384521484,36.99,68.66092681884766,1518.0,0.0,1367.0,0.0,100.0,5.8734002113342285,0.0,0.0
4489,0.0,1892.0,12.568050384521484,36.99,68.66092681884766,1518.0,0.0,1367.0,0.0,100.0,5.8734002113342285,0.0,0.0
4490,0.0,1892.0,12.61629867553711,36.99,68.74688720703125,1528.0,0.0,1367.0,0.0066452026367187,100.0,61.08149337768555,222.0,0.0
4491,0.0,1892.0,12.61629867553711,36.99,68.74688720703125,1528.0,0.0,1367.0,0.0066452026367187,100.0,61.08149337768555,222.0,0.0
4492,0.0,1892.0,12.61629867553711,36.99,68.74688720703125,1528.0,0.0,1367.0,0.0066452026367187,100.0,61.08149337768555,222.0,0.0
4493,0.0,1892.0,12.61629867553711,36.99,68.74688720703125,1528.0,0.0,1367.0,0.0066452026367187,100.0,61.08149337768555,222.0,0.0
4494,0.0,1892.0,12.61629867553711,36.99,68.74688720703125,1528.0,0.0,1367.0,0.0066452026367187,100.0,61.08149337768555,222.0,0.0
4495,0.0,1892.0,13.10499382019043,36.99,69.32523345947266,1926.0,0.0,1367.0,0.1769778728485107,100.0,61.19390106201172,333.0,0.0
4496,0.0,1892.0,13.10499382019043,36.99,69.32523345947266,1926.0,0.0,1367.0,0.1769778728485107,100.0,61.19390106201172,333.0,0.0
4497,0.0,1892.0,13.10499382019043,36.99,69.32523345947266,1926.0,0.0,1367.0,0.1769778728485107,100.0,61.19390106201172,333.0,0.0
4498,0.0,1892.0,13.10499382019043,36.99,69.32523345947266,1926.0,0.0,1367.0,0.1769778728485107,100.0,61.19390106201172,333.0,0.0
4499,0.0,1892.0,13.10499382019043,36.99,69.32523345947266,1926.0,0.0,1367.0,0.1769778728485107,100.0,61.19390106201172,333.0,0.0
4500,0.0,1892.0,12.82909107208252,36.99,69.25585174560547,1933.0,0.0,1367.0,0.0786446407437324,100.0,61.30268096923828,362.0,0.0
4501,0.0,1892.0,12.82909107208252,36.99,69.25585174560547,1933.0,0.0,1367.0,0.0786446407437324,100.0,61.30268096923828,362.0,0.0
4502,0.0,1892.0,12.82909107208252,36.99,69.25585174560547,1933.0,0.0,1367.0,0.0786446407437324,100.0,61.30268096923828,362.0,0.0
4503,0.0,1892.0,12.82909107208252,36.99,69.25585174560547,1933.0,0.0,1367.0,0.0786446407437324,100.0,61.30268096923828,362.0,0.0
4504,0.0,1892.0,12.82909107208252,36.99,69.25585174560547,1933.0,0.0,1367.0,0.0786446407437324,100.0,61.30268096923828,362.0,0.0
4505,0.0,1892.0,13.067815780639648,36.99,70.49021911621094,2087.0,0.0,1367.0,0.1339847445487976,100.0,61.291259765625,444.0,0.0
4506,0.0,1892.0,13.067815780639648,36.99,70.49021911621094,2087.0,0.0,1367.0,0.1339847445487976,100.0,61.291259765625,444.0,0.0
4507,0.0,1892.0,13.067815780639648,36.99,70.49021911621094,2087.0,0.0,1367.0,0.1339847445487976,100.0,61.291259765625,444.0,0.0
4508,0.0,1892.0,13.067815780639648,36.99,70.49021911621094,2087.0,0.0,1367.0,0.1339847445487976,100.0,61.291259765625,444.0,0.0
4509,0.0,1892.0,13.067815780639648,36.99,70.49021911621094,2087.0,0.0,1367.0,0.1339847445487976,100.0,61.291259765625,444.0,0.0
4510,0.0,1892.0,12.569751739501951,36.99,70.13638305664062,1681.0,0.0,1367.0,0.0486713834106922,100.0,61.3326530456543,111.0,0.0
4511,0.0,1892.0,12.569751739501951,36.99,70.13638305664062,1681.0,0.0,1367.0,0.0486713834106922,100.0,61.3326530456543,111.0,0.0
4512,0.0,1892.0,12.569751739501951,36.99,70.13638305664062,1681.0,0.0,1367.0,0.0486713834106922,100.0,61.3326530456543,111.0,0.0
4513,0.0,1892.0,12.569751739501951,36.99,70.13638305664062,1681.0,0.0,1367.0,0.0486713834106922,100.0,61.3326530456543,111.0,0.0
4514,0.0,1892.0,12.569751739501951,36.99,70.13638305664062,1681.0,0.0,1367.0,0.0486713834106922,100.0,61.3326530456543,111.0,0.0
4515,0.0,1892.0,12.569751739501951,36.99,70.13638305664062,1681.0,0.0,1367.0,0.0486713834106922,100.0,61.3326530456543,111.0,0.0
4516,0.0,1892.0,12.76541805267334,36.99,69.20288848876953,1803.0,0.0,1367.0,0.0191864892840385,100.0,61.56071853637695,248.0,0.0
4517,0.0,1892.0,12.76541805267334,36.99,69.20288848876953,1803.0,0.0,1367.0,0.0191864892840385,100.0,61.56071853637695,248.0,0.0
4518,0.0,1892.0,12.76541805267334,36.99,69.20288848876953,1803.0,0.0,1367.0,0.0191864892840385,100.0,61.56071853637695,248.0,0.0
4519,0.0,1892.0,12.76541805267334,36.99,69.20288848876953,1803.0,0.0,1367.0,0.0191864892840385,100.0,61.56071853637695,248.0,0.0
4520,0.0,1892.0,12.76541805267334,36.99,69.20288848876953,1803.0,0.0,1367.0,0.0191864892840385,100.0,61.56071853637695,248.0,0.0
4521,0.0,1892.0,12.888096809387209,36.99,69.78325653076172,1825.0,0.0,1367.0,0.0638842582702636,100.0,61.59720993041992,533.0,0.0
4522,0.0,1892.0,12.888096809387209,36.99,69.78325653076172,1825.0,0.0,1367.0,0.0638842582702636,100.0,61.59720993041992,533.0,0.0
4523,0.0,1892.0,12.888096809387209,36.99,69.78325653076172,1825.0,0.0,1367.0,0.0638842582702636,100.0,61.59720993041992,533.0,0.0
4524,0.0,1892.0,12.888096809387209,36.99,69.78325653076172,1825.0,0.0,1367.0,0.0638842582702636,100.0,61.59720993041992,533.0,0.0
4525,0.0,1892.0,12.888096809387209,36.99,69.78325653076172,1825.0,0.0,1367.0,0.0638842582702636,100.0,61.59720993041992,533.0,0.0
4526,0.0,1892.0,12.875173568725586,36.99,69.22267150878906,1603.0,0.0,1367.0,0.0328521281480789,100.0,61.69160079956055,333.0,0.0
4527,0.0,1892.0,12.875173568725586,36.99,69.22267150878906,1603.0,0.0,1367.0,0.0328521281480789,100.0,61.69160079956055,333.0,0.0
4528,0.0,1892.0,12.875173568725586,36.99,69.22267150878906,1603.0,0.0,1367.0,0.0328521281480789,100.0,61.69160079956055,333.0,0.0
4529,0.0,1892.0,12.875173568725586,36.99,69.22267150878906,1603.0,0.0,1367.0,0.0328521281480789,100.0,61.69160079956055,333.0,0.0
4530,0.0,1892.0,12.875173568725586,36.99,69.22267150878906,1603.0,0.0,1367.0,0.0328521281480789,100.0,61.69160079956055,333.0,0.0
4531,0.0,1892.0,12.668211936950684,36.99,69.83916473388672,1344.0,0.0,1367.0,0.0010648852912709,100.0,61.76586151123047,111.0,0.0
4532,0.0,1892.0,12.668211936950684,36.99,69.83916473388672,1344.0,0.0,1367.0,0.0010648852912709,100.0,61.76586151123047,111.0,0.0
4533,0.0,1892.0,12.668211936950684,36.99,69.83916473388672,1344.0,0.0,1367.0,0.0010648852912709,100.0,61.76586151123047,111.0,0.0
4534,0.0,1892.0,12.668211936950684,36.99,69.83916473388672,1344.0,0.0,1367.0,0.0010648852912709,100.0,61.76586151123047,111.0,0.0
4535,0.0,1892.0,12.668211936950684,36.99,69.83916473388672,1344.0,0.0,1367.0,0.0010648852912709,100.0,61.76586151123047,111.0,0.0
4536,0.0,1892.0,12.548182487487791,36.99,68.40950775146484,1029.0,0.0,1367.0,0.0,100.0,60.93773651123047,0.0,0.0
4537,0.0,1892.0,12.548182487487791,36.99,68.40950775146484,1029.0,0.0,1367.0,0.0,100.0,60.93773651123047,0.0,0.0
4538,0.0,1892.0,12.548182487487791,36.99,68.40950775146484,1029.0,0.0,1367.0,0.0,100.0,60.93773651123047,0.0,0.0
4539,0.0,1892.0,12.548182487487791,36.99,68.40950775146484,1029.0,0.0,1367.0,0.0,100.0,60.93773651123047,0.0,0.0
4540,0.0,1892.0,12.548182487487791,36.99,68.40950775146484,1029.0,0.0,1367.0,0.0,100.0,60.93773651123047,0.0,0.0
4541,0.0,1892.0,14.762901306152344,36.99,68.31488037109375,1676.0,0.0,1367.0,0.1232732534408569,100.0,60.72607421875,333.0,0.0
4542,0.0,1892.0,14.762901306152344,36.99,68.31488037109375,1676.0,0.0,1367.0,0.1232732534408569,100.0,60.72607421875,333.0,0.0
4543,0.0,1892.0,14.762901306152344,36.99,68.31488037109375,1676.0,0.0,1367.0,0.1232732534408569,100.0,60.72607421875,333.0,0.0
4544,0.0,1892.0,14.762901306152344,36.99,68.31488037109375,1676.0,0.0,1367.0,0.1232732534408569,100.0,60.72607421875,333.0,0.0
4545,0.0,1892.0,14.762901306152344,36.99,68.31488037109375,1676.0,0.0,1367.0,0.1232732534408569,100.0,60.72607421875,333.0,0.0
4546,0.0,1892.0,17.118885040283203,36.99,72.8206787109375,2049.0,0.0,1367.0,0.256462812423706,100.0,61.33496856689453,613.0,0.0
4547,0.0,1892.0,17.118885040283203,36.99,72.8206787109375,2049.0,0.0,1367.0,0.256462812423706,100.0,61.33496856689453,613.0,0.0
4548,0.0,1892.0,17.118885040283203,36.99,72.8206787109375,2049.0,0.0,1367.0,0.256462812423706,100.0,61.33496856689453,613.0,0.0
4549,0.0,1892.0,17.118885040283203,36.99,72.8206787109375,2049.0,0.0,1367.0,0.256462812423706,100.0,61.33496856689453,613.0,0.0
4550,0.0,1892.0,17.118885040283203,36.99,72.8206787109375,2049.0,0.0,1367.0,0.256462812423706,100.0,61.33496856689453,613.0,0.0
4551,0.0,1892.0,15.15575885772705,36.99,73.92198944091797,2023.0,0.0,1367.0,0.2365598529577255,100.0,61.8772087097168,581.0,0.0
4552,0.0,1892.0,15.15575885772705,36.99,73.92198944091797,2023.0,0.0,1367.0,0.2365598529577255,100.0,61.8772087097168,581.0,0.0
4553,0.0,1892.0,15.15575885772705,36.99,73.92198944091797,2023.0,0.0,1367.0,0.2365598529577255,100.0,61.8772087097168,581.0,0.0
4554,0.0,1892.0,15.15575885772705,36.99,73.92198944091797,2023.0,0.0,1367.0,0.2365598529577255,100.0,61.8772087097168,581.0,0.0
4555,0.0,1892.0,15.15575885772705,36.99,73.92198944091797,2023.0,0.0,1367.0,0.2365598529577255,100.0,61.8772087097168,581.0,0.0
4556,0.0,1892.0,13.169665336608888,36.99,71.82987976074219,2092.0,0.0,1367.0,0.067751333117485,100.0,61.5767936706543,444.0,0.0
4557,0.0,1892.0,13.169665336608888,36.99,71.82987976074219,2092.0,0.0,1367.0,0.067751333117485,100.0,61.5767936706543,444.0,0.0
4558,0.0,1892.0,13.169665336608888,36.99,71.82987976074219,2092.0,0.0,1367.0,0.067751333117485,100.0,61.5767936706543,444.0,0.0
4559,0.0,1892.0,13.169665336608888,36.99,71.82987976074219,2092.0,0.0,1367.0,0.067751333117485,100.0,61.5767936706543,444.0,0.0
4560,0.0,1892.0,13.169665336608888,36.99,71.82987976074219,2092.0,0.0,1367.0,0.067751333117485,100.0,61.5767936706543,444.0,0.0
4561,0.0,1892.0,14.486785888671877,36.99,70.11966705322266,1882.0,0.0,1367.0,0.2950968444347381,100.0,61.12177658081055,444.0,0.0
4562,0.0,1892.0,14.486785888671877,36.99,70.11966705322266,1882.0,0.0,1367.0,0.2950968444347381,100.0,61.12177658081055,444.0,0.0
4563,0.0,1892.0,14.486785888671877,36.99,70.11966705322266,1882.0,0.0,1367.0,0.2950968444347381,100.0,61.12177658081055,444.0,0.0
4564,0.0,1892.0,14.486785888671877,36.99,70.11966705322266,1882.0,0.0,1367.0,0.2950968444347381,100.0,61.12177658081055,444.0,0.0
4565,0.0,1892.0,14.486785888671877,36.99,70.11966705322266,1882.0,0.0,1367.0,0.2950968444347381,100.0,61.12177658081055,444.0,0.0
4566,0.0,1892.0,14.486785888671877,36.99,70.11966705322266,1882.0,0.0,1367.0,0.2950968444347381,100.0,61.12177658081055,444.0,0.0
4567,0.0,1892.0,14.325362205505373,36.99,72.30860900878906,1698.0,0.0,1367.0,0.2115666568279266,100.0,61.6877555847168,497.0,0.0
4568,0.0,1892.0,14.325362205505373,36.99,72.30860900878906,1698.0,0.0,1367.0,0.2115666568279266,100.0,61.6877555847168,497.0,0.0
4569,0.0,1892.0,14.325362205505373,36.99,72.30860900878906,1698.0,0.0,1367.0,0.2115666568279266,100.0,61.6877555847168,497.0,0.0
4570,0.0,1892.0,14.325362205505373,36.99,72.30860900878906,1698.0,0.0,1367.0,0.2115666568279266,100.0,61.6877555847168,497.0,0.0
4571,0.0,1892.0,14.325362205505373,36.99,72.30860900878906,1698.0,0.0,1367.0,0.2115666568279266,100.0,61.6877555847168,497.0,0.0
4572,0.0,1892.0,12.978313446044922,36.99,72.15937042236328,1310.0,0.0,1367.0,0.0122231524437665,100.0,61.555198669433594,222.0,0.0
4573,0.0,1892.0,12.978313446044922,36.99,72.15937042236328,1310.0,0.0,1367.0,0.0122231524437665,100.0,61.555198669433594,222.0,0.0
4574,0.0,1892.0,12.978313446044922,36.99,72.15937042236328,1310.0,0.0,1367.0,0.0122231524437665,100.0,61.555198669433594,222.0,0.0
4575,0.0,1892.0,12.978313446044922,36.99,72.15937042236328,1310.0,0.0,1367.0,0.0122231524437665,100.0,61.555198669433594,222.0,0.0
4576,0.0,1892.0,12.978313446044922,36.99,72.15937042236328,1310.0,0.0,1367.0,0.0122231524437665,100.0,61.555198669433594,222.0,0.0
4577,0.0,1892.0,12.8916015625,36.99,70.17988586425781,1862.0,0.0,1367.0,0.038449615240097,100.0,61.30268096923828,333.0,0.0
4578,0.0,1892.0,12.8916015625,36.99,70.17988586425781,1862.0,0.0,1367.0,0.038449615240097,100.0,61.30268096923828,333.0,0.0
4579,0.0,1892.0,12.8916015625,36.99,70.17988586425781,1862.0,0.0,1367.0,0.038449615240097,100.0,61.30268096923828,333.0,0.0
4580,0.0,1892.0,12.8916015625,36.99,70.17988586425781,1862.0,0.0,1367.0,0.038449615240097,100.0,61.30268096923828,333.0,0.0
4581,0.0,1892.0,12.8916015625,36.99,70.17988586425781,1862.0,0.0,1367.0,0.038449615240097,100.0,61.30268096923828,333.0,0.0
4582,0.0,1892.0,13.548696517944336,36.99,69.90535736083984,2107.0,0.0,1367.0,0.0726587921380996,100.0,61.128936767578125,444.0,0.0
4583,0.0,1892.0,13.548696517944336,36.99,69.90535736083984,2107.0,0.0,1367.0,0.0726587921380996,100.0,61.128936767578125,444.0,0.0
4584,0.0,1892.0,13.548696517944336,36.99,69.90535736083984,2107.0,0.0,1367.0,0.0726587921380996,100.0,61.128936767578125,444.0,0.0
4585,0.0,1892.0,13.548696517944336,36.99,69.90535736083984,2107.0,0.0,1367.0,0.0726587921380996,100.0,61.128936767578125,444.0,0.0
4586,0.0,1892.0,13.548696517944336,36.99,69.90535736083984,2107.0,0.0,1367.0,0.0726587921380996,100.0,61.128936767578125,444.0,0.0
4587,0.0,1892.0,12.661643981933594,36.99,68.89171600341797,1536.0,0.0,1367.0,0.0210938081145286,100.0,60.96353912353515,333.0,0.0
4588,0.0,1892.0,12.661643981933594,36.99,68.89171600341797,1536.0,0.0,1367.0,0.0210938081145286,100.0,60.96353912353515,333.0,0.0
4589,0.0,1892.0,12.661643981933594,36.99,68.89171600341797,1536.0,0.0,1367.0,0.0210938081145286,100.0,60.96353912353515,333.0,0.0
4590,0.0,1892.0,12.661643981933594,36.99,68.89171600341797,1536.0,0.0,1367.0,0.0210938081145286,100.0,60.96353912353515,333.0,0.0
4591,0.0,1892.0,12.661643981933594,36.99,68.89171600341797,1536.0,0.0,1367.0,0.0210938081145286,100.0,60.96353912353515,333.0,0.0
4592,0.0,1892.0,12.600833892822266,36.99,68.84170532226562,1275.0,0.0,1367.0,0.0124935451894998,100.0,60.88798904418945,222.0,0.0
4593,0.0,1892.0,12.600833892822266,36.99,68.84170532226562,1275.0,0.0,1367.0,0.0124935451894998,100.0,60.88798904418945,222.0,0.0
4594,0.0,1892.0,12.600833892822266,36.99,68.84170532226562,1275.0,0.0,1367.0,0.0124935451894998,100.0,60.88798904418945,222.0,0.0
4595,0.0,1892.0,12.600833892822266,36.99,68.84170532226562,1275.0,0.0,1367.0,0.0124935451894998,100.0,60.88798904418945,222.0,0.0
4596,0.0,1892.0,12.600833892822266,36.99,68.84170532226562,1275.0,0.0,1367.0,0.0124935451894998,100.0,60.88798904418945,222.0,0.0
4597,0.0,1892.0,12.56366729736328,36.99,69.48015594482422,1206.0,0.0,1367.0,0.001137142884545,100.0,60.87107467651367,111.0,0.0
4598,0.0,1892.0,12.56366729736328,36.99,69.48015594482422,1206.0,0.0,1367.0,0.001137142884545,100.0,60.87107467651367,111.0,0.0
4599,0.0,1892.0,12.56366729736328,36.99,69.48015594482422,1206.0,0.0,1367.0,0.001137142884545,100.0,60.87107467651367,111.0,0.0
4600,0.0,1892.0,12.56366729736328,36.99,69.48015594482422,1206.0,0.0,1367.0,0.001137142884545,100.0,60.87107467651367,111.0,0.0
4601,0.0,1892.0,12.56366729736328,36.99,69.48015594482422,1206.0,0.0,1367.0,0.001137142884545,100.0,60.87107467651367,111.0,0.0
4602,0.0,1892.0,13.287349700927734,36.99,69.88256072998047,1806.0,0.0,1367.0,0.104285791516304,100.0,61.09270477294922,333.0,0.0
4603,0.0,1892.0,13.287349700927734,36.99,69.88256072998047,1806.0,0.0,1367.0,0.104285791516304,100.0,61.09270477294922,333.0,0.0
4604,0.0,1892.0,13.287349700927734,36.99,69.88256072998047,1806.0,0.0,1367.0,0.104285791516304,100.0,61.09270477294922,333.0,0.0
4605,0.0,1892.0,13.287349700927734,36.99,69.88256072998047,1806.0,0.0,1367.0,0.104285791516304,100.0,61.09270477294922,333.0,0.0
4606,0.0,1892.0,13.287349700927734,36.99,69.88256072998047,1806.0,0.0,1367.0,0.104285791516304,100.0,61.09270477294922,333.0,0.0
4607,0.0,1892.0,12.716325759887695,36.99,70.46122741699219,2246.0,0.0,1367.0,0.1293278783559799,100.0,61.22832489013672,444.0,0.0
4608,0.0,1892.0,12.716325759887695,36.99,70.46122741699219,2246.0,0.0,1367.0,0.1293278783559799,100.0,61.22832489013672,444.0,0.0
4609,0.0,1892.0,12.716325759887695,36.99,70.46122741699219,2246.0,0.0,1367.0,0.1293278783559799,100.0,61.22832489013672,444.0,0.0
4610,0.0,1892.0,12.716325759887695,36.99,70.46122741699219,2246.0,0.0,1367.0,0.1293278783559799,100.0,61.22832489013672,444.0,0.0
4611,0.0,1892.0,12.716325759887695,36.99,70.46122741699219,2246.0,0.0,1367.0,0.1293278783559799,100.0,61.22832489013672,444.0,0.0
4612,0.0,1892.0,16.629480361938477,36.99,72.69014739990234,2122.0,0.0,1367.0,0.1504504382610321,100.0,61.37384796142578,501.0,0.0
4613,0.0,1892.0,16.629480361938477,36.99,72.69014739990234,2122.0,0.0,1367.0,0.1504504382610321,100.0,61.37384796142578,501.0,0.0
4614,0.0,1892.0,16.629480361938477,36.99,72.69014739990234,2122.0,0.0,1367.0,0.1504504382610321,100.0,61.37384796142578,501.0,0.0
4615,0.0,1892.0,16.629480361938477,36.99,72.69014739990234,2122.0,0.0,1367.0,0.1504504382610321,100.0,61.37384796142578,501.0,0.0
4616,0.0,1892.0,16.629480361938477,36.99,72.69014739990234,2122.0,0.0,1367.0,0.1504504382610321,100.0,61.37384796142578,501.0,0.0
4617,0.0,1892.0,16.629480361938477,36.99,72.69014739990234,2122.0,0.0,1367.0,0.1504504382610321,100.0,61.37384796142578,501.0,0.0
4618,0.0,1892.0,16.216337203979492,36.99,73.35488891601562,1784.0,0.0,1367.0,0.0967306792736053,100.0,61.651092529296875,592.0,0.0
4619,0.0,1892.0,16.216337203979492,36.99,73.35488891601562,1784.0,0.0,1367.0,0.0967306792736053,100.0,61.651092529296875,592.0,0.0
4620,0.0,1892.0,16.216337203979492,36.99,73.35488891601562,1784.0,0.0,1367.0,0.0967306792736053,100.0,61.651092529296875,592.0,0.0
4621,0.0,1892.0,16.216337203979492,36.99,73.35488891601562,1784.0,0.0,1367.0,0.0967306792736053,100.0,61.651092529296875,592.0,0.0
4622,0.0,1892.0,16.216337203979492,36.99,73.35488891601562,1784.0,0.0,1367.0,0.0967306792736053,100.0,61.651092529296875,592.0,0.0
4623,0.0,1892.0,13.396458625793455,36.99,72.0217056274414,1965.0,0.0,1367.0,0.1385679543018341,100.0,61.58202362060547,415.0,0.0
4624,0.0,1892.0,13.396458625793455,36.99,72.0217056274414,1965.0,0.0,1367.0,0.1385679543018341,100.0,61.58202362060547,415.0,0.0
4625,0.0,1892.0,13.396458625793455,36.99,72.0217056274414,1965.0,0.0,1367.0,0.1385679543018341,100.0,61.58202362060547,415.0,0.0
4626,0.0,1892.0,13.396458625793455,36.99,72.0217056274414,1965.0,0.0,1367.0,0.1385679543018341,100.0,61.58202362060547,415.0,0.0
4627,0.0,1892.0,13.396458625793455,36.99,72.0217056274414,1965.0,0.0,1367.0,0.1385679543018341,100.0,61.58202362060547,415.0,0.0
4628,0.0,1892.0,14.087118148803713,36.99,71.61256408691406,1876.0,0.0,1367.0,0.3118813037872314,100.0,61.639930725097656,513.0,0.0
4629,0.0,1892.0,14.087118148803713,36.99,71.61256408691406,1876.0,0.0,1367.0,0.3118813037872314,100.0,61.639930725097656,513.0,0.0
4630,0.0,1892.0,14.087118148803713,36.99,71.61256408691406,1876.0,0.0,1367.0,0.3118813037872314,100.0,61.639930725097656,513.0,0.0
4631,0.0,1892.0,14.087118148803713,36.99,71.61256408691406,1876.0,0.0,1367.0,0.3118813037872314,100.0,61.639930725097656,513.0,0.0
4632,0.0,1892.0,14.087118148803713,36.99,71.61256408691406,1876.0,0.0,1367.0,0.3118813037872314,100.0,61.639930725097656,513.0,0.0
4633,0.0,1892.0,13.50772476196289,36.99,71.61302185058594,2162.0,0.0,1367.0,0.1076125800609588,100.0,61.580810546875,511.0,0.0
4634,0.0,1892.0,13.50772476196289,36.99,71.61302185058594,2162.0,0.0,1367.0,0.1076125800609588,100.0,61.580810546875,511.0,0.0
4635,0.0,1892.0,13.50772476196289,36.99,71.61302185058594,2162.0,0.0,1367.0,0.1076125800609588,100.0,61.580810546875,511.0,0.0
4636,0.0,1892.0,13.50772476196289,36.99,71.61302185058594,2162.0,0.0,1367.0,0.1076125800609588,100.0,61.580810546875,511.0,0.0
4637,0.0,1892.0,13.50772476196289,36.99,71.61302185058594,2162.0,0.0,1367.0,0.1076125800609588,100.0,61.580810546875,511.0,0.0
4638,0.0,1892.0,14.432228088378906,36.99,71.51985168457031,1717.0,0.0,1367.0,0.4421407282352447,100.0,61.576194763183594,444.0,0.0
4639,0.0,1892.0,14.432228088378906,36.99,71.51985168457031,1717.0,0.0,1367.0,0.4421407282352447,100.0,61.576194763183594,444.0,0.0
4640,0.0,1892.0,14.432228088378906,36.99,71.51985168457031,1717.0,0.0,1367.0,0.4421407282352447,100.0,61.576194763183594,444.0,0.0
4641,0.0,1892.0,14.432228088378906,36.99,71.51985168457031,1717.0,0.0,1367.0,0.4421407282352447,100.0,61.576194763183594,444.0,0.0
4642,0.0,1892.0,14.432228088378906,36.99,71.51985168457031,1717.0,0.0,1367.0,0.4421407282352447,100.0,61.576194763183594,444.0,0.0
4643,0.0,1892.0,14.25615406036377,36.99,72.52517700195312,1909.0,0.0,1367.0,0.3869278728961944,100.0,61.899024963378906,444.0,0.0
4644,0.0,1892.0,14.25615406036377,36.99,72.52517700195312,1909.0,0.0,1367.0,0.3869278728961944,100.0,61.899024963378906,444.0,0.0
4645,0.0,1892.0,14.25615406036377,36.99,72.52517700195312,1909.0,0.0,1367.0,0.3869278728961944,100.0,61.899024963378906,444.0,0.0
4646,0.0,1892.0,14.25615406036377,36.99,72.52517700195312,1909.0,0.0,1367.0,0.3869278728961944,100.0,61.899024963378906,444.0,0.0
4647,0.0,1892.0,14.25615406036377,36.99,72.52517700195312,1909.0,0.0,1367.0,0.3869278728961944,100.0,61.899024963378906,444.0,0.0
4648,0.0,1892.0,13.715195655822754,36.99,71.85699462890625,1774.0,0.0,1367.0,0.1302787661552429,100.0,61.59186935424805,444.0,0.0
4649,0.0,1892.0,13.715195655822754,36.99,71.85699462890625,1774.0,0.0,1367.0,0.1302787661552429,100.0,61.59186935424805,444.0,0.0
4650,0.0,1892.0,13.715195655822754,36.99,71.85699462890625,1774.0,0.0,1367.0,0.1302787661552429,100.0,61.59186935424805,444.0,0.0
4651,0.0,1892.0,13.715195655822754,36.99,71.85699462890625,1774.0,0.0,1367.0,0.1302787661552429,100.0,61.59186935424805,444.0,0.0
4652,0.0,1892.0,13.715195655822754,36.99,71.85699462890625,1774.0,0.0,1367.0,0.1302787661552429,100.0,61.59186935424805,444.0,0.0
4653,0.0,1892.0,12.807153701782228,36.99,71.68171691894531,1840.0,0.0,1367.0,0.0002319200284546,100.0,61.49774169921875,111.0,0.0
4654,0.0,1892.0,12.807153701782228,36.99,71.68171691894531,1840.0,0.0,1367.0,0.0002319200284546,100.0,61.49774169921875,111.0,0.0
4655,0.0,1892.0,12.807153701782228,36.99,71.68171691894531,1840.0,0.0,1367.0,0.0002319200284546,100.0,61.49774169921875,111.0,0.0
4656,0.0,1892.0,12.807153701782228,36.99,71.68171691894531,1840.0,0.0,1367.0,0.0002319200284546,100.0,61.49774169921875,111.0,0.0
4657,0.0,1892.0,12.807153701782228,36.99,71.68171691894531,1840.0,0.0,1367.0,0.0002319200284546,100.0,61.49774169921875,111.0,0.0
4658,0.0,1892.0,13.503158569335938,36.99,70.26465606689453,1662.0,0.0,1367.0,0.1790352761745453,100.0,61.593017578125,444.0,0.0
4659,0.0,1892.0,13.503158569335938,36.99,70.26465606689453,1662.0,0.0,1367.0,0.1790352761745453,100.0,61.593017578125,444.0,0.0
4660,0.0,1892.0,13.503158569335938,36.99,70.26465606689453,1662.0,0.0,1367.0,0.1790352761745453,100.0,61.593017578125,444.0,0.0
4661,0.0,1892.0,13.503158569335938,36.99,70.26465606689453,1662.0,0.0,1367.0,0.1790352761745453,100.0,61.593017578125,444.0,0.0
4662,0.0,1892.0,13.503158569335938,36.99,70.26465606689453,1662.0,0.0,1367.0,0.1790352761745453,100.0,61.593017578125,444.0,0.0
4663,0.0,1892.0,13.257925987243652,36.99,71.12493896484375,1965.0,0.0,1367.0,0.0499160289764404,100.0,61.5362434387207,436.0,0.0
4664,0.0,1892.0,13.257925987243652,36.99,71.12493896484375,1965.0,0.0,1367.0,0.0499160289764404,100.0,61.5362434387207,436.0,0.0
4665,0.0,1892.0,13.257925987243652,36.99,71.12493896484375,1965.0,0.0,1367.0,0.0499160289764404,100.0,61.5362434387207,436.0,0.0
4666,0.0,1892.0,13.257925987243652,36.99,71.12493896484375,1965.0,0.0,1367.0,0.0499160289764404,100.0,61.5362434387207,436.0,0.0
4667,0.0,1892.0,13.257925987243652,36.99,71.12493896484375,1965.0,0.0,1367.0,0.0499160289764404,100.0,61.5362434387207,436.0,0.0
4668,0.0,1892.0,13.10365867614746,36.99,71.3664779663086,1633.0,0.0,1367.0,0.1238655596971511,100.0,61.508697509765625,222.0,0.0
4669,0.0,1892.0,13.10365867614746,36.99,71.3664779663086,1633.0,0.0,1367.0,0.1238655596971511,100.0,61.508697509765625,222.0,0.0
4670,0.0,1892.0,13.10365867614746,36.99,71.3664779663086,1633.0,0.0,1367.0,0.1238655596971511,100.0,61.508697509765625,222.0,0.0
4671,0.0,1892.0,13.10365867614746,36.99,71.3664779663086,1633.0,0.0,1367.0,0.1238655596971511,100.0,61.508697509765625,222.0,0.0
4672,0.0,1892.0,13.10365867614746,36.99,71.3664779663086,1633.0,0.0,1367.0,0.1238655596971511,100.0,61.508697509765625,222.0,0.0
4673,0.0,1892.0,13.10365867614746,36.99,71.3664779663086,1633.0,0.0,1367.0,0.1238655596971511,100.0,61.508697509765625,222.0,0.0
4674,0.0,1892.0,12.979843139648438,36.99,69.21774291992188,1915.0,0.0,1367.0,0.0168949887156486,100.0,61.31072235107422,222.0,0.0
4675,0.0,1892.0,12.979843139648438,36.99,69.21774291992188,1915.0,0.0,1367.0,0.0168949887156486,100.0,61.31072235107422,222.0,0.0
4676,0.0,1892.0,12.979843139648438,36.99,69.21774291992188,1915.0,0.0,1367.0,0.0168949887156486,100.0,61.31072235107422,222.0,0.0
4677,0.0,1892.0,12.979843139648438,36.99,69.21774291992188,1915.0,0.0,1367.0,0.0168949887156486,100.0,61.31072235107422,222.0,0.0
4678,0.0,1892.0,12.979843139648438,36.99,69.21774291992188,1915.0,0.0,1367.0,0.0168949887156486,100.0,61.31072235107422,222.0,0.0
4679,0.0,1892.0,14.312857627868652,36.99,70.24842071533203,1845.0,0.0,1367.0,0.1137985438108444,100.0,61.33659744262695,497.0,0.0
4680,0.0,1892.0,14.312857627868652,36.99,70.24842071533203,1845.0,0.0,1367.0,0.1137985438108444,100.0,61.33659744262695,497.0,0.0
4681,0.0,1892.0,14.312857627868652,36.99,70.24842071533203,1845.0,0.0,1367.0,0.1137985438108444,100.0,61.33659744262695,497.0,0.0
4682,0.0,1892.0,14.312857627868652,36.99,70.24842071533203,1845.0,0.0,1367.0,0.1137985438108444,100.0,61.33659744262695,497.0,0.0
4683,0.0,1892.0,14.312857627868652,36.99,70.24842071533203,1845.0,0.0,1367.0,0.1137985438108444,100.0,61.33659744262695,497.0,0.0
4684,0.0,1892.0,13.544231414794922,36.99,72.0503921508789,1683.0,0.0,1367.0,0.0858594104647636,100.0,61.38825607299805,347.0,0.0
4685,0.0,1892.0,13.544231414794922,36.99,72.0503921508789,1683.0,0.0,1367.0,0.0858594104647636,100.0,61.38825607299805,347.0,0.0
4686,0.0,1892.0,13.544231414794922,36.99,72.0503921508789,1683.0,0.0,1367.0,0.0858594104647636,100.0,61.38825607299805,347.0,0.0
4687,0.0,1892.0,13.544231414794922,36.99,72.0503921508789,1683.0,0.0,1367.0,0.0858594104647636,100.0,61.38825607299805,347.0,0.0
4688,0.0,1892.0,13.544231414794922,36.99,72.0503921508789,1683.0,0.0,1367.0,0.0858594104647636,100.0,61.38825607299805,347.0,0.0
4689,0.0,1892.0,13.67994499206543,36.99,70.83537292480469,1386.0,0.0,1367.0,0.0879291966557502,100.0,61.431793212890625,444.0,0.0
4690,0.0,1892.0,13.67994499206543,36.99,70.83537292480469,1386.0,0.0,1367.0,0.0879291966557502,100.0,61.431793212890625,444.0,0.0
4691,0.0,1892.0,13.67994499206543,36.99,70.83537292480469,1386.0,0.0,1367.0,0.0879291966557502,100.0,61.431793212890625,444.0,0.0
4692,0.0,1892.0,13.67994499206543,36.99,70.83537292480469,1386.0,0.0,1367.0,0.0879291966557502,100.0,61.431793212890625,444.0,0.0
4693,0.0,1892.0,13.67994499206543,36.99,70.83537292480469,1386.0,0.0,1367.0,0.0879291966557502,100.0,61.431793212890625,444.0,0.0
4694,0.0,1892.0,13.380748748779297,36.99,70.92842102050781,2161.0,0.0,1367.0,0.0149782001972198,100.0,61.59204864501953,333.0,0.0
4695,0.0,1892.0,13.380748748779297,36.99,70.92842102050781,2161.0,0.0,1367.0,0.0149782001972198,100.0,61.59204864501953,333.0,0.0
4696,0.0,1892.0,13.380748748779297,36.99,70.92842102050781,2161.0,0.0,1367.0,0.0149782001972198,100.0,61.59204864501953,333.0,0.0
4697,0.0,1892.0,13.380748748779297,36.99,70.92842102050781,2161.0,0.0,1367.0,0.0149782001972198,100.0,61.59204864501953,333.0,0.0
4698,0.0,1892.0,13.380748748779297,36.99,70.92842102050781,2161.0,0.0,1367.0,0.0149782001972198,100.0,61.59204864501953,333.0,0.0
4699,0.0,1892.0,13.018489837646484,36.99,69.2391586303711,2164.0,0.0,1367.0,0.015625836327672,100.0,61.56342315673828,222.0,0.0
4700,0.0,1892.0,13.018489837646484,36.99,69.2391586303711,2164.0,0.0,1367.0,0.015625836327672,100.0,61.56342315673828,222.0,0.0
4701,0.0,1892.0,13.018489837646484,36.99,69.2391586303711,2164.0,0.0,1367.0,0.015625836327672,100.0,61.56342315673828,222.0,0.0
4702,0.0,1892.0,13.018489837646484,36.99,69.2391586303711,2164.0,0.0,1367.0,0.015625836327672,100.0,61.56342315673828,222.0,0.0
4703,0.0,1892.0,13.018489837646484,36.99,69.2391586303711,2164.0,0.0,1367.0,0.015625836327672,100.0,61.56342315673828,222.0,0.0
4704,0.0,1892.0,12.731063842773438,36.99,67.80216217041016,2076.0,0.0,1367.0,0.0,100.0,61.59711837768555,0.0,0.0
4705,0.0,1892.0,12.731063842773438,36.99,67.80216217041016,2076.0,0.0,1367.0,0.0,100.0,61.59711837768555,0.0,0.0
4706,0.0,1892.0,12.731063842773438,36.99,67.80216217041016,2076.0,0.0,1367.0,0.0,100.0,61.59711837768555,0.0,0.0
4707,0.0,1892.0,12.731063842773438,36.99,67.80216217041016,2076.0,0.0,1367.0,0.0,100.0,61.59711837768555,0.0,0.0
4708,0.0,1892.0,12.731063842773438,36.99,67.80216217041016,2076.0,0.0,1367.0,0.0,100.0,61.59711837768555,0.0,0.0
4709,0.0,1892.0,12.75379467010498,36.99,68.42872619628906,2086.0,0.0,1367.0,0.0,100.0,5.8734002113342285,0.0,0.0
4710,0.0,1892.0,12.75379467010498,36.99,68.42872619628906,2086.0,0.0,1367.0,0.0,100.0,5.8734002113342285,0.0,0.0
4711,0.0,1892.0,12.75379467010498,36.99,68.42872619628906,2086.0,0.0,1367.0,0.0,100.0,5.8734002113342285,0.0,0.0
4712,0.0,1892.0,12.75379467010498,36.99,68.42872619628906,2086.0,0.0,1367.0,0.0,100.0,5.8734002113342285,0.0,0.0
4713,0.0,1892.0,12.75379467010498,36.99,68.42872619628906,2086.0,0.0,1367.0,0.0,100.0,5.8734002113342285,0.0,0.0
4714,0.0,1892.0,13.48420238494873,36.99,71.49095916748047,1653.0,0.0,1367.0,0.0095417518168687,100.0,61.01557540893555,354.0,0.0
4715,0.0,1892.0,13.48420238494873,36.99,71.49095916748047,1653.0,0.0,1367.0,0.0095417518168687,100.0,61.01557540893555,354.0,0.0
4716,0.0,1892.0,13.48420238494873,36.99,71.49095916748047,1653.0,0.0,1367.0,0.0095417518168687,100.0,61.01557540893555,354.0,0.0
4717,0.0,1892.0,13.48420238494873,36.99,71.49095916748047,1653.0,0.0,1367.0,0.0095417518168687,100.0,61.01557540893555,354.0,0.0
4718,0.0,1892.0,13.48420238494873,36.99,71.49095916748047,1653.0,0.0,1367.0,0.0095417518168687,100.0,61.01557540893555,354.0,0.0
4719,0.0,1892.0,12.966279983520508,36.99,70.44146728515625,1967.0,0.0,1367.0,0.0068365666083991,100.0,60.774200439453125,111.0,0.0
4720,0.0,1892.0,12.966279983520508,36.99,70.44146728515625,1967.0,0.0,1367.0,0.0068365666083991,100.0,60.774200439453125,111.0,0.0
4721,0.0,1892.0,12.966279983520508,36.99,70.44146728515625,1967.0,0.0,1367.0,0.0068365666083991,100.0,60.774200439453125,111.0,0.0
4722,0.0,1892.0,12.966279983520508,36.99,70.44146728515625,1967.0,0.0,1367.0,0.0068365666083991,100.0,60.774200439453125,111.0,0.0
4723,0.0,1892.0,12.966279983520508,36.99,70.44146728515625,1967.0,0.0,1367.0,0.0068365666083991,100.0,60.774200439453125,111.0,0.0
4724,0.0,1892.0,12.966279983520508,36.99,70.44146728515625,1967.0,0.0,1367.0,0.0068365666083991,100.0,60.774200439453125,111.0,0.0
4725,0.0,1892.0,12.692809104919434,36.99,69.46092987060547,2070.0,0.0,1367.0,0.0,100.0,5.8734002113342285,0.0,0.0
4726,0.0,1892.0,12.692809104919434,36.99,69.46092987060547,2070.0,0.0,1367.0,0.0,100.0,5.8734002113342285,0.0,0.0
4727,0.0,1892.0,12.692809104919434,36.99,69.46092987060547,2070.0,0.0,1367.0,0.0,100.0,5.8734002113342285,0.0,0.0
4728,0.0,1892.0,12.692809104919434,36.99,69.46092987060547,2070.0,0.0,1367.0,0.0,100.0,5.8734002113342285,0.0,0.0
4729,0.0,1892.0,12.692809104919434,36.99,69.46092987060547,2070.0,0.0,1367.0,0.0,100.0,5.8734002113342285,0.0,0.0
4730,0.0,1892.0,12.627248764038086,36.99,69.36277770996094,1940.0,0.0,1367.0,0.0007451712153851,100.0,5.8734002113342285,111.0,0.0
4731,0.0,1892.0,12.627248764038086,36.99,69.36277770996094,1940.0,0.0,1367.0,0.0007451712153851,100.0,5.8734002113342285,111.0,0.0
4732,0.0,1892.0,12.627248764038086,36.99,69.36277770996094,1940.0,0.0,1367.0,0.0007451712153851,100.0,5.8734002113342285,111.0,0.0
4733,0.0,1892.0,12.627248764038086,36.99,69.36277770996094,1940.0,0.0,1367.0,0.0007451712153851,100.0,5.8734002113342285,111.0,0.0
4734,0.0,1892.0,12.627248764038086,36.99,69.36277770996094,1940.0,0.0,1367.0,0.0007451712153851,100.0,5.8734002113342285,111.0,0.0
4735,0.0,1892.0,13.209173202514648,36.99,69.46586608886719,2052.0,0.0,1367.0,0.0236676428467035,100.0,60.774200439453125,111.0,0.0
4736,0.0,1892.0,13.209173202514648,36.99,69.46586608886719,2052.0,0.0,1367.0,0.0236676428467035,100.0,60.774200439453125,111.0,0.0
4737,0.0,1892.0,13.209173202514648,36.99,69.46586608886719,2052.0,0.0,1367.0,0.0236676428467035,100.0,60.774200439453125,111.0,0.0
4738,0.0,1892.0,13.209173202514648,36.99,69.46586608886719,2052.0,0.0,1367.0,0.0236676428467035,100.0,60.774200439453125,111.0,0.0
4739,0.0,1892.0,13.209173202514648,36.99,69.46586608886719,2052.0,0.0,1367.0,0.0236676428467035,100.0,60.774200439453125,111.0,0.0
4740,0.0,1892.0,13.951821327209473,36.99,71.45345306396484,1994.0,0.0,1367.0,0.2113315463066101,100.0,61.16493606567383,579.0,0.0
4741,0.0,1892.0,13.951821327209473,36.99,71.45345306396484,1994.0,0.0,1367.0,0.2113315463066101,100.0,61.16493606567383,579.0,0.0
4742,0.0,1892.0,13.951821327209473,36.99,71.45345306396484,1994.0,0.0,1367.0,0.2113315463066101,100.0,61.16493606567383,579.0,0.0
4743,0.0,1892.0,13.951821327209473,36.99,71.45345306396484,1994.0,0.0,1367.0,0.2113315463066101,100.0,61.16493606567383,579.0,0.0
4744,0.0,1892.0,13.951821327209473,36.99,71.45345306396484,1994.0,0.0,1367.0,0.2113315463066101,100.0,61.16493606567383,579.0,0.0
4745,0.0,1892.0,13.167682647705078,36.99,70.35971069335938,2082.0,0.0,1367.0,0.1013404205441474,100.0,61.2129020690918,507.0,0.0
4746,0.0,1892.0,13.167682647705078,36.99,70.35971069335938,2082.0,0.0,1367.0,0.1013404205441474,100.0,61.2129020690918,507.0,0.0
4747,0.0,1892.0,13.167682647705078,36.99,70.35971069335938,2082.0,0.0,1367.0,0.1013404205441474,100.0,61.2129020690918,507.0,0.0
4748,0.0,1892.0,13.167682647705078,36.99,70.35971069335938,2082.0,0.0,1367.0,0.1013404205441474,100.0,61.2129020690918,507.0,0.0
4749,0.0,1892.0,13.167682647705078,36.99,70.35971069335938,2082.0,0.0,1367.0,0.1013404205441474,100.0,61.2129020690918,507.0,0.0
4750,0.0,1892.0,13.368829727172852,36.99,70.28343200683594,2151.0,0.0,1367.0,0.0922759473323822,100.0,61.33057403564453,446.0,0.0
4751,0.0,1892.0,13.368829727172852,36.99,70.28343200683594,2151.0,0.0,1367.0,0.0922759473323822,100.0,61.33057403564453,446.0,0.0
4752,0.0,1892.0,13.368829727172852,36.99,70.28343200683594,2151.0,0.0,1367.0,0.0922759473323822,100.0,61.33057403564453,446.0,0.0
4753,0.0,1892.0,13.368829727172852,36.99,70.28343200683594,2151.0,0.0,1367.0,0.0922759473323822,100.0,61.33057403564453,446.0,0.0
4754,0.0,1892.0,13.368829727172852,36.99,70.28343200683594,2151.0,0.0,1367.0,0.0922759473323822,100.0,61.33057403564453,446.0,0.0
4755,0.0,1892.0,13.632259368896484,36.99,69.39299011230469,2038.0,0.0,1367.0,0.1637071073055267,100.0,60.933799743652344,500.0,0.0
4756,0.0,1892.0,13.632259368896484,36.99,69.39299011230469,2038.0,0.0,1367.0,0.1637071073055267,100.0,60.933799743652344,500.0,0.0
4757,0.0,1892.0,13.632259368896484,36.99,69.39299011230469,2038.0,0.0,1367.0,0.1637071073055267,100.0,60.933799743652344,500.0,0.0
4758,0.0,1892.0,13.632259368896484,36.99,69.39299011230469,2038.0,0.0,1367.0,0.1637071073055267,100.0,60.933799743652344,500.0,0.0
4759,0.0,1892.0,13.632259368896484,36.99,69.39299011230469,2038.0,0.0,1367.0,0.1637071073055267,100.0,60.933799743652344,500.0,0.0
4760,0.0,1892.0,14.84846305847168,36.99,70.7544937133789,2004.0,0.0,1367.0,0.2079721838235855,100.0,61.08601760864258,486.0,0.0
4761,0.0,1892.0,14.84846305847168,36.99,70.7544937133789,2004.0,0.0,1367.0,0.2079721838235855,100.0,61.08601760864258,486.0,0.0
4762,0.0,1892.0,14.84846305847168,36.99,70.7544937133789,2004.0,0.0,1367.0,0.2079721838235855,100.0,61.08601760864258,486.0,0.0
4763,0.0,1892.0,14.84846305847168,36.99,70.7544937133789,2004.0,0.0,1367.0,0.2079721838235855,100.0,61.08601760864258,486.0,0.0
4764,0.0,1892.0,14.84846305847168,36.99,70.7544937133789,2004.0,0.0,1367.0,0.2079721838235855,100.0,61.08601760864258,486.0,0.0
4765,0.0,1892.0,15.298772811889648,36.99,72.1638412475586,2067.0,0.0,1367.0,0.3316215872764587,100.0,61.21953582763672,476.0,0.0
4766,0.0,1892.0,15.298772811889648,36.99,72.1638412475586,2067.0,0.0,1367.0,0.3316215872764587,100.0,61.21953582763672,476.0,0.0
4767,0.0,1892.0,15.298772811889648,36.99,72.1638412475586,2067.0,0.0,1367.0,0.3316215872764587,100.0,61.21953582763672,476.0,0.0
4768,0.0,1892.0,15.298772811889648,36.99,72.1638412475586,2067.0,0.0,1367.0,0.3316215872764587,100.0,61.21953582763672,476.0,0.0
4769,0.0,1892.0,15.298772811889648,36.99,72.1638412475586,2067.0,0.0,1367.0,0.3316215872764587,100.0,61.21953582763672,476.0,0.0
4770,0.0,1892.0,16.88735008239746,36.99,73.0143814086914,2422.0,0.0,1367.0,0.1376425623893737,100.0,61.79688262939453,524.0,0.0
4771,0.0,1892.0,16.88735008239746,36.99,73.0143814086914,2422.0,0.0,1367.0,0.1376425623893737,100.0,61.79688262939453,524.0,0.0
4772,0.0,1892.0,16.88735008239746,36.99,73.0143814086914,2422.0,0.0,1367.0,0.1376425623893737,100.0,61.79688262939453,524.0,0.0
4773,0.0,1892.0,16.88735008239746,36.99,73.0143814086914,2422.0,0.0,1367.0,0.1376425623893737,100.0,61.79688262939453,524.0,0.0
4774,0.0,1892.0,16.88735008239746,36.99,73.0143814086914,2422.0,0.0,1367.0,0.1376425623893737,100.0,61.79688262939453,524.0,0.0
4775,0.0,1892.0,16.88735008239746,36.99,73.0143814086914,2422.0,0.0,1367.0,0.1376425623893737,100.0,61.79688262939453,524.0,0.0
4776,0.0,1892.0,16.108200073242188,36.99,73.40489959716797,2423.0,0.0,1367.0,0.0643244683742523,100.0,61.8265380859375,444.0,0.0
4777,0.0,1892.0,16.108200073242188,36.99,73.40489959716797,2423.0,0.0,1367.0,0.0643244683742523,100.0,61.8265380859375,444.0,0.0
4778,0.0,1892.0,16.108200073242188,36.99,73.40489959716797,2423.0,0.0,1367.0,0.0643244683742523,100.0,61.8265380859375,444.0,0.0
4779,0.0,1892.0,16.108200073242188,36.99,73.40489959716797,2423.0,0.0,1367.0,0.0643244683742523,100.0,61.8265380859375,444.0,0.0
4780,0.0,1892.0,16.108200073242188,36.99,73.40489959716797,2423.0,0.0,1367.0,0.0643244683742523,100.0,61.8265380859375,444.0,0.0
4781,0.0009225092362612,1892.0,19.191795349121097,36.99,72.78868865966797,2346.0,0.0,1367.0,0.0834028273820877,100.0,61.9116325378418,444.0,0.0
4782,0.0009225092362612,1892.0,19.191795349121097,36.99,72.78868865966797,2346.0,0.0,1367.0,0.0834028273820877,100.0,61.9116325378418,444.0,0.0
4783,0.0009225092362612,1892.0,19.191795349121097,36.99,72.78868865966797,2346.0,0.0,1367.0,0.0834028273820877,100.0,61.9116325378418,444.0,0.0
4784,0.0009225092362612,1892.0,19.191795349121097,36.99,72.78868865966797,2346.0,0.0,1367.0,0.0834028273820877,100.0,61.9116325378418,444.0,0.0
4785,0.0009225092362612,1892.0,19.191795349121097,36.99,72.78868865966797,2346.0,0.0,1367.0,0.0834028273820877,100.0,61.9116325378418,444.0,0.0
4786,0.0,1892.0,20.784385681152344,36.99,75.40653228759766,2268.0,0.0,1367.0,0.1706166565418243,100.0,62.28400802612305,517.0,0.0
4787,0.0,1892.0,20.784385681152344,36.99,75.40653228759766,2268.0,0.0,1367.0,0.1706166565418243,100.0,62.28400802612305,517.0,0.0
4788,0.0,1892.0,20.784385681152344,36.99,75.40653228759766,2268.0,0.0,1367.0,0.1706166565418243,100.0,62.28400802612305,517.0,0.0
4789,0.0,1892.0,20.784385681152344,36.99,75.40653228759766,2268.0,0.0,1367.0,0.1706166565418243,100.0,62.28400802612305,517.0,0.0
4790,0.0,1892.0,20.784385681152344,36.99,75.40653228759766,2268.0,0.0,1367.0,0.1706166565418243,100.0,62.28400802612305,517.0,0.0
4791,0.0,1892.0,14.28516960144043,36.99,75.27149963378906,1965.0,0.0,1367.0,0.0825110524892807,100.0,62.47035598754883,444.0,0.0
4792,0.0,1892.0,14.28516960144043,36.99,75.27149963378906,1965.0,0.0,1367.0,0.0825110524892807,100.0,62.47035598754883,444.0,0.0
4793,0.0,1892.0,14.28516960144043,36.99,75.27149963378906,1965.0,0.0,1367.0,0.0825110524892807,100.0,62.47035598754883,444.0,0.0
4794,0.0,1892.0,14.28516960144043,36.99,75.27149963378906,1965.0,0.0,1367.0,0.0825110524892807,100.0,62.47035598754883,444.0,0.0
4795,0.0,1892.0,14.28516960144043,36.99,75.27149963378906,1965.0,0.0,1367.0,0.0825110524892807,100.0,62.47035598754883,444.0,0.0
4796,0.0,1892.0,13.449896812438965,36.99,70.83135223388672,2196.0,0.0,1367.0,0.0517756752669811,100.0,62.205116271972656,467.0,0.0
4797,0.0,1892.0,13.449896812438965,36.99,70.83135223388672,2196.0,0.0,1367.0,0.0517756752669811,100.0,62.205116271972656,467.0,0.0
4798,0.0,1892.0,13.449896812438965,36.99,70.83135223388672,2196.0,0.0,1367.0,0.0517756752669811,100.0,62.205116271972656,467.0,0.0
4799,0.0,1892.0,13.449896812438965,36.99,70.83135223388672,2196.0,0.0,1367.0,0.0517756752669811,100.0,62.205116271972656,467.0,0.0
4800,0.0,1892.0,13.449896812438965,36.99,70.83135223388672,2196.0,0.0,1367.0,0.0517756752669811,100.0,62.205116271972656,467.0,0.0
4801,0.0,1892.0,13.215359687805176,36.99,70.72404479980469,2107.0,0.0,1367.0,0.0889706909656524,100.0,61.799468994140625,444.0,0.0
4802,0.0,1892.0,13.215359687805176,36.99,70.72404479980469,2107.0,0.0,1367.0,0.0889706909656524,100.0,61.799468994140625,444.0,0.0
4803,0.0,1892.0,13.215359687805176,36.99,70.72404479980469,2107.0,0.0,1367.0,0.0889706909656524,100.0,61.799468994140625,444.0,0.0
4804,0.0,1892.0,13.215359687805176,36.99,70.72404479980469,2107.0,0.0,1367.0,0.0889706909656524,100.0,61.799468994140625,444.0,0.0
4805,0.0,1892.0,13.215359687805176,36.99,70.72404479980469,2107.0,0.0,1367.0,0.0889706909656524,100.0,61.799468994140625,444.0,0.0
4806,0.0,1892.0,13.320462226867676,36.99,71.58583068847656,2117.0,0.0,1367.0,0.107646107673645,100.0,61.7503547668457,472.0,0.0
4807,0.0,1892.0,13.320462226867676,36.99,71.58583068847656,2117.0,0.0,1367.0,0.107646107673645,100.0,61.7503547668457,472.0,0.0
4808,0.0,1892.0,13.320462226867676,36.99,71.58583068847656,2117.0,0.0,1367.0,0.107646107673645,100.0,61.7503547668457,472.0,0.0
4809,0.0,1892.0,13.320462226867676,36.99,71.58583068847656,2117.0,0.0,1367.0,0.107646107673645,100.0,61.7503547668457,472.0,0.0
4810,0.0,1892.0,13.320462226867676,36.99,71.58583068847656,2117.0,0.0,1367.0,0.107646107673645,100.0,61.7503547668457,472.0,0.0
4811,0.0,1892.0,14.539868354797363,36.99,70.6941909790039,2159.0,0.0,1367.0,0.0839257836341857,100.0,62.06285858154297,445.0,0.0
4812,0.0,1892.0,14.539868354797363,36.99,70.6941909790039,2159.0,0.0,1367.0,0.0839257836341857,100.0,62.06285858154297,445.0,0.0
4813,0.0,1892.0,14.539868354797363,36.99,70.6941909790039,2159.0,0.0,1367.0,0.0839257836341857,100.0,62.06285858154297,445.0,0.0
4814,0.0,1892.0,14.539868354797363,36.99,70.6941909790039,2159.0,0.0,1367.0,0.0839257836341857,100.0,62.06285858154297,445.0,0.0
4815,0.0,1892.0,14.539868354797363,36.99,70.6941909790039,2159.0,0.0,1367.0,0.0839257836341857,100.0,62.06285858154297,445.0,0.0
4816,0.0,1892.0,15.745604515075684,36.99,72.45540618896484,1776.0,0.0,1367.0,0.1560131460428238,100.0,61.99653244018555,444.0,0.0
4817,0.0,1892.0,15.745604515075684,36.99,72.45540618896484,1776.0,0.0,1367.0,0.1560131460428238,100.0,61.99653244018555,444.0,0.0
4818,0.0,1892.0,15.745604515075684,36.99,72.45540618896484,1776.0,0.0,1367.0,0.1560131460428238,100.0,61.99653244018555,444.0,0.0
4819,0.0,1892.0,15.745604515075684,36.99,72.45540618896484,1776.0,0.0,1367.0,0.1560131460428238,100.0,61.99653244018555,444.0,0.0
4820,0.0,1892.0,15.745604515075684,36.99,72.45540618896484,1776.0,0.0,1367.0,0.1560131460428238,100.0,61.99653244018555,444.0,0.0
4821,0.0,1892.0,15.745604515075684,36.99,72.45540618896484,1776.0,0.0,1367.0,0.1560131460428238,100.0,61.99653244018555,444.0,0.0
4822,0.0,1892.0,15.534695625305176,36.99,73.10863494873047,1774.0,0.0,1367.0,0.0870648249983787,100.0,62.15198516845703,528.0,0.0
4823,0.0,1892.0,15.534695625305176,36.99,73.10863494873047,1774.0,0.0,1367.0,0.0870648249983787,100.0,62.15198516845703,528.0,0.0
4824,0.0,1892.0,15.534695625305176,36.99,73.10863494873047,1774.0,0.0,1367.0,0.0870648249983787,100.0,62.15198516845703,528.0,0.0
4825,0.0,1892.0,15.534695625305176,36.99,73.10863494873047,1774.0,0.0,1367.0,0.0870648249983787,100.0,62.15198516845703,528.0,0.0
4826,0.0,1892.0,15.534695625305176,36.99,73.10863494873047,1774.0,0.0,1367.0,0.0870648249983787,100.0,62.15198516845703,528.0,0.0
4827,0.0,1892.0,16.754114151000977,36.99,73.62660217285156,2189.0,0.0,1367.0,0.1225625500082969,100.0,62.01679229736328,444.0,0.0
4828,0.0,1892.0,16.754114151000977,36.99,73.62660217285156,2189.0,0.0,1367.0,0.1225625500082969,100.0,62.01679229736328,444.0,0.0
4829,0.0,1892.0,16.754114151000977,36.99,73.62660217285156,2189.0,0.0,1367.0,0.1225625500082969,100.0,62.01679229736328,444.0,0.0
4830,0.0,1892.0,16.754114151000977,36.99,73.62660217285156,2189.0,0.0,1367.0,0.1225625500082969,100.0,62.01679229736328,444.0,0.0
4831,0.0,1892.0,16.754114151000977,36.99,73.62660217285156,2189.0,0.0,1367.0,0.1225625500082969,100.0,62.01679229736328,444.0,0.0
4832,0.0,1892.0,16.983152389526367,36.99,73.86209869384766,2279.0,0.0,1367.0,0.1408596485853195,100.0,62.244285583496094,458.0,0.0
4833,0.0,1892.0,16.983152389526367,36.99,73.86209869384766,2279.0,0.0,1367.0,0.1408596485853195,100.0,62.244285583496094,458.0,0.0
4834,0.0,1892.0,16.983152389526367,36.99,73.86209869384766,2279.0,0.0,1367.0,0.1408596485853195,100.0,62.244285583496094,458.0,0.0
4835,0.0,1892.0,16.983152389526367,36.99,73.86209869384766,2279.0,0.0,1367.0,0.1408596485853195,100.0,62.244285583496094,458.0,0.0
4836,0.0,1892.0,16.983152389526367,36.99,73.86209869384766,2279.0,0.0,1367.0,0.1408596485853195,100.0,62.244285583496094,458.0,0.0
4837,0.0,1892.0,16.719289779663086,36.99,73.9390640258789,2119.0,0.0,1367.0,0.1619500815868377,100.0,62.40863037109375,482.0,0.0
4838,0.0,1892.0,16.719289779663086,36.99,73.9390640258789,2119.0,0.0,1367.0,0.1619500815868377,100.0,62.40863037109375,482.0,0.0
4839,0.0,1892.0,16.719289779663086,36.99,73.9390640258789,2119.0,0.0,1367.0,0.1619500815868377,100.0,62.40863037109375,482.0,0.0
4840,0.0,1892.0,16.719289779663086,36.99,73.9390640258789,2119.0,0.0,1367.0,0.1619500815868377,100.0,62.40863037109375,482.0,0.0
4841,0.0,1892.0,16.719289779663086,36.99,73.9390640258789,2119.0,0.0,1367.0,0.1619500815868377,100.0,62.40863037109375,482.0,0.0
4842,0.0,1892.0,13.482949256896973,36.99,72.44786834716797,2071.0,0.0,1367.0,0.0698034018278122,100.0,62.1104850769043,474.0,0.0
4843,0.0,1892.0,13.482949256896973,36.99,72.44786834716797,2071.0,0.0,1367.0,0.0698034018278122,100.0,62.1104850769043,474.0,0.0
4844,0.0,1892.0,13.482949256896973,36.99,72.44786834716797,2071.0,0.0,1367.0,0.0698034018278122,100.0,62.1104850769043,474.0,0.0
4845,0.0,1892.0,13.482949256896973,36.99,72.44786834716797,2071.0,0.0,1367.0,0.0698034018278122,100.0,62.1104850769043,474.0,0.0
4846,0.0,1892.0,13.482949256896973,36.99,72.44786834716797,2071.0,0.0,1367.0,0.0698034018278122,100.0,62.1104850769043,474.0,0.0
4847,0.0,1892.0,12.722856521606444,36.99,70.6948013305664,2075.0,0.0,1367.0,0.0169639587402343,100.0,62.18523025512695,444.0,0.0
4848,0.0,1892.0,12.722856521606444,36.99,70.6948013305664,2075.0,0.0,1367.0,0.0169639587402343,100.0,62.18523025512695,444.0,0.0
4849,0.0,1892.0,12.722856521606444,36.99,70.6948013305664,2075.0,0.0,1367.0,0.0169639587402343,100.0,62.18523025512695,444.0,0.0
4850,0.0,1892.0,12.722856521606444,36.99,70.6948013305664,2075.0,0.0,1367.0,0.0169639587402343,100.0,62.18523025512695,444.0,0.0
4851,0.0,1892.0,12.722856521606444,36.99,70.6948013305664,2075.0,0.0,1367.0,0.0169639587402343,100.0,62.18523025512695,444.0,0.0
4852,0.0,1892.0,12.750025749206545,36.99,69.87329864501953,1957.0,0.0,1367.0,0.00599623657763,100.0,62.04236602783203,444.0,0.0
4853,0.0,1892.0,12.750025749206545,36.99,69.87329864501953,1957.0,0.0,1367.0,0.00599623657763,100.0,62.04236602783203,444.0,0.0
4854,0.0,1892.0,12.750025749206545,36.99,69.87329864501953,1957.0,0.0,1367.0,0.00599623657763,100.0,62.04236602783203,444.0,0.0
4855,0.0,1892.0,12.750025749206545,36.99,69.87329864501953,1957.0,0.0,1367.0,0.00599623657763,100.0,62.04236602783203,444.0,0.0
4856,0.0,1892.0,12.750025749206545,36.99,69.87329864501953,1957.0,0.0,1367.0,0.00599623657763,100.0,62.04236602783203,444.0,0.0
4857,0.0,1892.0,13.598654747009276,36.99,69.69893646240234,2163.0,0.0,1367.0,0.0768469274044036,100.0,61.705177307128906,444.0,0.0
4858,0.0,1892.0,13.598654747009276,36.99,69.69893646240234,2163.0,0.0,1367.0,0.0768469274044036,100.0,61.705177307128906,444.0,0.0
4859,0.0,1892.0,13.598654747009276,36.99,69.69893646240234,2163.0,0.0,1367.0,0.0768469274044036,100.0,61.705177307128906,444.0,0.0
4860,0.0,1892.0,13.598654747009276,36.99,69.69893646240234,2163.0,0.0,1367.0,0.0768469274044036,100.0,61.705177307128906,444.0,0.0
4861,0.0,1892.0,13.598654747009276,36.99,69.69893646240234,2163.0,0.0,1367.0,0.0768469274044036,100.0,61.705177307128906,444.0,0.0
4862,0.0,1892.0,14.21064567565918,36.99,71.75433349609375,2265.0,0.0,1367.0,0.1247887834906578,100.0,61.87998580932617,444.0,0.0
4863,0.0,1892.0,14.21064567565918,36.99,71.75433349609375,2265.0,0.0,1367.0,0.1247887834906578,100.0,61.87998580932617,444.0,0.0
4864,0.0,1892.0,14.21064567565918,36.99,71.75433349609375,2265.0,0.0,1367.0,0.1247887834906578,100.0,61.87998580932617,444.0,0.0
4865,0.0,1892.0,14.21064567565918,36.99,71.75433349609375,2265.0,0.0,1367.0,0.1247887834906578,100.0,61.87998580932617,444.0,0.0
4866,0.0,1892.0,14.21064567565918,36.99,71.75433349609375,2265.0,0.0,1367.0,0.1247887834906578,100.0,61.87998580932617,444.0,0.0
4867,0.0,1892.0,14.21064567565918,36.99,71.75433349609375,2265.0,0.0,1367.0,0.1247887834906578,100.0,61.87998580932617,444.0,0.0
4868,0.0,1892.0,14.28756618499756,36.99,71.85191345214844,1880.0,0.0,1367.0,0.136484608054161,100.0,61.8861083984375,455.0,0.0
4869,0.0,1892.0,14.28756618499756,36.99,71.85191345214844,1880.0,0.0,1367.0,0.136484608054161,100.0,61.8861083984375,455.0,0.0
4870,0.0,1892.0,14.28756618499756,36.99,71.85191345214844,1880.0,0.0,1367.0,0.136484608054161,100.0,61.8861083984375,455.0,0.0
4871,0.0,1892.0,14.28756618499756,36.99,71.85191345214844,1880.0,0.0,1367.0,0.136484608054161,100.0,61.8861083984375,455.0,0.0
4872,0.0,1892.0,14.28756618499756,36.99,71.85191345214844,1880.0,0.0,1367.0,0.136484608054161,100.0,61.8861083984375,455.0,0.0
4873,0.0,1892.0,13.711590766906738,36.99,72.50287628173828,1665.0,0.0,1367.0,0.1861292570829391,100.0,61.9737434387207,501.0,0.0
4874,0.0,1892.0,13.711590766906738,36.99,72.50287628173828,1665.0,0.0,1367.0,0.1861292570829391,100.0,61.9737434387207,501.0,0.0
4875,0.0,1892.0,13.711590766906738,36.99,72.50287628173828,1665.0,0.0,1367.0,0.1861292570829391,100.0,61.9737434387207,501.0,0.0
4876,0.0,1892.0,13.711590766906738,36.99,72.50287628173828,1665.0,0.0,1367.0,0.1861292570829391,100.0,61.9737434387207,501.0,0.0
4877,0.0,1892.0,13.711590766906738,36.99,72.50287628173828,1665.0,0.0,1367.0,0.1861292570829391,100.0,61.9737434387207,501.0,0.0
4878,0.0,1892.0,13.348493576049805,36.99,72.3576889038086,1821.0,0.0,1367.0,0.2257024943828582,100.0,61.99309539794922,543.0,0.0
4879,0.0,1892.0,13.348493576049805,36.99,72.3576889038086,1821.0,0.0,1367.0,0.2257024943828582,100.0,61.99309539794922,543.0,0.0
4880,0.0,1892.0,13.348493576049805,36.99,72.3576889038086,1821.0,0.0,1367.0,0.2257024943828582,100.0,61.99309539794922,543.0,0.0
4881,0.0,1892.0,13.348493576049805,36.99,72.3576889038086,1821.0,0.0,1367.0,0.2257024943828582,100.0,61.99309539794922,543.0,0.0
4882,0.0,1892.0,13.348493576049805,36.99,72.3576889038086,1821.0,0.0,1367.0,0.2257024943828582,100.0,61.99309539794922,543.0,0.0
4883,0.0,1892.0,13.286130905151367,36.99,70.9127426147461,1958.0,0.0,1367.0,0.2003645896911621,100.0,61.86742401123047,486.0,0.0
4884,0.0,1892.0,13.286130905151367,36.99,70.9127426147461,1958.0,0.0,1367.0,0.2003645896911621,100.0,61.86742401123047,486.0,0.0
4885,0.0,1892.0,13.286130905151367,36.99,70.9127426147461,1958.0,0.0,1367.0,0.2003645896911621,100.0,61.86742401123047,486.0,0.0
4886,0.0,1892.0,13.286130905151367,36.99,70.9127426147461,1958.0,0.0,1367.0,0.2003645896911621,100.0,61.86742401123047,486.0,0.0
4887,0.0,1892.0,13.286130905151367,36.99,70.9127426147461,1958.0,0.0,1367.0,0.2003645896911621,100.0,61.86742401123047,486.0,0.0
4888,0.0,1892.0,12.923978805541992,36.99,71.87052917480469,2184.0,0.0,1367.0,0.0458742752671241,100.0,61.96101760864258,444.0,0.0
4889,0.0,1892.0,12.923978805541992,36.99,71.87052917480469,2184.0,0.0,1367.0,0.0458742752671241,100.0,61.96101760864258,444.0,0.0
4890,0.0,1892.0,12.923978805541992,36.99,71.87052917480469,2184.0,0.0,1367.0,0.0458742752671241,100.0,61.96101760864258,444.0,0.0
4891,0.0,1892.0,12.923978805541992,36.99,71.87052917480469,2184.0,0.0,1367.0,0.0458742752671241,100.0,61.96101760864258,444.0,0.0
4892,0.0,1892.0,12.923978805541992,36.99,71.87052917480469,2184.0,0.0,1367.0,0.0458742752671241,100.0,61.96101760864258,444.0,0.0
4893,0.0,1892.0,12.7792329788208,36.99,71.1154556274414,1750.0,0.0,1367.0,0.0369267575442791,100.0,61.80179977416992,222.0,0.0
4894,0.0,1892.0,12.7792329788208,36.99,71.1154556274414,1750.0,0.0,1367.0,0.0369267575442791,100.0,61.80179977416992,222.0,0.0
4895,0.0,1892.0,12.7792329788208,36.99,71.1154556274414,1750.0,0.0,1367.0,0.0369267575442791,100.0,61.80179977416992,222.0,0.0
4896,0.0,1892.0,12.7792329788208,36.99,71.1154556274414,1750.0,0.0,1367.0,0.0369267575442791,100.0,61.80179977416992,222.0,0.0
4897,0.0,1892.0,12.7792329788208,36.99,71.1154556274414,1750.0,0.0,1367.0,0.0369267575442791,100.0,61.80179977416992,222.0,0.0
4898,0.0,1892.0,13.26962947845459,36.99,68.9542236328125,2118.0,0.0,1367.0,0.095081627368927,100.0,61.63045120239258,333.0,0.0
4899,0.0,1892.0,13.26962947845459,36.99,68.9542236328125,2118.0,0.0,1367.0,0.095081627368927,100.0,61.63045120239258,333.0,0.0
4900,0.0,1892.0,13.26962947845459,36.99,68.9542236328125,2118.0,0.0,1367.0,0.095081627368927,100.0,61.63045120239258,333.0,0.0
4901,0.0,1892.0,13.26962947845459,36.99,68.9542236328125,2118.0,0.0,1367.0,0.095081627368927,100.0,61.63045120239258,333.0,0.0
4902,0.0,1892.0,13.26962947845459,36.99,68.9542236328125,2118.0,0.0,1367.0,0.095081627368927,100.0,61.63045120239258,333.0,0.0
4903,0.0,1892.0,13.021589279174805,36.99,71.72395324707031,1916.0,0.0,1367.0,0.0371163561940193,100.0,61.71654510498047,333.0,0.0
4904,0.0,1892.0,13.021589279174805,36.99,71.72395324707031,1916.0,0.0,1367.0,0.0371163561940193,100.0,61.71654510498047,333.0,0.0
4905,0.0,1892.0,13.021589279174805,36.99,71.72395324707031,1916.0,0.0,1367.0,0.0371163561940193,100.0,61.71654510498047,333.0,0.0
4906,0.0,1892.0,13.021589279174805,36.99,71.72395324707031,1916.0,0.0,1367.0,0.0371163561940193,100.0,61.71654510498047,333.0,0.0
4907,0.0,1892.0,13.021589279174805,36.99,71.72395324707031,1916.0,0.0,1367.0,0.0371163561940193,100.0,61.71654510498047,333.0,0.0
4908,0.0,1892.0,12.65280532836914,36.99,70.54298400878906,1997.0,0.0,1367.0,0.0011686818907037,100.0,61.42732620239258,111.0,0.0
4909,0.0,1892.0,12.65280532836914,36.99,70.54298400878906,1997.0,0.0,1367.0,0.0011686818907037,100.0,61.42732620239258,111.0,0.0
4910,0.0,1892.0,12.65280532836914,36.99,70.54298400878906,1997.0,0.0,1367.0,0.0011686818907037,100.0,61.42732620239258,111.0,0.0
4911,0.0,1892.0,12.65280532836914,36.99,70.54298400878906,1997.0,0.0,1367.0,0.0011686818907037,100.0,61.42732620239258,111.0,0.0
4912,0.0,1892.0,12.65280532836914,36.99,70.54298400878906,1997.0,0.0,1367.0,0.0011686818907037,100.0,61.42732620239258,111.0,0.0
4913,0.0,1892.0,12.49077320098877,36.99,69.11764526367188,1519.0,0.0,1367.0,0.0010219796095043,100.0,61.23774337768555,222.0,0.0
4914,0.0,1892.0,12.49077320098877,36.99,69.11764526367188,1519.0,0.0,1367.0,0.0010219796095043,100.0,61.23774337768555,222.0,0.0
4915,0.0,1892.0,12.49077320098877,36.99,69.11764526367188,1519.0,0.0,1367.0,0.0010219796095043,100.0,61.23774337768555,222.0,0.0
4916,0.0,1892.0,12.49077320098877,36.99,69.11764526367188,1519.0,0.0,1367.0,0.0010219796095043,100.0,61.23774337768555,222.0,0.0
4917,0.0,1892.0,12.49077320098877,36.99,69.11764526367188,1519.0,0.0,1367.0,0.0010219796095043,100.0,61.23774337768555,222.0,0.0
4918,0.0,1892.0,12.432138442993164,36.99,68.48345947265625,1230.0,0.0,1367.0,0.0005722382920794,100.0,61.1835823059082,111.0,0.0
4919,0.0,1892.0,12.432138442993164,36.99,68.48345947265625,1230.0,0.0,1367.0,0.0005722382920794,100.0,61.1835823059082,111.0,0.0
4920,0.0,1892.0,12.432138442993164,36.99,68.48345947265625,1230.0,0.0,1367.0,0.0005722382920794,100.0,61.1835823059082,111.0,0.0
4921,0.0,1892.0,12.432138442993164,36.99,68.48345947265625,1230.0,0.0,1367.0,0.0005722382920794,100.0,61.1835823059082,111.0,0.0
4922,0.0,1892.0,12.432138442993164,36.99,68.48345947265625,1230.0,0.0,1367.0,0.0005722382920794,100.0,61.1835823059082,111.0,0.0
4923,0.0,1892.0,12.432138442993164,36.99,68.48345947265625,1230.0,0.0,1367.0,0.0005722382920794,100.0,61.1835823059082,111.0,0.0
4924,0.0,1892.0,12.421863555908203,36.99,68.39889526367188,942.0,0.0,1367.0,3.7077821616549045e-05,100.0,61.102325439453125,111.0,0.0
4925,0.0,1892.0,12.421863555908203,36.99,68.39889526367188,942.0,0.0,1367.0,3.7077821616549045e-05,100.0,61.102325439453125,111.0,0.0
4926,0.0,1892.0,12.421863555908203,36.99,68.39889526367188,942.0,0.0,1367.0,3.7077821616549045e-05,100.0,61.102325439453125,111.0,0.0
4927,0.0,1892.0,12.421863555908203,36.99,68.39889526367188,942.0,0.0,1367.0,3.7077821616549045e-05,100.0,61.102325439453125,111.0,0.0
4928,0.0,1892.0,12.421863555908203,36.99,68.39889526367188,942.0,0.0,1367.0,3.7077821616549045e-05,100.0,61.102325439453125,111.0,0.0
4929,0.0,1892.0,12.63844108581543,36.99,68.56082916259766,1387.0,0.0,1367.0,0.0003110276884399,100.0,61.02107620239258,111.0,0.0
4930,0.0,1892.0,12.63844108581543,36.99,68.56082916259766,1387.0,0.0,1367.0,0.0003110276884399,100.0,61.02107620239258,111.0,0.0
4931,0.0,1892.0,12.63844108581543,36.99,68.56082916259766,1387.0,0.0,1367.0,0.0003110276884399,100.0,61.02107620239258,111.0,0.0
4932,0.0,1892.0,12.63844108581543,36.99,68.56082916259766,1387.0,0.0,1367.0,0.0003110276884399,100.0,61.02107620239258,111.0,0.0
4933,0.0,1892.0,12.63844108581543,36.99,68.56082916259766,1387.0,0.0,1367.0,0.0003110276884399,100.0,61.02107620239258,111.0,0.0
4934,0.0,1892.0,12.774620056152344,36.99,69.60940551757812,1796.0,0.0,1367.0,0.0012810613261535,100.0,61.18357467651367,222.0,0.0
4935,0.0,1892.0,12.774620056152344,36.99,69.60940551757812,1796.0,0.0,1367.0,0.0012810613261535,100.0,61.18357467651367,222.0,0.0
4936,0.0,1892.0,12.774620056152344,36.99,69.60940551757812,1796.0,0.0,1367.0,0.0012810613261535,100.0,61.18357467651367,222.0,0.0
4937,0.0,1892.0,12.774620056152344,36.99,69.60940551757812,1796.0,0.0,1367.0,0.0012810613261535,100.0,61.18357467651367,222.0,0.0
4938,0.0,1892.0,12.774620056152344,36.99,69.60940551757812,1796.0,0.0,1367.0,0.0012810613261535,100.0,61.18357467651367,222.0,0.0
4939,0.0,1892.0,12.492414474487305,36.99,69.3274917602539,1482.0,0.0,1367.0,0.0009076877613551,100.0,61.52888870239258,222.0,0.0
4940,0.0,1892.0,12.492414474487305,36.99,69.3274917602539,1482.0,0.0,1367.0,0.0009076877613551,100.0,61.52888870239258,222.0,0.0
4941,0.0,1892.0,12.492414474487305,36.99,69.3274917602539,1482.0,0.0,1367.0,0.0009076877613551,100.0,61.52888870239258,222.0,0.0
4942,0.0,1892.0,12.492414474487305,36.99,69.3274917602539,1482.0,0.0,1367.0,0.0009076877613551,100.0,61.52888870239258,222.0,0.0
4943,0.0,1892.0,12.492414474487305,36.99,69.3274917602539,1482.0,0.0,1367.0,0.0009076877613551,100.0,61.52888870239258,222.0,0.0
4944,0.0,1892.0,14.05794620513916,36.99,71.32110595703125,2088.0,0.0,1367.0,0.0365090854465961,100.0,61.386695861816406,333.0,0.0
4945,0.0,1892.0,14.05794620513916,36.99,71.32110595703125,2088.0,0.0,1367.0,0.0365090854465961,100.0,61.386695861816406,333.0,0.0
4946,0.0,1892.0,14.05794620513916,36.99,71.32110595703125,2088.0,0.0,1367.0,0.0365090854465961,100.0,61.386695861816406,333.0,0.0
4947,0.0,1892.0,14.05794620513916,36.99,71.32110595703125,2088.0,0.0,1367.0,0.0365090854465961,100.0,61.386695861816406,333.0,0.0
4948,0.0,1892.0,14.05794620513916,36.99,71.32110595703125,2088.0,0.0,1367.0,0.0365090854465961,100.0,61.386695861816406,333.0,0.0
4949,0.0,1892.0,12.697114944458008,36.99,68.65804290771484,2190.0,0.0,1367.0,0.000310033065034,100.0,60.93982696533203,111.0,0.0
4950,0.0,1892.0,12.697114944458008,36.99,68.65804290771484,2190.0,0.0,1367.0,0.000310033065034,100.0,60.93982696533203,111.0,0.0
4951,0.0,1892.0,12.697114944458008,36.99,68.65804290771484,2190.0,0.0,1367.0,0.000310033065034,100.0,60.93982696533203,111.0,0.0
4952,0.0,1892.0,12.697114944458008,36.99,68.65804290771484,2190.0,0.0,1367.0,0.000310033065034,100.0,60.93982696533203,111.0,0.0
4953,0.0,1892.0,12.697114944458008,36.99,68.65804290771484,2190.0,0.0,1367.0,0.000310033065034,100.0,60.93982696533203,111.0,0.0
4954,0.0,1892.0,12.978533744812012,36.99,69.10962677001953,1893.0,0.0,1367.0,0.0006146101513877,100.0,61.02107620239258,222.0,0.0
4955,0.0,1892.0,12.978533744812012,36.99,69.10962677001953,1893.0,0.0,1367.0,0.0006146101513877,100.0,61.02107620239258,222.0,0.0
4956,0.0,1892.0,12.978533744812012,36.99,69.10962677001953,1893.0,0.0,1367.0,0.0006146101513877,100.0,61.02107620239258,222.0,0.0
4957,0.0,1892.0,12.978533744812012,36.99,69.10962677001953,1893.0,0.0,1367.0,0.0006146101513877,100.0,61.02107620239258,222.0,0.0
4958,0.0,1892.0,12.978533744812012,36.99,69.10962677001953,1893.0,0.0,1367.0,0.0006146101513877,100.0,61.02107620239258,222.0,0.0
4959,0.0,1892.0,13.51113224029541,36.99,70.68444061279297,1808.0,0.0,1367.0,0.0017799579072743,100.0,61.4262809753418,222.0,0.0
4960,0.0,1892.0,13.51113224029541,36.99,70.68444061279297,1808.0,0.0,1367.0,0.0017799579072743,100.0,61.4262809753418,222.0,0.0
4961,0.0,1892.0,13.51113224029541,36.99,70.68444061279297,1808.0,0.0,1367.0,0.0017799579072743,100.0,61.4262809753418,222.0,0.0
4962,0.0,1892.0,13.51113224029541,36.99,70.68444061279297,1808.0,0.0,1367.0,0.0017799579072743,100.0,61.4262809753418,222.0,0.0
4963,0.0,1892.0,13.51113224029541,36.99,70.68444061279297,1808.0,0.0,1367.0,0.0017799579072743,100.0,61.4262809753418,222.0,0.0
4964,0.0,1892.0,12.94297981262207,36.99,68.97137451171875,1527.0,0.0,1367.0,0.0005130739300511,100.0,60.899200439453125,111.0,0.0
4965,0.0,1892.0,12.94297981262207,36.99,68.97137451171875,1527.0,0.0,1367.0,0.0005130739300511,100.0,60.899200439453125,111.0,0.0
4966,0.0,1892.0,12.94297981262207,36.99,68.97137451171875,1527.0,0.0,1367.0,0.0005130739300511,100.0,60.899200439453125,111.0,0.0
4967,0.0,1892.0,12.94297981262207,36.99,68.97137451171875,1527.0,0.0,1367.0,0.0005130739300511,100.0,60.899200439453125,111.0,0.0
4968,0.0,1892.0,12.94297981262207,36.99,68.97137451171875,1527.0,0.0,1367.0,0.0005130739300511,100.0,60.899200439453125,111.0,0.0
4969,0.0,1892.0,13.06138515472412,36.99,69.30415344238281,1816.0,0.0,1367.0,0.0003033696557395,100.0,60.85857391357422,111.0,0.0
4970,0.0,1892.0,13.06138515472412,36.99,69.30415344238281,1816.0,0.0,1367.0,0.0003033696557395,100.0,60.85857391357422,111.0,0.0
4971,0.0,1892.0,13.06138515472412,36.99,69.30415344238281,1816.0,0.0,1367.0,0.0003033696557395,100.0,60.85857391357422,111.0,0.0
4972,0.0,1892.0,13.06138515472412,36.99,69.30415344238281,1816.0,0.0,1367.0,0.0003033696557395,100.0,60.85857391357422,111.0,0.0
4973,0.0,1892.0,13.06138515472412,36.99,69.30415344238281,1816.0,0.0,1367.0,0.0003033696557395,100.0,60.85857391357422,111.0,0.0
4974,0.0,1892.0,13.382038116455078,36.99,69.45219421386719,1905.0,0.0,1367.0,0.0380048118531703,100.0,60.875244140625,415.0,0.0
4975,0.0,1892.0,13.382038116455078,36.99,69.45219421386719,1905.0,0.0,1367.0,0.0380048118531703,100.0,60.875244140625,415.0,0.0
4976,0.0,1892.0,13.382038116455078,36.99,69.45219421386719,1905.0,0.0,1367.0,0.0380048118531703,100.0,60.875244140625,415.0,0.0
4977,0.0,1892.0,13.382038116455078,36.99,69.45219421386719,1905.0,0.0,1367.0,0.0380048118531703,100.0,60.875244140625,415.0,0.0
4978,0.0,1892.0,13.382038116455078,36.99,69.45219421386719,1905.0,0.0,1367.0,0.0380048118531703,100.0,60.875244140625,415.0,0.0
4979,0.0,1892.0,13.382038116455078,36.99,69.45219421386719,1905.0,0.0,1367.0,0.0380048118531703,100.0,60.875244140625,415.0,0.0
4980,0.0,1892.0,13.85556983947754,36.99,71.6518325805664,1820.0,0.0,1367.0,0.0830585658550262,100.0,61.43267059326172,293.0,0.0
4981,0.0,1892.0,13.85556983947754,36.99,71.6518325805664,1820.0,0.0,1367.0,0.0830585658550262,100.0,61.43267059326172,293.0,0.0
4982,0.0,1892.0,13.85556983947754,36.99,71.6518325805664,1820.0,0.0,1367.0,0.0830585658550262,100.0,61.43267059326172,293.0,0.0
4983,0.0,1892.0,13.85556983947754,36.99,71.6518325805664,1820.0,0.0,1367.0,0.0830585658550262,100.0,61.43267059326172,293.0,0.0
4984,0.0,1892.0,13.85556983947754,36.99,71.6518325805664,1820.0,0.0,1367.0,0.0830585658550262,100.0,61.43267059326172,293.0,0.0
4985,0.0,1892.0,12.830584526062012,36.99,70.50137329101562,2197.0,0.0,1367.0,0.0075648338533937,100.0,61.366722106933594,333.0,0.0
4986,0.0,1892.0,12.830584526062012,36.99,70.50137329101562,2197.0,0.0,1367.0,0.0075648338533937,100.0,61.366722106933594,333.0,0.0
4987,0.0,1892.0,12.830584526062012,36.99,70.50137329101562,2197.0,0.0,1367.0,0.0075648338533937,100.0,61.366722106933594,333.0,0.0
4988,0.0,1892.0,12.830584526062012,36.99,70.50137329101562,2197.0,0.0,1367.0,0.0075648338533937,100.0,61.366722106933594,333.0,0.0
4989,0.0,1892.0,12.830584526062012,36.99,70.50137329101562,2197.0,0.0,1367.0,0.0075648338533937,100.0,61.366722106933594,333.0,0.0
4990,0.0,1892.0,12.733976364135742,36.99,69.13330841064453,2164.0,0.0,1367.0,0.0004823258786927,100.0,60.774200439453125,111.0,0.0
4991,0.0,1892.0,12.733976364135742,36.99,69.13330841064453,2164.0,0.0,1367.0,0.0004823258786927,100.0,60.774200439453125,111.0,0.0
4992,0.0,1892.0,12.733976364135742,36.99,69.13330841064453,2164.0,0.0,1367.0,0.0004823258786927,100.0,60.774200439453125,111.0,0.0
4993,0.0,1892.0,12.733976364135742,36.99,69.13330841064453,2164.0,0.0,1367.0,0.0004823258786927,100.0,60.774200439453125,111.0,0.0
4994,0.0,1892.0,12.733976364135742,36.99,69.13330841064453,2164.0,0.0,1367.0,0.0004823258786927,100.0,60.774200439453125,111.0,0.0
4995,0.0,1892.0,12.55279541015625,36.99,69.06562042236328,1639.0,0.0,1367.0,0.0003047947539016,100.0,60.77732467651367,111.0,0.0
4996,0.0,1892.0,12.55279541015625,36.99,69.06562042236328,1639.0,0.0,1367.0,0.0003047947539016,100.0,60.77732467651367,111.0,0.0
4997,0.0,1892.0,12.55279541015625,36.99,69.06562042236328,1639.0,0.0,1367.0,0.0003047947539016,100.0,60.77732467651367,111.0,0.0
4998,0.0,1892.0,12.55279541015625,36.99,69.06562042236328,1639.0,0.0,1367.0,0.0003047947539016,100.0,60.77732467651367,111.0,0.0
4999,0.0,1892.0,12.55279541015625,36.99,69.06562042236328,1639.0,0.0,1367.0,0.0003047947539016,100.0,60.77732467651367,111.0,0.0
