idx,ane_power_w,cpu_avg_freq_mhz,cpu_power_w,cpu_residency_active_pct,cpu_temp_c,cpu_usage_pct,fan_rpm,gpu_avg_freq_mhz,gpu_power_w,gpu_residency_active_pct,gpu_temp_c,gpu_usage_pct,soc_temp_c
0,0.0,1892.0,24.08890724182129,36.99,85.0343017578125,2424.0,0.0,1367.0,30.105884552001953,100.0,81.10681915283203,1398.0,0.0
1,0.0,1892.0,24.08890724182129,36.99,85.0343017578125,2424.0,0.0,1367.0,30.105884552001953,100.0,81.10681915283203,1398.0,0.0
2,0.0,1892.0,24.08890724182129,36.99,85.0343017578125,2424.0,0.0,1367.0,30.105884552001953,100.0,81.10681915283203,1398.0,0.0
3,0.0,1892.0,24.08890724182129,36.99,85.0343017578125,2424.0,0.0,1367.0,30.105884552001953,100.0,81.10681915283203,1398.0,0.0
4,0.0,1892.0,24.08890724182129,36.99,85.0343017578125,2424.0,0.0,1367.0,30.105884552001953,100.0,81.10681915283203,1398.0,0.0
5,0.0,1892.0,24.08890724182129,36.99,85.0343017578125,2424.0,0.0,1367.0,30.105884552001953,100.0,81.10681915283203,1398.0,0.0
6,0.0,1892.0,24.501766204833984,36.99,86.33716583251953,2424.0,0.0,1367.0,30.046314239501953,100.0,82.37015533447266,1398.0,0.0
7,0.0,1892.0,24.501766204833984,36.99,86.33716583251953,2424.0,0.0,1367.0,30.046314239501953,100.0,82.37015533447266,1398.0,0.0
8,0.0,1892.0,24.501766204833984,36.99,86.33716583251953,2424.0,0.0,1367.0,30.046314239501953,100.0,82.37015533447266,1398.0,0.0
9,0.0,1892.0,24.501766204833984,36.99,86.33716583251953,2424.0,0.0,1367.0,30.046314239501953,100.0,82.37015533447266,1398.0,0.0
10,0.0,1892.0,24.501766204833984,36.99,86.33716583251953,2424.0,0.0,1367.0,30.046314239501953,100.0,82.37015533447266,1398.0,0.0
11,0.0,1892.0,27.637996673583984,36.99,88.21707153320312,2424.0,0.0,1367.0,24.208593368530273,100.0,83.59611511230469,1389.0,0.0
12,0.0,1892.0,27.637996673583984,36.99,88.21707153320312,2424.0,0.0,1367.0,24.208593368530273,100.0,83.59611511230469,1389.0,0.0
13,0.0,1892.0,27.637996673583984,36.99,88.21707153320312,2424.0,0.0,1367.0,24.208593368530273,100.0,83.59611511230469,1389.0,0.0
14,0.0,1892.0,27.637996673583984,36.99,88.21707153320312,2424.0,0.0,1367.0,24.208593368530273,100.0,83.59611511230469,1389.0,0.0
15,0.0,1892.0,27.637996673583984,36.99,88.21707153320312,2424.0,0.0,1367.0,24.208593368530273,100.0,83.59611511230469,1389.0,0.0
16,0.0,1892.0,28.973613739013672,36.99,89.34458923339844,2424.0,0.0,1367.0,0.2730966210365295,100.0,83.76034545898438,444.0,0.0
17,0.0,1892.0,28.973613739013672,36.99,89.34458923339844,2424.0,0.0,1367.0,0.2730966210365295,100.0,83.76034545898438,444.0,0.0
18,0.0,1892.0,28.973613739013672,36.99,89.34458923339844,2424.0,0.0,1367.0,0.2730966210365295,100.0,83.76034545898438,444.0,0.0
19,0.0,1892.0,28.973613739013672,36.99,89.34458923339844,2424.0,0.0,1367.0,0.2730966210365295,100.0,83.76034545898438,444.0,0.0
20,0.0,1892.0,28.973613739013672,36.99,89.34458923339844,2424.0,0.0,1367.0,0.2730966210365295,100.0,83.76034545898438,444.0,0.0
21,0.0009765624417923,1892.0,28.29349136352539,36.99,88.24376678466797,2424.0,0.0,1367.0,0.540895402431488,100.0,72.81681060791016,444.0,0.0
22,0.0009765624417923,1892.0,28.29349136352539,36.99,88.24376678466797,2424.0,0.0,1367.0,0.540895402431488,100.0,72.81681060791016,444.0,0.0
23,0.0009765624417923,1892.0,28.29349136352539,36.99,88.24376678466797,2424.0,0.0,1367.0,0.540895402431488,100.0,72.81681060791016,444.0,0.0
24,0.0009765624417923,1892.0,28.29349136352539,36.99,88.24376678466797,2424.0,0.0,1367.0,0.540895402431488,100.0,72.81681060791016,444.0,0.0
25,0.0009765624417923,1892.0,28.29349136352539,36.99,88.24376678466797,2424.0,0.0,1367.0,0.540895402431488,100.0,72.81681060791016,444.0,0.0
26,0.0,1892.0,28.929258346557617,36.99,88.5802230834961,2424.0,0.0,1367.0,0.484334260225296,100.0,72.70780944824219,444.0,0.0
27,0.0,1892.0,28.929258346557617,36.99,88.5802230834961,2424.0,0.0,1367.0,0.484334260225296,100.0,72.70780944824219,444.0,0.0
28,0.0,1892.0,28.929258346557617,36.99,88.5802230834961,2424.0,0.0,1367.0,0.484334260225296,100.0,72.70780944824219,444.0,0.0
29,0.0,1892.0,28.929258346557617,36.99,88.5802230834961,2424.0,0.0,1367.0,0.484334260225296,100.0,72.70780944824219,444.0,0.0
30,0.0,1892.0,28.929258346557617,36.99,88.5802230834961,2424.0,0.0,1367.0,0.484334260225296,100.0,72.70780944824219,444.0,0.0
31,0.0,1892.0,29.9997501373291,36.99,88.64065551757812,2424.0,0.0,1367.0,0.1766129285097122,100.0,72.85417175292969,444.0,0.0
32,0.0,1892.0,29.9997501373291,36.99,88.64065551757812,2424.0,0.0,1367.0,0.1766129285097122,100.0,72.85417175292969,444.0,0.0
33,0.0,1892.0,29.9997501373291,36.99,88.64065551757812,2424.0,0.0,1367.0,0.1766129285097122,100.0,72.85417175292969,444.0,0.0
34,0.0,1892.0,29.9997501373291,36.99,88.64065551757812,2424.0,0.0,1367.0,0.1766129285097122,100.0,72.85417175292969,444.0,0.0
35,0.0,1892.0,29.9997501373291,36.99,88.64065551757812,2424.0,0.0,1367.0,0.1766129285097122,100.0,72.85417175292969,444.0,0.0
36,0.0,1892.0,24.781688690185547,36.99,89.28656005859375,2424.0,0.0,1367.0,25.15581703186035,100.0,75.3145980834961,1258.0,0.0
37,0.0,1892.0,24.781688690185547,36.99,89.28656005859375,2424.0,0.0,1367.0,25.15581703186035,100.0,75.3145980834961,1258.0,0.0
38,0.0,1892.0,24.781688690185547,36.99,89.28656005859375,2424.0,0.0,1367.0,25.15581703186035,100.0,75.3145980834961,1258.0,0.0
39,0.0,1892.0,24.781688690185547,36.99,89.28656005859375,2424.0,0.0,1367.0,25.15581703186035,100.0,75.3145980834961,1258.0,0.0
40,0.0,1892.0,24.781688690185547,36.99,89.28656005859375,2424.0,0.0,1367.0,25.15581703186035,100.0,75.3145980834961,1258.0,0.0
41,0.0,1892.0,24.90802764892578,36.99,90.13510131835938,2424.0,0.0,1367.0,30.60749053955078,100.0,85.07743835449219,1398.0,0.0
42,0.0,1892.0,24.90802764892578,36.99,90.13510131835938,2424.0,0.0,1367.0,30.60749053955078,100.0,85.07743835449219,1398.0,0.0
43,0.0,1892.0,24.90802764892578,36.99,90.13510131835938,2424.0,0.0,1367.0,30.60749053955078,100.0,85.07743835449219,1398.0,0.0
44,0.0,1892.0,24.90802764892578,36.99,90.13510131835938,2424.0,0.0,1367.0,30.60749053955078,100.0,85.07743835449219,1398.0,0.0
45,0.0,1892.0,24.90802764892578,36.99,90.13510131835938,2424.0,0.0,1367.0,30.60749053955078,100.0,85.07743835449219,1398.0,0.0
46,0.0,1892.0,19.74111557006836,36.99,91.18085479736328,2304.0,0.0,1367.0,30.46273422241211,100.0,86.9771957397461,1398.0,0.0
47,0.0,1892.0,19.74111557006836,36.99,91.18085479736328,2304.0,0.0,1367.0,30.46273422241211,100.0,86.9771957397461,1398.0,0.0
48,0.0,1892.0,19.74111557006836,36.99,91.18085479736328,2304.0,0.0,1367.0,30.46273422241211,100.0,86.9771957397461,1398.0,0.0
49,0.0,1892.0,19.74111557006836,36.99,91.18085479736328,2304.0,0.0,1367.0,30.46273422241211,100.0,86.9771957397461,1398.0,0.0
50,0.0,1892.0,19.74111557006836,36.99,91.18085479736328,2304.0,0.0,1367.0,30.46273422241211,100.0,86.9771957397461,1398.0,0.0
51,0.0,1892.0,19.74111557006836,36.99,91.18085479736328,2304.0,0.0,1367.0,30.46273422241211,100.0,86.9771957397461,1398.0,0.0
52,0.0,1892.0,11.381146430969238,36.99,89.30254364013672,2158.0,0.0,1367.0,30.253162384033203,100.0,87.63731384277344,1398.0,0.0
53,0.0,1892.0,11.381146430969238,36.99,89.30254364013672,2158.0,0.0,1367.0,30.253162384033203,100.0,87.63731384277344,1398.0,0.0
54,0.0,1892.0,11.381146430969238,36.99,89.30254364013672,2158.0,0.0,1367.0,30.253162384033203,100.0,87.63731384277344,1398.0,0.0
55,0.0,1892.0,11.381146430969238,36.99,89.30254364013672,2158.0,0.0,1367.0,30.253162384033203,100.0,87.63731384277344,1398.0,0.0
56,0.0,1892.0,11.381146430969238,36.99,89.30254364013672,2158.0,0.0,1367.0,30.253162384033203,100.0,87.63731384277344,1398.0,0.0
57,0.0,1892.0,11.711615562438965,36.99,85.24502563476562,1984.0,0.0,1367.0,30.707447052001953,100.0,87.5450210571289,1398.0,0.0
58,0.0,1892.0,11.711615562438965,36.99,85.24502563476562,1984.0,0.0,1367.0,30.707447052001953,100.0,87.5450210571289,1398.0,0.0
59,0.0,1892.0,11.711615562438965,36.99,85.24502563476562,1984.0,0.0,1367.0,30.707447052001953,100.0,87.5450210571289,1398.0,0.0
60,0.0,1892.0,11.711615562438965,36.99,85.24502563476562,1984.0,0.0,1367.0,30.707447052001953,100.0,87.5450210571289,1398.0,0.0
61,0.0,1892.0,11.711615562438965,36.99,85.24502563476562,1984.0,0.0,1367.0,30.707447052001953,100.0,87.5450210571289,1398.0,0.0
62,0.0,1892.0,24.93647575378418,36.99,58.843143463134766,2041.0,0.0,1367.0,13.676121711730955,100.0,87.9751205444336,961.0,0.0
63,0.0,1892.0,24.93647575378418,36.99,58.843143463134766,2041.0,0.0,1367.0,13.676121711730955,100.0,87.9751205444336,961.0,0.0
64,0.0,1892.0,24.93647575378418,36.99,58.843143463134766,2041.0,0.0,1367.0,13.676121711730955,100.0,87.9751205444336,961.0,0.0
65,0.0,1892.0,24.93647575378418,36.99,58.843143463134766,2041.0,0.0,1367.0,13.676121711730955,100.0,87.9751205444336,961.0,0.0
66,0.0,1892.0,24.93647575378418,36.99,58.843143463134766,2041.0,0.0,1367.0,13.676121711730955,100.0,87.9751205444336,961.0,0.0
67,0.0,1892.0,25.020172119140625,36.99,90.89476776123048,1873.0,0.0,1367.0,0.0129126030951738,100.0,76.86204528808594,222.0,0.0
68,0.0,1892.0,25.020172119140625,36.99,90.89476776123048,1873.0,0.0,1367.0,0.0129126030951738,100.0,76.86204528808594,222.0,0.0
69,0.0,1892.0,25.020172119140625,36.99,90.89476776123048,1873.0,0.0,1367.0,0.0129126030951738,100.0,76.86204528808594,222.0,0.0
70,0.0,1892.0,25.020172119140625,36.99,90.89476776123048,1873.0,0.0,1367.0,0.0129126030951738,100.0,76.86204528808594,222.0,0.0
71,0.0,1892.0,25.020172119140625,36.99,90.89476776123048,1873.0,0.0,1367.0,0.0129126030951738,100.0,76.86204528808594,222.0,0.0
72,0.0,1892.0,24.827526092529297,36.99,90.97054290771484,1553.0,0.0,1367.0,0.0035272180102765,100.0,76.3773193359375,222.0,0.0
73,0.0,1892.0,24.827526092529297,36.99,90.97054290771484,1553.0,0.0,1367.0,0.0035272180102765,100.0,76.3773193359375,222.0,0.0
74,0.0,1892.0,24.827526092529297,36.99,90.97054290771484,1553.0,0.0,1367.0,0.0035272180102765,100.0,76.3773193359375,222.0,0.0
75,0.0,1892.0,24.827526092529297,36.99,90.97054290771484,1553.0,0.0,1367.0,0.0035272180102765,100.0,76.3773193359375,222.0,0.0
76,0.0,1892.0,24.827526092529297,36.99,90.97054290771484,1553.0,0.0,1367.0,0.0035272180102765,100.0,76.3773193359375,222.0,0.0
77,0.0,1892.0,25.14837074279785,36.99,90.67401885986328,1631.0,0.0,1367.0,0.0163311827927827,100.0,76.14815521240234,333.0,0.0
78,0.0,1892.0,25.14837074279785,36.99,90.67401885986328,1631.0,0.0,1367.0,0.0163311827927827,100.0,76.14815521240234,333.0,0.0
79,0.0,1892.0,25.14837074279785,36.99,90.67401885986328,1631.0,0.0,1367.0,0.0163311827927827,100.0,76.14815521240234,333.0,0.0
80,0.0,1892.0,25.14837074279785,36.99,90.67401885986328,1631.0,0.0,1367.0,0.0163311827927827,100.0,76.14815521240234,333.0,0.0
81,0.0,1892.0,25.14837074279785,36.99,90.67401885986328,1631.0,0.0,1367.0,0.0163311827927827,100.0,76.14815521240234,333.0,0.0
82,0.0,1892.0,20.66860008239746,36.99,90.41165161132812,1881.0,0.0,1367.0,8.845124244689941,100.0,80.73400115966797,654.0,0.0
83,0.0,1892.0,20.66860008239746,36.99,90.41165161132812,1881.0,0.0,1367.0,8.845124244689941,100.0,80.73400115966797,654.0,0.0
84,0.0,1892.0,20.66860008239746,36.99,90.41165161132812,1881.0,0.0,1367.0,8.845124244689941,100.0,80.73400115966797,654.0,0.0
85,0.0,1892.0,20.66860008239746,36.99,90.41165161132812,1881.0,0.0,1367.0,8.845124244689941,100.0,80.73400115966797,654.0,0.0
86,0.0,1892.0,20.66860008239746,36.99,90.41165161132812,1881.0,0.0,1367.0,8.845124244689941,100.0,80.73400115966797,654.0,0.0
87,0.0,1892.0,9.699502944946287,36.99,56.685916900634766,1963.0,0.0,1367.0,30.525081634521484,100.0,87.63497161865234,1398.0,0.0
88,0.0,1892.0,9.699502944946287,36.99,56.685916900634766,1963.0,0.0,1367.0,30.525081634521484,100.0,87.63497161865234,1398.0,0.0
89,0.0,1892.0,9.699502944946287,36.99,56.685916900634766,1963.0,0.0,1367.0,30.525081634521484,100.0,87.63497161865234,1398.0,0.0
90,0.0,1892.0,9.699502944946287,36.99,56.685916900634766,1963.0,0.0,1367.0,30.525081634521484,100.0,87.63497161865234,1398.0,0.0
91,0.0,1892.0,9.699502944946287,36.99,56.685916900634766,1963.0,0.0,1367.0,30.525081634521484,100.0,87.63497161865234,1398.0,0.0
92,0.0,1892.0,10.578655242919922,36.99,57.01979064941406,2119.0,0.0,1367.0,30.59224319458008,100.0,88.70841979980469,1398.0,0.0
93,0.0,1892.0,10.578655242919922,36.99,57.01979064941406,2119.0,0.0,1367.0,30.59224319458008,100.0,88.70841979980469,1398.0,0.0
94,0.0,1892.0,10.578655242919922,36.99,57.01979064941406,2119.0,0.0,1367.0,30.59224319458008,100.0,88.70841979980469,1398.0,0.0
95,0.0,1892.0,10.578655242919922,36.99,57.01979064941406,2119.0,0.0,1367.0,30.59224319458008,100.0,88.70841979980469,1398.0,0.0
96,0.0,1892.0,10.578655242919922,36.99,57.01979064941406,2119.0,0.0,1367.0,30.59224319458008,100.0,88.70841979980469,1398.0,0.0
97,0.0,1892.0,10.578655242919922,36.99,57.01979064941406,2119.0,0.0,1367.0,30.59224319458008,100.0,88.70841979980469,1398.0,0.0
98,0.0,1892.0,9.908998489379885,36.99,57.3958854675293,2096.0,0.0,1367.0,30.628202438354492,100.0,89.36041259765625,1398.0,0.0
99,0.0,1892.0,9.908998489379885,36.99,57.3958854675293,2096.0,0.0,1367.0,30.628202438354492,100.0,89.36041259765625,1398.0,0.0
100,0.0,1892.0,9.908998489379885,36.99,57.3958854675293,2096.0,0.0,1367.0,30.628202438354492,100.0,89.36041259765625,1398.0,0.0
101,0.0,1892.0,9.908998489379885,36.99,57.3958854675293,2096.0,0.0,1367.0,30.628202438354492,100.0,89.36041259765625,1398.0,0.0
102,0.0,1892.0,9.908998489379885,36.99,57.3958854675293,2096.0,0.0,1367.0,30.628202438354492,100.0,89.36041259765625,1398.0,0.0
103,0.0,1892.0,10.486149787902832,36.99,87.26375579833984,2102.0,0.0,1367.0,30.68438720703125,100.0,89.83366394042969,1398.0,0.0
104,0.0,1892.0,10.486149787902832,36.99,87.26375579833984,2102.0,0.0,1367.0,30.68438720703125,100.0,89.83366394042969,1398.0,0.0
105,0.0,1892.0,10.486149787902832,36.99,87.26375579833984,2102.0,0.0,1367.0,30.68438720703125,100.0,89.83366394042969,1398.0,0.0
106,0.0,1892.0,10.486149787902832,36.99,87.26375579833984,2102.0,0.0,1367.0,30.68438720703125,100.0,89.83366394042969,1398.0,0.0
107,0.0,1892.0,10.486149787902832,36.99,87.26375579833984,2102.0,0.0,1367.0,30.68438720703125,100.0,89.83366394042969,1398.0,0.0
108,0.0,1892.0,17.989944458007812,36.99,59.173946380615234,2038.0,0.0,1367.0,30.626367568969727,100.0,90.2419204711914,1398.0,0.0
109,0.0,1892.0,17.989944458007812,36.99,59.173946380615234,2038.0,0.0,1367.0,30.626367568969727,100.0,90.2419204711914,1398.0,0.0
110,0.0,1892.0,17.989944458007812,36.99,59.173946380615234,2038.0,0.0,1367.0,30.626367568969727,100.0,90.2419204711914,1398.0,0.0
111,0.0,1892.0,17.989944458007812,36.99,59.173946380615234,2038.0,0.0,1367.0,30.626367568969727,100.0,90.2419204711914,1398.0,0.0
112,0.0,1892.0,17.989944458007812,36.99,59.173946380615234,2038.0,0.0,1367.0,30.626367568969727,100.0,90.2419204711914,1398.0,0.0
113,0.0,1892.0,25.16282081604004,36.99,94.6335220336914,1967.0,0.0,1367.0,1.703229904174805,100.0,90.74136352539062,724.0,0.0
114,0.0,1892.0,25.16282081604004,36.99,94.6335220336914,1967.0,0.0,1367.0,1.703229904174805,100.0,90.74136352539062,724.0,0.0
115,0.0,1892.0,25.16282081604004,36.99,94.6335220336914,1967.0,0.0,1367.0,1.703229904174805,100.0,90.74136352539062,724.0,0.0
116,0.0,1892.0,25.16282081604004,36.99,94.6335220336914,1967.0,0.0,1367.0,1.703229904174805,100.0,90.74136352539062,724.0,0.0
117,0.0,1892.0,25.16282081604004,36.99,94.6335220336914,1967.0,0.0,1367.0,1.703229904174805,100.0,90.74136352539062,724.0,0.0
118,0.0,1892.0,25.462322235107425,36.99,93.6268310546875,2027.0,0.0,1367.0,0.0520658567547798,100.0,78.92723083496094,463.0,0.0
119,0.0,1892.0,25.462322235107425,36.99,93.6268310546875,2027.0,0.0,1367.0,0.0520658567547798,100.0,78.92723083496094,463.0,0.0
120,0.0,1892.0,25.462322235107425,36.99,93.6268310546875,2027.0,0.0,1367.0,0.0520658567547798,100.0,78.92723083496094,463.0,0.0
121,0.0,1892.0,25.462322235107425,36.99,93.6268310546875,2027.0,0.0,1367.0,0.0520658567547798,100.0,78.92723083496094,463.0,0.0
122,0.0,1892.0,25.462322235107425,36.99,93.6268310546875,2027.0,0.0,1367.0,0.0520658567547798,100.0,78.92723083496094,463.0,0.0
123,0.0,1892.0,25.219966888427734,36.99,93.34058380126952,1681.0,0.0,1367.0,0.0191549733281135,100.0,78.57279968261719,444.0,0.0
124,0.0,1892.0,25.219966888427734,36.99,93.34058380126952,1681.0,0.0,1367.0,0.0191549733281135,100.0,78.57279968261719,444.0,0.0
125,0.0,1892.0,25.219966888427734,36.99,93.34058380126952,1681.0,0.0,1367.0,0.0191549733281135,100.0,78.57279968261719,444.0,0.0
126,0.0,1892.0,25.219966888427734,36.99,93.34058380126952,1681.0,0.0,1367.0,0.0191549733281135,100.0,78.57279968261719,444.0,0.0
127,0.0,1892.0,25.219966888427734,36.99,93.34058380126952,1681.0,0.0,1367.0,0.0191549733281135,100.0,78.57279968261719,444.0,0.0
128,0.0,1892.0,25.27679443359375,36.99,93.3092803955078,1985.0,0.0,1367.0,0.034386932849884,100.0,78.187255859375,444.0,0.0
129,0.0,1892.0,25.27679443359375,36.99,93.3092803955078,1985.0,0.0,1367.0,0.034386932849884,100.0,78.187255859375,444.0,0.0
130,0.0,1892.0,25.27679443359375,36.99,93.3092803955078,1985.0,0.0,1367.0,0.034386932849884,100.0,78.187255859375,444.0,0.0
131,0.0,1892.0,25.27679443359375,36.99,93.3092803955078,1985.0,0.0,1367.0,0.034386932849884,100.0,78.187255859375,444.0,0.0
132,0.0,1892.0,25.27679443359375,36.99,93.3092803955078,1985.0,0.0,1367.0,0.034386932849884,100.0,78.187255859375,444.0,0.0
133,0.0,1892.0,14.265462875366213,36.99,92.47615814208984,1863.0,0.0,1367.0,20.011014938354492,100.0,82.24588775634766,1095.0,0.0
134,0.0,1892.0,14.265462875366213,36.99,92.47615814208984,1863.0,0.0,1367.0,20.011014938354492,100.0,82.24588775634766,1095.0,0.0
135,0.0,1892.0,14.265462875366213,36.99,92.47615814208984,1863.0,0.0,1367.0,20.011014938354492,100.0,82.24588775634766,1095.0,0.0
136,0.0,1892.0,14.265462875366213,36.99,92.47615814208984,1863.0,0.0,1367.0,20.011014938354492,100.0,82.24588775634766,1095.0,0.0
137,0.0,1892.0,14.265462875366213,36.99,92.47615814208984,1863.0,0.0,1367.0,20.011014938354492,100.0,82.24588775634766,1095.0,0.0
138,0.0,1892.0,9.780156135559082,36.99,12.18231964111328,1797.0,0.0,1367.0,30.620140075683594,100.0,89.36744689941406,1398.0,0.0
139,0.0,1892.0,9.780156135559082,36.99,12.18231964111328,1797.0,0.0,1367.0,30.620140075683594,100.0,89.36744689941406,1398.0,0.0
140,0.0,1892.0,9.780156135559082,36.99,12.18231964111328,1797.0,0.0,1367.0,30.620140075683594,100.0,89.36744689941406,1398.0,0.0
141,0.0,1892.0,9.780156135559082,36.99,12.18231964111328,1797.0,0.0,1367.0,30.620140075683594,100.0,89.36744689941406,1398.0,0.0
142,0.0,1892.0,9.780156135559082,36.99,12.18231964111328,1797.0,0.0,1367.0,30.620140075683594,100.0,89.36744689941406,1398.0,0.0
143,0.0,1892.0,9.55624771118164,36.99,58.1240119934082,1969.0,0.0,1367.0,30.735450744628903,100.0,90.47038269042967,1398.0,0.0
144,0.0,1892.0,9.55624771118164,36.99,58.1240119934082,1969.0,0.0,1367.0,30.735450744628903,100.0,90.47038269042967,1398.0,0.0
145,0.0,1892.0,9.55624771118164,36.99,58.1240119934082,1969.0,0.0,1367.0,30.735450744628903,100.0,90.47038269042967,1398.0,0.0
146,0.0,1892.0,9.55624771118164,36.99,58.1240119934082,1969.0,0.0,1367.0,30.735450744628903,100.0,90.47038269042967,1398.0,0.0
147,0.0,1892.0,9.55624771118164,36.99,58.1240119934082,1969.0,0.0,1367.0,30.735450744628903,100.0,90.47038269042967,1398.0,0.0
148,0.0,1892.0,10.837406158447266,36.99,58.59220504760742,2076.0,0.0,1367.0,30.601043701171875,100.0,91.1168212890625,1398.0,0.0
149,0.0,1892.0,10.837406158447266,36.99,58.59220504760742,2076.0,0.0,1367.0,30.601043701171875,100.0,91.1168212890625,1398.0,0.0
150,0.0,1892.0,10.837406158447266,36.99,58.59220504760742,2076.0,0.0,1367.0,30.601043701171875,100.0,91.1168212890625,1398.0,0.0
151,0.0,1892.0,10.837406158447266,36.99,58.59220504760742,2076.0,0.0,1367.0,30.601043701171875,100.0,91.1168212890625,1398.0,0.0
152,0.0,1892.0,10.837406158447266,36.99,58.59220504760742,2076.0,0.0,1367.0,30.601043701171875,100.0,91.1168212890625,1398.0,0.0
153,0.0,1892.0,10.837406158447266,36.99,58.59220504760742,2076.0,0.0,1367.0,30.601043701171875,100.0,91.1168212890625,1398.0,0.0
154,0.0,1892.0,9.9964599609375,36.99,58.43954086303711,2162.0,0.0,1367.0,30.91400909423828,100.0,91.59767150878906,1398.0,0.0
155,0.0,1892.0,9.9964599609375,36.99,58.43954086303711,2162.0,0.0,1367.0,30.91400909423828,100.0,91.59767150878906,1398.0,0.0
156,0.0,1892.0,9.9964599609375,36.99,58.43954086303711,2162.0,0.0,1367.0,30.91400909423828,100.0,91.59767150878906,1398.0,0.0
157,0.0,1892.0,9.9964599609375,36.99,58.43954086303711,2162.0,0.0,1367.0,30.91400909423828,100.0,91.59767150878906,1398.0,0.0
158,0.0,1892.0,9.9964599609375,36.99,58.43954086303711,2162.0,0.0,1367.0,30.91400909423828,100.0,91.59767150878906,1398.0,0.0
159,0.0,1892.0,24.119047164916992,36.99,59.45982360839844,1867.0,0.0,1367.0,20.65641975402832,100.0,91.9859619140625,1317.0,0.0
160,0.0,1892.0,24.119047164916992,36.99,59.45982360839844,1867.0,0.0,1367.0,20.65641975402832,100.0,91.9859619140625,1317.0,0.0
161,0.0,1892.0,24.119047164916992,36.99,59.45982360839844,1867.0,0.0,1367.0,20.65641975402832,100.0,91.9859619140625,1317.0,0.0
162,0.0,1892.0,24.119047164916992,36.99,59.45982360839844,1867.0,0.0,1367.0,20.65641975402832,100.0,91.9859619140625,1317.0,0.0
163,0.0,1892.0,24.119047164916992,36.99,59.45982360839844,1867.0,0.0,1367.0,20.65641975402832,100.0,91.9859619140625,1317.0,0.0
164,0.0,1892.0,25.71250343322754,36.99,96.28148651123048,2083.0,0.0,1367.0,0.0267059244215488,100.0,92.2122039794922,467.0,0.0
165,0.0,1892.0,25.71250343322754,36.99,96.28148651123048,2083.0,0.0,1367.0,0.0267059244215488,100.0,92.2122039794922,467.0,0.0
166,0.0,1892.0,25.71250343322754,36.99,96.28148651123048,2083.0,0.0,1367.0,0.0267059244215488,100.0,92.2122039794922,467.0,0.0
167,0.0,1892.0,25.71250343322754,36.99,96.28148651123048,2083.0,0.0,1367.0,0.0267059244215488,100.0,92.2122039794922,467.0,0.0
168,0.0,1892.0,25.71250343322754,36.99,96.28148651123048,2083.0,0.0,1367.0,0.0267059244215488,100.0,92.2122039794922,467.0,0.0
169,0.0,1892.0,25.967586517333984,36.99,95.31238555908205,1898.0,0.0,1367.0,0.0268247351050376,100.0,80.33311462402344,222.0,0.0
170,0.0,1892.0,25.967586517333984,36.99,95.31238555908205,1898.0,0.0,1367.0,0.0268247351050376,100.0,80.33311462402344,222.0,0.0
171,0.0,1892.0,25.967586517333984,36.99,95.31238555908205,1898.0,0.0,1367.0,0.0268247351050376,100.0,80.33311462402344,222.0,0.0
172,0.0,1892.0,25.967586517333984,36.99,95.31238555908205,1898.0,0.0,1367.0,0.0268247351050376,100.0,80.33311462402344,222.0,0.0
173,0.0,1892.0,25.967586517333984,36.99,95.31238555908205,1898.0,0.0,1367.0,0.0268247351050376,100.0,80.33311462402344,222.0,0.0
174,0.0,1892.0,25.53018569946289,36.99,95.1493682861328,1747.0,0.0,1367.0,0.0312404353171587,100.0,79.86170959472656,222.0,0.0
175,0.0,1892.0,25.53018569946289,36.99,95.1493682861328,1747.0,0.0,1367.0,0.0312404353171587,100.0,79.86170959472656,222.0,0.0
176,0.0,1892.0,25.53018569946289,36.99,95.1493682861328,1747.0,0.0,1367.0,0.0312404353171587,100.0,79.86170959472656,222.0,0.0
177,0.0,1892.0,25.53018569946289,36.99,95.1493682861328,1747.0,0.0,1367.0,0.0312404353171587,100.0,79.86170959472656,222.0,0.0
178,0.0,1892.0,25.53018569946289,36.99,95.1493682861328,1747.0,0.0,1367.0,0.0312404353171587,100.0,79.86170959472656,222.0,0.0
179,0.0,1892.0,23.999122619628903,36.99,94.44114685058594,1868.0,0.0,1367.0,1.6392498016357422,100.0,79.60636138916016,594.0,0.0
180,0.0,1892.0,23.999122619628903,36.99,94.44114685058594,1868.0,0.0,1367.0,1.6392498016357422,100.0,79.60636138916016,594.0,0.0
181,0.0,1892.0,23.999122619628903,36.99,94.44114685058594,1868.0,0.0,1367.0,1.6392498016357422,100.0,79.60636138916016,594.0,0.0
182,0.0,1892.0,23.999122619628903,36.99,94.44114685058594,1868.0,0.0,1367.0,1.6392498016357422,100.0,79.60636138916016,594.0,0.0
183,0.0,1892.0,23.999122619628903,36.99,94.44114685058594,1868.0,0.0,1367.0,1.6392498016357422,100.0,79.60636138916016,594.0,0.0
184,0.0,1892.0,10.53726577758789,36.99,93.68821716308594,2102.0,0.0,1367.0,30.83182907104492,100.0,83.49663543701172,1398.0,0.0
185,0.0,1892.0,10.53726577758789,36.99,93.68821716308594,2102.0,0.0,1367.0,30.83182907104492,100.0,83.49663543701172,1398.0,0.0
186,0.0,1892.0,10.53726577758789,36.99,93.68821716308594,2102.0,0.0,1367.0,30.83182907104492,100.0,83.49663543701172,1398.0,0.0
187,0.0,1892.0,10.53726577758789,36.99,93.68821716308594,2102.0,0.0,1367.0,30.83182907104492,100.0,83.49663543701172,1398.0,0.0
188,0.0,1892.0,10.53726577758789,36.99,93.68821716308594,2102.0,0.0,1367.0,30.83182907104492,100.0,83.49663543701172,1398.0,0.0
189,0.0,1892.0,10.11026382446289,36.99,12.289456367492676,2116.0,0.0,1367.0,30.86433982849121,100.0,91.54318237304688,1398.0,0.0
190,0.0,1892.0,10.11026382446289,36.99,12.289456367492676,2116.0,0.0,1367.0,30.86433982849121,100.0,91.54318237304688,1398.0,0.0
191,0.0,1892.0,10.11026382446289,36.99,12.289456367492676,2116.0,0.0,1367.0,30.86433982849121,100.0,91.54318237304688,1398.0,0.0
192,0.0,1892.0,10.11026382446289,36.99,12.289456367492676,2116.0,0.0,1367.0,30.86433982849121,100.0,91.54318237304688,1398.0,0.0
193,0.0,1892.0,10.11026382446289,36.99,12.289456367492676,2116.0,0.0,1367.0,30.86433982849121,100.0,91.54318237304688,1398.0,0.0
194,0.0,1892.0,9.71641731262207,36.99,59.08687973022461,1616.0,0.0,1367.0,30.766342163085938,100.0,92.1690673828125,1398.0,0.0
195,0.0,1892.0,9.71641731262207,36.99,59.08687973022461,1616.0,0.0,1367.0,30.766342163085938,100.0,92.1690673828125,1398.0,0.0
196,0.0,1892.0,9.71641731262207,36.99,59.08687973022461,1616.0,0.0,1367.0,30.766342163085938,100.0,92.1690673828125,1398.0,0.0
197,0.0,1892.0,9.71641731262207,36.99,59.08687973022461,1616.0,0.0,1367.0,30.766342163085938,100.0,92.1690673828125,1398.0,0.0
198,0.0,1892.0,9.71641731262207,36.99,59.08687973022461,1616.0,0.0,1367.0,30.766342163085938,100.0,92.1690673828125,1398.0,0.0
199,0.0,1892.0,9.895479202270508,36.99,59.06471252441406,1607.0,0.0,1367.0,30.655574798583984,100.0,92.51785278320312,1398.0,0.0
200,0.0,1892.0,9.895479202270508,36.99,59.06471252441406,1607.0,0.0,1367.0,30.655574798583984,100.0,92.51785278320312,1398.0,0.0
201,0.0,1892.0,9.895479202270508,36.99,59.06471252441406,1607.0,0.0,1367.0,30.655574798583984,100.0,92.51785278320312,1398.0,0.0
202,0.0,1892.0,9.895479202270508,36.99,59.06471252441406,1607.0,0.0,1367.0,30.655574798583984,100.0,92.51785278320312,1398.0,0.0
203,0.0,1892.0,9.895479202270508,36.99,59.06471252441406,1607.0,0.0,1367.0,30.655574798583984,100.0,92.51785278320312,1398.0,0.0
204,0.0,1892.0,14.508323669433594,36.99,60.31906509399414,1748.0,0.0,1367.0,30.950674057006836,100.0,92.8621063232422,1398.0,0.0
205,0.0,1892.0,14.508323669433594,36.99,60.31906509399414,1748.0,0.0,1367.0,30.950674057006836,100.0,92.8621063232422,1398.0,0.0
206,0.0,1892.0,14.508323669433594,36.99,60.31906509399414,1748.0,0.0,1367.0,30.950674057006836,100.0,92.8621063232422,1398.0,0.0
207,0.0,1892.0,14.508323669433594,36.99,60.31906509399414,1748.0,0.0,1367.0,30.950674057006836,100.0,92.8621063232422,1398.0,0.0
208,0.0,1892.0,14.508323669433594,36.99,60.31906509399414,1748.0,0.0,1367.0,30.950674057006836,100.0,92.8621063232422,1398.0,0.0
209,0.0,1892.0,14.508323669433594,36.99,60.31906509399414,1748.0,0.0,1367.0,30.950674057006836,100.0,92.8621063232422,1398.0,0.0
210,0.0,1892.0,25.79026985168457,36.99,97.26561737060548,1711.0,0.0,1367.0,8.320008277893066,100.0,92.9907684326172,992.0,0.0
211,0.0,1892.0,25.79026985168457,36.99,97.26561737060548,1711.0,0.0,1367.0,8.320008277893066,100.0,92.9907684326172,992.0,0.0
212,0.0,1892.0,25.79026985168457,36.99,97.26561737060548,1711.0,0.0,1367.0,8.320008277893066,100.0,92.9907684326172,992.0,0.0
213,0.0,1892.0,25.79026985168457,36.99,97.26561737060548,1711.0,0.0,1367.0,8.320008277893066,100.0,92.9907684326172,992.0,0.0
214,0.0,1892.0,25.79026985168457,36.99,97.26561737060548,1711.0,0.0,1367.0,8.320008277893066,100.0,92.9907684326172,992.0,0.0
215,0.0,1892.0,25.8018798828125,36.99,96.00115966796876,1775.0,0.0,1367.0,0.147888109087944,100.0,81.03073120117188,447.0,0.0
216,0.0,1892.0,25.8018798828125,36.99,96.00115966796876,1775.0,0.0,1367.0,0.147888109087944,100.0,81.03073120117188,447.0,0.0
217,0.0,1892.0,25.8018798828125,36.99,96.00115966796876,1775.0,0.0,1367.0,0.147888109087944,100.0,81.03073120117188,447.0,0.0
218,0.0,1892.0,25.8018798828125,36.99,96.00115966796876,1775.0,0.0,1367.0,0.147888109087944,100.0,81.03073120117188,447.0,0.0
219,0.0,1892.0,25.8018798828125,36.99,96.00115966796876,1775.0,0.0,1367.0,0.147888109087944,100.0,81.03073120117188,447.0,0.0
220,0.0,1892.0,25.66735458374023,36.99,95.81941223144533,1734.0,0.0,1367.0,0.1345221251249313,100.0,80.5795669555664,519.0,0.0
221,0.0,1892.0,25.66735458374023,36.99,95.81941223144533,1734.0,0.0,1367.0,0.1345221251249313,100.0,80.5795669555664,519.0,0.0
222,0.0,1892.0,25.66735458374023,36.99,95.81941223144533,1734.0,0.0,1367.0,0.1345221251249313,100.0,80.5795669555664,519.0,0.0
223,0.0,1892.0,25.66735458374023,36.99,95.81941223144533,1734.0,0.0,1367.0,0.1345221251249313,100.0,80.5795669555664,519.0,0.0
224,0.0,1892.0,25.66735458374023,36.99,95.81941223144533,1734.0,0.0,1367.0,0.1345221251249313,100.0,80.5795669555664,519.0,0.0
225,0.0,1892.0,25.34398651123047,36.99,95.03298950195312,1730.0,0.0,1367.0,0.1741941720247268,100.0,80.044189453125,245.0,0.0
226,0.0,1892.0,25.34398651123047,36.99,95.03298950195312,1730.0,0.0,1367.0,0.1741941720247268,100.0,80.044189453125,245.0,0.0
227,0.0,1892.0,25.34398651123047,36.99,95.03298950195312,1730.0,0.0,1367.0,0.1741941720247268,100.0,80.044189453125,245.0,0.0
228,0.0,1892.0,25.34398651123047,36.99,95.03298950195312,1730.0,0.0,1367.0,0.1741941720247268,100.0,80.044189453125,245.0,0.0
229,0.0,1892.0,25.34398651123047,36.99,95.03298950195312,1730.0,0.0,1367.0,0.1741941720247268,100.0,80.044189453125,245.0,0.0
230,0.0,1892.0,17.530715942382812,36.99,93.86907958984376,1611.0,0.0,1367.0,14.23409652709961,100.0,84.6957015991211,794.0,0.0
231,0.0,1892.0,17.530715942382812,36.99,93.86907958984376,1611.0,0.0,1367.0,14.23409652709961,100.0,84.6957015991211,794.0,0.0
232,0.0,1892.0,17.530715942382812,36.99,93.86907958984376,1611.0,0.0,1367.0,14.23409652709961,100.0,84.6957015991211,794.0,0.0
233,0.0,1892.0,17.530715942382812,36.99,93.86907958984376,1611.0,0.0,1367.0,14.23409652709961,100.0,84.6957015991211,794.0,0.0
234,0.0,1892.0,17.530715942382812,36.99,93.86907958984376,1611.0,0.0,1367.0,14.23409652709961,100.0,84.6957015991211,794.0,0.0
235,0.0,1892.0,10.143794059753418,36.99,59.21137619018555,2000.0,0.0,1367.0,30.824724197387695,100.0,91.07575225830078,1398.0,0.0
236,0.0,1892.0,10.143794059753418,36.99,59.21137619018555,2000.0,0.0,1367.0,30.824724197387695,100.0,91.07575225830078,1398.0,0.0
237,0.0,1892.0,10.143794059753418,36.99,59.21137619018555,2000.0,0.0,1367.0,30.824724197387695,100.0,91.07575225830078,1398.0,0.0
238,0.0,1892.0,10.143794059753418,36.99,59.21137619018555,2000.0,0.0,1367.0,30.824724197387695,100.0,91.07575225830078,1398.0,0.0
239,0.0,1892.0,10.143794059753418,36.99,59.21137619018555,2000.0,0.0,1367.0,30.824724197387695,100.0,91.07575225830078,1398.0,0.0
240,0.0,1892.0,9.540732383728027,36.99,59.679290771484375,1652.0,0.0,1367.0,30.847267150878903,100.0,91.98261260986328,1398.0,0.0
241,0.0,1892.0,9.540732383728027,36.99,59.679290771484375,1652.0,0.0,1367.0,30.847267150878903,100.0,91.98261260986328,1398.0,0.0
242,0.0,1892.0,9.540732383728027,36.99,59.679290771484375,1652.0,0.0,1367.0,30.847267150878903,100.0,91.98261260986328,1398.0,0.0
243,0.0,1892.0,9.540732383728027,36.99,59.679290771484375,1652.0,0.0,1367.0,30.847267150878903,100.0,91.98261260986328,1398.0,0.0
244,0.0,1892.0,9.540732383728027,36.99,59.679290771484375,1652.0,0.0,1367.0,30.847267150878903,100.0,91.98261260986328,1398.0,0.0
245,0.0,1892.0,10.621639251708984,36.99,59.732391357421875,1731.0,0.0,1367.0,30.83012962341309,100.0,92.3713836669922,1398.0,0.0
246,0.0,1892.0,10.621639251708984,36.99,59.732391357421875,1731.0,0.0,1367.0,30.83012962341309,100.0,92.3713836669922,1398.0,0.0
247,0.0,1892.0,10.621639251708984,36.99,59.732391357421875,1731.0,0.0,1367.0,30.83012962341309,100.0,92.3713836669922,1398.0,0.0
248,0.0,1892.0,10.621639251708984,36.99,59.732391357421875,1731.0,0.0,1367.0,30.83012962341309,100.0,92.3713836669922,1398.0,0.0
249,0.0,1892.0,10.621639251708984,36.99,59.732391357421875,1731.0,0.0,1367.0,30.83012962341309,100.0,92.3713836669922,1398.0,0.0
250,0.0009727626456879,1892.0,9.61485481262207,36.99,58.4912109375,1455.0,0.0,1367.0,30.75193214416504,100.0,92.68475341796876,1398.0,0.0
251,0.0009727626456879,1892.0,9.61485481262207,36.99,58.4912109375,1455.0,0.0,1367.0,30.75193214416504,100.0,92.68475341796876,1398.0,0.0
252,0.0009727626456879,1892.0,9.61485481262207,36.99,58.4912109375,1455.0,0.0,1367.0,30.75193214416504,100.0,92.68475341796876,1398.0,0.0
253,0.0009727626456879,1892.0,9.61485481262207,36.99,58.4912109375,1455.0,0.0,1367.0,30.75193214416504,100.0,92.68475341796876,1398.0,0.0
254,0.0009727626456879,1892.0,9.61485481262207,36.99,58.4912109375,1455.0,0.0,1367.0,30.75193214416504,100.0,92.68475341796876,1398.0,0.0
255,0.0,1892.0,21.399070739746097,36.99,92.32665252685548,2033.0,0.0,1367.0,27.747787475585938,100.0,92.9890594482422,1393.0,0.0
256,0.0,1892.0,21.399070739746097,36.99,92.32665252685548,2033.0,0.0,1367.0,27.747787475585938,100.0,92.9890594482422,1393.0,0.0
257,0.0,1892.0,21.399070739746097,36.99,92.32665252685548,2033.0,0.0,1367.0,27.747787475585938,100.0,92.9890594482422,1393.0,0.0
258,0.0,1892.0,21.399070739746097,36.99,92.32665252685548,2033.0,0.0,1367.0,27.747787475585938,100.0,92.9890594482422,1393.0,0.0
259,0.0,1892.0,21.399070739746097,36.99,92.32665252685548,2033.0,0.0,1367.0,27.747787475585938,100.0,92.9890594482422,1393.0,0.0
260,0.0,1892.0,25.7407169342041,36.99,97.13729858398438,1976.0,0.0,1367.0,0.1747278422117233,100.0,91.52140808105467,630.0,0.0
261,0.0,1892.0,25.7407169342041,36.99,97.13729858398438,1976.0,0.0,1367.0,0.1747278422117233,100.0,91.52140808105467,630.0,0.0
262,0.0,1892.0,25.7407169342041,36.99,97.13729858398438,1976.0,0.0,1367.0,0.1747278422117233,100.0,91.52140808105467,630.0,0.0
263,0.0,1892.0,25.7407169342041,36.99,97.13729858398438,1976.0,0.0,1367.0,0.1747278422117233,100.0,91.52140808105467,630.0,0.0
264,0.0,1892.0,25.7407169342041,36.99,97.13729858398438,1976.0,0.0,1367.0,0.1747278422117233,100.0,91.52140808105467,630.0,0.0
265,0.0,1892.0,25.88683700561523,36.99,96.20379638671876,2084.0,0.0,1367.0,0.1640084236860275,100.0,81.50707244873047,491.0,0.0
266,0.0,1892.0,25.88683700561523,36.99,96.20379638671876,2084.0,0.0,1367.0,0.1640084236860275,100.0,81.50707244873047,491.0,0.0
267,0.0,1892.0,25.88683700561523,36.99,96.20379638671876,2084.0,0.0,1367.0,0.1640084236860275,100.0,81.50707244873047,491.0,0.0
268,0.0,1892.0,25.88683700561523,36.99,96.20379638671876,2084.0,0.0,1367.0,0.1640084236860275,100.0,81.50707244873047,491.0,0.0
269,0.0,1892.0,25.88683700561523,36.99,96.20379638671876,2084.0,0.0,1367.0,0.1640084236860275,100.0,81.50707244873047,491.0,0.0
270,0.0,1892.0,25.88683700561523,36.99,96.20379638671876,2084.0,0.0,1367.0,0.1640084236860275,100.0,81.50707244873047,491.0,0.0
271,0.0,1892.0,26.73933219909668,36.99,95.9101791381836,2351.0,0.0,1367.0,0.4022241830825805,100.0,80.75099182128906,444.0,0.0
272,0.0,1892.0,26.73933219909668,36.99,95.9101791381836,2351.0,0.0,1367.0,0.4022241830825805,100.0,80.75099182128906,444.0,0.0
273,0.0,1892.0,26.73933219909668,36.99,95.9101791381836,2351.0,0.0,1367.0,0.4022241830825805,100.0,80.75099182128906,444.0,0.0
274,0.0,1892.0,26.73933219909668,36.99,95.9101791381836,2351.0,0.0,1367.0,0.4022241830825805,100.0,80.75099182128906,444.0,0.0
275,0.0,1892.0,26.73933219909668,36.99,95.9101791381836,2351.0,0.0,1367.0,0.4022241830825805,100.0,80.75099182128906,444.0,0.0
276,0.0,1892.0,27.265790939331055,36.99,96.41524505615234,2343.0,0.0,1367.0,0.2772668302059173,100.0,80.42353820800781,444.0,0.0
277,0.0,1892.0,27.265790939331055,36.99,96.41524505615234,2343.0,0.0,1367.0,0.2772668302059173,100.0,80.42353820800781,444.0,0.0
278,0.0,1892.0,27.265790939331055,36.99,96.41524505615234,2343.0,0.0,1367.0,0.2772668302059173,100.0,80.42353820800781,444.0,0.0
279,0.0,1892.0,27.265790939331055,36.99,96.41524505615234,2343.0,0.0,1367.0,0.2772668302059173,100.0,80.42353820800781,444.0,0.0
280,0.0,1892.0,27.265790939331055,36.99,96.41524505615234,2343.0,0.0,1367.0,0.2772668302059173,100.0,80.42353820800781,444.0,0.0
281,0.0,1892.0,13.43324851989746,36.99,95.30783081054688,2290.0,0.0,1367.0,22.990638732910156,100.0,81.08038330078125,1160.0,0.0
282,0.0,1892.0,13.43324851989746,36.99,95.30783081054688,2290.0,0.0,1367.0,22.990638732910156,100.0,81.08038330078125,1160.0,0.0
283,0.0,1892.0,13.43324851989746,36.99,95.30783081054688,2290.0,0.0,1367.0,22.990638732910156,100.0,81.08038330078125,1160.0,0.0
284,0.0,1892.0,13.43324851989746,36.99,95.30783081054688,2290.0,0.0,1367.0,22.990638732910156,100.0,81.08038330078125,1160.0,0.0
285,0.0,1892.0,13.43324851989746,36.99,95.30783081054688,2290.0,0.0,1367.0,22.990638732910156,100.0,81.08038330078125,1160.0,0.0
286,0.0,1892.0,6.947040557861328,36.99,12.379313468933104,2313.0,0.0,1367.0,30.76738548278809,100.0,91.01365661621094,1398.0,0.0
287,0.0,1892.0,6.947040557861328,36.99,12.379313468933104,2313.0,0.0,1367.0,30.76738548278809,100.0,91.01365661621094,1398.0,0.0
288,0.0,1892.0,6.947040557861328,36.99,12.379313468933104,2313.0,0.0,1367.0,30.76738548278809,100.0,91.01365661621094,1398.0,0.0
289,0.0,1892.0,6.947040557861328,36.99,12.379313468933104,2313.0,0.0,1367.0,30.76738548278809,100.0,91.01365661621094,1398.0,0.0
290,0.0,1892.0,6.947040557861328,36.99,12.379313468933104,2313.0,0.0,1367.0,30.76738548278809,100.0,91.01365661621094,1398.0,0.0
291,0.0,1892.0,6.471737384796143,36.99,58.05967712402344,2143.0,0.0,1367.0,30.921337127685547,100.0,91.87806701660156,1398.0,0.0
292,0.0,1892.0,6.471737384796143,36.99,58.05967712402344,2143.0,0.0,1367.0,30.921337127685547,100.0,91.87806701660156,1398.0,0.0
293,0.0,1892.0,6.471737384796143,36.99,58.05967712402344,2143.0,0.0,1367.0,30.921337127685547,100.0,91.87806701660156,1398.0,0.0
294,0.0,1892.0,6.471737384796143,36.99,58.05967712402344,2143.0,0.0,1367.0,30.921337127685547,100.0,91.87806701660156,1398.0,0.0
295,0.0,1892.0,6.471737384796143,36.99,58.05967712402344,2143.0,0.0,1367.0,30.921337127685547,100.0,91.87806701660156,1398.0,0.0
296,0.0,1892.0,7.4747209548950195,36.99,58.16181945800781,2097.0,0.0,1367.0,30.821090698242188,100.0,92.1320571899414,1398.0,0.0
297,0.0,1892.0,7.4747209548950195,36.99,58.16181945800781,2097.0,0.0,1367.0,30.821090698242188,100.0,92.1320571899414,1398.0,0.0
298,0.0,1892.0,7.4747209548950195,36.99,58.16181945800781,2097.0,0.0,1367.0,30.821090698242188,100.0,92.1320571899414,1398.0,0.0
299,0.0,1892.0,7.4747209548950195,36.99,58.16181945800781,2097.0,0.0,1367.0,30.821090698242188,100.0,92.1320571899414,1398.0,0.0
300,0.0,1892.0,7.4747209548950195,36.99,58.16181945800781,2097.0,0.0,1367.0,30.821090698242188,100.0,92.1320571899414,1398.0,0.0
301,0.0,1892.0,7.720287322998047,36.99,58.286624908447266,2176.0,0.0,1367.0,30.795833587646484,100.0,92.31368255615234,1398.0,0.0
302,0.0,1892.0,7.720287322998047,36.99,58.286624908447266,2176.0,0.0,1367.0,30.795833587646484,100.0,92.31368255615234,1398.0,0.0
303,0.0,1892.0,7.720287322998047,36.99,58.286624908447266,2176.0,0.0,1367.0,30.795833587646484,100.0,92.31368255615234,1398.0,0.0
304,0.0,1892.0,7.720287322998047,36.99,58.286624908447266,2176.0,0.0,1367.0,30.795833587646484,100.0,92.31368255615234,1398.0,0.0
305,0.0,1892.0,7.720287322998047,36.99,58.286624908447266,2176.0,0.0,1367.0,30.795833587646484,100.0,92.31368255615234,1398.0,0.0
306,0.0,1892.0,24.164165496826172,36.99,59.37885665893555,1815.0,0.0,1367.0,15.98435115814209,100.0,92.41725158691406,1332.0,0.0
307,0.0,1892.0,24.164165496826172,36.99,59.37885665893555,1815.0,0.0,1367.0,15.98435115814209,100.0,92.41725158691406,1332.0,0.0
308,0.0,1892.0,24.164165496826172,36.99,59.37885665893555,1815.0,0.0,1367.0,15.98435115814209,100.0,92.41725158691406,1332.0,0.0
309,0.0,1892.0,24.164165496826172,36.99,59.37885665893555,1815.0,0.0,1367.0,15.98435115814209,100.0,92.41725158691406,1332.0,0.0
310,0.0,1892.0,24.164165496826172,36.99,59.37885665893555,1815.0,0.0,1367.0,15.98435115814209,100.0,92.41725158691406,1332.0,0.0
311,0.0,1892.0,24.02596092224121,36.99,95.6952133178711,1851.0,0.0,1367.0,0.1475740224123001,100.0,91.24291229248048,594.0,0.0
312,0.0,1892.0,24.02596092224121,36.99,95.6952133178711,1851.0,0.0,1367.0,0.1475740224123001,100.0,91.24291229248048,594.0,0.0
313,0.0,1892.0,24.02596092224121,36.99,95.6952133178711,1851.0,0.0,1367.0,0.1475740224123001,100.0,91.24291229248048,594.0,0.0
314,0.0,1892.0,24.02596092224121,36.99,95.6952133178711,1851.0,0.0,1367.0,0.1475740224123001,100.0,91.24291229248048,594.0,0.0
315,0.0,1892.0,24.02596092224121,36.99,95.6952133178711,1851.0,0.0,1367.0,0.1475740224123001,100.0,91.24291229248048,594.0,0.0
316,0.0,1892.0,24.638944625854492,36.99,93.92675018310548,2147.0,0.0,1367.0,0.12212685495615,100.0,79.70530700683594,502.0,0.0
317,0.0,1892.0,24.638944625854492,36.99,93.92675018310548,2147.0,0.0,1367.0,0.12212685495615,100.0,79.70530700683594,502.0,0.0
318,0.0,1892.0,24.638944625854492,36.99,93.92675018310548,2147.0,0.0,1367.0,0.12212685495615,100.0,79.70530700683594,502.0,0.0
319,0.0,1892.0,24.638944625854492,36.99,93.92675018310548,2147.0,0.0,1367.0,0.12212685495615,100.0,79.70530700683594,502.0,0.0
320,0.0,1892.0,24.638944625854492,36.99,93.92675018310548,2147.0,0.0,1367.0,0.12212685495615,100.0,79.70530700683594,502.0,0.0
321,0.0,1892.0,24.6984920501709,36.99,93.86985778808594,1743.0,0.0,1367.0,0.1368324011564254,100.0,79.49054718017578,444.0,0.0
322,0.0,1892.0,24.6984920501709,36.99,93.86985778808594,1743.0,0.0,1367.0,0.1368324011564254,100.0,79.49054718017578,444.0,0.0
323,0.0,1892.0,24.6984920501709,36.99,93.86985778808594,1743.0,0.0,1367.0,0.1368324011564254,100.0,79.49054718017578,444.0,0.0
324,0.0,1892.0,24.6984920501709,36.99,93.86985778808594,1743.0,0.0,1367.0,0.1368324011564254,100.0,79.49054718017578,444.0,0.0
325,0.0,1892.0,24.6984920501709,36.99,93.86985778808594,1743.0,0.0,1367.0,0.1368324011564254,100.0,79.49054718017578,444.0,0.0
326,0.0,1892.0,24.6984920501709,36.99,93.86985778808594,1743.0,0.0,1367.0,0.1368324011564254,100.0,79.49054718017578,444.0,0.0
327,0.0,1892.0,19.491191864013672,36.99,92.27702331542967,1618.0,0.0,1367.0,7.376499652862549,100.0,84.53003692626953,676.0,0.0
328,0.0,1892.0,19.491191864013672,36.99,92.27702331542967,1618.0,0.0,1367.0,7.376499652862549,100.0,84.53003692626953,676.0,0.0
329,0.0,1892.0,19.491191864013672,36.99,92.27702331542967,1618.0,0.0,1367.0,7.376499652862549,100.0,84.53003692626953,676.0,0.0
330,0.0,1892.0,19.491191864013672,36.99,92.27702331542967,1618.0,0.0,1367.0,7.376499652862549,100.0,84.53003692626953,676.0,0.0
331,0.0,1892.0,19.491191864013672,36.99,92.27702331542967,1618.0,0.0,1367.0,7.376499652862549,100.0,84.53003692626953,676.0,0.0
332,0.0,1892.0,7.030017375946045,36.99,57.50862503051758,2418.0,0.0,1367.0,30.786788940429688,100.0,90.12556457519533,1398.0,0.0
333,0.0,1892.0,7.030017375946045,36.99,57.50862503051758,2418.0,0.0,1367.0,30.786788940429688,100.0,90.12556457519533,1398.0,0.0
334,0.0,1892.0,7.030017375946045,36.99,57.50862503051758,2418.0,0.0,1367.0,30.786788940429688,100.0,90.12556457519533,1398.0,0.0
335,0.0,1892.0,7.030017375946045,36.99,57.50862503051758,2418.0,0.0,1367.0,30.786788940429688,100.0,90.12556457519533,1398.0,0.0
336,0.0,1892.0,7.030017375946045,36.99,57.50862503051758,2418.0,0.0,1367.0,30.786788940429688,100.0,90.12556457519533,1398.0,0.0
337,0.0,1892.0,7.9562835693359375,36.99,57.84165573120117,2421.0,0.0,1367.0,30.67318344116211,100.0,90.87120056152344,1398.0,0.0
338,0.0,1892.0,7.9562835693359375,36.99,57.84165573120117,2421.0,0.0,1367.0,30.67318344116211,100.0,90.87120056152344,1398.0,0.0
339,0.0,1892.0,7.9562835693359375,36.99,57.84165573120117,2421.0,0.0,1367.0,30.67318344116211,100.0,90.87120056152344,1398.0,0.0
340,0.0,1892.0,7.9562835693359375,36.99,57.84165573120117,2421.0,0.0,1367.0,30.67318344116211,100.0,90.87120056152344,1398.0,0.0
341,0.0,1892.0,7.9562835693359375,36.99,57.84165573120117,2421.0,0.0,1367.0,30.67318344116211,100.0,90.87120056152344,1398.0,0.0
342,0.0,1892.0,7.440485954284668,36.99,12.349394798278809,2415.0,0.0,1367.0,30.814212799072266,100.0,91.12969970703124,1398.0,0.0
343,0.0,1892.0,7.440485954284668,36.99,12.349394798278809,2415.0,0.0,1367.0,30.814212799072266,100.0,91.12969970703124,1398.0,0.0
344,0.0,1892.0,7.440485954284668,36.99,12.349394798278809,2415.0,0.0,1367.0,30.814212799072266,100.0,91.12969970703124,1398.0,0.0
345,0.0,1892.0,7.440485954284668,36.99,12.349394798278809,2415.0,0.0,1367.0,30.814212799072266,100.0,91.12969970703124,1398.0,0.0
346,0.0,1892.0,7.440485954284668,36.99,12.349394798278809,2415.0,0.0,1367.0,30.814212799072266,100.0,91.12969970703124,1398.0,0.0
347,0.0,1892.0,7.303419589996338,36.99,57.4027214050293,2419.0,0.0,1367.0,30.702783584594727,100.0,91.39898681640624,1398.0,0.0
348,0.0,1892.0,7.303419589996338,36.99,57.4027214050293,2419.0,0.0,1367.0,30.702783584594727,100.0,91.39898681640624,1398.0,0.0
349,0.0,1892.0,7.303419589996338,36.99,57.4027214050293,2419.0,0.0,1367.0,30.702783584594727,100.0,91.39898681640624,1398.0,0.0
350,0.0,1892.0,7.303419589996338,36.99,57.4027214050293,2419.0,0.0,1367.0,30.702783584594727,100.0,91.39898681640624,1398.0,0.0
351,0.0,1892.0,7.303419589996338,36.99,57.4027214050293,2419.0,0.0,1367.0,30.702783584594727,100.0,91.39898681640624,1398.0,0.0
352,0.0,1892.0,15.161499977111816,36.99,58.46324157714844,2411.0,0.0,1367.0,30.884017944335938,100.0,91.56096649169922,1398.0,0.0
353,0.0,1892.0,15.161499977111816,36.99,58.46324157714844,2411.0,0.0,1367.0,30.884017944335938,100.0,91.56096649169922,1398.0,0.0
354,0.0,1892.0,15.161499977111816,36.99,58.46324157714844,2411.0,0.0,1367.0,30.884017944335938,100.0,91.56096649169922,1398.0,0.0
355,0.0,1892.0,15.161499977111816,36.99,58.46324157714844,2411.0,0.0,1367.0,30.884017944335938,100.0,91.56096649169922,1398.0,0.0
356,0.0,1892.0,15.161499977111816,36.99,58.46324157714844,2411.0,0.0,1367.0,30.884017944335938,100.0,91.56096649169922,1398.0,0.0
357,0.0,1892.0,26.18690299987793,36.99,95.55632019042967,1896.0,0.0,1367.0,3.952913522720337,100.0,90.40573120117188,1003.0,0.0
358,0.0,1892.0,26.18690299987793,36.99,95.55632019042967,1896.0,0.0,1367.0,3.952913522720337,100.0,90.40573120117188,1003.0,0.0
359,0.0,1892.0,26.18690299987793,36.99,95.55632019042967,1896.0,0.0,1367.0,3.952913522720337,100.0,90.40573120117188,1003.0,0.0
360,0.0,1892.0,26.18690299987793,36.99,95.55632019042967,1896.0,0.0,1367.0,3.952913522720337,100.0,90.40573120117188,1003.0,0.0
361,0.0,1892.0,26.18690299987793,36.99,95.55632019042967,1896.0,0.0,1367.0,3.952913522720337,100.0,90.40573120117188,1003.0,0.0
362,0.0,1892.0,25.2458438873291,36.99,95.14158630371094,1925.0,0.0,1367.0,0.2883472144603729,100.0,80.14562225341797,480.0,0.0
363,0.0,1892.0,25.2458438873291,36.99,95.14158630371094,1925.0,0.0,1367.0,0.2883472144603729,100.0,80.14562225341797,480.0,0.0
364,0.0,1892.0,25.2458438873291,36.99,95.14158630371094,1925.0,0.0,1367.0,0.2883472144603729,100.0,80.14562225341797,480.0,0.0
365,0.0,1892.0,25.2458438873291,36.99,95.14158630371094,1925.0,0.0,1367.0,0.2883472144603729,100.0,80.14562225341797,480.0,0.0
366,0.0,1892.0,25.2458438873291,36.99,95.14158630371094,1925.0,0.0,1367.0,0.2883472144603729,100.0,80.14562225341797,480.0,0.0
367,0.0,1892.0,25.072938919067383,36.99,93.24617004394533,2268.0,0.0,1367.0,0.2298589646816253,100.0,78.91203308105469,444.0,0.0
368,0.0,1892.0,25.072938919067383,36.99,93.24617004394533,2268.0,0.0,1367.0,0.2298589646816253,100.0,78.91203308105469,444.0,0.0
369,0.0,1892.0,25.072938919067383,36.99,93.24617004394533,2268.0,0.0,1367.0,0.2298589646816253,100.0,78.91203308105469,444.0,0.0
370,0.0,1892.0,25.072938919067383,36.99,93.24617004394533,2268.0,0.0,1367.0,0.2298589646816253,100.0,78.91203308105469,444.0,0.0
371,0.0,1892.0,25.072938919067383,36.99,93.24617004394533,2268.0,0.0,1367.0,0.2298589646816253,100.0,78.91203308105469,444.0,0.0
372,0.0,1892.0,25.22503662109375,36.99,93.22727966308594,2324.0,0.0,1367.0,0.1562570482492447,100.0,78.66340637207031,480.0,0.0
373,0.0,1892.0,25.22503662109375,36.99,93.22727966308594,2324.0,0.0,1367.0,0.1562570482492447,100.0,78.66340637207031,480.0,0.0
374,0.0,1892.0,25.22503662109375,36.99,93.22727966308594,2324.0,0.0,1367.0,0.1562570482492447,100.0,78.66340637207031,480.0,0.0
375,0.0,1892.0,25.22503662109375,36.99,93.22727966308594,2324.0,0.0,1367.0,0.1562570482492447,100.0,78.66340637207031,480.0,0.0
376,0.0,1892.0,25.22503662109375,36.99,93.22727966308594,2324.0,0.0,1367.0,0.1562570482492447,100.0,78.66340637207031,480.0,0.0
377,0.0,1892.0,12.924753189086914,36.99,91.9577865600586,2410.0,0.0,1367.0,18.77187728881836,100.0,81.51435852050781,1098.0,0.0
378,0.0,1892.0,12.924753189086914,36.99,91.9577865600586,2410.0,0.0,1367.0,18.77187728881836,100.0,81.51435852050781,1098.0,0.0
379,0.0,1892.0,12.924753189086914,36.99,91.9577865600586,2410.0,0.0,1367.0,18.77187728881836,100.0,81.51435852050781,1098.0,0.0
380,0.0,1892.0,12.924753189086914,36.99,91.9577865600586,2410.0,0.0,1367.0,18.77187728881836,100.0,81.51435852050781,1098.0,0.0
381,0.0,1892.0,12.924753189086914,36.99,91.9577865600586,2410.0,0.0,1367.0,18.77187728881836,100.0,81.51435852050781,1098.0,0.0
382,0.0,1892.0,12.924753189086914,36.99,91.9577865600586,2410.0,0.0,1367.0,18.77187728881836,100.0,81.51435852050781,1098.0,0.0
383,0.0,1892.0,6.938477516174316,36.99,56.339263916015625,2419.0,0.0,1367.0,30.63983917236328,100.0,89.1749038696289,1398.0,0.0
384,0.0,1892.0,6.938477516174316,36.99,56.339263916015625,2419.0,0.0,1367.0,30.63983917236328,100.0,89.1749038696289,1398.0,0.0
385,0.0,1892.0,6.938477516174316,36.99,56.339263916015625,2419.0,0.0,1367.0,30.63983917236328,100.0,89.1749038696289,1398.0,0.0
386,0.0,1892.0,6.938477516174316,36.99,56.339263916015625,2419.0,0.0,1367.0,30.63983917236328,100.0,89.1749038696289,1398.0,0.0
387,0.0,1892.0,6.938477516174316,36.99,56.339263916015625,2419.0,0.0,1367.0,30.63983917236328,100.0,89.1749038696289,1398.0,0.0
388,0.0,1892.0,6.524333953857422,36.99,56.43367004394531,1827.0,0.0,1367.0,30.785865783691406,100.0,89.91453552246094,1398.0,0.0
389,0.0,1892.0,6.524333953857422,36.99,56.43367004394531,1827.0,0.0,1367.0,30.785865783691406,100.0,89.91453552246094,1398.0,0.0
390,0.0,1892.0,6.524333953857422,36.99,56.43367004394531,1827.0,0.0,1367.0,30.785865783691406,100.0,89.91453552246094,1398.0,0.0
391,0.0,1892.0,6.524333953857422,36.99,56.43367004394531,1827.0,0.0,1367.0,30.785865783691406,100.0,89.91453552246094,1398.0,0.0
392,0.0,1892.0,6.524333953857422,36.99,56.43367004394531,1827.0,0.0,1367.0,30.785865783691406,100.0,89.91453552246094,1398.0,0.0
393,0.0,1892.0,6.852187156677246,36.99,56.63980484008789,1747.0,0.0,1367.0,30.672286987304688,100.0,90.20556640625,1398.0,0.0
394,0.0,1892.0,6.852187156677246,36.99,56.63980484008789,1747.0,0.0,1367.0,30.672286987304688,100.0,90.20556640625,1398.0,0.0
395,0.0,1892.0,6.852187156677246,36.99,56.63980484008789,1747.0,0.0,1367.0,30.672286987304688,100.0,90.20556640625,1398.0,0.0
396,0.0,1892.0,6.852187156677246,36.99,56.63980484008789,1747.0,0.0,1367.0,30.672286987304688,100.0,90.20556640625,1398.0,0.0
397,0.0,1892.0,6.852187156677246,36.99,56.63980484008789,1747.0,0.0,1367.0,30.672286987304688,100.0,90.20556640625,1398.0,0.0
398,0.0,1892.0,6.7539963722229,36.99,12.23123836517334,2367.0,0.0,1367.0,30.529714584350582,100.0,90.2807388305664,1398.0,0.0
399,0.0,1892.0,6.7539963722229,36.99,12.23123836517334,2367.0,0.0,1367.0,30.529714584350582,100.0,90.2807388305664,1398.0,0.0
400,0.0,1892.0,6.7539963722229,36.99,12.23123836517334,2367.0,0.0,1367.0,30.529714584350582,100.0,90.2807388305664,1398.0,0.0
401,0.0,1892.0,6.7539963722229,36.99,12.23123836517334,2367.0,0.0,1367.0,30.529714584350582,100.0,90.2807388305664,1398.0,0.0
402,0.0,1892.0,6.7539963722229,36.99,12.23123836517334,2367.0,0.0,1367.0,30.529714584350582,100.0,90.2807388305664,1398.0,0.0
403,0.0,1892.0,22.18988037109375,36.99,58.263214111328125,2421.0,0.0,1367.0,22.4606876373291,100.0,90.35531616210938,1373.0,0.0
404,0.0,1892.0,22.18988037109375,36.99,58.263214111328125,2421.0,0.0,1367.0,22.4606876373291,100.0,90.35531616210938,1373.0,0.0
405,0.0,1892.0,22.18988037109375,36.99,58.263214111328125,2421.0,0.0,1367.0,22.4606876373291,100.0,90.35531616210938,1373.0,0.0
406,0.0,1892.0,22.18988037109375,36.99,58.263214111328125,2421.0,0.0,1367.0,22.4606876373291,100.0,90.35531616210938,1373.0,0.0
407,0.0,1892.0,22.18988037109375,36.99,58.263214111328125,2421.0,0.0,1367.0,22.4606876373291,100.0,90.35531616210938,1373.0,0.0
408,0.0,1892.0,24.57234001159668,36.99,93.8642578125,1874.0,0.0,1367.0,0.1431143432855606,100.0,89.8636245727539,887.0,0.0
409,0.0,1892.0,24.57234001159668,36.99,93.8642578125,1874.0,0.0,1367.0,0.1431143432855606,100.0,89.8636245727539,887.0,0.0
410,0.0,1892.0,24.57234001159668,36.99,93.8642578125,1874.0,0.0,1367.0,0.1431143432855606,100.0,89.8636245727539,887.0,0.0
411,0.0,1892.0,24.57234001159668,36.99,93.8642578125,1874.0,0.0,1367.0,0.1431143432855606,100.0,89.8636245727539,887.0,0.0
412,0.0,1892.0,24.57234001159668,36.99,93.8642578125,1874.0,0.0,1367.0,0.1431143432855606,100.0,89.8636245727539,887.0,0.0
413,0.0,1892.0,24.745445251464844,36.99,92.77642822265624,1759.0,0.0,1367.0,0.1025489866733551,100.0,78.41453552246094,505.0,0.0
414,0.0,1892.0,24.745445251464844,36.99,92.77642822265624,1759.0,0.0,1367.0,0.1025489866733551,100.0,78.41453552246094,505.0,0.0
415,0.0,1892.0,24.745445251464844,36.99,92.77642822265624,1759.0,0.0,1367.0,0.1025489866733551,100.0,78.41453552246094,505.0,0.0
416,0.0,1892.0,24.745445251464844,36.99,92.77642822265624,1759.0,0.0,1367.0,0.1025489866733551,100.0,78.41453552246094,505.0,0.0
417,0.0,1892.0,24.745445251464844,36.99,92.77642822265624,1759.0,0.0,1367.0,0.1025489866733551,100.0,78.41453552246094,505.0,0.0
418,0.0,1892.0,24.73630142211914,36.99,91.93389129638672,1699.0,0.0,1367.0,0.0999437570571899,100.0,77.6207504272461,546.0,0.0
419,0.0,1892.0,24.73630142211914,36.99,91.93389129638672,1699.0,0.0,1367.0,0.0999437570571899,100.0,77.6207504272461,546.0,0.0
420,0.0,1892.0,24.73630142211914,36.99,91.93389129638672,1699.0,0.0,1367.0,0.0999437570571899,100.0,77.6207504272461,546.0,0.0
421,0.0,1892.0,24.73630142211914,36.99,91.93389129638672,1699.0,0.0,1367.0,0.0999437570571899,100.0,77.6207504272461,546.0,0.0
422,0.0,1892.0,24.73630142211914,36.99,91.93389129638672,1699.0,0.0,1367.0,0.0999437570571899,100.0,77.6207504272461,546.0,0.0
423,0.0,1892.0,23.85606575012207,36.99,92.17443084716795,1953.0,0.0,1367.0,0.1292148232460022,100.0,77.11668395996094,586.0,0.0
424,0.0,1892.0,23.85606575012207,36.99,92.17443084716795,1953.0,0.0,1367.0,0.1292148232460022,100.0,77.11668395996094,586.0,0.0
425,0.0,1892.0,23.85606575012207,36.99,92.17443084716795,1953.0,0.0,1367.0,0.1292148232460022,100.0,77.11668395996094,586.0,0.0
426,0.0,1892.0,23.85606575012207,36.99,92.17443084716795,1953.0,0.0,1367.0,0.1292148232460022,100.0,77.11668395996094,586.0,0.0
427,0.0,1892.0,23.85606575012207,36.99,92.17443084716795,1953.0,0.0,1367.0,0.1292148232460022,100.0,77.11668395996094,586.0,0.0
428,0.0,1892.0,7.035251617431641,36.99,90.77961730957033,1679.0,0.0,1367.0,28.37409210205078,100.0,79.10556030273438,1364.0,0.0
429,0.0,1892.0,7.035251617431641,36.99,90.77961730957033,1679.0,0.0,1367.0,28.37409210205078,100.0,79.10556030273438,1364.0,0.0
430,0.0,1892.0,7.035251617431641,36.99,90.77961730957033,1679.0,0.0,1367.0,28.37409210205078,100.0,79.10556030273438,1364.0,0.0
431,0.0,1892.0,7.035251617431641,36.99,90.77961730957033,1679.0,0.0,1367.0,28.37409210205078,100.0,79.10556030273438,1364.0,0.0
432,0.0,1892.0,7.035251617431641,36.99,90.77961730957033,1679.0,0.0,1367.0,28.37409210205078,100.0,79.10556030273438,1364.0,0.0
433,0.0,1892.0,6.875470161437988,36.99,55.8989143371582,2036.0,0.0,1367.0,30.657106399536133,100.0,87.48932647705078,1398.0,0.0
434,0.0,1892.0,6.875470161437988,36.99,55.8989143371582,2036.0,0.0,1367.0,30.657106399536133,100.0,87.48932647705078,1398.0,0.0
435,0.0,1892.0,6.875470161437988,36.99,55.8989143371582,2036.0,0.0,1367.0,30.657106399536133,100.0,87.48932647705078,1398.0,0.0
436,0.0,1892.0,6.875470161437988,36.99,55.8989143371582,2036.0,0.0,1367.0,30.657106399536133,100.0,87.48932647705078,1398.0,0.0
437,0.0,1892.0,6.875470161437988,36.99,55.8989143371582,2036.0,0.0,1367.0,30.657106399536133,100.0,87.48932647705078,1398.0,0.0
438,0.0,1892.0,6.875470161437988,36.99,55.8989143371582,2036.0,0.0,1367.0,30.657106399536133,100.0,87.48932647705078,1398.0,0.0
439,0.0,1892.0,6.309375286102295,36.99,55.84723281860352,1945.0,0.0,1367.0,30.54509735107422,100.0,88.44182586669922,1398.0,0.0
440,0.0,1892.0,6.309375286102295,36.99,55.84723281860352,1945.0,0.0,1367.0,30.54509735107422,100.0,88.44182586669922,1398.0,0.0
441,0.0,1892.0,6.309375286102295,36.99,55.84723281860352,1945.0,0.0,1367.0,30.54509735107422,100.0,88.44182586669922,1398.0,0.0
442,0.0,1892.0,6.309375286102295,36.99,55.84723281860352,1945.0,0.0,1367.0,30.54509735107422,100.0,88.44182586669922,1398.0,0.0
443,0.0,1892.0,6.309375286102295,36.99,55.84723281860352,1945.0,0.0,1367.0,30.54509735107422,100.0,88.44182586669922,1398.0,0.0
444,0.0,1892.0,6.245288372039795,36.99,55.94874954223633,1976.0,0.0,1367.0,30.716793060302734,100.0,88.59549713134766,1398.0,0.0
445,0.0,1892.0,6.245288372039795,36.99,55.94874954223633,1976.0,0.0,1367.0,30.716793060302734,100.0,88.59549713134766,1398.0,0.0
446,0.0,1892.0,6.245288372039795,36.99,55.94874954223633,1976.0,0.0,1367.0,30.716793060302734,100.0,88.59549713134766,1398.0,0.0
447,0.0,1892.0,6.245288372039795,36.99,55.94874954223633,1976.0,0.0,1367.0,30.716793060302734,100.0,88.59549713134766,1398.0,0.0
448,0.0,1892.0,6.245288372039795,36.99,55.94874954223633,1976.0,0.0,1367.0,30.716793060302734,100.0,88.59549713134766,1398.0,0.0
449,0.0,1892.0,10.4282808303833,36.99,12.156850814819336,1595.0,0.0,1367.0,30.600181579589844,100.0,88.68572235107422,1398.0,0.0
450,0.0,1892.0,10.4282808303833,36.99,12.156850814819336,1595.0,0.0,1367.0,30.600181579589844,100.0,88.68572235107422,1398.0,0.0
451,0.0,1892.0,10.4282808303833,36.99,12.156850814819336,1595.0,0.0,1367.0,30.600181579589844,100.0,88.68572235107422,1398.0,0.0
452,0.0,1892.0,10.4282808303833,36.99,12.156850814819336,1595.0,0.0,1367.0,30.600181579589844,100.0,88.68572235107422,1398.0,0.0
453,0.0,1892.0,10.4282808303833,36.99,12.156850814819336,1595.0,0.0,1367.0,30.600181579589844,100.0,88.68572235107422,1398.0,0.0
454,0.0,1892.0,23.793773651123047,36.99,92.19912719726562,1215.0,0.0,1367.0,10.449105262756348,100.0,88.69349670410156,1318.0,0.0
455,0.0,1892.0,23.793773651123047,36.99,92.19912719726562,1215.0,0.0,1367.0,10.449105262756348,100.0,88.69349670410156,1318.0,0.0
456,0.0,1892.0,23.793773651123047,36.99,92.19912719726562,1215.0,0.0,1367.0,10.449105262756348,100.0,88.69349670410156,1318.0,0.0
457,0.0,1892.0,23.793773651123047,36.99,92.19912719726562,1215.0,0.0,1367.0,10.449105262756348,100.0,88.69349670410156,1318.0,0.0
458,0.0,1892.0,23.793773651123047,36.99,92.19912719726562,1215.0,0.0,1367.0,10.449105262756348,100.0,88.69349670410156,1318.0,0.0
459,0.0,1892.0,24.211002349853516,36.99,90.7249984741211,1372.0,0.0,1367.0,0.1801736056804657,100.0,76.92293548583984,1164.0,0.0
460,0.0,1892.0,24.211002349853516,36.99,90.7249984741211,1372.0,0.0,1367.0,0.1801736056804657,100.0,76.92293548583984,1164.0,0.0
461,0.0,1892.0,24.211002349853516,36.99,90.7249984741211,1372.0,0.0,1367.0,0.1801736056804657,100.0,76.92293548583984,1164.0,0.0
462,0.0,1892.0,24.211002349853516,36.99,90.7249984741211,1372.0,0.0,1367.0,0.1801736056804657,100.0,76.92293548583984,1164.0,0.0
463,0.0,1892.0,24.211002349853516,36.99,90.7249984741211,1372.0,0.0,1367.0,0.1801736056804657,100.0,76.92293548583984,1164.0,0.0
464,0.0,1892.0,24.20278549194336,36.99,90.78480529785156,1538.0,0.0,1367.0,0.0614003799855709,100.0,76.21421813964844,444.0,0.0
465,0.0,1892.0,24.20278549194336,36.99,90.78480529785156,1538.0,0.0,1367.0,0.0614003799855709,100.0,76.21421813964844,444.0,0.0
466,0.0,1892.0,24.20278549194336,36.99,90.78480529785156,1538.0,0.0,1367.0,0.0614003799855709,100.0,76.21421813964844,444.0,0.0
467,0.0,1892.0,24.20278549194336,36.99,90.78480529785156,1538.0,0.0,1367.0,0.0614003799855709,100.0,76.21421813964844,444.0,0.0
468,0.0,1892.0,24.20278549194336,36.99,90.78480529785156,1538.0,0.0,1367.0,0.0614003799855709,100.0,76.21421813964844,444.0,0.0
469,0.0,1892.0,24.28107452392578,36.99,89.75025939941406,1580.0,0.0,1367.0,0.0927893817424774,100.0,75.531494140625,568.0,0.0
470,0.0,1892.0,24.28107452392578,36.99,89.75025939941406,1580.0,0.0,1367.0,0.0927893817424774,100.0,75.531494140625,568.0,0.0
471,0.0,1892.0,24.28107452392578,36.99,89.75025939941406,1580.0,0.0,1367.0,0.0927893817424774,100.0,75.531494140625,568.0,0.0
472,0.0,1892.0,24.28107452392578,36.99,89.75025939941406,1580.0,0.0,1367.0,0.0927893817424774,100.0,75.531494140625,568.0,0.0
473,0.0,1892.0,24.28107452392578,36.99,89.75025939941406,1580.0,0.0,1367.0,0.0927893817424774,100.0,75.531494140625,568.0,0.0
474,0.0,1892.0,16.62854766845703,36.99,88.47188568115234,1573.0,0.0,1367.0,12.007586479187012,100.0,79.90060424804688,931.0,0.0
475,0.0,1892.0,16.62854766845703,36.99,88.47188568115234,1573.0,0.0,1367.0,12.007586479187012,100.0,79.90060424804688,931.0,0.0
476,0.0,1892.0,16.62854766845703,36.99,88.47188568115234,1573.0,0.0,1367.0,12.007586479187012,100.0,79.90060424804688,931.0,0.0
477,0.0,1892.0,16.62854766845703,36.99,88.47188568115234,1573.0,0.0,1367.0,12.007586479187012,100.0,79.90060424804688,931.0,0.0
478,0.0,1892.0,16.62854766845703,36.99,88.47188568115234,1573.0,0.0,1367.0,12.007586479187012,100.0,79.90060424804688,931.0,0.0
479,0.0,1892.0,7.452671051025391,36.99,54.287841796875,1513.0,0.0,1367.0,30.472251892089844,100.0,86.05609893798828,1398.0,0.0
480,0.0,1892.0,7.452671051025391,36.99,54.287841796875,1513.0,0.0,1367.0,30.472251892089844,100.0,86.05609893798828,1398.0,0.0
481,0.0,1892.0,7.452671051025391,36.99,54.287841796875,1513.0,0.0,1367.0,30.472251892089844,100.0,86.05609893798828,1398.0,0.0
482,0.0,1892.0,7.452671051025391,36.99,54.287841796875,1513.0,0.0,1367.0,30.472251892089844,100.0,86.05609893798828,1398.0,0.0
483,0.0,1892.0,7.452671051025391,36.99,54.287841796875,1513.0,0.0,1367.0,30.472251892089844,100.0,86.05609893798828,1398.0,0.0
484,0.0,1892.0,6.093469619750977,36.99,55.12393569946289,1247.0,0.0,1367.0,29.53904914855957,100.0,86.54148864746094,1378.0,0.0
485,0.0,1892.0,6.093469619750977,36.99,55.12393569946289,1247.0,0.0,1367.0,29.53904914855957,100.0,86.54148864746094,1378.0,0.0
486,0.0,1892.0,6.093469619750977,36.99,55.12393569946289,1247.0,0.0,1367.0,29.53904914855957,100.0,86.54148864746094,1378.0,0.0
487,0.0,1892.0,6.093469619750977,36.99,55.12393569946289,1247.0,0.0,1367.0,29.53904914855957,100.0,86.54148864746094,1378.0,0.0
488,0.0,1892.0,6.093469619750977,36.99,55.12393569946289,1247.0,0.0,1367.0,29.53904914855957,100.0,86.54148864746094,1378.0,0.0
489,0.0,1892.0,5.517233848571777,36.99,54.34358596801758,1361.0,0.0,1367.0,29.84626007080078,100.0,86.55972290039062,1382.0,0.0
490,0.0,1892.0,5.517233848571777,36.99,54.34358596801758,1361.0,0.0,1367.0,29.84626007080078,100.0,86.55972290039062,1382.0,0.0
491,0.0,1892.0,5.517233848571777,36.99,54.34358596801758,1361.0,0.0,1367.0,29.84626007080078,100.0,86.55972290039062,1382.0,0.0
492,0.0,1892.0,5.517233848571777,36.99,54.34358596801758,1361.0,0.0,1367.0,29.84626007080078,100.0,86.55972290039062,1382.0,0.0
493,0.0,1892.0,5.517233848571777,36.99,54.34358596801758,1361.0,0.0,1367.0,29.84626007080078,100.0,86.55972290039062,1382.0,0.0
494,0.0,1892.0,5.62965202331543,36.99,54.4474983215332,1380.0,0.0,1367.0,29.890111923217773,100.0,86.62583923339844,1384.0,0.0
495,0.0,1892.0,5.62965202331543,36.99,54.4474983215332,1380.0,0.0,1367.0,29.890111923217773,100.0,86.62583923339844,1384.0,0.0
496,0.0,1892.0,5.62965202331543,36.99,54.4474983215332,1380.0,0.0,1367.0,29.890111923217773,100.0,86.62583923339844,1384.0,0.0
497,0.0,1892.0,5.62965202331543,36.99,54.4474983215332,1380.0,0.0,1367.0,29.890111923217773,100.0,86.62583923339844,1384.0,0.0
498,0.0,1892.0,5.62965202331543,36.99,54.4474983215332,1380.0,0.0,1367.0,29.890111923217773,100.0,86.62583923339844,1384.0,0.0
499,0.0,1892.0,5.62965202331543,36.99,54.4474983215332,1380.0,0.0,1367.0,29.890111923217773,100.0,86.62583923339844,1384.0,0.0
500,0.0,1892.0,15.239669799804688,36.99,55.46553421020508,1373.0,0.0,1367.0,29.21083068847656,100.0,86.59626770019531,1384.0,0.0
501,0.0,1892.0,15.239669799804688,36.99,55.46553421020508,1373.0,0.0,1367.0,29.21083068847656,100.0,86.59626770019531,1384.0,0.0
502,0.0,1892.0,15.239669799804688,36.99,55.46553421020508,1373.0,0.0,1367.0,29.21083068847656,100.0,86.59626770019531,1384.0,0.0
503,0.0,1892.0,15.239669799804688,36.99,55.46553421020508,1373.0,0.0,1367.0,29.21083068847656,100.0,86.59626770019531,1384.0,0.0
504,0.0,1892.0,15.239669799804688,36.99,55.46553421020508,1373.0,0.0,1367.0,29.21083068847656,100.0,86.59626770019531,1384.0,0.0
505,0.0,1892.0,22.486705780029297,36.99,89.26248168945312,2290.0,0.0,1367.0,0.661015510559082,100.0,84.72865295410156,991.0,0.0
506,0.0,1892.0,22.486705780029297,36.99,89.26248168945312,2290.0,0.0,1367.0,0.661015510559082,100.0,84.72865295410156,991.0,0.0
507,0.0,1892.0,22.486705780029297,36.99,89.26248168945312,2290.0,0.0,1367.0,0.661015510559082,100.0,84.72865295410156,991.0,0.0
508,0.0,1892.0,22.486705780029297,36.99,89.26248168945312,2290.0,0.0,1367.0,0.661015510559082,100.0,84.72865295410156,991.0,0.0
509,0.0,1892.0,22.486705780029297,36.99,89.26248168945312,2290.0,0.0,1367.0,0.661015510559082,100.0,84.72865295410156,991.0,0.0
510,0.0,1892.0,27.905595779418945,36.99,90.3646011352539,2423.0,0.0,1367.0,0.6105271577835083,100.0,76.09681701660156,646.0,0.0
511,0.0,1892.0,27.905595779418945,36.99,90.3646011352539,2423.0,0.0,1367.0,0.6105271577835083,100.0,76.09681701660156,646.0,0.0
512,0.0,1892.0,27.905595779418945,36.99,90.3646011352539,2423.0,0.0,1367.0,0.6105271577835083,100.0,76.09681701660156,646.0,0.0
513,0.0,1892.0,27.905595779418945,36.99,90.3646011352539,2423.0,0.0,1367.0,0.6105271577835083,100.0,76.09681701660156,646.0,0.0
514,0.0,1892.0,27.905595779418945,36.99,90.3646011352539,2423.0,0.0,1367.0,0.6105271577835083,100.0,76.09681701660156,646.0,0.0
515,0.0,1892.0,29.96720314025879,36.99,91.1593246459961,2424.0,0.0,1367.0,0.1434095799922943,100.0,75.44049072265625,444.0,0.0
516,0.0,1892.0,29.96720314025879,36.99,91.1593246459961,2424.0,0.0,1367.0,0.1434095799922943,100.0,75.44049072265625,444.0,0.0
517,0.0,1892.0,29.96720314025879,36.99,91.1593246459961,2424.0,0.0,1367.0,0.1434095799922943,100.0,75.44049072265625,444.0,0.0
518,0.0,1892.0,29.96720314025879,36.99,91.1593246459961,2424.0,0.0,1367.0,0.1434095799922943,100.0,75.44049072265625,444.0,0.0
519,0.0,1892.0,29.96720314025879,36.99,91.1593246459961,2424.0,0.0,1367.0,0.1434095799922943,100.0,75.44049072265625,444.0,0.0
520,0.0,1892.0,29.523494720458984,36.99,91.24518585205078,2424.0,0.0,1367.0,0.1639067381620407,100.0,75.21115112304688,516.0,0.0
521,0.0,1892.0,29.523494720458984,36.99,91.24518585205078,2424.0,0.0,1367.0,0.1639067381620407,100.0,75.21115112304688,516.0,0.0
522,0.0,1892.0,29.523494720458984,36.99,91.24518585205078,2424.0,0.0,1367.0,0.1639067381620407,100.0,75.21115112304688,516.0,0.0
523,0.0,1892.0,29.523494720458984,36.99,91.24518585205078,2424.0,0.0,1367.0,0.1639067381620407,100.0,75.21115112304688,516.0,0.0
524,0.0,1892.0,29.523494720458984,36.99,91.24518585205078,2424.0,0.0,1367.0,0.1639067381620407,100.0,75.21115112304688,516.0,0.0
525,0.0,1892.0,26.144960403442383,36.99,91.13235473632812,2424.0,0.0,1367.0,22.308168411254883,100.0,77.39769744873047,1203.0,0.0
526,0.0,1892.0,26.144960403442383,36.99,91.13235473632812,2424.0,0.0,1367.0,22.308168411254883,100.0,77.39769744873047,1203.0,0.0
527,0.0,1892.0,26.144960403442383,36.99,91.13235473632812,2424.0,0.0,1367.0,22.308168411254883,100.0,77.39769744873047,1203.0,0.0
528,0.0,1892.0,26.144960403442383,36.99,91.13235473632812,2424.0,0.0,1367.0,22.308168411254883,100.0,77.39769744873047,1203.0,0.0
529,0.0,1892.0,26.144960403442383,36.99,91.13235473632812,2424.0,0.0,1367.0,22.308168411254883,100.0,77.39769744873047,1203.0,0.0
530,0.0,1892.0,21.099824905395508,36.99,91.35234832763672,2424.0,0.0,1367.0,24.635223388671875,100.0,85.93745422363281,1270.0,0.0
531,0.0,1892.0,21.099824905395508,36.99,91.35234832763672,2424.0,0.0,1367.0,24.635223388671875,100.0,85.93745422363281,1270.0,0.0
532,0.0,1892.0,21.099824905395508,36.99,91.35234832763672,2424.0,0.0,1367.0,24.635223388671875,100.0,85.93745422363281,1270.0,0.0
533,0.0,1892.0,21.099824905395508,36.99,91.35234832763672,2424.0,0.0,1367.0,24.635223388671875,100.0,85.93745422363281,1270.0,0.0
534,0.0,1892.0,21.099824905395508,36.99,91.35234832763672,2424.0,0.0,1367.0,24.635223388671875,100.0,85.93745422363281,1270.0,0.0
535,0.0,1892.0,17.166776657104492,36.99,88.64157104492188,2424.0,0.0,1367.0,19.028902053833008,100.0,84.06037139892578,1116.0,0.0
536,0.0,1892.0,17.166776657104492,36.99,88.64157104492188,2424.0,0.0,1367.0,19.028902053833008,100.0,84.06037139892578,1116.0,0.0
537,0.0,1892.0,17.166776657104492,36.99,88.64157104492188,2424.0,0.0,1367.0,19.028902053833008,100.0,84.06037139892578,1116.0,0.0
538,0.0,1892.0,17.166776657104492,36.99,88.64157104492188,2424.0,0.0,1367.0,19.028902053833008,100.0,84.06037139892578,1116.0,0.0
539,0.0,1892.0,17.166776657104492,36.99,88.64157104492188,2424.0,0.0,1367.0,19.028902053833008,100.0,84.06037139892578,1116.0,0.0
540,0.0,1892.0,17.166776657104492,36.99,88.64157104492188,2424.0,0.0,1367.0,19.028902053833008,100.0,84.06037139892578,1116.0,0.0
541,0.0,1892.0,16.64530372619629,36.99,86.22137451171875,2424.0,0.0,1367.0,16.526775360107422,100.0,82.01663208007812,1038.0,0.0
542,0.0,1892.0,16.64530372619629,36.99,86.22137451171875,2424.0,0.0,1367.0,16.526775360107422,100.0,82.01663208007812,1038.0,0.0
543,0.0,1892.0,16.64530372619629,36.99,86.22137451171875,2424.0,0.0,1367.0,16.526775360107422,100.0,82.01663208007812,1038.0,0.0
544,0.0,1892.0,16.64530372619629,36.99,86.22137451171875,2424.0,0.0,1367.0,16.526775360107422,100.0,82.01663208007812,1038.0,0.0
545,0.0,1892.0,16.64530372619629,36.99,86.22137451171875,2424.0,0.0,1367.0,16.526775360107422,100.0,82.01663208007812,1038.0,0.0
546,0.0,1892.0,15.470739364624023,36.99,85.5802230834961,2424.0,0.0,1367.0,15.372018814086914,100.0,81.01915740966797,1002.0,0.0
547,0.0,1892.0,15.470739364624023,36.99,85.5802230834961,2424.0,0.0,1367.0,15.372018814086914,100.0,81.01915740966797,1002.0,0.0
548,0.0,1892.0,15.470739364624023,36.99,85.5802230834961,2424.0,0.0,1367.0,15.372018814086914,100.0,81.01915740966797,1002.0,0.0
549,0.0,1892.0,15.470739364624023,36.99,85.5802230834961,2424.0,0.0,1367.0,15.372018814086914,100.0,81.01915740966797,1002.0,0.0
550,0.0,1892.0,15.470739364624023,36.99,85.5802230834961,2424.0,0.0,1367.0,15.372018814086914,100.0,81.01915740966797,1002.0,0.0
551,0.0,1892.0,16.50945472717285,36.99,84.87298583984375,2424.0,0.0,1367.0,13.06690502166748,100.0,80.37985229492188,1025.0,0.0
552,0.0,1892.0,16.50945472717285,36.99,84.87298583984375,2424.0,0.0,1367.0,13.06690502166748,100.0,80.37985229492188,1025.0,0.0
553,0.0,1892.0,16.50945472717285,36.99,84.87298583984375,2424.0,0.0,1367.0,13.06690502166748,100.0,80.37985229492188,1025.0,0.0
554,0.0,1892.0,16.50945472717285,36.99,84.87298583984375,2424.0,0.0,1367.0,13.06690502166748,100.0,80.37985229492188,1025.0,0.0
555,0.0,1892.0,16.50945472717285,36.99,84.87298583984375,2424.0,0.0,1367.0,13.06690502166748,100.0,80.37985229492188,1025.0,0.0
556,0.0,1892.0,17.687198638916016,36.99,83.6120834350586,2424.0,0.0,1367.0,0.3726642727851867,100.0,80.09227752685547,1050.0,0.0
557,0.0,1892.0,17.687198638916016,36.99,83.6120834350586,2424.0,0.0,1367.0,0.3726642727851867,100.0,80.09227752685547,1050.0,0.0
558,0.0,1892.0,17.687198638916016,36.99,83.6120834350586,2424.0,0.0,1367.0,0.3726642727851867,100.0,80.09227752685547,1050.0,0.0
559,0.0,1892.0,17.687198638916016,36.99,83.6120834350586,2424.0,0.0,1367.0,0.3726642727851867,100.0,80.09227752685547,1050.0,0.0
560,0.0,1892.0,17.687198638916016,36.99,83.6120834350586,2424.0,0.0,1367.0,0.3726642727851867,100.0,80.09227752685547,1050.0,0.0
561,0.0,1892.0,24.004608154296875,36.99,82.68600463867188,2191.0,0.0,1367.0,0.1500523090362548,100.0,73.55138397216797,609.0,0.0
562,0.0,1892.0,24.004608154296875,36.99,82.68600463867188,2191.0,0.0,1367.0,0.1500523090362548,100.0,73.55138397216797,609.0,0.0
563,0.0,1892.0,24.004608154296875,36.99,82.68600463867188,2191.0,0.0,1367.0,0.1500523090362548,100.0,73.55138397216797,609.0,0.0
564,0.0,1892.0,24.004608154296875,36.99,82.68600463867188,2191.0,0.0,1367.0,0.1500523090362548,100.0,73.55138397216797,609.0,0.0
565,0.0,1892.0,24.004608154296875,36.99,82.68600463867188,2191.0,0.0,1367.0,0.1500523090362548,100.0,73.55138397216797,609.0,0.0
566,0.0,1892.0,25.492494583129883,36.99,87.2026596069336,1783.0,0.0,1367.0,0.1511868685483932,100.0,72.41474151611328,539.0,0.0
567,0.0,1892.0,25.492494583129883,36.99,87.2026596069336,1783.0,0.0,1367.0,0.1511868685483932,100.0,72.41474151611328,539.0,0.0
568,0.0,1892.0,25.492494583129883,36.99,87.2026596069336,1783.0,0.0,1367.0,0.1511868685483932,100.0,72.41474151611328,539.0,0.0
569,0.0,1892.0,25.492494583129883,36.99,87.2026596069336,1783.0,0.0,1367.0,0.1511868685483932,100.0,72.41474151611328,539.0,0.0
570,0.0,1892.0,25.492494583129883,36.99,87.2026596069336,1783.0,0.0,1367.0,0.1511868685483932,100.0,72.41474151611328,539.0,0.0
571,0.0,1892.0,22.74016571044922,36.99,86.1248779296875,1899.0,0.0,1367.0,4.550909519195557,100.0,75.25190734863281,729.0,0.0
572,0.0,1892.0,22.74016571044922,36.99,86.1248779296875,1899.0,0.0,1367.0,4.550909519195557,100.0,75.25190734863281,729.0,0.0
573,0.0,1892.0,22.74016571044922,36.99,86.1248779296875,1899.0,0.0,1367.0,4.550909519195557,100.0,75.25190734863281,729.0,0.0
574,0.0,1892.0,22.74016571044922,36.99,86.1248779296875,1899.0,0.0,1367.0,4.550909519195557,100.0,75.25190734863281,729.0,0.0
575,0.0,1892.0,22.74016571044922,36.99,86.1248779296875,1899.0,0.0,1367.0,4.550909519195557,100.0,75.25190734863281,729.0,0.0
576,0.0,1892.0,16.10503387451172,36.99,84.28338623046875,2121.0,0.0,1367.0,28.715030670166016,100.0,82.6567153930664,1375.0,0.0
577,0.0,1892.0,16.10503387451172,36.99,84.28338623046875,2121.0,0.0,1367.0,28.715030670166016,100.0,82.6567153930664,1375.0,0.0
578,0.0,1892.0,16.10503387451172,36.99,84.28338623046875,2121.0,0.0,1367.0,28.715030670166016,100.0,82.6567153930664,1375.0,0.0
579,0.0,1892.0,16.10503387451172,36.99,84.28338623046875,2121.0,0.0,1367.0,28.715030670166016,100.0,82.6567153930664,1375.0,0.0
580,0.0,1892.0,16.10503387451172,36.99,84.28338623046875,2121.0,0.0,1367.0,28.715030670166016,100.0,82.6567153930664,1375.0,0.0
581,0.0,1892.0,14.435673713684082,36.99,85.07547760009766,1879.0,0.0,1367.0,24.94316864013672,100.0,81.8248062133789,1287.0,0.0
582,0.0,1892.0,14.435673713684082,36.99,85.07547760009766,1879.0,0.0,1367.0,24.94316864013672,100.0,81.8248062133789,1287.0,0.0
583,0.0,1892.0,14.435673713684082,36.99,85.07547760009766,1879.0,0.0,1367.0,24.94316864013672,100.0,81.8248062133789,1287.0,0.0
584,0.0,1892.0,14.435673713684082,36.99,85.07547760009766,1879.0,0.0,1367.0,24.94316864013672,100.0,81.8248062133789,1287.0,0.0
585,0.0,1892.0,14.435673713684082,36.99,85.07547760009766,1879.0,0.0,1367.0,24.94316864013672,100.0,81.8248062133789,1287.0,0.0
586,0.0,1892.0,8.064226150512695,36.99,53.16463851928711,2140.0,0.0,1367.0,26.35324478149414,100.0,81.97705078125,1311.0,0.0
587,0.0,1892.0,8.064226150512695,36.99,53.16463851928711,2140.0,0.0,1367.0,26.35324478149414,100.0,81.97705078125,1311.0,0.0
588,0.0,1892.0,8.064226150512695,36.99,53.16463851928711,2140.0,0.0,1367.0,26.35324478149414,100.0,81.97705078125,1311.0,0.0
589,0.0,1892.0,8.064226150512695,36.99,53.16463851928711,2140.0,0.0,1367.0,26.35324478149414,100.0,81.97705078125,1311.0,0.0
590,0.0,1892.0,8.064226150512695,36.99,53.16463851928711,2140.0,0.0,1367.0,26.35324478149414,100.0,81.97705078125,1311.0,0.0
591,0.0,1892.0,8.064226150512695,36.99,53.16463851928711,2140.0,0.0,1367.0,26.35324478149414,100.0,81.97705078125,1311.0,0.0
592,0.0,1892.0,8.237062454223633,36.99,80.13370513916016,2243.0,0.0,1367.0,24.6419677734375,100.0,81.40311431884766,1271.0,0.0
593,0.0,1892.0,8.237062454223633,36.99,80.13370513916016,2243.0,0.0,1367.0,24.6419677734375,100.0,81.40311431884766,1271.0,0.0
594,0.0,1892.0,8.237062454223633,36.99,80.13370513916016,2243.0,0.0,1367.0,24.6419677734375,100.0,81.40311431884766,1271.0,0.0
595,0.0,1892.0,8.237062454223633,36.99,80.13370513916016,2243.0,0.0,1367.0,24.6419677734375,100.0,81.40311431884766,1271.0,0.0
596,0.0,1892.0,8.237062454223633,36.99,80.13370513916016,2243.0,0.0,1367.0,24.6419677734375,100.0,81.40311431884766,1271.0,0.0
597,0.0,1892.0,10.900739669799805,36.99,79.42585754394531,2301.0,0.0,1367.0,22.574970245361328,100.0,80.35933685302734,1220.0,0.0
598,0.0,1892.0,10.900739669799805,36.99,79.42585754394531,2301.0,0.0,1367.0,22.574970245361328,100.0,80.35933685302734,1220.0,0.0
599,0.0,1892.0,10.900739669799805,36.99,79.42585754394531,2301.0,0.0,1367.0,22.574970245361328,100.0,80.35933685302734,1220.0,0.0
600,0.0,1892.0,10.900739669799805,36.99,79.42585754394531,2301.0,0.0,1367.0,22.574970245361328,100.0,80.35933685302734,1220.0,0.0
601,0.0,1892.0,10.900739669799805,36.99,79.42585754394531,2301.0,0.0,1367.0,22.574970245361328,100.0,80.35933685302734,1220.0,0.0
602,0.0,1892.0,13.33647632598877,36.99,80.44839477539062,2276.0,0.0,1367.0,6.497278690338135,100.0,78.11679077148438,930.0,0.0
603,0.0,1892.0,13.33647632598877,36.99,80.44839477539062,2276.0,0.0,1367.0,6.497278690338135,100.0,78.11679077148438,930.0,0.0
604,0.0,1892.0,13.33647632598877,36.99,80.44839477539062,2276.0,0.0,1367.0,6.497278690338135,100.0,78.11679077148438,930.0,0.0
605,0.0,1892.0,13.33647632598877,36.99,80.44839477539062,2276.0,0.0,1367.0,6.497278690338135,100.0,78.11679077148438,930.0,0.0
606,0.0,1892.0,13.33647632598877,36.99,80.44839477539062,2276.0,0.0,1367.0,6.497278690338135,100.0,78.11679077148438,930.0,0.0
607,0.0,1892.0,21.337583541870117,36.99,81.49085998535156,2175.0,0.0,1367.0,0.2939840257167816,100.0,70.95171356201172,444.0,0.0
608,0.0,1892.0,21.337583541870117,36.99,81.49085998535156,2175.0,0.0,1367.0,0.2939840257167816,100.0,70.95171356201172,444.0,0.0
609,0.0,1892.0,21.337583541870117,36.99,81.49085998535156,2175.0,0.0,1367.0,0.2939840257167816,100.0,70.95171356201172,444.0,0.0
610,0.0,1892.0,21.337583541870117,36.99,81.49085998535156,2175.0,0.0,1367.0,0.2939840257167816,100.0,70.95171356201172,444.0,0.0
611,0.0,1892.0,21.337583541870117,36.99,81.49085998535156,2175.0,0.0,1367.0,0.2939840257167816,100.0,70.95171356201172,444.0,0.0
612,0.0,1892.0,25.310047149658203,36.99,85.11753845214844,2306.0,0.0,1367.0,0.3196866512298584,100.0,70.67625427246094,444.0,0.0
613,0.0,1892.0,25.310047149658203,36.99,85.11753845214844,2306.0,0.0,1367.0,0.3196866512298584,100.0,70.67625427246094,444.0,0.0
614,0.0,1892.0,25.310047149658203,36.99,85.11753845214844,2306.0,0.0,1367.0,0.3196866512298584,100.0,70.67625427246094,444.0,0.0
615,0.0,1892.0,25.310047149658203,36.99,85.11753845214844,2306.0,0.0,1367.0,0.3196866512298584,100.0,70.67625427246094,444.0,0.0
616,0.0,1892.0,25.310047149658203,36.99,85.11753845214844,2306.0,0.0,1367.0,0.3196866512298584,100.0,70.67625427246094,444.0,0.0
617,0.0,1892.0,25.25624084472656,36.99,84.9142837524414,2174.0,0.0,1367.0,0.315072238445282,100.0,70.41059875488281,444.0,0.0
618,0.0,1892.0,25.25624084472656,36.99,84.9142837524414,2174.0,0.0,1367.0,0.315072238445282,100.0,70.41059875488281,444.0,0.0
619,0.0,1892.0,25.25624084472656,36.99,84.9142837524414,2174.0,0.0,1367.0,0.315072238445282,100.0,70.41059875488281,444.0,0.0
620,0.0,1892.0,25.25624084472656,36.99,84.9142837524414,2174.0,0.0,1367.0,0.315072238445282,100.0,70.41059875488281,444.0,0.0
621,0.0,1892.0,25.25624084472656,36.99,84.9142837524414,2174.0,0.0,1367.0,0.315072238445282,100.0,70.41059875488281,444.0,0.0
622,0.0,1892.0,17.34107208251953,36.99,84.21379852294922,2319.0,0.0,1367.0,15.88992691040039,100.0,71.37556457519531,975.0,0.0
623,0.0,1892.0,17.34107208251953,36.99,84.21379852294922,2319.0,0.0,1367.0,15.88992691040039,100.0,71.37556457519531,975.0,0.0
624,0.0,1892.0,17.34107208251953,36.99,84.21379852294922,2319.0,0.0,1367.0,15.88992691040039,100.0,71.37556457519531,975.0,0.0
625,0.0,1892.0,17.34107208251953,36.99,84.21379852294922,2319.0,0.0,1367.0,15.88992691040039,100.0,71.37556457519531,975.0,0.0
626,0.0,1892.0,17.34107208251953,36.99,84.21379852294922,2319.0,0.0,1367.0,15.88992691040039,100.0,71.37556457519531,975.0,0.0
627,0.0,1892.0,11.221295356750488,36.99,52.61970520019531,2284.0,0.0,1367.0,29.16728973388672,100.0,80.49247741699219,1375.0,0.0
628,0.0,1892.0,11.221295356750488,36.99,52.61970520019531,2284.0,0.0,1367.0,29.16728973388672,100.0,80.49247741699219,1375.0,0.0
629,0.0,1892.0,11.221295356750488,36.99,52.61970520019531,2284.0,0.0,1367.0,29.16728973388672,100.0,80.49247741699219,1375.0,0.0
630,0.0,1892.0,11.221295356750488,36.99,52.61970520019531,2284.0,0.0,1367.0,29.16728973388672,100.0,80.49247741699219,1375.0,0.0
631,0.0,1892.0,11.221295356750488,36.99,52.61970520019531,2284.0,0.0,1367.0,29.16728973388672,100.0,80.49247741699219,1375.0,0.0
632,0.0,1892.0,10.827083587646484,36.99,53.68232727050781,2209.0,0.0,1367.0,26.040447235107425,100.0,80.80751037597656,1305.0,0.0
633,0.0,1892.0,10.827083587646484,36.99,53.68232727050781,2209.0,0.0,1367.0,26.040447235107425,100.0,80.80751037597656,1305.0,0.0
634,0.0,1892.0,10.827083587646484,36.99,53.68232727050781,2209.0,0.0,1367.0,26.040447235107425,100.0,80.80751037597656,1305.0,0.0
635,0.0,1892.0,10.827083587646484,36.99,53.68232727050781,2209.0,0.0,1367.0,26.040447235107425,100.0,80.80751037597656,1305.0,0.0
636,0.0,1892.0,10.827083587646484,36.99,53.68232727050781,2209.0,0.0,1367.0,26.040447235107425,100.0,80.80751037597656,1305.0,0.0
637,0.0,1892.0,6.538637161254883,36.99,78.31145477294922,2313.0,0.0,1367.0,22.127038955688477,100.0,79.02454376220703,1204.0,0.0
638,0.0,1892.0,6.538637161254883,36.99,78.31145477294922,2313.0,0.0,1367.0,22.127038955688477,100.0,79.02454376220703,1204.0,0.0
639,0.0,1892.0,6.538637161254883,36.99,78.31145477294922,2313.0,0.0,1367.0,22.127038955688477,100.0,79.02454376220703,1204.0,0.0
640,0.0,1892.0,6.538637161254883,36.99,78.31145477294922,2313.0,0.0,1367.0,22.127038955688477,100.0,79.02454376220703,1204.0,0.0
641,0.0,1892.0,6.538637161254883,36.99,78.31145477294922,2313.0,0.0,1367.0,22.127038955688477,100.0,79.02454376220703,1204.0,0.0
642,0.0,1892.0,6.538637161254883,36.99,78.31145477294922,2313.0,0.0,1367.0,22.127038955688477,100.0,79.02454376220703,1204.0,0.0
643,0.0,1892.0,6.564216613769531,36.99,50.686920166015625,2269.0,0.0,1367.0,20.594436645507812,100.0,77.56334686279297,1167.0,0.0
644,0.0,1892.0,6.564216613769531,36.99,50.686920166015625,2269.0,0.0,1367.0,20.594436645507812,100.0,77.56334686279297,1167.0,0.0
645,0.0,1892.0,6.564216613769531,36.99,50.686920166015625,2269.0,0.0,1367.0,20.594436645507812,100.0,77.56334686279297,1167.0,0.0
646,0.0,1892.0,6.564216613769531,36.99,50.686920166015625,2269.0,0.0,1367.0,20.594436645507812,100.0,77.56334686279297,1167.0,0.0
647,0.0,1892.0,6.564216613769531,36.99,50.686920166015625,2269.0,0.0,1367.0,20.594436645507812,100.0,77.56334686279297,1167.0,0.0
648,0.0,1892.0,12.942333221435549,36.99,50.93364334106445,2297.0,0.0,1367.0,18.580219268798828,100.0,76.79340362548828,1140.0,0.0
649,0.0,1892.0,12.942333221435549,36.99,50.93364334106445,2297.0,0.0,1367.0,18.580219268798828,100.0,76.79340362548828,1140.0,0.0
650,0.0,1892.0,12.942333221435549,36.99,50.93364334106445,2297.0,0.0,1367.0,18.580219268798828,100.0,76.79340362548828,1140.0,0.0
651,0.0,1892.0,12.942333221435549,36.99,50.93364334106445,2297.0,0.0,1367.0,18.580219268798828,100.0,76.79340362548828,1140.0,0.0
652,0.0,1892.0,12.942333221435549,36.99,50.93364334106445,2297.0,0.0,1367.0,18.580219268798828,100.0,76.79340362548828,1140.0,0.0
653,0.0,1892.0,14.111495971679688,36.99,77.82281494140625,2239.0,0.0,1367.0,0.3367000520229339,100.0,75.29241180419922,648.0,0.0
654,0.0,1892.0,14.111495971679688,36.99,77.82281494140625,2239.0,0.0,1367.0,0.3367000520229339,100.0,75.29241180419922,648.0,0.0
655,0.0,1892.0,14.111495971679688,36.99,77.82281494140625,2239.0,0.0,1367.0,0.3367000520229339,100.0,75.29241180419922,648.0,0.0
656,0.0,1892.0,14.111495971679688,36.99,77.82281494140625,2239.0,0.0,1367.0,0.3367000520229339,100.0,75.29241180419922,648.0,0.0
657,0.0,1892.0,14.111495971679688,36.99,77.82281494140625,2239.0,0.0,1367.0,0.3367000520229339,100.0,75.29241180419922,648.0,0.0
658,0.0,1892.0,21.77745819091797,36.99,77.56271362304688,2205.0,0.0,1367.0,0.3055872917175293,100.0,68.56146240234375,444.0,0.0
659,0.0,1892.0,21.77745819091797,36.99,77.56271362304688,2205.0,0.0,1367.0,0.3055872917175293,100.0,68.56146240234375,444.0,0.0
660,0.0,1892.0,21.77745819091797,36.99,77.56271362304688,2205.0,0.0,1367.0,0.3055872917175293,100.0,68.56146240234375,444.0,0.0
661,0.0,1892.0,21.77745819091797,36.99,77.56271362304688,2205.0,0.0,1367.0,0.3055872917175293,100.0,68.56146240234375,444.0,0.0
662,0.0,1892.0,21.77745819091797,36.99,77.56271362304688,2205.0,0.0,1367.0,0.3055872917175293,100.0,68.56146240234375,444.0,0.0
663,0.0,1892.0,25.229320526123047,36.99,81.70515441894531,2211.0,0.0,1367.0,0.3157508969306946,100.0,68.28662872314453,444.0,0.0
664,0.0,1892.0,25.229320526123047,36.99,81.70515441894531,2211.0,0.0,1367.0,0.3157508969306946,100.0,68.28662872314453,444.0,0.0
665,0.0,1892.0,25.229320526123047,36.99,81.70515441894531,2211.0,0.0,1367.0,0.3157508969306946,100.0,68.28662872314453,444.0,0.0
666,0.0,1892.0,25.229320526123047,36.99,81.70515441894531,2211.0,0.0,1367.0,0.3157508969306946,100.0,68.28662872314453,444.0,0.0
667,0.0,1892.0,25.229320526123047,36.99,81.70515441894531,2211.0,0.0,1367.0,0.3157508969306946,100.0,68.28662872314453,444.0,0.0
668,0.0,1892.0,25.037105560302734,36.99,82.5702133178711,2153.0,0.0,1367.0,0.2846490144729614,100.0,68.15522766113281,444.0,0.0
669,0.0,1892.0,25.037105560302734,36.99,82.5702133178711,2153.0,0.0,1367.0,0.2846490144729614,100.0,68.15522766113281,444.0,0.0
670,0.0,1892.0,25.037105560302734,36.99,82.5702133178711,2153.0,0.0,1367.0,0.2846490144729614,100.0,68.15522766113281,444.0,0.0
671,0.0,1892.0,25.037105560302734,36.99,82.5702133178711,2153.0,0.0,1367.0,0.2846490144729614,100.0,68.15522766113281,444.0,0.0
672,0.0,1892.0,25.037105560302734,36.99,82.5702133178711,2153.0,0.0,1367.0,0.2846490144729614,100.0,68.15522766113281,444.0,0.0
673,0.0,1892.0,11.436233520507812,36.99,81.87031555175781,2316.0,0.0,1367.0,26.33827781677246,100.0,69.05891418457031,1311.0,0.0
674,0.0,1892.0,11.436233520507812,36.99,81.87031555175781,2316.0,0.0,1367.0,26.33827781677246,100.0,69.05891418457031,1311.0,0.0
675,0.0,1892.0,11.436233520507812,36.99,81.87031555175781,2316.0,0.0,1367.0,26.33827781677246,100.0,69.05891418457031,1311.0,0.0
676,0.0,1892.0,11.436233520507812,36.99,81.87031555175781,2316.0,0.0,1367.0,26.33827781677246,100.0,69.05891418457031,1311.0,0.0
677,0.0,1892.0,11.436233520507812,36.99,81.87031555175781,2316.0,0.0,1367.0,26.33827781677246,100.0,69.05891418457031,1311.0,0.0
678,0.0,1892.0,8.506495475769043,36.99,76.8534164428711,2315.0,0.0,1367.0,26.47942543029785,100.0,78.03138732910156,1314.0,0.0
679,0.0,1892.0,8.506495475769043,36.99,76.8534164428711,2315.0,0.0,1367.0,26.47942543029785,100.0,78.03138732910156,1314.0,0.0
680,0.0,1892.0,8.506495475769043,36.99,76.8534164428711,2315.0,0.0,1367.0,26.47942543029785,100.0,78.03138732910156,1314.0,0.0
681,0.0,1892.0,8.506495475769043,36.99,76.8534164428711,2315.0,0.0,1367.0,26.47942543029785,100.0,78.03138732910156,1314.0,0.0
682,0.0,1892.0,8.506495475769043,36.99,76.8534164428711,2315.0,0.0,1367.0,26.47942543029785,100.0,78.03138732910156,1314.0,0.0
683,0.0,1892.0,6.537395477294922,36.99,50.637054443359375,2232.0,0.0,1367.0,22.13509750366211,100.0,77.47059631347656,1210.0,0.0
684,0.0,1892.0,6.537395477294922,36.99,50.637054443359375,2232.0,0.0,1367.0,22.13509750366211,100.0,77.47059631347656,1210.0,0.0
685,0.0,1892.0,6.537395477294922,36.99,50.637054443359375,2232.0,0.0,1367.0,22.13509750366211,100.0,77.47059631347656,1210.0,0.0
686,0.0,1892.0,6.537395477294922,36.99,50.637054443359375,2232.0,0.0,1367.0,22.13509750366211,100.0,77.47059631347656,1210.0,0.0
687,0.0,1892.0,6.537395477294922,36.99,50.637054443359375,2232.0,0.0,1367.0,22.13509750366211,100.0,77.47059631347656,1210.0,0.0
688,0.0,1892.0,6.381040573120117,36.99,49.32698440551758,2240.0,0.0,1367.0,19.73845672607422,100.0,75.75495910644531,1142.0,0.0
689,0.0,1892.0,6.381040573120117,36.99,49.32698440551758,2240.0,0.0,1367.0,19.73845672607422,100.0,75.75495910644531,1142.0,0.0
690,0.0,1892.0,6.381040573120117,36.99,49.32698440551758,2240.0,0.0,1367.0,19.73845672607422,100.0,75.75495910644531,1142.0,0.0
691,0.0,1892.0,6.381040573120117,36.99,49.32698440551758,2240.0,0.0,1367.0,19.73845672607422,100.0,75.75495910644531,1142.0,0.0
692,0.0,1892.0,6.381040573120117,36.99,49.32698440551758,2240.0,0.0,1367.0,19.73845672607422,100.0,75.75495910644531,1142.0,0.0
693,0.0,1892.0,6.381040573120117,36.99,49.32698440551758,2240.0,0.0,1367.0,19.73845672607422,100.0,75.75495910644531,1142.0,0.0
694,0.0,1892.0,7.904385566711426,36.99,49.77200698852539,2139.0,0.0,1367.0,18.847064971923828,100.0,73.84497833251953,1112.0,0.0
695,0.0,1892.0,7.904385566711426,36.99,49.77200698852539,2139.0,0.0,1367.0,18.847064971923828,100.0,73.84497833251953,1112.0,0.0
696,0.0,1892.0,7.904385566711426,36.99,49.77200698852539,2139.0,0.0,1367.0,18.847064971923828,100.0,73.84497833251953,1112.0,0.0
697,0.0,1892.0,7.904385566711426,36.99,49.77200698852539,2139.0,0.0,1367.0,18.847064971923828,100.0,73.84497833251953,1112.0,0.0
698,0.0,1892.0,7.904385566711426,36.99,49.77200698852539,2139.0,0.0,1367.0,18.847064971923828,100.0,73.84497833251953,1112.0,0.0
699,0.0,1892.0,12.842575073242188,36.99,75.71340942382812,2148.0,0.0,1367.0,10.31886386871338,100.0,72.47897338867188,1047.0,0.0
700,0.0,1892.0,12.842575073242188,36.99,75.71340942382812,2148.0,0.0,1367.0,10.31886386871338,100.0,72.47897338867188,1047.0,0.0
701,0.0,1892.0,12.842575073242188,36.99,75.71340942382812,2148.0,0.0,1367.0,10.31886386871338,100.0,72.47897338867188,1047.0,0.0
702,0.0,1892.0,12.842575073242188,36.99,75.71340942382812,2148.0,0.0,1367.0,10.31886386871338,100.0,72.47897338867188,1047.0,0.0
703,0.0,1892.0,12.842575073242188,36.99,75.71340942382812,2148.0,0.0,1367.0,10.31886386871338,100.0,72.47897338867188,1047.0,0.0
704,0.0,1892.0,15.2323579788208,36.99,74.14403533935547,2009.0,0.0,1367.0,0.2949568033218384,100.0,66.3437271118164,444.0,0.0
705,0.0,1892.0,15.2323579788208,36.99,74.14403533935547,2009.0,0.0,1367.0,0.2949568033218384,100.0,66.3437271118164,444.0,0.0
706,0.0,1892.0,15.2323579788208,36.99,74.14403533935547,2009.0,0.0,1367.0,0.2949568033218384,100.0,66.3437271118164,444.0,0.0
707,0.0,1892.0,15.2323579788208,36.99,74.14403533935547,2009.0,0.0,1367.0,0.2949568033218384,100.0,66.3437271118164,444.0,0.0
708,0.0,1892.0,15.2323579788208,36.99,74.14403533935547,2009.0,0.0,1367.0,0.2949568033218384,100.0,66.3437271118164,444.0,0.0
709,0.0,1892.0,21.53016662597656,36.99,78.05928039550781,2259.0,0.0,1367.0,0.4472855031490326,100.0,65.80412292480469,475.0,0.0
710,0.0,1892.0,21.53016662597656,36.99,78.05928039550781,2259.0,0.0,1367.0,0.4472855031490326,100.0,65.80412292480469,475.0,0.0
711,0.0,1892.0,21.53016662597656,36.99,78.05928039550781,2259.0,0.0,1367.0,0.4472855031490326,100.0,65.80412292480469,475.0,0.0
712,0.0,1892.0,21.53016662597656,36.99,78.05928039550781,2259.0,0.0,1367.0,0.4472855031490326,100.0,65.80412292480469,475.0,0.0
713,0.0,1892.0,21.53016662597656,36.99,78.05928039550781,2259.0,0.0,1367.0,0.4472855031490326,100.0,65.80412292480469,475.0,0.0
714,0.0,1892.0,23.225521087646484,36.99,79.35774993896484,2181.0,0.0,1367.0,0.3447746634483337,100.0,65.6360855102539,444.0,0.0
715,0.0,1892.0,23.225521087646484,36.99,79.35774993896484,2181.0,0.0,1367.0,0.3447746634483337,100.0,65.6360855102539,444.0,0.0
716,0.0,1892.0,23.225521087646484,36.99,79.35774993896484,2181.0,0.0,1367.0,0.3447746634483337,100.0,65.6360855102539,444.0,0.0
717,0.0,1892.0,23.225521087646484,36.99,79.35774993896484,2181.0,0.0,1367.0,0.3447746634483337,100.0,65.6360855102539,444.0,0.0
718,0.0,1892.0,23.225521087646484,36.99,79.35774993896484,2181.0,0.0,1367.0,0.3447746634483337,100.0,65.6360855102539,444.0,0.0
719,0.0,1892.0,17.65714454650879,36.99,78.83760833740234,2244.0,0.0,1367.0,9.261673927307127,100.0,66.35630798339844,759.0,0.0
720,0.0,1892.0,17.65714454650879,36.99,78.83760833740234,2244.0,0.0,1367.0,9.261673927307127,100.0,66.35630798339844,759.0,0.0
721,0.0,1892.0,17.65714454650879,36.99,78.83760833740234,2244.0,0.0,1367.0,9.261673927307127,100.0,66.35630798339844,759.0,0.0
722,0.0,1892.0,17.65714454650879,36.99,78.83760833740234,2244.0,0.0,1367.0,9.261673927307127,100.0,66.35630798339844,759.0,0.0
723,0.0,1892.0,17.65714454650879,36.99,78.83760833740234,2244.0,0.0,1367.0,9.261673927307127,100.0,66.35630798339844,759.0,0.0
724,0.0,1892.0,7.81047248840332,36.99,48.17791748046875,2305.0,0.0,1367.0,27.72807502746582,100.0,75.55207824707031,1352.0,0.0
725,0.0,1892.0,7.81047248840332,36.99,48.17791748046875,2305.0,0.0,1367.0,27.72807502746582,100.0,75.55207824707031,1352.0,0.0
726,0.0,1892.0,7.81047248840332,36.99,48.17791748046875,2305.0,0.0,1367.0,27.72807502746582,100.0,75.55207824707031,1352.0,0.0
727,0.0,1892.0,7.81047248840332,36.99,48.17791748046875,2305.0,0.0,1367.0,27.72807502746582,100.0,75.55207824707031,1352.0,0.0
728,0.0,1892.0,7.81047248840332,36.99,48.17791748046875,2305.0,0.0,1367.0,27.72807502746582,100.0,75.55207824707031,1352.0,0.0
729,0.0,1892.0,6.663306713104248,36.99,48.263423919677734,2287.0,0.0,1367.0,23.433876037597656,100.0,74.84768676757812,1244.0,0.0
730,0.0,1892.0,6.663306713104248,36.99,48.263423919677734,2287.0,0.0,1367.0,23.433876037597656,100.0,74.84768676757812,1244.0,0.0
731,0.0,1892.0,6.663306713104248,36.99,48.263423919677734,2287.0,0.0,1367.0,23.433876037597656,100.0,74.84768676757812,1244.0,0.0
732,0.0,1892.0,6.663306713104248,36.99,48.263423919677734,2287.0,0.0,1367.0,23.433876037597656,100.0,74.84768676757812,1244.0,0.0
733,0.0,1892.0,6.663306713104248,36.99,48.263423919677734,2287.0,0.0,1367.0,23.433876037597656,100.0,74.84768676757812,1244.0,0.0
734,0.0,1892.0,5.6549882888793945,36.99,47.989593505859375,2283.0,0.0,1367.0,19.80109405517578,100.0,73.06329345703125,1144.0,0.0
735,0.0,1892.0,5.6549882888793945,36.99,47.989593505859375,2283.0,0.0,1367.0,19.80109405517578,100.0,73.06329345703125,1144.0,0.0
736,0.0,1892.0,5.6549882888793945,36.99,47.989593505859375,2283.0,0.0,1367.0,19.80109405517578,100.0,73.06329345703125,1144.0,0.0
737,0.0,1892.0,5.6549882888793945,36.99,47.989593505859375,2283.0,0.0,1367.0,19.80109405517578,100.0,73.06329345703125,1144.0,0.0
738,0.0,1892.0,5.6549882888793945,36.99,47.989593505859375,2283.0,0.0,1367.0,19.80109405517578,100.0,73.06329345703125,1144.0,0.0
739,0.0,1892.0,6.117264747619629,36.99,11.182732582092283,2291.0,0.0,1367.0,18.02031517028809,100.0,71.75302124023438,1091.0,0.0
740,0.0,1892.0,6.117264747619629,36.99,11.182732582092283,2291.0,0.0,1367.0,18.02031517028809,100.0,71.75302124023438,1091.0,0.0
741,0.0,1892.0,6.117264747619629,36.99,11.182732582092283,2291.0,0.0,1367.0,18.02031517028809,100.0,71.75302124023438,1091.0,0.0
742,0.0,1892.0,6.117264747619629,36.99,11.182732582092283,2291.0,0.0,1367.0,18.02031517028809,100.0,71.75302124023438,1091.0,0.0
743,0.0,1892.0,6.117264747619629,36.99,11.182732582092283,2291.0,0.0,1367.0,18.02031517028809,100.0,71.75302124023438,1091.0,0.0
744,0.0,1892.0,12.320415496826172,36.99,48.6435661315918,2292.0,0.0,1367.0,16.883098602294922,100.0,70.96925354003906,1059.0,0.0
745,0.0,1892.0,12.320415496826172,36.99,48.6435661315918,2292.0,0.0,1367.0,16.883098602294922,100.0,70.96925354003906,1059.0,0.0
746,0.0,1892.0,12.320415496826172,36.99,48.6435661315918,2292.0,0.0,1367.0,16.883098602294922,100.0,70.96925354003906,1059.0,0.0
747,0.0,1892.0,12.320415496826172,36.99,48.6435661315918,2292.0,0.0,1367.0,16.883098602294922,100.0,70.96925354003906,1059.0,0.0
748,0.0,1892.0,12.320415496826172,36.99,48.6435661315918,2292.0,0.0,1367.0,16.883098602294922,100.0,70.96925354003906,1059.0,0.0
749,0.0,1892.0,12.115121841430664,36.99,74.13722229003906,2083.0,0.0,1367.0,3.7143208980560303,100.0,70.14321899414062,788.0,0.0
750,0.0,1892.0,12.115121841430664,36.99,74.13722229003906,2083.0,0.0,1367.0,3.7143208980560303,100.0,70.14321899414062,788.0,0.0
751,0.0,1892.0,12.115121841430664,36.99,74.13722229003906,2083.0,0.0,1367.0,3.7143208980560303,100.0,70.14321899414062,788.0,0.0
752,0.0,1892.0,12.115121841430664,36.99,74.13722229003906,2083.0,0.0,1367.0,3.7143208980560303,100.0,70.14321899414062,788.0,0.0
753,0.0,1892.0,12.115121841430664,36.99,74.13722229003906,2083.0,0.0,1367.0,3.7143208980560303,100.0,70.14321899414062,788.0,0.0
754,0.0,1892.0,12.115121841430664,36.99,74.13722229003906,2083.0,0.0,1367.0,3.7143208980560303,100.0,70.14321899414062,788.0,0.0
755,0.0,1892.0,15.44949722290039,36.99,71.4976806640625,2181.0,0.0,1367.0,0.2565359473228454,100.0,64.08464050292969,444.0,0.0
756,0.0,1892.0,15.44949722290039,36.99,71.4976806640625,2181.0,0.0,1367.0,0.2565359473228454,100.0,64.08464050292969,444.0,0.0
757,0.0,1892.0,15.44949722290039,36.99,71.4976806640625,2181.0,0.0,1367.0,0.2565359473228454,100.0,64.08464050292969,444.0,0.0
758,0.0,1892.0,15.44949722290039,36.99,71.4976806640625,2181.0,0.0,1367.0,0.2565359473228454,100.0,64.08464050292969,444.0,0.0
759,0.0,1892.0,15.44949722290039,36.99,71.4976806640625,2181.0,0.0,1367.0,0.2565359473228454,100.0,64.08464050292969,444.0,0.0
760,0.0,1892.0,20.98108291625977,36.99,74.38343811035156,2126.0,0.0,1367.0,0.3160139918327331,100.0,63.50090789794922,474.0,0.0
761,0.0,1892.0,20.98108291625977,36.99,74.38343811035156,2126.0,0.0,1367.0,0.3160139918327331,100.0,63.50090789794922,474.0,0.0
762,0.0,1892.0,20.98108291625977,36.99,74.38343811035156,2126.0,0.0,1367.0,0.3160139918327331,100.0,63.50090789794922,474.0,0.0
763,0.0,1892.0,20.98108291625977,36.99,74.38343811035156,2126.0,0.0,1367.0,0.3160139918327331,100.0,63.50090789794922,474.0,0.0
764,0.0,1892.0,20.98108291625977,36.99,74.38343811035156,2126.0,0.0,1367.0,0.3160139918327331,100.0,63.50090789794922,474.0,0.0
765,0.0,1892.0,22.872669219970703,36.99,76.47305297851562,2241.0,0.0,1367.0,0.3205359280109405,100.0,63.366485595703125,444.0,0.0
766,0.0,1892.0,22.872669219970703,36.99,76.47305297851562,2241.0,0.0,1367.0,0.3205359280109405,100.0,63.366485595703125,444.0,0.0
767,0.0,1892.0,22.872669219970703,36.99,76.47305297851562,2241.0,0.0,1367.0,0.3205359280109405,100.0,63.366485595703125,444.0,0.0
768,0.0,1892.0,22.872669219970703,36.99,76.47305297851562,2241.0,0.0,1367.0,0.3205359280109405,100.0,63.366485595703125,444.0,0.0
769,0.0,1892.0,22.872669219970703,36.99,76.47305297851562,2241.0,0.0,1367.0,0.3205359280109405,100.0,63.366485595703125,444.0,0.0
770,0.0,1892.0,11.33969783782959,36.99,76.37364959716797,2246.0,0.0,1367.0,19.612701416015625,100.0,64.19091796875,1084.0,0.0
771,0.0,1892.0,11.33969783782959,36.99,76.37364959716797,2246.0,0.0,1367.0,19.612701416015625,100.0,64.19091796875,1084.0,0.0
772,0.0,1892.0,11.33969783782959,36.99,76.37364959716797,2246.0,0.0,1367.0,19.612701416015625,100.0,64.19091796875,1084.0,0.0
773,0.0,1892.0,11.33969783782959,36.99,76.37364959716797,2246.0,0.0,1367.0,19.612701416015625,100.0,64.19091796875,1084.0,0.0
774,0.0,1892.0,11.33969783782959,36.99,76.37364959716797,2246.0,0.0,1367.0,19.612701416015625,100.0,64.19091796875,1084.0,0.0
775,0.0,1892.0,7.319079875946045,36.99,46.84355545043945,2352.0,0.0,1367.0,24.35684585571289,100.0,73.1597900390625,1269.0,0.0
776,0.0,1892.0,7.319079875946045,36.99,46.84355545043945,2352.0,0.0,1367.0,24.35684585571289,100.0,73.1597900390625,1269.0,0.0
777,0.0,1892.0,7.319079875946045,36.99,46.84355545043945,2352.0,0.0,1367.0,24.35684585571289,100.0,73.1597900390625,1269.0,0.0
778,0.0,1892.0,7.319079875946045,36.99,46.84355545043945,2352.0,0.0,1367.0,24.35684585571289,100.0,73.1597900390625,1269.0,0.0
779,0.0,1892.0,7.319079875946045,36.99,46.84355545043945,2352.0,0.0,1367.0,24.35684585571289,100.0,73.1597900390625,1269.0,0.0
780,0.0,1892.0,6.412876129150391,36.99,46.97452163696289,2392.0,0.0,1367.0,19.1279239654541,100.0,71.87493133544922,1127.0,0.0
781,0.0,1892.0,6.412876129150391,36.99,46.97452163696289,2392.0,0.0,1367.0,19.1279239654541,100.0,71.87493133544922,1127.0,0.0
782,0.0,1892.0,6.412876129150391,36.99,46.97452163696289,2392.0,0.0,1367.0,19.1279239654541,100.0,71.87493133544922,1127.0,0.0
783,0.0,1892.0,6.412876129150391,36.99,46.97452163696289,2392.0,0.0,1367.0,19.1279239654541,100.0,71.87493133544922,1127.0,0.0
784,0.0,1892.0,6.412876129150391,36.99,46.97452163696289,2392.0,0.0,1367.0,19.1279239654541,100.0,71.87493133544922,1127.0,0.0
785,0.0,1892.0,5.909529685974121,36.99,46.38479232788086,2411.0,0.0,1367.0,16.389129638671875,100.0,70.07833099365234,1044.0,0.0
786,0.0,1892.0,5.909529685974121,36.99,46.38479232788086,2411.0,0.0,1367.0,16.389129638671875,100.0,70.07833099365234,1044.0,0.0
787,0.0,1892.0,5.909529685974121,36.99,46.38479232788086,2411.0,0.0,1367.0,16.389129638671875,100.0,70.07833099365234,1044.0,0.0
788,0.0,1892.0,5.909529685974121,36.99,46.38479232788086,2411.0,0.0,1367.0,16.389129638671875,100.0,70.07833099365234,1044.0,0.0
789,0.0,1892.0,5.909529685974121,36.99,46.38479232788086,2411.0,0.0,1367.0,16.389129638671875,100.0,70.07833099365234,1044.0,0.0
790,0.0,1892.0,5.137422561645508,36.99,45.634822845458984,2307.0,0.0,1367.0,15.411563873291016,100.0,69.07782745361328,1010.0,0.0
791,0.0,1892.0,5.137422561645508,36.99,45.634822845458984,2307.0,0.0,1367.0,15.411563873291016,100.0,69.07782745361328,1010.0,0.0
792,0.0,1892.0,5.137422561645508,36.99,45.634822845458984,2307.0,0.0,1367.0,15.411563873291016,100.0,69.07782745361328,1010.0,0.0
793,0.0,1892.0,5.137422561645508,36.99,45.634822845458984,2307.0,0.0,1367.0,15.411563873291016,100.0,69.07782745361328,1010.0,0.0
794,0.0,1892.0,5.137422561645508,36.99,45.634822845458984,2307.0,0.0,1367.0,15.411563873291016,100.0,69.07782745361328,1010.0,0.0
795,0.0,1892.0,13.070807456970217,36.99,45.8166389465332,2287.0,0.0,1367.0,13.36353588104248,100.0,68.5487060546875,988.0,0.0
796,0.0,1892.0,13.070807456970217,36.99,45.8166389465332,2287.0,0.0,1367.0,13.36353588104248,100.0,68.5487060546875,988.0,0.0
797,0.0,1892.0,13.070807456970217,36.99,45.8166389465332,2287.0,0.0,1367.0,13.36353588104248,100.0,68.5487060546875,988.0,0.0
798,0.0,1892.0,13.070807456970217,36.99,45.8166389465332,2287.0,0.0,1367.0,13.36353588104248,100.0,68.5487060546875,988.0,0.0
799,0.0,1892.0,13.070807456970217,36.99,45.8166389465332,2287.0,0.0,1367.0,13.36353588104248,100.0,68.5487060546875,988.0,0.0
800,0.0,1892.0,11.06033706665039,36.99,70.9391860961914,2276.0,0.0,1367.0,0.3918418288230896,100.0,67.7188720703125,597.0,0.0
801,0.0,1892.0,11.06033706665039,36.99,70.9391860961914,2276.0,0.0,1367.0,0.3918418288230896,100.0,67.7188720703125,597.0,0.0
802,0.0,1892.0,11.06033706665039,36.99,70.9391860961914,2276.0,0.0,1367.0,0.3918418288230896,100.0,67.7188720703125,597.0,0.0
803,0.0,1892.0,11.06033706665039,36.99,70.9391860961914,2276.0,0.0,1367.0,0.3918418288230896,100.0,67.7188720703125,597.0,0.0
804,0.0,1892.0,11.06033706665039,36.99,70.9391860961914,2276.0,0.0,1367.0,0.3918418288230896,100.0,67.7188720703125,597.0,0.0
805,0.0,1892.0,15.613463401794434,36.99,68.68006134033203,2214.0,0.0,1367.0,0.2350489050149917,100.0,62.297607421875,444.0,0.0
806,0.0,1892.0,15.613463401794434,36.99,68.68006134033203,2214.0,0.0,1367.0,0.2350489050149917,100.0,62.297607421875,444.0,0.0
807,0.0,1892.0,15.613463401794434,36.99,68.68006134033203,2214.0,0.0,1367.0,0.2350489050149917,100.0,62.297607421875,444.0,0.0
808,0.0,1892.0,15.613463401794434,36.99,68.68006134033203,2214.0,0.0,1367.0,0.2350489050149917,100.0,62.297607421875,444.0,0.0
809,0.0,1892.0,15.613463401794434,36.99,68.68006134033203,2214.0,0.0,1367.0,0.2350489050149917,100.0,62.297607421875,444.0,0.0
810,0.0,1892.0,20.353803634643555,36.99,70.68213653564453,2243.0,0.0,1367.0,0.2915218472480774,100.0,61.87444305419922,444.0,0.0
811,0.0,1892.0,20.353803634643555,36.99,70.68213653564453,2243.0,0.0,1367.0,0.2915218472480774,100.0,61.87444305419922,444.0,0.0
812,0.0,1892.0,20.353803634643555,36.99,70.68213653564453,2243.0,0.0,1367.0,0.2915218472480774,100.0,61.87444305419922,444.0,0.0
813,0.0,1892.0,20.353803634643555,36.99,70.68213653564453,2243.0,0.0,1367.0,0.2915218472480774,100.0,61.87444305419922,444.0,0.0
814,0.0,1892.0,20.353803634643555,36.99,70.68213653564453,2243.0,0.0,1367.0,0.2915218472480774,100.0,61.87444305419922,444.0,0.0
815,0.0,1892.0,20.353803634643555,36.99,70.68213653564453,2243.0,0.0,1367.0,0.2915218472480774,100.0,61.87444305419922,444.0,0.0
816,0.0,1892.0,20.243513107299805,36.99,74.12232208251953,2297.0,0.0,1367.0,2.345705032348633,100.0,61.82899856567383,564.0,0.0
817,0.0,1892.0,20.243513107299805,36.99,74.12232208251953,2297.0,0.0,1367.0,2.345705032348633,100.0,61.82899856567383,564.0,0.0
818,0.0,1892.0,20.243513107299805,36.99,74.12232208251953,2297.0,0.0,1367.0,2.345705032348633,100.0,61.82899856567383,564.0,0.0
819,0.0,1892.0,20.243513107299805,36.99,74.12232208251953,2297.0,0.0,1367.0,2.345705032348633,100.0,61.82899856567383,564.0,0.0
820,0.0,1892.0,20.243513107299805,36.99,74.12232208251953,2297.0,0.0,1367.0,2.345705032348633,100.0,61.82899856567383,564.0,0.0
821,0.0,1892.0,6.4804582595825195,36.99,46.287113189697266,2317.0,0.0,1367.0,27.229551315307617,100.0,71.44548034667969,1339.0,0.0
822,0.0,1892.0,6.4804582595825195,36.99,46.287113189697266,2317.0,0.0,1367.0,27.229551315307617,100.0,71.44548034667969,1339.0,0.0
823,0.0,1892.0,6.4804582595825195,36.99,46.287113189697266,2317.0,0.0,1367.0,27.229551315307617,100.0,71.44548034667969,1339.0,0.0
824,0.0,1892.0,6.4804582595825195,36.99,46.287113189697266,2317.0,0.0,1367.0,27.229551315307617,100.0,71.44548034667969,1339.0,0.0
825,0.0,1892.0,6.4804582595825195,36.99,46.287113189697266,2317.0,0.0,1367.0,27.229551315307617,100.0,71.44548034667969,1339.0,0.0
826,0.0,1892.0,6.121895790100098,36.99,46.34499740600586,2294.0,0.0,1367.0,20.991605758666992,100.0,69.85924530029297,1179.0,0.0
827,0.0,1892.0,6.121895790100098,36.99,46.34499740600586,2294.0,0.0,1367.0,20.991605758666992,100.0,69.85924530029297,1179.0,0.0
828,0.0,1892.0,6.121895790100098,36.99,46.34499740600586,2294.0,0.0,1367.0,20.991605758666992,100.0,69.85924530029297,1179.0,0.0
829,0.0,1892.0,6.121895790100098,36.99,46.34499740600586,2294.0,0.0,1367.0,20.991605758666992,100.0,69.85924530029297,1179.0,0.0
830,0.0,1892.0,6.121895790100098,36.99,46.34499740600586,2294.0,0.0,1367.0,20.991605758666992,100.0,69.85924530029297,1179.0,0.0
831,0.0,1892.0,10.596395492553713,36.99,47.47255325317383,2369.0,0.0,1367.0,16.109455108642578,100.0,68.26934814453125,1035.0,0.0
832,0.0,1892.0,10.596395492553713,36.99,47.47255325317383,2369.0,0.0,1367.0,16.109455108642578,100.0,68.26934814453125,1035.0,0.0
833,0.0,1892.0,10.596395492553713,36.99,47.47255325317383,2369.0,0.0,1367.0,16.109455108642578,100.0,68.26934814453125,1035.0,0.0
834,0.0,1892.0,10.596395492553713,36.99,47.47255325317383,2369.0,0.0,1367.0,16.109455108642578,100.0,68.26934814453125,1035.0,0.0
835,0.0,1892.0,10.596395492553713,36.99,47.47255325317383,2369.0,0.0,1367.0,16.109455108642578,100.0,68.26934814453125,1035.0,0.0
836,0.0,1892.0,7.338478088378906,36.99,69.5522689819336,2302.0,0.0,1367.0,13.17851734161377,100.0,66.82537078857422,923.0,0.0
837,0.0,1892.0,7.338478088378906,36.99,69.5522689819336,2302.0,0.0,1367.0,13.17851734161377,100.0,66.82537078857422,923.0,0.0
838,0.0,1892.0,7.338478088378906,36.99,69.5522689819336,2302.0,0.0,1367.0,13.17851734161377,100.0,66.82537078857422,923.0,0.0
839,0.0,1892.0,7.338478088378906,36.99,69.5522689819336,2302.0,0.0,1367.0,13.17851734161377,100.0,66.82537078857422,923.0,0.0
840,0.0,1892.0,7.338478088378906,36.99,69.5522689819336,2302.0,0.0,1367.0,13.17851734161377,100.0,66.82537078857422,923.0,0.0
841,0.0,1892.0,8.567359924316406,36.99,68.00199890136719,2354.0,0.0,1367.0,12.988898277282717,100.0,66.41967010498047,920.0,0.0
842,0.0,1892.0,8.567359924316406,36.99,68.00199890136719,2354.0,0.0,1367.0,12.988898277282717,100.0,66.41967010498047,920.0,0.0
843,0.0,1892.0,8.567359924316406,36.99,68.00199890136719,2354.0,0.0,1367.0,12.988898277282717,100.0,66.41967010498047,920.0,0.0
844,0.0,1892.0,8.567359924316406,36.99,68.00199890136719,2354.0,0.0,1367.0,12.988898277282717,100.0,66.41967010498047,920.0,0.0
845,0.0,1892.0,8.567359924316406,36.99,68.00199890136719,2354.0,0.0,1367.0,12.988898277282717,100.0,66.41967010498047,920.0,0.0
846,0.0,1892.0,7.290978908538818,36.99,67.54061889648438,2106.0,0.0,1367.0,7.708094596862793,100.0,66.14414978027344,868.0,0.0
847,0.0,1892.0,7.290978908538818,36.99,67.54061889648438,2106.0,0.0,1367.0,7.708094596862793,100.0,66.14414978027344,868.0,0.0
848,0.0,1892.0,7.290978908538818,36.99,67.54061889648438,2106.0,0.0,1367.0,7.708094596862793,100.0,66.14414978027344,868.0,0.0
849,0.0,1892.0,7.290978908538818,36.99,67.54061889648438,2106.0,0.0,1367.0,7.708094596862793,100.0,66.14414978027344,868.0,0.0
850,0.0,1892.0,7.290978908538818,36.99,67.54061889648438,2106.0,0.0,1367.0,7.708094596862793,100.0,66.14414978027344,868.0,0.0
851,0.0,1892.0,11.239155769348145,36.99,66.5904541015625,2183.0,0.0,1367.0,0.5049486756324768,100.0,61.004112243652344,444.0,0.0
852,0.0,1892.0,11.239155769348145,36.99,66.5904541015625,2183.0,0.0,1367.0,0.5049486756324768,100.0,61.004112243652344,444.0,0.0
853,0.0,1892.0,11.239155769348145,36.99,66.5904541015625,2183.0,0.0,1367.0,0.5049486756324768,100.0,61.004112243652344,444.0,0.0
854,0.0,1892.0,11.239155769348145,36.99,66.5904541015625,2183.0,0.0,1367.0,0.5049486756324768,100.0,61.004112243652344,444.0,0.0
855,0.0,1892.0,11.239155769348145,36.99,66.5904541015625,2183.0,0.0,1367.0,0.5049486756324768,100.0,61.004112243652344,444.0,0.0
856,0.0,1892.0,17.149951934814453,36.99,68.96200561523438,2095.0,0.0,1367.0,0.3302402198314667,100.0,60.576377868652344,444.0,0.0
857,0.0,1892.0,17.149951934814453,36.99,68.96200561523438,2095.0,0.0,1367.0,0.3302402198314667,100.0,60.576377868652344,444.0,0.0
858,0.0,1892.0,17.149951934814453,36.99,68.96200561523438,2095.0,0.0,1367.0,0.3302402198314667,100.0,60.576377868652344,444.0,0.0
859,0.0,1892.0,17.149951934814453,36.99,68.96200561523438,2095.0,0.0,1367.0,0.3302402198314667,100.0,60.576377868652344,444.0,0.0
860,0.0,1892.0,17.149951934814453,36.99,68.96200561523438,2095.0,0.0,1367.0,0.3302402198314667,100.0,60.576377868652344,444.0,0.0
861,0.0,1892.0,21.05823516845703,36.99,72.6409912109375,2227.0,0.0,1367.0,0.2641119658946991,100.0,60.6754150390625,444.0,0.0
862,0.0,1892.0,21.05823516845703,36.99,72.6409912109375,2227.0,0.0,1367.0,0.2641119658946991,100.0,60.6754150390625,444.0,0.0
863,0.0,1892.0,21.05823516845703,36.99,72.6409912109375,2227.0,0.0,1367.0,0.2641119658946991,100.0,60.6754150390625,444.0,0.0
864,0.0,1892.0,21.05823516845703,36.99,72.6409912109375,2227.0,0.0,1367.0,0.2641119658946991,100.0,60.6754150390625,444.0,0.0
865,0.0,1892.0,21.05823516845703,36.99,72.6409912109375,2227.0,0.0,1367.0,0.2641119658946991,100.0,60.6754150390625,444.0,0.0
866,0.0,1892.0,21.05823516845703,36.99,72.6409912109375,2227.0,0.0,1367.0,0.2641119658946991,100.0,60.6754150390625,444.0,0.0
867,0.0,1892.0,14.56332015991211,36.99,72.94755554199219,2244.0,0.0,1367.0,12.520309448242188,100.0,61.44013214111328,857.0,0.0
868,0.0,1892.0,14.56332015991211,36.99,72.94755554199219,2244.0,0.0,1367.0,12.520309448242188,100.0,61.44013214111328,857.0,0.0
869,0.0,1892.0,14.56332015991211,36.99,72.94755554199219,2244.0,0.0,1367.0,12.520309448242188,100.0,61.44013214111328,857.0,0.0
870,0.0,1892.0,14.56332015991211,36.99,72.94755554199219,2244.0,0.0,1367.0,12.520309448242188,100.0,61.44013214111328,857.0,0.0
871,0.0,1892.0,14.56332015991211,36.99,72.94755554199219,2244.0,0.0,1367.0,12.520309448242188,100.0,61.44013214111328,857.0,0.0
872,0.0,1892.0,5.993131637573242,36.99,45.2464485168457,2328.0,0.0,1367.0,24.991785049438477,100.0,70.46492004394531,1284.0,0.0
873,0.0,1892.0,5.993131637573242,36.99,45.2464485168457,2328.0,0.0,1367.0,24.991785049438477,100.0,70.46492004394531,1284.0,0.0
874,0.0,1892.0,5.993131637573242,36.99,45.2464485168457,2328.0,0.0,1367.0,24.991785049438477,100.0,70.46492004394531,1284.0,0.0
875,0.0,1892.0,5.993131637573242,36.99,45.2464485168457,2328.0,0.0,1367.0,24.991785049438477,100.0,70.46492004394531,1284.0,0.0
876,0.0,1892.0,5.993131637573242,36.99,45.2464485168457,2328.0,0.0,1367.0,24.991785049438477,100.0,70.46492004394531,1284.0,0.0
877,0.0,1892.0,7.509635925292969,36.99,45.17182922363281,2206.0,0.0,1367.0,18.742202758789062,100.0,68.7464599609375,1117.0,0.0
878,0.0,1892.0,7.509635925292969,36.99,45.17182922363281,2206.0,0.0,1367.0,18.742202758789062,100.0,68.7464599609375,1117.0,0.0
879,0.0,1892.0,7.509635925292969,36.99,45.17182922363281,2206.0,0.0,1367.0,18.742202758789062,100.0,68.7464599609375,1117.0,0.0
880,0.0,1892.0,7.509635925292969,36.99,45.17182922363281,2206.0,0.0,1367.0,18.742202758789062,100.0,68.7464599609375,1117.0,0.0
881,0.0,1892.0,7.509635925292969,36.99,45.17182922363281,2206.0,0.0,1367.0,18.742202758789062,100.0,68.7464599609375,1117.0,0.0
882,0.0,1892.0,5.084547996520996,36.99,44.72574234008789,2226.0,0.0,1367.0,15.05925178527832,100.0,67.20391845703125,1000.0,0.0
883,0.0,1892.0,5.084547996520996,36.99,44.72574234008789,2226.0,0.0,1367.0,15.05925178527832,100.0,67.20391845703125,1000.0,0.0
884,0.0,1892.0,5.084547996520996,36.99,44.72574234008789,2226.0,0.0,1367.0,15.05925178527832,100.0,67.20391845703125,1000.0,0.0
885,0.0,1892.0,5.084547996520996,36.99,44.72574234008789,2226.0,0.0,1367.0,15.05925178527832,100.0,67.20391845703125,1000.0,0.0
886,0.0,1892.0,5.084547996520996,36.99,44.72574234008789,2226.0,0.0,1367.0,15.05925178527832,100.0,67.20391845703125,1000.0,0.0
887,0.0,1892.0,7.134575843811035,36.99,44.8758430480957,2141.0,0.0,1367.0,13.938081741333008,100.0,65.95570373535156,955.0,0.0
888,0.0,1892.0,7.134575843811035,36.99,44.8758430480957,2141.0,0.0,1367.0,13.938081741333008,100.0,65.95570373535156,955.0,0.0
889,0.0,1892.0,7.134575843811035,36.99,44.8758430480957,2141.0,0.0,1367.0,13.938081741333008,100.0,65.95570373535156,955.0,0.0
890,0.0,1892.0,7.134575843811035,36.99,44.8758430480957,2141.0,0.0,1367.0,13.938081741333008,100.0,65.95570373535156,955.0,0.0
891,0.0,1892.0,7.134575843811035,36.99,44.8758430480957,2141.0,0.0,1367.0,13.938081741333008,100.0,65.95570373535156,955.0,0.0
892,0.0,1892.0,11.25668716430664,36.99,67.82734680175781,2196.0,0.0,1367.0,12.945537567138672,100.0,65.45082092285156,913.0,0.0
893,0.0,1892.0,11.25668716430664,36.99,67.82734680175781,2196.0,0.0,1367.0,12.945537567138672,100.0,65.45082092285156,913.0,0.0
894,0.0,1892.0,11.25668716430664,36.99,67.82734680175781,2196.0,0.0,1367.0,12.945537567138672,100.0,65.45082092285156,913.0,0.0
895,0.0,1892.0,11.25668716430664,36.99,67.82734680175781,2196.0,0.0,1367.0,12.945537567138672,100.0,65.45082092285156,913.0,0.0
896,0.0,1892.0,11.25668716430664,36.99,67.82734680175781,2196.0,0.0,1367.0,12.945537567138672,100.0,65.45082092285156,913.0,0.0
897,0.0,1892.0,9.197942733764648,36.99,68.77377319335938,2180.0,0.0,1367.0,2.7645280361175537,100.0,65.13279724121094,694.0,0.0
898,0.0,1892.0,9.197942733764648,36.99,68.77377319335938,2180.0,0.0,1367.0,2.7645280361175537,100.0,65.13279724121094,694.0,0.0
899,0.0,1892.0,9.197942733764648,36.99,68.77377319335938,2180.0,0.0,1367.0,2.7645280361175537,100.0,65.13279724121094,694.0,0.0
900,0.0,1892.0,9.197942733764648,36.99,68.77377319335938,2180.0,0.0,1367.0,2.7645280361175537,100.0,65.13279724121094,694.0,0.0
901,0.0,1892.0,9.197942733764648,36.99,68.77377319335938,2180.0,0.0,1367.0,2.7645280361175537,100.0,65.13279724121094,694.0,0.0
902,0.0,1892.0,14.2987060546875,36.99,66.43921661376953,2223.0,0.0,1367.0,0.2635411024093628,100.0,60.170997619628906,444.0,0.0
903,0.0,1892.0,14.2987060546875,36.99,66.43921661376953,2223.0,0.0,1367.0,0.2635411024093628,100.0,60.170997619628906,444.0,0.0
904,0.0,1892.0,14.2987060546875,36.99,66.43921661376953,2223.0,0.0,1367.0,0.2635411024093628,100.0,60.170997619628906,444.0,0.0
905,0.0,1892.0,14.2987060546875,36.99,66.43921661376953,2223.0,0.0,1367.0,0.2635411024093628,100.0,60.170997619628906,444.0,0.0
906,0.0,1892.0,14.2987060546875,36.99,66.43921661376953,2223.0,0.0,1367.0,0.2635411024093628,100.0,60.170997619628906,444.0,0.0
907,0.0,1892.0,16.118553161621094,36.99,68.91754150390625,2143.0,0.0,1367.0,0.1483849585056305,100.0,59.99324417114258,478.0,0.0
908,0.0,1892.0,16.118553161621094,36.99,68.91754150390625,2143.0,0.0,1367.0,0.1483849585056305,100.0,59.99324417114258,478.0,0.0
909,0.0,1892.0,16.118553161621094,36.99,68.91754150390625,2143.0,0.0,1367.0,0.1483849585056305,100.0,59.99324417114258,478.0,0.0
910,0.0,1892.0,16.118553161621094,36.99,68.91754150390625,2143.0,0.0,1367.0,0.1483849585056305,100.0,59.99324417114258,478.0,0.0
911,0.0,1892.0,16.118553161621094,36.99,68.91754150390625,2143.0,0.0,1367.0,0.1483849585056305,100.0,59.99324417114258,478.0,0.0
912,0.0,1892.0,20.98092269897461,36.99,69.87713623046875,1806.0,0.0,1367.0,0.1243700608611106,100.0,59.774375915527344,444.0,0.0
913,0.0,1892.0,20.98092269897461,36.99,69.87713623046875,1806.0,0.0,1367.0,0.1243700608611106,100.0,59.774375915527344,444.0,0.0
914,0.0,1892.0,20.98092269897461,36.99,69.87713623046875,1806.0,0.0,1367.0,0.1243700608611106,100.0,59.774375915527344,444.0,0.0
915,0.0,1892.0,20.98092269897461,36.99,69.87713623046875,1806.0,0.0,1367.0,0.1243700608611106,100.0,59.774375915527344,444.0,0.0
916,0.0,1892.0,20.98092269897461,36.99,69.87713623046875,1806.0,0.0,1367.0,0.1243700608611106,100.0,59.774375915527344,444.0,0.0
917,0.0,1892.0,9.325798988342283,36.99,72.04862976074219,1990.0,0.0,1367.0,21.36413192749023,100.0,59.984283447265625,1146.0,0.0
918,0.0,1892.0,9.325798988342283,36.99,72.04862976074219,1990.0,0.0,1367.0,21.36413192749023,100.0,59.984283447265625,1146.0,0.0
919,0.0,1892.0,9.325798988342283,36.99,72.04862976074219,1990.0,0.0,1367.0,21.36413192749023,100.0,59.984283447265625,1146.0,0.0
920,0.0,1892.0,9.325798988342283,36.99,72.04862976074219,1990.0,0.0,1367.0,21.36413192749023,100.0,59.984283447265625,1146.0,0.0
921,0.0,1892.0,9.325798988342283,36.99,72.04862976074219,1990.0,0.0,1367.0,21.36413192749023,100.0,59.984283447265625,1146.0,0.0
922,0.0,1892.0,9.325798988342283,36.99,72.04862976074219,1990.0,0.0,1367.0,21.36413192749023,100.0,59.984283447265625,1146.0,0.0
923,0.0,1892.0,8.343830108642578,36.99,68.11797332763672,2001.0,0.0,1367.0,21.969703674316406,100.0,69.27202606201172,1211.0,0.0
924,0.0,1892.0,8.343830108642578,36.99,68.11797332763672,2001.0,0.0,1367.0,21.969703674316406,100.0,69.27202606201172,1211.0,0.0
925,0.0,1892.0,8.343830108642578,36.99,68.11797332763672,2001.0,0.0,1367.0,21.969703674316406,100.0,69.27202606201172,1211.0,0.0
926,0.0,1892.0,8.343830108642578,36.99,68.11797332763672,2001.0,0.0,1367.0,21.969703674316406,100.0,69.27202606201172,1211.0,0.0
927,0.0,1892.0,8.343830108642578,36.99,68.11797332763672,2001.0,0.0,1367.0,21.969703674316406,100.0,69.27202606201172,1211.0,0.0
928,0.0,1892.0,4.8250932693481445,36.99,68.8316421508789,2034.0,0.0,1367.0,16.1619815826416,100.0,67.99433898925781,1040.0,0.0
929,0.0,1892.0,4.8250932693481445,36.99,68.8316421508789,2034.0,0.0,1367.0,16.1619815826416,100.0,67.99433898925781,1040.0,0.0
930,0.0,1892.0,4.8250932693481445,36.99,68.8316421508789,2034.0,0.0,1367.0,16.1619815826416,100.0,67.99433898925781,1040.0,0.0
931,0.0,1892.0,4.8250932693481445,36.99,68.8316421508789,2034.0,0.0,1367.0,16.1619815826416,100.0,67.99433898925781,1040.0,0.0
932,0.0,1892.0,4.8250932693481445,36.99,68.8316421508789,2034.0,0.0,1367.0,16.1619815826416,100.0,67.99433898925781,1040.0,0.0
933,0.0,1892.0,7.362423896789551,36.99,65.27931213378906,1846.0,0.0,1367.0,14.22792911529541,100.0,66.00313568115234,971.0,0.0
934,0.0,1892.0,7.362423896789551,36.99,65.27931213378906,1846.0,0.0,1367.0,14.22792911529541,100.0,66.00313568115234,971.0,0.0
935,0.0,1892.0,7.362423896789551,36.99,65.27931213378906,1846.0,0.0,1367.0,14.22792911529541,100.0,66.00313568115234,971.0,0.0
936,0.0,1892.0,7.362423896789551,36.99,65.27931213378906,1846.0,0.0,1367.0,14.22792911529541,100.0,66.00313568115234,971.0,0.0
937,0.0,1892.0,7.362423896789551,36.99,65.27931213378906,1846.0,0.0,1367.0,14.22792911529541,100.0,66.00313568115234,971.0,0.0
938,0.0,1892.0,8.07862377166748,36.99,67.10082244873047,1987.0,0.0,1367.0,11.203251838684082,100.0,65.21296691894531,845.0,0.0
939,0.0,1892.0,8.07862377166748,36.99,67.10082244873047,1987.0,0.0,1367.0,11.203251838684082,100.0,65.21296691894531,845.0,0.0
940,0.0,1892.0,8.07862377166748,36.99,67.10082244873047,1987.0,0.0,1367.0,11.203251838684082,100.0,65.21296691894531,845.0,0.0
941,0.0,1892.0,8.07862377166748,36.99,67.10082244873047,1987.0,0.0,1367.0,11.203251838684082,100.0,65.21296691894531,845.0,0.0
942,0.0,1892.0,8.07862377166748,36.99,67.10082244873047,1987.0,0.0,1367.0,11.203251838684082,100.0,65.21296691894531,845.0,0.0
943,0.0,1892.0,11.767147064208984,36.99,67.58647918701172,2134.0,0.0,1367.0,10.361196517944336,100.0,64.16685485839844,871.0,0.0
944,0.0,1892.0,11.767147064208984,36.99,67.58647918701172,2134.0,0.0,1367.0,10.361196517944336,100.0,64.16685485839844,871.0,0.0
945,0.0,1892.0,11.767147064208984,36.99,67.58647918701172,2134.0,0.0,1367.0,10.361196517944336,100.0,64.16685485839844,871.0,0.0
946,0.0,1892.0,11.767147064208984,36.99,67.58647918701172,2134.0,0.0,1367.0,10.361196517944336,100.0,64.16685485839844,871.0,0.0
947,0.0,1892.0,11.767147064208984,36.99,67.58647918701172,2134.0,0.0,1367.0,10.361196517944336,100.0,64.16685485839844,871.0,0.0
948,0.0,1892.0,10.218385696411133,36.99,65.37348937988281,2023.0,0.0,1367.0,0.4397308528423309,100.0,59.699066162109375,571.0,0.0
949,0.0,1892.0,10.218385696411133,36.99,65.37348937988281,2023.0,0.0,1367.0,0.4397308528423309,100.0,59.699066162109375,571.0,0.0
950,0.0,1892.0,10.218385696411133,36.99,65.37348937988281,2023.0,0.0,1367.0,0.4397308528423309,100.0,59.699066162109375,571.0,0.0
951,0.0,1892.0,10.218385696411133,36.99,65.37348937988281,2023.0,0.0,1367.0,0.4397308528423309,100.0,59.699066162109375,571.0,0.0
952,0.0,1892.0,10.218385696411133,36.99,65.37348937988281,2023.0,0.0,1367.0,0.4397308528423309,100.0,59.699066162109375,571.0,0.0
953,0.0,1892.0,14.34820556640625,36.99,66.85848999023438,1782.0,0.0,1367.0,0.1235993504524231,100.0,59.14338302612305,508.0,0.0
954,0.0,1892.0,14.34820556640625,36.99,66.85848999023438,1782.0,0.0,1367.0,0.1235993504524231,100.0,59.14338302612305,508.0,0.0
955,0.0,1892.0,14.34820556640625,36.99,66.85848999023438,1782.0,0.0,1367.0,0.1235993504524231,100.0,59.14338302612305,508.0,0.0
956,0.0,1892.0,14.34820556640625,36.99,66.85848999023438,1782.0,0.0,1367.0,0.1235993504524231,100.0,59.14338302612305,508.0,0.0
957,0.0,1892.0,14.34820556640625,36.99,66.85848999023438,1782.0,0.0,1367.0,0.1235993504524231,100.0,59.14338302612305,508.0,0.0
958,0.0,1892.0,19.497411727905273,36.99,70.55058288574219,2064.0,0.0,1367.0,0.2525449097156524,100.0,59.384483337402344,540.0,0.0
959,0.0,1892.0,19.497411727905273,36.99,70.55058288574219,2064.0,0.0,1367.0,0.2525449097156524,100.0,59.384483337402344,540.0,0.0
960,0.0,1892.0,19.497411727905273,36.99,70.55058288574219,2064.0,0.0,1367.0,0.2525449097156524,100.0,59.384483337402344,540.0,0.0
961,0.0,1892.0,19.497411727905273,36.99,70.55058288574219,2064.0,0.0,1367.0,0.2525449097156524,100.0,59.384483337402344,540.0,0.0
962,0.0,1892.0,19.497411727905273,36.99,70.55058288574219,2064.0,0.0,1367.0,0.2525449097156524,100.0,59.384483337402344,540.0,0.0
963,0.0097276261076331,1892.0,18.789501190185547,36.99,71.46370697021484,2224.0,0.0,1367.0,5.6902852058410645,100.0,60.02177810668945,617.0,0.0
964,0.0097276261076331,1892.0,18.789501190185547,36.99,71.46370697021484,2224.0,0.0,1367.0,5.6902852058410645,100.0,60.02177810668945,617.0,0.0
965,0.0097276261076331,1892.0,18.789501190185547,36.99,71.46370697021484,2224.0,0.0,1367.0,5.6902852058410645,100.0,60.02177810668945,617.0,0.0
966,0.0097276261076331,1892.0,18.789501190185547,36.99,71.46370697021484,2224.0,0.0,1367.0,5.6902852058410645,100.0,60.02177810668945,617.0,0.0
967,0.0097276261076331,1892.0,18.789501190185547,36.99,71.46370697021484,2224.0,0.0,1367.0,5.6902852058410645,100.0,60.02177810668945,617.0,0.0
968,0.0097276261076331,1892.0,18.789501190185547,36.99,71.46370697021484,2224.0,0.0,1367.0,5.6902852058410645,100.0,60.02177810668945,617.0,0.0
969,0.0009328357991762,1892.0,6.509295463562012,36.99,67.64982604980469,2208.0,0.0,1367.0,25.737878799438477,100.0,68.9611587524414,1308.0,0.0
970,0.0009328357991762,1892.0,6.509295463562012,36.99,67.64982604980469,2208.0,0.0,1367.0,25.737878799438477,100.0,68.9611587524414,1308.0,0.0
971,0.0009328357991762,1892.0,6.509295463562012,36.99,67.64982604980469,2208.0,0.0,1367.0,25.737878799438477,100.0,68.9611587524414,1308.0,0.0
972,0.0009328357991762,1892.0,6.509295463562012,36.99,67.64982604980469,2208.0,0.0,1367.0,25.737878799438477,100.0,68.9611587524414,1308.0,0.0
973,0.0009328357991762,1892.0,6.509295463562012,36.99,67.64982604980469,2208.0,0.0,1367.0,25.737878799438477,100.0,68.9611587524414,1308.0,0.0
974,0.0,1892.0,5.557095527648926,36.99,66.19019317626953,2147.0,0.0,1367.0,18.823909759521484,100.0,67.12373352050781,1124.0,0.0
975,0.0,1892.0,5.557095527648926,36.99,66.19019317626953,2147.0,0.0,1367.0,18.823909759521484,100.0,67.12373352050781,1124.0,0.0
976,0.0,1892.0,5.557095527648926,36.99,66.19019317626953,2147.0,0.0,1367.0,18.823909759521484,100.0,67.12373352050781,1124.0,0.0
977,0.0,1892.0,5.557095527648926,36.99,66.19019317626953,2147.0,0.0,1367.0,18.823909759521484,100.0,67.12373352050781,1124.0,0.0
978,0.0,1892.0,5.557095527648926,36.99,66.19019317626953,2147.0,0.0,1367.0,18.823909759521484,100.0,67.12373352050781,1124.0,0.0
979,0.0,1892.0,5.037034511566162,36.99,64.9534683227539,2038.0,0.0,1367.0,15.516234397888184,100.0,65.35858917236328,1017.0,0.0
980,0.0,1892.0,5.037034511566162,36.99,64.9534683227539,2038.0,0.0,1367.0,15.516234397888184,100.0,65.35858917236328,1017.0,0.0
981,0.0,1892.0,5.037034511566162,36.99,64.9534683227539,2038.0,0.0,1367.0,15.516234397888184,100.0,65.35858917236328,1017.0,0.0
982,0.0,1892.0,5.037034511566162,36.99,64.9534683227539,2038.0,0.0,1367.0,15.516234397888184,100.0,65.35858917236328,1017.0,0.0
983,0.0,1892.0,5.037034511566162,36.99,64.9534683227539,2038.0,0.0,1367.0,15.516234397888184,100.0,65.35858917236328,1017.0,0.0
984,0.0,1892.0,3.673532962799072,36.99,64.04381561279297,2051.0,0.0,1367.0,14.520421028137209,100.0,64.45280456542969,986.0,0.0
985,0.0,1892.0,3.673532962799072,36.99,64.04381561279297,2051.0,0.0,1367.0,14.520421028137209,100.0,64.45280456542969,986.0,0.0
986,0.0,1892.0,3.673532962799072,36.99,64.04381561279297,2051.0,0.0,1367.0,14.520421028137209,100.0,64.45280456542969,986.0,0.0
987,0.0,1892.0,3.673532962799072,36.99,64.04381561279297,2051.0,0.0,1367.0,14.520421028137209,100.0,64.45280456542969,986.0,0.0
988,0.0,1892.0,3.673532962799072,36.99,64.04381561279297,2051.0,0.0,1367.0,14.520421028137209,100.0,64.45280456542969,986.0,0.0
989,0.0,1892.0,9.421331405639648,36.99,64.77339172363281,1615.0,0.0,1367.0,14.502307891845703,100.0,64.24359893798828,988.0,0.0
990,0.0,1892.0,9.421331405639648,36.99,64.77339172363281,1615.0,0.0,1367.0,14.502307891845703,100.0,64.24359893798828,988.0,0.0
991,0.0,1892.0,9.421331405639648,36.99,64.77339172363281,1615.0,0.0,1367.0,14.502307891845703,100.0,64.24359893798828,988.0,0.0
992,0.0,1892.0,9.421331405639648,36.99,64.77339172363281,1615.0,0.0,1367.0,14.502307891845703,100.0,64.24359893798828,988.0,0.0
993,0.0,1892.0,9.421331405639648,36.99,64.77339172363281,1615.0,0.0,1367.0,14.502307891845703,100.0,64.24359893798828,988.0,0.0
994,0.0,1892.0,11.189631462097168,36.99,68.07149505615234,2179.0,0.0,1367.0,5.6589579582214355,100.0,64.40547180175781,836.0,0.0
995,0.0,1892.0,11.189631462097168,36.99,68.07149505615234,2179.0,0.0,1367.0,5.6589579582214355,100.0,64.40547180175781,836.0,0.0
996,0.0,1892.0,11.189631462097168,36.99,68.07149505615234,2179.0,0.0,1367.0,5.6589579582214355,100.0,64.40547180175781,836.0,0.0
997,0.0,1892.0,11.189631462097168,36.99,68.07149505615234,2179.0,0.0,1367.0,5.6589579582214355,100.0,64.40547180175781,836.0,0.0
998,0.0,1892.0,11.189631462097168,36.99,68.07149505615234,2179.0,0.0,1367.0,5.6589579582214355,100.0,64.40547180175781,836.0,0.0
999,0.0,1892.0,14.44851303100586,36.99,66.10865020751953,2035.0,0.0,1367.0,0.1140198111534118,100.0,59.16886520385742,471.0,0.0
1000,0.0,1892.0,14.44851303100586,36.99,66.10865020751953,2035.0,0.0,1367.0,0.1140198111534118,100.0,59.16886520385742,471.0,0.0
1001,0.0,1892.0,14.44851303100586,36.99,66.10865020751953,2035.0,0.0,1367.0,0.1140198111534118,100.0,59.16886520385742,471.0,0.0
1002,0.0,1892.0,14.44851303100586,36.99,66.10865020751953,2035.0,0.0,1367.0,0.1140198111534118,100.0,59.16886520385742,471.0,0.0
1003,0.0,1892.0,14.44851303100586,36.99,66.10865020751953,2035.0,0.0,1367.0,0.1140198111534118,100.0,59.16886520385742,471.0,0.0
1004,0.0,1892.0,16.824867248535156,36.99,68.03962707519531,1776.0,0.0,1367.0,0.4549001455307007,100.0,59.04399871826172,457.0,0.0
1005,0.0,1892.0,16.824867248535156,36.99,68.03962707519531,1776.0,0.0,1367.0,0.4549001455307007,100.0,59.04399871826172,457.0,0.0
1006,0.0,1892.0,16.824867248535156,36.99,68.03962707519531,1776.0,0.0,1367.0,0.4549001455307007,100.0,59.04399871826172,457.0,0.0
1007,0.0,1892.0,16.824867248535156,36.99,68.03962707519531,1776.0,0.0,1367.0,0.4549001455307007,100.0,59.04399871826172,457.0,0.0
1008,0.0,1892.0,16.824867248535156,36.99,68.03962707519531,1776.0,0.0,1367.0,0.4549001455307007,100.0,59.04399871826172,457.0,0.0
1009,0.0,1892.0,19.254104614257812,36.99,68.82830047607422,2084.0,0.0,1367.0,0.337490439414978,100.0,58.95893096923828,469.0,0.0
1010,0.0,1892.0,19.254104614257812,36.99,68.82830047607422,2084.0,0.0,1367.0,0.337490439414978,100.0,58.95893096923828,469.0,0.0
1011,0.0,1892.0,19.254104614257812,36.99,68.82830047607422,2084.0,0.0,1367.0,0.337490439414978,100.0,58.95893096923828,469.0,0.0
1012,0.0,1892.0,19.254104614257812,36.99,68.82830047607422,2084.0,0.0,1367.0,0.337490439414978,100.0,58.95893096923828,469.0,0.0
1013,0.0,1892.0,19.254104614257812,36.99,68.82830047607422,2084.0,0.0,1367.0,0.337490439414978,100.0,58.95893096923828,469.0,0.0
1014,0.0,1892.0,12.521398544311523,36.99,70.6583251953125,2007.0,0.0,1367.0,13.752756118774414,100.0,59.03074264526367,938.0,0.0
1015,0.0,1892.0,12.521398544311523,36.99,70.6583251953125,2007.0,0.0,1367.0,13.752756118774414,100.0,59.03074264526367,938.0,0.0
1016,0.0,1892.0,12.521398544311523,36.99,70.6583251953125,2007.0,0.0,1367.0,13.752756118774414,100.0,59.03074264526367,938.0,0.0
1017,0.0,1892.0,12.521398544311523,36.99,70.6583251953125,2007.0,0.0,1367.0,13.752756118774414,100.0,59.03074264526367,938.0,0.0
1018,0.0,1892.0,12.521398544311523,36.99,70.6583251953125,2007.0,0.0,1367.0,13.752756118774414,100.0,59.03074264526367,938.0,0.0
1019,0.0,1892.0,5.823157787322998,36.99,66.49639129638672,2119.0,0.0,1367.0,24.1134033203125,100.0,67.87289428710938,1271.0,0.0
1020,0.0,1892.0,5.823157787322998,36.99,66.49639129638672,2119.0,0.0,1367.0,24.1134033203125,100.0,67.87289428710938,1271.0,0.0
1021,0.0,1892.0,5.823157787322998,36.99,66.49639129638672,2119.0,0.0,1367.0,24.1134033203125,100.0,67.87289428710938,1271.0,0.0
1022,0.0,1892.0,5.823157787322998,36.99,66.49639129638672,2119.0,0.0,1367.0,24.1134033203125,100.0,67.87289428710938,1271.0,0.0
1023,0.0,1892.0,5.823157787322998,36.99,66.49639129638672,2119.0,0.0,1367.0,24.1134033203125,100.0,67.87289428710938,1271.0,0.0
1024,0.0,1892.0,5.823157787322998,36.99,66.49639129638672,2119.0,0.0,1367.0,24.1134033203125,100.0,67.87289428710938,1271.0,0.0
1025,0.0,1892.0,6.17208194732666,36.99,65.66416931152344,1984.0,0.0,1367.0,18.231689453125,100.0,67.10858154296875,1104.0,0.0
1026,0.0,1892.0,6.17208194732666,36.99,65.66416931152344,1984.0,0.0,1367.0,18.231689453125,100.0,67.10858154296875,1104.0,0.0
1027,0.0,1892.0,6.17208194732666,36.99,65.66416931152344,1984.0,0.0,1367.0,18.231689453125,100.0,67.10858154296875,1104.0,0.0
1028,0.0,1892.0,6.17208194732666,36.99,65.66416931152344,1984.0,0.0,1367.0,18.231689453125,100.0,67.10858154296875,1104.0,0.0
1029,0.0,1892.0,6.17208194732666,36.99,65.66416931152344,1984.0,0.0,1367.0,18.231689453125,100.0,67.10858154296875,1104.0,0.0
1030,0.0,1892.0,4.553926944732666,36.99,65.35160827636719,2120.0,0.0,1367.0,15.660074234008787,100.0,65.13694763183594,1019.0,0.0
1031,0.0,1892.0,4.553926944732666,36.99,65.35160827636719,2120.0,0.0,1367.0,15.660074234008787,100.0,65.13694763183594,1019.0,0.0
1032,0.0,1892.0,4.553926944732666,36.99,65.35160827636719,2120.0,0.0,1367.0,15.660074234008787,100.0,65.13694763183594,1019.0,0.0
1033,0.0,1892.0,4.553926944732666,36.99,65.35160827636719,2120.0,0.0,1367.0,15.660074234008787,100.0,65.13694763183594,1019.0,0.0
1034,0.0,1892.0,4.553926944732666,36.99,65.35160827636719,2120.0,0.0,1367.0,15.660074234008787,100.0,65.13694763183594,1019.0,0.0
1035,0.0,1892.0,9.109115600585938,36.99,64.33374786376953,1878.0,0.0,1367.0,13.7938814163208,100.0,64.52318572998047,954.0,0.0
1036,0.0,1892.0,9.109115600585938,36.99,64.33374786376953,1878.0,0.0,1367.0,13.7938814163208,100.0,64.52318572998047,954.0,0.0
1037,0.0,1892.0,9.109115600585938,36.99,64.33374786376953,1878.0,0.0,1367.0,13.7938814163208,100.0,64.52318572998047,954.0,0.0
1038,0.0,1892.0,9.109115600585938,36.99,64.33374786376953,1878.0,0.0,1367.0,13.7938814163208,100.0,64.52318572998047,954.0,0.0
1039,0.0,1892.0,9.109115600585938,36.99,64.33374786376953,1878.0,0.0,1367.0,13.7938814163208,100.0,64.52318572998047,954.0,0.0
1040,0.0,1892.0,13.42581844329834,36.99,68.55308532714844,1677.0,0.0,1367.0,11.394225120544434,100.0,64.03878784179688,854.0,0.0
1041,0.0,1892.0,13.42581844329834,36.99,68.55308532714844,1677.0,0.0,1367.0,11.394225120544434,100.0,64.03878784179688,854.0,0.0
1042,0.0,1892.0,13.42581844329834,36.99,68.55308532714844,1677.0,0.0,1367.0,11.394225120544434,100.0,64.03878784179688,854.0,0.0
1043,0.0,1892.0,13.42581844329834,36.99,68.55308532714844,1677.0,0.0,1367.0,11.394225120544434,100.0,64.03878784179688,854.0,0.0
1044,0.0,1892.0,13.42581844329834,36.99,68.55308532714844,1677.0,0.0,1367.0,11.394225120544434,100.0,64.03878784179688,854.0,0.0
1045,0.0,1892.0,9.978528022766112,36.99,67.81331634521484,1846.0,0.0,1367.0,1.5130252838134766,100.0,63.64213943481445,656.0,0.0
1046,0.0,1892.0,9.978528022766112,36.99,67.81331634521484,1846.0,0.0,1367.0,1.5130252838134766,100.0,63.64213943481445,656.0,0.0
1047,0.0,1892.0,9.978528022766112,36.99,67.81331634521484,1846.0,0.0,1367.0,1.5130252838134766,100.0,63.64213943481445,656.0,0.0
1048,0.0,1892.0,9.978528022766112,36.99,67.81331634521484,1846.0,0.0,1367.0,1.5130252838134766,100.0,63.64213943481445,656.0,0.0
1049,0.0,1892.0,9.978528022766112,36.99,67.81331634521484,1846.0,0.0,1367.0,1.5130252838134766,100.0,63.64213943481445,656.0,0.0
1050,0.0,1892.0,14.826574325561523,36.99,64.55252075195312,2153.0,0.0,1367.0,0.1760095059871673,100.0,58.83458709716797,444.0,0.0
1051,0.0,1892.0,14.826574325561523,36.99,64.55252075195312,2153.0,0.0,1367.0,0.1760095059871673,100.0,58.83458709716797,444.0,0.0
1052,0.0,1892.0,14.826574325561523,36.99,64.55252075195312,2153.0,0.0,1367.0,0.1760095059871673,100.0,58.83458709716797,444.0,0.0
1053,0.0,1892.0,14.826574325561523,36.99,64.55252075195312,2153.0,0.0,1367.0,0.1760095059871673,100.0,58.83458709716797,444.0,0.0
1054,0.0,1892.0,14.826574325561523,36.99,64.55252075195312,2153.0,0.0,1367.0,0.1760095059871673,100.0,58.83458709716797,444.0,0.0
1055,0.0,1892.0,17.27124786376953,36.99,67.33444213867188,1461.0,0.0,1367.0,0.1393890976905822,100.0,58.46392822265625,493.0,0.0
1056,0.0,1892.0,17.27124786376953,36.99,67.33444213867188,1461.0,0.0,1367.0,0.1393890976905822,100.0,58.46392822265625,493.0,0.0
1057,0.0,1892.0,17.27124786376953,36.99,67.33444213867188,1461.0,0.0,1367.0,0.1393890976905822,100.0,58.46392822265625,493.0,0.0
1058,0.0,1892.0,17.27124786376953,36.99,67.33444213867188,1461.0,0.0,1367.0,0.1393890976905822,100.0,58.46392822265625,493.0,0.0
1059,0.0,1892.0,17.27124786376953,36.99,67.33444213867188,1461.0,0.0,1367.0,0.1393890976905822,100.0,58.46392822265625,493.0,0.0
1060,0.0,1892.0,19.988786697387695,36.99,68.10533905029297,1920.0,0.0,1367.0,0.2213236689567566,100.0,58.53371047973633,449.0,0.0
1061,0.0,1892.0,19.988786697387695,36.99,68.10533905029297,1920.0,0.0,1367.0,0.2213236689567566,100.0,58.53371047973633,449.0,0.0
1062,0.0,1892.0,19.988786697387695,36.99,68.10533905029297,1920.0,0.0,1367.0,0.2213236689567566,100.0,58.53371047973633,449.0,0.0
1063,0.0,1892.0,19.988786697387695,36.99,68.10533905029297,1920.0,0.0,1367.0,0.2213236689567566,100.0,58.53371047973633,449.0,0.0
1064,0.0,1892.0,19.988786697387695,36.99,68.10533905029297,1920.0,0.0,1367.0,0.2213236689567566,100.0,58.53371047973633,449.0,0.0
1065,0.0,1892.0,5.338255405426025,36.99,64.79908752441406,1759.0,0.0,1367.0,26.67251205444336,100.0,59.30098342895508,1337.0,0.0
1066,0.0,1892.0,5.338255405426025,36.99,64.79908752441406,1759.0,0.0,1367.0,26.67251205444336,100.0,59.30098342895508,1337.0,0.0
1067,0.0,1892.0,5.338255405426025,36.99,64.79908752441406,1759.0,0.0,1367.0,26.67251205444336,100.0,59.30098342895508,1337.0,0.0
1068,0.0,1892.0,5.338255405426025,36.99,64.79908752441406,1759.0,0.0,1367.0,26.67251205444336,100.0,59.30098342895508,1337.0,0.0
1069,0.0,1892.0,5.338255405426025,36.99,64.79908752441406,1759.0,0.0,1367.0,26.67251205444336,100.0,59.30098342895508,1337.0,0.0
1070,0.0,1892.0,5.338255405426025,36.99,64.79908752441406,1759.0,0.0,1367.0,26.67251205444336,100.0,59.30098342895508,1337.0,0.0
1071,0.0,1892.0,5.471530437469482,36.99,64.74365997314453,1773.0,0.0,1367.0,21.42984962463379,100.0,66.68400573730469,1201.0,0.0
1072,0.0,1892.0,5.471530437469482,36.99,64.74365997314453,1773.0,0.0,1367.0,21.42984962463379,100.0,66.68400573730469,1201.0,0.0
1073,0.0,1892.0,5.471530437469482,36.99,64.74365997314453,1773.0,0.0,1367.0,21.42984962463379,100.0,66.68400573730469,1201.0,0.0
1074,0.0,1892.0,5.471530437469482,36.99,64.74365997314453,1773.0,0.0,1367.0,21.42984962463379,100.0,66.68400573730469,1201.0,0.0
1075,0.0,1892.0,5.471530437469482,36.99,64.74365997314453,1773.0,0.0,1367.0,21.42984962463379,100.0,66.68400573730469,1201.0,0.0
1076,0.0,1892.0,5.559500217437744,36.99,64.63818359375,1831.0,0.0,1367.0,17.571834564208984,100.0,65.03784942626953,1085.0,0.0
1077,0.0,1892.0,5.559500217437744,36.99,64.63818359375,1831.0,0.0,1367.0,17.571834564208984,100.0,65.03784942626953,1085.0,0.0
1078,0.0,1892.0,5.559500217437744,36.99,64.63818359375,1831.0,0.0,1367.0,17.571834564208984,100.0,65.03784942626953,1085.0,0.0
1079,0.0,1892.0,5.559500217437744,36.99,64.63818359375,1831.0,0.0,1367.0,17.571834564208984,100.0,65.03784942626953,1085.0,0.0
1080,0.0,1892.0,5.559500217437744,36.99,64.63818359375,1831.0,0.0,1367.0,17.571834564208984,100.0,65.03784942626953,1085.0,0.0
1081,0.0,1892.0,6.23836088180542,36.99,64.73860168457031,2079.0,0.0,1367.0,16.123640060424805,100.0,64.27681732177734,1033.0,0.0
1082,0.0,1892.0,6.23836088180542,36.99,64.73860168457031,2079.0,0.0,1367.0,16.123640060424805,100.0,64.27681732177734,1033.0,0.0
1083,0.0,1892.0,6.23836088180542,36.99,64.73860168457031,2079.0,0.0,1367.0,16.123640060424805,100.0,64.27681732177734,1033.0,0.0
1084,0.0,1892.0,6.23836088180542,36.99,64.73860168457031,2079.0,0.0,1367.0,16.123640060424805,100.0,64.27681732177734,1033.0,0.0
1085,0.0,1892.0,6.23836088180542,36.99,64.73860168457031,2079.0,0.0,1367.0,16.123640060424805,100.0,64.27681732177734,1033.0,0.0
1086,0.0,1892.0,7.936558723449707,36.99,64.95848083496094,2001.0,0.0,1367.0,15.141529083251951,100.0,63.85968017578125,1006.0,0.0
1087,0.0,1892.0,7.936558723449707,36.99,64.95848083496094,2001.0,0.0,1367.0,15.141529083251951,100.0,63.85968017578125,1006.0,0.0
1088,0.0,1892.0,7.936558723449707,36.99,64.95848083496094,2001.0,0.0,1367.0,15.141529083251951,100.0,63.85968017578125,1006.0,0.0
1089,0.0,1892.0,7.936558723449707,36.99,64.95848083496094,2001.0,0.0,1367.0,15.141529083251951,100.0,63.85968017578125,1006.0,0.0
1090,0.0,1892.0,7.936558723449707,36.99,64.95848083496094,2001.0,0.0,1367.0,15.141529083251951,100.0,63.85968017578125,1006.0,0.0
1091,0.0,1892.0,12.073086738586426,36.99,67.2503433227539,2117.0,0.0,1367.0,8.799667358398438,100.0,63.89362716674805,959.0,0.0
1092,0.0,1892.0,12.073086738586426,36.99,67.2503433227539,2117.0,0.0,1367.0,8.799667358398438,100.0,63.89362716674805,959.0,0.0
1093,0.0,1892.0,12.073086738586426,36.99,67.2503433227539,2117.0,0.0,1367.0,8.799667358398438,100.0,63.89362716674805,959.0,0.0
1094,0.0,1892.0,12.073086738586426,36.99,67.2503433227539,2117.0,0.0,1367.0,8.799667358398438,100.0,63.89362716674805,959.0,0.0
1095,0.0,1892.0,12.073086738586426,36.99,67.2503433227539,2117.0,0.0,1367.0,8.799667358398438,100.0,63.89362716674805,959.0,0.0
1096,0.0,1892.0,12.569459915161133,36.99,64.42483520507812,2146.0,0.0,1367.0,0.0984750390052795,100.0,58.32038497924805,520.0,0.0
1097,0.0,1892.0,12.569459915161133,36.99,64.42483520507812,2146.0,0.0,1367.0,0.0984750390052795,100.0,58.32038497924805,520.0,0.0
1098,0.0,1892.0,12.569459915161133,36.99,64.42483520507812,2146.0,0.0,1367.0,0.0984750390052795,100.0,58.32038497924805,520.0,0.0
1099,0.0,1892.0,12.569459915161133,36.99,64.42483520507812,2146.0,0.0,1367.0,0.0984750390052795,100.0,58.32038497924805,520.0,0.0
1100,0.0,1892.0,12.569459915161133,36.99,64.42483520507812,2146.0,0.0,1367.0,0.0984750390052795,100.0,58.32038497924805,520.0,0.0
1101,0.0,1892.0,17.600950241088867,36.99,67.16082000732422,2134.0,0.0,1367.0,0.0716502591967582,100.0,57.94643020629883,471.0,0.0
1102,0.0,1892.0,17.600950241088867,36.99,67.16082000732422,2134.0,0.0,1367.0,0.0716502591967582,100.0,57.94643020629883,471.0,0.0
1103,0.0,1892.0,17.600950241088867,36.99,67.16082000732422,2134.0,0.0,1367.0,0.0716502591967582,100.0,57.94643020629883,471.0,0.0
1104,0.0,1892.0,17.600950241088867,36.99,67.16082000732422,2134.0,0.0,1367.0,0.0716502591967582,100.0,57.94643020629883,471.0,0.0
1105,0.0,1892.0,17.600950241088867,36.99,67.16082000732422,2134.0,0.0,1367.0,0.0716502591967582,100.0,57.94643020629883,471.0,0.0
1106,0.0,1892.0,21.457263946533203,36.99,70.25267791748047,1658.0,0.0,1367.0,0.146251231431961,100.0,58.0981330871582,444.0,0.0
1107,0.0,1892.0,21.457263946533203,36.99,70.25267791748047,1658.0,0.0,1367.0,0.146251231431961,100.0,58.0981330871582,444.0,0.0
1108,0.0,1892.0,21.457263946533203,36.99,70.25267791748047,1658.0,0.0,1367.0,0.146251231431961,100.0,58.0981330871582,444.0,0.0
1109,0.0,1892.0,21.457263946533203,36.99,70.25267791748047,1658.0,0.0,1367.0,0.146251231431961,100.0,58.0981330871582,444.0,0.0
1110,0.0,1892.0,21.457263946533203,36.99,70.25267791748047,1658.0,0.0,1367.0,0.146251231431961,100.0,58.0981330871582,444.0,0.0
1111,0.0,1892.0,17.93625259399414,36.99,71.70143127441406,2004.0,0.0,1367.0,10.313070297241213,100.0,58.87221145629883,890.0,0.0
1112,0.0,1892.0,17.93625259399414,36.99,71.70143127441406,2004.0,0.0,1367.0,10.313070297241213,100.0,58.87221145629883,890.0,0.0
1113,0.0,1892.0,17.93625259399414,36.99,71.70143127441406,2004.0,0.0,1367.0,10.313070297241213,100.0,58.87221145629883,890.0,0.0
1114,0.0,1892.0,17.93625259399414,36.99,71.70143127441406,2004.0,0.0,1367.0,10.313070297241213,100.0,58.87221145629883,890.0,0.0
1115,0.0,1892.0,17.93625259399414,36.99,71.70143127441406,2004.0,0.0,1367.0,10.313070297241213,100.0,58.87221145629883,890.0,0.0
1116,0.0,1892.0,11.242502212524414,36.99,67.97132873535156,1912.0,0.0,1367.0,22.680988311767575,100.0,67.9178466796875,1225.0,0.0
1117,0.0,1892.0,11.242502212524414,36.99,67.97132873535156,1912.0,0.0,1367.0,22.680988311767575,100.0,67.9178466796875,1225.0,0.0
1118,0.0,1892.0,11.242502212524414,36.99,67.97132873535156,1912.0,0.0,1367.0,22.680988311767575,100.0,67.9178466796875,1225.0,0.0
1119,0.0,1892.0,11.242502212524414,36.99,67.97132873535156,1912.0,0.0,1367.0,22.680988311767575,100.0,67.9178466796875,1225.0,0.0
1120,0.0,1892.0,11.242502212524414,36.99,67.97132873535156,1912.0,0.0,1367.0,22.680988311767575,100.0,67.9178466796875,1225.0,0.0
1121,0.0,1892.0,8.167834281921387,36.99,68.7579116821289,2080.0,0.0,1367.0,15.045141220092772,100.0,65.3337631225586,1001.0,0.0
1122,0.0,1892.0,8.167834281921387,36.99,68.7579116821289,2080.0,0.0,1367.0,15.045141220092772,100.0,65.3337631225586,1001.0,0.0
1123,0.0,1892.0,8.167834281921387,36.99,68.7579116821289,2080.0,0.0,1367.0,15.045141220092772,100.0,65.3337631225586,1001.0,0.0
1124,0.0,1892.0,8.167834281921387,36.99,68.7579116821289,2080.0,0.0,1367.0,15.045141220092772,100.0,65.3337631225586,1001.0,0.0
1125,0.0,1892.0,8.167834281921387,36.99,68.7579116821289,2080.0,0.0,1367.0,15.045141220092772,100.0,65.3337631225586,1001.0,0.0
1126,0.0,1892.0,5.336149215698242,36.99,64.20775604248047,2065.0,0.0,1367.0,14.906761169433594,100.0,63.833526611328125,996.0,0.0
1127,0.0,1892.0,5.336149215698242,36.99,64.20775604248047,2065.0,0.0,1367.0,14.906761169433594,100.0,63.833526611328125,996.0,0.0
1128,0.0,1892.0,5.336149215698242,36.99,64.20775604248047,2065.0,0.0,1367.0,14.906761169433594,100.0,63.833526611328125,996.0,0.0
1129,0.0,1892.0,5.336149215698242,36.99,64.20775604248047,2065.0,0.0,1367.0,14.906761169433594,100.0,63.833526611328125,996.0,0.0
1130,0.0,1892.0,5.336149215698242,36.99,64.20775604248047,2065.0,0.0,1367.0,14.906761169433594,100.0,63.833526611328125,996.0,0.0
1131,0.0,1892.0,5.336149215698242,36.99,64.20775604248047,2065.0,0.0,1367.0,14.906761169433594,100.0,63.833526611328125,996.0,0.0
1132,0.0,1892.0,4.563633441925049,36.99,64.51319122314453,1864.0,0.0,1367.0,15.282974243164062,100.0,63.779762268066406,1008.0,0.0
1133,0.0,1892.0,4.563633441925049,36.99,64.51319122314453,1864.0,0.0,1367.0,15.282974243164062,100.0,63.779762268066406,1008.0,0.0
1134,0.0,1892.0,4.563633441925049,36.99,64.51319122314453,1864.0,0.0,1367.0,15.282974243164062,100.0,63.779762268066406,1008.0,0.0
1135,0.0,1892.0,4.563633441925049,36.99,64.51319122314453,1864.0,0.0,1367.0,15.282974243164062,100.0,63.779762268066406,1008.0,0.0
1136,0.0,1892.0,4.563633441925049,36.99,64.51319122314453,1864.0,0.0,1367.0,15.282974243164062,100.0,63.779762268066406,1008.0,0.0
1137,0.0,1892.0,10.77922534942627,36.99,64.3727798461914,1929.0,0.0,1367.0,15.651585578918455,100.0,63.71923065185547,1024.0,0.0
1138,0.0,1892.0,10.77922534942627,36.99,64.3727798461914,1929.0,0.0,1367.0,15.651585578918455,100.0,63.71923065185547,1024.0,0.0
1139,0.0,1892.0,10.77922534942627,36.99,64.3727798461914,1929.0,0.0,1367.0,15.651585578918455,100.0,63.71923065185547,1024.0,0.0
1140,0.0,1892.0,10.77922534942627,36.99,64.3727798461914,1929.0,0.0,1367.0,15.651585578918455,100.0,63.71923065185547,1024.0,0.0
1141,0.0,1892.0,10.77922534942627,36.99,64.3727798461914,1929.0,0.0,1367.0,15.651585578918455,100.0,63.71923065185547,1024.0,0.0
1142,0.0,1892.0,12.184176445007324,36.99,66.51749420166016,2116.0,0.0,1367.0,3.0344021320343018,100.0,63.90196990966797,726.0,0.0
1143,0.0,1892.0,12.184176445007324,36.99,66.51749420166016,2116.0,0.0,1367.0,3.0344021320343018,100.0,63.90196990966797,726.0,0.0
1144,0.0,1892.0,12.184176445007324,36.99,66.51749420166016,2116.0,0.0,1367.0,3.0344021320343018,100.0,63.90196990966797,726.0,0.0
1145,0.0,1892.0,12.184176445007324,36.99,66.51749420166016,2116.0,0.0,1367.0,3.0344021320343018,100.0,63.90196990966797,726.0,0.0
1146,0.0,1892.0,12.184176445007324,36.99,66.51749420166016,2116.0,0.0,1367.0,3.0344021320343018,100.0,63.90196990966797,726.0,0.0
1147,0.0,1892.0,16.03972625732422,36.99,65.87299346923828,2126.0,0.0,1367.0,0.6059914231300354,100.0,58.427696228027344,500.0,0.0
1148,0.0,1892.0,16.03972625732422,36.99,65.87299346923828,2126.0,0.0,1367.0,0.6059914231300354,100.0,58.427696228027344,500.0,0.0
1149,0.0,1892.0,16.03972625732422,36.99,65.87299346923828,2126.0,0.0,1367.0,0.6059914231300354,100.0,58.427696228027344,500.0,0.0
1150,0.0,1892.0,16.03972625732422,36.99,65.87299346923828,2126.0,0.0,1367.0,0.6059914231300354,100.0,58.427696228027344,500.0,0.0
1151,0.0,1892.0,16.03972625732422,36.99,65.87299346923828,2126.0,0.0,1367.0,0.6059914231300354,100.0,58.427696228027344,500.0,0.0
1152,0.0,1892.0,18.54607391357422,36.99,67.6596450805664,1806.0,0.0,1367.0,0.0137842250987887,100.0,58.45856475830078,505.0,0.0
1153,0.0,1892.0,18.54607391357422,36.99,67.6596450805664,1806.0,0.0,1367.0,0.0137842250987887,100.0,58.45856475830078,505.0,0.0
1154,0.0,1892.0,18.54607391357422,36.99,67.6596450805664,1806.0,0.0,1367.0,0.0137842250987887,100.0,58.45856475830078,505.0,0.0
1155,0.0,1892.0,18.54607391357422,36.99,67.6596450805664,1806.0,0.0,1367.0,0.0137842250987887,100.0,58.45856475830078,505.0,0.0
1156,0.0,1892.0,18.54607391357422,36.99,67.6596450805664,1806.0,0.0,1367.0,0.0137842250987887,100.0,58.45856475830078,505.0,0.0
1157,0.0,1892.0,22.79356384277344,36.99,69.5508804321289,1943.0,0.0,1367.0,0.3797444701194763,100.0,58.13187789916992,462.0,0.0
1158,0.0,1892.0,22.79356384277344,36.99,69.5508804321289,1943.0,0.0,1367.0,0.3797444701194763,100.0,58.13187789916992,462.0,0.0
1159,0.0,1892.0,22.79356384277344,36.99,69.5508804321289,1943.0,0.0,1367.0,0.3797444701194763,100.0,58.13187789916992,462.0,0.0
1160,0.0,1892.0,22.79356384277344,36.99,69.5508804321289,1943.0,0.0,1367.0,0.3797444701194763,100.0,58.13187789916992,462.0,0.0
1161,0.0,1892.0,22.79356384277344,36.99,69.5508804321289,1943.0,0.0,1367.0,0.3797444701194763,100.0,58.13187789916992,462.0,0.0
1162,0.0009293680777773,1892.0,10.16352653503418,36.99,71.60250854492188,2122.0,0.0,1367.0,21.199153900146484,100.0,58.60017776489258,1131.0,0.0
1163,0.0009293680777773,1892.0,10.16352653503418,36.99,71.60250854492188,2122.0,0.0,1367.0,21.199153900146484,100.0,58.60017776489258,1131.0,0.0
1164,0.0009293680777773,1892.0,10.16352653503418,36.99,71.60250854492188,2122.0,0.0,1367.0,21.199153900146484,100.0,58.60017776489258,1131.0,0.0
1165,0.0009293680777773,1892.0,10.16352653503418,36.99,71.60250854492188,2122.0,0.0,1367.0,21.199153900146484,100.0,58.60017776489258,1131.0,0.0
1166,0.0009293680777773,1892.0,10.16352653503418,36.99,71.60250854492188,2122.0,0.0,1367.0,21.199153900146484,100.0,58.60017776489258,1131.0,0.0
1167,0.0,1892.0,7.755655765533447,36.99,65.90836334228516,2060.0,0.0,1367.0,23.67815399169922,100.0,67.92818450927734,1257.0,0.0
1168,0.0,1892.0,7.755655765533447,36.99,65.90836334228516,2060.0,0.0,1367.0,23.67815399169922,100.0,67.92818450927734,1257.0,0.0
1169,0.0,1892.0,7.755655765533447,36.99,65.90836334228516,2060.0,0.0,1367.0,23.67815399169922,100.0,67.92818450927734,1257.0,0.0
1170,0.0,1892.0,7.755655765533447,36.99,65.90836334228516,2060.0,0.0,1367.0,23.67815399169922,100.0,67.92818450927734,1257.0,0.0
1171,0.0,1892.0,7.755655765533447,36.99,65.90836334228516,2060.0,0.0,1367.0,23.67815399169922,100.0,67.92818450927734,1257.0,0.0
1172,0.0,1892.0,10.487733840942385,36.99,67.17591094970703,1998.0,0.0,1367.0,15.655996322631836,100.0,66.79124450683594,1020.0,0.0
1173,0.0,1892.0,10.487733840942385,36.99,67.17591094970703,1998.0,0.0,1367.0,15.655996322631836,100.0,66.79124450683594,1020.0,0.0
1174,0.0,1892.0,10.487733840942385,36.99,67.17591094970703,1998.0,0.0,1367.0,15.655996322631836,100.0,66.79124450683594,1020.0,0.0
1175,0.0,1892.0,10.487733840942385,36.99,67.17591094970703,1998.0,0.0,1367.0,15.655996322631836,100.0,66.79124450683594,1020.0,0.0
1176,0.0,1892.0,10.487733840942385,36.99,67.17591094970703,1998.0,0.0,1367.0,15.655996322631836,100.0,66.79124450683594,1020.0,0.0
1177,0.0,1892.0,8.579527854919434,36.99,67.87336730957031,1805.0,0.0,1367.0,13.796442985534668,100.0,64.40660095214844,955.0,0.0
1178,0.0,1892.0,8.579527854919434,36.99,67.87336730957031,1805.0,0.0,1367.0,13.796442985534668,100.0,64.40660095214844,955.0,0.0
1179,0.0,1892.0,8.579527854919434,36.99,67.87336730957031,1805.0,0.0,1367.0,13.796442985534668,100.0,64.40660095214844,955.0,0.0
1180,0.0,1892.0,8.579527854919434,36.99,67.87336730957031,1805.0,0.0,1367.0,13.796442985534668,100.0,64.40660095214844,955.0,0.0
1181,0.0,1892.0,8.579527854919434,36.99,67.87336730957031,1805.0,0.0,1367.0,13.796442985534668,100.0,64.40660095214844,955.0,0.0
1182,0.0,1892.0,4.6896162033081055,36.99,66.40238189697266,1556.0,0.0,1367.0,14.205345153808594,100.0,63.577545166015625,980.0,0.0
1183,0.0,1892.0,4.6896162033081055,36.99,66.40238189697266,1556.0,0.0,1367.0,14.205345153808594,100.0,63.577545166015625,980.0,0.0
1184,0.0,1892.0,4.6896162033081055,36.99,66.40238189697266,1556.0,0.0,1367.0,14.205345153808594,100.0,63.577545166015625,980.0,0.0
1185,0.0,1892.0,4.6896162033081055,36.99,66.40238189697266,1556.0,0.0,1367.0,14.205345153808594,100.0,63.577545166015625,980.0,0.0
1186,0.0,1892.0,4.6896162033081055,36.99,66.40238189697266,1556.0,0.0,1367.0,14.205345153808594,100.0,63.577545166015625,980.0,0.0
1187,0.0,1892.0,4.6896162033081055,36.99,66.40238189697266,1556.0,0.0,1367.0,14.205345153808594,100.0,63.577545166015625,980.0,0.0
1188,0.0,1892.0,13.283529281616213,36.99,64.14942169189453,1596.0,0.0,1367.0,12.869112014770508,100.0,63.3961067199707,1010.0,0.0
1189,0.0,1892.0,13.283529281616213,36.99,64.14942169189453,1596.0,0.0,1367.0,12.869112014770508,100.0,63.3961067199707,1010.0,0.0
1190,0.0,1892.0,13.283529281616213,36.99,64.14942169189453,1596.0,0.0,1367.0,12.869112014770508,100.0,63.3961067199707,1010.0,0.0
1191,0.0,1892.0,13.283529281616213,36.99,64.14942169189453,1596.0,0.0,1367.0,12.869112014770508,100.0,63.3961067199707,1010.0,0.0
1192,0.0,1892.0,13.283529281616213,36.99,64.14942169189453,1596.0,0.0,1367.0,12.869112014770508,100.0,63.3961067199707,1010.0,0.0
1193,0.0,1892.0,12.19670581817627,36.99,65.23179626464844,1725.0,0.0,1367.0,0.1526855379343032,100.0,58.05278778076172,562.0,0.0
1194,0.0,1892.0,12.19670581817627,36.99,65.23179626464844,1725.0,0.0,1367.0,0.1526855379343032,100.0,58.05278778076172,562.0,0.0
1195,0.0,1892.0,12.19670581817627,36.99,65.23179626464844,1725.0,0.0,1367.0,0.1526855379343032,100.0,58.05278778076172,562.0,0.0
1196,0.0,1892.0,12.19670581817627,36.99,65.23179626464844,1725.0,0.0,1367.0,0.1526855379343032,100.0,58.05278778076172,562.0,0.0
1197,0.0,1892.0,12.19670581817627,36.99,65.23179626464844,1725.0,0.0,1367.0,0.1526855379343032,100.0,58.05278778076172,562.0,0.0
1198,0.0,1892.0,19.128231048583984,36.99,69.13516998291016,1841.0,0.0,1367.0,0.1706625670194625,100.0,58.16065216064453,543.0,0.0
1199,0.0,1892.0,19.128231048583984,36.99,69.13516998291016,1841.0,0.0,1367.0,0.1706625670194625,100.0,58.16065216064453,543.0,0.0
1200,0.0,1892.0,19.128231048583984,36.99,69.13516998291016,1841.0,0.0,1367.0,0.1706625670194625,100.0,58.16065216064453,543.0,0.0
1201,0.0,1892.0,19.128231048583984,36.99,69.13516998291016,1841.0,0.0,1367.0,0.1706625670194625,100.0,58.16065216064453,543.0,0.0
1202,0.0,1892.0,19.128231048583984,36.99,69.13516998291016,1841.0,0.0,1367.0,0.1706625670194625,100.0,58.16065216064453,543.0,0.0
1203,0.0,1892.0,22.15580368041992,36.99,71.142333984375,2276.0,0.0,1367.0,0.3116269111633301,100.0,58.45808029174805,488.0,0.0
1204,0.0,1892.0,22.15580368041992,36.99,71.142333984375,2276.0,0.0,1367.0,0.3116269111633301,100.0,58.45808029174805,488.0,0.0
1205,0.0,1892.0,22.15580368041992,36.99,71.142333984375,2276.0,0.0,1367.0,0.3116269111633301,100.0,58.45808029174805,488.0,0.0
1206,0.0,1892.0,22.15580368041992,36.99,71.142333984375,2276.0,0.0,1367.0,0.3116269111633301,100.0,58.45808029174805,488.0,0.0
1207,0.0,1892.0,22.15580368041992,36.99,71.142333984375,2276.0,0.0,1367.0,0.3116269111633301,100.0,58.45808029174805,488.0,0.0
1208,0.0,1892.0,19.60503387451172,36.99,70.52136993408203,1999.0,0.0,1367.0,4.038032054901123,100.0,58.810302734375,633.0,0.0
1209,0.0,1892.0,19.60503387451172,36.99,70.52136993408203,1999.0,0.0,1367.0,4.038032054901123,100.0,58.810302734375,633.0,0.0
1210,0.0,1892.0,19.60503387451172,36.99,70.52136993408203,1999.0,0.0,1367.0,4.038032054901123,100.0,58.810302734375,633.0,0.0
1211,0.0,1892.0,19.60503387451172,36.99,70.52136993408203,1999.0,0.0,1367.0,4.038032054901123,100.0,58.810302734375,633.0,0.0
1212,0.0,1892.0,19.60503387451172,36.99,70.52136993408203,1999.0,0.0,1367.0,4.038032054901123,100.0,58.810302734375,633.0,0.0
1213,0.0,1892.0,5.939306259155273,36.99,65.83941650390625,2005.0,0.0,1367.0,27.678478240966797,100.0,68.11723327636719,1355.0,0.0
1214,0.0,1892.0,5.939306259155273,36.99,65.83941650390625,2005.0,0.0,1367.0,27.678478240966797,100.0,68.11723327636719,1355.0,0.0
1215,0.0,1892.0,5.939306259155273,36.99,65.83941650390625,2005.0,0.0,1367.0,27.678478240966797,100.0,68.11723327636719,1355.0,0.0
1216,0.0,1892.0,5.939306259155273,36.99,65.83941650390625,2005.0,0.0,1367.0,27.678478240966797,100.0,68.11723327636719,1355.0,0.0
1217,0.0,1892.0,5.939306259155273,36.99,65.83941650390625,2005.0,0.0,1367.0,27.678478240966797,100.0,68.11723327636719,1355.0,0.0
1218,0.0,1892.0,6.060003757476807,36.99,64.79043579101562,1762.0,0.0,1367.0,23.304359436035156,100.0,67.59226989746094,1249.0,0.0
1219,0.0,1892.0,6.060003757476807,36.99,64.79043579101562,1762.0,0.0,1367.0,23.304359436035156,100.0,67.59226989746094,1249.0,0.0
1220,0.0,1892.0,6.060003757476807,36.99,64.79043579101562,1762.0,0.0,1367.0,23.304359436035156,100.0,67.59226989746094,1249.0,0.0
1221,0.0,1892.0,6.060003757476807,36.99,64.79043579101562,1762.0,0.0,1367.0,23.304359436035156,100.0,67.59226989746094,1249.0,0.0
1222,0.0,1892.0,6.060003757476807,36.99,64.79043579101562,1762.0,0.0,1367.0,23.304359436035156,100.0,67.59226989746094,1249.0,0.0
1223,0.0,1892.0,5.414905071258545,36.99,64.05375671386719,1993.0,0.0,1367.0,19.910423278808594,100.0,66.13897705078125,1157.0,0.0
1224,0.0,1892.0,5.414905071258545,36.99,64.05375671386719,1993.0,0.0,1367.0,19.910423278808594,100.0,66.13897705078125,1157.0,0.0
1225,0.0,1892.0,5.414905071258545,36.99,64.05375671386719,1993.0,0.0,1367.0,19.910423278808594,100.0,66.13897705078125,1157.0,0.0
1226,0.0,1892.0,5.414905071258545,36.99,64.05375671386719,1993.0,0.0,1367.0,19.910423278808594,100.0,66.13897705078125,1157.0,0.0
1227,0.0,1892.0,5.414905071258545,36.99,64.05375671386719,1993.0,0.0,1367.0,19.910423278808594,100.0,66.13897705078125,1157.0,0.0
1228,0.0,1892.0,5.791552543640137,36.99,64.44741821289062,2327.0,0.0,1367.0,18.580141067504883,100.0,65.31295776367188,1117.0,0.0
1229,0.0,1892.0,5.791552543640137,36.99,64.44741821289062,2327.0,0.0,1367.0,18.580141067504883,100.0,65.31295776367188,1117.0,0.0
1230,0.0,1892.0,5.791552543640137,36.99,64.44741821289062,2327.0,0.0,1367.0,18.580141067504883,100.0,65.31295776367188,1117.0,0.0
1231,0.0,1892.0,5.791552543640137,36.99,64.44741821289062,2327.0,0.0,1367.0,18.580141067504883,100.0,65.31295776367188,1117.0,0.0
1232,0.0,1892.0,5.791552543640137,36.99,64.44741821289062,2327.0,0.0,1367.0,18.580141067504883,100.0,65.31295776367188,1117.0,0.0
1233,0.0,1892.0,11.39246654510498,36.99,65.2969741821289,2342.0,0.0,1367.0,17.888362884521484,100.0,64.94600677490234,1095.0,0.0
1234,0.0,1892.0,11.39246654510498,36.99,65.2969741821289,2342.0,0.0,1367.0,17.888362884521484,100.0,64.94600677490234,1095.0,0.0
1235,0.0,1892.0,11.39246654510498,36.99,65.2969741821289,2342.0,0.0,1367.0,17.888362884521484,100.0,64.94600677490234,1095.0,0.0
1236,0.0,1892.0,11.39246654510498,36.99,65.2969741821289,2342.0,0.0,1367.0,17.888362884521484,100.0,64.94600677490234,1095.0,0.0
1237,0.0,1892.0,11.39246654510498,36.99,65.2969741821289,2342.0,0.0,1367.0,17.888362884521484,100.0,64.94600677490234,1095.0,0.0
1238,0.0,1892.0,15.140130996704102,36.99,68.8895034790039,1737.0,0.0,1367.0,6.094966411590576,100.0,64.7568359375,743.0,0.0
1239,0.0,1892.0,15.140130996704102,36.99,68.8895034790039,1737.0,0.0,1367.0,6.094966411590576,100.0,64.7568359375,743.0,0.0
1240,0.0,1892.0,15.140130996704102,36.99,68.8895034790039,1737.0,0.0,1367.0,6.094966411590576,100.0,64.7568359375,743.0,0.0
1241,0.0,1892.0,15.140130996704102,36.99,68.8895034790039,1737.0,0.0,1367.0,6.094966411590576,100.0,64.7568359375,743.0,0.0
1242,0.0,1892.0,15.140130996704102,36.99,68.8895034790039,1737.0,0.0,1367.0,6.094966411590576,100.0,64.7568359375,743.0,0.0
1243,0.0,1892.0,15.140130996704102,36.99,68.8895034790039,1737.0,0.0,1367.0,6.094966411590576,100.0,64.7568359375,743.0,0.0
1244,0.0,1892.0,16.89682960510254,36.99,68.03662872314453,1866.0,0.0,1367.0,0.2058365792036056,100.0,58.9693717956543,444.0,0.0
1245,0.0,1892.0,16.89682960510254,36.99,68.03662872314453,1866.0,0.0,1367.0,0.2058365792036056,100.0,58.9693717956543,444.0,0.0
1246,0.0,1892.0,16.89682960510254,36.99,68.03662872314453,1866.0,0.0,1367.0,0.2058365792036056,100.0,58.9693717956543,444.0,0.0
1247,0.0,1892.0,16.89682960510254,36.99,68.03662872314453,1866.0,0.0,1367.0,0.2058365792036056,100.0,58.9693717956543,444.0,0.0
1248,0.0,1892.0,16.89682960510254,36.99,68.03662872314453,1866.0,0.0,1367.0,0.2058365792036056,100.0,58.9693717956543,444.0,0.0
1249,0.0,1892.0,19.383541107177734,36.99,68.59764099121094,2207.0,0.0,1367.0,0.2559029757976532,100.0,58.472930908203125,495.0,0.0
1250,0.0,1892.0,19.383541107177734,36.99,68.59764099121094,2207.0,0.0,1367.0,0.2559029757976532,100.0,58.472930908203125,495.0,0.0
1251,0.0,1892.0,19.383541107177734,36.99,68.59764099121094,2207.0,0.0,1367.0,0.2559029757976532,100.0,58.472930908203125,495.0,0.0
1252,0.0,1892.0,19.383541107177734,36.99,68.59764099121094,2207.0,0.0,1367.0,0.2559029757976532,100.0,58.472930908203125,495.0,0.0
1253,0.0,1892.0,19.383541107177734,36.99,68.59764099121094,2207.0,0.0,1367.0,0.2559029757976532,100.0,58.472930908203125,495.0,0.0
1254,0.0,1892.0,22.309066772460938,36.99,70.88976287841797,1787.0,0.0,1367.0,0.045033011585474,100.0,58.56586837768555,444.0,0.0
1255,0.0,1892.0,22.309066772460938,36.99,70.88976287841797,1787.0,0.0,1367.0,0.045033011585474,100.0,58.56586837768555,444.0,0.0
1256,0.0,1892.0,22.309066772460938,36.99,70.88976287841797,1787.0,0.0,1367.0,0.045033011585474,100.0,58.56586837768555,444.0,0.0
1257,0.0,1892.0,22.309066772460938,36.99,70.88976287841797,1787.0,0.0,1367.0,0.045033011585474,100.0,58.56586837768555,444.0,0.0
1258,0.0,1892.0,22.309066772460938,36.99,70.88976287841797,1787.0,0.0,1367.0,0.045033011585474,100.0,58.56586837768555,444.0,0.0
1259,0.0,1892.0,13.171152114868164,36.99,70.73160552978516,1837.0,0.0,1367.0,14.75942039489746,100.0,58.56748580932617,966.0,0.0
1260,0.0,1892.0,13.171152114868164,36.99,70.73160552978516,1837.0,0.0,1367.0,14.75942039489746,100.0,58.56748580932617,966.0,0.0
1261,0.0,1892.0,13.171152114868164,36.99,70.73160552978516,1837.0,0.0,1367.0,14.75942039489746,100.0,58.56748580932617,966.0,0.0
1262,0.0,1892.0,13.171152114868164,36.99,70.73160552978516,1837.0,0.0,1367.0,14.75942039489746,100.0,58.56748580932617,966.0,0.0
1263,0.0,1892.0,13.171152114868164,36.99,70.73160552978516,1837.0,0.0,1367.0,14.75942039489746,100.0,58.56748580932617,966.0,0.0
1264,0.0,1892.0,6.163819313049316,36.99,65.02029418945312,1822.0,0.0,1367.0,27.248388290405273,100.0,68.17280578613281,1340.0,0.0
1265,0.0,1892.0,6.163819313049316,36.99,65.02029418945312,1822.0,0.0,1367.0,27.248388290405273,100.0,68.17280578613281,1340.0,0.0
1266,0.0,1892.0,6.163819313049316,36.99,65.02029418945312,1822.0,0.0,1367.0,27.248388290405273,100.0,68.17280578613281,1340.0,0.0
1267,0.0,1892.0,6.163819313049316,36.99,65.02029418945312,1822.0,0.0,1367.0,27.248388290405273,100.0,68.17280578613281,1340.0,0.0
1268,0.0,1892.0,6.163819313049316,36.99,65.02029418945312,1822.0,0.0,1367.0,27.248388290405273,100.0,68.17280578613281,1340.0,0.0
1269,0.0,1892.0,5.184758186340332,36.99,64.6826400756836,2163.0,0.0,1367.0,23.295799255371097,100.0,68.14168548583984,1251.0,0.0
1270,0.0,1892.0,5.184758186340332,36.99,64.6826400756836,2163.0,0.0,1367.0,23.295799255371097,100.0,68.14168548583984,1251.0,0.0
1271,0.0,1892.0,5.184758186340332,36.99,64.6826400756836,2163.0,0.0,1367.0,23.295799255371097,100.0,68.14168548583984,1251.0,0.0
1272,0.0,1892.0,5.184758186340332,36.99,64.6826400756836,2163.0,0.0,1367.0,23.295799255371097,100.0,68.14168548583984,1251.0,0.0
1273,0.0,1892.0,5.184758186340332,36.99,64.6826400756836,2163.0,0.0,1367.0,23.295799255371097,100.0,68.14168548583984,1251.0,0.0
1274,0.0,1892.0,5.60916805267334,36.99,64.07791137695312,2260.0,0.0,1367.0,20.971771240234375,100.0,66.89366912841797,1192.0,0.0
1275,0.0,1892.0,5.60916805267334,36.99,64.07791137695312,2260.0,0.0,1367.0,20.971771240234375,100.0,66.89366912841797,1192.0,0.0
1276,0.0,1892.0,5.60916805267334,36.99,64.07791137695312,2260.0,0.0,1367.0,20.971771240234375,100.0,66.89366912841797,1192.0,0.0
1277,0.0,1892.0,5.60916805267334,36.99,64.07791137695312,2260.0,0.0,1367.0,20.971771240234375,100.0,66.89366912841797,1192.0,0.0
1278,0.0,1892.0,5.60916805267334,36.99,64.07791137695312,2260.0,0.0,1367.0,20.971771240234375,100.0,66.89366912841797,1192.0,0.0
1279,0.0,1892.0,5.491611003875732,36.99,64.32272338867188,1958.0,0.0,1367.0,20.085285186767575,100.0,66.2892074584961,1160.0,0.0
1280,0.0,1892.0,5.491611003875732,36.99,64.32272338867188,1958.0,0.0,1367.0,20.085285186767575,100.0,66.2892074584961,1160.0,0.0
1281,0.0,1892.0,5.491611003875732,36.99,64.32272338867188,1958.0,0.0,1367.0,20.085285186767575,100.0,66.2892074584961,1160.0,0.0
1282,0.0,1892.0,5.491611003875732,36.99,64.32272338867188,1958.0,0.0,1367.0,20.085285186767575,100.0,66.2892074584961,1160.0,0.0
1283,0.0,1892.0,5.491611003875732,36.99,64.32272338867188,1958.0,0.0,1367.0,20.085285186767575,100.0,66.2892074584961,1160.0,0.0
1284,0.0,1892.0,14.727377891540527,36.99,65.5989990234375,2101.0,0.0,1367.0,18.439950942993164,100.0,66.04032897949219,1135.0,0.0
1285,0.0,1892.0,14.727377891540527,36.99,65.5989990234375,2101.0,0.0,1367.0,18.439950942993164,100.0,66.04032897949219,1135.0,0.0
1286,0.0,1892.0,14.727377891540527,36.99,65.5989990234375,2101.0,0.0,1367.0,18.439950942993164,100.0,66.04032897949219,1135.0,0.0
1287,0.0,1892.0,14.727377891540527,36.99,65.5989990234375,2101.0,0.0,1367.0,18.439950942993164,100.0,66.04032897949219,1135.0,0.0
1288,0.0,1892.0,14.727377891540527,36.99,65.5989990234375,2101.0,0.0,1367.0,18.439950942993164,100.0,66.04032897949219,1135.0,0.0
1289,0.0,1892.0,14.267047882080078,36.99,69.17748260498047,2129.0,0.0,1367.0,0.0130664007738232,100.0,66.05805206298828,739.0,0.0
1290,0.0,1892.0,14.267047882080078,36.99,69.17748260498047,2129.0,0.0,1367.0,0.0130664007738232,100.0,66.05805206298828,739.0,0.0
1291,0.0,1892.0,14.267047882080078,36.99,69.17748260498047,2129.0,0.0,1367.0,0.0130664007738232,100.0,66.05805206298828,739.0,0.0
1292,0.0,1892.0,14.267047882080078,36.99,69.17748260498047,2129.0,0.0,1367.0,0.0130664007738232,100.0,66.05805206298828,739.0,0.0
1293,0.0,1892.0,14.267047882080078,36.99,69.17748260498047,2129.0,0.0,1367.0,0.0130664007738232,100.0,66.05805206298828,739.0,0.0
1294,0.0,1892.0,21.088134765625,36.99,66.69481658935547,2142.0,0.0,1367.0,0.0436269380152225,100.0,58.59601974487305,514.0,0.0
1295,0.0,1892.0,21.088134765625,36.99,66.69481658935547,2142.0,0.0,1367.0,0.0436269380152225,100.0,58.59601974487305,514.0,0.0
1296,0.0,1892.0,21.088134765625,36.99,66.69481658935547,2142.0,0.0,1367.0,0.0436269380152225,100.0,58.59601974487305,514.0,0.0
1297,0.0,1892.0,21.088134765625,36.99,66.69481658935547,2142.0,0.0,1367.0,0.0436269380152225,100.0,58.59601974487305,514.0,0.0
1298,0.0,1892.0,21.088134765625,36.99,66.69481658935547,2142.0,0.0,1367.0,0.0436269380152225,100.0,58.59601974487305,514.0,0.0
1299,0.0,1892.0,22.997852325439453,36.99,70.28018951416016,1618.0,0.0,1367.0,0.1170109659433364,100.0,58.6022834777832,444.0,0.0
1300,0.0,1892.0,22.997852325439453,36.99,70.28018951416016,1618.0,0.0,1367.0,0.1170109659433364,100.0,58.6022834777832,444.0,0.0
1301,0.0,1892.0,22.997852325439453,36.99,70.28018951416016,1618.0,0.0,1367.0,0.1170109659433364,100.0,58.6022834777832,444.0,0.0
1302,0.0,1892.0,22.997852325439453,36.99,70.28018951416016,1618.0,0.0,1367.0,0.1170109659433364,100.0,58.6022834777832,444.0,0.0
1303,0.0,1892.0,22.997852325439453,36.99,70.28018951416016,1618.0,0.0,1367.0,0.1170109659433364,100.0,58.6022834777832,444.0,0.0
1304,0.0,1892.0,22.997852325439453,36.99,70.28018951416016,1618.0,0.0,1367.0,0.1170109659433364,100.0,58.6022834777832,444.0,0.0
1305,0.0,1892.0,23.47480010986328,36.99,72.07711791992188,2145.0,0.0,1367.0,0.2508998513221741,100.0,58.63024139404297,607.0,0.0
1306,0.0,1892.0,23.47480010986328,36.99,72.07711791992188,2145.0,0.0,1367.0,0.2508998513221741,100.0,58.63024139404297,607.0,0.0
1307,0.0,1892.0,23.47480010986328,36.99,72.07711791992188,2145.0,0.0,1367.0,0.2508998513221741,100.0,58.63024139404297,607.0,0.0
1308,0.0,1892.0,23.47480010986328,36.99,72.07711791992188,2145.0,0.0,1367.0,0.2508998513221741,100.0,58.63024139404297,607.0,0.0
1309,0.0,1892.0,23.47480010986328,36.99,72.07711791992188,2145.0,0.0,1367.0,0.2508998513221741,100.0,58.63024139404297,607.0,0.0
1310,0.0,1892.0,10.043139457702637,36.99,72.54280090332031,1883.0,0.0,1367.0,25.74526596069336,100.0,58.85453414916992,1347.0,0.0
1311,0.0,1892.0,10.043139457702637,36.99,72.54280090332031,1883.0,0.0,1367.0,25.74526596069336,100.0,58.85453414916992,1347.0,0.0
1312,0.0,1892.0,10.043139457702637,36.99,72.54280090332031,1883.0,0.0,1367.0,25.74526596069336,100.0,58.85453414916992,1347.0,0.0
1313,0.0,1892.0,10.043139457702637,36.99,72.54280090332031,1883.0,0.0,1367.0,25.74526596069336,100.0,58.85453414916992,1347.0,0.0
1314,0.0,1892.0,10.043139457702637,36.99,72.54280090332031,1883.0,0.0,1367.0,25.74526596069336,100.0,58.85453414916992,1347.0,0.0
1315,0.0,1892.0,6.110908508300781,36.99,67.87055969238281,2021.0,0.0,1367.0,26.429086685180664,100.0,68.49043273925781,1326.0,0.0
1316,0.0,1892.0,6.110908508300781,36.99,67.87055969238281,2021.0,0.0,1367.0,26.429086685180664,100.0,68.49043273925781,1326.0,0.0
1317,0.0,1892.0,6.110908508300781,36.99,67.87055969238281,2021.0,0.0,1367.0,26.429086685180664,100.0,68.49043273925781,1326.0,0.0
1318,0.0,1892.0,6.110908508300781,36.99,67.87055969238281,2021.0,0.0,1367.0,26.429086685180664,100.0,68.49043273925781,1326.0,0.0
1319,0.0,1892.0,6.110908508300781,36.99,67.87055969238281,2021.0,0.0,1367.0,26.429086685180664,100.0,68.49043273925781,1326.0,0.0
1320,0.0,1892.0,6.794539451599121,36.99,66.0302734375,2020.0,0.0,1367.0,23.37519073486328,100.0,67.81892395019531,1252.0,0.0
1321,0.0,1892.0,6.794539451599121,36.99,66.0302734375,2020.0,0.0,1367.0,23.37519073486328,100.0,67.81892395019531,1252.0,0.0
1322,0.0,1892.0,6.794539451599121,36.99,66.0302734375,2020.0,0.0,1367.0,23.37519073486328,100.0,67.81892395019531,1252.0,0.0
1323,0.0,1892.0,6.794539451599121,36.99,66.0302734375,2020.0,0.0,1367.0,23.37519073486328,100.0,67.81892395019531,1252.0,0.0
1324,0.0,1892.0,6.794539451599121,36.99,66.0302734375,2020.0,0.0,1367.0,23.37519073486328,100.0,67.81892395019531,1252.0,0.0
1325,0.0,1892.0,8.56077766418457,36.99,67.68131256103516,1784.0,0.0,1367.0,21.09424591064453,100.0,67.100341796875,1183.0,0.0
1326,0.0,1892.0,8.56077766418457,36.99,67.68131256103516,1784.0,0.0,1367.0,21.09424591064453,100.0,67.100341796875,1183.0,0.0
1327,0.0,1892.0,8.56077766418457,36.99,67.68131256103516,1784.0,0.0,1367.0,21.09424591064453,100.0,67.100341796875,1183.0,0.0
1328,0.0,1892.0,8.56077766418457,36.99,67.68131256103516,1784.0,0.0,1367.0,21.09424591064453,100.0,67.100341796875,1183.0,0.0
1329,0.0,1892.0,8.56077766418457,36.99,67.68131256103516,1784.0,0.0,1367.0,21.09424591064453,100.0,67.100341796875,1183.0,0.0
1330,0.0,1892.0,7.607800483703613,36.99,65.9702377319336,1934.0,0.0,1367.0,19.11620330810547,100.0,66.19744873046875,1131.0,0.0
1331,0.0,1892.0,7.607800483703613,36.99,65.9702377319336,1934.0,0.0,1367.0,19.11620330810547,100.0,66.19744873046875,1131.0,0.0
1332,0.0,1892.0,7.607800483703613,36.99,65.9702377319336,1934.0,0.0,1367.0,19.11620330810547,100.0,66.19744873046875,1131.0,0.0
1333,0.0,1892.0,7.607800483703613,36.99,65.9702377319336,1934.0,0.0,1367.0,19.11620330810547,100.0,66.19744873046875,1131.0,0.0
1334,0.0,1892.0,7.607800483703613,36.99,65.9702377319336,1934.0,0.0,1367.0,19.11620330810547,100.0,66.19744873046875,1131.0,0.0
1335,0.0,1892.0,13.685556411743164,36.99,67.74400329589844,2105.0,0.0,1367.0,10.64495086669922,100.0,65.7433090209961,935.0,0.0
1336,0.0,1892.0,13.685556411743164,36.99,67.74400329589844,2105.0,0.0,1367.0,10.64495086669922,100.0,65.7433090209961,935.0,0.0
1337,0.0,1892.0,13.685556411743164,36.99,67.74400329589844,2105.0,0.0,1367.0,10.64495086669922,100.0,65.7433090209961,935.0,0.0
1338,0.0,1892.0,13.685556411743164,36.99,67.74400329589844,2105.0,0.0,1367.0,10.64495086669922,100.0,65.7433090209961,935.0,0.0
1339,0.0,1892.0,13.685556411743164,36.99,67.74400329589844,2105.0,0.0,1367.0,10.64495086669922,100.0,65.7433090209961,935.0,0.0
1340,0.0,1892.0,18.40449333190918,36.99,68.80205535888672,2095.0,0.0,1367.0,0.2895817756652832,100.0,59.29438400268555,484.0,0.0
1341,0.0,1892.0,18.40449333190918,36.99,68.80205535888672,2095.0,0.0,1367.0,0.2895817756652832,100.0,59.29438400268555,484.0,0.0
1342,0.0,1892.0,18.40449333190918,36.99,68.80205535888672,2095.0,0.0,1367.0,0.2895817756652832,100.0,59.29438400268555,484.0,0.0
1343,0.0,1892.0,18.40449333190918,36.99,68.80205535888672,2095.0,0.0,1367.0,0.2895817756652832,100.0,59.29438400268555,484.0,0.0
1344,0.0,1892.0,18.40449333190918,36.99,68.80205535888672,2095.0,0.0,1367.0,0.2895817756652832,100.0,59.29438400268555,484.0,0.0
1345,0.0,1892.0,21.86584854125977,36.99,71.38373565673828,1998.0,0.0,1367.0,0.1205338761210441,100.0,58.9847412109375,444.0,0.0
1346,0.0,1892.0,21.86584854125977,36.99,71.38373565673828,1998.0,0.0,1367.0,0.1205338761210441,100.0,58.9847412109375,444.0,0.0
1347,0.0,1892.0,21.86584854125977,36.99,71.38373565673828,1998.0,0.0,1367.0,0.1205338761210441,100.0,58.9847412109375,444.0,0.0
1348,0.0,1892.0,21.86584854125977,36.99,71.38373565673828,1998.0,0.0,1367.0,0.1205338761210441,100.0,58.9847412109375,444.0,0.0
1349,0.0,1892.0,21.86584854125977,36.99,71.38373565673828,1998.0,0.0,1367.0,0.1205338761210441,100.0,58.9847412109375,444.0,0.0
1350,0.0,1892.0,23.54047393798828,36.99,72.77883911132812,1939.0,0.0,1367.0,0.1503569036722183,100.0,58.8756217956543,444.0,0.0
1351,0.0,1892.0,23.54047393798828,36.99,72.77883911132812,1939.0,0.0,1367.0,0.1503569036722183,100.0,58.8756217956543,444.0,0.0
1352,0.0,1892.0,23.54047393798828,36.99,72.77883911132812,1939.0,0.0,1367.0,0.1503569036722183,100.0,58.8756217956543,444.0,0.0
1353,0.0,1892.0,23.54047393798828,36.99,72.77883911132812,1939.0,0.0,1367.0,0.1503569036722183,100.0,58.8756217956543,444.0,0.0
1354,0.0,1892.0,23.54047393798828,36.99,72.77883911132812,1939.0,0.0,1367.0,0.1503569036722183,100.0,58.8756217956543,444.0,0.0
1355,0.0,1892.0,19.111082077026367,36.99,72.00390625,1895.0,0.0,1367.0,8.911723136901855,100.0,58.93009185791016,783.0,0.0
1356,0.0,1892.0,19.111082077026367,36.99,72.00390625,1895.0,0.0,1367.0,8.911723136901855,100.0,58.93009185791016,783.0,0.0
1357,0.0,1892.0,19.111082077026367,36.99,72.00390625,1895.0,0.0,1367.0,8.911723136901855,100.0,58.93009185791016,783.0,0.0
1358,0.0,1892.0,19.111082077026367,36.99,72.00390625,1895.0,0.0,1367.0,8.911723136901855,100.0,58.93009185791016,783.0,0.0
1359,0.0,1892.0,19.111082077026367,36.99,72.00390625,1895.0,0.0,1367.0,8.911723136901855,100.0,58.93009185791016,783.0,0.0
1360,0.0,1892.0,19.111082077026367,36.99,72.00390625,1895.0,0.0,1367.0,8.911723136901855,100.0,58.93009185791016,783.0,0.0
1361,0.0,1892.0,10.694862365722656,36.99,69.0348129272461,1875.0,0.0,1367.0,26.42007827758789,100.0,68.72631072998047,1323.0,0.0
1362,0.0,1892.0,10.694862365722656,36.99,69.0348129272461,1875.0,0.0,1367.0,26.42007827758789,100.0,68.72631072998047,1323.0,0.0
1363,0.0,1892.0,10.694862365722656,36.99,69.0348129272461,1875.0,0.0,1367.0,26.42007827758789,100.0,68.72631072998047,1323.0,0.0
1364,0.0,1892.0,10.694862365722656,36.99,69.0348129272461,1875.0,0.0,1367.0,26.42007827758789,100.0,68.72631072998047,1323.0,0.0
1365,0.0,1892.0,10.694862365722656,36.99,69.0348129272461,1875.0,0.0,1367.0,26.42007827758789,100.0,68.72631072998047,1323.0,0.0
1366,0.0,1892.0,6.686436653137207,36.99,67.96827697753906,1913.0,0.0,1367.0,23.54728889465332,100.0,68.14727783203125,1259.0,0.0
1367,0.0,1892.0,6.686436653137207,36.99,67.96827697753906,1913.0,0.0,1367.0,23.54728889465332,100.0,68.14727783203125,1259.0,0.0
1368,0.0,1892.0,6.686436653137207,36.99,67.96827697753906,1913.0,0.0,1367.0,23.54728889465332,100.0,68.14727783203125,1259.0,0.0
1369,0.0,1892.0,6.686436653137207,36.99,67.96827697753906,1913.0,0.0,1367.0,23.54728889465332,100.0,68.14727783203125,1259.0,0.0
1370,0.0,1892.0,6.686436653137207,36.99,67.96827697753906,1913.0,0.0,1367.0,23.54728889465332,100.0,68.14727783203125,1259.0,0.0
1371,0.0,1892.0,5.585085868835449,36.99,65.75548553466797,1874.0,0.0,1367.0,23.7368221282959,100.0,68.08192443847656,1263.0,0.0
1372,0.0,1892.0,5.585085868835449,36.99,65.75548553466797,1874.0,0.0,1367.0,23.7368221282959,100.0,68.08192443847656,1263.0,0.0
1373,0.0,1892.0,5.585085868835449,36.99,65.75548553466797,1874.0,0.0,1367.0,23.7368221282959,100.0,68.08192443847656,1263.0,0.0
1374,0.0,1892.0,5.585085868835449,36.99,65.75548553466797,1874.0,0.0,1367.0,23.7368221282959,100.0,68.08192443847656,1263.0,0.0
1375,0.0,1892.0,5.585085868835449,36.99,65.75548553466797,1874.0,0.0,1367.0,23.7368221282959,100.0,68.08192443847656,1263.0,0.0
1376,0.0,1892.0,9.724692344665527,36.99,67.60200500488281,2196.0,0.0,1367.0,21.39041328430176,100.0,68.08741760253906,1198.0,0.0
1377,0.0,1892.0,9.724692344665527,36.99,67.60200500488281,2196.0,0.0,1367.0,21.39041328430176,100.0,68.08741760253906,1198.0,0.0
1378,0.0,1892.0,9.724692344665527,36.99,67.60200500488281,2196.0,0.0,1367.0,21.39041328430176,100.0,68.08741760253906,1198.0,0.0
1379,0.0,1892.0,9.724692344665527,36.99,67.60200500488281,2196.0,0.0,1367.0,21.39041328430176,100.0,68.08741760253906,1198.0,0.0
1380,0.0,1892.0,9.724692344665527,36.99,67.60200500488281,2196.0,0.0,1367.0,21.39041328430176,100.0,68.08741760253906,1198.0,0.0
1381,0.0,1892.0,16.024965286254883,36.99,69.531005859375,2011.0,0.0,1367.0,17.844711303710938,100.0,66.85455322265625,1089.0,0.0
1382,0.0,1892.0,16.024965286254883,36.99,69.531005859375,2011.0,0.0,1367.0,17.844711303710938,100.0,66.85455322265625,1089.0,0.0
1383,0.0,1892.0,16.024965286254883,36.99,69.531005859375,2011.0,0.0,1367.0,17.844711303710938,100.0,66.85455322265625,1089.0,0.0
1384,0.0,1892.0,16.024965286254883,36.99,69.531005859375,2011.0,0.0,1367.0,17.844711303710938,100.0,66.85455322265625,1089.0,0.0
1385,0.0,1892.0,16.024965286254883,36.99,69.531005859375,2011.0,0.0,1367.0,17.844711303710938,100.0,66.85455322265625,1089.0,0.0
1386,0.0,1892.0,14.28700351715088,36.99,71.0803451538086,1575.0,0.0,1367.0,4.160636901855469,100.0,65.845703125,770.0,0.0
1387,0.0,1892.0,14.28700351715088,36.99,71.0803451538086,1575.0,0.0,1367.0,4.160636901855469,100.0,65.845703125,770.0,0.0
1388,0.0,1892.0,14.28700351715088,36.99,71.0803451538086,1575.0,0.0,1367.0,4.160636901855469,100.0,65.845703125,770.0,0.0
1389,0.0,1892.0,14.28700351715088,36.99,71.0803451538086,1575.0,0.0,1367.0,4.160636901855469,100.0,65.845703125,770.0,0.0
1390,0.0,1892.0,14.28700351715088,36.99,71.0803451538086,1575.0,0.0,1367.0,4.160636901855469,100.0,65.845703125,770.0,0.0
1391,0.0,1892.0,19.78357315063477,36.99,67.97413635253906,1568.0,0.0,1367.0,0.0516032129526138,100.0,59.71134185791016,339.0,0.0
1392,0.0,1892.0,19.78357315063477,36.99,67.97413635253906,1568.0,0.0,1367.0,0.0516032129526138,100.0,59.71134185791016,339.0,0.0
1393,0.0,1892.0,19.78357315063477,36.99,67.97413635253906,1568.0,0.0,1367.0,0.0516032129526138,100.0,59.71134185791016,339.0,0.0
1394,0.0,1892.0,19.78357315063477,36.99,67.97413635253906,1568.0,0.0,1367.0,0.0516032129526138,100.0,59.71134185791016,339.0,0.0
1395,0.0,1892.0,19.78357315063477,36.99,67.97413635253906,1568.0,0.0,1367.0,0.0516032129526138,100.0,59.71134185791016,339.0,0.0
1396,0.0,1892.0,22.66158103942871,36.99,71.4493637084961,1690.0,0.0,1367.0,0.0627601072192192,100.0,58.95435333251953,333.0,0.0
1397,0.0,1892.0,22.66158103942871,36.99,71.4493637084961,1690.0,0.0,1367.0,0.0627601072192192,100.0,58.95435333251953,333.0,0.0
1398,0.0,1892.0,22.66158103942871,36.99,71.4493637084961,1690.0,0.0,1367.0,0.0627601072192192,100.0,58.95435333251953,333.0,0.0
1399,0.0,1892.0,22.66158103942871,36.99,71.4493637084961,1690.0,0.0,1367.0,0.0627601072192192,100.0,58.95435333251953,333.0,0.0
1400,0.0,1892.0,22.66158103942871,36.99,71.4493637084961,1690.0,0.0,1367.0,0.0627601072192192,100.0,58.95435333251953,333.0,0.0
1401,0.0,1892.0,23.698579788208008,36.99,72.19547271728516,2133.0,0.0,1367.0,0.1150741502642631,100.0,58.90479278564453,580.0,0.0
1402,0.0,1892.0,23.698579788208008,36.99,72.19547271728516,2133.0,0.0,1367.0,0.1150741502642631,100.0,58.90479278564453,580.0,0.0
1403,0.0,1892.0,23.698579788208008,36.99,72.19547271728516,2133.0,0.0,1367.0,0.1150741502642631,100.0,58.90479278564453,580.0,0.0
1404,0.0,1892.0,23.698579788208008,36.99,72.19547271728516,2133.0,0.0,1367.0,0.1150741502642631,100.0,58.90479278564453,580.0,0.0
1405,0.0,1892.0,23.698579788208008,36.99,72.19547271728516,2133.0,0.0,1367.0,0.1150741502642631,100.0,58.90479278564453,580.0,0.0
1406,0.0,1892.0,10.1149320602417,36.99,72.16895294189453,1714.0,0.0,1367.0,20.485061645507812,100.0,59.10505294799805,1180.0,0.0
1407,0.0,1892.0,10.1149320602417,36.99,72.16895294189453,1714.0,0.0,1367.0,20.485061645507812,100.0,59.10505294799805,1180.0,0.0
1408,0.0,1892.0,10.1149320602417,36.99,72.16895294189453,1714.0,0.0,1367.0,20.485061645507812,100.0,59.10505294799805,1180.0,0.0
1409,0.0,1892.0,10.1149320602417,36.99,72.16895294189453,1714.0,0.0,1367.0,20.485061645507812,100.0,59.10505294799805,1180.0,0.0
1410,0.0,1892.0,10.1149320602417,36.99,72.16895294189453,1714.0,0.0,1367.0,20.485061645507812,100.0,59.10505294799805,1180.0,0.0
1411,0.0,1892.0,5.008916854858398,36.99,65.3592529296875,1850.0,0.0,1367.0,29.00701904296875,100.0,68.72535705566406,1382.0,0.0
1412,0.0,1892.0,5.008916854858398,36.99,65.3592529296875,1850.0,0.0,1367.0,29.00701904296875,100.0,68.72535705566406,1382.0,0.0
1413,0.0,1892.0,5.008916854858398,36.99,65.3592529296875,1850.0,0.0,1367.0,29.00701904296875,100.0,68.72535705566406,1382.0,0.0
1414,0.0,1892.0,5.008916854858398,36.99,65.3592529296875,1850.0,0.0,1367.0,29.00701904296875,100.0,68.72535705566406,1382.0,0.0
1415,0.0,1892.0,5.008916854858398,36.99,65.3592529296875,1850.0,0.0,1367.0,29.00701904296875,100.0,68.72535705566406,1382.0,0.0
1416,0.0,1892.0,5.008916854858398,36.99,65.3592529296875,1850.0,0.0,1367.0,29.00701904296875,100.0,68.72535705566406,1382.0,0.0
1417,0.0,1892.0,5.732260227203369,36.99,64.86215209960938,1881.0,0.0,1367.0,28.948829650878903,100.0,70.23861694335938,1379.0,0.0
1418,0.0,1892.0,5.732260227203369,36.99,64.86215209960938,1881.0,0.0,1367.0,28.948829650878903,100.0,70.23861694335938,1379.0,0.0
1419,0.0,1892.0,5.732260227203369,36.99,64.86215209960938,1881.0,0.0,1367.0,28.948829650878903,100.0,70.23861694335938,1379.0,0.0
1420,0.0,1892.0,5.732260227203369,36.99,64.86215209960938,1881.0,0.0,1367.0,28.948829650878903,100.0,70.23861694335938,1379.0,0.0
1421,0.0,1892.0,5.732260227203369,36.99,64.86215209960938,1881.0,0.0,1367.0,28.948829650878903,100.0,70.23861694335938,1379.0,0.0
1422,0.0,1892.0,5.186781406402588,36.99,65.9225082397461,1807.0,0.0,1367.0,27.97876739501953,100.0,70.40748596191406,1360.0,0.0
1423,0.0,1892.0,5.186781406402588,36.99,65.9225082397461,1807.0,0.0,1367.0,27.97876739501953,100.0,70.40748596191406,1360.0,0.0
1424,0.0,1892.0,5.186781406402588,36.99,65.9225082397461,1807.0,0.0,1367.0,27.97876739501953,100.0,70.40748596191406,1360.0,0.0
1425,0.0,1892.0,5.186781406402588,36.99,65.9225082397461,1807.0,0.0,1367.0,27.97876739501953,100.0,70.40748596191406,1360.0,0.0
1426,0.0,1892.0,5.186781406402588,36.99,65.9225082397461,1807.0,0.0,1367.0,27.97876739501953,100.0,70.40748596191406,1360.0,0.0
1427,0.0,1892.0,6.312724590301514,36.99,65.6607437133789,1372.0,0.0,1367.0,26.28675842285156,100.0,70.04676055908203,1322.0,0.0
1428,0.0,1892.0,6.312724590301514,36.99,65.6607437133789,1372.0,0.0,1367.0,26.28675842285156,100.0,70.04676055908203,1322.0,0.0
1429,0.0,1892.0,6.312724590301514,36.99,65.6607437133789,1372.0,0.0,1367.0,26.28675842285156,100.0,70.04676055908203,1322.0,0.0
1430,0.0,1892.0,6.312724590301514,36.99,65.6607437133789,1372.0,0.0,1367.0,26.28675842285156,100.0,70.04676055908203,1322.0,0.0
1431,0.0,1892.0,6.312724590301514,36.99,65.6607437133789,1372.0,0.0,1367.0,26.28675842285156,100.0,70.04676055908203,1322.0,0.0
1432,0.0,1892.0,17.546239852905273,36.99,66.8183364868164,1632.0,0.0,1367.0,17.00861930847168,100.0,69.48568725585938,956.0,0.0
1433,0.0,1892.0,17.546239852905273,36.99,66.8183364868164,1632.0,0.0,1367.0,17.00861930847168,100.0,69.48568725585938,956.0,0.0
1434,0.0,1892.0,17.546239852905273,36.99,66.8183364868164,1632.0,0.0,1367.0,17.00861930847168,100.0,69.48568725585938,956.0,0.0
1435,0.0,1892.0,17.546239852905273,36.99,66.8183364868164,1632.0,0.0,1367.0,17.00861930847168,100.0,69.48568725585938,956.0,0.0
1436,0.0,1892.0,17.546239852905273,36.99,66.8183364868164,1632.0,0.0,1367.0,17.00861930847168,100.0,69.48568725585938,956.0,0.0
1437,0.0,1892.0,22.14354133605957,36.99,71.57032012939453,1679.0,0.0,1367.0,0.0207722671329975,100.0,69.3963394165039,111.0,0.0
1438,0.0,1892.0,22.14354133605957,36.99,71.57032012939453,1679.0,0.0,1367.0,0.0207722671329975,100.0,69.3963394165039,111.0,0.0
1439,0.0,1892.0,22.14354133605957,36.99,71.57032012939453,1679.0,0.0,1367.0,0.0207722671329975,100.0,69.3963394165039,111.0,0.0
1440,0.0,1892.0,22.14354133605957,36.99,71.57032012939453,1679.0,0.0,1367.0,0.0207722671329975,100.0,69.3963394165039,111.0,0.0
1441,0.0,1892.0,22.14354133605957,36.99,71.57032012939453,1679.0,0.0,1367.0,0.0207722671329975,100.0,69.3963394165039,111.0,0.0
1442,0.0,1892.0,22.788549423217773,36.99,72.8116226196289,1614.0,0.0,1367.0,0.0,100.0,5.8734002113342285,0.0,0.0
1443,0.0,1892.0,22.788549423217773,36.99,72.8116226196289,1614.0,0.0,1367.0,0.0,100.0,5.8734002113342285,0.0,0.0
1444,0.0,1892.0,22.788549423217773,36.99,72.8116226196289,1614.0,0.0,1367.0,0.0,100.0,5.8734002113342285,0.0,0.0
1445,0.0,1892.0,22.788549423217773,36.99,72.8116226196289,1614.0,0.0,1367.0,0.0,100.0,5.8734002113342285,0.0,0.0
1446,0.0,1892.0,22.788549423217773,36.99,72.8116226196289,1614.0,0.0,1367.0,0.0,100.0,5.8734002113342285,0.0,0.0
1447,0.0,1892.0,22.76308822631836,36.99,71.16083526611328,1565.0,0.0,1367.0,0.0016124037792906,100.0,59.42628860473633,111.0,0.0
1448,0.0,1892.0,22.76308822631836,36.99,71.16083526611328,1565.0,0.0,1367.0,0.0016124037792906,100.0,59.42628860473633,111.0,0.0
1449,0.0,1892.0,22.76308822631836,36.99,71.16083526611328,1565.0,0.0,1367.0,0.0016124037792906,100.0,59.42628860473633,111.0,0.0
1450,0.0,1892.0,22.76308822631836,36.99,71.16083526611328,1565.0,0.0,1367.0,0.0016124037792906,100.0,59.42628860473633,111.0,0.0
1451,0.0,1892.0,22.76308822631836,36.99,71.16083526611328,1565.0,0.0,1367.0,0.0016124037792906,100.0,59.42628860473633,111.0,0.0
1452,0.0,1892.0,20.652286529541016,36.99,72.16768646240234,1645.0,0.0,1367.0,3.3790082931518555,100.0,59.707183837890625,537.0,0.0
1453,0.0,1892.0,20.652286529541016,36.99,72.16768646240234,1645.0,0.0,1367.0,3.3790082931518555,100.0,59.707183837890625,537.0,0.0
1454,0.0,1892.0,20.652286529541016,36.99,72.16768646240234,1645.0,0.0,1367.0,3.3790082931518555,100.0,59.707183837890625,537.0,0.0
1455,0.0,1892.0,20.652286529541016,36.99,72.16768646240234,1645.0,0.0,1367.0,3.3790082931518555,100.0,59.707183837890625,537.0,0.0
1456,0.0,1892.0,20.652286529541016,36.99,72.16768646240234,1645.0,0.0,1367.0,3.3790082931518555,100.0,59.707183837890625,537.0,0.0
1457,0.0,1892.0,5.13081693649292,36.99,66.17488861083984,1741.0,0.0,1367.0,29.12337875366211,100.0,69.00569152832031,1383.0,0.0
1458,0.0,1892.0,5.13081693649292,36.99,66.17488861083984,1741.0,0.0,1367.0,29.12337875366211,100.0,69.00569152832031,1383.0,0.0
1459,0.0,1892.0,5.13081693649292,36.99,66.17488861083984,1741.0,0.0,1367.0,29.12337875366211,100.0,69.00569152832031,1383.0,0.0
1460,0.0,1892.0,5.13081693649292,36.99,66.17488861083984,1741.0,0.0,1367.0,29.12337875366211,100.0,69.00569152832031,1383.0,0.0
1461,0.0,1892.0,5.13081693649292,36.99,66.17488861083984,1741.0,0.0,1367.0,29.12337875366211,100.0,69.00569152832031,1383.0,0.0
1462,0.0,1892.0,5.247481346130371,36.99,64.55564880371094,1830.0,0.0,1367.0,29.17160987854004,100.0,70.1351318359375,1382.0,0.0
1463,0.0,1892.0,5.247481346130371,36.99,64.55564880371094,1830.0,0.0,1367.0,29.17160987854004,100.0,70.1351318359375,1382.0,0.0
1464,0.0,1892.0,5.247481346130371,36.99,64.55564880371094,1830.0,0.0,1367.0,29.17160987854004,100.0,70.1351318359375,1382.0,0.0
1465,0.0,1892.0,5.247481346130371,36.99,64.55564880371094,1830.0,0.0,1367.0,29.17160987854004,100.0,70.1351318359375,1382.0,0.0
1466,0.0,1892.0,5.247481346130371,36.99,64.55564880371094,1830.0,0.0,1367.0,29.17160987854004,100.0,70.1351318359375,1382.0,0.0
1467,0.0,1892.0,5.540242671966553,36.99,65.37995910644531,1780.0,0.0,1367.0,28.91341781616211,100.0,70.5015869140625,1382.0,0.0
1468,0.0,1892.0,5.540242671966553,36.99,65.37995910644531,1780.0,0.0,1367.0,28.91341781616211,100.0,70.5015869140625,1382.0,0.0
1469,0.0,1892.0,5.540242671966553,36.99,65.37995910644531,1780.0,0.0,1367.0,28.91341781616211,100.0,70.5015869140625,1382.0,0.0
1470,0.0,1892.0,5.540242671966553,36.99,65.37995910644531,1780.0,0.0,1367.0,28.91341781616211,100.0,70.5015869140625,1382.0,0.0
1471,0.0,1892.0,5.540242671966553,36.99,65.37995910644531,1780.0,0.0,1367.0,28.91341781616211,100.0,70.5015869140625,1382.0,0.0
1472,0.0,1892.0,5.540242671966553,36.99,65.37995910644531,1780.0,0.0,1367.0,28.91341781616211,100.0,70.5015869140625,1382.0,0.0
1473,0.0,1892.0,7.313648223876953,36.99,66.67912292480469,2080.0,0.0,1367.0,29.357769012451172,100.0,70.98526763916016,1386.0,0.0
1474,0.0,1892.0,7.313648223876953,36.99,66.67912292480469,2080.0,0.0,1367.0,29.357769012451172,100.0,70.98526763916016,1386.0,0.0
1475,0.0,1892.0,7.313648223876953,36.99,66.67912292480469,2080.0,0.0,1367.0,29.357769012451172,100.0,70.98526763916016,1386.0,0.0
1476,0.0,1892.0,7.313648223876953,36.99,66.67912292480469,2080.0,0.0,1367.0,29.357769012451172,100.0,70.98526763916016,1386.0,0.0
1477,0.0,1892.0,7.313648223876953,36.99,66.67912292480469,2080.0,0.0,1367.0,29.357769012451172,100.0,70.98526763916016,1386.0,0.0
1478,0.0,1892.0,15.086118698120115,36.99,70.21487426757812,1980.0,0.0,1367.0,23.367935180664062,100.0,70.22823333740234,1248.0,0.0
1479,0.0,1892.0,15.086118698120115,36.99,70.21487426757812,1980.0,0.0,1367.0,23.367935180664062,100.0,70.22823333740234,1248.0,0.0
1480,0.0,1892.0,15.086118698120115,36.99,70.21487426757812,1980.0,0.0,1367.0,23.367935180664062,100.0,70.22823333740234,1248.0,0.0
1481,0.0,1892.0,15.086118698120115,36.99,70.21487426757812,1980.0,0.0,1367.0,23.367935180664062,100.0,70.22823333740234,1248.0,0.0
1482,0.0,1892.0,15.086118698120115,36.99,70.21487426757812,1980.0,0.0,1367.0,23.367935180664062,100.0,70.22823333740234,1248.0,0.0
1483,0.0,1892.0,15.933544158935549,36.99,72.5905990600586,1971.0,0.0,1367.0,7.593681812286377,100.0,68.26371002197266,1070.0,0.0
1484,0.0,1892.0,15.933544158935549,36.99,72.5905990600586,1971.0,0.0,1367.0,7.593681812286377,100.0,68.26371002197266,1070.0,0.0
1485,0.0,1892.0,15.933544158935549,36.99,72.5905990600586,1971.0,0.0,1367.0,7.593681812286377,100.0,68.26371002197266,1070.0,0.0
1486,0.0,1892.0,15.933544158935549,36.99,72.5905990600586,1971.0,0.0,1367.0,7.593681812286377,100.0,68.26371002197266,1070.0,0.0
1487,0.0,1892.0,15.933544158935549,36.99,72.5905990600586,1971.0,0.0,1367.0,7.593681812286377,100.0,68.26371002197266,1070.0,0.0
1488,0.0,1892.0,21.91291046142578,36.99,71.52193450927734,1911.0,0.0,1367.0,0.517288088798523,100.0,60.62406539916992,458.0,0.0
1489,0.0,1892.0,21.91291046142578,36.99,71.52193450927734,1911.0,0.0,1367.0,0.517288088798523,100.0,60.62406539916992,458.0,0.0
1490,0.0,1892.0,21.91291046142578,36.99,71.52193450927734,1911.0,0.0,1367.0,0.517288088798523,100.0,60.62406539916992,458.0,0.0
1491,0.0,1892.0,21.91291046142578,36.99,71.52193450927734,1911.0,0.0,1367.0,0.517288088798523,100.0,60.62406539916992,458.0,0.0
1492,0.0,1892.0,21.91291046142578,36.99,71.52193450927734,1911.0,0.0,1367.0,0.517288088798523,100.0,60.62406539916992,458.0,0.0
1493,0.0,1892.0,22.582500457763672,36.99,73.23178100585938,1861.0,0.0,1367.0,0.2571429908275604,100.0,60.25463104248047,471.0,0.0
1494,0.0,1892.0,22.582500457763672,36.99,73.23178100585938,1861.0,0.0,1367.0,0.2571429908275604,100.0,60.25463104248047,471.0,0.0
1495,0.0,1892.0,22.582500457763672,36.99,73.23178100585938,1861.0,0.0,1367.0,0.2571429908275604,100.0,60.25463104248047,471.0,0.0
1496,0.0,1892.0,22.582500457763672,36.99,73.23178100585938,1861.0,0.0,1367.0,0.2571429908275604,100.0,60.25463104248047,471.0,0.0
1497,0.0,1892.0,22.582500457763672,36.99,73.23178100585938,1861.0,0.0,1367.0,0.2571429908275604,100.0,60.25463104248047,471.0,0.0
1498,0.0,1892.0,23.614076614379883,36.99,73.23638916015625,2176.0,0.0,1367.0,0.1660845577716827,100.0,59.799415588378906,470.0,0.0
1499,0.0,1892.0,23.614076614379883,36.99,73.23638916015625,2176.0,0.0,1367.0,0.1660845577716827,100.0,59.799415588378906,470.0,0.0
1500,0.0,1892.0,23.614076614379883,36.99,73.23638916015625,2176.0,0.0,1367.0,0.1660845577716827,100.0,59.799415588378906,470.0,0.0
1501,0.0,1892.0,23.614076614379883,36.99,73.23638916015625,2176.0,0.0,1367.0,0.1660845577716827,100.0,59.799415588378906,470.0,0.0
1502,0.0,1892.0,23.614076614379883,36.99,73.23638916015625,2176.0,0.0,1367.0,0.1660845577716827,100.0,59.799415588378906,470.0,0.0
1503,0.0,1892.0,16.36778450012207,36.99,73.59310150146484,2000.0,0.0,1367.0,14.811558723449709,100.0,59.803932189941406,909.0,0.0
1504,0.0,1892.0,16.36778450012207,36.99,73.59310150146484,2000.0,0.0,1367.0,14.811558723449709,100.0,59.803932189941406,909.0,0.0
1505,0.0,1892.0,16.36778450012207,36.99,73.59310150146484,2000.0,0.0,1367.0,14.811558723449709,100.0,59.803932189941406,909.0,0.0
1506,0.0,1892.0,16.36778450012207,36.99,73.59310150146484,2000.0,0.0,1367.0,14.811558723449709,100.0,59.803932189941406,909.0,0.0
1507,0.0,1892.0,16.36778450012207,36.99,73.59310150146484,2000.0,0.0,1367.0,14.811558723449709,100.0,59.803932189941406,909.0,0.0
1508,0.0,1892.0,6.936681270599365,36.99,69.3442153930664,1932.0,0.0,1367.0,28.975502014160156,100.0,69.59471130371094,1381.0,0.0
1509,0.0,1892.0,6.936681270599365,36.99,69.3442153930664,1932.0,0.0,1367.0,28.975502014160156,100.0,69.59471130371094,1381.0,0.0
1510,0.0,1892.0,6.936681270599365,36.99,69.3442153930664,1932.0,0.0,1367.0,28.975502014160156,100.0,69.59471130371094,1381.0,0.0
1511,0.0,1892.0,6.936681270599365,36.99,69.3442153930664,1932.0,0.0,1367.0,28.975502014160156,100.0,69.59471130371094,1381.0,0.0
1512,0.0,1892.0,6.936681270599365,36.99,69.3442153930664,1932.0,0.0,1367.0,28.975502014160156,100.0,69.59471130371094,1381.0,0.0
1513,0.0,1892.0,5.290960311889648,36.99,66.99950408935547,1850.0,0.0,1367.0,29.313751220703125,100.0,70.93399810791016,1383.0,0.0
1514,0.0,1892.0,5.290960311889648,36.99,66.99950408935547,1850.0,0.0,1367.0,29.313751220703125,100.0,70.93399810791016,1383.0,0.0
1515,0.0,1892.0,5.290960311889648,36.99,66.99950408935547,1850.0,0.0,1367.0,29.313751220703125,100.0,70.93399810791016,1383.0,0.0
1516,0.0,1892.0,5.290960311889648,36.99,66.99950408935547,1850.0,0.0,1367.0,29.313751220703125,100.0,70.93399810791016,1383.0,0.0
1517,0.0,1892.0,5.290960311889648,36.99,66.99950408935547,1850.0,0.0,1367.0,29.313751220703125,100.0,70.93399810791016,1383.0,0.0
1518,0.0,1892.0,5.78447151184082,36.99,65.72820281982422,1920.0,0.0,1367.0,29.22262191772461,100.0,71.36470794677734,1383.0,0.0
1519,0.0,1892.0,5.78447151184082,36.99,65.72820281982422,1920.0,0.0,1367.0,29.22262191772461,100.0,71.36470794677734,1383.0,0.0
1520,0.0,1892.0,5.78447151184082,36.99,65.72820281982422,1920.0,0.0,1367.0,29.22262191772461,100.0,71.36470794677734,1383.0,0.0
1521,0.0,1892.0,5.78447151184082,36.99,65.72820281982422,1920.0,0.0,1367.0,29.22262191772461,100.0,71.36470794677734,1383.0,0.0
1522,0.0,1892.0,5.78447151184082,36.99,65.72820281982422,1920.0,0.0,1367.0,29.22262191772461,100.0,71.36470794677734,1383.0,0.0
1523,0.0,1892.0,7.047966480255127,36.99,66.83819580078125,1933.0,0.0,1367.0,29.296674728393555,100.0,71.6051254272461,1382.0,0.0
1524,0.0,1892.0,7.047966480255127,36.99,66.83819580078125,1933.0,0.0,1367.0,29.296674728393555,100.0,71.6051254272461,1382.0,0.0
1525,0.0,1892.0,7.047966480255127,36.99,66.83819580078125,1933.0,0.0,1367.0,29.296674728393555,100.0,71.6051254272461,1382.0,0.0
1526,0.0,1892.0,7.047966480255127,36.99,66.83819580078125,1933.0,0.0,1367.0,29.296674728393555,100.0,71.6051254272461,1382.0,0.0
1527,0.0,1892.0,7.047966480255127,36.99,66.83819580078125,1933.0,0.0,1367.0,29.296674728393555,100.0,71.6051254272461,1382.0,0.0
1528,0.0,1892.0,7.047966480255127,36.99,66.83819580078125,1933.0,0.0,1367.0,29.296674728393555,100.0,71.6051254272461,1382.0,0.0
1529,0.0,1892.0,16.04730796813965,36.99,68.07058715820312,1847.0,0.0,1367.0,24.85598373413086,100.0,71.78600311279297,1359.0,0.0
1530,0.0,1892.0,16.04730796813965,36.99,68.07058715820312,1847.0,0.0,1367.0,24.85598373413086,100.0,71.78600311279297,1359.0,0.0
1531,0.0,1892.0,16.04730796813965,36.99,68.07058715820312,1847.0,0.0,1367.0,24.85598373413086,100.0,71.78600311279297,1359.0,0.0
1532,0.0,1892.0,16.04730796813965,36.99,68.07058715820312,1847.0,0.0,1367.0,24.85598373413086,100.0,71.78600311279297,1359.0,0.0
1533,0.0,1892.0,16.04730796813965,36.99,68.07058715820312,1847.0,0.0,1367.0,24.85598373413086,100.0,71.78600311279297,1359.0,0.0
1534,0.0,1892.0,22.729379653930664,36.99,73.30176544189453,1661.0,0.0,1367.0,0.1017849147319793,100.0,71.0301284790039,222.0,0.0
1535,0.0,1892.0,22.729379653930664,36.99,73.30176544189453,1661.0,0.0,1367.0,0.1017849147319793,100.0,71.0301284790039,222.0,0.0
1536,0.0,1892.0,22.729379653930664,36.99,73.30176544189453,1661.0,0.0,1367.0,0.1017849147319793,100.0,71.0301284790039,222.0,0.0
1537,0.0,1892.0,22.729379653930664,36.99,73.30176544189453,1661.0,0.0,1367.0,0.1017849147319793,100.0,71.0301284790039,222.0,0.0
1538,0.0,1892.0,22.729379653930664,36.99,73.30176544189453,1661.0,0.0,1367.0,0.1017849147319793,100.0,71.0301284790039,222.0,0.0
1539,0.0,1892.0,23.05057144165039,36.99,73.51658630371094,1656.0,0.0,1367.0,0.0209832154214382,100.0,61.38669967651367,333.0,0.0
1540,0.0,1892.0,23.05057144165039,36.99,73.51658630371094,1656.0,0.0,1367.0,0.0209832154214382,100.0,61.38669967651367,333.0,0.0
1541,0.0,1892.0,23.05057144165039,36.99,73.51658630371094,1656.0,0.0,1367.0,0.0209832154214382,100.0,61.38669967651367,333.0,0.0
1542,0.0,1892.0,23.05057144165039,36.99,73.51658630371094,1656.0,0.0,1367.0,0.0209832154214382,100.0,61.38669967651367,333.0,0.0
1543,0.0,1892.0,23.05057144165039,36.99,73.51658630371094,1656.0,0.0,1367.0,0.0209832154214382,100.0,61.38669967651367,333.0,0.0
1544,0.0,1892.0,22.936302185058594,36.99,72.97848510742188,1414.0,0.0,1367.0,0.0024908317718654,100.0,60.62474822998047,222.0,0.0
1545,0.0,1892.0,22.936302185058594,36.99,72.97848510742188,1414.0,0.0,1367.0,0.0024908317718654,100.0,60.62474822998047,222.0,0.0
1546,0.0,1892.0,22.936302185058594,36.99,72.97848510742188,1414.0,0.0,1367.0,0.0024908317718654,100.0,60.62474822998047,222.0,0.0
1547,0.0,1892.0,22.936302185058594,36.99,72.97848510742188,1414.0,0.0,1367.0,0.0024908317718654,100.0,60.62474822998047,222.0,0.0
1548,0.0,1892.0,22.936302185058594,36.99,72.97848510742188,1414.0,0.0,1367.0,0.0024908317718654,100.0,60.62474822998047,222.0,0.0
1549,0.0,1892.0,22.871429443359375,36.99,72.7340316772461,1657.0,0.0,1367.0,0.0450999215245246,100.0,60.0122184753418,333.0,0.0
1550,0.0,1892.0,22.871429443359375,36.99,72.7340316772461,1657.0,0.0,1367.0,0.0450999215245246,100.0,60.0122184753418,333.0,0.0
1551,0.0,1892.0,22.871429443359375,36.99,72.7340316772461,1657.0,0.0,1367.0,0.0450999215245246,100.0,60.0122184753418,333.0,0.0
1552,0.0,1892.0,22.871429443359375,36.99,72.7340316772461,1657.0,0.0,1367.0,0.0450999215245246,100.0,60.0122184753418,333.0,0.0
1553,0.0,1892.0,22.871429443359375,36.99,72.7340316772461,1657.0,0.0,1367.0,0.0450999215245246,100.0,60.0122184753418,333.0,0.0
1554,0.0,1892.0,8.86866569519043,36.99,72.72343444824219,1838.0,0.0,1367.0,25.773189544677734,100.0,59.7800407409668,1337.0,0.0
1555,0.0,1892.0,8.86866569519043,36.99,72.72343444824219,1838.0,0.0,1367.0,25.773189544677734,100.0,59.7800407409668,1337.0,0.0
1556,0.0,1892.0,8.86866569519043,36.99,72.72343444824219,1838.0,0.0,1367.0,25.773189544677734,100.0,59.7800407409668,1337.0,0.0
1557,0.0,1892.0,8.86866569519043,36.99,72.72343444824219,1838.0,0.0,1367.0,25.773189544677734,100.0,59.7800407409668,1337.0,0.0
1558,0.0,1892.0,8.86866569519043,36.99,72.72343444824219,1838.0,0.0,1367.0,25.773189544677734,100.0,59.7800407409668,1337.0,0.0
1559,0.0,1892.0,10.238410949707031,36.99,69.5687255859375,1998.0,0.0,1367.0,29.267013549804688,100.0,69.886474609375,1383.0,0.0
1560,0.0,1892.0,10.238410949707031,36.99,69.5687255859375,1998.0,0.0,1367.0,29.267013549804688,100.0,69.886474609375,1383.0,0.0
1561,0.0,1892.0,10.238410949707031,36.99,69.5687255859375,1998.0,0.0,1367.0,29.267013549804688,100.0,69.886474609375,1383.0,0.0
1562,0.0,1892.0,10.238410949707031,36.99,69.5687255859375,1998.0,0.0,1367.0,29.267013549804688,100.0,69.886474609375,1383.0,0.0
1563,0.0,1892.0,10.238410949707031,36.99,69.5687255859375,1998.0,0.0,1367.0,29.267013549804688,100.0,69.886474609375,1383.0,0.0
1564,0.0,1892.0,8.258899688720703,36.99,69.48820495605469,1873.0,0.0,1367.0,29.222660064697266,100.0,71.89061737060547,1382.0,0.0
1565,0.0,1892.0,8.258899688720703,36.99,69.48820495605469,1873.0,0.0,1367.0,29.222660064697266,100.0,71.89061737060547,1382.0,0.0
1566,0.0,1892.0,8.258899688720703,36.99,69.48820495605469,1873.0,0.0,1367.0,29.222660064697266,100.0,71.89061737060547,1382.0,0.0
1567,0.0,1892.0,8.258899688720703,36.99,69.48820495605469,1873.0,0.0,1367.0,29.222660064697266,100.0,71.89061737060547,1382.0,0.0
1568,0.0,1892.0,8.258899688720703,36.99,69.48820495605469,1873.0,0.0,1367.0,29.222660064697266,100.0,71.89061737060547,1382.0,0.0
1569,0.0,1892.0,6.561140537261963,36.99,67.7166976928711,2165.0,0.0,1367.0,29.16352653503418,100.0,72.00035095214844,1381.0,0.0
1570,0.0,1892.0,6.561140537261963,36.99,67.7166976928711,2165.0,0.0,1367.0,29.16352653503418,100.0,72.00035095214844,1381.0,0.0
1571,0.0,1892.0,6.561140537261963,36.99,67.7166976928711,2165.0,0.0,1367.0,29.16352653503418,100.0,72.00035095214844,1381.0,0.0
1572,0.0,1892.0,6.561140537261963,36.99,67.7166976928711,2165.0,0.0,1367.0,29.16352653503418,100.0,72.00035095214844,1381.0,0.0
1573,0.0,1892.0,6.561140537261963,36.99,67.7166976928711,2165.0,0.0,1367.0,29.16352653503418,100.0,72.00035095214844,1381.0,0.0
1574,0.0,1892.0,7.67161750793457,36.99,67.18763732910156,2117.0,0.0,1367.0,29.11679458618164,100.0,71.99530029296875,1382.0,0.0
1575,0.0,1892.0,7.67161750793457,36.99,67.18763732910156,2117.0,0.0,1367.0,29.11679458618164,100.0,71.99530029296875,1382.0,0.0
1576,0.0,1892.0,7.67161750793457,36.99,67.18763732910156,2117.0,0.0,1367.0,29.11679458618164,100.0,71.99530029296875,1382.0,0.0
1577,0.0,1892.0,7.67161750793457,36.99,67.18763732910156,2117.0,0.0,1367.0,29.11679458618164,100.0,71.99530029296875,1382.0,0.0
1578,0.0,1892.0,7.67161750793457,36.99,67.18763732910156,2117.0,0.0,1367.0,29.11679458618164,100.0,71.99530029296875,1382.0,0.0
1579,0.0,1892.0,7.67161750793457,36.99,67.18763732910156,2117.0,0.0,1367.0,29.11679458618164,100.0,71.99530029296875,1382.0,0.0
1580,0.0,1892.0,20.865331649780273,36.99,74.25765991210938,1630.0,0.0,1367.0,13.689120292663574,100.0,71.6249008178711,1262.0,0.0
1581,0.0,1892.0,20.865331649780273,36.99,74.25765991210938,1630.0,0.0,1367.0,13.689120292663574,100.0,71.6249008178711,1262.0,0.0
1582,0.0,1892.0,20.865331649780273,36.99,74.25765991210938,1630.0,0.0,1367.0,13.689120292663574,100.0,71.6249008178711,1262.0,0.0
1583,0.0,1892.0,20.865331649780273,36.99,74.25765991210938,1630.0,0.0,1367.0,13.689120292663574,100.0,71.6249008178711,1262.0,0.0
1584,0.0,1892.0,20.865331649780273,36.99,74.25765991210938,1630.0,0.0,1367.0,13.689120292663574,100.0,71.6249008178711,1262.0,0.0
1585,0.0,1892.0,22.792211532592773,36.99,74.68804168701172,2005.0,0.0,1367.0,0.0113244540989398,100.0,61.414772033691406,483.0,0.0
1586,0.0,1892.0,22.792211532592773,36.99,74.68804168701172,2005.0,0.0,1367.0,0.0113244540989398,100.0,61.414772033691406,483.0,0.0
1587,0.0,1892.0,22.792211532592773,36.99,74.68804168701172,2005.0,0.0,1367.0,0.0113244540989398,100.0,61.414772033691406,483.0,0.0
1588,0.0,1892.0,22.792211532592773,36.99,74.68804168701172,2005.0,0.0,1367.0,0.0113244540989398,100.0,61.414772033691406,483.0,0.0
1589,0.0,1892.0,22.792211532592773,36.99,74.68804168701172,2005.0,0.0,1367.0,0.0113244540989398,100.0,61.414772033691406,483.0,0.0
1590,0.0,1892.0,22.897104263305664,36.99,73.11837768554688,2091.0,0.0,1367.0,0.0466066002845764,100.0,60.784461975097656,444.0,0.0
1591,0.0,1892.0,22.897104263305664,36.99,73.11837768554688,2091.0,0.0,1367.0,0.0466066002845764,100.0,60.784461975097656,444.0,0.0
1592,0.0,1892.0,22.897104263305664,36.99,73.11837768554688,2091.0,0.0,1367.0,0.0466066002845764,100.0,60.784461975097656,444.0,0.0
1593,0.0,1892.0,22.897104263305664,36.99,73.11837768554688,2091.0,0.0,1367.0,0.0466066002845764,100.0,60.784461975097656,444.0,0.0
1594,0.0,1892.0,22.897104263305664,36.99,73.11837768554688,2091.0,0.0,1367.0,0.0466066002845764,100.0,60.784461975097656,444.0,0.0
1595,0.0,1892.0,22.81805419921875,36.99,73.37549591064453,2153.0,0.0,1367.0,0.0952751785516738,100.0,60.41057586669922,444.0,0.0
1596,0.0,1892.0,22.81805419921875,36.99,73.37549591064453,2153.0,0.0,1367.0,0.0952751785516738,100.0,60.41057586669922,444.0,0.0
1597,0.0,1892.0,22.81805419921875,36.99,73.37549591064453,2153.0,0.0,1367.0,0.0952751785516738,100.0,60.41057586669922,444.0,0.0
1598,0.0,1892.0,22.81805419921875,36.99,73.37549591064453,2153.0,0.0,1367.0,0.0952751785516738,100.0,60.41057586669922,444.0,0.0
1599,0.0,1892.0,22.81805419921875,36.99,73.37549591064453,2153.0,0.0,1367.0,0.0952751785516738,100.0,60.41057586669922,444.0,0.0
1600,0.0,1892.0,17.64069366455078,36.99,73.9195327758789,2212.0,0.0,1367.0,7.914885520935059,100.0,60.19629669189453,748.0,0.0
1601,0.0,1892.0,17.64069366455078,36.99,73.9195327758789,2212.0,0.0,1367.0,7.914885520935059,100.0,60.19629669189453,748.0,0.0
1602,0.0,1892.0,17.64069366455078,36.99,73.9195327758789,2212.0,0.0,1367.0,7.914885520935059,100.0,60.19629669189453,748.0,0.0
1603,0.0,1892.0,17.64069366455078,36.99,73.9195327758789,2212.0,0.0,1367.0,7.914885520935059,100.0,60.19629669189453,748.0,0.0
1604,0.0,1892.0,17.64069366455078,36.99,73.9195327758789,2212.0,0.0,1367.0,7.914885520935059,100.0,60.19629669189453,748.0,0.0
1605,0.0,1892.0,5.246636867523193,36.99,68.19071960449219,2083.0,0.0,1367.0,29.026161193847656,100.0,69.84516143798828,1384.0,0.0
1606,0.0,1892.0,5.246636867523193,36.99,68.19071960449219,2083.0,0.0,1367.0,29.026161193847656,100.0,69.84516143798828,1384.0,0.0
1607,0.0,1892.0,5.246636867523193,36.99,68.19071960449219,2083.0,0.0,1367.0,29.026161193847656,100.0,69.84516143798828,1384.0,0.0
1608,0.0,1892.0,5.246636867523193,36.99,68.19071960449219,2083.0,0.0,1367.0,29.026161193847656,100.0,69.84516143798828,1384.0,0.0
1609,0.0,1892.0,5.246636867523193,36.99,68.19071960449219,2083.0,0.0,1367.0,29.026161193847656,100.0,69.84516143798828,1384.0,0.0
1610,0.0,1892.0,5.211788654327393,36.99,66.1463394165039,2056.0,0.0,1367.0,29.169410705566406,100.0,71.19463348388672,1381.0,0.0
1611,0.0,1892.0,5.211788654327393,36.99,66.1463394165039,2056.0,0.0,1367.0,29.169410705566406,100.0,71.19463348388672,1381.0,0.0
1612,0.0,1892.0,5.211788654327393,36.99,66.1463394165039,2056.0,0.0,1367.0,29.169410705566406,100.0,71.19463348388672,1381.0,0.0
1613,0.0,1892.0,5.211788654327393,36.99,66.1463394165039,2056.0,0.0,1367.0,29.169410705566406,100.0,71.19463348388672,1381.0,0.0
1614,0.0,1892.0,5.211788654327393,36.99,66.1463394165039,2056.0,0.0,1367.0,29.169410705566406,100.0,71.19463348388672,1381.0,0.0
1615,0.0,1892.0,5.730893611907959,36.99,66.68556213378906,2032.0,0.0,1367.0,29.069509506225582,100.0,71.51541900634766,1382.0,0.0
1616,0.0,1892.0,5.730893611907959,36.99,66.68556213378906,2032.0,0.0,1367.0,29.069509506225582,100.0,71.51541900634766,1382.0,0.0
1617,0.0,1892.0,5.730893611907959,36.99,66.68556213378906,2032.0,0.0,1367.0,29.069509506225582,100.0,71.51541900634766,1382.0,0.0
1618,0.0,1892.0,5.730893611907959,36.99,66.68556213378906,2032.0,0.0,1367.0,29.069509506225582,100.0,71.51541900634766,1382.0,0.0
1619,0.0,1892.0,5.730893611907959,36.99,66.68556213378906,2032.0,0.0,1367.0,29.069509506225582,100.0,71.51541900634766,1382.0,0.0
1620,0.0,1892.0,6.2753705978393555,36.99,67.36226654052734,2170.0,0.0,1367.0,29.094152450561523,100.0,71.76470184326172,1381.0,0.0
1621,0.0,1892.0,6.2753705978393555,36.99,67.36226654052734,2170.0,0.0,1367.0,29.094152450561523,100.0,71.76470184326172,1381.0,0.0
1622,0.0,1892.0,6.2753705978393555,36.99,67.36226654052734,2170.0,0.0,1367.0,29.094152450561523,100.0,71.76470184326172,1381.0,0.0
1623,0.0,1892.0,6.2753705978393555,36.99,67.36226654052734,2170.0,0.0,1367.0,29.094152450561523,100.0,71.76470184326172,1381.0,0.0
1624,0.0,1892.0,6.2753705978393555,36.99,67.36226654052734,2170.0,0.0,1367.0,29.094152450561523,100.0,71.76470184326172,1381.0,0.0
1625,0.0,1892.0,17.612682342529297,36.99,70.25411987304688,1907.0,0.0,1367.0,29.27674865722656,100.0,72.22218322753906,1382.0,0.0
1626,0.0,1892.0,17.612682342529297,36.99,70.25411987304688,1907.0,0.0,1367.0,29.27674865722656,100.0,72.22218322753906,1382.0,0.0
1627,0.0,1892.0,17.612682342529297,36.99,70.25411987304688,1907.0,0.0,1367.0,29.27674865722656,100.0,72.22218322753906,1382.0,0.0
1628,0.0,1892.0,17.612682342529297,36.99,70.25411987304688,1907.0,0.0,1367.0,29.27674865722656,100.0,72.22218322753906,1382.0,0.0
1629,0.0,1892.0,17.612682342529297,36.99,70.25411987304688,1907.0,0.0,1367.0,29.27674865722656,100.0,72.22218322753906,1382.0,0.0
1630,0.0,1892.0,23.055505752563477,36.99,76.32965850830078,1701.0,0.0,1367.0,2.997092962265014,100.0,72.58998107910156,681.0,0.0
1631,0.0,1892.0,23.055505752563477,36.99,76.32965850830078,1701.0,0.0,1367.0,2.997092962265014,100.0,72.58998107910156,681.0,0.0
1632,0.0,1892.0,23.055505752563477,36.99,76.32965850830078,1701.0,0.0,1367.0,2.997092962265014,100.0,72.58998107910156,681.0,0.0
1633,0.0,1892.0,23.055505752563477,36.99,76.32965850830078,1701.0,0.0,1367.0,2.997092962265014,100.0,72.58998107910156,681.0,0.0
1634,0.0,1892.0,23.055505752563477,36.99,76.32965850830078,1701.0,0.0,1367.0,2.997092962265014,100.0,72.58998107910156,681.0,0.0
1635,0.0,1892.0,22.654788970947266,36.99,75.07988739013672,1885.0,0.0,1367.0,0.3830539286136627,100.0,61.92259979248047,479.0,0.0
1636,0.0,1892.0,22.654788970947266,36.99,75.07988739013672,1885.0,0.0,1367.0,0.3830539286136627,100.0,61.92259979248047,479.0,0.0
1637,0.0,1892.0,22.654788970947266,36.99,75.07988739013672,1885.0,0.0,1367.0,0.3830539286136627,100.0,61.92259979248047,479.0,0.0
1638,0.0,1892.0,22.654788970947266,36.99,75.07988739013672,1885.0,0.0,1367.0,0.3830539286136627,100.0,61.92259979248047,479.0,0.0
1639,0.0,1892.0,22.654788970947266,36.99,75.07988739013672,1885.0,0.0,1367.0,0.3830539286136627,100.0,61.92259979248047,479.0,0.0
1640,0.0,1892.0,22.654788970947266,36.99,75.07988739013672,1885.0,0.0,1367.0,0.3830539286136627,100.0,61.92259979248047,479.0,0.0
1641,0.0,1892.0,22.444738388061523,36.99,74.33843231201172,1652.0,0.0,1367.0,0.4302695989608764,100.0,61.3082160949707,481.0,0.0
1642,0.0,1892.0,22.444738388061523,36.99,74.33843231201172,1652.0,0.0,1367.0,0.4302695989608764,100.0,61.3082160949707,481.0,0.0
1643,0.0,1892.0,22.444738388061523,36.99,74.33843231201172,1652.0,0.0,1367.0,0.4302695989608764,100.0,61.3082160949707,481.0,0.0
1644,0.0,1892.0,22.444738388061523,36.99,74.33843231201172,1652.0,0.0,1367.0,0.4302695989608764,100.0,61.3082160949707,481.0,0.0
1645,0.0,1892.0,22.444738388061523,36.99,74.33843231201172,1652.0,0.0,1367.0,0.4302695989608764,100.0,61.3082160949707,481.0,0.0
1646,0.0,1892.0,22.849271774291992,36.99,73.92464447021484,1924.0,0.0,1367.0,0.1083980351686477,100.0,60.799827575683594,444.0,0.0
1647,0.0,1892.0,22.849271774291992,36.99,73.92464447021484,1924.0,0.0,1367.0,0.1083980351686477,100.0,60.799827575683594,444.0,0.0
1648,0.0,1892.0,22.849271774291992,36.99,73.92464447021484,1924.0,0.0,1367.0,0.1083980351686477,100.0,60.799827575683594,444.0,0.0
1649,0.0,1892.0,22.849271774291992,36.99,73.92464447021484,1924.0,0.0,1367.0,0.1083980351686477,100.0,60.799827575683594,444.0,0.0
1650,0.0,1892.0,22.849271774291992,36.99,73.92464447021484,1924.0,0.0,1367.0,0.1083980351686477,100.0,60.799827575683594,444.0,0.0
1651,0.0,1892.0,14.832908630371094,36.99,73.90229797363281,2203.0,0.0,1367.0,19.050975799560547,100.0,60.34880828857422,1079.0,0.0
1652,0.0,1892.0,14.832908630371094,36.99,73.90229797363281,2203.0,0.0,1367.0,19.050975799560547,100.0,60.34880828857422,1079.0,0.0
1653,0.0,1892.0,14.832908630371094,36.99,73.90229797363281,2203.0,0.0,1367.0,19.050975799560547,100.0,60.34880828857422,1079.0,0.0
1654,0.0,1892.0,14.832908630371094,36.99,73.90229797363281,2203.0,0.0,1367.0,19.050975799560547,100.0,60.34880828857422,1079.0,0.0
1655,0.0,1892.0,14.832908630371094,36.99,73.90229797363281,2203.0,0.0,1367.0,19.050975799560547,100.0,60.34880828857422,1079.0,0.0
1656,0.0,1892.0,9.798280715942385,36.99,70.9469985961914,2102.0,0.0,1367.0,29.589664459228516,100.0,70.41365051269531,1382.0,0.0
1657,0.0,1892.0,9.798280715942385,36.99,70.9469985961914,2102.0,0.0,1367.0,29.589664459228516,100.0,70.41365051269531,1382.0,0.0
1658,0.0,1892.0,9.798280715942385,36.99,70.9469985961914,2102.0,0.0,1367.0,29.589664459228516,100.0,70.41365051269531,1382.0,0.0
1659,0.0,1892.0,9.798280715942385,36.99,70.9469985961914,2102.0,0.0,1367.0,29.589664459228516,100.0,70.41365051269531,1382.0,0.0
1660,0.0,1892.0,9.798280715942385,36.99,70.9469985961914,2102.0,0.0,1367.0,29.589664459228516,100.0,70.41365051269531,1382.0,0.0
1661,0.0,1892.0,7.177085876464844,36.99,70.22246551513672,1475.0,0.0,1367.0,29.01685905456543,100.0,72.07664489746094,1381.0,0.0
1662,0.0,1892.0,7.177085876464844,36.99,70.22246551513672,1475.0,0.0,1367.0,29.01685905456543,100.0,72.07664489746094,1381.0,0.0
1663,0.0,1892.0,7.177085876464844,36.99,70.22246551513672,1475.0,0.0,1367.0,29.01685905456543,100.0,72.07664489746094,1381.0,0.0
1664,0.0,1892.0,7.177085876464844,36.99,70.22246551513672,1475.0,0.0,1367.0,29.01685905456543,100.0,72.07664489746094,1381.0,0.0
1665,0.0,1892.0,7.177085876464844,36.99,70.22246551513672,1475.0,0.0,1367.0,29.01685905456543,100.0,72.07664489746094,1381.0,0.0
1666,0.0,1892.0,5.4365553855896,36.99,67.45829010009766,1659.0,0.0,1367.0,29.321842193603516,100.0,72.36028289794922,1382.0,0.0
1667,0.0,1892.0,5.4365553855896,36.99,67.45829010009766,1659.0,0.0,1367.0,29.321842193603516,100.0,72.36028289794922,1382.0,0.0
1668,0.0,1892.0,5.4365553855896,36.99,67.45829010009766,1659.0,0.0,1367.0,29.321842193603516,100.0,72.36028289794922,1382.0,0.0
1669,0.0,1892.0,5.4365553855896,36.99,67.45829010009766,1659.0,0.0,1367.0,29.321842193603516,100.0,72.36028289794922,1382.0,0.0
1670,0.0,1892.0,5.4365553855896,36.99,67.45829010009766,1659.0,0.0,1367.0,29.321842193603516,100.0,72.36028289794922,1382.0,0.0
1671,0.0,1892.0,5.759706020355225,36.99,67.67094421386719,1688.0,0.0,1367.0,29.110340118408203,100.0,72.1743392944336,1382.0,0.0
1672,0.0,1892.0,5.759706020355225,36.99,67.67094421386719,1688.0,0.0,1367.0,29.110340118408203,100.0,72.1743392944336,1382.0,0.0
1673,0.0,1892.0,5.759706020355225,36.99,67.67094421386719,1688.0,0.0,1367.0,29.110340118408203,100.0,72.1743392944336,1382.0,0.0
1674,0.0,1892.0,5.759706020355225,36.99,67.67094421386719,1688.0,0.0,1367.0,29.110340118408203,100.0,72.1743392944336,1382.0,0.0
1675,0.0,1892.0,5.759706020355225,36.99,67.67094421386719,1688.0,0.0,1367.0,29.110340118408203,100.0,72.1743392944336,1382.0,0.0
1676,0.0,1892.0,20.630266189575195,36.99,67.92152404785156,1678.0,0.0,1367.0,20.573902130126953,100.0,72.32563781738281,1147.0,0.0
1677,0.0,1892.0,20.630266189575195,36.99,67.92152404785156,1678.0,0.0,1367.0,20.573902130126953,100.0,72.32563781738281,1147.0,0.0
1678,0.0,1892.0,20.630266189575195,36.99,67.92152404785156,1678.0,0.0,1367.0,20.573902130126953,100.0,72.32563781738281,1147.0,0.0
1679,0.0,1892.0,20.630266189575195,36.99,67.92152404785156,1678.0,0.0,1367.0,20.573902130126953,100.0,72.32563781738281,1147.0,0.0
1680,0.0,1892.0,20.630266189575195,36.99,67.92152404785156,1678.0,0.0,1367.0,20.573902130126953,100.0,72.32563781738281,1147.0,0.0
1681,0.0,1892.0,23.011486053466797,36.99,75.11470031738281,1740.0,0.0,1367.0,0.0430211275815963,100.0,72.14545440673828,444.0,0.0
1682,0.0,1892.0,23.011486053466797,36.99,75.11470031738281,1740.0,0.0,1367.0,0.0430211275815963,100.0,72.14545440673828,444.0,0.0
1683,0.0,1892.0,23.011486053466797,36.99,75.11470031738281,1740.0,0.0,1367.0,0.0430211275815963,100.0,72.14545440673828,444.0,0.0
1684,0.0,1892.0,23.011486053466797,36.99,75.11470031738281,1740.0,0.0,1367.0,0.0430211275815963,100.0,72.14545440673828,444.0,0.0
1685,0.0,1892.0,23.011486053466797,36.99,75.11470031738281,1740.0,0.0,1367.0,0.0430211275815963,100.0,72.14545440673828,444.0,0.0
1686,0.0,1892.0,22.90606689453125,36.99,73.52698516845703,1627.0,0.0,1367.0,0.0793590173125267,100.0,61.294647216796875,222.0,0.0
1687,0.0,1892.0,22.90606689453125,36.99,73.52698516845703,1627.0,0.0,1367.0,0.0793590173125267,100.0,61.294647216796875,222.0,0.0
1688,0.0,1892.0,22.90606689453125,36.99,73.52698516845703,1627.0,0.0,1367.0,0.0793590173125267,100.0,61.294647216796875,222.0,0.0
1689,0.0,1892.0,22.90606689453125,36.99,73.52698516845703,1627.0,0.0,1367.0,0.0793590173125267,100.0,61.294647216796875,222.0,0.0
1690,0.0,1892.0,22.90606689453125,36.99,73.52698516845703,1627.0,0.0,1367.0,0.0793590173125267,100.0,61.294647216796875,222.0,0.0
1691,0.0,1892.0,22.989593505859375,36.99,73.24725341796875,2011.0,0.0,1367.0,0.0363657772541046,100.0,60.72674560546875,333.0,0.0
1692,0.0,1892.0,22.989593505859375,36.99,73.24725341796875,2011.0,0.0,1367.0,0.0363657772541046,100.0,60.72674560546875,333.0,0.0
1693,0.0,1892.0,22.989593505859375,36.99,73.24725341796875,2011.0,0.0,1367.0,0.0363657772541046,100.0,60.72674560546875,333.0,0.0
1694,0.0,1892.0,22.989593505859375,36.99,73.24725341796875,2011.0,0.0,1367.0,0.0363657772541046,100.0,60.72674560546875,333.0,0.0
1695,0.0,1892.0,22.989593505859375,36.99,73.24725341796875,2011.0,0.0,1367.0,0.0363657772541046,100.0,60.72674560546875,333.0,0.0
1696,0.0,1892.0,22.989593505859375,36.99,73.24725341796875,2011.0,0.0,1367.0,0.0363657772541046,100.0,60.72674560546875,333.0,0.0
1697,0.0,1892.0,21.424671173095703,36.99,73.66484069824219,1663.0,0.0,1367.0,1.426619529724121,100.0,60.45647430419922,617.0,0.0
1698,0.0,1892.0,21.424671173095703,36.99,73.66484069824219,1663.0,0.0,1367.0,1.426619529724121,100.0,60.45647430419922,617.0,0.0
1699,0.0,1892.0,21.424671173095703,36.99,73.66484069824219,1663.0,0.0,1367.0,1.426619529724121,100.0,60.45647430419922,617.0,0.0
1700,0.0,1892.0,21.424671173095703,36.99,73.66484069824219,1663.0,0.0,1367.0,1.426619529724121,100.0,60.45647430419922,617.0,0.0
1701,0.0,1892.0,21.424671173095703,36.99,73.66484069824219,1663.0,0.0,1367.0,1.426619529724121,100.0,60.45647430419922,617.0,0.0
1702,0.0,1892.0,10.36911392211914,36.99,71.03723907470703,1910.0,0.0,1367.0,29.84098243713379,100.0,70.55070495605469,1397.0,0.0
1703,0.0,1892.0,10.36911392211914,36.99,71.03723907470703,1910.0,0.0,1367.0,29.84098243713379,100.0,70.55070495605469,1397.0,0.0
1704,0.0,1892.0,10.36911392211914,36.99,71.03723907470703,1910.0,0.0,1367.0,29.84098243713379,100.0,70.55070495605469,1397.0,0.0
1705,0.0,1892.0,10.36911392211914,36.99,71.03723907470703,1910.0,0.0,1367.0,29.84098243713379,100.0,70.55070495605469,1397.0,0.0
1706,0.0,1892.0,10.36911392211914,36.99,71.03723907470703,1910.0,0.0,1367.0,29.84098243713379,100.0,70.55070495605469,1397.0,0.0
1707,0.0,1892.0,10.787360191345217,36.99,70.69561767578125,1748.0,0.0,1367.0,29.74494171142578,100.0,72.34586334228516,1392.0,0.0
1708,0.0,1892.0,10.787360191345217,36.99,70.69561767578125,1748.0,0.0,1367.0,29.74494171142578,100.0,72.34586334228516,1392.0,0.0
1709,0.0,1892.0,10.787360191345217,36.99,70.69561767578125,1748.0,0.0,1367.0,29.74494171142578,100.0,72.34586334228516,1392.0,0.0
1710,0.0,1892.0,10.787360191345217,36.99,70.69561767578125,1748.0,0.0,1367.0,29.74494171142578,100.0,72.34586334228516,1392.0,0.0
1711,0.0,1892.0,10.787360191345217,36.99,70.69561767578125,1748.0,0.0,1367.0,29.74494171142578,100.0,72.34586334228516,1392.0,0.0
1712,0.0,1892.0,8.614543914794922,36.99,70.53031921386719,1938.0,0.0,1367.0,29.35335922241211,100.0,72.60293579101562,1388.0,0.0
1713,0.0,1892.0,8.614543914794922,36.99,70.53031921386719,1938.0,0.0,1367.0,29.35335922241211,100.0,72.60293579101562,1388.0,0.0
1714,0.0,1892.0,8.614543914794922,36.99,70.53031921386719,1938.0,0.0,1367.0,29.35335922241211,100.0,72.60293579101562,1388.0,0.0
1715,0.0,1892.0,8.614543914794922,36.99,70.53031921386719,1938.0,0.0,1367.0,29.35335922241211,100.0,72.60293579101562,1388.0,0.0
1716,0.0,1892.0,8.614543914794922,36.99,70.53031921386719,1938.0,0.0,1367.0,29.35335922241211,100.0,72.60293579101562,1388.0,0.0
1717,0.0,1892.0,7.347726821899414,36.99,69.35906982421875,2105.0,0.0,1367.0,29.38443946838379,100.0,72.83075714111328,1386.0,0.0
1718,0.0,1892.0,7.347726821899414,36.99,69.35906982421875,2105.0,0.0,1367.0,29.38443946838379,100.0,72.83075714111328,1386.0,0.0
1719,0.0,1892.0,7.347726821899414,36.99,69.35906982421875,2105.0,0.0,1367.0,29.38443946838379,100.0,72.83075714111328,1386.0,0.0
1720,0.0,1892.0,7.347726821899414,36.99,69.35906982421875,2105.0,0.0,1367.0,29.38443946838379,100.0,72.83075714111328,1386.0,0.0
1721,0.0,1892.0,7.347726821899414,36.99,69.35906982421875,2105.0,0.0,1367.0,29.38443946838379,100.0,72.83075714111328,1386.0,0.0
1722,0.0,1892.0,14.430535316467283,36.99,71.3306884765625,2017.0,0.0,1367.0,29.386804580688477,100.0,73.20174407958984,1389.0,0.0
1723,0.0,1892.0,14.430535316467283,36.99,71.3306884765625,2017.0,0.0,1367.0,29.386804580688477,100.0,73.20174407958984,1389.0,0.0
1724,0.0,1892.0,14.430535316467283,36.99,71.3306884765625,2017.0,0.0,1367.0,29.386804580688477,100.0,73.20174407958984,1389.0,0.0
1725,0.0,1892.0,14.430535316467283,36.99,71.3306884765625,2017.0,0.0,1367.0,29.386804580688477,100.0,73.20174407958984,1389.0,0.0
1726,0.0,1892.0,14.430535316467283,36.99,71.3306884765625,2017.0,0.0,1367.0,29.386804580688477,100.0,73.20174407958984,1389.0,0.0
1727,0.0,1892.0,22.847253799438477,36.99,76.57292175292969,1847.0,0.0,1367.0,9.225295066833496,100.0,73.13783264160156,1044.0,0.0
1728,0.0,1892.0,22.847253799438477,36.99,76.57292175292969,1847.0,0.0,1367.0,9.225295066833496,100.0,73.13783264160156,1044.0,0.0
1729,0.0,1892.0,22.847253799438477,36.99,76.57292175292969,1847.0,0.0,1367.0,9.225295066833496,100.0,73.13783264160156,1044.0,0.0
1730,0.0,1892.0,22.847253799438477,36.99,76.57292175292969,1847.0,0.0,1367.0,9.225295066833496,100.0,73.13783264160156,1044.0,0.0
1731,0.0,1892.0,22.847253799438477,36.99,76.57292175292969,1847.0,0.0,1367.0,9.225295066833496,100.0,73.13783264160156,1044.0,0.0
1732,0.0,1892.0,23.24814224243164,36.99,75.71668243408203,2050.0,0.0,1367.0,0.2009182870388031,100.0,62.345558166503906,477.0,0.0
1733,0.0,1892.0,23.24814224243164,36.99,75.71668243408203,2050.0,0.0,1367.0,0.2009182870388031,100.0,62.345558166503906,477.0,0.0
1734,0.0,1892.0,23.24814224243164,36.99,75.71668243408203,2050.0,0.0,1367.0,0.2009182870388031,100.0,62.345558166503906,477.0,0.0
1735,0.0,1892.0,23.24814224243164,36.99,75.71668243408203,2050.0,0.0,1367.0,0.2009182870388031,100.0,62.345558166503906,477.0,0.0
1736,0.0,1892.0,23.24814224243164,36.99,75.71668243408203,2050.0,0.0,1367.0,0.2009182870388031,100.0,62.345558166503906,477.0,0.0
1737,0.0,1892.0,22.822847366333008,36.99,75.32000732421875,2056.0,0.0,1367.0,0.3720837235450744,100.0,61.979827880859375,444.0,0.0
1738,0.0,1892.0,22.822847366333008,36.99,75.32000732421875,2056.0,0.0,1367.0,0.3720837235450744,100.0,61.979827880859375,444.0,0.0
1739,0.0,1892.0,22.822847366333008,36.99,75.32000732421875,2056.0,0.0,1367.0,0.3720837235450744,100.0,61.979827880859375,444.0,0.0
1740,0.0,1892.0,22.822847366333008,36.99,75.32000732421875,2056.0,0.0,1367.0,0.3720837235450744,100.0,61.979827880859375,444.0,0.0
1741,0.0,1892.0,22.822847366333008,36.99,75.32000732421875,2056.0,0.0,1367.0,0.3720837235450744,100.0,61.979827880859375,444.0,0.0
1742,0.0,1892.0,22.91388702392578,36.99,74.94830322265625,1833.0,0.0,1367.0,0.4096987247467041,100.0,61.71965408325195,444.0,0.0
1743,0.0,1892.0,22.91388702392578,36.99,74.94830322265625,1833.0,0.0,1367.0,0.4096987247467041,100.0,61.71965408325195,444.0,0.0
1744,0.0,1892.0,22.91388702392578,36.99,74.94830322265625,1833.0,0.0,1367.0,0.4096987247467041,100.0,61.71965408325195,444.0,0.0
1745,0.0,1892.0,22.91388702392578,36.99,74.94830322265625,1833.0,0.0,1367.0,0.4096987247467041,100.0,61.71965408325195,444.0,0.0
1746,0.0,1892.0,22.91388702392578,36.99,74.94830322265625,1833.0,0.0,1367.0,0.4096987247467041,100.0,61.71965408325195,444.0,0.0
1747,0.0,1892.0,17.380027770996094,36.99,74.50189971923828,2135.0,0.0,1367.0,12.58443832397461,100.0,61.17359161376953,864.0,0.0
1748,0.0,1892.0,17.380027770996094,36.99,74.50189971923828,2135.0,0.0,1367.0,12.58443832397461,100.0,61.17359161376953,864.0,0.0
1749,0.0,1892.0,17.380027770996094,36.99,74.50189971923828,2135.0,0.0,1367.0,12.58443832397461,100.0,61.17359161376953,864.0,0.0
1750,0.0,1892.0,17.380027770996094,36.99,74.50189971923828,2135.0,0.0,1367.0,12.58443832397461,100.0,61.17359161376953,864.0,0.0
1751,0.0,1892.0,17.380027770996094,36.99,74.50189971923828,2135.0,0.0,1367.0,12.58443832397461,100.0,61.17359161376953,864.0,0.0
1752,0.0,1892.0,9.571267127990724,36.99,71.86216735839844,1985.0,0.0,1367.0,30.238256454467773,100.0,71.05453491210938,1398.0,0.0
1753,0.0,1892.0,9.571267127990724,36.99,71.86216735839844,1985.0,0.0,1367.0,30.238256454467773,100.0,71.05453491210938,1398.0,0.0
1754,0.0,1892.0,9.571267127990724,36.99,71.86216735839844,1985.0,0.0,1367.0,30.238256454467773,100.0,71.05453491210938,1398.0,0.0
1755,0.0,1892.0,9.571267127990724,36.99,71.86216735839844,1985.0,0.0,1367.0,30.238256454467773,100.0,71.05453491210938,1398.0,0.0
1756,0.0,1892.0,9.571267127990724,36.99,71.86216735839844,1985.0,0.0,1367.0,30.238256454467773,100.0,71.05453491210938,1398.0,0.0
1757,0.0,1892.0,9.571267127990724,36.99,71.86216735839844,1985.0,0.0,1367.0,30.238256454467773,100.0,71.05453491210938,1398.0,0.0
1758,0.0,1892.0,6.761643886566162,36.99,69.75376892089844,1949.0,0.0,1367.0,29.816099166870117,100.0,72.7574691772461,1393.0,0.0
1759,0.0,1892.0,6.761643886566162,36.99,69.75376892089844,1949.0,0.0,1367.0,29.816099166870117,100.0,72.7574691772461,1393.0,0.0
1760,0.0,1892.0,6.761643886566162,36.99,69.75376892089844,1949.0,0.0,1367.0,29.816099166870117,100.0,72.7574691772461,1393.0,0.0
1761,0.0,1892.0,6.761643886566162,36.99,69.75376892089844,1949.0,0.0,1367.0,29.816099166870117,100.0,72.7574691772461,1393.0,0.0
1762,0.0,1892.0,6.761643886566162,36.99,69.75376892089844,1949.0,0.0,1367.0,29.816099166870117,100.0,72.7574691772461,1393.0,0.0
1763,0.0,1892.0,5.358602046966553,36.99,68.66031646728516,1761.0,0.0,1367.0,29.683292388916016,100.0,72.97653198242188,1393.0,0.0
1764,0.0,1892.0,5.358602046966553,36.99,68.66031646728516,1761.0,0.0,1367.0,29.683292388916016,100.0,72.97653198242188,1393.0,0.0
1765,0.0,1892.0,5.358602046966553,36.99,68.66031646728516,1761.0,0.0,1367.0,29.683292388916016,100.0,72.97653198242188,1393.0,0.0
1766,0.0,1892.0,5.358602046966553,36.99,68.66031646728516,1761.0,0.0,1367.0,29.683292388916016,100.0,72.97653198242188,1393.0,0.0
1767,0.0,1892.0,5.358602046966553,36.99,68.66031646728516,1761.0,0.0,1367.0,29.683292388916016,100.0,72.97653198242188,1393.0,0.0
1768,0.0,1892.0,5.756170272827148,36.99,67.42675018310547,1910.0,0.0,1367.0,29.77023696899414,100.0,72.87805938720703,1393.0,0.0
1769,0.0,1892.0,5.756170272827148,36.99,67.42675018310547,1910.0,0.0,1367.0,29.77023696899414,100.0,72.87805938720703,1393.0,0.0
1770,0.0,1892.0,5.756170272827148,36.99,67.42675018310547,1910.0,0.0,1367.0,29.77023696899414,100.0,72.87805938720703,1393.0,0.0
1771,0.0,1892.0,5.756170272827148,36.99,67.42675018310547,1910.0,0.0,1367.0,29.77023696899414,100.0,72.87805938720703,1393.0,0.0
1772,0.0,1892.0,5.756170272827148,36.99,67.42675018310547,1910.0,0.0,1367.0,29.77023696899414,100.0,72.87805938720703,1393.0,0.0
1773,0.0,1892.0,17.197612762451172,36.99,68.52271270751953,2022.0,0.0,1367.0,27.31255340576172,100.0,73.11979675292969,1392.0,0.0
1774,0.0,1892.0,17.197612762451172,36.99,68.52271270751953,2022.0,0.0,1367.0,27.31255340576172,100.0,73.11979675292969,1392.0,0.0
1775,0.0,1892.0,17.197612762451172,36.99,68.52271270751953,2022.0,0.0,1367.0,27.31255340576172,100.0,73.11979675292969,1392.0,0.0
1776,0.0,1892.0,17.197612762451172,36.99,68.52271270751953,2022.0,0.0,1367.0,27.31255340576172,100.0,73.11979675292969,1392.0,0.0
1777,0.0,1892.0,17.197612762451172,36.99,68.52271270751953,2022.0,0.0,1367.0,27.31255340576172,100.0,73.11979675292969,1392.0,0.0
1778,0.0,1892.0,23.039844512939453,36.99,75.1447525024414,1572.0,0.0,1367.0,0.0365202575922012,100.0,73.23834991455078,811.0,0.0
1779,0.0,1892.0,23.039844512939453,36.99,75.1447525024414,1572.0,0.0,1367.0,0.0365202575922012,100.0,73.23834991455078,811.0,0.0
1780,0.0,1892.0,23.039844512939453,36.99,75.1447525024414,1572.0,0.0,1367.0,0.0365202575922012,100.0,73.23834991455078,811.0,0.0
1781,0.0,1892.0,23.039844512939453,36.99,75.1447525024414,1572.0,0.0,1367.0,0.0365202575922012,100.0,73.23834991455078,811.0,0.0
1782,0.0,1892.0,23.039844512939453,36.99,75.1447525024414,1572.0,0.0,1367.0,0.0365202575922012,100.0,73.23834991455078,811.0,0.0
1783,0.0,1892.0,22.98273277282715,36.99,74.22362518310547,1572.0,0.0,1367.0,0.0125344414263963,100.0,62.40142822265625,444.0,0.0
1784,0.0,1892.0,22.98273277282715,36.99,74.22362518310547,1572.0,0.0,1367.0,0.0125344414263963,100.0,62.40142822265625,444.0,0.0
1785,0.0,1892.0,22.98273277282715,36.99,74.22362518310547,1572.0,0.0,1367.0,0.0125344414263963,100.0,62.40142822265625,444.0,0.0
1786,0.0,1892.0,22.98273277282715,36.99,74.22362518310547,1572.0,0.0,1367.0,0.0125344414263963,100.0,62.40142822265625,444.0,0.0
1787,0.0,1892.0,22.98273277282715,36.99,74.22362518310547,1572.0,0.0,1367.0,0.0125344414263963,100.0,62.40142822265625,444.0,0.0
1788,0.0,1892.0,22.96156883239746,36.99,74.24198913574219,1497.0,0.0,1367.0,0.0121724670752882,100.0,61.66961669921875,444.0,0.0
1789,0.0,1892.0,22.96156883239746,36.99,74.24198913574219,1497.0,0.0,1367.0,0.0121724670752882,100.0,61.66961669921875,444.0,0.0
1790,0.0,1892.0,22.96156883239746,36.99,74.24198913574219,1497.0,0.0,1367.0,0.0121724670752882,100.0,61.66961669921875,444.0,0.0
1791,0.0,1892.0,22.96156883239746,36.99,74.24198913574219,1497.0,0.0,1367.0,0.0121724670752882,100.0,61.66961669921875,444.0,0.0
1792,0.0,1892.0,22.96156883239746,36.99,74.24198913574219,1497.0,0.0,1367.0,0.0121724670752882,100.0,61.66961669921875,444.0,0.0
1793,0.0,1892.0,22.95053482055664,36.99,73.22280883789062,1382.0,0.0,1367.0,0.0137990191578865,100.0,61.12294387817383,444.0,0.0
1794,0.0,1892.0,22.95053482055664,36.99,73.22280883789062,1382.0,0.0,1367.0,0.0137990191578865,100.0,61.12294387817383,444.0,0.0
1795,0.0,1892.0,22.95053482055664,36.99,73.22280883789062,1382.0,0.0,1367.0,0.0137990191578865,100.0,61.12294387817383,444.0,0.0
1796,0.0,1892.0,22.95053482055664,36.99,73.22280883789062,1382.0,0.0,1367.0,0.0137990191578865,100.0,61.12294387817383,444.0,0.0
1797,0.0,1892.0,22.95053482055664,36.99,73.22280883789062,1382.0,0.0,1367.0,0.0137990191578865,100.0,61.12294387817383,444.0,0.0
1798,0.0,1892.0,8.549043655395508,36.99,73.11874389648438,1936.0,0.0,1367.0,24.61823844909668,100.0,60.78135299682617,1345.0,0.0
1799,0.0,1892.0,8.549043655395508,36.99,73.11874389648438,1936.0,0.0,1367.0,24.61823844909668,100.0,60.78135299682617,1345.0,0.0
1800,0.0,1892.0,8.549043655395508,36.99,73.11874389648438,1936.0,0.0,1367.0,24.61823844909668,100.0,60.78135299682617,1345.0,0.0
1801,0.0,1892.0,8.549043655395508,36.99,73.11874389648438,1936.0,0.0,1367.0,24.61823844909668,100.0,60.78135299682617,1345.0,0.0
1802,0.0,1892.0,8.549043655395508,36.99,73.11874389648438,1936.0,0.0,1367.0,24.61823844909668,100.0,60.78135299682617,1345.0,0.0
1803,0.0,1892.0,5.446645259857178,36.99,68.83361053466797,2019.0,0.0,1367.0,29.81352996826172,100.0,70.88111877441406,1398.0,0.0
1804,0.0,1892.0,5.446645259857178,36.99,68.83361053466797,2019.0,0.0,1367.0,29.81352996826172,100.0,70.88111877441406,1398.0,0.0
1805,0.0,1892.0,5.446645259857178,36.99,68.83361053466797,2019.0,0.0,1367.0,29.81352996826172,100.0,70.88111877441406,1398.0,0.0
1806,0.0,1892.0,5.446645259857178,36.99,68.83361053466797,2019.0,0.0,1367.0,29.81352996826172,100.0,70.88111877441406,1398.0,0.0
1807,0.0,1892.0,5.446645259857178,36.99,68.83361053466797,2019.0,0.0,1367.0,29.81352996826172,100.0,70.88111877441406,1398.0,0.0
1808,0.0,1892.0,5.446645259857178,36.99,68.83361053466797,2019.0,0.0,1367.0,29.81352996826172,100.0,70.88111877441406,1398.0,0.0
1809,0.0,1892.0,9.860286712646484,36.99,69.35212707519531,2041.0,0.0,1367.0,30.04949951171875,100.0,72.22232818603516,1398.0,0.0
1810,0.0,1892.0,9.860286712646484,36.99,69.35212707519531,2041.0,0.0,1367.0,30.04949951171875,100.0,72.22232818603516,1398.0,0.0
1811,0.0,1892.0,9.860286712646484,36.99,69.35212707519531,2041.0,0.0,1367.0,30.04949951171875,100.0,72.22232818603516,1398.0,0.0
1812,0.0,1892.0,9.860286712646484,36.99,69.35212707519531,2041.0,0.0,1367.0,30.04949951171875,100.0,72.22232818603516,1398.0,0.0
1813,0.0,1892.0,9.860286712646484,36.99,69.35212707519531,2041.0,0.0,1367.0,30.04949951171875,100.0,72.22232818603516,1398.0,0.0
1814,0.0,1892.0,10.052935600280762,36.99,70.88272857666016,2076.0,0.0,1367.0,29.75687789916992,100.0,73.32970428466797,1398.0,0.0
1815,0.0,1892.0,10.052935600280762,36.99,70.88272857666016,2076.0,0.0,1367.0,29.75687789916992,100.0,73.32970428466797,1398.0,0.0
1816,0.0,1892.0,10.052935600280762,36.99,70.88272857666016,2076.0,0.0,1367.0,29.75687789916992,100.0,73.32970428466797,1398.0,0.0
1817,0.0,1892.0,10.052935600280762,36.99,70.88272857666016,2076.0,0.0,1367.0,29.75687789916992,100.0,73.32970428466797,1398.0,0.0
1818,0.0,1892.0,10.052935600280762,36.99,70.88272857666016,2076.0,0.0,1367.0,29.75687789916992,100.0,73.32970428466797,1398.0,0.0
1819,0.0,1892.0,9.367244720458984,36.99,70.73007202148438,2145.0,0.0,1367.0,29.92321395874023,100.0,73.56378173828125,1398.0,0.0
1820,0.0,1892.0,9.367244720458984,36.99,70.73007202148438,2145.0,0.0,1367.0,29.92321395874023,100.0,73.56378173828125,1398.0,0.0
1821,0.0,1892.0,9.367244720458984,36.99,70.73007202148438,2145.0,0.0,1367.0,29.92321395874023,100.0,73.56378173828125,1398.0,0.0
1822,0.0,1892.0,9.367244720458984,36.99,70.73007202148438,2145.0,0.0,1367.0,29.92321395874023,100.0,73.56378173828125,1398.0,0.0
1823,0.0,1892.0,9.367244720458984,36.99,70.73007202148438,2145.0,0.0,1367.0,29.92321395874023,100.0,73.56378173828125,1398.0,0.0
1824,0.0,1892.0,22.409090042114254,36.99,76.81155395507812,1855.0,0.0,1367.0,15.940313339233398,100.0,72.76873016357422,1336.0,0.0
1825,0.0,1892.0,22.409090042114254,36.99,76.81155395507812,1855.0,0.0,1367.0,15.940313339233398,100.0,72.76873016357422,1336.0,0.0
1826,0.0,1892.0,22.409090042114254,36.99,76.81155395507812,1855.0,0.0,1367.0,15.940313339233398,100.0,72.76873016357422,1336.0,0.0
1827,0.0,1892.0,22.409090042114254,36.99,76.81155395507812,1855.0,0.0,1367.0,15.940313339233398,100.0,72.76873016357422,1336.0,0.0
1828,0.0,1892.0,22.409090042114254,36.99,76.81155395507812,1855.0,0.0,1367.0,15.940313339233398,100.0,72.76873016357422,1336.0,0.0
1829,0.0,1892.0,23.9638671875,36.99,76.76347351074219,2075.0,0.0,1367.0,0.4514339566230774,100.0,62.83335494995117,539.0,0.0
1830,0.0,1892.0,23.9638671875,36.99,76.76347351074219,2075.0,0.0,1367.0,0.4514339566230774,100.0,62.83335494995117,539.0,0.0
1831,0.0,1892.0,23.9638671875,36.99,76.76347351074219,2075.0,0.0,1367.0,0.4514339566230774,100.0,62.83335494995117,539.0,0.0
1832,0.0,1892.0,23.9638671875,36.99,76.76347351074219,2075.0,0.0,1367.0,0.4514339566230774,100.0,62.83335494995117,539.0,0.0
1833,0.0,1892.0,23.9638671875,36.99,76.76347351074219,2075.0,0.0,1367.0,0.4514339566230774,100.0,62.83335494995117,539.0,0.0
1834,0.0,1892.0,23.839366912841797,36.99,76.63397979736328,1927.0,0.0,1367.0,0.4244169592857361,100.0,62.34308624267578,529.0,0.0
1835,0.0,1892.0,23.839366912841797,36.99,76.63397979736328,1927.0,0.0,1367.0,0.4244169592857361,100.0,62.34308624267578,529.0,0.0
1836,0.0,1892.0,23.839366912841797,36.99,76.63397979736328,1927.0,0.0,1367.0,0.4244169592857361,100.0,62.34308624267578,529.0,0.0
1837,0.0,1892.0,23.839366912841797,36.99,76.63397979736328,1927.0,0.0,1367.0,0.4244169592857361,100.0,62.34308624267578,529.0,0.0
1838,0.0,1892.0,23.839366912841797,36.99,76.63397979736328,1927.0,0.0,1367.0,0.4244169592857361,100.0,62.34308624267578,529.0,0.0
1839,0.0,1892.0,24.300687789916992,36.99,75.84861755371094,2050.0,0.0,1367.0,0.2751777470111847,100.0,61.79926681518555,466.0,0.0
1840,0.0,1892.0,24.300687789916992,36.99,75.84861755371094,2050.0,0.0,1367.0,0.2751777470111847,100.0,61.79926681518555,466.0,0.0
1841,0.0,1892.0,24.300687789916992,36.99,75.84861755371094,2050.0,0.0,1367.0,0.2751777470111847,100.0,61.79926681518555,466.0,0.0
1842,0.0,1892.0,24.300687789916992,36.99,75.84861755371094,2050.0,0.0,1367.0,0.2751777470111847,100.0,61.79926681518555,466.0,0.0
1843,0.0,1892.0,24.300687789916992,36.99,75.84861755371094,2050.0,0.0,1367.0,0.2751777470111847,100.0,61.79926681518555,466.0,0.0
1844,0.0,1892.0,19.775053024291992,36.99,75.94270324707031,2245.0,0.0,1367.0,6.617215156555176,100.0,61.6932487487793,673.0,0.0
1845,0.0,1892.0,19.775053024291992,36.99,75.94270324707031,2245.0,0.0,1367.0,6.617215156555176,100.0,61.6932487487793,673.0,0.0
1846,0.0,1892.0,19.775053024291992,36.99,75.94270324707031,2245.0,0.0,1367.0,6.617215156555176,100.0,61.6932487487793,673.0,0.0
1847,0.0,1892.0,19.775053024291992,36.99,75.94270324707031,2245.0,0.0,1367.0,6.617215156555176,100.0,61.6932487487793,673.0,0.0
1848,0.0,1892.0,19.775053024291992,36.99,75.94270324707031,2245.0,0.0,1367.0,6.617215156555176,100.0,61.6932487487793,673.0,0.0
1849,0.0,1892.0,5.592978477478027,36.99,69.83683013916016,2008.0,0.0,1367.0,29.89365005493164,100.0,70.99553680419922,1398.0,0.0
1850,0.0,1892.0,5.592978477478027,36.99,69.83683013916016,2008.0,0.0,1367.0,29.89365005493164,100.0,70.99553680419922,1398.0,0.0
1851,0.0,1892.0,5.592978477478027,36.99,69.83683013916016,2008.0,0.0,1367.0,29.89365005493164,100.0,70.99553680419922,1398.0,0.0
1852,0.0,1892.0,5.592978477478027,36.99,69.83683013916016,2008.0,0.0,1367.0,29.89365005493164,100.0,70.99553680419922,1398.0,0.0
1853,0.0,1892.0,5.592978477478027,36.99,69.83683013916016,2008.0,0.0,1367.0,29.89365005493164,100.0,70.99553680419922,1398.0,0.0
1854,0.0,1892.0,5.44895601272583,36.99,68.09358215332031,1990.0,0.0,1367.0,30.091981887817383,100.0,72.54927062988281,1398.0,0.0
1855,0.0,1892.0,5.44895601272583,36.99,68.09358215332031,1990.0,0.0,1367.0,30.091981887817383,100.0,72.54927062988281,1398.0,0.0
1856,0.0,1892.0,5.44895601272583,36.99,68.09358215332031,1990.0,0.0,1367.0,30.091981887817383,100.0,72.54927062988281,1398.0,0.0
1857,0.0,1892.0,5.44895601272583,36.99,68.09358215332031,1990.0,0.0,1367.0,30.091981887817383,100.0,72.54927062988281,1398.0,0.0
1858,0.0,1892.0,5.44895601272583,36.99,68.09358215332031,1990.0,0.0,1367.0,30.091981887817383,100.0,72.54927062988281,1398.0,0.0
1859,0.0,1892.0,10.197038650512695,36.99,70.0623779296875,1978.0,0.0,1367.0,29.062681198120117,100.0,72.96067810058594,1379.0,0.0
1860,0.0,1892.0,10.197038650512695,36.99,70.0623779296875,1978.0,0.0,1367.0,29.062681198120117,100.0,72.96067810058594,1379.0,0.0
1861,0.0,1892.0,10.197038650512695,36.99,70.0623779296875,1978.0,0.0,1367.0,29.062681198120117,100.0,72.96067810058594,1379.0,0.0
1862,0.0,1892.0,10.197038650512695,36.99,70.0623779296875,1978.0,0.0,1367.0,29.062681198120117,100.0,72.96067810058594,1379.0,0.0
1863,0.0,1892.0,10.197038650512695,36.99,70.0623779296875,1978.0,0.0,1367.0,29.062681198120117,100.0,72.96067810058594,1379.0,0.0
1864,0.0,1892.0,10.51824951171875,36.99,71.68579864501953,1875.0,0.0,1367.0,28.742319107055664,100.0,73.04304504394531,1376.0,0.0
1865,0.0,1892.0,10.51824951171875,36.99,71.68579864501953,1875.0,0.0,1367.0,28.742319107055664,100.0,73.04304504394531,1376.0,0.0
1866,0.0,1892.0,10.51824951171875,36.99,71.68579864501953,1875.0,0.0,1367.0,28.742319107055664,100.0,73.04304504394531,1376.0,0.0
1867,0.0,1892.0,10.51824951171875,36.99,71.68579864501953,1875.0,0.0,1367.0,28.742319107055664,100.0,73.04304504394531,1376.0,0.0
1868,0.0,1892.0,10.51824951171875,36.99,71.68579864501953,1875.0,0.0,1367.0,28.742319107055664,100.0,73.04304504394531,1376.0,0.0
1869,0.0,1892.0,10.51824951171875,36.99,71.68579864501953,1875.0,0.0,1367.0,28.742319107055664,100.0,73.04304504394531,1376.0,0.0
1870,0.0,1892.0,13.919608116149902,36.99,70.7328109741211,2173.0,0.0,1367.0,29.22958755493164,100.0,73.2594223022461,1382.0,0.0
1871,0.0,1892.0,13.919608116149902,36.99,70.7328109741211,2173.0,0.0,1367.0,29.22958755493164,100.0,73.2594223022461,1382.0,0.0
1872,0.0,1892.0,13.919608116149902,36.99,70.7328109741211,2173.0,0.0,1367.0,29.22958755493164,100.0,73.2594223022461,1382.0,0.0
1873,0.0,1892.0,13.919608116149902,36.99,70.7328109741211,2173.0,0.0,1367.0,29.22958755493164,100.0,73.2594223022461,1382.0,0.0
1874,0.0,1892.0,13.919608116149902,36.99,70.7328109741211,2173.0,0.0,1367.0,29.22958755493164,100.0,73.2594223022461,1382.0,0.0
1875,0.0,1892.0,24.769773483276367,36.99,78.18867492675781,2127.0,0.0,1367.0,5.177505970001221,100.0,72.60151672363281,948.0,0.0
1876,0.0,1892.0,24.769773483276367,36.99,78.18867492675781,2127.0,0.0,1367.0,5.177505970001221,100.0,72.60151672363281,948.0,0.0
1877,0.0,1892.0,24.769773483276367,36.99,78.18867492675781,2127.0,0.0,1367.0,5.177505970001221,100.0,72.60151672363281,948.0,0.0
1878,0.0,1892.0,24.769773483276367,36.99,78.18867492675781,2127.0,0.0,1367.0,5.177505970001221,100.0,72.60151672363281,948.0,0.0
1879,0.0,1892.0,24.769773483276367,36.99,78.18867492675781,2127.0,0.0,1367.0,5.177505970001221,100.0,72.60151672363281,948.0,0.0
1880,0.0,1892.0,24.289852142333984,36.99,77.61859130859375,2024.0,0.0,1367.0,0.5299782156944275,100.0,63.18682098388672,468.0,0.0
1881,0.0,1892.0,24.289852142333984,36.99,77.61859130859375,2024.0,0.0,1367.0,0.5299782156944275,100.0,63.18682098388672,468.0,0.0
1882,0.0,1892.0,24.289852142333984,36.99,77.61859130859375,2024.0,0.0,1367.0,0.5299782156944275,100.0,63.18682098388672,468.0,0.0
1883,0.0,1892.0,24.289852142333984,36.99,77.61859130859375,2024.0,0.0,1367.0,0.5299782156944275,100.0,63.18682098388672,468.0,0.0
1884,0.0,1892.0,24.289852142333984,36.99,77.61859130859375,2024.0,0.0,1367.0,0.5299782156944275,100.0,63.18682098388672,468.0,0.0
1885,0.0,1892.0,23.21174430847168,36.99,76.36872100830078,1920.0,0.0,1367.0,0.1122205704450607,100.0,62.45185470581055,490.0,0.0
1886,0.0,1892.0,23.21174430847168,36.99,76.36872100830078,1920.0,0.0,1367.0,0.1122205704450607,100.0,62.45185470581055,490.0,0.0
1887,0.0,1892.0,23.21174430847168,36.99,76.36872100830078,1920.0,0.0,1367.0,0.1122205704450607,100.0,62.45185470581055,490.0,0.0
1888,0.0,1892.0,23.21174430847168,36.99,76.36872100830078,1920.0,0.0,1367.0,0.1122205704450607,100.0,62.45185470581055,490.0,0.0
1889,0.0,1892.0,23.21174430847168,36.99,76.36872100830078,1920.0,0.0,1367.0,0.1122205704450607,100.0,62.45185470581055,490.0,0.0
1890,0.0,1892.0,24.36918067932129,36.99,76.29005432128906,2215.0,0.0,1367.0,0.492105484008789,100.0,62.067352294921875,474.0,0.0
1891,0.0,1892.0,24.36918067932129,36.99,76.29005432128906,2215.0,0.0,1367.0,0.492105484008789,100.0,62.067352294921875,474.0,0.0
1892,0.0,1892.0,24.36918067932129,36.99,76.29005432128906,2215.0,0.0,1367.0,0.492105484008789,100.0,62.067352294921875,474.0,0.0
1893,0.0,1892.0,24.36918067932129,36.99,76.29005432128906,2215.0,0.0,1367.0,0.492105484008789,100.0,62.067352294921875,474.0,0.0
1894,0.0,1892.0,24.36918067932129,36.99,76.29005432128906,2215.0,0.0,1367.0,0.492105484008789,100.0,62.067352294921875,474.0,0.0
1895,0.0,1892.0,12.43598461151123,36.99,75.96974182128906,1992.0,0.0,1367.0,17.027265548706055,100.0,61.997169494628906,1029.0,0.0
1896,0.0,1892.0,12.43598461151123,36.99,75.96974182128906,1992.0,0.0,1367.0,17.027265548706055,100.0,61.997169494628906,1029.0,0.0
1897,0.0,1892.0,12.43598461151123,36.99,75.96974182128906,1992.0,0.0,1367.0,17.027265548706055,100.0,61.997169494628906,1029.0,0.0
1898,0.0,1892.0,12.43598461151123,36.99,75.96974182128906,1992.0,0.0,1367.0,17.027265548706055,100.0,61.997169494628906,1029.0,0.0
1899,0.0,1892.0,12.43598461151123,36.99,75.96974182128906,1992.0,0.0,1367.0,17.027265548706055,100.0,61.997169494628906,1029.0,0.0
1900,0.0,1892.0,5.2754011154174805,36.99,70.29246520996094,1560.0,0.0,1367.0,29.222850799560547,100.0,70.81745910644531,1385.0,0.0
1901,0.0,1892.0,5.2754011154174805,36.99,70.29246520996094,1560.0,0.0,1367.0,29.222850799560547,100.0,70.81745910644531,1385.0,0.0
1902,0.0,1892.0,5.2754011154174805,36.99,70.29246520996094,1560.0,0.0,1367.0,29.222850799560547,100.0,70.81745910644531,1385.0,0.0
1903,0.0,1892.0,5.2754011154174805,36.99,70.29246520996094,1560.0,0.0,1367.0,29.222850799560547,100.0,70.81745910644531,1385.0,0.0
1904,0.0,1892.0,5.2754011154174805,36.99,70.29246520996094,1560.0,0.0,1367.0,29.222850799560547,100.0,70.81745910644531,1385.0,0.0
1905,0.0,1892.0,5.252856731414795,36.99,66.4514389038086,1380.0,0.0,1367.0,29.284099578857425,100.0,72.33894348144531,1384.0,0.0
1906,0.0,1892.0,5.252856731414795,36.99,66.4514389038086,1380.0,0.0,1367.0,29.284099578857425,100.0,72.33894348144531,1384.0,0.0
1907,0.0,1892.0,5.252856731414795,36.99,66.4514389038086,1380.0,0.0,1367.0,29.284099578857425,100.0,72.33894348144531,1384.0,0.0
1908,0.0,1892.0,5.252856731414795,36.99,66.4514389038086,1380.0,0.0,1367.0,29.284099578857425,100.0,72.33894348144531,1384.0,0.0
1909,0.0,1892.0,5.252856731414795,36.99,66.4514389038086,1380.0,0.0,1367.0,29.284099578857425,100.0,72.33894348144531,1384.0,0.0
1910,0.0,1892.0,5.620837688446045,36.99,67.55718994140625,1424.0,0.0,1367.0,29.365406036376953,100.0,72.56111145019531,1384.0,0.0
1911,0.0,1892.0,5.620837688446045,36.99,67.55718994140625,1424.0,0.0,1367.0,29.365406036376953,100.0,72.56111145019531,1384.0,0.0
1912,0.0,1892.0,5.620837688446045,36.99,67.55718994140625,1424.0,0.0,1367.0,29.365406036376953,100.0,72.56111145019531,1384.0,0.0
1913,0.0,1892.0,5.620837688446045,36.99,67.55718994140625,1424.0,0.0,1367.0,29.365406036376953,100.0,72.56111145019531,1384.0,0.0
1914,0.0,1892.0,5.620837688446045,36.99,67.55718994140625,1424.0,0.0,1367.0,29.365406036376953,100.0,72.56111145019531,1384.0,0.0
1915,0.0,1892.0,5.118056774139404,36.99,68.32576751708984,1198.0,0.0,1367.0,29.30262756347656,100.0,72.86279296875,1385.0,0.0
1916,0.0,1892.0,5.118056774139404,36.99,68.32576751708984,1198.0,0.0,1367.0,29.30262756347656,100.0,72.86279296875,1385.0,0.0
1917,0.0,1892.0,5.118056774139404,36.99,68.32576751708984,1198.0,0.0,1367.0,29.30262756347656,100.0,72.86279296875,1385.0,0.0
1918,0.0,1892.0,5.118056774139404,36.99,68.32576751708984,1198.0,0.0,1367.0,29.30262756347656,100.0,72.86279296875,1385.0,0.0
1919,0.0,1892.0,5.118056774139404,36.99,68.32576751708984,1198.0,0.0,1367.0,29.30262756347656,100.0,72.86279296875,1385.0,0.0
1920,0.0,1892.0,19.57440948486328,36.99,67.2994384765625,1199.0,0.0,1367.0,22.122434616088867,100.0,73.00920867919922,1349.0,0.0
1921,0.0,1892.0,19.57440948486328,36.99,67.2994384765625,1199.0,0.0,1367.0,22.122434616088867,100.0,73.00920867919922,1349.0,0.0
1922,0.0,1892.0,19.57440948486328,36.99,67.2994384765625,1199.0,0.0,1367.0,22.122434616088867,100.0,73.00920867919922,1349.0,0.0
1923,0.0,1892.0,19.57440948486328,36.99,67.2994384765625,1199.0,0.0,1367.0,22.122434616088867,100.0,73.00920867919922,1349.0,0.0
1924,0.0,1892.0,19.57440948486328,36.99,67.2994384765625,1199.0,0.0,1367.0,22.122434616088867,100.0,73.00920867919922,1349.0,0.0
1925,0.0,1892.0,22.858991622924805,36.99,75.63768768310547,1339.0,0.0,1367.0,0.0,100.0,73.55995178222656,0.0,0.0
1926,0.0,1892.0,22.858991622924805,36.99,75.63768768310547,1339.0,0.0,1367.0,0.0,100.0,73.55995178222656,0.0,0.0
1927,0.0,1892.0,22.858991622924805,36.99,75.63768768310547,1339.0,0.0,1367.0,0.0,100.0,73.55995178222656,0.0,0.0
1928,0.0,1892.0,22.858991622924805,36.99,75.63768768310547,1339.0,0.0,1367.0,0.0,100.0,73.55995178222656,0.0,0.0
1929,0.0,1892.0,22.858991622924805,36.99,75.63768768310547,1339.0,0.0,1367.0,0.0,100.0,73.55995178222656,0.0,0.0
1930,0.0,1892.0,22.858991622924805,36.99,75.63768768310547,1339.0,0.0,1367.0,0.0,100.0,73.55995178222656,0.0,0.0
1931,0.0,1892.0,22.7515869140625,36.99,74.8302993774414,1066.0,0.0,1367.0,0.0,100.0,5.8734002113342285,0.0,0.0
1932,0.0,1892.0,22.7515869140625,36.99,74.8302993774414,1066.0,0.0,1367.0,0.0,100.0,5.8734002113342285,0.0,0.0
1933,0.0,1892.0,22.7515869140625,36.99,74.8302993774414,1066.0,0.0,1367.0,0.0,100.0,5.8734002113342285,0.0,0.0
1934,0.0,1892.0,22.7515869140625,36.99,74.8302993774414,1066.0,0.0,1367.0,0.0,100.0,5.8734002113342285,0.0,0.0
1935,0.0,1892.0,22.7515869140625,36.99,74.8302993774414,1066.0,0.0,1367.0,0.0,100.0,5.8734002113342285,0.0,0.0
1936,0.0,1892.0,22.804058074951172,36.99,72.92528533935547,1117.0,0.0,1367.0,0.0,100.0,5.8734002113342285,0.0,0.0
1937,0.0,1892.0,22.804058074951172,36.99,72.92528533935547,1117.0,0.0,1367.0,0.0,100.0,5.8734002113342285,0.0,0.0
1938,0.0,1892.0,22.804058074951172,36.99,72.92528533935547,1117.0,0.0,1367.0,0.0,100.0,5.8734002113342285,0.0,0.0
1939,0.0,1892.0,22.804058074951172,36.99,72.92528533935547,1117.0,0.0,1367.0,0.0,100.0,5.8734002113342285,0.0,0.0
1940,0.0,1892.0,22.804058074951172,36.99,72.92528533935547,1117.0,0.0,1367.0,0.0,100.0,5.8734002113342285,0.0,0.0
1941,0.0,1892.0,22.06998062133789,36.99,73.88860321044922,1264.0,0.0,1367.0,0.3590145409107208,100.0,60.7214469909668,350.0,0.0
1942,0.0,1892.0,22.06998062133789,36.99,73.88860321044922,1264.0,0.0,1367.0,0.3590145409107208,100.0,60.7214469909668,350.0,0.0
1943,0.0,1892.0,22.06998062133789,36.99,73.88860321044922,1264.0,0.0,1367.0,0.3590145409107208,100.0,60.7214469909668,350.0,0.0
1944,0.0,1892.0,22.06998062133789,36.99,73.88860321044922,1264.0,0.0,1367.0,0.3590145409107208,100.0,60.7214469909668,350.0,0.0
1945,0.0,1892.0,22.06998062133789,36.99,73.88860321044922,1264.0,0.0,1367.0,0.3590145409107208,100.0,60.7214469909668,350.0,0.0
1946,0.0,1892.0,4.987350940704346,36.99,68.4910888671875,1122.0,0.0,1367.0,29.91655540466309,100.0,70.63438415527344,1398.0,0.0
1947,0.0,1892.0,4.987350940704346,36.99,68.4910888671875,1122.0,0.0,1367.0,29.91655540466309,100.0,70.63438415527344,1398.0,0.0
1948,0.0,1892.0,4.987350940704346,36.99,68.4910888671875,1122.0,0.0,1367.0,29.91655540466309,100.0,70.63438415527344,1398.0,0.0
1949,0.0,1892.0,4.987350940704346,36.99,68.4910888671875,1122.0,0.0,1367.0,29.91655540466309,100.0,70.63438415527344,1398.0,0.0
1950,0.0,1892.0,4.987350940704346,36.99,68.4910888671875,1122.0,0.0,1367.0,29.91655540466309,100.0,70.63438415527344,1398.0,0.0
1951,0.0,1892.0,4.987209320068359,36.99,66.49341583251953,1116.0,0.0,1367.0,29.94727325439453,100.0,72.08985900878906,1398.0,0.0
1952,0.0,1892.0,4.987209320068359,36.99,66.49341583251953,1116.0,0.0,1367.0,29.94727325439453,100.0,72.08985900878906,1398.0,0.0
1953,0.0,1892.0,4.987209320068359,36.99,66.49341583251953,1116.0,0.0,1367.0,29.94727325439453,100.0,72.08985900878906,1398.0,0.0
1954,0.0,1892.0,4.987209320068359,36.99,66.49341583251953,1116.0,0.0,1367.0,29.94727325439453,100.0,72.08985900878906,1398.0,0.0
1955,0.0,1892.0,4.987209320068359,36.99,66.49341583251953,1116.0,0.0,1367.0,29.94727325439453,100.0,72.08985900878906,1398.0,0.0
1956,0.0,1892.0,4.982896327972412,36.99,66.25652313232422,1242.0,0.0,1367.0,30.01566696166992,100.0,72.4755630493164,1398.0,0.0
1957,0.0,1892.0,4.982896327972412,36.99,66.25652313232422,1242.0,0.0,1367.0,30.01566696166992,100.0,72.4755630493164,1398.0,0.0
1958,0.0,1892.0,4.982896327972412,36.99,66.25652313232422,1242.0,0.0,1367.0,30.01566696166992,100.0,72.4755630493164,1398.0,0.0
1959,0.0,1892.0,4.982896327972412,36.99,66.25652313232422,1242.0,0.0,1367.0,30.01566696166992,100.0,72.4755630493164,1398.0,0.0
1960,0.0,1892.0,4.982896327972412,36.99,66.25652313232422,1242.0,0.0,1367.0,30.01566696166992,100.0,72.4755630493164,1398.0,0.0
1961,0.0,1892.0,5.022697448730469,36.99,67.06326293945312,1378.0,0.0,1367.0,29.957422256469727,100.0,72.67053985595703,1398.0,0.0
1962,0.0,1892.0,5.022697448730469,36.99,67.06326293945312,1378.0,0.0,1367.0,29.957422256469727,100.0,72.67053985595703,1398.0,0.0
1963,0.0,1892.0,5.022697448730469,36.99,67.06326293945312,1378.0,0.0,1367.0,29.957422256469727,100.0,72.67053985595703,1398.0,0.0
1964,0.0,1892.0,5.022697448730469,36.99,67.06326293945312,1378.0,0.0,1367.0,29.957422256469727,100.0,72.67053985595703,1398.0,0.0
1965,0.0,1892.0,5.022697448730469,36.99,67.06326293945312,1378.0,0.0,1367.0,29.957422256469727,100.0,72.67053985595703,1398.0,0.0
1966,0.0,1892.0,9.955339431762695,36.99,68.21720123291016,1846.0,0.0,1367.0,29.913307189941406,100.0,72.86858367919922,1398.0,0.0
1967,0.0,1892.0,9.955339431762695,36.99,68.21720123291016,1846.0,0.0,1367.0,29.913307189941406,100.0,72.86858367919922,1398.0,0.0
1968,0.0,1892.0,9.955339431762695,36.99,68.21720123291016,1846.0,0.0,1367.0,29.913307189941406,100.0,72.86858367919922,1398.0,0.0
1969,0.0,1892.0,9.955339431762695,36.99,68.21720123291016,1846.0,0.0,1367.0,29.913307189941406,100.0,72.86858367919922,1398.0,0.0
1970,0.0,1892.0,9.955339431762695,36.99,68.21720123291016,1846.0,0.0,1367.0,29.913307189941406,100.0,72.86858367919922,1398.0,0.0
1971,0.0,1892.0,24.36821746826172,36.99,75.8744125366211,1987.0,0.0,1367.0,10.249138832092283,100.0,72.45518493652344,1069.0,0.0
1972,0.0,1892.0,24.36821746826172,36.99,75.8744125366211,1987.0,0.0,1367.0,10.249138832092283,100.0,72.45518493652344,1069.0,0.0
1973,0.0,1892.0,24.36821746826172,36.99,75.8744125366211,1987.0,0.0,1367.0,10.249138832092283,100.0,72.45518493652344,1069.0,0.0
1974,0.0,1892.0,24.36821746826172,36.99,75.8744125366211,1987.0,0.0,1367.0,10.249138832092283,100.0,72.45518493652344,1069.0,0.0
1975,0.0,1892.0,24.36821746826172,36.99,75.8744125366211,1987.0,0.0,1367.0,10.249138832092283,100.0,72.45518493652344,1069.0,0.0
1976,0.0,1892.0,24.06896209716797,36.99,77.1058120727539,2088.0,0.0,1367.0,0.5161053538322449,100.0,62.58448028564453,444.0,0.0
1977,0.0,1892.0,24.06896209716797,36.99,77.1058120727539,2088.0,0.0,1367.0,0.5161053538322449,100.0,62.58448028564453,444.0,0.0
1978,0.0,1892.0,24.06896209716797,36.99,77.1058120727539,2088.0,0.0,1367.0,0.5161053538322449,100.0,62.58448028564453,444.0,0.0
1979,0.0,1892.0,24.06896209716797,36.99,77.1058120727539,2088.0,0.0,1367.0,0.5161053538322449,100.0,62.58448028564453,444.0,0.0
1980,0.0,1892.0,24.06896209716797,36.99,77.1058120727539,2088.0,0.0,1367.0,0.5161053538322449,100.0,62.58448028564453,444.0,0.0
1981,0.0,1892.0,23.92590713500977,36.99,75.90309143066406,1814.0,0.0,1367.0,0.1410920172929763,100.0,61.835052490234375,444.0,0.0
1982,0.0,1892.0,23.92590713500977,36.99,75.90309143066406,1814.0,0.0,1367.0,0.1410920172929763,100.0,61.835052490234375,444.0,0.0
1983,0.0,1892.0,23.92590713500977,36.99,75.90309143066406,1814.0,0.0,1367.0,0.1410920172929763,100.0,61.835052490234375,444.0,0.0
1984,0.0,1892.0,23.92590713500977,36.99,75.90309143066406,1814.0,0.0,1367.0,0.1410920172929763,100.0,61.835052490234375,444.0,0.0
1985,0.0,1892.0,23.92590713500977,36.99,75.90309143066406,1814.0,0.0,1367.0,0.1410920172929763,100.0,61.835052490234375,444.0,0.0
1986,0.0,1892.0,23.92590713500977,36.99,75.90309143066406,1814.0,0.0,1367.0,0.1410920172929763,100.0,61.835052490234375,444.0,0.0
1987,0.0,1892.0,24.9661808013916,36.99,76.1279067993164,2117.0,0.0,1367.0,0.4033731520175934,100.0,61.676658630371094,444.0,0.0
1988,0.0,1892.0,24.9661808013916,36.99,76.1279067993164,2117.0,0.0,1367.0,0.4033731520175934,100.0,61.676658630371094,444.0,0.0
1989,0.0,1892.0,24.9661808013916,36.99,76.1279067993164,2117.0,0.0,1367.0,0.4033731520175934,100.0,61.676658630371094,444.0,0.0
1990,0.0,1892.0,24.9661808013916,36.99,76.1279067993164,2117.0,0.0,1367.0,0.4033731520175934,100.0,61.676658630371094,444.0,0.0
1991,0.0,1892.0,24.9661808013916,36.99,76.1279067993164,2117.0,0.0,1367.0,0.4033731520175934,100.0,61.676658630371094,444.0,0.0
1992,0.0,1892.0,17.758386611938477,36.99,76.21171569824219,2215.0,0.0,1367.0,11.581236839294434,100.0,61.6837272644043,850.0,0.0
1993,0.0,1892.0,17.758386611938477,36.99,76.21171569824219,2215.0,0.0,1367.0,11.581236839294434,100.0,61.6837272644043,850.0,0.0
1994,0.0,1892.0,17.758386611938477,36.99,76.21171569824219,2215.0,0.0,1367.0,11.581236839294434,100.0,61.6837272644043,850.0,0.0
1995,0.0,1892.0,17.758386611938477,36.99,76.21171569824219,2215.0,0.0,1367.0,11.581236839294434,100.0,61.6837272644043,850.0,0.0
1996,0.0,1892.0,17.758386611938477,36.99,76.21171569824219,2215.0,0.0,1367.0,11.581236839294434,100.0,61.6837272644043,850.0,0.0
1997,0.0,1892.0,8.75274658203125,36.99,70.2950439453125,2170.0,0.0,1367.0,30.02453231811523,100.0,70.82135772705078,1398.0,0.0
1998,0.0,1892.0,8.75274658203125,36.99,70.2950439453125,2170.0,0.0,1367.0,30.02453231811523,100.0,70.82135772705078,1398.0,0.0
1999,0.0,1892.0,8.75274658203125,36.99,70.2950439453125,2170.0,0.0,1367.0,30.02453231811523,100.0,70.82135772705078,1398.0,0.0
2000,0.0,1892.0,8.75274658203125,36.99,70.2950439453125,2170.0,0.0,1367.0,30.02453231811523,100.0,70.82135772705078,1398.0,0.0
2001,0.0,1892.0,8.75274658203125,36.99,70.2950439453125,2170.0,0.0,1367.0,30.02453231811523,100.0,70.82135772705078,1398.0,0.0
2002,0.0,1892.0,9.540645599365234,36.99,71.16080474853516,2102.0,0.0,1367.0,29.709815979003903,100.0,73.0042495727539,1388.0,0.0
2003,0.0,1892.0,9.540645599365234,36.99,71.16080474853516,2102.0,0.0,1367.0,29.709815979003903,100.0,73.0042495727539,1388.0,0.0
2004,0.0,1892.0,9.540645599365234,36.99,71.16080474853516,2102.0,0.0,1367.0,29.709815979003903,100.0,73.0042495727539,1388.0,0.0
2005,0.0,1892.0,9.540645599365234,36.99,71.16080474853516,2102.0,0.0,1367.0,29.709815979003903,100.0,73.0042495727539,1388.0,0.0
2006,0.0,1892.0,9.540645599365234,36.99,71.16080474853516,2102.0,0.0,1367.0,29.709815979003903,100.0,73.0042495727539,1388.0,0.0
2007,0.0,1892.0,5.482300281524658,36.99,70.38508605957031,2005.0,0.0,1367.0,29.32920837402344,100.0,72.92842102050781,1383.0,0.0
2008,0.0,1892.0,5.482300281524658,36.99,70.38508605957031,2005.0,0.0,1367.0,29.32920837402344,100.0,72.92842102050781,1383.0,0.0
2009,0.0,1892.0,5.482300281524658,36.99,70.38508605957031,2005.0,0.0,1367.0,29.32920837402344,100.0,72.92842102050781,1383.0,0.0
2010,0.0,1892.0,5.482300281524658,36.99,70.38508605957031,2005.0,0.0,1367.0,29.32920837402344,100.0,72.92842102050781,1383.0,0.0
2011,0.0,1892.0,5.482300281524658,36.99,70.38508605957031,2005.0,0.0,1367.0,29.32920837402344,100.0,72.92842102050781,1383.0,0.0
2012,0.0,1892.0,5.240933895111084,36.99,67.28179931640625,1952.0,0.0,1367.0,29.17102813720703,100.0,72.81622314453125,1381.0,0.0
2013,0.0,1892.0,5.240933895111084,36.99,67.28179931640625,1952.0,0.0,1367.0,29.17102813720703,100.0,72.81622314453125,1381.0,0.0
2014,0.0,1892.0,5.240933895111084,36.99,67.28179931640625,1952.0,0.0,1367.0,29.17102813720703,100.0,72.81622314453125,1381.0,0.0
2015,0.0,1892.0,5.240933895111084,36.99,67.28179931640625,1952.0,0.0,1367.0,29.17102813720703,100.0,72.81622314453125,1381.0,0.0
2016,0.0,1892.0,5.240933895111084,36.99,67.28179931640625,1952.0,0.0,1367.0,29.17102813720703,100.0,72.81622314453125,1381.0,0.0
2017,0.0,1892.0,16.266891479492188,36.99,67.14946746826172,1816.0,0.0,1367.0,28.227340698242188,100.0,72.8291015625,1380.0,0.0
2018,0.0,1892.0,16.266891479492188,36.99,67.14946746826172,1816.0,0.0,1367.0,28.227340698242188,100.0,72.8291015625,1380.0,0.0
2019,0.0,1892.0,16.266891479492188,36.99,67.14946746826172,1816.0,0.0,1367.0,28.227340698242188,100.0,72.8291015625,1380.0,0.0
2020,0.0,1892.0,16.266891479492188,36.99,67.14946746826172,1816.0,0.0,1367.0,28.227340698242188,100.0,72.8291015625,1380.0,0.0
2021,0.0,1892.0,16.266891479492188,36.99,67.14946746826172,1816.0,0.0,1367.0,28.227340698242188,100.0,72.8291015625,1380.0,0.0
2022,0.0,1892.0,23.177824020385746,36.99,76.36116790771484,2006.0,0.0,1367.0,0.0446010269224643,100.0,73.14620208740234,789.0,0.0
2023,0.0,1892.0,23.177824020385746,36.99,76.36116790771484,2006.0,0.0,1367.0,0.0446010269224643,100.0,73.14620208740234,789.0,0.0
2024,0.0,1892.0,23.177824020385746,36.99,76.36116790771484,2006.0,0.0,1367.0,0.0446010269224643,100.0,73.14620208740234,789.0,0.0
2025,0.0,1892.0,23.177824020385746,36.99,76.36116790771484,2006.0,0.0,1367.0,0.0446010269224643,100.0,73.14620208740234,789.0,0.0
2026,0.0,1892.0,23.177824020385746,36.99,76.36116790771484,2006.0,0.0,1367.0,0.0446010269224643,100.0,73.14620208740234,789.0,0.0
2027,0.0,1892.0,23.201738357543945,36.99,75.56599426269531,2075.0,0.0,1367.0,0.0827400684356689,100.0,62.26903533935547,459.0,0.0
2028,0.0,1892.0,23.201738357543945,36.99,75.56599426269531,2075.0,0.0,1367.0,0.0827400684356689,100.0,62.26903533935547,459.0,0.0
2029,0.0,1892.0,23.201738357543945,36.99,75.56599426269531,2075.0,0.0,1367.0,0.0827400684356689,100.0,62.26903533935547,459.0,0.0
2030,0.0,1892.0,23.201738357543945,36.99,75.56599426269531,2075.0,0.0,1367.0,0.0827400684356689,100.0,62.26903533935547,459.0,0.0
2031,0.0,1892.0,23.201738357543945,36.99,75.56599426269531,2075.0,0.0,1367.0,0.0827400684356689,100.0,62.26903533935547,459.0,0.0
2032,0.0,1892.0,24.64329719543457,36.99,74.94244384765625,2104.0,0.0,1367.0,0.4612624943256378,100.0,61.85253143310547,503.0,0.0
2033,0.0,1892.0,24.64329719543457,36.99,74.94244384765625,2104.0,0.0,1367.0,0.4612624943256378,100.0,61.85253143310547,503.0,0.0
2034,0.0,1892.0,24.64329719543457,36.99,74.94244384765625,2104.0,0.0,1367.0,0.4612624943256378,100.0,61.85253143310547,503.0,0.0
2035,0.0,1892.0,24.64329719543457,36.99,74.94244384765625,2104.0,0.0,1367.0,0.4612624943256378,100.0,61.85253143310547,503.0,0.0
2036,0.0,1892.0,24.64329719543457,36.99,74.94244384765625,2104.0,0.0,1367.0,0.4612624943256378,100.0,61.85253143310547,503.0,0.0
2037,0.0,1892.0,24.42396354675293,36.99,76.59381866455078,2016.0,0.0,1367.0,0.2271729558706283,100.0,61.93357467651367,444.0,0.0
2038,0.0,1892.0,24.42396354675293,36.99,76.59381866455078,2016.0,0.0,1367.0,0.2271729558706283,100.0,61.93357467651367,444.0,0.0
2039,0.0,1892.0,24.42396354675293,36.99,76.59381866455078,2016.0,0.0,1367.0,0.2271729558706283,100.0,61.93357467651367,444.0,0.0
2040,0.0,1892.0,24.42396354675293,36.99,76.59381866455078,2016.0,0.0,1367.0,0.2271729558706283,100.0,61.93357467651367,444.0,0.0
2041,0.0,1892.0,24.42396354675293,36.99,76.59381866455078,2016.0,0.0,1367.0,0.2271729558706283,100.0,61.93357467651367,444.0,0.0
2042,0.0,1892.0,24.42396354675293,36.99,76.59381866455078,2016.0,0.0,1367.0,0.2271729558706283,100.0,61.93357467651367,444.0,0.0
2043,0.0,1892.0,12.788870811462402,36.99,76.01512908935547,2075.0,0.0,1367.0,23.07254409790039,100.0,61.43195724487305,1223.0,0.0
2044,0.0,1892.0,12.788870811462402,36.99,76.01512908935547,2075.0,0.0,1367.0,23.07254409790039,100.0,61.43195724487305,1223.0,0.0
2045,0.0,1892.0,12.788870811462402,36.99,76.01512908935547,2075.0,0.0,1367.0,23.07254409790039,100.0,61.43195724487305,1223.0,0.0
2046,0.0,1892.0,12.788870811462402,36.99,76.01512908935547,2075.0,0.0,1367.0,23.07254409790039,100.0,61.43195724487305,1223.0,0.0
2047,0.0,1892.0,12.788870811462402,36.99,76.01512908935547,2075.0,0.0,1367.0,23.07254409790039,100.0,61.43195724487305,1223.0,0.0
2048,0.0,1892.0,11.044139862060549,36.99,71.80826568603516,2107.0,0.0,1367.0,29.621780395507812,100.0,70.99400329589844,1391.0,0.0
2049,0.0,1892.0,11.044139862060549,36.99,71.80826568603516,2107.0,0.0,1367.0,29.621780395507812,100.0,70.99400329589844,1391.0,0.0
2050,0.0,1892.0,11.044139862060549,36.99,71.80826568603516,2107.0,0.0,1367.0,29.621780395507812,100.0,70.99400329589844,1391.0,0.0
2051,0.0,1892.0,11.044139862060549,36.99,71.80826568603516,2107.0,0.0,1367.0,29.621780395507812,100.0,70.99400329589844,1391.0,0.0
2052,0.0,1892.0,11.044139862060549,36.99,71.80826568603516,2107.0,0.0,1367.0,29.621780395507812,100.0,70.99400329589844,1391.0,0.0
2053,0.0,1892.0,8.097443580627441,36.99,71.35502624511719,1939.0,0.0,1367.0,29.705974578857425,100.0,73.0087661743164,1387.0,0.0
2054,0.0,1892.0,8.097443580627441,36.99,71.35502624511719,1939.0,0.0,1367.0,29.705974578857425,100.0,73.0087661743164,1387.0,0.0
2055,0.0,1892.0,8.097443580627441,36.99,71.35502624511719,1939.0,0.0,1367.0,29.705974578857425,100.0,73.0087661743164,1387.0,0.0
2056,0.0,1892.0,8.097443580627441,36.99,71.35502624511719,1939.0,0.0,1367.0,29.705974578857425,100.0,73.0087661743164,1387.0,0.0
2057,0.0,1892.0,8.097443580627441,36.99,71.35502624511719,1939.0,0.0,1367.0,29.705974578857425,100.0,73.0087661743164,1387.0,0.0
2058,0.0,1892.0,10.811600685119627,36.99,71.96223449707031,2156.0,0.0,1367.0,29.724336624145508,100.0,73.3147964477539,1391.0,0.0
2059,0.0,1892.0,10.811600685119627,36.99,71.96223449707031,2156.0,0.0,1367.0,29.724336624145508,100.0,73.3147964477539,1391.0,0.0
2060,0.0,1892.0,10.811600685119627,36.99,71.96223449707031,2156.0,0.0,1367.0,29.724336624145508,100.0,73.3147964477539,1391.0,0.0
2061,0.0,1892.0,10.811600685119627,36.99,71.96223449707031,2156.0,0.0,1367.0,29.724336624145508,100.0,73.3147964477539,1391.0,0.0
2062,0.0,1892.0,10.811600685119627,36.99,71.96223449707031,2156.0,0.0,1367.0,29.724336624145508,100.0,73.3147964477539,1391.0,0.0
2063,0.0,1892.0,9.068825721740724,36.99,71.56405639648438,2062.0,0.0,1367.0,29.712913513183594,100.0,73.86122131347656,1387.0,0.0
2064,0.0,1892.0,9.068825721740724,36.99,71.56405639648438,2062.0,0.0,1367.0,29.712913513183594,100.0,73.86122131347656,1387.0,0.0
2065,0.0,1892.0,9.068825721740724,36.99,71.56405639648438,2062.0,0.0,1367.0,29.712913513183594,100.0,73.86122131347656,1387.0,0.0
2066,0.0,1892.0,9.068825721740724,36.99,71.56405639648438,2062.0,0.0,1367.0,29.712913513183594,100.0,73.86122131347656,1387.0,0.0
2067,0.0,1892.0,9.068825721740724,36.99,71.56405639648438,2062.0,0.0,1367.0,29.712913513183594,100.0,73.86122131347656,1387.0,0.0
2068,0.0,1892.0,22.954299926757812,36.99,76.81927490234375,2148.0,0.0,1367.0,17.49268913269043,100.0,73.85677337646484,1330.0,0.0
2069,0.0,1892.0,22.954299926757812,36.99,76.81927490234375,2148.0,0.0,1367.0,17.49268913269043,100.0,73.85677337646484,1330.0,0.0
2070,0.0,1892.0,22.954299926757812,36.99,76.81927490234375,2148.0,0.0,1367.0,17.49268913269043,100.0,73.85677337646484,1330.0,0.0
2071,0.0,1892.0,22.954299926757812,36.99,76.81927490234375,2148.0,0.0,1367.0,17.49268913269043,100.0,73.85677337646484,1330.0,0.0
2072,0.0,1892.0,22.954299926757812,36.99,76.81927490234375,2148.0,0.0,1367.0,17.49268913269043,100.0,73.85677337646484,1330.0,0.0
2073,0.0,1892.0,23.343544006347656,36.99,76.3642807006836,2089.0,0.0,1367.0,0.1057015508413314,100.0,62.89441680908203,466.0,0.0
2074,0.0,1892.0,23.343544006347656,36.99,76.3642807006836,2089.0,0.0,1367.0,0.1057015508413314,100.0,62.89441680908203,466.0,0.0
2075,0.0,1892.0,23.343544006347656,36.99,76.3642807006836,2089.0,0.0,1367.0,0.1057015508413314,100.0,62.89441680908203,466.0,0.0
2076,0.0,1892.0,23.343544006347656,36.99,76.3642807006836,2089.0,0.0,1367.0,0.1057015508413314,100.0,62.89441680908203,466.0,0.0
2077,0.0,1892.0,23.343544006347656,36.99,76.3642807006836,2089.0,0.0,1367.0,0.1057015508413314,100.0,62.89441680908203,466.0,0.0
2078,0.0,1892.0,23.38789749145508,36.99,76.35576629638672,1934.0,0.0,1367.0,0.4121894836425781,100.0,62.52471923828125,444.0,0.0
2079,0.0,1892.0,23.38789749145508,36.99,76.35576629638672,1934.0,0.0,1367.0,0.4121894836425781,100.0,62.52471923828125,444.0,0.0
2080,0.0,1892.0,23.38789749145508,36.99,76.35576629638672,1934.0,0.0,1367.0,0.4121894836425781,100.0,62.52471923828125,444.0,0.0
2081,0.0,1892.0,23.38789749145508,36.99,76.35576629638672,1934.0,0.0,1367.0,0.4121894836425781,100.0,62.52471923828125,444.0,0.0
2082,0.0,1892.0,23.38789749145508,36.99,76.35576629638672,1934.0,0.0,1367.0,0.4121894836425781,100.0,62.52471923828125,444.0,0.0
2083,0.0,1892.0,22.956239700317383,36.99,74.43034362792969,2162.0,0.0,1367.0,0.0814090147614479,100.0,61.926292419433594,444.0,0.0
2084,0.0,1892.0,22.956239700317383,36.99,74.43034362792969,2162.0,0.0,1367.0,0.0814090147614479,100.0,61.926292419433594,444.0,0.0
2085,0.0,1892.0,22.956239700317383,36.99,74.43034362792969,2162.0,0.0,1367.0,0.0814090147614479,100.0,61.926292419433594,444.0,0.0
2086,0.0,1892.0,22.956239700317383,36.99,74.43034362792969,2162.0,0.0,1367.0,0.0814090147614479,100.0,61.926292419433594,444.0,0.0
2087,0.0,1892.0,22.956239700317383,36.99,74.43034362792969,2162.0,0.0,1367.0,0.0814090147614479,100.0,61.926292419433594,444.0,0.0
2088,0.0,1892.0,22.267822265625,36.99,75.19114685058594,1939.0,0.0,1367.0,4.388270378112793,100.0,61.56111907958984,621.0,0.0
2089,0.0,1892.0,22.267822265625,36.99,75.19114685058594,1939.0,0.0,1367.0,4.388270378112793,100.0,61.56111907958984,621.0,0.0
2090,0.0,1892.0,22.267822265625,36.99,75.19114685058594,1939.0,0.0,1367.0,4.388270378112793,100.0,61.56111907958984,621.0,0.0
2091,0.0,1892.0,22.267822265625,36.99,75.19114685058594,1939.0,0.0,1367.0,4.388270378112793,100.0,61.56111907958984,621.0,0.0
2092,0.0,1892.0,22.267822265625,36.99,75.19114685058594,1939.0,0.0,1367.0,4.388270378112793,100.0,61.56111907958984,621.0,0.0
2093,0.0,1892.0,22.267822265625,36.99,75.19114685058594,1939.0,0.0,1367.0,4.388270378112793,100.0,61.56111907958984,621.0,0.0
2094,0.0,1892.0,11.356557846069336,36.99,73.48429870605469,2028.0,0.0,1367.0,30.051345825195312,100.0,71.4126205444336,1398.0,0.0
2095,0.0,1892.0,11.356557846069336,36.99,73.48429870605469,2028.0,0.0,1367.0,30.051345825195312,100.0,71.4126205444336,1398.0,0.0
2096,0.0,1892.0,11.356557846069336,36.99,73.48429870605469,2028.0,0.0,1367.0,30.051345825195312,100.0,71.4126205444336,1398.0,0.0
2097,0.0,1892.0,11.356557846069336,36.99,73.48429870605469,2028.0,0.0,1367.0,30.051345825195312,100.0,71.4126205444336,1398.0,0.0
2098,0.0,1892.0,11.356557846069336,36.99,73.48429870605469,2028.0,0.0,1367.0,30.051345825195312,100.0,71.4126205444336,1398.0,0.0
2099,0.0,1892.0,7.1463117599487305,36.99,70.83809661865234,2032.0,0.0,1367.0,29.84531593322754,100.0,73.34722900390625,1398.0,0.0
2100,0.0,1892.0,7.1463117599487305,36.99,70.83809661865234,2032.0,0.0,1367.0,29.84531593322754,100.0,73.34722900390625,1398.0,0.0
2101,0.0,1892.0,7.1463117599487305,36.99,70.83809661865234,2032.0,0.0,1367.0,29.84531593322754,100.0,73.34722900390625,1398.0,0.0
2102,0.0,1892.0,7.1463117599487305,36.99,70.83809661865234,2032.0,0.0,1367.0,29.84531593322754,100.0,73.34722900390625,1398.0,0.0
2103,0.0,1892.0,7.1463117599487305,36.99,70.83809661865234,2032.0,0.0,1367.0,29.84531593322754,100.0,73.34722900390625,1398.0,0.0
2104,0.0,1892.0,10.02381706237793,36.99,71.02049255371094,2226.0,0.0,1367.0,30.131933212280273,100.0,73.47016906738281,1398.0,0.0
2105,0.0,1892.0,10.02381706237793,36.99,71.02049255371094,2226.0,0.0,1367.0,30.131933212280273,100.0,73.47016906738281,1398.0,0.0
2106,0.0,1892.0,10.02381706237793,36.99,71.02049255371094,2226.0,0.0,1367.0,30.131933212280273,100.0,73.47016906738281,1398.0,0.0
2107,0.0,1892.0,10.02381706237793,36.99,71.02049255371094,2226.0,0.0,1367.0,30.131933212280273,100.0,73.47016906738281,1398.0,0.0
2108,0.0,1892.0,10.02381706237793,36.99,71.02049255371094,2226.0,0.0,1367.0,30.131933212280273,100.0,73.47016906738281,1398.0,0.0
2109,0.0,1892.0,11.501145362854004,36.99,72.49834442138672,1952.0,0.0,1367.0,30.175457000732425,100.0,74.12889862060547,1398.0,0.0
2110,0.0,1892.0,11.501145362854004,36.99,72.49834442138672,1952.0,0.0,1367.0,30.175457000732425,100.0,74.12889862060547,1398.0,0.0
2111,0.0,1892.0,11.501145362854004,36.99,72.49834442138672,1952.0,0.0,1367.0,30.175457000732425,100.0,74.12889862060547,1398.0,0.0
2112,0.0,1892.0,11.501145362854004,36.99,72.49834442138672,1952.0,0.0,1367.0,30.175457000732425,100.0,74.12889862060547,1398.0,0.0
2113,0.0,1892.0,11.501145362854004,36.99,72.49834442138672,1952.0,0.0,1367.0,30.175457000732425,100.0,74.12889862060547,1398.0,0.0
2114,0.0,1892.0,13.451459884643556,36.99,71.67684936523438,2114.0,0.0,1367.0,29.921510696411133,100.0,74.48283386230469,1398.0,0.0
2115,0.0,1892.0,13.451459884643556,36.99,71.67684936523438,2114.0,0.0,1367.0,29.921510696411133,100.0,74.48283386230469,1398.0,0.0
2116,0.0,1892.0,13.451459884643556,36.99,71.67684936523438,2114.0,0.0,1367.0,29.921510696411133,100.0,74.48283386230469,1398.0,0.0
2117,0.0,1892.0,13.451459884643556,36.99,71.67684936523438,2114.0,0.0,1367.0,29.921510696411133,100.0,74.48283386230469,1398.0,0.0
2118,0.0,1892.0,13.451459884643556,36.99,71.67684936523438,2114.0,0.0,1367.0,29.921510696411133,100.0,74.48283386230469,1398.0,0.0
2119,0.0,1892.0,24.695068359375,36.99,78.00315856933594,2120.0,0.0,1367.0,6.759827136993408,100.0,73.43522644042969,1022.0,0.0
2120,0.0,1892.0,24.695068359375,36.99,78.00315856933594,2120.0,0.0,1367.0,6.759827136993408,100.0,73.43522644042969,1022.0,0.0
2121,0.0,1892.0,24.695068359375,36.99,78.00315856933594,2120.0,0.0,1367.0,6.759827136993408,100.0,73.43522644042969,1022.0,0.0
2122,0.0,1892.0,24.695068359375,36.99,78.00315856933594,2120.0,0.0,1367.0,6.759827136993408,100.0,73.43522644042969,1022.0,0.0
2123,0.0,1892.0,24.695068359375,36.99,78.00315856933594,2120.0,0.0,1367.0,6.759827136993408,100.0,73.43522644042969,1022.0,0.0
2124,0.0,1892.0,23.57769012451172,36.99,77.78032684326172,2082.0,0.0,1367.0,0.3015065789222717,100.0,63.770545959472656,483.0,0.0
2125,0.0,1892.0,23.57769012451172,36.99,77.78032684326172,2082.0,0.0,1367.0,0.3015065789222717,100.0,63.770545959472656,483.0,0.0
2126,0.0,1892.0,23.57769012451172,36.99,77.78032684326172,2082.0,0.0,1367.0,0.3015065789222717,100.0,63.770545959472656,483.0,0.0
2127,0.0,1892.0,23.57769012451172,36.99,77.78032684326172,2082.0,0.0,1367.0,0.3015065789222717,100.0,63.770545959472656,483.0,0.0
2128,0.0,1892.0,23.57769012451172,36.99,77.78032684326172,2082.0,0.0,1367.0,0.3015065789222717,100.0,63.770545959472656,483.0,0.0
2129,0.0,1892.0,22.971351623535156,36.99,75.92123413085938,1710.0,0.0,1367.0,0.0113160870969295,100.0,62.66935348510742,444.0,0.0
2130,0.0,1892.0,22.971351623535156,36.99,75.92123413085938,1710.0,0.0,1367.0,0.0113160870969295,100.0,62.66935348510742,444.0,0.0
2131,0.0,1892.0,22.971351623535156,36.99,75.92123413085938,1710.0,0.0,1367.0,0.0113160870969295,100.0,62.66935348510742,444.0,0.0
2132,0.0,1892.0,22.971351623535156,36.99,75.92123413085938,1710.0,0.0,1367.0,0.0113160870969295,100.0,62.66935348510742,444.0,0.0
2133,0.0,1892.0,22.971351623535156,36.99,75.92123413085938,1710.0,0.0,1367.0,0.0113160870969295,100.0,62.66935348510742,444.0,0.0
2134,0.0,1892.0,22.98775291442871,36.99,74.51924896240234,1614.0,0.0,1367.0,0.0588809698820114,100.0,62.0002555847168,445.0,0.0
2135,0.0,1892.0,22.98775291442871,36.99,74.51924896240234,1614.0,0.0,1367.0,0.0588809698820114,100.0,62.0002555847168,445.0,0.0
2136,0.0,1892.0,22.98775291442871,36.99,74.51924896240234,1614.0,0.0,1367.0,0.0588809698820114,100.0,62.0002555847168,445.0,0.0
2137,0.0,1892.0,22.98775291442871,36.99,74.51924896240234,1614.0,0.0,1367.0,0.0588809698820114,100.0,62.0002555847168,445.0,0.0
2138,0.0,1892.0,22.98775291442871,36.99,74.51924896240234,1614.0,0.0,1367.0,0.0588809698820114,100.0,62.0002555847168,445.0,0.0
2139,0.0,1892.0,13.379465103149414,36.99,75.44305419921875,1865.0,0.0,1367.0,16.131526947021484,100.0,61.76744842529297,1056.0,0.0
2140,0.0,1892.0,13.379465103149414,36.99,75.44305419921875,1865.0,0.0,1367.0,16.131526947021484,100.0,61.76744842529297,1056.0,0.0
2141,0.0,1892.0,13.379465103149414,36.99,75.44305419921875,1865.0,0.0,1367.0,16.131526947021484,100.0,61.76744842529297,1056.0,0.0
2142,0.0,1892.0,13.379465103149414,36.99,75.44305419921875,1865.0,0.0,1367.0,16.131526947021484,100.0,61.76744842529297,1056.0,0.0
2143,0.0,1892.0,13.379465103149414,36.99,75.44305419921875,1865.0,0.0,1367.0,16.131526947021484,100.0,61.76744842529297,1056.0,0.0
2144,0.0,1892.0,5.464300155639648,36.99,69.97267150878906,1996.0,0.0,1367.0,29.892011642456055,100.0,71.4059066772461,1398.0,0.0
2145,0.0,1892.0,5.464300155639648,36.99,69.97267150878906,1996.0,0.0,1367.0,29.892011642456055,100.0,71.4059066772461,1398.0,0.0
2146,0.0,1892.0,5.464300155639648,36.99,69.97267150878906,1996.0,0.0,1367.0,29.892011642456055,100.0,71.4059066772461,1398.0,0.0
2147,0.0,1892.0,5.464300155639648,36.99,69.97267150878906,1996.0,0.0,1367.0,29.892011642456055,100.0,71.4059066772461,1398.0,0.0
2148,0.0,1892.0,5.464300155639648,36.99,69.97267150878906,1996.0,0.0,1367.0,29.892011642456055,100.0,71.4059066772461,1398.0,0.0
2149,0.0,1892.0,5.464300155639648,36.99,69.97267150878906,1996.0,0.0,1367.0,29.892011642456055,100.0,71.4059066772461,1398.0,0.0
2150,0.0,1892.0,5.793005466461182,36.99,68.06004333496094,2119.0,0.0,1367.0,29.989320755004883,100.0,72.9366455078125,1398.0,0.0
2151,0.0,1892.0,5.793005466461182,36.99,68.06004333496094,2119.0,0.0,1367.0,29.989320755004883,100.0,72.9366455078125,1398.0,0.0
2152,0.0,1892.0,5.793005466461182,36.99,68.06004333496094,2119.0,0.0,1367.0,29.989320755004883,100.0,72.9366455078125,1398.0,0.0
2153,0.0,1892.0,5.793005466461182,36.99,68.06004333496094,2119.0,0.0,1367.0,29.989320755004883,100.0,72.9366455078125,1398.0,0.0
2154,0.0,1892.0,5.793005466461182,36.99,68.06004333496094,2119.0,0.0,1367.0,29.989320755004883,100.0,72.9366455078125,1398.0,0.0
2155,0.0,1892.0,5.662771701812744,36.99,67.35710144042969,1873.0,0.0,1367.0,29.807416915893555,100.0,73.15554809570312,1398.0,0.0
2156,0.0,1892.0,5.662771701812744,36.99,67.35710144042969,1873.0,0.0,1367.0,29.807416915893555,100.0,73.15554809570312,1398.0,0.0
2157,0.0,1892.0,5.662771701812744,36.99,67.35710144042969,1873.0,0.0,1367.0,29.807416915893555,100.0,73.15554809570312,1398.0,0.0
2158,0.0,1892.0,5.662771701812744,36.99,67.35710144042969,1873.0,0.0,1367.0,29.807416915893555,100.0,73.15554809570312,1398.0,0.0
2159,0.0,1892.0,5.662771701812744,36.99,67.35710144042969,1873.0,0.0,1367.0,29.807416915893555,100.0,73.15554809570312,1398.0,0.0
2160,0.0,1892.0,4.982298374176025,36.99,68.79487609863281,1698.0,0.0,1367.0,29.94144630432129,100.0,73.43746185302734,1398.0,0.0
2161,0.0,1892.0,4.982298374176025,36.99,68.79487609863281,1698.0,0.0,1367.0,29.94144630432129,100.0,73.43746185302734,1398.0,0.0
2162,0.0,1892.0,4.982298374176025,36.99,68.79487609863281,1698.0,0.0,1367.0,29.94144630432129,100.0,73.43746185302734,1398.0,0.0
2163,0.0,1892.0,4.982298374176025,36.99,68.79487609863281,1698.0,0.0,1367.0,29.94144630432129,100.0,73.43746185302734,1398.0,0.0
2164,0.0,1892.0,4.982298374176025,36.99,68.79487609863281,1698.0,0.0,1367.0,29.94144630432129,100.0,73.43746185302734,1398.0,0.0
2165,0.0,1892.0,18.692058563232425,36.99,66.95460510253906,1972.0,0.0,1367.0,24.54497528076172,100.0,73.45852661132812,1382.0,0.0
2166,0.0,1892.0,18.692058563232425,36.99,66.95460510253906,1972.0,0.0,1367.0,24.54497528076172,100.0,73.45852661132812,1382.0,0.0
2167,0.0,1892.0,18.692058563232425,36.99,66.95460510253906,1972.0,0.0,1367.0,24.54497528076172,100.0,73.45852661132812,1382.0,0.0
2168,0.0,1892.0,18.692058563232425,36.99,66.95460510253906,1972.0,0.0,1367.0,24.54497528076172,100.0,73.45852661132812,1382.0,0.0
2169,0.0,1892.0,18.692058563232425,36.99,66.95460510253906,1972.0,0.0,1367.0,24.54497528076172,100.0,73.45852661132812,1382.0,0.0
2170,0.0,1892.0,23.404407501220703,36.99,76.05564880371094,1986.0,0.0,1367.0,0.1754053235054016,100.0,73.43296813964844,762.0,0.0
2171,0.0,1892.0,23.404407501220703,36.99,76.05564880371094,1986.0,0.0,1367.0,0.1754053235054016,100.0,73.43296813964844,762.0,0.0
2172,0.0,1892.0,23.404407501220703,36.99,76.05564880371094,1986.0,0.0,1367.0,0.1754053235054016,100.0,73.43296813964844,762.0,0.0
2173,0.0,1892.0,23.404407501220703,36.99,76.05564880371094,1986.0,0.0,1367.0,0.1754053235054016,100.0,73.43296813964844,762.0,0.0
2174,0.0,1892.0,23.404407501220703,36.99,76.05564880371094,1986.0,0.0,1367.0,0.1754053235054016,100.0,73.43296813964844,762.0,0.0
2175,0.0,1892.0,22.864009857177734,36.99,75.8564224243164,1788.0,0.0,1367.0,0.2298538088798523,100.0,62.59318161010742,333.0,0.0
2176,0.0,1892.0,22.864009857177734,36.99,75.8564224243164,1788.0,0.0,1367.0,0.2298538088798523,100.0,62.59318161010742,333.0,0.0
2177,0.0,1892.0,22.864009857177734,36.99,75.8564224243164,1788.0,0.0,1367.0,0.2298538088798523,100.0,62.59318161010742,333.0,0.0
2178,0.0,1892.0,22.864009857177734,36.99,75.8564224243164,1788.0,0.0,1367.0,0.2298538088798523,100.0,62.59318161010742,333.0,0.0
2179,0.0,1892.0,22.864009857177734,36.99,75.8564224243164,1788.0,0.0,1367.0,0.2298538088798523,100.0,62.59318161010742,333.0,0.0
2180,0.0,1892.0,22.745832443237305,36.99,75.36390686035156,1288.0,0.0,1367.0,0.0026215349789708,100.0,62.23503494262695,222.0,0.0
2181,0.0,1892.0,22.745832443237305,36.99,75.36390686035156,1288.0,0.0,1367.0,0.0026215349789708,100.0,62.23503494262695,222.0,0.0
2182,0.0,1892.0,22.745832443237305,36.99,75.36390686035156,1288.0,0.0,1367.0,0.0026215349789708,100.0,62.23503494262695,222.0,0.0
2183,0.0,1892.0,22.745832443237305,36.99,75.36390686035156,1288.0,0.0,1367.0,0.0026215349789708,100.0,62.23503494262695,222.0,0.0
2184,0.0,1892.0,22.745832443237305,36.99,75.36390686035156,1288.0,0.0,1367.0,0.0026215349789708,100.0,62.23503494262695,222.0,0.0
2185,0.0,1892.0,22.89508819580078,36.99,74.50041198730469,1655.0,0.0,1367.0,0.0,100.0,29.254993438720703,0.0,0.0
2186,0.0,1892.0,22.89508819580078,36.99,74.50041198730469,1655.0,0.0,1367.0,0.0,100.0,29.254993438720703,0.0,0.0
2187,0.0,1892.0,22.89508819580078,36.99,74.50041198730469,1655.0,0.0,1367.0,0.0,100.0,29.254993438720703,0.0,0.0
2188,0.0,1892.0,22.89508819580078,36.99,74.50041198730469,1655.0,0.0,1367.0,0.0,100.0,29.254993438720703,0.0,0.0
2189,0.0,1892.0,22.89508819580078,36.99,74.50041198730469,1655.0,0.0,1367.0,0.0,100.0,29.254993438720703,0.0,0.0
2190,0.0,1892.0,6.121323585510254,36.99,68.89755249023438,1553.0,0.0,1367.0,27.153820037841797,100.0,70.9397964477539,1372.0,0.0
2191,0.0,1892.0,6.121323585510254,36.99,68.89755249023438,1553.0,0.0,1367.0,27.153820037841797,100.0,70.9397964477539,1372.0,0.0
2192,0.0,1892.0,6.121323585510254,36.99,68.89755249023438,1553.0,0.0,1367.0,27.153820037841797,100.0,70.9397964477539,1372.0,0.0
2193,0.0,1892.0,6.121323585510254,36.99,68.89755249023438,1553.0,0.0,1367.0,27.153820037841797,100.0,70.9397964477539,1372.0,0.0
2194,0.0,1892.0,6.121323585510254,36.99,68.89755249023438,1553.0,0.0,1367.0,27.153820037841797,100.0,70.9397964477539,1372.0,0.0
2195,0.0,1892.0,5.323748588562012,36.99,67.48892974853516,1406.0,0.0,1367.0,29.94461441040039,100.0,72.44300842285156,1394.0,0.0
2196,0.0,1892.0,5.323748588562012,36.99,67.48892974853516,1406.0,0.0,1367.0,29.94461441040039,100.0,72.44300842285156,1394.0,0.0
2197,0.0,1892.0,5.323748588562012,36.99,67.48892974853516,1406.0,0.0,1367.0,29.94461441040039,100.0,72.44300842285156,1394.0,0.0
2198,0.0,1892.0,5.323748588562012,36.99,67.48892974853516,1406.0,0.0,1367.0,29.94461441040039,100.0,72.44300842285156,1394.0,0.0
2199,0.0,1892.0,5.323748588562012,36.99,67.48892974853516,1406.0,0.0,1367.0,29.94461441040039,100.0,72.44300842285156,1394.0,0.0
2200,0.0,1892.0,5.323748588562012,36.99,67.48892974853516,1406.0,0.0,1367.0,29.94461441040039,100.0,72.44300842285156,1394.0,0.0
2201,0.0,1892.0,4.884708404541016,36.99,67.24139404296875,1235.0,0.0,1367.0,29.9176082611084,100.0,72.73126983642578,1397.0,0.0
2202,0.0,1892.0,4.884708404541016,36.99,67.24139404296875,1235.0,0.0,1367.0,29.9176082611084,100.0,72.73126983642578,1397.0,0.0
2203,0.0,1892.0,4.884708404541016,36.99,67.24139404296875,1235.0,0.0,1367.0,29.9176082611084,100.0,72.73126983642578,1397.0,0.0
2204,0.0,1892.0,4.884708404541016,36.99,67.24139404296875,1235.0,0.0,1367.0,29.9176082611084,100.0,72.73126983642578,1397.0,0.0
2205,0.0,1892.0,4.884708404541016,36.99,67.24139404296875,1235.0,0.0,1367.0,29.9176082611084,100.0,72.73126983642578,1397.0,0.0
2206,0.0,1892.0,5.197247505187988,36.99,67.88652038574219,1694.0,0.0,1367.0,29.853849411010746,100.0,73.07316589355469,1398.0,0.0
2207,0.0,1892.0,5.197247505187988,36.99,67.88652038574219,1694.0,0.0,1367.0,29.853849411010746,100.0,73.07316589355469,1398.0,0.0
2208,0.0,1892.0,5.197247505187988,36.99,67.88652038574219,1694.0,0.0,1367.0,29.853849411010746,100.0,73.07316589355469,1398.0,0.0
2209,0.0,1892.0,5.197247505187988,36.99,67.88652038574219,1694.0,0.0,1367.0,29.853849411010746,100.0,73.07316589355469,1398.0,0.0
2210,0.0,1892.0,5.197247505187988,36.99,67.88652038574219,1694.0,0.0,1367.0,29.853849411010746,100.0,73.07316589355469,1398.0,0.0
2211,0.0,1892.0,8.886115074157715,36.99,68.03527069091797,2107.0,0.0,1367.0,29.947154998779297,100.0,73.26394653320312,1398.0,0.0
2212,0.0,1892.0,8.886115074157715,36.99,68.03527069091797,2107.0,0.0,1367.0,29.947154998779297,100.0,73.26394653320312,1398.0,0.0
2213,0.0,1892.0,8.886115074157715,36.99,68.03527069091797,2107.0,0.0,1367.0,29.947154998779297,100.0,73.26394653320312,1398.0,0.0
2214,0.0,1892.0,8.886115074157715,36.99,68.03527069091797,2107.0,0.0,1367.0,29.947154998779297,100.0,73.26394653320312,1398.0,0.0
2215,0.0,1892.0,8.886115074157715,36.99,68.03527069091797,2107.0,0.0,1367.0,29.947154998779297,100.0,73.26394653320312,1398.0,0.0
2216,0.0,1892.0,24.351362228393555,36.99,77.72496032714844,1948.0,0.0,1367.0,13.27922248840332,100.0,72.76473236083984,1147.0,0.0
2217,0.0,1892.0,24.351362228393555,36.99,77.72496032714844,1948.0,0.0,1367.0,13.27922248840332,100.0,72.76473236083984,1147.0,0.0
2218,0.0,1892.0,24.351362228393555,36.99,77.72496032714844,1948.0,0.0,1367.0,13.27922248840332,100.0,72.76473236083984,1147.0,0.0
2219,0.0,1892.0,24.351362228393555,36.99,77.72496032714844,1948.0,0.0,1367.0,13.27922248840332,100.0,72.76473236083984,1147.0,0.0
2220,0.0,1892.0,24.351362228393555,36.99,77.72496032714844,1948.0,0.0,1367.0,13.27922248840332,100.0,72.76473236083984,1147.0,0.0
2221,0.0,1892.0,23.659761428833008,36.99,77.1796646118164,2186.0,0.0,1367.0,0.2263915836811065,100.0,62.908546447753906,444.0,0.0
2222,0.0,1892.0,23.659761428833008,36.99,77.1796646118164,2186.0,0.0,1367.0,0.2263915836811065,100.0,62.908546447753906,444.0,0.0
2223,0.0,1892.0,23.659761428833008,36.99,77.1796646118164,2186.0,0.0,1367.0,0.2263915836811065,100.0,62.908546447753906,444.0,0.0
2224,0.0,1892.0,23.659761428833008,36.99,77.1796646118164,2186.0,0.0,1367.0,0.2263915836811065,100.0,62.908546447753906,444.0,0.0
2225,0.0,1892.0,23.659761428833008,36.99,77.1796646118164,2186.0,0.0,1367.0,0.2263915836811065,100.0,62.908546447753906,444.0,0.0
2226,0.0,1892.0,22.746253967285156,36.99,75.42601013183594,2104.0,0.0,1367.0,0.1000625565648078,100.0,62.14946746826172,444.0,0.0
2227,0.0,1892.0,22.746253967285156,36.99,75.42601013183594,2104.0,0.0,1367.0,0.1000625565648078,100.0,62.14946746826172,444.0,0.0
2228,0.0,1892.0,22.746253967285156,36.99,75.42601013183594,2104.0,0.0,1367.0,0.1000625565648078,100.0,62.14946746826172,444.0,0.0
2229,0.0,1892.0,22.746253967285156,36.99,75.42601013183594,2104.0,0.0,1367.0,0.1000625565648078,100.0,62.14946746826172,444.0,0.0
2230,0.0,1892.0,22.746253967285156,36.99,75.42601013183594,2104.0,0.0,1367.0,0.1000625565648078,100.0,62.14946746826172,444.0,0.0
2231,0.0,1892.0,24.264131546020508,36.99,75.89675903320312,2114.0,0.0,1367.0,0.1494302749633789,100.0,61.74965286254883,444.0,0.0
2232,0.0,1892.0,24.264131546020508,36.99,75.89675903320312,2114.0,0.0,1367.0,0.1494302749633789,100.0,61.74965286254883,444.0,0.0
2233,0.0,1892.0,24.264131546020508,36.99,75.89675903320312,2114.0,0.0,1367.0,0.1494302749633789,100.0,61.74965286254883,444.0,0.0
2234,0.0,1892.0,24.264131546020508,36.99,75.89675903320312,2114.0,0.0,1367.0,0.1494302749633789,100.0,61.74965286254883,444.0,0.0
2235,0.0,1892.0,24.264131546020508,36.99,75.89675903320312,2114.0,0.0,1367.0,0.1494302749633789,100.0,61.74965286254883,444.0,0.0
2236,0.0,1892.0,19.715898513793945,36.99,75.2271728515625,2154.0,0.0,1367.0,7.172828674316406,100.0,61.46190643310547,664.0,0.0
2237,0.0,1892.0,19.715898513793945,36.99,75.2271728515625,2154.0,0.0,1367.0,7.172828674316406,100.0,61.46190643310547,664.0,0.0
2238,0.0,1892.0,19.715898513793945,36.99,75.2271728515625,2154.0,0.0,1367.0,7.172828674316406,100.0,61.46190643310547,664.0,0.0
2239,0.0,1892.0,19.715898513793945,36.99,75.2271728515625,2154.0,0.0,1367.0,7.172828674316406,100.0,61.46190643310547,664.0,0.0
2240,0.0,1892.0,19.715898513793945,36.99,75.2271728515625,2154.0,0.0,1367.0,7.172828674316406,100.0,61.46190643310547,664.0,0.0
2241,0.0,1892.0,9.38538646697998,36.99,72.66714477539062,2246.0,0.0,1367.0,29.884906768798828,100.0,70.23584747314453,1398.0,0.0
2242,0.0,1892.0,9.38538646697998,36.99,72.66714477539062,2246.0,0.0,1367.0,29.884906768798828,100.0,70.23584747314453,1398.0,0.0
2243,0.0,1892.0,9.38538646697998,36.99,72.66714477539062,2246.0,0.0,1367.0,29.884906768798828,100.0,70.23584747314453,1398.0,0.0
2244,0.0,1892.0,9.38538646697998,36.99,72.66714477539062,2246.0,0.0,1367.0,29.884906768798828,100.0,70.23584747314453,1398.0,0.0
2245,0.0,1892.0,9.38538646697998,36.99,72.66714477539062,2246.0,0.0,1367.0,29.884906768798828,100.0,70.23584747314453,1398.0,0.0
2246,0.0,1892.0,9.544034004211426,36.99,69.01469421386719,2175.0,0.0,1367.0,29.90395164489746,100.0,73.03844451904297,1398.0,0.0
2247,0.0,1892.0,9.544034004211426,36.99,69.01469421386719,2175.0,0.0,1367.0,29.90395164489746,100.0,73.03844451904297,1398.0,0.0
2248,0.0,1892.0,9.544034004211426,36.99,69.01469421386719,2175.0,0.0,1367.0,29.90395164489746,100.0,73.03844451904297,1398.0,0.0
2249,0.0,1892.0,9.544034004211426,36.99,69.01469421386719,2175.0,0.0,1367.0,29.90395164489746,100.0,73.03844451904297,1398.0,0.0
2250,0.0,1892.0,9.544034004211426,36.99,69.01469421386719,2175.0,0.0,1367.0,29.90395164489746,100.0,73.03844451904297,1398.0,0.0
2251,0.0,1892.0,10.109411239624023,36.99,72.19243621826172,1992.0,0.0,1367.0,30.129405975341797,100.0,73.60441589355469,1398.0,0.0
2252,0.0,1892.0,10.109411239624023,36.99,72.19243621826172,1992.0,0.0,1367.0,30.129405975341797,100.0,73.60441589355469,1398.0,0.0
2253,0.0,1892.0,10.109411239624023,36.99,72.19243621826172,1992.0,0.0,1367.0,30.129405975341797,100.0,73.60441589355469,1398.0,0.0
2254,0.0,1892.0,10.109411239624023,36.99,72.19243621826172,1992.0,0.0,1367.0,30.129405975341797,100.0,73.60441589355469,1398.0,0.0
2255,0.0,1892.0,10.109411239624023,36.99,72.19243621826172,1992.0,0.0,1367.0,30.129405975341797,100.0,73.60441589355469,1398.0,0.0
2256,0.0,1892.0,10.109411239624023,36.99,72.19243621826172,1992.0,0.0,1367.0,30.129405975341797,100.0,73.60441589355469,1398.0,0.0
2257,0.0,1892.0,8.001770973205566,36.99,72.01055145263672,1951.0,0.0,1367.0,30.200773239135746,100.0,73.97139739990234,1398.0,0.0
2258,0.0,1892.0,8.001770973205566,36.99,72.01055145263672,1951.0,0.0,1367.0,30.200773239135746,100.0,73.97139739990234,1398.0,0.0
2259,0.0,1892.0,8.001770973205566,36.99,72.01055145263672,1951.0,0.0,1367.0,30.200773239135746,100.0,73.97139739990234,1398.0,0.0
2260,0.0,1892.0,8.001770973205566,36.99,72.01055145263672,1951.0,0.0,1367.0,30.200773239135746,100.0,73.97139739990234,1398.0,0.0
2261,0.0,1892.0,8.001770973205566,36.99,72.01055145263672,1951.0,0.0,1367.0,30.200773239135746,100.0,73.97139739990234,1398.0,0.0
2262,0.0,1892.0,16.04727554321289,36.99,70.37564849853516,2045.0,0.0,1367.0,29.69917869567871,100.0,73.9333267211914,1390.0,0.0
2263,0.0,1892.0,16.04727554321289,36.99,70.37564849853516,2045.0,0.0,1367.0,29.69917869567871,100.0,73.9333267211914,1390.0,0.0
2264,0.0,1892.0,16.04727554321289,36.99,70.37564849853516,2045.0,0.0,1367.0,29.69917869567871,100.0,73.9333267211914,1390.0,0.0
2265,0.0,1892.0,16.04727554321289,36.99,70.37564849853516,2045.0,0.0,1367.0,29.69917869567871,100.0,73.9333267211914,1390.0,0.0
2266,0.0,1892.0,16.04727554321289,36.99,70.37564849853516,2045.0,0.0,1367.0,29.69917869567871,100.0,73.9333267211914,1390.0,0.0
2267,0.0,1892.0,22.74461555480957,36.99,76.90455627441406,2175.0,0.0,1367.0,2.609811544418335,100.0,72.97410583496094,978.0,0.0
2268,0.0,1892.0,22.74461555480957,36.99,76.90455627441406,2175.0,0.0,1367.0,2.609811544418335,100.0,72.97410583496094,978.0,0.0
2269,0.0,1892.0,22.74461555480957,36.99,76.90455627441406,2175.0,0.0,1367.0,2.609811544418335,100.0,72.97410583496094,978.0,0.0
2270,0.0,1892.0,22.74461555480957,36.99,76.90455627441406,2175.0,0.0,1367.0,2.609811544418335,100.0,72.97410583496094,978.0,0.0
2271,0.0,1892.0,22.74461555480957,36.99,76.90455627441406,2175.0,0.0,1367.0,2.609811544418335,100.0,72.97410583496094,978.0,0.0
2272,0.0,1892.0,23.677146911621097,36.99,76.20743560791016,2018.0,0.0,1367.0,0.1174927204847335,100.0,63.61014938354492,444.0,0.0
2273,0.0,1892.0,23.677146911621097,36.99,76.20743560791016,2018.0,0.0,1367.0,0.1174927204847335,100.0,63.61014938354492,444.0,0.0
2274,0.0,1892.0,23.677146911621097,36.99,76.20743560791016,2018.0,0.0,1367.0,0.1174927204847335,100.0,63.61014938354492,444.0,0.0
2275,0.0,1892.0,23.677146911621097,36.99,76.20743560791016,2018.0,0.0,1367.0,0.1174927204847335,100.0,63.61014938354492,444.0,0.0
2276,0.0,1892.0,23.677146911621097,36.99,76.20743560791016,2018.0,0.0,1367.0,0.1174927204847335,100.0,63.61014938354492,444.0,0.0
2277,0.0,1892.0,23.340179443359375,36.99,76.5305404663086,2109.0,0.0,1367.0,0.4251039922237396,100.0,62.642974853515625,552.0,0.0
2278,0.0,1892.0,23.340179443359375,36.99,76.5305404663086,2109.0,0.0,1367.0,0.4251039922237396,100.0,62.642974853515625,552.0,0.0
2279,0.0,1892.0,23.340179443359375,36.99,76.5305404663086,2109.0,0.0,1367.0,0.4251039922237396,100.0,62.642974853515625,552.0,0.0
2280,0.0,1892.0,23.340179443359375,36.99,76.5305404663086,2109.0,0.0,1367.0,0.4251039922237396,100.0,62.642974853515625,552.0,0.0
2281,0.0,1892.0,23.340179443359375,36.99,76.5305404663086,2109.0,0.0,1367.0,0.4251039922237396,100.0,62.642974853515625,552.0,0.0
2282,0.0,1892.0,23.00825881958008,36.99,75.85673522949219,1978.0,0.0,1367.0,0.2172510325908661,100.0,62.34687423706055,567.0,0.0
2283,0.0,1892.0,23.00825881958008,36.99,75.85673522949219,1978.0,0.0,1367.0,0.2172510325908661,100.0,62.34687423706055,567.0,0.0
2284,0.0,1892.0,23.00825881958008,36.99,75.85673522949219,1978.0,0.0,1367.0,0.2172510325908661,100.0,62.34687423706055,567.0,0.0
2285,0.0,1892.0,23.00825881958008,36.99,75.85673522949219,1978.0,0.0,1367.0,0.2172510325908661,100.0,62.34687423706055,567.0,0.0
2286,0.0,1892.0,23.00825881958008,36.99,75.85673522949219,1978.0,0.0,1367.0,0.2172510325908661,100.0,62.34687423706055,567.0,0.0
2287,0.0,1892.0,10.977834701538086,36.99,74.96463775634766,1982.0,0.0,1367.0,20.31869125366211,100.0,61.9119758605957,1129.0,0.0
2288,0.0,1892.0,10.977834701538086,36.99,74.96463775634766,1982.0,0.0,1367.0,20.31869125366211,100.0,61.9119758605957,1129.0,0.0
2289,0.0,1892.0,10.977834701538086,36.99,74.96463775634766,1982.0,0.0,1367.0,20.31869125366211,100.0,61.9119758605957,1129.0,0.0
2290,0.0,1892.0,10.977834701538086,36.99,74.96463775634766,1982.0,0.0,1367.0,20.31869125366211,100.0,61.9119758605957,1129.0,0.0
2291,0.0,1892.0,10.977834701538086,36.99,74.96463775634766,1982.0,0.0,1367.0,20.31869125366211,100.0,61.9119758605957,1129.0,0.0
2292,0.0,1892.0,8.105768203735352,36.99,70.8506088256836,2039.0,0.0,1367.0,29.885238647460938,100.0,71.12931823730469,1394.0,0.0
2293,0.0,1892.0,8.105768203735352,36.99,70.8506088256836,2039.0,0.0,1367.0,29.885238647460938,100.0,71.12931823730469,1394.0,0.0
2294,0.0,1892.0,8.105768203735352,36.99,70.8506088256836,2039.0,0.0,1367.0,29.885238647460938,100.0,71.12931823730469,1394.0,0.0
2295,0.0,1892.0,8.105768203735352,36.99,70.8506088256836,2039.0,0.0,1367.0,29.885238647460938,100.0,71.12931823730469,1394.0,0.0
2296,0.0,1892.0,8.105768203735352,36.99,70.8506088256836,2039.0,0.0,1367.0,29.885238647460938,100.0,71.12931823730469,1394.0,0.0
2297,0.0,1892.0,6.116092681884766,36.99,69.46361541748047,2104.0,0.0,1367.0,29.598867416381836,100.0,73.14869689941406,1393.0,0.0
2298,0.0,1892.0,6.116092681884766,36.99,69.46361541748047,2104.0,0.0,1367.0,29.598867416381836,100.0,73.14869689941406,1393.0,0.0
2299,0.0,1892.0,6.116092681884766,36.99,69.46361541748047,2104.0,0.0,1367.0,29.598867416381836,100.0,73.14869689941406,1393.0,0.0
2300,0.0,1892.0,6.116092681884766,36.99,69.46361541748047,2104.0,0.0,1367.0,29.598867416381836,100.0,73.14869689941406,1393.0,0.0
2301,0.0,1892.0,6.116092681884766,36.99,69.46361541748047,2104.0,0.0,1367.0,29.598867416381836,100.0,73.14869689941406,1393.0,0.0
2302,0.0,1892.0,11.23901081085205,36.99,69.72041320800781,2047.0,0.0,1367.0,30.039318084716797,100.0,73.34459686279297,1397.0,0.0
2303,0.0,1892.0,11.23901081085205,36.99,69.72041320800781,2047.0,0.0,1367.0,30.039318084716797,100.0,73.34459686279297,1397.0,0.0
2304,0.0,1892.0,11.23901081085205,36.99,69.72041320800781,2047.0,0.0,1367.0,30.039318084716797,100.0,73.34459686279297,1397.0,0.0
2305,0.0,1892.0,11.23901081085205,36.99,69.72041320800781,2047.0,0.0,1367.0,30.039318084716797,100.0,73.34459686279297,1397.0,0.0
2306,0.0,1892.0,11.23901081085205,36.99,69.72041320800781,2047.0,0.0,1367.0,30.039318084716797,100.0,73.34459686279297,1397.0,0.0
2307,0.0,1892.0,11.23901081085205,36.99,69.72041320800781,2047.0,0.0,1367.0,30.039318084716797,100.0,73.34459686279297,1397.0,0.0
2308,0.0,1892.0,10.407293319702148,36.99,73.59114837646484,1989.0,0.0,1367.0,30.14689826965332,100.0,74.00807189941406,1397.0,0.0
2309,0.0,1892.0,10.407293319702148,36.99,73.59114837646484,1989.0,0.0,1367.0,30.14689826965332,100.0,74.00807189941406,1397.0,0.0
2310,0.0,1892.0,10.407293319702148,36.99,73.59114837646484,1989.0,0.0,1367.0,30.14689826965332,100.0,74.00807189941406,1397.0,0.0
2311,0.0,1892.0,10.407293319702148,36.99,73.59114837646484,1989.0,0.0,1367.0,30.14689826965332,100.0,74.00807189941406,1397.0,0.0
2312,0.0,1892.0,10.407293319702148,36.99,73.59114837646484,1989.0,0.0,1367.0,30.14689826965332,100.0,74.00807189941406,1397.0,0.0
2313,0.0,1892.0,21.284488677978516,36.99,76.55802154541016,2050.0,0.0,1367.0,19.818483352661133,100.0,74.11885070800781,1335.0,0.0
2314,0.0,1892.0,21.284488677978516,36.99,76.55802154541016,2050.0,0.0,1367.0,19.818483352661133,100.0,74.11885070800781,1335.0,0.0
2315,0.0,1892.0,21.284488677978516,36.99,76.55802154541016,2050.0,0.0,1367.0,19.818483352661133,100.0,74.11885070800781,1335.0,0.0
2316,0.0,1892.0,21.284488677978516,36.99,76.55802154541016,2050.0,0.0,1367.0,19.818483352661133,100.0,74.11885070800781,1335.0,0.0
2317,0.0,1892.0,21.284488677978516,36.99,76.55802154541016,2050.0,0.0,1367.0,19.818483352661133,100.0,74.11885070800781,1335.0,0.0
2318,0.0,1892.0,24.344343185424805,36.99,78.21839904785156,2410.0,0.0,1367.0,0.7452231645584106,100.0,64.2436752319336,624.0,0.0
2319,0.0,1892.0,24.344343185424805,36.99,78.21839904785156,2410.0,0.0,1367.0,0.7452231645584106,100.0,64.2436752319336,624.0,0.0
2320,0.0,1892.0,24.344343185424805,36.99,78.21839904785156,2410.0,0.0,1367.0,0.7452231645584106,100.0,64.2436752319336,624.0,0.0
2321,0.0,1892.0,24.344343185424805,36.99,78.21839904785156,2410.0,0.0,1367.0,0.7452231645584106,100.0,64.2436752319336,624.0,0.0
2322,0.0,1892.0,24.344343185424805,36.99,78.21839904785156,2410.0,0.0,1367.0,0.7452231645584106,100.0,64.2436752319336,624.0,0.0
2323,0.0,1892.0,26.168607711791992,36.99,78.08541870117188,2424.0,0.0,1367.0,0.6405953168869019,100.0,63.807334899902344,657.0,0.0
2324,0.0,1892.0,26.168607711791992,36.99,78.08541870117188,2424.0,0.0,1367.0,0.6405953168869019,100.0,63.807334899902344,657.0,0.0
2325,0.0,1892.0,26.168607711791992,36.99,78.08541870117188,2424.0,0.0,1367.0,0.6405953168869019,100.0,63.807334899902344,657.0,0.0
2326,0.0,1892.0,26.168607711791992,36.99,78.08541870117188,2424.0,0.0,1367.0,0.6405953168869019,100.0,63.807334899902344,657.0,0.0
2327,0.0,1892.0,26.168607711791992,36.99,78.08541870117188,2424.0,0.0,1367.0,0.6405953168869019,100.0,63.807334899902344,657.0,0.0
2328,0.0,1892.0,28.231117248535156,36.99,78.45161437988281,2424.0,0.0,1367.0,0.190280795097351,100.0,63.36034393310547,551.0,0.0
2329,0.0,1892.0,28.231117248535156,36.99,78.45161437988281,2424.0,0.0,1367.0,0.190280795097351,100.0,63.36034393310547,551.0,0.0
2330,0.0,1892.0,28.231117248535156,36.99,78.45161437988281,2424.0,0.0,1367.0,0.190280795097351,100.0,63.36034393310547,551.0,0.0
2331,0.0,1892.0,28.231117248535156,36.99,78.45161437988281,2424.0,0.0,1367.0,0.190280795097351,100.0,63.36034393310547,551.0,0.0
2332,0.0,1892.0,28.231117248535156,36.99,78.45161437988281,2424.0,0.0,1367.0,0.190280795097351,100.0,63.36034393310547,551.0,0.0
2333,0.0,1892.0,28.20284652709961,36.99,78.69624328613281,2424.0,0.0,1367.0,1.333909034729004,100.0,63.15397262573242,463.0,0.0
2334,0.0,1892.0,28.20284652709961,36.99,78.69624328613281,2424.0,0.0,1367.0,1.333909034729004,100.0,63.15397262573242,463.0,0.0
2335,0.0,1892.0,28.20284652709961,36.99,78.69624328613281,2424.0,0.0,1367.0,1.333909034729004,100.0,63.15397262573242,463.0,0.0
2336,0.0,1892.0,28.20284652709961,36.99,78.69624328613281,2424.0,0.0,1367.0,1.333909034729004,100.0,63.15397262573242,463.0,0.0
2337,0.0,1892.0,28.20284652709961,36.99,78.69624328613281,2424.0,0.0,1367.0,1.333909034729004,100.0,63.15397262573242,463.0,0.0
2338,0.0,1892.0,23.49287796020508,36.99,78.83401489257812,2424.0,0.0,1367.0,29.60412979125977,100.0,73.50679016113281,1392.0,0.0
2339,0.0,1892.0,23.49287796020508,36.99,78.83401489257812,2424.0,0.0,1367.0,29.60412979125977,100.0,73.50679016113281,1392.0,0.0
2340,0.0,1892.0,23.49287796020508,36.99,78.83401489257812,2424.0,0.0,1367.0,29.60412979125977,100.0,73.50679016113281,1392.0,0.0
2341,0.0,1892.0,23.49287796020508,36.99,78.83401489257812,2424.0,0.0,1367.0,29.60412979125977,100.0,73.50679016113281,1392.0,0.0
2342,0.0,1892.0,23.49287796020508,36.99,78.83401489257812,2424.0,0.0,1367.0,29.60412979125977,100.0,73.50679016113281,1392.0,0.0
2343,0.0,1892.0,23.49287796020508,36.99,78.83401489257812,2424.0,0.0,1367.0,29.60412979125977,100.0,73.50679016113281,1392.0,0.0
2344,0.0627374649047851,1892.0,23.27941513061523,36.99,79.58967590332031,2424.0,0.0,1367.0,25.181550979614254,100.0,74.4425048828125,1299.0,0.0
2345,0.0627374649047851,1892.0,23.27941513061523,36.99,79.58967590332031,2424.0,0.0,1367.0,25.181550979614254,100.0,74.4425048828125,1299.0,0.0
2346,0.0627374649047851,1892.0,23.27941513061523,36.99,79.58967590332031,2424.0,0.0,1367.0,25.181550979614254,100.0,74.4425048828125,1299.0,0.0
2347,0.0627374649047851,1892.0,23.27941513061523,36.99,79.58967590332031,2424.0,0.0,1367.0,25.181550979614254,100.0,74.4425048828125,1299.0,0.0
2348,0.0627374649047851,1892.0,23.27941513061523,36.99,79.58967590332031,2424.0,0.0,1367.0,25.181550979614254,100.0,74.4425048828125,1299.0,0.0
2349,0.1642268300056457,1892.0,21.99623680114746,36.99,79.4923324584961,2424.0,0.0,1367.0,22.04277610778809,100.0,73.23551177978516,1217.0,0.0
2350,0.1642268300056457,1892.0,21.99623680114746,36.99,79.4923324584961,2424.0,0.0,1367.0,22.04277610778809,100.0,73.23551177978516,1217.0,0.0
2351,0.1642268300056457,1892.0,21.99623680114746,36.99,79.4923324584961,2424.0,0.0,1367.0,22.04277610778809,100.0,73.23551177978516,1217.0,0.0
2352,0.1642268300056457,1892.0,21.99623680114746,36.99,79.4923324584961,2424.0,0.0,1367.0,22.04277610778809,100.0,73.23551177978516,1217.0,0.0
2353,0.1642268300056457,1892.0,21.99623680114746,36.99,79.4923324584961,2424.0,0.0,1367.0,22.04277610778809,100.0,73.23551177978516,1217.0,0.0
2354,0.0037735851947218,1892.0,20.44869804382324,36.99,78.18832397460938,2424.0,0.0,1367.0,20.92493438720703,100.0,72.57321166992188,1182.0,0.0
2355,0.0037735851947218,1892.0,20.44869804382324,36.99,78.18832397460938,2424.0,0.0,1367.0,20.92493438720703,100.0,72.57321166992188,1182.0,0.0
2356,0.0037735851947218,1892.0,20.44869804382324,36.99,78.18832397460938,2424.0,0.0,1367.0,20.92493438720703,100.0,72.57321166992188,1182.0,0.0
2357,0.0037735851947218,1892.0,20.44869804382324,36.99,78.18832397460938,2424.0,0.0,1367.0,20.92493438720703,100.0,72.57321166992188,1182.0,0.0
2358,0.0037735851947218,1892.0,20.44869804382324,36.99,78.18832397460938,2424.0,0.0,1367.0,20.92493438720703,100.0,72.57321166992188,1182.0,0.0
2359,0.0,1892.0,22.405702590942383,36.99,77.83326721191406,2424.0,0.0,1367.0,20.47773551940918,100.0,72.4753646850586,1175.0,0.0
2360,0.0,1892.0,22.405702590942383,36.99,77.83326721191406,2424.0,0.0,1367.0,20.47773551940918,100.0,72.4753646850586,1175.0,0.0
2361,0.0,1892.0,22.405702590942383,36.99,77.83326721191406,2424.0,0.0,1367.0,20.47773551940918,100.0,72.4753646850586,1175.0,0.0
2362,0.0,1892.0,22.405702590942383,36.99,77.83326721191406,2424.0,0.0,1367.0,20.47773551940918,100.0,72.4753646850586,1175.0,0.0
2363,0.0,1892.0,22.405702590942383,36.99,77.83326721191406,2424.0,0.0,1367.0,20.47773551940918,100.0,72.4753646850586,1175.0,0.0
2364,0.0,1892.0,23.0115909576416,36.99,78.15653991699219,2424.0,0.0,1367.0,8.455906867980957,100.0,73.13408660888672,636.0,0.0
2365,0.0,1892.0,23.0115909576416,36.99,78.15653991699219,2424.0,0.0,1367.0,8.455906867980957,100.0,73.13408660888672,636.0,0.0
2366,0.0,1892.0,23.0115909576416,36.99,78.15653991699219,2424.0,0.0,1367.0,8.455906867980957,100.0,73.13408660888672,636.0,0.0
2367,0.0,1892.0,23.0115909576416,36.99,78.15653991699219,2424.0,0.0,1367.0,8.455906867980957,100.0,73.13408660888672,636.0,0.0
2368,0.0,1892.0,23.0115909576416,36.99,78.15653991699219,2424.0,0.0,1367.0,8.455906867980957,100.0,73.13408660888672,636.0,0.0
2369,0.0,1892.0,29.37493133544922,36.99,79.7297134399414,2424.0,0.0,1367.0,0.0,100.0,5.8734002113342285,0.0,0.0
2370,0.0,1892.0,29.37493133544922,36.99,79.7297134399414,2424.0,0.0,1367.0,0.0,100.0,5.8734002113342285,0.0,0.0
2371,0.0,1892.0,29.37493133544922,36.99,79.7297134399414,2424.0,0.0,1367.0,0.0,100.0,5.8734002113342285,0.0,0.0
2372,0.0,1892.0,29.37493133544922,36.99,79.7297134399414,2424.0,0.0,1367.0,0.0,100.0,5.8734002113342285,0.0,0.0
2373,0.0,1892.0,29.37493133544922,36.99,79.7297134399414,2424.0,0.0,1367.0,0.0,100.0,5.8734002113342285,0.0,0.0
2374,0.0,1892.0,25.23735809326172,36.99,80.02986145019531,1623.0,0.0,1367.0,0.0,100.0,5.8734002113342285,0.0,0.0
2375,0.0,1892.0,25.23735809326172,36.99,80.02986145019531,1623.0,0.0,1367.0,0.0,100.0,5.8734002113342285,0.0,0.0
2376,0.0,1892.0,25.23735809326172,36.99,80.02986145019531,1623.0,0.0,1367.0,0.0,100.0,5.8734002113342285,0.0,0.0
2377,0.0,1892.0,25.23735809326172,36.99,80.02986145019531,1623.0,0.0,1367.0,0.0,100.0,5.8734002113342285,0.0,0.0
2378,0.0,1892.0,25.23735809326172,36.99,80.02986145019531,1623.0,0.0,1367.0,0.0,100.0,5.8734002113342285,0.0,0.0
2379,0.0,1892.0,24.497053146362305,36.99,77.57901000976562,1285.0,0.0,1367.0,0.0,100.0,5.8734002113342285,0.0,0.0
2380,0.0,1892.0,24.497053146362305,36.99,77.57901000976562,1285.0,0.0,1367.0,0.0,100.0,5.8734002113342285,0.0,0.0
2381,0.0,1892.0,24.497053146362305,36.99,77.57901000976562,1285.0,0.0,1367.0,0.0,100.0,5.8734002113342285,0.0,0.0
2382,0.0,1892.0,24.497053146362305,36.99,77.57901000976562,1285.0,0.0,1367.0,0.0,100.0,5.8734002113342285,0.0,0.0
2383,0.0,1892.0,24.497053146362305,36.99,77.57901000976562,1285.0,0.0,1367.0,0.0,100.0,5.8734002113342285,0.0,0.0
2384,0.0,1892.0,17.123252868652344,36.99,76.8788070678711,1213.0,0.0,1367.0,13.515911102294922,100.0,5.8734002113342285,674.0,0.0
2385,0.0,1892.0,17.123252868652344,36.99,76.8788070678711,1213.0,0.0,1367.0,13.515911102294922,100.0,5.8734002113342285,674.0,0.0
2386,0.0,1892.0,17.123252868652344,36.99,76.8788070678711,1213.0,0.0,1367.0,13.515911102294922,100.0,5.8734002113342285,674.0,0.0
2387,0.0,1892.0,17.123252868652344,36.99,76.8788070678711,1213.0,0.0,1367.0,13.515911102294922,100.0,5.8734002113342285,674.0,0.0
2388,0.0,1892.0,17.123252868652344,36.99,76.8788070678711,1213.0,0.0,1367.0,13.515911102294922,100.0,5.8734002113342285,674.0,0.0
2389,0.0,1892.0,9.13045597076416,36.99,72.44107055664062,1265.0,0.0,1367.0,29.589704513549805,100.0,72.5741958618164,1390.0,0.0
2390,0.0,1892.0,9.13045597076416,36.99,72.44107055664062,1265.0,0.0,1367.0,29.589704513549805,100.0,72.5741958618164,1390.0,0.0
2391,0.0,1892.0,9.13045597076416,36.99,72.44107055664062,1265.0,0.0,1367.0,29.589704513549805,100.0,72.5741958618164,1390.0,0.0
2392,0.0,1892.0,9.13045597076416,36.99,72.44107055664062,1265.0,0.0,1367.0,29.589704513549805,100.0,72.5741958618164,1390.0,0.0
2393,0.0,1892.0,9.13045597076416,36.99,72.44107055664062,1265.0,0.0,1367.0,29.589704513549805,100.0,72.5741958618164,1390.0,0.0
2394,0.0,1892.0,9.61936378479004,36.99,71.29706573486328,1577.0,0.0,1367.0,29.355735778808594,100.0,74.03813171386719,1388.0,0.0
2395,0.0,1892.0,9.61936378479004,36.99,71.29706573486328,1577.0,0.0,1367.0,29.355735778808594,100.0,74.03813171386719,1388.0,0.0
2396,0.0,1892.0,9.61936378479004,36.99,71.29706573486328,1577.0,0.0,1367.0,29.355735778808594,100.0,74.03813171386719,1388.0,0.0
2397,0.0,1892.0,9.61936378479004,36.99,71.29706573486328,1577.0,0.0,1367.0,29.355735778808594,100.0,74.03813171386719,1388.0,0.0
2398,0.0,1892.0,9.61936378479004,36.99,71.29706573486328,1577.0,0.0,1367.0,29.355735778808594,100.0,74.03813171386719,1388.0,0.0
2399,0.0,1892.0,9.61936378479004,36.99,71.29706573486328,1577.0,0.0,1367.0,29.355735778808594,100.0,74.03813171386719,1388.0,0.0
2400,0.0,1892.0,10.189075469970703,36.99,71.55937957763672,1568.0,0.0,1367.0,29.5888614654541,100.0,74.44659423828125,1389.0,0.0
2401,0.0,1892.0,10.189075469970703,36.99,71.55937957763672,1568.0,0.0,1367.0,29.5888614654541,100.0,74.44659423828125,1389.0,0.0
2402,0.0,1892.0,10.189075469970703,36.99,71.55937957763672,1568.0,0.0,1367.0,29.5888614654541,100.0,74.44659423828125,1389.0,0.0
2403,0.0,1892.0,10.189075469970703,36.99,71.55937957763672,1568.0,0.0,1367.0,29.5888614654541,100.0,74.44659423828125,1389.0,0.0
2404,0.0,1892.0,10.189075469970703,36.99,71.55937957763672,1568.0,0.0,1367.0,29.5888614654541,100.0,74.44659423828125,1389.0,0.0
2405,0.0,1892.0,13.682748794555664,36.99,71.22425079345703,1771.0,0.0,1367.0,29.489727020263672,100.0,74.76789093017578,1391.0,0.0
2406,0.0,1892.0,13.682748794555664,36.99,71.22425079345703,1771.0,0.0,1367.0,29.489727020263672,100.0,74.76789093017578,1391.0,0.0
2407,0.0,1892.0,13.682748794555664,36.99,71.22425079345703,1771.0,0.0,1367.0,29.489727020263672,100.0,74.76789093017578,1391.0,0.0
2408,0.0,1892.0,13.682748794555664,36.99,71.22425079345703,1771.0,0.0,1367.0,29.489727020263672,100.0,74.76789093017578,1391.0,0.0
2409,0.0,1892.0,13.682748794555664,36.99,71.22425079345703,1771.0,0.0,1367.0,29.489727020263672,100.0,74.76789093017578,1391.0,0.0
2410,0.0,1892.0,26.53908920288086,36.99,77.1445541381836,2423.0,0.0,1367.0,27.13260841369629,100.0,75.50495910644531,1393.0,0.0
2411,0.0,1892.0,26.53908920288086,36.99,77.1445541381836,2423.0,0.0,1367.0,27.13260841369629,100.0,75.50495910644531,1393.0,0.0
2412,0.0,1892.0,26.53908920288086,36.99,77.1445541381836,2423.0,0.0,1367.0,27.13260841369629,100.0,75.50495910644531,1393.0,0.0
2413,0.0,1892.0,26.53908920288086,36.99,77.1445541381836,2423.0,0.0,1367.0,27.13260841369629,100.0,75.50495910644531,1393.0,0.0
2414,0.0,1892.0,26.53908920288086,36.99,77.1445541381836,2423.0,0.0,1367.0,27.13260841369629,100.0,75.50495910644531,1393.0,0.0
2415,0.0,1892.0,27.474512100219727,36.99,81.5458755493164,2424.0,0.0,1367.0,0.125208780169487,100.0,76.40587615966797,729.0,0.0
2416,0.0,1892.0,27.474512100219727,36.99,81.5458755493164,2424.0,0.0,1367.0,0.125208780169487,100.0,76.40587615966797,729.0,0.0
2417,0.0,1892.0,27.474512100219727,36.99,81.5458755493164,2424.0,0.0,1367.0,0.125208780169487,100.0,76.40587615966797,729.0,0.0
2418,0.0,1892.0,27.474512100219727,36.99,81.5458755493164,2424.0,0.0,1367.0,0.125208780169487,100.0,76.40587615966797,729.0,0.0
2419,0.0,1892.0,27.474512100219727,36.99,81.5458755493164,2424.0,0.0,1367.0,0.125208780169487,100.0,76.40587615966797,729.0,0.0
2420,0.0,1892.0,28.73514938354492,36.99,80.11209106445312,2424.0,0.0,1367.0,0.0919559523463249,100.0,65.18120574951172,400.0,0.0
2421,0.0,1892.0,28.73514938354492,36.99,80.11209106445312,2424.0,0.0,1367.0,0.0919559523463249,100.0,65.18120574951172,400.0,0.0
2422,0.0,1892.0,28.73514938354492,36.99,80.11209106445312,2424.0,0.0,1367.0,0.0919559523463249,100.0,65.18120574951172,400.0,0.0
2423,0.0,1892.0,28.73514938354492,36.99,80.11209106445312,2424.0,0.0,1367.0,0.0919559523463249,100.0,65.18120574951172,400.0,0.0
2424,0.0,1892.0,28.73514938354492,36.99,80.11209106445312,2424.0,0.0,1367.0,0.0919559523463249,100.0,65.18120574951172,400.0,0.0
2425,0.0,1892.0,29.301708221435547,36.99,80.0307846069336,2424.0,0.0,1367.0,0.0454612709581851,100.0,64.78538513183594,576.0,0.0
2426,0.0,1892.0,29.301708221435547,36.99,80.0307846069336,2424.0,0.0,1367.0,0.0454612709581851,100.0,64.78538513183594,576.0,0.0
2427,0.0,1892.0,29.301708221435547,36.99,80.0307846069336,2424.0,0.0,1367.0,0.0454612709581851,100.0,64.78538513183594,576.0,0.0
2428,0.0,1892.0,29.301708221435547,36.99,80.0307846069336,2424.0,0.0,1367.0,0.0454612709581851,100.0,64.78538513183594,576.0,0.0
2429,0.0,1892.0,29.301708221435547,36.99,80.0307846069336,2424.0,0.0,1367.0,0.0454612709581851,100.0,64.78538513183594,576.0,0.0
2430,0.0,1892.0,28.250043869018555,36.99,80.09112548828125,2424.0,0.0,1367.0,0.12158964574337,100.0,64.46296691894531,508.0,0.0
2431,0.0,1892.0,28.250043869018555,36.99,80.09112548828125,2424.0,0.0,1367.0,0.12158964574337,100.0,64.46296691894531,508.0,0.0
2432,0.0,1892.0,28.250043869018555,36.99,80.09112548828125,2424.0,0.0,1367.0,0.12158964574337,100.0,64.46296691894531,508.0,0.0
2433,0.0,1892.0,28.250043869018555,36.99,80.09112548828125,2424.0,0.0,1367.0,0.12158964574337,100.0,64.46296691894531,508.0,0.0
2434,0.0,1892.0,28.250043869018555,36.99,80.09112548828125,2424.0,0.0,1367.0,0.12158964574337,100.0,64.46296691894531,508.0,0.0
2435,0.0,1892.0,24.78343391418457,36.99,80.38532257080078,2424.0,0.0,1367.0,24.8831729888916,100.0,74.52123260498047,1351.0,0.0
2436,0.0,1892.0,24.78343391418457,36.99,80.38532257080078,2424.0,0.0,1367.0,24.8831729888916,100.0,74.52123260498047,1351.0,0.0
2437,0.0,1892.0,24.78343391418457,36.99,80.38532257080078,2424.0,0.0,1367.0,24.8831729888916,100.0,74.52123260498047,1351.0,0.0
2438,0.0,1892.0,24.78343391418457,36.99,80.38532257080078,2424.0,0.0,1367.0,24.8831729888916,100.0,74.52123260498047,1351.0,0.0
2439,0.0,1892.0,24.78343391418457,36.99,80.38532257080078,2424.0,0.0,1367.0,24.8831729888916,100.0,74.52123260498047,1351.0,0.0
2440,0.0,1892.0,24.78343391418457,36.99,80.38532257080078,2424.0,0.0,1367.0,24.8831729888916,100.0,74.52123260498047,1351.0,0.0
2441,0.0,1892.0,23.8216552734375,36.99,81.09625244140625,2424.0,0.0,1367.0,29.67245864868164,100.0,76.72492980957031,1398.0,0.0
2442,0.0,1892.0,23.8216552734375,36.99,81.09625244140625,2424.0,0.0,1367.0,29.67245864868164,100.0,76.72492980957031,1398.0,0.0
2443,0.0,1892.0,23.8216552734375,36.99,81.09625244140625,2424.0,0.0,1367.0,29.67245864868164,100.0,76.72492980957031,1398.0,0.0
2444,0.0,1892.0,23.8216552734375,36.99,81.09625244140625,2424.0,0.0,1367.0,29.67245864868164,100.0,76.72492980957031,1398.0,0.0
2445,0.0,1892.0,23.8216552734375,36.99,81.09625244140625,2424.0,0.0,1367.0,29.67245864868164,100.0,76.72492980957031,1398.0,0.0
2446,0.0,1892.0,24.137819290161133,36.99,81.47901153564453,2424.0,0.0,1367.0,29.886476516723633,100.0,77.47422790527344,1398.0,0.0
2447,0.0,1892.0,24.137819290161133,36.99,81.47901153564453,2424.0,0.0,1367.0,29.886476516723633,100.0,77.47422790527344,1398.0,0.0
2448,0.0,1892.0,24.137819290161133,36.99,81.47901153564453,2424.0,0.0,1367.0,29.886476516723633,100.0,77.47422790527344,1398.0,0.0
2449,0.0,1892.0,24.137819290161133,36.99,81.47901153564453,2424.0,0.0,1367.0,29.886476516723633,100.0,77.47422790527344,1398.0,0.0
2450,0.0,1892.0,24.137819290161133,36.99,81.47901153564453,2424.0,0.0,1367.0,29.886476516723633,100.0,77.47422790527344,1398.0,0.0
2451,0.0,1892.0,23.950408935546875,36.99,81.86858367919922,2424.0,0.0,1367.0,29.97484588623047,100.0,78.09120178222656,1398.0,0.0
2452,0.0,1892.0,23.950408935546875,36.99,81.86858367919922,2424.0,0.0,1367.0,29.97484588623047,100.0,78.09120178222656,1398.0,0.0
2453,0.0,1892.0,23.950408935546875,36.99,81.86858367919922,2424.0,0.0,1367.0,29.97484588623047,100.0,78.09120178222656,1398.0,0.0
2454,0.0,1892.0,23.950408935546875,36.99,81.86858367919922,2424.0,0.0,1367.0,29.97484588623047,100.0,78.09120178222656,1398.0,0.0
2455,0.0,1892.0,23.950408935546875,36.99,81.86858367919922,2424.0,0.0,1367.0,29.97484588623047,100.0,78.09120178222656,1398.0,0.0
2456,0.0,1892.0,24.529958724975582,36.99,82.54629516601562,2424.0,0.0,1367.0,30.130260467529297,100.0,78.62644958496094,1397.0,0.0
2457,0.0,1892.0,24.529958724975582,36.99,82.54629516601562,2424.0,0.0,1367.0,30.130260467529297,100.0,78.62644958496094,1397.0,0.0
2458,0.0,1892.0,24.529958724975582,36.99,82.54629516601562,2424.0,0.0,1367.0,30.130260467529297,100.0,78.62644958496094,1397.0,0.0
2459,0.0,1892.0,24.529958724975582,36.99,82.54629516601562,2424.0,0.0,1367.0,30.130260467529297,100.0,78.62644958496094,1397.0,0.0
2460,0.0,1892.0,24.529958724975582,36.99,82.54629516601562,2424.0,0.0,1367.0,30.130260467529297,100.0,78.62644958496094,1397.0,0.0
2461,0.0,1892.0,24.195697784423828,36.99,82.34530639648438,1374.0,0.0,1367.0,15.36548900604248,100.0,78.5299301147461,1003.0,0.0
2462,0.0,1892.0,24.195697784423828,36.99,82.34530639648438,1374.0,0.0,1367.0,15.36548900604248,100.0,78.5299301147461,1003.0,0.0
2463,0.0,1892.0,24.195697784423828,36.99,82.34530639648438,1374.0,0.0,1367.0,15.36548900604248,100.0,78.5299301147461,1003.0,0.0
2464,0.0,1892.0,24.195697784423828,36.99,82.34530639648438,1374.0,0.0,1367.0,15.36548900604248,100.0,78.5299301147461,1003.0,0.0
2465,0.0,1892.0,24.195697784423828,36.99,82.34530639648438,1374.0,0.0,1367.0,15.36548900604248,100.0,78.5299301147461,1003.0,0.0
2466,0.0,1892.0,24.3170166015625,36.99,80.2652359008789,1391.0,0.0,1367.0,0.00163929478731,100.0,66.96482849121094,111.0,0.0
2467,0.0,1892.0,24.3170166015625,36.99,80.2652359008789,1391.0,0.0,1367.0,0.00163929478731,100.0,66.96482849121094,111.0,0.0
2468,0.0,1892.0,24.3170166015625,36.99,80.2652359008789,1391.0,0.0,1367.0,0.00163929478731,100.0,66.96482849121094,111.0,0.0
2469,0.0,1892.0,24.3170166015625,36.99,80.2652359008789,1391.0,0.0,1367.0,0.00163929478731,100.0,66.96482849121094,111.0,0.0
2470,0.0,1892.0,24.3170166015625,36.99,80.2652359008789,1391.0,0.0,1367.0,0.00163929478731,100.0,66.96482849121094,111.0,0.0
2471,0.0,1892.0,24.456787109375,36.99,79.8209457397461,1186.0,0.0,1367.0,0.0,100.0,5.8734002113342285,0.0,0.0
2472,0.0,1892.0,24.456787109375,36.99,79.8209457397461,1186.0,0.0,1367.0,0.0,100.0,5.8734002113342285,0.0,0.0
2473,0.0,1892.0,24.456787109375,36.99,79.8209457397461,1186.0,0.0,1367.0,0.0,100.0,5.8734002113342285,0.0,0.0
2474,0.0,1892.0,24.456787109375,36.99,79.8209457397461,1186.0,0.0,1367.0,0.0,100.0,5.8734002113342285,0.0,0.0
2475,0.0,1892.0,24.456787109375,36.99,79.8209457397461,1186.0,0.0,1367.0,0.0,100.0,5.8734002113342285,0.0,0.0
2476,0.0,1892.0,24.028223037719727,36.99,78.2557373046875,1209.0,0.0,1367.0,0.0,100.0,5.8734002113342285,0.0,0.0
2477,0.0,1892.0,24.028223037719727,36.99,78.2557373046875,1209.0,0.0,1367.0,0.0,100.0,5.8734002113342285,0.0,0.0
2478,0.0,1892.0,24.028223037719727,36.99,78.2557373046875,1209.0,0.0,1367.0,0.0,100.0,5.8734002113342285,0.0,0.0
2479,0.0,1892.0,24.028223037719727,36.99,78.2557373046875,1209.0,0.0,1367.0,0.0,100.0,5.8734002113342285,0.0,0.0
2480,0.0,1892.0,24.028223037719727,36.99,78.2557373046875,1209.0,0.0,1367.0,0.0,100.0,5.8734002113342285,0.0,0.0
2481,0.0,1892.0,20.272953033447266,36.99,78.43769836425781,1459.0,0.0,1367.0,6.648618698120117,100.0,5.8734002113342285,454.0,0.0
2482,0.0,1892.0,20.272953033447266,36.99,78.43769836425781,1459.0,0.0,1367.0,6.648618698120117,100.0,5.8734002113342285,454.0,0.0
2483,0.0,1892.0,20.272953033447266,36.99,78.43769836425781,1459.0,0.0,1367.0,6.648618698120117,100.0,5.8734002113342285,454.0,0.0
2484,0.0,1892.0,20.272953033447266,36.99,78.43769836425781,1459.0,0.0,1367.0,6.648618698120117,100.0,5.8734002113342285,454.0,0.0
2485,0.0,1892.0,20.272953033447266,36.99,78.43769836425781,1459.0,0.0,1367.0,6.648618698120117,100.0,5.8734002113342285,454.0,0.0
2486,0.0,1892.0,8.924063682556152,36.99,74.10531616210938,1215.0,0.0,1367.0,29.921798706054688,100.0,73.96708679199219,1398.0,0.0
2487,0.0,1892.0,8.924063682556152,36.99,74.10531616210938,1215.0,0.0,1367.0,29.921798706054688,100.0,73.96708679199219,1398.0,0.0
2488,0.0,1892.0,8.924063682556152,36.99,74.10531616210938,1215.0,0.0,1367.0,29.921798706054688,100.0,73.96708679199219,1398.0,0.0
2489,0.0,1892.0,8.924063682556152,36.99,74.10531616210938,1215.0,0.0,1367.0,29.921798706054688,100.0,73.96708679199219,1398.0,0.0
2490,0.0,1892.0,8.924063682556152,36.99,74.10531616210938,1215.0,0.0,1367.0,29.921798706054688,100.0,73.96708679199219,1398.0,0.0
2491,0.0,1892.0,10.594313621520996,36.99,73.21814727783203,1908.0,0.0,1367.0,30.02581214904785,100.0,75.62955474853516,1398.0,0.0
2492,0.0,1892.0,10.594313621520996,36.99,73.21814727783203,1908.0,0.0,1367.0,30.02581214904785,100.0,75.62955474853516,1398.0,0.0
2493,0.0,1892.0,10.594313621520996,36.99,73.21814727783203,1908.0,0.0,1367.0,30.02581214904785,100.0,75.62955474853516,1398.0,0.0
2494,0.0,1892.0,10.594313621520996,36.99,73.21814727783203,1908.0,0.0,1367.0,30.02581214904785,100.0,75.62955474853516,1398.0,0.0
2495,0.0,1892.0,10.594313621520996,36.99,73.21814727783203,1908.0,0.0,1367.0,30.02581214904785,100.0,75.62955474853516,1398.0,0.0
2496,0.0,1892.0,9.445018768310549,36.99,72.05182647705078,1973.0,0.0,1367.0,29.919363021850582,100.0,75.81193542480469,1398.0,0.0
2497,0.0,1892.0,9.445018768310549,36.99,72.05182647705078,1973.0,0.0,1367.0,29.919363021850582,100.0,75.81193542480469,1398.0,0.0
2498,0.0,1892.0,9.445018768310549,36.99,72.05182647705078,1973.0,0.0,1367.0,29.919363021850582,100.0,75.81193542480469,1398.0,0.0
2499,0.0,1892.0,9.445018768310549,36.99,72.05182647705078,1973.0,0.0,1367.0,29.919363021850582,100.0,75.81193542480469,1398.0,0.0
2500,0.0,1892.0,9.445018768310549,36.99,72.05182647705078,1973.0,0.0,1367.0,29.919363021850582,100.0,75.81193542480469,1398.0,0.0
2501,0.0,1892.0,9.445018768310549,36.99,72.05182647705078,1973.0,0.0,1367.0,29.919363021850582,100.0,75.81193542480469,1398.0,0.0
2502,0.0,1892.0,9.815788269042969,36.99,73.68901062011719,1661.0,0.0,1367.0,30.019798278808594,100.0,76.05224609375,1398.0,0.0
2503,0.0,1892.0,9.815788269042969,36.99,73.68901062011719,1661.0,0.0,1367.0,30.019798278808594,100.0,76.05224609375,1398.0,0.0
2504,0.0,1892.0,9.815788269042969,36.99,73.68901062011719,1661.0,0.0,1367.0,30.019798278808594,100.0,76.05224609375,1398.0,0.0
2505,0.0,1892.0,9.815788269042969,36.99,73.68901062011719,1661.0,0.0,1367.0,30.019798278808594,100.0,76.05224609375,1398.0,0.0
2506,0.0,1892.0,9.815788269042969,36.99,73.68901062011719,1661.0,0.0,1367.0,30.019798278808594,100.0,76.05224609375,1398.0,0.0
2507,0.0,1892.0,15.9244384765625,36.99,72.18297576904297,1806.0,0.0,1367.0,29.973243713378903,100.0,76.10453796386719,1396.0,0.0
2508,0.0,1892.0,15.9244384765625,36.99,72.18297576904297,1806.0,0.0,1367.0,29.973243713378903,100.0,76.10453796386719,1396.0,0.0
2509,0.0,1892.0,15.9244384765625,36.99,72.18297576904297,1806.0,0.0,1367.0,29.973243713378903,100.0,76.10453796386719,1396.0,0.0
2510,0.0,1892.0,15.9244384765625,36.99,72.18297576904297,1806.0,0.0,1367.0,29.973243713378903,100.0,76.10453796386719,1396.0,0.0
2511,0.0,1892.0,15.9244384765625,36.99,72.18297576904297,1806.0,0.0,1367.0,29.973243713378903,100.0,76.10453796386719,1396.0,0.0
2512,0.0,1892.0,24.086185455322266,36.99,78.24101257324219,1647.0,0.0,1367.0,3.582738161087036,100.0,76.2365951538086,806.0,0.0
2513,0.0,1892.0,24.086185455322266,36.99,78.24101257324219,1647.0,0.0,1367.0,3.582738161087036,100.0,76.2365951538086,806.0,0.0
2514,0.0,1892.0,24.086185455322266,36.99,78.24101257324219,1647.0,0.0,1367.0,3.582738161087036,100.0,76.2365951538086,806.0,0.0
2515,0.0,1892.0,24.086185455322266,36.99,78.24101257324219,1647.0,0.0,1367.0,3.582738161087036,100.0,76.2365951538086,806.0,0.0
2516,0.0,1892.0,24.086185455322266,36.99,78.24101257324219,1647.0,0.0,1367.0,3.582738161087036,100.0,76.2365951538086,806.0,0.0
2517,0.0,1892.0,24.178131103515625,36.99,78.81132507324219,1599.0,0.0,1367.0,0.0370799414813518,100.0,64.86210632324219,525.0,0.0
2518,0.0,1892.0,24.178131103515625,36.99,78.81132507324219,1599.0,0.0,1367.0,0.0370799414813518,100.0,64.86210632324219,525.0,0.0
2519,0.0,1892.0,24.178131103515625,36.99,78.81132507324219,1599.0,0.0,1367.0,0.0370799414813518,100.0,64.86210632324219,525.0,0.0
2520,0.0,1892.0,24.178131103515625,36.99,78.81132507324219,1599.0,0.0,1367.0,0.0370799414813518,100.0,64.86210632324219,525.0,0.0
2521,0.0,1892.0,24.178131103515625,36.99,78.81132507324219,1599.0,0.0,1367.0,0.0370799414813518,100.0,64.86210632324219,525.0,0.0
2522,0.0,1892.0,23.903310775756836,36.99,78.14129638671875,1776.0,0.0,1367.0,0.0571367554366588,100.0,64.29764556884766,450.0,0.0
2523,0.0,1892.0,23.903310775756836,36.99,78.14129638671875,1776.0,0.0,1367.0,0.0571367554366588,100.0,64.29764556884766,450.0,0.0
2524,0.0,1892.0,23.903310775756836,36.99,78.14129638671875,1776.0,0.0,1367.0,0.0571367554366588,100.0,64.29764556884766,450.0,0.0
2525,0.0,1892.0,23.903310775756836,36.99,78.14129638671875,1776.0,0.0,1367.0,0.0571367554366588,100.0,64.29764556884766,450.0,0.0
2526,0.0,1892.0,23.903310775756836,36.99,78.14129638671875,1776.0,0.0,1367.0,0.0571367554366588,100.0,64.29764556884766,450.0,0.0
2527,0.0,1892.0,24.01165771484375,36.99,77.71245574951172,1750.0,0.0,1367.0,0.0886181741952896,100.0,63.9909782409668,420.0,0.0
2528,0.0,1892.0,24.01165771484375,36.99,77.71245574951172,1750.0,0.0,1367.0,0.0886181741952896,100.0,63.9909782409668,420.0,0.0
2529,0.0,1892.0,24.01165771484375,36.99,77.71245574951172,1750.0,0.0,1367.0,0.0886181741952896,100.0,63.9909782409668,420.0,0.0
2530,0.0,1892.0,24.01165771484375,36.99,77.71245574951172,1750.0,0.0,1367.0,0.0886181741952896,100.0,63.9909782409668,420.0,0.0
2531,0.0,1892.0,24.01165771484375,36.99,77.71245574951172,1750.0,0.0,1367.0,0.0886181741952896,100.0,63.9909782409668,420.0,0.0
2532,0.0,1892.0,14.462315559387209,36.99,76.37374877929688,1852.0,0.0,1367.0,17.443668365478516,100.0,63.1786003112793,1082.0,0.0
2533,0.0,1892.0,14.462315559387209,36.99,76.37374877929688,1852.0,0.0,1367.0,17.443668365478516,100.0,63.1786003112793,1082.0,0.0
2534,0.0,1892.0,14.462315559387209,36.99,76.37374877929688,1852.0,0.0,1367.0,17.443668365478516,100.0,63.1786003112793,1082.0,0.0
2535,0.0,1892.0,14.462315559387209,36.99,76.37374877929688,1852.0,0.0,1367.0,17.443668365478516,100.0,63.1786003112793,1082.0,0.0
2536,0.0,1892.0,14.462315559387209,36.99,76.37374877929688,1852.0,0.0,1367.0,17.443668365478516,100.0,63.1786003112793,1082.0,0.0
2537,0.0,1892.0,9.151796340942385,36.99,73.44857788085938,1421.0,0.0,1367.0,29.86297607421875,100.0,72.58326721191406,1398.0,0.0
2538,0.0,1892.0,9.151796340942385,36.99,73.44857788085938,1421.0,0.0,1367.0,29.86297607421875,100.0,72.58326721191406,1398.0,0.0
2539,0.0,1892.0,9.151796340942385,36.99,73.44857788085938,1421.0,0.0,1367.0,29.86297607421875,100.0,72.58326721191406,1398.0,0.0
2540,0.0,1892.0,9.151796340942385,36.99,73.44857788085938,1421.0,0.0,1367.0,29.86297607421875,100.0,72.58326721191406,1398.0,0.0
2541,0.0,1892.0,9.151796340942385,36.99,73.44857788085938,1421.0,0.0,1367.0,29.86297607421875,100.0,72.58326721191406,1398.0,0.0
2542,0.0,1892.0,9.307256698608398,36.99,71.48387145996094,1593.0,0.0,1367.0,30.028364181518555,100.0,74.75886535644531,1398.0,0.0
2543,0.0,1892.0,9.307256698608398,36.99,71.48387145996094,1593.0,0.0,1367.0,30.028364181518555,100.0,74.75886535644531,1398.0,0.0
2544,0.0,1892.0,9.307256698608398,36.99,71.48387145996094,1593.0,0.0,1367.0,30.028364181518555,100.0,74.75886535644531,1398.0,0.0
2545,0.0,1892.0,9.307256698608398,36.99,71.48387145996094,1593.0,0.0,1367.0,30.028364181518555,100.0,74.75886535644531,1398.0,0.0
2546,0.0,1892.0,9.307256698608398,36.99,71.48387145996094,1593.0,0.0,1367.0,30.028364181518555,100.0,74.75886535644531,1398.0,0.0
2547,0.0,1892.0,9.976574897766112,36.99,71.1117172241211,1692.0,0.0,1367.0,29.921241760253903,100.0,75.1068115234375,1398.0,0.0
2548,0.0,1892.0,9.976574897766112,36.99,71.1117172241211,1692.0,0.0,1367.0,29.921241760253903,100.0,75.1068115234375,1398.0,0.0
2549,0.0,1892.0,9.976574897766112,36.99,71.1117172241211,1692.0,0.0,1367.0,29.921241760253903,100.0,75.1068115234375,1398.0,0.0
2550,0.0,1892.0,9.976574897766112,36.99,71.1117172241211,1692.0,0.0,1367.0,29.921241760253903,100.0,75.1068115234375,1398.0,0.0
2551,0.0,1892.0,9.976574897766112,36.99,71.1117172241211,1692.0,0.0,1367.0,29.921241760253903,100.0,75.1068115234375,1398.0,0.0
2552,0.0,1892.0,9.170001029968262,36.99,71.99813079833984,1652.0,0.0,1367.0,30.11486434936523,100.0,75.25032043457031,1398.0,0.0
2553,0.0,1892.0,9.170001029968262,36.99,71.99813079833984,1652.0,0.0,1367.0,30.11486434936523,100.0,75.25032043457031,1398.0,0.0
2554,0.0,1892.0,9.170001029968262,36.99,71.99813079833984,1652.0,0.0,1367.0,30.11486434936523,100.0,75.25032043457031,1398.0,0.0
2555,0.0,1892.0,9.170001029968262,36.99,71.99813079833984,1652.0,0.0,1367.0,30.11486434936523,100.0,75.25032043457031,1398.0,0.0
2556,0.0,1892.0,9.170001029968262,36.99,71.99813079833984,1652.0,0.0,1367.0,30.11486434936523,100.0,75.25032043457031,1398.0,0.0
2557,0.0,1892.0,9.170001029968262,36.99,71.99813079833984,1652.0,0.0,1367.0,30.11486434936523,100.0,75.25032043457031,1398.0,0.0
2558,0.0,1892.0,21.89651870727539,36.99,77.81161499023438,1546.0,0.0,1367.0,21.79059600830078,100.0,75.39049530029297,1048.0,0.0
2559,0.0,1892.0,21.89651870727539,36.99,77.81161499023438,1546.0,0.0,1367.0,21.79059600830078,100.0,75.39049530029297,1048.0,0.0
2560,0.0,1892.0,21.89651870727539,36.99,77.81161499023438,1546.0,0.0,1367.0,21.79059600830078,100.0,75.39049530029297,1048.0,0.0
2561,0.0,1892.0,21.89651870727539,36.99,77.81161499023438,1546.0,0.0,1367.0,21.79059600830078,100.0,75.39049530029297,1048.0,0.0
2562,0.0,1892.0,21.89651870727539,36.99,77.81161499023438,1546.0,0.0,1367.0,21.79059600830078,100.0,75.39049530029297,1048.0,0.0
2563,0.0,1892.0,23.630992889404297,36.99,77.12010192871094,1651.0,0.0,1367.0,0.0943485647439956,100.0,64.30773162841797,444.0,0.0
2564,0.0,1892.0,23.630992889404297,36.99,77.12010192871094,1651.0,0.0,1367.0,0.0943485647439956,100.0,64.30773162841797,444.0,0.0
2565,0.0,1892.0,23.630992889404297,36.99,77.12010192871094,1651.0,0.0,1367.0,0.0943485647439956,100.0,64.30773162841797,444.0,0.0
2566,0.0,1892.0,23.630992889404297,36.99,77.12010192871094,1651.0,0.0,1367.0,0.0943485647439956,100.0,64.30773162841797,444.0,0.0
2567,0.0,1892.0,23.630992889404297,36.99,77.12010192871094,1651.0,0.0,1367.0,0.0943485647439956,100.0,64.30773162841797,444.0,0.0
2568,0.0,1892.0,24.008325576782227,36.99,77.40425109863281,1357.0,0.0,1367.0,0.0246148835867643,100.0,63.72023391723633,377.0,0.0
2569,0.0,1892.0,24.008325576782227,36.99,77.40425109863281,1357.0,0.0,1367.0,0.0246148835867643,100.0,63.72023391723633,377.0,0.0
2570,0.0,1892.0,24.008325576782227,36.99,77.40425109863281,1357.0,0.0,1367.0,0.0246148835867643,100.0,63.72023391723633,377.0,0.0
2571,0.0,1892.0,24.008325576782227,36.99,77.40425109863281,1357.0,0.0,1367.0,0.0246148835867643,100.0,63.72023391723633,377.0,0.0
2572,0.0,1892.0,24.008325576782227,36.99,77.40425109863281,1357.0,0.0,1367.0,0.0246148835867643,100.0,63.72023391723633,377.0,0.0
2573,0.0,1892.0,23.966777801513672,36.99,76.83773040771484,1246.0,0.0,1367.0,0.0142069961875677,100.0,63.34589767456055,297.0,0.0
2574,0.0,1892.0,23.966777801513672,36.99,76.83773040771484,1246.0,0.0,1367.0,0.0142069961875677,100.0,63.34589767456055,297.0,0.0
2575,0.0,1892.0,23.966777801513672,36.99,76.83773040771484,1246.0,0.0,1367.0,0.0142069961875677,100.0,63.34589767456055,297.0,0.0
2576,0.0,1892.0,23.966777801513672,36.99,76.83773040771484,1246.0,0.0,1367.0,0.0142069961875677,100.0,63.34589767456055,297.0,0.0
2577,0.0,1892.0,23.966777801513672,36.99,76.83773040771484,1246.0,0.0,1367.0,0.0142069961875677,100.0,63.34589767456055,297.0,0.0
2578,0.0,1892.0,23.099279403686523,36.99,76.57909393310547,1362.0,0.0,1367.0,0.874232292175293,100.0,62.791015625,699.0,0.0
2579,0.0,1892.0,23.099279403686523,36.99,76.57909393310547,1362.0,0.0,1367.0,0.874232292175293,100.0,62.791015625,699.0,0.0
2580,0.0,1892.0,23.099279403686523,36.99,76.57909393310547,1362.0,0.0,1367.0,0.874232292175293,100.0,62.791015625,699.0,0.0
2581,0.0,1892.0,23.099279403686523,36.99,76.57909393310547,1362.0,0.0,1367.0,0.874232292175293,100.0,62.791015625,699.0,0.0
2582,0.0,1892.0,23.099279403686523,36.99,76.57909393310547,1362.0,0.0,1367.0,0.874232292175293,100.0,62.791015625,699.0,0.0
2583,0.0,1892.0,9.087494850158691,36.99,72.1790771484375,1328.0,0.0,1367.0,29.90204429626465,100.0,72.41584777832031,1398.0,0.0
2584,0.0,1892.0,9.087494850158691,36.99,72.1790771484375,1328.0,0.0,1367.0,29.90204429626465,100.0,72.41584777832031,1398.0,0.0
2585,0.0,1892.0,9.087494850158691,36.99,72.1790771484375,1328.0,0.0,1367.0,29.90204429626465,100.0,72.41584777832031,1398.0,0.0
2586,0.0,1892.0,9.087494850158691,36.99,72.1790771484375,1328.0,0.0,1367.0,29.90204429626465,100.0,72.41584777832031,1398.0,0.0
2587,0.0,1892.0,9.087494850158691,36.99,72.1790771484375,1328.0,0.0,1367.0,29.90204429626465,100.0,72.41584777832031,1398.0,0.0
2588,0.0,1892.0,9.654296875,36.99,70.53252410888672,1414.0,0.0,1367.0,29.95407485961914,100.0,74.1612777709961,1398.0,0.0
2589,0.0,1892.0,9.654296875,36.99,70.53252410888672,1414.0,0.0,1367.0,29.95407485961914,100.0,74.1612777709961,1398.0,0.0
2590,0.0,1892.0,9.654296875,36.99,70.53252410888672,1414.0,0.0,1367.0,29.95407485961914,100.0,74.1612777709961,1398.0,0.0
2591,0.0,1892.0,9.654296875,36.99,70.53252410888672,1414.0,0.0,1367.0,29.95407485961914,100.0,74.1612777709961,1398.0,0.0
2592,0.0,1892.0,9.654296875,36.99,70.53252410888672,1414.0,0.0,1367.0,29.95407485961914,100.0,74.1612777709961,1398.0,0.0
2593,0.0,1892.0,9.865259170532228,36.99,71.76580047607422,1745.0,0.0,1367.0,29.956130981445312,100.0,74.62446594238281,1398.0,0.0
2594,0.0,1892.0,9.865259170532228,36.99,71.76580047607422,1745.0,0.0,1367.0,29.956130981445312,100.0,74.62446594238281,1398.0,0.0
2595,0.0,1892.0,9.865259170532228,36.99,71.76580047607422,1745.0,0.0,1367.0,29.956130981445312,100.0,74.62446594238281,1398.0,0.0
2596,0.0,1892.0,9.865259170532228,36.99,71.76580047607422,1745.0,0.0,1367.0,29.956130981445312,100.0,74.62446594238281,1398.0,0.0
2597,0.0,1892.0,9.865259170532228,36.99,71.76580047607422,1745.0,0.0,1367.0,29.956130981445312,100.0,74.62446594238281,1398.0,0.0
2598,0.0,1892.0,9.585541725158691,36.99,71.89855194091797,1409.0,0.0,1367.0,30.001773834228516,100.0,74.9535903930664,1398.0,0.0
2599,0.0,1892.0,9.585541725158691,36.99,71.89855194091797,1409.0,0.0,1367.0,30.001773834228516,100.0,74.9535903930664,1398.0,0.0
2600,0.0,1892.0,9.585541725158691,36.99,71.89855194091797,1409.0,0.0,1367.0,30.001773834228516,100.0,74.9535903930664,1398.0,0.0
2601,0.0,1892.0,9.585541725158691,36.99,71.89855194091797,1409.0,0.0,1367.0,30.001773834228516,100.0,74.9535903930664,1398.0,0.0
2602,0.0,1892.0,9.585541725158691,36.99,71.89855194091797,1409.0,0.0,1367.0,30.001773834228516,100.0,74.9535903930664,1398.0,0.0
2603,0.0,1892.0,12.92442798614502,36.99,71.28353118896484,1618.0,0.0,1367.0,29.86716079711914,100.0,75.08951568603516,1398.0,0.0
2604,0.0,1892.0,12.92442798614502,36.99,71.28353118896484,1618.0,0.0,1367.0,29.86716079711914,100.0,75.08951568603516,1398.0,0.0
2605,0.0,1892.0,12.92442798614502,36.99,71.28353118896484,1618.0,0.0,1367.0,29.86716079711914,100.0,75.08951568603516,1398.0,0.0
2606,0.0,1892.0,12.92442798614502,36.99,71.28353118896484,1618.0,0.0,1367.0,29.86716079711914,100.0,75.08951568603516,1398.0,0.0
2607,0.0,1892.0,12.92442798614502,36.99,71.28353118896484,1618.0,0.0,1367.0,29.86716079711914,100.0,75.08951568603516,1398.0,0.0
2608,0.0,1892.0,23.93022346496582,36.99,77.33348846435547,1510.0,0.0,1367.0,9.204071044921877,100.0,75.73409271240234,902.0,0.0
2609,0.0,1892.0,23.93022346496582,36.99,77.33348846435547,1510.0,0.0,1367.0,9.204071044921877,100.0,75.73409271240234,902.0,0.0
2610,0.0,1892.0,23.93022346496582,36.99,77.33348846435547,1510.0,0.0,1367.0,9.204071044921877,100.0,75.73409271240234,902.0,0.0
2611,0.0,1892.0,23.93022346496582,36.99,77.33348846435547,1510.0,0.0,1367.0,9.204071044921877,100.0,75.73409271240234,902.0,0.0
2612,0.0,1892.0,23.93022346496582,36.99,77.33348846435547,1510.0,0.0,1367.0,9.204071044921877,100.0,75.73409271240234,902.0,0.0
2613,0.0,1892.0,23.93022346496582,36.99,77.33348846435547,1510.0,0.0,1367.0,9.204071044921877,100.0,75.73409271240234,902.0,0.0
2614,0.0,1892.0,23.768651962280273,36.99,77.69306945800781,1416.0,0.0,1367.0,0.0335537418723106,100.0,64.41158294677734,444.0,0.0
2615,0.0,1892.0,23.768651962280273,36.99,77.69306945800781,1416.0,0.0,1367.0,0.0335537418723106,100.0,64.41158294677734,444.0,0.0
2616,0.0,1892.0,23.768651962280273,36.99,77.69306945800781,1416.0,0.0,1367.0,0.0335537418723106,100.0,64.41158294677734,444.0,0.0
2617,0.0,1892.0,23.768651962280273,36.99,77.69306945800781,1416.0,0.0,1367.0,0.0335537418723106,100.0,64.41158294677734,444.0,0.0
2618,0.0,1892.0,23.768651962280273,36.99,77.69306945800781,1416.0,0.0,1367.0,0.0335537418723106,100.0,64.41158294677734,444.0,0.0
2619,0.0,1892.0,23.869646072387695,36.99,76.13707733154297,1350.0,0.0,1367.0,0.0369138717651367,100.0,63.33838653564453,401.0,0.0
2620,0.0,1892.0,23.869646072387695,36.99,76.13707733154297,1350.0,0.0,1367.0,0.0369138717651367,100.0,63.33838653564453,401.0,0.0
2621,0.0,1892.0,23.869646072387695,36.99,76.13707733154297,1350.0,0.0,1367.0,0.0369138717651367,100.0,63.33838653564453,401.0,0.0
2622,0.0,1892.0,23.869646072387695,36.99,76.13707733154297,1350.0,0.0,1367.0,0.0369138717651367,100.0,63.33838653564453,401.0,0.0
2623,0.0,1892.0,23.869646072387695,36.99,76.13707733154297,1350.0,0.0,1367.0,0.0369138717651367,100.0,63.33838653564453,401.0,0.0
2624,0.0,1892.0,24.01215362548828,36.99,76.83854675292969,1623.0,0.0,1367.0,0.0255900584161281,100.0,62.84069061279297,300.0,0.0
2625,0.0,1892.0,24.01215362548828,36.99,76.83854675292969,1623.0,0.0,1367.0,0.0255900584161281,100.0,62.84069061279297,300.0,0.0
2626,0.0,1892.0,24.01215362548828,36.99,76.83854675292969,1623.0,0.0,1367.0,0.0255900584161281,100.0,62.84069061279297,300.0,0.0
2627,0.0,1892.0,24.01215362548828,36.99,76.83854675292969,1623.0,0.0,1367.0,0.0255900584161281,100.0,62.84069061279297,300.0,0.0
2628,0.0,1892.0,24.01215362548828,36.99,76.83854675292969,1623.0,0.0,1367.0,0.0255900584161281,100.0,62.84069061279297,300.0,0.0
2629,0.0,1892.0,16.836410522460938,36.99,76.3482894897461,1564.0,0.0,1367.0,13.179838180541992,100.0,62.65534591674805,789.0,0.0
2630,0.0,1892.0,16.836410522460938,36.99,76.3482894897461,1564.0,0.0,1367.0,13.179838180541992,100.0,62.65534591674805,789.0,0.0
2631,0.0,1892.0,16.836410522460938,36.99,76.3482894897461,1564.0,0.0,1367.0,13.179838180541992,100.0,62.65534591674805,789.0,0.0
2632,0.0,1892.0,16.836410522460938,36.99,76.3482894897461,1564.0,0.0,1367.0,13.179838180541992,100.0,62.65534591674805,789.0,0.0
2633,0.0,1892.0,16.836410522460938,36.99,76.3482894897461,1564.0,0.0,1367.0,13.179838180541992,100.0,62.65534591674805,789.0,0.0
2634,0.0,1892.0,8.864418029785156,36.99,71.80326080322266,1274.0,0.0,1367.0,29.993581771850582,100.0,72.13157653808594,1398.0,0.0
2635,0.0,1892.0,8.864418029785156,36.99,71.80326080322266,1274.0,0.0,1367.0,29.993581771850582,100.0,72.13157653808594,1398.0,0.0
2636,0.0,1892.0,8.864418029785156,36.99,71.80326080322266,1274.0,0.0,1367.0,29.993581771850582,100.0,72.13157653808594,1398.0,0.0
2637,0.0,1892.0,8.864418029785156,36.99,71.80326080322266,1274.0,0.0,1367.0,29.993581771850582,100.0,72.13157653808594,1398.0,0.0
2638,0.0,1892.0,8.864418029785156,36.99,71.80326080322266,1274.0,0.0,1367.0,29.993581771850582,100.0,72.13157653808594,1398.0,0.0
2639,0.0,1892.0,9.97357940673828,36.99,70.9772720336914,1396.0,0.0,1367.0,29.770620346069336,100.0,73.8985366821289,1398.0,0.0
2640,0.0,1892.0,9.97357940673828,36.99,70.9772720336914,1396.0,0.0,1367.0,29.770620346069336,100.0,73.8985366821289,1398.0,0.0
2641,0.0,1892.0,9.97357940673828,36.99,70.9772720336914,1396.0,0.0,1367.0,29.770620346069336,100.0,73.8985366821289,1398.0,0.0
2642,0.0,1892.0,9.97357940673828,36.99,70.9772720336914,1396.0,0.0,1367.0,29.770620346069336,100.0,73.8985366821289,1398.0,0.0
2643,0.0,1892.0,9.97357940673828,36.99,70.9772720336914,1396.0,0.0,1367.0,29.770620346069336,100.0,73.8985366821289,1398.0,0.0
2644,0.0,1892.0,9.718390464782717,36.99,70.351806640625,1489.0,0.0,1367.0,30.067157745361328,100.0,74.1638412475586,1398.0,0.0
2645,0.0,1892.0,9.718390464782717,36.99,70.351806640625,1489.0,0.0,1367.0,30.067157745361328,100.0,74.1638412475586,1398.0,0.0
2646,0.0,1892.0,9.718390464782717,36.99,70.351806640625,1489.0,0.0,1367.0,30.067157745361328,100.0,74.1638412475586,1398.0,0.0
2647,0.0,1892.0,9.718390464782717,36.99,70.351806640625,1489.0,0.0,1367.0,30.067157745361328,100.0,74.1638412475586,1398.0,0.0
2648,0.0,1892.0,9.718390464782717,36.99,70.351806640625,1489.0,0.0,1367.0,30.067157745361328,100.0,74.1638412475586,1398.0,0.0
2649,0.0,1892.0,9.773812294006348,36.99,71.52873229980469,1510.0,0.0,1367.0,29.970664978027344,100.0,74.52725219726562,1398.0,0.0
2650,0.0,1892.0,9.773812294006348,36.99,71.52873229980469,1510.0,0.0,1367.0,29.970664978027344,100.0,74.52725219726562,1398.0,0.0
2651,0.0,1892.0,9.773812294006348,36.99,71.52873229980469,1510.0,0.0,1367.0,29.970664978027344,100.0,74.52725219726562,1398.0,0.0
2652,0.0,1892.0,9.773812294006348,36.99,71.52873229980469,1510.0,0.0,1367.0,29.970664978027344,100.0,74.52725219726562,1398.0,0.0
2653,0.0,1892.0,9.773812294006348,36.99,71.52873229980469,1510.0,0.0,1367.0,29.970664978027344,100.0,74.52725219726562,1398.0,0.0
2654,0.0,1892.0,18.93773651123047,36.99,71.6698989868164,1523.0,0.0,1367.0,27.690383911132812,100.0,74.78941345214844,1396.0,0.0
2655,0.0,1892.0,18.93773651123047,36.99,71.6698989868164,1523.0,0.0,1367.0,27.690383911132812,100.0,74.78941345214844,1396.0,0.0
2656,0.0,1892.0,18.93773651123047,36.99,71.6698989868164,1523.0,0.0,1367.0,27.690383911132812,100.0,74.78941345214844,1396.0,0.0
2657,0.0,1892.0,18.93773651123047,36.99,71.6698989868164,1523.0,0.0,1367.0,27.690383911132812,100.0,74.78941345214844,1396.0,0.0
2658,0.0,1892.0,18.93773651123047,36.99,71.6698989868164,1523.0,0.0,1367.0,27.690383911132812,100.0,74.78941345214844,1396.0,0.0
2659,0.0,1892.0,23.966995239257812,36.99,77.9346694946289,1257.0,0.0,1367.0,0.0162594262510538,100.0,75.48725128173828,432.0,0.0
2660,0.0,1892.0,23.966995239257812,36.99,77.9346694946289,1257.0,0.0,1367.0,0.0162594262510538,100.0,75.48725128173828,432.0,0.0
2661,0.0,1892.0,23.966995239257812,36.99,77.9346694946289,1257.0,0.0,1367.0,0.0162594262510538,100.0,75.48725128173828,432.0,0.0
2662,0.0,1892.0,23.966995239257812,36.99,77.9346694946289,1257.0,0.0,1367.0,0.0162594262510538,100.0,75.48725128173828,432.0,0.0
2663,0.0,1892.0,23.966995239257812,36.99,77.9346694946289,1257.0,0.0,1367.0,0.0162594262510538,100.0,75.48725128173828,432.0,0.0
2664,0.0,1892.0,23.822612762451172,36.99,76.83335876464844,1301.0,0.0,1367.0,0.0400629788637161,100.0,64.06001281738281,360.0,0.0
2665,0.0,1892.0,23.822612762451172,36.99,76.83335876464844,1301.0,0.0,1367.0,0.0400629788637161,100.0,64.06001281738281,360.0,0.0
2666,0.0,1892.0,23.822612762451172,36.99,76.83335876464844,1301.0,0.0,1367.0,0.0400629788637161,100.0,64.06001281738281,360.0,0.0
2667,0.0,1892.0,23.822612762451172,36.99,76.83335876464844,1301.0,0.0,1367.0,0.0400629788637161,100.0,64.06001281738281,360.0,0.0
2668,0.0,1892.0,23.822612762451172,36.99,76.83335876464844,1301.0,0.0,1367.0,0.0400629788637161,100.0,64.06001281738281,360.0,0.0
2669,0.0,1892.0,22.99022674560547,36.99,76.3259048461914,1382.0,0.0,1367.0,0.0395171418786048,100.0,63.18425369262695,350.0,0.0
2670,0.0,1892.0,22.99022674560547,36.99,76.3259048461914,1382.0,0.0,1367.0,0.0395171418786048,100.0,63.18425369262695,350.0,0.0
2671,0.0,1892.0,22.99022674560547,36.99,76.3259048461914,1382.0,0.0,1367.0,0.0395171418786048,100.0,63.18425369262695,350.0,0.0
2672,0.0,1892.0,22.99022674560547,36.99,76.3259048461914,1382.0,0.0,1367.0,0.0395171418786048,100.0,63.18425369262695,350.0,0.0
2673,0.0,1892.0,22.99022674560547,36.99,76.3259048461914,1382.0,0.0,1367.0,0.0395171418786048,100.0,63.18425369262695,350.0,0.0
2674,0.0,1892.0,22.99022674560547,36.99,76.3259048461914,1382.0,0.0,1367.0,0.0395171418786048,100.0,63.18425369262695,350.0,0.0
2675,0.0,1892.0,22.721235275268555,36.99,76.03583526611328,1395.0,0.0,1367.0,0.0285352580249309,100.0,62.549461364746094,510.0,0.0
2676,0.0,1892.0,22.721235275268555,36.99,76.03583526611328,1395.0,0.0,1367.0,0.0285352580249309,100.0,62.549461364746094,510.0,0.0
2677,0.0,1892.0,22.721235275268555,36.99,76.03583526611328,1395.0,0.0,1367.0,0.0285352580249309,100.0,62.549461364746094,510.0,0.0
2678,0.0,1892.0,22.721235275268555,36.99,76.03583526611328,1395.0,0.0,1367.0,0.0285352580249309,100.0,62.549461364746094,510.0,0.0
2679,0.0,1892.0,22.721235275268555,36.99,76.03583526611328,1395.0,0.0,1367.0,0.0285352580249309,100.0,62.549461364746094,510.0,0.0
2680,0.0,1892.0,8.210227966308594,36.99,71.14450073242188,1475.0,0.0,1367.0,23.40229606628418,100.0,70.99217224121094,1295.0,0.0
2681,0.0,1892.0,8.210227966308594,36.99,71.14450073242188,1475.0,0.0,1367.0,23.40229606628418,100.0,70.99217224121094,1295.0,0.0
2682,0.0,1892.0,8.210227966308594,36.99,71.14450073242188,1475.0,0.0,1367.0,23.40229606628418,100.0,70.99217224121094,1295.0,0.0
2683,0.0,1892.0,8.210227966308594,36.99,71.14450073242188,1475.0,0.0,1367.0,23.40229606628418,100.0,70.99217224121094,1295.0,0.0
2684,0.0,1892.0,8.210227966308594,36.99,71.14450073242188,1475.0,0.0,1367.0,23.40229606628418,100.0,70.99217224121094,1295.0,0.0
2685,0.0,1892.0,5.315908908843994,36.99,68.11616516113281,1658.0,0.0,1367.0,29.923892974853516,100.0,73.3898696899414,1398.0,0.0
2686,0.0,1892.0,5.315908908843994,36.99,68.11616516113281,1658.0,0.0,1367.0,29.923892974853516,100.0,73.3898696899414,1398.0,0.0
2687,0.0,1892.0,5.315908908843994,36.99,68.11616516113281,1658.0,0.0,1367.0,29.923892974853516,100.0,73.3898696899414,1398.0,0.0
2688,0.0,1892.0,5.315908908843994,36.99,68.11616516113281,1658.0,0.0,1367.0,29.923892974853516,100.0,73.3898696899414,1398.0,0.0
2689,0.0,1892.0,5.315908908843994,36.99,68.11616516113281,1658.0,0.0,1367.0,29.923892974853516,100.0,73.3898696899414,1398.0,0.0
2690,0.0,1892.0,5.028134346008301,36.99,68.03597259521484,1566.0,0.0,1367.0,29.960100173950195,100.0,73.73652648925781,1398.0,0.0
2691,0.0,1892.0,5.028134346008301,36.99,68.03597259521484,1566.0,0.0,1367.0,29.960100173950195,100.0,73.73652648925781,1398.0,0.0
2692,0.0,1892.0,5.028134346008301,36.99,68.03597259521484,1566.0,0.0,1367.0,29.960100173950195,100.0,73.73652648925781,1398.0,0.0
2693,0.0,1892.0,5.028134346008301,36.99,68.03597259521484,1566.0,0.0,1367.0,29.960100173950195,100.0,73.73652648925781,1398.0,0.0
2694,0.0,1892.0,5.028134346008301,36.99,68.03597259521484,1566.0,0.0,1367.0,29.960100173950195,100.0,73.73652648925781,1398.0,0.0
2695,0.0,1892.0,5.100762367248535,36.99,68.3050537109375,1547.0,0.0,1367.0,29.83696556091309,100.0,73.7608642578125,1398.0,0.0
2696,0.0,1892.0,5.100762367248535,36.99,68.3050537109375,1547.0,0.0,1367.0,29.83696556091309,100.0,73.7608642578125,1398.0,0.0
2697,0.0,1892.0,5.100762367248535,36.99,68.3050537109375,1547.0,0.0,1367.0,29.83696556091309,100.0,73.7608642578125,1398.0,0.0
2698,0.0,1892.0,5.100762367248535,36.99,68.3050537109375,1547.0,0.0,1367.0,29.83696556091309,100.0,73.7608642578125,1398.0,0.0
2699,0.0,1892.0,5.100762367248535,36.99,68.3050537109375,1547.0,0.0,1367.0,29.83696556091309,100.0,73.7608642578125,1398.0,0.0
2700,0.0,1892.0,6.086343288421631,36.99,68.46604919433594,1357.0,0.0,1367.0,30.03514289855957,100.0,73.81749725341797,1398.0,0.0
2701,0.0,1892.0,6.086343288421631,36.99,68.46604919433594,1357.0,0.0,1367.0,30.03514289855957,100.0,73.81749725341797,1398.0,0.0
2702,0.0,1892.0,6.086343288421631,36.99,68.46604919433594,1357.0,0.0,1367.0,30.03514289855957,100.0,73.81749725341797,1398.0,0.0
2703,0.0,1892.0,6.086343288421631,36.99,68.46604919433594,1357.0,0.0,1367.0,30.03514289855957,100.0,73.81749725341797,1398.0,0.0
2704,0.0,1892.0,6.086343288421631,36.99,68.46604919433594,1357.0,0.0,1367.0,30.03514289855957,100.0,73.81749725341797,1398.0,0.0
2705,0.0,1892.0,22.616525650024418,36.99,75.36564636230469,1269.0,0.0,1367.0,15.59628200531006,100.0,74.23503112792969,1188.0,0.0
2706,0.0,1892.0,22.616525650024418,36.99,75.36564636230469,1269.0,0.0,1367.0,15.59628200531006,100.0,74.23503112792969,1188.0,0.0
2707,0.0,1892.0,22.616525650024418,36.99,75.36564636230469,1269.0,0.0,1367.0,15.59628200531006,100.0,74.23503112792969,1188.0,0.0
2708,0.0,1892.0,22.616525650024418,36.99,75.36564636230469,1269.0,0.0,1367.0,15.59628200531006,100.0,74.23503112792969,1188.0,0.0
2709,0.0,1892.0,22.616525650024418,36.99,75.36564636230469,1269.0,0.0,1367.0,15.59628200531006,100.0,74.23503112792969,1188.0,0.0
2710,0.0,1892.0,22.811317443847656,36.99,75.69654083251953,1476.0,0.0,1367.0,0.0428316891193389,100.0,62.99726104736328,474.0,0.0
2711,0.0,1892.0,22.811317443847656,36.99,75.69654083251953,1476.0,0.0,1367.0,0.0428316891193389,100.0,62.99726104736328,474.0,0.0
2712,0.0,1892.0,22.811317443847656,36.99,75.69654083251953,1476.0,0.0,1367.0,0.0428316891193389,100.0,62.99726104736328,474.0,0.0
2713,0.0,1892.0,22.811317443847656,36.99,75.69654083251953,1476.0,0.0,1367.0,0.0428316891193389,100.0,62.99726104736328,474.0,0.0
2714,0.0,1892.0,22.811317443847656,36.99,75.69654083251953,1476.0,0.0,1367.0,0.0428316891193389,100.0,62.99726104736328,474.0,0.0
2715,0.0,1892.0,22.90455436706543,36.99,75.05473327636719,1593.0,0.0,1367.0,0.0327796414494514,100.0,62.3859748840332,408.0,0.0
2716,0.0,1892.0,22.90455436706543,36.99,75.05473327636719,1593.0,0.0,1367.0,0.0327796414494514,100.0,62.3859748840332,408.0,0.0
2717,0.0,1892.0,22.90455436706543,36.99,75.05473327636719,1593.0,0.0,1367.0,0.0327796414494514,100.0,62.3859748840332,408.0,0.0
2718,0.0,1892.0,22.90455436706543,36.99,75.05473327636719,1593.0,0.0,1367.0,0.0327796414494514,100.0,62.3859748840332,408.0,0.0
2719,0.0,1892.0,22.90455436706543,36.99,75.05473327636719,1593.0,0.0,1367.0,0.0327796414494514,100.0,62.3859748840332,408.0,0.0
2720,0.0,1892.0,22.877838134765625,36.99,75.40638732910156,1636.0,0.0,1367.0,0.0570525377988815,100.0,61.84156036376953,535.0,0.0
2721,0.0,1892.0,22.877838134765625,36.99,75.40638732910156,1636.0,0.0,1367.0,0.0570525377988815,100.0,61.84156036376953,535.0,0.0
2722,0.0,1892.0,22.877838134765625,36.99,75.40638732910156,1636.0,0.0,1367.0,0.0570525377988815,100.0,61.84156036376953,535.0,0.0
2723,0.0,1892.0,22.877838134765625,36.99,75.40638732910156,1636.0,0.0,1367.0,0.0570525377988815,100.0,61.84156036376953,535.0,0.0
2724,0.0,1892.0,22.877838134765625,36.99,75.40638732910156,1636.0,0.0,1367.0,0.0570525377988815,100.0,61.84156036376953,535.0,0.0
2725,0.0,1892.0,22.877838134765625,36.99,75.40638732910156,1636.0,0.0,1367.0,0.0570525377988815,100.0,61.84156036376953,535.0,0.0
2726,0.0,1892.0,18.173555374145508,36.99,73.82618713378906,1544.0,0.0,1367.0,6.7014970779418945,100.0,61.474876403808594,741.0,0.0
2727,0.0,1892.0,18.173555374145508,36.99,73.82618713378906,1544.0,0.0,1367.0,6.7014970779418945,100.0,61.474876403808594,741.0,0.0
2728,0.0,1892.0,18.173555374145508,36.99,73.82618713378906,1544.0,0.0,1367.0,6.7014970779418945,100.0,61.474876403808594,741.0,0.0
2729,0.0,1892.0,18.173555374145508,36.99,73.82618713378906,1544.0,0.0,1367.0,6.7014970779418945,100.0,61.474876403808594,741.0,0.0
2730,0.0,1892.0,18.173555374145508,36.99,73.82618713378906,1544.0,0.0,1367.0,6.7014970779418945,100.0,61.474876403808594,741.0,0.0
2731,0.0,1892.0,5.234464168548584,36.99,69.95841217041016,1567.0,0.0,1367.0,30.004261016845703,100.0,71.04035949707031,1398.0,0.0
2732,0.0,1892.0,5.234464168548584,36.99,69.95841217041016,1567.0,0.0,1367.0,30.004261016845703,100.0,71.04035949707031,1398.0,0.0
2733,0.0,1892.0,5.234464168548584,36.99,69.95841217041016,1567.0,0.0,1367.0,30.004261016845703,100.0,71.04035949707031,1398.0,0.0
2734,0.0,1892.0,5.234464168548584,36.99,69.95841217041016,1567.0,0.0,1367.0,30.004261016845703,100.0,71.04035949707031,1398.0,0.0
2735,0.0,1892.0,5.234464168548584,36.99,69.95841217041016,1567.0,0.0,1367.0,30.004261016845703,100.0,71.04035949707031,1398.0,0.0
2736,0.0,1892.0,6.004427909851074,36.99,67.47901153564453,1766.0,0.0,1367.0,29.882244110107425,100.0,72.97376251220703,1398.0,0.0
2737,0.0,1892.0,6.004427909851074,36.99,67.47901153564453,1766.0,0.0,1367.0,29.882244110107425,100.0,72.97376251220703,1398.0,0.0
2738,0.0,1892.0,6.004427909851074,36.99,67.47901153564453,1766.0,0.0,1367.0,29.882244110107425,100.0,72.97376251220703,1398.0,0.0
2739,0.0,1892.0,6.004427909851074,36.99,67.47901153564453,1766.0,0.0,1367.0,29.882244110107425,100.0,72.97376251220703,1398.0,0.0
2740,0.0,1892.0,6.004427909851074,36.99,67.47901153564453,1766.0,0.0,1367.0,29.882244110107425,100.0,72.97376251220703,1398.0,0.0
2741,0.0,1892.0,6.834347248077393,36.99,68.60153198242188,2176.0,0.0,1367.0,29.93212127685547,100.0,73.34580993652344,1398.0,0.0
2742,0.0,1892.0,6.834347248077393,36.99,68.60153198242188,2176.0,0.0,1367.0,29.93212127685547,100.0,73.34580993652344,1398.0,0.0
2743,0.0,1892.0,6.834347248077393,36.99,68.60153198242188,2176.0,0.0,1367.0,29.93212127685547,100.0,73.34580993652344,1398.0,0.0
2744,0.0,1892.0,6.834347248077393,36.99,68.60153198242188,2176.0,0.0,1367.0,29.93212127685547,100.0,73.34580993652344,1398.0,0.0
2745,0.0,1892.0,6.834347248077393,36.99,68.60153198242188,2176.0,0.0,1367.0,29.93212127685547,100.0,73.34580993652344,1398.0,0.0
2746,0.0,1892.0,5.370491027832031,36.99,68.92118072509766,1567.0,0.0,1367.0,29.844911575317383,100.0,73.51631927490234,1398.0,0.0
2747,0.0,1892.0,5.370491027832031,36.99,68.92118072509766,1567.0,0.0,1367.0,29.844911575317383,100.0,73.51631927490234,1398.0,0.0
2748,0.0,1892.0,5.370491027832031,36.99,68.92118072509766,1567.0,0.0,1367.0,29.844911575317383,100.0,73.51631927490234,1398.0,0.0
2749,0.0,1892.0,5.370491027832031,36.99,68.92118072509766,1567.0,0.0,1367.0,29.844911575317383,100.0,73.51631927490234,1398.0,0.0
2750,0.0,1892.0,5.370491027832031,36.99,68.92118072509766,1567.0,0.0,1367.0,29.844911575317383,100.0,73.51631927490234,1398.0,0.0
2751,0.0,1892.0,12.77360725402832,36.99,68.42528533935547,1732.0,0.0,1367.0,29.90673828125,100.0,73.61441040039062,1398.0,0.0
2752,0.0,1892.0,12.77360725402832,36.99,68.42528533935547,1732.0,0.0,1367.0,29.90673828125,100.0,73.61441040039062,1398.0,0.0
2753,0.0,1892.0,12.77360725402832,36.99,68.42528533935547,1732.0,0.0,1367.0,29.90673828125,100.0,73.61441040039062,1398.0,0.0
2754,0.0,1892.0,12.77360725402832,36.99,68.42528533935547,1732.0,0.0,1367.0,29.90673828125,100.0,73.61441040039062,1398.0,0.0
2755,0.0,1892.0,12.77360725402832,36.99,68.42528533935547,1732.0,0.0,1367.0,29.90673828125,100.0,73.61441040039062,1398.0,0.0
2756,0.0,1892.0,23.217144012451172,36.99,75.55028533935547,2133.0,0.0,1367.0,4.302073955535889,100.0,73.74533081054688,921.0,0.0
2757,0.0,1892.0,23.217144012451172,36.99,75.55028533935547,2133.0,0.0,1367.0,4.302073955535889,100.0,73.74533081054688,921.0,0.0
2758,0.0,1892.0,23.217144012451172,36.99,75.55028533935547,2133.0,0.0,1367.0,4.302073955535889,100.0,73.74533081054688,921.0,0.0
2759,0.0,1892.0,23.217144012451172,36.99,75.55028533935547,2133.0,0.0,1367.0,4.302073955535889,100.0,73.74533081054688,921.0,0.0
2760,0.0,1892.0,23.217144012451172,36.99,75.55028533935547,2133.0,0.0,1367.0,4.302073955535889,100.0,73.74533081054688,921.0,0.0
2761,0.0,1892.0,22.888206481933594,36.99,75.79716491699219,1787.0,0.0,1367.0,0.0654020011425018,100.0,63.08345413208008,546.0,0.0
2762,0.0,1892.0,22.888206481933594,36.99,75.79716491699219,1787.0,0.0,1367.0,0.0654020011425018,100.0,63.08345413208008,546.0,0.0
2763,0.0,1892.0,22.888206481933594,36.99,75.79716491699219,1787.0,0.0,1367.0,0.0654020011425018,100.0,63.08345413208008,546.0,0.0
2764,0.0,1892.0,22.888206481933594,36.99,75.79716491699219,1787.0,0.0,1367.0,0.0654020011425018,100.0,63.08345413208008,546.0,0.0
2765,0.0,1892.0,22.888206481933594,36.99,75.79716491699219,1787.0,0.0,1367.0,0.0654020011425018,100.0,63.08345413208008,546.0,0.0
2766,0.0,1892.0,22.6445255279541,36.99,74.4808349609375,1627.0,0.0,1367.0,0.0678342878818512,100.0,62.285888671875,415.0,0.0
2767,0.0,1892.0,22.6445255279541,36.99,74.4808349609375,1627.0,0.0,1367.0,0.0678342878818512,100.0,62.285888671875,415.0,0.0
2768,0.0,1892.0,22.6445255279541,36.99,74.4808349609375,1627.0,0.0,1367.0,0.0678342878818512,100.0,62.285888671875,415.0,0.0
2769,0.0,1892.0,22.6445255279541,36.99,74.4808349609375,1627.0,0.0,1367.0,0.0678342878818512,100.0,62.285888671875,415.0,0.0
2770,0.0,1892.0,22.6445255279541,36.99,74.4808349609375,1627.0,0.0,1367.0,0.0678342878818512,100.0,62.285888671875,415.0,0.0
2771,0.0,1892.0,22.642719268798828,36.99,74.81653594970703,1869.0,0.0,1367.0,0.0745266675949096,100.0,61.7603874206543,657.0,0.0
2772,0.0,1892.0,22.642719268798828,36.99,74.81653594970703,1869.0,0.0,1367.0,0.0745266675949096,100.0,61.7603874206543,657.0,0.0
2773,0.0,1892.0,22.642719268798828,36.99,74.81653594970703,1869.0,0.0,1367.0,0.0745266675949096,100.0,61.7603874206543,657.0,0.0
2774,0.0,1892.0,22.642719268798828,36.99,74.81653594970703,1869.0,0.0,1367.0,0.0745266675949096,100.0,61.7603874206543,657.0,0.0
2775,0.0,1892.0,22.642719268798828,36.99,74.81653594970703,1869.0,0.0,1367.0,0.0745266675949096,100.0,61.7603874206543,657.0,0.0
2776,0.0,1892.0,12.599607467651367,36.99,74.77719116210938,1889.0,0.0,1367.0,17.40062713623047,100.0,61.545692443847656,988.0,0.0
2777,0.0,1892.0,12.599607467651367,36.99,74.77719116210938,1889.0,0.0,1367.0,17.40062713623047,100.0,61.545692443847656,988.0,0.0
2778,0.0,1892.0,12.599607467651367,36.99,74.77719116210938,1889.0,0.0,1367.0,17.40062713623047,100.0,61.545692443847656,988.0,0.0
2779,0.0,1892.0,12.599607467651367,36.99,74.77719116210938,1889.0,0.0,1367.0,17.40062713623047,100.0,61.545692443847656,988.0,0.0
2780,0.0,1892.0,12.599607467651367,36.99,74.77719116210938,1889.0,0.0,1367.0,17.40062713623047,100.0,61.545692443847656,988.0,0.0
2781,0.0,1892.0,5.309270858764648,36.99,70.74029541015625,1585.0,0.0,1367.0,29.93790626525879,100.0,70.68797302246094,1398.0,0.0
2782,0.0,1892.0,5.309270858764648,36.99,70.74029541015625,1585.0,0.0,1367.0,29.93790626525879,100.0,70.68797302246094,1398.0,0.0
2783,0.0,1892.0,5.309270858764648,36.99,70.74029541015625,1585.0,0.0,1367.0,29.93790626525879,100.0,70.68797302246094,1398.0,0.0
2784,0.0,1892.0,5.309270858764648,36.99,70.74029541015625,1585.0,0.0,1367.0,29.93790626525879,100.0,70.68797302246094,1398.0,0.0
2785,0.0,1892.0,5.309270858764648,36.99,70.74029541015625,1585.0,0.0,1367.0,29.93790626525879,100.0,70.68797302246094,1398.0,0.0
2786,0.0,1892.0,5.309270858764648,36.99,70.74029541015625,1585.0,0.0,1367.0,29.93790626525879,100.0,70.68797302246094,1398.0,0.0
2787,0.0,1892.0,6.144337177276611,36.99,67.3016128540039,1586.0,0.0,1367.0,29.816308975219727,100.0,72.72148132324219,1398.0,0.0
2788,0.0,1892.0,6.144337177276611,36.99,67.3016128540039,1586.0,0.0,1367.0,29.816308975219727,100.0,72.72148132324219,1398.0,0.0
2789,0.0,1892.0,6.144337177276611,36.99,67.3016128540039,1586.0,0.0,1367.0,29.816308975219727,100.0,72.72148132324219,1398.0,0.0
2790,0.0,1892.0,6.144337177276611,36.99,67.3016128540039,1586.0,0.0,1367.0,29.816308975219727,100.0,72.72148132324219,1398.0,0.0
2791,0.0,1892.0,6.144337177276611,36.99,67.3016128540039,1586.0,0.0,1367.0,29.816308975219727,100.0,72.72148132324219,1398.0,0.0
2792,0.0,1892.0,5.533294677734375,36.99,68.2979507446289,1673.0,0.0,1367.0,30.023468017578125,100.0,73.14076232910156,1398.0,0.0
2793,0.0,1892.0,5.533294677734375,36.99,68.2979507446289,1673.0,0.0,1367.0,30.023468017578125,100.0,73.14076232910156,1398.0,0.0
2794,0.0,1892.0,5.533294677734375,36.99,68.2979507446289,1673.0,0.0,1367.0,30.023468017578125,100.0,73.14076232910156,1398.0,0.0
2795,0.0,1892.0,5.533294677734375,36.99,68.2979507446289,1673.0,0.0,1367.0,30.023468017578125,100.0,73.14076232910156,1398.0,0.0
2796,0.0,1892.0,5.533294677734375,36.99,68.2979507446289,1673.0,0.0,1367.0,30.023468017578125,100.0,73.14076232910156,1398.0,0.0
2797,0.0,1892.0,5.671142578125,36.99,67.95423126220703,1287.0,0.0,1367.0,29.866628646850582,100.0,73.27232360839844,1398.0,0.0
2798,0.0,1892.0,5.671142578125,36.99,67.95423126220703,1287.0,0.0,1367.0,29.866628646850582,100.0,73.27232360839844,1398.0,0.0
2799,0.0,1892.0,5.671142578125,36.99,67.95423126220703,1287.0,0.0,1367.0,29.866628646850582,100.0,73.27232360839844,1398.0,0.0
2800,0.0,1892.0,5.671142578125,36.99,67.95423126220703,1287.0,0.0,1367.0,29.866628646850582,100.0,73.27232360839844,1398.0,0.0
2801,0.0,1892.0,5.671142578125,36.99,67.95423126220703,1287.0,0.0,1367.0,29.866628646850582,100.0,73.27232360839844,1398.0,0.0
2802,0.0,1892.0,19.573610305786133,36.99,75.89799499511719,1467.0,0.0,1367.0,22.436084747314453,100.0,73.39097595214844,1159.0,0.0
2803,0.0,1892.0,19.573610305786133,36.99,75.89799499511719,1467.0,0.0,1367.0,22.436084747314453,100.0,73.39097595214844,1159.0,0.0
2804,0.0,1892.0,19.573610305786133,36.99,75.89799499511719,1467.0,0.0,1367.0,22.436084747314453,100.0,73.39097595214844,1159.0,0.0
2805,0.0,1892.0,19.573610305786133,36.99,75.89799499511719,1467.0,0.0,1367.0,22.436084747314453,100.0,73.39097595214844,1159.0,0.0
2806,0.0,1892.0,19.573610305786133,36.99,75.89799499511719,1467.0,0.0,1367.0,22.436084747314453,100.0,73.39097595214844,1159.0,0.0
2807,0.0,1892.0,22.761363983154297,36.99,75.07559204101562,1617.0,0.0,1367.0,0.0531409978866577,100.0,62.815895080566406,546.0,0.0
2808,0.0,1892.0,22.761363983154297,36.99,75.07559204101562,1617.0,0.0,1367.0,0.0531409978866577,100.0,62.815895080566406,546.0,0.0
2809,0.0,1892.0,22.761363983154297,36.99,75.07559204101562,1617.0,0.0,1367.0,0.0531409978866577,100.0,62.815895080566406,546.0,0.0
2810,0.0,1892.0,22.761363983154297,36.99,75.07559204101562,1617.0,0.0,1367.0,0.0531409978866577,100.0,62.815895080566406,546.0,0.0
2811,0.0,1892.0,22.761363983154297,36.99,75.07559204101562,1617.0,0.0,1367.0,0.0531409978866577,100.0,62.815895080566406,546.0,0.0
2812,0.0,1892.0,22.715917587280273,36.99,74.50601959228516,2000.0,0.0,1367.0,0.0794581994414329,100.0,62.089576721191406,563.0,0.0
2813,0.0,1892.0,22.715917587280273,36.99,74.50601959228516,2000.0,0.0,1367.0,0.0794581994414329,100.0,62.089576721191406,563.0,0.0
2814,0.0,1892.0,22.715917587280273,36.99,74.50601959228516,2000.0,0.0,1367.0,0.0794581994414329,100.0,62.089576721191406,563.0,0.0
2815,0.0,1892.0,22.715917587280273,36.99,74.50601959228516,2000.0,0.0,1367.0,0.0794581994414329,100.0,62.089576721191406,563.0,0.0
2816,0.0,1892.0,22.715917587280273,36.99,74.50601959228516,2000.0,0.0,1367.0,0.0794581994414329,100.0,62.089576721191406,563.0,0.0
2817,0.0,1892.0,22.767070770263672,36.99,74.95996856689453,1658.0,0.0,1367.0,0.0715754702687263,100.0,61.72574615478515,505.0,0.0
2818,0.0,1892.0,22.767070770263672,36.99,74.95996856689453,1658.0,0.0,1367.0,0.0715754702687263,100.0,61.72574615478515,505.0,0.0
2819,0.0,1892.0,22.767070770263672,36.99,74.95996856689453,1658.0,0.0,1367.0,0.0715754702687263,100.0,61.72574615478515,505.0,0.0
2820,0.0,1892.0,22.767070770263672,36.99,74.95996856689453,1658.0,0.0,1367.0,0.0715754702687263,100.0,61.72574615478515,505.0,0.0
2821,0.0,1892.0,22.767070770263672,36.99,74.95996856689453,1658.0,0.0,1367.0,0.0715754702687263,100.0,61.72574615478515,505.0,0.0
2822,0.0,1892.0,22.291425704956055,36.99,74.82565307617188,1289.0,0.0,1367.0,0.1211939230561256,100.0,61.40193557739258,312.0,0.0
2823,0.0,1892.0,22.291425704956055,36.99,74.82565307617188,1289.0,0.0,1367.0,0.1211939230561256,100.0,61.40193557739258,312.0,0.0
2824,0.0,1892.0,22.291425704956055,36.99,74.82565307617188,1289.0,0.0,1367.0,0.1211939230561256,100.0,61.40193557739258,312.0,0.0
2825,0.0,1892.0,22.291425704956055,36.99,74.82565307617188,1289.0,0.0,1367.0,0.1211939230561256,100.0,61.40193557739258,312.0,0.0
2826,0.0,1892.0,22.291425704956055,36.99,74.82565307617188,1289.0,0.0,1367.0,0.1211939230561256,100.0,61.40193557739258,312.0,0.0
2827,0.0,1892.0,5.3442702293396,36.99,69.49026489257812,1667.0,0.0,1367.0,29.928560256958008,100.0,70.97447204589844,1398.0,0.0
2828,0.0,1892.0,5.3442702293396,36.99,69.49026489257812,1667.0,0.0,1367.0,29.928560256958008,100.0,70.97447204589844,1398.0,0.0
2829,0.0,1892.0,5.3442702293396,36.99,69.49026489257812,1667.0,0.0,1367.0,29.928560256958008,100.0,70.97447204589844,1398.0,0.0
2830,0.0,1892.0,5.3442702293396,36.99,69.49026489257812,1667.0,0.0,1367.0,29.928560256958008,100.0,70.97447204589844,1398.0,0.0
2831,0.0,1892.0,5.3442702293396,36.99,69.49026489257812,1667.0,0.0,1367.0,29.928560256958008,100.0,70.97447204589844,1398.0,0.0
2832,0.0,1892.0,5.643343925476074,36.99,67.23861694335938,2004.0,0.0,1367.0,29.94017219543457,100.0,72.59855651855469,1398.0,0.0
2833,0.0,1892.0,5.643343925476074,36.99,67.23861694335938,2004.0,0.0,1367.0,29.94017219543457,100.0,72.59855651855469,1398.0,0.0
2834,0.0,1892.0,5.643343925476074,36.99,67.23861694335938,2004.0,0.0,1367.0,29.94017219543457,100.0,72.59855651855469,1398.0,0.0
2835,0.0,1892.0,5.643343925476074,36.99,67.23861694335938,2004.0,0.0,1367.0,29.94017219543457,100.0,72.59855651855469,1398.0,0.0
2836,0.0,1892.0,5.643343925476074,36.99,67.23861694335938,2004.0,0.0,1367.0,29.94017219543457,100.0,72.59855651855469,1398.0,0.0
2837,0.0,1892.0,6.424122333526611,36.99,69.4357681274414,1835.0,0.0,1367.0,29.79136848449707,100.0,73.02827453613281,1398.0,0.0
2838,0.0,1892.0,6.424122333526611,36.99,69.4357681274414,1835.0,0.0,1367.0,29.79136848449707,100.0,73.02827453613281,1398.0,0.0
2839,0.0,1892.0,6.424122333526611,36.99,69.4357681274414,1835.0,0.0,1367.0,29.79136848449707,100.0,73.02827453613281,1398.0,0.0
2840,0.0,1892.0,6.424122333526611,36.99,69.4357681274414,1835.0,0.0,1367.0,29.79136848449707,100.0,73.02827453613281,1398.0,0.0
2841,0.0,1892.0,6.424122333526611,36.99,69.4357681274414,1835.0,0.0,1367.0,29.79136848449707,100.0,73.02827453613281,1398.0,0.0
2842,0.0,1892.0,6.072856903076172,36.99,67.89581298828125,1757.0,0.0,1367.0,29.846715927124023,100.0,73.30569458007812,1398.0,0.0
2843,0.0,1892.0,6.072856903076172,36.99,67.89581298828125,1757.0,0.0,1367.0,29.846715927124023,100.0,73.30569458007812,1398.0,0.0
2844,0.0,1892.0,6.072856903076172,36.99,67.89581298828125,1757.0,0.0,1367.0,29.846715927124023,100.0,73.30569458007812,1398.0,0.0
2845,0.0,1892.0,6.072856903076172,36.99,67.89581298828125,1757.0,0.0,1367.0,29.846715927124023,100.0,73.30569458007812,1398.0,0.0
2846,0.0,1892.0,6.072856903076172,36.99,67.89581298828125,1757.0,0.0,1367.0,29.846715927124023,100.0,73.30569458007812,1398.0,0.0
2847,0.0,1892.0,6.072856903076172,36.99,67.89581298828125,1757.0,0.0,1367.0,29.846715927124023,100.0,73.30569458007812,1398.0,0.0
2848,0.0,1892.0,9.21485710144043,36.99,68.36915588378906,1728.0,0.0,1367.0,30.06549072265625,100.0,73.35966491699219,1398.0,0.0
2849,0.0,1892.0,9.21485710144043,36.99,68.36915588378906,1728.0,0.0,1367.0,30.06549072265625,100.0,73.35966491699219,1398.0,0.0
2850,0.0,1892.0,9.21485710144043,36.99,68.36915588378906,1728.0,0.0,1367.0,30.06549072265625,100.0,73.35966491699219,1398.0,0.0
2851,0.0,1892.0,9.21485710144043,36.99,68.36915588378906,1728.0,0.0,1367.0,30.06549072265625,100.0,73.35966491699219,1398.0,0.0
2852,0.0,1892.0,9.21485710144043,36.99,68.36915588378906,1728.0,0.0,1367.0,30.06549072265625,100.0,73.35966491699219,1398.0,0.0
2853,0.0,1892.0,22.50438690185547,36.99,75.2123031616211,2181.0,0.0,1367.0,10.5805082321167,100.0,73.39076232910156,1205.0,0.0
2854,0.0,1892.0,22.50438690185547,36.99,75.2123031616211,2181.0,0.0,1367.0,10.5805082321167,100.0,73.39076232910156,1205.0,0.0
2855,0.0,1892.0,22.50438690185547,36.99,75.2123031616211,2181.0,0.0,1367.0,10.5805082321167,100.0,73.39076232910156,1205.0,0.0
2856,0.0,1892.0,22.50438690185547,36.99,75.2123031616211,2181.0,0.0,1367.0,10.5805082321167,100.0,73.39076232910156,1205.0,0.0
2857,0.0,1892.0,22.50438690185547,36.99,75.2123031616211,2181.0,0.0,1367.0,10.5805082321167,100.0,73.39076232910156,1205.0,0.0
2858,0.0,1892.0,23.00745391845703,36.99,76.01016998291016,1881.0,0.0,1367.0,0.0799861922860145,100.0,62.6784782409668,599.0,0.0
2859,0.0,1892.0,23.00745391845703,36.99,76.01016998291016,1881.0,0.0,1367.0,0.0799861922860145,100.0,62.6784782409668,599.0,0.0
2860,0.0,1892.0,23.00745391845703,36.99,76.01016998291016,1881.0,0.0,1367.0,0.0799861922860145,100.0,62.6784782409668,599.0,0.0
2861,0.0,1892.0,23.00745391845703,36.99,76.01016998291016,1881.0,0.0,1367.0,0.0799861922860145,100.0,62.6784782409668,599.0,0.0
2862,0.0,1892.0,23.00745391845703,36.99,76.01016998291016,1881.0,0.0,1367.0,0.0799861922860145,100.0,62.6784782409668,599.0,0.0
2863,0.0,1892.0,22.692161560058594,36.99,74.6231918334961,1694.0,0.0,1367.0,0.0621881298720836,100.0,62.02556228637695,596.0,0.0
2864,0.0,1892.0,22.692161560058594,36.99,74.6231918334961,1694.0,0.0,1367.0,0.0621881298720836,100.0,62.02556228637695,596.0,0.0
2865,0.0,1892.0,22.692161560058594,36.99,74.6231918334961,1694.0,0.0,1367.0,0.0621881298720836,100.0,62.02556228637695,596.0,0.0
2866,0.0,1892.0,22.692161560058594,36.99,74.6231918334961,1694.0,0.0,1367.0,0.0621881298720836,100.0,62.02556228637695,596.0,0.0
2867,0.0,1892.0,22.692161560058594,36.99,74.6231918334961,1694.0,0.0,1367.0,0.0621881298720836,100.0,62.02556228637695,596.0,0.0
2868,0.0,1892.0,22.772216796875,36.99,74.48078918457031,2027.0,0.0,1367.0,0.0880740657448768,100.0,61.50117874145508,614.0,0.0
2869,0.0,1892.0,22.772216796875,36.99,74.48078918457031,2027.0,0.0,1367.0,0.0880740657448768,100.0,61.50117874145508,614.0,0.0
2870,0.0,1892.0,22.772216796875,36.99,74.48078918457031,2027.0,0.0,1367.0,0.0880740657448768,100.0,61.50117874145508,614.0,0.0
2871,0.0,1892.0,22.772216796875,36.99,74.48078918457031,2027.0,0.0,1367.0,0.0880740657448768,100.0,61.50117874145508,614.0,0.0
2872,0.0,1892.0,22.772216796875,36.99,74.48078918457031,2027.0,0.0,1367.0,0.0880740657448768,100.0,61.50117874145508,614.0,0.0
2873,0.0,1892.0,15.673643112182615,36.99,74.6016616821289,1731.0,0.0,1367.0,11.477519035339355,100.0,61.2557373046875,979.0,0.0
2874,0.0,1892.0,15.673643112182615,36.99,74.6016616821289,1731.0,0.0,1367.0,11.477519035339355,100.0,61.2557373046875,979.0,0.0
2875,0.0,1892.0,15.673643112182615,36.99,74.6016616821289,1731.0,0.0,1367.0,11.477519035339355,100.0,61.2557373046875,979.0,0.0
2876,0.0,1892.0,15.673643112182615,36.99,74.6016616821289,1731.0,0.0,1367.0,11.477519035339355,100.0,61.2557373046875,979.0,0.0
2877,0.0,1892.0,15.673643112182615,36.99,74.6016616821289,1731.0,0.0,1367.0,11.477519035339355,100.0,61.2557373046875,979.0,0.0
2878,0.0,1892.0,5.168693542480469,36.99,69.6109848022461,1787.0,0.0,1367.0,29.808395385742188,100.0,70.70210266113281,1398.0,0.0
2879,0.0,1892.0,5.168693542480469,36.99,69.6109848022461,1787.0,0.0,1367.0,29.808395385742188,100.0,70.70210266113281,1398.0,0.0
2880,0.0,1892.0,5.168693542480469,36.99,69.6109848022461,1787.0,0.0,1367.0,29.808395385742188,100.0,70.70210266113281,1398.0,0.0
2881,0.0,1892.0,5.168693542480469,36.99,69.6109848022461,1787.0,0.0,1367.0,29.808395385742188,100.0,70.70210266113281,1398.0,0.0
2882,0.0,1892.0,5.168693542480469,36.99,69.6109848022461,1787.0,0.0,1367.0,29.808395385742188,100.0,70.70210266113281,1398.0,0.0
2883,0.0,1892.0,5.257676601409912,36.99,67.13721466064453,1836.0,0.0,1367.0,29.99652099609375,100.0,72.62015533447266,1398.0,0.0
2884,0.0,1892.0,5.257676601409912,36.99,67.13721466064453,1836.0,0.0,1367.0,29.99652099609375,100.0,72.62015533447266,1398.0,0.0
2885,0.0,1892.0,5.257676601409912,36.99,67.13721466064453,1836.0,0.0,1367.0,29.99652099609375,100.0,72.62015533447266,1398.0,0.0
2886,0.0,1892.0,5.257676601409912,36.99,67.13721466064453,1836.0,0.0,1367.0,29.99652099609375,100.0,72.62015533447266,1398.0,0.0
2887,0.0,1892.0,5.257676601409912,36.99,67.13721466064453,1836.0,0.0,1367.0,29.99652099609375,100.0,72.62015533447266,1398.0,0.0
2888,0.0,1892.0,6.426922798156738,36.99,68.7391357421875,1798.0,0.0,1367.0,29.959636688232425,100.0,72.973876953125,1398.0,0.0
2889,0.0,1892.0,6.426922798156738,36.99,68.7391357421875,1798.0,0.0,1367.0,29.959636688232425,100.0,72.973876953125,1398.0,0.0
2890,0.0,1892.0,6.426922798156738,36.99,68.7391357421875,1798.0,0.0,1367.0,29.959636688232425,100.0,72.973876953125,1398.0,0.0
2891,0.0,1892.0,6.426922798156738,36.99,68.7391357421875,1798.0,0.0,1367.0,29.959636688232425,100.0,72.973876953125,1398.0,0.0
2892,0.0,1892.0,6.426922798156738,36.99,68.7391357421875,1798.0,0.0,1367.0,29.959636688232425,100.0,72.973876953125,1398.0,0.0
2893,0.0,1892.0,5.333508491516113,36.99,68.07630920410156,1262.0,0.0,1367.0,29.850820541381836,100.0,73.25932312011719,1398.0,0.0
2894,0.0,1892.0,5.333508491516113,36.99,68.07630920410156,1262.0,0.0,1367.0,29.850820541381836,100.0,73.25932312011719,1398.0,0.0
2895,0.0,1892.0,5.333508491516113,36.99,68.07630920410156,1262.0,0.0,1367.0,29.850820541381836,100.0,73.25932312011719,1398.0,0.0
2896,0.0,1892.0,5.333508491516113,36.99,68.07630920410156,1262.0,0.0,1367.0,29.850820541381836,100.0,73.25932312011719,1398.0,0.0
2897,0.0,1892.0,5.333508491516113,36.99,68.07630920410156,1262.0,0.0,1367.0,29.850820541381836,100.0,73.25932312011719,1398.0,0.0
2898,0.0,1892.0,16.231246948242188,36.99,68.20771026611328,1888.0,0.0,1367.0,29.14635848999023,100.0,73.29972839355469,1398.0,0.0
2899,0.0,1892.0,16.231246948242188,36.99,68.20771026611328,1888.0,0.0,1367.0,29.14635848999023,100.0,73.29972839355469,1398.0,0.0
2900,0.0,1892.0,16.231246948242188,36.99,68.20771026611328,1888.0,0.0,1367.0,29.14635848999023,100.0,73.29972839355469,1398.0,0.0
2901,0.0,1892.0,16.231246948242188,36.99,68.20771026611328,1888.0,0.0,1367.0,29.14635848999023,100.0,73.29972839355469,1398.0,0.0
2902,0.0,1892.0,16.231246948242188,36.99,68.20771026611328,1888.0,0.0,1367.0,29.14635848999023,100.0,73.29972839355469,1398.0,0.0
2903,0.0,1892.0,23.155723571777344,36.99,74.83661651611328,1495.0,0.0,1367.0,0.0278545878827571,100.0,73.97315979003906,222.0,0.0
2904,0.0,1892.0,23.155723571777344,36.99,74.83661651611328,1495.0,0.0,1367.0,0.0278545878827571,100.0,73.97315979003906,222.0,0.0
2905,0.0,1892.0,23.155723571777344,36.99,74.83661651611328,1495.0,0.0,1367.0,0.0278545878827571,100.0,73.97315979003906,222.0,0.0
2906,0.0,1892.0,23.155723571777344,36.99,74.83661651611328,1495.0,0.0,1367.0,0.0278545878827571,100.0,73.97315979003906,222.0,0.0
2907,0.0,1892.0,23.155723571777344,36.99,74.83661651611328,1495.0,0.0,1367.0,0.0278545878827571,100.0,73.97315979003906,222.0,0.0
2908,0.0,1892.0,23.155723571777344,36.99,74.83661651611328,1495.0,0.0,1367.0,0.0278545878827571,100.0,73.97315979003906,222.0,0.0
2909,0.0,1892.0,22.668800354003903,36.99,74.97857666015625,1275.0,0.0,1367.0,0.0,100.0,62.49919891357422,0.0,0.0
2910,0.0,1892.0,22.668800354003903,36.99,74.97857666015625,1275.0,0.0,1367.0,0.0,100.0,62.49919891357422,0.0,0.0
2911,0.0,1892.0,22.668800354003903,36.99,74.97857666015625,1275.0,0.0,1367.0,0.0,100.0,62.49919891357422,0.0,0.0
2912,0.0,1892.0,22.668800354003903,36.99,74.97857666015625,1275.0,0.0,1367.0,0.0,100.0,62.49919891357422,0.0,0.0
2913,0.0,1892.0,22.668800354003903,36.99,74.97857666015625,1275.0,0.0,1367.0,0.0,100.0,62.49919891357422,0.0,0.0
2914,0.0,1892.0,22.745033264160156,36.99,74.63224029541016,1137.0,0.0,1367.0,0.0,100.0,5.8734002113342285,0.0,0.0
2915,0.0,1892.0,22.745033264160156,36.99,74.63224029541016,1137.0,0.0,1367.0,0.0,100.0,5.8734002113342285,0.0,0.0
2916,0.0,1892.0,22.745033264160156,36.99,74.63224029541016,1137.0,0.0,1367.0,0.0,100.0,5.8734002113342285,0.0,0.0
2917,0.0,1892.0,22.745033264160156,36.99,74.63224029541016,1137.0,0.0,1367.0,0.0,100.0,5.8734002113342285,0.0,0.0
2918,0.0,1892.0,22.745033264160156,36.99,74.63224029541016,1137.0,0.0,1367.0,0.0,100.0,5.8734002113342285,0.0,0.0
2919,0.0,1892.0,22.686626434326172,36.99,73.24070739746094,1576.0,0.0,1367.0,0.0279786270111799,100.0,5.8734002113342285,222.0,0.0
2920,0.0,1892.0,22.686626434326172,36.99,73.24070739746094,1576.0,0.0,1367.0,0.0279786270111799,100.0,5.8734002113342285,222.0,0.0
2921,0.0,1892.0,22.686626434326172,36.99,73.24070739746094,1576.0,0.0,1367.0,0.0279786270111799,100.0,5.8734002113342285,222.0,0.0
2922,0.0,1892.0,22.686626434326172,36.99,73.24070739746094,1576.0,0.0,1367.0,0.0279786270111799,100.0,5.8734002113342285,222.0,0.0
2923,0.0,1892.0,22.686626434326172,36.99,73.24070739746094,1576.0,0.0,1367.0,0.0279786270111799,100.0,5.8734002113342285,222.0,0.0
2924,0.0,1892.0,8.741378784179688,36.99,69.73583984375,1580.0,0.0,1367.0,22.762714385986328,100.0,60.95954513549805,1260.0,0.0
2925,0.0,1892.0,8.741378784179688,36.99,69.73583984375,1580.0,0.0,1367.0,22.762714385986328,100.0,60.95954513549805,1260.0,0.0
2926,0.0,1892.0,8.741378784179688,36.99,69.73583984375,1580.0,0.0,1367.0,22.762714385986328,100.0,60.95954513549805,1260.0,0.0
2927,0.0,1892.0,8.741378784179688,36.99,69.73583984375,1580.0,0.0,1367.0,22.762714385986328,100.0,60.95954513549805,1260.0,0.0
2928,0.0,1892.0,8.741378784179688,36.99,69.73583984375,1580.0,0.0,1367.0,22.762714385986328,100.0,60.95954513549805,1260.0,0.0
2929,0.0,1892.0,5.048916816711426,36.99,66.95960235595703,1353.0,0.0,1367.0,29.808074951171875,100.0,72.42406463623047,1398.0,0.0
2930,0.0,1892.0,5.048916816711426,36.99,66.95960235595703,1353.0,0.0,1367.0,29.808074951171875,100.0,72.42406463623047,1398.0,0.0
2931,0.0,1892.0,5.048916816711426,36.99,66.95960235595703,1353.0,0.0,1367.0,29.808074951171875,100.0,72.42406463623047,1398.0,0.0
2932,0.0,1892.0,5.048916816711426,36.99,66.95960235595703,1353.0,0.0,1367.0,29.808074951171875,100.0,72.42406463623047,1398.0,0.0
2933,0.0,1892.0,5.048916816711426,36.99,66.95960235595703,1353.0,0.0,1367.0,29.808074951171875,100.0,72.42406463623047,1398.0,0.0
2934,0.0,1892.0,5.430797576904297,36.99,66.91339111328125,1267.0,0.0,1367.0,29.841167449951172,100.0,72.86151123046875,1398.0,0.0
2935,0.0,1892.0,5.430797576904297,36.99,66.91339111328125,1267.0,0.0,1367.0,29.841167449951172,100.0,72.86151123046875,1398.0,0.0
2936,0.0,1892.0,5.430797576904297,36.99,66.91339111328125,1267.0,0.0,1367.0,29.841167449951172,100.0,72.86151123046875,1398.0,0.0
2937,0.0,1892.0,5.430797576904297,36.99,66.91339111328125,1267.0,0.0,1367.0,29.841167449951172,100.0,72.86151123046875,1398.0,0.0
2938,0.0,1892.0,5.430797576904297,36.99,66.91339111328125,1267.0,0.0,1367.0,29.841167449951172,100.0,72.86151123046875,1398.0,0.0
2939,0.0,1892.0,6.061715126037598,36.99,68.12152862548828,1557.0,0.0,1367.0,29.820337295532227,100.0,73.1325912475586,1398.0,0.0
2940,0.0,1892.0,6.061715126037598,36.99,68.12152862548828,1557.0,0.0,1367.0,29.820337295532227,100.0,73.1325912475586,1398.0,0.0
2941,0.0,1892.0,6.061715126037598,36.99,68.12152862548828,1557.0,0.0,1367.0,29.820337295532227,100.0,73.1325912475586,1398.0,0.0
2942,0.0,1892.0,6.061715126037598,36.99,68.12152862548828,1557.0,0.0,1367.0,29.820337295532227,100.0,73.1325912475586,1398.0,0.0
2943,0.0,1892.0,6.061715126037598,36.99,68.12152862548828,1557.0,0.0,1367.0,29.820337295532227,100.0,73.1325912475586,1398.0,0.0
2944,0.0,1892.0,5.69630241394043,36.99,67.51497650146484,1533.0,0.0,1367.0,29.90025520324707,100.0,73.11798095703125,1398.0,0.0
2945,0.0,1892.0,5.69630241394043,36.99,67.51497650146484,1533.0,0.0,1367.0,29.90025520324707,100.0,73.11798095703125,1398.0,0.0
2946,0.0,1892.0,5.69630241394043,36.99,67.51497650146484,1533.0,0.0,1367.0,29.90025520324707,100.0,73.11798095703125,1398.0,0.0
2947,0.0,1892.0,5.69630241394043,36.99,67.51497650146484,1533.0,0.0,1367.0,29.90025520324707,100.0,73.11798095703125,1398.0,0.0
2948,0.0,1892.0,5.69630241394043,36.99,67.51497650146484,1533.0,0.0,1367.0,29.90025520324707,100.0,73.11798095703125,1398.0,0.0
2949,0.0,1892.0,22.719335556030273,36.99,74.63678741455078,1516.0,0.0,1367.0,16.76409912109375,100.0,73.61103820800781,1040.0,0.0
2950,0.0,1892.0,22.719335556030273,36.99,74.63678741455078,1516.0,0.0,1367.0,16.76409912109375,100.0,73.61103820800781,1040.0,0.0
2951,0.0,1892.0,22.719335556030273,36.99,74.63678741455078,1516.0,0.0,1367.0,16.76409912109375,100.0,73.61103820800781,1040.0,0.0
2952,0.0,1892.0,22.719335556030273,36.99,74.63678741455078,1516.0,0.0,1367.0,16.76409912109375,100.0,73.61103820800781,1040.0,0.0
2953,0.0,1892.0,22.719335556030273,36.99,74.63678741455078,1516.0,0.0,1367.0,16.76409912109375,100.0,73.61103820800781,1040.0,0.0
2954,0.0,1892.0,23.0634822845459,36.99,75.5011978149414,1725.0,0.0,1367.0,0.0670049488544464,100.0,62.26009368896485,469.0,0.0
2955,0.0,1892.0,23.0634822845459,36.99,75.5011978149414,1725.0,0.0,1367.0,0.0670049488544464,100.0,62.26009368896485,469.0,0.0
2956,0.0,1892.0,23.0634822845459,36.99,75.5011978149414,1725.0,0.0,1367.0,0.0670049488544464,100.0,62.26009368896485,469.0,0.0
2957,0.0,1892.0,23.0634822845459,36.99,75.5011978149414,1725.0,0.0,1367.0,0.0670049488544464,100.0,62.26009368896485,469.0,0.0
2958,0.0,1892.0,23.0634822845459,36.99,75.5011978149414,1725.0,0.0,1367.0,0.0670049488544464,100.0,62.26009368896485,469.0,0.0
2959,0.0,1892.0,23.0634822845459,36.99,75.5011978149414,1725.0,0.0,1367.0,0.0670049488544464,100.0,62.26009368896485,469.0,0.0
2960,0.0,1892.0,22.749996185302734,36.99,74.11997985839844,1486.0,0.0,1367.0,0.0651278421282768,100.0,61.949745178222656,501.0,0.0
2961,0.0,1892.0,22.749996185302734,36.99,74.11997985839844,1486.0,0.0,1367.0,0.0651278421282768,100.0,61.949745178222656,501.0,0.0
2962,0.0,1892.0,22.749996185302734,36.99,74.11997985839844,1486.0,0.0,1367.0,0.0651278421282768,100.0,61.949745178222656,501.0,0.0
2963,0.0,1892.0,22.749996185302734,36.99,74.11997985839844,1486.0,0.0,1367.0,0.0651278421282768,100.0,61.949745178222656,501.0,0.0
2964,0.0,1892.0,22.749996185302734,36.99,74.11997985839844,1486.0,0.0,1367.0,0.0651278421282768,100.0,61.949745178222656,501.0,0.0
2965,0.0,1892.0,22.686634063720703,36.99,73.6296157836914,1275.0,0.0,1367.0,0.0213601626455783,100.0,61.4256591796875,222.0,0.0
2966,0.0,1892.0,22.686634063720703,36.99,73.6296157836914,1275.0,0.0,1367.0,0.0213601626455783,100.0,61.4256591796875,222.0,0.0
2967,0.0,1892.0,22.686634063720703,36.99,73.6296157836914,1275.0,0.0,1367.0,0.0213601626455783,100.0,61.4256591796875,222.0,0.0
2968,0.0,1892.0,22.686634063720703,36.99,73.6296157836914,1275.0,0.0,1367.0,0.0213601626455783,100.0,61.4256591796875,222.0,0.0
2969,0.0,1892.0,22.686634063720703,36.99,73.6296157836914,1275.0,0.0,1367.0,0.0213601626455783,100.0,61.4256591796875,222.0,0.0
2970,0.0,1892.0,19.105758666992188,36.99,74.10942840576172,1546.0,0.0,1367.0,5.676547050476074,100.0,60.945037841796875,514.0,0.0
2971,0.0,1892.0,19.105758666992188,36.99,74.10942840576172,1546.0,0.0,1367.0,5.676547050476074,100.0,60.945037841796875,514.0,0.0
2972,0.0,1892.0,19.105758666992188,36.99,74.10942840576172,1546.0,0.0,1367.0,5.676547050476074,100.0,60.945037841796875,514.0,0.0
2973,0.0,1892.0,19.105758666992188,36.99,74.10942840576172,1546.0,0.0,1367.0,5.676547050476074,100.0,60.945037841796875,514.0,0.0
2974,0.0,1892.0,19.105758666992188,36.99,74.10942840576172,1546.0,0.0,1367.0,5.676547050476074,100.0,60.945037841796875,514.0,0.0
2975,0.0,1892.0,5.127126693725586,36.99,68.98797607421875,1569.0,0.0,1367.0,29.96454620361328,100.0,70.63312530517578,1398.0,0.0
2976,0.0,1892.0,5.127126693725586,36.99,68.98797607421875,1569.0,0.0,1367.0,29.96454620361328,100.0,70.63312530517578,1398.0,0.0
2977,0.0,1892.0,5.127126693725586,36.99,68.98797607421875,1569.0,0.0,1367.0,29.96454620361328,100.0,70.63312530517578,1398.0,0.0
2978,0.0,1892.0,5.127126693725586,36.99,68.98797607421875,1569.0,0.0,1367.0,29.96454620361328,100.0,70.63312530517578,1398.0,0.0
2979,0.0,1892.0,5.127126693725586,36.99,68.98797607421875,1569.0,0.0,1367.0,29.96454620361328,100.0,70.63312530517578,1398.0,0.0
2980,0.0,1892.0,5.155510425567627,36.99,66.97200775146484,1357.0,0.0,1367.0,29.821325302124023,100.0,72.30540466308594,1398.0,0.0
2981,0.0,1892.0,5.155510425567627,36.99,66.97200775146484,1357.0,0.0,1367.0,29.821325302124023,100.0,72.30540466308594,1398.0,0.0
2982,0.0,1892.0,5.155510425567627,36.99,66.97200775146484,1357.0,0.0,1367.0,29.821325302124023,100.0,72.30540466308594,1398.0,0.0
2983,0.0,1892.0,5.155510425567627,36.99,66.97200775146484,1357.0,0.0,1367.0,29.821325302124023,100.0,72.30540466308594,1398.0,0.0
2984,0.0,1892.0,5.155510425567627,36.99,66.97200775146484,1357.0,0.0,1367.0,29.821325302124023,100.0,72.30540466308594,1398.0,0.0
2985,0.0,1892.0,6.885456085205078,36.99,67.42772674560547,2063.0,0.0,1367.0,29.930570602416992,100.0,72.62532043457031,1398.0,0.0
2986,0.0,1892.0,6.885456085205078,36.99,67.42772674560547,2063.0,0.0,1367.0,29.930570602416992,100.0,72.62532043457031,1398.0,0.0
2987,0.0,1892.0,6.885456085205078,36.99,67.42772674560547,2063.0,0.0,1367.0,29.930570602416992,100.0,72.62532043457031,1398.0,0.0
2988,0.0,1892.0,6.885456085205078,36.99,67.42772674560547,2063.0,0.0,1367.0,29.930570602416992,100.0,72.62532043457031,1398.0,0.0
2989,0.0,1892.0,6.885456085205078,36.99,67.42772674560547,2063.0,0.0,1367.0,29.930570602416992,100.0,72.62532043457031,1398.0,0.0
2990,0.0,1892.0,5.554323196411133,36.99,69.29989624023438,1613.0,0.0,1367.0,29.98546600341797,100.0,73.14854431152344,1398.0,0.0
2991,0.0,1892.0,5.554323196411133,36.99,69.29989624023438,1613.0,0.0,1367.0,29.98546600341797,100.0,73.14854431152344,1398.0,0.0
2992,0.0,1892.0,5.554323196411133,36.99,69.29989624023438,1613.0,0.0,1367.0,29.98546600341797,100.0,73.14854431152344,1398.0,0.0
2993,0.0,1892.0,5.554323196411133,36.99,69.29989624023438,1613.0,0.0,1367.0,29.98546600341797,100.0,73.14854431152344,1398.0,0.0
2994,0.0,1892.0,5.554323196411133,36.99,69.29989624023438,1613.0,0.0,1367.0,29.98546600341797,100.0,73.14854431152344,1398.0,0.0
2995,0.0,1892.0,13.081214904785156,36.99,68.30256652832031,1759.0,0.0,1367.0,29.672283172607425,100.0,73.21678161621094,1398.0,0.0
2996,0.0,1892.0,13.081214904785156,36.99,68.30256652832031,1759.0,0.0,1367.0,29.672283172607425,100.0,73.21678161621094,1398.0,0.0
2997,0.0,1892.0,13.081214904785156,36.99,68.30256652832031,1759.0,0.0,1367.0,29.672283172607425,100.0,73.21678161621094,1398.0,0.0
2998,0.0,1892.0,13.081214904785156,36.99,68.30256652832031,1759.0,0.0,1367.0,29.672283172607425,100.0,73.21678161621094,1398.0,0.0
2999,0.0,1892.0,13.081214904785156,36.99,68.30256652832031,1759.0,0.0,1367.0,29.672283172607425,100.0,73.21678161621094,1398.0,0.0
3000,0.0,1892.0,23.090068817138672,36.99,75.23712158203125,1738.0,0.0,1367.0,5.346725940704346,100.0,73.62255096435547,756.0,0.0
3001,0.0,1892.0,23.090068817138672,36.99,75.23712158203125,1738.0,0.0,1367.0,5.346725940704346,100.0,73.62255096435547,756.0,0.0
3002,0.0,1892.0,23.090068817138672,36.99,75.23712158203125,1738.0,0.0,1367.0,5.346725940704346,100.0,73.62255096435547,756.0,0.0
3003,0.0,1892.0,23.090068817138672,36.99,75.23712158203125,1738.0,0.0,1367.0,5.346725940704346,100.0,73.62255096435547,756.0,0.0
3004,0.0,1892.0,23.090068817138672,36.99,75.23712158203125,1738.0,0.0,1367.0,5.346725940704346,100.0,73.62255096435547,756.0,0.0
3005,0.0,1892.0,22.73614501953125,36.99,74.998046875,2006.0,0.0,1367.0,0.1159517467021942,100.0,62.445335388183594,482.0,0.0
3006,0.0,1892.0,22.73614501953125,36.99,74.998046875,2006.0,0.0,1367.0,0.1159517467021942,100.0,62.445335388183594,482.0,0.0
3007,0.0,1892.0,22.73614501953125,36.99,74.998046875,2006.0,0.0,1367.0,0.1159517467021942,100.0,62.445335388183594,482.0,0.0
3008,0.0,1892.0,22.73614501953125,36.99,74.998046875,2006.0,0.0,1367.0,0.1159517467021942,100.0,62.445335388183594,482.0,0.0
3009,0.0,1892.0,22.73614501953125,36.99,74.998046875,2006.0,0.0,1367.0,0.1159517467021942,100.0,62.445335388183594,482.0,0.0
3010,0.0,1892.0,22.745603561401367,36.99,75.19253540039062,1755.0,0.0,1367.0,0.0787248462438583,100.0,61.93986892700195,549.0,0.0
3011,0.0,1892.0,22.745603561401367,36.99,75.19253540039062,1755.0,0.0,1367.0,0.0787248462438583,100.0,61.93986892700195,549.0,0.0
3012,0.0,1892.0,22.745603561401367,36.99,75.19253540039062,1755.0,0.0,1367.0,0.0787248462438583,100.0,61.93986892700195,549.0,0.0
3013,0.0,1892.0,22.745603561401367,36.99,75.19253540039062,1755.0,0.0,1367.0,0.0787248462438583,100.0,61.93986892700195,549.0,0.0
3014,0.0,1892.0,22.745603561401367,36.99,75.19253540039062,1755.0,0.0,1367.0,0.0787248462438583,100.0,61.93986892700195,549.0,0.0
3015,0.0,1892.0,22.547584533691406,36.99,73.93392181396484,1830.0,0.0,1367.0,0.1237955093383789,100.0,61.382423400878906,595.0,0.0
3016,0.0,1892.0,22.547584533691406,36.99,73.93392181396484,1830.0,0.0,1367.0,0.1237955093383789,100.0,61.382423400878906,595.0,0.0
3017,0.0,1892.0,22.547584533691406,36.99,73.93392181396484,1830.0,0.0,1367.0,0.1237955093383789,100.0,61.382423400878906,595.0,0.0
3018,0.0,1892.0,22.547584533691406,36.99,73.93392181396484,1830.0,0.0,1367.0,0.1237955093383789,100.0,61.382423400878906,595.0,0.0
3019,0.0,1892.0,22.547584533691406,36.99,73.93392181396484,1830.0,0.0,1367.0,0.1237955093383789,100.0,61.382423400878906,595.0,0.0
3020,0.0,1892.0,22.547584533691406,36.99,73.93392181396484,1830.0,0.0,1367.0,0.1237955093383789,100.0,61.382423400878906,595.0,0.0
3021,0.0,1892.0,12.338496208190918,36.99,73.96148681640625,1949.0,0.0,1367.0,16.92571258544922,100.0,60.99603271484375,1128.0,0.0
3022,0.0,1892.0,12.338496208190918,36.99,73.96148681640625,1949.0,0.0,1367.0,16.92571258544922,100.0,60.99603271484375,1128.0,0.0
3023,0.0,1892.0,12.338496208190918,36.99,73.96148681640625,1949.0,0.0,1367.0,16.92571258544922,100.0,60.99603271484375,1128.0,0.0
3024,0.0,1892.0,12.338496208190918,36.99,73.96148681640625,1949.0,0.0,1367.0,16.92571258544922,100.0,60.99603271484375,1128.0,0.0
3025,0.0,1892.0,12.338496208190918,36.99,73.96148681640625,1949.0,0.0,1367.0,16.92571258544922,100.0,60.99603271484375,1128.0,0.0
3026,0.0,1892.0,5.012018203735352,36.99,70.5125961303711,1248.0,0.0,1367.0,29.79229736328125,100.0,70.28771209716797,1398.0,0.0
3027,0.0,1892.0,5.012018203735352,36.99,70.5125961303711,1248.0,0.0,1367.0,29.79229736328125,100.0,70.28771209716797,1398.0,0.0
3028,0.0,1892.0,5.012018203735352,36.99,70.5125961303711,1248.0,0.0,1367.0,29.79229736328125,100.0,70.28771209716797,1398.0,0.0
3029,0.0,1892.0,5.012018203735352,36.99,70.5125961303711,1248.0,0.0,1367.0,29.79229736328125,100.0,70.28771209716797,1398.0,0.0
3030,0.0,1892.0,5.012018203735352,36.99,70.5125961303711,1248.0,0.0,1367.0,29.79229736328125,100.0,70.28771209716797,1398.0,0.0
3031,0.0,1892.0,5.3815598487854,36.99,66.85905456542969,1848.0,0.0,1367.0,29.878639221191406,100.0,72.41184997558594,1398.0,0.0
3032,0.0,1892.0,5.3815598487854,36.99,66.85905456542969,1848.0,0.0,1367.0,29.878639221191406,100.0,72.41184997558594,1398.0,0.0
3033,0.0,1892.0,5.3815598487854,36.99,66.85905456542969,1848.0,0.0,1367.0,29.878639221191406,100.0,72.41184997558594,1398.0,0.0
3034,0.0,1892.0,5.3815598487854,36.99,66.85905456542969,1848.0,0.0,1367.0,29.878639221191406,100.0,72.41184997558594,1398.0,0.0
3035,0.0,1892.0,5.3815598487854,36.99,66.85905456542969,1848.0,0.0,1367.0,29.878639221191406,100.0,72.41184997558594,1398.0,0.0
3036,0.0,1892.0,5.736104488372803,36.99,67.12584686279297,1375.0,0.0,1367.0,29.933408737182617,100.0,72.837890625,1398.0,0.0
3037,0.0,1892.0,5.736104488372803,36.99,67.12584686279297,1375.0,0.0,1367.0,29.933408737182617,100.0,72.837890625,1398.0,0.0
3038,0.0,1892.0,5.736104488372803,36.99,67.12584686279297,1375.0,0.0,1367.0,29.933408737182617,100.0,72.837890625,1398.0,0.0
3039,0.0,1892.0,5.736104488372803,36.99,67.12584686279297,1375.0,0.0,1367.0,29.933408737182617,100.0,72.837890625,1398.0,0.0
3040,0.0,1892.0,5.736104488372803,36.99,67.12584686279297,1375.0,0.0,1367.0,29.933408737182617,100.0,72.837890625,1398.0,0.0
3041,0.0,1892.0,5.9816741943359375,36.99,67.87896728515625,1361.0,0.0,1367.0,29.993209838867188,100.0,73.20143127441406,1398.0,0.0
3042,0.0,1892.0,5.9816741943359375,36.99,67.87896728515625,1361.0,0.0,1367.0,29.993209838867188,100.0,73.20143127441406,1398.0,0.0
3043,0.0,1892.0,5.9816741943359375,36.99,67.87896728515625,1361.0,0.0,1367.0,29.993209838867188,100.0,73.20143127441406,1398.0,0.0
3044,0.0,1892.0,5.9816741943359375,36.99,67.87896728515625,1361.0,0.0,1367.0,29.993209838867188,100.0,73.20143127441406,1398.0,0.0
3045,0.0,1892.0,5.9816741943359375,36.99,67.87896728515625,1361.0,0.0,1367.0,29.993209838867188,100.0,73.20143127441406,1398.0,0.0
3046,0.0,1892.0,18.949161529541016,36.99,75.21651458740234,1894.0,0.0,1367.0,23.553369522094727,100.0,73.2037124633789,1335.0,0.0
3047,0.0,1892.0,18.949161529541016,36.99,75.21651458740234,1894.0,0.0,1367.0,23.553369522094727,100.0,73.2037124633789,1335.0,0.0
3048,0.0,1892.0,18.949161529541016,36.99,75.21651458740234,1894.0,0.0,1367.0,23.553369522094727,100.0,73.2037124633789,1335.0,0.0
3049,0.0,1892.0,18.949161529541016,36.99,75.21651458740234,1894.0,0.0,1367.0,23.553369522094727,100.0,73.2037124633789,1335.0,0.0
3050,0.0,1892.0,18.949161529541016,36.99,75.21651458740234,1894.0,0.0,1367.0,23.553369522094727,100.0,73.2037124633789,1335.0,0.0
3051,0.0,1892.0,22.50126838684082,36.99,75.1063003540039,1797.0,0.0,1367.0,0.1385535299777984,100.0,62.38256072998047,508.0,0.0
3052,0.0,1892.0,22.50126838684082,36.99,75.1063003540039,1797.0,0.0,1367.0,0.1385535299777984,100.0,62.38256072998047,508.0,0.0
3053,0.0,1892.0,22.50126838684082,36.99,75.1063003540039,1797.0,0.0,1367.0,0.1385535299777984,100.0,62.38256072998047,508.0,0.0
3054,0.0,1892.0,22.50126838684082,36.99,75.1063003540039,1797.0,0.0,1367.0,0.1385535299777984,100.0,62.38256072998047,508.0,0.0
3055,0.0,1892.0,22.50126838684082,36.99,75.1063003540039,1797.0,0.0,1367.0,0.1385535299777984,100.0,62.38256072998047,508.0,0.0
3056,0.0,1892.0,22.73635482788086,36.99,74.8306884765625,1958.0,0.0,1367.0,0.2698670327663421,100.0,61.8714599609375,508.0,0.0
3057,0.0,1892.0,22.73635482788086,36.99,74.8306884765625,1958.0,0.0,1367.0,0.2698670327663421,100.0,61.8714599609375,508.0,0.0
3058,0.0,1892.0,22.73635482788086,36.99,74.8306884765625,1958.0,0.0,1367.0,0.2698670327663421,100.0,61.8714599609375,508.0,0.0
3059,0.0,1892.0,22.73635482788086,36.99,74.8306884765625,1958.0,0.0,1367.0,0.2698670327663421,100.0,61.8714599609375,508.0,0.0
3060,0.0,1892.0,22.73635482788086,36.99,74.8306884765625,1958.0,0.0,1367.0,0.2698670327663421,100.0,61.8714599609375,508.0,0.0
3061,0.0,1892.0,22.94112777709961,36.99,74.32950592041016,1969.0,0.0,1367.0,0.0880671590566635,100.0,61.60578536987305,493.0,0.0
3062,0.0,1892.0,22.94112777709961,36.99,74.32950592041016,1969.0,0.0,1367.0,0.0880671590566635,100.0,61.60578536987305,493.0,0.0
3063,0.0,1892.0,22.94112777709961,36.99,74.32950592041016,1969.0,0.0,1367.0,0.0880671590566635,100.0,61.60578536987305,493.0,0.0
3064,0.0,1892.0,22.94112777709961,36.99,74.32950592041016,1969.0,0.0,1367.0,0.0880671590566635,100.0,61.60578536987305,493.0,0.0
3065,0.0,1892.0,22.94112777709961,36.99,74.32950592041016,1969.0,0.0,1367.0,0.0880671590566635,100.0,61.60578536987305,493.0,0.0
3066,0.0,1892.0,22.740503311157227,36.99,74.25782775878906,1483.0,0.0,1367.0,0.0,100.0,5.8734002113342285,0.0,0.0
3067,0.0,1892.0,22.740503311157227,36.99,74.25782775878906,1483.0,0.0,1367.0,0.0,100.0,5.8734002113342285,0.0,0.0
3068,0.0,1892.0,22.740503311157227,36.99,74.25782775878906,1483.0,0.0,1367.0,0.0,100.0,5.8734002113342285,0.0,0.0
3069,0.0,1892.0,22.740503311157227,36.99,74.25782775878906,1483.0,0.0,1367.0,0.0,100.0,5.8734002113342285,0.0,0.0
3070,0.0,1892.0,22.740503311157227,36.99,74.25782775878906,1483.0,0.0,1367.0,0.0,100.0,5.8734002113342285,0.0,0.0
3071,0.0,1892.0,22.740503311157227,36.99,74.25782775878906,1483.0,0.0,1367.0,0.0,100.0,5.8734002113342285,0.0,0.0
3072,0.0,1892.0,5.35340690612793,36.99,69.5562515258789,1985.0,0.0,1367.0,28.590715408325195,100.0,70.48409271240234,1377.0,0.0
3073,0.0,1892.0,5.35340690612793,36.99,69.5562515258789,1985.0,0.0,1367.0,28.590715408325195,100.0,70.48409271240234,1377.0,0.0
3074,0.0,1892.0,5.35340690612793,36.99,69.5562515258789,1985.0,0.0,1367.0,28.590715408325195,100.0,70.48409271240234,1377.0,0.0
3075,0.0,1892.0,5.35340690612793,36.99,69.5562515258789,1985.0,0.0,1367.0,28.590715408325195,100.0,70.48409271240234,1377.0,0.0
3076,0.0,1892.0,5.35340690612793,36.99,69.5562515258789,1985.0,0.0,1367.0,28.590715408325195,100.0,70.48409271240234,1377.0,0.0
3077,0.0,1892.0,6.086833477020264,36.99,67.18696594238281,1897.0,0.0,1367.0,29.9278564453125,100.0,72.41609954833984,1398.0,0.0
3078,0.0,1892.0,6.086833477020264,36.99,67.18696594238281,1897.0,0.0,1367.0,29.9278564453125,100.0,72.41609954833984,1398.0,0.0
3079,0.0,1892.0,6.086833477020264,36.99,67.18696594238281,1897.0,0.0,1367.0,29.9278564453125,100.0,72.41609954833984,1398.0,0.0
3080,0.0,1892.0,6.086833477020264,36.99,67.18696594238281,1897.0,0.0,1367.0,29.9278564453125,100.0,72.41609954833984,1398.0,0.0
3081,0.0,1892.0,6.086833477020264,36.99,67.18696594238281,1897.0,0.0,1367.0,29.9278564453125,100.0,72.41609954833984,1398.0,0.0
3082,0.0,1892.0,4.952907562255859,36.99,67.26589965820312,1229.0,0.0,1367.0,29.976552963256836,100.0,72.82243347167969,1398.0,0.0
3083,0.0,1892.0,4.952907562255859,36.99,67.26589965820312,1229.0,0.0,1367.0,29.976552963256836,100.0,72.82243347167969,1398.0,0.0
3084,0.0,1892.0,4.952907562255859,36.99,67.26589965820312,1229.0,0.0,1367.0,29.976552963256836,100.0,72.82243347167969,1398.0,0.0
3085,0.0,1892.0,4.952907562255859,36.99,67.26589965820312,1229.0,0.0,1367.0,29.976552963256836,100.0,72.82243347167969,1398.0,0.0
3086,0.0,1892.0,4.952907562255859,36.99,67.26589965820312,1229.0,0.0,1367.0,29.976552963256836,100.0,72.82243347167969,1398.0,0.0
3087,0.0,1892.0,6.255213260650635,36.99,68.6850814819336,1468.0,0.0,1367.0,29.87294006347656,100.0,72.95882415771484,1398.0,0.0
3088,0.0,1892.0,6.255213260650635,36.99,68.6850814819336,1468.0,0.0,1367.0,29.87294006347656,100.0,72.95882415771484,1398.0,0.0
3089,0.0,1892.0,6.255213260650635,36.99,68.6850814819336,1468.0,0.0,1367.0,29.87294006347656,100.0,72.95882415771484,1398.0,0.0
3090,0.0,1892.0,6.255213260650635,36.99,68.6850814819336,1468.0,0.0,1367.0,29.87294006347656,100.0,72.95882415771484,1398.0,0.0
3091,0.0,1892.0,6.255213260650635,36.99,68.6850814819336,1468.0,0.0,1367.0,29.87294006347656,100.0,72.95882415771484,1398.0,0.0
3092,0.0,1892.0,8.560513496398926,36.99,67.62067413330078,1181.0,0.0,1367.0,29.854324340820312,100.0,73.12611389160156,1398.0,0.0
3093,0.0,1892.0,8.560513496398926,36.99,67.62067413330078,1181.0,0.0,1367.0,29.854324340820312,100.0,73.12611389160156,1398.0,0.0
3094,0.0,1892.0,8.560513496398926,36.99,67.62067413330078,1181.0,0.0,1367.0,29.854324340820312,100.0,73.12611389160156,1398.0,0.0
3095,0.0,1892.0,8.560513496398926,36.99,67.62067413330078,1181.0,0.0,1367.0,29.854324340820312,100.0,73.12611389160156,1398.0,0.0
3096,0.0,1892.0,8.560513496398926,36.99,67.62067413330078,1181.0,0.0,1367.0,29.854324340820312,100.0,73.12611389160156,1398.0,0.0
3097,0.0,1892.0,23.062068939208984,36.99,75.37068176269531,1435.0,0.0,1367.0,11.720722198486328,100.0,73.75715637207031,809.0,0.0
3098,0.0,1892.0,23.062068939208984,36.99,75.37068176269531,1435.0,0.0,1367.0,11.720722198486328,100.0,73.75715637207031,809.0,0.0
3099,0.0,1892.0,23.062068939208984,36.99,75.37068176269531,1435.0,0.0,1367.0,11.720722198486328,100.0,73.75715637207031,809.0,0.0
3100,0.0,1892.0,23.062068939208984,36.99,75.37068176269531,1435.0,0.0,1367.0,11.720722198486328,100.0,73.75715637207031,809.0,0.0
3101,0.0,1892.0,23.062068939208984,36.99,75.37068176269531,1435.0,0.0,1367.0,11.720722198486328,100.0,73.75715637207031,809.0,0.0
3102,0.0,1892.0,22.99599838256836,36.99,74.9842529296875,2017.0,0.0,1367.0,0.04905491694808,100.0,62.37519454956055,483.0,0.0
3103,0.0,1892.0,22.99599838256836,36.99,74.9842529296875,2017.0,0.0,1367.0,0.04905491694808,100.0,62.37519454956055,483.0,0.0
3104,0.0,1892.0,22.99599838256836,36.99,74.9842529296875,2017.0,0.0,1367.0,0.04905491694808,100.0,62.37519454956055,483.0,0.0
3105,0.0,1892.0,22.99599838256836,36.99,74.9842529296875,2017.0,0.0,1367.0,0.04905491694808,100.0,62.37519454956055,483.0,0.0
3106,0.0,1892.0,22.99599838256836,36.99,74.9842529296875,2017.0,0.0,1367.0,0.04905491694808,100.0,62.37519454956055,483.0,0.0
3107,0.0,1892.0,22.840679168701172,36.99,74.11019134521484,1887.0,0.0,1367.0,0.0806332677602768,100.0,61.86730194091797,586.0,0.0
3108,0.0,1892.0,22.840679168701172,36.99,74.11019134521484,1887.0,0.0,1367.0,0.0806332677602768,100.0,61.86730194091797,586.0,0.0
3109,0.0,1892.0,22.840679168701172,36.99,74.11019134521484,1887.0,0.0,1367.0,0.0806332677602768,100.0,61.86730194091797,586.0,0.0
3110,0.0,1892.0,22.840679168701172,36.99,74.11019134521484,1887.0,0.0,1367.0,0.0806332677602768,100.0,61.86730194091797,586.0,0.0
3111,0.0,1892.0,22.840679168701172,36.99,74.11019134521484,1887.0,0.0,1367.0,0.0806332677602768,100.0,61.86730194091797,586.0,0.0
3112,0.0,1892.0,22.872833251953125,36.99,74.11129760742188,1698.0,0.0,1367.0,0.0843528658151626,100.0,61.5849723815918,481.0,0.0
3113,0.0,1892.0,22.872833251953125,36.99,74.11129760742188,1698.0,0.0,1367.0,0.0843528658151626,100.0,61.5849723815918,481.0,0.0
3114,0.0,1892.0,22.872833251953125,36.99,74.11129760742188,1698.0,0.0,1367.0,0.0843528658151626,100.0,61.5849723815918,481.0,0.0
3115,0.0,1892.0,22.872833251953125,36.99,74.11129760742188,1698.0,0.0,1367.0,0.0843528658151626,100.0,61.5849723815918,481.0,0.0
3116,0.0,1892.0,22.872833251953125,36.99,74.11129760742188,1698.0,0.0,1367.0,0.0843528658151626,100.0,61.5849723815918,481.0,0.0
3117,0.0,1892.0,16.384645462036133,36.99,74.6617660522461,1604.0,0.0,1367.0,9.713934898376465,100.0,61.04584884643555,725.0,0.0
3118,0.0,1892.0,16.384645462036133,36.99,74.6617660522461,1604.0,0.0,1367.0,9.713934898376465,100.0,61.04584884643555,725.0,0.0
3119,0.0,1892.0,16.384645462036133,36.99,74.6617660522461,1604.0,0.0,1367.0,9.713934898376465,100.0,61.04584884643555,725.0,0.0
3120,0.0,1892.0,16.384645462036133,36.99,74.6617660522461,1604.0,0.0,1367.0,9.713934898376465,100.0,61.04584884643555,725.0,0.0
3121,0.0,1892.0,16.384645462036133,36.99,74.6617660522461,1604.0,0.0,1367.0,9.713934898376465,100.0,61.04584884643555,725.0,0.0
3122,0.0,1892.0,5.933837890625,36.99,69.55177307128906,1565.0,0.0,1367.0,29.806880950927734,100.0,69.99864196777344,1398.0,0.0
3123,0.0,1892.0,5.933837890625,36.99,69.55177307128906,1565.0,0.0,1367.0,29.806880950927734,100.0,69.99864196777344,1398.0,0.0
3124,0.0,1892.0,5.933837890625,36.99,69.55177307128906,1565.0,0.0,1367.0,29.806880950927734,100.0,69.99864196777344,1398.0,0.0
3125,0.0,1892.0,5.933837890625,36.99,69.55177307128906,1565.0,0.0,1367.0,29.806880950927734,100.0,69.99864196777344,1398.0,0.0
3126,0.0,1892.0,5.933837890625,36.99,69.55177307128906,1565.0,0.0,1367.0,29.806880950927734,100.0,69.99864196777344,1398.0,0.0
3127,0.0,1892.0,5.236007213592529,36.99,68.07129669189453,1392.0,0.0,1367.0,29.90971565246582,100.0,72.50569915771484,1398.0,0.0
3128,0.0,1892.0,5.236007213592529,36.99,68.07129669189453,1392.0,0.0,1367.0,29.90971565246582,100.0,72.50569915771484,1398.0,0.0
3129,0.0,1892.0,5.236007213592529,36.99,68.07129669189453,1392.0,0.0,1367.0,29.90971565246582,100.0,72.50569915771484,1398.0,0.0
3130,0.0,1892.0,5.236007213592529,36.99,68.07129669189453,1392.0,0.0,1367.0,29.90971565246582,100.0,72.50569915771484,1398.0,0.0
3131,0.0,1892.0,5.236007213592529,36.99,68.07129669189453,1392.0,0.0,1367.0,29.90971565246582,100.0,72.50569915771484,1398.0,0.0
3132,0.0,1892.0,5.236007213592529,36.99,68.07129669189453,1392.0,0.0,1367.0,29.90971565246582,100.0,72.50569915771484,1398.0,0.0
3133,0.0,1892.0,5.124908924102783,36.99,67.18916320800781,1299.0,0.0,1367.0,30.022701263427734,100.0,72.92230224609375,1398.0,0.0
3134,0.0,1892.0,5.124908924102783,36.99,67.18916320800781,1299.0,0.0,1367.0,30.022701263427734,100.0,72.92230224609375,1398.0,0.0
3135,0.0,1892.0,5.124908924102783,36.99,67.18916320800781,1299.0,0.0,1367.0,30.022701263427734,100.0,72.92230224609375,1398.0,0.0
3136,0.0,1892.0,5.124908924102783,36.99,67.18916320800781,1299.0,0.0,1367.0,30.022701263427734,100.0,72.92230224609375,1398.0,0.0
3137,0.0,1892.0,5.124908924102783,36.99,67.18916320800781,1299.0,0.0,1367.0,30.022701263427734,100.0,72.92230224609375,1398.0,0.0
3138,0.0,1892.0,6.2210235595703125,36.99,67.5483169555664,1463.0,0.0,1367.0,29.915342330932617,100.0,73.1315689086914,1398.0,0.0
3139,0.0,1892.0,6.2210235595703125,36.99,67.5483169555664,1463.0,0.0,1367.0,29.915342330932617,100.0,73.1315689086914,1398.0,0.0
3140,0.0,1892.0,6.2210235595703125,36.99,67.5483169555664,1463.0,0.0,1367.0,29.915342330932617,100.0,73.1315689086914,1398.0,0.0
3141,0.0,1892.0,6.2210235595703125,36.99,67.5483169555664,1463.0,0.0,1367.0,29.915342330932617,100.0,73.1315689086914,1398.0,0.0
3142,0.0,1892.0,6.2210235595703125,36.99,67.5483169555664,1463.0,0.0,1367.0,29.915342330932617,100.0,73.1315689086914,1398.0,0.0
3143,0.0,1892.0,15.420034408569336,36.99,68.40594482421875,1366.0,0.0,1367.0,29.787607192993164,100.0,73.17802429199219,1398.0,0.0
3144,0.0,1892.0,15.420034408569336,36.99,68.40594482421875,1366.0,0.0,1367.0,29.787607192993164,100.0,73.17802429199219,1398.0,0.0
3145,0.0,1892.0,15.420034408569336,36.99,68.40594482421875,1366.0,0.0,1367.0,29.787607192993164,100.0,73.17802429199219,1398.0,0.0
3146,0.0,1892.0,15.420034408569336,36.99,68.40594482421875,1366.0,0.0,1367.0,29.787607192993164,100.0,73.17802429199219,1398.0,0.0
3147,0.0,1892.0,15.420034408569336,36.99,68.40594482421875,1366.0,0.0,1367.0,29.787607192993164,100.0,73.17802429199219,1398.0,0.0
3148,0.0,1892.0,23.24468231201172,36.99,75.44261169433594,1930.0,0.0,1367.0,0.3570702373981476,100.0,73.59068298339844,699.0,0.0
3149,0.0,1892.0,23.24468231201172,36.99,75.44261169433594,1930.0,0.0,1367.0,0.3570702373981476,100.0,73.59068298339844,699.0,0.0
3150,0.0,1892.0,23.24468231201172,36.99,75.44261169433594,1930.0,0.0,1367.0,0.3570702373981476,100.0,73.59068298339844,699.0,0.0
3151,0.0,1892.0,23.24468231201172,36.99,75.44261169433594,1930.0,0.0,1367.0,0.3570702373981476,100.0,73.59068298339844,699.0,0.0
3152,0.0,1892.0,23.24468231201172,36.99,75.44261169433594,1930.0,0.0,1367.0,0.3570702373981476,100.0,73.59068298339844,699.0,0.0
3153,0.0,1892.0,22.747344970703125,36.99,75.06659698486328,2047.0,0.0,1367.0,0.1351592689752578,100.0,62.591041564941406,498.0,0.0
3154,0.0,1892.0,22.747344970703125,36.99,75.06659698486328,2047.0,0.0,1367.0,0.1351592689752578,100.0,62.591041564941406,498.0,0.0
3155,0.0,1892.0,22.747344970703125,36.99,75.06659698486328,2047.0,0.0,1367.0,0.1351592689752578,100.0,62.591041564941406,498.0,0.0
3156,0.0,1892.0,22.747344970703125,36.99,75.06659698486328,2047.0,0.0,1367.0,0.1351592689752578,100.0,62.591041564941406,498.0,0.0
3157,0.0,1892.0,22.747344970703125,36.99,75.06659698486328,2047.0,0.0,1367.0,0.1351592689752578,100.0,62.591041564941406,498.0,0.0
3158,0.0,1892.0,22.755706787109375,36.99,75.07382202148438,1591.0,0.0,1367.0,0.0493676587939262,100.0,61.96531295776367,387.0,0.0
3159,0.0,1892.0,22.755706787109375,36.99,75.07382202148438,1591.0,0.0,1367.0,0.0493676587939262,100.0,61.96531295776367,387.0,0.0
3160,0.0,1892.0,22.755706787109375,36.99,75.07382202148438,1591.0,0.0,1367.0,0.0493676587939262,100.0,61.96531295776367,387.0,0.0
3161,0.0,1892.0,22.755706787109375,36.99,75.07382202148438,1591.0,0.0,1367.0,0.0493676587939262,100.0,61.96531295776367,387.0,0.0
3162,0.0,1892.0,22.755706787109375,36.99,75.07382202148438,1591.0,0.0,1367.0,0.0493676587939262,100.0,61.96531295776367,387.0,0.0
3163,0.0,1892.0,22.435340881347656,36.99,74.05570983886719,1289.0,0.0,1367.0,0.0095948735252022,100.0,61.46964645385742,222.0,0.0
3164,0.0,1892.0,22.435340881347656,36.99,74.05570983886719,1289.0,0.0,1367.0,0.0095948735252022,100.0,61.46964645385742,222.0,0.0
3165,0.0,1892.0,22.435340881347656,36.99,74.05570983886719,1289.0,0.0,1367.0,0.0095948735252022,100.0,61.46964645385742,222.0,0.0
3166,0.0,1892.0,22.435340881347656,36.99,74.05570983886719,1289.0,0.0,1367.0,0.0095948735252022,100.0,61.46964645385742,222.0,0.0
3167,0.0,1892.0,22.435340881347656,36.99,74.05570983886719,1289.0,0.0,1367.0,0.0095948735252022,100.0,61.46964645385742,222.0,0.0
3168,0.0,1892.0,9.273443222045898,36.99,69.52124786376953,1520.0,0.0,1367.0,22.580341339111328,100.0,60.83056640625,1215.0,0.0
3169,0.0,1892.0,9.273443222045898,36.99,69.52124786376953,1520.0,0.0,1367.0,22.580341339111328,100.0,60.83056640625,1215.0,0.0
3170,0.0,1892.0,9.273443222045898,36.99,69.52124786376953,1520.0,0.0,1367.0,22.580341339111328,100.0,60.83056640625,1215.0,0.0
3171,0.0,1892.0,9.273443222045898,36.99,69.52124786376953,1520.0,0.0,1367.0,22.580341339111328,100.0,60.83056640625,1215.0,0.0
3172,0.0,1892.0,9.273443222045898,36.99,69.52124786376953,1520.0,0.0,1367.0,22.580341339111328,100.0,60.83056640625,1215.0,0.0
3173,0.0,1892.0,5.112388610839844,36.99,67.32254028320312,1524.0,0.0,1367.0,29.811166763305664,100.0,72.3477783203125,1398.0,0.0
3174,0.0,1892.0,5.112388610839844,36.99,67.32254028320312,1524.0,0.0,1367.0,29.811166763305664,100.0,72.3477783203125,1398.0,0.0
3175,0.0,1892.0,5.112388610839844,36.99,67.32254028320312,1524.0,0.0,1367.0,29.811166763305664,100.0,72.3477783203125,1398.0,0.0
3176,0.0,1892.0,5.112388610839844,36.99,67.32254028320312,1524.0,0.0,1367.0,29.811166763305664,100.0,72.3477783203125,1398.0,0.0
3177,0.0,1892.0,5.112388610839844,36.99,67.32254028320312,1524.0,0.0,1367.0,29.811166763305664,100.0,72.3477783203125,1398.0,0.0
3178,0.0,1892.0,5.112388610839844,36.99,67.32254028320312,1524.0,0.0,1367.0,29.811166763305664,100.0,72.3477783203125,1398.0,0.0
3179,0.0,1892.0,5.040194511413574,36.99,66.8587875366211,1283.0,0.0,1367.0,29.81828498840332,100.0,72.67402648925781,1398.0,0.0
3180,0.0,1892.0,5.040194511413574,36.99,66.8587875366211,1283.0,0.0,1367.0,29.81828498840332,100.0,72.67402648925781,1398.0,0.0
3181,0.0,1892.0,5.040194511413574,36.99,66.8587875366211,1283.0,0.0,1367.0,29.81828498840332,100.0,72.67402648925781,1398.0,0.0
3182,0.0,1892.0,5.040194511413574,36.99,66.8587875366211,1283.0,0.0,1367.0,29.81828498840332,100.0,72.67402648925781,1398.0,0.0
3183,0.0,1892.0,5.040194511413574,36.99,66.8587875366211,1283.0,0.0,1367.0,29.81828498840332,100.0,72.67402648925781,1398.0,0.0
3184,0.0,1892.0,5.16925048828125,36.99,66.9647216796875,1343.0,0.0,1367.0,29.891666412353516,100.0,72.94261169433594,1398.0,0.0
3185,0.0,1892.0,5.16925048828125,36.99,66.9647216796875,1343.0,0.0,1367.0,29.891666412353516,100.0,72.94261169433594,1398.0,0.0
3186,0.0,1892.0,5.16925048828125,36.99,66.9647216796875,1343.0,0.0,1367.0,29.891666412353516,100.0,72.94261169433594,1398.0,0.0
3187,0.0,1892.0,5.16925048828125,36.99,66.9647216796875,1343.0,0.0,1367.0,29.891666412353516,100.0,72.94261169433594,1398.0,0.0
3188,0.0,1892.0,5.16925048828125,36.99,66.9647216796875,1343.0,0.0,1367.0,29.891666412353516,100.0,72.94261169433594,1398.0,0.0
3189,0.0,1892.0,6.444286346435547,36.99,68.76774597167969,1801.0,0.0,1367.0,29.9939022064209,100.0,73.20599365234375,1398.0,0.0
3190,0.0,1892.0,6.444286346435547,36.99,68.76774597167969,1801.0,0.0,1367.0,29.9939022064209,100.0,73.20599365234375,1398.0,0.0
3191,0.0,1892.0,6.444286346435547,36.99,68.76774597167969,1801.0,0.0,1367.0,29.9939022064209,100.0,73.20599365234375,1398.0,0.0
3192,0.0,1892.0,6.444286346435547,36.99,68.76774597167969,1801.0,0.0,1367.0,29.9939022064209,100.0,73.20599365234375,1398.0,0.0
3193,0.0,1892.0,6.444286346435547,36.99,68.76774597167969,1801.0,0.0,1367.0,29.9939022064209,100.0,73.20599365234375,1398.0,0.0
3194,0.0,1892.0,22.54292678833008,36.99,74.81771087646484,1666.0,0.0,1367.0,17.45039176940918,100.0,73.68720245361328,1142.0,0.0
3195,0.0,1892.0,22.54292678833008,36.99,74.81771087646484,1666.0,0.0,1367.0,17.45039176940918,100.0,73.68720245361328,1142.0,0.0
3196,0.0,1892.0,22.54292678833008,36.99,74.81771087646484,1666.0,0.0,1367.0,17.45039176940918,100.0,73.68720245361328,1142.0,0.0
3197,0.0,1892.0,22.54292678833008,36.99,74.81771087646484,1666.0,0.0,1367.0,17.45039176940918,100.0,73.68720245361328,1142.0,0.0
3198,0.0,1892.0,22.54292678833008,36.99,74.81771087646484,1666.0,0.0,1367.0,17.45039176940918,100.0,73.68720245361328,1142.0,0.0
3199,0.0,1892.0,23.137680053710938,36.99,75.13697052001953,1810.0,0.0,1367.0,0.0636534765362739,100.0,62.503929138183594,333.0,0.0
3200,0.0,1892.0,23.137680053710938,36.99,75.13697052001953,1810.0,0.0,1367.0,0.0636534765362739,100.0,62.503929138183594,333.0,0.0
3201,0.0,1892.0,23.137680053710938,36.99,75.13697052001953,1810.0,0.0,1367.0,0.0636534765362739,100.0,62.503929138183594,333.0,0.0
3202,0.0,1892.0,23.137680053710938,36.99,75.13697052001953,1810.0,0.0,1367.0,0.0636534765362739,100.0,62.503929138183594,333.0,0.0
3203,0.0,1892.0,23.137680053710938,36.99,75.13697052001953,1810.0,0.0,1367.0,0.0636534765362739,100.0,62.503929138183594,333.0,0.0
3204,0.0,1892.0,23.211517333984375,36.99,74.95718383789062,1775.0,0.0,1367.0,0.1082483083009719,100.0,61.7601432800293,537.0,0.0
3205,0.0,1892.0,23.211517333984375,36.99,74.95718383789062,1775.0,0.0,1367.0,0.1082483083009719,100.0,61.7601432800293,537.0,0.0
3206,0.0,1892.0,23.211517333984375,36.99,74.95718383789062,1775.0,0.0,1367.0,0.1082483083009719,100.0,61.7601432800293,537.0,0.0
3207,0.0,1892.0,23.211517333984375,36.99,74.95718383789062,1775.0,0.0,1367.0,0.1082483083009719,100.0,61.7601432800293,537.0,0.0
3208,0.0,1892.0,23.211517333984375,36.99,74.95718383789062,1775.0,0.0,1367.0,0.1082483083009719,100.0,61.7601432800293,537.0,0.0
3209,0.0,1892.0,22.65734100341797,36.99,74.74468231201172,1582.0,0.0,1367.0,0.0434828214347362,100.0,61.5221061706543,222.0,0.0
3210,0.0,1892.0,22.65734100341797,36.99,74.74468231201172,1582.0,0.0,1367.0,0.0434828214347362,100.0,61.5221061706543,222.0,0.0
3211,0.0,1892.0,22.65734100341797,36.99,74.74468231201172,1582.0,0.0,1367.0,0.0434828214347362,100.0,61.5221061706543,222.0,0.0
3212,0.0,1892.0,22.65734100341797,36.99,74.74468231201172,1582.0,0.0,1367.0,0.0434828214347362,100.0,61.5221061706543,222.0,0.0
3213,0.0,1892.0,22.65734100341797,36.99,74.74468231201172,1582.0,0.0,1367.0,0.0434828214347362,100.0,61.5221061706543,222.0,0.0
3214,0.0,1892.0,19.291337966918945,36.99,73.33006286621094,1578.0,0.0,1367.0,4.4905571937561035,100.0,60.922508239746094,779.0,0.0
3215,0.0,1892.0,19.291337966918945,36.99,73.33006286621094,1578.0,0.0,1367.0,4.4905571937561035,100.0,60.922508239746094,779.0,0.0
3216,0.0,1892.0,19.291337966918945,36.99,73.33006286621094,1578.0,0.0,1367.0,4.4905571937561035,100.0,60.922508239746094,779.0,0.0
3217,0.0,1892.0,19.291337966918945,36.99,73.33006286621094,1578.0,0.0,1367.0,4.4905571937561035,100.0,60.922508239746094,779.0,0.0
3218,0.0,1892.0,19.291337966918945,36.99,73.33006286621094,1578.0,0.0,1367.0,4.4905571937561035,100.0,60.922508239746094,779.0,0.0
3219,0.0,1892.0,5.173779487609863,36.99,69.47373962402344,1399.0,0.0,1367.0,29.663400650024418,100.0,70.11017608642578,1398.0,0.0
3220,0.0,1892.0,5.173779487609863,36.99,69.47373962402344,1399.0,0.0,1367.0,29.663400650024418,100.0,70.11017608642578,1398.0,0.0
3221,0.0,1892.0,5.173779487609863,36.99,69.47373962402344,1399.0,0.0,1367.0,29.663400650024418,100.0,70.11017608642578,1398.0,0.0
3222,0.0,1892.0,5.173779487609863,36.99,69.47373962402344,1399.0,0.0,1367.0,29.663400650024418,100.0,70.11017608642578,1398.0,0.0
3223,0.0,1892.0,5.173779487609863,36.99,69.47373962402344,1399.0,0.0,1367.0,29.663400650024418,100.0,70.11017608642578,1398.0,0.0
3224,0.0,1892.0,5.308004856109619,36.99,66.81936645507812,1531.0,0.0,1367.0,29.9456729888916,100.0,72.46492004394531,1398.0,0.0
3225,0.0,1892.0,5.308004856109619,36.99,66.81936645507812,1531.0,0.0,1367.0,29.9456729888916,100.0,72.46492004394531,1398.0,0.0
3226,0.0,1892.0,5.308004856109619,36.99,66.81936645507812,1531.0,0.0,1367.0,29.9456729888916,100.0,72.46492004394531,1398.0,0.0
3227,0.0,1892.0,5.308004856109619,36.99,66.81936645507812,1531.0,0.0,1367.0,29.9456729888916,100.0,72.46492004394531,1398.0,0.0
3228,0.0,1892.0,5.308004856109619,36.99,66.81936645507812,1531.0,0.0,1367.0,29.9456729888916,100.0,72.46492004394531,1398.0,0.0
3229,0.0,1892.0,5.217677116394043,36.99,67.19770050048828,1623.0,0.0,1367.0,30.052932739257812,100.0,72.76518249511719,1398.0,0.0
3230,0.0,1892.0,5.217677116394043,36.99,67.19770050048828,1623.0,0.0,1367.0,30.052932739257812,100.0,72.76518249511719,1398.0,0.0
3231,0.0,1892.0,5.217677116394043,36.99,67.19770050048828,1623.0,0.0,1367.0,30.052932739257812,100.0,72.76518249511719,1398.0,0.0
3232,0.0,1892.0,5.217677116394043,36.99,67.19770050048828,1623.0,0.0,1367.0,30.052932739257812,100.0,72.76518249511719,1398.0,0.0
3233,0.0,1892.0,5.217677116394043,36.99,67.19770050048828,1623.0,0.0,1367.0,30.052932739257812,100.0,72.76518249511719,1398.0,0.0
3234,0.0,1892.0,5.684391021728516,36.99,68.0492935180664,1307.0,0.0,1367.0,29.73419189453125,100.0,73.04959869384766,1398.0,0.0
3235,0.0,1892.0,5.684391021728516,36.99,68.0492935180664,1307.0,0.0,1367.0,29.73419189453125,100.0,73.04959869384766,1398.0,0.0
3236,0.0,1892.0,5.684391021728516,36.99,68.0492935180664,1307.0,0.0,1367.0,29.73419189453125,100.0,73.04959869384766,1398.0,0.0
3237,0.0,1892.0,5.684391021728516,36.99,68.0492935180664,1307.0,0.0,1367.0,29.73419189453125,100.0,73.04959869384766,1398.0,0.0
3238,0.0,1892.0,5.684391021728516,36.99,68.0492935180664,1307.0,0.0,1367.0,29.73419189453125,100.0,73.04959869384766,1398.0,0.0
3239,0.0,1892.0,5.684391021728516,36.99,68.0492935180664,1307.0,0.0,1367.0,29.73419189453125,100.0,73.04959869384766,1398.0,0.0
3240,0.0,1892.0,11.943424224853516,36.99,68.66482543945312,1765.0,0.0,1367.0,29.887290954589844,100.0,73.16912841796875,1398.0,0.0
3241,0.0,1892.0,11.943424224853516,36.99,68.66482543945312,1765.0,0.0,1367.0,29.887290954589844,100.0,73.16912841796875,1398.0,0.0
3242,0.0,1892.0,11.943424224853516,36.99,68.66482543945312,1765.0,0.0,1367.0,29.887290954589844,100.0,73.16912841796875,1398.0,0.0
3243,0.0,1892.0,11.943424224853516,36.99,68.66482543945312,1765.0,0.0,1367.0,29.887290954589844,100.0,73.16912841796875,1398.0,0.0
3244,0.0,1892.0,11.943424224853516,36.99,68.66482543945312,1765.0,0.0,1367.0,29.887290954589844,100.0,73.16912841796875,1398.0,0.0
3245,0.0,1892.0,22.5551700592041,36.99,74.49701690673828,1730.0,0.0,1367.0,6.1645097732543945,100.0,73.58299255371094,801.0,0.0
3246,0.0,1892.0,22.5551700592041,36.99,74.49701690673828,1730.0,0.0,1367.0,6.1645097732543945,100.0,73.58299255371094,801.0,0.0
3247,0.0,1892.0,22.5551700592041,36.99,74.49701690673828,1730.0,0.0,1367.0,6.1645097732543945,100.0,73.58299255371094,801.0,0.0
3248,0.0,1892.0,22.5551700592041,36.99,74.49701690673828,1730.0,0.0,1367.0,6.1645097732543945,100.0,73.58299255371094,801.0,0.0
3249,0.0,1892.0,22.5551700592041,36.99,74.49701690673828,1730.0,0.0,1367.0,6.1645097732543945,100.0,73.58299255371094,801.0,0.0
3250,0.0,1892.0,23.532211303710938,36.99,75.6550064086914,2037.0,0.0,1367.0,0.0881631225347518,100.0,62.7469482421875,535.0,0.0
3251,0.0,1892.0,23.532211303710938,36.99,75.6550064086914,2037.0,0.0,1367.0,0.0881631225347518,100.0,62.7469482421875,535.0,0.0
3252,0.0,1892.0,23.532211303710938,36.99,75.6550064086914,2037.0,0.0,1367.0,0.0881631225347518,100.0,62.7469482421875,535.0,0.0
3253,0.0,1892.0,23.532211303710938,36.99,75.6550064086914,2037.0,0.0,1367.0,0.0881631225347518,100.0,62.7469482421875,535.0,0.0
3254,0.0,1892.0,23.532211303710938,36.99,75.6550064086914,2037.0,0.0,1367.0,0.0881631225347518,100.0,62.7469482421875,535.0,0.0
3255,0.0,1892.0,23.04218292236328,36.99,74.98616027832031,2058.0,0.0,1367.0,0.1362283378839492,100.0,61.95360565185547,512.0,0.0
3256,0.0,1892.0,23.04218292236328,36.99,74.98616027832031,2058.0,0.0,1367.0,0.1362283378839492,100.0,61.95360565185547,512.0,0.0
3257,0.0,1892.0,23.04218292236328,36.99,74.98616027832031,2058.0,0.0,1367.0,0.1362283378839492,100.0,61.95360565185547,512.0,0.0
3258,0.0,1892.0,23.04218292236328,36.99,74.98616027832031,2058.0,0.0,1367.0,0.1362283378839492,100.0,61.95360565185547,512.0,0.0
3259,0.0,1892.0,23.04218292236328,36.99,74.98616027832031,2058.0,0.0,1367.0,0.1362283378839492,100.0,61.95360565185547,512.0,0.0
3260,0.0,1892.0,22.729480743408203,36.99,73.80570983886719,1320.0,0.0,1367.0,0.0,100.0,61.69977569580078,0.0,0.0
3261,0.0,1892.0,22.729480743408203,36.99,73.80570983886719,1320.0,0.0,1367.0,0.0,100.0,61.69977569580078,0.0,0.0
3262,0.0,1892.0,22.729480743408203,36.99,73.80570983886719,1320.0,0.0,1367.0,0.0,100.0,61.69977569580078,0.0,0.0
3263,0.0,1892.0,22.729480743408203,36.99,73.80570983886719,1320.0,0.0,1367.0,0.0,100.0,61.69977569580078,0.0,0.0
3264,0.0,1892.0,22.729480743408203,36.99,73.80570983886719,1320.0,0.0,1367.0,0.0,100.0,61.69977569580078,0.0,0.0
3265,0.0,1892.0,12.543864250183104,36.99,73.83758544921875,1064.0,0.0,1367.0,16.549043655395508,100.0,5.8734002113342285,997.0,0.0
3266,0.0,1892.0,12.543864250183104,36.99,73.83758544921875,1064.0,0.0,1367.0,16.549043655395508,100.0,5.8734002113342285,997.0,0.0
3267,0.0,1892.0,12.543864250183104,36.99,73.83758544921875,1064.0,0.0,1367.0,16.549043655395508,100.0,5.8734002113342285,997.0,0.0
3268,0.0,1892.0,12.543864250183104,36.99,73.83758544921875,1064.0,0.0,1367.0,16.549043655395508,100.0,5.8734002113342285,997.0,0.0
3269,0.0,1892.0,12.543864250183104,36.99,73.83758544921875,1064.0,0.0,1367.0,16.549043655395508,100.0,5.8734002113342285,997.0,0.0
3270,0.0,1892.0,5.243795394897461,36.99,69.44217681884766,1369.0,0.0,1367.0,29.830568313598633,100.0,70.52302551269531,1398.0,0.0
3271,0.0,1892.0,5.243795394897461,36.99,69.44217681884766,1369.0,0.0,1367.0,29.830568313598633,100.0,70.52302551269531,1398.0,0.0
3272,0.0,1892.0,5.243795394897461,36.99,69.44217681884766,1369.0,0.0,1367.0,29.830568313598633,100.0,70.52302551269531,1398.0,0.0
3273,0.0,1892.0,5.243795394897461,36.99,69.44217681884766,1369.0,0.0,1367.0,29.830568313598633,100.0,70.52302551269531,1398.0,0.0
3274,0.0,1892.0,5.243795394897461,36.99,69.44217681884766,1369.0,0.0,1367.0,29.830568313598633,100.0,70.52302551269531,1398.0,0.0
3275,0.0,1892.0,5.717568397521973,36.99,66.96556854248047,1780.0,0.0,1367.0,29.832687377929688,100.0,72.24836730957031,1398.0,0.0
3276,0.0,1892.0,5.717568397521973,36.99,66.96556854248047,1780.0,0.0,1367.0,29.832687377929688,100.0,72.24836730957031,1398.0,0.0
3277,0.0,1892.0,5.717568397521973,36.99,66.96556854248047,1780.0,0.0,1367.0,29.832687377929688,100.0,72.24836730957031,1398.0,0.0
3278,0.0,1892.0,5.717568397521973,36.99,66.96556854248047,1780.0,0.0,1367.0,29.832687377929688,100.0,72.24836730957031,1398.0,0.0
3279,0.0,1892.0,5.717568397521973,36.99,66.96556854248047,1780.0,0.0,1367.0,29.832687377929688,100.0,72.24836730957031,1398.0,0.0
3280,0.0,1892.0,5.651838779449463,36.99,67.90027618408203,1669.0,0.0,1367.0,29.937294006347656,100.0,72.65586853027344,1398.0,0.0
3281,0.0,1892.0,5.651838779449463,36.99,67.90027618408203,1669.0,0.0,1367.0,29.937294006347656,100.0,72.65586853027344,1398.0,0.0
3282,0.0,1892.0,5.651838779449463,36.99,67.90027618408203,1669.0,0.0,1367.0,29.937294006347656,100.0,72.65586853027344,1398.0,0.0
3283,0.0,1892.0,5.651838779449463,36.99,67.90027618408203,1669.0,0.0,1367.0,29.937294006347656,100.0,72.65586853027344,1398.0,0.0
3284,0.0,1892.0,5.651838779449463,36.99,67.90027618408203,1669.0,0.0,1367.0,29.937294006347656,100.0,72.65586853027344,1398.0,0.0
3285,0.0,1892.0,6.4653143882751465,36.99,67.7484130859375,1825.0,0.0,1367.0,29.85844039916992,100.0,73.07647705078125,1398.0,0.0
3286,0.0,1892.0,6.4653143882751465,36.99,67.7484130859375,1825.0,0.0,1367.0,29.85844039916992,100.0,73.07647705078125,1398.0,0.0
3287,0.0,1892.0,6.4653143882751465,36.99,67.7484130859375,1825.0,0.0,1367.0,29.85844039916992,100.0,73.07647705078125,1398.0,0.0
3288,0.0,1892.0,6.4653143882751465,36.99,67.7484130859375,1825.0,0.0,1367.0,29.85844039916992,100.0,73.07647705078125,1398.0,0.0
3289,0.0,1892.0,6.4653143882751465,36.99,67.7484130859375,1825.0,0.0,1367.0,29.85844039916992,100.0,73.07647705078125,1398.0,0.0
3290,0.0,1892.0,6.4653143882751465,36.99,67.7484130859375,1825.0,0.0,1367.0,29.85844039916992,100.0,73.07647705078125,1398.0,0.0
3291,0.0,1892.0,19.42377281188965,36.99,75.02980041503906,1610.0,0.0,1367.0,23.772727966308594,100.0,73.4301528930664,1311.0,0.0
3292,0.0,1892.0,19.42377281188965,36.99,75.02980041503906,1610.0,0.0,1367.0,23.772727966308594,100.0,73.4301528930664,1311.0,0.0
3293,0.0,1892.0,19.42377281188965,36.99,75.02980041503906,1610.0,0.0,1367.0,23.772727966308594,100.0,73.4301528930664,1311.0,0.0
3294,0.0,1892.0,19.42377281188965,36.99,75.02980041503906,1610.0,0.0,1367.0,23.772727966308594,100.0,73.4301528930664,1311.0,0.0
3295,0.0,1892.0,19.42377281188965,36.99,75.02980041503906,1610.0,0.0,1367.0,23.772727966308594,100.0,73.4301528930664,1311.0,0.0
3296,0.0,1892.0,22.81466293334961,36.99,75.55227661132812,1671.0,0.0,1367.0,0.0794574692845344,100.0,62.90073776245117,390.0,0.0
3297,0.0,1892.0,22.81466293334961,36.99,75.55227661132812,1671.0,0.0,1367.0,0.0794574692845344,100.0,62.90073776245117,390.0,0.0
3298,0.0,1892.0,22.81466293334961,36.99,75.55227661132812,1671.0,0.0,1367.0,0.0794574692845344,100.0,62.90073776245117,390.0,0.0
3299,0.0,1892.0,22.81466293334961,36.99,75.55227661132812,1671.0,0.0,1367.0,0.0794574692845344,100.0,62.90073776245117,390.0,0.0
3300,0.0,1892.0,22.81466293334961,36.99,75.55227661132812,1671.0,0.0,1367.0,0.0794574692845344,100.0,62.90073776245117,390.0,0.0
3301,0.0,1892.0,23.060317993164062,36.99,74.61656951904297,1994.0,0.0,1367.0,0.0620813071727752,100.0,61.91615676879883,486.0,0.0
3302,0.0,1892.0,23.060317993164062,36.99,74.61656951904297,1994.0,0.0,1367.0,0.0620813071727752,100.0,61.91615676879883,486.0,0.0
3303,0.0,1892.0,23.060317993164062,36.99,74.61656951904297,1994.0,0.0,1367.0,0.0620813071727752,100.0,61.91615676879883,486.0,0.0
3304,0.0,1892.0,23.060317993164062,36.99,74.61656951904297,1994.0,0.0,1367.0,0.0620813071727752,100.0,61.91615676879883,486.0,0.0
3305,0.0,1892.0,23.060317993164062,36.99,74.61656951904297,1994.0,0.0,1367.0,0.0620813071727752,100.0,61.91615676879883,486.0,0.0
3306,0.0,1892.0,22.608192443847656,36.99,74.50508880615234,1359.0,0.0,1367.0,0.0296342447400093,100.0,61.58568572998047,478.0,0.0
3307,0.0,1892.0,22.608192443847656,36.99,74.50508880615234,1359.0,0.0,1367.0,0.0296342447400093,100.0,61.58568572998047,478.0,0.0
3308,0.0,1892.0,22.608192443847656,36.99,74.50508880615234,1359.0,0.0,1367.0,0.0296342447400093,100.0,61.58568572998047,478.0,0.0
3309,0.0,1892.0,22.608192443847656,36.99,74.50508880615234,1359.0,0.0,1367.0,0.0296342447400093,100.0,61.58568572998047,478.0,0.0
3310,0.0,1892.0,22.608192443847656,36.99,74.50508880615234,1359.0,0.0,1367.0,0.0296342447400093,100.0,61.58568572998047,478.0,0.0
3311,0.0,1892.0,22.566661834716797,36.99,73.36233520507812,1366.0,0.0,1367.0,0.0183294788002967,100.0,61.028846740722656,454.0,0.0
3312,0.0,1892.0,22.566661834716797,36.99,73.36233520507812,1366.0,0.0,1367.0,0.0183294788002967,100.0,61.028846740722656,454.0,0.0
3313,0.0,1892.0,22.566661834716797,36.99,73.36233520507812,1366.0,0.0,1367.0,0.0183294788002967,100.0,61.028846740722656,454.0,0.0
3314,0.0,1892.0,22.566661834716797,36.99,73.36233520507812,1366.0,0.0,1367.0,0.0183294788002967,100.0,61.028846740722656,454.0,0.0
3315,0.0,1892.0,22.566661834716797,36.99,73.36233520507812,1366.0,0.0,1367.0,0.0183294788002967,100.0,61.028846740722656,454.0,0.0
3316,0.0,1892.0,5.865262985229492,36.99,70.02912139892578,1830.0,0.0,1367.0,28.5872802734375,100.0,70.43425750732422,1380.0,0.0
3317,0.0,1892.0,5.865262985229492,36.99,70.02912139892578,1830.0,0.0,1367.0,28.5872802734375,100.0,70.43425750732422,1380.0,0.0
3318,0.0,1892.0,5.865262985229492,36.99,70.02912139892578,1830.0,0.0,1367.0,28.5872802734375,100.0,70.43425750732422,1380.0,0.0
3319,0.0,1892.0,5.865262985229492,36.99,70.02912139892578,1830.0,0.0,1367.0,28.5872802734375,100.0,70.43425750732422,1380.0,0.0
3320,0.0,1892.0,5.865262985229492,36.99,70.02912139892578,1830.0,0.0,1367.0,28.5872802734375,100.0,70.43425750732422,1380.0,0.0
3321,0.0,1892.0,5.268921852111816,36.99,67.43413543701172,1456.0,0.0,1367.0,29.8690242767334,100.0,72.2918472290039,1398.0,0.0
3322,0.0,1892.0,5.268921852111816,36.99,67.43413543701172,1456.0,0.0,1367.0,29.8690242767334,100.0,72.2918472290039,1398.0,0.0
3323,0.0,1892.0,5.268921852111816,36.99,67.43413543701172,1456.0,0.0,1367.0,29.8690242767334,100.0,72.2918472290039,1398.0,0.0
3324,0.0,1892.0,5.268921852111816,36.99,67.43413543701172,1456.0,0.0,1367.0,29.8690242767334,100.0,72.2918472290039,1398.0,0.0
3325,0.0,1892.0,5.268921852111816,36.99,67.43413543701172,1456.0,0.0,1367.0,29.8690242767334,100.0,72.2918472290039,1398.0,0.0
3326,0.0,1892.0,5.295650482177734,36.99,67.23957824707031,1612.0,0.0,1367.0,29.837696075439453,100.0,72.7451400756836,1398.0,0.0
3327,0.0,1892.0,5.295650482177734,36.99,67.23957824707031,1612.0,0.0,1367.0,29.837696075439453,100.0,72.7451400756836,1398.0,0.0
3328,0.0,1892.0,5.295650482177734,36.99,67.23957824707031,1612.0,0.0,1367.0,29.837696075439453,100.0,72.7451400756836,1398.0,0.0
3329,0.0,1892.0,5.295650482177734,36.99,67.23957824707031,1612.0,0.0,1367.0,29.837696075439453,100.0,72.7451400756836,1398.0,0.0
3330,0.0,1892.0,5.295650482177734,36.99,67.23957824707031,1612.0,0.0,1367.0,29.837696075439453,100.0,72.7451400756836,1398.0,0.0
3331,0.0,1892.0,5.507597923278809,36.99,67.45706176757812,1812.0,0.0,1367.0,30.08929443359375,100.0,73.0784683227539,1398.0,0.0
3332,0.0,1892.0,5.507597923278809,36.99,67.45706176757812,1812.0,0.0,1367.0,30.08929443359375,100.0,73.0784683227539,1398.0,0.0
3333,0.0,1892.0,5.507597923278809,36.99,67.45706176757812,1812.0,0.0,1367.0,30.08929443359375,100.0,73.0784683227539,1398.0,0.0
3334,0.0,1892.0,5.507597923278809,36.99,67.45706176757812,1812.0,0.0,1367.0,30.08929443359375,100.0,73.0784683227539,1398.0,0.0
3335,0.0,1892.0,5.507597923278809,36.99,67.45706176757812,1812.0,0.0,1367.0,30.08929443359375,100.0,73.0784683227539,1398.0,0.0
3336,0.0,1892.0,9.954496383666992,36.99,68.45039367675781,1802.0,0.0,1367.0,29.830259323120117,100.0,73.28235626220703,1398.0,0.0
3337,0.0,1892.0,9.954496383666992,36.99,68.45039367675781,1802.0,0.0,1367.0,29.830259323120117,100.0,73.28235626220703,1398.0,0.0
3338,0.0,1892.0,9.954496383666992,36.99,68.45039367675781,1802.0,0.0,1367.0,29.830259323120117,100.0,73.28235626220703,1398.0,0.0
3339,0.0,1892.0,9.954496383666992,36.99,68.45039367675781,1802.0,0.0,1367.0,29.830259323120117,100.0,73.28235626220703,1398.0,0.0
3340,0.0,1892.0,9.954496383666992,36.99,68.45039367675781,1802.0,0.0,1367.0,29.830259323120117,100.0,73.28235626220703,1398.0,0.0
3341,0.0,1892.0,22.665061950683594,36.99,75.70695495605469,1712.0,0.0,1367.0,11.621225357055664,100.0,73.77033233642578,939.0,0.0
3342,0.0,1892.0,22.665061950683594,36.99,75.70695495605469,1712.0,0.0,1367.0,11.621225357055664,100.0,73.77033233642578,939.0,0.0
3343,0.0,1892.0,22.665061950683594,36.99,75.70695495605469,1712.0,0.0,1367.0,11.621225357055664,100.0,73.77033233642578,939.0,0.0
3344,0.0,1892.0,22.665061950683594,36.99,75.70695495605469,1712.0,0.0,1367.0,11.621225357055664,100.0,73.77033233642578,939.0,0.0
3345,0.0,1892.0,22.665061950683594,36.99,75.70695495605469,1712.0,0.0,1367.0,11.621225357055664,100.0,73.77033233642578,939.0,0.0
3346,0.0,1892.0,23.00747299194336,36.99,75.6953353881836,1753.0,0.0,1367.0,0.0820675417780876,100.0,62.596153259277344,502.0,0.0
3347,0.0,1892.0,23.00747299194336,36.99,75.6953353881836,1753.0,0.0,1367.0,0.0820675417780876,100.0,62.596153259277344,502.0,0.0
3348,0.0,1892.0,23.00747299194336,36.99,75.6953353881836,1753.0,0.0,1367.0,0.0820675417780876,100.0,62.596153259277344,502.0,0.0
3349,0.0,1892.0,23.00747299194336,36.99,75.6953353881836,1753.0,0.0,1367.0,0.0820675417780876,100.0,62.596153259277344,502.0,0.0
3350,0.0,1892.0,23.00747299194336,36.99,75.6953353881836,1753.0,0.0,1367.0,0.0820675417780876,100.0,62.596153259277344,502.0,0.0
3351,0.0,1892.0,23.001651763916016,36.99,74.57001495361328,1672.0,0.0,1367.0,0.0206181500107049,100.0,61.9174690246582,444.0,0.0
3352,0.0,1892.0,23.001651763916016,36.99,74.57001495361328,1672.0,0.0,1367.0,0.0206181500107049,100.0,61.9174690246582,444.0,0.0
3353,0.0,1892.0,23.001651763916016,36.99,74.57001495361328,1672.0,0.0,1367.0,0.0206181500107049,100.0,61.9174690246582,444.0,0.0
3354,0.0,1892.0,23.001651763916016,36.99,74.57001495361328,1672.0,0.0,1367.0,0.0206181500107049,100.0,61.9174690246582,444.0,0.0
3355,0.0,1892.0,23.001651763916016,36.99,74.57001495361328,1672.0,0.0,1367.0,0.0206181500107049,100.0,61.9174690246582,444.0,0.0
3356,0.0,1892.0,23.001651763916016,36.99,74.57001495361328,1672.0,0.0,1367.0,0.0206181500107049,100.0,61.9174690246582,444.0,0.0
3357,0.0,1892.0,23.243228912353516,36.99,74.97301483154297,1933.0,0.0,1367.0,0.0813495963811874,100.0,61.55059814453125,600.0,0.0
3358,0.0,1892.0,23.243228912353516,36.99,74.97301483154297,1933.0,0.0,1367.0,0.0813495963811874,100.0,61.55059814453125,600.0,0.0
3359,0.0,1892.0,23.243228912353516,36.99,74.97301483154297,1933.0,0.0,1367.0,0.0813495963811874,100.0,61.55059814453125,600.0,0.0
3360,0.0,1892.0,23.243228912353516,36.99,74.97301483154297,1933.0,0.0,1367.0,0.0813495963811874,100.0,61.55059814453125,600.0,0.0
3361,0.0,1892.0,23.243228912353516,36.99,74.97301483154297,1933.0,0.0,1367.0,0.0813495963811874,100.0,61.55059814453125,600.0,0.0
3362,0.0,1892.0,16.571121215820312,36.99,74.88023376464844,1822.0,0.0,1367.0,9.968122482299805,100.0,61.426902770996094,866.0,0.0
3363,0.0,1892.0,16.571121215820312,36.99,74.88023376464844,1822.0,0.0,1367.0,9.968122482299805,100.0,61.426902770996094,866.0,0.0
3364,0.0,1892.0,16.571121215820312,36.99,74.88023376464844,1822.0,0.0,1367.0,9.968122482299805,100.0,61.426902770996094,866.0,0.0
3365,0.0,1892.0,16.571121215820312,36.99,74.88023376464844,1822.0,0.0,1367.0,9.968122482299805,100.0,61.426902770996094,866.0,0.0
3366,0.0,1892.0,16.571121215820312,36.99,74.88023376464844,1822.0,0.0,1367.0,9.968122482299805,100.0,61.426902770996094,866.0,0.0
3367,0.0,1892.0,4.939821243286133,36.99,70.31039428710938,1480.0,0.0,1367.0,29.79380798339844,100.0,70.45866394042969,1398.0,0.0
3368,0.0,1892.0,4.939821243286133,36.99,70.31039428710938,1480.0,0.0,1367.0,29.79380798339844,100.0,70.45866394042969,1398.0,0.0
3369,0.0,1892.0,4.939821243286133,36.99,70.31039428710938,1480.0,0.0,1367.0,29.79380798339844,100.0,70.45866394042969,1398.0,0.0
3370,0.0,1892.0,4.939821243286133,36.99,70.31039428710938,1480.0,0.0,1367.0,29.79380798339844,100.0,70.45866394042969,1398.0,0.0
3371,0.0,1892.0,4.939821243286133,36.99,70.31039428710938,1480.0,0.0,1367.0,29.79380798339844,100.0,70.45866394042969,1398.0,0.0
3372,0.0,1892.0,4.931783676147461,36.99,67.09679412841797,1272.0,0.0,1367.0,29.896568298339844,100.0,72.36782836914062,1398.0,0.0
3373,0.0,1892.0,4.931783676147461,36.99,67.09679412841797,1272.0,0.0,1367.0,29.896568298339844,100.0,72.36782836914062,1398.0,0.0
3374,0.0,1892.0,4.931783676147461,36.99,67.09679412841797,1272.0,0.0,1367.0,29.896568298339844,100.0,72.36782836914062,1398.0,0.0
3375,0.0,1892.0,4.931783676147461,36.99,67.09679412841797,1272.0,0.0,1367.0,29.896568298339844,100.0,72.36782836914062,1398.0,0.0
3376,0.0,1892.0,4.931783676147461,36.99,67.09679412841797,1272.0,0.0,1367.0,29.896568298339844,100.0,72.36782836914062,1398.0,0.0
3377,0.0,1892.0,5.6388092041015625,36.99,68.33635711669922,1501.0,0.0,1367.0,30.00453186035156,100.0,72.9624252319336,1398.0,0.0
3378,0.0,1892.0,5.6388092041015625,36.99,68.33635711669922,1501.0,0.0,1367.0,30.00453186035156,100.0,72.9624252319336,1398.0,0.0
3379,0.0,1892.0,5.6388092041015625,36.99,68.33635711669922,1501.0,0.0,1367.0,30.00453186035156,100.0,72.9624252319336,1398.0,0.0
3380,0.0,1892.0,5.6388092041015625,36.99,68.33635711669922,1501.0,0.0,1367.0,30.00453186035156,100.0,72.9624252319336,1398.0,0.0
3381,0.0,1892.0,5.6388092041015625,36.99,68.33635711669922,1501.0,0.0,1367.0,30.00453186035156,100.0,72.9624252319336,1398.0,0.0
3382,0.0,1892.0,5.954338073730469,36.99,67.70915985107422,1983.0,0.0,1367.0,29.965612411499023,100.0,73.1029052734375,1398.0,0.0
3383,0.0,1892.0,5.954338073730469,36.99,67.70915985107422,1983.0,0.0,1367.0,29.965612411499023,100.0,73.1029052734375,1398.0,0.0
3384,0.0,1892.0,5.954338073730469,36.99,67.70915985107422,1983.0,0.0,1367.0,29.965612411499023,100.0,73.1029052734375,1398.0,0.0
3385,0.0,1892.0,5.954338073730469,36.99,67.70915985107422,1983.0,0.0,1367.0,29.965612411499023,100.0,73.1029052734375,1398.0,0.0
3386,0.0,1892.0,5.954338073730469,36.99,67.70915985107422,1983.0,0.0,1367.0,29.965612411499023,100.0,73.1029052734375,1398.0,0.0
3387,0.0,1892.0,15.363994598388672,36.99,68.10057830810547,1918.0,0.0,1367.0,29.776390075683594,100.0,73.2986831665039,1398.0,0.0
3388,0.0,1892.0,15.363994598388672,36.99,68.10057830810547,1918.0,0.0,1367.0,29.776390075683594,100.0,73.2986831665039,1398.0,0.0
3389,0.0,1892.0,15.363994598388672,36.99,68.10057830810547,1918.0,0.0,1367.0,29.776390075683594,100.0,73.2986831665039,1398.0,0.0
3390,0.0,1892.0,15.363994598388672,36.99,68.10057830810547,1918.0,0.0,1367.0,29.776390075683594,100.0,73.2986831665039,1398.0,0.0
3391,0.0,1892.0,15.363994598388672,36.99,68.10057830810547,1918.0,0.0,1367.0,29.776390075683594,100.0,73.2986831665039,1398.0,0.0
3392,0.0,1892.0,22.927085876464844,36.99,75.2696533203125,1362.0,0.0,1367.0,0.7212094664573669,100.0,73.97738647460938,744.0,0.0
3393,0.0,1892.0,22.927085876464844,36.99,75.2696533203125,1362.0,0.0,1367.0,0.7212094664573669,100.0,73.97738647460938,744.0,0.0
3394,0.0,1892.0,22.927085876464844,36.99,75.2696533203125,1362.0,0.0,1367.0,0.7212094664573669,100.0,73.97738647460938,744.0,0.0
3395,0.0,1892.0,22.927085876464844,36.99,75.2696533203125,1362.0,0.0,1367.0,0.7212094664573669,100.0,73.97738647460938,744.0,0.0
3396,0.0,1892.0,22.927085876464844,36.99,75.2696533203125,1362.0,0.0,1367.0,0.7212094664573669,100.0,73.97738647460938,744.0,0.0
3397,0.0,1892.0,22.416275024414062,36.99,75.6717300415039,1180.0,0.0,1367.0,0.004050170071423,100.0,62.49373245239258,163.0,0.0
3398,0.0,1892.0,22.416275024414062,36.99,75.6717300415039,1180.0,0.0,1367.0,0.004050170071423,100.0,62.49373245239258,163.0,0.0
3399,0.0,1892.0,22.416275024414062,36.99,75.6717300415039,1180.0,0.0,1367.0,0.004050170071423,100.0,62.49373245239258,163.0,0.0
3400,0.0,1892.0,22.416275024414062,36.99,75.6717300415039,1180.0,0.0,1367.0,0.004050170071423,100.0,62.49373245239258,163.0,0.0
3401,0.0,1892.0,22.416275024414062,36.99,75.6717300415039,1180.0,0.0,1367.0,0.004050170071423,100.0,62.49373245239258,163.0,0.0
3402,0.0,1892.0,23.142776489257812,36.99,73.81261444091797,1861.0,0.0,1367.0,0.0620386227965354,100.0,61.806488037109375,542.0,0.0
3403,0.0,1892.0,23.142776489257812,36.99,73.81261444091797,1861.0,0.0,1367.0,0.0620386227965354,100.0,61.806488037109375,542.0,0.0
3404,0.0,1892.0,23.142776489257812,36.99,73.81261444091797,1861.0,0.0,1367.0,0.0620386227965354,100.0,61.806488037109375,542.0,0.0
3405,0.0,1892.0,23.142776489257812,36.99,73.81261444091797,1861.0,0.0,1367.0,0.0620386227965354,100.0,61.806488037109375,542.0,0.0
3406,0.0,1892.0,23.142776489257812,36.99,73.81261444091797,1861.0,0.0,1367.0,0.0620386227965354,100.0,61.806488037109375,542.0,0.0
3407,0.0,1892.0,22.915380477905273,36.99,74.00977325439453,1919.0,0.0,1367.0,0.0624096617102623,100.0,61.54996871948242,577.0,0.0
3408,0.0,1892.0,22.915380477905273,36.99,74.00977325439453,1919.0,0.0,1367.0,0.0624096617102623,100.0,61.54996871948242,577.0,0.0
3409,0.0,1892.0,22.915380477905273,36.99,74.00977325439453,1919.0,0.0,1367.0,0.0624096617102623,100.0,61.54996871948242,577.0,0.0
3410,0.0,1892.0,22.915380477905273,36.99,74.00977325439453,1919.0,0.0,1367.0,0.0624096617102623,100.0,61.54996871948242,577.0,0.0
3411,0.0,1892.0,22.915380477905273,36.99,74.00977325439453,1919.0,0.0,1367.0,0.0624096617102623,100.0,61.54996871948242,577.0,0.0
3412,0.0,1892.0,22.915380477905273,36.99,74.00977325439453,1919.0,0.0,1367.0,0.0624096617102623,100.0,61.54996871948242,577.0,0.0
3413,0.0,1892.0,9.727736473083496,36.99,72.2491226196289,1597.0,0.0,1367.0,21.632225036621097,100.0,61.1594352722168,1143.0,0.0
3414,0.0,1892.0,9.727736473083496,36.99,72.2491226196289,1597.0,0.0,1367.0,21.632225036621097,100.0,61.1594352722168,1143.0,0.0
3415,0.0,1892.0,9.727736473083496,36.99,72.2491226196289,1597.0,0.0,1367.0,21.632225036621097,100.0,61.1594352722168,1143.0,0.0
3416,0.0,1892.0,9.727736473083496,36.99,72.2491226196289,1597.0,0.0,1367.0,21.632225036621097,100.0,61.1594352722168,1143.0,0.0
3417,0.0,1892.0,9.727736473083496,36.99,72.2491226196289,1597.0,0.0,1367.0,21.632225036621097,100.0,61.1594352722168,1143.0,0.0
3418,0.0,1892.0,5.451214790344238,36.99,67.62255096435547,1554.0,0.0,1367.0,29.76558494567871,100.0,72.37403869628906,1398.0,0.0
3419,0.0,1892.0,5.451214790344238,36.99,67.62255096435547,1554.0,0.0,1367.0,29.76558494567871,100.0,72.37403869628906,1398.0,0.0
3420,0.0,1892.0,5.451214790344238,36.99,67.62255096435547,1554.0,0.0,1367.0,29.76558494567871,100.0,72.37403869628906,1398.0,0.0
3421,0.0,1892.0,5.451214790344238,36.99,67.62255096435547,1554.0,0.0,1367.0,29.76558494567871,100.0,72.37403869628906,1398.0,0.0
3422,0.0,1892.0,5.451214790344238,36.99,67.62255096435547,1554.0,0.0,1367.0,29.76558494567871,100.0,72.37403869628906,1398.0,0.0
3423,0.0,1892.0,5.412738800048828,36.99,67.7885513305664,1395.0,0.0,1367.0,29.965513229370117,100.0,72.71896362304688,1398.0,0.0
3424,0.0,1892.0,5.412738800048828,36.99,67.7885513305664,1395.0,0.0,1367.0,29.965513229370117,100.0,72.71896362304688,1398.0,0.0
3425,0.0,1892.0,5.412738800048828,36.99,67.7885513305664,1395.0,0.0,1367.0,29.965513229370117,100.0,72.71896362304688,1398.0,0.0
3426,0.0,1892.0,5.412738800048828,36.99,67.7885513305664,1395.0,0.0,1367.0,29.965513229370117,100.0,72.71896362304688,1398.0,0.0
3427,0.0,1892.0,5.412738800048828,36.99,67.7885513305664,1395.0,0.0,1367.0,29.965513229370117,100.0,72.71896362304688,1398.0,0.0
3428,0.0,1892.0,5.263993740081787,36.99,67.63042449951172,1475.0,0.0,1367.0,29.9191951751709,100.0,73.14051818847656,1398.0,0.0
3429,0.0,1892.0,5.263993740081787,36.99,67.63042449951172,1475.0,0.0,1367.0,29.9191951751709,100.0,73.14051818847656,1398.0,0.0
3430,0.0,1892.0,5.263993740081787,36.99,67.63042449951172,1475.0,0.0,1367.0,29.9191951751709,100.0,73.14051818847656,1398.0,0.0
3431,0.0,1892.0,5.263993740081787,36.99,67.63042449951172,1475.0,0.0,1367.0,29.9191951751709,100.0,73.14051818847656,1398.0,0.0
3432,0.0,1892.0,5.263993740081787,36.99,67.63042449951172,1475.0,0.0,1367.0,29.9191951751709,100.0,73.14051818847656,1398.0,0.0
3433,0.0,1892.0,5.530020713806152,36.99,67.54054260253906,1290.0,0.0,1367.0,29.880706787109375,100.0,73.42921447753906,1398.0,0.0
3434,0.0,1892.0,5.530020713806152,36.99,67.54054260253906,1290.0,0.0,1367.0,29.880706787109375,100.0,73.42921447753906,1398.0,0.0
3435,0.0,1892.0,5.530020713806152,36.99,67.54054260253906,1290.0,0.0,1367.0,29.880706787109375,100.0,73.42921447753906,1398.0,0.0
3436,0.0,1892.0,5.530020713806152,36.99,67.54054260253906,1290.0,0.0,1367.0,29.880706787109375,100.0,73.42921447753906,1398.0,0.0
3437,0.0,1892.0,5.530020713806152,36.99,67.54054260253906,1290.0,0.0,1367.0,29.880706787109375,100.0,73.42921447753906,1398.0,0.0
3438,0.0,1892.0,22.712390899658203,36.99,75.91970825195312,1592.0,0.0,1367.0,17.893537521362305,100.0,73.6703109741211,1152.0,0.0
3439,0.0,1892.0,22.712390899658203,36.99,75.91970825195312,1592.0,0.0,1367.0,17.893537521362305,100.0,73.6703109741211,1152.0,0.0
3440,0.0,1892.0,22.712390899658203,36.99,75.91970825195312,1592.0,0.0,1367.0,17.893537521362305,100.0,73.6703109741211,1152.0,0.0
3441,0.0,1892.0,22.712390899658203,36.99,75.91970825195312,1592.0,0.0,1367.0,17.893537521362305,100.0,73.6703109741211,1152.0,0.0
3442,0.0,1892.0,22.712390899658203,36.99,75.91970825195312,1592.0,0.0,1367.0,17.893537521362305,100.0,73.6703109741211,1152.0,0.0
3443,0.0,1892.0,23.067920684814453,36.99,75.5419692993164,1550.0,0.0,1367.0,0.0397908799350261,100.0,62.543357849121094,495.0,0.0
3444,0.0,1892.0,23.067920684814453,36.99,75.5419692993164,1550.0,0.0,1367.0,0.0397908799350261,100.0,62.543357849121094,495.0,0.0
3445,0.0,1892.0,23.067920684814453,36.99,75.5419692993164,1550.0,0.0,1367.0,0.0397908799350261,100.0,62.543357849121094,495.0,0.0
3446,0.0,1892.0,23.067920684814453,36.99,75.5419692993164,1550.0,0.0,1367.0,0.0397908799350261,100.0,62.543357849121094,495.0,0.0
3447,0.0,1892.0,23.067920684814453,36.99,75.5419692993164,1550.0,0.0,1367.0,0.0397908799350261,100.0,62.543357849121094,495.0,0.0
3448,0.0,1892.0,22.955730438232425,36.99,74.76663208007812,1758.0,0.0,1367.0,0.0356413945555686,100.0,62.14910125732422,444.0,0.0
3449,0.0,1892.0,22.955730438232425,36.99,74.76663208007812,1758.0,0.0,1367.0,0.0356413945555686,100.0,62.14910125732422,444.0,0.0
3450,0.0,1892.0,22.955730438232425,36.99,74.76663208007812,1758.0,0.0,1367.0,0.0356413945555686,100.0,62.14910125732422,444.0,0.0
3451,0.0,1892.0,22.955730438232425,36.99,74.76663208007812,1758.0,0.0,1367.0,0.0356413945555686,100.0,62.14910125732422,444.0,0.0
3452,0.0,1892.0,22.955730438232425,36.99,74.76663208007812,1758.0,0.0,1367.0,0.0356413945555686,100.0,62.14910125732422,444.0,0.0
3453,0.0,1892.0,23.165369033813477,36.99,75.2322769165039,1886.0,0.0,1367.0,0.0831828787922859,100.0,61.525413513183594,574.0,0.0
3454,0.0,1892.0,23.165369033813477,36.99,75.2322769165039,1886.0,0.0,1367.0,0.0831828787922859,100.0,61.525413513183594,574.0,0.0
3455,0.0,1892.0,23.165369033813477,36.99,75.2322769165039,1886.0,0.0,1367.0,0.0831828787922859,100.0,61.525413513183594,574.0,0.0
3456,0.0,1892.0,23.165369033813477,36.99,75.2322769165039,1886.0,0.0,1367.0,0.0831828787922859,100.0,61.525413513183594,574.0,0.0
3457,0.0,1892.0,23.165369033813477,36.99,75.2322769165039,1886.0,0.0,1367.0,0.0831828787922859,100.0,61.525413513183594,574.0,0.0
3458,0.0,1892.0,19.423412322998047,36.99,74.31332397460938,1671.0,0.0,1367.0,3.3522591590881348,100.0,61.2319450378418,663.0,0.0
3459,0.0,1892.0,19.423412322998047,36.99,74.31332397460938,1671.0,0.0,1367.0,3.3522591590881348,100.0,61.2319450378418,663.0,0.0
3460,0.0,1892.0,19.423412322998047,36.99,74.31332397460938,1671.0,0.0,1367.0,3.3522591590881348,100.0,61.2319450378418,663.0,0.0
3461,0.0,1892.0,19.423412322998047,36.99,74.31332397460938,1671.0,0.0,1367.0,3.3522591590881348,100.0,61.2319450378418,663.0,0.0
3462,0.0,1892.0,19.423412322998047,36.99,74.31332397460938,1671.0,0.0,1367.0,3.3522591590881348,100.0,61.2319450378418,663.0,0.0
3463,0.0,1892.0,6.733656883239746,36.99,70.49175262451172,1945.0,0.0,1367.0,30.15140151977539,100.0,70.28660583496094,1398.0,0.0
3464,0.0,1892.0,6.733656883239746,36.99,70.49175262451172,1945.0,0.0,1367.0,30.15140151977539,100.0,70.28660583496094,1398.0,0.0
3465,0.0,1892.0,6.733656883239746,36.99,70.49175262451172,1945.0,0.0,1367.0,30.15140151977539,100.0,70.28660583496094,1398.0,0.0
3466,0.0,1892.0,6.733656883239746,36.99,70.49175262451172,1945.0,0.0,1367.0,30.15140151977539,100.0,70.28660583496094,1398.0,0.0
3467,0.0,1892.0,6.733656883239746,36.99,70.49175262451172,1945.0,0.0,1367.0,30.15140151977539,100.0,70.28660583496094,1398.0,0.0
3468,0.0,1892.0,6.733656883239746,36.99,70.49175262451172,1945.0,0.0,1367.0,30.15140151977539,100.0,70.28660583496094,1398.0,0.0
3469,0.0,1892.0,6.182692527770996,36.99,69.00190734863281,1688.0,0.0,1367.0,29.873668670654297,100.0,72.59016418457031,1398.0,0.0
3470,0.0,1892.0,6.182692527770996,36.99,69.00190734863281,1688.0,0.0,1367.0,29.873668670654297,100.0,72.59016418457031,1398.0,0.0
3471,0.0,1892.0,6.182692527770996,36.99,69.00190734863281,1688.0,0.0,1367.0,29.873668670654297,100.0,72.59016418457031,1398.0,0.0
3472,0.0,1892.0,6.182692527770996,36.99,69.00190734863281,1688.0,0.0,1367.0,29.873668670654297,100.0,72.59016418457031,1398.0,0.0
3473,0.0,1892.0,6.182692527770996,36.99,69.00190734863281,1688.0,0.0,1367.0,29.873668670654297,100.0,72.59016418457031,1398.0,0.0
3474,0.0,1892.0,6.975981712341309,36.99,67.93207550048828,2161.0,0.0,1367.0,29.98746681213379,100.0,73.09565734863281,1398.0,0.0
3475,0.0,1892.0,6.975981712341309,36.99,67.93207550048828,2161.0,0.0,1367.0,29.98746681213379,100.0,73.09565734863281,1398.0,0.0
3476,0.0,1892.0,6.975981712341309,36.99,67.93207550048828,2161.0,0.0,1367.0,29.98746681213379,100.0,73.09565734863281,1398.0,0.0
3477,0.0,1892.0,6.975981712341309,36.99,67.93207550048828,2161.0,0.0,1367.0,29.98746681213379,100.0,73.09565734863281,1398.0,0.0
3478,0.0,1892.0,6.975981712341309,36.99,67.93207550048828,2161.0,0.0,1367.0,29.98746681213379,100.0,73.09565734863281,1398.0,0.0
3479,0.0,1892.0,10.497838973999023,36.99,71.17967987060547,2077.0,0.0,1367.0,29.820228576660156,100.0,73.51405334472656,1398.0,0.0
3480,0.0,1892.0,10.497838973999023,36.99,71.17967987060547,2077.0,0.0,1367.0,29.820228576660156,100.0,73.51405334472656,1398.0,0.0
3481,0.0,1892.0,10.497838973999023,36.99,71.17967987060547,2077.0,0.0,1367.0,29.820228576660156,100.0,73.51405334472656,1398.0,0.0
3482,0.0,1892.0,10.497838973999023,36.99,71.17967987060547,2077.0,0.0,1367.0,29.820228576660156,100.0,73.51405334472656,1398.0,0.0
3483,0.0,1892.0,10.497838973999023,36.99,71.17967987060547,2077.0,0.0,1367.0,29.820228576660156,100.0,73.51405334472656,1398.0,0.0
3484,0.0,1892.0,11.287236213684082,36.99,70.8138427734375,1870.0,0.0,1367.0,30.089752197265625,100.0,73.88604736328125,1398.0,0.0
3485,0.0,1892.0,11.287236213684082,36.99,70.8138427734375,1870.0,0.0,1367.0,30.089752197265625,100.0,73.88604736328125,1398.0,0.0
3486,0.0,1892.0,11.287236213684082,36.99,70.8138427734375,1870.0,0.0,1367.0,30.089752197265625,100.0,73.88604736328125,1398.0,0.0
3487,0.0,1892.0,11.287236213684082,36.99,70.8138427734375,1870.0,0.0,1367.0,30.089752197265625,100.0,73.88604736328125,1398.0,0.0
3488,0.0,1892.0,11.287236213684082,36.99,70.8138427734375,1870.0,0.0,1367.0,30.089752197265625,100.0,73.88604736328125,1398.0,0.0
3489,0.0,1892.0,23.77582550048828,36.99,75.91311645507812,2180.0,0.0,1367.0,6.63472318649292,100.0,73.69737243652344,925.0,0.0
3490,0.0,1892.0,23.77582550048828,36.99,75.91311645507812,2180.0,0.0,1367.0,6.63472318649292,100.0,73.69737243652344,925.0,0.0
3491,0.0,1892.0,23.77582550048828,36.99,75.91311645507812,2180.0,0.0,1367.0,6.63472318649292,100.0,73.69737243652344,925.0,0.0
3492,0.0,1892.0,23.77582550048828,36.99,75.91311645507812,2180.0,0.0,1367.0,6.63472318649292,100.0,73.69737243652344,925.0,0.0
3493,0.0,1892.0,23.77582550048828,36.99,75.91311645507812,2180.0,0.0,1367.0,6.63472318649292,100.0,73.69737243652344,925.0,0.0
3494,0.0,1892.0,23.08136749267578,36.99,76.97407531738281,1940.0,0.0,1367.0,0.3240376710891723,100.0,63.443153381347656,501.0,0.0
3495,0.0,1892.0,23.08136749267578,36.99,76.97407531738281,1940.0,0.0,1367.0,0.3240376710891723,100.0,63.443153381347656,501.0,0.0
3496,0.0,1892.0,23.08136749267578,36.99,76.97407531738281,1940.0,0.0,1367.0,0.3240376710891723,100.0,63.443153381347656,501.0,0.0
3497,0.0,1892.0,23.08136749267578,36.99,76.97407531738281,1940.0,0.0,1367.0,0.3240376710891723,100.0,63.443153381347656,501.0,0.0
3498,0.0,1892.0,23.08136749267578,36.99,76.97407531738281,1940.0,0.0,1367.0,0.3240376710891723,100.0,63.443153381347656,501.0,0.0
3499,0.0,1892.0,22.955656051635746,36.99,76.02265930175781,1746.0,0.0,1367.0,0.335012286901474,100.0,62.689659118652344,514.0,0.0
3500,0.0,1892.0,22.955656051635746,36.99,76.02265930175781,1746.0,0.0,1367.0,0.335012286901474,100.0,62.689659118652344,514.0,0.0
3501,0.0,1892.0,22.955656051635746,36.99,76.02265930175781,1746.0,0.0,1367.0,0.335012286901474,100.0,62.689659118652344,514.0,0.0
3502,0.0,1892.0,22.955656051635746,36.99,76.02265930175781,1746.0,0.0,1367.0,0.335012286901474,100.0,62.689659118652344,514.0,0.0
3503,0.0,1892.0,22.955656051635746,36.99,76.02265930175781,1746.0,0.0,1367.0,0.335012286901474,100.0,62.689659118652344,514.0,0.0
3504,0.0,1892.0,23.958955764770508,36.99,74.95714569091797,2205.0,0.0,1367.0,0.2948368191719055,100.0,62.20690155029297,444.0,0.0
3505,0.0,1892.0,23.958955764770508,36.99,74.95714569091797,2205.0,0.0,1367.0,0.2948368191719055,100.0,62.20690155029297,444.0,0.0
3506,0.0,1892.0,23.958955764770508,36.99,74.95714569091797,2205.0,0.0,1367.0,0.2948368191719055,100.0,62.20690155029297,444.0,0.0
3507,0.0,1892.0,23.958955764770508,36.99,74.95714569091797,2205.0,0.0,1367.0,0.2948368191719055,100.0,62.20690155029297,444.0,0.0
3508,0.0,1892.0,23.958955764770508,36.99,74.95714569091797,2205.0,0.0,1367.0,0.2948368191719055,100.0,62.20690155029297,444.0,0.0
3509,0.0,1892.0,15.74729061126709,36.99,75.79694366455078,1861.0,0.0,1367.0,14.489276885986328,100.0,62.055946350097656,1003.0,0.0
3510,0.0,1892.0,15.74729061126709,36.99,75.79694366455078,1861.0,0.0,1367.0,14.489276885986328,100.0,62.055946350097656,1003.0,0.0
3511,0.0,1892.0,15.74729061126709,36.99,75.79694366455078,1861.0,0.0,1367.0,14.489276885986328,100.0,62.055946350097656,1003.0,0.0
3512,0.0,1892.0,15.74729061126709,36.99,75.79694366455078,1861.0,0.0,1367.0,14.489276885986328,100.0,62.055946350097656,1003.0,0.0
3513,0.0,1892.0,15.74729061126709,36.99,75.79694366455078,1861.0,0.0,1367.0,14.489276885986328,100.0,62.055946350097656,1003.0,0.0
3514,0.0,1892.0,7.079322814941406,36.99,72.53543090820312,2291.0,0.0,1367.0,29.841144561767575,100.0,69.85581970214844,1398.0,0.0
3515,0.0,1892.0,7.079322814941406,36.99,72.53543090820312,2291.0,0.0,1367.0,29.841144561767575,100.0,69.85581970214844,1398.0,0.0
3516,0.0,1892.0,7.079322814941406,36.99,72.53543090820312,2291.0,0.0,1367.0,29.841144561767575,100.0,69.85581970214844,1398.0,0.0
3517,0.0,1892.0,7.079322814941406,36.99,72.53543090820312,2291.0,0.0,1367.0,29.841144561767575,100.0,69.85581970214844,1398.0,0.0
3518,0.0,1892.0,7.079322814941406,36.99,72.53543090820312,2291.0,0.0,1367.0,29.841144561767575,100.0,69.85581970214844,1398.0,0.0
3519,0.0,1892.0,10.751367568969728,36.99,69.28067016601562,1981.0,0.0,1367.0,30.017730712890625,100.0,73.0938720703125,1398.0,0.0
3520,0.0,1892.0,10.751367568969728,36.99,69.28067016601562,1981.0,0.0,1367.0,30.017730712890625,100.0,73.0938720703125,1398.0,0.0
3521,0.0,1892.0,10.751367568969728,36.99,69.28067016601562,1981.0,0.0,1367.0,30.017730712890625,100.0,73.0938720703125,1398.0,0.0
3522,0.0,1892.0,10.751367568969728,36.99,69.28067016601562,1981.0,0.0,1367.0,30.017730712890625,100.0,73.0938720703125,1398.0,0.0
3523,0.0,1892.0,10.751367568969728,36.99,69.28067016601562,1981.0,0.0,1367.0,30.017730712890625,100.0,73.0938720703125,1398.0,0.0
3524,0.0,1892.0,10.751367568969728,36.99,69.28067016601562,1981.0,0.0,1367.0,30.017730712890625,100.0,73.0938720703125,1398.0,0.0
3525,0.0,1892.0,6.546794414520264,36.99,72.1153564453125,2025.0,0.0,1367.0,29.9788761138916,100.0,73.91209411621094,1398.0,0.0
3526,0.0,1892.0,6.546794414520264,36.99,72.1153564453125,2025.0,0.0,1367.0,29.9788761138916,100.0,73.91209411621094,1398.0,0.0
3527,0.0,1892.0,6.546794414520264,36.99,72.1153564453125,2025.0,0.0,1367.0,29.9788761138916,100.0,73.91209411621094,1398.0,0.0
3528,0.0,1892.0,6.546794414520264,36.99,72.1153564453125,2025.0,0.0,1367.0,29.9788761138916,100.0,73.91209411621094,1398.0,0.0
3529,0.0,1892.0,6.546794414520264,36.99,72.1153564453125,2025.0,0.0,1367.0,29.9788761138916,100.0,73.91209411621094,1398.0,0.0
3530,0.0,1892.0,10.62217140197754,36.99,70.97420501708984,2204.0,0.0,1367.0,30.00543212890625,100.0,74.03239440917969,1398.0,0.0
3531,0.0,1892.0,10.62217140197754,36.99,70.97420501708984,2204.0,0.0,1367.0,30.00543212890625,100.0,74.03239440917969,1398.0,0.0
3532,0.0,1892.0,10.62217140197754,36.99,70.97420501708984,2204.0,0.0,1367.0,30.00543212890625,100.0,74.03239440917969,1398.0,0.0
3533,0.0,1892.0,10.62217140197754,36.99,70.97420501708984,2204.0,0.0,1367.0,30.00543212890625,100.0,74.03239440917969,1398.0,0.0
3534,0.0,1892.0,10.62217140197754,36.99,70.97420501708984,2204.0,0.0,1367.0,30.00543212890625,100.0,74.03239440917969,1398.0,0.0
3535,0.0,1892.0,19.318727493286133,36.99,73.84741973876953,2029.0,0.0,1367.0,25.775896072387695,100.0,74.5935287475586,1390.0,0.0
3536,0.0,1892.0,19.318727493286133,36.99,73.84741973876953,2029.0,0.0,1367.0,25.775896072387695,100.0,74.5935287475586,1390.0,0.0
3537,0.0,1892.0,19.318727493286133,36.99,73.84741973876953,2029.0,0.0,1367.0,25.775896072387695,100.0,74.5935287475586,1390.0,0.0
3538,0.0,1892.0,19.318727493286133,36.99,73.84741973876953,2029.0,0.0,1367.0,25.775896072387695,100.0,74.5935287475586,1390.0,0.0
3539,0.0,1892.0,19.318727493286133,36.99,73.84741973876953,2029.0,0.0,1367.0,25.775896072387695,100.0,74.5935287475586,1390.0,0.0
3540,0.0,1892.0,22.878795623779297,36.99,77.15960693359375,1925.0,0.0,1367.0,0.3533971011638641,100.0,63.8907356262207,647.0,0.0
3541,0.0,1892.0,22.878795623779297,36.99,77.15960693359375,1925.0,0.0,1367.0,0.3533971011638641,100.0,63.8907356262207,647.0,0.0
3542,0.0,1892.0,22.878795623779297,36.99,77.15960693359375,1925.0,0.0,1367.0,0.3533971011638641,100.0,63.8907356262207,647.0,0.0
3543,0.0,1892.0,22.878795623779297,36.99,77.15960693359375,1925.0,0.0,1367.0,0.3533971011638641,100.0,63.8907356262207,647.0,0.0
3544,0.0,1892.0,22.878795623779297,36.99,77.15960693359375,1925.0,0.0,1367.0,0.3533971011638641,100.0,63.8907356262207,647.0,0.0
3545,0.0,1892.0,22.65710067749023,36.99,76.29002380371094,2000.0,0.0,1367.0,0.392385721206665,100.0,63.13159942626953,444.0,0.0
3546,0.0,1892.0,22.65710067749023,36.99,76.29002380371094,2000.0,0.0,1367.0,0.392385721206665,100.0,63.13159942626953,444.0,0.0
3547,0.0,1892.0,22.65710067749023,36.99,76.29002380371094,2000.0,0.0,1367.0,0.392385721206665,100.0,63.13159942626953,444.0,0.0
3548,0.0,1892.0,22.65710067749023,36.99,76.29002380371094,2000.0,0.0,1367.0,0.392385721206665,100.0,63.13159942626953,444.0,0.0
3549,0.0,1892.0,22.65710067749023,36.99,76.29002380371094,2000.0,0.0,1367.0,0.392385721206665,100.0,63.13159942626953,444.0,0.0
3550,0.0,1892.0,23.44994354248047,36.99,76.28815460205078,1843.0,0.0,1367.0,0.1860140562057495,100.0,62.541526794433594,444.0,0.0
3551,0.0,1892.0,23.44994354248047,36.99,76.28815460205078,1843.0,0.0,1367.0,0.1860140562057495,100.0,62.541526794433594,444.0,0.0
3552,0.0,1892.0,23.44994354248047,36.99,76.28815460205078,1843.0,0.0,1367.0,0.1860140562057495,100.0,62.541526794433594,444.0,0.0
3553,0.0,1892.0,23.44994354248047,36.99,76.28815460205078,1843.0,0.0,1367.0,0.1860140562057495,100.0,62.541526794433594,444.0,0.0
3554,0.0,1892.0,23.44994354248047,36.99,76.28815460205078,1843.0,0.0,1367.0,0.1860140562057495,100.0,62.541526794433594,444.0,0.0
3555,0.0,1892.0,22.79662322998047,36.99,75.9175033569336,1834.0,0.0,1367.0,0.6036529541015625,100.0,62.53241729736328,502.0,0.0
3556,0.0,1892.0,22.79662322998047,36.99,75.9175033569336,1834.0,0.0,1367.0,0.6036529541015625,100.0,62.53241729736328,502.0,0.0
3557,0.0,1892.0,22.79662322998047,36.99,75.9175033569336,1834.0,0.0,1367.0,0.6036529541015625,100.0,62.53241729736328,502.0,0.0
3558,0.0,1892.0,22.79662322998047,36.99,75.9175033569336,1834.0,0.0,1367.0,0.6036529541015625,100.0,62.53241729736328,502.0,0.0
3559,0.0,1892.0,22.79662322998047,36.99,75.9175033569336,1834.0,0.0,1367.0,0.6036529541015625,100.0,62.53241729736328,502.0,0.0
3560,0.0,1892.0,6.799464225769043,36.99,71.54786682128906,2081.0,0.0,1367.0,27.03860855102539,100.0,70.32485961914062,1333.0,0.0
3561,0.0,1892.0,6.799464225769043,36.99,71.54786682128906,2081.0,0.0,1367.0,27.03860855102539,100.0,70.32485961914062,1333.0,0.0
3562,0.0,1892.0,6.799464225769043,36.99,71.54786682128906,2081.0,0.0,1367.0,27.03860855102539,100.0,70.32485961914062,1333.0,0.0
3563,0.0,1892.0,6.799464225769043,36.99,71.54786682128906,2081.0,0.0,1367.0,27.03860855102539,100.0,70.32485961914062,1333.0,0.0
3564,0.0,1892.0,6.799464225769043,36.99,71.54786682128906,2081.0,0.0,1367.0,27.03860855102539,100.0,70.32485961914062,1333.0,0.0
3565,0.0,1892.0,9.85440444946289,36.99,71.04932403564453,2091.0,0.0,1367.0,29.99144744873047,100.0,73.46401977539062,1398.0,0.0
3566,0.0,1892.0,9.85440444946289,36.99,71.04932403564453,2091.0,0.0,1367.0,29.99144744873047,100.0,73.46401977539062,1398.0,0.0
3567,0.0,1892.0,9.85440444946289,36.99,71.04932403564453,2091.0,0.0,1367.0,29.99144744873047,100.0,73.46401977539062,1398.0,0.0
3568,0.0,1892.0,9.85440444946289,36.99,71.04932403564453,2091.0,0.0,1367.0,29.99144744873047,100.0,73.46401977539062,1398.0,0.0
3569,0.0,1892.0,9.85440444946289,36.99,71.04932403564453,2091.0,0.0,1367.0,29.99144744873047,100.0,73.46401977539062,1398.0,0.0
3570,0.0,1892.0,8.28710651397705,36.99,72.1219253540039,2123.0,0.0,1367.0,29.92283058166504,100.0,74.2510757446289,1398.0,0.0
3571,0.0,1892.0,8.28710651397705,36.99,72.1219253540039,2123.0,0.0,1367.0,29.92283058166504,100.0,74.2510757446289,1398.0,0.0
3572,0.0,1892.0,8.28710651397705,36.99,72.1219253540039,2123.0,0.0,1367.0,29.92283058166504,100.0,74.2510757446289,1398.0,0.0
3573,0.0,1892.0,8.28710651397705,36.99,72.1219253540039,2123.0,0.0,1367.0,29.92283058166504,100.0,74.2510757446289,1398.0,0.0
3574,0.0,1892.0,8.28710651397705,36.99,72.1219253540039,2123.0,0.0,1367.0,29.92283058166504,100.0,74.2510757446289,1398.0,0.0
3575,0.0,1892.0,8.28710651397705,36.99,72.1219253540039,2123.0,0.0,1367.0,29.92283058166504,100.0,74.2510757446289,1398.0,0.0
3576,0.0,1892.0,9.33592700958252,36.99,71.34638214111328,2165.0,0.0,1367.0,29.96531867980957,100.0,74.33443450927734,1398.0,0.0
3577,0.0,1892.0,9.33592700958252,36.99,71.34638214111328,2165.0,0.0,1367.0,29.96531867980957,100.0,74.33443450927734,1398.0,0.0
3578,0.0,1892.0,9.33592700958252,36.99,71.34638214111328,2165.0,0.0,1367.0,29.96531867980957,100.0,74.33443450927734,1398.0,0.0
3579,0.0,1892.0,9.33592700958252,36.99,71.34638214111328,2165.0,0.0,1367.0,29.96531867980957,100.0,74.33443450927734,1398.0,0.0
3580,0.0,1892.0,9.33592700958252,36.99,71.34638214111328,2165.0,0.0,1367.0,29.96531867980957,100.0,74.33443450927734,1398.0,0.0
3581,0.0,1892.0,11.505484580993652,36.99,72.98563385009766,1983.0,0.0,1367.0,30.11056900024414,100.0,74.8283920288086,1398.0,0.0
3582,0.0,1892.0,11.505484580993652,36.99,72.98563385009766,1983.0,0.0,1367.0,30.11056900024414,100.0,74.8283920288086,1398.0,0.0
3583,0.0,1892.0,11.505484580993652,36.99,72.98563385009766,1983.0,0.0,1367.0,30.11056900024414,100.0,74.8283920288086,1398.0,0.0
3584,0.0,1892.0,11.505484580993652,36.99,72.98563385009766,1983.0,0.0,1367.0,30.11056900024414,100.0,74.8283920288086,1398.0,0.0
3585,0.0,1892.0,11.505484580993652,36.99,72.98563385009766,1983.0,0.0,1367.0,30.11056900024414,100.0,74.8283920288086,1398.0,0.0
3586,0.0,1892.0,22.299182891845703,36.99,77.04285430908203,1928.0,0.0,1367.0,14.260428428649902,100.0,74.77765655517578,1328.0,0.0
3587,0.0,1892.0,22.299182891845703,36.99,77.04285430908203,1928.0,0.0,1367.0,14.260428428649902,100.0,74.77765655517578,1328.0,0.0
3588,0.0,1892.0,22.299182891845703,36.99,77.04285430908203,1928.0,0.0,1367.0,14.260428428649902,100.0,74.77765655517578,1328.0,0.0
3589,0.0,1892.0,22.299182891845703,36.99,77.04285430908203,1928.0,0.0,1367.0,14.260428428649902,100.0,74.77765655517578,1328.0,0.0
3590,0.0,1892.0,22.299182891845703,36.99,77.04285430908203,1928.0,0.0,1367.0,14.260428428649902,100.0,74.77765655517578,1328.0,0.0
3591,0.0,1892.0,23.248390197753903,36.99,77.28620910644531,1949.0,0.0,1367.0,0.152542158961296,100.0,64.50382995605469,464.0,0.0
3592,0.0,1892.0,23.248390197753903,36.99,77.28620910644531,1949.0,0.0,1367.0,0.152542158961296,100.0,64.50382995605469,464.0,0.0
3593,0.0,1892.0,23.248390197753903,36.99,77.28620910644531,1949.0,0.0,1367.0,0.152542158961296,100.0,64.50382995605469,464.0,0.0
3594,0.0,1892.0,23.248390197753903,36.99,77.28620910644531,1949.0,0.0,1367.0,0.152542158961296,100.0,64.50382995605469,464.0,0.0
3595,0.0,1892.0,23.248390197753903,36.99,77.28620910644531,1949.0,0.0,1367.0,0.152542158961296,100.0,64.50382995605469,464.0,0.0
3596,0.0,1892.0,23.26375961303711,36.99,77.06047821044922,2058.0,0.0,1367.0,0.4639865756034851,100.0,63.270164489746094,499.0,0.0
3597,0.0,1892.0,23.26375961303711,36.99,77.06047821044922,2058.0,0.0,1367.0,0.4639865756034851,100.0,63.270164489746094,499.0,0.0
3598,0.0,1892.0,23.26375961303711,36.99,77.06047821044922,2058.0,0.0,1367.0,0.4639865756034851,100.0,63.270164489746094,499.0,0.0
3599,0.0,1892.0,23.26375961303711,36.99,77.06047821044922,2058.0,0.0,1367.0,0.4639865756034851,100.0,63.270164489746094,499.0,0.0
3600,0.0,1892.0,23.26375961303711,36.99,77.06047821044922,2058.0,0.0,1367.0,0.4639865756034851,100.0,63.270164489746094,499.0,0.0
3601,0.0,1892.0,22.82650375366211,36.99,76.45429992675781,2043.0,0.0,1367.0,0.1271364837884903,100.0,62.9087028503418,493.0,0.0
3602,0.0,1892.0,22.82650375366211,36.99,76.45429992675781,2043.0,0.0,1367.0,0.1271364837884903,100.0,62.9087028503418,493.0,0.0
3603,0.0,1892.0,22.82650375366211,36.99,76.45429992675781,2043.0,0.0,1367.0,0.1271364837884903,100.0,62.9087028503418,493.0,0.0
3604,0.0,1892.0,22.82650375366211,36.99,76.45429992675781,2043.0,0.0,1367.0,0.1271364837884903,100.0,62.9087028503418,493.0,0.0
3605,0.0,1892.0,22.82650375366211,36.99,76.45429992675781,2043.0,0.0,1367.0,0.1271364837884903,100.0,62.9087028503418,493.0,0.0
3606,0.0,1892.0,17.51435661315918,36.99,75.54479217529297,2077.0,0.0,1367.0,8.419970512390137,100.0,62.25383377075195,761.0,0.0
3607,0.0,1892.0,17.51435661315918,36.99,75.54479217529297,2077.0,0.0,1367.0,8.419970512390137,100.0,62.25383377075195,761.0,0.0
3608,0.0,1892.0,17.51435661315918,36.99,75.54479217529297,2077.0,0.0,1367.0,8.419970512390137,100.0,62.25383377075195,761.0,0.0
3609,0.0,1892.0,17.51435661315918,36.99,75.54479217529297,2077.0,0.0,1367.0,8.419970512390137,100.0,62.25383377075195,761.0,0.0
3610,0.0,1892.0,17.51435661315918,36.99,75.54479217529297,2077.0,0.0,1367.0,8.419970512390137,100.0,62.25383377075195,761.0,0.0
3611,0.0,1892.0,6.235271453857422,36.99,71.90408325195312,2022.0,0.0,1367.0,29.924543380737305,100.0,71.05499267578125,1398.0,0.0
3612,0.0,1892.0,6.235271453857422,36.99,71.90408325195312,2022.0,0.0,1367.0,29.924543380737305,100.0,71.05499267578125,1398.0,0.0
3613,0.0,1892.0,6.235271453857422,36.99,71.90408325195312,2022.0,0.0,1367.0,29.924543380737305,100.0,71.05499267578125,1398.0,0.0
3614,0.0,1892.0,6.235271453857422,36.99,71.90408325195312,2022.0,0.0,1367.0,29.924543380737305,100.0,71.05499267578125,1398.0,0.0
3615,0.0,1892.0,6.235271453857422,36.99,71.90408325195312,2022.0,0.0,1367.0,29.924543380737305,100.0,71.05499267578125,1398.0,0.0
3616,0.0,1892.0,10.543258666992188,36.99,70.57657623291016,2243.0,0.0,1367.0,29.99201202392578,100.0,73.64665985107422,1398.0,0.0
3617,0.0,1892.0,10.543258666992188,36.99,70.57657623291016,2243.0,0.0,1367.0,29.99201202392578,100.0,73.64665985107422,1398.0,0.0
3618,0.0,1892.0,10.543258666992188,36.99,70.57657623291016,2243.0,0.0,1367.0,29.99201202392578,100.0,73.64665985107422,1398.0,0.0
3619,0.0,1892.0,10.543258666992188,36.99,70.57657623291016,2243.0,0.0,1367.0,29.99201202392578,100.0,73.64665985107422,1398.0,0.0
3620,0.0,1892.0,10.543258666992188,36.99,70.57657623291016,2243.0,0.0,1367.0,29.99201202392578,100.0,73.64665985107422,1398.0,0.0
3621,0.0,1892.0,10.238323211669922,36.99,72.64813232421875,2059.0,0.0,1367.0,30.017322540283203,100.0,74.38953399658203,1398.0,0.0
3622,0.0,1892.0,10.238323211669922,36.99,72.64813232421875,2059.0,0.0,1367.0,30.017322540283203,100.0,74.38953399658203,1398.0,0.0
3623,0.0,1892.0,10.238323211669922,36.99,72.64813232421875,2059.0,0.0,1367.0,30.017322540283203,100.0,74.38953399658203,1398.0,0.0
3624,0.0,1892.0,10.238323211669922,36.99,72.64813232421875,2059.0,0.0,1367.0,30.017322540283203,100.0,74.38953399658203,1398.0,0.0
3625,0.0,1892.0,10.238323211669922,36.99,72.64813232421875,2059.0,0.0,1367.0,30.017322540283203,100.0,74.38953399658203,1398.0,0.0
3626,0.0,1892.0,8.071770668029785,36.99,72.16613006591797,2061.0,0.0,1367.0,29.887035369873047,100.0,74.71717071533203,1398.0,0.0
3627,0.0,1892.0,8.071770668029785,36.99,72.16613006591797,2061.0,0.0,1367.0,29.887035369873047,100.0,74.71717071533203,1398.0,0.0
3628,0.0,1892.0,8.071770668029785,36.99,72.16613006591797,2061.0,0.0,1367.0,29.887035369873047,100.0,74.71717071533203,1398.0,0.0
3629,0.0,1892.0,8.071770668029785,36.99,72.16613006591797,2061.0,0.0,1367.0,29.887035369873047,100.0,74.71717071533203,1398.0,0.0
3630,0.0,1892.0,8.071770668029785,36.99,72.16613006591797,2061.0,0.0,1367.0,29.887035369873047,100.0,74.71717071533203,1398.0,0.0
3631,0.0,1892.0,16.805940628051758,36.99,72.13970947265625,1869.0,0.0,1367.0,29.95794677734375,100.0,74.85602569580078,1398.0,0.0
3632,0.0,1892.0,16.805940628051758,36.99,72.13970947265625,1869.0,0.0,1367.0,29.95794677734375,100.0,74.85602569580078,1398.0,0.0
3633,0.0,1892.0,16.805940628051758,36.99,72.13970947265625,1869.0,0.0,1367.0,29.95794677734375,100.0,74.85602569580078,1398.0,0.0
3634,0.0,1892.0,16.805940628051758,36.99,72.13970947265625,1869.0,0.0,1367.0,29.95794677734375,100.0,74.85602569580078,1398.0,0.0
3635,0.0,1892.0,16.805940628051758,36.99,72.13970947265625,1869.0,0.0,1367.0,29.95794677734375,100.0,74.85602569580078,1398.0,0.0
3636,0.0,1892.0,16.805940628051758,36.99,72.13970947265625,1869.0,0.0,1367.0,29.95794677734375,100.0,74.85602569580078,1398.0,0.0
3637,0.0,1892.0,22.68851089477539,36.99,77.57730102539062,1779.0,0.0,1367.0,2.9312849044799805,100.0,75.31529235839844,934.0,0.0
3638,0.0,1892.0,22.68851089477539,36.99,77.57730102539062,1779.0,0.0,1367.0,2.9312849044799805,100.0,75.31529235839844,934.0,0.0
3639,0.0,1892.0,22.68851089477539,36.99,77.57730102539062,1779.0,0.0,1367.0,2.9312849044799805,100.0,75.31529235839844,934.0,0.0
3640,0.0,1892.0,22.68851089477539,36.99,77.57730102539062,1779.0,0.0,1367.0,2.9312849044799805,100.0,75.31529235839844,934.0,0.0
3641,0.0,1892.0,22.68851089477539,36.99,77.57730102539062,1779.0,0.0,1367.0,2.9312849044799805,100.0,75.31529235839844,934.0,0.0
3642,0.0,1892.0,23.040782928466797,36.99,77.3853988647461,2082.0,0.0,1367.0,0.1523603945970535,100.0,64.68470764160156,444.0,0.0
3643,0.0,1892.0,23.040782928466797,36.99,77.3853988647461,2082.0,0.0,1367.0,0.1523603945970535,100.0,64.68470764160156,444.0,0.0
3644,0.0,1892.0,23.040782928466797,36.99,77.3853988647461,2082.0,0.0,1367.0,0.1523603945970535,100.0,64.68470764160156,444.0,0.0
3645,0.0,1892.0,23.040782928466797,36.99,77.3853988647461,2082.0,0.0,1367.0,0.1523603945970535,100.0,64.68470764160156,444.0,0.0
3646,0.0,1892.0,23.040782928466797,36.99,77.3853988647461,2082.0,0.0,1367.0,0.1523603945970535,100.0,64.68470764160156,444.0,0.0
3647,0.0,1892.0,23.98623275756836,36.99,77.02704620361328,2107.0,0.0,1367.0,0.4153904914855957,100.0,63.26190948486328,444.0,0.0
3648,0.0,1892.0,23.98623275756836,36.99,77.02704620361328,2107.0,0.0,1367.0,0.4153904914855957,100.0,63.26190948486328,444.0,0.0
3649,0.0,1892.0,23.98623275756836,36.99,77.02704620361328,2107.0,0.0,1367.0,0.4153904914855957,100.0,63.26190948486328,444.0,0.0
3650,0.0,1892.0,23.98623275756836,36.99,77.02704620361328,2107.0,0.0,1367.0,0.4153904914855957,100.0,63.26190948486328,444.0,0.0
3651,0.0,1892.0,23.98623275756836,36.99,77.02704620361328,2107.0,0.0,1367.0,0.4153904914855957,100.0,63.26190948486328,444.0,0.0
3652,0.0,1892.0,22.277660369873047,36.99,77.15853118896484,2218.0,0.0,1367.0,0.1719790995121002,100.0,63.109130859375,489.0,0.0
3653,0.0,1892.0,22.277660369873047,36.99,77.15853118896484,2218.0,0.0,1367.0,0.1719790995121002,100.0,63.109130859375,489.0,0.0
3654,0.0,1892.0,22.277660369873047,36.99,77.15853118896484,2218.0,0.0,1367.0,0.1719790995121002,100.0,63.109130859375,489.0,0.0
3655,0.0,1892.0,22.277660369873047,36.99,77.15853118896484,2218.0,0.0,1367.0,0.1719790995121002,100.0,63.109130859375,489.0,0.0
3656,0.0,1892.0,22.277660369873047,36.99,77.15853118896484,2218.0,0.0,1367.0,0.1719790995121002,100.0,63.109130859375,489.0,0.0
3657,0.0,1892.0,10.515719413757324,36.99,75.82687377929688,1925.0,0.0,1367.0,19.248512268066406,100.0,62.52043533325195,1123.0,0.0
3658,0.0,1892.0,10.515719413757324,36.99,75.82687377929688,1925.0,0.0,1367.0,19.248512268066406,100.0,62.52043533325195,1123.0,0.0
3659,0.0,1892.0,10.515719413757324,36.99,75.82687377929688,1925.0,0.0,1367.0,19.248512268066406,100.0,62.52043533325195,1123.0,0.0
3660,0.0,1892.0,10.515719413757324,36.99,75.82687377929688,1925.0,0.0,1367.0,19.248512268066406,100.0,62.52043533325195,1123.0,0.0
3661,0.0,1892.0,10.515719413757324,36.99,75.82687377929688,1925.0,0.0,1367.0,19.248512268066406,100.0,62.52043533325195,1123.0,0.0
3662,0.0009727626456879,1892.0,5.472139835357666,36.99,68.26626586914062,1872.0,0.0,1367.0,29.898406982421875,100.0,71.4961166381836,1398.0,0.0
3663,0.0009727626456879,1892.0,5.472139835357666,36.99,68.26626586914062,1872.0,0.0,1367.0,29.898406982421875,100.0,71.4961166381836,1398.0,0.0
3664,0.0009727626456879,1892.0,5.472139835357666,36.99,68.26626586914062,1872.0,0.0,1367.0,29.898406982421875,100.0,71.4961166381836,1398.0,0.0
3665,0.0009727626456879,1892.0,5.472139835357666,36.99,68.26626586914062,1872.0,0.0,1367.0,29.898406982421875,100.0,71.4961166381836,1398.0,0.0
3666,0.0009727626456879,1892.0,5.472139835357666,36.99,68.26626586914062,1872.0,0.0,1367.0,29.898406982421875,100.0,71.4961166381836,1398.0,0.0
3667,0.0,1892.0,5.789992809295654,36.99,69.38404083251953,2071.0,0.0,1367.0,30.14256477355957,100.0,73.87910461425781,1398.0,0.0
3668,0.0,1892.0,5.789992809295654,36.99,69.38404083251953,2071.0,0.0,1367.0,30.14256477355957,100.0,73.87910461425781,1398.0,0.0
3669,0.0,1892.0,5.789992809295654,36.99,69.38404083251953,2071.0,0.0,1367.0,30.14256477355957,100.0,73.87910461425781,1398.0,0.0
3670,0.0,1892.0,5.789992809295654,36.99,69.38404083251953,2071.0,0.0,1367.0,30.14256477355957,100.0,73.87910461425781,1398.0,0.0
3671,0.0,1892.0,5.789992809295654,36.99,69.38404083251953,2071.0,0.0,1367.0,30.14256477355957,100.0,73.87910461425781,1398.0,0.0
3672,0.0,1892.0,5.643455982208252,36.99,68.19802856445312,2063.0,0.0,1367.0,29.772186279296875,100.0,74.00312042236328,1398.0,0.0
3673,0.0,1892.0,5.643455982208252,36.99,68.19802856445312,2063.0,0.0,1367.0,29.772186279296875,100.0,74.00312042236328,1398.0,0.0
3674,0.0,1892.0,5.643455982208252,36.99,68.19802856445312,2063.0,0.0,1367.0,29.772186279296875,100.0,74.00312042236328,1398.0,0.0
3675,0.0,1892.0,5.643455982208252,36.99,68.19802856445312,2063.0,0.0,1367.0,29.772186279296875,100.0,74.00312042236328,1398.0,0.0
3676,0.0,1892.0,5.643455982208252,36.99,68.19802856445312,2063.0,0.0,1367.0,29.772186279296875,100.0,74.00312042236328,1398.0,0.0
3677,0.0,1892.0,9.149907112121582,36.99,71.52139282226562,2045.0,0.0,1367.0,30.057647705078125,100.0,74.5311508178711,1398.0,0.0
3678,0.0,1892.0,9.149907112121582,36.99,71.52139282226562,2045.0,0.0,1367.0,30.057647705078125,100.0,74.5311508178711,1398.0,0.0
3679,0.0,1892.0,9.149907112121582,36.99,71.52139282226562,2045.0,0.0,1367.0,30.057647705078125,100.0,74.5311508178711,1398.0,0.0
3680,0.0,1892.0,9.149907112121582,36.99,71.52139282226562,2045.0,0.0,1367.0,30.057647705078125,100.0,74.5311508178711,1398.0,0.0
3681,0.0,1892.0,9.149907112121582,36.99,71.52139282226562,2045.0,0.0,1367.0,30.057647705078125,100.0,74.5311508178711,1398.0,0.0
3682,0.0,1892.0,22.080217361450195,36.99,77.78282928466797,1765.0,0.0,1367.0,20.699657440185547,100.0,75.14351654052734,1202.0,0.0
3683,0.0,1892.0,22.080217361450195,36.99,77.78282928466797,1765.0,0.0,1367.0,20.699657440185547,100.0,75.14351654052734,1202.0,0.0
3684,0.0,1892.0,22.080217361450195,36.99,77.78282928466797,1765.0,0.0,1367.0,20.699657440185547,100.0,75.14351654052734,1202.0,0.0
3685,0.0,1892.0,22.080217361450195,36.99,77.78282928466797,1765.0,0.0,1367.0,20.699657440185547,100.0,75.14351654052734,1202.0,0.0
3686,0.0,1892.0,22.080217361450195,36.99,77.78282928466797,1765.0,0.0,1367.0,20.699657440185547,100.0,75.14351654052734,1202.0,0.0
3687,0.0,1892.0,23.083852767944336,36.99,77.42892456054688,1835.0,0.0,1367.0,0.1199421435594558,100.0,64.13539123535156,458.0,0.0
3688,0.0,1892.0,23.083852767944336,36.99,77.42892456054688,1835.0,0.0,1367.0,0.1199421435594558,100.0,64.13539123535156,458.0,0.0
3689,0.0,1892.0,23.083852767944336,36.99,77.42892456054688,1835.0,0.0,1367.0,0.1199421435594558,100.0,64.13539123535156,458.0,0.0
3690,0.0,1892.0,23.083852767944336,36.99,77.42892456054688,1835.0,0.0,1367.0,0.1199421435594558,100.0,64.13539123535156,458.0,0.0
3691,0.0,1892.0,23.083852767944336,36.99,77.42892456054688,1835.0,0.0,1367.0,0.1199421435594558,100.0,64.13539123535156,458.0,0.0
3692,0.0,1892.0,23.083852767944336,36.99,77.42892456054688,1835.0,0.0,1367.0,0.1199421435594558,100.0,64.13539123535156,458.0,0.0
3693,0.0,1892.0,24.312049865722656,36.99,77.5731430053711,2249.0,0.0,1367.0,0.1719589382410049,100.0,63.29863357543945,444.0,0.0
3694,0.0,1892.0,24.312049865722656,36.99,77.5731430053711,2249.0,0.0,1367.0,0.1719589382410049,100.0,63.29863357543945,444.0,0.0
3695,0.0,1892.0,24.312049865722656,36.99,77.5731430053711,2249.0,0.0,1367.0,0.1719589382410049,100.0,63.29863357543945,444.0,0.0
3696,0.0,1892.0,24.312049865722656,36.99,77.5731430053711,2249.0,0.0,1367.0,0.1719589382410049,100.0,63.29863357543945,444.0,0.0
3697,0.0,1892.0,24.312049865722656,36.99,77.5731430053711,2249.0,0.0,1367.0,0.1719589382410049,100.0,63.29863357543945,444.0,0.0
3698,0.0,1892.0,24.72627639770508,36.99,77.25431060791016,2406.0,0.0,1367.0,0.2946801781654358,100.0,63.08634567260742,444.0,0.0
3699,0.0,1892.0,24.72627639770508,36.99,77.25431060791016,2406.0,0.0,1367.0,0.2946801781654358,100.0,63.08634567260742,444.0,0.0
3700,0.0,1892.0,24.72627639770508,36.99,77.25431060791016,2406.0,0.0,1367.0,0.2946801781654358,100.0,63.08634567260742,444.0,0.0
3701,0.0,1892.0,24.72627639770508,36.99,77.25431060791016,2406.0,0.0,1367.0,0.2946801781654358,100.0,63.08634567260742,444.0,0.0
3702,0.0,1892.0,24.72627639770508,36.99,77.25431060791016,2406.0,0.0,1367.0,0.2946801781654358,100.0,63.08634567260742,444.0,0.0
3703,0.0,1892.0,21.598766326904297,36.99,76.49646759033203,1982.0,0.0,1367.0,1.3876086473464966,100.0,62.689353942871094,529.0,0.0
3704,0.0,1892.0,21.598766326904297,36.99,76.49646759033203,1982.0,0.0,1367.0,1.3876086473464966,100.0,62.689353942871094,529.0,0.0
3705,0.0,1892.0,21.598766326904297,36.99,76.49646759033203,1982.0,0.0,1367.0,1.3876086473464966,100.0,62.689353942871094,529.0,0.0
3706,0.0,1892.0,21.598766326904297,36.99,76.49646759033203,1982.0,0.0,1367.0,1.3876086473464966,100.0,62.689353942871094,529.0,0.0
3707,0.0,1892.0,21.598766326904297,36.99,76.49646759033203,1982.0,0.0,1367.0,1.3876086473464966,100.0,62.689353942871094,529.0,0.0
3708,0.0,1892.0,9.17328929901123,36.99,72.89195251464844,2027.0,0.0,1367.0,29.90961647033691,100.0,71.02998352050781,1398.0,0.0
3709,0.0,1892.0,9.17328929901123,36.99,72.89195251464844,2027.0,0.0,1367.0,29.90961647033691,100.0,71.02998352050781,1398.0,0.0
3710,0.0,1892.0,9.17328929901123,36.99,72.89195251464844,2027.0,0.0,1367.0,29.90961647033691,100.0,71.02998352050781,1398.0,0.0
3711,0.0,1892.0,9.17328929901123,36.99,72.89195251464844,2027.0,0.0,1367.0,29.90961647033691,100.0,71.02998352050781,1398.0,0.0
3712,0.0,1892.0,9.17328929901123,36.99,72.89195251464844,2027.0,0.0,1367.0,29.90961647033691,100.0,71.02998352050781,1398.0,0.0
3713,0.0,1892.0,9.618607521057127,36.99,72.42920684814453,2054.0,0.0,1367.0,30.246007919311523,100.0,74.08004760742188,1398.0,0.0
3714,0.0,1892.0,9.618607521057127,36.99,72.42920684814453,2054.0,0.0,1367.0,30.246007919311523,100.0,74.08004760742188,1398.0,0.0
3715,0.0,1892.0,9.618607521057127,36.99,72.42920684814453,2054.0,0.0,1367.0,30.246007919311523,100.0,74.08004760742188,1398.0,0.0
3716,0.0,1892.0,9.618607521057127,36.99,72.42920684814453,2054.0,0.0,1367.0,30.246007919311523,100.0,74.08004760742188,1398.0,0.0
3717,0.0,1892.0,9.618607521057127,36.99,72.42920684814453,2054.0,0.0,1367.0,30.246007919311523,100.0,74.08004760742188,1398.0,0.0
3718,0.0,1892.0,6.135293006896973,36.99,71.29846954345703,2092.0,0.0,1367.0,29.99449348449707,100.0,74.51702880859375,1398.0,0.0
3719,0.0,1892.0,6.135293006896973,36.99,71.29846954345703,2092.0,0.0,1367.0,29.99449348449707,100.0,74.51702880859375,1398.0,0.0
3720,0.0,1892.0,6.135293006896973,36.99,71.29846954345703,2092.0,0.0,1367.0,29.99449348449707,100.0,74.51702880859375,1398.0,0.0
3721,0.0,1892.0,6.135293006896973,36.99,71.29846954345703,2092.0,0.0,1367.0,29.99449348449707,100.0,74.51702880859375,1398.0,0.0
3722,0.0,1892.0,6.135293006896973,36.99,71.29846954345703,2092.0,0.0,1367.0,29.99449348449707,100.0,74.51702880859375,1398.0,0.0
3723,0.0,1892.0,6.810959815979004,36.99,69.80364227294922,2139.0,0.0,1367.0,30.28202438354492,100.0,74.61538696289062,1398.0,0.0
3724,0.0,1892.0,6.810959815979004,36.99,69.80364227294922,2139.0,0.0,1367.0,30.28202438354492,100.0,74.61538696289062,1398.0,0.0
3725,0.0,1892.0,6.810959815979004,36.99,69.80364227294922,2139.0,0.0,1367.0,30.28202438354492,100.0,74.61538696289062,1398.0,0.0
3726,0.0,1892.0,6.810959815979004,36.99,69.80364227294922,2139.0,0.0,1367.0,30.28202438354492,100.0,74.61538696289062,1398.0,0.0
3727,0.0,1892.0,6.810959815979004,36.99,69.80364227294922,2139.0,0.0,1367.0,30.28202438354492,100.0,74.61538696289062,1398.0,0.0
3728,0.0,1892.0,10.698479652404783,36.99,69.90776062011719,1928.0,0.0,1367.0,29.88782119750977,100.0,74.95052337646484,1398.0,0.0
3729,0.0,1892.0,10.698479652404783,36.99,69.90776062011719,1928.0,0.0,1367.0,29.88782119750977,100.0,74.95052337646484,1398.0,0.0
3730,0.0,1892.0,10.698479652404783,36.99,69.90776062011719,1928.0,0.0,1367.0,29.88782119750977,100.0,74.95052337646484,1398.0,0.0
3731,0.0,1892.0,10.698479652404783,36.99,69.90776062011719,1928.0,0.0,1367.0,29.88782119750977,100.0,74.95052337646484,1398.0,0.0
3732,0.0,1892.0,10.698479652404783,36.99,69.90776062011719,1928.0,0.0,1367.0,29.88782119750977,100.0,74.95052337646484,1398.0,0.0
3733,0.0,1892.0,22.745540618896484,36.99,75.98487091064453,1800.0,0.0,1367.0,8.454622268676758,100.0,75.36143493652344,946.0,0.0
3734,0.0,1892.0,22.745540618896484,36.99,75.98487091064453,1800.0,0.0,1367.0,8.454622268676758,100.0,75.36143493652344,946.0,0.0
3735,0.0,1892.0,22.745540618896484,36.99,75.98487091064453,1800.0,0.0,1367.0,8.454622268676758,100.0,75.36143493652344,946.0,0.0
3736,0.0,1892.0,22.745540618896484,36.99,75.98487091064453,1800.0,0.0,1367.0,8.454622268676758,100.0,75.36143493652344,946.0,0.0
3737,0.0,1892.0,22.745540618896484,36.99,75.98487091064453,1800.0,0.0,1367.0,8.454622268676758,100.0,75.36143493652344,946.0,0.0
3738,0.0,1892.0,23.837308883666992,36.99,77.5977554321289,2125.0,0.0,1367.0,0.2969712018966675,100.0,64.01110076904297,494.0,0.0
3739,0.0,1892.0,23.837308883666992,36.99,77.5977554321289,2125.0,0.0,1367.0,0.2969712018966675,100.0,64.01110076904297,494.0,0.0
3740,0.0,1892.0,23.837308883666992,36.99,77.5977554321289,2125.0,0.0,1367.0,0.2969712018966675,100.0,64.01110076904297,494.0,0.0
3741,0.0,1892.0,23.837308883666992,36.99,77.5977554321289,2125.0,0.0,1367.0,0.2969712018966675,100.0,64.01110076904297,494.0,0.0
3742,0.0,1892.0,23.837308883666992,36.99,77.5977554321289,2125.0,0.0,1367.0,0.2969712018966675,100.0,64.01110076904297,494.0,0.0
3743,0.0,1892.0,23.59239196777344,36.99,77.4060287475586,2019.0,0.0,1367.0,0.2070680856704712,100.0,63.546592712402344,471.0,0.0
3744,0.0,1892.0,23.59239196777344,36.99,77.4060287475586,2019.0,0.0,1367.0,0.2070680856704712,100.0,63.546592712402344,471.0,0.0
3745,0.0,1892.0,23.59239196777344,36.99,77.4060287475586,2019.0,0.0,1367.0,0.2070680856704712,100.0,63.546592712402344,471.0,0.0
3746,0.0,1892.0,23.59239196777344,36.99,77.4060287475586,2019.0,0.0,1367.0,0.2070680856704712,100.0,63.546592712402344,471.0,0.0
3747,0.0,1892.0,23.59239196777344,36.99,77.4060287475586,2019.0,0.0,1367.0,0.2070680856704712,100.0,63.546592712402344,471.0,0.0
3748,0.0,1892.0,23.59239196777344,36.99,77.4060287475586,2019.0,0.0,1367.0,0.2070680856704712,100.0,63.546592712402344,471.0,0.0
3749,0.0,1892.0,23.4592342376709,36.99,76.72122192382812,1920.0,0.0,1367.0,0.1240392625331878,100.0,62.9007682800293,474.0,0.0
3750,0.0,1892.0,23.4592342376709,36.99,76.72122192382812,1920.0,0.0,1367.0,0.1240392625331878,100.0,62.9007682800293,474.0,0.0
3751,0.0,1892.0,23.4592342376709,36.99,76.72122192382812,1920.0,0.0,1367.0,0.1240392625331878,100.0,62.9007682800293,474.0,0.0
3752,0.0,1892.0,23.4592342376709,36.99,76.72122192382812,1920.0,0.0,1367.0,0.1240392625331878,100.0,62.9007682800293,474.0,0.0
3753,0.0,1892.0,23.4592342376709,36.99,76.72122192382812,1920.0,0.0,1367.0,0.1240392625331878,100.0,62.9007682800293,474.0,0.0
3754,0.0,1892.0,16.940610885620117,36.99,76.62268829345703,2066.0,0.0,1367.0,13.71835231781006,100.0,62.59160232543945,896.0,0.0
3755,0.0,1892.0,16.940610885620117,36.99,76.62268829345703,2066.0,0.0,1367.0,13.71835231781006,100.0,62.59160232543945,896.0,0.0
3756,0.0,1892.0,16.940610885620117,36.99,76.62268829345703,2066.0,0.0,1367.0,13.71835231781006,100.0,62.59160232543945,896.0,0.0
3757,0.0,1892.0,16.940610885620117,36.99,76.62268829345703,2066.0,0.0,1367.0,13.71835231781006,100.0,62.59160232543945,896.0,0.0
3758,0.0,1892.0,16.940610885620117,36.99,76.62268829345703,2066.0,0.0,1367.0,13.71835231781006,100.0,62.59160232543945,896.0,0.0
3759,0.0,1892.0,9.577110290527344,36.99,73.66266632080078,1826.0,0.0,1367.0,30.062353134155273,100.0,70.74632263183594,1398.0,0.0
3760,0.0,1892.0,9.577110290527344,36.99,73.66266632080078,1826.0,0.0,1367.0,30.062353134155273,100.0,70.74632263183594,1398.0,0.0
3761,0.0,1892.0,9.577110290527344,36.99,73.66266632080078,1826.0,0.0,1367.0,30.062353134155273,100.0,70.74632263183594,1398.0,0.0
3762,0.0,1892.0,9.577110290527344,36.99,73.66266632080078,1826.0,0.0,1367.0,30.062353134155273,100.0,70.74632263183594,1398.0,0.0
3763,0.0,1892.0,9.577110290527344,36.99,73.66266632080078,1826.0,0.0,1367.0,30.062353134155273,100.0,70.74632263183594,1398.0,0.0
3764,0.0,1892.0,6.5883588790893555,36.99,72.00291442871094,2188.0,0.0,1367.0,30.105121612548828,100.0,74.1607666015625,1398.0,0.0
3765,0.0,1892.0,6.5883588790893555,36.99,72.00291442871094,2188.0,0.0,1367.0,30.105121612548828,100.0,74.1607666015625,1398.0,0.0
3766,0.0,1892.0,6.5883588790893555,36.99,72.00291442871094,2188.0,0.0,1367.0,30.105121612548828,100.0,74.1607666015625,1398.0,0.0
3767,0.0,1892.0,6.5883588790893555,36.99,72.00291442871094,2188.0,0.0,1367.0,30.105121612548828,100.0,74.1607666015625,1398.0,0.0
3768,0.0,1892.0,6.5883588790893555,36.99,72.00291442871094,2188.0,0.0,1367.0,30.105121612548828,100.0,74.1607666015625,1398.0,0.0
3769,0.0,1892.0,11.138534545898438,36.99,70.63435363769531,2054.0,0.0,1367.0,30.148582458496097,100.0,74.34239196777344,1398.0,0.0
3770,0.0,1892.0,11.138534545898438,36.99,70.63435363769531,2054.0,0.0,1367.0,30.148582458496097,100.0,74.34239196777344,1398.0,0.0
3771,0.0,1892.0,11.138534545898438,36.99,70.63435363769531,2054.0,0.0,1367.0,30.148582458496097,100.0,74.34239196777344,1398.0,0.0
3772,0.0,1892.0,11.138534545898438,36.99,70.63435363769531,2054.0,0.0,1367.0,30.148582458496097,100.0,74.34239196777344,1398.0,0.0
3773,0.0,1892.0,11.138534545898438,36.99,70.63435363769531,2054.0,0.0,1367.0,30.148582458496097,100.0,74.34239196777344,1398.0,0.0
3774,0.0,1892.0,8.951706886291504,36.99,73.38015747070312,2016.0,0.0,1367.0,30.125768661499023,100.0,75.009521484375,1398.0,0.0
3775,0.0,1892.0,8.951706886291504,36.99,73.38015747070312,2016.0,0.0,1367.0,30.125768661499023,100.0,75.009521484375,1398.0,0.0
3776,0.0,1892.0,8.951706886291504,36.99,73.38015747070312,2016.0,0.0,1367.0,30.125768661499023,100.0,75.009521484375,1398.0,0.0
3777,0.0,1892.0,8.951706886291504,36.99,73.38015747070312,2016.0,0.0,1367.0,30.125768661499023,100.0,75.009521484375,1398.0,0.0
3778,0.0,1892.0,8.951706886291504,36.99,73.38015747070312,2016.0,0.0,1367.0,30.125768661499023,100.0,75.009521484375,1398.0,0.0
3779,0.0,1892.0,17.14146614074707,36.99,72.52188110351562,1699.0,0.0,1367.0,26.735858917236328,100.0,75.2813949584961,1398.0,0.0
3780,0.0,1892.0,17.14146614074707,36.99,72.52188110351562,1699.0,0.0,1367.0,26.735858917236328,100.0,75.2813949584961,1398.0,0.0
3781,0.0,1892.0,17.14146614074707,36.99,72.52188110351562,1699.0,0.0,1367.0,26.735858917236328,100.0,75.2813949584961,1398.0,0.0
3782,0.0,1892.0,17.14146614074707,36.99,72.52188110351562,1699.0,0.0,1367.0,26.735858917236328,100.0,75.2813949584961,1398.0,0.0
3783,0.0,1892.0,17.14146614074707,36.99,72.52188110351562,1699.0,0.0,1367.0,26.735858917236328,100.0,75.2813949584961,1398.0,0.0
3784,0.0,1892.0,22.79943466186523,36.99,76.45040130615234,1730.0,0.0,1367.0,0.1306928843259811,100.0,66.67167663574219,333.0,0.0
3785,0.0,1892.0,22.79943466186523,36.99,76.45040130615234,1730.0,0.0,1367.0,0.1306928843259811,100.0,66.67167663574219,333.0,0.0
3786,0.0,1892.0,22.79943466186523,36.99,76.45040130615234,1730.0,0.0,1367.0,0.1306928843259811,100.0,66.67167663574219,333.0,0.0
3787,0.0,1892.0,22.79943466186523,36.99,76.45040130615234,1730.0,0.0,1367.0,0.1306928843259811,100.0,66.67167663574219,333.0,0.0
3788,0.0,1892.0,22.79943466186523,36.99,76.45040130615234,1730.0,0.0,1367.0,0.1306928843259811,100.0,66.67167663574219,333.0,0.0
3789,0.0,1892.0,22.90904998779297,36.99,76.86195373535156,1658.0,0.0,1367.0,0.1499655544757843,100.0,63.40456008911133,475.0,0.0
3790,0.0,1892.0,22.90904998779297,36.99,76.86195373535156,1658.0,0.0,1367.0,0.1499655544757843,100.0,63.40456008911133,475.0,0.0
3791,0.0,1892.0,22.90904998779297,36.99,76.86195373535156,1658.0,0.0,1367.0,0.1499655544757843,100.0,63.40456008911133,475.0,0.0
3792,0.0,1892.0,22.90904998779297,36.99,76.86195373535156,1658.0,0.0,1367.0,0.1499655544757843,100.0,63.40456008911133,475.0,0.0
3793,0.0,1892.0,22.90904998779297,36.99,76.86195373535156,1658.0,0.0,1367.0,0.1499655544757843,100.0,63.40456008911133,475.0,0.0
3794,0.0,1892.0,22.90904998779297,36.99,76.86195373535156,1658.0,0.0,1367.0,0.1499655544757843,100.0,63.40456008911133,475.0,0.0
3795,0.0,1892.0,23.02538299560547,36.99,75.65303802490234,1663.0,0.0,1367.0,0.0047722924500703,100.0,62.812744140625,333.0,0.0
3796,0.0,1892.0,23.02538299560547,36.99,75.65303802490234,1663.0,0.0,1367.0,0.0047722924500703,100.0,62.812744140625,333.0,0.0
3797,0.0,1892.0,23.02538299560547,36.99,75.65303802490234,1663.0,0.0,1367.0,0.0047722924500703,100.0,62.812744140625,333.0,0.0
3798,0.0,1892.0,23.02538299560547,36.99,75.65303802490234,1663.0,0.0,1367.0,0.0047722924500703,100.0,62.812744140625,333.0,0.0
3799,0.0,1892.0,23.02538299560547,36.99,75.65303802490234,1663.0,0.0,1367.0,0.0047722924500703,100.0,62.812744140625,333.0,0.0
3800,0.0,1892.0,22.881805419921875,36.99,74.81819915771484,1759.0,0.0,1367.0,0.0151450429111719,100.0,62.19919967651367,222.0,0.0
3801,0.0,1892.0,22.881805419921875,36.99,74.81819915771484,1759.0,0.0,1367.0,0.0151450429111719,100.0,62.19919967651367,222.0,0.0
3802,0.0,1892.0,22.881805419921875,36.99,74.81819915771484,1759.0,0.0,1367.0,0.0151450429111719,100.0,62.19919967651367,222.0,0.0
3803,0.0,1892.0,22.881805419921875,36.99,74.81819915771484,1759.0,0.0,1367.0,0.0151450429111719,100.0,62.19919967651367,222.0,0.0
3804,0.0,1892.0,22.881805419921875,36.99,74.81819915771484,1759.0,0.0,1367.0,0.0151450429111719,100.0,62.19919967651367,222.0,0.0
3805,0.0,1892.0,7.087795257568359,36.99,71.38017272949219,1709.0,0.0,1367.0,25.944339752197266,100.0,71.20468139648438,1340.0,0.0
3806,0.0,1892.0,7.087795257568359,36.99,71.38017272949219,1709.0,0.0,1367.0,25.944339752197266,100.0,71.20468139648438,1340.0,0.0
3807,0.0,1892.0,7.087795257568359,36.99,71.38017272949219,1709.0,0.0,1367.0,25.944339752197266,100.0,71.20468139648438,1340.0,0.0
3808,0.0,1892.0,7.087795257568359,36.99,71.38017272949219,1709.0,0.0,1367.0,25.944339752197266,100.0,71.20468139648438,1340.0,0.0
3809,0.0,1892.0,7.087795257568359,36.99,71.38017272949219,1709.0,0.0,1367.0,25.944339752197266,100.0,71.20468139648438,1340.0,0.0
3810,0.0,1892.0,5.478382587432861,36.99,68.05207061767578,1695.0,0.0,1367.0,29.908292770385746,100.0,73.42513275146484,1398.0,0.0
3811,0.0,1892.0,5.478382587432861,36.99,68.05207061767578,1695.0,0.0,1367.0,29.908292770385746,100.0,73.42513275146484,1398.0,0.0
3812,0.0,1892.0,5.478382587432861,36.99,68.05207061767578,1695.0,0.0,1367.0,29.908292770385746,100.0,73.42513275146484,1398.0,0.0
3813,0.0,1892.0,5.478382587432861,36.99,68.05207061767578,1695.0,0.0,1367.0,29.908292770385746,100.0,73.42513275146484,1398.0,0.0
3814,0.0,1892.0,5.478382587432861,36.99,68.05207061767578,1695.0,0.0,1367.0,29.908292770385746,100.0,73.42513275146484,1398.0,0.0
3815,0.0,1892.0,10.860223770141602,36.99,72.26673126220703,2140.0,0.0,1367.0,30.002166748046875,100.0,74.22045135498047,1398.0,0.0
3816,0.0,1892.0,10.860223770141602,36.99,72.26673126220703,2140.0,0.0,1367.0,30.002166748046875,100.0,74.22045135498047,1398.0,0.0
3817,0.0,1892.0,10.860223770141602,36.99,72.26673126220703,2140.0,0.0,1367.0,30.002166748046875,100.0,74.22045135498047,1398.0,0.0
3818,0.0,1892.0,10.860223770141602,36.99,72.26673126220703,2140.0,0.0,1367.0,30.002166748046875,100.0,74.22045135498047,1398.0,0.0
3819,0.0,1892.0,10.860223770141602,36.99,72.26673126220703,2140.0,0.0,1367.0,30.002166748046875,100.0,74.22045135498047,1398.0,0.0
3820,0.0,1892.0,9.336023330688477,36.99,72.83370208740234,2054.0,0.0,1367.0,29.986801147460938,100.0,74.91194915771484,1398.0,0.0
3821,0.0,1892.0,9.336023330688477,36.99,72.83370208740234,2054.0,0.0,1367.0,29.986801147460938,100.0,74.91194915771484,1398.0,0.0
3822,0.0,1892.0,9.336023330688477,36.99,72.83370208740234,2054.0,0.0,1367.0,29.986801147460938,100.0,74.91194915771484,1398.0,0.0
3823,0.0,1892.0,9.336023330688477,36.99,72.83370208740234,2054.0,0.0,1367.0,29.986801147460938,100.0,74.91194915771484,1398.0,0.0
3824,0.0,1892.0,9.336023330688477,36.99,72.83370208740234,2054.0,0.0,1367.0,29.986801147460938,100.0,74.91194915771484,1398.0,0.0
3825,0.0,1892.0,10.89108657836914,36.99,72.08497619628906,2126.0,0.0,1367.0,29.975679397583008,100.0,74.93842315673828,1398.0,0.0
3826,0.0,1892.0,10.89108657836914,36.99,72.08497619628906,2126.0,0.0,1367.0,29.975679397583008,100.0,74.93842315673828,1398.0,0.0
3827,0.0,1892.0,10.89108657836914,36.99,72.08497619628906,2126.0,0.0,1367.0,29.975679397583008,100.0,74.93842315673828,1398.0,0.0
3828,0.0,1892.0,10.89108657836914,36.99,72.08497619628906,2126.0,0.0,1367.0,29.975679397583008,100.0,74.93842315673828,1398.0,0.0
3829,0.0,1892.0,10.89108657836914,36.99,72.08497619628906,2126.0,0.0,1367.0,29.975679397583008,100.0,74.93842315673828,1398.0,0.0
3830,0.0,1892.0,22.95907211303711,36.99,77.76786041259766,1538.0,0.0,1367.0,14.782100677490234,100.0,75.4404525756836,960.0,0.0
3831,0.0,1892.0,22.95907211303711,36.99,77.76786041259766,1538.0,0.0,1367.0,14.782100677490234,100.0,75.4404525756836,960.0,0.0
3832,0.0,1892.0,22.95907211303711,36.99,77.76786041259766,1538.0,0.0,1367.0,14.782100677490234,100.0,75.4404525756836,960.0,0.0
3833,0.0,1892.0,22.95907211303711,36.99,77.76786041259766,1538.0,0.0,1367.0,14.782100677490234,100.0,75.4404525756836,960.0,0.0
3834,0.0,1892.0,22.95907211303711,36.99,77.76786041259766,1538.0,0.0,1367.0,14.782100677490234,100.0,75.4404525756836,960.0,0.0
3835,0.0,1892.0,22.862464904785156,36.99,78.05534362792969,1978.0,0.0,1367.0,0.5006061792373657,100.0,64.34690856933594,478.0,0.0
3836,0.0,1892.0,22.862464904785156,36.99,78.05534362792969,1978.0,0.0,1367.0,0.5006061792373657,100.0,64.34690856933594,478.0,0.0
3837,0.0,1892.0,22.862464904785156,36.99,78.05534362792969,1978.0,0.0,1367.0,0.5006061792373657,100.0,64.34690856933594,478.0,0.0
3838,0.0,1892.0,22.862464904785156,36.99,78.05534362792969,1978.0,0.0,1367.0,0.5006061792373657,100.0,64.34690856933594,478.0,0.0
3839,0.0,1892.0,22.862464904785156,36.99,78.05534362792969,1978.0,0.0,1367.0,0.5006061792373657,100.0,64.34690856933594,478.0,0.0
3840,0.0,1892.0,22.834644317626953,36.99,76.49978637695312,1616.0,0.0,1367.0,0.070584550499916,100.0,63.668182373046875,465.0,0.0
3841,0.0,1892.0,22.834644317626953,36.99,76.49978637695312,1616.0,0.0,1367.0,0.070584550499916,100.0,63.668182373046875,465.0,0.0
3842,0.0,1892.0,22.834644317626953,36.99,76.49978637695312,1616.0,0.0,1367.0,0.070584550499916,100.0,63.668182373046875,465.0,0.0
3843,0.0,1892.0,22.834644317626953,36.99,76.49978637695312,1616.0,0.0,1367.0,0.070584550499916,100.0,63.668182373046875,465.0,0.0
3844,0.0,1892.0,22.834644317626953,36.99,76.49978637695312,1616.0,0.0,1367.0,0.070584550499916,100.0,63.668182373046875,465.0,0.0
3845,0.0,1892.0,23.72608757019043,36.99,76.87061309814453,1891.0,0.0,1367.0,0.3360828757286072,100.0,62.9786262512207,518.0,0.0
3846,0.0,1892.0,23.72608757019043,36.99,76.87061309814453,1891.0,0.0,1367.0,0.3360828757286072,100.0,62.9786262512207,518.0,0.0
3847,0.0,1892.0,23.72608757019043,36.99,76.87061309814453,1891.0,0.0,1367.0,0.3360828757286072,100.0,62.9786262512207,518.0,0.0
3848,0.0,1892.0,23.72608757019043,36.99,76.87061309814453,1891.0,0.0,1367.0,0.3360828757286072,100.0,62.9786262512207,518.0,0.0
3849,0.0,1892.0,23.72608757019043,36.99,76.87061309814453,1891.0,0.0,1367.0,0.3360828757286072,100.0,62.9786262512207,518.0,0.0
3850,0.0,1892.0,18.617958068847656,36.99,76.6524429321289,2032.0,0.0,1367.0,7.404918193817139,100.0,62.8261604309082,719.0,0.0
3851,0.0,1892.0,18.617958068847656,36.99,76.6524429321289,2032.0,0.0,1367.0,7.404918193817139,100.0,62.8261604309082,719.0,0.0
3852,0.0,1892.0,18.617958068847656,36.99,76.6524429321289,2032.0,0.0,1367.0,7.404918193817139,100.0,62.8261604309082,719.0,0.0
3853,0.0,1892.0,18.617958068847656,36.99,76.6524429321289,2032.0,0.0,1367.0,7.404918193817139,100.0,62.8261604309082,719.0,0.0
3854,0.0,1892.0,18.617958068847656,36.99,76.6524429321289,2032.0,0.0,1367.0,7.404918193817139,100.0,62.8261604309082,719.0,0.0
3855,0.0,1892.0,18.617958068847656,36.99,76.6524429321289,2032.0,0.0,1367.0,7.404918193817139,100.0,62.8261604309082,719.0,0.0
3856,0.0,1892.0,5.493820667266846,36.99,72.5746078491211,2141.0,0.0,1367.0,29.772518157958984,100.0,70.8532485961914,1398.0,0.0
3857,0.0,1892.0,5.493820667266846,36.99,72.5746078491211,2141.0,0.0,1367.0,29.772518157958984,100.0,70.8532485961914,1398.0,0.0
3858,0.0,1892.0,5.493820667266846,36.99,72.5746078491211,2141.0,0.0,1367.0,29.772518157958984,100.0,70.8532485961914,1398.0,0.0
3859,0.0,1892.0,5.493820667266846,36.99,72.5746078491211,2141.0,0.0,1367.0,29.772518157958984,100.0,70.8532485961914,1398.0,0.0
3860,0.0,1892.0,5.493820667266846,36.99,72.5746078491211,2141.0,0.0,1367.0,29.772518157958984,100.0,70.8532485961914,1398.0,0.0
3861,0.0,1892.0,7.23237419128418,36.99,69.14837646484375,2008.0,0.0,1367.0,29.975326538085938,100.0,73.69806671142578,1398.0,0.0
3862,0.0,1892.0,7.23237419128418,36.99,69.14837646484375,2008.0,0.0,1367.0,29.975326538085938,100.0,73.69806671142578,1398.0,0.0
3863,0.0,1892.0,7.23237419128418,36.99,69.14837646484375,2008.0,0.0,1367.0,29.975326538085938,100.0,73.69806671142578,1398.0,0.0
3864,0.0,1892.0,7.23237419128418,36.99,69.14837646484375,2008.0,0.0,1367.0,29.975326538085938,100.0,73.69806671142578,1398.0,0.0
3865,0.0,1892.0,7.23237419128418,36.99,69.14837646484375,2008.0,0.0,1367.0,29.975326538085938,100.0,73.69806671142578,1398.0,0.0
3866,0.0,1892.0,10.923762321472168,36.99,72.17097473144531,1947.0,0.0,1367.0,30.05448532104492,100.0,74.37983703613281,1398.0,0.0
3867,0.0,1892.0,10.923762321472168,36.99,72.17097473144531,1947.0,0.0,1367.0,30.05448532104492,100.0,74.37983703613281,1398.0,0.0
3868,0.0,1892.0,10.923762321472168,36.99,72.17097473144531,1947.0,0.0,1367.0,30.05448532104492,100.0,74.37983703613281,1398.0,0.0
3869,0.0,1892.0,10.923762321472168,36.99,72.17097473144531,1947.0,0.0,1367.0,30.05448532104492,100.0,74.37983703613281,1398.0,0.0
3870,0.0,1892.0,10.923762321472168,36.99,72.17097473144531,1947.0,0.0,1367.0,30.05448532104492,100.0,74.37983703613281,1398.0,0.0
3871,0.0,1892.0,8.400148391723633,36.99,73.1274185180664,2124.0,0.0,1367.0,30.041772842407227,100.0,75.029052734375,1398.0,0.0
3872,0.0,1892.0,8.400148391723633,36.99,73.1274185180664,2124.0,0.0,1367.0,30.041772842407227,100.0,75.029052734375,1398.0,0.0
3873,0.0,1892.0,8.400148391723633,36.99,73.1274185180664,2124.0,0.0,1367.0,30.041772842407227,100.0,75.029052734375,1398.0,0.0
3874,0.0,1892.0,8.400148391723633,36.99,73.1274185180664,2124.0,0.0,1367.0,30.041772842407227,100.0,75.029052734375,1398.0,0.0
3875,0.0,1892.0,8.400148391723633,36.99,73.1274185180664,2124.0,0.0,1367.0,30.041772842407227,100.0,75.029052734375,1398.0,0.0
3876,0.0,1892.0,15.070419311523438,36.99,71.19601440429688,1878.0,0.0,1367.0,30.049962997436523,100.0,75.14713287353516,1398.0,0.0
3877,0.0,1892.0,15.070419311523438,36.99,71.19601440429688,1878.0,0.0,1367.0,30.049962997436523,100.0,75.14713287353516,1398.0,0.0
3878,0.0,1892.0,15.070419311523438,36.99,71.19601440429688,1878.0,0.0,1367.0,30.049962997436523,100.0,75.14713287353516,1398.0,0.0
3879,0.0,1892.0,15.070419311523438,36.99,71.19601440429688,1878.0,0.0,1367.0,30.049962997436523,100.0,75.14713287353516,1398.0,0.0
3880,0.0,1892.0,15.070419311523438,36.99,71.19601440429688,1878.0,0.0,1367.0,30.049962997436523,100.0,75.14713287353516,1398.0,0.0
3881,0.0,1892.0,23.376680374145508,36.99,77.85828399658203,1934.0,0.0,1367.0,3.917201280593872,100.0,75.03584289550781,847.0,0.0
3882,0.0,1892.0,23.376680374145508,36.99,77.85828399658203,1934.0,0.0,1367.0,3.917201280593872,100.0,75.03584289550781,847.0,0.0
3883,0.0,1892.0,23.376680374145508,36.99,77.85828399658203,1934.0,0.0,1367.0,3.917201280593872,100.0,75.03584289550781,847.0,0.0
3884,0.0,1892.0,23.376680374145508,36.99,77.85828399658203,1934.0,0.0,1367.0,3.917201280593872,100.0,75.03584289550781,847.0,0.0
3885,0.0,1892.0,23.376680374145508,36.99,77.85828399658203,1934.0,0.0,1367.0,3.917201280593872,100.0,75.03584289550781,847.0,0.0
3886,0.0,1892.0,22.91897201538086,36.99,78.22850036621094,2000.0,0.0,1367.0,0.4093372225761413,100.0,64.84927368164062,444.0,0.0
3887,0.0,1892.0,22.91897201538086,36.99,78.22850036621094,2000.0,0.0,1367.0,0.4093372225761413,100.0,64.84927368164062,444.0,0.0
3888,0.0,1892.0,22.91897201538086,36.99,78.22850036621094,2000.0,0.0,1367.0,0.4093372225761413,100.0,64.84927368164062,444.0,0.0
3889,0.0,1892.0,22.91897201538086,36.99,78.22850036621094,2000.0,0.0,1367.0,0.4093372225761413,100.0,64.84927368164062,444.0,0.0
3890,0.0,1892.0,22.91897201538086,36.99,78.22850036621094,2000.0,0.0,1367.0,0.4093372225761413,100.0,64.84927368164062,444.0,0.0
3891,0.0,1892.0,23.69430351257324,36.99,77.17866516113281,2111.0,0.0,1367.0,0.1388663500547409,100.0,63.83115768432617,487.0,0.0
3892,0.0,1892.0,23.69430351257324,36.99,77.17866516113281,2111.0,0.0,1367.0,0.1388663500547409,100.0,63.83115768432617,487.0,0.0
3893,0.0,1892.0,23.69430351257324,36.99,77.17866516113281,2111.0,0.0,1367.0,0.1388663500547409,100.0,63.83115768432617,487.0,0.0
3894,0.0,1892.0,23.69430351257324,36.99,77.17866516113281,2111.0,0.0,1367.0,0.1388663500547409,100.0,63.83115768432617,487.0,0.0
3895,0.0,1892.0,23.69430351257324,36.99,77.17866516113281,2111.0,0.0,1367.0,0.1388663500547409,100.0,63.83115768432617,487.0,0.0
3896,0.0,1892.0,23.04800033569336,36.99,77.19121551513672,2131.0,0.0,1367.0,0.1967989951372146,100.0,63.21886444091797,539.0,0.0
3897,0.0,1892.0,23.04800033569336,36.99,77.19121551513672,2131.0,0.0,1367.0,0.1967989951372146,100.0,63.21886444091797,539.0,0.0
3898,0.0,1892.0,23.04800033569336,36.99,77.19121551513672,2131.0,0.0,1367.0,0.1967989951372146,100.0,63.21886444091797,539.0,0.0
3899,0.0,1892.0,23.04800033569336,36.99,77.19121551513672,2131.0,0.0,1367.0,0.1967989951372146,100.0,63.21886444091797,539.0,0.0
3900,0.0,1892.0,23.04800033569336,36.99,77.19121551513672,2131.0,0.0,1367.0,0.1967989951372146,100.0,63.21886444091797,539.0,0.0
3901,0.0,1892.0,12.137617111206056,36.99,76.86570739746094,2088.0,0.0,1367.0,17.999242782592773,100.0,62.85951614379883,1063.0,0.0
3902,0.0,1892.0,12.137617111206056,36.99,76.86570739746094,2088.0,0.0,1367.0,17.999242782592773,100.0,62.85951614379883,1063.0,0.0
3903,0.0,1892.0,12.137617111206056,36.99,76.86570739746094,2088.0,0.0,1367.0,17.999242782592773,100.0,62.85951614379883,1063.0,0.0
3904,0.0,1892.0,12.137617111206056,36.99,76.86570739746094,2088.0,0.0,1367.0,17.999242782592773,100.0,62.85951614379883,1063.0,0.0
3905,0.0,1892.0,12.137617111206056,36.99,76.86570739746094,2088.0,0.0,1367.0,17.999242782592773,100.0,62.85951614379883,1063.0,0.0
3906,0.0,1892.0,12.137617111206056,36.99,76.86570739746094,2088.0,0.0,1367.0,17.999242782592773,100.0,62.85951614379883,1063.0,0.0
3907,0.0,1892.0,10.746746063232422,36.99,73.46241760253906,2008.0,0.0,1367.0,29.95219612121582,100.0,71.09611511230469,1398.0,0.0
3908,0.0,1892.0,10.746746063232422,36.99,73.46241760253906,2008.0,0.0,1367.0,29.95219612121582,100.0,71.09611511230469,1398.0,0.0
3909,0.0,1892.0,10.746746063232422,36.99,73.46241760253906,2008.0,0.0,1367.0,29.95219612121582,100.0,71.09611511230469,1398.0,0.0
3910,0.0,1892.0,10.746746063232422,36.99,73.46241760253906,2008.0,0.0,1367.0,29.95219612121582,100.0,71.09611511230469,1398.0,0.0
3911,0.0,1892.0,10.746746063232422,36.99,73.46241760253906,2008.0,0.0,1367.0,29.95219612121582,100.0,71.09611511230469,1398.0,0.0
3912,0.0,1892.0,7.409517288208008,36.99,71.47490692138672,2042.0,0.0,1367.0,29.880708694458008,100.0,74.6321792602539,1398.0,0.0
3913,0.0,1892.0,7.409517288208008,36.99,71.47490692138672,2042.0,0.0,1367.0,29.880708694458008,100.0,74.6321792602539,1398.0,0.0
3914,0.0,1892.0,7.409517288208008,36.99,71.47490692138672,2042.0,0.0,1367.0,29.880708694458008,100.0,74.6321792602539,1398.0,0.0
3915,0.0,1892.0,7.409517288208008,36.99,71.47490692138672,2042.0,0.0,1367.0,29.880708694458008,100.0,74.6321792602539,1398.0,0.0
3916,0.0,1892.0,7.409517288208008,36.99,71.47490692138672,2042.0,0.0,1367.0,29.880708694458008,100.0,74.6321792602539,1398.0,0.0
3917,0.0,1892.0,11.48776626586914,36.99,73.73040008544922,2048.0,0.0,1367.0,30.182004928588867,100.0,75.29165649414062,1398.0,0.0
3918,0.0,1892.0,11.48776626586914,36.99,73.73040008544922,2048.0,0.0,1367.0,30.182004928588867,100.0,75.29165649414062,1398.0,0.0
3919,0.0,1892.0,11.48776626586914,36.99,73.73040008544922,2048.0,0.0,1367.0,30.182004928588867,100.0,75.29165649414062,1398.0,0.0
3920,0.0,1892.0,11.48776626586914,36.99,73.73040008544922,2048.0,0.0,1367.0,30.182004928588867,100.0,75.29165649414062,1398.0,0.0
3921,0.0,1892.0,11.48776626586914,36.99,73.73040008544922,2048.0,0.0,1367.0,30.182004928588867,100.0,75.29165649414062,1398.0,0.0
3922,0.0,1892.0,9.631805419921877,36.99,73.02971649169922,2010.0,0.0,1367.0,30.303674697875977,100.0,75.57371520996094,1398.0,0.0
3923,0.0,1892.0,9.631805419921877,36.99,73.02971649169922,2010.0,0.0,1367.0,30.303674697875977,100.0,75.57371520996094,1398.0,0.0
3924,0.0,1892.0,9.631805419921877,36.99,73.02971649169922,2010.0,0.0,1367.0,30.303674697875977,100.0,75.57371520996094,1398.0,0.0
3925,0.0,1892.0,9.631805419921877,36.99,73.02971649169922,2010.0,0.0,1367.0,30.303674697875977,100.0,75.57371520996094,1398.0,0.0
3926,0.0,1892.0,9.631805419921877,36.99,73.02971649169922,2010.0,0.0,1367.0,30.303674697875977,100.0,75.57371520996094,1398.0,0.0
3927,0.0,1892.0,20.972749710083008,36.99,77.3236083984375,2009.0,0.0,1367.0,21.61130142211914,100.0,75.65830993652344,1360.0,0.0
3928,0.0,1892.0,20.972749710083008,36.99,77.3236083984375,2009.0,0.0,1367.0,21.61130142211914,100.0,75.65830993652344,1360.0,0.0
3929,0.0,1892.0,20.972749710083008,36.99,77.3236083984375,2009.0,0.0,1367.0,21.61130142211914,100.0,75.65830993652344,1360.0,0.0
3930,0.0,1892.0,20.972749710083008,36.99,77.3236083984375,2009.0,0.0,1367.0,21.61130142211914,100.0,75.65830993652344,1360.0,0.0
3931,0.0,1892.0,20.972749710083008,36.99,77.3236083984375,2009.0,0.0,1367.0,21.61130142211914,100.0,75.65830993652344,1360.0,0.0
3932,0.0,1892.0,23.69305992126465,36.99,78.41349792480469,2133.0,0.0,1367.0,0.3202602863311767,100.0,64.85771179199219,506.0,0.0
3933,0.0,1892.0,23.69305992126465,36.99,78.41349792480469,2133.0,0.0,1367.0,0.3202602863311767,100.0,64.85771179199219,506.0,0.0
3934,0.0,1892.0,23.69305992126465,36.99,78.41349792480469,2133.0,0.0,1367.0,0.3202602863311767,100.0,64.85771179199219,506.0,0.0
3935,0.0,1892.0,23.69305992126465,36.99,78.41349792480469,2133.0,0.0,1367.0,0.3202602863311767,100.0,64.85771179199219,506.0,0.0
3936,0.0,1892.0,23.69305992126465,36.99,78.41349792480469,2133.0,0.0,1367.0,0.3202602863311767,100.0,64.85771179199219,506.0,0.0
3937,0.0,1892.0,22.686832427978516,36.99,77.478515625,2103.0,0.0,1367.0,0.2638671994209289,100.0,64.13082885742188,494.0,0.0
3938,0.0,1892.0,22.686832427978516,36.99,77.478515625,2103.0,0.0,1367.0,0.2638671994209289,100.0,64.13082885742188,494.0,0.0
3939,0.0,1892.0,22.686832427978516,36.99,77.478515625,2103.0,0.0,1367.0,0.2638671994209289,100.0,64.13082885742188,494.0,0.0
3940,0.0,1892.0,22.686832427978516,36.99,77.478515625,2103.0,0.0,1367.0,0.2638671994209289,100.0,64.13082885742188,494.0,0.0
3941,0.0,1892.0,22.686832427978516,36.99,77.478515625,2103.0,0.0,1367.0,0.2638671994209289,100.0,64.13082885742188,494.0,0.0
3942,0.0,1892.0,24.212505340576172,36.99,77.51358032226562,2115.0,0.0,1367.0,0.1624629646539688,100.0,63.34138107299805,444.0,0.0
3943,0.0,1892.0,24.212505340576172,36.99,77.51358032226562,2115.0,0.0,1367.0,0.1624629646539688,100.0,63.34138107299805,444.0,0.0
3944,0.0,1892.0,24.212505340576172,36.99,77.51358032226562,2115.0,0.0,1367.0,0.1624629646539688,100.0,63.34138107299805,444.0,0.0
3945,0.0,1892.0,24.212505340576172,36.99,77.51358032226562,2115.0,0.0,1367.0,0.1624629646539688,100.0,63.34138107299805,444.0,0.0
3946,0.0,1892.0,24.212505340576172,36.99,77.51358032226562,2115.0,0.0,1367.0,0.1624629646539688,100.0,63.34138107299805,444.0,0.0
3947,0.0,1892.0,22.384370803833008,36.99,77.35060119628906,1885.0,0.0,1367.0,0.1453970968723297,100.0,63.009918212890625,453.0,0.0
3948,0.0,1892.0,22.384370803833008,36.99,77.35060119628906,1885.0,0.0,1367.0,0.1453970968723297,100.0,63.009918212890625,453.0,0.0
3949,0.0,1892.0,22.384370803833008,36.99,77.35060119628906,1885.0,0.0,1367.0,0.1453970968723297,100.0,63.009918212890625,453.0,0.0
3950,0.0,1892.0,22.384370803833008,36.99,77.35060119628906,1885.0,0.0,1367.0,0.1453970968723297,100.0,63.009918212890625,453.0,0.0
3951,0.0,1892.0,22.384370803833008,36.99,77.35060119628906,1885.0,0.0,1367.0,0.1453970968723297,100.0,63.009918212890625,453.0,0.0
3952,0.0,1892.0,10.47321319580078,36.99,74.11331176757812,2109.0,0.0,1367.0,29.94614028930664,100.0,71.64532470703125,1396.0,0.0
3953,0.0,1892.0,10.47321319580078,36.99,74.11331176757812,2109.0,0.0,1367.0,29.94614028930664,100.0,71.64532470703125,1396.0,0.0
3954,0.0,1892.0,10.47321319580078,36.99,74.11331176757812,2109.0,0.0,1367.0,29.94614028930664,100.0,71.64532470703125,1396.0,0.0
3955,0.0,1892.0,10.47321319580078,36.99,74.11331176757812,2109.0,0.0,1367.0,29.94614028930664,100.0,71.64532470703125,1396.0,0.0
3956,0.0,1892.0,10.47321319580078,36.99,74.11331176757812,2109.0,0.0,1367.0,29.94614028930664,100.0,71.64532470703125,1396.0,0.0
3957,0.0,1892.0,10.875676155090332,36.99,73.12478637695312,2089.0,0.0,1367.0,30.02215576171875,100.0,74.68329620361328,1398.0,0.0
3958,0.0,1892.0,10.875676155090332,36.99,73.12478637695312,2089.0,0.0,1367.0,30.02215576171875,100.0,74.68329620361328,1398.0,0.0
3959,0.0,1892.0,10.875676155090332,36.99,73.12478637695312,2089.0,0.0,1367.0,30.02215576171875,100.0,74.68329620361328,1398.0,0.0
3960,0.0,1892.0,10.875676155090332,36.99,73.12478637695312,2089.0,0.0,1367.0,30.02215576171875,100.0,74.68329620361328,1398.0,0.0
3961,0.0,1892.0,10.875676155090332,36.99,73.12478637695312,2089.0,0.0,1367.0,30.02215576171875,100.0,74.68329620361328,1398.0,0.0
3962,0.0,1892.0,8.224465370178223,36.99,72.5476303100586,2138.0,0.0,1367.0,30.346656799316406,100.0,75.12491607666016,1398.0,0.0
3963,0.0,1892.0,8.224465370178223,36.99,72.5476303100586,2138.0,0.0,1367.0,30.346656799316406,100.0,75.12491607666016,1398.0,0.0
3964,0.0,1892.0,8.224465370178223,36.99,72.5476303100586,2138.0,0.0,1367.0,30.346656799316406,100.0,75.12491607666016,1398.0,0.0
3965,0.0,1892.0,8.224465370178223,36.99,72.5476303100586,2138.0,0.0,1367.0,30.346656799316406,100.0,75.12491607666016,1398.0,0.0
3966,0.0,1892.0,8.224465370178223,36.99,72.5476303100586,2138.0,0.0,1367.0,30.346656799316406,100.0,75.12491607666016,1398.0,0.0
3967,0.0,1892.0,6.713490962982178,36.99,71.39594268798828,1999.0,0.0,1367.0,29.966907501220703,100.0,75.20512390136719,1398.0,0.0
3968,0.0,1892.0,6.713490962982178,36.99,71.39594268798828,1999.0,0.0,1367.0,29.966907501220703,100.0,75.20512390136719,1398.0,0.0
3969,0.0,1892.0,6.713490962982178,36.99,71.39594268798828,1999.0,0.0,1367.0,29.966907501220703,100.0,75.20512390136719,1398.0,0.0
3970,0.0,1892.0,6.713490962982178,36.99,71.39594268798828,1999.0,0.0,1367.0,29.966907501220703,100.0,75.20512390136719,1398.0,0.0
3971,0.0,1892.0,6.713490962982178,36.99,71.39594268798828,1999.0,0.0,1367.0,29.966907501220703,100.0,75.20512390136719,1398.0,0.0
3972,0.0,1892.0,6.713490962982178,36.99,71.39594268798828,1999.0,0.0,1367.0,29.966907501220703,100.0,75.20512390136719,1398.0,0.0
3973,0.0,1892.0,13.11099624633789,36.99,73.00753784179688,2115.0,0.0,1367.0,30.40135955810547,100.0,75.565673828125,1398.0,0.0
3974,0.0,1892.0,13.11099624633789,36.99,73.00753784179688,2115.0,0.0,1367.0,30.40135955810547,100.0,75.565673828125,1398.0,0.0
3975,0.0,1892.0,13.11099624633789,36.99,73.00753784179688,2115.0,0.0,1367.0,30.40135955810547,100.0,75.565673828125,1398.0,0.0
3976,0.0,1892.0,13.11099624633789,36.99,73.00753784179688,2115.0,0.0,1367.0,30.40135955810547,100.0,75.565673828125,1398.0,0.0
3977,0.0,1892.0,13.11099624633789,36.99,73.00753784179688,2115.0,0.0,1367.0,30.40135955810547,100.0,75.565673828125,1398.0,0.0
3978,0.0,1892.0,22.88627815246582,36.99,77.6791763305664,1762.0,0.0,1367.0,10.73309326171875,100.0,76.04910278320312,1178.0,0.0
3979,0.0,1892.0,22.88627815246582,36.99,77.6791763305664,1762.0,0.0,1367.0,10.73309326171875,100.0,76.04910278320312,1178.0,0.0
3980,0.0,1892.0,22.88627815246582,36.99,77.6791763305664,1762.0,0.0,1367.0,10.73309326171875,100.0,76.04910278320312,1178.0,0.0
3981,0.0,1892.0,22.88627815246582,36.99,77.6791763305664,1762.0,0.0,1367.0,10.73309326171875,100.0,76.04910278320312,1178.0,0.0
3982,0.0,1892.0,22.88627815246582,36.99,77.6791763305664,1762.0,0.0,1367.0,10.73309326171875,100.0,76.04910278320312,1178.0,0.0
3983,0.0,1892.0,24.489818572998047,36.99,78.74656677246094,2118.0,0.0,1367.0,0.1540127247571945,100.0,64.87046813964844,445.0,0.0
3984,0.0,1892.0,24.489818572998047,36.99,78.74656677246094,2118.0,0.0,1367.0,0.1540127247571945,100.0,64.87046813964844,445.0,0.0
3985,0.0,1892.0,24.489818572998047,36.99,78.74656677246094,2118.0,0.0,1367.0,0.1540127247571945,100.0,64.87046813964844,445.0,0.0
3986,0.0,1892.0,24.489818572998047,36.99,78.74656677246094,2118.0,0.0,1367.0,0.1540127247571945,100.0,64.87046813964844,445.0,0.0
3987,0.0,1892.0,24.489818572998047,36.99,78.74656677246094,2118.0,0.0,1367.0,0.1540127247571945,100.0,64.87046813964844,445.0,0.0
3988,0.0,1892.0,24.086000442504883,36.99,78.08989715576172,1816.0,0.0,1367.0,0.1093661487102508,100.0,64.04704284667969,444.0,0.0
3989,0.0,1892.0,24.086000442504883,36.99,78.08989715576172,1816.0,0.0,1367.0,0.1093661487102508,100.0,64.04704284667969,444.0,0.0
3990,0.0,1892.0,24.086000442504883,36.99,78.08989715576172,1816.0,0.0,1367.0,0.1093661487102508,100.0,64.04704284667969,444.0,0.0
3991,0.0,1892.0,24.086000442504883,36.99,78.08989715576172,1816.0,0.0,1367.0,0.1093661487102508,100.0,64.04704284667969,444.0,0.0
3992,0.0,1892.0,24.086000442504883,36.99,78.08989715576172,1816.0,0.0,1367.0,0.1093661487102508,100.0,64.04704284667969,444.0,0.0
3993,0.0,1892.0,26.002490997314453,36.99,78.48410034179688,2026.0,0.0,1367.0,0.2697681486606598,100.0,63.54131317138672,474.0,0.0
3994,0.0,1892.0,26.002490997314453,36.99,78.48410034179688,2026.0,0.0,1367.0,0.2697681486606598,100.0,63.54131317138672,474.0,0.0
3995,0.0,1892.0,26.002490997314453,36.99,78.48410034179688,2026.0,0.0,1367.0,0.2697681486606598,100.0,63.54131317138672,474.0,0.0
3996,0.0,1892.0,26.002490997314453,36.99,78.48410034179688,2026.0,0.0,1367.0,0.2697681486606598,100.0,63.54131317138672,474.0,0.0
3997,0.0,1892.0,26.002490997314453,36.99,78.48410034179688,2026.0,0.0,1367.0,0.2697681486606598,100.0,63.54131317138672,474.0,0.0
3998,0.0,1892.0,18.77736473083496,36.99,78.99575805664062,2020.0,0.0,1367.0,11.24180507659912,100.0,63.397422790527344,847.0,0.0
3999,0.0,1892.0,18.77736473083496,36.99,78.99575805664062,2020.0,0.0,1367.0,11.24180507659912,100.0,63.397422790527344,847.0,0.0
4000,0.0,1892.0,18.77736473083496,36.99,78.99575805664062,2020.0,0.0,1367.0,11.24180507659912,100.0,63.397422790527344,847.0,0.0
4001,0.0,1892.0,18.77736473083496,36.99,78.99575805664062,2020.0,0.0,1367.0,11.24180507659912,100.0,63.397422790527344,847.0,0.0
4002,0.0,1892.0,18.77736473083496,36.99,78.99575805664062,2020.0,0.0,1367.0,11.24180507659912,100.0,63.397422790527344,847.0,0.0
4003,0.0,1892.0,6.74233865737915,36.99,74.5274658203125,1909.0,0.0,1367.0,29.87456321716309,100.0,71.64714813232422,1398.0,0.0
4004,0.0,1892.0,6.74233865737915,36.99,74.5274658203125,1909.0,0.0,1367.0,29.87456321716309,100.0,71.64714813232422,1398.0,0.0
4005,0.0,1892.0,6.74233865737915,36.99,74.5274658203125,1909.0,0.0,1367.0,29.87456321716309,100.0,71.64714813232422,1398.0,0.0
4006,0.0,1892.0,6.74233865737915,36.99,74.5274658203125,1909.0,0.0,1367.0,29.87456321716309,100.0,71.64714813232422,1398.0,0.0
4007,0.0,1892.0,6.74233865737915,36.99,74.5274658203125,1909.0,0.0,1367.0,29.87456321716309,100.0,71.64714813232422,1398.0,0.0
4008,0.0,1892.0,12.347018241882324,36.99,72.14201354980469,2193.0,0.0,1367.0,30.222431182861328,100.0,74.48280334472656,1398.0,0.0
4009,0.0,1892.0,12.347018241882324,36.99,72.14201354980469,2193.0,0.0,1367.0,30.222431182861328,100.0,74.48280334472656,1398.0,0.0
4010,0.0,1892.0,12.347018241882324,36.99,72.14201354980469,2193.0,0.0,1367.0,30.222431182861328,100.0,74.48280334472656,1398.0,0.0
4011,0.0,1892.0,12.347018241882324,36.99,72.14201354980469,2193.0,0.0,1367.0,30.222431182861328,100.0,74.48280334472656,1398.0,0.0
4012,0.0,1892.0,12.347018241882324,36.99,72.14201354980469,2193.0,0.0,1367.0,30.222431182861328,100.0,74.48280334472656,1398.0,0.0
4013,0.0,1892.0,7.5542426109313965,36.99,74.12679290771484,2014.0,0.0,1367.0,29.959495544433594,100.0,75.46366119384766,1398.0,0.0
4014,0.0,1892.0,7.5542426109313965,36.99,74.12679290771484,2014.0,0.0,1367.0,29.959495544433594,100.0,75.46366119384766,1398.0,0.0
4015,0.0,1892.0,7.5542426109313965,36.99,74.12679290771484,2014.0,0.0,1367.0,29.959495544433594,100.0,75.46366119384766,1398.0,0.0
4016,0.0,1892.0,7.5542426109313965,36.99,74.12679290771484,2014.0,0.0,1367.0,29.959495544433594,100.0,75.46366119384766,1398.0,0.0
4017,0.0,1892.0,7.5542426109313965,36.99,74.12679290771484,2014.0,0.0,1367.0,29.959495544433594,100.0,75.46366119384766,1398.0,0.0
4018,0.0,1892.0,5.325672149658203,36.99,71.04645538330078,1876.0,0.0,1367.0,30.085851669311523,100.0,75.25422668457031,1398.0,0.0
4019,0.0,1892.0,5.325672149658203,36.99,71.04645538330078,1876.0,0.0,1367.0,30.085851669311523,100.0,75.25422668457031,1398.0,0.0
4020,0.0,1892.0,5.325672149658203,36.99,71.04645538330078,1876.0,0.0,1367.0,30.085851669311523,100.0,75.25422668457031,1398.0,0.0
4021,0.0,1892.0,5.325672149658203,36.99,71.04645538330078,1876.0,0.0,1367.0,30.085851669311523,100.0,75.25422668457031,1398.0,0.0
4022,0.0,1892.0,5.325672149658203,36.99,71.04645538330078,1876.0,0.0,1367.0,30.085851669311523,100.0,75.25422668457031,1398.0,0.0
4023,0.0,1892.0,16.213485717773438,36.99,69.9747085571289,2117.0,0.0,1367.0,29.298744201660156,100.0,75.3967056274414,1397.0,0.0
4024,0.0,1892.0,16.213485717773438,36.99,69.9747085571289,2117.0,0.0,1367.0,29.298744201660156,100.0,75.3967056274414,1397.0,0.0
4025,0.0,1892.0,16.213485717773438,36.99,69.9747085571289,2117.0,0.0,1367.0,29.298744201660156,100.0,75.3967056274414,1397.0,0.0
4026,0.0,1892.0,16.213485717773438,36.99,69.9747085571289,2117.0,0.0,1367.0,29.298744201660156,100.0,75.3967056274414,1397.0,0.0
4027,0.0,1892.0,16.213485717773438,36.99,69.9747085571289,2117.0,0.0,1367.0,29.298744201660156,100.0,75.3967056274414,1397.0,0.0
4028,0.0,1892.0,16.213485717773438,36.99,69.9747085571289,2117.0,0.0,1367.0,29.298744201660156,100.0,75.3967056274414,1397.0,0.0
4029,0.0,1892.0,23.317113876342773,36.99,76.87191009521484,1830.0,0.0,1367.0,0.1471048444509506,100.0,75.54621887207031,779.0,0.0
4030,0.0,1892.0,23.317113876342773,36.99,76.87191009521484,1830.0,0.0,1367.0,0.1471048444509506,100.0,75.54621887207031,779.0,0.0
4031,0.0,1892.0,23.317113876342773,36.99,76.87191009521484,1830.0,0.0,1367.0,0.1471048444509506,100.0,75.54621887207031,779.0,0.0
4032,0.0,1892.0,23.317113876342773,36.99,76.87191009521484,1830.0,0.0,1367.0,0.1471048444509506,100.0,75.54621887207031,779.0,0.0
4033,0.0,1892.0,23.317113876342773,36.99,76.87191009521484,1830.0,0.0,1367.0,0.1471048444509506,100.0,75.54621887207031,779.0,0.0
4034,0.0,1892.0,25.139684677124023,36.99,78.97309112548828,2171.0,0.0,1367.0,0.4970623254776001,100.0,64.57149505615234,444.0,0.0
4035,0.0,1892.0,25.139684677124023,36.99,78.97309112548828,2171.0,0.0,1367.0,0.4970623254776001,100.0,64.57149505615234,444.0,0.0
4036,0.0,1892.0,25.139684677124023,36.99,78.97309112548828,2171.0,0.0,1367.0,0.4970623254776001,100.0,64.57149505615234,444.0,0.0
4037,0.0,1892.0,25.139684677124023,36.99,78.97309112548828,2171.0,0.0,1367.0,0.4970623254776001,100.0,64.57149505615234,444.0,0.0
4038,0.0,1892.0,25.139684677124023,36.99,78.97309112548828,2171.0,0.0,1367.0,0.4970623254776001,100.0,64.57149505615234,444.0,0.0
4039,0.0,1892.0,24.133041381835938,36.99,78.25829315185547,2097.0,0.0,1367.0,0.1854801774024963,100.0,63.6870002746582,444.0,0.0
4040,0.0,1892.0,24.133041381835938,36.99,78.25829315185547,2097.0,0.0,1367.0,0.1854801774024963,100.0,63.6870002746582,444.0,0.0
4041,0.0,1892.0,24.133041381835938,36.99,78.25829315185547,2097.0,0.0,1367.0,0.1854801774024963,100.0,63.6870002746582,444.0,0.0
4042,0.0,1892.0,24.133041381835938,36.99,78.25829315185547,2097.0,0.0,1367.0,0.1854801774024963,100.0,63.6870002746582,444.0,0.0
4043,0.0,1892.0,24.133041381835938,36.99,78.25829315185547,2097.0,0.0,1367.0,0.1854801774024963,100.0,63.6870002746582,444.0,0.0
4044,0.0,1892.0,24.87664794921875,36.99,77.84516906738281,2202.0,0.0,1367.0,0.164097711443901,100.0,63.041412353515625,445.0,0.0
4045,0.0,1892.0,24.87664794921875,36.99,77.84516906738281,2202.0,0.0,1367.0,0.164097711443901,100.0,63.041412353515625,445.0,0.0
4046,0.0,1892.0,24.87664794921875,36.99,77.84516906738281,2202.0,0.0,1367.0,0.164097711443901,100.0,63.041412353515625,445.0,0.0
4047,0.0,1892.0,24.87664794921875,36.99,77.84516906738281,2202.0,0.0,1367.0,0.164097711443901,100.0,63.041412353515625,445.0,0.0
4048,0.0,1892.0,24.87664794921875,36.99,77.84516906738281,2202.0,0.0,1367.0,0.164097711443901,100.0,63.041412353515625,445.0,0.0
4049,0.0,1892.0,13.898065567016602,36.99,75.4618911743164,2037.0,0.0,1367.0,23.62692642211914,100.0,71.01200103759766,1201.0,0.0
4050,0.0,1892.0,13.898065567016602,36.99,75.4618911743164,2037.0,0.0,1367.0,23.62692642211914,100.0,71.01200103759766,1201.0,0.0
4051,0.0,1892.0,13.898065567016602,36.99,75.4618911743164,2037.0,0.0,1367.0,23.62692642211914,100.0,71.01200103759766,1201.0,0.0
4052,0.0,1892.0,13.898065567016602,36.99,75.4618911743164,2037.0,0.0,1367.0,23.62692642211914,100.0,71.01200103759766,1201.0,0.0
4053,0.0,1892.0,13.898065567016602,36.99,75.4618911743164,2037.0,0.0,1367.0,23.62692642211914,100.0,71.01200103759766,1201.0,0.0
4054,0.0,1892.0,9.050474166870115,36.99,73.02950286865234,2185.0,0.0,1367.0,30.22360038757324,100.0,74.911376953125,1398.0,0.0
4055,0.0,1892.0,9.050474166870115,36.99,73.02950286865234,2185.0,0.0,1367.0,30.22360038757324,100.0,74.911376953125,1398.0,0.0
4056,0.0,1892.0,9.050474166870115,36.99,73.02950286865234,2185.0,0.0,1367.0,30.22360038757324,100.0,74.911376953125,1398.0,0.0
4057,0.0,1892.0,9.050474166870115,36.99,73.02950286865234,2185.0,0.0,1367.0,30.22360038757324,100.0,74.911376953125,1398.0,0.0
4058,0.0,1892.0,9.050474166870115,36.99,73.02950286865234,2185.0,0.0,1367.0,30.22360038757324,100.0,74.911376953125,1398.0,0.0
4059,0.0,1892.0,5.086028099060059,36.99,69.51775360107422,1760.0,0.0,1367.0,29.835351943969727,100.0,74.9950942993164,1398.0,0.0
4060,0.0,1892.0,5.086028099060059,36.99,69.51775360107422,1760.0,0.0,1367.0,29.835351943969727,100.0,74.9950942993164,1398.0,0.0
4061,0.0,1892.0,5.086028099060059,36.99,69.51775360107422,1760.0,0.0,1367.0,29.835351943969727,100.0,74.9950942993164,1398.0,0.0
4062,0.0,1892.0,5.086028099060059,36.99,69.51775360107422,1760.0,0.0,1367.0,29.835351943969727,100.0,74.9950942993164,1398.0,0.0
4063,0.0,1892.0,5.086028099060059,36.99,69.51775360107422,1760.0,0.0,1367.0,29.835351943969727,100.0,74.9950942993164,1398.0,0.0
4064,0.0,1892.0,5.267978191375732,36.99,68.97643280029297,1332.0,0.0,1367.0,29.956409454345703,100.0,75.0918960571289,1398.0,0.0
4065,0.0,1892.0,5.267978191375732,36.99,68.97643280029297,1332.0,0.0,1367.0,29.956409454345703,100.0,75.0918960571289,1398.0,0.0
4066,0.0,1892.0,5.267978191375732,36.99,68.97643280029297,1332.0,0.0,1367.0,29.956409454345703,100.0,75.0918960571289,1398.0,0.0
4067,0.0,1892.0,5.267978191375732,36.99,68.97643280029297,1332.0,0.0,1367.0,29.956409454345703,100.0,75.0918960571289,1398.0,0.0
4068,0.0,1892.0,5.267978191375732,36.99,68.97643280029297,1332.0,0.0,1367.0,29.956409454345703,100.0,75.0918960571289,1398.0,0.0
4069,0.0,1892.0,10.243206977844238,36.99,72.7468032836914,1896.0,0.0,1367.0,30.149154663085938,100.0,75.33528137207031,1398.0,0.0
4070,0.0,1892.0,10.243206977844238,36.99,72.7468032836914,1896.0,0.0,1367.0,30.149154663085938,100.0,75.33528137207031,1398.0,0.0
4071,0.0,1892.0,10.243206977844238,36.99,72.7468032836914,1896.0,0.0,1367.0,30.149154663085938,100.0,75.33528137207031,1398.0,0.0
4072,0.0,1892.0,10.243206977844238,36.99,72.7468032836914,1896.0,0.0,1367.0,30.149154663085938,100.0,75.33528137207031,1398.0,0.0
4073,0.0,1892.0,10.243206977844238,36.99,72.7468032836914,1896.0,0.0,1367.0,30.149154663085938,100.0,75.33528137207031,1398.0,0.0
4074,0.0,1892.0,23.90056610107422,36.99,77.96562194824219,2046.0,0.0,1367.0,17.458669662475586,100.0,75.96986389160156,1353.0,0.0
4075,0.0,1892.0,23.90056610107422,36.99,77.96562194824219,2046.0,0.0,1367.0,17.458669662475586,100.0,75.96986389160156,1353.0,0.0
4076,0.0,1892.0,23.90056610107422,36.99,77.96562194824219,2046.0,0.0,1367.0,17.458669662475586,100.0,75.96986389160156,1353.0,0.0
4077,0.0,1892.0,23.90056610107422,36.99,77.96562194824219,2046.0,0.0,1367.0,17.458669662475586,100.0,75.96986389160156,1353.0,0.0
4078,0.0,1892.0,23.90056610107422,36.99,77.96562194824219,2046.0,0.0,1367.0,17.458669662475586,100.0,75.96986389160156,1353.0,0.0
4079,0.0,1892.0,23.449604034423828,36.99,78.46163177490234,1951.0,0.0,1367.0,0.1295695602893829,100.0,64.92414093017578,470.0,0.0
4080,0.0,1892.0,23.449604034423828,36.99,78.46163177490234,1951.0,0.0,1367.0,0.1295695602893829,100.0,64.92414093017578,470.0,0.0
4081,0.0,1892.0,23.449604034423828,36.99,78.46163177490234,1951.0,0.0,1367.0,0.1295695602893829,100.0,64.92414093017578,470.0,0.0
4082,0.0,1892.0,23.449604034423828,36.99,78.46163177490234,1951.0,0.0,1367.0,0.1295695602893829,100.0,64.92414093017578,470.0,0.0
4083,0.0,1892.0,23.449604034423828,36.99,78.46163177490234,1951.0,0.0,1367.0,0.1295695602893829,100.0,64.92414093017578,470.0,0.0
4084,0.0,1892.0,25.249034881591797,36.99,78.72850799560547,1884.0,0.0,1367.0,0.1745469570159912,100.0,64.0428695678711,477.0,0.0
4085,0.0,1892.0,25.249034881591797,36.99,78.72850799560547,1884.0,0.0,1367.0,0.1745469570159912,100.0,64.0428695678711,477.0,0.0
4086,0.0,1892.0,25.249034881591797,36.99,78.72850799560547,1884.0,0.0,1367.0,0.1745469570159912,100.0,64.0428695678711,477.0,0.0
4087,0.0,1892.0,25.249034881591797,36.99,78.72850799560547,1884.0,0.0,1367.0,0.1745469570159912,100.0,64.0428695678711,477.0,0.0
4088,0.0,1892.0,25.249034881591797,36.99,78.72850799560547,1884.0,0.0,1367.0,0.1745469570159912,100.0,64.0428695678711,477.0,0.0
4089,0.0,1892.0,25.249034881591797,36.99,78.72850799560547,1884.0,0.0,1367.0,0.1745469570159912,100.0,64.0428695678711,477.0,0.0
4090,0.0,1892.0,23.922996520996097,36.99,77.66461944580078,2042.0,0.0,1367.0,0.1195348650217056,100.0,63.409332275390625,444.0,0.0
4091,0.0,1892.0,23.922996520996097,36.99,77.66461944580078,2042.0,0.0,1367.0,0.1195348650217056,100.0,63.409332275390625,444.0,0.0
4092,0.0,1892.0,23.922996520996097,36.99,77.66461944580078,2042.0,0.0,1367.0,0.1195348650217056,100.0,63.409332275390625,444.0,0.0
4093,0.0,1892.0,23.922996520996097,36.99,77.66461944580078,2042.0,0.0,1367.0,0.1195348650217056,100.0,63.409332275390625,444.0,0.0
4094,0.0,1892.0,23.922996520996097,36.99,77.66461944580078,2042.0,0.0,1367.0,0.1195348650217056,100.0,63.409332275390625,444.0,0.0
4095,0.0,1892.0,22.63502311706543,36.99,78.15780639648438,2159.0,0.0,1367.0,5.381420612335205,100.0,63.2357063293457,651.0,0.0
4096,0.0,1892.0,22.63502311706543,36.99,78.15780639648438,2159.0,0.0,1367.0,5.381420612335205,100.0,63.2357063293457,651.0,0.0
4097,0.0,1892.0,22.63502311706543,36.99,78.15780639648438,2159.0,0.0,1367.0,5.381420612335205,100.0,63.2357063293457,651.0,0.0
4098,0.0,1892.0,22.63502311706543,36.99,78.15780639648438,2159.0,0.0,1367.0,5.381420612335205,100.0,63.2357063293457,651.0,0.0
4099,0.0,1892.0,22.63502311706543,36.99,78.15780639648438,2159.0,0.0,1367.0,5.381420612335205,100.0,63.2357063293457,651.0,0.0
4100,0.0,1892.0,10.375917434692385,36.99,75.46886444091797,2079.0,0.0,1367.0,30.138914108276367,100.0,71.80393981933594,1398.0,0.0
4101,0.0,1892.0,10.375917434692385,36.99,75.46886444091797,2079.0,0.0,1367.0,30.138914108276367,100.0,71.80393981933594,1398.0,0.0
4102,0.0,1892.0,10.375917434692385,36.99,75.46886444091797,2079.0,0.0,1367.0,30.138914108276367,100.0,71.80393981933594,1398.0,0.0
4103,0.0,1892.0,10.375917434692385,36.99,75.46886444091797,2079.0,0.0,1367.0,30.138914108276367,100.0,71.80393981933594,1398.0,0.0
4104,0.0,1892.0,10.375917434692385,36.99,75.46886444091797,2079.0,0.0,1367.0,30.138914108276367,100.0,71.80393981933594,1398.0,0.0
4105,0.0,1892.0,7.351894378662109,36.99,72.00745391845703,2274.0,0.0,1367.0,30.004179000854492,100.0,74.85142517089844,1398.0,0.0
4106,0.0,1892.0,7.351894378662109,36.99,72.00745391845703,2274.0,0.0,1367.0,30.004179000854492,100.0,74.85142517089844,1398.0,0.0
4107,0.0,1892.0,7.351894378662109,36.99,72.00745391845703,2274.0,0.0,1367.0,30.004179000854492,100.0,74.85142517089844,1398.0,0.0
4108,0.0,1892.0,7.351894378662109,36.99,72.00745391845703,2274.0,0.0,1367.0,30.004179000854492,100.0,74.85142517089844,1398.0,0.0
4109,0.0,1892.0,7.351894378662109,36.99,72.00745391845703,2274.0,0.0,1367.0,30.004179000854492,100.0,74.85142517089844,1398.0,0.0
4110,0.0,1892.0,11.222702026367188,36.99,72.84956359863281,2157.0,0.0,1367.0,30.381404876708984,100.0,75.21400451660156,1398.0,0.0
4111,0.0,1892.0,11.222702026367188,36.99,72.84956359863281,2157.0,0.0,1367.0,30.381404876708984,100.0,75.21400451660156,1398.0,0.0
4112,0.0,1892.0,11.222702026367188,36.99,72.84956359863281,2157.0,0.0,1367.0,30.381404876708984,100.0,75.21400451660156,1398.0,0.0
4113,0.0,1892.0,11.222702026367188,36.99,72.84956359863281,2157.0,0.0,1367.0,30.381404876708984,100.0,75.21400451660156,1398.0,0.0
4114,0.0,1892.0,11.222702026367188,36.99,72.84956359863281,2157.0,0.0,1367.0,30.381404876708984,100.0,75.21400451660156,1398.0,0.0
4115,0.0,1892.0,7.744961738586426,36.99,73.40731811523438,2085.0,0.0,1367.0,29.908973693847656,100.0,75.6048812866211,1398.0,0.0
4116,0.0,1892.0,7.744961738586426,36.99,73.40731811523438,2085.0,0.0,1367.0,29.908973693847656,100.0,75.6048812866211,1398.0,0.0
4117,0.0,1892.0,7.744961738586426,36.99,73.40731811523438,2085.0,0.0,1367.0,29.908973693847656,100.0,75.6048812866211,1398.0,0.0
4118,0.0,1892.0,7.744961738586426,36.99,73.40731811523438,2085.0,0.0,1367.0,29.908973693847656,100.0,75.6048812866211,1398.0,0.0
4119,0.0,1892.0,7.744961738586426,36.99,73.40731811523438,2085.0,0.0,1367.0,29.908973693847656,100.0,75.6048812866211,1398.0,0.0
4120,0.0,1892.0,14.688409805297852,36.99,71.74335479736328,2088.0,0.0,1367.0,29.98495101928711,100.0,75.48338317871094,1398.0,0.0
4121,0.0,1892.0,14.688409805297852,36.99,71.74335479736328,2088.0,0.0,1367.0,29.98495101928711,100.0,75.48338317871094,1398.0,0.0
4122,0.0,1892.0,14.688409805297852,36.99,71.74335479736328,2088.0,0.0,1367.0,29.98495101928711,100.0,75.48338317871094,1398.0,0.0
4123,0.0,1892.0,14.688409805297852,36.99,71.74335479736328,2088.0,0.0,1367.0,29.98495101928711,100.0,75.48338317871094,1398.0,0.0
4124,0.0,1892.0,14.688409805297852,36.99,71.74335479736328,2088.0,0.0,1367.0,29.98495101928711,100.0,75.48338317871094,1398.0,0.0
4125,0.0,1892.0,24.369029998779297,36.99,78.84159851074219,1915.0,0.0,1367.0,6.413905143737793,100.0,76.06403350830078,882.0,0.0
4126,0.0,1892.0,24.369029998779297,36.99,78.84159851074219,1915.0,0.0,1367.0,6.413905143737793,100.0,76.06403350830078,882.0,0.0
4127,0.0,1892.0,24.369029998779297,36.99,78.84159851074219,1915.0,0.0,1367.0,6.413905143737793,100.0,76.06403350830078,882.0,0.0
4128,0.0,1892.0,24.369029998779297,36.99,78.84159851074219,1915.0,0.0,1367.0,6.413905143737793,100.0,76.06403350830078,882.0,0.0
4129,0.0,1892.0,24.369029998779297,36.99,78.84159851074219,1915.0,0.0,1367.0,6.413905143737793,100.0,76.06403350830078,882.0,0.0
4130,0.0,1892.0,24.938119888305664,36.99,79.5339584350586,2156.0,0.0,1367.0,0.3902476131916046,100.0,65.09344482421875,481.0,0.0
4131,0.0,1892.0,24.938119888305664,36.99,79.5339584350586,2156.0,0.0,1367.0,0.3902476131916046,100.0,65.09344482421875,481.0,0.0
4132,0.0,1892.0,24.938119888305664,36.99,79.5339584350586,2156.0,0.0,1367.0,0.3902476131916046,100.0,65.09344482421875,481.0,0.0
4133,0.0,1892.0,24.938119888305664,36.99,79.5339584350586,2156.0,0.0,1367.0,0.3902476131916046,100.0,65.09344482421875,481.0,0.0
4134,0.0,1892.0,24.938119888305664,36.99,79.5339584350586,2156.0,0.0,1367.0,0.3902476131916046,100.0,65.09344482421875,481.0,0.0
4135,0.0,1892.0,24.160181045532227,36.99,79.12451934814453,1903.0,0.0,1367.0,0.6062821745872498,100.0,64.48178100585938,444.0,0.0
4136,0.0,1892.0,24.160181045532227,36.99,79.12451934814453,1903.0,0.0,1367.0,0.6062821745872498,100.0,64.48178100585938,444.0,0.0
4137,0.0,1892.0,24.160181045532227,36.99,79.12451934814453,1903.0,0.0,1367.0,0.6062821745872498,100.0,64.48178100585938,444.0,0.0
4138,0.0,1892.0,24.160181045532227,36.99,79.12451934814453,1903.0,0.0,1367.0,0.6062821745872498,100.0,64.48178100585938,444.0,0.0
4139,0.0,1892.0,24.160181045532227,36.99,79.12451934814453,1903.0,0.0,1367.0,0.6062821745872498,100.0,64.48178100585938,444.0,0.0
4140,0.0,1892.0,23.329755783081055,36.99,78.2813949584961,1809.0,0.0,1367.0,0.1229567378759384,100.0,64.14019012451172,471.0,0.0
4141,0.0,1892.0,23.329755783081055,36.99,78.2813949584961,1809.0,0.0,1367.0,0.1229567378759384,100.0,64.14019012451172,471.0,0.0
4142,0.0,1892.0,23.329755783081055,36.99,78.2813949584961,1809.0,0.0,1367.0,0.1229567378759384,100.0,64.14019012451172,471.0,0.0
4143,0.0,1892.0,23.329755783081055,36.99,78.2813949584961,1809.0,0.0,1367.0,0.1229567378759384,100.0,64.14019012451172,471.0,0.0
4144,0.0,1892.0,23.329755783081055,36.99,78.2813949584961,1809.0,0.0,1367.0,0.1229567378759384,100.0,64.14019012451172,471.0,0.0
4145,0.0,1892.0,17.11349868774414,36.99,77.37934875488281,2191.0,0.0,1367.0,16.08704948425293,100.0,63.24169921875,965.0,0.0
4146,0.0,1892.0,17.11349868774414,36.99,77.37934875488281,2191.0,0.0,1367.0,16.08704948425293,100.0,63.24169921875,965.0,0.0
4147,0.0,1892.0,17.11349868774414,36.99,77.37934875488281,2191.0,0.0,1367.0,16.08704948425293,100.0,63.24169921875,965.0,0.0
4148,0.0,1892.0,17.11349868774414,36.99,77.37934875488281,2191.0,0.0,1367.0,16.08704948425293,100.0,63.24169921875,965.0,0.0
4149,0.0,1892.0,17.11349868774414,36.99,77.37934875488281,2191.0,0.0,1367.0,16.08704948425293,100.0,63.24169921875,965.0,0.0
4150,0.0,1892.0,17.11349868774414,36.99,77.37934875488281,2191.0,0.0,1367.0,16.08704948425293,100.0,63.24169921875,965.0,0.0
4151,0.0,1892.0,7.025884628295898,36.99,75.42253112792969,2081.0,0.0,1367.0,30.200271606445312,100.0,71.60465240478516,1398.0,0.0
4152,0.0,1892.0,7.025884628295898,36.99,75.42253112792969,2081.0,0.0,1367.0,30.200271606445312,100.0,71.60465240478516,1398.0,0.0
4153,0.0,1892.0,7.025884628295898,36.99,75.42253112792969,2081.0,0.0,1367.0,30.200271606445312,100.0,71.60465240478516,1398.0,0.0
4154,0.0,1892.0,7.025884628295898,36.99,75.42253112792969,2081.0,0.0,1367.0,30.200271606445312,100.0,71.60465240478516,1398.0,0.0
4155,0.0,1892.0,7.025884628295898,36.99,75.42253112792969,2081.0,0.0,1367.0,30.200271606445312,100.0,71.60465240478516,1398.0,0.0
4156,0.0,1892.0,6.494677543640137,36.99,71.31800842285156,2004.0,0.0,1367.0,30.013782501220703,100.0,74.78703308105469,1398.0,0.0
4157,0.0,1892.0,6.494677543640137,36.99,71.31800842285156,2004.0,0.0,1367.0,30.013782501220703,100.0,74.78703308105469,1398.0,0.0
4158,0.0,1892.0,6.494677543640137,36.99,71.31800842285156,2004.0,0.0,1367.0,30.013782501220703,100.0,74.78703308105469,1398.0,0.0
4159,0.0,1892.0,6.494677543640137,36.99,71.31800842285156,2004.0,0.0,1367.0,30.013782501220703,100.0,74.78703308105469,1398.0,0.0
4160,0.0,1892.0,6.494677543640137,36.99,71.31800842285156,2004.0,0.0,1367.0,30.013782501220703,100.0,74.78703308105469,1398.0,0.0
4161,0.0,1892.0,9.883328437805176,36.99,73.37457275390625,2076.0,0.0,1367.0,30.077037811279297,100.0,74.9840316772461,1398.0,0.0
4162,0.0,1892.0,9.883328437805176,36.99,73.37457275390625,2076.0,0.0,1367.0,30.077037811279297,100.0,74.9840316772461,1398.0,0.0
4163,0.0,1892.0,9.883328437805176,36.99,73.37457275390625,2076.0,0.0,1367.0,30.077037811279297,100.0,74.9840316772461,1398.0,0.0
4164,0.0,1892.0,9.883328437805176,36.99,73.37457275390625,2076.0,0.0,1367.0,30.077037811279297,100.0,74.9840316772461,1398.0,0.0
4165,0.0,1892.0,9.883328437805176,36.99,73.37457275390625,2076.0,0.0,1367.0,30.077037811279297,100.0,74.9840316772461,1398.0,0.0
4166,0.0,1892.0,8.650434494018555,36.99,72.79581451416016,2218.0,0.0,1367.0,29.921762466430664,100.0,75.69490051269531,1398.0,0.0
4167,0.0,1892.0,8.650434494018555,36.99,72.79581451416016,2218.0,0.0,1367.0,29.921762466430664,100.0,75.69490051269531,1398.0,0.0
4168,0.0,1892.0,8.650434494018555,36.99,72.79581451416016,2218.0,0.0,1367.0,29.921762466430664,100.0,75.69490051269531,1398.0,0.0
4169,0.0,1892.0,8.650434494018555,36.99,72.79581451416016,2218.0,0.0,1367.0,29.921762466430664,100.0,75.69490051269531,1398.0,0.0
4170,0.0,1892.0,8.650434494018555,36.99,72.79581451416016,2218.0,0.0,1367.0,29.921762466430664,100.0,75.69490051269531,1398.0,0.0
4171,0.0,1892.0,21.350317001342773,36.99,79.01079559326172,1951.0,0.0,1367.0,24.56670570373535,100.0,76.21150970458984,1353.0,0.0
4172,0.0,1892.0,21.350317001342773,36.99,79.01079559326172,1951.0,0.0,1367.0,24.56670570373535,100.0,76.21150970458984,1353.0,0.0
4173,0.0,1892.0,21.350317001342773,36.99,79.01079559326172,1951.0,0.0,1367.0,24.56670570373535,100.0,76.21150970458984,1353.0,0.0
4174,0.0,1892.0,21.350317001342773,36.99,79.01079559326172,1951.0,0.0,1367.0,24.56670570373535,100.0,76.21150970458984,1353.0,0.0
4175,0.0,1892.0,21.350317001342773,36.99,79.01079559326172,1951.0,0.0,1367.0,24.56670570373535,100.0,76.21150970458984,1353.0,0.0
4176,0.0,1892.0,24.139745712280273,36.99,79.33956909179688,2018.0,0.0,1367.0,0.5484384298324585,100.0,65.3829116821289,478.0,0.0
4177,0.0,1892.0,24.139745712280273,36.99,79.33956909179688,2018.0,0.0,1367.0,0.5484384298324585,100.0,65.3829116821289,478.0,0.0
4178,0.0,1892.0,24.139745712280273,36.99,79.33956909179688,2018.0,0.0,1367.0,0.5484384298324585,100.0,65.3829116821289,478.0,0.0
4179,0.0,1892.0,24.139745712280273,36.99,79.33956909179688,2018.0,0.0,1367.0,0.5484384298324585,100.0,65.3829116821289,478.0,0.0
4180,0.0,1892.0,24.139745712280273,36.99,79.33956909179688,2018.0,0.0,1367.0,0.5484384298324585,100.0,65.3829116821289,478.0,0.0
4181,0.0,1892.0,24.213348388671875,36.99,78.14685821533203,1946.0,0.0,1367.0,0.223139002919197,100.0,64.24932861328125,444.0,0.0
4182,0.0,1892.0,24.213348388671875,36.99,78.14685821533203,1946.0,0.0,1367.0,0.223139002919197,100.0,64.24932861328125,444.0,0.0
4183,0.0,1892.0,24.213348388671875,36.99,78.14685821533203,1946.0,0.0,1367.0,0.223139002919197,100.0,64.24932861328125,444.0,0.0
4184,0.0,1892.0,24.213348388671875,36.99,78.14685821533203,1946.0,0.0,1367.0,0.223139002919197,100.0,64.24932861328125,444.0,0.0
4185,0.0,1892.0,24.213348388671875,36.99,78.14685821533203,1946.0,0.0,1367.0,0.223139002919197,100.0,64.24932861328125,444.0,0.0
4186,0.0,1892.0,24.35411834716797,36.99,78.50065612792969,2167.0,0.0,1367.0,0.5403648614883423,100.0,64.03489685058594,506.0,0.0
4187,0.0,1892.0,24.35411834716797,36.99,78.50065612792969,2167.0,0.0,1367.0,0.5403648614883423,100.0,64.03489685058594,506.0,0.0
4188,0.0,1892.0,24.35411834716797,36.99,78.50065612792969,2167.0,0.0,1367.0,0.5403648614883423,100.0,64.03489685058594,506.0,0.0
4189,0.0,1892.0,24.35411834716797,36.99,78.50065612792969,2167.0,0.0,1367.0,0.5403648614883423,100.0,64.03489685058594,506.0,0.0
4190,0.0,1892.0,24.35411834716797,36.99,78.50065612792969,2167.0,0.0,1367.0,0.5403648614883423,100.0,64.03489685058594,506.0,0.0
4191,0.0,1892.0,24.35411834716797,36.99,78.50065612792969,2167.0,0.0,1367.0,0.5403648614883423,100.0,64.03489685058594,506.0,0.0
4192,0.0,1892.0,23.528348922729492,36.99,77.63848876953125,2173.0,0.0,1367.0,0.111786350607872,100.0,63.5568962097168,471.0,0.0
4193,0.0,1892.0,23.528348922729492,36.99,77.63848876953125,2173.0,0.0,1367.0,0.111786350607872,100.0,63.5568962097168,471.0,0.0
4194,0.0,1892.0,23.528348922729492,36.99,77.63848876953125,2173.0,0.0,1367.0,0.111786350607872,100.0,63.5568962097168,471.0,0.0
4195,0.0,1892.0,23.528348922729492,36.99,77.63848876953125,2173.0,0.0,1367.0,0.111786350607872,100.0,63.5568962097168,471.0,0.0
4196,0.0,1892.0,23.528348922729492,36.99,77.63848876953125,2173.0,0.0,1367.0,0.111786350607872,100.0,63.5568962097168,471.0,0.0
4197,0.0,1892.0,8.262506484985352,36.99,73.44512176513672,2099.0,0.0,1367.0,28.025249481201172,100.0,72.08560180664062,1356.0,0.0
4198,0.0,1892.0,8.262506484985352,36.99,73.44512176513672,2099.0,0.0,1367.0,28.025249481201172,100.0,72.08560180664062,1356.0,0.0
4199,0.0,1892.0,8.262506484985352,36.99,73.44512176513672,2099.0,0.0,1367.0,28.025249481201172,100.0,72.08560180664062,1356.0,0.0
4200,0.0,1892.0,8.262506484985352,36.99,73.44512176513672,2099.0,0.0,1367.0,28.025249481201172,100.0,72.08560180664062,1356.0,0.0
4201,0.0,1892.0,8.262506484985352,36.99,73.44512176513672,2099.0,0.0,1367.0,28.025249481201172,100.0,72.08560180664062,1356.0,0.0
4202,0.0,1892.0,9.731666564941406,36.99,72.96833038330078,2066.0,0.0,1367.0,30.06375312805176,100.0,74.82081604003906,1398.0,0.0
4203,0.0,1892.0,9.731666564941406,36.99,72.96833038330078,2066.0,0.0,1367.0,30.06375312805176,100.0,74.82081604003906,1398.0,0.0
4204,0.0,1892.0,9.731666564941406,36.99,72.96833038330078,2066.0,0.0,1367.0,30.06375312805176,100.0,74.82081604003906,1398.0,0.0
4205,0.0,1892.0,9.731666564941406,36.99,72.96833038330078,2066.0,0.0,1367.0,30.06375312805176,100.0,74.82081604003906,1398.0,0.0
4206,0.0,1892.0,9.731666564941406,36.99,72.96833038330078,2066.0,0.0,1367.0,30.06375312805176,100.0,74.82081604003906,1398.0,0.0
4207,0.0,1892.0,5.954092502593994,36.99,72.1106185913086,2017.0,0.0,1367.0,29.99789810180664,100.0,75.1849594116211,1398.0,0.0
4208,0.0,1892.0,5.954092502593994,36.99,72.1106185913086,2017.0,0.0,1367.0,29.99789810180664,100.0,75.1849594116211,1398.0,0.0
4209,0.0,1892.0,5.954092502593994,36.99,72.1106185913086,2017.0,0.0,1367.0,29.99789810180664,100.0,75.1849594116211,1398.0,0.0
4210,0.0,1892.0,5.954092502593994,36.99,72.1106185913086,2017.0,0.0,1367.0,29.99789810180664,100.0,75.1849594116211,1398.0,0.0
4211,0.0,1892.0,5.954092502593994,36.99,72.1106185913086,2017.0,0.0,1367.0,29.99789810180664,100.0,75.1849594116211,1398.0,0.0
4212,0.0,1892.0,11.579217910766602,36.99,72.9287109375,2139.0,0.0,1367.0,29.996509552001953,100.0,75.43330383300781,1398.0,0.0
4213,0.0,1892.0,11.579217910766602,36.99,72.9287109375,2139.0,0.0,1367.0,29.996509552001953,100.0,75.43330383300781,1398.0,0.0
4214,0.0,1892.0,11.579217910766602,36.99,72.9287109375,2139.0,0.0,1367.0,29.996509552001953,100.0,75.43330383300781,1398.0,0.0
4215,0.0,1892.0,11.579217910766602,36.99,72.9287109375,2139.0,0.0,1367.0,29.996509552001953,100.0,75.43330383300781,1398.0,0.0
4216,0.0,1892.0,11.579217910766602,36.99,72.9287109375,2139.0,0.0,1367.0,29.996509552001953,100.0,75.43330383300781,1398.0,0.0
4217,0.0,1892.0,13.095237731933594,36.99,74.48126220703125,2154.0,0.0,1367.0,30.3385009765625,100.0,75.91725158691406,1398.0,0.0
4218,0.0,1892.0,13.095237731933594,36.99,74.48126220703125,2154.0,0.0,1367.0,30.3385009765625,100.0,75.91725158691406,1398.0,0.0
4219,0.0,1892.0,13.095237731933594,36.99,74.48126220703125,2154.0,0.0,1367.0,30.3385009765625,100.0,75.91725158691406,1398.0,0.0
4220,0.0,1892.0,13.095237731933594,36.99,74.48126220703125,2154.0,0.0,1367.0,30.3385009765625,100.0,75.91725158691406,1398.0,0.0
4221,0.0,1892.0,13.095237731933594,36.99,74.48126220703125,2154.0,0.0,1367.0,30.3385009765625,100.0,75.91725158691406,1398.0,0.0
4222,0.0,1892.0,23.95600128173828,36.99,78.55494689941406,2109.0,0.0,1367.0,12.745226860046388,100.0,76.27571105957031,1138.0,0.0
4223,0.0,1892.0,23.95600128173828,36.99,78.55494689941406,2109.0,0.0,1367.0,12.745226860046388,100.0,76.27571105957031,1138.0,0.0
4224,0.0,1892.0,23.95600128173828,36.99,78.55494689941406,2109.0,0.0,1367.0,12.745226860046388,100.0,76.27571105957031,1138.0,0.0
4225,0.0,1892.0,23.95600128173828,36.99,78.55494689941406,2109.0,0.0,1367.0,12.745226860046388,100.0,76.27571105957031,1138.0,0.0
4226,0.0,1892.0,23.95600128173828,36.99,78.55494689941406,2109.0,0.0,1367.0,12.745226860046388,100.0,76.27571105957031,1138.0,0.0
4227,0.0,1892.0,24.769798278808594,36.99,79.27565002441406,2240.0,0.0,1367.0,0.5404667258262634,100.0,65.29328918457031,507.0,0.0
4228,0.0,1892.0,24.769798278808594,36.99,79.27565002441406,2240.0,0.0,1367.0,0.5404667258262634,100.0,65.29328918457031,507.0,0.0
4229,0.0,1892.0,24.769798278808594,36.99,79.27565002441406,2240.0,0.0,1367.0,0.5404667258262634,100.0,65.29328918457031,507.0,0.0
4230,0.0,1892.0,24.769798278808594,36.99,79.27565002441406,2240.0,0.0,1367.0,0.5404667258262634,100.0,65.29328918457031,507.0,0.0
4231,0.0,1892.0,24.769798278808594,36.99,79.27565002441406,2240.0,0.0,1367.0,0.5404667258262634,100.0,65.29328918457031,507.0,0.0
4232,0.0,1892.0,23.673526763916016,36.99,78.66566467285156,1881.0,0.0,1367.0,0.1966891139745712,100.0,64.53787231445312,445.0,0.0
4233,0.0,1892.0,23.673526763916016,36.99,78.66566467285156,1881.0,0.0,1367.0,0.1966891139745712,100.0,64.53787231445312,445.0,0.0
4234,0.0,1892.0,23.673526763916016,36.99,78.66566467285156,1881.0,0.0,1367.0,0.1966891139745712,100.0,64.53787231445312,445.0,0.0
4235,0.0,1892.0,23.673526763916016,36.99,78.66566467285156,1881.0,0.0,1367.0,0.1966891139745712,100.0,64.53787231445312,445.0,0.0
4236,0.0,1892.0,23.673526763916016,36.99,78.66566467285156,1881.0,0.0,1367.0,0.1966891139745712,100.0,64.53787231445312,445.0,0.0
4237,0.0,1892.0,24.417407989501953,36.99,77.46326446533203,1997.0,0.0,1367.0,0.2046854197978973,100.0,63.70572662353515,444.0,0.0
4238,0.0,1892.0,24.417407989501953,36.99,77.46326446533203,1997.0,0.0,1367.0,0.2046854197978973,100.0,63.70572662353515,444.0,0.0
4239,0.0,1892.0,24.417407989501953,36.99,77.46326446533203,1997.0,0.0,1367.0,0.2046854197978973,100.0,63.70572662353515,444.0,0.0
4240,0.0,1892.0,24.417407989501953,36.99,77.46326446533203,1997.0,0.0,1367.0,0.2046854197978973,100.0,63.70572662353515,444.0,0.0
4241,0.0,1892.0,24.417407989501953,36.99,77.46326446533203,1997.0,0.0,1367.0,0.2046854197978973,100.0,63.70572662353515,444.0,0.0
4242,0.0,1892.0,16.91008186340332,36.99,78.10999298095703,1947.0,0.0,1367.0,9.405882835388184,100.0,63.562950134277344,817.0,0.0
4243,0.0,1892.0,16.91008186340332,36.99,78.10999298095703,1947.0,0.0,1367.0,9.405882835388184,100.0,63.562950134277344,817.0,0.0
4244,0.0,1892.0,16.91008186340332,36.99,78.10999298095703,1947.0,0.0,1367.0,9.405882835388184,100.0,63.562950134277344,817.0,0.0
4245,0.0,1892.0,16.91008186340332,36.99,78.10999298095703,1947.0,0.0,1367.0,9.405882835388184,100.0,63.562950134277344,817.0,0.0
4246,0.0,1892.0,16.91008186340332,36.99,78.10999298095703,1947.0,0.0,1367.0,9.405882835388184,100.0,63.562950134277344,817.0,0.0
4247,0.0,1892.0,16.91008186340332,36.99,78.10999298095703,1947.0,0.0,1367.0,9.405882835388184,100.0,63.562950134277344,817.0,0.0
4248,0.0,1892.0,11.962804794311523,36.99,74.40766143798828,2193.0,0.0,1367.0,30.17601776123047,100.0,71.94010925292969,1398.0,0.0
4249,0.0,1892.0,11.962804794311523,36.99,74.40766143798828,2193.0,0.0,1367.0,30.17601776123047,100.0,71.94010925292969,1398.0,0.0
4250,0.0,1892.0,11.962804794311523,36.99,74.40766143798828,2193.0,0.0,1367.0,30.17601776123047,100.0,71.94010925292969,1398.0,0.0
4251,0.0,1892.0,11.962804794311523,36.99,74.40766143798828,2193.0,0.0,1367.0,30.17601776123047,100.0,71.94010925292969,1398.0,0.0
4252,0.0,1892.0,11.962804794311523,36.99,74.40766143798828,2193.0,0.0,1367.0,30.17601776123047,100.0,71.94010925292969,1398.0,0.0
4253,0.0,1892.0,9.745474815368652,36.99,73.46615600585938,2163.0,0.0,1367.0,30.299495697021484,100.0,74.98017883300781,1398.0,0.0
4254,0.0,1892.0,9.745474815368652,36.99,73.46615600585938,2163.0,0.0,1367.0,30.299495697021484,100.0,74.98017883300781,1398.0,0.0
4255,0.0,1892.0,9.745474815368652,36.99,73.46615600585938,2163.0,0.0,1367.0,30.299495697021484,100.0,74.98017883300781,1398.0,0.0
4256,0.0,1892.0,9.745474815368652,36.99,73.46615600585938,2163.0,0.0,1367.0,30.299495697021484,100.0,74.98017883300781,1398.0,0.0
4257,0.0,1892.0,9.745474815368652,36.99,73.46615600585938,2163.0,0.0,1367.0,30.299495697021484,100.0,74.98017883300781,1398.0,0.0
4258,0.0,1892.0,5.742210865020752,36.99,72.4822769165039,2108.0,0.0,1367.0,29.98078155517578,100.0,75.35379028320312,1398.0,0.0
4259,0.0,1892.0,5.742210865020752,36.99,72.4822769165039,2108.0,0.0,1367.0,29.98078155517578,100.0,75.35379028320312,1398.0,0.0
4260,0.0,1892.0,5.742210865020752,36.99,72.4822769165039,2108.0,0.0,1367.0,29.98078155517578,100.0,75.35379028320312,1398.0,0.0
4261,0.0,1892.0,5.742210865020752,36.99,72.4822769165039,2108.0,0.0,1367.0,29.98078155517578,100.0,75.35379028320312,1398.0,0.0
4262,0.0,1892.0,5.742210865020752,36.99,72.4822769165039,2108.0,0.0,1367.0,29.98078155517578,100.0,75.35379028320312,1398.0,0.0
4263,0.0,1892.0,12.07622528076172,36.99,72.19149780273438,2133.0,0.0,1367.0,30.317081451416016,100.0,75.28275299072266,1398.0,0.0
4264,0.0,1892.0,12.07622528076172,36.99,72.19149780273438,2133.0,0.0,1367.0,30.317081451416016,100.0,75.28275299072266,1398.0,0.0
4265,0.0,1892.0,12.07622528076172,36.99,72.19149780273438,2133.0,0.0,1367.0,30.317081451416016,100.0,75.28275299072266,1398.0,0.0
4266,0.0,1892.0,12.07622528076172,36.99,72.19149780273438,2133.0,0.0,1367.0,30.317081451416016,100.0,75.28275299072266,1398.0,0.0
4267,0.0,1892.0,12.07622528076172,36.99,72.19149780273438,2133.0,0.0,1367.0,30.317081451416016,100.0,75.28275299072266,1398.0,0.0
4268,0.0,1892.0,16.33932113647461,36.99,73.9950180053711,2192.0,0.0,1367.0,29.94198226928711,100.0,75.91394805908203,1398.0,0.0
4269,0.0,1892.0,16.33932113647461,36.99,73.9950180053711,2192.0,0.0,1367.0,29.94198226928711,100.0,75.91394805908203,1398.0,0.0
4270,0.0,1892.0,16.33932113647461,36.99,73.9950180053711,2192.0,0.0,1367.0,29.94198226928711,100.0,75.91394805908203,1398.0,0.0
4271,0.0,1892.0,16.33932113647461,36.99,73.9950180053711,2192.0,0.0,1367.0,29.94198226928711,100.0,75.91394805908203,1398.0,0.0
4272,0.0,1892.0,16.33932113647461,36.99,73.9950180053711,2192.0,0.0,1367.0,29.94198226928711,100.0,75.91394805908203,1398.0,0.0
4273,0.0,1892.0,23.300708770751953,36.99,77.86876678466797,2022.0,0.0,1367.0,1.5229229927062988,100.0,76.11669158935547,758.0,0.0
4274,0.0,1892.0,23.300708770751953,36.99,77.86876678466797,2022.0,0.0,1367.0,1.5229229927062988,100.0,76.11669158935547,758.0,0.0
4275,0.0,1892.0,23.300708770751953,36.99,77.86876678466797,2022.0,0.0,1367.0,1.5229229927062988,100.0,76.11669158935547,758.0,0.0
4276,0.0,1892.0,23.300708770751953,36.99,77.86876678466797,2022.0,0.0,1367.0,1.5229229927062988,100.0,76.11669158935547,758.0,0.0
4277,0.0,1892.0,23.300708770751953,36.99,77.86876678466797,2022.0,0.0,1367.0,1.5229229927062988,100.0,76.11669158935547,758.0,0.0
4278,0.0,1892.0,24.61363410949707,36.99,78.28300476074219,2110.0,0.0,1367.0,0.1494770944118499,100.0,65.1185302734375,444.0,0.0
4279,0.0,1892.0,24.61363410949707,36.99,78.28300476074219,2110.0,0.0,1367.0,0.1494770944118499,100.0,65.1185302734375,444.0,0.0
4280,0.0,1892.0,24.61363410949707,36.99,78.28300476074219,2110.0,0.0,1367.0,0.1494770944118499,100.0,65.1185302734375,444.0,0.0
4281,0.0,1892.0,24.61363410949707,36.99,78.28300476074219,2110.0,0.0,1367.0,0.1494770944118499,100.0,65.1185302734375,444.0,0.0
4282,0.0,1892.0,24.61363410949707,36.99,78.28300476074219,2110.0,0.0,1367.0,0.1494770944118499,100.0,65.1185302734375,444.0,0.0
4283,0.0,1892.0,25.070138931274418,36.99,78.45661163330078,2082.0,0.0,1367.0,0.1838636845350265,100.0,64.27662658691406,444.0,0.0
4284,0.0,1892.0,25.070138931274418,36.99,78.45661163330078,2082.0,0.0,1367.0,0.1838636845350265,100.0,64.27662658691406,444.0,0.0
4285,0.0,1892.0,25.070138931274418,36.99,78.45661163330078,2082.0,0.0,1367.0,0.1838636845350265,100.0,64.27662658691406,444.0,0.0
4286,0.0,1892.0,25.070138931274418,36.99,78.45661163330078,2082.0,0.0,1367.0,0.1838636845350265,100.0,64.27662658691406,444.0,0.0
4287,0.0,1892.0,25.070138931274418,36.99,78.45661163330078,2082.0,0.0,1367.0,0.1838636845350265,100.0,64.27662658691406,444.0,0.0
4288,0.0,1892.0,24.882190704345703,36.99,78.56884002685547,1949.0,0.0,1367.0,0.4588468670845032,100.0,63.65331268310547,485.0,0.0
4289,0.0,1892.0,24.882190704345703,36.99,78.56884002685547,1949.0,0.0,1367.0,0.4588468670845032,100.0,63.65331268310547,485.0,0.0
4290,0.0,1892.0,24.882190704345703,36.99,78.56884002685547,1949.0,0.0,1367.0,0.4588468670845032,100.0,63.65331268310547,485.0,0.0
4291,0.0,1892.0,24.882190704345703,36.99,78.56884002685547,1949.0,0.0,1367.0,0.4588468670845032,100.0,63.65331268310547,485.0,0.0
4292,0.0,1892.0,24.882190704345703,36.99,78.56884002685547,1949.0,0.0,1367.0,0.4588468670845032,100.0,63.65331268310547,485.0,0.0
4293,0.0,1892.0,11.398110389709473,36.99,74.92870330810547,2048.0,0.0,1367.0,21.68266868591309,100.0,70.94329833984375,1124.0,0.0
4294,0.0,1892.0,11.398110389709473,36.99,74.92870330810547,2048.0,0.0,1367.0,21.68266868591309,100.0,70.94329833984375,1124.0,0.0
4295,0.0,1892.0,11.398110389709473,36.99,74.92870330810547,2048.0,0.0,1367.0,21.68266868591309,100.0,70.94329833984375,1124.0,0.0
4296,0.0,1892.0,11.398110389709473,36.99,74.92870330810547,2048.0,0.0,1367.0,21.68266868591309,100.0,70.94329833984375,1124.0,0.0
4297,0.0,1892.0,11.398110389709473,36.99,74.92870330810547,2048.0,0.0,1367.0,21.68266868591309,100.0,70.94329833984375,1124.0,0.0
4298,0.0,1892.0,11.398110389709473,36.99,74.92870330810547,2048.0,0.0,1367.0,21.68266868591309,100.0,70.94329833984375,1124.0,0.0
4299,0.0,1892.0,9.563425064086914,36.99,72.22148895263672,2137.0,0.0,1367.0,30.023239135742188,100.0,74.7708511352539,1398.0,0.0
4300,0.0,1892.0,9.563425064086914,36.99,72.22148895263672,2137.0,0.0,1367.0,30.023239135742188,100.0,74.7708511352539,1398.0,0.0
4301,0.0,1892.0,9.563425064086914,36.99,72.22148895263672,2137.0,0.0,1367.0,30.023239135742188,100.0,74.7708511352539,1398.0,0.0
4302,0.0,1892.0,9.563425064086914,36.99,72.22148895263672,2137.0,0.0,1367.0,30.023239135742188,100.0,74.7708511352539,1398.0,0.0
4303,0.0,1892.0,9.563425064086914,36.99,72.22148895263672,2137.0,0.0,1367.0,30.023239135742188,100.0,74.7708511352539,1398.0,0.0
4304,0.0,1892.0,9.676617622375488,36.99,73.07183074951172,2017.0,0.0,1367.0,30.14815330505371,100.0,75.35478210449219,1398.0,0.0
4305,0.0,1892.0,9.676617622375488,36.99,73.07183074951172,2017.0,0.0,1367.0,30.14815330505371,100.0,75.35478210449219,1398.0,0.0
4306,0.0,1892.0,9.676617622375488,36.99,73.07183074951172,2017.0,0.0,1367.0,30.14815330505371,100.0,75.35478210449219,1398.0,0.0
4307,0.0,1892.0,9.676617622375488,36.99,73.07183074951172,2017.0,0.0,1367.0,30.14815330505371,100.0,75.35478210449219,1398.0,0.0
4308,0.0,1892.0,9.676617622375488,36.99,73.07183074951172,2017.0,0.0,1367.0,30.14815330505371,100.0,75.35478210449219,1398.0,0.0
4309,0.0,1892.0,5.978870391845703,36.99,70.76353454589844,2165.0,0.0,1367.0,29.992616653442383,100.0,75.23163604736328,1398.0,0.0
4310,0.0,1892.0,5.978870391845703,36.99,70.76353454589844,2165.0,0.0,1367.0,29.992616653442383,100.0,75.23163604736328,1398.0,0.0
4311,0.0,1892.0,5.978870391845703,36.99,70.76353454589844,2165.0,0.0,1367.0,29.992616653442383,100.0,75.23163604736328,1398.0,0.0
4312,0.0,1892.0,5.978870391845703,36.99,70.76353454589844,2165.0,0.0,1367.0,29.992616653442383,100.0,75.23163604736328,1398.0,0.0
4313,0.0,1892.0,5.978870391845703,36.99,70.76353454589844,2165.0,0.0,1367.0,29.992616653442383,100.0,75.23163604736328,1398.0,0.0
4314,0.0,1892.0,11.062874794006348,36.99,73.8303451538086,2199.0,0.0,1367.0,30.01014709472656,100.0,75.70802307128906,1398.0,0.0
4315,0.0,1892.0,11.062874794006348,36.99,73.8303451538086,2199.0,0.0,1367.0,30.01014709472656,100.0,75.70802307128906,1398.0,0.0
4316,0.0,1892.0,11.062874794006348,36.99,73.8303451538086,2199.0,0.0,1367.0,30.01014709472656,100.0,75.70802307128906,1398.0,0.0
4317,0.0,1892.0,11.062874794006348,36.99,73.8303451538086,2199.0,0.0,1367.0,30.01014709472656,100.0,75.70802307128906,1398.0,0.0
4318,0.0,1892.0,11.062874794006348,36.99,73.8303451538086,2199.0,0.0,1367.0,30.01014709472656,100.0,75.70802307128906,1398.0,0.0
4319,0.0,1892.0,23.752605438232425,36.99,78.46391296386719,2037.0,0.0,1367.0,19.339759826660156,100.0,76.05855560302734,1344.0,0.0
4320,0.0,1892.0,23.752605438232425,36.99,78.46391296386719,2037.0,0.0,1367.0,19.339759826660156,100.0,76.05855560302734,1344.0,0.0
4321,0.0,1892.0,23.752605438232425,36.99,78.46391296386719,2037.0,0.0,1367.0,19.339759826660156,100.0,76.05855560302734,1344.0,0.0
4322,0.0,1892.0,23.752605438232425,36.99,78.46391296386719,2037.0,0.0,1367.0,19.339759826660156,100.0,76.05855560302734,1344.0,0.0
4323,0.0,1892.0,23.752605438232425,36.99,78.46391296386719,2037.0,0.0,1367.0,19.339759826660156,100.0,76.05855560302734,1344.0,0.0
4324,0.0,1892.0,25.233171463012695,36.99,80.40823364257812,2053.0,0.0,1367.0,0.5377146601676941,100.0,65.72110748291016,599.0,0.0
4325,0.0,1892.0,25.233171463012695,36.99,80.40823364257812,2053.0,0.0,1367.0,0.5377146601676941,100.0,65.72110748291016,599.0,0.0
4326,0.0,1892.0,25.233171463012695,36.99,80.40823364257812,2053.0,0.0,1367.0,0.5377146601676941,100.0,65.72110748291016,599.0,0.0
4327,0.0,1892.0,25.233171463012695,36.99,80.40823364257812,2053.0,0.0,1367.0,0.5377146601676941,100.0,65.72110748291016,599.0,0.0
4328,0.0,1892.0,25.233171463012695,36.99,80.40823364257812,2053.0,0.0,1367.0,0.5377146601676941,100.0,65.72110748291016,599.0,0.0
4329,0.0,1892.0,23.986244201660156,36.99,78.88919067382812,1967.0,0.0,1367.0,0.4759712219238281,100.0,64.57495880126953,504.0,0.0
4330,0.0,1892.0,23.986244201660156,36.99,78.88919067382812,1967.0,0.0,1367.0,0.4759712219238281,100.0,64.57495880126953,504.0,0.0
4331,0.0,1892.0,23.986244201660156,36.99,78.88919067382812,1967.0,0.0,1367.0,0.4759712219238281,100.0,64.57495880126953,504.0,0.0
4332,0.0,1892.0,23.986244201660156,36.99,78.88919067382812,1967.0,0.0,1367.0,0.4759712219238281,100.0,64.57495880126953,504.0,0.0
4333,0.0,1892.0,23.986244201660156,36.99,78.88919067382812,1967.0,0.0,1367.0,0.4759712219238281,100.0,64.57495880126953,504.0,0.0
4334,0.0,1892.0,23.809642791748047,36.99,77.3348617553711,1895.0,0.0,1367.0,0.1088437288999557,100.0,63.72426223754883,444.0,0.0
4335,0.0,1892.0,23.809642791748047,36.99,77.3348617553711,1895.0,0.0,1367.0,0.1088437288999557,100.0,63.72426223754883,444.0,0.0
4336,0.0,1892.0,23.809642791748047,36.99,77.3348617553711,1895.0,0.0,1367.0,0.1088437288999557,100.0,63.72426223754883,444.0,0.0
4337,0.0,1892.0,23.809642791748047,36.99,77.3348617553711,1895.0,0.0,1367.0,0.1088437288999557,100.0,63.72426223754883,444.0,0.0
4338,0.0,1892.0,23.809642791748047,36.99,77.3348617553711,1895.0,0.0,1367.0,0.1088437288999557,100.0,63.72426223754883,444.0,0.0
4339,0.0,1892.0,23.474214553833008,36.99,78.38720703125,2208.0,0.0,1367.0,2.622535228729248,100.0,63.560211181640625,618.0,0.0
4340,0.0,1892.0,23.474214553833008,36.99,78.38720703125,2208.0,0.0,1367.0,2.622535228729248,100.0,63.560211181640625,618.0,0.0
4341,0.0,1892.0,23.474214553833008,36.99,78.38720703125,2208.0,0.0,1367.0,2.622535228729248,100.0,63.560211181640625,618.0,0.0
4342,0.0,1892.0,23.474214553833008,36.99,78.38720703125,2208.0,0.0,1367.0,2.622535228729248,100.0,63.560211181640625,618.0,0.0
4343,0.0,1892.0,23.474214553833008,36.99,78.38720703125,2208.0,0.0,1367.0,2.622535228729248,100.0,63.560211181640625,618.0,0.0
4344,0.0,1892.0,6.873910903930664,36.99,74.84534454345703,1935.0,0.0,1367.0,30.151710510253903,100.0,70.63578796386719,1398.0,0.0
4345,0.0,1892.0,6.873910903930664,36.99,74.84534454345703,1935.0,0.0,1367.0,30.151710510253903,100.0,70.63578796386719,1398.0,0.0
4346,0.0,1892.0,6.873910903930664,36.99,74.84534454345703,1935.0,0.0,1367.0,30.151710510253903,100.0,70.63578796386719,1398.0,0.0
4347,0.0,1892.0,6.873910903930664,36.99,74.84534454345703,1935.0,0.0,1367.0,30.151710510253903,100.0,70.63578796386719,1398.0,0.0
4348,0.0,1892.0,6.873910903930664,36.99,74.84534454345703,1935.0,0.0,1367.0,30.151710510253903,100.0,70.63578796386719,1398.0,0.0
4349,0.0,1892.0,9.032955169677734,36.99,72.27607727050781,2103.0,0.0,1367.0,29.961181640625,100.0,74.6452407836914,1398.0,0.0
4350,0.0,1892.0,9.032955169677734,36.99,72.27607727050781,2103.0,0.0,1367.0,29.961181640625,100.0,74.6452407836914,1398.0,0.0
4351,0.0,1892.0,9.032955169677734,36.99,72.27607727050781,2103.0,0.0,1367.0,29.961181640625,100.0,74.6452407836914,1398.0,0.0
4352,0.0,1892.0,9.032955169677734,36.99,72.27607727050781,2103.0,0.0,1367.0,29.961181640625,100.0,74.6452407836914,1398.0,0.0
4353,0.0,1892.0,9.032955169677734,36.99,72.27607727050781,2103.0,0.0,1367.0,29.961181640625,100.0,74.6452407836914,1398.0,0.0
4354,0.0,1892.0,10.521112442016602,36.99,72.46221160888672,2138.0,0.0,1367.0,30.023759841918945,100.0,75.06382751464844,1398.0,0.0
4355,0.0,1892.0,10.521112442016602,36.99,72.46221160888672,2138.0,0.0,1367.0,30.023759841918945,100.0,75.06382751464844,1398.0,0.0
4356,0.0,1892.0,10.521112442016602,36.99,72.46221160888672,2138.0,0.0,1367.0,30.023759841918945,100.0,75.06382751464844,1398.0,0.0
4357,0.0,1892.0,10.521112442016602,36.99,72.46221160888672,2138.0,0.0,1367.0,30.023759841918945,100.0,75.06382751464844,1398.0,0.0
4358,0.0,1892.0,10.521112442016602,36.99,72.46221160888672,2138.0,0.0,1367.0,30.023759841918945,100.0,75.06382751464844,1398.0,0.0
4359,0.0,1892.0,10.521112442016602,36.99,72.46221160888672,2138.0,0.0,1367.0,30.023759841918945,100.0,75.06382751464844,1398.0,0.0
4360,0.0,1892.0,11.632545471191406,36.99,74.18293762207031,2039.0,0.0,1367.0,30.2460994720459,100.0,75.6630630493164,1398.0,0.0
4361,0.0,1892.0,11.632545471191406,36.99,74.18293762207031,2039.0,0.0,1367.0,30.2460994720459,100.0,75.6630630493164,1398.0,0.0
4362,0.0,1892.0,11.632545471191406,36.99,74.18293762207031,2039.0,0.0,1367.0,30.2460994720459,100.0,75.6630630493164,1398.0,0.0
4363,0.0,1892.0,11.632545471191406,36.99,74.18293762207031,2039.0,0.0,1367.0,30.2460994720459,100.0,75.6630630493164,1398.0,0.0
4364,0.0,1892.0,11.632545471191406,36.99,74.18293762207031,2039.0,0.0,1367.0,30.2460994720459,100.0,75.6630630493164,1398.0,0.0
4365,0.0,1892.0,12.87275505065918,36.99,73.73119354248047,2006.0,0.0,1367.0,30.03008460998535,100.0,75.77940368652344,1398.0,0.0
4366,0.0,1892.0,12.87275505065918,36.99,73.73119354248047,2006.0,0.0,1367.0,30.03008460998535,100.0,75.77940368652344,1398.0,0.0
4367,0.0,1892.0,12.87275505065918,36.99,73.73119354248047,2006.0,0.0,1367.0,30.03008460998535,100.0,75.77940368652344,1398.0,0.0
4368,0.0,1892.0,12.87275505065918,36.99,73.73119354248047,2006.0,0.0,1367.0,30.03008460998535,100.0,75.77940368652344,1398.0,0.0
4369,0.0,1892.0,12.87275505065918,36.99,73.73119354248047,2006.0,0.0,1367.0,30.03008460998535,100.0,75.77940368652344,1398.0,0.0
4370,0.0,1892.0,24.899763107299805,36.99,78.02461242675781,2145.0,0.0,1367.0,7.941470146179199,100.0,75.8912124633789,1064.0,0.0
4371,0.0,1892.0,24.899763107299805,36.99,78.02461242675781,2145.0,0.0,1367.0,7.941470146179199,100.0,75.8912124633789,1064.0,0.0
4372,0.0,1892.0,24.899763107299805,36.99,78.02461242675781,2145.0,0.0,1367.0,7.941470146179199,100.0,75.8912124633789,1064.0,0.0
4373,0.0,1892.0,24.899763107299805,36.99,78.02461242675781,2145.0,0.0,1367.0,7.941470146179199,100.0,75.8912124633789,1064.0,0.0
4374,0.0,1892.0,24.899763107299805,36.99,78.02461242675781,2145.0,0.0,1367.0,7.941470146179199,100.0,75.8912124633789,1064.0,0.0
4375,0.0,1892.0,23.242359161376953,36.99,79.65335083007812,2071.0,0.0,1367.0,0.3717862665653229,100.0,65.634521484375,444.0,0.0
4376,0.0,1892.0,23.242359161376953,36.99,79.65335083007812,2071.0,0.0,1367.0,0.3717862665653229,100.0,65.634521484375,444.0,0.0
4377,0.0,1892.0,23.242359161376953,36.99,79.65335083007812,2071.0,0.0,1367.0,0.3717862665653229,100.0,65.634521484375,444.0,0.0
4378,0.0,1892.0,23.242359161376953,36.99,79.65335083007812,2071.0,0.0,1367.0,0.3717862665653229,100.0,65.634521484375,444.0,0.0
4379,0.0,1892.0,23.242359161376953,36.99,79.65335083007812,2071.0,0.0,1367.0,0.3717862665653229,100.0,65.634521484375,444.0,0.0
4380,0.0,1892.0,24.277366638183594,36.99,77.90355682373047,1903.0,0.0,1367.0,0.1323302686214447,100.0,64.28187561035156,444.0,0.0
4381,0.0,1892.0,24.277366638183594,36.99,77.90355682373047,1903.0,0.0,1367.0,0.1323302686214447,100.0,64.28187561035156,444.0,0.0
4382,0.0,1892.0,24.277366638183594,36.99,77.90355682373047,1903.0,0.0,1367.0,0.1323302686214447,100.0,64.28187561035156,444.0,0.0
4383,0.0,1892.0,24.277366638183594,36.99,77.90355682373047,1903.0,0.0,1367.0,0.1323302686214447,100.0,64.28187561035156,444.0,0.0
4384,0.0,1892.0,24.277366638183594,36.99,77.90355682373047,1903.0,0.0,1367.0,0.1323302686214447,100.0,64.28187561035156,444.0,0.0
4385,0.0,1892.0,24.143444061279297,36.99,78.3919677734375,1868.0,0.0,1367.0,0.1344419717788696,100.0,63.67420196533203,444.0,0.0
4386,0.0,1892.0,24.143444061279297,36.99,78.3919677734375,1868.0,0.0,1367.0,0.1344419717788696,100.0,63.67420196533203,444.0,0.0
4387,0.0,1892.0,24.143444061279297,36.99,78.3919677734375,1868.0,0.0,1367.0,0.1344419717788696,100.0,63.67420196533203,444.0,0.0
4388,0.0,1892.0,24.143444061279297,36.99,78.3919677734375,1868.0,0.0,1367.0,0.1344419717788696,100.0,63.67420196533203,444.0,0.0
4389,0.0,1892.0,24.143444061279297,36.99,78.3919677734375,1868.0,0.0,1367.0,0.1344419717788696,100.0,63.67420196533203,444.0,0.0
4390,0.0,1892.0,19.29140853881836,36.99,77.74105072021484,2055.0,0.0,1367.0,14.269580841064451,100.0,63.219871520996094,895.0,0.0
4391,0.0,1892.0,19.29140853881836,36.99,77.74105072021484,2055.0,0.0,1367.0,14.269580841064451,100.0,63.219871520996094,895.0,0.0
4392,0.0,1892.0,19.29140853881836,36.99,77.74105072021484,2055.0,0.0,1367.0,14.269580841064451,100.0,63.219871520996094,895.0,0.0
4393,0.0,1892.0,19.29140853881836,36.99,77.74105072021484,2055.0,0.0,1367.0,14.269580841064451,100.0,63.219871520996094,895.0,0.0
4394,0.0,1892.0,19.29140853881836,36.99,77.74105072021484,2055.0,0.0,1367.0,14.269580841064451,100.0,63.219871520996094,895.0,0.0
4395,0.0,1892.0,11.228004455566406,36.99,76.5163803100586,2037.0,0.0,1367.0,30.04142951965332,100.0,71.91207885742188,1398.0,0.0
4396,0.0,1892.0,11.228004455566406,36.99,76.5163803100586,2037.0,0.0,1367.0,30.04142951965332,100.0,71.91207885742188,1398.0,0.0
4397,0.0,1892.0,11.228004455566406,36.99,76.5163803100586,2037.0,0.0,1367.0,30.04142951965332,100.0,71.91207885742188,1398.0,0.0
4398,0.0,1892.0,11.228004455566406,36.99,76.5163803100586,2037.0,0.0,1367.0,30.04142951965332,100.0,71.91207885742188,1398.0,0.0
4399,0.0,1892.0,11.228004455566406,36.99,76.5163803100586,2037.0,0.0,1367.0,30.04142951965332,100.0,71.91207885742188,1398.0,0.0
4400,0.0,1892.0,6.671060562133789,36.99,73.39398193359375,1825.0,0.0,1367.0,30.053972244262695,100.0,74.9647445678711,1398.0,0.0
4401,0.0,1892.0,6.671060562133789,36.99,73.39398193359375,1825.0,0.0,1367.0,30.053972244262695,100.0,74.9647445678711,1398.0,0.0
4402,0.0,1892.0,6.671060562133789,36.99,73.39398193359375,1825.0,0.0,1367.0,30.053972244262695,100.0,74.9647445678711,1398.0,0.0
4403,0.0,1892.0,6.671060562133789,36.99,73.39398193359375,1825.0,0.0,1367.0,30.053972244262695,100.0,74.9647445678711,1398.0,0.0
4404,0.0,1892.0,6.671060562133789,36.99,73.39398193359375,1825.0,0.0,1367.0,30.053972244262695,100.0,74.9647445678711,1398.0,0.0
4405,0.0,1892.0,5.41438627243042,36.99,71.50099182128906,1920.0,0.0,1367.0,29.949012756347656,100.0,75.19535827636719,1398.0,0.0
4406,0.0,1892.0,5.41438627243042,36.99,71.50099182128906,1920.0,0.0,1367.0,29.949012756347656,100.0,75.19535827636719,1398.0,0.0
4407,0.0,1892.0,5.41438627243042,36.99,71.50099182128906,1920.0,0.0,1367.0,29.949012756347656,100.0,75.19535827636719,1398.0,0.0
4408,0.0,1892.0,5.41438627243042,36.99,71.50099182128906,1920.0,0.0,1367.0,29.949012756347656,100.0,75.19535827636719,1398.0,0.0
4409,0.0,1892.0,5.41438627243042,36.99,71.50099182128906,1920.0,0.0,1367.0,29.949012756347656,100.0,75.19535827636719,1398.0,0.0
4410,0.0,1892.0,5.41438627243042,36.99,71.50099182128906,1920.0,0.0,1367.0,29.949012756347656,100.0,75.19535827636719,1398.0,0.0
4411,0.0,1892.0,7.8684234619140625,36.99,71.71089172363281,2119.0,0.0,1367.0,30.190542221069336,100.0,75.19352722167969,1398.0,0.0
4412,0.0,1892.0,7.8684234619140625,36.99,71.71089172363281,2119.0,0.0,1367.0,30.190542221069336,100.0,75.19352722167969,1398.0,0.0
4413,0.0,1892.0,7.8684234619140625,36.99,71.71089172363281,2119.0,0.0,1367.0,30.190542221069336,100.0,75.19352722167969,1398.0,0.0
4414,0.0,1892.0,7.8684234619140625,36.99,71.71089172363281,2119.0,0.0,1367.0,30.190542221069336,100.0,75.19352722167969,1398.0,0.0
4415,0.0,1892.0,7.8684234619140625,36.99,71.71089172363281,2119.0,0.0,1367.0,30.190542221069336,100.0,75.19352722167969,1398.0,0.0
4416,0.0,1892.0,18.474763870239254,36.99,76.46971893310547,2196.0,0.0,1367.0,25.828969955444336,100.0,75.580322265625,1390.0,0.0
4417,0.0,1892.0,18.474763870239254,36.99,76.46971893310547,2196.0,0.0,1367.0,25.828969955444336,100.0,75.580322265625,1390.0,0.0
4418,0.0,1892.0,18.474763870239254,36.99,76.46971893310547,2196.0,0.0,1367.0,25.828969955444336,100.0,75.580322265625,1390.0,0.0
4419,0.0,1892.0,18.474763870239254,36.99,76.46971893310547,2196.0,0.0,1367.0,25.828969955444336,100.0,75.580322265625,1390.0,0.0
4420,0.0,1892.0,18.474763870239254,36.99,76.46971893310547,2196.0,0.0,1367.0,25.828969955444336,100.0,75.580322265625,1390.0,0.0
4421,0.0,1892.0,23.18728256225586,36.99,77.17015075683594,2211.0,0.0,1367.0,0.0207915529608726,100.0,64.91761779785156,698.0,0.0
4422,0.0,1892.0,23.18728256225586,36.99,77.17015075683594,2211.0,0.0,1367.0,0.0207915529608726,100.0,64.91761779785156,698.0,0.0
4423,0.0,1892.0,23.18728256225586,36.99,77.17015075683594,2211.0,0.0,1367.0,0.0207915529608726,100.0,64.91761779785156,698.0,0.0
4424,0.0,1892.0,23.18728256225586,36.99,77.17015075683594,2211.0,0.0,1367.0,0.0207915529608726,100.0,64.91761779785156,698.0,0.0
4425,0.0,1892.0,23.18728256225586,36.99,77.17015075683594,2211.0,0.0,1367.0,0.0207915529608726,100.0,64.91761779785156,698.0,0.0
4426,0.0,1892.0,23.444534301757812,36.99,77.75370025634766,2029.0,0.0,1367.0,0.1021243184804916,100.0,63.69557571411133,444.0,0.0
4427,0.0,1892.0,23.444534301757812,36.99,77.75370025634766,2029.0,0.0,1367.0,0.1021243184804916,100.0,63.69557571411133,444.0,0.0
4428,0.0,1892.0,23.444534301757812,36.99,77.75370025634766,2029.0,0.0,1367.0,0.1021243184804916,100.0,63.69557571411133,444.0,0.0
4429,0.0,1892.0,23.444534301757812,36.99,77.75370025634766,2029.0,0.0,1367.0,0.1021243184804916,100.0,63.69557571411133,444.0,0.0
4430,0.0,1892.0,23.444534301757812,36.99,77.75370025634766,2029.0,0.0,1367.0,0.1021243184804916,100.0,63.69557571411133,444.0,0.0
4431,0.0,1892.0,22.888839721679688,36.99,76.05376434326172,2124.0,0.0,1367.0,0.0685201212763786,100.0,63.06934356689453,444.0,0.0
4432,0.0,1892.0,22.888839721679688,36.99,76.05376434326172,2124.0,0.0,1367.0,0.0685201212763786,100.0,63.06934356689453,444.0,0.0
4433,0.0,1892.0,22.888839721679688,36.99,76.05376434326172,2124.0,0.0,1367.0,0.0685201212763786,100.0,63.06934356689453,444.0,0.0
4434,0.0,1892.0,22.888839721679688,36.99,76.05376434326172,2124.0,0.0,1367.0,0.0685201212763786,100.0,63.06934356689453,444.0,0.0
4435,0.0,1892.0,22.888839721679688,36.99,76.05376434326172,2124.0,0.0,1367.0,0.0685201212763786,100.0,63.06934356689453,444.0,0.0
4436,0.0,1892.0,23.3890380859375,36.99,76.22860717773438,2198.0,0.0,1367.0,0.1724217236042022,100.0,62.76556396484375,509.0,0.0
4437,0.0,1892.0,23.3890380859375,36.99,76.22860717773438,2198.0,0.0,1367.0,0.1724217236042022,100.0,62.76556396484375,509.0,0.0
4438,0.0,1892.0,23.3890380859375,36.99,76.22860717773438,2198.0,0.0,1367.0,0.1724217236042022,100.0,62.76556396484375,509.0,0.0
4439,0.0,1892.0,23.3890380859375,36.99,76.22860717773438,2198.0,0.0,1367.0,0.1724217236042022,100.0,62.76556396484375,509.0,0.0
4440,0.0,1892.0,23.3890380859375,36.99,76.22860717773438,2198.0,0.0,1367.0,0.1724217236042022,100.0,62.76556396484375,509.0,0.0
4441,0.0,1892.0,9.324515342712402,36.99,73.66238403320312,2215.0,0.0,1367.0,25.749670028686523,100.0,70.7072525024414,1318.0,0.0
4442,0.0,1892.0,9.324515342712402,36.99,73.66238403320312,2215.0,0.0,1367.0,25.749670028686523,100.0,70.7072525024414,1318.0,0.0
4443,0.0,1892.0,9.324515342712402,36.99,73.66238403320312,2215.0,0.0,1367.0,25.749670028686523,100.0,70.7072525024414,1318.0,0.0
4444,0.0,1892.0,9.324515342712402,36.99,73.66238403320312,2215.0,0.0,1367.0,25.749670028686523,100.0,70.7072525024414,1318.0,0.0
4445,0.0,1892.0,9.324515342712402,36.99,73.66238403320312,2215.0,0.0,1367.0,25.749670028686523,100.0,70.7072525024414,1318.0,0.0
4446,0.0,1892.0,13.10730266571045,36.99,73.74048614501953,2019.0,0.0,1367.0,30.079448699951172,100.0,74.46073150634766,1398.0,0.0
4447,0.0,1892.0,13.10730266571045,36.99,73.74048614501953,2019.0,0.0,1367.0,30.079448699951172,100.0,74.46073150634766,1398.0,0.0
4448,0.0,1892.0,13.10730266571045,36.99,73.74048614501953,2019.0,0.0,1367.0,30.079448699951172,100.0,74.46073150634766,1398.0,0.0
4449,0.0,1892.0,13.10730266571045,36.99,73.74048614501953,2019.0,0.0,1367.0,30.079448699951172,100.0,74.46073150634766,1398.0,0.0
4450,0.0,1892.0,13.10730266571045,36.99,73.74048614501953,2019.0,0.0,1367.0,30.079448699951172,100.0,74.46073150634766,1398.0,0.0
4451,0.0,1892.0,11.58405876159668,36.99,73.62422943115234,2063.0,0.0,1367.0,29.971595764160156,100.0,75.05335998535156,1398.0,0.0
4452,0.0,1892.0,11.58405876159668,36.99,73.62422943115234,2063.0,0.0,1367.0,29.971595764160156,100.0,75.05335998535156,1398.0,0.0
4453,0.0,1892.0,11.58405876159668,36.99,73.62422943115234,2063.0,0.0,1367.0,29.971595764160156,100.0,75.05335998535156,1398.0,0.0
4454,0.0,1892.0,11.58405876159668,36.99,73.62422943115234,2063.0,0.0,1367.0,29.971595764160156,100.0,75.05335998535156,1398.0,0.0
4455,0.0,1892.0,11.58405876159668,36.99,73.62422943115234,2063.0,0.0,1367.0,29.971595764160156,100.0,75.05335998535156,1398.0,0.0
4456,0.0,1892.0,7.851228713989258,36.99,72.91705322265625,2064.0,0.0,1367.0,30.36603546142578,100.0,75.34208679199219,1398.0,0.0
4457,0.0,1892.0,7.851228713989258,36.99,72.91705322265625,2064.0,0.0,1367.0,30.36603546142578,100.0,75.34208679199219,1398.0,0.0
4458,0.0,1892.0,7.851228713989258,36.99,72.91705322265625,2064.0,0.0,1367.0,30.36603546142578,100.0,75.34208679199219,1398.0,0.0
4459,0.0,1892.0,7.851228713989258,36.99,72.91705322265625,2064.0,0.0,1367.0,30.36603546142578,100.0,75.34208679199219,1398.0,0.0
4460,0.0,1892.0,7.851228713989258,36.99,72.91705322265625,2064.0,0.0,1367.0,30.36603546142578,100.0,75.34208679199219,1398.0,0.0
4461,0.0,1892.0,10.489399909973145,36.99,71.70393371582031,2193.0,0.0,1367.0,29.973854064941406,100.0,75.23515319824219,1398.0,0.0
4462,0.0,1892.0,10.489399909973145,36.99,71.70393371582031,2193.0,0.0,1367.0,29.973854064941406,100.0,75.23515319824219,1398.0,0.0
4463,0.0,1892.0,10.489399909973145,36.99,71.70393371582031,2193.0,0.0,1367.0,29.973854064941406,100.0,75.23515319824219,1398.0,0.0
4464,0.0,1892.0,10.489399909973145,36.99,71.70393371582031,2193.0,0.0,1367.0,29.973854064941406,100.0,75.23515319824219,1398.0,0.0
4465,0.0,1892.0,10.489399909973145,36.99,71.70393371582031,2193.0,0.0,1367.0,29.973854064941406,100.0,75.23515319824219,1398.0,0.0
4466,0.0,1892.0,23.771156311035156,36.99,78.37931823730469,2148.0,0.0,1367.0,15.725212097167969,100.0,75.92192840576172,1351.0,0.0
4467,0.0,1892.0,23.771156311035156,36.99,78.37931823730469,2148.0,0.0,1367.0,15.725212097167969,100.0,75.92192840576172,1351.0,0.0
4468,0.0,1892.0,23.771156311035156,36.99,78.37931823730469,2148.0,0.0,1367.0,15.725212097167969,100.0,75.92192840576172,1351.0,0.0
4469,0.0,1892.0,23.771156311035156,36.99,78.37931823730469,2148.0,0.0,1367.0,15.725212097167969,100.0,75.92192840576172,1351.0,0.0
4470,0.0,1892.0,23.771156311035156,36.99,78.37931823730469,2148.0,0.0,1367.0,15.725212097167969,100.0,75.92192840576172,1351.0,0.0
4471,0.0,1892.0,23.738325119018555,36.99,78.89007568359375,1962.0,0.0,1367.0,0.1094028800725936,100.0,66.08702087402344,338.0,0.0
4472,0.0,1892.0,23.738325119018555,36.99,78.89007568359375,1962.0,0.0,1367.0,0.1094028800725936,100.0,66.08702087402344,338.0,0.0
4473,0.0,1892.0,23.738325119018555,36.99,78.89007568359375,1962.0,0.0,1367.0,0.1094028800725936,100.0,66.08702087402344,338.0,0.0
4474,0.0,1892.0,23.738325119018555,36.99,78.89007568359375,1962.0,0.0,1367.0,0.1094028800725936,100.0,66.08702087402344,338.0,0.0
4475,0.0,1892.0,23.738325119018555,36.99,78.89007568359375,1962.0,0.0,1367.0,0.1094028800725936,100.0,66.08702087402344,338.0,0.0
4476,0.0,1892.0,23.738325119018555,36.99,78.89007568359375,1962.0,0.0,1367.0,0.1094028800725936,100.0,66.08702087402344,338.0,0.0
4477,0.0,1892.0,23.125038146972656,36.99,76.85687255859375,1687.0,0.0,1367.0,0.00243821577169,100.0,64.0599594116211,111.0,0.0
4478,0.0,1892.0,23.125038146972656,36.99,76.85687255859375,1687.0,0.0,1367.0,0.00243821577169,100.0,64.0599594116211,111.0,0.0
4479,0.0,1892.0,23.125038146972656,36.99,76.85687255859375,1687.0,0.0,1367.0,0.00243821577169,100.0,64.0599594116211,111.0,0.0
4480,0.0,1892.0,23.125038146972656,36.99,76.85687255859375,1687.0,0.0,1367.0,0.00243821577169,100.0,64.0599594116211,111.0,0.0
4481,0.0,1892.0,23.125038146972656,36.99,76.85687255859375,1687.0,0.0,1367.0,0.00243821577169,100.0,64.0599594116211,111.0,0.0
4482,0.0,1892.0,23.064897537231445,36.99,75.98841094970703,1515.0,0.0,1367.0,0.0186307355761528,100.0,62.93357467651367,322.0,0.0
4483,0.0,1892.0,23.064897537231445,36.99,75.98841094970703,1515.0,0.0,1367.0,0.0186307355761528,100.0,62.93357467651367,322.0,0.0
4484,0.0,1892.0,23.064897537231445,36.99,75.98841094970703,1515.0,0.0,1367.0,0.0186307355761528,100.0,62.93357467651367,322.0,0.0
4485,0.0,1892.0,23.064897537231445,36.99,75.98841094970703,1515.0,0.0,1367.0,0.0186307355761528,100.0,62.93357467651367,322.0,0.0
4486,0.0,1892.0,23.064897537231445,36.99,75.98841094970703,1515.0,0.0,1367.0,0.0186307355761528,100.0,62.93357467651367,322.0,0.0
4487,0.0,1892.0,18.39369201660156,36.99,76.51370239257812,1564.0,0.0,1367.0,7.495469093322754,100.0,62.65046310424805,722.0,0.0
4488,0.0,1892.0,18.39369201660156,36.99,76.51370239257812,1564.0,0.0,1367.0,7.495469093322754,100.0,62.65046310424805,722.0,0.0
4489,0.0,1892.0,18.39369201660156,36.99,76.51370239257812,1564.0,0.0,1367.0,7.495469093322754,100.0,62.65046310424805,722.0,0.0
4490,0.0,1892.0,18.39369201660156,36.99,76.51370239257812,1564.0,0.0,1367.0,7.495469093322754,100.0,62.65046310424805,722.0,0.0
4491,0.0,1892.0,18.39369201660156,36.99,76.51370239257812,1564.0,0.0,1367.0,7.495469093322754,100.0,62.65046310424805,722.0,0.0
4492,0.0,1892.0,5.594552993774414,36.99,73.1093978881836,1651.0,0.0,1367.0,29.886310577392575,100.0,71.92752075195312,1398.0,0.0
4493,0.0,1892.0,5.594552993774414,36.99,73.1093978881836,1651.0,0.0,1367.0,29.886310577392575,100.0,71.92752075195312,1398.0,0.0
4494,0.0,1892.0,5.594552993774414,36.99,73.1093978881836,1651.0,0.0,1367.0,29.886310577392575,100.0,71.92752075195312,1398.0,0.0
4495,0.0,1892.0,5.594552993774414,36.99,73.1093978881836,1651.0,0.0,1367.0,29.886310577392575,100.0,71.92752075195312,1398.0,0.0
4496,0.0,1892.0,5.594552993774414,36.99,73.1093978881836,1651.0,0.0,1367.0,29.886310577392575,100.0,71.92752075195312,1398.0,0.0
4497,0.0,1892.0,5.173531532287598,36.99,68.17622375488281,1577.0,0.0,1367.0,29.938961029052734,100.0,73.74944305419922,1398.0,0.0
4498,0.0,1892.0,5.173531532287598,36.99,68.17622375488281,1577.0,0.0,1367.0,29.938961029052734,100.0,73.74944305419922,1398.0,0.0
4499,0.0,1892.0,5.173531532287598,36.99,68.17622375488281,1577.0,0.0,1367.0,29.938961029052734,100.0,73.74944305419922,1398.0,0.0
4500,0.0,1892.0,5.173531532287598,36.99,68.17622375488281,1577.0,0.0,1367.0,29.938961029052734,100.0,73.74944305419922,1398.0,0.0
4501,0.0,1892.0,5.173531532287598,36.99,68.17622375488281,1577.0,0.0,1367.0,29.938961029052734,100.0,73.74944305419922,1398.0,0.0
4502,0.0,1892.0,5.063923358917236,36.99,67.90806579589844,1367.0,0.0,1367.0,30.007183074951172,100.0,74.08282470703125,1398.0,0.0
4503,0.0,1892.0,5.063923358917236,36.99,67.90806579589844,1367.0,0.0,1367.0,30.007183074951172,100.0,74.08282470703125,1398.0,0.0
4504,0.0,1892.0,5.063923358917236,36.99,67.90806579589844,1367.0,0.0,1367.0,30.007183074951172,100.0,74.08282470703125,1398.0,0.0
4505,0.0,1892.0,5.063923358917236,36.99,67.90806579589844,1367.0,0.0,1367.0,30.007183074951172,100.0,74.08282470703125,1398.0,0.0
4506,0.0,1892.0,5.063923358917236,36.99,67.90806579589844,1367.0,0.0,1367.0,30.007183074951172,100.0,74.08282470703125,1398.0,0.0
4507,0.0,1892.0,5.263662338256836,36.99,68.02989959716797,1705.0,0.0,1367.0,29.98775100708008,100.0,74.27847290039062,1398.0,0.0
4508,0.0,1892.0,5.263662338256836,36.99,68.02989959716797,1705.0,0.0,1367.0,29.98775100708008,100.0,74.27847290039062,1398.0,0.0
4509,0.0,1892.0,5.263662338256836,36.99,68.02989959716797,1705.0,0.0,1367.0,29.98775100708008,100.0,74.27847290039062,1398.0,0.0
4510,0.0,1892.0,5.263662338256836,36.99,68.02989959716797,1705.0,0.0,1367.0,29.98775100708008,100.0,74.27847290039062,1398.0,0.0
4511,0.0,1892.0,5.263662338256836,36.99,68.02989959716797,1705.0,0.0,1367.0,29.98775100708008,100.0,74.27847290039062,1398.0,0.0
4512,0.0,1892.0,13.521349906921388,36.99,68.58963775634766,1729.0,0.0,1367.0,29.916730880737305,100.0,74.4536361694336,1398.0,0.0
4513,0.0,1892.0,13.521349906921388,36.99,68.58963775634766,1729.0,0.0,1367.0,29.916730880737305,100.0,74.4536361694336,1398.0,0.0
4514,0.0,1892.0,13.521349906921388,36.99,68.58963775634766,1729.0,0.0,1367.0,29.916730880737305,100.0,74.4536361694336,1398.0,0.0
4515,0.0,1892.0,13.521349906921388,36.99,68.58963775634766,1729.0,0.0,1367.0,29.916730880737305,100.0,74.4536361694336,1398.0,0.0
4516,0.0,1892.0,13.521349906921388,36.99,68.58963775634766,1729.0,0.0,1367.0,29.916730880737305,100.0,74.4536361694336,1398.0,0.0
4517,0.0,1892.0,22.97637367248535,36.99,75.11634826660156,1663.0,0.0,1367.0,3.3026821613311768,100.0,75.03630065917969,571.0,0.0
4518,0.0,1892.0,22.97637367248535,36.99,75.11634826660156,1663.0,0.0,1367.0,3.3026821613311768,100.0,75.03630065917969,571.0,0.0
4519,0.0,1892.0,22.97637367248535,36.99,75.11634826660156,1663.0,0.0,1367.0,3.3026821613311768,100.0,75.03630065917969,571.0,0.0
4520,0.0,1892.0,22.97637367248535,36.99,75.11634826660156,1663.0,0.0,1367.0,3.3026821613311768,100.0,75.03630065917969,571.0,0.0
4521,0.0,1892.0,22.97637367248535,36.99,75.11634826660156,1663.0,0.0,1367.0,3.3026821613311768,100.0,75.03630065917969,571.0,0.0
4522,0.0,1892.0,22.88665008544922,36.99,76.24486541748047,1513.0,0.0,1367.0,0.0482713133096694,100.0,63.534461975097656,260.0,0.0
4523,0.0,1892.0,22.88665008544922,36.99,76.24486541748047,1513.0,0.0,1367.0,0.0482713133096694,100.0,63.534461975097656,260.0,0.0
4524,0.0,1892.0,22.88665008544922,36.99,76.24486541748047,1513.0,0.0,1367.0,0.0482713133096694,100.0,63.534461975097656,260.0,0.0
4525,0.0,1892.0,22.88665008544922,36.99,76.24486541748047,1513.0,0.0,1367.0,0.0482713133096694,100.0,63.534461975097656,260.0,0.0
4526,0.0,1892.0,22.88665008544922,36.99,76.24486541748047,1513.0,0.0,1367.0,0.0482713133096694,100.0,63.534461975097656,260.0,0.0
4527,0.0,1892.0,22.78893280029297,36.99,76.23628234863281,1282.0,0.0,1367.0,0.0,100.0,63.202880859375,0.0,0.0
4528,0.0,1892.0,22.78893280029297,36.99,76.23628234863281,1282.0,0.0,1367.0,0.0,100.0,63.202880859375,0.0,0.0
4529,0.0,1892.0,22.78893280029297,36.99,76.23628234863281,1282.0,0.0,1367.0,0.0,100.0,63.202880859375,0.0,0.0
4530,0.0,1892.0,22.78893280029297,36.99,76.23628234863281,1282.0,0.0,1367.0,0.0,100.0,63.202880859375,0.0,0.0
4531,0.0,1892.0,22.78893280029297,36.99,76.23628234863281,1282.0,0.0,1367.0,0.0,100.0,63.202880859375,0.0,0.0
4532,0.0,1892.0,22.800065994262695,36.99,75.36367797851562,2254.0,0.0,1367.0,0.2117890864610672,100.0,5.8734002113342285,333.0,0.0
4533,0.0,1892.0,22.800065994262695,36.99,75.36367797851562,2254.0,0.0,1367.0,0.2117890864610672,100.0,5.8734002113342285,333.0,0.0
4534,0.0,1892.0,22.800065994262695,36.99,75.36367797851562,2254.0,0.0,1367.0,0.2117890864610672,100.0,5.8734002113342285,333.0,0.0
4535,0.0,1892.0,22.800065994262695,36.99,75.36367797851562,2254.0,0.0,1367.0,0.2117890864610672,100.0,5.8734002113342285,333.0,0.0
4536,0.0,1892.0,22.800065994262695,36.99,75.36367797851562,2254.0,0.0,1367.0,0.2117890864610672,100.0,5.8734002113342285,333.0,0.0
4537,0.0,1892.0,22.800065994262695,36.99,75.36367797851562,2254.0,0.0,1367.0,0.2117890864610672,100.0,5.8734002113342285,333.0,0.0
4538,0.0,1892.0,11.738669395446776,36.99,72.1925048828125,2052.0,0.0,1367.0,18.76819229125977,100.0,62.19670867919922,1152.0,0.0
4539,0.0,1892.0,11.738669395446776,36.99,72.1925048828125,2052.0,0.0,1367.0,18.76819229125977,100.0,62.19670867919922,1152.0,0.0
4540,0.0,1892.0,11.738669395446776,36.99,72.1925048828125,2052.0,0.0,1367.0,18.76819229125977,100.0,62.19670867919922,1152.0,0.0
4541,0.0,1892.0,11.738669395446776,36.99,72.1925048828125,2052.0,0.0,1367.0,18.76819229125977,100.0,62.19670867919922,1152.0,0.0
4542,0.0,1892.0,11.738669395446776,36.99,72.1925048828125,2052.0,0.0,1367.0,18.76819229125977,100.0,62.19670867919922,1152.0,0.0
4543,0.0,1892.0,9.395790100097656,36.99,70.8456802368164,2298.0,0.0,1367.0,30.414384841918945,100.0,73.52450561523438,1398.0,0.0
4544,0.0,1892.0,9.395790100097656,36.99,70.8456802368164,2298.0,0.0,1367.0,30.414384841918945,100.0,73.52450561523438,1398.0,0.0
4545,0.0,1892.0,9.395790100097656,36.99,70.8456802368164,2298.0,0.0,1367.0,30.414384841918945,100.0,73.52450561523438,1398.0,0.0
4546,0.0,1892.0,9.395790100097656,36.99,70.8456802368164,2298.0,0.0,1367.0,30.414384841918945,100.0,73.52450561523438,1398.0,0.0
4547,0.0,1892.0,9.395790100097656,36.99,70.8456802368164,2298.0,0.0,1367.0,30.414384841918945,100.0,73.52450561523438,1398.0,0.0
4548,0.0,1892.0,5.942681789398193,36.99,69.45637512207031,2033.0,0.0,1367.0,29.93701934814453,100.0,73.77081298828125,1398.0,0.0
4549,0.0,1892.0,5.942681789398193,36.99,69.45637512207031,2033.0,0.0,1367.0,29.93701934814453,100.0,73.77081298828125,1398.0,0.0
4550,0.0,1892.0,5.942681789398193,36.99,69.45637512207031,2033.0,0.0,1367.0,29.93701934814453,100.0,73.77081298828125,1398.0,0.0
4551,0.0,1892.0,5.942681789398193,36.99,69.45637512207031,2033.0,0.0,1367.0,29.93701934814453,100.0,73.77081298828125,1398.0,0.0
4552,0.0,1892.0,5.942681789398193,36.99,69.45637512207031,2033.0,0.0,1367.0,29.93701934814453,100.0,73.77081298828125,1398.0,0.0
4553,0.0,1892.0,5.106624603271484,36.99,68.50465393066406,1637.0,0.0,1367.0,29.93929100036621,100.0,74.06707763671875,1398.0,0.0
4554,0.0,1892.0,5.106624603271484,36.99,68.50465393066406,1637.0,0.0,1367.0,29.93929100036621,100.0,74.06707763671875,1398.0,0.0
4555,0.0,1892.0,5.106624603271484,36.99,68.50465393066406,1637.0,0.0,1367.0,29.93929100036621,100.0,74.06707763671875,1398.0,0.0
4556,0.0,1892.0,5.106624603271484,36.99,68.50465393066406,1637.0,0.0,1367.0,29.93929100036621,100.0,74.06707763671875,1398.0,0.0
4557,0.0,1892.0,5.106624603271484,36.99,68.50465393066406,1637.0,0.0,1367.0,29.93929100036621,100.0,74.06707763671875,1398.0,0.0
4558,0.0,1892.0,5.012856483459473,36.99,68.09105682373047,1570.0,0.0,1367.0,30.068971633911133,100.0,74.42532348632812,1398.0,0.0
4559,0.0,1892.0,5.012856483459473,36.99,68.09105682373047,1570.0,0.0,1367.0,30.068971633911133,100.0,74.42532348632812,1398.0,0.0
4560,0.0,1892.0,5.012856483459473,36.99,68.09105682373047,1570.0,0.0,1367.0,30.068971633911133,100.0,74.42532348632812,1398.0,0.0
4561,0.0,1892.0,5.012856483459473,36.99,68.09105682373047,1570.0,0.0,1367.0,30.068971633911133,100.0,74.42532348632812,1398.0,0.0
4562,0.0,1892.0,5.012856483459473,36.99,68.09105682373047,1570.0,0.0,1367.0,30.068971633911133,100.0,74.42532348632812,1398.0,0.0
4563,0.0,1892.0,20.670745849609375,36.99,75.52867126464844,1631.0,0.0,1367.0,21.136510848999023,100.0,74.85122680664062,1048.0,0.0
4564,0.0,1892.0,20.670745849609375,36.99,75.52867126464844,1631.0,0.0,1367.0,21.136510848999023,100.0,74.85122680664062,1048.0,0.0
4565,0.0,1892.0,20.670745849609375,36.99,75.52867126464844,1631.0,0.0,1367.0,21.136510848999023,100.0,74.85122680664062,1048.0,0.0
4566,0.0,1892.0,20.670745849609375,36.99,75.52867126464844,1631.0,0.0,1367.0,21.136510848999023,100.0,74.85122680664062,1048.0,0.0
4567,0.0,1892.0,20.670745849609375,36.99,75.52867126464844,1631.0,0.0,1367.0,21.136510848999023,100.0,74.85122680664062,1048.0,0.0
4568,0.0,1892.0,22.81464385986328,36.99,75.94417572021484,1320.0,0.0,1367.0,0.0,100.0,5.8734002113342285,0.0,0.0
4569,0.0,1892.0,22.81464385986328,36.99,75.94417572021484,1320.0,0.0,1367.0,0.0,100.0,5.8734002113342285,0.0,0.0
4570,0.0,1892.0,22.81464385986328,36.99,75.94417572021484,1320.0,0.0,1367.0,0.0,100.0,5.8734002113342285,0.0,0.0
4571,0.0,1892.0,22.81464385986328,36.99,75.94417572021484,1320.0,0.0,1367.0,0.0,100.0,5.8734002113342285,0.0,0.0
4572,0.0,1892.0,22.81464385986328,36.99,75.94417572021484,1320.0,0.0,1367.0,0.0,100.0,5.8734002113342285,0.0,0.0
4573,0.0,1892.0,22.92203712463379,36.99,74.9818344116211,1537.0,0.0,1367.0,0.0867873728275299,100.0,62.5990104675293,382.0,0.0
4574,0.0,1892.0,22.92203712463379,36.99,74.9818344116211,1537.0,0.0,1367.0,0.0867873728275299,100.0,62.5990104675293,382.0,0.0
4575,0.0,1892.0,22.92203712463379,36.99,74.9818344116211,1537.0,0.0,1367.0,0.0867873728275299,100.0,62.5990104675293,382.0,0.0
4576,0.0,1892.0,22.92203712463379,36.99,74.9818344116211,1537.0,0.0,1367.0,0.0867873728275299,100.0,62.5990104675293,382.0,0.0
4577,0.0,1892.0,22.92203712463379,36.99,74.9818344116211,1537.0,0.0,1367.0,0.0867873728275299,100.0,62.5990104675293,382.0,0.0
4578,0.0,1892.0,25.1669921875,36.99,76.67304229736328,1985.0,0.0,1367.0,0.1987610608339309,100.0,62.18169403076172,444.0,0.0
4579,0.0,1892.0,25.1669921875,36.99,76.67304229736328,1985.0,0.0,1367.0,0.1987610608339309,100.0,62.18169403076172,444.0,0.0
4580,0.0,1892.0,25.1669921875,36.99,76.67304229736328,1985.0,0.0,1367.0,0.1987610608339309,100.0,62.18169403076172,444.0,0.0
4581,0.0,1892.0,25.1669921875,36.99,76.67304229736328,1985.0,0.0,1367.0,0.1987610608339309,100.0,62.18169403076172,444.0,0.0
4582,0.0,1892.0,25.1669921875,36.99,76.67304229736328,1985.0,0.0,1367.0,0.1987610608339309,100.0,62.18169403076172,444.0,0.0
4583,0.0,1892.0,24.689556121826172,36.99,77.79322814941406,2041.0,0.0,1367.0,0.5090023875236511,100.0,62.410301208496094,477.0,0.0
4584,0.0,1892.0,24.689556121826172,36.99,77.79322814941406,2041.0,0.0,1367.0,0.5090023875236511,100.0,62.410301208496094,477.0,0.0
4585,0.0,1892.0,24.689556121826172,36.99,77.79322814941406,2041.0,0.0,1367.0,0.5090023875236511,100.0,62.410301208496094,477.0,0.0
4586,0.0,1892.0,24.689556121826172,36.99,77.79322814941406,2041.0,0.0,1367.0,0.5090023875236511,100.0,62.410301208496094,477.0,0.0
4587,0.0,1892.0,24.689556121826172,36.99,77.79322814941406,2041.0,0.0,1367.0,0.5090023875236511,100.0,62.410301208496094,477.0,0.0
4588,0.0,1892.0,9.904823303222656,36.99,74.99966430664062,1834.0,0.0,1367.0,29.785438537597656,100.0,70.25967407226562,1398.0,0.0
4589,0.0,1892.0,9.904823303222656,36.99,74.99966430664062,1834.0,0.0,1367.0,29.785438537597656,100.0,70.25967407226562,1398.0,0.0
4590,0.0,1892.0,9.904823303222656,36.99,74.99966430664062,1834.0,0.0,1367.0,29.785438537597656,100.0,70.25967407226562,1398.0,0.0
4591,0.0,1892.0,9.904823303222656,36.99,74.99966430664062,1834.0,0.0,1367.0,29.785438537597656,100.0,70.25967407226562,1398.0,0.0
4592,0.0,1892.0,9.904823303222656,36.99,74.99966430664062,1834.0,0.0,1367.0,29.785438537597656,100.0,70.25967407226562,1398.0,0.0
4593,0.0,1892.0,9.904823303222656,36.99,74.99966430664062,1834.0,0.0,1367.0,29.785438537597656,100.0,70.25967407226562,1398.0,0.0
4594,0.0,1892.0,6.419205665588379,36.99,69.91409301757812,2019.0,0.0,1367.0,30.037841796875,100.0,73.43805694580078,1398.0,0.0
4595,0.0,1892.0,6.419205665588379,36.99,69.91409301757812,2019.0,0.0,1367.0,30.037841796875,100.0,73.43805694580078,1398.0,0.0
4596,0.0,1892.0,6.419205665588379,36.99,69.91409301757812,2019.0,0.0,1367.0,30.037841796875,100.0,73.43805694580078,1398.0,0.0
4597,0.0,1892.0,6.419205665588379,36.99,69.91409301757812,2019.0,0.0,1367.0,30.037841796875,100.0,73.43805694580078,1398.0,0.0
4598,0.0,1892.0,6.419205665588379,36.99,69.91409301757812,2019.0,0.0,1367.0,30.037841796875,100.0,73.43805694580078,1398.0,0.0
4599,0.0,1892.0,9.987923622131348,36.99,69.8431396484375,2114.0,0.0,1367.0,30.04003143310547,100.0,73.81005859375,1398.0,0.0
4600,0.0,1892.0,9.987923622131348,36.99,69.8431396484375,2114.0,0.0,1367.0,30.04003143310547,100.0,73.81005859375,1398.0,0.0
4601,0.0,1892.0,9.987923622131348,36.99,69.8431396484375,2114.0,0.0,1367.0,30.04003143310547,100.0,73.81005859375,1398.0,0.0
4602,0.0,1892.0,9.987923622131348,36.99,69.8431396484375,2114.0,0.0,1367.0,30.04003143310547,100.0,73.81005859375,1398.0,0.0
4603,0.0,1892.0,9.987923622131348,36.99,69.8431396484375,2114.0,0.0,1367.0,30.04003143310547,100.0,73.81005859375,1398.0,0.0
4604,0.0,1892.0,11.08008861541748,36.99,73.4903335571289,2303.0,0.0,1367.0,30.188644409179688,100.0,74.61296081542969,1398.0,0.0
4605,0.0,1892.0,11.08008861541748,36.99,73.4903335571289,2303.0,0.0,1367.0,30.188644409179688,100.0,74.61296081542969,1398.0,0.0
4606,0.0,1892.0,11.08008861541748,36.99,73.4903335571289,2303.0,0.0,1367.0,30.188644409179688,100.0,74.61296081542969,1398.0,0.0
4607,0.0,1892.0,11.08008861541748,36.99,73.4903335571289,2303.0,0.0,1367.0,30.188644409179688,100.0,74.61296081542969,1398.0,0.0
4608,0.0,1892.0,11.08008861541748,36.99,73.4903335571289,2303.0,0.0,1367.0,30.188644409179688,100.0,74.61296081542969,1398.0,0.0
4609,0.0,1892.0,10.90346336364746,36.99,72.68717956542969,2056.0,0.0,1367.0,30.029544830322266,100.0,74.95884704589844,1398.0,0.0
4610,0.0,1892.0,10.90346336364746,36.99,72.68717956542969,2056.0,0.0,1367.0,30.029544830322266,100.0,74.95884704589844,1398.0,0.0
4611,0.0,1892.0,10.90346336364746,36.99,72.68717956542969,2056.0,0.0,1367.0,30.029544830322266,100.0,74.95884704589844,1398.0,0.0
4612,0.0,1892.0,10.90346336364746,36.99,72.68717956542969,2056.0,0.0,1367.0,30.029544830322266,100.0,74.95884704589844,1398.0,0.0
4613,0.0,1892.0,10.90346336364746,36.99,72.68717956542969,2056.0,0.0,1367.0,30.029544830322266,100.0,74.95884704589844,1398.0,0.0
4614,0.0,1892.0,24.43874740600586,36.99,74.7774429321289,1833.0,0.0,1367.0,9.913237571716309,100.0,75.10592651367188,919.0,0.0
4615,0.0,1892.0,24.43874740600586,36.99,74.7774429321289,1833.0,0.0,1367.0,9.913237571716309,100.0,75.10592651367188,919.0,0.0
4616,0.0,1892.0,24.43874740600586,36.99,74.7774429321289,1833.0,0.0,1367.0,9.913237571716309,100.0,75.10592651367188,919.0,0.0
4617,0.0,1892.0,24.43874740600586,36.99,74.7774429321289,1833.0,0.0,1367.0,9.913237571716309,100.0,75.10592651367188,919.0,0.0
4618,0.0,1892.0,24.43874740600586,36.99,74.7774429321289,1833.0,0.0,1367.0,9.913237571716309,100.0,75.10592651367188,919.0,0.0
4619,0.0,1892.0,25.214130401611328,36.99,78.89420318603516,2136.0,0.0,1367.0,0.3438469767570495,100.0,64.46037292480469,562.0,0.0
4620,0.0,1892.0,25.214130401611328,36.99,78.89420318603516,2136.0,0.0,1367.0,0.3438469767570495,100.0,64.46037292480469,562.0,0.0
4621,0.0,1892.0,25.214130401611328,36.99,78.89420318603516,2136.0,0.0,1367.0,0.3438469767570495,100.0,64.46037292480469,562.0,0.0
4622,0.0,1892.0,25.214130401611328,36.99,78.89420318603516,2136.0,0.0,1367.0,0.3438469767570495,100.0,64.46037292480469,562.0,0.0
4623,0.0,1892.0,25.214130401611328,36.99,78.89420318603516,2136.0,0.0,1367.0,0.3438469767570495,100.0,64.46037292480469,562.0,0.0
4624,0.0,1892.0,23.883291244506836,36.99,78.21385192871094,1907.0,0.0,1367.0,0.561392605304718,100.0,63.5518913269043,488.0,0.0
4625,0.0,1892.0,23.883291244506836,36.99,78.21385192871094,1907.0,0.0,1367.0,0.561392605304718,100.0,63.5518913269043,488.0,0.0
4626,0.0,1892.0,23.883291244506836,36.99,78.21385192871094,1907.0,0.0,1367.0,0.561392605304718,100.0,63.5518913269043,488.0,0.0
4627,0.0,1892.0,23.883291244506836,36.99,78.21385192871094,1907.0,0.0,1367.0,0.561392605304718,100.0,63.5518913269043,488.0,0.0
4628,0.0,1892.0,23.883291244506836,36.99,78.21385192871094,1907.0,0.0,1367.0,0.561392605304718,100.0,63.5518913269043,488.0,0.0
4629,0.0,1892.0,23.27664375305176,36.99,77.35924530029297,1549.0,0.0,1367.0,0.163158893585205,100.0,63.166107177734375,464.0,0.0
4630,0.0,1892.0,23.27664375305176,36.99,77.35924530029297,1549.0,0.0,1367.0,0.163158893585205,100.0,63.166107177734375,464.0,0.0
4631,0.0,1892.0,23.27664375305176,36.99,77.35924530029297,1549.0,0.0,1367.0,0.163158893585205,100.0,63.166107177734375,464.0,0.0
4632,0.0,1892.0,23.27664375305176,36.99,77.35924530029297,1549.0,0.0,1367.0,0.163158893585205,100.0,63.166107177734375,464.0,0.0
4633,0.0,1892.0,23.27664375305176,36.99,77.35924530029297,1549.0,0.0,1367.0,0.163158893585205,100.0,63.166107177734375,464.0,0.0
4634,0.0,1892.0,19.330812454223633,36.99,76.94532012939453,2033.0,0.0,1367.0,11.97808074951172,100.0,62.46674728393555,870.0,0.0
4635,0.0,1892.0,19.330812454223633,36.99,76.94532012939453,2033.0,0.0,1367.0,11.97808074951172,100.0,62.46674728393555,870.0,0.0
4636,0.0,1892.0,19.330812454223633,36.99,76.94532012939453,2033.0,0.0,1367.0,11.97808074951172,100.0,62.46674728393555,870.0,0.0
4637,0.0,1892.0,19.330812454223633,36.99,76.94532012939453,2033.0,0.0,1367.0,11.97808074951172,100.0,62.46674728393555,870.0,0.0
4638,0.0,1892.0,19.330812454223633,36.99,76.94532012939453,2033.0,0.0,1367.0,11.97808074951172,100.0,62.46674728393555,870.0,0.0
4639,0.0,1892.0,8.020183563232422,36.99,74.76737213134766,2144.0,0.0,1367.0,30.174654006958008,100.0,70.3173599243164,1398.0,0.0
4640,0.0,1892.0,8.020183563232422,36.99,74.76737213134766,2144.0,0.0,1367.0,30.174654006958008,100.0,70.3173599243164,1398.0,0.0
4641,0.0,1892.0,8.020183563232422,36.99,74.76737213134766,2144.0,0.0,1367.0,30.174654006958008,100.0,70.3173599243164,1398.0,0.0
4642,0.0,1892.0,8.020183563232422,36.99,74.76737213134766,2144.0,0.0,1367.0,30.174654006958008,100.0,70.3173599243164,1398.0,0.0
4643,0.0,1892.0,8.020183563232422,36.99,74.76737213134766,2144.0,0.0,1367.0,30.174654006958008,100.0,70.3173599243164,1398.0,0.0
4644,0.0,1892.0,5.266025543212891,36.99,70.31412506103516,1837.0,0.0,1367.0,29.975509643554688,100.0,73.93231964111328,1398.0,0.0
4645,0.0,1892.0,5.266025543212891,36.99,70.31412506103516,1837.0,0.0,1367.0,29.975509643554688,100.0,73.93231964111328,1398.0,0.0
4646,0.0,1892.0,5.266025543212891,36.99,70.31412506103516,1837.0,0.0,1367.0,29.975509643554688,100.0,73.93231964111328,1398.0,0.0
4647,0.0,1892.0,5.266025543212891,36.99,70.31412506103516,1837.0,0.0,1367.0,29.975509643554688,100.0,73.93231964111328,1398.0,0.0
4648,0.0,1892.0,5.266025543212891,36.99,70.31412506103516,1837.0,0.0,1367.0,29.975509643554688,100.0,73.93231964111328,1398.0,0.0
4649,0.0,1892.0,5.266025543212891,36.99,70.31412506103516,1837.0,0.0,1367.0,29.975509643554688,100.0,73.93231964111328,1398.0,0.0
4650,0.0,1892.0,5.364597320556641,36.99,68.80794525146484,1743.0,0.0,1367.0,30.042686462402344,100.0,74.1868896484375,1398.0,0.0
4651,0.0,1892.0,5.364597320556641,36.99,68.80794525146484,1743.0,0.0,1367.0,30.042686462402344,100.0,74.1868896484375,1398.0,0.0
4652,0.0,1892.0,5.364597320556641,36.99,68.80794525146484,1743.0,0.0,1367.0,30.042686462402344,100.0,74.1868896484375,1398.0,0.0
4653,0.0,1892.0,5.364597320556641,36.99,68.80794525146484,1743.0,0.0,1367.0,30.042686462402344,100.0,74.1868896484375,1398.0,0.0
4654,0.0,1892.0,5.364597320556641,36.99,68.80794525146484,1743.0,0.0,1367.0,30.042686462402344,100.0,74.1868896484375,1398.0,0.0
4655,0.0,1892.0,6.932737827301025,36.99,69.13937377929688,2032.0,0.0,1367.0,30.287120819091797,100.0,74.27217102050781,1398.0,0.0
4656,0.0,1892.0,6.932737827301025,36.99,69.13937377929688,2032.0,0.0,1367.0,30.287120819091797,100.0,74.27217102050781,1398.0,0.0
4657,0.0,1892.0,6.932737827301025,36.99,69.13937377929688,2032.0,0.0,1367.0,30.287120819091797,100.0,74.27217102050781,1398.0,0.0
4658,0.0,1892.0,6.932737827301025,36.99,69.13937377929688,2032.0,0.0,1367.0,30.287120819091797,100.0,74.27217102050781,1398.0,0.0
4659,0.0,1892.0,6.932737827301025,36.99,69.13937377929688,2032.0,0.0,1367.0,30.287120819091797,100.0,74.27217102050781,1398.0,0.0
4660,0.0,1892.0,16.781002044677734,36.99,75.08871459960938,1658.0,0.0,1367.0,28.303321838378903,100.0,74.599365234375,1398.0,0.0
4661,0.0,1892.0,16.781002044677734,36.99,75.08871459960938,1658.0,0.0,1367.0,28.303321838378903,100.0,74.599365234375,1398.0,0.0
4662,0.0,1892.0,16.781002044677734,36.99,75.08871459960938,1658.0,0.0,1367.0,28.303321838378903,100.0,74.599365234375,1398.0,0.0
4663,0.0,1892.0,16.781002044677734,36.99,75.08871459960938,1658.0,0.0,1367.0,28.303321838378903,100.0,74.599365234375,1398.0,0.0
4664,0.0,1892.0,16.781002044677734,36.99,75.08871459960938,1658.0,0.0,1367.0,28.303321838378903,100.0,74.599365234375,1398.0,0.0
4665,0.0,1892.0,23.062759399414062,36.99,77.06328582763672,1823.0,0.0,1367.0,0.0637144893407821,100.0,63.6552734375,254.0,0.0
4666,0.0,1892.0,23.062759399414062,36.99,77.06328582763672,1823.0,0.0,1367.0,0.0637144893407821,100.0,63.6552734375,254.0,0.0
4667,0.0,1892.0,23.062759399414062,36.99,77.06328582763672,1823.0,0.0,1367.0,0.0637144893407821,100.0,63.6552734375,254.0,0.0
4668,0.0,1892.0,23.062759399414062,36.99,77.06328582763672,1823.0,0.0,1367.0,0.0637144893407821,100.0,63.6552734375,254.0,0.0
4669,0.0,1892.0,23.062759399414062,36.99,77.06328582763672,1823.0,0.0,1367.0,0.0637144893407821,100.0,63.6552734375,254.0,0.0
4670,0.0,1892.0,22.815654754638672,36.99,74.67682647705078,1498.0,0.0,1367.0,0.036194697022438,100.0,62.579734802246094,274.0,0.0
4671,0.0,1892.0,22.815654754638672,36.99,74.67682647705078,1498.0,0.0,1367.0,0.036194697022438,100.0,62.579734802246094,274.0,0.0
4672,0.0,1892.0,22.815654754638672,36.99,74.67682647705078,1498.0,0.0,1367.0,0.036194697022438,100.0,62.579734802246094,274.0,0.0
4673,0.0,1892.0,22.815654754638672,36.99,74.67682647705078,1498.0,0.0,1367.0,0.036194697022438,100.0,62.579734802246094,274.0,0.0
4674,0.0,1892.0,22.815654754638672,36.99,74.67682647705078,1498.0,0.0,1367.0,0.036194697022438,100.0,62.579734802246094,274.0,0.0
4675,0.0,1892.0,22.74420738220215,36.99,75.65576934814453,1598.0,0.0,1367.0,0.0714258179068565,100.0,62.44976806640625,350.0,0.0
4676,0.0,1892.0,22.74420738220215,36.99,75.65576934814453,1598.0,0.0,1367.0,0.0714258179068565,100.0,62.44976806640625,350.0,0.0
4677,0.0,1892.0,22.74420738220215,36.99,75.65576934814453,1598.0,0.0,1367.0,0.0714258179068565,100.0,62.44976806640625,350.0,0.0
4678,0.0,1892.0,22.74420738220215,36.99,75.65576934814453,1598.0,0.0,1367.0,0.0714258179068565,100.0,62.44976806640625,350.0,0.0
4679,0.0,1892.0,22.74420738220215,36.99,75.65576934814453,1598.0,0.0,1367.0,0.0714258179068565,100.0,62.44976806640625,350.0,0.0
4680,0.0,1892.0,22.56324005126953,36.99,74.49119567871094,1110.0,0.0,1367.0,0.0193484965711832,100.0,61.97182083129883,528.0,0.0
4681,0.0,1892.0,22.56324005126953,36.99,74.49119567871094,1110.0,0.0,1367.0,0.0193484965711832,100.0,61.97182083129883,528.0,0.0
4682,0.0,1892.0,22.56324005126953,36.99,74.49119567871094,1110.0,0.0,1367.0,0.0193484965711832,100.0,61.97182083129883,528.0,0.0
4683,0.0,1892.0,22.56324005126953,36.99,74.49119567871094,1110.0,0.0,1367.0,0.0193484965711832,100.0,61.97182083129883,528.0,0.0
4684,0.0,1892.0,22.56324005126953,36.99,74.49119567871094,1110.0,0.0,1367.0,0.0193484965711832,100.0,61.97182083129883,528.0,0.0
4685,0.0,1892.0,7.789625644683838,36.99,71.31755828857422,1605.0,0.0,1367.0,24.664234161376953,100.0,71.26539611816406,1355.0,0.0
4686,0.0,1892.0,7.789625644683838,36.99,71.31755828857422,1605.0,0.0,1367.0,24.664234161376953,100.0,71.26539611816406,1355.0,0.0
4687,0.0,1892.0,7.789625644683838,36.99,71.31755828857422,1605.0,0.0,1367.0,24.664234161376953,100.0,71.26539611816406,1355.0,0.0
4688,0.0,1892.0,7.789625644683838,36.99,71.31755828857422,1605.0,0.0,1367.0,24.664234161376953,100.0,71.26539611816406,1355.0,0.0
4689,0.0,1892.0,7.789625644683838,36.99,71.31755828857422,1605.0,0.0,1367.0,24.664234161376953,100.0,71.26539611816406,1355.0,0.0
4690,0.0,1892.0,4.866877555847168,36.99,66.8746337890625,1757.0,0.0,1367.0,29.786762237548828,100.0,73.29434967041016,1398.0,0.0
4691,0.0,1892.0,4.866877555847168,36.99,66.8746337890625,1757.0,0.0,1367.0,29.786762237548828,100.0,73.29434967041016,1398.0,0.0
4692,0.0,1892.0,4.866877555847168,36.99,66.8746337890625,1757.0,0.0,1367.0,29.786762237548828,100.0,73.29434967041016,1398.0,0.0
4693,0.0,1892.0,4.866877555847168,36.99,66.8746337890625,1757.0,0.0,1367.0,29.786762237548828,100.0,73.29434967041016,1398.0,0.0
4694,0.0,1892.0,4.866877555847168,36.99,66.8746337890625,1757.0,0.0,1367.0,29.786762237548828,100.0,73.29434967041016,1398.0,0.0
4695,0.0,1892.0,5.285181045532227,36.99,68.12532043457031,1859.0,0.0,1367.0,29.94713973999023,100.0,73.49969482421875,1398.0,0.0
4696,0.0,1892.0,5.285181045532227,36.99,68.12532043457031,1859.0,0.0,1367.0,29.94713973999023,100.0,73.49969482421875,1398.0,0.0
4697,0.0,1892.0,5.285181045532227,36.99,68.12532043457031,1859.0,0.0,1367.0,29.94713973999023,100.0,73.49969482421875,1398.0,0.0
4698,0.0,1892.0,5.285181045532227,36.99,68.12532043457031,1859.0,0.0,1367.0,29.94713973999023,100.0,73.49969482421875,1398.0,0.0
4699,0.0,1892.0,5.285181045532227,36.99,68.12532043457031,1859.0,0.0,1367.0,29.94713973999023,100.0,73.49969482421875,1398.0,0.0
4700,0.0,1892.0,6.334698677062988,36.99,68.69729614257812,2299.0,0.0,1367.0,30.087568283081055,100.0,73.57273864746094,1398.0,0.0
4701,0.0,1892.0,6.334698677062988,36.99,68.69729614257812,2299.0,0.0,1367.0,30.087568283081055,100.0,73.57273864746094,1398.0,0.0
4702,0.0,1892.0,6.334698677062988,36.99,68.69729614257812,2299.0,0.0,1367.0,30.087568283081055,100.0,73.57273864746094,1398.0,0.0
4703,0.0,1892.0,6.334698677062988,36.99,68.69729614257812,2299.0,0.0,1367.0,30.087568283081055,100.0,73.57273864746094,1398.0,0.0
4704,0.0,1892.0,6.334698677062988,36.99,68.69729614257812,2299.0,0.0,1367.0,30.087568283081055,100.0,73.57273864746094,1398.0,0.0
4705,0.0,1892.0,6.334698677062988,36.99,68.69729614257812,2299.0,0.0,1367.0,30.087568283081055,100.0,73.57273864746094,1398.0,0.0
4706,0.0,1892.0,9.924652099609377,36.99,72.04583740234375,2092.0,0.0,1367.0,30.10818672180176,100.0,74.1588134765625,1398.0,0.0
4707,0.0,1892.0,9.924652099609377,36.99,72.04583740234375,2092.0,0.0,1367.0,30.10818672180176,100.0,74.1588134765625,1398.0,0.0
4708,0.0,1892.0,9.924652099609377,36.99,72.04583740234375,2092.0,0.0,1367.0,30.10818672180176,100.0,74.1588134765625,1398.0,0.0
4709,0.0,1892.0,9.924652099609377,36.99,72.04583740234375,2092.0,0.0,1367.0,30.10818672180176,100.0,74.1588134765625,1398.0,0.0
4710,0.0,1892.0,9.924652099609377,36.99,72.04583740234375,2092.0,0.0,1367.0,30.10818672180176,100.0,74.1588134765625,1398.0,0.0
4711,0.0,1892.0,24.28138542175293,36.99,76.5324478149414,2119.0,0.0,1367.0,16.675247192382812,100.0,74.70088958740234,1147.0,0.0
4712,0.0,1892.0,24.28138542175293,36.99,76.5324478149414,2119.0,0.0,1367.0,16.675247192382812,100.0,74.70088958740234,1147.0,0.0
4713,0.0,1892.0,24.28138542175293,36.99,76.5324478149414,2119.0,0.0,1367.0,16.675247192382812,100.0,74.70088958740234,1147.0,0.0
4714,0.0,1892.0,24.28138542175293,36.99,76.5324478149414,2119.0,0.0,1367.0,16.675247192382812,100.0,74.70088958740234,1147.0,0.0
4715,0.0,1892.0,24.28138542175293,36.99,76.5324478149414,2119.0,0.0,1367.0,16.675247192382812,100.0,74.70088958740234,1147.0,0.0
4716,0.0,1892.0,24.383764266967773,36.99,78.06675720214844,2158.0,0.0,1367.0,0.3826837539672851,100.0,64.22962188720703,444.0,0.0
4717,0.0,1892.0,24.383764266967773,36.99,78.06675720214844,2158.0,0.0,1367.0,0.3826837539672851,100.0,64.22962188720703,444.0,0.0
4718,0.0,1892.0,24.383764266967773,36.99,78.06675720214844,2158.0,0.0,1367.0,0.3826837539672851,100.0,64.22962188720703,444.0,0.0
4719,0.0,1892.0,24.383764266967773,36.99,78.06675720214844,2158.0,0.0,1367.0,0.3826837539672851,100.0,64.22962188720703,444.0,0.0
4720,0.0,1892.0,24.383764266967773,36.99,78.06675720214844,2158.0,0.0,1367.0,0.3826837539672851,100.0,64.22962188720703,444.0,0.0
4721,0.0,1892.0,24.139423370361328,36.99,77.3552474975586,2048.0,0.0,1367.0,0.1473883390426635,100.0,62.97685623168945,444.0,0.0
4722,0.0,1892.0,24.139423370361328,36.99,77.3552474975586,2048.0,0.0,1367.0,0.1473883390426635,100.0,62.97685623168945,444.0,0.0
4723,0.0,1892.0,24.139423370361328,36.99,77.3552474975586,2048.0,0.0,1367.0,0.1473883390426635,100.0,62.97685623168945,444.0,0.0
4724,0.0,1892.0,24.139423370361328,36.99,77.3552474975586,2048.0,0.0,1367.0,0.1473883390426635,100.0,62.97685623168945,444.0,0.0
4725,0.0,1892.0,24.139423370361328,36.99,77.3552474975586,2048.0,0.0,1367.0,0.1473883390426635,100.0,62.97685623168945,444.0,0.0
4726,0.0,1892.0,24.556346893310547,36.99,77.47895812988281,2137.0,0.0,1367.0,0.4178555011749267,100.0,62.749244689941406,446.0,0.0
4727,0.0,1892.0,24.556346893310547,36.99,77.47895812988281,2137.0,0.0,1367.0,0.4178555011749267,100.0,62.749244689941406,446.0,0.0
4728,0.0,1892.0,24.556346893310547,36.99,77.47895812988281,2137.0,0.0,1367.0,0.4178555011749267,100.0,62.749244689941406,446.0,0.0
4729,0.0,1892.0,24.556346893310547,36.99,77.47895812988281,2137.0,0.0,1367.0,0.4178555011749267,100.0,62.749244689941406,446.0,0.0
4730,0.0,1892.0,24.556346893310547,36.99,77.47895812988281,2137.0,0.0,1367.0,0.4178555011749267,100.0,62.749244689941406,446.0,0.0
4731,0.0,1892.0,21.248144149780273,36.99,77.2182846069336,2179.0,0.0,1367.0,4.746174335479736,100.0,62.607154846191406,597.0,0.0
4732,0.0,1892.0,21.248144149780273,36.99,77.2182846069336,2179.0,0.0,1367.0,4.746174335479736,100.0,62.607154846191406,597.0,0.0
4733,0.0,1892.0,21.248144149780273,36.99,77.2182846069336,2179.0,0.0,1367.0,4.746174335479736,100.0,62.607154846191406,597.0,0.0
4734,0.0,1892.0,21.248144149780273,36.99,77.2182846069336,2179.0,0.0,1367.0,4.746174335479736,100.0,62.607154846191406,597.0,0.0
4735,0.0,1892.0,21.248144149780273,36.99,77.2182846069336,2179.0,0.0,1367.0,4.746174335479736,100.0,62.607154846191406,597.0,0.0
4736,0.0,1892.0,6.6587042808532715,36.99,73.97903442382812,2196.0,0.0,1367.0,29.79938507080078,100.0,69.9327392578125,1398.0,0.0
4737,0.0,1892.0,6.6587042808532715,36.99,73.97903442382812,2196.0,0.0,1367.0,29.79938507080078,100.0,69.9327392578125,1398.0,0.0
4738,0.0,1892.0,6.6587042808532715,36.99,73.97903442382812,2196.0,0.0,1367.0,29.79938507080078,100.0,69.9327392578125,1398.0,0.0
4739,0.0,1892.0,6.6587042808532715,36.99,73.97903442382812,2196.0,0.0,1367.0,29.79938507080078,100.0,69.9327392578125,1398.0,0.0
4740,0.0,1892.0,6.6587042808532715,36.99,73.97903442382812,2196.0,0.0,1367.0,29.79938507080078,100.0,69.9327392578125,1398.0,0.0
4741,0.0,1892.0,12.03590202331543,36.99,70.81255340576172,2157.0,0.0,1367.0,30.094743728637695,100.0,73.41016387939453,1398.0,0.0
4742,0.0,1892.0,12.03590202331543,36.99,70.81255340576172,2157.0,0.0,1367.0,30.094743728637695,100.0,73.41016387939453,1398.0,0.0
4743,0.0,1892.0,12.03590202331543,36.99,70.81255340576172,2157.0,0.0,1367.0,30.094743728637695,100.0,73.41016387939453,1398.0,0.0
4744,0.0,1892.0,12.03590202331543,36.99,70.81255340576172,2157.0,0.0,1367.0,30.094743728637695,100.0,73.41016387939453,1398.0,0.0
4745,0.0,1892.0,12.03590202331543,36.99,70.81255340576172,2157.0,0.0,1367.0,30.094743728637695,100.0,73.41016387939453,1398.0,0.0
4746,0.0,1892.0,8.991903305053711,36.99,73.11849212646484,2035.0,0.0,1367.0,30.09711456298828,100.0,74.41226959228516,1398.0,0.0
4747,0.0,1892.0,8.991903305053711,36.99,73.11849212646484,2035.0,0.0,1367.0,30.09711456298828,100.0,74.41226959228516,1398.0,0.0
4748,0.0,1892.0,8.991903305053711,36.99,73.11849212646484,2035.0,0.0,1367.0,30.09711456298828,100.0,74.41226959228516,1398.0,0.0
4749,0.0,1892.0,8.991903305053711,36.99,73.11849212646484,2035.0,0.0,1367.0,30.09711456298828,100.0,74.41226959228516,1398.0,0.0
4750,0.0,1892.0,8.991903305053711,36.99,73.11849212646484,2035.0,0.0,1367.0,30.09711456298828,100.0,74.41226959228516,1398.0,0.0
4751,0.0,1892.0,8.254373550415039,36.99,70.90962982177734,2087.0,0.0,1367.0,30.12002944946289,100.0,74.45716857910156,1398.0,0.0
4752,0.0,1892.0,8.254373550415039,36.99,70.90962982177734,2087.0,0.0,1367.0,30.12002944946289,100.0,74.45716857910156,1398.0,0.0
4753,0.0,1892.0,8.254373550415039,36.99,70.90962982177734,2087.0,0.0,1367.0,30.12002944946289,100.0,74.45716857910156,1398.0,0.0
4754,0.0,1892.0,8.254373550415039,36.99,70.90962982177734,2087.0,0.0,1367.0,30.12002944946289,100.0,74.45716857910156,1398.0,0.0
4755,0.0,1892.0,8.254373550415039,36.99,70.90962982177734,2087.0,0.0,1367.0,30.12002944946289,100.0,74.45716857910156,1398.0,0.0
4756,0.0,1892.0,8.254373550415039,36.99,70.90962982177734,2087.0,0.0,1367.0,30.12002944946289,100.0,74.45716857910156,1398.0,0.0
4757,0.0,1892.0,16.413585662841797,36.99,72.4521713256836,2133.0,0.0,1367.0,29.89512062072754,100.0,74.6875228881836,1398.0,0.0
4758,0.0,1892.0,16.413585662841797,36.99,72.4521713256836,2133.0,0.0,1367.0,29.89512062072754,100.0,74.6875228881836,1398.0,0.0
4759,0.0,1892.0,16.413585662841797,36.99,72.4521713256836,2133.0,0.0,1367.0,29.89512062072754,100.0,74.6875228881836,1398.0,0.0
4760,0.0,1892.0,16.413585662841797,36.99,72.4521713256836,2133.0,0.0,1367.0,29.89512062072754,100.0,74.6875228881836,1398.0,0.0
4761,0.0,1892.0,16.413585662841797,36.99,72.4521713256836,2133.0,0.0,1367.0,29.89512062072754,100.0,74.6875228881836,1398.0,0.0
4762,0.0,1892.0,23.911651611328125,36.99,76.99219512939453,2203.0,0.0,1367.0,4.800500392913818,100.0,75.32451629638672,875.0,0.0
4763,0.0,1892.0,23.911651611328125,36.99,76.99219512939453,2203.0,0.0,1367.0,4.800500392913818,100.0,75.32451629638672,875.0,0.0
4764,0.0,1892.0,23.911651611328125,36.99,76.99219512939453,2203.0,0.0,1367.0,4.800500392913818,100.0,75.32451629638672,875.0,0.0
4765,0.0,1892.0,23.911651611328125,36.99,76.99219512939453,2203.0,0.0,1367.0,4.800500392913818,100.0,75.32451629638672,875.0,0.0
4766,0.0,1892.0,23.911651611328125,36.99,76.99219512939453,2203.0,0.0,1367.0,4.800500392913818,100.0,75.32451629638672,875.0,0.0
4767,0.0,1892.0,24.96002960205078,36.99,78.26319885253906,2169.0,0.0,1367.0,0.5203943252563477,100.0,64.30195617675781,495.0,0.0
4768,0.0,1892.0,24.96002960205078,36.99,78.26319885253906,2169.0,0.0,1367.0,0.5203943252563477,100.0,64.30195617675781,495.0,0.0
4769,0.0,1892.0,24.96002960205078,36.99,78.26319885253906,2169.0,0.0,1367.0,0.5203943252563477,100.0,64.30195617675781,495.0,0.0
4770,0.0,1892.0,24.96002960205078,36.99,78.26319885253906,2169.0,0.0,1367.0,0.5203943252563477,100.0,64.30195617675781,495.0,0.0
4771,0.0,1892.0,24.96002960205078,36.99,78.26319885253906,2169.0,0.0,1367.0,0.5203943252563477,100.0,64.30195617675781,495.0,0.0
4772,0.0,1892.0,24.280086517333984,36.99,78.34998321533203,2075.0,0.0,1367.0,0.2804760336875915,100.0,63.8210563659668,492.0,0.0
4773,0.0,1892.0,24.280086517333984,36.99,78.34998321533203,2075.0,0.0,1367.0,0.2804760336875915,100.0,63.8210563659668,492.0,0.0
4774,0.0,1892.0,24.280086517333984,36.99,78.34998321533203,2075.0,0.0,1367.0,0.2804760336875915,100.0,63.8210563659668,492.0,0.0
4775,0.0,1892.0,24.280086517333984,36.99,78.34998321533203,2075.0,0.0,1367.0,0.2804760336875915,100.0,63.8210563659668,492.0,0.0
4776,0.0,1892.0,24.280086517333984,36.99,78.34998321533203,2075.0,0.0,1367.0,0.2804760336875915,100.0,63.8210563659668,492.0,0.0
4777,0.0,1892.0,23.22360038757324,36.99,77.43843078613281,1977.0,0.0,1367.0,0.154665857553482,100.0,63.109580993652344,444.0,0.0
4778,0.0,1892.0,23.22360038757324,36.99,77.43843078613281,1977.0,0.0,1367.0,0.154665857553482,100.0,63.109580993652344,444.0,0.0
4779,0.0,1892.0,23.22360038757324,36.99,77.43843078613281,1977.0,0.0,1367.0,0.154665857553482,100.0,63.109580993652344,444.0,0.0
4780,0.0,1892.0,23.22360038757324,36.99,77.43843078613281,1977.0,0.0,1367.0,0.154665857553482,100.0,63.109580993652344,444.0,0.0
4781,0.0,1892.0,23.22360038757324,36.99,77.43843078613281,1977.0,0.0,1367.0,0.154665857553482,100.0,63.109580993652344,444.0,0.0
4782,0.0,1892.0,15.532464027404783,36.99,74.55438232421875,2153.0,0.0,1367.0,17.54668426513672,100.0,62.61389923095703,1056.0,0.0
4783,0.0,1892.0,15.532464027404783,36.99,74.55438232421875,2153.0,0.0,1367.0,17.54668426513672,100.0,62.61389923095703,1056.0,0.0
4784,0.0,1892.0,15.532464027404783,36.99,74.55438232421875,2153.0,0.0,1367.0,17.54668426513672,100.0,62.61389923095703,1056.0,0.0
4785,0.0,1892.0,15.532464027404783,36.99,74.55438232421875,2153.0,0.0,1367.0,17.54668426513672,100.0,62.61389923095703,1056.0,0.0
4786,0.0,1892.0,15.532464027404783,36.99,74.55438232421875,2153.0,0.0,1367.0,17.54668426513672,100.0,62.61389923095703,1056.0,0.0
4787,0.0,1892.0,9.631133079528809,36.99,71.8750228881836,2109.0,0.0,1367.0,30.081640243530273,100.0,74.03365325927734,1398.0,0.0
4788,0.0,1892.0,9.631133079528809,36.99,71.8750228881836,2109.0,0.0,1367.0,30.081640243530273,100.0,74.03365325927734,1398.0,0.0
4789,0.0,1892.0,9.631133079528809,36.99,71.8750228881836,2109.0,0.0,1367.0,30.081640243530273,100.0,74.03365325927734,1398.0,0.0
4790,0.0,1892.0,9.631133079528809,36.99,71.8750228881836,2109.0,0.0,1367.0,30.081640243530273,100.0,74.03365325927734,1398.0,0.0
4791,0.0,1892.0,9.631133079528809,36.99,71.8750228881836,2109.0,0.0,1367.0,30.081640243530273,100.0,74.03365325927734,1398.0,0.0
4792,0.0,1892.0,6.519540786743164,36.99,70.31455993652344,2197.0,0.0,1367.0,30.08387565612793,100.0,74.16138458251953,1398.0,0.0
4793,0.0,1892.0,6.519540786743164,36.99,70.31455993652344,2197.0,0.0,1367.0,30.08387565612793,100.0,74.16138458251953,1398.0,0.0
4794,0.0,1892.0,6.519540786743164,36.99,70.31455993652344,2197.0,0.0,1367.0,30.08387565612793,100.0,74.16138458251953,1398.0,0.0
4795,0.0,1892.0,6.519540786743164,36.99,70.31455993652344,2197.0,0.0,1367.0,30.08387565612793,100.0,74.16138458251953,1398.0,0.0
4796,0.0,1892.0,6.519540786743164,36.99,70.31455993652344,2197.0,0.0,1367.0,30.08387565612793,100.0,74.16138458251953,1398.0,0.0
4797,0.0,1892.0,11.561365127563477,36.99,73.00418853759766,2159.0,0.0,1367.0,29.997468948364254,100.0,74.81317901611328,1398.0,0.0
4798,0.0,1892.0,11.561365127563477,36.99,73.00418853759766,2159.0,0.0,1367.0,29.997468948364254,100.0,74.81317901611328,1398.0,0.0
4799,0.0,1892.0,11.561365127563477,36.99,73.00418853759766,2159.0,0.0,1367.0,29.997468948364254,100.0,74.81317901611328,1398.0,0.0
4800,0.0,1892.0,11.561365127563477,36.99,73.00418853759766,2159.0,0.0,1367.0,29.997468948364254,100.0,74.81317901611328,1398.0,0.0
4801,0.0,1892.0,11.561365127563477,36.99,73.00418853759766,2159.0,0.0,1367.0,29.997468948364254,100.0,74.81317901611328,1398.0,0.0
4802,0.0,1892.0,7.126101493835449,36.99,71.97984313964844,1947.0,0.0,1367.0,29.97568130493164,100.0,74.96234893798828,1398.0,0.0
4803,0.0,1892.0,7.126101493835449,36.99,71.97984313964844,1947.0,0.0,1367.0,29.97568130493164,100.0,74.96234893798828,1398.0,0.0
4804,0.0,1892.0,7.126101493835449,36.99,71.97984313964844,1947.0,0.0,1367.0,29.97568130493164,100.0,74.96234893798828,1398.0,0.0
4805,0.0,1892.0,7.126101493835449,36.99,71.97984313964844,1947.0,0.0,1367.0,29.97568130493164,100.0,74.96234893798828,1398.0,0.0
4806,0.0,1892.0,7.126101493835449,36.99,71.97984313964844,1947.0,0.0,1367.0,29.97568130493164,100.0,74.96234893798828,1398.0,0.0
4807,0.0,1892.0,7.126101493835449,36.99,71.97984313964844,1947.0,0.0,1367.0,29.97568130493164,100.0,74.96234893798828,1398.0,0.0
4808,0.0,1892.0,22.257741928100582,36.99,77.97879028320312,2036.0,0.0,1367.0,22.89547348022461,100.0,75.61062622070312,1275.0,0.0
4809,0.0,1892.0,22.257741928100582,36.99,77.97879028320312,2036.0,0.0,1367.0,22.89547348022461,100.0,75.61062622070312,1275.0,0.0
4810,0.0,1892.0,22.257741928100582,36.99,77.97879028320312,2036.0,0.0,1367.0,22.89547348022461,100.0,75.61062622070312,1275.0,0.0
4811,0.0,1892.0,22.257741928100582,36.99,77.97879028320312,2036.0,0.0,1367.0,22.89547348022461,100.0,75.61062622070312,1275.0,0.0
4812,0.0,1892.0,22.257741928100582,36.99,77.97879028320312,2036.0,0.0,1367.0,22.89547348022461,100.0,75.61062622070312,1275.0,0.0
4813,0.0,1892.0,24.408885955810547,36.99,79.07210540771484,2094.0,0.0,1367.0,0.3179807066917419,100.0,64.96482849121094,520.0,0.0
4814,0.0,1892.0,24.408885955810547,36.99,79.07210540771484,2094.0,0.0,1367.0,0.3179807066917419,100.0,64.96482849121094,520.0,0.0
4815,0.0,1892.0,24.408885955810547,36.99,79.07210540771484,2094.0,0.0,1367.0,0.3179807066917419,100.0,64.96482849121094,520.0,0.0
4816,0.0,1892.0,24.408885955810547,36.99,79.07210540771484,2094.0,0.0,1367.0,0.3179807066917419,100.0,64.96482849121094,520.0,0.0
4817,0.0,1892.0,24.408885955810547,36.99,79.07210540771484,2094.0,0.0,1367.0,0.3179807066917419,100.0,64.96482849121094,520.0,0.0
4818,0.0,1892.0,23.15716552734375,36.99,77.4532699584961,1669.0,0.0,1367.0,0.1015582829713821,100.0,63.492713928222656,444.0,0.0
4819,0.0,1892.0,23.15716552734375,36.99,77.4532699584961,1669.0,0.0,1367.0,0.1015582829713821,100.0,63.492713928222656,444.0,0.0
4820,0.0,1892.0,23.15716552734375,36.99,77.4532699584961,1669.0,0.0,1367.0,0.1015582829713821,100.0,63.492713928222656,444.0,0.0
4821,0.0,1892.0,23.15716552734375,36.99,77.4532699584961,1669.0,0.0,1367.0,0.1015582829713821,100.0,63.492713928222656,444.0,0.0
4822,0.0,1892.0,23.15716552734375,36.99,77.4532699584961,1669.0,0.0,1367.0,0.1015582829713821,100.0,63.492713928222656,444.0,0.0
4823,0.0,1892.0,24.668804168701172,36.99,77.58671569824219,2260.0,0.0,1367.0,0.4122196435928345,100.0,63.21575164794922,565.0,0.0
4824,0.0,1892.0,24.668804168701172,36.99,77.58671569824219,2260.0,0.0,1367.0,0.4122196435928345,100.0,63.21575164794922,565.0,0.0
4825,0.0,1892.0,24.668804168701172,36.99,77.58671569824219,2260.0,0.0,1367.0,0.4122196435928345,100.0,63.21575164794922,565.0,0.0
4826,0.0,1892.0,24.668804168701172,36.99,77.58671569824219,2260.0,0.0,1367.0,0.4122196435928345,100.0,63.21575164794922,565.0,0.0
4827,0.0,1892.0,24.668804168701172,36.99,77.58671569824219,2260.0,0.0,1367.0,0.4122196435928345,100.0,63.21575164794922,565.0,0.0
4828,0.0,1892.0,23.214508056640625,36.99,77.03063201904297,1808.0,0.0,1367.0,0.3307393789291382,100.0,63.0771484375,511.0,0.0
4829,0.0,1892.0,23.214508056640625,36.99,77.03063201904297,1808.0,0.0,1367.0,0.3307393789291382,100.0,63.0771484375,511.0,0.0
4830,0.0,1892.0,23.214508056640625,36.99,77.03063201904297,1808.0,0.0,1367.0,0.3307393789291382,100.0,63.0771484375,511.0,0.0
4831,0.0,1892.0,23.214508056640625,36.99,77.03063201904297,1808.0,0.0,1367.0,0.3307393789291382,100.0,63.0771484375,511.0,0.0
4832,0.0,1892.0,23.214508056640625,36.99,77.03063201904297,1808.0,0.0,1367.0,0.3307393789291382,100.0,63.0771484375,511.0,0.0
4833,0.0,1892.0,8.741082191467285,36.99,73.32646179199219,2054.0,0.0,1367.0,28.932937622070312,100.0,70.73426055908203,1365.0,0.0
4834,0.0,1892.0,8.741082191467285,36.99,73.32646179199219,2054.0,0.0,1367.0,28.932937622070312,100.0,70.73426055908203,1365.0,0.0
4835,0.0,1892.0,8.741082191467285,36.99,73.32646179199219,2054.0,0.0,1367.0,28.932937622070312,100.0,70.73426055908203,1365.0,0.0
4836,0.0,1892.0,8.741082191467285,36.99,73.32646179199219,2054.0,0.0,1367.0,28.932937622070312,100.0,70.73426055908203,1365.0,0.0
4837,0.0,1892.0,8.741082191467285,36.99,73.32646179199219,2054.0,0.0,1367.0,28.932937622070312,100.0,70.73426055908203,1365.0,0.0
4838,0.0,1892.0,7.92870044708252,36.99,72.47750854492188,1781.0,0.0,1367.0,29.890100479125977,100.0,74.1393051147461,1398.0,0.0
4839,0.0,1892.0,7.92870044708252,36.99,72.47750854492188,1781.0,0.0,1367.0,29.890100479125977,100.0,74.1393051147461,1398.0,0.0
4840,0.0,1892.0,7.92870044708252,36.99,72.47750854492188,1781.0,0.0,1367.0,29.890100479125977,100.0,74.1393051147461,1398.0,0.0
4841,0.0,1892.0,7.92870044708252,36.99,72.47750854492188,1781.0,0.0,1367.0,29.890100479125977,100.0,74.1393051147461,1398.0,0.0
4842,0.0,1892.0,7.92870044708252,36.99,72.47750854492188,1781.0,0.0,1367.0,29.890100479125977,100.0,74.1393051147461,1398.0,0.0
4843,0.0,1892.0,10.059948921203612,36.99,71.1812744140625,2152.0,0.0,1367.0,29.928489685058594,100.0,74.46748352050781,1398.0,0.0
4844,0.0,1892.0,10.059948921203612,36.99,71.1812744140625,2152.0,0.0,1367.0,29.928489685058594,100.0,74.46748352050781,1398.0,0.0
4845,0.0,1892.0,10.059948921203612,36.99,71.1812744140625,2152.0,0.0,1367.0,29.928489685058594,100.0,74.46748352050781,1398.0,0.0
4846,0.0,1892.0,10.059948921203612,36.99,71.1812744140625,2152.0,0.0,1367.0,29.928489685058594,100.0,74.46748352050781,1398.0,0.0
4847,0.0,1892.0,10.059948921203612,36.99,71.1812744140625,2152.0,0.0,1367.0,29.928489685058594,100.0,74.46748352050781,1398.0,0.0
4848,0.0,1892.0,11.926029205322266,36.99,73.51171112060547,2164.0,0.0,1367.0,30.203907012939453,100.0,74.93409729003906,1398.0,0.0
4849,0.0,1892.0,11.926029205322266,36.99,73.51171112060547,2164.0,0.0,1367.0,30.203907012939453,100.0,74.93409729003906,1398.0,0.0
4850,0.0,1892.0,11.926029205322266,36.99,73.51171112060547,2164.0,0.0,1367.0,30.203907012939453,100.0,74.93409729003906,1398.0,0.0
4851,0.0,1892.0,11.926029205322266,36.99,73.51171112060547,2164.0,0.0,1367.0,30.203907012939453,100.0,74.93409729003906,1398.0,0.0
4852,0.0,1892.0,11.926029205322266,36.99,73.51171112060547,2164.0,0.0,1367.0,30.203907012939453,100.0,74.93409729003906,1398.0,0.0
4853,0.0,1892.0,11.654748916625977,36.99,73.4346923828125,1971.0,0.0,1367.0,30.202220916748047,100.0,75.31019592285156,1398.0,0.0
4854,0.0,1892.0,11.654748916625977,36.99,73.4346923828125,1971.0,0.0,1367.0,30.202220916748047,100.0,75.31019592285156,1398.0,0.0
4855,0.0,1892.0,11.654748916625977,36.99,73.4346923828125,1971.0,0.0,1367.0,30.202220916748047,100.0,75.31019592285156,1398.0,0.0
4856,0.0,1892.0,11.654748916625977,36.99,73.4346923828125,1971.0,0.0,1367.0,30.202220916748047,100.0,75.31019592285156,1398.0,0.0
4857,0.0,1892.0,11.654748916625977,36.99,73.4346923828125,1971.0,0.0,1367.0,30.202220916748047,100.0,75.31019592285156,1398.0,0.0
4858,0.0,1892.0,11.654748916625977,36.99,73.4346923828125,1971.0,0.0,1367.0,30.202220916748047,100.0,75.31019592285156,1398.0,0.0
4859,0.0,1892.0,24.536163330078125,36.99,76.98104095458984,2040.0,0.0,1367.0,11.925872802734377,100.0,75.4455337524414,1175.0,0.0
4860,0.0,1892.0,24.536163330078125,36.99,76.98104095458984,2040.0,0.0,1367.0,11.925872802734377,100.0,75.4455337524414,1175.0,0.0
4861,0.0,1892.0,24.536163330078125,36.99,76.98104095458984,2040.0,0.0,1367.0,11.925872802734377,100.0,75.4455337524414,1175.0,0.0
4862,0.0,1892.0,24.536163330078125,36.99,76.98104095458984,2040.0,0.0,1367.0,11.925872802734377,100.0,75.4455337524414,1175.0,0.0
4863,0.0,1892.0,24.536163330078125,36.99,76.98104095458984,2040.0,0.0,1367.0,11.925872802734377,100.0,75.4455337524414,1175.0,0.0
4864,0.0,1892.0,23.86697006225586,36.99,79.34881591796875,2137.0,0.0,1367.0,0.412573367357254,100.0,65.20829772949219,460.0,0.0
4865,0.0,1892.0,23.86697006225586,36.99,79.34881591796875,2137.0,0.0,1367.0,0.412573367357254,100.0,65.20829772949219,460.0,0.0
4866,0.0,1892.0,23.86697006225586,36.99,79.34881591796875,2137.0,0.0,1367.0,0.412573367357254,100.0,65.20829772949219,460.0,0.0
4867,0.0,1892.0,23.86697006225586,36.99,79.34881591796875,2137.0,0.0,1367.0,0.412573367357254,100.0,65.20829772949219,460.0,0.0
4868,0.0,1892.0,23.86697006225586,36.99,79.34881591796875,2137.0,0.0,1367.0,0.412573367357254,100.0,65.20829772949219,460.0,0.0
4869,0.0,1892.0,23.346832275390625,36.99,77.49757385253906,2026.0,0.0,1367.0,0.1066399216651916,100.0,63.856231689453125,444.0,0.0
4870,0.0,1892.0,23.346832275390625,36.99,77.49757385253906,2026.0,0.0,1367.0,0.1066399216651916,100.0,63.856231689453125,444.0,0.0
4871,0.0,1892.0,23.346832275390625,36.99,77.49757385253906,2026.0,0.0,1367.0,0.1066399216651916,100.0,63.856231689453125,444.0,0.0
4872,0.0,1892.0,23.346832275390625,36.99,77.49757385253906,2026.0,0.0,1367.0,0.1066399216651916,100.0,63.856231689453125,444.0,0.0
4873,0.0,1892.0,23.346832275390625,36.99,77.49757385253906,2026.0,0.0,1367.0,0.1066399216651916,100.0,63.856231689453125,444.0,0.0
4874,0.0,1892.0,25.011205673217773,36.99,77.81695556640625,2162.0,0.0,1367.0,0.1707958728075027,100.0,63.13385009765625,444.0,0.0
4875,0.0,1892.0,25.011205673217773,36.99,77.81695556640625,2162.0,0.0,1367.0,0.1707958728075027,100.0,63.13385009765625,444.0,0.0
4876,0.0,1892.0,25.011205673217773,36.99,77.81695556640625,2162.0,0.0,1367.0,0.1707958728075027,100.0,63.13385009765625,444.0,0.0
4877,0.0,1892.0,25.011205673217773,36.99,77.81695556640625,2162.0,0.0,1367.0,0.1707958728075027,100.0,63.13385009765625,444.0,0.0
4878,0.0,1892.0,25.011205673217773,36.99,77.81695556640625,2162.0,0.0,1367.0,0.1707958728075027,100.0,63.13385009765625,444.0,0.0
4879,0.0,1892.0,16.848388671875,36.99,77.76521301269531,1885.0,0.0,1367.0,10.750497817993164,100.0,62.8853645324707,848.0,0.0
4880,0.0,1892.0,16.848388671875,36.99,77.76521301269531,1885.0,0.0,1367.0,10.750497817993164,100.0,62.8853645324707,848.0,0.0
4881,0.0,1892.0,16.848388671875,36.99,77.76521301269531,1885.0,0.0,1367.0,10.750497817993164,100.0,62.8853645324707,848.0,0.0
4882,0.0,1892.0,16.848388671875,36.99,77.76521301269531,1885.0,0.0,1367.0,10.750497817993164,100.0,62.8853645324707,848.0,0.0
4883,0.0,1892.0,16.848388671875,36.99,77.76521301269531,1885.0,0.0,1367.0,10.750497817993164,100.0,62.8853645324707,848.0,0.0
4884,0.0,1892.0,12.201345443725586,36.99,73.90980529785156,2166.0,0.0,1367.0,30.054285049438477,100.0,71.02079772949219,1398.0,0.0
4885,0.0,1892.0,12.201345443725586,36.99,73.90980529785156,2166.0,0.0,1367.0,30.054285049438477,100.0,71.02079772949219,1398.0,0.0
4886,0.0,1892.0,12.201345443725586,36.99,73.90980529785156,2166.0,0.0,1367.0,30.054285049438477,100.0,71.02079772949219,1398.0,0.0
4887,0.0,1892.0,12.201345443725586,36.99,73.90980529785156,2166.0,0.0,1367.0,30.054285049438477,100.0,71.02079772949219,1398.0,0.0
4888,0.0,1892.0,12.201345443725586,36.99,73.90980529785156,2166.0,0.0,1367.0,30.054285049438477,100.0,71.02079772949219,1398.0,0.0
4889,0.0,1892.0,10.459369659423828,36.99,73.10043334960938,1923.0,0.0,1367.0,30.281421661376953,100.0,74.24259185791016,1398.0,0.0
4890,0.0,1892.0,10.459369659423828,36.99,73.10043334960938,1923.0,0.0,1367.0,30.281421661376953,100.0,74.24259185791016,1398.0,0.0
4891,0.0,1892.0,10.459369659423828,36.99,73.10043334960938,1923.0,0.0,1367.0,30.281421661376953,100.0,74.24259185791016,1398.0,0.0
4892,0.0,1892.0,10.459369659423828,36.99,73.10043334960938,1923.0,0.0,1367.0,30.281421661376953,100.0,74.24259185791016,1398.0,0.0
4893,0.0,1892.0,10.459369659423828,36.99,73.10043334960938,1923.0,0.0,1367.0,30.281421661376953,100.0,74.24259185791016,1398.0,0.0
4894,0.0,1892.0,6.284627437591553,36.99,72.61946105957031,2240.0,0.0,1367.0,29.868310928344727,100.0,74.78264617919922,1398.0,0.0
4895,0.0,1892.0,6.284627437591553,36.99,72.61946105957031,2240.0,0.0,1367.0,29.868310928344727,100.0,74.78264617919922,1398.0,0.0
4896,0.0,1892.0,6.284627437591553,36.99,72.61946105957031,2240.0,0.0,1367.0,29.868310928344727,100.0,74.78264617919922,1398.0,0.0
4897,0.0,1892.0,6.284627437591553,36.99,72.61946105957031,2240.0,0.0,1367.0,29.868310928344727,100.0,74.78264617919922,1398.0,0.0
4898,0.0,1892.0,6.284627437591553,36.99,72.61946105957031,2240.0,0.0,1367.0,29.868310928344727,100.0,74.78264617919922,1398.0,0.0
4899,0.0,1892.0,8.36137580871582,36.99,70.82047271728516,2125.0,0.0,1367.0,30.088356018066406,100.0,75.01569366455078,1398.0,0.0
4900,0.0,1892.0,8.36137580871582,36.99,70.82047271728516,2125.0,0.0,1367.0,30.088356018066406,100.0,75.01569366455078,1398.0,0.0
4901,0.0,1892.0,8.36137580871582,36.99,70.82047271728516,2125.0,0.0,1367.0,30.088356018066406,100.0,75.01569366455078,1398.0,0.0
4902,0.0,1892.0,8.36137580871582,36.99,70.82047271728516,2125.0,0.0,1367.0,30.088356018066406,100.0,75.01569366455078,1398.0,0.0
4903,0.0,1892.0,8.36137580871582,36.99,70.82047271728516,2125.0,0.0,1367.0,30.088356018066406,100.0,75.01569366455078,1398.0,0.0
4904,0.0,1892.0,18.02936553955078,36.99,72.23661804199219,2024.0,0.0,1367.0,30.13416290283203,100.0,75.08430480957031,1398.0,0.0
4905,0.0,1892.0,18.02936553955078,36.99,72.23661804199219,2024.0,0.0,1367.0,30.13416290283203,100.0,75.08430480957031,1398.0,0.0
4906,0.0,1892.0,18.02936553955078,36.99,72.23661804199219,2024.0,0.0,1367.0,30.13416290283203,100.0,75.08430480957031,1398.0,0.0
4907,0.0,1892.0,18.02936553955078,36.99,72.23661804199219,2024.0,0.0,1367.0,30.13416290283203,100.0,75.08430480957031,1398.0,0.0
4908,0.0,1892.0,18.02936553955078,36.99,72.23661804199219,2024.0,0.0,1367.0,30.13416290283203,100.0,75.08430480957031,1398.0,0.0
4909,0.0,1892.0,18.02936553955078,36.99,72.23661804199219,2024.0,0.0,1367.0,30.13416290283203,100.0,75.08430480957031,1398.0,0.0
4910,0.0,1892.0,24.26310920715332,36.99,78.82543182373047,2078.0,0.0,1367.0,0.1537185609340667,100.0,65.70008850097656,518.0,0.0
4911,0.0,1892.0,24.26310920715332,36.99,78.82543182373047,2078.0,0.0,1367.0,0.1537185609340667,100.0,65.70008850097656,518.0,0.0
4912,0.0,1892.0,24.26310920715332,36.99,78.82543182373047,2078.0,0.0,1367.0,0.1537185609340667,100.0,65.70008850097656,518.0,0.0
4913,0.0,1892.0,24.26310920715332,36.99,78.82543182373047,2078.0,0.0,1367.0,0.1537185609340667,100.0,65.70008850097656,518.0,0.0
4914,0.0,1892.0,24.26310920715332,36.99,78.82543182373047,2078.0,0.0,1367.0,0.1537185609340667,100.0,65.70008850097656,518.0,0.0
4915,0.0,1892.0,23.74812889099121,36.99,77.8554458618164,1793.0,0.0,1367.0,0.1427218466997146,100.0,63.74287796020508,444.0,0.0
4916,0.0,1892.0,23.74812889099121,36.99,77.8554458618164,1793.0,0.0,1367.0,0.1427218466997146,100.0,63.74287796020508,444.0,0.0
4917,0.0,1892.0,23.74812889099121,36.99,77.8554458618164,1793.0,0.0,1367.0,0.1427218466997146,100.0,63.74287796020508,444.0,0.0
4918,0.0,1892.0,23.74812889099121,36.99,77.8554458618164,1793.0,0.0,1367.0,0.1427218466997146,100.0,63.74287796020508,444.0,0.0
4919,0.0,1892.0,23.74812889099121,36.99,77.8554458618164,1793.0,0.0,1367.0,0.1427218466997146,100.0,63.74287796020508,444.0,0.0
4920,0.0,1892.0,26.116426467895508,36.99,78.46460723876953,2199.0,0.0,1367.0,0.2314636558294296,100.0,63.220115661621094,467.0,0.0
4921,0.0,1892.0,26.116426467895508,36.99,78.46460723876953,2199.0,0.0,1367.0,0.2314636558294296,100.0,63.220115661621094,467.0,0.0
4922,0.0,1892.0,26.116426467895508,36.99,78.46460723876953,2199.0,0.0,1367.0,0.2314636558294296,100.0,63.220115661621094,467.0,0.0
4923,0.0,1892.0,26.116426467895508,36.99,78.46460723876953,2199.0,0.0,1367.0,0.2314636558294296,100.0,63.220115661621094,467.0,0.0
4924,0.0,1892.0,26.116426467895508,36.99,78.46460723876953,2199.0,0.0,1367.0,0.2314636558294296,100.0,63.220115661621094,467.0,0.0
4925,0.0,1892.0,25.22413444519043,36.99,78.68045806884766,2017.0,0.0,1367.0,0.4552607834339142,100.0,63.21604537963867,628.0,0.0
4926,0.0,1892.0,25.22413444519043,36.99,78.68045806884766,2017.0,0.0,1367.0,0.4552607834339142,100.0,63.21604537963867,628.0,0.0
4927,0.0,1892.0,25.22413444519043,36.99,78.68045806884766,2017.0,0.0,1367.0,0.4552607834339142,100.0,63.21604537963867,628.0,0.0
4928,0.0,1892.0,25.22413444519043,36.99,78.68045806884766,2017.0,0.0,1367.0,0.4552607834339142,100.0,63.21604537963867,628.0,0.0
4929,0.0,1892.0,25.22413444519043,36.99,78.68045806884766,2017.0,0.0,1367.0,0.4552607834339142,100.0,63.21604537963867,628.0,0.0
4930,0.0,1892.0,11.725157737731934,36.99,74.46846771240234,1596.0,0.0,1367.0,21.936262130737305,100.0,69.89595794677734,1171.0,0.0
4931,0.0,1892.0,11.725157737731934,36.99,74.46846771240234,1596.0,0.0,1367.0,21.936262130737305,100.0,69.89595794677734,1171.0,0.0
4932,0.0,1892.0,11.725157737731934,36.99,74.46846771240234,1596.0,0.0,1367.0,21.936262130737305,100.0,69.89595794677734,1171.0,0.0
4933,0.0,1892.0,11.725157737731934,36.99,74.46846771240234,1596.0,0.0,1367.0,21.936262130737305,100.0,69.89595794677734,1171.0,0.0
4934,0.0,1892.0,11.725157737731934,36.99,74.46846771240234,1596.0,0.0,1367.0,21.936262130737305,100.0,69.89595794677734,1171.0,0.0
4935,0.0,1892.0,8.936822891235352,36.99,71.1426773071289,2158.0,0.0,1367.0,30.143455505371097,100.0,73.97863006591797,1398.0,0.0
4936,0.0,1892.0,8.936822891235352,36.99,71.1426773071289,2158.0,0.0,1367.0,30.143455505371097,100.0,73.97863006591797,1398.0,0.0
4937,0.0,1892.0,8.936822891235352,36.99,71.1426773071289,2158.0,0.0,1367.0,30.143455505371097,100.0,73.97863006591797,1398.0,0.0
4938,0.0,1892.0,8.936822891235352,36.99,71.1426773071289,2158.0,0.0,1367.0,30.143455505371097,100.0,73.97863006591797,1398.0,0.0
4939,0.0,1892.0,8.936822891235352,36.99,71.1426773071289,2158.0,0.0,1367.0,30.143455505371097,100.0,73.97863006591797,1398.0,0.0
4940,0.0,1892.0,9.628988265991213,36.99,72.6524658203125,2019.0,0.0,1367.0,29.977495193481445,100.0,74.83930969238281,1398.0,0.0
4941,0.0,1892.0,9.628988265991213,36.99,72.6524658203125,2019.0,0.0,1367.0,29.977495193481445,100.0,74.83930969238281,1398.0,0.0
4942,0.0,1892.0,9.628988265991213,36.99,72.6524658203125,2019.0,0.0,1367.0,29.977495193481445,100.0,74.83930969238281,1398.0,0.0
4943,0.0,1892.0,9.628988265991213,36.99,72.6524658203125,2019.0,0.0,1367.0,29.977495193481445,100.0,74.83930969238281,1398.0,0.0
4944,0.0,1892.0,9.628988265991213,36.99,72.6524658203125,2019.0,0.0,1367.0,29.977495193481445,100.0,74.83930969238281,1398.0,0.0
4945,0.0,1892.0,9.410974502563477,36.99,71.71282958984375,2206.0,0.0,1367.0,30.050323486328125,100.0,74.816162109375,1398.0,0.0
4946,0.0,1892.0,9.410974502563477,36.99,71.71282958984375,2206.0,0.0,1367.0,30.050323486328125,100.0,74.816162109375,1398.0,0.0
4947,0.0,1892.0,9.410974502563477,36.99,71.71282958984375,2206.0,0.0,1367.0,30.050323486328125,100.0,74.816162109375,1398.0,0.0
4948,0.0,1892.0,9.410974502563477,36.99,71.71282958984375,2206.0,0.0,1367.0,30.050323486328125,100.0,74.816162109375,1398.0,0.0
4949,0.0,1892.0,9.410974502563477,36.99,71.71282958984375,2206.0,0.0,1367.0,30.050323486328125,100.0,74.816162109375,1398.0,0.0
4950,0.0,1892.0,9.980901718139648,36.99,73.5852279663086,2122.0,0.0,1367.0,29.955949783325195,100.0,75.31324005126953,1398.0,0.0
4951,0.0,1892.0,9.980901718139648,36.99,73.5852279663086,2122.0,0.0,1367.0,29.955949783325195,100.0,75.31324005126953,1398.0,0.0
4952,0.0,1892.0,9.980901718139648,36.99,73.5852279663086,2122.0,0.0,1367.0,29.955949783325195,100.0,75.31324005126953,1398.0,0.0
4953,0.0,1892.0,9.980901718139648,36.99,73.5852279663086,2122.0,0.0,1367.0,29.955949783325195,100.0,75.31324005126953,1398.0,0.0
4954,0.0,1892.0,9.980901718139648,36.99,73.5852279663086,2122.0,0.0,1367.0,29.955949783325195,100.0,75.31324005126953,1398.0,0.0
4955,0.0,1892.0,9.980901718139648,36.99,73.5852279663086,2122.0,0.0,1367.0,29.955949783325195,100.0,75.31324005126953,1398.0,0.0
4956,0.0,1892.0,23.50735092163086,36.99,78.20561218261719,2185.0,0.0,1367.0,18.026893615722656,100.0,75.75149536132812,1132.0,0.0
4957,0.0,1892.0,23.50735092163086,36.99,78.20561218261719,2185.0,0.0,1367.0,18.026893615722656,100.0,75.75149536132812,1132.0,0.0
4958,0.0,1892.0,23.50735092163086,36.99,78.20561218261719,2185.0,0.0,1367.0,18.026893615722656,100.0,75.75149536132812,1132.0,0.0
4959,0.0,1892.0,23.50735092163086,36.99,78.20561218261719,2185.0,0.0,1367.0,18.026893615722656,100.0,75.75149536132812,1132.0,0.0
4960,0.0,1892.0,23.50735092163086,36.99,78.20561218261719,2185.0,0.0,1367.0,18.026893615722656,100.0,75.75149536132812,1132.0,0.0
4961,0.0,1892.0,23.07980728149414,36.99,78.74720764160156,1837.0,0.0,1367.0,0.0291810650378465,100.0,65.73876953125,481.0,0.0
4962,0.0,1892.0,23.07980728149414,36.99,78.74720764160156,1837.0,0.0,1367.0,0.0291810650378465,100.0,65.73876953125,481.0,0.0
4963,0.0,1892.0,23.07980728149414,36.99,78.74720764160156,1837.0,0.0,1367.0,0.0291810650378465,100.0,65.73876953125,481.0,0.0
4964,0.0,1892.0,23.07980728149414,36.99,78.74720764160156,1837.0,0.0,1367.0,0.0291810650378465,100.0,65.73876953125,481.0,0.0
4965,0.0,1892.0,23.07980728149414,36.99,78.74720764160156,1837.0,0.0,1367.0,0.0291810650378465,100.0,65.73876953125,481.0,0.0
4966,0.0,1892.0,22.849384307861328,36.99,76.76236724853516,1608.0,0.0,1367.0,0.0352236256003379,100.0,63.56917572021485,333.0,0.0
4967,0.0,1892.0,22.849384307861328,36.99,76.76236724853516,1608.0,0.0,1367.0,0.0352236256003379,100.0,63.56917572021485,333.0,0.0
4968,0.0,1892.0,22.849384307861328,36.99,76.76236724853516,1608.0,0.0,1367.0,0.0352236256003379,100.0,63.56917572021485,333.0,0.0
4969,0.0,1892.0,22.849384307861328,36.99,76.76236724853516,1608.0,0.0,1367.0,0.0352236256003379,100.0,63.56917572021485,333.0,0.0
4970,0.0,1892.0,22.849384307861328,36.99,76.76236724853516,1608.0,0.0,1367.0,0.0352236256003379,100.0,63.56917572021485,333.0,0.0
4971,0.0,1892.0,23.576705932617188,36.99,76.5333480834961,1935.0,0.0,1367.0,0.1168227046728134,100.0,62.88237380981445,572.0,0.0
4972,0.0,1892.0,23.576705932617188,36.99,76.5333480834961,1935.0,0.0,1367.0,0.1168227046728134,100.0,62.88237380981445,572.0,0.0
4973,0.0,1892.0,23.576705932617188,36.99,76.5333480834961,1935.0,0.0,1367.0,0.1168227046728134,100.0,62.88237380981445,572.0,0.0
4974,0.0,1892.0,23.576705932617188,36.99,76.5333480834961,1935.0,0.0,1367.0,0.1168227046728134,100.0,62.88237380981445,572.0,0.0
4975,0.0,1892.0,23.576705932617188,36.99,76.5333480834961,1935.0,0.0,1367.0,0.1168227046728134,100.0,62.88237380981445,572.0,0.0
4976,0.0,1892.0,19.864896774291992,36.99,76.09430694580078,1903.0,0.0,1367.0,4.518101215362549,100.0,62.67546844482422,650.0,0.0
4977,0.0,1892.0,19.864896774291992,36.99,76.09430694580078,1903.0,0.0,1367.0,4.518101215362549,100.0,62.67546844482422,650.0,0.0
4978,0.0,1892.0,19.864896774291992,36.99,76.09430694580078,1903.0,0.0,1367.0,4.518101215362549,100.0,62.67546844482422,650.0,0.0
4979,0.0,1892.0,19.864896774291992,36.99,76.09430694580078,1903.0,0.0,1367.0,4.518101215362549,100.0,62.67546844482422,650.0,0.0
4980,0.0,1892.0,19.864896774291992,36.99,76.09430694580078,1903.0,0.0,1367.0,4.518101215362549,100.0,62.67546844482422,650.0,0.0
4981,0.0,1892.0,7.924142837524414,36.99,72.7063217163086,1946.0,0.0,1367.0,29.89023780822754,100.0,71.26351165771484,1398.0,0.0
4982,0.0,1892.0,7.924142837524414,36.99,72.7063217163086,1946.0,0.0,1367.0,29.89023780822754,100.0,71.26351165771484,1398.0,0.0
4983,0.0,1892.0,7.924142837524414,36.99,72.7063217163086,1946.0,0.0,1367.0,29.89023780822754,100.0,71.26351165771484,1398.0,0.0
4984,0.0,1892.0,7.924142837524414,36.99,72.7063217163086,1946.0,0.0,1367.0,29.89023780822754,100.0,71.26351165771484,1398.0,0.0
4985,0.0,1892.0,7.924142837524414,36.99,72.7063217163086,1946.0,0.0,1367.0,29.89023780822754,100.0,71.26351165771484,1398.0,0.0
4986,0.0,1892.0,6.942279815673828,36.99,71.26282501220703,1672.0,0.0,1367.0,29.999370574951172,100.0,73.89256286621094,1398.0,0.0
4987,0.0,1892.0,6.942279815673828,36.99,71.26282501220703,1672.0,0.0,1367.0,29.999370574951172,100.0,73.89256286621094,1398.0,0.0
4988,0.0,1892.0,6.942279815673828,36.99,71.26282501220703,1672.0,0.0,1367.0,29.999370574951172,100.0,73.89256286621094,1398.0,0.0
4989,0.0,1892.0,6.942279815673828,36.99,71.26282501220703,1672.0,0.0,1367.0,29.999370574951172,100.0,73.89256286621094,1398.0,0.0
4990,0.0,1892.0,6.942279815673828,36.99,71.26282501220703,1672.0,0.0,1367.0,29.999370574951172,100.0,73.89256286621094,1398.0,0.0
4991,0.0,1892.0,6.695989608764648,36.99,70.3410873413086,2061.0,0.0,1367.0,29.95071601867676,100.0,74.27555847167969,1398.0,0.0
4992,0.0,1892.0,6.695989608764648,36.99,70.3410873413086,2061.0,0.0,1367.0,29.95071601867676,100.0,74.27555847167969,1398.0,0.0
4993,0.0,1892.0,6.695989608764648,36.99,70.3410873413086,2061.0,0.0,1367.0,29.95071601867676,100.0,74.27555847167969,1398.0,0.0
4994,0.0,1892.0,6.695989608764648,36.99,70.3410873413086,2061.0,0.0,1367.0,29.95071601867676,100.0,74.27555847167969,1398.0,0.0
4995,0.0,1892.0,6.695989608764648,36.99,70.3410873413086,2061.0,0.0,1367.0,29.95071601867676,100.0,74.27555847167969,1398.0,0.0
4996,0.0,1892.0,6.857751846313477,36.99,70.49588012695312,1940.0,0.0,1367.0,29.91313934326172,100.0,74.41886901855469,1398.0,0.0
4997,0.0,1892.0,6.857751846313477,36.99,70.49588012695312,1940.0,0.0,1367.0,29.91313934326172,100.0,74.41886901855469,1398.0,0.0
4998,0.0,1892.0,6.857751846313477,36.99,70.49588012695312,1940.0,0.0,1367.0,29.91313934326172,100.0,74.41886901855469,1398.0,0.0
4999,0.0,1892.0,6.857751846313477,36.99,70.49588012695312,1940.0,0.0,1367.0,29.91313934326172,100.0,74.41886901855469,1398.0,0.0
