idx,avg_core_id,avg_weight_ns,first_sample_time_ns,last_sample_time_ns,max_core_id,running_count,running_fraction,sample_span_ns,samples_per_bucket,sentinel_count,total_weight_ns,unique_process_count,unique_thread_count
0,8.935323383084578,1000000.0,292092125.0,491091083.0,10.0,201.0,1.0,198998958.0,201.0,0.0,201000000.0,1.0,2.0
1,8.727722772277227,1000000.0,492094458.0,692091125.0,10.0,202.0,1.0,199996667.0,202.0,0.0,202000000.0,1.0,2.0
2,8.525,1000000.0,693094375.0,892091291.0,10.0,200.0,1.0,198996916.0,200.0,0.0,200000000.0,1.0,1.0
3,8.565,1000000.0,893091250.0,1092091250.0,10.0,200.0,1.0,199000000.0,200.0,0.0,200000000.0,1.0,3.0
4,8.90547263681592,1000000.0,1093091000.0,1292091166.0,10.0,201.0,1.0,199000166.0,201.0,0.0,201000000.0,1.0,2.0
5,8.705,1000000.0,1293094375.0,1491091083.0,9.0,200.0,1.0,197996708.0,200.0,0.0,200000000.0,1.0,2.0
6,8.109452736318408,1000000.0,1492094375.0,1692091083.0,9.0,201.0,1.0,199996708.0,201.0,0.0,201000000.0,1.0,2.0
7,5.024752475247524,1000000.0,1693094958.0,1892091000.0,6.0,202.0,1.0,198996042.0,202.0,0.0,202000000.0,1.0,2.0
8,4.691542288557214,1000000.0,1893091208.0,2092091125.0,5.0,201.0,1.0,198999917.0,201.0,0.0,201000000.0,1.0,3.0
9,4.850746268656716,1000000.0,2093091166.0,2292090958.0,5.0,201.0,1.0,198999792.0,201.0,0.0,201000000.0,1.0,2.0
10,5.275,1000000.0,2293091208.0,2491094666.0,8.0,200.0,1.0,198003458.0,200.0,0.0,200000000.0,1.0,2.0
11,4.63681592039801,1000000.0,2492094625.0,2691091000.0,5.0,201.0,1.0,198996375.0,201.0,0.0,201000000.0,1.0,2.0
12,4.875621890547263,1000000.0,2692094458.0,2891094500.0,5.0,201.0,1.0,199000042.0,201.0,0.0,201000000.0,1.0,2.0
13,4.603960396039604,1000000.0,2892094458.0,3092091000.0,7.0,202.0,1.0,199996542.0,202.0,0.0,202000000.0,1.0,2.0
14,4.555,1000000.0,3093094500.0,3292091208.0,5.0,200.0,1.0,198996708.0,200.0,0.0,200000000.0,1.0,2.0
15,4.688118811881188,1000000.0,3293091333.0,3491094416.0,6.0,202.0,1.0,198003083.0,202.0,0.0,202000000.0,1.0,3.0
16,4.782178217821782,1000000.0,3492094416.0,3692091333.0,5.0,202.0,1.0,199996917.0,202.0,0.0,202000000.0,1.0,2.0
17,4.67,1000000.0,3693094375.0,3892091208.0,6.0,200.0,1.0,198996833.0,200.0,0.0,200000000.0,1.0,1.0
18,4.655,1000000.0,3893094416.0,4091091041.0,7.0,200.0,1.0,197996625.0,200.0,0.0,200000000.0,1.0,2.0
19,4.788177339901478,1000000.0,4092094458.0,4292091083.0,5.0,203.0,1.0,199996625.0,203.0,0.0,203000000.0,1.0,2.0
20,4.653465346534653,1000000.0,4293094500.0,4492091000.0,7.0,202.0,1.0,198996500.0,202.0,0.0,202000000.0,1.0,2.0
21,4.564356435643564,1000000.0,4493094500.0,4692091041.0,5.0,202.0,1.0,198996541.0,202.0,0.0,202000000.0,1.0,2.0
22,4.845,1000000.0,4693094500.0,4891094625.0,6.0,200.0,1.0,198000125.0,200.0,0.0,200000000.0,1.0,2.0
23,4.678217821782178,1000000.0,4892094583.0,5092091208.0,5.0,202.0,1.0,199996625.0,202.0,0.0,202000000.0,1.0,2.0
24,5.004926108374384,1000000.0,5093091208.0,5292091000.0,6.0,203.0,1.0,198999792.0,203.0,0.0,203000000.0,1.0,2.0
25,4.46039603960396,1000000.0,5293091250.0,5491091041.0,5.0,202.0,1.0,197999791.0,202.0,0.0,202000000.0,1.0,3.0
26,4.707920792079208,1000000.0,5492094375.0,5691091000.0,5.0,202.0,1.0,198996625.0,202.0,0.0,202000000.0,1.0,2.0
27,4.46039603960396,1000000.0,5692094500.0,5892091041.0,6.0,202.0,1.0,199996541.0,202.0,0.0,202000000.0,1.0,2.0
28,4.8606965174129355,1000000.0,5893094458.0,6092091041.0,5.0,201.0,1.0,198996583.0,201.0,0.0,201000000.0,1.0,2.0
29,4.6716417910447765,1000000.0,6093094541.0,6292091125.0,5.0,201.0,1.0,198996584.0,201.0,0.0,201000000.0,1.0,2.0
30,4.169154228855722,1000000.0,6293094375.0,6491091125.0,5.0,201.0,1.0,197996750.0,201.0,0.0,201000000.0,1.0,2.0
31,4.544554455445544,1000000.0,6492094541.0,6691091083.0,5.0,202.0,1.0,198996542.0,202.0,0.0,202000000.0,1.0,2.0
32,4.696517412935323,1000000.0,6692094458.0,6891094458.0,6.0,201.0,1.0,199000000.0,201.0,0.0,201000000.0,1.0,2.0
33,4.645,1000000.0,6892094458.0,7091094583.0,5.0,200.0,1.0,199000125.0,200.0,0.0,200000000.0,1.0,1.0
34,4.610837438423645,1000000.0,7092094458.0,7292091166.0,5.0,203.0,1.0,199996708.0,203.0,0.0,203000000.0,1.0,2.0
35,4.628140703517588,1000000.0,7293094458.0,7491091166.0,7.0,199.0,1.0,197996708.0,199.0,0.0,199000000.0,1.0,2.0
36,4.7711442786069655,1000000.0,7492094500.0,7691091250.0,8.0,201.0,1.0,198996750.0,201.0,0.0,201000000.0,1.0,2.0
37,4.8861386138613865,1000000.0,7692094416.0,7892091333.0,5.0,202.0,1.0,199996917.0,202.0,0.0,202000000.0,1.0,2.0
38,4.727722772277228,1000000.0,7893094416.0,8091091291.0,5.0,202.0,1.0,197996875.0,202.0,0.0,202000000.0,1.0,2.0
39,4.683168316831683,1000000.0,8092094458.0,8292091208.0,6.0,202.0,1.0,199996750.0,202.0,0.0,202000000.0,1.0,2.0
40,4.85,1000000.0,8293094500.0,8491091000.0,6.0,200.0,1.0,197996500.0,200.0,0.0,200000000.0,1.0,2.0
41,7.044334975369458,1000000.0,8492094583.0,8692091166.0,10.0,203.0,1.0,199996583.0,203.0,0.0,203000000.0,1.0,2.0
42,8.875621890547263,1000000.0,8693094458.0,8892091000.0,10.0,201.0,1.0,198996542.0,201.0,0.0,201000000.0,1.0,2.0
43,8.985148514851485,1000000.0,8893091208.0,9092091000.0,10.0,202.0,1.0,198999792.0,202.0,0.0,202000000.0,1.0,2.0
44,8.554455445544555,1000000.0,9093094416.0,9291094416.0,9.0,202.0,1.0,198000000.0,202.0,0.0,202000000.0,1.0,2.0
45,8.517412935323383,1000000.0,9292094458.0,9491090958.0,9.0,201.0,1.0,198996500.0,201.0,0.0,201000000.0,1.0,2.0
46,8.7363184079602,1000000.0,9492094291.0,9691094458.0,10.0,201.0,1.0,199000167.0,201.0,0.0,201000000.0,1.0,2.0
47,8.866336633663366,1000000.0,9692094458.0,9892091291.0,9.0,202.0,1.0,199996833.0,202.0,0.0,202000000.0,1.0,2.0
48,8.64,1000000.0,9893094666.0,10092090958.0,9.0,200.0,1.0,198996292.0,200.0,0.0,200000000.0,1.0,1.0
49,8.557213930348258,1000000.0,10093090958.0,10292091291.0,10.0,201.0,1.0,199000333.0,201.0,0.0,201000000.0,1.0,2.0
50,8.631840796019901,1000000.0,10293094458.0,10492091041.0,9.0,201.0,1.0,198996583.0,201.0,0.0,201000000.0,1.0,2.0
51,8.796019900497512,1000000.0,10493091166.0,10692091166.0,9.0,201.0,1.0,199000000.0,201.0,0.0,201000000.0,1.0,2.0
52,8.635,1000000.0,10693094333.0,10891091041.0,9.0,200.0,1.0,197996708.0,200.0,0.0,200000000.0,1.0,2.0
53,8.732673267326733,1000000.0,10892094416.0,11091091000.0,9.0,202.0,1.0,198996584.0,202.0,0.0,202000000.0,1.0,2.0
54,8.661691542288557,1000000.0,11092094500.0,11291091208.0,9.0,201.0,1.0,198996708.0,201.0,0.0,201000000.0,1.0,2.0
55,8.766169154228855,1000000.0,11292094541.0,11492091041.0,9.0,201.0,1.0,199996500.0,201.0,0.0,201000000.0,1.0,2.0
56,9.049751243781095,1000000.0,11493091083.0,11692091166.0,10.0,201.0,1.0,199000083.0,201.0,0.0,201000000.0,1.0,2.0
57,8.777227722772277,1000000.0,11693091208.0,11892091416.0,10.0,202.0,1.0,199000208.0,202.0,0.0,202000000.0,1.0,2.0
58,8.535,1000000.0,11893094375.0,12091094333.0,9.0,200.0,1.0,197999958.0,200.0,0.0,200000000.0,1.0,2.0
59,9.128712871287128,1000000.0,12092094500.0,12292091208.0,11.0,202.0,1.0,199996708.0,202.0,0.0,202000000.0,1.0,2.0
60,8.405940594059405,1000000.0,12293091125.0,12491094291.0,9.0,202.0,1.0,198003166.0,202.0,0.0,202000000.0,1.0,2.0
61,9.05940594059406,1000000.0,12492094416.0,12691097583.0,11.0,202.0,1.0,199003167.0,202.0,0.0,202000000.0,1.0,2.0
62,8.608910891089108,1000000.0,12692094333.0,12891094583.0,10.0,202.0,1.0,199000250.0,202.0,0.0,202000000.0,1.0,2.0
63,8.866336633663366,1000000.0,12892094500.0,13092091250.0,9.0,202.0,1.0,199996750.0,202.0,0.0,202000000.0,1.0,2.0
64,8.772277227722773,1000000.0,13093091041.0,13292091083.0,10.0,202.0,1.0,199000042.0,202.0,0.0,202000000.0,1.0,2.0
65,8.599009900990099,1000000.0,13293094375.0,13491094500.0,9.0,202.0,1.0,198000125.0,202.0,0.0,202000000.0,1.0,2.0
66,9.014851485148515,1000000.0,13492094500.0,13691091041.0,10.0,202.0,1.0,198996541.0,202.0,0.0,202000000.0,1.0,2.0
67,8.507462686567164,1000000.0,13692094500.0,13891091250.0,10.0,201.0,1.0,198996750.0,201.0,0.0,201000000.0,1.0,2.0
68,8.410891089108912,1000000.0,13892094375.0,14092091125.0,9.0,202.0,1.0,199996750.0,202.0,0.0,202000000.0,1.0,2.0
69,8.846534653465346,1000000.0,14093094375.0,14292091166.0,10.0,202.0,1.0,198996791.0,202.0,0.0,202000000.0,1.0,2.0
70,8.94,1000000.0,14293094500.0,14491091041.0,10.0,200.0,1.0,197996541.0,200.0,0.0,200000000.0,1.0,2.0
71,8.747524752475247,1000000.0,14492094500.0,14692091208.0,10.0,202.0,1.0,199996708.0,202.0,0.0,202000000.0,1.0,2.0
72,8.64676616915423,1000000.0,14693094541.0,14892091375.0,9.0,201.0,1.0,198996834.0,201.0,0.0,201000000.0,1.0,2.0
73,8.608040201005025,1000000.0,14893094458.0,15091091333.0,9.0,199.0,1.0,197996875.0,199.0,0.0,199000000.0,1.0,2.0
74,8.612745098039216,1000000.0,15092094416.0,15292091000.0,9.0,204.0,1.0,199996584.0,204.0,0.0,204000000.0,1.0,2.0
75,8.875,1000000.0,15293094375.0,15491094500.0,9.0,200.0,1.0,198000125.0,200.0,0.0,200000000.0,1.0,2.0
76,8.603960396039604,1000000.0,15492094458.0,15692091041.0,9.0,202.0,1.0,199996583.0,202.0,0.0,202000000.0,1.0,2.0
77,8.656716417910447,1000000.0,15693094333.0,15892091333.0,9.0,201.0,1.0,198997000.0,201.0,0.0,201000000.0,1.0,2.0
78,8.54726368159204,1000000.0,15893094500.0,16091091000.0,10.0,201.0,1.0,197996500.0,201.0,0.0,201000000.0,1.0,2.0
79,4.594059405940594,1000000.0,16092094500.0,16291094416.0,8.0,202.0,1.0,198999916.0,202.0,0.0,202000000.0,1.0,2.0
80,4.348258706467662,1000000.0,16292094458.0,16491091125.0,5.0,201.0,1.0,198996667.0,201.0,0.0,201000000.0,1.0,2.0
81,4.8606965174129355,1000000.0,16492094541.0,16691091125.0,6.0,201.0,1.0,198996584.0,201.0,0.0,201000000.0,1.0,2.0
82,4.87,1000000.0,16692094416.0,16891094416.0,5.0,200.0,1.0,199000000.0,200.0,0.0,200000000.0,1.0,2.0
83,4.425742574257426,1000000.0,16892094458.0,17091094458.0,5.0,202.0,1.0,199000000.0,202.0,0.0,202000000.0,1.0,2.0
84,4.980099502487562,1000000.0,17092094500.0,17291091125.0,6.0,201.0,1.0,198996625.0,201.0,0.0,201000000.0,1.0,2.0
85,4.810945273631841,1000000.0,17292094416.0,17491091041.0,5.0,201.0,1.0,198996625.0,201.0,0.0,201000000.0,1.0,2.0
86,4.62,1000000.0,17492094416.0,17691091291.0,5.0,200.0,1.0,198996875.0,200.0,0.0,200000000.0,1.0,1.0
87,4.806930693069307,1000000.0,17692094500.0,17892091000.0,5.0,202.0,1.0,199996500.0,202.0,0.0,202000000.0,1.0,2.0
88,4.856435643564357,1000000.0,17893094500.0,18092091000.0,6.0,202.0,1.0,198996500.0,202.0,0.0,202000000.0,1.0,2.0
89,4.658291457286432,1000000.0,18093094291.0,18291091083.0,9.0,199.0,1.0,197996792.0,199.0,0.0,199000000.0,1.0,1.0
90,4.410891089108911,1000000.0,18292094583.0,18491091208.0,5.0,202.0,1.0,198996625.0,202.0,0.0,202000000.0,1.0,2.0
91,4.7611940298507465,1000000.0,18492094583.0,18691091083.0,5.0,201.0,1.0,198996500.0,201.0,0.0,201000000.0,1.0,2.0
92,4.856435643564357,1000000.0,18692094375.0,18892091208.0,5.0,202.0,1.0,199996833.0,202.0,0.0,202000000.0,1.0,2.0
93,4.4405940594059405,1000000.0,18893091291.0,19092091000.0,5.0,202.0,1.0,198999709.0,202.0,0.0,202000000.0,1.0,2.0
94,4.645,1000000.0,19093094500.0,19291094541.0,7.0,200.0,1.0,198000041.0,200.0,0.0,200000000.0,1.0,2.0
95,4.830845771144278,1000000.0,19292094500.0,19492090958.0,7.0,201.0,1.0,199996458.0,201.0,0.0,201000000.0,1.0,2.0
96,4.641791044776119,1000000.0,19493094375.0,19691091000.0,6.0,201.0,1.0,197996625.0,201.0,0.0,201000000.0,1.0,2.0
97,4.788177339901478,1000000.0,19692094500.0,19891094458.0,5.0,203.0,1.0,198999958.0,203.0,0.0,203000000.0,1.0,2.0
98,4.91,1000000.0,19892094416.0,20091091000.0,6.0,200.0,1.0,198996584.0,200.0,0.0,200000000.0,1.0,1.0
99,4.792079207920792,1000000.0,20092094416.0,20292091000.0,6.0,202.0,1.0,199996584.0,202.0,0.0,202000000.0,1.0,2.0
100,4.905940594059406,1000000.0,20293091041.0,20491094500.0,6.0,202.0,1.0,198003459.0,202.0,0.0,202000000.0,1.0,2.0
101,4.564356435643564,1000000.0,20492094416.0,20692091166.0,5.0,202.0,1.0,199996750.0,202.0,0.0,202000000.0,1.0,2.0
102,4.84,1000000.0,20693094416.0,20892091041.0,5.0,200.0,1.0,198996625.0,200.0,0.0,200000000.0,1.0,1.0
103,4.445544554455446,1000000.0,20893094375.0,21091091041.0,5.0,202.0,1.0,197996666.0,202.0,0.0,202000000.0,1.0,2.0
104,4.9,1000000.0,21092094500.0,21291091000.0,6.0,200.0,1.0,198996500.0,200.0,0.0,200000000.0,1.0,2.0
105,4.785,1000000.0,21292094583.0,21491094458.0,6.0,200.0,1.0,198999875.0,200.0,0.0,200000000.0,1.0,2.0
106,4.512315270935961,1000000.0,21492103500.0,21692091000.0,6.0,203.0,1.0,199987500.0,203.0,0.0,203000000.0,1.0,2.0
107,4.785,1000000.0,21693094500.0,21892091250.0,5.0,200.0,1.0,198996750.0,200.0,0.0,200000000.0,1.0,1.0
108,4.75,1000000.0,21893094500.0,22092091291.0,5.0,200.0,1.0,198996791.0,200.0,0.0,200000000.0,1.0,2.0
109,4.655172413793103,1000000.0,22093094500.0,22292091083.0,6.0,203.0,1.0,198996583.0,203.0,0.0,203000000.0,1.0,2.0
110,4.745,1000000.0,22293094291.0,22491094458.0,5.0,200.0,1.0,198000167.0,200.0,0.0,200000000.0,1.0,2.0
111,4.635467980295567,1000000.0,22492094333.0,22692091250.0,6.0,203.0,1.0,199996917.0,203.0,0.0,203000000.0,1.0,2.0
112,4.965174129353234,1000000.0,22693091166.0,22892091250.0,7.0,201.0,1.0,199000084.0,201.0,0.0,201000000.0,1.0,2.0
113,6.134328358208955,1000000.0,22893094416.0,23092091083.0,9.0,201.0,1.0,198996667.0,201.0,0.0,201000000.0,1.0,2.0
114,8.542288557213931,1000000.0,23093094458.0,23292091041.0,9.0,201.0,1.0,198996583.0,201.0,0.0,201000000.0,1.0,2.0
115,8.725,1000000.0,23293094375.0,23491094333.0,9.0,200.0,1.0,197999958.0,200.0,0.0,200000000.0,1.0,2.0
116,8.766169154228855,1000000.0,23492094333.0,23691091291.0,9.0,201.0,1.0,198996958.0,201.0,0.0,201000000.0,1.0,2.0
117,8.797029702970297,1000000.0,23692094583.0,23892091208.0,9.0,202.0,1.0,199996625.0,202.0,0.0,202000000.0,1.0,2.0
118,8.701492537313433,1000000.0,23893094500.0,24092091041.0,9.0,201.0,1.0,198996541.0,201.0,0.0,201000000.0,1.0,2.0
119,8.725,1000000.0,24093094458.0,24291094375.0,10.0,200.0,1.0,197999917.0,200.0,0.0,200000000.0,1.0,2.0
120,8.6,1000000.0,24292094625.0,24491091041.0,9.0,200.0,1.0,198996416.0,200.0,0.0,200000000.0,1.0,2.0
121,8.712871287128714,1000000.0,24492094458.0,24691091000.0,9.0,202.0,1.0,198996542.0,202.0,0.0,202000000.0,1.0,2.0
122,8.835820895522389,1000000.0,24692094500.0,24891094416.0,10.0,201.0,1.0,198999916.0,201.0,0.0,201000000.0,1.0,2.0
123,9.13861386138614,1000000.0,24892094500.0,25092091208.0,11.0,202.0,1.0,199996708.0,202.0,0.0,202000000.0,1.0,2.0
124,8.592039800995025,1000000.0,25093091041.0,25291091000.0,11.0,201.0,1.0,197999959.0,201.0,0.0,201000000.0,1.0,2.0
125,8.881188118811881,1000000.0,25292094541.0,25492091000.0,10.0,202.0,1.0,199996459.0,202.0,0.0,202000000.0,1.0,2.0
126,8.427860696517413,1000000.0,25493094375.0,25691094541.0,9.0,201.0,1.0,198000166.0,201.0,0.0,201000000.0,1.0,2.0
127,8.46039603960396,1000000.0,25692094541.0,25891094416.0,9.0,202.0,1.0,198999875.0,202.0,0.0,202000000.0,1.0,2.0
128,8.497512437810945,1000000.0,25892094500.0,26091091041.0,9.0,201.0,1.0,198996541.0,201.0,0.0,201000000.0,1.0,2.0
129,8.7363184079602,1000000.0,26092094458.0,26292091041.0,10.0,201.0,1.0,199996583.0,201.0,0.0,201000000.0,1.0,1.0
130,8.605,1000000.0,26293094375.0,26492091208.0,9.0,200.0,1.0,198996833.0,200.0,0.0,200000000.0,1.0,2.0
131,8.529702970297029,1000000.0,26493091166.0,26692091125.0,9.0,202.0,1.0,198999959.0,202.0,0.0,202000000.0,1.0,2.0
132,8.336633663366337,1000000.0,26693094416.0,26892091166.0,10.0,202.0,1.0,198996750.0,202.0,0.0,202000000.0,1.0,3.0
133,8.55,1000000.0,26893091166.0,27091091333.0,9.0,200.0,1.0,198000167.0,200.0,0.0,200000000.0,1.0,2.0
134,8.562189054726367,1000000.0,27092094500.0,27292090958.0,10.0,201.0,1.0,199996458.0,201.0,0.0,201000000.0,1.0,1.0
135,8.522613065326633,1000000.0,27293094291.0,27491090958.0,9.0,199.0,1.0,197996667.0,199.0,0.0,199000000.0,1.0,2.0
136,8.707920792079207,1000000.0,27492094333.0,27692091250.0,10.0,202.0,1.0,199996917.0,202.0,0.0,202000000.0,1.0,2.0
137,9.227722772277229,1000000.0,27693091375.0,27891091083.0,11.0,202.0,1.0,197999708.0,202.0,0.0,202000000.0,1.0,2.0
138,8.785,1000000.0,27892094333.0,28091094333.0,9.0,200.0,1.0,199000000.0,200.0,0.0,200000000.0,1.0,2.0
139,8.485294117647058,1000000.0,28092094291.0,28292091166.0,10.0,204.0,1.0,199996875.0,204.0,0.0,204000000.0,1.0,3.0
140,8.92039800995025,1000000.0,28293094416.0,28492091250.0,10.0,201.0,1.0,198996834.0,201.0,0.0,201000000.0,1.0,2.0
141,8.398009950248756,1000000.0,28493091166.0,28691094375.0,9.0,201.0,1.0,198003209.0,201.0,0.0,201000000.0,1.0,2.0
142,8.82089552238806,1000000.0,28692094416.0,28892091250.0,11.0,201.0,1.0,199996834.0,201.0,0.0,201000000.0,1.0,1.0
143,8.879396984924623,1000000.0,28893094500.0,29091091166.0,9.0,199.0,1.0,197996666.0,199.0,0.0,199000000.0,1.0,2.0
144,8.910891089108912,1000000.0,29092094500.0,29291091000.0,10.0,202.0,1.0,198996500.0,202.0,0.0,202000000.0,1.0,2.0
145,8.410891089108912,1000000.0,29292094458.0,29492091083.0,9.0,202.0,1.0,199996625.0,202.0,0.0,202000000.0,1.0,2.0
146,8.7363184079602,1000000.0,29493094250.0,29691090958.0,9.0,201.0,1.0,197996708.0,201.0,0.0,201000000.0,1.0,3.0
147,8.517241379310345,1000000.0,29692094291.0,29892091250.0,11.0,203.0,1.0,199996959.0,203.0,0.0,203000000.0,1.0,2.0
148,8.49,1000000.0,29893094375.0,30091091125.0,10.0,200.0,1.0,197996750.0,200.0,0.0,200000000.0,1.0,2.0
149,8.791044776119403,1000000.0,30092094375.0,30291094500.0,9.0,201.0,1.0,199000125.0,201.0,0.0,201000000.0,1.0,2.0
150,8.985074626865671,1000000.0,30292094416.0,30491090958.0,10.0,201.0,1.0,198996542.0,201.0,0.0,201000000.0,1.0,2.0
151,5.262376237623762,1000000.0,30492094458.0,30692091125.0,9.0,202.0,1.0,199996667.0,202.0,0.0,202000000.0,1.0,2.0
152,4.606965174129353,1000000.0,30693094541.0,30892091208.0,5.0,201.0,1.0,198996667.0,201.0,0.0,201000000.0,1.0,2.0
153,4.870646766169155,1000000.0,30893091125.0,31092091125.0,5.0,201.0,1.0,199000000.0,201.0,0.0,201000000.0,1.0,2.0
154,4.76,1000000.0,31093094458.0,31291091041.0,5.0,200.0,1.0,197996583.0,200.0,0.0,200000000.0,1.0,2.0
155,4.621890547263682,1000000.0,31292094458.0,31492091000.0,5.0,201.0,1.0,199996542.0,201.0,0.0,201000000.0,1.0,1.0
156,4.796019900497512,1000000.0,31493094375.0,31692091000.0,6.0,201.0,1.0,198996625.0,201.0,0.0,201000000.0,1.0,2.0
157,4.391959798994975,1000000.0,31693094416.0,31891090958.0,5.0,199.0,1.0,197996542.0,199.0,0.0,199000000.0,1.0,2.0
158,4.691542288557214,1000000.0,31892094500.0,32091091083.0,6.0,201.0,1.0,198996583.0,201.0,0.0,201000000.0,1.0,2.0
159,4.688118811881188,1000000.0,32092094583.0,32292091041.0,6.0,202.0,1.0,199996458.0,202.0,0.0,202000000.0,1.0,2.0
160,4.485148514851486,1000000.0,32293091041.0,32492091000.0,5.0,202.0,1.0,198999959.0,202.0,0.0,202000000.0,1.0,2.0
161,4.592039800995025,1000000.0,32493094458.0,32692091041.0,5.0,201.0,1.0,198996583.0,201.0,0.0,201000000.0,1.0,2.0
162,4.960199004975125,1000000.0,32693094500.0,32892091208.0,7.0,201.0,1.0,198996708.0,201.0,0.0,201000000.0,1.0,2.0
163,4.732673267326732,1000000.0,32893094250.0,33092091250.0,7.0,202.0,1.0,198997000.0,202.0,0.0,202000000.0,1.0,2.0
164,4.555,1000000.0,33093094458.0,33291090958.0,5.0,200.0,1.0,197996500.0,200.0,0.0,200000000.0,1.0,2.0
165,4.562189054726368,1000000.0,33292094291.0,33491091000.0,5.0,201.0,1.0,198996709.0,201.0,0.0,201000000.0,1.0,2.0
166,4.865671641791045,1000000.0,33492094291.0,33691094416.0,5.0,201.0,1.0,199000125.0,201.0,0.0,201000000.0,1.0,2.0
167,5.078431372549019,1000000.0,33692094458.0,33892091000.0,7.0,204.0,1.0,199996542.0,204.0,0.0,204000000.0,1.0,2.0
168,4.505,1000000.0,33893094458.0,34091091000.0,5.0,200.0,1.0,197996542.0,200.0,0.0,200000000.0,1.0,2.0
169,4.92,1000000.0,34092094458.0,34291091083.0,7.0,200.0,1.0,198996625.0,200.0,0.0,200000000.0,1.0,2.0
170,4.925373134328358,1000000.0,34292094333.0,34491091166.0,6.0,201.0,1.0,198996833.0,201.0,0.0,201000000.0,1.0,2.0
171,4.7073170731707314,1000000.0,34492094416.0,34691094458.0,5.0,205.0,1.0,199000042.0,205.0,0.0,205000000.0,1.0,3.0
172,4.8316831683168315,1000000.0,34692094416.0,34892091291.0,7.0,202.0,1.0,199996875.0,202.0,0.0,202000000.0,1.0,2.0
173,4.497512437810945,1000000.0,34893094458.0,35091091291.0,5.0,201.0,1.0,197996833.0,201.0,0.0,201000000.0,1.0,2.0
174,4.74384236453202,1000000.0,35092094541.0,35292091041.0,5.0,203.0,1.0,199996500.0,203.0,0.0,203000000.0,1.0,2.0
175,4.665,1000000.0,35293091208.0,35492091000.0,5.0,200.0,1.0,198999792.0,200.0,0.0,200000000.0,1.0,2.0
176,4.557213930348259,1000000.0,35493094541.0,35691091041.0,5.0,201.0,1.0,197996500.0,201.0,0.0,201000000.0,1.0,2.0
177,4.7611940298507465,1000000.0,35692094625.0,35891091250.0,5.0,201.0,1.0,198996625.0,201.0,0.0,201000000.0,1.0,2.0
178,4.714285714285714,1000000.0,35892094416.0,36092091000.0,5.0,203.0,1.0,199996584.0,203.0,0.0,203000000.0,1.0,2.0
179,4.990147783251231,1000000.0,36093094333.0,36292091000.0,6.0,203.0,1.0,198996667.0,203.0,0.0,203000000.0,1.0,3.0
180,4.99,1000000.0,36293094625.0,36491091000.0,5.0,200.0,1.0,197996375.0,200.0,0.0,200000000.0,1.0,2.0
181,4.472636815920398,1000000.0,36492094500.0,36691091000.0,6.0,201.0,1.0,198996500.0,201.0,0.0,201000000.0,1.0,2.0
182,4.666666666666667,1000000.0,36692094500.0,36892091291.0,5.0,201.0,1.0,199996791.0,201.0,0.0,201000000.0,1.0,2.0
183,4.5721393034825875,1000000.0,36893091291.0,37091094500.0,6.0,201.0,1.0,198003209.0,201.0,0.0,201000000.0,1.0,2.0
184,4.77,1000000.0,37092094500.0,37291090958.0,7.0,200.0,1.0,198996458.0,200.0,0.0,200000000.0,1.0,1.0
185,4.497512437810945,1000000.0,37292094375.0,37491091041.0,6.0,201.0,1.0,198996666.0,201.0,0.0,201000000.0,1.0,2.0
186,4.640394088669951,1000000.0,37492094458.0,37691091208.0,6.0,203.0,1.0,198996750.0,203.0,0.0,203000000.0,1.0,2.0
187,5.0,1000000.0,37692094500.0,37892091125.0,6.0,202.0,1.0,199996625.0,202.0,0.0,202000000.0,1.0,2.0
188,5.92,1000000.0,37893094500.0,38091091083.0,9.0,200.0,1.0,197996583.0,200.0,0.0,200000000.0,1.0,2.0
189,8.577114427860696,1000000.0,38092094583.0,38291091041.0,9.0,201.0,1.0,198996458.0,201.0,0.0,201000000.0,1.0,2.0
190,8.574257425742575,1000000.0,38292094375.0,38491094500.0,9.0,202.0,1.0,199000125.0,202.0,0.0,202000000.0,1.0,2.0
191,8.742574257425742,1000000.0,38492094458.0,38692091166.0,10.0,202.0,1.0,199996708.0,202.0,0.0,202000000.0,1.0,2.0
192,8.626865671641792,1000000.0,38693094416.0,38892091333.0,9.0,201.0,1.0,198996917.0,201.0,0.0,201000000.0,1.0,2.0
193,8.93,1000000.0,38893094500.0,39091094250.0,9.0,200.0,1.0,197999750.0,200.0,0.0,200000000.0,1.0,2.0
194,8.757425742574258,1000000.0,39092094416.0,39292091041.0,10.0,202.0,1.0,199996625.0,202.0,0.0,202000000.0,1.0,2.0
195,8.574257425742575,1000000.0,39293091041.0,39492091000.0,9.0,202.0,1.0,198999959.0,202.0,0.0,202000000.0,1.0,2.0
196,8.90547263681592,1000000.0,39493094416.0,39691091208.0,10.0,201.0,1.0,197996792.0,201.0,0.0,201000000.0,1.0,2.0
197,8.699507389162562,1000000.0,39692094500.0,39892091166.0,9.0,203.0,1.0,199996666.0,203.0,0.0,203000000.0,1.0,2.0
198,8.577114427860696,1000000.0,39893091208.0,40092091041.0,9.0,201.0,1.0,198999833.0,201.0,0.0,201000000.0,1.0,2.0
199,8.865671641791044,1000000.0,40093091041.0,40292090958.0,10.0,201.0,1.0,198999917.0,201.0,0.0,201000000.0,1.0,2.0
200,8.781094527363184,1000000.0,40293094416.0,40492091083.0,9.0,201.0,1.0,198996667.0,201.0,0.0,201000000.0,1.0,2.0
201,8.955223880597014,1000000.0,40493094541.0,40692091208.0,10.0,201.0,1.0,198996667.0,201.0,0.0,201000000.0,1.0,2.0
202,8.651741293532337,1000000.0,40693094625.0,40891091000.0,10.0,201.0,1.0,197996375.0,201.0,0.0,201000000.0,1.0,3.0
203,8.721393034825871,1000000.0,40892094375.0,41091091041.0,9.0,201.0,1.0,198996666.0,201.0,0.0,201000000.0,1.0,2.0
204,8.587064676616915,1000000.0,41092094458.0,41291091166.0,9.0,201.0,1.0,198996708.0,201.0,0.0,201000000.0,1.0,2.0
205,8.673267326732674,1000000.0,41292103958.0,41492091041.0,9.0,202.0,1.0,199987083.0,202.0,0.0,202000000.0,1.0,2.0
206,9.069651741293532,1000000.0,41493091125.0,41692091041.0,11.0,201.0,1.0,198999916.0,201.0,0.0,201000000.0,1.0,3.0
207,8.514851485148515,1000000.0,41693094541.0,41892091083.0,10.0,202.0,1.0,198996542.0,202.0,0.0,202000000.0,1.0,2.0
208,8.733990147783251,1000000.0,41893094416.0,42092091250.0,9.0,203.0,1.0,198996834.0,203.0,0.0,203000000.0,1.0,2.0
209,8.706467661691542,1000000.0,42093094416.0,42292091083.0,9.0,201.0,1.0,198996667.0,201.0,0.0,201000000.0,1.0,2.0
210,8.517412935323383,1000000.0,42293094375.0,42492091041.0,9.0,201.0,1.0,198996666.0,201.0,0.0,201000000.0,1.0,2.0
211,8.608910891089108,1000000.0,42493094333.0,42692091000.0,10.0,202.0,1.0,198996667.0,202.0,0.0,202000000.0,1.0,2.0
212,8.995073891625616,1000000.0,42693091125.0,42892091125.0,11.0,203.0,1.0,199000000.0,203.0,0.0,203000000.0,1.0,2.0
213,8.706467661691542,1000000.0,42893091166.0,43091090958.0,10.0,201.0,1.0,197999792.0,201.0,0.0,201000000.0,1.0,3.0
214,8.645320197044335,1000000.0,43092094458.0,43292091083.0,9.0,203.0,1.0,199996625.0,203.0,0.0,203000000.0,1.0,2.0
215,8.671641791044776,1000000.0,43293094333.0,43492091291.0,10.0,201.0,1.0,198996958.0,201.0,0.0,201000000.0,1.0,2.0
216,8.855,1000000.0,43493094333.0,43691091041.0,9.0,200.0,1.0,197996708.0,200.0,0.0,200000000.0,1.0,2.0
217,8.950738916256158,1000000.0,43692094375.0,43892091000.0,10.0,203.0,1.0,199996625.0,203.0,0.0,203000000.0,1.0,2.0
218,8.797029702970297,1000000.0,43893091166.0,44092091166.0,10.0,202.0,1.0,199000000.0,202.0,0.0,202000000.0,1.0,2.0
219,8.64676616915423,1000000.0,44093091250.0,44291094500.0,10.0,201.0,1.0,198003250.0,201.0,0.0,201000000.0,1.0,2.0
220,8.64179104477612,1000000.0,44292094541.0,44491094416.0,10.0,201.0,1.0,198999875.0,201.0,0.0,201000000.0,1.0,2.0
221,8.771144278606965,1000000.0,44492094458.0,44692091000.0,10.0,201.0,1.0,199996542.0,201.0,0.0,201000000.0,1.0,2.0
222,8.725,1000000.0,44693094500.0,44891091000.0,10.0,200.0,1.0,197996500.0,200.0,0.0,200000000.0,1.0,2.0
223,8.965346534653465,1000000.0,44892094375.0,45091091000.0,11.0,202.0,1.0,198996625.0,202.0,0.0,202000000.0,1.0,2.0
224,8.827586206896552,1000000.0,45092094333.0,45291091041.0,10.0,203.0,1.0,198996708.0,203.0,0.0,203000000.0,1.0,2.0
225,8.661691542288557,1000000.0,45292094375.0,45492091000.0,9.0,201.0,1.0,199996625.0,201.0,0.0,201000000.0,1.0,2.0
226,5.08457711442786,1000000.0,45493094375.0,45692091083.0,9.0,201.0,1.0,198996708.0,201.0,0.0,201000000.0,1.0,2.0
227,4.54726368159204,1000000.0,45693094458.0,45891094583.0,5.0,201.0,1.0,198000125.0,201.0,0.0,201000000.0,1.0,2.0
228,4.91542288557214,1000000.0,45892094500.0,46092091000.0,7.0,201.0,1.0,199996500.0,201.0,0.0,201000000.0,1.0,1.0
229,4.695,1000000.0,46093094500.0,46291091000.0,5.0,200.0,1.0,197996500.0,200.0,0.0,200000000.0,1.0,2.0
230,4.587064676616915,1000000.0,46292094583.0,46491091041.0,5.0,201.0,1.0,198996458.0,201.0,0.0,201000000.0,1.0,2.0
231,4.866336633663367,1000000.0,46492094416.0,46691094291.0,7.0,202.0,1.0,198999875.0,202.0,0.0,202000000.0,1.0,2.0
232,4.579207920792079,1000000.0,46692094375.0,46891091333.0,6.0,202.0,1.0,198996958.0,202.0,0.0,202000000.0,1.0,3.0
233,4.54228855721393,1000000.0,46892094416.0,47091094500.0,5.0,201.0,1.0,199000084.0,201.0,0.0,201000000.0,1.0,2.0
234,4.630541871921182,1000000.0,47092094458.0,47292091000.0,5.0,203.0,1.0,199996542.0,203.0,0.0,203000000.0,1.0,2.0
235,4.545,1000000.0,47293094541.0,47491091041.0,5.0,200.0,1.0,197996500.0,200.0,0.0,200000000.0,1.0,2.0
236,4.776119402985074,1000000.0,47492094333.0,47691091083.0,5.0,201.0,1.0,198996750.0,201.0,0.0,201000000.0,1.0,2.0
237,4.53,1000000.0,47692094458.0,47891091250.0,7.0,200.0,1.0,198996792.0,200.0,0.0,200000000.0,1.0,1.0
238,5.382352941176471,1000000.0,47892094250.0,48091094458.0,7.0,204.0,1.0,199000208.0,204.0,0.0,204000000.0,1.0,2.0
239,4.732673267326732,1000000.0,48092094000.0,48292091000.0,6.0,202.0,1.0,199997000.0,202.0,0.0,202000000.0,1.0,2.0
240,4.786069651741293,1000000.0,48293091250.0,48492091083.0,5.0,201.0,1.0,198999833.0,201.0,0.0,201000000.0,1.0,2.0
241,4.45771144278607,1000000.0,48493094375.0,48692091000.0,5.0,201.0,1.0,198996625.0,201.0,0.0,201000000.0,1.0,2.0
242,4.880597014925373,1000000.0,48693094458.0,48892091083.0,5.0,201.0,1.0,198996625.0,201.0,0.0,201000000.0,1.0,2.0
243,4.599009900990099,1000000.0,48893091291.0,49092091083.0,5.0,202.0,1.0,198999792.0,202.0,0.0,202000000.0,1.0,2.0
244,4.514851485148514,1000000.0,49093091250.0,49292091208.0,5.0,202.0,1.0,198999958.0,202.0,0.0,202000000.0,1.0,2.0
245,4.492537313432836,1000000.0,49293094541.0,49492091083.0,5.0,201.0,1.0,198996542.0,201.0,0.0,201000000.0,1.0,2.0
246,4.59,1000000.0,49493094541.0,49692091083.0,5.0,200.0,1.0,198996542.0,200.0,0.0,200000000.0,1.0,1.0
247,4.63681592039801,1000000.0,49693091250.0,49892091250.0,5.0,201.0,1.0,199000000.0,201.0,0.0,201000000.0,1.0,2.0
248,4.8159203980099505,1000000.0,49893094250.0,50091091083.0,5.0,201.0,1.0,197996833.0,201.0,0.0,201000000.0,1.0,2.0
249,4.8861386138613865,1000000.0,50092094458.0,50292091166.0,6.0,202.0,1.0,199996708.0,202.0,0.0,202000000.0,1.0,2.0
250,4.781094527363184,1000000.0,50293090958.0,50492091166.0,6.0,201.0,1.0,199000208.0,201.0,0.0,201000000.0,1.0,2.0
251,4.728643216080402,1000000.0,50493094541.0,50691091250.0,5.0,199.0,1.0,197996709.0,199.0,0.0,199000000.0,1.0,1.0
252,4.391089108910891,1000000.0,50692094583.0,50892091125.0,5.0,202.0,1.0,199996542.0,202.0,0.0,202000000.0,1.0,2.0
253,4.45,1000000.0,50893091208.0,51091094416.0,6.0,200.0,1.0,198003208.0,200.0,0.0,200000000.0,1.0,2.0
254,4.651741293532338,1000000.0,51092094458.0,51291091083.0,5.0,201.0,1.0,198996625.0,201.0,0.0,201000000.0,1.0,2.0
255,4.341584158415841,1000000.0,51292094500.0,51492091083.0,6.0,202.0,1.0,199996583.0,202.0,0.0,202000000.0,1.0,2.0
256,5.01,1000000.0,51493091208.0,51692091041.0,7.0,200.0,1.0,198999833.0,200.0,0.0,200000000.0,1.0,1.0
257,4.841584158415841,1000000.0,51693094291.0,51892091208.0,6.0,202.0,1.0,198996917.0,202.0,0.0,202000000.0,1.0,2.0
258,4.776119402985074,1000000.0,51893094500.0,52092091041.0,6.0,201.0,1.0,198996541.0,201.0,0.0,201000000.0,1.0,2.0
259,4.574257425742574,1000000.0,52093094666.0,52292091041.0,5.0,202.0,1.0,198996375.0,202.0,0.0,202000000.0,1.0,2.0
260,5.577114427860696,1000000.0,52293094458.0,52491094541.0,9.0,201.0,1.0,198000083.0,201.0,0.0,201000000.0,1.0,2.0
261,8.605911330049262,1000000.0,52492094458.0,52692091208.0,10.0,203.0,1.0,199996750.0,203.0,0.0,203000000.0,1.0,2.0
262,8.746268656716419,1000000.0,52693091166.0,52892091750.0,9.0,201.0,1.0,199000584.0,201.0,0.0,201000000.0,1.0,2.0
263,9.18407960199005,1000000.0,52893091208.0,53092090958.0,11.0,201.0,1.0,198999750.0,201.0,0.0,201000000.0,1.0,2.0
264,8.485,1000000.0,53093095333.0,53291094583.0,9.0,200.0,1.0,197999250.0,200.0,0.0,200000000.0,1.0,2.0
265,8.721393034825871,1000000.0,53292094500.0,53491091000.0,10.0,201.0,1.0,198996500.0,201.0,0.0,201000000.0,1.0,2.0
266,8.746268656716419,1000000.0,53492094416.0,53691091166.0,9.0,201.0,1.0,198996750.0,201.0,0.0,201000000.0,1.0,2.0
267,8.699507389162562,1000000.0,53692094416.0,53892091250.0,9.0,203.0,1.0,199996834.0,203.0,0.0,203000000.0,1.0,2.0
268,8.76,1000000.0,53893094458.0,54092091125.0,9.0,200.0,1.0,198996667.0,200.0,0.0,200000000.0,1.0,1.0
269,8.616915422885572,1000000.0,54093094291.0,54292091208.0,10.0,201.0,1.0,198996917.0,201.0,0.0,201000000.0,1.0,2.0
270,8.78894472361809,1000000.0,54293094333.0,54491091208.0,9.0,199.0,1.0,197996875.0,199.0,0.0,199000000.0,1.0,2.0
271,8.594059405940595,1000000.0,54492094458.0,54691090958.0,9.0,202.0,1.0,198996500.0,202.0,0.0,202000000.0,1.0,2.0
272,8.678217821782178,1000000.0,54692094583.0,54892091291.0,9.0,202.0,1.0,199996708.0,202.0,0.0,202000000.0,1.0,2.0
273,8.781094527363184,1000000.0,54893094500.0,55091094416.0,9.0,201.0,1.0,197999916.0,201.0,0.0,201000000.0,1.0,2.0
274,8.688118811881187,1000000.0,55092094375.0,55292090958.0,9.0,202.0,1.0,199996583.0,202.0,0.0,202000000.0,1.0,2.0
275,8.587939698492463,1000000.0,55293094458.0,55492091208.0,9.0,199.0,1.0,198996750.0,199.0,0.0,199000000.0,1.0,1.0
276,8.865671641791044,1000000.0,55493094541.0,55691091125.0,10.0,201.0,1.0,197996584.0,201.0,0.0,201000000.0,1.0,2.0
277,8.55940594059406,1000000.0,55692094500.0,55892091250.0,9.0,202.0,1.0,199996750.0,202.0,0.0,202000000.0,1.0,2.0
278,8.78,1000000.0,55893094416.0,56091094500.0,10.0,200.0,1.0,198000084.0,200.0,0.0,200000000.0,1.0,2.0
279,8.470297029702971,1000000.0,56092094416.0,56292091041.0,9.0,202.0,1.0,199996625.0,202.0,0.0,202000000.0,1.0,2.0
280,8.678217821782178,1000000.0,56293094416.0,56492091041.0,9.0,202.0,1.0,198996625.0,202.0,0.0,202000000.0,1.0,3.0
281,8.751243781094526,1000000.0,56493091166.0,56692091041.0,9.0,201.0,1.0,198999875.0,201.0,0.0,201000000.0,1.0,2.0
282,8.835,1000000.0,56693094458.0,56891091250.0,9.0,200.0,1.0,197996792.0,200.0,0.0,200000000.0,1.0,2.0
283,8.599009900990099,1000000.0,56892094375.0,57092091125.0,9.0,202.0,1.0,199996750.0,202.0,0.0,202000000.0,1.0,2.0
284,8.59,1000000.0,57093091166.0,57291090958.0,9.0,200.0,1.0,197999792.0,200.0,0.0,200000000.0,1.0,2.0
285,8.980295566502463,1000000.0,57292094416.0,57491091083.0,10.0,203.0,1.0,198996667.0,203.0,0.0,203000000.0,1.0,2.0
286,9.11881188118812,1000000.0,57492094458.0,57691091083.0,11.0,202.0,1.0,198996625.0,202.0,0.0,202000000.0,1.0,2.0
287,8.851485148514852,1000000.0,57692094500.0,57892091250.0,9.0,202.0,1.0,199996750.0,202.0,0.0,202000000.0,1.0,2.0
288,8.881188118811881,1000000.0,57893094458.0,58092090958.0,11.0,202.0,1.0,198996500.0,202.0,0.0,202000000.0,1.0,2.0
289,8.606965174129353,1000000.0,58093094500.0,58292091041.0,11.0,201.0,1.0,198996541.0,201.0,0.0,201000000.0,1.0,2.0
290,8.495049504950495,1000000.0,58293094500.0,58492091208.0,9.0,202.0,1.0,198996708.0,202.0,0.0,202000000.0,1.0,2.0
291,8.73,1000000.0,58493091166.0,58691091000.0,9.0,200.0,1.0,197999834.0,200.0,0.0,200000000.0,1.0,2.0
292,8.433497536945813,1000000.0,58692094416.0,58892091250.0,9.0,203.0,1.0,199996834.0,203.0,0.0,203000000.0,1.0,2.0
293,8.450495049504951,1000000.0,58893094500.0,59092091041.0,10.0,202.0,1.0,198996541.0,202.0,0.0,202000000.0,1.0,2.0
294,8.896039603960396,1000000.0,59093091041.0,59291091208.0,11.0,202.0,1.0,198000167.0,202.0,0.0,202000000.0,1.0,2.0
295,8.668316831683168,1000000.0,59292094416.0,59492091000.0,9.0,202.0,1.0,199996584.0,202.0,0.0,202000000.0,1.0,2.0
296,8.626865671641792,1000000.0,59493094416.0,59692091000.0,9.0,201.0,1.0,198996584.0,201.0,0.0,201000000.0,1.0,2.0
297,8.7363184079602,1000000.0,59693091125.0,59892091000.0,9.0,201.0,1.0,198999875.0,201.0,0.0,201000000.0,1.0,2.0
298,5.715,1000000.0,59893094416.0,60092091041.0,9.0,200.0,1.0,198996625.0,200.0,0.0,200000000.0,1.0,2.0
299,4.8059701492537314,1000000.0,60093094333.0,60291091041.0,5.0,201.0,1.0,197996708.0,201.0,0.0,201000000.0,1.0,2.0
300,4.861386138613861,1000000.0,60292094541.0,60491091083.0,5.0,202.0,1.0,198996542.0,202.0,0.0,202000000.0,1.0,2.0
301,4.796019900497512,1000000.0,60492094250.0,60691094541.0,5.0,201.0,1.0,199000291.0,201.0,0.0,201000000.0,1.0,2.0
302,4.54,1000000.0,60692094291.0,60891091208.0,5.0,200.0,1.0,198996917.0,200.0,0.0,200000000.0,1.0,1.0
303,5.0,1000000.0,60892094416.0,61092091041.0,5.0,201.0,1.0,199996625.0,201.0,0.0,201000000.0,1.0,1.0
304,4.880597014925373,1000000.0,61093091083.0,61292091125.0,5.0,201.0,1.0,199000042.0,201.0,0.0,201000000.0,1.0,2.0
305,4.437810945273632,1000000.0,61293094541.0,61492091250.0,6.0,201.0,1.0,198996709.0,201.0,0.0,201000000.0,1.0,2.0
306,4.569306930693069,1000000.0,61493094416.0,61692091041.0,7.0,202.0,1.0,198996625.0,202.0,0.0,202000000.0,1.0,2.0
307,4.890547263681592,1000000.0,61693094583.0,61892091291.0,6.0,201.0,1.0,198996708.0,201.0,0.0,201000000.0,1.0,2.0
308,4.706467661691542,1000000.0,61893094458.0,62091090916.0,5.0,201.0,1.0,197996458.0,201.0,0.0,201000000.0,1.0,3.0
309,4.48019801980198,1000000.0,62092094458.0,62292091041.0,7.0,202.0,1.0,199996583.0,202.0,0.0,202000000.0,1.0,2.0
310,4.65,1000000.0,62293094458.0,62492091375.0,5.0,200.0,1.0,198996917.0,200.0,0.0,200000000.0,1.0,1.0
311,4.641791044776119,1000000.0,62493094500.0,62691091083.0,5.0,201.0,1.0,197996583.0,201.0,0.0,201000000.0,1.0,2.0
312,4.896039603960396,1000000.0,62692094583.0,62892091250.0,6.0,202.0,1.0,199996667.0,202.0,0.0,202000000.0,1.0,2.0
313,4.980099502487562,1000000.0,62893094500.0,63092091541.0,8.0,201.0,1.0,198997041.0,201.0,0.0,201000000.0,1.0,2.0
314,5.104477611940299,1000000.0,63093091125.0,63292091125.0,7.0,201.0,1.0,199000000.0,201.0,0.0,201000000.0,1.0,2.0
315,4.900990099009901,1000000.0,63293091375.0,63492091041.0,7.0,202.0,1.0,198999666.0,202.0,0.0,202000000.0,1.0,2.0
316,4.597014925373134,1000000.0,63493091291.0,63692091291.0,7.0,201.0,1.0,199000000.0,201.0,0.0,201000000.0,1.0,2.0
317,4.810945273631841,1000000.0,63693094458.0,63892091250.0,6.0,201.0,1.0,198996792.0,201.0,0.0,201000000.0,1.0,2.0
318,4.762376237623762,1000000.0,63893094458.0,64091094541.0,5.0,202.0,1.0,198000083.0,202.0,0.0,202000000.0,1.0,2.0
319,4.765,1000000.0,64092094625.0,64291091083.0,5.0,200.0,1.0,198996458.0,200.0,0.0,200000000.0,1.0,1.0
320,4.779411764705882,1000000.0,64292094291.0,64492091083.0,5.0,204.0,1.0,199996792.0,204.0,0.0,204000000.0,1.0,3.0
321,4.920792079207921,1000000.0,64493094500.0,64692091291.0,7.0,202.0,1.0,198996791.0,202.0,0.0,202000000.0,1.0,2.0
322,4.92,1000000.0,64693094375.0,64891091291.0,5.0,200.0,1.0,197996916.0,200.0,0.0,200000000.0,1.0,2.0
323,4.93,1000000.0,64892094541.0,65092091333.0,5.0,200.0,1.0,199996792.0,200.0,0.0,200000000.0,1.0,1.0
324,4.82089552238806,1000000.0,65093091208.0,65291091333.0,6.0,201.0,1.0,198000125.0,201.0,0.0,201000000.0,1.0,2.0
325,4.855721393034826,1000000.0,65292094583.0,65491094500.0,5.0,201.0,1.0,198999917.0,201.0,0.0,201000000.0,1.0,2.0
326,4.5594059405940595,1000000.0,65492094583.0,65692091041.0,5.0,202.0,1.0,199996458.0,202.0,0.0,202000000.0,1.0,2.0
327,4.442786069651741,1000000.0,65693091333.0,65892091208.0,5.0,201.0,1.0,198999875.0,201.0,0.0,201000000.0,1.0,2.0
328,4.935960591133005,1000000.0,65893094500.0,66092091000.0,6.0,203.0,1.0,198996500.0,203.0,0.0,203000000.0,1.0,2.0
329,4.698019801980198,1000000.0,66093091250.0,66292091166.0,5.0,202.0,1.0,198999916.0,202.0,0.0,202000000.0,1.0,2.0
330,4.495,1000000.0,66293094458.0,66491091041.0,5.0,200.0,1.0,197996583.0,200.0,0.0,200000000.0,1.0,2.0
331,4.871287128712871,1000000.0,66492094458.0,66691091125.0,6.0,202.0,1.0,198996667.0,202.0,0.0,202000000.0,1.0,2.0
332,5.069306930693069,1000000.0,66692094458.0,66892091500.0,10.0,202.0,1.0,199997042.0,202.0,0.0,202000000.0,1.0,2.0
333,8.683168316831683,1000000.0,66893091416.0,67092091041.0,10.0,202.0,1.0,198999625.0,202.0,0.0,202000000.0,1.0,2.0
334,8.693069306930694,1000000.0,67093094333.0,67292091208.0,9.0,202.0,1.0,198996875.0,202.0,0.0,202000000.0,1.0,2.0
335,8.73134328358209,1000000.0,67293091166.0,67492091208.0,9.0,201.0,1.0,199000042.0,201.0,0.0,201000000.0,1.0,2.0
336,8.631840796019901,1000000.0,67493094416.0,67692091000.0,9.0,201.0,1.0,198996584.0,201.0,0.0,201000000.0,1.0,2.0
337,8.950495049504951,1000000.0,67693091000.0,67892090958.0,10.0,202.0,1.0,198999958.0,202.0,0.0,202000000.0,1.0,2.0
338,8.534313725490197,1000000.0,67893094416.0,68092091125.0,10.0,204.0,1.0,198996709.0,204.0,0.0,204000000.0,1.0,2.0
339,8.819512195121952,1000000.0,68093091083.0,68292091250.0,11.0,205.0,1.0,199000167.0,205.0,0.0,205000000.0,1.0,2.0
340,8.63681592039801,1000000.0,68293091166.0,68491091041.0,9.0,201.0,1.0,197999875.0,201.0,0.0,201000000.0,1.0,2.0
341,8.83743842364532,1000000.0,68492094458.0,68691091166.0,9.0,203.0,1.0,198996708.0,203.0,0.0,203000000.0,1.0,2.0
342,8.694581280788178,1000000.0,68692094500.0,68892091000.0,10.0,203.0,1.0,199996500.0,203.0,0.0,203000000.0,1.0,2.0
343,8.91044776119403,1000000.0,68893094500.0,69092091000.0,10.0,201.0,1.0,198996500.0,201.0,0.0,201000000.0,1.0,2.0
344,8.7363184079602,1000000.0,69093091166.0,69292091250.0,10.0,201.0,1.0,199000084.0,201.0,0.0,201000000.0,1.0,2.0
345,8.597014925373134,1000000.0,69293094500.0,69491091125.0,10.0,201.0,1.0,197996625.0,201.0,0.0,201000000.0,1.0,2.0
346,8.752475247524753,1000000.0,69492094416.0,69691091291.0,10.0,202.0,1.0,198996875.0,202.0,0.0,202000000.0,1.0,2.0
347,8.589108910891088,1000000.0,69692094458.0,69892091208.0,9.0,202.0,1.0,199996750.0,202.0,0.0,202000000.0,1.0,2.0
348,8.618811881188119,1000000.0,69893094500.0,70092090958.0,9.0,202.0,1.0,198996458.0,202.0,0.0,202000000.0,1.0,2.0
349,8.805970149253731,1000000.0,70093094458.0,70292091458.0,10.0,201.0,1.0,198997000.0,201.0,0.0,201000000.0,1.0,2.0
350,8.65,1000000.0,70293094500.0,70491094375.0,9.0,200.0,1.0,197999875.0,200.0,0.0,200000000.0,1.0,2.0
351,8.698019801980198,1000000.0,70492094291.0,70692091041.0,9.0,202.0,1.0,199996750.0,202.0,0.0,202000000.0,1.0,2.0
352,8.443349753694582,1000000.0,70693091166.0,70892091166.0,10.0,203.0,1.0,199000000.0,203.0,0.0,203000000.0,1.0,2.0
353,8.865671641791044,1000000.0,70893094375.0,71091091041.0,10.0,201.0,1.0,197996666.0,201.0,0.0,201000000.0,1.0,2.0
354,8.432835820895523,1000000.0,71092094291.0,71291091166.0,10.0,201.0,1.0,198996875.0,201.0,0.0,201000000.0,1.0,2.0
355,8.836633663366337,1000000.0,71292094458.0,71491091375.0,10.0,202.0,1.0,198996917.0,202.0,0.0,202000000.0,1.0,2.0
356,8.613861386138614,1000000.0,71492094416.0,71692090958.0,11.0,202.0,1.0,199996542.0,202.0,0.0,202000000.0,1.0,2.0
357,8.645,1000000.0,71693094458.0,71891091291.0,9.0,200.0,1.0,197996833.0,200.0,0.0,200000000.0,1.0,2.0
358,8.83743842364532,1000000.0,71892094916.0,72092091125.0,9.0,203.0,1.0,199996209.0,203.0,0.0,203000000.0,1.0,2.0
359,8.311881188118813,1000000.0,72093094416.0,72292091166.0,9.0,202.0,1.0,198996750.0,202.0,0.0,202000000.0,1.0,2.0
360,8.597014925373134,1000000.0,72293094500.0,72492091125.0,10.0,201.0,1.0,198996625.0,201.0,0.0,201000000.0,1.0,2.0
361,8.64179104477612,1000000.0,72493091208.0,72692091000.0,9.0,201.0,1.0,198999792.0,201.0,0.0,201000000.0,1.0,2.0
362,8.732323232323232,1000000.0,72693091250.0,72891094500.0,9.0,198.0,1.0,198003250.0,198.0,0.0,198000000.0,1.0,1.0
363,8.643564356435643,1000000.0,72892094416.0,73092091125.0,9.0,202.0,1.0,199996709.0,202.0,0.0,202000000.0,1.0,2.0
364,8.57,1000000.0,73093091208.0,73291090958.0,11.0,200.0,1.0,197999750.0,200.0,0.0,200000000.0,1.0,2.0
365,8.5,1000000.0,73292094500.0,73491091125.0,10.0,202.0,1.0,198996625.0,202.0,0.0,202000000.0,1.0,3.0
366,8.597014925373134,1000000.0,73492094500.0,73692091208.0,9.0,201.0,1.0,199996708.0,201.0,0.0,201000000.0,1.0,1.0
367,8.816831683168317,1000000.0,73693091208.0,73892091000.0,11.0,202.0,1.0,198999792.0,202.0,0.0,202000000.0,1.0,2.0
368,8.475,1000000.0,73893094416.0,74091091083.0,9.0,200.0,1.0,197996667.0,200.0,0.0,200000000.0,1.0,2.0
369,9.074257425742577,1000000.0,74092094500.0,74291091041.0,10.0,202.0,1.0,198996541.0,202.0,0.0,202000000.0,1.0,2.0
370,6.366336633663367,1000000.0,74292094500.0,74492091333.0,9.0,202.0,1.0,199996833.0,202.0,0.0,202000000.0,1.0,2.0
371,4.5,1000000.0,74493094541.0,74691091250.0,5.0,200.0,1.0,197996709.0,200.0,0.0,200000000.0,1.0,2.0
372,4.731343283582089,1000000.0,74692094458.0,74891094500.0,5.0,201.0,1.0,199000042.0,201.0,0.0,201000000.0,1.0,2.0
373,4.455445544554456,1000000.0,74892094416.0,75092091041.0,5.0,202.0,1.0,199996625.0,202.0,0.0,202000000.0,1.0,2.0
374,4.945544554455446,1000000.0,75093094500.0,75292090958.0,6.0,202.0,1.0,198996458.0,202.0,0.0,202000000.0,1.0,2.0
375,4.725,1000000.0,75293094541.0,75491090958.0,6.0,200.0,1.0,197996417.0,200.0,0.0,200000000.0,1.0,2.0
376,4.711442786069652,1000000.0,75492094500.0,75691091000.0,5.0,201.0,1.0,198996500.0,201.0,0.0,201000000.0,1.0,2.0
377,4.816831683168317,1000000.0,75692094583.0,75892091250.0,5.0,202.0,1.0,199996667.0,202.0,0.0,202000000.0,1.0,2.0
378,4.8,1000000.0,75893094458.0,76091091333.0,6.0,200.0,1.0,197996875.0,200.0,0.0,200000000.0,1.0,2.0
379,4.865671641791045,1000000.0,76092094500.0,76291091208.0,6.0,201.0,1.0,198996708.0,201.0,0.0,201000000.0,1.0,2.0
380,4.896551724137931,1000000.0,76292094583.0,76492091208.0,7.0,203.0,1.0,199996625.0,203.0,0.0,203000000.0,1.0,2.0
381,4.850746268656716,1000000.0,76493094375.0,76692091125.0,6.0,201.0,1.0,198996750.0,201.0,0.0,201000000.0,1.0,2.0
382,4.728643216080402,1000000.0,76693091000.0,76891091000.0,5.0,199.0,1.0,198000000.0,199.0,0.0,199000000.0,1.0,1.0
383,4.7227722772277225,1000000.0,76892094625.0,77091091125.0,5.0,202.0,1.0,198996500.0,202.0,0.0,202000000.0,1.0,2.0
384,4.472636815920398,1000000.0,77092094500.0,77292090958.0,7.0,201.0,1.0,199996458.0,201.0,0.0,201000000.0,1.0,1.0
385,4.698019801980198,1000000.0,77293091166.0,77492091125.0,6.0,202.0,1.0,198999959.0,202.0,0.0,202000000.0,1.0,2.0
386,4.628712871287129,1000000.0,77493091166.0,77691094458.0,5.0,202.0,1.0,198003292.0,202.0,0.0,202000000.0,1.0,2.0
387,4.618811881188119,1000000.0,77692094500.0,77892091125.0,6.0,202.0,1.0,199996625.0,202.0,0.0,202000000.0,1.0,2.0
388,4.835,1000000.0,77893094291.0,78091094458.0,6.0,200.0,1.0,198000167.0,200.0,0.0,200000000.0,1.0,2.0
389,4.97029702970297,1000000.0,78092094666.0,78292091125.0,7.0,202.0,1.0,199996459.0,202.0,0.0,202000000.0,1.0,2.0
390,4.6683168316831685,1000000.0,78293091291.0,78492090958.0,6.0,202.0,1.0,198999667.0,202.0,0.0,202000000.0,1.0,2.0
391,4.472636815920398,1000000.0,78493094458.0,78692091208.0,5.0,201.0,1.0,198996750.0,201.0,0.0,201000000.0,1.0,2.0
392,4.875621890547263,1000000.0,78693094541.0,78892091041.0,6.0,201.0,1.0,198996500.0,201.0,0.0,201000000.0,1.0,2.0
393,4.72,1000000.0,78893094375.0,79092091041.0,5.0,200.0,1.0,198996666.0,200.0,0.0,200000000.0,1.0,2.0
394,4.58,1000000.0,79093091208.0,79291091041.0,5.0,200.0,1.0,197999833.0,200.0,0.0,200000000.0,1.0,2.0
395,4.8606965174129355,1000000.0,79292094416.0,79491091000.0,7.0,201.0,1.0,198996584.0,201.0,0.0,201000000.0,1.0,2.0
396,4.555,1000000.0,79492094375.0,79691094500.0,6.0,200.0,1.0,199000125.0,200.0,0.0,200000000.0,1.0,1.0
397,4.641791044776119,1000000.0,79692094541.0,79891091125.0,5.0,201.0,1.0,198996584.0,201.0,0.0,201000000.0,1.0,2.0
398,4.767326732673268,1000000.0,79892094541.0,80092091000.0,5.0,202.0,1.0,199996459.0,202.0,0.0,202000000.0,1.0,2.0
399,4.402985074626866,1000000.0,80093094500.0,80292091000.0,5.0,201.0,1.0,198996500.0,201.0,0.0,201000000.0,1.0,2.0
400,4.63,1000000.0,80293094583.0,80491091041.0,5.0,200.0,1.0,197996458.0,200.0,0.0,200000000.0,1.0,2.0
401,4.767326732673268,1000000.0,80492094416.0,80691091041.0,5.0,202.0,1.0,198996625.0,202.0,0.0,202000000.0,1.0,2.0
402,4.48019801980198,1000000.0,80692094583.0,80892091083.0,6.0,202.0,1.0,199996500.0,202.0,0.0,202000000.0,1.0,2.0
403,4.711442786069652,1000000.0,80893094500.0,81092091166.0,6.0,201.0,1.0,198996666.0,201.0,0.0,201000000.0,1.0,2.0
404,4.955445544554456,1000000.0,81093091166.0,81292091250.0,5.0,202.0,1.0,199000084.0,202.0,0.0,202000000.0,1.0,2.0
405,4.557213930348259,1000000.0,81293091208.0,81492090958.0,5.0,201.0,1.0,198999750.0,201.0,0.0,201000000.0,1.0,2.0
406,5.085,1000000.0,81493094375.0,81691095708.0,7.0,200.0,1.0,198001333.0,200.0,0.0,200000000.0,1.0,2.0
407,5.069651741293533,1000000.0,81692094625.0,81891091166.0,9.0,201.0,1.0,198996541.0,201.0,0.0,201000000.0,1.0,2.0
408,8.497536945812808,1000000.0,81892094500.0,82092091041.0,9.0,203.0,1.0,199996541.0,203.0,0.0,203000000.0,1.0,2.0
409,8.681592039800995,1000000.0,82093094416.0,82292091000.0,9.0,201.0,1.0,198996584.0,201.0,0.0,201000000.0,1.0,2.0
410,8.698019801980198,1000000.0,82293094375.0,82492091083.0,9.0,202.0,1.0,198996708.0,202.0,0.0,202000000.0,1.0,2.0
411,8.633663366336634,1000000.0,82493094375.0,82692091166.0,9.0,202.0,1.0,198996791.0,202.0,0.0,202000000.0,1.0,2.0
412,8.597014925373134,1000000.0,82693091166.0,82892091250.0,9.0,201.0,1.0,199000084.0,201.0,0.0,201000000.0,1.0,2.0
413,8.835,1000000.0,82893094458.0,83091091000.0,10.0,200.0,1.0,197996542.0,200.0,0.0,200000000.0,1.0,2.0
414,9.123762376237623,1000000.0,83092094333.0,83292091250.0,11.0,202.0,1.0,199996917.0,202.0,0.0,202000000.0,1.0,2.0
415,9.315,1000000.0,83293091166.0,83491091041.0,11.0,200.0,1.0,197999875.0,200.0,0.0,200000000.0,1.0,2.0
416,9.10344827586207,1000000.0,83492094375.0,83692091083.0,10.0,203.0,1.0,199996708.0,203.0,0.0,203000000.0,1.0,2.0
417,8.806930693069306,1000000.0,83693094458.0,83892091208.0,10.0,202.0,1.0,198996750.0,202.0,0.0,202000000.0,1.0,2.0
418,8.507537688442211,1000000.0,83893091125.0,84091094541.0,10.0,199.0,1.0,198003416.0,199.0,0.0,199000000.0,1.0,1.0
419,8.51980198019802,1000000.0,84092094375.0,84291094458.0,9.0,202.0,1.0,199000083.0,202.0,0.0,202000000.0,1.0,2.0
420,8.852216748768473,1000000.0,84292094333.0,84492091125.0,9.0,203.0,1.0,199996792.0,203.0,0.0,203000000.0,1.0,2.0
421,8.605,1000000.0,84493091250.0,84692091041.0,9.0,200.0,1.0,198999791.0,200.0,0.0,200000000.0,1.0,2.0
422,8.821782178217822,1000000.0,84693094458.0,84891094500.0,9.0,202.0,1.0,198000042.0,202.0,0.0,202000000.0,1.0,2.0
423,8.787128712871286,1000000.0,84892094458.0,85092091375.0,9.0,202.0,1.0,199996917.0,202.0,0.0,202000000.0,1.0,2.0
424,8.59,1000000.0,85093091125.0,85291091041.0,9.0,200.0,1.0,197999916.0,200.0,0.0,200000000.0,1.0,2.0
425,8.773399014778326,1000000.0,85292094375.0,85491094458.0,10.0,203.0,1.0,199000083.0,203.0,0.0,203000000.0,1.0,3.0
426,8.582089552238806,1000000.0,85492094375.0,85691093125.0,9.0,201.0,1.0,198998750.0,201.0,0.0,201000000.0,1.0,2.0
427,8.783251231527094,1000000.0,85692094458.0,85892091208.0,9.0,203.0,1.0,199996750.0,203.0,0.0,203000000.0,1.0,2.0
428,8.876237623762377,1000000.0,85893091125.0,86092091250.0,9.0,202.0,1.0,199000125.0,202.0,0.0,202000000.0,1.0,2.0
429,8.341708542713567,1000000.0,86093094458.0,86291091166.0,10.0,199.0,1.0,197996708.0,199.0,0.0,199000000.0,1.0,1.0
430,8.55940594059406,1000000.0,86292094416.0,86491094500.0,9.0,202.0,1.0,199000084.0,202.0,0.0,202000000.0,1.0,2.0
431,8.611940298507463,1000000.0,86492094333.0,86692091083.0,9.0,201.0,1.0,199996750.0,201.0,0.0,201000000.0,1.0,2.0
432,8.633663366336634,1000000.0,86693091041.0,86892091208.0,9.0,202.0,1.0,199000167.0,202.0,0.0,202000000.0,1.0,2.0
433,8.658415841584159,1000000.0,86893091291.0,87092091333.0,11.0,202.0,1.0,199000042.0,202.0,0.0,202000000.0,1.0,2.0
434,8.7363184079602,1000000.0,87093094500.0,87292091041.0,9.0,201.0,1.0,198996541.0,201.0,0.0,201000000.0,1.0,2.0
435,8.791044776119403,1000000.0,87293094375.0,87492091291.0,9.0,201.0,1.0,198996916.0,201.0,0.0,201000000.0,1.0,2.0
436,8.48,1000000.0,87493094416.0,87691091041.0,9.0,200.0,1.0,197996625.0,200.0,0.0,200000000.0,1.0,2.0
437,8.897058823529411,1000000.0,87692094416.0,87892091000.0,9.0,204.0,1.0,199996584.0,204.0,0.0,204000000.0,1.0,2.0
438,8.746268656716419,1000000.0,87893090958.0,88091091250.0,10.0,201.0,1.0,198000292.0,201.0,0.0,201000000.0,1.0,2.0
439,8.876237623762377,1000000.0,88092094541.0,88292091041.0,10.0,202.0,1.0,199996500.0,202.0,0.0,202000000.0,1.0,2.0
440,9.039408866995077,1000000.0,88293091083.0,88492091125.0,11.0,203.0,1.0,199000042.0,203.0,0.0,203000000.0,1.0,2.0
441,8.56281407035176,1000000.0,88493094500.0,88691095625.0,10.0,199.0,1.0,198001125.0,199.0,0.0,199000000.0,1.0,1.0
442,8.54679802955665,1000000.0,88692094375.0,88892091375.0,9.0,203.0,1.0,199997000.0,203.0,0.0,203000000.0,1.0,2.0
443,8.805970149253731,1000000.0,88893094458.0,89091091041.0,9.0,201.0,1.0,197996583.0,201.0,0.0,201000000.0,1.0,2.0
444,8.622549019607844,1000000.0,89092094541.0,89292091000.0,9.0,204.0,1.0,199996459.0,204.0,0.0,204000000.0,1.0,2.0
445,6.2388059701492535,1000000.0,89293094625.0,89492091375.0,9.0,201.0,1.0,198996750.0,201.0,0.0,201000000.0,1.0,2.0
446,4.650246305418719,1000000.0,89493094541.0,89691091041.0,5.0,203.0,1.0,197996500.0,203.0,0.0,203000000.0,1.0,2.0
447,4.577114427860696,1000000.0,89692094541.0,89891090958.0,5.0,201.0,1.0,198996417.0,201.0,0.0,201000000.0,1.0,2.0
448,4.901477832512315,1000000.0,89892094416.0,90092091000.0,6.0,203.0,1.0,199996584.0,203.0,0.0,203000000.0,1.0,3.0
449,4.7711442786069655,1000000.0,90093094500.0,90292091041.0,6.0,201.0,1.0,198996541.0,201.0,0.0,201000000.0,1.0,2.0
450,4.881188118811881,1000000.0,90293094583.0,90492091041.0,6.0,202.0,1.0,198996458.0,202.0,0.0,202000000.0,1.0,2.0
451,4.73,1000000.0,90493094541.0,90692091041.0,6.0,200.0,1.0,198996500.0,200.0,0.0,200000000.0,1.0,1.0
452,4.693069306930693,1000000.0,90693094541.0,90892091208.0,5.0,202.0,1.0,198996667.0,202.0,0.0,202000000.0,1.0,2.0
453,4.696517412935323,1000000.0,90893094416.0,91092091125.0,6.0,201.0,1.0,198996709.0,201.0,0.0,201000000.0,1.0,2.0
454,4.495,1000000.0,91093094500.0,91292091208.0,5.0,200.0,1.0,198996708.0,200.0,0.0,200000000.0,1.0,1.0
455,4.63681592039801,1000000.0,91293091208.0,91492091041.0,5.0,201.0,1.0,198999833.0,201.0,0.0,201000000.0,1.0,2.0
456,4.9502487562189055,1000000.0,91493091166.0,91692091166.0,7.0,201.0,1.0,199000000.0,201.0,0.0,201000000.0,1.0,2.0
457,4.925,1000000.0,91693091125.0,91891091125.0,7.0,200.0,1.0,198000000.0,200.0,0.0,200000000.0,1.0,2.0
458,4.930348258706467,1000000.0,91892094375.0,92091091083.0,5.0,201.0,1.0,198996708.0,201.0,0.0,201000000.0,1.0,2.0
459,4.91044776119403,1000000.0,92092094458.0,92291091000.0,5.0,201.0,1.0,198996542.0,201.0,0.0,201000000.0,1.0,2.0
460,4.585,1000000.0,92292094500.0,92491091000.0,5.0,200.0,1.0,198996500.0,200.0,0.0,200000000.0,1.0,2.0
461,4.630541871921182,1000000.0,92492094458.0,92692091041.0,6.0,203.0,1.0,199996583.0,203.0,0.0,203000000.0,1.0,2.0
462,4.54726368159204,1000000.0,92693090958.0,92892091125.0,5.0,201.0,1.0,199000167.0,201.0,0.0,201000000.0,1.0,2.0
463,4.61,1000000.0,92893094625.0,93092091125.0,5.0,200.0,1.0,198996500.0,200.0,0.0,200000000.0,1.0,2.0
464,4.7611940298507465,1000000.0,93093091375.0,93291090958.0,6.0,201.0,1.0,197999583.0,201.0,0.0,201000000.0,1.0,2.0
465,4.806930693069307,1000000.0,93292094500.0,93491094375.0,8.0,202.0,1.0,198999875.0,202.0,0.0,202000000.0,1.0,2.0
466,4.635467980295567,1000000.0,93492094541.0,93691094500.0,7.0,203.0,1.0,198999959.0,203.0,0.0,203000000.0,1.0,2.0
467,4.638613861386139,1000000.0,93692094500.0,93892091291.0,5.0,202.0,1.0,199996791.0,202.0,0.0,202000000.0,1.0,2.0
468,4.881188118811881,1000000.0,93893094458.0,94092091041.0,5.0,202.0,1.0,198996583.0,202.0,0.0,202000000.0,1.0,2.0
469,4.676616915422885,1000000.0,94093094416.0,94292091000.0,5.0,201.0,1.0,198996584.0,201.0,0.0,201000000.0,1.0,2.0
470,4.5763546798029555,1000000.0,94293091166.0,94491094500.0,7.0,203.0,1.0,198003334.0,203.0,0.0,203000000.0,1.0,2.0
471,4.9507389162561575,1000000.0,94492094291.0,94692091041.0,6.0,203.0,1.0,199996750.0,203.0,0.0,203000000.0,1.0,2.0
472,4.562189054726368,1000000.0,94693091125.0,94892091000.0,5.0,201.0,1.0,198999875.0,201.0,0.0,201000000.0,1.0,2.0
473,4.587064676616915,1000000.0,94893094458.0,95092091041.0,5.0,201.0,1.0,198996583.0,201.0,0.0,201000000.0,1.0,2.0
474,4.826732673267327,1000000.0,95093094500.0,95291091125.0,5.0,202.0,1.0,197996625.0,202.0,0.0,202000000.0,1.0,2.0
475,4.707920792079208,1000000.0,95292094291.0,95492091291.0,5.0,202.0,1.0,199997000.0,202.0,0.0,202000000.0,1.0,2.0
476,4.69,1000000.0,95493093416.0,95691091125.0,6.0,200.0,1.0,197997709.0,200.0,0.0,200000000.0,1.0,2.0
477,4.876237623762377,1000000.0,95692094500.0,95892091166.0,5.0,202.0,1.0,199996666.0,202.0,0.0,202000000.0,1.0,2.0
478,4.6683168316831685,1000000.0,95893091250.0,96092091208.0,5.0,202.0,1.0,198999958.0,202.0,0.0,202000000.0,1.0,2.0
479,4.6318407960199,1000000.0,96093091166.0,96292091000.0,5.0,201.0,1.0,198999834.0,201.0,0.0,201000000.0,1.0,2.0
480,4.91542288557214,1000000.0,96293094416.0,96492091208.0,5.0,201.0,1.0,198996792.0,201.0,0.0,201000000.0,1.0,2.0
481,4.96039603960396,1000000.0,96493094416.0,96692091083.0,7.0,202.0,1.0,198996667.0,202.0,0.0,202000000.0,1.0,2.0
482,5.138613861386139,1000000.0,96693091291.0,96892091166.0,9.0,202.0,1.0,198999875.0,202.0,0.0,202000000.0,1.0,2.0
483,8.554455445544555,1000000.0,96893094458.0,97092091291.0,10.0,202.0,1.0,198996833.0,202.0,0.0,202000000.0,1.0,2.0
484,8.425,1000000.0,97093094375.0,97291091041.0,9.0,200.0,1.0,197996666.0,200.0,0.0,200000000.0,1.0,2.0
485,8.666666666666666,1000000.0,97292094583.0,97491091083.0,9.0,201.0,1.0,198996500.0,201.0,0.0,201000000.0,1.0,2.0
486,8.598039215686274,1000000.0,97492094375.0,97692090958.0,10.0,204.0,1.0,199996583.0,204.0,0.0,204000000.0,1.0,2.0
487,8.781094527363184,1000000.0,97693094500.0,97892091083.0,9.0,201.0,1.0,198996583.0,201.0,0.0,201000000.0,1.0,2.0
488,8.625,1000000.0,97893094416.0,98092091041.0,9.0,200.0,1.0,198996625.0,200.0,0.0,200000000.0,1.0,2.0
489,8.886699507389162,1000000.0,98093094458.0,98292091125.0,11.0,203.0,1.0,198996667.0,203.0,0.0,203000000.0,1.0,2.0
490,8.514851485148515,1000000.0,98293091166.0,98492091250.0,10.0,202.0,1.0,199000084.0,202.0,0.0,202000000.0,1.0,2.0
491,8.618811881188119,1000000.0,98493091166.0,98692091166.0,9.0,202.0,1.0,199000000.0,202.0,0.0,202000000.0,1.0,2.0
492,8.69,1000000.0,98693094458.0,98891091208.0,10.0,200.0,1.0,197996750.0,200.0,0.0,200000000.0,1.0,2.0
493,8.596059113300493,1000000.0,98892094458.0,99092091083.0,10.0,203.0,1.0,199996625.0,203.0,0.0,203000000.0,1.0,2.0
494,8.77889447236181,1000000.0,99093094416.0,99291091041.0,9.0,199.0,1.0,197996625.0,199.0,0.0,199000000.0,1.0,1.0
495,8.643564356435643,1000000.0,99292094583.0,99492091166.0,9.0,202.0,1.0,199996583.0,202.0,0.0,202000000.0,1.0,2.0
496,8.845,1000000.0,99493091166.0,99691090958.0,9.0,200.0,1.0,197999792.0,200.0,0.0,200000000.0,1.0,2.0
497,8.733990147783251,1000000.0,99692094375.0,99892091041.0,9.0,203.0,1.0,199996666.0,203.0,0.0,203000000.0,1.0,2.0
498,8.584158415841584,1000000.0,99893094333.0,100092091291.0,9.0,202.0,1.0,198996958.0,202.0,0.0,202000000.0,1.0,2.0
499,8.72,1000000.0,100093094458.0,100291091083.0,9.0,200.0,1.0,197996625.0,200.0,0.0,200000000.0,1.0,2.0
500,8.751243781094526,1000000.0,100292094500.0,100491090958.0,9.0,201.0,1.0,198996458.0,201.0,0.0,201000000.0,1.0,2.0
501,8.706467661691542,1000000.0,100492094291.0,100691091125.0,9.0,201.0,1.0,198996834.0,201.0,0.0,201000000.0,1.0,2.0
502,8.738916256157635,1000000.0,100692094291.0,100892091250.0,9.0,203.0,1.0,199996959.0,203.0,0.0,203000000.0,1.0,2.0
503,8.756218905472636,1000000.0,100893094500.0,101092091000.0,10.0,201.0,1.0,198996500.0,201.0,0.0,201000000.0,1.0,2.0
504,8.522388059701493,1000000.0,101093094291.0,101292091041.0,11.0,201.0,1.0,198996750.0,201.0,0.0,201000000.0,1.0,2.0
505,8.788177339901479,1000000.0,101293094333.0,101492091083.0,10.0,203.0,1.0,198996750.0,203.0,0.0,203000000.0,1.0,3.0
506,8.631840796019901,1000000.0,101493094458.0,101692091000.0,10.0,201.0,1.0,198996542.0,201.0,0.0,201000000.0,1.0,2.0
507,8.72636815920398,1000000.0,101693094500.0,101892091250.0,9.0,201.0,1.0,198996750.0,201.0,0.0,201000000.0,1.0,2.0
508,8.92039800995025,1000000.0,101893094458.0,102092091000.0,9.0,201.0,1.0,198996542.0,201.0,0.0,201000000.0,1.0,2.0
509,8.676616915422885,1000000.0,102093094375.0,102291091083.0,9.0,201.0,1.0,197996708.0,201.0,0.0,201000000.0,1.0,2.0
510,8.793969849246231,1000000.0,102292094500.0,102491094500.0,9.0,199.0,1.0,199000000.0,199.0,0.0,199000000.0,1.0,2.0
511,8.761194029850746,1000000.0,102492094625.0,102691090958.0,9.0,201.0,1.0,198996333.0,201.0,0.0,201000000.0,1.0,2.0
512,8.55,1000000.0,102692094416.0,102891091291.0,10.0,200.0,1.0,198996875.0,200.0,0.0,200000000.0,1.0,1.0
513,8.315,1000000.0,102892094500.0,103091094416.0,9.0,200.0,1.0,198999916.0,200.0,0.0,200000000.0,1.0,1.0
514,8.74384236453202,1000000.0,103092094333.0,103292091000.0,10.0,203.0,1.0,199996667.0,203.0,0.0,203000000.0,1.0,2.0
515,8.804020100502512,1000000.0,103293091208.0,103491091583.0,10.0,199.0,1.0,198000375.0,199.0,0.0,199000000.0,1.0,1.0
516,8.594059405940595,1000000.0,103492095750.0,103692091125.0,10.0,202.0,1.0,199995375.0,202.0,0.0,202000000.0,1.0,2.0
517,8.542288557213931,1000000.0,103693091208.0,103892091166.0,9.0,201.0,1.0,198999958.0,201.0,0.0,201000000.0,1.0,2.0
518,8.606965174129353,1000000.0,103893094500.0,104091091125.0,9.0,201.0,1.0,197996625.0,201.0,0.0,201000000.0,1.0,2.0
519,8.477611940298507,1000000.0,104092094458.0,104291091000.0,9.0,201.0,1.0,198996542.0,201.0,0.0,201000000.0,1.0,2.0
520,6.221674876847291,1000000.0,104292094458.0,104491090958.0,9.0,203.0,1.0,198996500.0,203.0,0.0,203000000.0,1.0,2.0
521,4.955445544554456,1000000.0,104492094500.0,104692091041.0,5.0,202.0,1.0,199996541.0,202.0,0.0,202000000.0,1.0,2.0
522,4.691542288557214,1000000.0,104693094458.0,104891091250.0,5.0,201.0,1.0,197996792.0,201.0,0.0,201000000.0,1.0,2.0
523,4.767326732673268,1000000.0,104892094500.0,105092091166.0,6.0,202.0,1.0,199996666.0,202.0,0.0,202000000.0,1.0,2.0
524,4.825,1000000.0,105093091250.0,105291094416.0,6.0,200.0,1.0,198003166.0,200.0,0.0,200000000.0,1.0,2.0
525,4.688118811881188,1000000.0,105292094583.0,105492091458.0,5.0,202.0,1.0,199996875.0,202.0,0.0,202000000.0,1.0,2.0
526,4.733990147783251,1000000.0,105493091375.0,105692091166.0,6.0,203.0,1.0,198999791.0,203.0,0.0,203000000.0,1.0,2.0
527,4.410891089108911,1000000.0,105693094375.0,105892091125.0,5.0,202.0,1.0,198996750.0,202.0,0.0,202000000.0,1.0,3.0
528,4.611940298507463,1000000.0,105893094583.0,106091094541.0,5.0,201.0,1.0,197999958.0,201.0,0.0,201000000.0,1.0,2.0
529,4.836633663366337,1000000.0,106092094500.0,106292091083.0,5.0,202.0,1.0,199996583.0,202.0,0.0,202000000.0,1.0,2.0
530,4.54228855721393,1000000.0,106293091166.0,106491091000.0,5.0,201.0,1.0,197999834.0,201.0,0.0,201000000.0,1.0,2.0
531,4.985148514851486,1000000.0,106492094541.0,106692091041.0,7.0,202.0,1.0,199996500.0,202.0,0.0,202000000.0,1.0,2.0
532,4.801980198019802,1000000.0,106693091083.0,106891094416.0,6.0,202.0,1.0,198003333.0,202.0,0.0,202000000.0,1.0,2.0
533,4.651741293532338,1000000.0,106892094416.0,107091091208.0,5.0,201.0,1.0,198996792.0,201.0,0.0,201000000.0,1.0,2.0
534,4.706467661691542,1000000.0,107092094625.0,107291091000.0,6.0,201.0,1.0,198996375.0,201.0,0.0,201000000.0,1.0,3.0
535,4.646766169154229,1000000.0,107292094500.0,107491094375.0,5.0,201.0,1.0,198999875.0,201.0,0.0,201000000.0,1.0,2.0
536,4.671568627450981,1000000.0,107492094583.0,107691094500.0,5.0,204.0,1.0,198999917.0,204.0,0.0,204000000.0,1.0,2.0
537,4.507462686567164,1000000.0,107692094458.0,107892091208.0,7.0,201.0,1.0,199996750.0,201.0,0.0,201000000.0,1.0,1.0
538,4.776119402985074,1000000.0,107893094500.0,108091094416.0,6.0,201.0,1.0,197999916.0,201.0,0.0,201000000.0,1.0,2.0
539,4.7711442786069655,1000000.0,108092094416.0,108291094375.0,6.0,201.0,1.0,198999959.0,201.0,0.0,201000000.0,1.0,2.0
540,4.371287128712871,1000000.0,108292094250.0,108492091166.0,5.0,202.0,1.0,199996916.0,202.0,0.0,202000000.0,1.0,2.0
541,4.8159203980099505,1000000.0,108493094541.0,108692091250.0,8.0,201.0,1.0,198996709.0,201.0,0.0,201000000.0,1.0,2.0
542,4.615763546798029,1000000.0,108693094500.0,108892091416.0,7.0,203.0,1.0,198996916.0,203.0,0.0,203000000.0,1.0,2.0
543,4.355,1000000.0,108893094541.0,109091091000.0,5.0,200.0,1.0,197996459.0,200.0,0.0,200000000.0,1.0,2.0
544,4.435643564356436,1000000.0,109092094541.0,109291091166.0,5.0,202.0,1.0,198996625.0,202.0,0.0,202000000.0,1.0,2.0
545,4.727722772277228,1000000.0,109292094625.0,109492091125.0,5.0,202.0,1.0,199996500.0,202.0,0.0,202000000.0,1.0,2.0
546,4.671568627450981,1000000.0,109493090958.0,109692091041.0,5.0,204.0,1.0,199000083.0,204.0,0.0,204000000.0,1.0,2.0
547,4.535,1000000.0,109693091000.0,109891094375.0,5.0,200.0,1.0,198003375.0,200.0,0.0,200000000.0,1.0,2.0
548,4.778325123152709,1000000.0,109892094458.0,110092091041.0,5.0,203.0,1.0,199996583.0,203.0,0.0,203000000.0,1.0,2.0
549,4.625,1000000.0,110093091250.0,110292091166.0,5.0,200.0,1.0,198999916.0,200.0,0.0,200000000.0,1.0,2.0
550,4.935323383084577,1000000.0,110293094500.0,110492091291.0,7.0,201.0,1.0,198996791.0,201.0,0.0,201000000.0,1.0,2.0
551,4.8,1000000.0,110493091208.0,110691091000.0,6.0,200.0,1.0,197999792.0,200.0,0.0,200000000.0,1.0,2.0
552,4.762376237623762,1000000.0,110692094458.0,110892091000.0,6.0,202.0,1.0,199996542.0,202.0,0.0,202000000.0,1.0,2.0
553,4.46039603960396,1000000.0,110893091291.0,111092091083.0,5.0,202.0,1.0,198999792.0,202.0,0.0,202000000.0,1.0,2.0
554,4.717821782178218,1000000.0,111093094291.0,111292091125.0,5.0,202.0,1.0,198996834.0,202.0,0.0,202000000.0,1.0,2.0
555,4.633165829145729,1000000.0,111293094500.0,111491091000.0,6.0,199.0,1.0,197996500.0,199.0,0.0,199000000.0,1.0,2.0
556,4.871287128712871,1000000.0,111492094458.0,111691091083.0,7.0,202.0,1.0,198996625.0,202.0,0.0,202000000.0,1.0,3.0
557,5.2682926829268295,1000000.0,111692094333.0,111892091166.0,9.0,205.0,1.0,199996833.0,205.0,0.0,205000000.0,1.0,2.0
558,8.577114427860696,1000000.0,111893091208.0,112092091041.0,10.0,201.0,1.0,198999833.0,201.0,0.0,201000000.0,1.0,2.0
559,8.92,1000000.0,112093094291.0,112292091291.0,10.0,200.0,1.0,198997000.0,200.0,0.0,200000000.0,1.0,1.0
560,8.805970149253731,1000000.0,112293094500.0,112491094458.0,10.0,201.0,1.0,197999958.0,201.0,0.0,201000000.0,1.0,2.0
561,8.603960396039604,1000000.0,112492094458.0,112692091125.0,9.0,202.0,1.0,199996667.0,202.0,0.0,202000000.0,1.0,2.0
562,8.845,1000000.0,112693091166.0,112892091250.0,10.0,200.0,1.0,199000084.0,200.0,0.0,200000000.0,1.0,1.0
563,8.861386138613861,1000000.0,112893094541.0,113091090958.0,11.0,202.0,1.0,197996417.0,202.0,0.0,202000000.0,1.0,2.0
564,8.772277227722773,1000000.0,113092094375.0,113292091041.0,9.0,202.0,1.0,199996666.0,202.0,0.0,202000000.0,1.0,2.0
565,8.796019900497512,1000000.0,113293090958.0,113492090958.0,10.0,201.0,1.0,199000000.0,201.0,0.0,201000000.0,1.0,2.0
566,8.671641791044776,1000000.0,113493094333.0,113692091083.0,11.0,201.0,1.0,198996750.0,201.0,0.0,201000000.0,1.0,2.0
567,8.810945273631841,1000000.0,113693094333.0,113892091250.0,10.0,201.0,1.0,198996917.0,201.0,0.0,201000000.0,1.0,2.0
568,8.608040201005025,1000000.0,113893094500.0,114091091083.0,9.0,199.0,1.0,197996583.0,199.0,0.0,199000000.0,1.0,1.0
569,8.435643564356436,1000000.0,114092094458.0,114292091000.0,9.0,202.0,1.0,199996542.0,202.0,0.0,202000000.0,1.0,2.0
570,8.711442786069652,1000000.0,114293094375.0,114492091000.0,10.0,201.0,1.0,198996625.0,201.0,0.0,201000000.0,1.0,2.0
571,8.512437810945274,1000000.0,114493094333.0,114691091125.0,10.0,201.0,1.0,197996792.0,201.0,0.0,201000000.0,1.0,2.0
572,8.620689655172415,1000000.0,114692094416.0,114892091291.0,10.0,203.0,1.0,199996875.0,203.0,0.0,203000000.0,1.0,2.0
573,8.616915422885572,1000000.0,114893094416.0,115091091041.0,9.0,201.0,1.0,197996625.0,201.0,0.0,201000000.0,1.0,2.0
574,8.880597014925373,1000000.0,115092094375.0,115291091000.0,10.0,201.0,1.0,198996625.0,201.0,0.0,201000000.0,1.0,2.0
575,8.678217821782178,1000000.0,115292094416.0,115492091083.0,10.0,202.0,1.0,199996667.0,202.0,0.0,202000000.0,1.0,2.0
576,8.747524752475247,1000000.0,115493090958.0,115692091000.0,10.0,202.0,1.0,199000042.0,202.0,0.0,202000000.0,1.0,2.0
577,8.678217821782178,1000000.0,115693094333.0,115892091291.0,9.0,202.0,1.0,198996958.0,202.0,0.0,202000000.0,1.0,2.0
578,8.577114427860696,1000000.0,115893094500.0,116091091000.0,10.0,201.0,1.0,197996500.0,201.0,0.0,201000000.0,1.0,3.0
579,8.722772277227723,1000000.0,116092094458.0,116292090958.0,9.0,202.0,1.0,199996500.0,202.0,0.0,202000000.0,1.0,2.0
580,8.735,1000000.0,116293091083.0,116491094375.0,10.0,200.0,1.0,198003292.0,200.0,0.0,200000000.0,1.0,2.0
581,8.865,1000000.0,116492094500.0,116691094541.0,10.0,200.0,1.0,199000041.0,200.0,0.0,200000000.0,1.0,1.0
582,9.029411764705882,1000000.0,116692094500.0,116892090958.0,10.0,204.0,1.0,199996458.0,204.0,0.0,204000000.0,1.0,2.0
583,8.71356783919598,1000000.0,116893091166.0,117091094333.0,9.0,199.0,1.0,198003167.0,199.0,0.0,199000000.0,1.0,1.0
584,8.706467661691542,1000000.0,117092094333.0,117291091000.0,9.0,201.0,1.0,198996667.0,201.0,0.0,201000000.0,1.0,2.0
585,8.616915422885572,1000000.0,117292094333.0,117491094458.0,10.0,201.0,1.0,199000125.0,201.0,0.0,201000000.0,1.0,2.0
586,8.696517412935323,1000000.0,117492094500.0,117691091208.0,10.0,201.0,1.0,198996708.0,201.0,0.0,201000000.0,1.0,2.0
587,8.537313432835822,1000000.0,117692094291.0,117892091000.0,9.0,201.0,1.0,199996709.0,201.0,0.0,201000000.0,1.0,2.0
588,8.688118811881187,1000000.0,117893094500.0,118091091083.0,9.0,202.0,1.0,197996583.0,202.0,0.0,202000000.0,1.0,2.0
589,8.378109452736318,1000000.0,118092094291.0,118291094500.0,9.0,201.0,1.0,199000209.0,201.0,0.0,201000000.0,1.0,2.0
590,8.738916256157635,1000000.0,118292094458.0,118492091041.0,9.0,203.0,1.0,199996583.0,203.0,0.0,203000000.0,1.0,2.0
591,9.19,1000000.0,118493094375.0,118691094458.0,11.0,200.0,1.0,198000083.0,200.0,0.0,200000000.0,1.0,2.0
592,8.648514851485148,1000000.0,118692094458.0,118892091333.0,9.0,202.0,1.0,199996875.0,202.0,0.0,202000000.0,1.0,2.0
593,8.54726368159204,1000000.0,118893094500.0,119091091000.0,9.0,201.0,1.0,197996500.0,201.0,0.0,201000000.0,1.0,2.0
594,8.777227722772277,1000000.0,119092094250.0,119291091125.0,10.0,202.0,1.0,198996875.0,202.0,0.0,202000000.0,1.0,2.0
595,6.231527093596059,1000000.0,119292094333.0,119492091041.0,9.0,203.0,1.0,199996708.0,203.0,0.0,203000000.0,1.0,2.0
596,4.880597014925373,1000000.0,119493091000.0,119692091041.0,7.0,201.0,1.0,199000041.0,201.0,0.0,201000000.0,1.0,2.0
597,4.712871287128713,1000000.0,119693094458.0,119892091083.0,7.0,202.0,1.0,198996625.0,202.0,1.0,202000000.0,1.0,2.0
598,4.768472906403941,1000000.0,119893094625.0,120092091041.0,5.0,203.0,1.0,198996416.0,203.0,0.0,203000000.0,1.0,2.0
599,4.623115577889447,1000000.0,120093094458.0,120291091000.0,5.0,199.0,1.0,197996542.0,199.0,0.0,199000000.0,1.0,1.0
600,4.6318407960199,1000000.0,120292094458.0,120491091041.0,5.0,201.0,1.0,198996583.0,201.0,0.0,201000000.0,1.0,2.0
601,4.850746268656716,1000000.0,120492094458.0,120691091208.0,6.0,201.0,1.0,198996750.0,201.0,0.0,201000000.0,1.0,2.0
602,4.465346534653466,1000000.0,120692094416.0,120892091291.0,5.0,202.0,1.0,199996875.0,202.0,0.0,202000000.0,1.0,2.0
603,4.522388059701493,1000000.0,120893091250.0,121092091000.0,6.0,201.0,1.0,198999750.0,201.0,0.0,201000000.0,1.0,2.0
604,4.855721393034826,1000000.0,121093091250.0,121292091041.0,6.0,201.0,1.0,198999791.0,201.0,0.0,201000000.0,1.0,2.0
605,4.61,1000000.0,121293094541.0,121492091000.0,6.0,200.0,1.0,198996459.0,200.0,0.0,200000000.0,1.0,1.0
606,4.84,1000000.0,121493094625.0,121691094416.0,6.0,200.0,1.0,197999791.0,200.0,0.0,200000000.0,1.0,2.0
607,4.825870646766169,1000000.0,121692094500.0,121891091041.0,5.0,201.0,1.0,198996541.0,201.0,0.0,201000000.0,1.0,2.0
608,4.76,1000000.0,121892094541.0,122091091041.0,5.0,200.0,1.0,198996500.0,200.0,0.0,200000000.0,1.0,2.0
609,4.920792079207921,1000000.0,122092094291.0,122291091291.0,6.0,202.0,1.0,198997000.0,202.0,0.0,202000000.0,1.0,2.0
610,4.769607843137255,1000000.0,122292094375.0,122492091291.0,6.0,204.0,1.0,199996916.0,204.0,0.0,204000000.0,1.0,2.0
611,4.346733668341709,1000000.0,122493091166.0,122691094458.0,5.0,199.0,1.0,198003292.0,199.0,0.0,199000000.0,1.0,2.0
612,4.7611940298507465,1000000.0,122692094375.0,122891094541.0,5.0,201.0,1.0,199000166.0,201.0,0.0,201000000.0,1.0,2.0
613,4.402985074626866,1000000.0,122892094416.0,123091094416.0,5.0,201.0,1.0,199000000.0,201.0,0.0,201000000.0,1.0,2.0
614,4.358208955223881,1000000.0,123092094416.0,123291091125.0,6.0,201.0,1.0,198996709.0,201.0,0.0,201000000.0,1.0,2.0
615,4.6318407960199,1000000.0,123292094458.0,123491091000.0,5.0,201.0,1.0,198996542.0,201.0,0.0,201000000.0,1.0,2.0
616,4.886699507389163,1000000.0,123492094541.0,123692091291.0,8.0,203.0,1.0,199996750.0,203.0,0.0,203000000.0,1.0,2.0
617,4.752475247524752,1000000.0,123693094500.0,123892091041.0,5.0,202.0,1.0,198996541.0,202.0,0.0,202000000.0,1.0,2.0
618,4.641791044776119,1000000.0,123893094500.0,124092091250.0,5.0,201.0,1.0,198996750.0,201.0,0.0,201000000.0,1.0,2.0
619,4.63,1000000.0,124093091041.0,124291091333.0,6.0,200.0,1.0,198000292.0,200.0,0.0,200000000.0,1.0,2.0
620,4.845771144278607,1000000.0,124292094458.0,124491091041.0,5.0,201.0,1.0,198996583.0,201.0,0.0,201000000.0,1.0,2.0
621,4.800995024875622,1000000.0,124492094458.0,124691091166.0,7.0,201.0,1.0,198996708.0,201.0,0.0,201000000.0,1.0,2.0
622,4.536945812807882,1000000.0,124692094416.0,124892091041.0,5.0,203.0,1.0,199996625.0,203.0,0.0,203000000.0,1.0,2.0
623,4.91542288557214,1000000.0,124893094541.0,125091091000.0,5.0,201.0,1.0,197996459.0,201.0,0.0,201000000.0,1.0,2.0
624,4.766169154228856,1000000.0,125092094458.0,125292091375.0,5.0,201.0,1.0,199996917.0,201.0,0.0,201000000.0,1.0,1.0
625,4.606965174129353,1000000.0,125293094541.0,125491091125.0,6.0,201.0,1.0,197996584.0,201.0,0.0,201000000.0,1.0,2.0
626,4.818627450980392,1000000.0,125492094500.0,125692091000.0,5.0,204.0,1.0,199996500.0,204.0,0.0,204000000.0,1.0,3.0
627,4.82,1000000.0,125693091416.0,125892091208.0,6.0,200.0,1.0,198999792.0,200.0,0.0,200000000.0,1.0,1.0
628,4.4504950495049505,1000000.0,125893091208.0,126092091416.0,6.0,202.0,1.0,199000208.0,202.0,0.0,202000000.0,1.0,2.0
629,4.81,1000000.0,126093094416.0,126291091041.0,5.0,200.0,1.0,197996625.0,200.0,0.0,200000000.0,1.0,2.0
630,4.487562189054726,1000000.0,126292094458.0,126491094500.0,5.0,201.0,1.0,199000042.0,201.0,0.0,201000000.0,1.0,2.0
631,4.437810945273632,1000000.0,126492094500.0,126691094541.0,6.0,201.0,1.0,199000041.0,201.0,0.0,201000000.0,1.0,3.0
632,5.059701492537314,1000000.0,126692094500.0,126891094500.0,8.0,201.0,1.0,199000000.0,201.0,0.0,201000000.0,1.0,2.0
633,8.514851485148515,1000000.0,126892094291.0,127091091166.0,9.0,202.0,1.0,198996875.0,202.0,0.0,202000000.0,1.0,2.0
634,8.515,1000000.0,127092094333.0,127291091000.0,9.0,200.0,1.0,198996667.0,200.0,0.0,200000000.0,1.0,1.0
635,8.843137254901961,1000000.0,127292094500.0,127492091000.0,9.0,204.0,1.0,199996500.0,204.0,0.0,204000000.0,1.0,2.0
636,8.826732673267326,1000000.0,127493091000.0,127692091000.0,9.0,202.0,1.0,199000000.0,202.0,0.0,202000000.0,1.0,2.0
637,8.836633663366337,1000000.0,127693098500.0,127892090958.0,9.0,202.0,1.0,198992458.0,202.0,0.0,202000000.0,1.0,2.0
638,8.765,1000000.0,127893094458.0,128092091000.0,9.0,200.0,1.0,198996542.0,200.0,0.0,200000000.0,1.0,1.0
639,8.781094527363184,1000000.0,128093094500.0,128291091083.0,9.0,201.0,1.0,197996583.0,201.0,0.0,201000000.0,1.0,2.0
640,8.616915422885572,1000000.0,128292094375.0,128491091041.0,9.0,201.0,1.0,198996666.0,201.0,0.0,201000000.0,1.0,2.0
641,8.673267326732674,1000000.0,128492094291.0,128692091125.0,9.0,202.0,1.0,199996834.0,202.0,0.0,202000000.0,1.0,2.0
642,8.857142857142858,1000000.0,128693091083.0,128892091041.0,11.0,203.0,1.0,198999958.0,203.0,0.0,203000000.0,1.0,2.0
643,8.463054187192117,1000000.0,128893094416.0,129092090958.0,10.0,203.0,1.0,198996542.0,203.0,0.0,203000000.0,1.0,3.0
644,8.562189054726367,1000000.0,129093094500.0,129292091041.0,11.0,201.0,1.0,198996541.0,201.0,0.0,201000000.0,1.0,2.0
645,8.91542288557214,1000000.0,129293094541.0,129491091291.0,11.0,201.0,1.0,197996750.0,201.0,0.0,201000000.0,1.0,2.0
646,8.435643564356436,1000000.0,129492094416.0,129691091041.0,10.0,202.0,1.0,198996625.0,202.0,0.0,202000000.0,1.0,2.0
647,8.852216748768473,1000000.0,129692094500.0,129892091208.0,9.0,203.0,1.0,199996708.0,203.0,0.0,203000000.0,1.0,2.0
648,8.880597014925373,1000000.0,129893094416.0,130091091125.0,10.0,201.0,1.0,197996709.0,201.0,0.0,201000000.0,1.0,2.0
649,8.693069306930694,1000000.0,130092094500.0,130291091000.0,9.0,202.0,1.0,198996500.0,202.0,0.0,202000000.0,1.0,3.0
650,8.851485148514852,1000000.0,130292094458.0,130491094458.0,9.0,202.0,1.0,199000000.0,202.0,0.0,202000000.0,1.0,2.0
651,8.5,1000000.0,130492094416.0,130691094458.0,9.0,202.0,1.0,199000042.0,202.0,0.0,202000000.0,1.0,2.0
652,8.96551724137931,1000000.0,130692094500.0,130891091250.0,10.0,203.0,1.0,198996750.0,203.0,0.0,203000000.0,1.0,2.0
653,8.812807881773399,1000000.0,130892094500.0,131092091041.0,10.0,203.0,1.0,199996541.0,203.0,0.0,203000000.0,1.0,2.0
654,8.835,1000000.0,131093094291.0,131291091000.0,9.0,200.0,1.0,197996709.0,200.0,0.0,200000000.0,1.0,2.0
655,8.495,1000000.0,131292094333.0,131491091000.0,9.0,200.0,1.0,198996667.0,200.0,0.0,200000000.0,1.0,1.0
656,8.628712871287128,1000000.0,131492094375.0,131692091000.0,11.0,202.0,1.0,199996625.0,202.0,0.0,202000000.0,1.0,3.0
657,8.92,1000000.0,131693094375.0,131892091166.0,9.0,200.0,1.0,198996791.0,200.0,0.0,200000000.0,1.0,2.0
658,8.545,1000000.0,131893094500.0,132092091291.0,9.0,200.0,1.0,198996791.0,200.0,0.0,200000000.0,1.0,1.0
659,8.648514851485148,1000000.0,132093094375.0,132291091000.0,10.0,202.0,1.0,197996625.0,202.0,0.0,202000000.0,1.0,2.0
660,8.628712871287128,1000000.0,132292094541.0,132491091041.0,9.0,202.0,1.0,198996500.0,202.0,0.0,202000000.0,1.0,2.0
661,8.810945273631841,1000000.0,132492094250.0,132691094333.0,10.0,201.0,1.0,199000083.0,201.0,0.0,201000000.0,1.0,2.0
662,8.668316831683168,1000000.0,132692094500.0,132892091041.0,10.0,202.0,1.0,199996541.0,202.0,0.0,202000000.0,1.0,2.0
663,8.552238805970148,1000000.0,132893091083.0,133092091000.0,9.0,201.0,1.0,198999917.0,201.0,0.0,201000000.0,1.0,2.0
664,8.467661691542288,1000000.0,133093091000.0,133292091041.0,9.0,201.0,1.0,199000041.0,201.0,0.0,201000000.0,1.0,2.0
665,8.361386138613861,1000000.0,133293094458.0,133492091291.0,9.0,202.0,1.0,198996833.0,202.0,0.0,202000000.0,1.0,3.0
666,8.676616915422885,1000000.0,133493094500.0,133691094500.0,9.0,201.0,1.0,198000000.0,201.0,0.0,201000000.0,1.0,2.0
667,8.591133004926109,1000000.0,133692094416.0,133891094500.0,11.0,203.0,1.0,199000084.0,203.0,0.0,203000000.0,1.0,2.0
668,8.655,1000000.0,133892094541.0,134091094458.0,10.0,200.0,1.0,198999917.0,200.0,0.0,200000000.0,1.0,1.0
669,8.618811881188119,1000000.0,134092094583.0,134292090958.0,10.0,202.0,1.0,199996375.0,202.0,0.0,202000000.0,1.0,2.0
670,6.217821782178218,1000000.0,134293094458.0,134491091083.0,10.0,202.0,1.0,197996625.0,202.0,0.0,202000000.0,1.0,2.0
671,4.5721393034825875,1000000.0,134492094583.0,134691094583.0,5.0,201.0,1.0,199000000.0,201.0,0.0,201000000.0,1.0,2.0
672,4.477611940298507,1000000.0,134692094458.0,134891091041.0,5.0,201.0,1.0,198996583.0,201.0,0.0,201000000.0,1.0,2.0
673,4.574257425742574,1000000.0,134892094500.0,135091091083.0,6.0,202.0,1.0,198996583.0,202.0,0.0,202000000.0,1.0,2.0
674,4.702970297029703,1000000.0,135092094500.0,135292091041.0,5.0,202.0,1.0,199996541.0,202.0,0.0,202000000.0,1.0,2.0
675,4.767326732673268,1000000.0,135293091041.0,135492091041.0,6.0,202.0,1.0,199000000.0,202.0,0.0,202000000.0,1.0,2.0
676,4.91542288557214,1000000.0,135493094583.0,135692091000.0,5.0,201.0,1.0,198996417.0,201.0,0.0,201000000.0,1.0,2.0
677,4.53960396039604,1000000.0,135693094416.0,135892091083.0,7.0,202.0,1.0,198996667.0,202.0,0.0,202000000.0,1.0,2.0
678,4.800995024875622,1000000.0,135893094583.0,136092091333.0,6.0,201.0,1.0,198996750.0,201.0,0.0,201000000.0,1.0,2.0
679,4.733990147783251,1000000.0,136093094500.0,136292091166.0,5.0,203.0,1.0,198996666.0,203.0,0.0,203000000.0,1.0,2.0
680,4.388059701492537,1000000.0,136293094458.0,136491091083.0,5.0,201.0,1.0,197996625.0,201.0,0.0,201000000.0,1.0,2.0
681,4.756218905472637,1000000.0,136492094500.0,136691094541.0,6.0,201.0,1.0,199000041.0,201.0,0.0,201000000.0,1.0,2.0
682,4.906403940886699,1000000.0,136692094500.0,136892091125.0,7.0,203.0,1.0,199996625.0,203.0,0.0,203000000.0,1.0,2.0
683,4.577889447236181,1000000.0,136893091250.0,137091094416.0,5.0,199.0,1.0,198003166.0,199.0,0.0,199000000.0,1.0,1.0
684,4.7772277227722775,1000000.0,137092094541.0,137291094541.0,6.0,202.0,1.0,199000000.0,202.0,0.0,202000000.0,1.0,3.0
685,4.856435643564357,1000000.0,137292094458.0,137491091125.0,6.0,202.0,1.0,198996667.0,202.0,0.0,202000000.0,1.0,3.0
686,4.875,1000000.0,137492094500.0,137691091083.0,5.0,200.0,1.0,198996583.0,200.0,0.0,200000000.0,1.0,1.0
687,4.599009900990099,1000000.0,137692094458.0,137892091041.0,5.0,202.0,1.0,199996583.0,202.0,0.0,202000000.0,1.0,2.0
688,4.676616915422885,1000000.0,137893094541.0,138091091250.0,5.0,201.0,1.0,197996709.0,201.0,0.0,201000000.0,1.0,2.0
689,4.7611940298507465,1000000.0,138092094500.0,138291091208.0,5.0,201.0,1.0,198996708.0,201.0,0.0,201000000.0,1.0,2.0
690,4.556650246305419,1000000.0,138292094583.0,138492091000.0,5.0,203.0,1.0,199996417.0,203.0,0.0,203000000.0,1.0,2.0
691,4.696517412935323,1000000.0,138493091250.0,138692091333.0,6.0,201.0,1.0,199000083.0,201.0,0.0,201000000.0,1.0,2.0
692,5.00990099009901,1000000.0,138693094375.0,138891094500.0,8.0,202.0,1.0,198000125.0,202.0,0.0,202000000.0,1.0,2.0
693,4.512437810945274,1000000.0,138892098291.0,139091091041.0,5.0,201.0,1.0,198992750.0,201.0,0.0,201000000.0,1.0,2.0
694,4.623762376237623,1000000.0,139092094583.0,139291091250.0,5.0,202.0,1.0,198996667.0,202.0,0.0,202000000.0,1.0,2.0
695,4.729064039408867,1000000.0,139292094458.0,139492091041.0,6.0,203.0,1.0,199996583.0,203.0,0.0,203000000.0,1.0,2.0
696,4.810945273631841,1000000.0,139493094458.0,139692091083.0,6.0,201.0,1.0,198996625.0,201.0,0.0,201000000.0,1.0,2.0
697,4.65,1000000.0,139693094500.0,139891091291.0,5.0,200.0,1.0,197996791.0,200.0,0.0,200000000.0,1.0,2.0
698,4.793103448275862,1000000.0,139892094458.0,140091091083.0,7.0,203.0,1.0,198996625.0,203.0,0.0,203000000.0,1.0,3.0
699,4.7164179104477615,1000000.0,140092094500.0,140292091250.0,5.0,201.0,1.0,199996750.0,201.0,0.0,201000000.0,1.0,1.0
700,4.835820895522388,1000000.0,140293091083.0,140492091041.0,6.0,201.0,1.0,198999958.0,201.0,0.0,201000000.0,1.0,2.0
701,4.6683168316831685,1000000.0,140493094458.0,140692091000.0,5.0,202.0,1.0,198996542.0,202.0,0.0,202000000.0,1.0,2.0
702,4.745,1000000.0,140693094583.0,140892091000.0,5.0,200.0,1.0,198996417.0,200.0,0.0,200000000.0,1.0,1.0
703,4.855,1000000.0,140893094333.0,141092091125.0,6.0,200.0,1.0,198996792.0,200.0,0.0,200000000.0,1.0,1.0
704,4.592039800995025,1000000.0,141093094500.0,141291094500.0,5.0,201.0,1.0,198000000.0,201.0,0.0,201000000.0,1.0,2.0
705,4.675,1000000.0,141292094333.0,141491094541.0,5.0,200.0,1.0,199000208.0,200.0,0.0,200000000.0,1.0,1.0
706,5.522388059701493,1000000.0,141492094541.0,141691094500.0,7.0,201.0,1.0,198999959.0,201.0,0.0,201000000.0,1.0,2.0
707,5.029850746268656,1000000.0,141692094416.0,141891094375.0,9.0,201.0,1.0,198999959.0,201.0,0.0,201000000.0,1.0,2.0
708,8.41871921182266,1000000.0,141892094291.0,142091091041.0,9.0,203.0,1.0,198996750.0,203.0,0.0,203000000.0,1.0,2.0
709,8.825,1000000.0,142092094375.0,142291091041.0,9.0,200.0,1.0,198996666.0,200.0,0.0,200000000.0,1.0,1.0
710,8.876237623762377,1000000.0,142292094375.0,142492091250.0,9.0,202.0,1.0,199996875.0,202.0,0.0,202000000.0,1.0,2.0
711,8.905940594059405,1000000.0,142493091208.0,142692091291.0,10.0,202.0,1.0,199000083.0,202.0,0.0,202000000.0,1.0,2.0
712,8.512437810945274,1000000.0,142693091083.0,142892091208.0,9.0,201.0,1.0,199000125.0,201.0,0.0,201000000.0,1.0,2.0
713,8.73134328358209,1000000.0,142893094333.0,143092091041.0,11.0,201.0,1.0,198996708.0,201.0,0.0,201000000.0,1.0,2.0
714,8.835820895522389,1000000.0,143093094291.0,143291094333.0,9.0,201.0,1.0,198000042.0,201.0,0.0,201000000.0,1.0,2.0
715,8.75,1000000.0,143292094416.0,143491091083.0,10.0,200.0,1.0,198996667.0,200.0,0.0,200000000.0,1.0,1.0
716,8.603960396039604,1000000.0,143492094333.0,143691094291.0,9.0,202.0,1.0,198999958.0,202.0,0.0,202000000.0,1.0,2.0
717,9.1871921182266,1000000.0,143692094500.0,143892091250.0,10.0,203.0,1.0,199996750.0,203.0,0.0,203000000.0,1.0,2.0
718,8.995,1000000.0,143893091166.0,144091091000.0,11.0,200.0,1.0,197999834.0,200.0,0.0,200000000.0,1.0,2.0
719,8.5,1000000.0,144092094458.0,144292091208.0,9.0,202.0,1.0,199996750.0,202.0,0.0,202000000.0,1.0,2.0
720,8.457711442786069,1000000.0,144293094458.0,144492091125.0,9.0,201.0,1.0,198996667.0,201.0,0.0,201000000.0,1.0,2.0
721,8.522388059701493,1000000.0,144493091291.0,144692091041.0,9.0,201.0,1.0,198999750.0,201.0,0.0,201000000.0,1.0,2.0
722,8.55,1000000.0,144693094375.0,144891091041.0,9.0,200.0,1.0,197996666.0,200.0,0.0,200000000.0,1.0,2.0
723,9.07462686567164,1000000.0,144892094416.0,145091091041.0,11.0,201.0,1.0,198996625.0,201.0,0.0,201000000.0,1.0,2.0
724,8.747524752475247,1000000.0,145092094291.0,145292091041.0,10.0,202.0,1.0,199996750.0,202.0,0.0,202000000.0,1.0,2.0
725,8.93,1000000.0,145293094333.0,145492090958.0,9.0,200.0,1.0,198996625.0,200.0,0.0,200000000.0,1.0,2.0
726,8.816831683168317,1000000.0,145493091250.0,145691094416.0,9.0,202.0,1.0,198003166.0,202.0,0.0,202000000.0,1.0,2.0
727,8.796019900497512,1000000.0,145692094458.0,145891094458.0,9.0,201.0,1.0,199000000.0,201.0,0.0,201000000.0,1.0,2.0
728,8.633663366336634,1000000.0,145892094416.0,146092091250.0,10.0,202.0,1.0,199996834.0,202.0,0.0,202000000.0,1.0,2.0
729,8.676616915422885,1000000.0,146093094458.0,146292091208.0,9.0,201.0,1.0,198996750.0,201.0,0.0,201000000.0,1.0,2.0
730,8.716417910447761,1000000.0,146293091208.0,146492091208.0,9.0,201.0,1.0,199000000.0,201.0,0.0,201000000.0,1.0,2.0
731,8.43718592964824,1000000.0,146493091291.0,146691091041.0,9.0,199.0,1.0,197999750.0,199.0,0.0,199000000.0,1.0,2.0
732,8.534653465346535,1000000.0,146692094416.0,146892091333.0,9.0,202.0,1.0,199996917.0,202.0,0.0,202000000.0,1.0,2.0
733,8.44059405940594,1000000.0,146893094458.0,147092091000.0,9.0,202.0,1.0,198996542.0,202.0,0.0,202000000.0,1.0,2.0
734,8.616915422885572,1000000.0,147093094500.0,147292091000.0,9.0,201.0,1.0,198996500.0,201.0,0.0,201000000.0,1.0,2.0
735,8.75,1000000.0,147293094541.0,147491091041.0,9.0,200.0,1.0,197996500.0,200.0,0.0,200000000.0,1.0,2.0
736,8.960199004975124,1000000.0,147492094541.0,147691094333.0,10.0,201.0,1.0,198999792.0,201.0,0.0,201000000.0,1.0,2.0
737,8.855721393034825,1000000.0,147692094416.0,147891091000.0,10.0,201.0,1.0,198996584.0,201.0,0.0,201000000.0,1.0,2.0
738,8.597014925373134,1000000.0,147892094416.0,148091091041.0,10.0,201.0,1.0,198996625.0,201.0,0.0,201000000.0,1.0,2.0
739,8.846534653465346,1000000.0,148092094500.0,148292091041.0,11.0,202.0,1.0,199996541.0,202.0,0.0,202000000.0,1.0,2.0
740,8.87,1000000.0,148293094708.0,148491091000.0,10.0,200.0,1.0,197996292.0,200.0,0.0,200000000.0,1.0,2.0
741,8.851485148514852,1000000.0,148492094458.0,148691091125.0,11.0,202.0,1.0,198996667.0,202.0,0.0,202000000.0,1.0,2.0
742,8.574257425742575,1000000.0,148692094333.0,148892090958.0,10.0,202.0,1.0,199996625.0,202.0,0.0,202000000.0,1.0,2.0
743,8.226130653266331,1000000.0,148893094541.0,149091091250.0,11.0,199.0,1.0,197996709.0,199.0,0.0,199000000.0,1.0,2.0
744,8.866995073891626,1000000.0,149092094833.0,149292091375.0,10.0,203.0,1.0,199996542.0,203.0,0.0,203000000.0,1.0,2.0
745,5.980099502487562,1000000.0,149293094500.0,149492091250.0,9.0,201.0,1.0,198996750.0,201.0,0.0,201000000.0,1.0,2.0
746,4.567164179104478,1000000.0,149493094416.0,149692091250.0,5.0,201.0,1.0,198996834.0,201.0,0.0,201000000.0,1.0,2.0
747,4.5125628140703515,1000000.0,149693091166.0,149891091166.0,5.0,199.0,1.0,198000000.0,199.0,0.0,199000000.0,1.0,1.0
748,4.665024630541872,1000000.0,149892094458.0,150092091000.0,7.0,203.0,1.0,199996542.0,203.0,0.0,203000000.0,1.0,3.0
749,4.805,1000000.0,150093094500.0,150291094500.0,6.0,200.0,1.0,198000000.0,200.0,0.0,200000000.0,1.0,2.0
750,4.6716417910447765,1000000.0,150292094375.0,150491094500.0,5.0,201.0,1.0,199000125.0,201.0,0.0,201000000.0,1.0,2.0
751,4.663366336633663,1000000.0,150492094708.0,150692091166.0,5.0,202.0,1.0,199996458.0,202.0,0.0,202000000.0,1.0,2.0
752,4.840796019900497,1000000.0,150693091166.0,150892091041.0,5.0,201.0,1.0,198999875.0,201.0,0.0,201000000.0,1.0,2.0
753,4.522388059701493,1000000.0,150893094541.0,151092091125.0,5.0,201.0,1.0,198996584.0,201.0,0.0,201000000.0,1.0,2.0
754,4.651741293532338,1000000.0,151093091250.0,151292091291.0,6.0,201.0,1.0,199000041.0,201.0,0.0,201000000.0,1.0,2.0
755,4.906403940886699,1000000.0,151293091250.0,151492091458.0,6.0,203.0,1.0,199000208.0,203.0,0.0,203000000.0,1.0,3.0
756,4.72,1000000.0,151493094458.0,151692090958.0,6.0,200.0,1.0,198996500.0,200.0,0.0,200000000.0,1.0,1.0
757,4.846534653465347,1000000.0,151693094541.0,151892091083.0,5.0,202.0,1.0,198996542.0,202.0,0.0,202000000.0,1.0,2.0
758,4.724137931034483,1000000.0,151893094375.0,152092091250.0,6.0,203.0,1.0,198996875.0,203.0,0.0,203000000.0,1.0,2.0
759,4.52970297029703,1000000.0,152093091083.0,152291094500.0,5.0,202.0,1.0,198003417.0,202.0,0.0,202000000.0,1.0,2.0
760,4.6318407960199,1000000.0,152292094458.0,152491094541.0,7.0,201.0,1.0,199000083.0,201.0,0.0,201000000.0,1.0,2.0
761,4.589108910891089,1000000.0,152492094541.0,152692091166.0,7.0,202.0,1.0,199996625.0,202.0,0.0,202000000.0,1.0,2.0
762,4.53,1000000.0,152693094333.0,152891094541.0,5.0,200.0,1.0,198000208.0,200.0,0.0,200000000.0,1.0,2.0
763,4.383084577114428,1000000.0,152892094416.0,153091091041.0,5.0,201.0,1.0,198996625.0,201.0,0.0,201000000.0,1.0,2.0
764,4.638613861386139,1000000.0,153092094500.0,153291094625.0,5.0,202.0,1.0,199000125.0,202.0,0.0,202000000.0,1.0,2.0
765,4.663366336633663,1000000.0,153292094541.0,153492091041.0,5.0,202.0,1.0,199996500.0,202.0,0.0,202000000.0,1.0,2.0
766,4.562189054726368,1000000.0,153493091083.0,153692091000.0,5.0,201.0,1.0,198999917.0,201.0,0.0,201000000.0,1.0,2.0
767,4.49009900990099,1000000.0,153693094500.0,153892091250.0,5.0,202.0,1.0,198996750.0,202.0,0.0,202000000.0,1.0,2.0
768,4.605,1000000.0,153893094625.0,154091094500.0,9.0,200.0,1.0,197999875.0,200.0,0.0,200000000.0,1.0,2.0
769,4.430693069306931,1000000.0,154092094666.0,154291091458.0,6.0,202.0,1.0,198996792.0,202.0,0.0,202000000.0,1.0,2.0
770,4.838235294117647,1000000.0,154292094583.0,154492091250.0,5.0,204.0,1.0,199996667.0,204.0,0.0,204000000.0,1.0,2.0
771,4.8040201005025125,1000000.0,154493094416.0,154691094583.0,7.0,199.0,1.0,198000167.0,199.0,0.0,199000000.0,1.0,1.0
772,4.698019801980198,1000000.0,154692094500.0,154892091291.0,5.0,202.0,1.0,199996791.0,202.0,0.0,202000000.0,1.0,2.0
773,4.731343283582089,1000000.0,154893104333.0,155091091083.0,7.0,201.0,1.0,197986750.0,201.0,0.0,201000000.0,1.0,2.0
774,4.801980198019802,1000000.0,155092094333.0,155291091125.0,7.0,202.0,1.0,198996792.0,202.0,0.0,202000000.0,1.0,3.0
775,4.792079207920792,1000000.0,155292094416.0,155492091000.0,5.0,202.0,1.0,199996584.0,202.0,0.0,202000000.0,1.0,2.0
776,4.955,1000000.0,155493091083.0,155691091250.0,5.0,200.0,1.0,198000167.0,200.0,0.0,200000000.0,1.0,2.0
777,4.318407960199005,1000000.0,155692094375.0,155891091041.0,6.0,201.0,1.0,198996666.0,201.0,0.0,201000000.0,1.0,2.0
778,4.685,1000000.0,155892094541.0,156091091208.0,5.0,200.0,1.0,198996667.0,200.0,0.0,200000000.0,1.0,2.0
779,4.7711442786069655,1000000.0,156092094541.0,156292091333.0,6.0,201.0,1.0,199996792.0,201.0,0.0,201000000.0,1.0,1.0
780,4.8817733990147785,1000000.0,156293091166.0,156492091166.0,6.0,203.0,1.0,199000000.0,203.0,0.0,203000000.0,1.0,2.0
781,4.711442786069652,1000000.0,156493094416.0,156691094458.0,6.0,201.0,1.0,198000042.0,201.0,0.0,201000000.0,1.0,2.0
782,5.014851485148514,1000000.0,156692094541.0,156892091291.0,9.0,202.0,1.0,199996750.0,202.0,0.0,202000000.0,1.0,2.0
783,8.462686567164178,1000000.0,156893091208.0,157091091041.0,9.0,201.0,1.0,197999833.0,201.0,0.0,201000000.0,1.0,2.0
784,8.905940594059405,1000000.0,157092094416.0,157292091083.0,9.0,202.0,1.0,199996667.0,202.0,0.0,202000000.0,1.0,2.0
785,8.616915422885572,1000000.0,157293094416.0,157492091000.0,9.0,201.0,1.0,198996584.0,201.0,0.0,201000000.0,1.0,2.0
786,8.781094527363184,1000000.0,157493094416.0,157692091125.0,9.0,201.0,1.0,198996709.0,201.0,0.0,201000000.0,1.0,2.0
787,8.89,1000000.0,157693094541.0,157891091000.0,10.0,200.0,1.0,197996459.0,200.0,0.0,200000000.0,1.0,2.0
788,8.628712871287128,1000000.0,157892094375.0,158091091000.0,11.0,202.0,1.0,198996625.0,202.0,0.0,202000000.0,1.0,2.0
789,8.965174129353233,1000000.0,158092094500.0,158291091208.0,10.0,201.0,1.0,198996708.0,201.0,0.0,201000000.0,1.0,2.0
790,8.801980198019802,1000000.0,158292094541.0,158492091208.0,10.0,202.0,1.0,199996667.0,202.0,0.0,202000000.0,1.0,2.0
791,8.712871287128714,1000000.0,158493091250.0,158692091000.0,10.0,202.0,1.0,198999750.0,202.0,0.0,202000000.0,1.0,2.0
792,8.83,1000000.0,158693094416.0,158891091000.0,9.0,200.0,1.0,197996584.0,200.0,0.0,200000000.0,1.0,2.0
793,8.771144278606965,1000000.0,158892094541.0,159091094375.0,11.0,201.0,1.0,198999834.0,201.0,0.0,201000000.0,1.0,2.0
794,8.44059405940594,1000000.0,159092094458.0,159292091250.0,9.0,202.0,1.0,199996792.0,202.0,0.0,202000000.0,1.0,2.0
795,8.577114427860696,1000000.0,159293094583.0,159491094333.0,9.0,201.0,1.0,197999750.0,201.0,0.0,201000000.0,1.0,2.0
796,8.601990049751244,1000000.0,159492094458.0,159692091291.0,11.0,201.0,1.0,199996833.0,201.0,0.0,201000000.0,1.0,1.0
797,8.86,1000000.0,159693094333.0,159892091250.0,9.0,200.0,1.0,198996917.0,200.0,0.0,200000000.0,1.0,1.0
798,8.651741293532337,1000000.0,159893091250.0,160092091041.0,10.0,201.0,1.0,198999791.0,201.0,0.0,201000000.0,1.0,2.0
799,8.47,1000000.0,160093091083.0,160291094500.0,9.0,200.0,1.0,198003417.0,200.0,0.0,200000000.0,1.0,2.0
800,8.851485148514852,1000000.0,160292094375.0,160492091041.0,9.0,202.0,1.0,199996666.0,202.0,0.0,202000000.0,1.0,2.0
801,8.865,1000000.0,160493094500.0,160691091000.0,10.0,200.0,1.0,197996500.0,200.0,0.0,200000000.0,1.0,2.0
802,8.857142857142858,1000000.0,160692094583.0,160891091125.0,10.0,203.0,1.0,198996542.0,203.0,0.0,203000000.0,1.0,3.0
803,8.650246305418719,1000000.0,160892094500.0,161092091041.0,10.0,203.0,1.0,199996541.0,203.0,0.0,203000000.0,1.0,3.0
804,8.722772277227723,1000000.0,161093091250.0,161291091041.0,10.0,202.0,1.0,197999791.0,202.0,0.0,202000000.0,1.0,2.0
805,8.67156862745098,1000000.0,161292094375.0,161492091166.0,9.0,204.0,1.0,199996791.0,204.0,0.0,204000000.0,1.0,2.0
806,8.66,1000000.0,161493094500.0,161692091208.0,10.0,200.0,1.0,198996708.0,200.0,0.0,200000000.0,1.0,2.0
807,8.54726368159204,1000000.0,161693094500.0,161891091083.0,10.0,201.0,1.0,197996583.0,201.0,0.0,201000000.0,1.0,2.0
808,8.7,1000000.0,161892094583.0,162091094333.0,10.0,200.0,1.0,198999750.0,200.0,0.0,200000000.0,1.0,1.0
809,8.57920792079208,1000000.0,162092094416.0,162292091041.0,9.0,202.0,1.0,199996625.0,202.0,0.0,202000000.0,1.0,2.0
810,8.695,1000000.0,162293094250.0,162491094583.0,10.0,200.0,1.0,198000333.0,200.0,0.0,200000000.0,1.0,2.0
811,8.534653465346535,1000000.0,162492094291.0,162691094416.0,10.0,202.0,1.0,199000125.0,202.0,0.0,202000000.0,1.0,2.0
812,8.369458128078819,1000000.0,162692094458.0,162892091166.0,10.0,203.0,1.0,199996708.0,203.0,0.0,203000000.0,1.0,2.0
813,8.758793969849247,1000000.0,162893094458.0,163091091291.0,9.0,199.0,1.0,197996833.0,199.0,0.0,199000000.0,1.0,2.0
814,8.990049751243781,1000000.0,163092094333.0,163291091333.0,10.0,201.0,1.0,198997000.0,201.0,0.0,201000000.0,1.0,2.0
815,8.44059405940594,1000000.0,163292094458.0,163492091125.0,9.0,202.0,1.0,199996667.0,202.0,0.0,202000000.0,1.0,2.0
816,8.437810945273633,1000000.0,163493091208.0,163692091000.0,9.0,201.0,1.0,198999792.0,201.0,0.0,201000000.0,1.0,2.0
817,8.910891089108912,1000000.0,163693091000.0,163892091041.0,10.0,202.0,1.0,199000041.0,202.0,0.0,202000000.0,1.0,2.0
818,8.562189054726367,1000000.0,163893094333.0,164092091125.0,10.0,201.0,1.0,198996792.0,201.0,0.0,201000000.0,1.0,2.0
819,8.825,1000000.0,164093091583.0,164291091000.0,11.0,200.0,1.0,197999417.0,200.0,0.0,200000000.0,1.0,2.0
820,6.236453201970443,1000000.0,164292094291.0,164492091208.0,9.0,203.0,1.0,199996917.0,203.0,0.0,203000000.0,1.0,2.0
821,4.45,1000000.0,164493094458.0,164691094416.0,6.0,200.0,1.0,197999958.0,200.0,0.0,200000000.0,1.0,2.0
822,4.691542288557214,1000000.0,164692094583.0,164891095708.0,5.0,201.0,1.0,199001125.0,201.0,0.0,201000000.0,1.0,2.0
823,4.759803921568627,1000000.0,164892094625.0,165092090958.0,6.0,204.0,1.0,199996333.0,204.0,0.0,204000000.0,1.0,3.0
824,4.76,1000000.0,165093094541.0,165292091166.0,7.0,200.0,1.0,198996625.0,200.0,0.0,200000000.0,1.0,2.0
825,4.592039800995025,1000000.0,165293094625.0,165491091041.0,5.0,201.0,1.0,197996416.0,201.0,0.0,201000000.0,1.0,2.0
826,4.841584158415841,1000000.0,165492094541.0,165691091041.0,5.0,202.0,1.0,198996500.0,202.0,0.0,202000000.0,1.0,2.0
827,5.105,1000000.0,165692094500.0,165891091166.0,6.0,200.0,1.0,198996666.0,200.0,0.0,200000000.0,1.0,1.0
828,4.638613861386139,1000000.0,165892094666.0,166091090958.0,5.0,202.0,1.0,198996292.0,202.0,0.0,202000000.0,1.0,2.0
829,4.826732673267327,1000000.0,166092094416.0,166291091291.0,5.0,202.0,1.0,198996875.0,202.0,0.0,202000000.0,1.0,2.0
830,4.635467980295567,1000000.0,166292094583.0,166492091041.0,5.0,203.0,1.0,199996458.0,203.0,0.0,203000000.0,1.0,2.0
831,4.6318407960199,1000000.0,166493094416.0,166692091041.0,6.0,201.0,1.0,198996625.0,201.0,0.0,201000000.0,1.0,3.0
832,4.92,1000000.0,166693094625.0,166891094458.0,5.0,200.0,1.0,197999833.0,200.0,0.0,200000000.0,1.0,2.0
833,4.678217821782178,1000000.0,166892094416.0,167092091250.0,5.0,202.0,1.0,199996834.0,202.0,0.0,202000000.0,1.0,2.0
834,4.447761194029851,1000000.0,167093094416.0,167291091125.0,5.0,201.0,1.0,197996709.0,201.0,0.0,201000000.0,1.0,2.0
835,4.462686567164179,1000000.0,167292094458.0,167491091041.0,7.0,201.0,1.0,198996583.0,201.0,0.0,201000000.0,1.0,2.0
836,4.866336633663367,1000000.0,167492094500.0,167691091333.0,6.0,202.0,1.0,198996833.0,202.0,0.0,202000000.0,1.0,2.0
837,4.600985221674877,1000000.0,167692094458.0,167892091041.0,5.0,203.0,1.0,199996583.0,203.0,0.0,203000000.0,1.0,2.0
838,4.43,1000000.0,167893094500.0,168091094541.0,5.0,200.0,1.0,198000041.0,200.0,0.0,200000000.0,1.0,2.0
839,4.835820895522388,1000000.0,168092094500.0,168291094541.0,5.0,201.0,1.0,199000041.0,201.0,0.0,201000000.0,1.0,2.0
840,4.675,1000000.0,168292094416.0,168491094500.0,5.0,200.0,1.0,199000084.0,200.0,0.0,200000000.0,1.0,1.0
841,4.405940594059406,1000000.0,168492094291.0,168691090958.0,6.0,202.0,1.0,198996667.0,202.0,0.0,202000000.0,1.0,2.0
842,4.532019704433497,1000000.0,168692094541.0,168892091041.0,6.0,203.0,1.0,199996500.0,203.0,0.0,203000000.0,1.0,2.0
843,4.56,1000000.0,168893094666.0,169091094500.0,5.0,200.0,1.0,197999834.0,200.0,0.0,200000000.0,1.0,2.0
844,4.816831683168317,1000000.0,169092094541.0,169291091041.0,7.0,202.0,1.0,198996500.0,202.0,0.0,202000000.0,1.0,2.0
845,4.955223880597015,1000000.0,169292094500.0,169491091041.0,6.0,201.0,1.0,198996541.0,201.0,0.0,201000000.0,1.0,2.0
846,4.655172413793103,1000000.0,169492094416.0,169692091208.0,6.0,203.0,1.0,199996792.0,203.0,0.0,203000000.0,1.0,2.0
847,4.9502487562189055,1000000.0,169693094458.0,169892091250.0,6.0,201.0,1.0,198996792.0,201.0,0.0,201000000.0,1.0,2.0
848,4.651741293532338,1000000.0,169893091208.0,170091094458.0,6.0,201.0,1.0,198003250.0,201.0,0.0,201000000.0,1.0,2.0
849,4.477611940298507,1000000.0,170092094500.0,170291094458.0,5.0,201.0,1.0,198999958.0,201.0,0.0,201000000.0,1.0,2.0
850,4.63,1000000.0,170292094541.0,170491091083.0,5.0,200.0,1.0,198996542.0,200.0,0.0,200000000.0,1.0,1.0
851,4.8861386138613865,1000000.0,170492095958.0,170691091083.0,5.0,202.0,1.0,198995125.0,202.0,0.0,202000000.0,1.0,2.0
852,4.6138613861386135,1000000.0,170692094500.0,170892091041.0,5.0,202.0,1.0,199996541.0,202.0,0.0,202000000.0,1.0,2.0
853,4.577889447236181,1000000.0,170893091208.0,171091094541.0,5.0,199.0,1.0,198003333.0,199.0,0.0,199000000.0,1.0,1.0
854,4.7772277227722775,1000000.0,171092094458.0,171291091000.0,5.0,202.0,1.0,198996542.0,202.0,0.0,202000000.0,1.0,2.0
855,4.855721393034826,1000000.0,171292094541.0,171491094458.0,5.0,201.0,1.0,198999917.0,201.0,0.0,201000000.0,1.0,2.0
856,4.826732673267327,1000000.0,171492094541.0,171691091291.0,6.0,202.0,1.0,198996750.0,202.0,0.0,202000000.0,1.0,2.0
857,5.270935960591133,1000000.0,171692094541.0,171892091208.0,9.0,203.0,1.0,199996667.0,203.0,0.0,203000000.0,1.0,2.0
858,8.57920792079208,1000000.0,171893094541.0,172092091000.0,11.0,202.0,1.0,198996459.0,202.0,0.0,202000000.0,1.0,2.0
859,8.398009950248756,1000000.0,172093094375.0,172291094458.0,10.0,201.0,1.0,198000083.0,201.0,0.0,201000000.0,1.0,2.0
860,8.955665024630543,1000000.0,172292094416.0,172491091083.0,10.0,203.0,1.0,198996667.0,203.0,0.0,203000000.0,1.0,3.0
861,8.91044776119403,1000000.0,172492094375.0,172692091208.0,9.0,201.0,1.0,199996833.0,201.0,0.0,201000000.0,1.0,2.0
862,8.82587064676617,1000000.0,172693091166.0,172891094500.0,10.0,201.0,1.0,198003334.0,201.0,0.0,201000000.0,1.0,2.0
863,8.84,1000000.0,172892094458.0,173091091041.0,9.0,200.0,1.0,198996583.0,200.0,0.0,200000000.0,1.0,2.0
864,8.810945273631841,1000000.0,173092094416.0,173291091000.0,9.0,201.0,1.0,198996584.0,201.0,0.0,201000000.0,1.0,2.0
865,8.866336633663366,1000000.0,173292094333.0,173491091041.0,10.0,202.0,1.0,198996708.0,202.0,0.0,202000000.0,1.0,2.0
866,8.783251231527094,1000000.0,173492094500.0,173692091083.0,10.0,203.0,1.0,199996583.0,203.0,0.0,203000000.0,1.0,2.0
867,8.985074626865671,1000000.0,173693094416.0,173891091291.0,10.0,201.0,1.0,197996875.0,201.0,0.0,201000000.0,1.0,2.0
868,8.601990049751244,1000000.0,173892094333.0,174091094333.0,9.0,201.0,1.0,199000000.0,201.0,0.0,201000000.0,1.0,2.0
869,8.631840796019901,1000000.0,174092094333.0,174291094458.0,11.0,201.0,1.0,199000125.0,201.0,0.0,201000000.0,1.0,2.0
870,8.611940298507463,1000000.0,174292094291.0,174491091000.0,9.0,201.0,1.0,198996709.0,201.0,0.0,201000000.0,1.0,2.0
871,8.696517412935323,1000000.0,174492094500.0,174691091041.0,9.0,201.0,1.0,198996541.0,201.0,0.0,201000000.0,1.0,2.0
872,8.509900990099009,1000000.0,174692094541.0,174892091166.0,9.0,202.0,1.0,199996625.0,202.0,0.0,202000000.0,1.0,2.0
873,8.742574257425742,1000000.0,174893094416.0,175092091041.0,9.0,202.0,1.0,198996625.0,202.0,0.0,202000000.0,1.0,2.0
874,8.795,1000000.0,175093094250.0,175291091041.0,10.0,200.0,1.0,197996791.0,200.0,0.0,200000000.0,1.0,2.0
875,8.94088669950739,1000000.0,175292094500.0,175492091125.0,10.0,203.0,1.0,199996625.0,203.0,0.0,203000000.0,1.0,2.0
876,8.905,1000000.0,175493094583.0,175691094375.0,10.0,200.0,1.0,197999792.0,200.0,0.0,200000000.0,1.0,2.0
877,8.673267326732674,1000000.0,175692094541.0,175891091166.0,9.0,202.0,1.0,198996625.0,202.0,0.0,202000000.0,1.0,2.0
878,8.599009900990099,1000000.0,175892094458.0,176092091208.0,10.0,202.0,1.0,199996750.0,202.0,0.0,202000000.0,1.0,2.0
879,8.97,1000000.0,176093091083.0,176291094458.0,10.0,200.0,1.0,198003375.0,200.0,0.0,200000000.0,1.0,2.0
880,8.656716417910447,1000000.0,176292094333.0,176492090958.0,9.0,201.0,1.0,199996625.0,201.0,0.0,201000000.0,1.0,1.0
881,8.495049504950495,1000000.0,176493094416.0,176692091250.0,9.0,202.0,1.0,198996834.0,202.0,0.0,202000000.0,1.0,2.0
882,8.99502487562189,1000000.0,176693094458.0,176892091041.0,10.0,201.0,1.0,198996583.0,201.0,0.0,201000000.0,1.0,2.0
883,8.865671641791044,1000000.0,176893094458.0,177092091208.0,10.0,201.0,1.0,198996750.0,201.0,0.0,201000000.0,1.0,2.0
884,8.534653465346535,1000000.0,177093094375.0,177292091250.0,9.0,202.0,1.0,198996875.0,202.0,0.0,202000000.0,1.0,3.0
885,8.78,1000000.0,177293094583.0,177491091125.0,9.0,200.0,1.0,197996542.0,200.0,0.0,200000000.0,1.0,2.0
886,8.817733990147783,1000000.0,177492094416.0,177692091083.0,10.0,203.0,1.0,199996667.0,203.0,0.0,203000000.0,1.0,2.0
887,8.925,1000000.0,177693094333.0,177892091083.0,10.0,200.0,1.0,198996750.0,200.0,0.0,200000000.0,1.0,1.0
888,8.756218905472636,1000000.0,177893091041.0,178092091125.0,9.0,201.0,1.0,199000084.0,201.0,0.0,201000000.0,1.0,2.0
889,8.875,1000000.0,178093094333.0,178291094416.0,10.0,200.0,1.0,198000083.0,200.0,0.0,200000000.0,1.0,2.0
890,9.123152709359609,1000000.0,178292094458.0,178491091000.0,10.0,203.0,1.0,198996542.0,203.0,0.0,203000000.0,1.0,2.0
891,8.681592039800995,1000000.0,178492094666.0,178691094291.0,9.0,201.0,1.0,198999625.0,201.0,0.0,201000000.0,1.0,2.0
892,8.806930693069306,1000000.0,178692094375.0,178892091000.0,10.0,202.0,1.0,199996625.0,202.0,0.0,202000000.0,1.0,2.0
893,8.648514851485148,1000000.0,178893094500.0,179092091208.0,9.0,202.0,1.0,198996708.0,202.0,0.0,202000000.0,1.0,2.0
894,8.77,1000000.0,179093094458.0,179291094500.0,10.0,200.0,1.0,198000042.0,200.0,0.0,200000000.0,1.0,2.0
895,6.064676616915423,1000000.0,179292094458.0,179491094625.0,9.0,201.0,1.0,199000167.0,201.0,0.0,201000000.0,1.0,2.0
896,4.46078431372549,1000000.0,179492094333.0,179692091250.0,6.0,204.0,1.0,199996917.0,204.0,0.0,204000000.0,1.0,2.0
897,5.03960396039604,1000000.0,179693091291.0,179892091000.0,6.0,202.0,1.0,198999709.0,202.0,0.0,202000000.0,1.0,2.0
898,4.7611940298507465,1000000.0,179893091208.0,180091091125.0,5.0,201.0,1.0,197999917.0,201.0,0.0,201000000.0,1.0,2.0
899,4.437810945273632,1000000.0,180092094541.0,180291091083.0,5.0,201.0,1.0,198996542.0,201.0,0.0,201000000.0,1.0,2.0
900,4.653465346534653,1000000.0,180292094541.0,180491094750.0,5.0,202.0,1.0,199000209.0,202.0,0.0,202000000.0,1.0,2.0
901,4.732673267326732,1000000.0,180492094458.0,180692091041.0,5.0,202.0,1.0,199996583.0,202.0,0.0,202000000.0,1.0,2.0
902,4.72,1000000.0,180693094500.0,180892091250.0,6.0,200.0,1.0,198996750.0,200.0,0.0,200000000.0,1.0,1.0
903,4.38,1000000.0,180893094458.0,181092091208.0,5.0,200.0,1.0,198996750.0,200.0,0.0,200000000.0,1.0,2.0
904,4.656716417910448,1000000.0,181093094375.0,181292091208.0,6.0,201.0,1.0,198996833.0,201.0,0.0,201000000.0,1.0,2.0
905,4.565,1000000.0,181293091208.0,181491094541.0,5.0,200.0,1.0,198003333.0,200.0,0.0,200000000.0,1.0,2.0
906,4.787128712871287,1000000.0,181492094500.0,181692091000.0,5.0,202.0,1.0,199996500.0,202.0,0.0,202000000.0,1.0,2.0
907,5.064676616915423,1000000.0,181693091333.0,181891091125.0,7.0,201.0,1.0,197999792.0,201.0,0.0,201000000.0,1.0,2.0
908,4.673267326732673,1000000.0,181892094416.0,182091094458.0,6.0,202.0,1.0,199000042.0,202.0,0.0,202000000.0,1.0,2.0
909,4.557213930348259,1000000.0,182092094333.0,182291094416.0,6.0,201.0,1.0,199000083.0,201.0,0.0,201000000.0,1.0,2.0
910,4.861386138613861,1000000.0,182292094333.0,182492091166.0,6.0,202.0,1.0,199996833.0,202.0,0.0,202000000.0,1.0,2.0
911,4.61,1000000.0,182493091208.0,182692091083.0,5.0,200.0,1.0,198999875.0,200.0,0.0,200000000.0,1.0,1.0
912,4.801980198019802,1000000.0,182693091083.0,182891094500.0,7.0,202.0,1.0,198003417.0,202.0,0.0,202000000.0,1.0,3.0
913,4.768472906403941,1000000.0,182892094416.0,183092091041.0,6.0,203.0,1.0,199996625.0,203.0,0.0,203000000.0,1.0,3.0
914,4.53,1000000.0,183093094416.0,183292091125.0,5.0,200.0,1.0,198996709.0,200.0,0.0,200000000.0,1.0,1.0
915,4.7164179104477615,1000000.0,183293094541.0,183491091041.0,5.0,201.0,1.0,197996500.0,201.0,0.0,201000000.0,1.0,2.0
916,4.806930693069307,1000000.0,183492094416.0,183691094500.0,5.0,202.0,1.0,199000084.0,202.0,0.0,202000000.0,1.0,2.0
917,4.46039603960396,1000000.0,183692094458.0,183891094500.0,5.0,202.0,1.0,199000042.0,202.0,0.0,202000000.0,1.0,2.0
918,4.5495049504950495,1000000.0,183892094458.0,184091091291.0,5.0,202.0,1.0,198996833.0,202.0,0.0,202000000.0,1.0,2.0
919,4.643564356435643,1000000.0,184092094375.0,184292091333.0,5.0,202.0,1.0,199996958.0,202.0,0.0,202000000.0,1.0,2.0
920,4.920398009950249,1000000.0,184293091291.0,184492091083.0,7.0,201.0,1.0,198999792.0,201.0,0.0,201000000.0,1.0,2.0
921,4.611940298507463,1000000.0,184493094541.0,184691094500.0,5.0,201.0,1.0,197999959.0,201.0,0.0,201000000.0,1.0,2.0
922,4.782178217821782,1000000.0,184692094333.0,184892091166.0,6.0,202.0,1.0,199996833.0,202.0,0.0,202000000.0,1.0,3.0
923,4.835,1000000.0,184893094458.0,185091090958.0,5.0,200.0,1.0,197996500.0,200.0,0.0,200000000.0,1.0,2.0
924,4.638613861386139,1000000.0,185092094500.0,185292091416.0,5.0,202.0,1.0,199996916.0,202.0,0.0,202000000.0,1.0,2.0
925,4.402010050251256,1000000.0,185293091125.0,185491094416.0,5.0,199.0,1.0,198003291.0,199.0,0.0,199000000.0,1.0,2.0
926,4.5495049504950495,1000000.0,185492094458.0,185692091166.0,5.0,202.0,1.0,199996708.0,202.0,0.0,202000000.0,1.0,2.0
927,4.819095477386934,1000000.0,185693094541.0,185891094333.0,6.0,199.0,1.0,197999792.0,199.0,0.0,199000000.0,1.0,1.0
928,4.801980198019802,1000000.0,185892094541.0,186092091083.0,6.0,202.0,1.0,199996542.0,202.0,0.0,202000000.0,1.0,2.0
929,4.945812807881773,1000000.0,186093091000.0,186292091000.0,5.0,203.0,1.0,199000000.0,203.0,0.0,203000000.0,1.0,2.0
930,4.711442786069652,1000000.0,186293090958.0,186492091041.0,5.0,201.0,1.0,199000083.0,201.0,0.0,201000000.0,1.0,2.0
931,4.582914572864322,1000000.0,186493094458.0,186691094458.0,6.0,199.0,1.0,198000000.0,199.0,0.0,199000000.0,1.0,1.0
932,5.240196078431373,1000000.0,186692094416.0,186892091250.0,9.0,204.0,1.0,199996834.0,204.0,0.0,204000000.0,1.0,3.0
933,8.831683168316832,1000000.0,186893094416.0,187092090958.0,9.0,202.0,1.0,198996542.0,202.0,0.0,202000000.0,1.0,2.0
934,8.856435643564357,1000000.0,187093094458.0,187291094458.0,10.0,202.0,1.0,198000000.0,202.0,0.0,202000000.0,1.0,2.0
935,8.753694581280788,1000000.0,187292094333.0,187492091166.0,9.0,203.0,1.0,199996833.0,203.0,0.0,203000000.0,1.0,2.0
936,8.884422110552764,1000000.0,187493094458.0,187691090958.0,10.0,199.0,1.0,197996500.0,199.0,0.0,199000000.0,1.0,1.0
937,8.430693069306932,1000000.0,187692094375.0,187892091083.0,9.0,202.0,1.0,199996708.0,202.0,0.0,202000000.0,1.0,2.0
938,8.995,1000000.0,187893094416.0,188092091083.0,10.0,200.0,1.0,198996667.0,200.0,0.0,200000000.0,1.0,2.0
939,8.663316582914574,1000000.0,188093094291.0,188291094583.0,9.0,199.0,1.0,198000292.0,199.0,0.0,199000000.0,1.0,1.0
940,8.549504950495049,1000000.0,188292094291.0,188492091250.0,10.0,202.0,1.0,199996959.0,202.0,0.0,202000000.0,1.0,2.0
941,8.885572139303482,1000000.0,188493091041.0,188692091125.0,9.0,201.0,1.0,199000084.0,201.0,0.0,201000000.0,1.0,2.0
942,8.676616915422885,1000000.0,188693094291.0,188892091208.0,10.0,201.0,1.0,198996917.0,201.0,0.0,201000000.0,1.0,2.0
943,8.68,1000000.0,188893094458.0,189091094500.0,10.0,200.0,1.0,198000042.0,200.0,0.0,200000000.0,1.0,2.0
944,8.850746268656716,1000000.0,189092094333.0,189291091000.0,9.0,201.0,1.0,198996667.0,201.0,0.0,201000000.0,1.0,2.0
945,8.599009900990099,1000000.0,189292094250.0,189491094333.0,11.0,202.0,1.0,199000083.0,202.0,0.0,202000000.0,1.0,2.0
946,8.72549019607843,1000000.0,189492094333.0,189692091000.0,9.0,204.0,1.0,199996667.0,204.0,0.0,204000000.0,1.0,2.0
947,8.805,1000000.0,189693094458.0,189891091166.0,9.0,200.0,1.0,197996708.0,200.0,0.0,200000000.0,1.0,2.0
948,8.73134328358209,1000000.0,189892094375.0,190091091083.0,9.0,201.0,1.0,198996708.0,201.0,0.0,201000000.0,1.0,2.0
949,8.756218905472636,1000000.0,190092094291.0,190291091041.0,9.0,201.0,1.0,198996750.0,201.0,0.0,201000000.0,1.0,2.0
950,8.777227722772277,1000000.0,190292094458.0,190492091000.0,9.0,202.0,1.0,199996542.0,202.0,0.0,202000000.0,1.0,2.0
951,8.611940298507463,1000000.0,190493094500.0,190691091041.0,10.0,201.0,1.0,197996541.0,201.0,0.0,201000000.0,1.0,2.0
952,8.72,1000000.0,190692094458.0,190891094625.0,9.0,200.0,1.0,199000167.0,200.0,0.0,200000000.0,1.0,1.0
953,8.676616915422885,1000000.0,190892094250.0,191091091041.0,9.0,201.0,1.0,198996791.0,201.0,0.0,201000000.0,1.0,2.0
954,8.83084577114428,1000000.0,191092094458.0,191291094291.0,9.0,201.0,1.0,198999833.0,201.0,0.0,201000000.0,1.0,2.0
955,8.756218905472636,1000000.0,191292094291.0,191491091000.0,9.0,201.0,1.0,198996709.0,201.0,0.0,201000000.0,1.0,2.0
956,8.747524752475247,1000000.0,191492094375.0,191691091041.0,9.0,202.0,1.0,198996666.0,202.0,0.0,202000000.0,1.0,2.0
957,8.79,1000000.0,191692094458.0,191891094333.0,9.0,200.0,1.0,198999875.0,200.0,0.0,200000000.0,1.0,2.0
958,8.73134328358209,1000000.0,191892094458.0,192092091208.0,9.0,201.0,1.0,199996750.0,201.0,0.0,201000000.0,1.0,1.0
959,8.492537313432836,1000000.0,192093094541.0,192291091250.0,9.0,201.0,1.0,197996709.0,201.0,0.0,201000000.0,1.0,2.0
960,8.571428571428571,1000000.0,192292094541.0,192492091333.0,9.0,203.0,1.0,199996792.0,203.0,0.0,203000000.0,1.0,2.0
961,8.748743718592964,1000000.0,192493094416.0,192691091000.0,9.0,199.0,1.0,197996584.0,199.0,0.0,199000000.0,1.0,1.0
962,8.56281407035176,1000000.0,192692094291.0,192891091250.0,10.0,199.0,1.0,198996959.0,199.0,0.0,199000000.0,1.0,2.0
963,8.757425742574258,1000000.0,192892094708.0,193091091208.0,10.0,202.0,1.0,198996500.0,202.0,0.0,202000000.0,1.0,2.0
964,8.542288557213931,1000000.0,193092094250.0,193291091125.0,9.0,201.0,1.0,198996875.0,201.0,0.0,201000000.0,1.0,2.0
965,8.717821782178218,1000000.0,193292094500.0,193491094458.0,9.0,202.0,1.0,198999958.0,202.0,0.0,202000000.0,1.0,2.0
966,8.724137931034482,1000000.0,193492094333.0,193692091208.0,9.0,203.0,1.0,199996875.0,203.0,0.0,203000000.0,1.0,2.0
967,8.7363184079602,1000000.0,193693094458.0,193892091375.0,9.0,201.0,1.0,198996917.0,201.0,0.0,201000000.0,1.0,2.0
968,8.72636815920398,1000000.0,193893094291.0,194092091083.0,10.0,201.0,1.0,198996792.0,201.0,0.0,201000000.0,1.0,2.0
969,8.613861386138614,1000000.0,194093091041.0,194292091291.0,10.0,202.0,1.0,199000250.0,202.0,0.0,202000000.0,1.0,2.0
970,6.36,1000000.0,194293094416.0,194491094541.0,9.0,200.0,1.0,198000125.0,200.0,0.0,200000000.0,1.0,2.0
971,4.608910891089109,1000000.0,194492094416.0,194692091041.0,6.0,202.0,1.0,199996625.0,202.0,0.0,202000000.0,1.0,2.0
972,4.77,1000000.0,194693094458.0,194891091166.0,6.0,200.0,1.0,197996708.0,200.0,0.0,200000000.0,1.0,2.0
973,4.628712871287129,1000000.0,194892094375.0,195091091000.0,5.0,202.0,1.0,198996625.0,202.0,0.0,202000000.0,1.0,2.0
974,4.817733990147783,1000000.0,195092094416.0,195292091375.0,6.0,203.0,1.0,199996959.0,203.0,0.0,203000000.0,1.0,2.0
975,4.7164179104477615,1000000.0,195293091291.0,195492091041.0,5.0,201.0,1.0,198999750.0,201.0,0.0,201000000.0,1.0,2.0
976,4.698492462311558,1000000.0,195493094458.0,195691091041.0,6.0,199.0,1.0,197996583.0,199.0,0.0,199000000.0,1.0,1.0
977,5.019607843137255,1000000.0,195692094500.0,195892091208.0,6.0,204.0,1.0,199996708.0,204.0,0.0,204000000.0,1.0,3.0
978,4.791044776119403,1000000.0,195893094500.0,196091094583.0,6.0,201.0,1.0,198000083.0,201.0,0.0,201000000.0,1.0,3.0
979,4.8,1000000.0,196092094583.0,196291091000.0,5.0,200.0,1.0,198996417.0,200.0,0.0,200000000.0,1.0,1.0
980,4.719211822660099,1000000.0,196292094416.0,196491091000.0,5.0,203.0,1.0,198996584.0,203.0,0.0,203000000.0,1.0,2.0
981,4.6138613861386135,1000000.0,196492094458.0,196692091416.0,5.0,202.0,1.0,199996958.0,202.0,0.0,202000000.0,1.0,2.0
982,4.758793969849246,1000000.0,196693091208.0,196891091208.0,6.0,199.0,1.0,198000000.0,199.0,0.0,199000000.0,1.0,1.0
983,4.800995024875622,1000000.0,196892094500.0,197091091250.0,6.0,201.0,1.0,198996750.0,201.0,0.0,201000000.0,1.0,2.0
984,4.635,1000000.0,197092094458.0,197291094375.0,6.0,200.0,1.0,198999917.0,200.0,0.0,200000000.0,1.0,1.0
985,4.69,1000000.0,197292094583.0,197491091416.0,5.0,200.0,1.0,198996833.0,200.0,0.0,200000000.0,1.0,1.0
986,4.693069306930693,1000000.0,197492094500.0,197691094500.0,5.0,202.0,1.0,199000000.0,202.0,0.0,202000000.0,1.0,2.0
987,4.880597014925373,1000000.0,197692094458.0,197891091125.0,6.0,201.0,1.0,198996667.0,201.0,0.0,201000000.0,1.0,2.0
988,4.592039800995025,1000000.0,197892094791.0,198091091000.0,5.0,201.0,1.0,198996209.0,201.0,0.0,201000000.0,1.0,2.0
989,4.811881188118812,1000000.0,198092094500.0,198291094500.0,5.0,202.0,1.0,199000000.0,202.0,0.0,202000000.0,1.0,2.0
990,4.852216748768473,1000000.0,198292094458.0,198492091208.0,6.0,203.0,1.0,199996750.0,203.0,0.0,203000000.0,1.0,2.0
991,4.512437810945274,1000000.0,198493091041.0,198692091083.0,6.0,201.0,1.0,199000042.0,201.0,0.0,201000000.0,1.0,2.0
992,4.797029702970297,1000000.0,198693094416.0,198892090958.0,5.0,202.0,1.0,198996542.0,202.0,0.0,202000000.0,1.0,2.0
993,4.806930693069307,1000000.0,198893094500.0,199092091000.0,6.0,202.0,1.0,198996500.0,202.0,0.0,202000000.0,1.0,2.0
994,4.625,1000000.0,199093094458.0,199291091000.0,5.0,200.0,1.0,197996542.0,200.0,0.0,200000000.0,1.0,2.0
995,5.009950248756219,1000000.0,199292094291.0,199491091166.0,7.0,201.0,1.0,198996875.0,201.0,0.0,201000000.0,1.0,2.0
996,4.536945812807882,1000000.0,199492094458.0,199691091208.0,5.0,203.0,1.0,198996750.0,203.0,0.0,203000000.0,1.0,2.0
997,4.465346534653466,1000000.0,199692094500.0,199892091166.0,5.0,202.0,1.0,199996666.0,202.0,0.0,202000000.0,1.0,2.0
998,4.851485148514851,1000000.0,199893094541.0,200092091000.0,6.0,202.0,1.0,198996459.0,202.0,0.0,202000000.0,1.0,2.0
999,4.810945273631841,1000000.0,200093094541.0,200291091250.0,7.0,201.0,1.0,197996709.0,201.0,0.0,201000000.0,1.0,2.0
1000,4.661691542288557,1000000.0,200292094500.0,200491091083.0,5.0,201.0,1.0,198996583.0,201.0,0.0,201000000.0,1.0,2.0
1001,4.621890547263682,1000000.0,200492094708.0,200691095375.0,6.0,201.0,1.0,199000667.0,201.0,0.0,201000000.0,1.0,2.0
1002,4.821782178217822,1000000.0,200692094541.0,200892091208.0,5.0,202.0,1.0,199996667.0,202.0,0.0,202000000.0,1.0,2.0
1003,4.63,1000000.0,200893094458.0,201091091250.0,5.0,200.0,1.0,197996792.0,200.0,0.0,200000000.0,1.0,2.0
1004,4.52970297029703,1000000.0,201092094541.0,201292091041.0,5.0,202.0,1.0,199996500.0,202.0,0.0,202000000.0,1.0,2.0
1005,4.84,1000000.0,201293094625.0,201491091041.0,6.0,200.0,1.0,197996416.0,200.0,0.0,200000000.0,1.0,2.0
1006,4.49009900990099,1000000.0,201492094458.0,201691091041.0,5.0,202.0,1.0,198996583.0,202.0,0.0,202000000.0,1.0,2.0
1007,4.970149253731344,1000000.0,201692094458.0,201891091125.0,8.0,201.0,1.0,198996667.0,201.0,0.0,201000000.0,1.0,2.0
1008,8.597014925373134,1000000.0,201892094375.0,202091091125.0,11.0,201.0,1.0,198996750.0,201.0,0.0,201000000.0,1.0,2.0
1009,8.808823529411764,1000000.0,202092094500.0,202292091000.0,10.0,204.0,1.0,199996500.0,204.0,0.0,204000000.0,1.0,2.0
1010,8.631840796019901,1000000.0,202293094375.0,202491091333.0,10.0,201.0,1.0,197996958.0,201.0,0.0,201000000.0,1.0,2.0
1011,8.881773399014778,1000000.0,202492094458.0,202692091250.0,10.0,203.0,1.0,199996792.0,203.0,0.0,203000000.0,1.0,2.0
1012,8.388059701492537,1000000.0,202693091166.0,202892091250.0,9.0,201.0,1.0,199000084.0,201.0,0.0,201000000.0,1.0,2.0
1013,8.705,1000000.0,202893094500.0,203091091125.0,11.0,200.0,1.0,197996625.0,200.0,0.0,200000000.0,1.0,2.0
1014,9.17412935323383,1000000.0,203092094625.0,203291091208.0,11.0,201.0,1.0,198996583.0,201.0,0.0,201000000.0,1.0,2.0
1015,8.862068965517242,1000000.0,203292094500.0,203491094333.0,9.0,203.0,1.0,198999833.0,203.0,0.0,203000000.0,1.0,2.0
1016,8.661691542288557,1000000.0,203492094291.0,203691091000.0,9.0,201.0,1.0,198996709.0,201.0,0.0,201000000.0,1.0,3.0
1017,8.970149253731343,1000000.0,203692094416.0,203892091208.0,10.0,201.0,1.0,199996792.0,201.0,0.0,201000000.0,1.0,2.0
1018,8.66,1000000.0,203893094458.0,204092091083.0,9.0,200.0,1.0,198996625.0,200.0,0.0,200000000.0,1.0,1.0
1019,8.6,1000000.0,204093091000.0,204292091041.0,10.0,200.0,1.0,199000041.0,200.0,0.0,200000000.0,1.0,1.0
1020,8.798029556650246,1000000.0,204293094291.0,204491094500.0,9.0,203.0,1.0,198000209.0,203.0,0.0,203000000.0,1.0,3.0
1021,8.666666666666666,1000000.0,204492094333.0,204691091041.0,11.0,201.0,1.0,198996708.0,201.0,0.0,201000000.0,1.0,2.0
1022,8.673267326732674,1000000.0,204692094625.0,204892091125.0,9.0,202.0,1.0,199996500.0,202.0,0.0,202000000.0,1.0,2.0
1023,8.665,1000000.0,204893094500.0,205091091000.0,10.0,200.0,1.0,197996500.0,200.0,0.0,200000000.0,1.0,2.0
1024,8.450495049504951,1000000.0,205092094416.0,205292091208.0,9.0,202.0,1.0,199996792.0,202.0,0.0,202000000.0,1.0,2.0
1025,8.880597014925373,1000000.0,205293094583.0,205492090958.0,9.0,201.0,1.0,198996375.0,201.0,0.0,201000000.0,1.0,2.0
1026,8.753694581280788,1000000.0,205493094291.0,205692090958.0,9.0,203.0,1.0,198996667.0,203.0,0.0,203000000.0,1.0,2.0
1027,8.64179104477612,1000000.0,205693094416.0,205892091208.0,9.0,201.0,1.0,198996792.0,201.0,0.0,201000000.0,1.0,2.0
1028,8.755,1000000.0,205893091250.0,206091091083.0,9.0,200.0,1.0,197999833.0,200.0,0.0,200000000.0,1.0,2.0
1029,8.752475247524753,1000000.0,206092094541.0,206292091208.0,9.0,202.0,1.0,199996667.0,202.0,0.0,202000000.0,1.0,2.0
1030,8.891089108910892,1000000.0,206293094500.0,206492091041.0,10.0,202.0,1.0,198996541.0,202.0,0.0,202000000.0,1.0,2.0
1031,8.748743718592964,1000000.0,206493094333.0,206691091166.0,11.0,199.0,1.0,197996833.0,199.0,0.0,199000000.0,1.0,1.0
1032,8.767326732673267,1000000.0,206692094375.0,206891091000.0,9.0,202.0,1.0,198996625.0,202.0,0.0,202000000.0,1.0,2.0
1033,8.900990099009901,1000000.0,206892094416.0,207092091083.0,10.0,202.0,1.0,199996667.0,202.0,0.0,202000000.0,1.0,2.0
1034,8.517412935323383,1000000.0,207093094375.0,207291094333.0,9.0,201.0,1.0,197999958.0,201.0,0.0,201000000.0,1.0,2.0
1035,8.811881188118813,1000000.0,207292094458.0,207492091000.0,9.0,202.0,1.0,199996542.0,202.0,0.0,202000000.0,1.0,2.0
1036,9.145,1000000.0,207493094375.0,207691094500.0,11.0,200.0,1.0,198000125.0,200.0,0.0,200000000.0,1.0,2.0
1037,8.485148514851485,1000000.0,207692094375.0,207892091000.0,9.0,202.0,1.0,199996625.0,202.0,0.0,202000000.0,1.0,2.0
1038,8.59,1000000.0,207893094375.0,208091094458.0,10.0,200.0,1.0,198000083.0,200.0,0.0,200000000.0,1.0,2.0
1039,8.717821782178218,1000000.0,208092094500.0,208291094500.0,9.0,202.0,1.0,199000000.0,202.0,0.0,202000000.0,1.0,2.0
1040,8.610837438423646,1000000.0,208292094458.0,208492091166.0,9.0,203.0,1.0,199996708.0,203.0,0.0,203000000.0,1.0,2.0
1041,8.678217821782178,1000000.0,208493091166.0,208692091250.0,9.0,202.0,1.0,199000084.0,202.0,0.0,202000000.0,1.0,2.0
1042,8.787128712871286,1000000.0,208693091125.0,208892091333.0,9.0,202.0,1.0,199000208.0,202.0,0.0,202000000.0,1.0,2.0
1043,8.72,1000000.0,208893094541.0,209091091000.0,10.0,200.0,1.0,197996459.0,200.0,0.0,200000000.0,1.0,2.0
1044,8.407960199004975,1000000.0,209092094458.0,209291090958.0,9.0,201.0,1.0,198996500.0,201.0,0.0,201000000.0,1.0,2.0
1045,6.321782178217822,1000000.0,209292094416.0,209491091083.0,9.0,202.0,1.0,198996667.0,202.0,0.0,202000000.0,1.0,2.0
1046,4.84390243902439,1000000.0,209492094375.0,209692091083.0,8.0,205.0,1.0,199996708.0,205.0,0.0,205000000.0,1.0,2.0
1047,4.566502463054187,1000000.0,209693094500.0,209891091250.0,5.0,203.0,1.0,197996750.0,203.0,0.0,203000000.0,1.0,2.0
1048,4.5721393034825875,1000000.0,209892094500.0,210091091000.0,7.0,201.0,1.0,198996500.0,201.0,0.0,201000000.0,1.0,2.0
1049,4.926108374384237,1000000.0,210092094500.0,210292091083.0,6.0,203.0,1.0,199996583.0,203.0,0.0,203000000.0,1.0,3.0
1050,4.8316831683168315,1000000.0,210293094333.0,210492091041.0,5.0,202.0,1.0,198996708.0,202.0,0.0,202000000.0,1.0,2.0
1051,4.648514851485149,1000000.0,210493094500.0,210692091083.0,5.0,202.0,1.0,198996583.0,202.0,0.0,202000000.0,1.0,2.0
1052,4.67,1000000.0,210693094291.0,210891091000.0,5.0,200.0,1.0,197996709.0,200.0,0.0,200000000.0,1.0,2.0
1053,4.693069306930693,1000000.0,210892094375.0,211091091208.0,6.0,202.0,1.0,198996833.0,202.0,0.0,202000000.0,1.0,2.0
1054,4.9507389162561575,1000000.0,211092094458.0,211292091083.0,6.0,203.0,1.0,199996625.0,203.0,0.0,203000000.0,1.0,2.0
1055,4.613065326633166,1000000.0,211293091125.0,211491091291.0,5.0,199.0,1.0,198000166.0,199.0,0.0,199000000.0,1.0,1.0
1056,4.54,1000000.0,211492094541.0,211691094416.0,6.0,200.0,1.0,198999875.0,200.0,0.0,200000000.0,1.0,3.0
1057,5.019704433497537,1000000.0,211692094458.0,211892091291.0,6.0,203.0,1.0,199996833.0,203.0,0.0,203000000.0,1.0,2.0
1058,4.61,1000000.0,211893094375.0,212091091000.0,5.0,200.0,1.0,197996625.0,200.0,0.0,200000000.0,1.0,2.0
1059,4.620689655172414,1000000.0,212092094500.0,212292091041.0,7.0,203.0,1.0,199996541.0,203.0,0.0,203000000.0,1.0,2.0
1060,4.875621890547263,1000000.0,212293091291.0,212492091291.0,5.0,201.0,1.0,199000000.0,201.0,0.0,201000000.0,1.0,2.0
1061,4.71,1000000.0,212493094416.0,212692091000.0,5.0,200.0,1.0,198996584.0,200.0,0.0,200000000.0,1.0,1.0
1062,4.455,1000000.0,212693091250.0,212891091041.0,5.0,200.0,1.0,197999791.0,200.0,0.0,200000000.0,1.0,2.0
1063,4.851485148514851,1000000.0,212892094458.0,213091091291.0,5.0,202.0,1.0,198996833.0,202.0,0.0,202000000.0,1.0,2.0
1064,4.781094527363184,1000000.0,213092094500.0,213291091083.0,6.0,201.0,1.0,198996583.0,201.0,0.0,201000000.0,1.0,2.0
1065,4.82089552238806,1000000.0,213292094458.0,213491091125.0,5.0,201.0,1.0,198996667.0,201.0,0.0,201000000.0,1.0,2.0
1066,4.574257425742574,1000000.0,213492094333.0,213692091041.0,5.0,202.0,1.0,199996708.0,202.0,0.0,202000000.0,1.0,2.0
1067,4.707070707070707,1000000.0,213693094541.0,213891094541.0,5.0,198.0,1.0,198000000.0,198.0,0.0,198000000.0,1.0,2.0
1068,4.699507389162561,1000000.0,213892094416.0,214092091083.0,5.0,203.0,1.0,199996667.0,203.0,0.0,203000000.0,1.0,2.0
1069,4.507462686567164,1000000.0,214093094416.0,214292091166.0,5.0,201.0,1.0,198996750.0,201.0,0.0,201000000.0,1.0,2.0
1070,4.606965174129353,1000000.0,214293094416.0,214492091083.0,5.0,201.0,1.0,198996667.0,201.0,0.0,201000000.0,1.0,2.0
1071,4.757425742574258,1000000.0,214493094625.0,214692091083.0,6.0,202.0,1.0,198996458.0,202.0,0.0,202000000.0,1.0,2.0
1072,4.651741293532338,1000000.0,214693094625.0,214892091291.0,5.0,201.0,1.0,198996666.0,201.0,0.0,201000000.0,1.0,2.0
1073,5.079601990049751,1000000.0,214893094458.0,215091091083.0,6.0,201.0,1.0,197996625.0,201.0,0.0,201000000.0,1.0,2.0
1074,4.735,1000000.0,215092094333.0,215291091000.0,6.0,200.0,1.0,198996667.0,200.0,0.0,200000000.0,1.0,2.0
1075,4.684729064039409,1000000.0,215292094416.0,215492091166.0,5.0,203.0,1.0,199996750.0,203.0,0.0,203000000.0,1.0,2.0
1076,4.901477832512315,1000000.0,215493091208.0,215692091041.0,5.0,203.0,1.0,198999833.0,203.0,0.0,203000000.0,1.0,2.0
1077,4.678391959798995,1000000.0,215693091000.0,215891094416.0,5.0,199.0,1.0,198003416.0,199.0,0.0,199000000.0,1.0,1.0
1078,4.7772277227722775,1000000.0,215892094416.0,216092091041.0,5.0,202.0,1.0,199996625.0,202.0,0.0,202000000.0,1.0,2.0
1079,4.815,1000000.0,216093094416.0,216291091083.0,5.0,200.0,1.0,197996667.0,200.0,0.0,200000000.0,1.0,2.0
1080,4.865671641791045,1000000.0,216292094416.0,216491094458.0,6.0,201.0,1.0,199000042.0,201.0,0.0,201000000.0,1.0,2.0
1081,4.732673267326732,1000000.0,216492094458.0,216692091166.0,6.0,202.0,1.0,199996708.0,202.0,0.0,202000000.0,1.0,2.0
1082,5.374384236453202,1000000.0,216693091250.0,216892091041.0,8.0,203.0,1.0,198999791.0,203.0,0.0,203000000.0,1.0,3.0
1083,8.666666666666666,1000000.0,216893091708.0,217092091166.0,10.0,201.0,1.0,198999458.0,201.0,0.0,201000000.0,1.0,2.0
1084,8.722772277227723,1000000.0,217093091125.0,217291091041.0,11.0,202.0,1.0,197999916.0,202.0,0.0,202000000.0,1.0,2.0
1085,8.57920792079208,1000000.0,217292094416.0,217491094625.0,10.0,202.0,1.0,199000209.0,202.0,0.0,202000000.0,1.0,2.0
1086,8.793103448275861,1000000.0,217492094458.0,217691091166.0,10.0,203.0,1.0,198996708.0,203.0,0.0,203000000.0,1.0,3.0
1087,8.651741293532337,1000000.0,217692094291.0,217891094416.0,9.0,201.0,1.0,199000125.0,201.0,0.0,201000000.0,1.0,2.0
1088,8.975369458128078,1000000.0,217892094208.0,218092091000.0,11.0,203.0,1.0,199996792.0,203.0,0.0,203000000.0,1.0,2.0
1089,9.08457711442786,1000000.0,218093091000.0,218292091166.0,11.0,201.0,1.0,199000166.0,201.0,0.0,201000000.0,1.0,2.0
1090,8.621890547263682,1000000.0,218293091208.0,218491091125.0,9.0,201.0,1.0,197999917.0,201.0,0.0,201000000.0,1.0,3.0
1091,8.910891089108912,1000000.0,218492094500.0,218691094375.0,10.0,202.0,1.0,198999875.0,202.0,0.0,202000000.0,1.0,2.0
1092,8.79,1000000.0,218692094375.0,218891094458.0,9.0,200.0,1.0,199000083.0,200.0,0.0,200000000.0,1.0,1.0
1093,8.975247524752476,1000000.0,218892094500.0,219091091125.0,10.0,202.0,1.0,198996625.0,202.0,0.0,202000000.0,1.0,3.0
1094,8.55,1000000.0,219092094458.0,219291094458.0,10.0,200.0,1.0,199000000.0,200.0,0.0,200000000.0,1.0,2.0
1095,8.425742574257425,1000000.0,219292094416.0,219491091125.0,9.0,202.0,1.0,198996709.0,202.0,0.0,202000000.0,1.0,2.0
1096,8.650246305418719,1000000.0,219492094541.0,219692091166.0,11.0,203.0,1.0,199996625.0,203.0,0.0,203000000.0,1.0,2.0
1097,8.746268656716419,1000000.0,219693094500.0,219891094416.0,9.0,201.0,1.0,197999916.0,201.0,0.0,201000000.0,1.0,2.0
1098,8.856435643564357,1000000.0,219892094375.0,220092090958.0,10.0,202.0,1.0,199996583.0,202.0,0.0,202000000.0,1.0,2.0
1099,8.61,1000000.0,220093094458.0,220291091041.0,9.0,200.0,1.0,197996583.0,200.0,0.0,200000000.0,1.0,2.0
1100,8.616915422885572,1000000.0,220292094500.0,220491091125.0,9.0,201.0,1.0,198996625.0,201.0,0.0,201000000.0,1.0,2.0
1101,8.668316831683168,1000000.0,220492094416.0,220692091208.0,9.0,202.0,1.0,199996792.0,202.0,0.0,202000000.0,1.0,2.0
1102,8.611940298507463,1000000.0,220693091166.0,220892091000.0,9.0,201.0,1.0,198999834.0,201.0,0.0,201000000.0,1.0,2.0
1103,8.875621890547263,1000000.0,220893094416.0,221092091000.0,9.0,201.0,1.0,198996584.0,201.0,0.0,201000000.0,1.0,2.0
1104,9.09,1000000.0,221093094416.0,221291094541.0,10.0,200.0,1.0,198000125.0,200.0,0.0,200000000.0,1.0,2.0
1105,8.77,1000000.0,221292094458.0,221491091166.0,9.0,200.0,1.0,198996708.0,200.0,0.0,200000000.0,1.0,2.0
1106,8.707920792079207,1000000.0,221492094375.0,221692091000.0,10.0,202.0,1.0,199996625.0,202.0,0.0,202000000.0,1.0,2.0
1107,8.896039603960396,1000000.0,221693094375.0,221892091000.0,9.0,202.0,1.0,198996625.0,202.0,0.0,202000000.0,1.0,2.0
1108,8.755,1000000.0,221893094375.0,222091091000.0,10.0,200.0,1.0,197996625.0,200.0,0.0,200000000.0,1.0,2.0
1109,9.059701492537313,1000000.0,222092094416.0,222291094541.0,10.0,201.0,1.0,199000125.0,201.0,0.0,201000000.0,1.0,2.0
1110,8.722772277227723,1000000.0,222292094375.0,222492091333.0,9.0,202.0,1.0,199996958.0,202.0,0.0,202000000.0,1.0,2.0
1111,8.701492537313433,1000000.0,222493094416.0,222691094250.0,10.0,201.0,1.0,197999834.0,201.0,0.0,201000000.0,1.0,2.0
1112,8.509900990099009,1000000.0,222692094541.0,222892091041.0,10.0,202.0,1.0,199996500.0,202.0,0.0,202000000.0,1.0,2.0
1113,8.651741293532337,1000000.0,222893094416.0,223092091125.0,10.0,201.0,1.0,198996709.0,201.0,0.0,201000000.0,1.0,2.0
1114,8.676616915422885,1000000.0,223093094500.0,223292091208.0,9.0,201.0,1.0,198996708.0,201.0,0.0,201000000.0,1.0,2.0
1115,8.515,1000000.0,223293094375.0,223491094250.0,9.0,200.0,1.0,197999875.0,200.0,0.0,200000000.0,1.0,2.0
1116,8.611940298507463,1000000.0,223492094375.0,223691090958.0,9.0,201.0,1.0,198996583.0,201.0,0.0,201000000.0,1.0,2.0
1117,8.831683168316832,1000000.0,223692094333.0,223892091125.0,9.0,202.0,1.0,199996792.0,202.0,0.0,202000000.0,1.0,2.0
1118,8.628140703517587,1000000.0,223893094500.0,224091091041.0,9.0,199.0,1.0,197996541.0,199.0,0.0,199000000.0,1.0,2.0
1119,8.524752475247524,1000000.0,224092094416.0,224292091166.0,11.0,202.0,1.0,199996750.0,202.0,0.0,202000000.0,1.0,2.0
1120,6.485,1000000.0,224293094458.0,224491093958.0,9.0,200.0,1.0,197999500.0,200.0,0.0,200000000.0,1.0,2.0
1121,4.840796019900497,1000000.0,224492094541.0,224692091166.0,5.0,201.0,1.0,199996625.0,201.0,0.0,201000000.0,1.0,2.0
1122,4.757425742574258,1000000.0,224693091208.0,224892091291.0,7.0,202.0,1.0,199000083.0,202.0,0.0,202000000.0,1.0,2.0
1123,4.63,1000000.0,224893091166.0,225091091375.0,6.0,200.0,1.0,198000209.0,200.0,0.0,200000000.0,1.0,2.0
1124,4.836633663366337,1000000.0,225092094583.0,225292091166.0,6.0,202.0,1.0,199996583.0,202.0,0.0,202000000.0,1.0,2.0
1125,4.656716417910448,1000000.0,225293091375.0,225492091083.0,7.0,201.0,1.0,198999708.0,201.0,0.0,201000000.0,1.0,2.0
1126,4.686567164179104,1000000.0,225493094500.0,225692091000.0,6.0,201.0,1.0,198996500.0,201.0,0.0,201000000.0,1.0,2.0
1127,4.786069651741293,1000000.0,225693094416.0,225892091291.0,6.0,201.0,1.0,198996875.0,201.0,0.0,201000000.0,1.0,2.0
1128,4.665,1000000.0,225893094541.0,226091094458.0,6.0,200.0,1.0,197999917.0,200.0,0.0,200000000.0,1.0,2.0
1129,4.816831683168317,1000000.0,226092094541.0,226292091208.0,5.0,202.0,1.0,199996667.0,202.0,0.0,202000000.0,1.0,2.0
1130,4.625,1000000.0,226293094583.0,226492091250.0,6.0,200.0,1.0,198996667.0,200.0,0.0,200000000.0,1.0,1.0
1131,4.691542288557214,1000000.0,226493094583.0,226692091208.0,5.0,201.0,1.0,198996625.0,201.0,0.0,201000000.0,1.0,2.0
1132,4.684729064039409,1000000.0,226693094500.0,226892091250.0,5.0,203.0,1.0,198996750.0,203.0,0.0,203000000.0,1.0,2.0
1133,4.890547263681592,1000000.0,226893094375.0,227092091083.0,5.0,201.0,1.0,198996708.0,201.0,0.0,201000000.0,1.0,2.0
1134,4.681592039800995,1000000.0,227093091041.0,227292091041.0,5.0,201.0,1.0,199000000.0,201.0,0.0,201000000.0,1.0,2.0
1135,4.691542288557214,1000000.0,227293094500.0,227492091083.0,6.0,201.0,1.0,198996583.0,201.0,0.0,201000000.0,1.0,2.0
1136,4.775,1000000.0,227493094500.0,227691091083.0,5.0,200.0,1.0,197996583.0,200.0,0.0,200000000.0,1.0,2.0
1137,4.786069651741293,1000000.0,227692094333.0,227891091000.0,6.0,201.0,1.0,198996667.0,201.0,0.0,201000000.0,1.0,2.0
1138,4.676616915422885,1000000.0,227892094416.0,228091091000.0,5.0,201.0,1.0,198996584.0,201.0,0.0,201000000.0,1.0,2.0
1139,4.741293532338308,1000000.0,228092094375.0,228291091333.0,5.0,201.0,1.0,198996958.0,201.0,0.0,201000000.0,1.0,2.0
1140,4.762376237623762,1000000.0,228292094541.0,228492091125.0,6.0,202.0,1.0,199996584.0,202.0,0.0,202000000.0,1.0,2.0
1141,4.717821782178218,1000000.0,228493091166.0,228692091125.0,5.0,202.0,1.0,198999959.0,202.0,0.0,202000000.0,1.0,2.0
1142,4.796019900497512,1000000.0,228693094416.0,228892091000.0,5.0,201.0,1.0,198996584.0,201.0,0.0,201000000.0,1.0,2.0
1143,4.686567164179104,1000000.0,228893094458.0,229092091000.0,6.0,201.0,1.0,198996542.0,201.0,0.0,201000000.0,1.0,2.0
1144,4.765,1000000.0,229093094375.0,229292091083.0,5.0,200.0,1.0,198996708.0,200.0,0.0,200000000.0,1.0,2.0
1145,4.477611940298507,1000000.0,229293091208.0,229492091166.0,5.0,201.0,1.0,198999958.0,201.0,0.0,201000000.0,1.0,2.0
1146,5.0,1000000.0,229493094416.0,229692091000.0,5.0,200.0,1.0,198996584.0,200.0,0.0,200000000.0,1.0,1.0
1147,4.85,1000000.0,229693094458.0,229892091291.0,8.0,200.0,1.0,198996833.0,200.0,0.0,200000000.0,1.0,1.0
1148,5.0,1000000.0,229893094458.0,230091090958.0,5.0,199.0,1.0,197996500.0,199.0,0.0,199000000.0,1.0,1.0
1149,4.67,1000000.0,230092094500.0,230291094416.0,7.0,200.0,1.0,198999916.0,200.0,0.0,200000000.0,1.0,1.0
1150,4.751243781094527,1000000.0,230292094333.0,230491091000.0,7.0,201.0,1.0,198996667.0,201.0,0.0,201000000.0,1.0,2.0
1151,4.624390243902439,1000000.0,230492094333.0,230692091041.0,6.0,205.0,1.0,199996708.0,205.0,0.0,205000000.0,1.0,3.0
1152,4.91542288557214,1000000.0,230693094458.0,230891094416.0,5.0,201.0,1.0,197999958.0,201.0,0.0,201000000.0,1.0,2.0
1153,4.472636815920398,1000000.0,230892094541.0,231091091083.0,5.0,201.0,1.0,198996542.0,201.0,0.0,201000000.0,1.0,2.0
1154,4.527093596059113,1000000.0,231092094541.0,231292091208.0,5.0,203.0,1.0,199996667.0,203.0,0.0,203000000.0,1.0,2.0
1155,4.447761194029851,1000000.0,231293094458.0,231492090958.0,5.0,201.0,1.0,198996500.0,201.0,0.0,201000000.0,1.0,2.0
1156,4.955223880597015,1000000.0,231493091250.0,231692091041.0,6.0,201.0,1.0,198999791.0,201.0,0.0,201000000.0,1.0,2.0
1157,5.0497512437810945,1000000.0,231693094416.0,231892091083.0,8.0,201.0,1.0,198996667.0,201.0,0.0,201000000.0,1.0,2.0
1158,8.745,1000000.0,231893094666.0,232091091041.0,10.0,200.0,1.0,197996375.0,200.0,0.0,200000000.0,1.0,2.0
1159,8.91542288557214,1000000.0,232092094541.0,232291091208.0,9.0,201.0,1.0,198996667.0,201.0,0.0,201000000.0,1.0,2.0
1160,8.477611940298507,1000000.0,232292094458.0,232491091250.0,9.0,201.0,1.0,198996792.0,201.0,0.0,201000000.0,1.0,2.0
1161,8.752475247524753,1000000.0,232492094458.0,232692091458.0,9.0,202.0,1.0,199997000.0,202.0,0.0,202000000.0,1.0,2.0
1162,9.099502487562187,1000000.0,232693091166.0,232892091166.0,11.0,201.0,1.0,199000000.0,201.0,0.0,201000000.0,1.0,2.0
1163,8.688442211055277,1000000.0,232893094541.0,233091094500.0,9.0,199.0,1.0,197999959.0,199.0,0.0,199000000.0,1.0,1.0
1164,8.658415841584159,1000000.0,233092094458.0,233291094500.0,10.0,202.0,1.0,199000042.0,202.0,0.0,202000000.0,1.0,2.0
1165,8.613861386138614,1000000.0,233292094541.0,233491091125.0,10.0,202.0,1.0,198996584.0,202.0,0.0,202000000.0,1.0,2.0
1166,8.621890547263682,1000000.0,233492094541.0,233691091083.0,9.0,201.0,1.0,198996542.0,201.0,0.0,201000000.0,1.0,2.0
1167,8.810945273631841,1000000.0,233692094375.0,233891094416.0,9.0,201.0,1.0,199000041.0,201.0,0.0,201000000.0,1.0,2.0
1168,8.671641791044776,1000000.0,233892094458.0,234091094458.0,9.0,201.0,1.0,199000000.0,201.0,0.0,201000000.0,1.0,2.0
1169,8.611940298507463,1000000.0,234092094416.0,234291094458.0,9.0,201.0,1.0,199000042.0,201.0,0.0,201000000.0,1.0,2.0
1170,8.53170731707317,1000000.0,234292094500.0,234492091000.0,10.0,205.0,1.0,199996500.0,205.0,0.0,205000000.0,1.0,2.0
1171,8.601990049751244,1000000.0,234493094333.0,234692091208.0,9.0,201.0,1.0,198996875.0,201.0,0.0,201000000.0,1.0,2.0
1172,9.18407960199005,1000000.0,234693094416.0,234892091208.0,11.0,201.0,1.0,198996792.0,201.0,0.0,201000000.0,1.0,2.0
1173,8.532338308457712,1000000.0,234893094375.0,235091091000.0,10.0,201.0,1.0,197996625.0,201.0,0.0,201000000.0,1.0,2.0
1174,8.485,1000000.0,235092094500.0,235291091041.0,9.0,200.0,1.0,198996541.0,200.0,0.0,200000000.0,1.0,2.0
1175,8.524752475247524,1000000.0,235292094416.0,235492091166.0,10.0,202.0,1.0,199996750.0,202.0,0.0,202000000.0,1.0,2.0
1176,8.385,1000000.0,235493094541.0,235691094500.0,9.0,200.0,1.0,197999959.0,200.0,0.0,200000000.0,1.0,2.0
1177,8.354679802955665,1000000.0,235692094458.0,235892091000.0,9.0,203.0,1.0,199996542.0,203.0,0.0,203000000.0,1.0,2.0
1178,9.00497512437811,1000000.0,235893094333.0,236091090958.0,10.0,201.0,1.0,197996625.0,201.0,0.0,201000000.0,1.0,2.0
1179,8.861386138613861,1000000.0,236092094458.0,236292091208.0,9.0,202.0,1.0,199996750.0,202.0,0.0,202000000.0,1.0,2.0
1180,8.70935960591133,1000000.0,236293094416.0,236492091250.0,10.0,203.0,1.0,198996834.0,203.0,0.0,203000000.0,1.0,2.0
1181,8.412935323383085,1000000.0,236493094666.0,236691094541.0,9.0,201.0,1.0,197999875.0,201.0,0.0,201000000.0,1.0,2.0
1182,8.806930693069306,1000000.0,236692094375.0,236892091166.0,9.0,202.0,1.0,199996791.0,202.0,0.0,202000000.0,1.0,2.0
1183,8.791044776119403,1000000.0,236893091166.0,237091091000.0,9.0,201.0,1.0,197999834.0,201.0,0.0,201000000.0,1.0,2.0
1184,8.621890547263682,1000000.0,237092094291.0,237291091375.0,9.0,201.0,1.0,198997084.0,201.0,0.0,201000000.0,1.0,3.0
1185,8.564356435643564,1000000.0,237292094583.0,237491091041.0,9.0,202.0,1.0,198996458.0,202.0,0.0,202000000.0,1.0,3.0
1186,8.792079207920793,1000000.0,237492094541.0,237691094291.0,9.0,202.0,1.0,198999750.0,202.0,0.0,202000000.0,1.0,2.0
1187,8.732673267326733,1000000.0,237692094458.0,237892091208.0,9.0,202.0,1.0,199996750.0,202.0,0.0,202000000.0,1.0,2.0
1188,8.791044776119403,1000000.0,237893091333.0,238092091000.0,10.0,201.0,1.0,198999667.0,201.0,0.0,201000000.0,1.0,2.0
1189,8.866995073891626,1000000.0,238093094500.0,238292091083.0,9.0,203.0,1.0,198996583.0,203.0,0.0,203000000.0,1.0,2.0
1190,8.58,1000000.0,238293091291.0,238491091000.0,9.0,200.0,1.0,197999709.0,200.0,0.0,200000000.0,1.0,2.0
1191,8.950738916256158,1000000.0,238492094500.0,238691094375.0,10.0,203.0,1.0,198999875.0,203.0,0.0,203000000.0,1.0,2.0
1192,8.576354679802956,1000000.0,238692094458.0,238892091166.0,9.0,203.0,1.0,199996708.0,203.0,0.0,203000000.0,1.0,2.0
1193,8.552238805970148,1000000.0,238893094416.0,239092091000.0,10.0,201.0,1.0,198996584.0,201.0,0.0,201000000.0,1.0,2.0
1194,8.57920792079208,1000000.0,239093094541.0,239291091000.0,10.0,202.0,1.0,197996459.0,202.0,0.0,202000000.0,1.0,2.0
1195,6.536945812807882,1000000.0,239292094291.0,239492091041.0,9.0,203.0,1.0,199996750.0,203.0,0.0,203000000.0,1.0,2.0
1196,4.68,1000000.0,239493091041.0,239692091000.0,5.0,200.0,1.0,198999959.0,200.0,0.0,200000000.0,1.0,3.0
1197,4.557213930348259,1000000.0,239693094291.0,239892091166.0,6.0,201.0,1.0,198996875.0,201.0,0.0,201000000.0,1.0,2.0
1198,4.643564356435643,1000000.0,239893091166.0,240092091083.0,5.0,202.0,1.0,198999917.0,202.0,0.0,202000000.0,1.0,2.0
1199,4.512315270935961,1000000.0,240093094541.0,240292090958.0,5.0,203.0,1.0,198996417.0,203.0,0.0,203000000.0,1.0,2.0
1200,4.585,1000000.0,240293094375.0,240491091041.0,5.0,200.0,1.0,197996666.0,200.0,0.0,200000000.0,1.0,2.0
1201,4.54228855721393,1000000.0,240492094500.0,240691091041.0,5.0,201.0,1.0,198996541.0,201.0,0.0,201000000.0,1.0,2.0
1202,4.845771144278607,1000000.0,240692094416.0,240891091041.0,5.0,201.0,1.0,198996625.0,201.0,0.0,201000000.0,1.0,2.0
1203,4.589108910891089,1000000.0,240892094416.0,241092091000.0,5.0,202.0,1.0,199996584.0,202.0,0.0,202000000.0,1.0,2.0
1204,4.945273631840796,1000000.0,241093094500.0,241292091083.0,6.0,201.0,1.0,198996583.0,201.0,0.0,201000000.0,1.0,2.0
1205,4.757425742574258,1000000.0,241293094500.0,241492091041.0,5.0,202.0,1.0,198996541.0,202.0,0.0,202000000.0,1.0,2.0
1206,4.765,1000000.0,241493094500.0,241691091166.0,5.0,200.0,1.0,197996666.0,200.0,0.0,200000000.0,1.0,2.0
1207,4.801980198019802,1000000.0,241692094500.0,241891091041.0,5.0,202.0,1.0,198996541.0,202.0,0.0,202000000.0,1.0,2.0
1208,4.835820895522388,1000000.0,241892094458.0,242091091333.0,5.0,201.0,1.0,198996875.0,201.0,0.0,201000000.0,1.0,2.0
1209,4.534653465346534,1000000.0,242092094541.0,242292091208.0,5.0,202.0,1.0,199996667.0,202.0,0.0,202000000.0,1.0,2.0
1210,4.791044776119403,1000000.0,242293094458.0,242492091000.0,5.0,201.0,1.0,198996542.0,201.0,0.0,201000000.0,1.0,2.0
1211,4.725,1000000.0,242493091208.0,242691094500.0,5.0,200.0,1.0,198003292.0,200.0,0.0,200000000.0,1.0,2.0
1212,4.663366336633663,1000000.0,242692094541.0,242891091333.0,5.0,202.0,1.0,198996792.0,202.0,0.0,202000000.0,1.0,2.0
1213,4.811881188118812,1000000.0,242892094500.0,243091091291.0,6.0,202.0,1.0,198996791.0,202.0,0.0,202000000.0,1.0,2.0
1214,4.791044776119403,1000000.0,243092094500.0,243292091083.0,6.0,201.0,1.0,199996583.0,201.0,0.0,201000000.0,1.0,2.0
1215,4.3681592039801,1000000.0,243293094625.0,243492091166.0,5.0,201.0,1.0,198996541.0,201.0,0.0,201000000.0,1.0,2.0
1216,4.930348258706467,1000000.0,243493091250.0,243691091000.0,6.0,201.0,1.0,197999750.0,201.0,0.0,201000000.0,1.0,2.0
1217,4.83743842364532,1000000.0,243692094416.0,243892091291.0,6.0,203.0,1.0,199996875.0,203.0,0.0,203000000.0,1.0,2.0
1218,4.980099502487562,1000000.0,243893094541.0,244092091250.0,6.0,201.0,1.0,198996709.0,201.0,0.0,201000000.0,1.0,2.0
1219,4.792079207920792,1000000.0,244093094500.0,244292090958.0,6.0,202.0,1.0,198996458.0,202.0,0.0,202000000.0,1.0,2.0
1220,4.845,1000000.0,244293091375.0,244492091041.0,6.0,200.0,1.0,198999666.0,200.0,0.0,200000000.0,1.0,1.0
1221,4.616915422885572,1000000.0,244493094541.0,244692091125.0,5.0,201.0,1.0,198996584.0,201.0,0.0,201000000.0,1.0,2.0
1222,4.855,1000000.0,244693091166.0,244891094458.0,5.0,200.0,1.0,198003292.0,200.0,0.0,200000000.0,1.0,2.0
1223,4.910891089108911,1000000.0,244892094250.0,245092091166.0,8.0,202.0,1.0,199996916.0,202.0,0.0,202000000.0,1.0,2.0
1224,4.425,1000000.0,245093094416.0,245292091166.0,5.0,200.0,1.0,198996750.0,200.0,0.0,200000000.0,1.0,2.0
1225,4.746268656716418,1000000.0,245293094541.0,245491094500.0,5.0,201.0,1.0,197999959.0,201.0,0.0,201000000.0,1.0,2.0
1226,4.646766169154229,1000000.0,245492094375.0,245691091000.0,5.0,201.0,1.0,198996625.0,201.0,0.0,201000000.0,1.0,2.0
1227,4.4950495049504955,1000000.0,245692094500.0,245892091166.0,5.0,202.0,1.0,199996666.0,202.0,0.0,202000000.0,1.0,2.0
1228,4.74384236453202,1000000.0,245893094541.0,246092091041.0,5.0,203.0,1.0,198996500.0,203.0,0.0,203000000.0,1.0,2.0
1229,4.741293532338308,1000000.0,246093091250.0,246291091208.0,5.0,201.0,1.0,197999958.0,201.0,0.0,201000000.0,1.0,2.0
1230,4.786069651741293,1000000.0,246292094375.0,246492090958.0,5.0,201.0,1.0,199996583.0,201.0,0.0,201000000.0,1.0,2.0
1231,4.77,1000000.0,246493094333.0,246691090958.0,7.0,200.0,1.0,197996625.0,200.0,0.0,200000000.0,1.0,2.0
1232,4.746268656716418,1000000.0,246692094250.0,246892091541.0,9.0,201.0,1.0,199997291.0,201.0,0.0,201000000.0,1.0,2.0
1233,8.621890547263682,1000000.0,246893094583.0,247091091208.0,9.0,201.0,1.0,197996625.0,201.0,0.0,201000000.0,1.0,2.0
1234,8.613861386138614,1000000.0,247092094416.0,247291094375.0,9.0,202.0,1.0,198999959.0,202.0,0.0,202000000.0,1.0,2.0
1235,8.782178217821782,1000000.0,247292092625.0,247491094583.0,9.0,202.0,1.0,199001958.0,202.0,0.0,202000000.0,1.0,2.0
1236,8.771144278606965,1000000.0,247492094291.0,247692091166.0,10.0,201.0,1.0,199996875.0,201.0,0.0,201000000.0,1.0,1.0
1237,8.73,1000000.0,247693094500.0,247891091000.0,9.0,200.0,1.0,197996500.0,200.0,0.0,200000000.0,1.0,2.0
1238,8.517412935323383,1000000.0,247892094541.0,248091094333.0,10.0,201.0,1.0,198999792.0,201.0,0.0,201000000.0,1.0,2.0
1239,8.631840796019901,1000000.0,248092094458.0,248291091333.0,9.0,201.0,1.0,198996875.0,201.0,0.0,201000000.0,1.0,2.0
1240,8.840796019900498,1000000.0,248292094416.0,248491094416.0,9.0,201.0,1.0,199000000.0,201.0,0.0,201000000.0,1.0,2.0
1241,8.717821782178218,1000000.0,248492094333.0,248692091083.0,9.0,202.0,1.0,199996750.0,202.0,0.0,202000000.0,1.0,2.0
1242,8.751243781094526,1000000.0,248693094333.0,248892091166.0,9.0,201.0,1.0,198996833.0,201.0,0.0,201000000.0,1.0,2.0
1243,8.722772277227723,1000000.0,248893094458.0,249092091000.0,9.0,202.0,1.0,198996542.0,202.0,0.0,202000000.0,1.0,2.0
1244,8.955445544554456,1000000.0,249093094416.0,249291091041.0,11.0,202.0,1.0,197996625.0,202.0,0.0,202000000.0,1.0,2.0
1245,8.635,1000000.0,249292094250.0,249491091208.0,10.0,200.0,1.0,198996958.0,200.0,0.0,200000000.0,1.0,1.0
1246,8.704433497536947,1000000.0,249492094500.0,249692091041.0,9.0,203.0,1.0,199996541.0,203.0,0.0,203000000.0,1.0,2.0
1247,8.7363184079602,1000000.0,249693094375.0,249892091000.0,9.0,201.0,1.0,198996625.0,201.0,0.0,201000000.0,1.0,2.0
1248,8.910891089108912,1000000.0,249893094291.0,250092091041.0,11.0,202.0,1.0,198996750.0,202.0,0.0,202000000.0,1.0,2.0
1249,8.757425742574258,1000000.0,250093094375.0,250292091083.0,10.0,202.0,1.0,198996708.0,202.0,0.0,202000000.0,1.0,2.0
1250,8.835,1000000.0,250293094458.0,250491091000.0,10.0,200.0,1.0,197996542.0,200.0,0.0,200000000.0,1.0,2.0
1251,8.766169154228855,1000000.0,250492094333.0,250691094333.0,10.0,201.0,1.0,199000000.0,201.0,0.0,201000000.0,1.0,2.0
1252,8.554455445544555,1000000.0,250692094333.0,250892091000.0,9.0,202.0,1.0,199996667.0,202.0,0.0,202000000.0,1.0,2.0
1253,8.63,1000000.0,250893094541.0,251091091166.0,10.0,200.0,1.0,197996625.0,200.0,0.0,200000000.0,1.0,2.0
1254,8.611940298507463,1000000.0,251092094541.0,251291091000.0,9.0,201.0,1.0,198996459.0,201.0,0.0,201000000.0,1.0,2.0
1255,8.875,1000000.0,251292094333.0,251491091000.0,10.0,200.0,1.0,198996667.0,200.0,0.0,200000000.0,1.0,1.0
1256,8.856435643564357,1000000.0,251492094500.0,251691094333.0,9.0,202.0,1.0,198999833.0,202.0,0.0,202000000.0,1.0,2.0
1257,8.666666666666666,1000000.0,251692094500.0,251892091125.0,10.0,204.0,1.0,199996625.0,204.0,0.0,204000000.0,1.0,2.0
1258,8.532338308457712,1000000.0,251893091291.0,252092091333.0,9.0,201.0,1.0,199000042.0,201.0,0.0,201000000.0,1.0,2.0
1259,8.45273631840796,1000000.0,252093091083.0,252292091125.0,9.0,201.0,1.0,199000042.0,201.0,0.0,201000000.0,1.0,2.0
1260,8.63,1000000.0,252293094500.0,252491094458.0,10.0,200.0,1.0,197999958.0,200.0,0.0,200000000.0,1.0,2.0
1261,8.777227722772277,1000000.0,252492094500.0,252692091000.0,10.0,202.0,1.0,199996500.0,202.0,0.0,202000000.0,1.0,2.0
1262,8.890547263681592,1000000.0,252693091250.0,252892091166.0,9.0,201.0,1.0,198999916.0,201.0,0.0,201000000.0,1.0,2.0
1263,8.935,1000000.0,252893094458.0,253091094333.0,10.0,200.0,1.0,197999875.0,200.0,0.0,200000000.0,1.0,2.0
1264,8.656716417910447,1000000.0,253092094500.0,253292091125.0,9.0,201.0,1.0,199996625.0,201.0,0.0,201000000.0,1.0,1.0
1265,8.804020100502512,1000000.0,253293094500.0,253491091041.0,11.0,199.0,1.0,197996541.0,199.0,0.0,199000000.0,1.0,2.0
1266,8.910891089108912,1000000.0,253492094333.0,253691091166.0,11.0,202.0,1.0,198996833.0,202.0,0.0,202000000.0,1.0,2.0
1267,8.66,1000000.0,253692094416.0,253891094541.0,9.0,200.0,1.0,199000125.0,200.0,0.0,200000000.0,1.0,2.0
1268,8.54679802955665,1000000.0,253892094250.0,254092091000.0,9.0,203.0,1.0,199996750.0,203.0,0.0,203000000.0,1.0,2.0
1269,8.91542288557214,1000000.0,254093094333.0,254292091208.0,10.0,201.0,1.0,198996875.0,201.0,0.0,201000000.0,1.0,2.0
1270,6.462686567164179,1000000.0,254293094583.0,254492091458.0,9.0,201.0,1.0,198996875.0,201.0,0.0,201000000.0,1.0,2.0
1271,4.532338308457711,1000000.0,254493094416.0,254691091041.0,6.0,201.0,1.0,197996625.0,201.0,0.0,201000000.0,1.0,2.0
1272,5.099009900990099,1000000.0,254692094458.0,254892091208.0,6.0,202.0,1.0,199996750.0,202.0,0.0,202000000.0,1.0,2.0
1273,4.935323383084577,1000000.0,254893094583.0,255091091000.0,8.0,201.0,1.0,197996417.0,201.0,0.0,201000000.0,1.0,2.0
1274,4.800995024875622,1000000.0,255092094458.0,255292090958.0,6.0,201.0,1.0,199996500.0,201.0,0.0,201000000.0,1.0,2.0
1275,4.686567164179104,1000000.0,255293091000.0,255491094500.0,5.0,201.0,1.0,198003500.0,201.0,0.0,201000000.0,1.0,2.0
1276,4.757425742574258,1000000.0,255492094458.0,255692091083.0,5.0,202.0,1.0,199996625.0,202.0,0.0,202000000.0,1.0,2.0
1277,4.791044776119403,1000000.0,255693094416.0,255892091333.0,6.0,201.0,1.0,198996917.0,201.0,0.0,201000000.0,1.0,2.0
1278,4.875621890547263,1000000.0,255893094458.0,256091091208.0,5.0,201.0,1.0,197996750.0,201.0,0.0,201000000.0,1.0,2.0
1279,4.522388059701493,1000000.0,256092094583.0,256291094500.0,5.0,201.0,1.0,198999917.0,201.0,0.0,201000000.0,1.0,2.0
1280,4.522388059701493,1000000.0,256292094416.0,256491091083.0,6.0,201.0,1.0,198996667.0,201.0,0.0,201000000.0,1.0,2.0
1281,4.701492537313433,1000000.0,256492094500.0,256691091000.0,5.0,201.0,1.0,198996500.0,201.0,0.0,201000000.0,1.0,2.0
1282,4.597014925373134,1000000.0,256692094416.0,256892091333.0,5.0,201.0,1.0,199996917.0,201.0,0.0,201000000.0,1.0,1.0
1283,4.688118811881188,1000000.0,256893094583.0,257091094500.0,7.0,202.0,1.0,197999917.0,202.0,0.0,202000000.0,1.0,2.0
1284,4.875621890547263,1000000.0,257092094291.0,257291090958.0,5.0,201.0,1.0,198996667.0,201.0,0.0,201000000.0,1.0,2.0
1285,4.72,1000000.0,257292094416.0,257491094541.0,6.0,200.0,1.0,199000125.0,200.0,0.0,200000000.0,1.0,1.0
1286,4.4278606965174125,1000000.0,257492094291.0,257692091125.0,5.0,201.0,1.0,199996834.0,201.0,0.0,201000000.0,1.0,2.0
1287,4.717821782178218,1000000.0,257693094416.0,257891091208.0,6.0,202.0,1.0,197996792.0,202.0,0.0,202000000.0,1.0,2.0
1288,4.53,1000000.0,257892094500.0,258091091000.0,5.0,200.0,1.0,198996500.0,200.0,0.0,200000000.0,1.0,1.0
1289,4.447761194029851,1000000.0,258092094500.0,258291094500.0,6.0,201.0,1.0,199000000.0,201.0,0.0,201000000.0,1.0,2.0
1290,4.825870646766169,1000000.0,258292094291.0,258491094458.0,5.0,201.0,1.0,199000167.0,201.0,0.0,201000000.0,1.0,2.0
1291,4.475247524752476,1000000.0,258492094541.0,258692091166.0,5.0,202.0,1.0,199996625.0,202.0,0.0,202000000.0,1.0,2.0
1292,4.343283582089552,1000000.0,258693091250.0,258892091250.0,6.0,201.0,1.0,199000000.0,201.0,0.0,201000000.0,1.0,2.0
1293,4.767326732673268,1000000.0,258893094500.0,259092091041.0,5.0,202.0,1.0,198996541.0,202.0,0.0,202000000.0,1.0,2.0
1294,4.755,1000000.0,259093094541.0,259291094500.0,6.0,200.0,1.0,197999959.0,200.0,0.0,200000000.0,1.0,2.0
1295,4.673267326732673,1000000.0,259292094583.0,259492091208.0,6.0,202.0,1.0,199996625.0,202.0,0.0,202000000.0,1.0,2.0
1296,4.355,1000000.0,259493091208.0,259691090958.0,6.0,200.0,1.0,197999750.0,200.0,0.0,200000000.0,1.0,2.0
1297,4.589108910891089,1000000.0,259692094291.0,259892091000.0,5.0,202.0,1.0,199996709.0,202.0,0.0,202000000.0,1.0,2.0
1298,5.1940298507462686,1000000.0,259893094333.0,260092091583.0,8.0,201.0,1.0,198997250.0,201.0,0.0,201000000.0,1.0,2.0
1299,4.767326732673268,1000000.0,260093091166.0,260292091333.0,8.0,202.0,1.0,199000167.0,202.0,0.0,202000000.0,1.0,2.0
1300,4.44,1000000.0,260293091041.0,260491094375.0,6.0,200.0,1.0,198003334.0,200.0,0.0,200000000.0,1.0,2.0
1301,4.599009900990099,1000000.0,260492094250.0,260692091041.0,5.0,202.0,1.0,199996791.0,202.0,0.0,202000000.0,1.0,2.0
1302,4.656716417910448,1000000.0,260693094416.0,260892091000.0,5.0,201.0,1.0,198996584.0,201.0,0.0,201000000.0,1.0,2.0
1303,4.705,1000000.0,260893094375.0,261091091041.0,7.0,200.0,1.0,197996666.0,200.0,0.0,200000000.0,1.0,2.0
1304,4.405940594059406,1000000.0,261092094500.0,261291091083.0,6.0,202.0,1.0,198996583.0,202.0,0.0,202000000.0,1.0,2.0
1305,4.901477832512315,1000000.0,261292094333.0,261492091250.0,6.0,203.0,1.0,199996917.0,203.0,0.0,203000000.0,1.0,2.0
1306,4.723618090452261,1000000.0,261493094458.0,261691091291.0,6.0,199.0,1.0,197996833.0,199.0,0.0,199000000.0,1.0,1.0
1307,4.871287128712871,1000000.0,261692094458.0,261892091041.0,9.0,202.0,1.0,199996583.0,202.0,0.0,202000000.0,1.0,2.0
1308,8.554455445544555,1000000.0,261893094416.0,262092091083.0,9.0,202.0,1.0,198996667.0,202.0,0.0,202000000.0,1.0,2.0
1309,8.835820895522389,1000000.0,262093091208.0,262292091166.0,9.0,201.0,1.0,198999958.0,201.0,0.0,201000000.0,1.0,2.0
1310,8.807881773399014,1000000.0,262293094583.0,262492091250.0,9.0,203.0,1.0,198996667.0,203.0,0.0,203000000.0,1.0,2.0
1311,8.711442786069652,1000000.0,262493091000.0,262692091250.0,9.0,201.0,1.0,199000250.0,201.0,0.0,201000000.0,1.0,2.0
1312,8.597014925373134,1000000.0,262693091333.0,262892091000.0,10.0,201.0,1.0,198999667.0,201.0,0.0,201000000.0,1.0,2.0
1313,8.46,1000000.0,262893091166.0,263092091208.0,9.0,200.0,1.0,199000042.0,200.0,0.0,200000000.0,1.0,2.0
1314,8.721393034825871,1000000.0,263093094500.0,263292091291.0,9.0,201.0,1.0,198996791.0,201.0,0.0,201000000.0,1.0,2.0
1315,8.865671641791044,1000000.0,263293091125.0,263491094416.0,9.0,201.0,1.0,198003291.0,201.0,0.0,201000000.0,1.0,2.0
1316,8.810945273631841,1000000.0,263492094500.0,263691091083.0,9.0,201.0,1.0,198996583.0,201.0,0.0,201000000.0,1.0,2.0
1317,8.557213930348258,1000000.0,263692094291.0,263892091000.0,9.0,201.0,1.0,199996709.0,201.0,0.0,201000000.0,1.0,2.0
1318,8.343283582089553,1000000.0,263893091333.0,264092091000.0,9.0,201.0,1.0,198999667.0,201.0,0.0,201000000.0,1.0,2.0
1319,8.410891089108912,1000000.0,264093094291.0,264292091208.0,9.0,202.0,1.0,198996917.0,202.0,0.0,202000000.0,1.0,2.0
1320,8.395,1000000.0,264293094625.0,264491091166.0,9.0,200.0,1.0,197996541.0,200.0,0.0,200000000.0,1.0,2.0
1321,8.807881773399014,1000000.0,264492094416.0,264692091041.0,10.0,203.0,1.0,199996625.0,203.0,0.0,203000000.0,1.0,2.0
1322,8.746268656716419,1000000.0,264693091083.0,264892091041.0,9.0,201.0,1.0,198999958.0,201.0,0.0,201000000.0,1.0,2.0
1323,8.618811881188119,1000000.0,264893094291.0,265092091083.0,9.0,202.0,1.0,198996792.0,202.0,0.0,202000000.0,1.0,2.0
1324,8.400990099009901,1000000.0,265093094333.0,265292091666.0,11.0,202.0,1.0,198997333.0,202.0,0.0,202000000.0,1.0,2.0
1325,8.721393034825871,1000000.0,265293091125.0,265492091250.0,9.0,201.0,1.0,199000125.0,201.0,0.0,201000000.0,1.0,2.0
1326,8.786069651741293,1000000.0,265493091208.0,265692091083.0,9.0,201.0,1.0,198999875.0,201.0,0.0,201000000.0,1.0,2.0
1327,8.74,1000000.0,265693094500.0,265891094500.0,9.0,200.0,1.0,198000000.0,200.0,0.0,200000000.0,1.0,2.0
1328,8.564356435643564,1000000.0,265892094291.0,266092091083.0,9.0,202.0,1.0,199996792.0,202.0,0.0,202000000.0,1.0,2.0
1329,8.78894472361809,1000000.0,266093094333.0,266291091000.0,11.0,199.0,1.0,197996667.0,199.0,0.0,199000000.0,1.0,2.0
1330,8.645320197044335,1000000.0,266292094541.0,266491091000.0,9.0,203.0,1.0,198996459.0,203.0,0.0,203000000.0,1.0,2.0
1331,8.413793103448276,1000000.0,266492094541.0,266692091083.0,10.0,203.0,1.0,199996542.0,203.0,0.0,203000000.0,1.0,2.0
1332,8.650246305418719,1000000.0,266693094375.0,266892091041.0,9.0,203.0,1.0,198996666.0,203.0,0.0,203000000.0,1.0,2.0
1333,8.825,1000000.0,266893094375.0,267091091083.0,9.0,200.0,1.0,197996708.0,200.0,0.0,200000000.0,1.0,2.0
1334,8.665,1000000.0,267092094333.0,267291091166.0,10.0,200.0,1.0,198996833.0,200.0,0.0,200000000.0,1.0,2.0
1335,8.368159203980099,1000000.0,267292094500.0,267492091083.0,9.0,201.0,1.0,199996583.0,201.0,0.0,201000000.0,1.0,1.0
1336,8.527363184079602,1000000.0,267493091208.0,267692091000.0,9.0,201.0,1.0,198999792.0,201.0,0.0,201000000.0,1.0,2.0
1337,8.653465346534654,1000000.0,267693094416.0,267892091000.0,9.0,202.0,1.0,198996584.0,202.0,0.0,202000000.0,1.0,2.0
1338,8.487437185929648,1000000.0,267893094458.0,268091091166.0,10.0,199.0,1.0,197996708.0,199.0,0.0,199000000.0,1.0,2.0
1339,8.686274509803921,1000000.0,268092094291.0,268292091375.0,9.0,204.0,1.0,199997084.0,204.0,0.0,204000000.0,1.0,2.0
1340,8.845,1000000.0,268293094541.0,268491094333.0,11.0,200.0,1.0,197999792.0,200.0,0.0,200000000.0,1.0,2.0
1341,8.681592039800995,1000000.0,268492094500.0,268691091041.0,10.0,201.0,1.0,198996541.0,201.0,0.0,201000000.0,1.0,2.0
1342,8.777227722772277,1000000.0,268692094333.0,268892091208.0,9.0,202.0,1.0,199996875.0,202.0,0.0,202000000.0,1.0,2.0
1343,8.767326732673267,1000000.0,268893091166.0,269092091166.0,9.0,202.0,1.0,199000000.0,202.0,0.0,202000000.0,1.0,2.0
1344,8.517412935323383,1000000.0,269093094416.0,269292091166.0,9.0,201.0,1.0,198996750.0,201.0,0.0,201000000.0,1.0,2.0
1345,6.27,1000000.0,269293094500.0,269492091166.0,9.0,200.0,1.0,198996666.0,200.0,0.0,200000000.0,1.0,2.0
1346,4.773399014778325,1000000.0,269493094541.0,269692091041.0,6.0,203.0,1.0,198996500.0,203.0,0.0,203000000.0,1.0,2.0
1347,4.871287128712871,1000000.0,269693091000.0,269892091166.0,5.0,202.0,1.0,199000166.0,202.0,0.0,202000000.0,1.0,2.0
1348,4.876237623762377,1000000.0,269893094458.0,270092091166.0,6.0,202.0,1.0,198996708.0,202.0,0.0,202000000.0,1.0,2.0
1349,4.579207920792079,1000000.0,270093094541.0,270292091250.0,7.0,202.0,1.0,198996709.0,202.0,0.0,202000000.0,1.0,2.0
1350,4.65,1000000.0,270293094458.0,270491094416.0,5.0,200.0,1.0,197999958.0,200.0,0.0,200000000.0,1.0,2.0
1351,4.70935960591133,1000000.0,270492094458.0,270692091208.0,5.0,203.0,1.0,199996750.0,203.0,0.0,203000000.0,1.0,2.0
1352,4.512437810945274,1000000.0,270693110208.0,270892091250.0,6.0,201.0,1.0,198981042.0,201.0,0.0,201000000.0,1.0,2.0
1353,4.75,1000000.0,270893094500.0,271091091000.0,5.0,200.0,1.0,197996500.0,200.0,0.0,200000000.0,1.0,2.0
1354,4.742574257425742,1000000.0,271092094500.0,271291091375.0,6.0,202.0,1.0,198996875.0,202.0,0.0,202000000.0,1.0,2.0
1355,4.742574257425742,1000000.0,271292094416.0,271491094458.0,6.0,202.0,1.0,199000042.0,202.0,0.0,202000000.0,1.0,3.0
1356,4.684729064039409,1000000.0,271492098500.0,271692091041.0,5.0,203.0,1.0,199992541.0,203.0,0.0,203000000.0,1.0,2.0
1357,4.7772277227722775,1000000.0,271693094416.0,271892091166.0,5.0,202.0,1.0,198996750.0,202.0,0.0,202000000.0,1.0,2.0
1358,4.704433497536946,1000000.0,271893091208.0,272092091041.0,5.0,203.0,1.0,198999833.0,203.0,0.0,203000000.0,1.0,2.0
1359,4.477611940298507,1000000.0,272093094458.0,272292091083.0,5.0,201.0,1.0,198996625.0,201.0,0.0,201000000.0,1.0,2.0
1360,4.655,1000000.0,272293094458.0,272491091041.0,5.0,200.0,1.0,197996583.0,200.0,0.0,200000000.0,1.0,2.0
1361,4.875621890547263,1000000.0,272492094458.0,272691094541.0,5.0,201.0,1.0,199000083.0,201.0,0.0,201000000.0,1.0,2.0
1362,4.564356435643564,1000000.0,272692094333.0,272892091333.0,5.0,202.0,1.0,199997000.0,202.0,0.0,202000000.0,1.0,2.0
1363,4.4950495049504955,1000000.0,272893091125.0,273092091000.0,5.0,202.0,1.0,198999875.0,202.0,0.0,202000000.0,1.0,2.0
1364,4.71,1000000.0,273093094291.0,273291094541.0,5.0,200.0,1.0,198000250.0,200.0,0.0,200000000.0,1.0,2.0
1365,4.673267326732673,1000000.0,273292094458.0,273492092000.0,6.0,202.0,1.0,199997542.0,202.0,0.0,202000000.0,1.0,2.0
1366,4.68,1000000.0,273493091041.0,273691091041.0,7.0,200.0,1.0,198000000.0,200.0,0.0,200000000.0,1.0,2.0
1367,4.813725490196078,1000000.0,273692094416.0,273892091166.0,5.0,204.0,1.0,199996750.0,204.0,0.0,204000000.0,1.0,2.0
1368,4.809045226130653,1000000.0,273893094541.0,274091094583.0,6.0,199.0,1.0,198000042.0,199.0,0.0,199000000.0,1.0,1.0
1369,4.6138613861386135,1000000.0,274092094583.0,274292091041.0,5.0,202.0,1.0,199996458.0,202.0,0.0,202000000.0,1.0,2.0
1370,4.822660098522167,1000000.0,274293094375.0,274492091041.0,6.0,203.0,1.0,198996666.0,203.0,0.0,203000000.0,1.0,2.0
1371,4.373134328358209,1000000.0,274493094416.0,274692091208.0,5.0,201.0,1.0,198996792.0,201.0,0.0,201000000.0,1.0,2.0
1372,4.665,1000000.0,274693094458.0,274891091208.0,5.0,200.0,1.0,197996750.0,200.0,0.0,200000000.0,1.0,2.0
1373,4.830845771144278,1000000.0,274892094541.0,275091091250.0,5.0,201.0,1.0,198996709.0,201.0,0.0,201000000.0,1.0,2.0
1374,4.732673267326732,1000000.0,275092094500.0,275292091000.0,6.0,202.0,1.0,199996500.0,202.0,0.0,202000000.0,1.0,2.0
1375,4.796019900497512,1000000.0,275293094416.0,275492091041.0,6.0,201.0,1.0,198996625.0,201.0,0.0,201000000.0,1.0,2.0
1376,4.857142857142857,1000000.0,275493094500.0,275692091041.0,5.0,203.0,1.0,198996541.0,203.0,0.0,203000000.0,1.0,2.0
1377,4.4926108374384235,1000000.0,275693094541.0,275892091458.0,5.0,203.0,1.0,198996917.0,203.0,0.0,203000000.0,1.0,2.0
1378,4.72636815920398,1000000.0,275893094583.0,276091091041.0,6.0,201.0,1.0,197996458.0,201.0,0.0,201000000.0,1.0,2.0
1379,4.891089108910891,1000000.0,276092094500.0,276292091125.0,6.0,202.0,1.0,199996625.0,202.0,0.0,202000000.0,1.0,2.0
1380,4.65,1000000.0,276293094958.0,276491094291.0,5.0,200.0,1.0,197999333.0,200.0,0.0,200000000.0,1.0,2.0
1381,4.589108910891089,1000000.0,276492094625.0,276691091083.0,6.0,202.0,1.0,198996458.0,202.0,0.0,202000000.0,1.0,2.0
1382,4.773399014778325,1000000.0,276692094416.0,276892091208.0,8.0,203.0,1.0,199996792.0,203.0,0.0,203000000.0,1.0,2.0
1383,8.613065326633166,1000000.0,276893091166.0,277091091041.0,9.0,199.0,1.0,197999875.0,199.0,0.0,199000000.0,1.0,1.0
1384,8.800995024875622,1000000.0,277092094416.0,277291094333.0,9.0,201.0,1.0,198999917.0,201.0,0.0,201000000.0,1.0,2.0
1385,8.655172413793103,1000000.0,277292094458.0,277492091208.0,9.0,203.0,1.0,199996750.0,203.0,0.0,203000000.0,1.0,2.0
1386,8.83084577114428,1000000.0,277493094458.0,277692091083.0,10.0,201.0,1.0,198996625.0,201.0,0.0,201000000.0,1.0,2.0
1387,8.829145728643216,1000000.0,277693094541.0,277891094416.0,9.0,199.0,1.0,197999875.0,199.0,0.0,199000000.0,1.0,1.0
1388,8.761194029850746,1000000.0,277892094541.0,278091091000.0,9.0,201.0,1.0,198996459.0,201.0,0.0,201000000.0,1.0,2.0
1389,8.925742574257425,1000000.0,278092094458.0,278291091291.0,9.0,202.0,1.0,198996833.0,202.0,0.0,202000000.0,1.0,2.0
1390,8.31527093596059,1000000.0,278292094500.0,278491091083.0,9.0,203.0,1.0,198996583.0,203.0,0.0,203000000.0,1.0,2.0
1391,8.541871921182265,1000000.0,278492094708.0,278692091500.0,9.0,203.0,1.0,199996792.0,203.0,0.0,203000000.0,1.0,2.0
1392,8.83084577114428,1000000.0,278693091125.0,278892091291.0,9.0,201.0,1.0,199000166.0,201.0,0.0,201000000.0,1.0,2.0
1393,8.81,1000000.0,278893094500.0,279091091000.0,10.0,200.0,1.0,197996500.0,200.0,0.0,200000000.0,1.0,2.0
1394,8.945544554455445,1000000.0,279092094458.0,279292091166.0,11.0,202.0,1.0,199996708.0,202.0,0.0,202000000.0,1.0,2.0
1395,9.085,1000000.0,279293094416.0,279491094583.0,11.0,200.0,1.0,198000167.0,200.0,0.0,200000000.0,1.0,2.0
1396,9.07843137254902,1000000.0,279492098083.0,279692091125.0,11.0,204.0,1.0,199993042.0,204.0,0.0,204000000.0,1.0,2.0
1397,8.702970297029703,1000000.0,279693094416.0,279892091208.0,9.0,202.0,1.0,198996792.0,202.0,0.0,202000000.0,1.0,2.0
1398,8.504950495049505,1000000.0,279893094583.0,280091091000.0,9.0,202.0,1.0,197996417.0,202.0,0.0,202000000.0,1.0,2.0
1399,8.737623762376238,1000000.0,280092094500.0,280292091333.0,10.0,202.0,1.0,199996833.0,202.0,0.0,202000000.0,1.0,2.0
1400,8.865671641791044,1000000.0,280293091125.0,280492091000.0,10.0,201.0,1.0,198999875.0,201.0,0.0,201000000.0,1.0,2.0
1401,8.721393034825871,1000000.0,280493094375.0,280692091000.0,9.0,201.0,1.0,198996625.0,201.0,0.0,201000000.0,1.0,2.0
1402,8.606965174129353,1000000.0,280693094458.0,280892091125.0,9.0,201.0,1.0,198996667.0,201.0,0.0,201000000.0,1.0,2.0
1403,8.616915422885572,1000000.0,280893094458.0,281091091000.0,9.0,201.0,1.0,197996542.0,201.0,0.0,201000000.0,1.0,3.0
1404,8.781094527363184,1000000.0,281092094458.0,281291094541.0,10.0,201.0,1.0,199000083.0,201.0,0.0,201000000.0,1.0,2.0
1405,8.761194029850746,1000000.0,281292094291.0,281491094583.0,10.0,201.0,1.0,199000292.0,201.0,0.0,201000000.0,1.0,2.0
1406,8.930348258706468,1000000.0,281492094458.0,281692091000.0,10.0,201.0,1.0,199996542.0,201.0,0.0,201000000.0,1.0,2.0
1407,8.653465346534654,1000000.0,281693094416.0,281892091333.0,10.0,202.0,1.0,198996917.0,202.0,0.0,202000000.0,1.0,2.0
1408,8.771144278606965,1000000.0,281893094500.0,282091091333.0,10.0,201.0,1.0,197996833.0,201.0,0.0,201000000.0,1.0,2.0
1409,8.773399014778326,1000000.0,282092094291.0,282292091208.0,9.0,203.0,1.0,199996917.0,203.0,0.0,203000000.0,1.0,2.0
1410,8.74,1000000.0,282293091000.0,282491091166.0,9.0,200.0,1.0,198000166.0,200.0,0.0,200000000.0,1.0,2.0
1411,8.796019900497512,1000000.0,282492094333.0,282691090958.0,10.0,201.0,1.0,198996625.0,201.0,0.0,201000000.0,1.0,2.0
1412,8.603960396039604,1000000.0,282692094333.0,282892091250.0,9.0,202.0,1.0,199996917.0,202.0,0.0,202000000.0,1.0,2.0
1413,8.618811881188119,1000000.0,282893094458.0,283092091291.0,9.0,202.0,1.0,198996833.0,202.0,0.0,202000000.0,1.0,2.0
1414,8.64676616915423,1000000.0,283093090958.0,283292091041.0,9.0,201.0,1.0,199000083.0,201.0,0.0,201000000.0,1.0,2.0
1415,8.746268656716419,1000000.0,283293091083.0,283492091166.0,9.0,201.0,1.0,199000083.0,201.0,0.0,201000000.0,1.0,2.0
1416,8.83,1000000.0,283493091250.0,283691091041.0,9.0,200.0,1.0,197999791.0,200.0,0.0,200000000.0,1.0,2.0
1417,8.482587064676617,1000000.0,283692094458.0,283891091041.0,9.0,201.0,1.0,198996583.0,201.0,0.0,201000000.0,1.0,2.0
1418,8.89,1000000.0,283892094458.0,284092091041.0,10.0,200.0,1.0,199996583.0,200.0,0.0,200000000.0,1.0,1.0
1419,8.771144278606965,1000000.0,284093094333.0,284292091041.0,10.0,201.0,1.0,198996708.0,201.0,0.0,201000000.0,1.0,2.0
1420,6.318407960199005,1000000.0,284293094500.0,284491091291.0,9.0,201.0,1.0,197996791.0,201.0,0.0,201000000.0,1.0,2.0
1421,4.885,1000000.0,284492095416.0,284691091125.0,6.0,200.0,1.0,198995709.0,200.0,0.0,200000000.0,1.0,1.0
1422,4.53960396039604,1000000.0,284692094625.0,284891091125.0,6.0,202.0,1.0,198996500.0,202.0,0.0,202000000.0,1.0,2.0
1423,4.920398009950249,1000000.0,284892094625.0,285091094500.0,7.0,201.0,1.0,198999875.0,201.0,0.0,201000000.0,1.0,2.0
1424,4.651960784313726,1000000.0,285092094500.0,285292091041.0,6.0,204.0,1.0,199996541.0,204.0,0.0,204000000.0,1.0,2.0
1425,4.582089552238806,1000000.0,285293094500.0,285492091125.0,6.0,201.0,1.0,198996625.0,201.0,0.0,201000000.0,1.0,2.0
1426,4.599009900990099,1000000.0,285493094458.0,285692091000.0,5.0,202.0,1.0,198996542.0,202.0,0.0,202000000.0,1.0,2.0
1427,4.532338308457711,1000000.0,285693094458.0,285892091291.0,6.0,201.0,1.0,198996833.0,201.0,0.0,201000000.0,1.0,2.0
1428,4.616915422885572,1000000.0,285893091208.0,286091094458.0,5.0,201.0,1.0,198003250.0,201.0,0.0,201000000.0,1.0,2.0
1429,4.63681592039801,1000000.0,286092094583.0,286291093958.0,5.0,201.0,1.0,198999375.0,201.0,0.0,201000000.0,1.0,2.0
1430,4.891089108910891,1000000.0,286292094541.0,286491094666.0,7.0,202.0,1.0,199000125.0,202.0,0.0,202000000.0,1.0,2.0
1431,4.72636815920398,1000000.0,286492094458.0,286691094458.0,5.0,201.0,1.0,199000000.0,201.0,0.0,201000000.0,1.0,2.0
1432,4.748768472906404,1000000.0,286692094541.0,286892091291.0,5.0,203.0,1.0,199996750.0,203.0,0.0,203000000.0,1.0,2.0
1433,4.791044776119403,1000000.0,286893094333.0,287092091250.0,6.0,201.0,1.0,198996917.0,201.0,0.0,201000000.0,1.0,2.0
1434,4.467661691542289,1000000.0,287093094458.0,287291091208.0,7.0,201.0,1.0,197996750.0,201.0,0.0,201000000.0,1.0,2.0
1435,4.930348258706467,1000000.0,287292094750.0,287491090958.0,6.0,201.0,1.0,198996208.0,201.0,0.0,201000000.0,1.0,2.0
1436,4.776119402985074,1000000.0,287492094458.0,287691094416.0,6.0,201.0,1.0,198999958.0,201.0,0.0,201000000.0,1.0,2.0
1437,4.711442786069652,1000000.0,287692094458.0,287892091000.0,5.0,201.0,1.0,199996542.0,201.0,0.0,201000000.0,1.0,2.0
1438,4.894472361809045,1000000.0,287893094291.0,288091094541.0,5.0,199.0,1.0,198000250.0,199.0,0.0,199000000.0,1.0,1.0
1439,4.714285714285714,1000000.0,288092094458.0,288292091291.0,5.0,203.0,1.0,199996833.0,203.0,0.0,203000000.0,1.0,3.0
1440,4.658291457286432,1000000.0,288293094375.0,288491091083.0,5.0,199.0,1.0,197996708.0,199.0,0.0,199000000.0,1.0,1.0
1441,4.762376237623762,1000000.0,288492094333.0,288691094583.0,5.0,202.0,1.0,199000250.0,202.0,0.0,202000000.0,1.0,2.0
1442,4.658415841584159,1000000.0,288692094583.0,288891094583.0,5.0,202.0,1.0,199000000.0,202.0,0.0,202000000.0,1.0,2.0
1443,4.435643564356436,1000000.0,288892094333.0,289092091000.0,6.0,202.0,1.0,199996667.0,202.0,0.0,202000000.0,1.0,3.0
1444,5.049019607843137,1000000.0,289093094500.0,289292091041.0,6.0,204.0,1.0,198996541.0,204.0,0.0,204000000.0,1.0,2.0
1445,4.597014925373134,1000000.0,289293094500.0,289492091166.0,5.0,201.0,1.0,198996666.0,201.0,0.0,201000000.0,1.0,2.0
1446,4.743718592964824,1000000.0,289493091291.0,289691091208.0,5.0,199.0,1.0,197999917.0,199.0,0.0,199000000.0,1.0,1.0
1447,4.678217821782178,1000000.0,289692094500.0,289891094541.0,6.0,202.0,1.0,199000041.0,202.0,0.0,202000000.0,1.0,2.0
1448,4.676616915422885,1000000.0,289892094333.0,290091094541.0,5.0,201.0,1.0,199000208.0,201.0,0.0,201000000.0,1.0,2.0
1449,4.686567164179104,1000000.0,290092094541.0,290292091083.0,5.0,201.0,1.0,199996542.0,201.0,0.0,201000000.0,1.0,1.0
1450,4.896039603960396,1000000.0,290293091208.0,290491094500.0,8.0,202.0,1.0,198003292.0,202.0,0.0,202000000.0,1.0,2.0
1451,4.436274509803922,1000000.0,290492094541.0,290692091208.0,5.0,204.0,1.0,199996667.0,204.0,0.0,204000000.0,1.0,2.0
1452,4.895522388059701,1000000.0,290693094500.0,290892091250.0,6.0,201.0,1.0,198996750.0,201.0,0.0,201000000.0,1.0,2.0
1453,4.536945812807882,1000000.0,290893094375.0,291092091291.0,5.0,203.0,1.0,198996916.0,203.0,0.0,203000000.0,1.0,2.0
1454,4.45273631840796,1000000.0,291093094541.0,291291094458.0,5.0,201.0,1.0,197999917.0,201.0,0.0,201000000.0,1.0,2.0
1455,4.825870646766169,1000000.0,291292094500.0,291492091041.0,5.0,201.0,1.0,199996541.0,201.0,0.0,201000000.0,1.0,1.0
1456,4.364532019704433,1000000.0,291493094333.0,291692091291.0,5.0,203.0,1.0,198996958.0,203.0,0.0,203000000.0,1.0,2.0
1457,4.869346733668341,1000000.0,291693091208.0,291891091041.0,8.0,199.0,1.0,197999833.0,199.0,0.0,199000000.0,1.0,1.0
1458,8.835820895522389,1000000.0,291892094541.0,292091091166.0,10.0,201.0,1.0,198996625.0,201.0,0.0,201000000.0,1.0,2.0
1459,8.321782178217822,1000000.0,292092094708.0,292292091083.0,9.0,202.0,1.0,199996375.0,202.0,0.0,202000000.0,1.0,2.0
1460,8.755,1000000.0,292293094583.0,292491091333.0,9.0,200.0,1.0,197996750.0,200.0,0.0,200000000.0,1.0,2.0
1461,8.798029556650246,1000000.0,292492094500.0,292692091166.0,9.0,203.0,1.0,199996666.0,203.0,0.0,203000000.0,1.0,2.0
1462,8.562189054726367,1000000.0,292693091125.0,292892091125.0,9.0,201.0,1.0,199000000.0,201.0,0.0,201000000.0,1.0,2.0
1463,8.851485148514852,1000000.0,292893094458.0,293091091041.0,9.0,202.0,1.0,197996583.0,202.0,0.0,202000000.0,1.0,2.0
1464,8.7,1000000.0,293092094416.0,293291091041.0,9.0,200.0,1.0,198996625.0,200.0,0.0,200000000.0,1.0,2.0
1465,8.925742574257425,1000000.0,293292094333.0,293491091000.0,10.0,202.0,1.0,198996667.0,202.0,0.0,202000000.0,1.0,2.0
1466,8.650246305418719,1000000.0,293492094458.0,293692091000.0,9.0,203.0,1.0,199996542.0,203.0,0.0,203000000.0,1.0,2.0
1467,8.81592039800995,1000000.0,293693094333.0,293892091041.0,9.0,201.0,1.0,198996708.0,201.0,0.0,201000000.0,1.0,2.0
1468,8.63,1000000.0,293893091166.0,294091091208.0,9.0,200.0,1.0,198000042.0,200.0,0.0,200000000.0,1.0,2.0
1469,8.67487684729064,1000000.0,294092094500.0,294292091083.0,9.0,203.0,1.0,199996583.0,203.0,0.0,203000000.0,1.0,2.0
1470,8.626865671641792,1000000.0,294293094583.0,294492091083.0,10.0,201.0,1.0,198996500.0,201.0,0.0,201000000.0,1.0,2.0
1471,8.666666666666666,1000000.0,294493094333.0,294692091125.0,10.0,201.0,1.0,198996792.0,201.0,0.0,201000000.0,1.0,2.0
1472,8.756218905472636,1000000.0,294693094583.0,294892091375.0,9.0,201.0,1.0,198996792.0,201.0,0.0,201000000.0,1.0,2.0
1473,8.835,1000000.0,294893094541.0,295091091166.0,10.0,200.0,1.0,197996625.0,200.0,0.0,200000000.0,1.0,2.0
1474,8.666666666666666,1000000.0,295092094583.0,295291091250.0,9.0,201.0,1.0,198996667.0,201.0,0.0,201000000.0,1.0,2.0
1475,8.836633663366337,1000000.0,295292094458.0,295491091125.0,11.0,202.0,1.0,198996667.0,202.0,0.0,202000000.0,1.0,2.0
1476,8.507389162561577,1000000.0,295492094250.0,295692091041.0,10.0,203.0,1.0,199996791.0,203.0,0.0,203000000.0,1.0,2.0
1477,8.7,1000000.0,295693091250.0,295891091166.0,10.0,200.0,1.0,197999916.0,200.0,0.0,200000000.0,1.0,2.0
1478,8.805970149253731,1000000.0,295892094416.0,296091094500.0,10.0,201.0,1.0,199000084.0,201.0,0.0,201000000.0,1.0,2.0
1479,8.561576354679802,1000000.0,296092094375.0,296291091083.0,10.0,203.0,1.0,198996708.0,203.0,0.0,203000000.0,1.0,2.0
1480,8.375,1000000.0,296292094500.0,296491091125.0,9.0,200.0,1.0,198996625.0,200.0,0.0,200000000.0,1.0,1.0
1481,8.950495049504951,1000000.0,296492094291.0,296692091333.0,10.0,202.0,1.0,199997042.0,202.0,0.0,202000000.0,1.0,2.0
1482,8.381909547738694,1000000.0,296693094375.0,296891094416.0,9.0,199.0,1.0,198000041.0,199.0,0.0,199000000.0,1.0,2.0
1483,8.762376237623762,1000000.0,296892094416.0,297092091083.0,9.0,202.0,1.0,199996667.0,202.0,0.0,202000000.0,1.0,2.0
1484,8.65,1000000.0,297093094333.0,297291094333.0,10.0,200.0,1.0,198000000.0,200.0,0.0,200000000.0,1.0,2.0
1485,8.752475247524753,1000000.0,297292094333.0,297491091083.0,10.0,202.0,1.0,198996750.0,202.0,0.0,202000000.0,1.0,2.0
1486,8.57,1000000.0,297492094583.0,297691091125.0,9.0,200.0,1.0,198996542.0,200.0,0.0,200000000.0,1.0,1.0
1487,8.729064039408867,1000000.0,297692094458.0,297892091125.0,9.0,203.0,1.0,199996667.0,203.0,0.0,203000000.0,1.0,2.0
1488,8.35175879396985,1000000.0,297893094500.0,298091094791.0,9.0,199.0,1.0,198000291.0,199.0,0.0,199000000.0,1.0,1.0
1489,8.64179104477612,1000000.0,298092094458.0,298291094416.0,9.0,201.0,1.0,198999958.0,201.0,0.0,201000000.0,1.0,2.0
1490,8.762376237623762,1000000.0,298292094375.0,298491094333.0,9.0,202.0,1.0,198999958.0,202.0,0.0,202000000.0,1.0,2.0
1491,8.782178217821782,1000000.0,298492094416.0,298691091125.0,10.0,202.0,1.0,198996709.0,202.0,0.0,202000000.0,1.0,2.0
1492,9.18905472636816,1000000.0,298692094500.0,298892091250.0,11.0,201.0,1.0,199996750.0,201.0,0.0,201000000.0,1.0,1.0
1493,8.656716417910447,1000000.0,298893094500.0,299091091083.0,10.0,201.0,1.0,197996583.0,201.0,0.0,201000000.0,1.0,2.0
1494,8.88,1000000.0,299092094541.0,299291091166.0,10.0,200.0,1.0,198996625.0,200.0,0.0,200000000.0,1.0,1.0
1495,6.412935323383085,1000000.0,299292094333.0,299492091083.0,9.0,201.0,1.0,199996750.0,201.0,0.0,201000000.0,1.0,1.0
1496,4.891625615763547,1000000.0,299493091125.0,299692091041.0,5.0,203.0,1.0,198999916.0,203.0,0.0,203000000.0,1.0,2.0
1497,4.61,1000000.0,299693094458.0,299892091250.0,5.0,200.0,1.0,198996792.0,200.0,0.0,200000000.0,1.0,1.0
1498,4.72,1000000.0,299893094500.0,300092091125.0,5.0,200.0,1.0,198996625.0,200.0,0.0,200000000.0,1.0,1.0
1499,4.940298507462686,1000000.0,300093094583.0,300291094500.0,6.0,201.0,1.0,197999917.0,201.0,0.0,201000000.0,1.0,2.0
1500,4.807881773399015,1000000.0,300292094458.0,300492091166.0,6.0,203.0,1.0,199996708.0,203.0,0.0,203000000.0,1.0,2.0
1501,4.721393034825871,1000000.0,300493091208.0,300691091041.0,5.0,201.0,1.0,197999833.0,201.0,0.0,201000000.0,1.0,2.0
1502,4.729064039408867,1000000.0,300692094458.0,300892091041.0,6.0,203.0,1.0,199996583.0,203.0,0.0,203000000.0,1.0,2.0
1503,4.729064039408867,1000000.0,300893094583.0,301092091041.0,5.0,203.0,1.0,198996458.0,203.0,0.0,203000000.0,1.0,2.0
1504,4.990049751243781,1000000.0,301093094458.0,301292091208.0,7.0,201.0,1.0,198996750.0,201.0,0.0,201000000.0,1.0,2.0
1505,4.597014925373134,1000000.0,301293094541.0,301491091041.0,5.0,201.0,1.0,197996500.0,201.0,0.0,201000000.0,1.0,2.0
1506,4.945812807881773,1000000.0,301492094541.0,301692091083.0,6.0,203.0,1.0,199996542.0,203.0,0.0,203000000.0,1.0,2.0
1507,4.945544554455446,1000000.0,301693094500.0,301891094458.0,6.0,202.0,1.0,197999958.0,202.0,0.0,202000000.0,1.0,2.0
1508,4.497512437810945,1000000.0,301892094541.0,302091091125.0,5.0,201.0,1.0,198996584.0,201.0,0.0,201000000.0,1.0,2.0
1509,4.766169154228856,1000000.0,302092094500.0,302291091041.0,6.0,201.0,1.0,198996541.0,201.0,0.0,201000000.0,1.0,2.0
1510,4.7164179104477615,1000000.0,302292094458.0,302492091000.0,5.0,201.0,1.0,199996542.0,201.0,0.0,201000000.0,1.0,2.0
1511,4.6318407960199,1000000.0,302493094500.0,302692091083.0,6.0,201.0,1.0,198996583.0,201.0,0.0,201000000.0,1.0,2.0
1512,4.925373134328358,1000000.0,302693091125.0,302892091125.0,6.0,201.0,1.0,199000000.0,201.0,0.0,201000000.0,1.0,2.0
1513,4.8159203980099505,1000000.0,302893094541.0,303092090958.0,6.0,201.0,1.0,198996417.0,201.0,0.0,201000000.0,1.0,2.0
1514,4.582089552238806,1000000.0,303093094333.0,303292091083.0,6.0,201.0,1.0,198996750.0,201.0,0.0,201000000.0,1.0,2.0
1515,4.841584158415841,1000000.0,303293091250.0,303491091083.0,5.0,202.0,1.0,197999833.0,202.0,0.0,202000000.0,1.0,2.0
1516,4.6716417910447765,1000000.0,303492094458.0,303691094416.0,5.0,201.0,1.0,198999958.0,201.0,0.0,201000000.0,1.0,2.0
1517,4.391089108910891,1000000.0,303692094291.0,303892091250.0,6.0,202.0,1.0,199996959.0,202.0,0.0,202000000.0,1.0,2.0
1518,4.432835820895522,1000000.0,303893094500.0,304092091041.0,5.0,201.0,1.0,198996541.0,201.0,0.0,201000000.0,1.0,2.0
1519,4.603015075376884,1000000.0,304093094333.0,304291091000.0,5.0,199.0,1.0,197996667.0,199.0,0.0,199000000.0,1.0,2.0
1520,4.625,1000000.0,304292094541.0,304491094416.0,5.0,200.0,1.0,198999875.0,200.0,0.0,200000000.0,1.0,1.0
1521,5.01980198019802,1000000.0,304492094416.0,304691091125.0,6.0,202.0,1.0,198996709.0,202.0,0.0,202000000.0,1.0,2.0
1522,4.776119402985074,1000000.0,304692094458.0,304892091041.0,6.0,201.0,1.0,199996583.0,201.0,0.0,201000000.0,1.0,2.0
1523,4.1840796019900495,1000000.0,304893091166.0,305092091166.0,5.0,201.0,1.0,199000000.0,201.0,0.0,201000000.0,1.0,2.0
1524,4.92,1000000.0,305093094333.0,305292091291.0,6.0,200.0,1.0,198996958.0,200.0,0.0,200000000.0,1.0,2.0
1525,4.462686567164179,1000000.0,305293094541.0,305492091333.0,5.0,201.0,1.0,198996792.0,201.0,0.0,201000000.0,1.0,2.0
1526,4.745,1000000.0,305493091250.0,305691094458.0,6.0,200.0,1.0,198003208.0,200.0,0.0,200000000.0,1.0,2.0
1527,4.642156862745098,1000000.0,305692094583.0,305892091166.0,5.0,204.0,1.0,199996583.0,204.0,0.0,204000000.0,1.0,2.0
1528,4.482412060301508,1000000.0,305893094416.0,306091091041.0,5.0,199.0,1.0,197996625.0,199.0,0.0,199000000.0,1.0,1.0
1529,4.63681592039801,1000000.0,306092094375.0,306292091250.0,5.0,201.0,1.0,199996875.0,201.0,0.0,201000000.0,1.0,1.0
1530,4.743718592964824,1000000.0,306293094458.0,306491094541.0,5.0,199.0,1.0,198000083.0,199.0,0.0,199000000.0,1.0,2.0
1531,4.729064039408867,1000000.0,306492094583.0,306691091125.0,5.0,203.0,1.0,198996542.0,203.0,0.0,203000000.0,1.0,2.0
1532,4.866336633663367,1000000.0,306692094541.0,306892091000.0,8.0,202.0,1.0,199996459.0,202.0,0.0,202000000.0,1.0,2.0
1533,8.61,1000000.0,306893091583.0,307091094375.0,10.0,200.0,1.0,198002792.0,200.0,0.0,200000000.0,1.0,2.0
1534,8.683168316831683,1000000.0,307092094333.0,307292091083.0,9.0,202.0,1.0,199996750.0,202.0,0.0,202000000.0,1.0,2.0
1535,8.935,1000000.0,307293094416.0,307491091125.0,10.0,200.0,1.0,197996709.0,200.0,0.0,200000000.0,1.0,2.0
1536,8.812807881773399,1000000.0,307492094375.0,307692091291.0,10.0,203.0,1.0,199996916.0,203.0,0.0,203000000.0,1.0,2.0
1537,8.841584158415841,1000000.0,307693094458.0,307891091000.0,9.0,202.0,1.0,197996542.0,202.0,0.0,202000000.0,1.0,2.0
1538,8.752475247524753,1000000.0,307892094250.0,308092091125.0,9.0,202.0,1.0,199996875.0,202.0,0.0,202000000.0,1.0,2.0
1539,8.430693069306932,1000000.0,308093094416.0,308292091208.0,10.0,202.0,1.0,198996792.0,202.0,0.0,202000000.0,1.0,2.0
1540,8.727722772277227,1000000.0,308293091250.0,308492091208.0,10.0,202.0,1.0,198999958.0,202.0,0.0,202000000.0,1.0,2.0
1541,8.59,1000000.0,308493091083.0,308691091041.0,9.0,200.0,1.0,197999958.0,200.0,0.0,200000000.0,1.0,2.0
1542,8.599009900990099,1000000.0,308692094416.0,308892091208.0,9.0,202.0,1.0,199996792.0,202.0,0.0,202000000.0,1.0,2.0
1543,8.766169154228855,1000000.0,308893091125.0,309092091041.0,9.0,201.0,1.0,198999916.0,201.0,0.0,201000000.0,1.0,2.0
1544,8.487437185929648,1000000.0,309093091083.0,309291091041.0,9.0,199.0,1.0,197999958.0,199.0,0.0,199000000.0,1.0,2.0
1545,8.507462686567164,1000000.0,309292094375.0,309491091083.0,9.0,201.0,1.0,198996708.0,201.0,0.0,201000000.0,1.0,2.0
1546,8.571428571428571,1000000.0,309492094416.0,309692091125.0,9.0,203.0,1.0,199996709.0,203.0,0.0,203000000.0,1.0,2.0
1547,8.69,1000000.0,309693091041.0,309892091250.0,9.0,200.0,1.0,199000209.0,200.0,0.0,200000000.0,1.0,1.0
1548,8.512437810945274,1000000.0,309893094500.0,310092091250.0,9.0,201.0,1.0,198996750.0,201.0,0.0,201000000.0,1.0,2.0
1549,8.83084577114428,1000000.0,310093094250.0,310292091083.0,9.0,201.0,1.0,198996833.0,201.0,0.0,201000000.0,1.0,2.0
1550,8.54,1000000.0,310293094458.0,310492091291.0,10.0,200.0,1.0,198996833.0,200.0,0.0,200000000.0,1.0,1.0
1551,8.58,1000000.0,310493091166.0,310691091000.0,10.0,200.0,1.0,197999834.0,200.0,0.0,200000000.0,1.0,2.0
1552,8.694581280788178,1000000.0,310692094458.0,310892091333.0,9.0,203.0,1.0,199996875.0,203.0,0.0,203000000.0,1.0,2.0
1553,8.566502463054187,1000000.0,310893094583.0,311092091041.0,9.0,203.0,1.0,198996458.0,203.0,0.0,203000000.0,1.0,2.0
1554,8.64,1000000.0,311093094375.0,311291091166.0,10.0,200.0,1.0,197996791.0,200.0,0.0,200000000.0,1.0,2.0
1555,8.696969696969697,1000000.0,311292094333.0,311491091083.0,9.0,198.0,1.0,198996750.0,198.0,0.0,198000000.0,1.0,2.0
1556,8.791044776119403,1000000.0,311492094416.0,311691091041.0,9.0,201.0,1.0,198996625.0,201.0,0.0,201000000.0,1.0,2.0
1557,8.729064039408867,1000000.0,311692094291.0,311892091208.0,10.0,203.0,1.0,199996917.0,203.0,0.0,203000000.0,1.0,2.0
1558,9.064356435643564,1000000.0,311893091208.0,312091094416.0,11.0,202.0,1.0,198003208.0,202.0,0.0,202000000.0,1.0,2.0
1559,8.7363184079602,1000000.0,312092097333.0,312292091083.0,9.0,201.0,1.0,199993750.0,201.0,0.0,201000000.0,1.0,2.0
1560,8.74,1000000.0,312293094500.0,312491091250.0,10.0,200.0,1.0,197996750.0,200.0,0.0,200000000.0,1.0,2.0
1561,8.733990147783251,1000000.0,312492094458.0,312692091083.0,10.0,203.0,1.0,199996625.0,203.0,0.0,203000000.0,1.0,2.0
1562,8.676616915422885,1000000.0,312693094583.0,312891094458.0,9.0,201.0,1.0,197999875.0,201.0,0.0,201000000.0,1.0,2.0
1563,8.651741293532337,1000000.0,312892094375.0,313092091166.0,10.0,201.0,1.0,199996791.0,201.0,0.0,201000000.0,1.0,1.0
1564,8.766169154228855,1000000.0,313093091208.0,313292090958.0,9.0,201.0,1.0,198999750.0,201.0,0.0,201000000.0,1.0,2.0
1565,8.365,1000000.0,313293094500.0,313492091250.0,9.0,200.0,1.0,198996750.0,200.0,0.0,200000000.0,1.0,2.0
1566,8.383084577114428,1000000.0,313493094416.0,313691094458.0,9.0,201.0,1.0,198000042.0,201.0,0.0,201000000.0,1.0,2.0
1567,8.7363184079602,1000000.0,313692094375.0,313891091083.0,9.0,201.0,1.0,198996708.0,201.0,0.0,201000000.0,1.0,2.0
1568,8.628712871287128,1000000.0,313892094500.0,314091090958.0,10.0,202.0,1.0,198996458.0,202.0,0.0,202000000.0,1.0,2.0
1569,8.658415841584159,1000000.0,314092094416.0,314292091166.0,9.0,202.0,1.0,199996750.0,202.0,0.0,202000000.0,1.0,2.0
1570,6.45,1000000.0,314293094416.0,314491094541.0,9.0,200.0,1.0,198000125.0,200.0,0.0,200000000.0,1.0,2.0
1571,4.900990099009901,1000000.0,314492094541.0,314692091208.0,6.0,202.0,1.0,199996667.0,202.0,0.0,202000000.0,1.0,2.0
1572,4.4278606965174125,1000000.0,314693091041.0,314892091041.0,5.0,201.0,1.0,199000000.0,201.0,0.0,201000000.0,1.0,2.0
1573,4.717821782178218,1000000.0,314893094458.0,315092091208.0,5.0,202.0,1.0,198996750.0,202.0,0.0,202000000.0,1.0,2.0
1574,5.034825870646766,1000000.0,315093094541.0,315291094458.0,6.0,201.0,1.0,197999917.0,201.0,0.0,201000000.0,1.0,2.0
1575,4.63681592039801,1000000.0,315292094500.0,315491094625.0,6.0,201.0,1.0,199000125.0,201.0,0.0,201000000.0,1.0,2.0
1576,5.079601990049751,1000000.0,315492094500.0,315691091000.0,7.0,201.0,1.0,198996500.0,201.0,0.0,201000000.0,1.0,2.0
1577,4.688118811881188,1000000.0,315692094333.0,315891091041.0,6.0,202.0,1.0,198996708.0,202.0,0.0,202000000.0,1.0,2.0
1578,4.569306930693069,1000000.0,315892094250.0,316091091083.0,5.0,202.0,1.0,198996833.0,202.0,0.0,202000000.0,1.0,2.0
1579,4.4926108374384235,1000000.0,316092094458.0,316291091250.0,5.0,203.0,1.0,198996792.0,203.0,0.0,203000000.0,1.0,2.0
1580,4.797029702970297,1000000.0,316292094375.0,316492091208.0,5.0,202.0,1.0,199996833.0,202.0,0.0,202000000.0,1.0,2.0
1581,4.69,1000000.0,316493094458.0,316692091208.0,5.0,200.0,1.0,198996750.0,200.0,0.0,200000000.0,1.0,1.0
1582,4.788944723618091,1000000.0,316693094416.0,316891091041.0,7.0,199.0,1.0,197996625.0,199.0,0.0,199000000.0,1.0,2.0
1583,4.661691542288557,1000000.0,316892094500.0,317091094500.0,5.0,201.0,1.0,199000000.0,201.0,0.0,201000000.0,1.0,2.0
1584,4.724137931034483,1000000.0,317092094291.0,317292091291.0,5.0,203.0,1.0,199997000.0,203.0,0.0,203000000.0,1.0,3.0
1585,4.512437810945274,1000000.0,317293091250.0,317492091125.0,5.0,201.0,1.0,198999875.0,201.0,0.0,201000000.0,1.0,2.0
1586,4.8,1000000.0,317493094458.0,317691091208.0,6.0,200.0,1.0,197996750.0,200.0,0.0,200000000.0,1.0,2.0
1587,4.711442786069652,1000000.0,317692094500.0,317891094500.0,6.0,201.0,1.0,199000000.0,201.0,0.0,201000000.0,1.0,2.0
1588,4.816831683168317,1000000.0,317892094458.0,318091091291.0,6.0,202.0,1.0,198996833.0,202.0,0.0,202000000.0,1.0,2.0
1589,4.815,1000000.0,318092094375.0,318291094500.0,6.0,200.0,1.0,199000125.0,200.0,0.0,200000000.0,1.0,1.0
1590,4.6,1000000.0,318292094458.0,318492091250.0,5.0,200.0,1.0,199996792.0,200.0,0.0,200000000.0,1.0,1.0
1591,4.555,1000000.0,318493091333.0,318691091208.0,5.0,200.0,1.0,197999875.0,200.0,0.0,200000000.0,1.0,2.0
1592,4.402985074626866,1000000.0,318692094541.0,318892091041.0,6.0,201.0,1.0,199996500.0,201.0,0.0,201000000.0,1.0,2.0
1593,4.537313432835821,1000000.0,318893091208.0,319092091125.0,5.0,201.0,1.0,198999917.0,201.0,0.0,201000000.0,1.0,2.0
1594,4.900497512437811,1000000.0,319093094541.0,319292091000.0,5.0,201.0,1.0,198996459.0,201.0,0.0,201000000.0,1.0,2.0
1595,4.811881188118812,1000000.0,319293094333.0,319491091125.0,6.0,202.0,1.0,197996792.0,202.0,0.0,202000000.0,1.0,2.0
1596,4.569306930693069,1000000.0,319492094416.0,319691096541.0,6.0,202.0,1.0,199002125.0,202.0,0.0,202000000.0,1.0,2.0
1597,4.916256157635468,1000000.0,319692094291.0,319892091083.0,6.0,203.0,1.0,199996792.0,203.0,0.0,203000000.0,1.0,2.0
1598,4.751243781094527,1000000.0,319893094500.0,320092091250.0,5.0,201.0,1.0,198996750.0,201.0,0.0,201000000.0,1.0,2.0
1599,4.92,1000000.0,320093094708.0,320291093958.0,6.0,200.0,1.0,197999250.0,200.0,0.0,200000000.0,1.0,2.0
1600,4.822660098522167,1000000.0,320292094500.0,320491091000.0,7.0,203.0,1.0,198996500.0,203.0,0.0,203000000.0,1.0,2.0
1601,4.935323383084577,1000000.0,320492094416.0,320691091208.0,6.0,201.0,1.0,198996792.0,201.0,0.0,201000000.0,1.0,2.0
1602,4.57,1000000.0,320692094625.0,320892091083.0,5.0,200.0,1.0,199996458.0,200.0,0.0,200000000.0,1.0,1.0
1603,4.792079207920792,1000000.0,320893094333.0,321092091416.0,6.0,202.0,1.0,198997083.0,202.0,0.0,202000000.0,1.0,2.0
1604,4.63681592039801,1000000.0,321093094541.0,321291091083.0,7.0,201.0,1.0,197996542.0,201.0,0.0,201000000.0,1.0,3.0
1605,4.611940298507463,1000000.0,321292094500.0,321491094500.0,5.0,201.0,1.0,199000000.0,201.0,0.0,201000000.0,1.0,2.0
1606,4.985148514851486,1000000.0,321492094541.0,321691094375.0,6.0,202.0,1.0,198999834.0,202.0,0.0,202000000.0,1.0,2.0
1607,4.807881773399015,1000000.0,321692094458.0,321892091166.0,8.0,203.0,1.0,199996708.0,203.0,0.0,203000000.0,1.0,2.0
1608,8.708542713567839,1000000.0,321893094500.0,322091091083.0,9.0,199.0,1.0,197996583.0,199.0,0.0,199000000.0,1.0,1.0
1609,8.67156862745098,1000000.0,322092094458.0,322292091000.0,11.0,204.0,1.0,199996542.0,204.0,0.0,204000000.0,1.0,2.0
1610,8.656862745098039,1000000.0,322293091166.0,322492091291.0,10.0,204.0,1.0,199000125.0,204.0,0.0,204000000.0,1.0,2.0
1611,8.48,1000000.0,322493094500.0,322692091166.0,9.0,200.0,1.0,198996666.0,200.0,0.0,200000000.0,1.0,2.0
1612,8.97,1000000.0,322693091291.0,322891091083.0,11.0,200.0,1.0,197999792.0,200.0,0.0,200000000.0,1.0,2.0
1613,8.75,1000000.0,322892094458.0,323091094541.0,9.0,200.0,1.0,199000083.0,200.0,0.0,200000000.0,1.0,1.0
1614,8.643564356435643,1000000.0,323092094416.0,323292090958.0,9.0,202.0,1.0,199996542.0,202.0,0.0,202000000.0,1.0,2.0
1615,8.777227722772277,1000000.0,323293094666.0,323492091083.0,9.0,202.0,1.0,198996417.0,202.0,0.0,202000000.0,1.0,2.0
1616,8.870646766169154,1000000.0,323493094250.0,323692091083.0,11.0,201.0,1.0,198996833.0,201.0,0.0,201000000.0,1.0,2.0
1617,8.668316831683168,1000000.0,323693094500.0,323892091000.0,9.0,202.0,1.0,198996500.0,202.0,0.0,202000000.0,1.0,2.0
1618,8.76,1000000.0,323893094458.0,324091091000.0,9.0,200.0,1.0,197996542.0,200.0,0.0,200000000.0,1.0,2.0
1619,8.333333333333334,1000000.0,324092094333.0,324291091041.0,9.0,201.0,1.0,198996708.0,201.0,0.0,201000000.0,1.0,2.0
1620,8.761194029850746,1000000.0,324292094500.0,324491091000.0,10.0,201.0,1.0,198996500.0,201.0,0.0,201000000.0,1.0,2.0
1621,8.827586206896552,1000000.0,324492094416.0,324691091166.0,10.0,203.0,1.0,198996750.0,203.0,0.0,203000000.0,1.0,3.0
1622,8.69,1000000.0,324692094375.0,324891094541.0,9.0,200.0,1.0,199000166.0,200.0,0.0,200000000.0,1.0,1.0
1623,8.875621890547263,1000000.0,324892094500.0,325092091041.0,10.0,201.0,1.0,199996541.0,201.0,0.0,201000000.0,1.0,1.0
1624,8.871287128712872,1000000.0,325093094333.0,325291091375.0,9.0,202.0,1.0,197997042.0,202.0,0.0,202000000.0,1.0,2.0
1625,8.755,1000000.0,325292094500.0,325491091125.0,9.0,200.0,1.0,198996625.0,200.0,0.0,200000000.0,1.0,2.0
1626,8.505,1000000.0,325492094541.0,325691091000.0,10.0,200.0,1.0,198996459.0,200.0,0.0,200000000.0,1.0,1.0
1627,8.25615763546798,1000000.0,325692094375.0,325892091208.0,10.0,203.0,1.0,199996833.0,203.0,0.0,203000000.0,1.0,2.0
1628,8.509900990099009,1000000.0,325893094500.0,326092091208.0,9.0,202.0,1.0,198996708.0,202.0,0.0,202000000.0,1.0,2.0
1629,8.445,1000000.0,326093094541.0,326291094333.0,9.0,200.0,1.0,197999792.0,200.0,0.0,200000000.0,1.0,2.0
1630,8.517241379310345,1000000.0,326292094416.0,326491094750.0,10.0,203.0,1.0,199000334.0,203.0,0.0,203000000.0,1.0,2.0
1631,8.606965174129353,1000000.0,326492094458.0,326691090958.0,11.0,201.0,1.0,198996500.0,201.0,0.0,201000000.0,1.0,2.0
1632,8.846534653465346,1000000.0,326692094583.0,326892091166.0,11.0,202.0,1.0,199996583.0,202.0,0.0,202000000.0,1.0,2.0
1633,8.85,1000000.0,326893096125.0,327091091333.0,9.0,200.0,1.0,197995208.0,200.0,0.0,200000000.0,1.0,2.0
1634,8.815533980582524,1000000.0,327092094375.0,327292091291.0,9.0,206.0,1.0,199996916.0,206.0,0.0,206000000.0,1.0,2.0
1635,8.815,1000000.0,327293094541.0,327491094333.0,10.0,200.0,1.0,197999792.0,200.0,0.0,200000000.0,1.0,3.0
1636,8.945544554455445,1000000.0,327492094416.0,327692091041.0,10.0,202.0,1.0,199996625.0,202.0,0.0,202000000.0,1.0,2.0
1637,8.477611940298507,1000000.0,327693094458.0,327892091041.0,9.0,201.0,1.0,198996583.0,201.0,0.0,201000000.0,1.0,2.0
1638,8.786069651741293,1000000.0,327893094458.0,328092091208.0,11.0,201.0,1.0,198996750.0,201.0,0.0,201000000.0,1.0,2.0
1639,8.82089552238806,1000000.0,328093094500.0,328291094583.0,10.0,201.0,1.0,198000083.0,201.0,0.0,201000000.0,1.0,3.0
1640,8.782178217821782,1000000.0,328292094500.0,328491094583.0,10.0,202.0,1.0,199000083.0,202.0,0.0,202000000.0,1.0,2.0
1641,8.364532019704434,1000000.0,328492094375.0,328692091166.0,9.0,203.0,1.0,199996791.0,203.0,0.0,203000000.0,1.0,2.0
1642,8.925373134328359,1000000.0,328693091208.0,328892091458.0,11.0,201.0,1.0,199000250.0,201.0,0.0,201000000.0,1.0,2.0
1643,8.475,1000000.0,328893094458.0,329091091125.0,9.0,200.0,1.0,197996667.0,200.0,0.0,200000000.0,1.0,2.0
1644,8.751243781094526,1000000.0,329092094416.0,329291091166.0,10.0,201.0,1.0,198996750.0,201.0,0.0,201000000.0,1.0,2.0
1645,6.325123152709359,1000000.0,329292094458.0,329491090958.0,10.0,203.0,1.0,198996500.0,203.0,0.0,203000000.0,1.0,2.0
1646,4.588235294117647,1000000.0,329492094666.0,329692091000.0,6.0,204.0,1.0,199996334.0,204.0,0.0,204000000.0,1.0,3.0
1647,4.562189054726368,1000000.0,329693091208.0,329892091250.0,5.0,201.0,1.0,199000042.0,201.0,0.0,201000000.0,1.0,2.0
1648,4.698492462311558,1000000.0,329893094541.0,330092091375.0,6.0,199.0,1.0,198996834.0,199.0,0.0,199000000.0,1.0,1.0
1649,5.0,1000000.0,330093094583.0,330292091000.0,6.0,201.0,1.0,198996417.0,201.0,0.0,201000000.0,1.0,2.0
1650,4.800995024875622,1000000.0,330293094541.0,330492091000.0,6.0,201.0,1.0,198996459.0,201.0,0.0,201000000.0,1.0,2.0
1651,4.54726368159204,1000000.0,330493094541.0,330692091041.0,6.0,201.0,1.0,198996500.0,201.0,0.0,201000000.0,1.0,2.0
1652,5.293532338308458,1000000.0,330693094458.0,330892091125.0,7.0,201.0,1.0,198996667.0,201.0,0.0,201000000.0,1.0,2.0
1653,4.601990049751244,1000000.0,330893094458.0,331092091333.0,6.0,201.0,1.0,198996875.0,201.0,0.0,201000000.0,1.0,2.0
1654,4.497512437810945,1000000.0,331093094541.0,331291091083.0,5.0,201.0,1.0,197996542.0,201.0,0.0,201000000.0,1.0,2.0
1655,5.182266009852217,1000000.0,331292094458.0,331491094375.0,7.0,203.0,1.0,198999917.0,203.0,0.0,203000000.0,1.0,2.0
1656,4.825870646766169,1000000.0,331492094500.0,331692091000.0,5.0,201.0,1.0,199996500.0,201.0,0.0,201000000.0,1.0,1.0
1657,4.685,1000000.0,331693094291.0,331892091958.0,5.0,200.0,1.0,198997667.0,200.0,0.0,200000000.0,1.0,2.0
1658,4.477386934673367,1000000.0,331893094666.0,332091091041.0,5.0,199.0,1.0,197996375.0,199.0,0.0,199000000.0,1.0,1.0
1659,4.359605911330049,1000000.0,332092094458.0,332292091000.0,6.0,203.0,1.0,199996542.0,203.0,0.0,203000000.0,1.0,2.0
1660,4.661691542288557,1000000.0,332293091041.0,332492091208.0,5.0,201.0,1.0,199000167.0,201.0,0.0,201000000.0,1.0,2.0
1661,4.787128712871287,1000000.0,332493094583.0,332692091083.0,6.0,202.0,1.0,198996500.0,202.0,0.0,202000000.0,1.0,2.0
1662,4.839195979899498,1000000.0,332693094416.0,332891094541.0,6.0,199.0,1.0,198000125.0,199.0,0.0,199000000.0,1.0,1.0
1663,4.815,1000000.0,332892094458.0,333091094625.0,5.0,200.0,1.0,199000167.0,200.0,0.0,200000000.0,1.0,1.0
1664,4.846534653465347,1000000.0,333092094375.0,333291091041.0,7.0,202.0,1.0,198996666.0,202.0,0.0,202000000.0,1.0,2.0
1665,4.706467661691542,1000000.0,333292094458.0,333491094500.0,6.0,201.0,1.0,199000042.0,201.0,0.0,201000000.0,1.0,2.0
1666,4.567164179104478,1000000.0,333492094541.0,333691094458.0,5.0,201.0,1.0,198999917.0,201.0,0.0,201000000.0,1.0,2.0
1667,4.544554455445544,1000000.0,333692094458.0,333891091375.0,5.0,202.0,1.0,198996917.0,202.0,0.0,202000000.0,1.0,2.0
1668,4.653465346534653,1000000.0,333892094541.0,334092091250.0,5.0,202.0,1.0,199996709.0,202.0,0.0,202000000.0,1.0,2.0
1669,4.565,1000000.0,334093094791.0,334291091000.0,5.0,200.0,1.0,197996209.0,200.0,0.0,200000000.0,1.0,2.0
1670,4.537313432835821,1000000.0,334292094500.0,334491094333.0,5.0,201.0,1.0,198999833.0,201.0,0.0,201000000.0,1.0,2.0
1671,4.648514851485149,1000000.0,334492094541.0,334691091125.0,5.0,202.0,1.0,198996584.0,202.0,0.0,202000000.0,1.0,2.0
1672,4.707920792079208,1000000.0,334692094583.0,334891091208.0,6.0,202.0,1.0,198996625.0,202.0,0.0,202000000.0,1.0,2.0
1673,4.905940594059406,1000000.0,334892094375.0,335091091125.0,6.0,202.0,1.0,198996750.0,202.0,0.0,202000000.0,1.0,2.0
1674,4.841584158415841,1000000.0,335092094416.0,335291090958.0,5.0,202.0,1.0,198996542.0,202.0,0.0,202000000.0,1.0,2.0
1675,4.66,1000000.0,335292094500.0,335491091083.0,5.0,200.0,1.0,198996583.0,200.0,0.0,200000000.0,1.0,1.0
1676,4.701492537313433,1000000.0,335492094458.0,335691090958.0,5.0,201.0,1.0,198996500.0,201.0,0.0,201000000.0,1.0,2.0
1677,4.801980198019802,1000000.0,335692094500.0,335891094458.0,7.0,202.0,1.0,198999958.0,202.0,0.0,202000000.0,1.0,2.0
1678,4.512315270935961,1000000.0,335892094458.0,336091094375.0,6.0,203.0,1.0,198999917.0,203.0,0.0,203000000.0,1.0,2.0
1679,4.70935960591133,1000000.0,336092094458.0,336291094458.0,5.0,203.0,1.0,199000000.0,203.0,0.0,203000000.0,1.0,2.0
1680,4.776119402985074,1000000.0,336292094666.0,336491094666.0,6.0,201.0,1.0,199000000.0,201.0,0.0,201000000.0,1.0,2.0
1681,4.738916256157635,1000000.0,336492094541.0,336692091291.0,5.0,203.0,1.0,199996750.0,203.0,0.0,203000000.0,1.0,2.0
1682,4.96039603960396,1000000.0,336693094458.0,336892091166.0,9.0,202.0,1.0,198996708.0,202.0,0.0,202000000.0,1.0,2.0
1683,8.985,1000000.0,336893091333.0,337091094375.0,10.0,200.0,1.0,198003042.0,200.0,0.0,200000000.0,1.0,2.0
1684,8.373134328358208,1000000.0,337092094416.0,337291094666.0,9.0,201.0,1.0,199000250.0,201.0,0.0,201000000.0,1.0,2.0
1685,8.985148514851485,1000000.0,337292094375.0,337492091208.0,10.0,202.0,1.0,199996833.0,202.0,0.0,202000000.0,1.0,2.0
1686,8.840796019900498,1000000.0,337493094458.0,337691090958.0,9.0,201.0,1.0,197996500.0,201.0,0.0,201000000.0,1.0,2.0
1687,8.782178217821782,1000000.0,337692094333.0,337892091291.0,10.0,202.0,1.0,199996958.0,202.0,0.0,202000000.0,1.0,2.0
1688,8.74384236453202,1000000.0,337893094458.0,338092091166.0,9.0,203.0,1.0,198996708.0,203.0,0.0,203000000.0,1.0,2.0
1689,8.703517587939698,1000000.0,338093094458.0,338291091041.0,9.0,199.0,1.0,197996583.0,199.0,0.0,199000000.0,1.0,1.0
1690,8.935323383084578,1000000.0,338292094375.0,338491091083.0,10.0,201.0,1.0,198996708.0,201.0,0.0,201000000.0,1.0,2.0
1691,8.757425742574258,1000000.0,338492094500.0,338692091041.0,11.0,202.0,1.0,199996541.0,202.0,0.0,202000000.0,1.0,2.0
1692,8.792079207920793,1000000.0,338693094541.0,338892091000.0,9.0,202.0,1.0,198996459.0,202.0,0.0,202000000.0,1.0,2.0
1693,8.846534653465346,1000000.0,338893091208.0,339092091000.0,9.0,202.0,1.0,198999792.0,202.0,0.0,202000000.0,1.0,2.0
1694,8.589108910891088,1000000.0,339093094541.0,339292091166.0,9.0,202.0,1.0,198996625.0,202.0,0.0,202000000.0,1.0,2.0
1695,8.810945273631841,1000000.0,339293091125.0,339492091083.0,9.0,201.0,1.0,198999958.0,201.0,0.0,201000000.0,1.0,2.0
1696,8.79,1000000.0,339493094416.0,339691091041.0,10.0,200.0,1.0,197996625.0,200.0,0.0,200000000.0,1.0,2.0
1697,8.571428571428571,1000000.0,339692094583.0,339891094375.0,11.0,203.0,1.0,198999792.0,203.0,0.0,203000000.0,1.0,2.0
1698,8.720588235294118,1000000.0,339892094333.0,340092091250.0,10.0,204.0,1.0,199996917.0,204.0,0.0,204000000.0,1.0,2.0
1699,8.575,1000000.0,340093094458.0,340291091041.0,10.0,200.0,1.0,197996583.0,200.0,0.0,200000000.0,1.0,2.0
1700,8.782178217821782,1000000.0,340292094500.0,340491094541.0,9.0,202.0,1.0,199000041.0,202.0,0.0,202000000.0,1.0,2.0
1701,8.812807881773399,1000000.0,340492094375.0,340692091125.0,9.0,203.0,1.0,199996750.0,203.0,0.0,203000000.0,1.0,2.0
1702,8.601990049751244,1000000.0,340693091166.0,340892091500.0,11.0,201.0,1.0,199000334.0,201.0,0.0,201000000.0,1.0,2.0
1703,8.65,1000000.0,340893091458.0,341091094291.0,11.0,200.0,1.0,198002833.0,200.0,0.0,200000000.0,1.0,2.0
1704,8.724137931034482,1000000.0,341092094458.0,341291091125.0,9.0,203.0,1.0,198996667.0,203.0,0.0,203000000.0,1.0,2.0
1705,9.472636815920398,1000000.0,341292094333.0,341492091125.0,10.0,201.0,1.0,199996792.0,201.0,0.0,201000000.0,1.0,1.0
1706,8.90547263681592,1000000.0,341493091041.0,341691094458.0,10.0,201.0,1.0,198003417.0,201.0,0.0,201000000.0,1.0,2.0
1707,8.599009900990099,1000000.0,341692094458.0,341892091333.0,9.0,202.0,1.0,199996875.0,202.0,0.0,202000000.0,1.0,2.0
1708,8.965,1000000.0,341893094500.0,342092091125.0,10.0,200.0,1.0,198996625.0,200.0,0.0,200000000.0,1.0,2.0
1709,8.71,1000000.0,342093094416.0,342291094291.0,9.0,200.0,1.0,197999875.0,200.0,0.0,200000000.0,1.0,2.0
1710,8.688118811881187,1000000.0,342292094666.0,342491093625.0,9.0,202.0,1.0,198998959.0,202.0,0.0,202000000.0,1.0,2.0
1711,8.532338308457712,1000000.0,342492094250.0,342691091166.0,9.0,201.0,1.0,198996916.0,201.0,0.0,201000000.0,1.0,2.0
1712,8.747524752475247,1000000.0,342692094375.0,342892091000.0,10.0,202.0,1.0,199996625.0,202.0,0.0,202000000.0,1.0,2.0
1713,8.522388059701493,1000000.0,342893094458.0,343092091250.0,9.0,201.0,1.0,198996792.0,201.0,0.0,201000000.0,1.0,2.0
1714,8.990049751243781,1000000.0,343093096166.0,343291091000.0,10.0,201.0,1.0,197994834.0,201.0,0.0,201000000.0,1.0,2.0
1715,8.900497512437811,1000000.0,343292094541.0,343491091333.0,10.0,201.0,1.0,198996792.0,201.0,0.0,201000000.0,1.0,2.0
1716,8.738916256157635,1000000.0,343492093000.0,343692091000.0,9.0,203.0,1.0,199998000.0,203.0,0.0,203000000.0,1.0,2.0
1717,8.82089552238806,1000000.0,343693091125.0,343892091208.0,9.0,201.0,1.0,199000083.0,201.0,0.0,201000000.0,1.0,2.0
1718,8.71859296482412,1000000.0,343893094416.0,344092090958.0,9.0,199.0,1.0,198996542.0,199.0,0.0,199000000.0,1.0,1.0
1719,8.64,1000000.0,344093094375.0,344292090958.0,9.0,200.0,1.0,198996583.0,200.0,0.0,200000000.0,1.0,2.0
1720,6.651741293532338,1000000.0,344293094250.0,344492091333.0,9.0,201.0,1.0,198997083.0,201.0,0.0,201000000.0,1.0,2.0
1721,4.8793969849246235,1000000.0,344493094666.0,344691094500.0,5.0,199.0,1.0,197999834.0,199.0,0.0,199000000.0,1.0,1.0
1722,4.54726368159204,1000000.0,344692094583.0,344891094375.0,5.0,201.0,1.0,198999792.0,201.0,0.0,201000000.0,1.0,2.0
1723,4.53960396039604,1000000.0,344892094541.0,345092090958.0,5.0,202.0,1.0,199996417.0,202.0,0.0,202000000.0,1.0,2.0
1724,4.775,1000000.0,345093094416.0,345292091083.0,5.0,200.0,1.0,198996667.0,200.0,0.0,200000000.0,1.0,1.0
1725,4.565,1000000.0,345293094333.0,345491094416.0,5.0,200.0,1.0,198000083.0,200.0,0.0,200000000.0,1.0,2.0
1726,4.610837438423645,1000000.0,345492094666.0,345692091250.0,5.0,203.0,1.0,199996584.0,203.0,0.0,203000000.0,1.0,2.0
1727,4.635,1000000.0,345693094458.0,345892091000.0,5.0,200.0,1.0,198996542.0,200.0,0.0,200000000.0,1.0,2.0
1728,4.61,1000000.0,345893094375.0,346091091208.0,6.0,200.0,1.0,197996833.0,200.0,0.0,200000000.0,1.0,2.0
1729,4.802955665024631,1000000.0,346092094458.0,346292091208.0,7.0,203.0,1.0,199996750.0,203.0,0.0,203000000.0,1.0,2.0
1730,5.12,1000000.0,346293094541.0,346491091041.0,6.0,200.0,1.0,197996500.0,200.0,0.0,200000000.0,1.0,2.0
1731,4.741293532338308,1000000.0,346492094458.0,346691094458.0,5.0,201.0,1.0,199000000.0,201.0,0.0,201000000.0,1.0,2.0
1732,4.727722772277228,1000000.0,346692094625.0,346892090958.0,6.0,202.0,1.0,199996333.0,202.0,0.0,202000000.0,1.0,2.0
1733,4.910891089108911,1000000.0,346893091166.0,347092091250.0,6.0,202.0,1.0,199000084.0,202.0,0.0,202000000.0,1.0,2.0
1734,5.02970297029703,1000000.0,347093091208.0,347292091000.0,7.0,202.0,1.0,198999792.0,202.0,0.0,202000000.0,1.0,2.0
1735,4.786069651741293,1000000.0,347293094583.0,347491094458.0,6.0,201.0,1.0,197999875.0,201.0,0.0,201000000.0,1.0,2.0
1736,4.5763546798029555,1000000.0,347492094583.0,347691094541.0,6.0,203.0,1.0,198999958.0,203.0,0.0,203000000.0,1.0,3.0
1737,4.737623762376238,1000000.0,347692094458.0,347892091125.0,5.0,202.0,1.0,199996667.0,202.0,0.0,202000000.0,1.0,2.0
1738,4.44,1000000.0,347893094458.0,348091094583.0,5.0,200.0,1.0,198000125.0,200.0,0.0,200000000.0,1.0,2.0
1739,4.7254901960784315,1000000.0,348092094458.0,348292091125.0,6.0,204.0,1.0,199996667.0,204.0,0.0,204000000.0,1.0,2.0
1740,4.706467661691542,1000000.0,348293094500.0,348492091041.0,5.0,201.0,1.0,198996541.0,201.0,0.0,201000000.0,1.0,2.0
1741,4.343283582089552,1000000.0,348493094583.0,348692091000.0,5.0,201.0,1.0,198996417.0,201.0,0.0,201000000.0,1.0,2.0
1742,4.582089552238806,1000000.0,348693094375.0,348892091166.0,5.0,201.0,1.0,198996791.0,201.0,0.0,201000000.0,1.0,2.0
1743,4.645,1000000.0,348893094333.0,349092091208.0,5.0,200.0,1.0,198996875.0,200.0,0.0,200000000.0,1.0,1.0
1744,4.555,1000000.0,349093090958.0,349291094541.0,5.0,200.0,1.0,198003583.0,200.0,0.0,200000000.0,1.0,2.0
1745,4.49009900990099,1000000.0,349292094458.0,349491091125.0,6.0,202.0,1.0,198996667.0,202.0,0.0,202000000.0,1.0,2.0
1746,4.587064676616915,1000000.0,349492094375.0,349691091166.0,5.0,201.0,1.0,198996791.0,201.0,0.0,201000000.0,1.0,2.0
1747,4.600985221674877,1000000.0,349692094333.0,349892091166.0,5.0,203.0,1.0,199996833.0,203.0,0.0,203000000.0,1.0,2.0
1748,4.900497512437811,1000000.0,349893094458.0,350092091125.0,6.0,201.0,1.0,198996667.0,201.0,0.0,201000000.0,1.0,2.0
1749,4.391089108910891,1000000.0,350093094458.0,350292091208.0,5.0,202.0,1.0,198996750.0,202.0,0.0,202000000.0,1.0,2.0
1750,4.51,1000000.0,350293094541.0,350491091291.0,6.0,200.0,1.0,197996750.0,200.0,0.0,200000000.0,1.0,2.0
1751,4.323383084577115,1000000.0,350492094416.0,350692090958.0,5.0,201.0,1.0,199996542.0,201.0,0.0,201000000.0,1.0,2.0
1752,4.678391959798995,1000000.0,350693094458.0,350891091166.0,5.0,199.0,1.0,197996708.0,199.0,0.0,199000000.0,1.0,1.0
1753,4.683168316831683,1000000.0,350892094416.0,351092091083.0,8.0,202.0,1.0,199996667.0,202.0,0.0,202000000.0,1.0,2.0
1754,4.56,1000000.0,351093094541.0,351291091208.0,5.0,200.0,1.0,197996667.0,200.0,0.0,200000000.0,1.0,2.0
1755,4.574257425742574,1000000.0,351292094458.0,351492091250.0,7.0,202.0,1.0,199996792.0,202.0,0.0,202000000.0,1.0,2.0
1756,4.85,1000000.0,351493094666.0,351691094500.0,7.0,200.0,1.0,197999834.0,200.0,0.0,200000000.0,1.0,2.0
1757,5.151960784313726,1000000.0,351692094708.0,351892091250.0,9.0,204.0,1.0,199996542.0,204.0,0.0,204000000.0,1.0,2.0
1758,8.88,1000000.0,351893094333.0,352092091000.0,11.0,200.0,1.0,198996667.0,200.0,0.0,200000000.0,1.0,1.0
1759,8.7363184079602,1000000.0,352093094583.0,352291091250.0,11.0,201.0,1.0,197996667.0,201.0,0.0,201000000.0,1.0,2.0
1760,8.7363184079602,1000000.0,352292094416.0,352491094458.0,10.0,201.0,1.0,199000042.0,201.0,0.0,201000000.0,1.0,2.0
1761,8.733990147783251,1000000.0,352492094333.0,352692091250.0,9.0,203.0,1.0,199996917.0,203.0,0.0,203000000.0,1.0,2.0
1762,8.702970297029703,1000000.0,352693091250.0,352892091250.0,9.0,202.0,1.0,199000000.0,202.0,0.0,202000000.0,1.0,2.0
1763,9.08,1000000.0,352893094458.0,353091094416.0,11.0,200.0,1.0,197999958.0,200.0,0.0,200000000.0,1.0,2.0
1764,8.529702970297029,1000000.0,353092094458.0,353292091125.0,9.0,202.0,1.0,199996667.0,202.0,0.0,202000000.0,1.0,3.0
1765,8.73,1000000.0,353293094375.0,353491091166.0,11.0,200.0,1.0,197996791.0,200.0,0.0,200000000.0,1.0,2.0
1766,8.752475247524753,1000000.0,353492094416.0,353692091041.0,9.0,202.0,1.0,199996625.0,202.0,0.0,202000000.0,1.0,2.0
1767,8.532338308457712,1000000.0,353693091250.0,353892091208.0,9.0,201.0,1.0,198999958.0,201.0,0.0,201000000.0,1.0,2.0
1768,8.248756218905474,1000000.0,353893094458.0,354092091125.0,9.0,201.0,1.0,198996667.0,201.0,0.0,201000000.0,1.0,2.0
1769,8.842364532019705,1000000.0,354093094250.0,354292091125.0,10.0,203.0,1.0,198996875.0,203.0,0.0,203000000.0,1.0,3.0
1770,8.585,1000000.0,354293094500.0,354491094416.0,10.0,200.0,1.0,197999916.0,200.0,0.0,200000000.0,1.0,2.0
1771,8.668316831683168,1000000.0,354492094458.0,354692091125.0,9.0,202.0,1.0,199996667.0,202.0,0.0,202000000.0,1.0,2.0
1772,8.950248756218905,1000000.0,354693091041.0,354891094333.0,9.0,201.0,1.0,198003292.0,201.0,0.0,201000000.0,1.0,2.0
1773,8.601990049751244,1000000.0,354892094625.0,355092090958.0,10.0,201.0,1.0,199996333.0,201.0,0.0,201000000.0,1.0,1.0
1774,8.512562814070352,1000000.0,355093091250.0,355291091041.0,10.0,199.0,1.0,197999791.0,199.0,0.0,199000000.0,1.0,1.0
1775,8.761194029850746,1000000.0,355292094416.0,355491090958.0,9.0,201.0,1.0,198996542.0,201.0,0.0,201000000.0,1.0,2.0
1776,8.860696517412935,1000000.0,355492094375.0,355692091250.0,9.0,201.0,1.0,199996875.0,201.0,0.0,201000000.0,1.0,2.0
1777,8.435,1000000.0,355693094458.0,355891091041.0,9.0,200.0,1.0,197996583.0,200.0,0.0,200000000.0,1.0,2.0
1778,8.77,1000000.0,355892094291.0,356091094375.0,10.0,200.0,1.0,199000084.0,200.0,0.0,200000000.0,1.0,2.0
1779,8.369458128078819,1000000.0,356092094416.0,356292091208.0,10.0,203.0,1.0,199996792.0,203.0,0.0,203000000.0,1.0,2.0
1780,8.391959798994975,1000000.0,356293091083.0,356491091000.0,9.0,199.0,1.0,197999917.0,199.0,0.0,199000000.0,1.0,1.0
1781,9.507389162561577,1000000.0,356492094333.0,356691094416.0,11.0,203.0,1.0,199000083.0,203.0,0.0,203000000.0,1.0,2.0
1782,8.527363184079602,1000000.0,356692094458.0,356892091250.0,9.0,201.0,1.0,199996792.0,201.0,0.0,201000000.0,1.0,1.0
1783,8.715,1000000.0,356893094416.0,357092091000.0,9.0,200.0,1.0,198996584.0,200.0,0.0,200000000.0,1.0,1.0
1784,9.029702970297029,1000000.0,357093094375.0,357291094458.0,11.0,202.0,1.0,198000083.0,202.0,0.0,202000000.0,1.0,3.0
1785,8.62,1000000.0,357292094333.0,357491091083.0,9.0,200.0,1.0,198996750.0,200.0,0.0,200000000.0,1.0,1.0
1786,8.905,1000000.0,357492094375.0,357691091166.0,10.0,200.0,1.0,198996791.0,200.0,0.0,200000000.0,1.0,1.0
1787,8.925742574257425,1000000.0,357692094458.0,357891091208.0,9.0,202.0,1.0,198996750.0,202.0,0.0,202000000.0,1.0,2.0
1788,8.698019801980198,1000000.0,357892094500.0,358092091041.0,10.0,202.0,1.0,199996541.0,202.0,0.0,202000000.0,1.0,2.0
1789,8.605,1000000.0,358093094541.0,358292091208.0,10.0,200.0,1.0,198996667.0,200.0,0.0,200000000.0,1.0,1.0
1790,8.786069651741293,1000000.0,358293094416.0,358491091000.0,9.0,201.0,1.0,197996584.0,201.0,0.0,201000000.0,1.0,2.0
1791,8.722772277227723,1000000.0,358492094375.0,358691094458.0,9.0,202.0,1.0,199000083.0,202.0,0.0,202000000.0,1.0,2.0
1792,8.616915422885572,1000000.0,358692094500.0,358892091250.0,9.0,201.0,1.0,199996750.0,201.0,0.0,201000000.0,1.0,1.0
1793,8.54726368159204,1000000.0,358893094458.0,359092091041.0,9.0,201.0,1.0,198996583.0,201.0,0.0,201000000.0,1.0,2.0
1794,9.049504950495049,1000000.0,359093094291.0,359292091208.0,11.0,202.0,1.0,198996917.0,202.0,0.0,202000000.0,1.0,2.0
1795,6.89,1000000.0,359293091083.0,359492091166.0,11.0,200.0,1.0,199000083.0,200.0,0.0,200000000.0,1.0,1.0
1796,5.01980198019802,1000000.0,359493091041.0,359692091125.0,7.0,202.0,1.0,199000084.0,202.0,0.0,202000000.0,1.0,2.0
1797,5.353233830845771,1000000.0,359693091208.0,359892091083.0,7.0,201.0,1.0,198999875.0,201.0,0.0,201000000.0,1.0,2.0
1798,5.019900497512438,1000000.0,359893094416.0,360092091166.0,7.0,201.0,1.0,198996750.0,201.0,0.0,201000000.0,1.0,3.0
1799,5.26,1000000.0,360093091041.0,360291091541.0,7.0,200.0,1.0,198000500.0,200.0,0.0,200000000.0,1.0,2.0
1800,4.955445544554456,1000000.0,360292094333.0,360492091208.0,7.0,202.0,1.0,199996875.0,202.0,0.0,202000000.0,1.0,2.0
1801,4.93,1000000.0,360493094333.0,360691094291.0,7.0,200.0,1.0,197999958.0,200.0,0.0,200000000.0,1.0,2.0
1802,5.08955223880597,1000000.0,360692094333.0,360891091166.0,7.0,201.0,1.0,198996833.0,201.0,0.0,201000000.0,1.0,2.0
1803,5.0,1000000.0,360892094291.0,361092091166.0,9.0,203.0,1.0,199996875.0,203.0,0.0,203000000.0,1.0,2.0
1804,5.394088669950739,1000000.0,361093091250.0,361291091083.0,9.0,203.0,1.0,197999833.0,203.0,0.0,203000000.0,1.0,2.0
1805,5.387254901960785,1000000.0,361292094833.0,361492092000.0,7.0,204.0,1.0,199997167.0,204.0,0.0,204000000.0,1.0,2.0
1806,5.310344827586207,1000000.0,361493091125.0,361692091291.0,7.0,203.0,1.0,199000166.0,203.0,0.0,203000000.0,1.0,2.0
1807,5.129353233830845,1000000.0,361693091125.0,361892091291.0,7.0,201.0,1.0,199000166.0,201.0,0.0,201000000.0,1.0,2.0
1808,5.582089552238806,1000000.0,361893094291.0,362092091291.0,7.0,201.0,1.0,198997000.0,201.0,0.0,201000000.0,1.0,2.0
1809,5.45771144278607,1000000.0,362093094333.0,362291094250.0,7.0,201.0,1.0,197999917.0,201.0,0.0,201000000.0,1.0,2.0
1810,5.305,1000000.0,362292094333.0,362491092500.0,7.0,200.0,1.0,198998167.0,200.0,0.0,200000000.0,1.0,2.0
1811,5.3861386138613865,1000000.0,362492094291.0,362692091125.0,7.0,202.0,1.0,199996834.0,202.0,0.0,202000000.0,1.0,2.0
1812,4.910891089108911,1000000.0,362693091208.0,362892091000.0,7.0,202.0,1.0,198999792.0,202.0,0.0,202000000.0,1.0,2.0
1813,4.52970297029703,1000000.0,362893091375.0,363092091333.0,5.0,202.0,1.0,198999958.0,202.0,0.0,202000000.0,1.0,2.0
1814,4.597014925373134,1000000.0,363093091208.0,363292091041.0,5.0,201.0,1.0,198999833.0,201.0,0.0,201000000.0,1.0,2.0
1815,4.9054726368159205,1000000.0,363293091458.0,363492091333.0,6.0,201.0,1.0,198999875.0,201.0,0.0,201000000.0,1.0,2.0
1816,4.905940594059406,1000000.0,363493091083.0,363692091125.0,6.0,202.0,1.0,199000042.0,202.0,0.0,202000000.0,1.0,2.0
1817,4.45771144278607,1000000.0,363693091125.0,363892091125.0,5.0,201.0,1.0,199000000.0,201.0,0.0,201000000.0,1.0,2.0
1818,4.797029702970297,1000000.0,363893091125.0,364092091041.0,5.0,202.0,1.0,198999916.0,202.0,0.0,202000000.0,1.0,3.0
1819,4.925742574257426,1000000.0,364093091083.0,364292091125.0,7.0,202.0,1.0,199000042.0,202.0,0.0,202000000.0,1.0,2.0
1820,4.793103448275862,1000000.0,364293091166.0,364492091333.0,5.0,203.0,1.0,199000167.0,203.0,0.0,203000000.0,1.0,2.0
1821,4.615,1000000.0,364493091291.0,364692091291.0,5.0,200.0,1.0,199000000.0,200.0,0.0,200000000.0,1.0,2.0
1822,4.995073891625616,1000000.0,364693091208.0,364892091166.0,7.0,203.0,1.0,198999958.0,203.0,0.0,203000000.0,1.0,2.0
1823,4.557213930348259,1000000.0,364893091250.0,365092091250.0,5.0,201.0,1.0,199000000.0,201.0,0.0,201000000.0,1.0,2.0
1824,4.691542288557214,1000000.0,365093091208.0,365292091208.0,5.0,201.0,1.0,199000000.0,201.0,0.0,201000000.0,1.0,2.0
1825,4.391089108910891,1000000.0,365293091208.0,365492091208.0,5.0,202.0,1.0,199000000.0,202.0,0.0,202000000.0,1.0,2.0
1826,4.704433497536946,1000000.0,365493091250.0,365692091333.0,6.0,203.0,1.0,199000083.0,203.0,0.0,203000000.0,1.0,3.0
1827,4.62,1000000.0,365693091250.0,365892091250.0,5.0,200.0,1.0,199000000.0,200.0,0.0,200000000.0,1.0,1.0
1828,4.7711442786069655,1000000.0,365893091250.0,366091091250.0,6.0,201.0,1.0,198000000.0,201.0,0.0,201000000.0,1.0,2.0
1829,5.123152709359606,1000000.0,366092094500.0,366291091125.0,6.0,203.0,1.0,198996625.0,203.0,0.0,203000000.0,1.0,2.0
1830,8.547738693467336,1000000.0,366292094416.0,366491091041.0,10.0,199.0,1.0,198996625.0,199.0,0.0,199000000.0,1.0,2.0
1831,8.995049504950495,1000000.0,366492094458.0,366691091041.0,11.0,202.0,1.0,198996583.0,202.0,0.0,202000000.0,1.0,2.0
1832,8.51,1000000.0,366692094500.0,366891091000.0,9.0,200.0,1.0,198996500.0,200.0,0.0,200000000.0,1.0,1.0
1833,8.69,1000000.0,366892094458.0,367091091000.0,9.0,200.0,1.0,198996542.0,200.0,0.0,200000000.0,1.0,1.0
1834,8.891089108910892,1000000.0,367092094375.0,367291094375.0,9.0,202.0,1.0,199000000.0,202.0,0.0,202000000.0,1.0,2.0
1835,8.816831683168317,1000000.0,367292094375.0,367492091000.0,9.0,202.0,1.0,199996625.0,202.0,0.0,202000000.0,1.0,2.0
1836,8.945544554455445,1000000.0,367493094333.0,367692091083.0,10.0,202.0,1.0,198996750.0,202.0,0.0,202000000.0,1.0,2.0
1837,8.757425742574258,1000000.0,367693094416.0,367892091208.0,9.0,202.0,1.0,198996792.0,202.0,0.0,202000000.0,1.0,2.0
1838,8.771144278606965,1000000.0,367893094416.0,368091091000.0,9.0,201.0,1.0,197996584.0,201.0,0.0,201000000.0,1.0,2.0
1839,8.65,1000000.0,368092094375.0,368291091083.0,9.0,200.0,1.0,198996708.0,200.0,0.0,200000000.0,1.0,1.0
1840,8.931034482758621,1000000.0,368292094333.0,368492091125.0,10.0,203.0,1.0,199996792.0,203.0,0.0,203000000.0,1.0,2.0
1841,8.870646766169154,1000000.0,368493091125.0,368692091125.0,10.0,201.0,1.0,199000000.0,201.0,0.0,201000000.0,1.0,2.0
1842,8.835,1000000.0,368693094416.0,368891091041.0,10.0,200.0,1.0,197996625.0,200.0,0.0,200000000.0,1.0,2.0
1843,8.831683168316832,1000000.0,368892094333.0,369091091166.0,10.0,202.0,1.0,198996833.0,202.0,0.0,202000000.0,1.0,2.0
1844,8.810945273631841,1000000.0,369092094666.0,369291091083.0,9.0,201.0,1.0,198996417.0,201.0,0.0,201000000.0,1.0,2.0
1845,8.532338308457712,1000000.0,369292094375.0,369492091000.0,9.0,201.0,1.0,199996625.0,201.0,0.0,201000000.0,1.0,1.0
1846,8.822660098522167,1000000.0,369493094416.0,369692091041.0,9.0,203.0,1.0,198996625.0,203.0,0.0,203000000.0,1.0,2.0
1847,8.562189054726367,1000000.0,369693094375.0,369892091041.0,9.0,201.0,1.0,198996666.0,201.0,0.0,201000000.0,1.0,2.0
1848,8.725,1000000.0,369893094458.0,370092091041.0,10.0,200.0,1.0,198996583.0,200.0,0.0,200000000.0,1.0,1.0
1849,8.430693069306932,1000000.0,370093091125.0,370292091166.0,9.0,202.0,1.0,199000041.0,202.0,0.0,202000000.0,1.0,2.0
1850,8.64676616915423,1000000.0,370293091291.0,370491091333.0,9.0,201.0,1.0,198000042.0,201.0,0.0,201000000.0,1.0,2.0
1851,8.497512437810945,1000000.0,370492094375.0,370691094500.0,9.0,201.0,1.0,199000125.0,201.0,0.0,201000000.0,1.0,2.0
1852,8.74384236453202,1000000.0,370692094375.0,370892091083.0,9.0,203.0,1.0,199996708.0,203.0,0.0,203000000.0,1.0,2.0
1853,8.655,1000000.0,370893094583.0,371091091083.0,9.0,200.0,1.0,197996500.0,200.0,0.0,200000000.0,1.0,2.0
1854,8.542288557213931,1000000.0,371092094500.0,371291091041.0,11.0,201.0,1.0,198996541.0,201.0,0.0,201000000.0,1.0,2.0
1855,8.833333333333334,1000000.0,371292094500.0,371492091250.0,9.0,204.0,1.0,199996750.0,204.0,0.0,204000000.0,1.0,2.0
1856,8.64676616915423,1000000.0,371493090958.0,371692091166.0,9.0,201.0,1.0,199000208.0,201.0,0.0,201000000.0,1.0,2.0
1857,8.55,1000000.0,371693094583.0,371892091166.0,10.0,200.0,1.0,198996583.0,200.0,0.0,200000000.0,1.0,1.0
1858,8.59,1000000.0,371893094500.0,372091091041.0,11.0,200.0,1.0,197996541.0,200.0,0.0,200000000.0,1.0,2.0
1859,8.589108910891088,1000000.0,372092094541.0,372291091125.0,11.0,202.0,1.0,198996584.0,202.0,0.0,202000000.0,1.0,2.0
1860,8.92,1000000.0,372292094458.0,372491091250.0,10.0,200.0,1.0,198996792.0,200.0,0.0,200000000.0,1.0,1.0
1861,8.876237623762377,1000000.0,372492094416.0,372692091041.0,11.0,202.0,1.0,199996625.0,202.0,0.0,202000000.0,1.0,2.0
1862,8.82089552238806,1000000.0,372693104000.0,372891091041.0,9.0,201.0,1.0,197987041.0,201.0,0.0,201000000.0,1.0,2.0
1863,8.756218905472636,1000000.0,372892094375.0,373091091000.0,10.0,201.0,1.0,198996625.0,201.0,0.0,201000000.0,1.0,2.0
1864,8.51980198019802,1000000.0,373092094375.0,373291090958.0,9.0,202.0,1.0,198996583.0,202.0,0.0,202000000.0,1.0,2.0
1865,8.846534653465346,1000000.0,373292094500.0,373492091000.0,10.0,202.0,1.0,199996500.0,202.0,0.0,202000000.0,1.0,2.0
1866,8.755,1000000.0,373493091166.0,373692091208.0,9.0,200.0,1.0,199000042.0,200.0,0.0,200000000.0,1.0,2.0
1867,6.935,1000000.0,373693097375.0,373891094458.0,9.0,200.0,1.0,197997083.0,200.0,0.0,200000000.0,1.0,2.0
1868,4.643564356435643,1000000.0,373892094333.0,374091091041.0,6.0,202.0,1.0,198996708.0,202.0,0.0,202000000.0,1.0,2.0
1869,4.54726368159204,1000000.0,374092094500.0,374292091166.0,6.0,201.0,1.0,199996666.0,201.0,0.0,201000000.0,1.0,1.0
1870,4.445544554455446,1000000.0,374293091166.0,374491091041.0,6.0,202.0,1.0,197999875.0,202.0,0.0,202000000.0,1.0,3.0
1871,4.7772277227722775,1000000.0,374492094416.0,374692091083.0,5.0,202.0,1.0,199996667.0,202.0,0.0,202000000.0,1.0,2.0
1872,4.447236180904523,1000000.0,374693091000.0,374891094500.0,5.0,199.0,1.0,198003500.0,199.0,0.0,199000000.0,1.0,1.0
1873,4.653465346534653,1000000.0,374892094416.0,375091091333.0,5.0,202.0,1.0,198996917.0,202.0,0.0,202000000.0,1.0,2.0
1874,4.455445544554456,1000000.0,375092094500.0,375292091166.0,5.0,202.0,1.0,199996666.0,202.0,0.0,202000000.0,1.0,2.0
1875,4.721393034825871,1000000.0,375293091083.0,375491091083.0,6.0,201.0,1.0,198000000.0,201.0,0.0,201000000.0,1.0,2.0
1876,4.797029702970297,1000000.0,375492094375.0,375692091208.0,6.0,202.0,1.0,199996833.0,202.0,0.0,202000000.0,1.0,2.0
1877,4.635,1000000.0,375693094541.0,375892091250.0,5.0,200.0,1.0,198996709.0,200.0,0.0,200000000.0,1.0,2.0
1878,4.814070351758794,1000000.0,375893094500.0,376091090958.0,7.0,199.0,1.0,197996458.0,199.0,0.0,199000000.0,1.0,1.0
1879,4.455445544554456,1000000.0,376092094333.0,376291091125.0,7.0,202.0,1.0,198996792.0,202.0,0.0,202000000.0,1.0,3.0
1880,5.232673267326732,1000000.0,376292094625.0,376491091041.0,6.0,202.0,1.0,198996416.0,202.0,0.0,202000000.0,1.0,2.0
1881,4.801980198019802,1000000.0,376492094541.0,376691094583.0,6.0,202.0,1.0,199000042.0,202.0,0.0,202000000.0,1.0,2.0
1882,4.535,1000000.0,376692094500.0,376892091000.0,5.0,200.0,1.0,199996500.0,200.0,0.0,200000000.0,1.0,2.0
1883,4.678217821782178,1000000.0,376893094750.0,377091094375.0,6.0,202.0,1.0,197999625.0,202.0,0.0,202000000.0,1.0,2.0
1884,4.850746268656716,1000000.0,377092094500.0,377292091166.0,5.0,201.0,1.0,199996666.0,201.0,0.0,201000000.0,1.0,2.0
1885,4.814070351758794,1000000.0,377293094500.0,377491091166.0,5.0,199.0,1.0,197996666.0,199.0,0.0,199000000.0,1.0,1.0
1886,4.701492537313433,1000000.0,377492094333.0,377691094458.0,6.0,201.0,1.0,199000125.0,201.0,0.0,201000000.0,1.0,2.0
1887,4.856435643564357,1000000.0,377692094500.0,377892091000.0,6.0,202.0,1.0,199996500.0,202.0,0.0,202000000.0,1.0,2.0
1888,4.768844221105527,1000000.0,377893094541.0,378091091208.0,6.0,199.0,1.0,197996667.0,199.0,0.0,199000000.0,1.0,2.0
1889,4.921182266009852,1000000.0,378092094541.0,378292091125.0,6.0,203.0,1.0,199996584.0,203.0,0.0,203000000.0,1.0,2.0
1890,4.880597014925373,1000000.0,378293094583.0,378492091041.0,6.0,201.0,1.0,198996458.0,201.0,0.0,201000000.0,1.0,2.0
1891,4.517412935323383,1000000.0,378493094500.0,378692091250.0,6.0,201.0,1.0,198996750.0,201.0,0.0,201000000.0,1.0,2.0
1892,4.72,1000000.0,378693094375.0,378891094500.0,6.0,200.0,1.0,198000125.0,200.0,0.0,200000000.0,1.0,2.0
1893,4.798029556650246,1000000.0,378892094375.0,379092091208.0,6.0,203.0,1.0,199996833.0,203.0,0.0,203000000.0,1.0,2.0
1894,4.54228855721393,1000000.0,379093094541.0,379292091000.0,6.0,201.0,1.0,198996459.0,201.0,0.0,201000000.0,1.0,2.0
1895,4.646766169154229,1000000.0,379293091000.0,379491091125.0,6.0,201.0,1.0,198000125.0,201.0,0.0,201000000.0,1.0,2.0
1896,5.196078431372549,1000000.0,379492094500.0,379692090958.0,6.0,204.0,1.0,199996458.0,204.0,0.0,204000000.0,1.0,2.0
1897,4.725,1000000.0,379693094375.0,379892091208.0,6.0,200.0,1.0,198996833.0,200.0,0.0,200000000.0,1.0,1.0
1898,4.7611940298507465,1000000.0,379893091291.0,380091091125.0,5.0,201.0,1.0,197999834.0,201.0,0.0,201000000.0,1.0,3.0
1899,5.189054726368159,1000000.0,380092094458.0,380291091166.0,7.0,201.0,1.0,198996708.0,201.0,0.0,201000000.0,1.0,2.0
1900,4.6716417910447765,1000000.0,380292094458.0,380492091208.0,5.0,201.0,1.0,199996750.0,201.0,0.0,201000000.0,1.0,1.0
1901,4.587064676616915,1000000.0,380493094416.0,380692091000.0,5.0,201.0,1.0,198996584.0,201.0,0.0,201000000.0,1.0,2.0
1902,4.618811881188119,1000000.0,380693094333.0,380892091250.0,5.0,202.0,1.0,198996917.0,202.0,0.0,202000000.0,1.0,2.0
1903,4.830845771144278,1000000.0,380893094500.0,381092091041.0,6.0,201.0,1.0,198996541.0,201.0,0.0,201000000.0,1.0,2.0
1904,4.405940594059406,1000000.0,381093094291.0,381292091125.0,7.0,202.0,1.0,198996834.0,202.0,0.0,202000000.0,1.0,2.0
1905,8.29,1000000.0,381293094500.0,381491091000.0,10.0,200.0,1.0,197996500.0,200.0,0.0,200000000.0,1.0,2.0
1906,8.574257425742575,1000000.0,381492094333.0,381691091083.0,9.0,202.0,1.0,198996750.0,202.0,0.0,202000000.0,1.0,2.0
1907,8.56,1000000.0,381692094458.0,381891091041.0,10.0,200.0,1.0,198996583.0,200.0,0.0,200000000.0,1.0,2.0
1908,8.42079207920792,1000000.0,381892094375.0,382092091083.0,9.0,202.0,1.0,199996708.0,202.0,0.0,202000000.0,1.0,2.0
1909,8.554455445544555,1000000.0,382093094500.0,382292091041.0,9.0,202.0,1.0,198996541.0,202.0,0.0,202000000.0,1.0,2.0
1910,8.885,1000000.0,382293094416.0,382491091041.0,11.0,200.0,1.0,197996625.0,200.0,0.0,200000000.0,1.0,2.0
1911,8.826732673267326,1000000.0,382492094416.0,382692091333.0,9.0,202.0,1.0,199996917.0,202.0,0.0,202000000.0,1.0,2.0
1912,8.665,1000000.0,382693093666.0,382891091083.0,9.0,200.0,1.0,197997417.0,200.0,0.0,200000000.0,1.0,2.0
1913,8.787128712871286,1000000.0,382892094583.0,383091091250.0,9.0,202.0,1.0,198996667.0,202.0,0.0,202000000.0,1.0,2.0
1914,8.861386138613861,1000000.0,383092094375.0,383292091083.0,11.0,202.0,1.0,199996708.0,202.0,0.0,202000000.0,1.0,2.0
1915,8.64,1000000.0,383293091041.0,383491094625.0,9.0,200.0,1.0,198003584.0,200.0,0.0,200000000.0,1.0,2.0
1916,8.891089108910892,1000000.0,383492094500.0,383692091041.0,9.0,202.0,1.0,199996541.0,202.0,0.0,202000000.0,1.0,2.0
1917,8.792079207920793,1000000.0,383693094291.0,383892091291.0,10.0,202.0,1.0,198997000.0,202.0,0.0,202000000.0,1.0,2.0
1918,8.665,1000000.0,383893094416.0,384092091083.0,9.0,200.0,1.0,198996667.0,200.0,0.0,200000000.0,1.0,1.0
1919,8.582914572864322,1000000.0,384093094458.0,384291091125.0,9.0,199.0,1.0,197996667.0,199.0,0.0,199000000.0,1.0,1.0
1920,8.7363184079602,1000000.0,384292094333.0,384491094291.0,9.0,201.0,1.0,198999958.0,201.0,0.0,201000000.0,1.0,2.0
1921,8.694581280788178,1000000.0,384492094458.0,384692091416.0,9.0,203.0,1.0,199996958.0,203.0,0.0,203000000.0,1.0,2.0
1922,8.653465346534654,1000000.0,384693094458.0,384892091041.0,9.0,202.0,1.0,198996583.0,202.0,0.0,202000000.0,1.0,2.0
1923,8.775,1000000.0,384893091166.0,385092091333.0,9.0,200.0,1.0,199000167.0,200.0,0.0,200000000.0,1.0,2.0
1924,8.608910891089108,1000000.0,385093094291.0,385292091333.0,9.0,202.0,1.0,198997042.0,202.0,0.0,202000000.0,1.0,2.0
1925,8.383084577114428,1000000.0,385293101208.0,385491091041.0,10.0,201.0,1.0,197989833.0,201.0,0.0,201000000.0,1.0,3.0
1926,8.831683168316832,1000000.0,385492094333.0,385691091208.0,10.0,202.0,1.0,198996875.0,202.0,0.0,202000000.0,1.0,2.0
1927,8.567164179104477,1000000.0,385692094458.0,385892091166.0,9.0,201.0,1.0,199996708.0,201.0,0.0,201000000.0,1.0,1.0
1928,8.4,1000000.0,385893095958.0,386092090958.0,9.0,200.0,1.0,198995000.0,200.0,0.0,200000000.0,1.0,1.0
1929,8.845771144278608,1000000.0,386093094583.0,386291094375.0,10.0,201.0,1.0,197999792.0,201.0,0.0,201000000.0,1.0,2.0
1930,9.055,1000000.0,386292094458.0,386491091000.0,11.0,200.0,1.0,198996542.0,200.0,0.0,200000000.0,1.0,1.0
1931,9.198019801980198,1000000.0,386492094458.0,386692091000.0,10.0,202.0,1.0,199996542.0,202.0,0.0,202000000.0,1.0,2.0
1932,8.577114427860696,1000000.0,386693094583.0,386892091500.0,9.0,201.0,1.0,198996917.0,201.0,0.0,201000000.0,1.0,2.0
1933,8.51980198019802,1000000.0,386893091375.0,387092091083.0,9.0,202.0,1.0,198999708.0,202.0,0.0,202000000.0,1.0,2.0
1934,8.995,1000000.0,387093094375.0,387291094375.0,10.0,200.0,1.0,198000000.0,200.0,0.0,200000000.0,1.0,2.0
1935,8.597014925373134,1000000.0,387292094500.0,387492091125.0,9.0,201.0,1.0,199996625.0,201.0,0.0,201000000.0,1.0,1.0
1936,8.850746268656716,1000000.0,387493091041.0,387692091166.0,9.0,201.0,1.0,199000125.0,201.0,0.0,201000000.0,1.0,2.0
1937,8.571428571428571,1000000.0,387693094458.0,387892091250.0,10.0,203.0,1.0,198996792.0,203.0,0.0,203000000.0,1.0,2.0
1938,8.816831683168317,1000000.0,387893091291.0,388092091041.0,9.0,202.0,1.0,198999750.0,202.0,0.0,202000000.0,1.0,2.0
1939,8.74129353233831,1000000.0,388093094458.0,388291091083.0,9.0,201.0,1.0,197996625.0,201.0,0.0,201000000.0,1.0,2.0
1940,8.783251231527094,1000000.0,388292094458.0,388491094375.0,10.0,203.0,1.0,198999917.0,203.0,0.0,203000000.0,1.0,2.0
1941,8.763546798029557,1000000.0,388492094500.0,388692091125.0,9.0,203.0,1.0,199996625.0,203.0,0.0,203000000.0,1.0,2.0
1942,6.945273631840796,1000000.0,388693094500.0,388891094708.0,9.0,201.0,1.0,198000208.0,201.0,0.0,201000000.0,1.0,2.0
1943,4.745,1000000.0,388892094458.0,389091094458.0,5.0,200.0,1.0,199000000.0,200.0,0.0,200000000.0,1.0,1.0
1944,4.554455445544554,1000000.0,389092094500.0,389291091041.0,5.0,202.0,1.0,198996541.0,202.0,0.0,202000000.0,1.0,2.0
1945,4.767326732673268,1000000.0,389292094583.0,389491091375.0,6.0,202.0,1.0,198996792.0,202.0,0.0,202000000.0,1.0,2.0
1946,4.62,1000000.0,389492094541.0,389691094375.0,5.0,200.0,1.0,198999834.0,200.0,0.0,200000000.0,1.0,2.0
1947,4.905940594059406,1000000.0,389692094458.0,389891091166.0,6.0,202.0,1.0,198996708.0,202.0,0.0,202000000.0,1.0,2.0
1948,4.871287128712871,1000000.0,389892094500.0,390092091250.0,6.0,202.0,1.0,199996750.0,202.0,0.0,202000000.0,1.0,2.0
1949,4.727722772277228,1000000.0,390093091333.0,390292091041.0,6.0,202.0,1.0,198999708.0,202.0,0.0,202000000.0,1.0,2.0
1950,4.532019704433497,1000000.0,390293094458.0,390492091000.0,5.0,203.0,1.0,198996542.0,203.0,0.0,203000000.0,1.0,2.0
1951,4.84,1000000.0,390493094500.0,390691091041.0,6.0,200.0,1.0,197996541.0,200.0,0.0,200000000.0,1.0,2.0
1952,4.696517412935323,1000000.0,390692094416.0,390892091291.0,5.0,201.0,1.0,199996875.0,201.0,0.0,201000000.0,1.0,1.0
1953,4.65,1000000.0,390893094458.0,391091091083.0,5.0,200.0,1.0,197996625.0,200.0,0.0,200000000.0,1.0,2.0
1954,4.742574257425742,1000000.0,391092094500.0,391291094458.0,5.0,202.0,1.0,198999958.0,202.0,0.0,202000000.0,1.0,2.0
1955,5.280788177339901,1000000.0,391292094416.0,391491091041.0,9.0,203.0,1.0,198996625.0,203.0,0.0,203000000.0,1.0,3.0
1956,4.681592039800995,1000000.0,391492094416.0,391691091000.0,5.0,201.0,1.0,198996584.0,201.0,0.0,201000000.0,1.0,2.0
1957,4.5073891625615765,1000000.0,391692094500.0,391892091000.0,7.0,203.0,1.0,199996500.0,203.0,0.0,203000000.0,1.0,2.0
1958,4.7164179104477615,1000000.0,391893091166.0,392091091000.0,5.0,201.0,1.0,197999834.0,201.0,0.0,201000000.0,1.0,3.0
1959,4.524752475247524,1000000.0,392092094500.0,392291091041.0,5.0,202.0,1.0,198996541.0,202.0,0.0,202000000.0,1.0,2.0
1960,4.635467980295567,1000000.0,392292094375.0,392492091041.0,5.0,203.0,1.0,199996666.0,203.0,0.0,203000000.0,1.0,2.0
1961,4.8316831683168315,1000000.0,392493091000.0,392692091041.0,6.0,202.0,1.0,199000041.0,202.0,0.0,202000000.0,1.0,2.0
1962,4.746268656716418,1000000.0,392693091333.0,392892091291.0,5.0,201.0,1.0,198999958.0,201.0,0.0,201000000.0,1.0,2.0
1963,4.681592039800995,1000000.0,392893091208.0,393092091000.0,5.0,201.0,1.0,198999792.0,201.0,0.0,201000000.0,1.0,2.0
1964,4.755,1000000.0,393093094458.0,393291091000.0,5.0,200.0,1.0,197996542.0,200.0,0.0,200000000.0,1.0,2.0
1965,4.678217821782178,1000000.0,393292094500.0,393491091000.0,5.0,202.0,1.0,198996500.0,202.0,0.0,202000000.0,1.0,2.0
1966,4.577114427860696,1000000.0,393492094333.0,393691091166.0,6.0,201.0,1.0,198996833.0,201.0,0.0,201000000.0,1.0,2.0
1967,4.759803921568627,1000000.0,393692094583.0,393892091250.0,5.0,204.0,1.0,199996667.0,204.0,0.0,204000000.0,1.0,3.0
1968,4.965174129353234,1000000.0,393893094625.0,394092091041.0,6.0,201.0,1.0,198996416.0,201.0,0.0,201000000.0,1.0,2.0
1969,4.6318407960199,1000000.0,394093091291.0,394292091000.0,6.0,201.0,1.0,198999709.0,201.0,0.0,201000000.0,1.0,2.0
1970,5.104477611940299,1000000.0,394293094291.0,394491091000.0,7.0,201.0,1.0,197996709.0,201.0,0.0,201000000.0,1.0,2.0
1971,4.8059701492537314,1000000.0,394492094416.0,394691094416.0,7.0,201.0,1.0,199000000.0,201.0,0.0,201000000.0,1.0,2.0
1972,4.417910447761194,1000000.0,394692094500.0,394891091041.0,5.0,201.0,1.0,198996541.0,201.0,0.0,201000000.0,1.0,2.0
1973,4.9405940594059405,1000000.0,394892094500.0,395091094541.0,6.0,202.0,1.0,199000041.0,202.0,0.0,202000000.0,1.0,3.0
1974,4.592039800995025,1000000.0,395092094458.0,395291094458.0,5.0,201.0,1.0,199000000.0,201.0,0.0,201000000.0,1.0,2.0
1975,4.584158415841584,1000000.0,395292094500.0,395491094458.0,5.0,202.0,1.0,198999958.0,202.0,0.0,202000000.0,1.0,2.0
1976,4.910891089108911,1000000.0,395492094416.0,395692091041.0,6.0,202.0,1.0,199996625.0,202.0,0.0,202000000.0,1.0,2.0
1977,4.527363184079602,1000000.0,395693091291.0,395891091000.0,6.0,201.0,1.0,197999709.0,201.0,0.0,201000000.0,1.0,2.0
1978,4.731343283582089,1000000.0,395892094458.0,396091091250.0,5.0,201.0,1.0,198996792.0,201.0,0.0,201000000.0,1.0,2.0
1979,4.638613861386139,1000000.0,396092094458.0,396292091083.0,5.0,202.0,1.0,199996625.0,202.0,0.0,202000000.0,1.0,2.0
1980,8.63681592039801,1000000.0,396293094333.0,396492091125.0,11.0,201.0,1.0,198996792.0,201.0,0.0,201000000.0,1.0,2.0
1981,8.722772277227723,1000000.0,396493091125.0,396692091291.0,9.0,202.0,1.0,199000166.0,202.0,0.0,202000000.0,1.0,2.0
1982,8.98019801980198,1000000.0,396693091125.0,396892091125.0,10.0,202.0,1.0,199000000.0,202.0,0.0,202000000.0,1.0,2.0
1983,8.85427135678392,1000000.0,396893091125.0,397091094416.0,9.0,199.0,1.0,198003291.0,199.0,0.0,199000000.0,1.0,1.0
1984,8.58128078817734,1000000.0,397092094291.0,397292091208.0,9.0,203.0,1.0,199996917.0,203.0,0.0,203000000.0,1.0,2.0
1985,8.683168316831683,1000000.0,397293094458.0,397492091125.0,9.0,202.0,1.0,198996667.0,202.0,0.0,202000000.0,1.0,2.0
1986,8.985,1000000.0,397493091250.0,397692091041.0,11.0,200.0,1.0,198999791.0,200.0,0.0,200000000.0,1.0,1.0
1987,8.74,1000000.0,397693094500.0,397892091250.0,10.0,200.0,1.0,198996750.0,200.0,0.0,200000000.0,1.0,1.0
1988,8.564356435643564,1000000.0,397893094541.0,398091091000.0,9.0,202.0,1.0,197996459.0,202.0,0.0,202000000.0,1.0,2.0
1989,8.83084577114428,1000000.0,398092094333.0,398291094500.0,10.0,201.0,1.0,199000167.0,201.0,0.0,201000000.0,1.0,2.0
1990,8.41,1000000.0,398292094500.0,398491094041.0,11.0,200.0,1.0,198999541.0,200.0,0.0,200000000.0,1.0,1.0
1991,9.014778325123151,1000000.0,398492094375.0,398692091291.0,11.0,203.0,1.0,199996916.0,203.0,0.0,203000000.0,1.0,2.0
1992,8.7363184079602,1000000.0,398693091083.0,398892091208.0,9.0,201.0,1.0,199000125.0,201.0,0.0,201000000.0,1.0,2.0
1993,8.725,1000000.0,398893091166.0,399092091166.0,9.0,200.0,1.0,199000000.0,200.0,0.0,200000000.0,1.0,1.0
1994,8.594059405940595,1000000.0,399093094458.0,399292091208.0,9.0,202.0,1.0,198996750.0,202.0,0.0,202000000.0,1.0,2.0
1995,8.721393034825871,1000000.0,399293091166.0,399492091125.0,10.0,201.0,1.0,198999959.0,201.0,0.0,201000000.0,1.0,2.0
1996,8.655,1000000.0,399493091166.0,399692091000.0,9.0,200.0,1.0,198999834.0,200.0,0.0,200000000.0,1.0,1.0
1997,8.787128712871286,1000000.0,399693094333.0,399892091041.0,9.0,202.0,1.0,198996708.0,202.0,0.0,202000000.0,1.0,2.0
1998,8.54726368159204,1000000.0,399893094333.0,400091091166.0,11.0,201.0,1.0,197996833.0,201.0,0.0,201000000.0,1.0,2.0
1999,8.712871287128714,1000000.0,400092094416.0,400292091083.0,9.0,202.0,1.0,199996667.0,202.0,0.0,202000000.0,1.0,2.0
2000,8.715,1000000.0,400293094458.0,400491091208.0,9.0,200.0,1.0,197996750.0,200.0,0.0,200000000.0,1.0,2.0
2001,8.84,1000000.0,400492094250.0,400691094458.0,9.0,200.0,1.0,199000208.0,200.0,0.0,200000000.0,1.0,2.0
2002,8.960199004975124,1000000.0,400692094291.0,400892091208.0,10.0,201.0,1.0,199996917.0,201.0,0.0,201000000.0,1.0,1.0
2003,8.752475247524753,1000000.0,400893094500.0,401092090958.0,9.0,202.0,1.0,198996458.0,202.0,0.0,202000000.0,1.0,2.0
2004,8.824120603015075,1000000.0,401093094458.0,401291094333.0,9.0,199.0,1.0,197999875.0,199.0,0.0,199000000.0,1.0,1.0
2005,8.707317073170731,1000000.0,401292094541.0,401492091125.0,10.0,205.0,1.0,199996584.0,205.0,0.0,205000000.0,1.0,2.0
2006,9.137931034482758,1000000.0,401493092458.0,401692091375.0,11.0,203.0,1.0,198998917.0,203.0,0.0,203000000.0,1.0,2.0
2007,8.492462311557789,1000000.0,401693094583.0,401891094291.0,9.0,199.0,1.0,197999708.0,199.0,0.0,199000000.0,1.0,1.0
2008,8.83084577114428,1000000.0,401892094458.0,402091094458.0,11.0,201.0,1.0,199000000.0,201.0,0.0,201000000.0,1.0,2.0
2009,8.613861386138614,1000000.0,402092094500.0,402291094416.0,9.0,202.0,1.0,198999916.0,202.0,0.0,202000000.0,1.0,2.0
2010,8.751243781094526,1000000.0,402292094416.0,402491091208.0,9.0,201.0,1.0,198996792.0,201.0,0.0,201000000.0,1.0,2.0
2011,8.935643564356436,1000000.0,402492094458.0,402692091000.0,10.0,202.0,1.0,199996542.0,202.0,0.0,202000000.0,1.0,2.0
2012,8.975247524752476,1000000.0,402693094333.0,402892091250.0,10.0,202.0,1.0,198996917.0,202.0,0.0,202000000.0,1.0,2.0
2013,8.831683168316832,1000000.0,402893094625.0,403092091291.0,10.0,202.0,1.0,198996666.0,202.0,0.0,202000000.0,1.0,2.0
2014,8.64179104477612,1000000.0,403093094541.0,403291094458.0,9.0,201.0,1.0,197999917.0,201.0,0.0,201000000.0,1.0,2.0
2015,8.946341463414635,1000000.0,403292094458.0,403492091000.0,9.0,205.0,1.0,199996542.0,205.0,0.0,205000000.0,1.0,2.0
2016,8.755,1000000.0,403493094375.0,403692091041.0,9.0,200.0,1.0,198996666.0,200.0,0.0,200000000.0,1.0,1.0
2017,7.353233830845771,1000000.0,403693094333.0,403892091208.0,9.0,201.0,1.0,198996875.0,201.0,0.0,201000000.0,1.0,2.0
2018,4.606965174129353,1000000.0,403893094541.0,404091091083.0,5.0,201.0,1.0,197996542.0,201.0,0.0,201000000.0,1.0,2.0
2019,4.787128712871287,1000000.0,404092094583.0,404291091250.0,5.0,202.0,1.0,198996667.0,202.0,0.0,202000000.0,1.0,2.0
2020,4.731343283582089,1000000.0,404292094541.0,404491091083.0,5.0,201.0,1.0,198996542.0,201.0,0.0,201000000.0,1.0,2.0
2021,4.791044776119403,1000000.0,404492094541.0,404691094500.0,6.0,201.0,1.0,198999959.0,201.0,0.0,201000000.0,1.0,2.0
2022,4.663366336633663,1000000.0,404692094416.0,404892091166.0,6.0,202.0,1.0,199996750.0,202.0,0.0,202000000.0,1.0,2.0
2023,4.702970297029703,1000000.0,404893094541.0,405092091125.0,6.0,202.0,1.0,198996584.0,202.0,0.0,202000000.0,1.0,2.0
2024,4.751243781094527,1000000.0,405093091000.0,405292091041.0,5.0,201.0,1.0,199000041.0,201.0,0.0,201000000.0,1.0,2.0
2025,4.850746268656716,1000000.0,405293094416.0,405492091125.0,6.0,201.0,1.0,198996709.0,201.0,0.0,201000000.0,1.0,2.0
2026,4.975,1000000.0,405493091333.0,405691091083.0,6.0,200.0,1.0,197999750.0,200.0,0.0,200000000.0,1.0,2.0
2027,4.70935960591133,1000000.0,405692094500.0,405892091250.0,5.0,203.0,1.0,199996750.0,203.0,0.0,203000000.0,1.0,2.0
2028,4.87,1000000.0,405893094458.0,406091091000.0,6.0,200.0,1.0,197996542.0,200.0,0.0,200000000.0,1.0,2.0
2029,4.756218905472637,1000000.0,406092094375.0,406292091041.0,5.0,201.0,1.0,199996666.0,201.0,0.0,201000000.0,1.0,2.0
2030,4.661691542288557,1000000.0,406293091125.0,406492091000.0,6.0,201.0,1.0,198999875.0,201.0,0.0,201000000.0,1.0,2.0
2031,4.800995024875622,1000000.0,406493091166.0,406692091041.0,8.0,201.0,1.0,198999875.0,201.0,0.0,201000000.0,1.0,2.0
2032,4.58128078817734,1000000.0,406693094500.0,406892091000.0,7.0,203.0,1.0,198996500.0,203.0,0.0,203000000.0,1.0,2.0
2033,4.557213930348259,1000000.0,406893094333.0,407092091125.0,5.0,201.0,1.0,198996792.0,201.0,0.0,201000000.0,1.0,2.0
2034,4.830845771144278,1000000.0,407093091375.0,407291091041.0,6.0,201.0,1.0,197999666.0,201.0,0.0,201000000.0,1.0,2.0
2035,4.666666666666667,1000000.0,407292094500.0,407491094250.0,5.0,201.0,1.0,198999750.0,201.0,0.0,201000000.0,1.0,2.0
2036,4.706467661691542,1000000.0,407492094500.0,407691091125.0,7.0,201.0,1.0,198996625.0,201.0,0.0,201000000.0,1.0,2.0
2037,4.625615763546798,1000000.0,407692094333.0,407892091083.0,5.0,203.0,1.0,199996750.0,203.0,0.0,203000000.0,1.0,2.0
2038,4.638613861386139,1000000.0,407893094500.0,408092090916.0,6.0,202.0,1.0,198996416.0,202.0,0.0,202000000.0,1.0,2.0
2039,4.656716417910448,1000000.0,408093091208.0,408292091041.0,5.0,201.0,1.0,198999833.0,201.0,0.0,201000000.0,1.0,2.0
2040,4.915,1000000.0,408293094458.0,408491094416.0,7.0,200.0,1.0,197999958.0,200.0,0.0,200000000.0,1.0,2.0
2041,4.712871287128713,1000000.0,408492094458.0,408691094458.0,5.0,202.0,1.0,199000000.0,202.0,0.0,202000000.0,1.0,2.0
2042,4.618811881188119,1000000.0,408692094541.0,408892091125.0,6.0,202.0,1.0,199996584.0,202.0,0.0,202000000.0,1.0,2.0
2043,4.6716417910447765,1000000.0,408893094500.0,409092091000.0,5.0,201.0,1.0,198996500.0,201.0,0.0,201000000.0,1.0,2.0
2044,4.7711442786069655,1000000.0,409093091291.0,409292091166.0,6.0,201.0,1.0,198999875.0,201.0,0.0,201000000.0,1.0,2.0
2045,4.748743718592965,1000000.0,409293094500.0,409491091250.0,5.0,199.0,1.0,197996750.0,199.0,0.0,199000000.0,1.0,1.0
2046,4.701492537313433,1000000.0,409492094500.0,409691094500.0,6.0,201.0,1.0,199000000.0,201.0,0.0,201000000.0,1.0,2.0
2047,4.75,1000000.0,409692094458.0,409892091250.0,6.0,204.0,1.0,199996792.0,204.0,0.0,204000000.0,1.0,2.0
2048,4.537313432835821,1000000.0,409893094583.0,410091091375.0,7.0,201.0,1.0,197996792.0,201.0,0.0,201000000.0,1.0,2.0
2049,4.8316831683168315,1000000.0,410092094583.0,410292091083.0,5.0,202.0,1.0,199996500.0,202.0,0.0,202000000.0,1.0,2.0
2050,4.544554455445544,1000000.0,410293094500.0,410492091083.0,5.0,202.0,1.0,198996583.0,202.0,0.0,202000000.0,1.0,2.0
2051,4.465346534653466,1000000.0,410493091375.0,410692091208.0,5.0,202.0,1.0,198999833.0,202.0,0.0,202000000.0,1.0,2.0
2052,4.71,1000000.0,410693094541.0,410891091166.0,6.0,200.0,1.0,197996625.0,200.0,0.0,200000000.0,1.0,2.0
2053,4.435643564356436,1000000.0,410892094500.0,411091091041.0,5.0,202.0,1.0,198996541.0,202.0,0.0,202000000.0,1.0,2.0
2054,4.661691542288557,1000000.0,411092094500.0,411291091125.0,6.0,201.0,1.0,198996625.0,201.0,0.0,201000000.0,1.0,2.0
2055,8.215686274509803,1000000.0,411292094541.0,411492091041.0,10.0,204.0,1.0,199996500.0,204.0,0.0,204000000.0,1.0,2.0
2056,9.064676616915422,1000000.0,411493094416.0,411692091125.0,11.0,201.0,1.0,198996709.0,201.0,0.0,201000000.0,1.0,2.0
2057,8.529702970297029,1000000.0,411693094458.0,411892091041.0,9.0,202.0,1.0,198996583.0,202.0,0.0,202000000.0,1.0,2.0
2058,8.373134328358208,1000000.0,411893094500.0,412091094500.0,9.0,201.0,1.0,198000000.0,201.0,0.0,201000000.0,1.0,2.0
2059,8.623762376237623,1000000.0,412092094416.0,412292091166.0,10.0,202.0,1.0,199996750.0,202.0,0.0,202000000.0,1.0,2.0
2060,8.775,1000000.0,412293094458.0,412491094291.0,9.0,200.0,1.0,197999833.0,200.0,0.0,200000000.0,1.0,2.0
2061,8.831683168316832,1000000.0,412492094416.0,412692091208.0,9.0,202.0,1.0,199996792.0,202.0,0.0,202000000.0,1.0,2.0
2062,8.668316831683168,1000000.0,412693091208.0,412891091041.0,9.0,202.0,1.0,197999833.0,202.0,0.0,202000000.0,1.0,2.0
2063,8.656716417910447,1000000.0,412892094375.0,413091091041.0,9.0,201.0,1.0,198996666.0,201.0,0.0,201000000.0,1.0,2.0
2064,8.756218905472636,1000000.0,413092094458.0,413291094541.0,9.0,201.0,1.0,199000083.0,201.0,0.0,201000000.0,1.0,2.0
2065,8.777227722772277,1000000.0,413292094500.0,413492091041.0,9.0,202.0,1.0,199996541.0,202.0,0.0,202000000.0,1.0,2.0
2066,8.880597014925373,1000000.0,413493091083.0,413692091291.0,9.0,201.0,1.0,199000208.0,201.0,0.0,201000000.0,1.0,2.0
2067,8.64,1000000.0,413693094458.0,413892091208.0,10.0,200.0,1.0,198996750.0,200.0,0.0,200000000.0,1.0,1.0
2068,8.811881188118813,1000000.0,413893094291.0,414092090958.0,10.0,202.0,1.0,198996667.0,202.0,0.0,202000000.0,1.0,2.0
2069,8.497512437810945,1000000.0,414093094458.0,414291091000.0,9.0,201.0,1.0,197996542.0,201.0,0.0,201000000.0,1.0,2.0
2070,8.54,1000000.0,414292094458.0,414491091000.0,9.0,200.0,1.0,198996542.0,200.0,0.0,200000000.0,1.0,1.0
2071,8.846534653465346,1000000.0,414492094458.0,414692091208.0,9.0,202.0,1.0,199996750.0,202.0,0.0,202000000.0,1.0,2.0
2072,8.17910447761194,1000000.0,414693094458.0,414892091166.0,9.0,201.0,1.0,198996708.0,201.0,0.0,201000000.0,1.0,2.0
2073,8.565,1000000.0,414893094458.0,415092091375.0,9.0,200.0,1.0,198996917.0,200.0,0.0,200000000.0,1.0,2.0
2074,8.810945273631841,1000000.0,415093091250.0,415292091250.0,9.0,201.0,1.0,199000000.0,201.0,0.0,201000000.0,1.0,2.0
2075,8.611940298507463,1000000.0,415293094416.0,415492091166.0,9.0,201.0,1.0,198996750.0,201.0,0.0,201000000.0,1.0,2.0
2076,8.381188118811881,1000000.0,415493094333.0,415691091083.0,10.0,202.0,1.0,197996750.0,202.0,0.0,202000000.0,1.0,3.0
2077,8.368159203980099,1000000.0,415692094291.0,415891094375.0,9.0,201.0,1.0,199000084.0,201.0,0.0,201000000.0,1.0,2.0
2078,8.651741293532337,1000000.0,415892094291.0,416091091125.0,10.0,201.0,1.0,198996834.0,201.0,0.0,201000000.0,1.0,3.0
2079,8.648514851485148,1000000.0,416092094375.0,416291091333.0,9.0,202.0,1.0,198996958.0,202.0,0.0,202000000.0,1.0,2.0
2080,8.450980392156863,1000000.0,416292094416.0,416492091000.0,10.0,204.0,1.0,199996584.0,204.0,0.0,204000000.0,1.0,3.0
2081,9.06,1000000.0,416493094333.0,416691094333.0,11.0,200.0,1.0,198000000.0,200.0,0.0,200000000.0,1.0,2.0
2082,8.769607843137255,1000000.0,416692094458.0,416892091000.0,9.0,204.0,1.0,199996542.0,204.0,0.0,204000000.0,1.0,2.0
2083,8.831683168316832,1000000.0,416893091166.0,417092091208.0,11.0,202.0,1.0,199000042.0,202.0,0.0,202000000.0,1.0,2.0
2084,8.671641791044776,1000000.0,417093094375.0,417291091166.0,11.0,201.0,1.0,197996791.0,201.0,0.0,201000000.0,1.0,2.0
2085,8.81592039800995,1000000.0,417292094416.0,417492091041.0,11.0,201.0,1.0,199996625.0,201.0,0.0,201000000.0,1.0,1.0
2086,9.03,1000000.0,417493094625.0,417691094333.0,11.0,200.0,1.0,197999708.0,200.0,0.0,200000000.0,1.0,2.0
2087,8.551724137931034,1000000.0,417692094416.0,417892090958.0,9.0,203.0,1.0,199996542.0,203.0,0.0,203000000.0,1.0,2.0
2088,8.592039800995025,1000000.0,417893091125.0,418092091041.0,9.0,201.0,1.0,198999916.0,201.0,0.0,201000000.0,1.0,2.0
2089,8.656716417910447,1000000.0,418093094458.0,418292090958.0,9.0,201.0,1.0,198996500.0,201.0,0.0,201000000.0,1.0,2.0
2090,8.950248756218905,1000000.0,418293094458.0,418491091000.0,10.0,201.0,1.0,197996542.0,201.0,0.0,201000000.0,1.0,2.0
2091,8.91542288557214,1000000.0,418492094458.0,418691091041.0,9.0,201.0,1.0,198996583.0,201.0,0.0,201000000.0,1.0,2.0
2092,6.945812807881773,1000000.0,418692094458.0,418892091166.0,9.0,203.0,1.0,199996708.0,203.0,0.0,203000000.0,1.0,2.0
2093,4.56,1000000.0,418893091166.0,419091091041.0,5.0,200.0,1.0,197999875.0,200.0,0.0,200000000.0,1.0,2.0
2094,4.826732673267327,1000000.0,419092094416.0,419291091041.0,5.0,202.0,1.0,198996625.0,202.0,0.0,202000000.0,1.0,2.0
2095,4.627450980392157,1000000.0,419292094500.0,419492091000.0,5.0,204.0,1.0,199996500.0,204.0,0.0,204000000.0,1.0,2.0
2096,4.825,1000000.0,419493094500.0,419691094500.0,5.0,200.0,1.0,198000000.0,200.0,0.0,200000000.0,1.0,2.0
2097,4.7772277227722775,1000000.0,419692094541.0,419892091250.0,6.0,202.0,1.0,199996709.0,202.0,0.0,202000000.0,1.0,3.0
2098,4.745,1000000.0,419893094500.0,420091091166.0,6.0,200.0,1.0,197996666.0,200.0,0.0,200000000.0,1.0,2.0
2099,4.776119402985074,1000000.0,420092094458.0,420291094500.0,5.0,201.0,1.0,199000042.0,201.0,0.0,201000000.0,1.0,2.0
2100,4.71,1000000.0,420292094458.0,420491091083.0,6.0,200.0,1.0,198996625.0,200.0,0.0,200000000.0,1.0,1.0
2101,4.59,1000000.0,420492094416.0,420691094583.0,5.0,200.0,1.0,199000167.0,200.0,0.0,200000000.0,1.0,1.0
2102,4.896039603960396,1000000.0,420692094541.0,420892091083.0,5.0,202.0,1.0,199996542.0,202.0,0.0,202000000.0,1.0,2.0
2103,4.5495049504950495,1000000.0,420893091166.0,421092091083.0,5.0,202.0,1.0,198999917.0,202.0,0.0,202000000.0,1.0,2.0
2104,4.353233830845771,1000000.0,421093094416.0,421292091041.0,5.0,201.0,1.0,198996625.0,201.0,0.0,201000000.0,1.0,2.0
2105,4.72636815920398,1000000.0,421293094333.0,421491091166.0,5.0,201.0,1.0,197996833.0,201.0,0.0,201000000.0,1.0,2.0
2106,4.645,1000000.0,421492094458.0,421692091291.0,7.0,200.0,1.0,199996833.0,200.0,0.0,200000000.0,1.0,1.0
2107,4.801980198019802,1000000.0,421693091333.0,421892091125.0,8.0,202.0,1.0,198999792.0,202.0,0.0,202000000.0,1.0,2.0
2108,4.836633663366337,1000000.0,421893091250.0,422091091083.0,5.0,202.0,1.0,197999833.0,202.0,0.0,202000000.0,1.0,2.0
2109,4.638613861386139,1000000.0,422092094416.0,422292091166.0,5.0,202.0,1.0,199996750.0,202.0,0.0,202000000.0,1.0,2.0
2110,4.840796019900497,1000000.0,422293091333.0,422491091125.0,5.0,201.0,1.0,197999792.0,201.0,0.0,201000000.0,1.0,2.0
2111,4.597014925373134,1000000.0,422492094625.0,422691091000.0,5.0,201.0,1.0,198996375.0,201.0,0.0,201000000.0,1.0,2.0
2112,4.91,1000000.0,422692094500.0,422891094375.0,7.0,200.0,1.0,198999875.0,200.0,0.0,200000000.0,1.0,2.0
2113,4.741293532338308,1000000.0,422892094416.0,423091094458.0,6.0,201.0,1.0,199000042.0,201.0,0.0,201000000.0,1.0,2.0
2114,4.655172413793103,1000000.0,423092094416.0,423292091208.0,5.0,203.0,1.0,199996792.0,203.0,0.0,203000000.0,1.0,2.0
2115,4.835,1000000.0,423293094458.0,423491091000.0,5.0,200.0,1.0,197996542.0,200.0,0.0,200000000.0,1.0,2.0
2116,4.753694581280788,1000000.0,423492094458.0,423691094541.0,6.0,203.0,1.0,199000083.0,203.0,0.0,203000000.0,1.0,2.0
2117,4.833333333333333,1000000.0,423692094500.0,423892091208.0,5.0,204.0,1.0,199996708.0,204.0,0.0,204000000.0,1.0,2.0
2118,4.900497512437811,1000000.0,423893094541.0,424092090958.0,5.0,201.0,1.0,198996417.0,201.0,0.0,201000000.0,1.0,2.0
2119,4.633165829145729,1000000.0,424093094375.0,424291094541.0,5.0,199.0,1.0,198000166.0,199.0,0.0,199000000.0,1.0,1.0
2120,4.702970297029703,1000000.0,424292094541.0,424492091000.0,5.0,202.0,1.0,199996459.0,202.0,0.0,202000000.0,1.0,2.0
2121,4.658415841584159,1000000.0,424493094416.0,424692091041.0,5.0,202.0,1.0,198996625.0,202.0,0.0,202000000.0,1.0,2.0
2122,4.693467336683417,1000000.0,424693094416.0,424891091083.0,6.0,199.0,1.0,197996667.0,199.0,0.0,199000000.0,1.0,1.0
2123,4.736318407960199,1000000.0,424892094458.0,425091091041.0,5.0,201.0,1.0,198996583.0,201.0,0.0,201000000.0,1.0,2.0
2124,4.747524752475248,1000000.0,425092094500.0,425291094583.0,5.0,202.0,1.0,199000083.0,202.0,0.0,202000000.0,1.0,2.0
2125,4.420792079207921,1000000.0,425292094458.0,425491091166.0,5.0,202.0,1.0,198996708.0,202.0,0.0,202000000.0,1.0,2.0
2126,4.633663366336633,1000000.0,425492094583.0,425692091125.0,6.0,202.0,1.0,199996542.0,202.0,0.0,202000000.0,1.0,2.0
2127,4.701492537313433,1000000.0,425693091083.0,425892091166.0,5.0,201.0,1.0,199000083.0,201.0,0.0,201000000.0,1.0,2.0
2128,4.72,1000000.0,425893094500.0,426091094458.0,6.0,200.0,1.0,197999958.0,200.0,0.0,200000000.0,1.0,2.0
2129,4.61,1000000.0,426092094541.0,426291091041.0,5.0,200.0,1.0,198996500.0,200.0,0.0,200000000.0,1.0,1.0
2130,7.925373134328358,1000000.0,426292094333.0,426491091041.0,9.0,201.0,1.0,198996708.0,201.0,0.0,201000000.0,1.0,2.0
2131,8.655,1000000.0,426492094458.0,426691094541.0,9.0,200.0,1.0,199000083.0,200.0,0.0,200000000.0,1.0,1.0
2132,9.05911330049261,1000000.0,426692094500.0,426892091041.0,10.0,203.0,1.0,199996541.0,203.0,0.0,203000000.0,1.0,2.0
2133,8.557213930348258,1000000.0,426893094500.0,427091091166.0,10.0,201.0,1.0,197996666.0,201.0,0.0,201000000.0,1.0,2.0
2134,8.831683168316832,1000000.0,427092094458.0,427291094666.0,10.0,202.0,1.0,199000208.0,202.0,0.0,202000000.0,1.0,2.0
2135,8.584158415841584,1000000.0,427292094416.0,427491091041.0,10.0,202.0,1.0,198996625.0,202.0,0.0,202000000.0,1.0,2.0
2136,8.806930693069306,1000000.0,427492094291.0,427691091000.0,9.0,202.0,1.0,198996709.0,202.0,0.0,202000000.0,1.0,2.0
2137,8.608910891089108,1000000.0,427692094458.0,427892091041.0,10.0,202.0,1.0,199996583.0,202.0,0.0,202000000.0,1.0,2.0
2138,8.83084577114428,1000000.0,427893091250.0,428092091166.0,9.0,201.0,1.0,198999916.0,201.0,0.0,201000000.0,1.0,2.0
2139,8.766169154228855,1000000.0,428093094375.0,428292091125.0,10.0,201.0,1.0,198996750.0,201.0,0.0,201000000.0,1.0,2.0
2140,8.643564356435643,1000000.0,428293094458.0,428491091208.0,10.0,202.0,1.0,197996750.0,202.0,0.0,202000000.0,1.0,3.0
2141,8.651741293532337,1000000.0,428492094458.0,428691091125.0,9.0,201.0,1.0,198996667.0,201.0,0.0,201000000.0,1.0,2.0
2142,8.787128712871286,1000000.0,428692094375.0,428892091250.0,9.0,202.0,1.0,199996875.0,202.0,0.0,202000000.0,1.0,2.0
2143,8.671641791044776,1000000.0,428893094458.0,429092091083.0,9.0,201.0,1.0,198996625.0,201.0,0.0,201000000.0,1.0,2.0
2144,8.661691542288557,1000000.0,429093094416.0,429292091208.0,10.0,201.0,1.0,198996792.0,201.0,0.0,201000000.0,1.0,2.0
2145,8.76,1000000.0,429293091041.0,429491094458.0,9.0,200.0,1.0,198003417.0,200.0,0.0,200000000.0,1.0,2.0
2146,8.693069306930694,1000000.0,429492094375.0,429692091166.0,10.0,202.0,1.0,199996791.0,202.0,0.0,202000000.0,1.0,2.0
2147,8.676616915422885,1000000.0,429693091166.0,429892091166.0,10.0,201.0,1.0,199000000.0,201.0,0.0,201000000.0,1.0,2.0
2148,8.777227722772277,1000000.0,429893091125.0,430091094375.0,9.0,202.0,1.0,198003250.0,202.0,0.0,202000000.0,1.0,2.0
2149,8.338308457711443,1000000.0,430092094500.0,430291091000.0,9.0,201.0,1.0,198996500.0,201.0,0.0,201000000.0,1.0,2.0
2150,8.445544554455445,1000000.0,430292094458.0,430491091250.0,9.0,202.0,1.0,198996792.0,202.0,0.0,202000000.0,1.0,2.0
2151,8.64039408866995,1000000.0,430492094541.0,430692091125.0,10.0,203.0,1.0,199996584.0,203.0,0.0,203000000.0,1.0,2.0
2152,8.651741293532337,1000000.0,430693090958.0,430892091125.0,9.0,201.0,1.0,199000167.0,201.0,0.0,201000000.0,1.0,2.0
2153,8.865,1000000.0,430893094416.0,431091091166.0,9.0,200.0,1.0,197996750.0,200.0,0.0,200000000.0,1.0,2.0
2154,8.75,1000000.0,431092094500.0,431292091166.0,9.0,204.0,1.0,199996666.0,204.0,0.0,204000000.0,1.0,2.0
2155,8.844221105527637,1000000.0,431293094375.0,431491094500.0,10.0,199.0,1.0,198000125.0,199.0,0.0,199000000.0,1.0,1.0
2156,8.383084577114428,1000000.0,431492094375.0,431691094500.0,9.0,201.0,1.0,199000125.0,201.0,0.0,201000000.0,1.0,2.0
2157,8.699507389162562,1000000.0,431692094458.0,431892091041.0,11.0,203.0,1.0,199996583.0,203.0,0.0,203000000.0,1.0,2.0
2158,8.845,1000000.0,431893091000.0,432091091250.0,11.0,200.0,1.0,198000250.0,200.0,0.0,200000000.0,1.0,3.0
2159,8.9,1000000.0,432092094500.0,432292091125.0,9.0,200.0,1.0,199996625.0,200.0,0.0,200000000.0,1.0,2.0
2160,8.51,1000000.0,432293094375.0,432491091125.0,9.0,200.0,1.0,197996750.0,200.0,0.0,200000000.0,1.0,2.0
2161,8.623762376237623,1000000.0,432492094416.0,432691091041.0,10.0,202.0,1.0,198996625.0,202.0,0.0,202000000.0,1.0,2.0
2162,8.900990099009901,1000000.0,432692094375.0,432892091166.0,10.0,202.0,1.0,199996791.0,202.0,0.0,202000000.0,1.0,2.0
2163,8.717821782178218,1000000.0,432893094500.0,433092091250.0,9.0,202.0,1.0,198996750.0,202.0,0.0,202000000.0,1.0,2.0
2164,8.836633663366337,1000000.0,433093094416.0,433292091000.0,10.0,202.0,1.0,198996584.0,202.0,0.0,202000000.0,1.0,2.0
2165,8.57,1000000.0,433293094458.0,433491091041.0,10.0,200.0,1.0,197996583.0,200.0,0.0,200000000.0,1.0,2.0
2166,8.7363184079602,1000000.0,433492094375.0,433691091041.0,11.0,201.0,1.0,198996666.0,201.0,0.0,201000000.0,1.0,3.0
2167,7.321782178217822,1000000.0,433692094375.0,433892091250.0,9.0,202.0,1.0,199996875.0,202.0,0.0,202000000.0,1.0,2.0
2168,4.467661691542289,1000000.0,433893094458.0,434092091208.0,6.0,201.0,1.0,198996750.0,201.0,0.0,201000000.0,1.0,3.0
2169,4.462686567164179,1000000.0,434093094416.0,434292091166.0,6.0,201.0,1.0,198996750.0,201.0,0.0,201000000.0,1.0,2.0
2170,4.59,1000000.0,434293094625.0,434491094500.0,6.0,200.0,1.0,197999875.0,200.0,0.0,200000000.0,1.0,2.0
2171,4.68780487804878,1000000.0,434492094541.0,434692091291.0,5.0,205.0,1.0,199996750.0,205.0,0.0,205000000.0,1.0,2.0
2172,4.646766169154229,1000000.0,434693091208.0,434892091208.0,5.0,201.0,1.0,199000000.0,201.0,0.0,201000000.0,1.0,2.0
2173,4.800995024875622,1000000.0,434893091041.0,435091091375.0,6.0,201.0,1.0,198000334.0,201.0,0.0,201000000.0,1.0,2.0
2174,4.727722772277228,1000000.0,435092094500.0,435291091083.0,5.0,202.0,1.0,198996583.0,202.0,0.0,202000000.0,1.0,2.0
2175,4.752475247524752,1000000.0,435292094583.0,435492091208.0,5.0,202.0,1.0,199996625.0,202.0,0.0,202000000.0,1.0,2.0
2176,4.82089552238806,1000000.0,435493094500.0,435692091041.0,6.0,201.0,1.0,198996541.0,201.0,0.0,201000000.0,1.0,2.0
2177,4.3,1000000.0,435693094416.0,435891091208.0,5.0,200.0,1.0,197996792.0,200.0,0.0,200000000.0,1.0,2.0
2178,4.59,1000000.0,435892094458.0,436091091000.0,5.0,200.0,1.0,198996542.0,200.0,0.0,200000000.0,1.0,1.0
2179,4.681592039800995,1000000.0,436092094416.0,436291094500.0,5.0,201.0,1.0,199000084.0,201.0,0.0,201000000.0,1.0,2.0
2180,4.673267326732673,1000000.0,436292094583.0,436492091041.0,5.0,202.0,1.0,199996458.0,202.0,0.0,202000000.0,1.0,2.0
2181,4.666666666666667,1000000.0,436493094458.0,436692091083.0,5.0,201.0,1.0,198996625.0,201.0,0.0,201000000.0,1.0,2.0
2182,4.626865671641791,1000000.0,436693091208.0,436891091416.0,6.0,201.0,1.0,198000208.0,201.0,0.0,201000000.0,1.0,2.0
2183,4.5049504950495045,1000000.0,436892094791.0,437092091083.0,6.0,202.0,1.0,199996292.0,202.0,0.0,202000000.0,1.0,2.0
2184,4.646766169154229,1000000.0,437093094500.0,437291091041.0,5.0,201.0,1.0,197996541.0,201.0,0.0,201000000.0,1.0,2.0
2185,4.49,1000000.0,437292094416.0,437491091250.0,5.0,200.0,1.0,198996834.0,200.0,0.0,200000000.0,1.0,2.0
2186,4.5073891625615765,1000000.0,437492094666.0,437692091000.0,6.0,203.0,1.0,199996334.0,203.0,0.0,203000000.0,1.0,3.0
2187,4.796019900497512,1000000.0,437693094416.0,437892091208.0,6.0,201.0,1.0,198996792.0,201.0,0.0,201000000.0,1.0,2.0
2188,4.651741293532338,1000000.0,437893091291.0,438092091458.0,5.0,201.0,1.0,199000167.0,201.0,0.0,201000000.0,1.0,2.0
2189,4.582089552238806,1000000.0,438093094583.0,438291094458.0,5.0,201.0,1.0,197999875.0,201.0,0.0,201000000.0,1.0,2.0
2190,4.756218905472637,1000000.0,438292094416.0,438491090958.0,6.0,201.0,1.0,198996542.0,201.0,0.0,201000000.0,1.0,2.0
2191,4.737623762376238,1000000.0,438492094500.0,438692091083.0,6.0,202.0,1.0,199996583.0,202.0,0.0,202000000.0,1.0,2.0
2192,4.870646766169155,1000000.0,438693094416.0,438892091125.0,6.0,201.0,1.0,198996709.0,201.0,0.0,201000000.0,1.0,2.0
2193,4.94,1000000.0,438893094750.0,439092091000.0,6.0,200.0,1.0,198996250.0,200.0,0.0,200000000.0,1.0,1.0
2194,4.62,1000000.0,439093094458.0,439291091083.0,5.0,200.0,1.0,197996625.0,200.0,0.0,200000000.0,1.0,2.0
2195,4.757425742574258,1000000.0,439292094541.0,439492091250.0,5.0,202.0,1.0,199996709.0,202.0,0.0,202000000.0,1.0,2.0
2196,4.298507462686567,1000000.0,439493094416.0,439692091041.0,6.0,201.0,1.0,198996625.0,201.0,0.0,201000000.0,1.0,2.0
2197,4.885572139303482,1000000.0,439693094458.0,439892091166.0,6.0,201.0,1.0,198996708.0,201.0,0.0,201000000.0,1.0,2.0
2198,4.74,1000000.0,439893094500.0,440091091083.0,5.0,200.0,1.0,197996583.0,200.0,0.0,200000000.0,1.0,2.0
2199,4.745,1000000.0,440092094541.0,440291091083.0,5.0,200.0,1.0,198996542.0,200.0,0.0,200000000.0,1.0,1.0
2200,4.665,1000000.0,440292094500.0,440491091041.0,5.0,200.0,1.0,198996541.0,200.0,0.0,200000000.0,1.0,1.0
2201,4.648514851485149,1000000.0,440492094541.0,440692091041.0,5.0,202.0,1.0,199996500.0,202.0,0.0,202000000.0,1.0,2.0
2202,4.756218905472637,1000000.0,440693091083.0,440892091333.0,5.0,201.0,1.0,199000250.0,201.0,0.0,201000000.0,1.0,2.0
2203,4.562189054726368,1000000.0,440893091291.0,441092091000.0,5.0,201.0,1.0,198999709.0,201.0,0.0,201000000.0,1.0,3.0
2204,4.485148514851486,1000000.0,441093094500.0,441291091000.0,5.0,202.0,1.0,197996500.0,202.0,0.0,202000000.0,1.0,3.0
2205,8.638613861386139,1000000.0,441292094416.0,441491091041.0,11.0,202.0,1.0,198996625.0,202.0,0.0,202000000.0,1.0,2.0
2206,8.64676616915423,1000000.0,441492094500.0,441691091208.0,9.0,201.0,1.0,198996708.0,201.0,0.0,201000000.0,1.0,2.0
2207,8.788177339901479,1000000.0,441692094541.0,441891091208.0,10.0,203.0,1.0,198996667.0,203.0,0.0,203000000.0,1.0,2.0
2208,8.862068965517242,1000000.0,441892094208.0,442091094375.0,11.0,203.0,1.0,199000167.0,203.0,0.0,203000000.0,1.0,2.0
2209,8.643564356435643,1000000.0,442092094500.0,442292091125.0,11.0,202.0,1.0,199996625.0,202.0,0.0,202000000.0,1.0,2.0
2210,8.68,1000000.0,442293091125.0,442491091000.0,11.0,200.0,1.0,197999875.0,200.0,0.0,200000000.0,1.0,2.0
2211,8.712871287128714,1000000.0,442492094375.0,442692091125.0,9.0,202.0,1.0,199996750.0,202.0,0.0,202000000.0,1.0,2.0
2212,8.825,1000000.0,442693091208.0,442892091041.0,10.0,200.0,1.0,198999833.0,200.0,0.0,200000000.0,1.0,2.0
2213,8.6,1000000.0,442893094333.0,443092091083.0,9.0,200.0,1.0,198996750.0,200.0,0.0,200000000.0,1.0,2.0
2214,8.77,1000000.0,443093094458.0,443291091041.0,10.0,200.0,1.0,197996583.0,200.0,0.0,200000000.0,1.0,3.0
2215,8.707920792079207,1000000.0,443292094416.0,443491091000.0,11.0,202.0,1.0,198996584.0,202.0,0.0,202000000.0,1.0,2.0
2216,8.90547263681592,1000000.0,443492094416.0,443691091000.0,9.0,201.0,1.0,198996584.0,201.0,0.0,201000000.0,1.0,2.0
2217,8.800995024875622,1000000.0,443692094333.0,443891091000.0,9.0,201.0,1.0,198996667.0,201.0,0.0,201000000.0,1.0,2.0
2218,8.788177339901479,1000000.0,443892094416.0,444092091083.0,9.0,203.0,1.0,199996667.0,203.0,0.0,203000000.0,1.0,2.0
2219,8.702970297029703,1000000.0,444093091083.0,444292091000.0,9.0,202.0,1.0,198999917.0,202.0,0.0,202000000.0,1.0,2.0
2220,8.910891089108912,1000000.0,444293094458.0,444492091000.0,9.0,202.0,1.0,198996542.0,202.0,0.0,202000000.0,1.0,2.0
2221,8.686567164179104,1000000.0,444493094375.0,444692091208.0,11.0,201.0,1.0,198996833.0,201.0,0.0,201000000.0,1.0,2.0
2222,8.81,1000000.0,444693094500.0,444891090958.0,10.0,200.0,1.0,197996458.0,200.0,0.0,200000000.0,1.0,2.0
2223,8.990099009900991,1000000.0,444892094375.0,445091091083.0,10.0,202.0,1.0,198996708.0,202.0,0.0,202000000.0,1.0,2.0
2224,8.552238805970148,1000000.0,445092094416.0,445291094500.0,9.0,201.0,1.0,199000084.0,201.0,0.0,201000000.0,1.0,2.0
2225,8.712871287128714,1000000.0,445292094500.0,445492091083.0,9.0,202.0,1.0,199996583.0,202.0,0.0,202000000.0,1.0,2.0
2226,8.58,1000000.0,445493094500.0,445691094500.0,9.0,200.0,1.0,198000000.0,200.0,0.0,200000000.0,1.0,2.0
2227,8.707920792079207,1000000.0,445692094375.0,445892091208.0,9.0,202.0,1.0,199996833.0,202.0,0.0,202000000.0,1.0,2.0
2228,8.785,1000000.0,445893094416.0,446091091041.0,11.0,200.0,1.0,197996625.0,200.0,0.0,200000000.0,1.0,2.0
2229,8.683168316831683,1000000.0,446092094500.0,446291091000.0,9.0,202.0,1.0,198996500.0,202.0,0.0,202000000.0,1.0,2.0
2230,8.402985074626866,1000000.0,446292094458.0,446491091000.0,9.0,201.0,1.0,198996542.0,201.0,0.0,201000000.0,1.0,2.0
2231,8.696517412935323,1000000.0,446492094458.0,446691091000.0,11.0,201.0,1.0,198996542.0,201.0,0.0,201000000.0,1.0,2.0
2232,8.845771144278608,1000000.0,446692094458.0,446891091208.0,9.0,201.0,1.0,198996750.0,201.0,0.0,201000000.0,1.0,2.0
2233,8.771144278606965,1000000.0,446892094291.0,447091091125.0,10.0,201.0,1.0,198996834.0,201.0,0.0,201000000.0,1.0,2.0
2234,8.592039800995025,1000000.0,447092094375.0,447291094416.0,9.0,201.0,1.0,199000041.0,201.0,0.0,201000000.0,1.0,2.0
2235,8.596059113300493,1000000.0,447292094375.0,447491091125.0,10.0,203.0,1.0,198996750.0,203.0,0.0,203000000.0,1.0,2.0
2236,8.742574257425742,1000000.0,447492094333.0,447692091000.0,10.0,202.0,1.0,199996667.0,202.0,0.0,202000000.0,1.0,2.0
2237,8.745,1000000.0,447693094458.0,447891091125.0,10.0,200.0,1.0,197996667.0,200.0,0.0,200000000.0,1.0,2.0
2238,8.995049504950495,1000000.0,447892094458.0,448092091041.0,9.0,202.0,1.0,199996583.0,202.0,0.0,202000000.0,1.0,2.0
2239,8.748743718592964,1000000.0,448093094333.0,448291094625.0,9.0,199.0,1.0,198000292.0,199.0,0.0,199000000.0,1.0,2.0
2240,8.695,1000000.0,448292094541.0,448491094416.0,9.0,200.0,1.0,198999875.0,200.0,0.0,200000000.0,1.0,1.0
2241,8.686567164179104,1000000.0,448492094375.0,448691090958.0,10.0,201.0,1.0,198996583.0,201.0,0.0,201000000.0,1.0,2.0
2242,7.29064039408867,1000000.0,448692094333.0,448892091041.0,9.0,203.0,1.0,199996708.0,203.0,0.0,203000000.0,1.0,2.0
2243,4.589108910891089,1000000.0,448893091208.0,449092091083.0,5.0,202.0,1.0,198999875.0,202.0,0.0,202000000.0,1.0,2.0
2244,4.696517412935323,1000000.0,449093094291.0,449292091000.0,5.0,201.0,1.0,198996709.0,201.0,0.0,201000000.0,1.0,2.0
2245,4.711442786069652,1000000.0,449293094458.0,449491091083.0,5.0,201.0,1.0,197996625.0,201.0,0.0,201000000.0,1.0,2.0
2246,4.742574257425742,1000000.0,449492094541.0,449692091250.0,6.0,202.0,1.0,199996709.0,202.0,0.0,202000000.0,1.0,2.0
2247,4.6716417910447765,1000000.0,449693094416.0,449892091000.0,7.0,201.0,1.0,198996584.0,201.0,0.0,201000000.0,1.0,2.0
2248,4.5594059405940595,1000000.0,449893091125.0,450092091041.0,6.0,202.0,1.0,198999916.0,202.0,0.0,202000000.0,1.0,2.0
2249,4.65,1000000.0,450093094500.0,450292091000.0,5.0,200.0,1.0,198996500.0,200.0,0.0,200000000.0,1.0,2.0
2250,4.577889447236181,1000000.0,450293094416.0,450491094458.0,5.0,199.0,1.0,198000042.0,199.0,0.0,199000000.0,1.0,2.0
2251,4.850746268656716,1000000.0,450492094458.0,450691094541.0,6.0,201.0,1.0,199000083.0,201.0,0.0,201000000.0,1.0,2.0
2252,4.655,1000000.0,450692094416.0,450891091041.0,6.0,200.0,1.0,198996625.0,200.0,0.0,200000000.0,1.0,1.0
2253,4.638613861386139,1000000.0,450892094541.0,451092091333.0,6.0,202.0,1.0,199996792.0,202.0,0.0,202000000.0,1.0,2.0
2254,4.84,1000000.0,451093094541.0,451291091250.0,5.0,200.0,1.0,197996709.0,200.0,0.0,200000000.0,1.0,2.0
2255,4.371287128712871,1000000.0,451292094541.0,451491090958.0,5.0,202.0,1.0,198996417.0,202.0,0.0,202000000.0,1.0,2.0
2256,4.648514851485149,1000000.0,451492094541.0,451692091041.0,5.0,202.0,1.0,199996500.0,202.0,0.0,202000000.0,1.0,2.0
2257,4.725,1000000.0,451693094333.0,451891091166.0,5.0,200.0,1.0,197996833.0,200.0,0.0,200000000.0,1.0,2.0
2258,4.626865671641791,1000000.0,451892094958.0,452091091083.0,7.0,201.0,1.0,198996125.0,201.0,0.0,201000000.0,1.0,2.0
2259,4.7164179104477615,1000000.0,452092094916.0,452291090958.0,5.0,201.0,1.0,198996042.0,201.0,0.0,201000000.0,1.0,2.0
2260,4.522167487684729,1000000.0,452292094458.0,452492091041.0,5.0,203.0,1.0,199996583.0,203.0,0.0,203000000.0,1.0,2.0
2261,4.442211055276382,1000000.0,452493094333.0,452691091250.0,5.0,199.0,1.0,197996917.0,199.0,0.0,199000000.0,1.0,1.0
2262,4.388059701492537,1000000.0,452692094458.0,452891094666.0,5.0,201.0,1.0,199000208.0,201.0,0.0,201000000.0,1.0,2.0
2263,5.02970297029703,1000000.0,452892094500.0,453092091083.0,6.0,202.0,1.0,199996583.0,202.0,0.0,202000000.0,1.0,2.0
2264,4.698019801980198,1000000.0,453093094583.0,453291094416.0,7.0,202.0,1.0,197999833.0,202.0,0.0,202000000.0,1.0,2.0
2265,4.691542288557214,1000000.0,453292094583.0,453491091083.0,5.0,201.0,1.0,198996500.0,201.0,0.0,201000000.0,1.0,2.0
2266,4.70935960591133,1000000.0,453492094458.0,453691091041.0,5.0,203.0,1.0,198996583.0,203.0,0.0,203000000.0,1.0,2.0
2267,4.82089552238806,1000000.0,453692094500.0,453892091041.0,5.0,201.0,1.0,199996541.0,201.0,0.0,201000000.0,1.0,1.0
2268,4.845771144278607,1000000.0,453893094458.0,454092091000.0,6.0,201.0,1.0,198996542.0,201.0,0.0,201000000.0,1.0,2.0
2269,4.895522388059701,1000000.0,454093094625.0,454291091041.0,5.0,201.0,1.0,197996416.0,201.0,0.0,201000000.0,1.0,2.0
2270,4.756218905472637,1000000.0,454292094416.0,454491094458.0,5.0,201.0,1.0,199000042.0,201.0,0.0,201000000.0,1.0,2.0
2271,4.51,1000000.0,454492094500.0,454691091000.0,5.0,200.0,1.0,198996500.0,200.0,0.0,200000000.0,1.0,1.0
2272,4.759803921568627,1000000.0,454692094333.0,454891091041.0,6.0,204.0,1.0,198996708.0,204.0,0.0,204000000.0,1.0,2.0
2273,4.699507389162561,1000000.0,454892094458.0,455092091208.0,5.0,203.0,1.0,199996750.0,203.0,0.0,203000000.0,1.0,2.0
2274,4.56,1000000.0,455093091166.0,455291094416.0,5.0,200.0,1.0,198003250.0,200.0,0.0,200000000.0,1.0,2.0
2275,4.985221674876847,1000000.0,455292094416.0,455492091125.0,7.0,203.0,1.0,199996709.0,203.0,0.0,203000000.0,1.0,2.0
2276,4.775,1000000.0,455493094458.0,455691094541.0,5.0,200.0,1.0,198000083.0,200.0,0.0,200000000.0,1.0,2.0
2277,4.630541871921182,1000000.0,455692094500.0,455892091125.0,5.0,203.0,1.0,199996625.0,203.0,0.0,203000000.0,1.0,2.0
2278,4.616915422885572,1000000.0,455893091166.0,456092091041.0,5.0,201.0,1.0,198999875.0,201.0,0.0,201000000.0,1.0,2.0
2279,4.693069306930693,1000000.0,456093094458.0,456292091291.0,6.0,202.0,1.0,198996833.0,202.0,0.0,202000000.0,1.0,2.0
2280,8.243781094527364,1000000.0,456293094583.0,456491094416.0,9.0,201.0,1.0,197999833.0,201.0,0.0,201000000.0,1.0,2.0
2281,8.876847290640393,1000000.0,456492094458.0,456691091041.0,10.0,203.0,1.0,198996583.0,203.0,0.0,203000000.0,1.0,2.0
2282,8.529702970297029,1000000.0,456692094541.0,456891091250.0,9.0,202.0,1.0,198996709.0,202.0,0.0,202000000.0,1.0,2.0
2283,8.64676616915423,1000000.0,456892094583.0,457092091041.0,11.0,201.0,1.0,199996458.0,201.0,0.0,201000000.0,1.0,2.0
2284,8.73134328358209,1000000.0,457093094458.0,457291091083.0,9.0,201.0,1.0,197996625.0,201.0,0.0,201000000.0,1.0,2.0
2285,8.757425742574258,1000000.0,457292094458.0,457492091250.0,9.0,202.0,1.0,199996792.0,202.0,0.0,202000000.0,1.0,2.0
2286,8.95,1000000.0,457493094375.0,457691091208.0,10.0,200.0,1.0,197996833.0,200.0,0.0,200000000.0,1.0,2.0
2287,8.82089552238806,1000000.0,457692094416.0,457892090958.0,9.0,201.0,1.0,199996542.0,201.0,0.0,201000000.0,1.0,1.0
2288,8.83084577114428,1000000.0,457893094333.0,458091094458.0,9.0,201.0,1.0,198000125.0,201.0,0.0,201000000.0,1.0,2.0
2289,8.465346534653465,1000000.0,458092094666.0,458292091208.0,11.0,202.0,1.0,199996542.0,202.0,0.0,202000000.0,1.0,2.0
2290,8.88,1000000.0,458293091208.0,458491091166.0,10.0,200.0,1.0,197999958.0,200.0,0.0,200000000.0,1.0,2.0
2291,8.871287128712872,1000000.0,458492094291.0,458691094416.0,10.0,202.0,1.0,199000125.0,202.0,0.0,202000000.0,1.0,2.0
2292,8.656716417910447,1000000.0,458692094291.0,458892091000.0,9.0,201.0,1.0,199996709.0,201.0,0.0,201000000.0,1.0,2.0
2293,8.642156862745098,1000000.0,458893094458.0,459092091333.0,10.0,204.0,1.0,198996875.0,204.0,0.0,204000000.0,1.0,3.0
2294,8.452261306532664,1000000.0,459093094458.0,459291091000.0,9.0,199.0,1.0,197996542.0,199.0,0.0,199000000.0,1.0,1.0
2295,8.751243781094526,1000000.0,459292094416.0,459492091000.0,9.0,201.0,1.0,199996584.0,201.0,0.0,201000000.0,1.0,1.0
2296,8.96039603960396,1000000.0,459493094416.0,459692091291.0,10.0,202.0,1.0,198996875.0,202.0,0.0,202000000.0,1.0,2.0
2297,8.712871287128714,1000000.0,459693091208.0,459892091125.0,10.0,202.0,1.0,198999917.0,202.0,0.0,202000000.0,1.0,2.0
2298,8.88,1000000.0,459893091125.0,460091091000.0,11.0,200.0,1.0,197999875.0,200.0,0.0,200000000.0,1.0,3.0
2299,8.374384236453203,1000000.0,460092094333.0,460292091000.0,9.0,203.0,1.0,199996667.0,203.0,0.0,203000000.0,1.0,2.0
2300,8.661691542288557,1000000.0,460293094500.0,460492090958.0,10.0,201.0,1.0,198996458.0,201.0,0.0,201000000.0,1.0,2.0
2301,8.67,1000000.0,460493094333.0,460692090958.0,10.0,200.0,1.0,198996625.0,200.0,0.0,200000000.0,1.0,1.0
2302,8.671641791044776,1000000.0,460693094416.0,460891094333.0,9.0,201.0,1.0,197999917.0,201.0,0.0,201000000.0,1.0,2.0
2303,8.851485148514852,1000000.0,460892094375.0,461092091000.0,9.0,202.0,1.0,199996625.0,202.0,0.0,202000000.0,1.0,2.0
2304,8.77,1000000.0,461093094541.0,461291091000.0,9.0,200.0,1.0,197996459.0,200.0,0.0,200000000.0,1.0,2.0
2305,8.465686274509803,1000000.0,461292094458.0,461491091250.0,9.0,204.0,1.0,198996792.0,204.0,0.0,204000000.0,1.0,2.0
2306,8.42079207920792,1000000.0,461492094583.0,461692091250.0,9.0,202.0,1.0,199996667.0,202.0,1.0,202000000.0,1.0,2.0
2307,8.537313432835822,1000000.0,461693094541.0,461892091208.0,9.0,201.0,1.0,198996667.0,201.0,0.0,201000000.0,1.0,2.0
2308,9.113300492610838,1000000.0,461893091250.0,462092091166.0,11.0,203.0,1.0,198999916.0,203.0,0.0,203000000.0,1.0,2.0
2309,8.73134328358209,1000000.0,462093091250.0,462291094250.0,11.0,201.0,1.0,198003000.0,201.0,0.0,201000000.0,1.0,2.0
2310,8.535,1000000.0,462292094458.0,462491091041.0,11.0,200.0,1.0,198996583.0,200.0,0.0,200000000.0,1.0,1.0
2311,8.730392156862745,1000000.0,462492094416.0,462692091041.0,9.0,204.0,1.0,199996625.0,204.0,0.0,204000000.0,1.0,2.0
2312,8.325,1000000.0,462693091166.0,462892091166.0,9.0,200.0,1.0,199000000.0,200.0,0.0,200000000.0,1.0,1.0
2313,8.91542288557214,1000000.0,462893094500.0,463091094500.0,10.0,201.0,1.0,198000000.0,201.0,0.0,201000000.0,1.0,2.0
2314,8.651960784313726,1000000.0,463092094416.0,463292091083.0,10.0,204.0,1.0,199996667.0,204.0,0.0,204000000.0,1.0,2.0
2315,8.64676616915423,1000000.0,463293094375.0,463491091083.0,9.0,201.0,1.0,197996708.0,201.0,0.0,201000000.0,1.0,2.0
2316,8.515,1000000.0,463492094333.0,463691094458.0,9.0,200.0,1.0,199000125.0,200.0,0.0,200000000.0,1.0,2.0
2317,7.0,1000000.0,463692094541.0,463892091208.0,9.0,202.0,1.0,199996667.0,202.0,0.0,202000000.0,1.0,2.0
2318,4.81,1000000.0,463893094666.0,464091091041.0,6.0,200.0,1.0,197996375.0,200.0,0.0,200000000.0,1.0,2.0
2319,4.435,1000000.0,464092094333.0,464291091083.0,5.0,200.0,1.0,198996750.0,200.0,0.0,200000000.0,1.0,1.0
2320,4.611940298507463,1000000.0,464292094583.0,464491094541.0,5.0,201.0,1.0,198999958.0,201.0,0.0,201000000.0,1.0,2.0
2321,4.895522388059701,1000000.0,464492094541.0,464692091125.0,6.0,201.0,1.0,199996584.0,201.0,0.0,201000000.0,1.0,2.0
2322,4.719211822660099,1000000.0,464693091375.0,464892091291.0,6.0,203.0,1.0,198999916.0,203.0,0.0,203000000.0,1.0,2.0
2323,4.685,1000000.0,464893094458.0,465091091083.0,6.0,200.0,1.0,197996625.0,200.0,0.0,200000000.0,1.0,2.0
2324,4.901477832512315,1000000.0,465092094333.0,465291091250.0,5.0,203.0,1.0,198996917.0,203.0,0.0,203000000.0,1.0,2.0
2325,4.71,1000000.0,465292094500.0,465491091000.0,6.0,200.0,1.0,198996500.0,200.0,0.0,200000000.0,1.0,1.0
2326,4.793103448275862,1000000.0,465492094291.0,465691094416.0,6.0,203.0,1.0,199000125.0,203.0,0.0,203000000.0,1.0,3.0
2327,4.866336633663367,1000000.0,465692094416.0,465892091083.0,6.0,202.0,1.0,199996667.0,202.0,0.0,202000000.0,1.0,2.0
2328,4.383084577114428,1000000.0,465893091291.0,466092091083.0,6.0,201.0,1.0,198999792.0,201.0,0.0,201000000.0,1.0,2.0
2329,4.54228855721393,1000000.0,466093094291.0,466292091166.0,5.0,201.0,1.0,198996875.0,201.0,0.0,201000000.0,1.0,2.0
2330,5.024875621890548,1000000.0,466293094416.0,466491091041.0,6.0,201.0,1.0,197996625.0,201.0,0.0,201000000.0,1.0,3.0
2331,4.38,1000000.0,466492094458.0,466692091250.0,5.0,200.0,1.0,199996792.0,200.0,0.0,200000000.0,1.0,1.0
2332,4.611940298507463,1000000.0,466693091541.0,466892091166.0,5.0,201.0,1.0,198999625.0,201.0,0.0,201000000.0,1.0,2.0
2333,5.044776119402985,1000000.0,466893091083.0,467092090958.0,6.0,201.0,1.0,198999875.0,201.0,0.0,201000000.0,1.0,2.0
2334,4.86,1000000.0,467093094458.0,467291091083.0,7.0,200.0,1.0,197996625.0,200.0,0.0,200000000.0,1.0,2.0
2335,4.870646766169155,1000000.0,467292094458.0,467491091041.0,6.0,201.0,1.0,198996583.0,201.0,0.0,201000000.0,1.0,2.0
2336,4.618811881188119,1000000.0,467492094500.0,467691091458.0,5.0,202.0,1.0,198996958.0,202.0,0.0,202000000.0,1.0,2.0
2337,4.611940298507463,1000000.0,467692094416.0,467891094500.0,6.0,201.0,1.0,199000084.0,201.0,0.0,201000000.0,1.0,2.0
2338,4.425742574257426,1000000.0,467892094541.0,468092091000.0,6.0,202.0,1.0,199996459.0,202.0,0.0,202000000.0,1.0,2.0
2339,4.776119402985074,1000000.0,468093094500.0,468291091250.0,7.0,201.0,1.0,197996750.0,201.0,0.0,201000000.0,1.0,2.0
2340,4.442786069651741,1000000.0,468292094500.0,468491094541.0,6.0,201.0,1.0,199000041.0,201.0,0.0,201000000.0,1.0,2.0
2341,4.91542288557214,1000000.0,468492094375.0,468691094458.0,5.0,201.0,1.0,199000083.0,201.0,0.0,201000000.0,1.0,2.0
2342,4.768472906403941,1000000.0,468692094666.0,468892091291.0,6.0,203.0,1.0,199996625.0,203.0,0.0,203000000.0,1.0,2.0
2343,4.755,1000000.0,468893094541.0,469091094416.0,5.0,200.0,1.0,197999875.0,200.0,0.0,200000000.0,1.0,2.0
2344,4.618811881188119,1000000.0,469092094416.0,469292091125.0,6.0,202.0,1.0,199996709.0,202.0,0.0,202000000.0,1.0,2.0
2345,4.50990099009901,1000000.0,469293094541.0,469492091166.0,5.0,202.0,1.0,198996625.0,202.0,0.0,202000000.0,1.0,2.0
2346,4.8291457286432165,1000000.0,469493094416.0,469691094500.0,6.0,199.0,1.0,198000084.0,199.0,0.0,199000000.0,1.0,1.0
2347,4.656716417910448,1000000.0,469692094416.0,469892091125.0,6.0,201.0,1.0,199996709.0,201.0,0.0,201000000.0,1.0,1.0
2348,4.542713567839196,1000000.0,469893094541.0,470091091000.0,6.0,199.0,1.0,197996459.0,199.0,0.0,199000000.0,1.0,2.0
2349,4.5,1000000.0,470092094500.0,470291091083.0,5.0,202.0,1.0,198996583.0,202.0,0.0,202000000.0,1.0,2.0
2350,4.6600985221674875,1000000.0,470292094500.0,470492090958.0,5.0,203.0,1.0,199996458.0,203.0,0.0,203000000.0,1.0,2.0
2351,4.862068965517241,1000000.0,470493091375.0,470691094458.0,6.0,203.0,1.0,198003083.0,203.0,0.0,203000000.0,1.0,2.0
2352,4.485148514851486,1000000.0,470692094500.0,470892091375.0,6.0,202.0,1.0,199996875.0,202.0,0.0,202000000.0,1.0,2.0
2353,4.55,1000000.0,470893094541.0,471091091000.0,5.0,200.0,1.0,197996459.0,200.0,0.0,200000000.0,1.0,2.0
2354,4.800995024875622,1000000.0,471092094375.0,471291091000.0,5.0,201.0,1.0,198996625.0,201.0,0.0,201000000.0,1.0,2.0
2355,8.227722772277227,1000000.0,471292094291.0,471491094541.0,11.0,202.0,1.0,199000250.0,202.0,0.0,202000000.0,1.0,3.0
2356,8.455445544554456,1000000.0,471492095458.0,471691091000.0,11.0,202.0,1.0,198995542.0,202.0,0.0,202000000.0,1.0,2.0
2357,8.524752475247524,1000000.0,471692094375.0,471891091208.0,9.0,202.0,1.0,198996833.0,202.0,0.0,202000000.0,1.0,2.0
2358,8.90547263681592,1000000.0,471892094416.0,472091091083.0,10.0,201.0,1.0,198996667.0,201.0,0.0,201000000.0,1.0,2.0
2359,8.82089552238806,1000000.0,472092094333.0,472291094583.0,11.0,201.0,1.0,199000250.0,201.0,0.0,201000000.0,1.0,2.0
2360,8.779411764705882,1000000.0,472292094333.0,472492091166.0,10.0,204.0,1.0,199996833.0,204.0,0.0,204000000.0,1.0,2.0
2361,8.605,1000000.0,472493091083.0,472692091166.0,9.0,200.0,1.0,199000083.0,200.0,0.0,200000000.0,1.0,2.0
2362,8.565,1000000.0,472693091333.0,472891094333.0,10.0,200.0,1.0,198003000.0,200.0,0.0,200000000.0,1.0,2.0
2363,8.985221674876847,1000000.0,472892094541.0,473092091000.0,10.0,203.0,1.0,199996459.0,203.0,0.0,203000000.0,1.0,3.0
2364,8.64,1000000.0,473093094458.0,473291091000.0,10.0,200.0,1.0,197996542.0,200.0,0.0,200000000.0,1.0,2.0
2365,8.716417910447761,1000000.0,473292094500.0,473491091041.0,9.0,201.0,1.0,198996541.0,201.0,0.0,201000000.0,1.0,2.0
2366,8.631840796019901,1000000.0,473492094458.0,473691091000.0,10.0,201.0,1.0,198996542.0,201.0,0.0,201000000.0,1.0,2.0
2367,8.82089552238806,1000000.0,473692094416.0,473891091208.0,10.0,201.0,1.0,198996792.0,201.0,0.0,201000000.0,1.0,2.0
2368,8.524752475247524,1000000.0,473892094500.0,474092090958.0,9.0,202.0,1.0,199996458.0,202.0,0.0,202000000.0,1.0,2.0
2369,8.885,1000000.0,474093091125.0,474292090916.0,11.0,200.0,1.0,198999791.0,200.0,0.0,200000000.0,1.0,1.0
2370,8.675,1000000.0,474293094375.0,474492091041.0,9.0,200.0,1.0,198996666.0,200.0,0.0,200000000.0,1.0,1.0
2371,8.74129353233831,1000000.0,474493094583.0,474692091083.0,11.0,201.0,1.0,198996500.0,201.0,0.0,201000000.0,1.0,2.0
2372,9.024875621890548,1000000.0,474693094500.0,474892091291.0,10.0,201.0,1.0,198996791.0,201.0,0.0,201000000.0,1.0,2.0
2373,8.542713567839195,1000000.0,474893094500.0,475091091083.0,9.0,199.0,1.0,197996583.0,199.0,0.0,199000000.0,1.0,1.0
2374,8.737623762376238,1000000.0,475092094541.0,475292091250.0,9.0,202.0,1.0,199996709.0,202.0,0.0,202000000.0,1.0,2.0
2375,8.626865671641792,1000000.0,475293094375.0,475492091083.0,10.0,201.0,1.0,198996708.0,201.0,0.0,201000000.0,1.0,2.0
2376,8.840796019900498,1000000.0,475493094583.0,475692091041.0,9.0,201.0,1.0,198996458.0,201.0,0.0,201000000.0,1.0,2.0
2377,8.487562189054726,1000000.0,475693097916.0,475892091333.0,9.0,201.0,1.0,198993417.0,201.0,0.0,201000000.0,1.0,2.0
2378,8.73,1000000.0,475893094500.0,476091091041.0,9.0,200.0,1.0,197996541.0,200.0,0.0,200000000.0,1.0,2.0
2379,8.7363184079602,1000000.0,476092094416.0,476291091000.0,9.0,201.0,1.0,198996584.0,201.0,0.0,201000000.0,1.0,2.0
2380,8.599009900990099,1000000.0,476292094333.0,476492091041.0,10.0,202.0,1.0,199996708.0,202.0,0.0,202000000.0,1.0,2.0
2381,8.477611940298507,1000000.0,476493094416.0,476692091041.0,9.0,201.0,1.0,198996625.0,201.0,0.0,201000000.0,1.0,2.0
2382,8.79,1000000.0,476693094458.0,476891091041.0,10.0,200.0,1.0,197996583.0,200.0,0.0,200000000.0,1.0,2.0
2383,8.691542288557214,1000000.0,476892094375.0,477091091041.0,9.0,201.0,1.0,198996666.0,201.0,0.0,201000000.0,1.0,2.0
2384,8.492537313432836,1000000.0,477092094416.0,477291091166.0,11.0,201.0,1.0,198996750.0,201.0,0.0,201000000.0,1.0,2.0
2385,8.549504950495049,1000000.0,477292094416.0,477492091083.0,10.0,202.0,1.0,199996667.0,202.0,0.0,202000000.0,1.0,2.0
2386,8.678217821782178,1000000.0,477493094375.0,477692091041.0,9.0,202.0,1.0,198996666.0,202.0,0.0,202000000.0,1.0,2.0
2387,8.761194029850746,1000000.0,477693094333.0,477892091208.0,10.0,201.0,1.0,198996875.0,201.0,0.0,201000000.0,1.0,2.0
2388,8.875,1000000.0,477893094500.0,478091091041.0,9.0,200.0,1.0,197996541.0,200.0,0.0,200000000.0,1.0,2.0
2389,8.693069306930694,1000000.0,478092093666.0,478292091208.0,9.0,202.0,1.0,199997542.0,202.0,0.0,202000000.0,1.0,2.0
2390,8.383084577114428,1000000.0,478293091125.0,478491091041.0,9.0,201.0,1.0,197999916.0,201.0,0.0,201000000.0,1.0,2.0
2391,8.64179104477612,1000000.0,478492094458.0,478691094458.0,9.0,201.0,1.0,199000000.0,201.0,0.0,201000000.0,1.0,2.0
2392,7.348258706467662,1000000.0,478692094291.0,478891091041.0,9.0,201.0,1.0,198996750.0,201.0,0.0,201000000.0,1.0,2.0
2393,4.787128712871287,1000000.0,478892094500.0,479092090916.0,5.0,202.0,1.0,199996416.0,202.0,0.0,202000000.0,1.0,2.0
2394,4.6683168316831685,1000000.0,479093094333.0,479292091000.0,6.0,202.0,1.0,198996667.0,202.0,0.0,202000000.0,1.0,2.0
2395,4.930693069306931,1000000.0,479293094833.0,479492091000.0,6.0,202.0,1.0,198996167.0,202.0,0.0,202000000.0,1.0,2.0
2396,4.597014925373134,1000000.0,479493091458.0,479692091541.0,5.0,201.0,1.0,199000083.0,201.0,0.0,201000000.0,1.0,2.0
2397,4.655,1000000.0,479693094500.0,479891094583.0,5.0,200.0,1.0,198000083.0,200.0,0.0,200000000.0,1.0,2.0
2398,4.378109452736318,1000000.0,479892094458.0,480092091250.0,5.0,201.0,1.0,199996792.0,201.0,0.0,201000000.0,1.0,1.0
2399,4.805,1000000.0,480093091250.0,480291094500.0,6.0,200.0,1.0,198003250.0,200.0,0.0,200000000.0,1.0,2.0
2400,4.807881773399015,1000000.0,480292094583.0,480492091041.0,7.0,203.0,1.0,199996458.0,203.0,0.0,203000000.0,1.0,2.0
2401,4.786069651741293,1000000.0,480493091208.0,480691094500.0,6.0,201.0,1.0,198003292.0,201.0,0.0,201000000.0,1.0,2.0
2402,4.776119402985074,1000000.0,480692094458.0,480891091208.0,6.0,201.0,1.0,198996750.0,201.0,0.0,201000000.0,1.0,2.0
2403,4.827586206896552,1000000.0,480892094500.0,481092091208.0,5.0,203.0,1.0,199996708.0,203.0,0.0,203000000.0,1.0,2.0
2404,4.751243781094527,1000000.0,481093094541.0,481292091291.0,5.0,201.0,1.0,198996750.0,201.0,0.0,201000000.0,1.0,2.0
2405,4.651741293532338,1000000.0,481293094250.0,481492091000.0,5.0,201.0,1.0,198996750.0,201.0,0.0,201000000.0,1.0,2.0
2406,4.698019801980198,1000000.0,481493094375.0,481692091041.0,5.0,202.0,1.0,198996666.0,202.0,0.0,202000000.0,1.0,2.0
2407,4.5763546798029555,1000000.0,481693094458.0,481892091333.0,7.0,203.0,1.0,198996875.0,203.0,0.0,203000000.0,1.0,2.0
2408,4.751243781094527,1000000.0,481893091166.0,482091094541.0,6.0,201.0,1.0,198003375.0,201.0,0.0,201000000.0,1.0,2.0
2409,4.745098039215686,1000000.0,482092094458.0,482291093333.0,7.0,204.0,1.0,198998875.0,204.0,0.0,204000000.0,1.0,3.0
2410,5.291457286432161,1000000.0,482292094458.0,482491091166.0,7.0,199.0,1.0,198996708.0,199.0,0.0,199000000.0,1.0,1.0
2411,4.502463054187192,1000000.0,482492094375.0,482692091041.0,5.0,203.0,1.0,199996666.0,203.0,0.0,203000000.0,1.0,2.0
2412,4.399014778325123,1000000.0,482693090958.0,482892091083.0,5.0,203.0,1.0,199000125.0,203.0,0.0,203000000.0,1.0,2.0
2413,4.8159203980099505,1000000.0,482893094458.0,483092091041.0,5.0,201.0,1.0,198996583.0,201.0,0.0,201000000.0,1.0,2.0
2414,4.623762376237623,1000000.0,483093094458.0,483292091208.0,5.0,202.0,1.0,198996750.0,202.0,0.0,202000000.0,1.0,2.0
2415,4.447236180904523,1000000.0,483293094416.0,483491094500.0,5.0,199.0,1.0,198000084.0,199.0,0.0,199000000.0,1.0,2.0
2416,4.465,1000000.0,483492094625.0,483691091041.0,5.0,200.0,1.0,198996416.0,200.0,0.0,200000000.0,1.0,1.0
2417,4.702970297029703,1000000.0,483692094458.0,483892091041.0,6.0,202.0,1.0,199996583.0,202.0,0.0,202000000.0,1.0,2.0
2418,4.875,1000000.0,483893094541.0,484091091125.0,5.0,200.0,1.0,197996584.0,200.0,0.0,200000000.0,1.0,2.0
2419,4.62,1000000.0,484092094583.0,484292091166.0,5.0,200.0,1.0,199996583.0,200.0,0.0,200000000.0,1.0,1.0
2420,4.8606965174129355,1000000.0,484293094458.0,484491091000.0,7.0,201.0,1.0,197996542.0,201.0,0.0,201000000.0,1.0,2.0
2421,4.693069306930693,1000000.0,484492094541.0,484692091000.0,5.0,202.0,1.0,199996459.0,202.0,0.0,202000000.0,1.0,2.0
2422,4.7711442786069655,1000000.0,484693091041.0,484892091125.0,5.0,201.0,1.0,199000084.0,201.0,0.0,201000000.0,1.0,2.0
2423,4.775,1000000.0,484893094500.0,485092091083.0,5.0,200.0,1.0,198996583.0,200.0,0.0,200000000.0,1.0,1.0
2424,4.88,1000000.0,485093094458.0,485291091041.0,5.0,200.0,1.0,197996583.0,200.0,0.0,200000000.0,1.0,2.0
2425,4.5495049504950495,1000000.0,485292094541.0,485492091291.0,5.0,202.0,1.0,199996750.0,202.0,0.0,202000000.0,1.0,2.0
2426,4.638613861386139,1000000.0,485493091291.0,485692091000.0,5.0,202.0,1.0,198999709.0,202.0,0.0,202000000.0,1.0,2.0
2427,4.796019900497512,1000000.0,485693094208.0,485892091208.0,5.0,201.0,1.0,198997000.0,201.0,0.0,201000000.0,1.0,2.0
2428,4.787128712871287,1000000.0,485893094458.0,486092091166.0,5.0,202.0,1.0,198996708.0,202.0,0.0,202000000.0,1.0,2.0
2429,4.669950738916256,1000000.0,486093094458.0,486292091083.0,5.0,203.0,1.0,198996625.0,203.0,0.0,203000000.0,1.0,2.0
2430,7.72,1000000.0,486293094500.0,486491091000.0,9.0,200.0,1.0,197996500.0,200.0,0.0,200000000.0,1.0,2.0
2431,8.569306930693068,1000000.0,486492094291.0,486692091166.0,10.0,202.0,1.0,199996875.0,202.0,0.0,202000000.0,1.0,2.0
2432,8.9,1000000.0,486693091208.0,486891091250.0,10.0,200.0,1.0,198000042.0,200.0,0.0,200000000.0,1.0,2.0
2433,8.870646766169154,1000000.0,486892094500.0,487091090958.0,10.0,201.0,1.0,198996458.0,201.0,0.0,201000000.0,1.0,2.0
2434,8.711442786069652,1000000.0,487092094333.0,487291091333.0,9.0,201.0,1.0,198997000.0,201.0,0.0,201000000.0,1.0,2.0
2435,9.205,1000000.0,487292094541.0,487491094416.0,11.0,200.0,1.0,198999875.0,200.0,0.0,200000000.0,1.0,1.0
2436,8.621890547263682,1000000.0,487492094500.0,487691091041.0,9.0,201.0,1.0,198996541.0,201.0,0.0,201000000.0,1.0,2.0
2437,8.529411764705882,1000000.0,487692094375.0,487891091000.0,9.0,204.0,1.0,198996625.0,204.0,0.0,204000000.0,1.0,2.0
2438,8.681592039800995,1000000.0,487892094291.0,488092091041.0,10.0,201.0,1.0,199996750.0,201.0,0.0,201000000.0,1.0,2.0
2439,8.776119402985074,1000000.0,488093091041.0,488292091166.0,9.0,201.0,1.0,199000125.0,201.0,0.0,201000000.0,1.0,2.0
2440,8.83084577114428,1000000.0,488293091208.0,488491091125.0,10.0,201.0,1.0,197999917.0,201.0,0.0,201000000.0,1.0,2.0
2441,8.701492537313433,1000000.0,488492094458.0,488691091125.0,10.0,201.0,1.0,198996667.0,201.0,0.0,201000000.0,1.0,2.0
2442,8.366336633663366,1000000.0,488692094333.0,488892091000.0,9.0,202.0,1.0,199996667.0,202.0,0.0,202000000.0,1.0,2.0
2443,8.651741293532337,1000000.0,488893094500.0,489091091083.0,9.0,201.0,1.0,197996583.0,201.0,0.0,201000000.0,1.0,2.0
2444,8.732673267326733,1000000.0,489092094500.0,489292091000.0,9.0,202.0,1.0,199996500.0,202.0,0.0,202000000.0,1.0,2.0
2445,8.603960396039604,1000000.0,489293091208.0,489492091083.0,10.0,202.0,1.0,198999875.0,202.0,0.0,202000000.0,1.0,2.0
2446,8.98,1000000.0,489493094541.0,489691094500.0,10.0,200.0,1.0,197999959.0,200.0,0.0,200000000.0,1.0,2.0
2447,8.628712871287128,1000000.0,489692094291.0,489892091125.0,9.0,202.0,1.0,199996834.0,202.0,0.0,202000000.0,1.0,2.0
2448,8.477611940298507,1000000.0,489893094541.0,490092091125.0,10.0,201.0,1.0,198996584.0,201.0,0.0,201000000.0,1.0,2.0
2449,8.605911330049262,1000000.0,490093094416.0,490292091208.0,10.0,203.0,1.0,198996792.0,203.0,0.0,203000000.0,1.0,2.0
2450,8.623115577889447,1000000.0,490293091000.0,490491091000.0,9.0,199.0,1.0,198000000.0,199.0,0.0,199000000.0,1.0,1.0
2451,8.5,1000000.0,490492094458.0,490691091000.0,9.0,202.0,1.0,198996542.0,202.0,0.0,202000000.0,1.0,2.0
2452,8.865671641791044,1000000.0,490692094458.0,490891091000.0,9.0,201.0,1.0,198996542.0,201.0,0.0,201000000.0,1.0,2.0
2453,8.757425742574258,1000000.0,490892094458.0,491092091000.0,10.0,202.0,1.0,199996542.0,202.0,0.0,202000000.0,1.0,2.0
2454,8.597014925373134,1000000.0,491093091000.0,491292091000.0,10.0,201.0,1.0,199000000.0,201.0,0.0,201000000.0,1.0,2.0
2455,8.618811881188119,1000000.0,491293094458.0,491492090958.0,9.0,202.0,1.0,198996500.0,202.0,0.0,202000000.0,1.0,2.0
2456,8.765,1000000.0,491493094416.0,491692091000.0,9.0,200.0,1.0,198996584.0,200.0,0.0,200000000.0,1.0,1.0
2457,8.64676616915423,1000000.0,491693094583.0,491892091083.0,10.0,201.0,1.0,198996500.0,201.0,0.0,201000000.0,1.0,2.0
2458,8.910891089108912,1000000.0,491893094375.0,492092091166.0,11.0,202.0,1.0,198996791.0,202.0,0.0,202000000.0,1.0,2.0
2459,8.628140703517587,1000000.0,492093094333.0,492291091000.0,9.0,199.0,1.0,197996667.0,199.0,0.0,199000000.0,1.0,1.0
2460,8.786069651741293,1000000.0,492292094291.0,492491091166.0,11.0,201.0,1.0,198996875.0,201.0,0.0,201000000.0,1.0,2.0
2461,8.55940594059406,1000000.0,492492094291.0,492691094541.0,9.0,202.0,1.0,199000250.0,202.0,0.0,202000000.0,1.0,2.0
2462,8.7363184079602,1000000.0,492692094375.0,492892091291.0,10.0,201.0,1.0,199996916.0,201.0,0.0,201000000.0,1.0,2.0
2463,9.025125628140705,1000000.0,492893091208.0,493091091208.0,10.0,199.0,1.0,198000000.0,199.0,0.0,199000000.0,1.0,1.0
2464,8.768472906403941,1000000.0,493092094416.0,493292091166.0,9.0,203.0,1.0,199996750.0,203.0,0.0,203000000.0,1.0,2.0
2465,8.94,1000000.0,493293094750.0,493491094500.0,9.0,200.0,1.0,197999750.0,200.0,0.0,200000000.0,1.0,2.0
2466,8.668316831683168,1000000.0,493492094250.0,493691091041.0,10.0,202.0,1.0,198996791.0,202.0,0.0,202000000.0,1.0,2.0
2467,7.103960396039604,1000000.0,493692094458.0,493892091041.0,9.0,202.0,1.0,199996583.0,202.0,0.0,202000000.0,1.0,2.0
2468,4.53960396039604,1000000.0,493893091166.0,494092091166.0,6.0,202.0,1.0,199000000.0,202.0,0.0,202000000.0,1.0,2.0
2469,4.8,1000000.0,494093094541.0,494291094583.0,6.0,200.0,1.0,198000042.0,200.0,0.0,200000000.0,1.0,2.0
2470,4.706467661691542,1000000.0,494292094500.0,494491094458.0,5.0,201.0,1.0,198999958.0,201.0,0.0,201000000.0,1.0,2.0
2471,4.617647058823529,1000000.0,494492094416.0,494692090958.0,5.0,204.0,1.0,199996542.0,204.0,0.0,204000000.0,1.0,2.0
2472,4.724137931034483,1000000.0,494693094500.0,494892091291.0,5.0,203.0,1.0,198996791.0,203.0,0.0,203000000.0,1.0,3.0
2473,4.605,1000000.0,494893094333.0,495091091000.0,5.0,200.0,1.0,197996667.0,200.0,0.0,200000000.0,1.0,2.0
2474,4.658415841584159,1000000.0,495092094416.0,495291091166.0,5.0,202.0,1.0,198996750.0,202.0,0.0,202000000.0,1.0,2.0
2475,4.306930693069307,1000000.0,495292094583.0,495492091083.0,5.0,202.0,1.0,199996500.0,202.0,0.0,202000000.0,1.0,2.0
2476,4.626865671641791,1000000.0,495493091000.0,495692091041.0,5.0,201.0,1.0,199000041.0,201.0,0.0,201000000.0,1.0,2.0
2477,4.816831683168317,1000000.0,495693094458.0,495892091250.0,6.0,202.0,1.0,198996792.0,202.0,0.0,202000000.0,1.0,2.0
2478,4.72636815920398,1000000.0,495893094458.0,496092091083.0,5.0,201.0,1.0,198996625.0,201.0,0.0,201000000.0,1.0,2.0
2479,4.635467980295567,1000000.0,496093094375.0,496292091208.0,6.0,203.0,1.0,198996833.0,203.0,0.0,203000000.0,1.0,2.0
2480,4.445,1000000.0,496293094541.0,496491091000.0,5.0,200.0,1.0,197996459.0,200.0,0.0,200000000.0,1.0,2.0
2481,4.417910447761194,1000000.0,496492094541.0,496691091083.0,5.0,201.0,1.0,198996542.0,201.0,0.0,201000000.0,1.0,2.0
2482,4.46039603960396,1000000.0,496692094541.0,496892091208.0,5.0,202.0,1.0,199996667.0,202.0,0.0,202000000.0,1.0,2.0
2483,4.606965174129353,1000000.0,496893094916.0,497092090958.0,6.0,201.0,1.0,198996042.0,201.0,0.0,201000000.0,1.0,2.0
2484,4.830845771144278,1000000.0,497093094375.0,497292091166.0,5.0,201.0,1.0,198996791.0,201.0,0.0,201000000.0,1.0,2.0
2485,4.785,1000000.0,497293094541.0,497491090958.0,8.0,200.0,1.0,197996417.0,200.0,0.0,200000000.0,1.0,2.0
2486,4.696517412935323,1000000.0,497492094625.0,497692091000.0,6.0,201.0,1.0,199996375.0,201.0,0.0,201000000.0,1.0,2.0
2487,4.63681592039801,1000000.0,497693091250.0,497892091041.0,5.0,201.0,1.0,198999791.0,201.0,0.0,201000000.0,1.0,2.0
2488,4.681592039800995,1000000.0,497893094333.0,498092091083.0,5.0,201.0,1.0,198996750.0,201.0,0.0,201000000.0,1.0,2.0
2489,4.541871921182266,1000000.0,498093094500.0,498292091000.0,6.0,203.0,1.0,198996500.0,203.0,0.0,203000000.0,1.0,2.0
2490,4.651741293532338,1000000.0,498293094333.0,498492091000.0,5.0,201.0,1.0,198996667.0,201.0,0.0,201000000.0,1.0,2.0
2491,4.592039800995025,1000000.0,498493094416.0,498691091041.0,5.0,201.0,1.0,197996625.0,201.0,0.0,201000000.0,1.0,2.0
2492,4.915841584158416,1000000.0,498692094583.0,498891091333.0,5.0,202.0,1.0,198996750.0,202.0,0.0,202000000.0,1.0,2.0
2493,4.725,1000000.0,498892094416.0,499091091041.0,5.0,200.0,1.0,198996625.0,200.0,0.0,200000000.0,1.0,1.0
2494,4.8059701492537314,1000000.0,499092094500.0,499291094416.0,6.0,201.0,1.0,198999916.0,201.0,0.0,201000000.0,1.0,2.0
2495,4.980099502487562,1000000.0,499292094375.0,499491091041.0,6.0,201.0,1.0,198996666.0,201.0,0.0,201000000.0,1.0,2.0
2496,4.621890547263682,1000000.0,499492094541.0,499691094291.0,5.0,201.0,1.0,198999750.0,201.0,0.0,201000000.0,1.0,2.0
2497,4.594059405940594,1000000.0,499692094416.0,499892091166.0,6.0,202.0,1.0,199996750.0,202.0,0.0,202000000.0,1.0,2.0
2498,4.83,1000000.0,499893094458.0,500091094416.0,5.0,200.0,1.0,197999958.0,200.0,0.0,200000000.0,1.0,2.0
2499,4.443349753694581,1000000.0,500092094541.0,500292091041.0,5.0,203.0,1.0,199996500.0,203.0,0.0,203000000.0,1.0,2.0
2500,4.791044776119403,1000000.0,500293094583.0,500491091041.0,6.0,201.0,1.0,197996458.0,201.0,0.0,201000000.0,1.0,2.0
2501,4.9054726368159205,1000000.0,500492094458.0,500691091041.0,5.0,201.0,1.0,198996583.0,201.0,0.0,201000000.0,1.0,2.0
2502,4.4926108374384235,1000000.0,500692094458.0,500892091125.0,6.0,203.0,1.0,199996667.0,203.0,0.0,203000000.0,1.0,3.0
2503,4.527363184079602,1000000.0,500893094333.0,501092091041.0,5.0,201.0,1.0,198996708.0,201.0,0.0,201000000.0,1.0,2.0
2504,4.58,1000000.0,501093094375.0,501291091250.0,5.0,200.0,1.0,197996875.0,200.0,0.0,200000000.0,1.0,2.0
2505,7.674876847290641,1000000.0,501292094458.0,501492091166.0,10.0,203.0,1.0,199996708.0,203.0,0.0,203000000.0,1.0,2.0
2506,8.975124378109452,1000000.0,501493091250.0,501691091041.0,11.0,201.0,1.0,197999791.0,201.0,0.0,201000000.0,1.0,2.0
2507,8.522388059701493,1000000.0,501692094416.0,501892091041.0,9.0,201.0,1.0,199996625.0,201.0,0.0,201000000.0,1.0,2.0
2508,8.633663366336634,1000000.0,501893094333.0,502092091083.0,9.0,202.0,1.0,198996750.0,202.0,0.0,202000000.0,1.0,2.0
2509,8.890547263681592,1000000.0,502093094458.0,502291091000.0,11.0,201.0,1.0,197996542.0,201.0,0.0,201000000.0,1.0,2.0
2510,8.915841584158416,1000000.0,502292094500.0,502492091250.0,9.0,202.0,1.0,199996750.0,202.0,0.0,202000000.0,1.0,2.0
2511,8.577114427860696,1000000.0,502493091500.0,502692091125.0,11.0,201.0,1.0,198999625.0,201.0,0.0,201000000.0,1.0,2.0
2512,8.81,1000000.0,502693091208.0,502891091166.0,9.0,200.0,1.0,197999958.0,200.0,0.0,200000000.0,1.0,2.0
2513,8.448275862068966,1000000.0,502892094458.0,503092091000.0,9.0,203.0,1.0,199996542.0,203.0,0.0,203000000.0,1.0,2.0
2514,8.515,1000000.0,503093094375.0,503291091041.0,9.0,200.0,1.0,197996666.0,200.0,0.0,200000000.0,1.0,2.0
2515,8.685,1000000.0,503292094291.0,503491091000.0,10.0,200.0,1.0,198996709.0,200.0,0.0,200000000.0,1.0,2.0
2516,8.91542288557214,1000000.0,503492094541.0,503691091041.0,9.0,201.0,1.0,198996500.0,201.0,0.0,201000000.0,1.0,2.0
2517,8.78921568627451,1000000.0,503692094500.0,503892090958.0,10.0,204.0,1.0,199996458.0,204.0,0.0,204000000.0,1.0,3.0
2518,8.775,1000000.0,503893094500.0,504091094333.0,9.0,200.0,1.0,197999833.0,200.0,0.0,200000000.0,1.0,2.0
2519,8.851485148514852,1000000.0,504092094458.0,504292090958.0,9.0,202.0,1.0,199996500.0,202.0,0.0,202000000.0,1.0,2.0
2520,8.38,1000000.0,504293094541.0,504492091000.0,9.0,200.0,1.0,198996459.0,200.0,0.0,200000000.0,1.0,2.0
2521,8.631840796019901,1000000.0,504493094458.0,504691091166.0,10.0,201.0,1.0,197996708.0,201.0,0.0,201000000.0,1.0,2.0
2522,8.782178217821782,1000000.0,504692094375.0,504891091000.0,10.0,202.0,1.0,198996625.0,202.0,0.0,202000000.0,1.0,2.0
2523,8.628712871287128,1000000.0,504892094375.0,505091091083.0,10.0,202.0,1.0,198996708.0,202.0,0.0,202000000.0,1.0,2.0
2524,8.592039800995025,1000000.0,505092094500.0,505291091041.0,9.0,201.0,1.0,198996541.0,201.0,0.0,201000000.0,1.0,2.0
2525,8.827586206896552,1000000.0,505292094250.0,505492091166.0,9.0,203.0,1.0,199996916.0,203.0,0.0,203000000.0,1.0,2.0
2526,8.517412935323383,1000000.0,505493091250.0,505691094375.0,9.0,201.0,1.0,198003125.0,201.0,0.0,201000000.0,1.0,2.0
2527,8.621890547263682,1000000.0,505692094458.0,505892091250.0,10.0,201.0,1.0,199996792.0,201.0,0.0,201000000.0,1.0,1.0
2528,8.77,1000000.0,505893094500.0,506091094291.0,9.0,200.0,1.0,197999791.0,200.0,0.0,200000000.0,1.0,2.0
2529,8.475,1000000.0,506092094291.0,506291094416.0,9.0,200.0,1.0,199000125.0,200.0,0.0,200000000.0,1.0,1.0
2530,8.557213930348258,1000000.0,506292094416.0,506491091083.0,9.0,201.0,1.0,198996667.0,201.0,0.0,201000000.0,1.0,2.0
2531,8.470297029702971,1000000.0,506492094416.0,506692091041.0,9.0,202.0,1.0,199996625.0,202.0,0.0,202000000.0,1.0,2.0
2532,8.507462686567164,1000000.0,506693094416.0,506892091041.0,10.0,201.0,1.0,198996625.0,201.0,0.0,201000000.0,1.0,2.0
2533,8.6,1000000.0,506893094333.0,507091091000.0,9.0,200.0,1.0,197996667.0,200.0,0.0,200000000.0,1.0,2.0
2534,8.831683168316832,1000000.0,507092094291.0,507291091000.0,9.0,202.0,1.0,198996709.0,202.0,0.0,202000000.0,1.0,2.0
2535,8.415841584158416,1000000.0,507292094375.0,507492091083.0,9.0,202.0,1.0,199996708.0,202.0,0.0,202000000.0,1.0,2.0
2536,8.631840796019901,1000000.0,507493091041.0,507692091125.0,10.0,201.0,1.0,199000084.0,201.0,0.0,201000000.0,1.0,2.0
2537,8.64676616915423,1000000.0,507693094375.0,507892091041.0,9.0,201.0,1.0,198996666.0,201.0,0.0,201000000.0,1.0,2.0
2538,8.711442786069652,1000000.0,507893094333.0,508092091041.0,9.0,201.0,1.0,198996708.0,201.0,0.0,201000000.0,1.0,2.0
2539,8.945273631840797,1000000.0,508093094416.0,508291094416.0,9.0,201.0,1.0,198000000.0,201.0,0.0,201000000.0,1.0,2.0
2540,8.772277227722773,1000000.0,508292094500.0,508491091041.0,9.0,202.0,1.0,198996541.0,202.0,0.0,202000000.0,1.0,2.0
2541,8.826732673267326,1000000.0,508492094500.0,508691091041.0,9.0,202.0,1.0,198996541.0,202.0,0.0,202000000.0,1.0,2.0
2542,7.323383084577115,1000000.0,508692094500.0,508892091333.0,9.0,201.0,1.0,199996833.0,201.0,0.0,201000000.0,1.0,1.0
2543,5.0,1000000.0,508893091291.0,509092091041.0,6.0,203.0,1.0,198999750.0,203.0,0.0,203000000.0,1.0,2.0
2544,4.791044776119403,1000000.0,509093094750.0,509291094625.0,6.0,201.0,1.0,197999875.0,201.0,0.0,201000000.0,1.0,2.0
2545,4.8606965174129355,1000000.0,509292094583.0,509491091208.0,7.0,201.0,1.0,198996625.0,201.0,0.0,201000000.0,1.0,2.0
2546,4.905940594059406,1000000.0,509492094583.0,509692091166.0,6.0,202.0,1.0,199996583.0,202.0,0.0,202000000.0,1.0,2.0
2547,4.731343283582089,1000000.0,509693094583.0,509892091041.0,5.0,201.0,1.0,198996458.0,201.0,0.0,201000000.0,1.0,2.0
2548,4.915,1000000.0,509893094500.0,510091091250.0,5.0,200.0,1.0,197996750.0,200.0,0.0,200000000.0,1.0,2.0
2549,4.715,1000000.0,510092094416.0,510291091125.0,5.0,200.0,1.0,198996709.0,200.0,0.0,200000000.0,1.0,1.0
2550,4.792079207920792,1000000.0,510292094458.0,510492091208.0,5.0,202.0,1.0,199996750.0,202.0,0.0,202000000.0,1.0,2.0
2551,4.5125628140703515,1000000.0,510493091208.0,510691091041.0,6.0,199.0,1.0,197999833.0,199.0,0.0,199000000.0,1.0,1.0
2552,4.797029702970297,1000000.0,510692094333.0,510892091333.0,5.0,202.0,1.0,199997000.0,202.0,0.0,202000000.0,1.0,2.0
2553,4.63681592039801,1000000.0,510893091166.0,511092091125.0,5.0,201.0,1.0,198999959.0,201.0,0.0,201000000.0,1.0,2.0
2554,4.68,1000000.0,511093094458.0,511291094500.0,5.0,200.0,1.0,198000042.0,200.0,0.0,200000000.0,1.0,2.0
2555,4.807881773399015,1000000.0,511292094375.0,511492091041.0,5.0,203.0,1.0,199996666.0,203.0,0.0,203000000.0,1.0,2.0
2556,4.621890547263682,1000000.0,511493091250.0,511691091208.0,5.0,201.0,1.0,197999958.0,201.0,0.0,201000000.0,1.0,2.0
2557,4.527363184079602,1000000.0,511692094333.0,511892091291.0,5.0,201.0,1.0,199996958.0,201.0,0.0,201000000.0,1.0,1.0
2558,4.8059701492537314,1000000.0,511893094458.0,512092091000.0,6.0,201.0,1.0,198996542.0,201.0,0.0,201000000.0,1.0,2.0
2559,4.688118811881188,1000000.0,512093094416.0,512291094541.0,5.0,202.0,1.0,198000125.0,202.0,0.0,202000000.0,1.0,2.0
2560,4.611940298507463,1000000.0,512292094375.0,512491094500.0,5.0,201.0,1.0,199000125.0,201.0,0.0,201000000.0,1.0,2.0
2561,5.074626865671642,1000000.0,512492094375.0,512691091375.0,8.0,201.0,1.0,198997000.0,201.0,0.0,201000000.0,1.0,2.0
2562,4.841584158415841,1000000.0,512692094500.0,512892091291.0,5.0,202.0,1.0,199996791.0,202.0,0.0,202000000.0,1.0,2.0
2563,4.646766169154229,1000000.0,512893091291.0,513092091041.0,6.0,201.0,1.0,198999750.0,201.0,0.0,201000000.0,1.0,2.0
2564,4.835,1000000.0,513093094333.0,513291091041.0,5.0,200.0,1.0,197996708.0,200.0,0.0,200000000.0,1.0,2.0
2565,4.730392156862745,1000000.0,513292094541.0,513492091416.0,6.0,204.0,1.0,199996875.0,204.0,0.0,204000000.0,1.0,3.0
2566,4.728643216080402,1000000.0,513493091041.0,513691091041.0,5.0,199.0,1.0,198000000.0,199.0,0.0,199000000.0,1.0,1.0
2567,4.796019900497512,1000000.0,513692094333.0,513891091250.0,6.0,201.0,1.0,198996917.0,201.0,0.0,201000000.0,1.0,2.0
2568,4.737623762376238,1000000.0,513892094541.0,514092091041.0,6.0,202.0,1.0,199996500.0,202.0,0.0,202000000.0,1.0,2.0
2569,4.9054726368159205,1000000.0,514093094416.0,514291091041.0,6.0,201.0,1.0,197996625.0,201.0,0.0,201000000.0,1.0,2.0
2570,4.748768472906404,1000000.0,514292094458.0,514492091291.0,6.0,203.0,1.0,199996833.0,203.0,0.0,203000000.0,1.0,2.0
2571,4.880597014925373,1000000.0,514493091166.0,514692091000.0,6.0,201.0,1.0,198999834.0,201.0,0.0,201000000.0,1.0,2.0
2572,4.388059701492537,1000000.0,514693091375.0,514891091375.0,6.0,201.0,1.0,198000000.0,201.0,0.0,201000000.0,1.0,2.0
2573,4.678217821782178,1000000.0,514892094500.0,515092091000.0,5.0,202.0,1.0,199996500.0,202.0,0.0,202000000.0,1.0,2.0
2574,4.606965174129353,1000000.0,515093094375.0,515292091125.0,5.0,201.0,1.0,198996750.0,201.0,0.0,201000000.0,1.0,2.0
2575,4.655,1000000.0,515293091166.0,515492091250.0,5.0,200.0,1.0,199000084.0,200.0,0.0,200000000.0,1.0,1.0
2576,4.665,1000000.0,515493094458.0,515691091375.0,6.0,200.0,1.0,197996917.0,200.0,0.0,200000000.0,1.0,2.0
2577,4.836633663366337,1000000.0,515692094208.0,515892091250.0,5.0,202.0,1.0,199997042.0,202.0,0.0,202000000.0,1.0,2.0
2578,4.615,1000000.0,515893094458.0,516091091208.0,5.0,200.0,1.0,197996750.0,200.0,0.0,200000000.0,1.0,2.0
2579,4.699507389162561,1000000.0,516092094458.0,516292091041.0,5.0,203.0,1.0,199996583.0,203.0,0.0,203000000.0,1.0,2.0
2580,7.738916256157635,1000000.0,516293094291.0,516492091041.0,11.0,203.0,1.0,198996750.0,203.0,0.0,203000000.0,1.0,2.0
2581,8.525,1000000.0,516493094541.0,516691091333.0,10.0,200.0,1.0,197996792.0,200.0,0.0,200000000.0,1.0,2.0
2582,8.886138613861386,1000000.0,516692094500.0,516892091083.0,10.0,202.0,1.0,199996583.0,202.0,0.0,202000000.0,1.0,2.0
2583,8.792079207920793,1000000.0,516893094541.0,517092091041.0,10.0,202.0,1.0,198996500.0,202.0,0.0,202000000.0,1.0,2.0
2584,8.738693467336683,1000000.0,517093094416.0,517291091041.0,10.0,199.0,1.0,197996625.0,199.0,0.0,199000000.0,1.0,1.0
2585,8.715,1000000.0,517292094583.0,517491094333.0,9.0,200.0,1.0,198999750.0,200.0,0.0,200000000.0,1.0,1.0
2586,8.696517412935323,1000000.0,517492094333.0,517691090958.0,10.0,201.0,1.0,198996625.0,201.0,0.0,201000000.0,1.0,2.0
2587,8.965346534653465,1000000.0,517692094500.0,517892091208.0,10.0,202.0,1.0,199996708.0,202.0,0.0,202000000.0,1.0,2.0
2588,8.616915422885572,1000000.0,517893091000.0,518092091041.0,9.0,201.0,1.0,199000041.0,201.0,0.0,201000000.0,1.0,2.0
2589,8.695,1000000.0,518093094416.0,518291091000.0,9.0,200.0,1.0,197996584.0,200.0,0.0,200000000.0,1.0,2.0
2590,8.848039215686274,1000000.0,518292094458.0,518491091333.0,10.0,204.0,1.0,198996875.0,204.0,0.0,204000000.0,1.0,2.0
2591,8.53960396039604,1000000.0,518492094666.0,518692091041.0,9.0,202.0,1.0,199996375.0,202.0,0.0,202000000.0,1.0,2.0
2592,8.555,1000000.0,518693094500.0,518891094375.0,10.0,200.0,1.0,197999875.0,200.0,0.0,200000000.0,1.0,2.0
2593,8.261083743842365,1000000.0,518892094458.0,519092091250.0,9.0,203.0,1.0,199996792.0,203.0,0.0,203000000.0,1.0,2.0
2594,8.5678391959799,1000000.0,519093094500.0,519291094291.0,10.0,199.0,1.0,197999791.0,199.0,0.0,199000000.0,1.0,1.0
2595,8.711442786069652,1000000.0,519292094416.0,519491091083.0,9.0,201.0,1.0,198996667.0,201.0,0.0,201000000.0,1.0,2.0
2596,8.642156862745098,1000000.0,519492094458.0,519692091041.0,9.0,204.0,1.0,199996583.0,204.0,0.0,204000000.0,1.0,2.0
2597,8.815,1000000.0,519693094458.0,519892091125.0,9.0,200.0,1.0,198996667.0,200.0,0.0,200000000.0,1.0,1.0
2598,8.737623762376238,1000000.0,519893094500.0,520092091166.0,10.0,202.0,1.0,198996666.0,202.0,0.0,202000000.0,1.0,2.0
2599,8.78,1000000.0,520093094541.0,520291091000.0,11.0,200.0,1.0,197996459.0,200.0,0.0,200000000.0,1.0,2.0
2600,8.681592039800995,1000000.0,520292094458.0,520491094500.0,9.0,201.0,1.0,199000042.0,201.0,0.0,201000000.0,1.0,2.0
2601,8.656716417910447,1000000.0,520492094458.0,520691091125.0,9.0,201.0,1.0,198996667.0,201.0,0.0,201000000.0,1.0,2.0
2602,8.83743842364532,1000000.0,520692094416.0,520892091208.0,9.0,203.0,1.0,199996792.0,203.0,0.0,203000000.0,1.0,3.0
2603,8.653465346534654,1000000.0,520893094500.0,521092091041.0,10.0,202.0,1.0,198996541.0,202.0,0.0,202000000.0,1.0,2.0
2604,8.768844221105528,1000000.0,521093094333.0,521291091000.0,9.0,199.0,1.0,197996667.0,199.0,0.0,199000000.0,1.0,2.0
2605,8.527363184079602,1000000.0,521292094333.0,521491091041.0,9.0,201.0,1.0,198996708.0,201.0,0.0,201000000.0,1.0,2.0
2606,8.601990049751244,1000000.0,521492094333.0,521691094458.0,9.0,201.0,1.0,199000125.0,201.0,0.0,201000000.0,1.0,2.0
2607,8.733990147783251,1000000.0,521692094500.0,521892091083.0,10.0,203.0,1.0,199996583.0,203.0,0.0,203000000.0,1.0,3.0
2608,8.43,1000000.0,521893094583.0,522091091083.0,9.0,200.0,1.0,197996500.0,200.0,0.0,200000000.0,1.0,2.0
2609,8.594059405940595,1000000.0,522092094500.0,522292091250.0,9.0,202.0,1.0,199996750.0,202.0,0.0,202000000.0,1.0,2.0
2610,8.691542288557214,1000000.0,522293094583.0,522491094708.0,9.0,201.0,1.0,198000125.0,201.0,0.0,201000000.0,1.0,2.0
2611,8.81592039800995,1000000.0,522492094416.0,522691091083.0,10.0,201.0,1.0,198996667.0,201.0,0.0,201000000.0,1.0,2.0
2612,9.094059405940596,1000000.0,522692094291.0,522892091041.0,11.0,202.0,1.0,199996750.0,202.0,0.0,202000000.0,1.0,2.0
2613,8.722772277227723,1000000.0,522893091250.0,523092091416.0,9.0,202.0,1.0,199000166.0,202.0,0.0,202000000.0,1.0,2.0
2614,8.615,1000000.0,523093091166.0,523292090958.0,10.0,200.0,1.0,198999792.0,200.0,0.0,200000000.0,1.0,2.0
2615,8.585,1000000.0,523293094291.0,523491091000.0,9.0,200.0,1.0,197996709.0,200.0,0.0,200000000.0,1.0,2.0
2616,8.816831683168317,1000000.0,523492094458.0,523691091291.0,10.0,202.0,1.0,198996833.0,202.0,0.0,202000000.0,1.0,2.0
2617,7.465346534653466,1000000.0,523692094416.0,523892091000.0,9.0,202.0,1.0,199996584.0,202.0,0.0,202000000.0,1.0,3.0
2618,4.63681592039801,1000000.0,523893091208.0,524092091041.0,5.0,201.0,1.0,198999833.0,201.0,0.0,201000000.0,1.0,2.0
2619,4.7254901960784315,1000000.0,524093094500.0,524292091333.0,6.0,204.0,1.0,198996833.0,204.0,0.0,204000000.0,1.0,2.0
2620,4.8,1000000.0,524293094583.0,524491091250.0,5.0,200.0,1.0,197996667.0,200.0,0.0,200000000.0,1.0,2.0
2621,5.115,1000000.0,524492094416.0,524691094583.0,6.0,200.0,1.0,199000167.0,200.0,0.0,200000000.0,1.0,2.0
2622,4.727722772277228,1000000.0,524692094458.0,524891090958.0,6.0,202.0,1.0,198996500.0,202.0,0.0,202000000.0,1.0,2.0
2623,4.445544554455446,1000000.0,524892094500.0,525092091208.0,6.0,202.0,1.0,199996708.0,202.0,0.0,202000000.0,1.0,2.0
2624,4.69,1000000.0,525093091250.0,525292091000.0,5.0,200.0,1.0,198999750.0,200.0,0.0,200000000.0,1.0,1.0
2625,4.66,1000000.0,525293094416.0,525491091041.0,5.0,200.0,1.0,197996625.0,200.0,0.0,200000000.0,1.0,2.0
2626,4.731343283582089,1000000.0,525492094541.0,525691090958.0,5.0,201.0,1.0,198996417.0,201.0,0.0,201000000.0,1.0,2.0
2627,4.656716417910448,1000000.0,525692094458.0,525892091291.0,5.0,201.0,1.0,199996833.0,201.0,0.0,201000000.0,1.0,1.0
2628,4.856435643564357,1000000.0,525893094458.0,526092091041.0,6.0,202.0,1.0,198996583.0,202.0,0.0,202000000.0,1.0,2.0
2629,4.788944723618091,1000000.0,526093094541.0,526291094500.0,5.0,199.0,1.0,197999959.0,199.0,0.0,199000000.0,1.0,2.0
2630,4.595,1000000.0,526292094583.0,526491091041.0,5.0,200.0,1.0,198996458.0,200.0,0.0,200000000.0,1.0,1.0
2631,4.876237623762377,1000000.0,526492094583.0,526692091750.0,6.0,202.0,1.0,199997167.0,202.0,0.0,202000000.0,1.0,2.0
2632,4.835,1000000.0,526693094625.0,526891094625.0,7.0,200.0,1.0,198000000.0,200.0,0.0,200000000.0,1.0,2.0
2633,4.733990147783251,1000000.0,526892094541.0,527092091083.0,6.0,203.0,1.0,199996542.0,203.0,0.0,203000000.0,1.0,3.0
2634,4.455,1000000.0,527093094458.0,527291094500.0,5.0,200.0,1.0,198000042.0,200.0,0.0,200000000.0,1.0,2.0
2635,4.706467661691542,1000000.0,527292094583.0,527491091166.0,5.0,201.0,1.0,198996583.0,201.0,0.0,201000000.0,1.0,2.0
2636,4.472636815920398,1000000.0,527492094500.0,527691091083.0,5.0,201.0,1.0,198996583.0,201.0,0.0,201000000.0,1.0,2.0
2637,4.477611940298507,1000000.0,527692094500.0,527891091208.0,6.0,201.0,1.0,198996708.0,201.0,0.0,201000000.0,1.0,2.0
2638,4.618811881188119,1000000.0,527892094500.0,528091091125.0,5.0,202.0,1.0,198996625.0,202.0,0.0,202000000.0,1.0,2.0
2639,4.646766169154229,1000000.0,528092094458.0,528291091000.0,7.0,201.0,1.0,198996542.0,201.0,0.0,201000000.0,1.0,2.0
2640,4.564356435643564,1000000.0,528292094500.0,528492091041.0,5.0,202.0,1.0,199996541.0,202.0,0.0,202000000.0,1.0,2.0
2641,4.752475247524752,1000000.0,528493091041.0,528692091416.0,5.0,202.0,1.0,199000375.0,202.0,0.0,202000000.0,1.0,2.0
2642,4.51010101010101,1000000.0,528693091208.0,528891094416.0,5.0,198.0,1.0,198003208.0,198.0,0.0,198000000.0,1.0,1.0
2643,4.608910891089109,1000000.0,528892094416.0,529092091083.0,6.0,202.0,1.0,199996667.0,202.0,0.0,202000000.0,1.0,2.0
2644,4.676616915422885,1000000.0,529093091000.0,529291091000.0,6.0,201.0,1.0,198000000.0,201.0,0.0,201000000.0,1.0,2.0
2645,4.601990049751244,1000000.0,529292094541.0,529491090958.0,6.0,201.0,1.0,198996417.0,201.0,0.0,201000000.0,1.0,2.0
2646,4.4926108374384235,1000000.0,529492094541.0,529692091000.0,5.0,203.0,1.0,199996459.0,203.0,0.0,203000000.0,1.0,2.0
2647,4.766169154228856,1000000.0,529693091125.0,529892091083.0,5.0,201.0,1.0,198999958.0,201.0,0.0,201000000.0,1.0,2.0
2648,4.407960199004975,1000000.0,529893094583.0,530092091166.0,5.0,201.0,1.0,198996583.0,201.0,0.0,201000000.0,1.0,2.0
2649,4.63681592039801,1000000.0,530093094458.0,530292091208.0,5.0,201.0,1.0,198996750.0,201.0,0.0,201000000.0,1.0,2.0
2650,4.850746268656716,1000000.0,530293091416.0,530491094416.0,5.0,201.0,1.0,198003000.0,201.0,0.0,201000000.0,1.0,2.0
2651,4.782178217821782,1000000.0,530492094458.0,530692091000.0,6.0,202.0,1.0,199996542.0,202.0,0.0,202000000.0,1.0,2.0
2652,4.723618090452261,1000000.0,530693094416.0,530892091166.0,5.0,199.0,1.0,198996750.0,199.0,0.0,199000000.0,1.0,2.0
2653,4.676616915422885,1000000.0,530893091333.0,531091094541.0,6.0,201.0,1.0,198003208.0,201.0,0.0,201000000.0,1.0,2.0
2654,4.626865671641791,1000000.0,531092094541.0,531291094416.0,5.0,201.0,1.0,198999875.0,201.0,0.0,201000000.0,1.0,2.0
2655,7.931372549019608,1000000.0,531292094500.0,531492091083.0,10.0,204.0,1.0,199996583.0,204.0,0.0,204000000.0,1.0,2.0
2656,8.707920792079207,1000000.0,531493094375.0,531691094500.0,9.0,202.0,1.0,198000125.0,202.0,0.0,202000000.0,1.0,2.0
2657,8.782178217821782,1000000.0,531692094458.0,531891091125.0,10.0,202.0,1.0,198996667.0,202.0,0.0,202000000.0,1.0,2.0
2658,8.814070351758794,1000000.0,531892094416.0,532091094583.0,10.0,199.0,1.0,199000167.0,199.0,0.0,199000000.0,1.0,2.0
2659,8.648514851485148,1000000.0,532092094625.0,532292091000.0,9.0,202.0,1.0,199996375.0,202.0,0.0,202000000.0,1.0,2.0
2660,8.415,1000000.0,532293094458.0,532491094500.0,9.0,200.0,1.0,198000042.0,200.0,0.0,200000000.0,1.0,2.0
2661,8.35323383084577,1000000.0,532492094583.0,532692091125.0,9.0,201.0,1.0,199996542.0,201.0,0.0,201000000.0,1.0,1.0
2662,8.881188118811881,1000000.0,532693091166.0,532892091208.0,11.0,202.0,1.0,199000042.0,202.0,0.0,202000000.0,1.0,2.0
2663,8.761194029850746,1000000.0,532893091125.0,533091094583.0,10.0,201.0,1.0,198003458.0,201.0,0.0,201000000.0,1.0,2.0
2664,8.660098522167488,1000000.0,533092094375.0,533292091083.0,9.0,203.0,1.0,199996708.0,203.0,0.0,203000000.0,1.0,2.0
2665,8.970149253731343,1000000.0,533293094500.0,533492091000.0,11.0,201.0,1.0,198996500.0,201.0,0.0,201000000.0,1.0,2.0
2666,8.775,1000000.0,533493094416.0,533691094583.0,9.0,200.0,1.0,198000167.0,200.0,0.0,200000000.0,1.0,2.0
2667,8.815,1000000.0,533692094666.0,533891094458.0,9.0,200.0,1.0,198999792.0,200.0,0.0,200000000.0,1.0,1.0
2668,8.648514851485148,1000000.0,533892094458.0,534092091166.0,10.0,202.0,1.0,199996708.0,202.0,0.0,202000000.0,1.0,2.0
2669,8.562189054726367,1000000.0,534093094500.0,534292091125.0,9.0,201.0,1.0,198996625.0,201.0,0.0,201000000.0,1.0,2.0
2670,8.84,1000000.0,534293094375.0,534491091125.0,10.0,200.0,1.0,197996750.0,200.0,0.0,200000000.0,1.0,2.0
2671,8.781094527363184,1000000.0,534492094541.0,534691091125.0,9.0,201.0,1.0,198996584.0,201.0,0.0,201000000.0,1.0,2.0
2672,8.896039603960396,1000000.0,534692094375.0,534892091041.0,9.0,202.0,1.0,199996666.0,202.0,0.0,202000000.0,1.0,2.0
2673,8.733668341708542,1000000.0,534893091000.0,535091094333.0,10.0,199.0,1.0,198003333.0,199.0,0.0,199000000.0,1.0,1.0
2674,8.618811881188119,1000000.0,535092094375.0,535292091000.0,9.0,202.0,1.0,199996625.0,202.0,0.0,202000000.0,1.0,2.0
2675,8.81,1000000.0,535293094500.0,535491091125.0,9.0,200.0,1.0,197996625.0,200.0,0.0,200000000.0,1.0,2.0
2676,8.663366336633663,1000000.0,535492094416.0,535692091000.0,10.0,202.0,1.0,199996584.0,202.0,0.0,202000000.0,1.0,2.0
2677,8.73134328358209,1000000.0,535693094333.0,535892091166.0,9.0,201.0,1.0,198996833.0,201.0,0.0,201000000.0,1.0,2.0
2678,8.83,1000000.0,535893094458.0,536091091000.0,9.0,200.0,1.0,197996542.0,200.0,0.0,200000000.0,1.0,2.0
2679,8.53960396039604,1000000.0,536092096208.0,536291091041.0,10.0,202.0,1.0,198994833.0,202.0,0.0,202000000.0,1.0,2.0
2680,8.656716417910447,1000000.0,536292094458.0,536491091000.0,10.0,201.0,1.0,198996542.0,201.0,0.0,201000000.0,1.0,2.0
2681,8.92039800995025,1000000.0,536492094500.0,536691091000.0,10.0,201.0,1.0,198996500.0,201.0,0.0,201000000.0,1.0,2.0
2682,8.628712871287128,1000000.0,536692094250.0,536892091125.0,10.0,202.0,1.0,199996875.0,202.0,0.0,202000000.0,1.0,2.0
2683,8.547738693467336,1000000.0,536893091208.0,537091091083.0,10.0,199.0,1.0,197999875.0,199.0,0.0,199000000.0,1.0,2.0
2684,8.762376237623762,1000000.0,537092094500.0,537292091000.0,10.0,202.0,1.0,199996500.0,202.0,0.0,202000000.0,1.0,2.0
2685,8.77,1000000.0,537293091208.0,537491091208.0,10.0,200.0,1.0,198000000.0,200.0,0.0,200000000.0,1.0,2.0
2686,8.642156862745098,1000000.0,537492094958.0,537692091083.0,10.0,204.0,1.0,199996125.0,204.0,0.0,204000000.0,1.0,2.0
2687,8.505,1000000.0,537693091166.0,537892091250.0,10.0,200.0,1.0,199000084.0,200.0,0.0,200000000.0,1.0,2.0
2688,8.855721393034825,1000000.0,537893091250.0,538092091125.0,9.0,201.0,1.0,198999875.0,201.0,0.0,201000000.0,1.0,2.0
2689,8.766169154228855,1000000.0,538093091041.0,538292091208.0,10.0,201.0,1.0,199000167.0,201.0,0.0,201000000.0,1.0,2.0
2690,8.811881188118813,1000000.0,538293091041.0,538491091083.0,9.0,202.0,1.0,198000042.0,202.0,0.0,202000000.0,1.0,2.0
2691,8.527363184079602,1000000.0,538492094500.0,538691094458.0,10.0,201.0,1.0,198999958.0,201.0,0.0,201000000.0,1.0,2.0
2692,7.386138613861387,1000000.0,538692094250.0,538892091000.0,9.0,202.0,1.0,199996750.0,202.0,0.0,202000000.0,1.0,2.0
2693,4.702970297029703,1000000.0,538893091291.0,539092091083.0,7.0,202.0,1.0,198999792.0,202.0,0.0,202000000.0,1.0,2.0
2694,4.661691542288557,1000000.0,539093094458.0,539291094583.0,6.0,201.0,1.0,198000125.0,201.0,0.0,201000000.0,1.0,2.0
2695,4.797029702970297,1000000.0,539292094375.0,539491094458.0,5.0,202.0,1.0,199000083.0,202.0,0.0,202000000.0,1.0,2.0
2696,4.851485148514851,1000000.0,539492094416.0,539692091000.0,5.0,202.0,1.0,199996584.0,202.0,0.0,202000000.0,1.0,2.0
2697,4.651741293532338,1000000.0,539693094458.0,539892091250.0,5.0,201.0,1.0,198996792.0,201.0,0.0,201000000.0,1.0,2.0
2698,4.625,1000000.0,539893094416.0,540091094500.0,6.0,200.0,1.0,198000084.0,200.0,0.0,200000000.0,1.0,2.0
2699,4.791044776119403,1000000.0,540092094416.0,540291091000.0,5.0,201.0,1.0,198996584.0,201.0,0.0,201000000.0,1.0,2.0
2700,4.801980198019802,1000000.0,540292094500.0,540492091208.0,6.0,202.0,1.0,199996708.0,202.0,0.0,202000000.0,1.0,2.0
2701,4.72636815920398,1000000.0,540493091083.0,540692091083.0,6.0,201.0,1.0,199000000.0,201.0,0.0,201000000.0,1.0,2.0
2702,4.545,1000000.0,540693094500.0,540892091166.0,6.0,200.0,1.0,198996666.0,200.0,0.0,200000000.0,1.0,2.0
2703,4.641791044776119,1000000.0,540893094500.0,541092091291.0,5.0,201.0,1.0,198996791.0,201.0,0.0,201000000.0,1.0,2.0
2704,4.47,1000000.0,541093094541.0,541291094458.0,5.0,200.0,1.0,197999917.0,200.0,0.0,200000000.0,1.0,2.0
2705,4.861386138613861,1000000.0,541292094291.0,541492091166.0,6.0,202.0,1.0,199996875.0,202.0,0.0,202000000.0,1.0,2.0
2706,4.542713567839196,1000000.0,541493091125.0,541691091041.0,5.0,199.0,1.0,197999916.0,199.0,0.0,199000000.0,1.0,1.0
2707,4.57,1000000.0,541692094375.0,541891091250.0,5.0,200.0,1.0,198996875.0,200.0,0.0,200000000.0,1.0,1.0
2708,4.712871287128713,1000000.0,541892094458.0,542091091166.0,5.0,202.0,1.0,198996708.0,202.0,0.0,202000000.0,1.0,2.0
2709,4.698019801980198,1000000.0,542092094416.0,542291094458.0,5.0,202.0,1.0,199000042.0,202.0,0.0,202000000.0,1.0,2.0
2710,4.601990049751244,1000000.0,542292094416.0,542492090958.0,6.0,201.0,1.0,199996542.0,201.0,0.0,201000000.0,1.0,1.0
2711,4.686567164179104,1000000.0,542493094458.0,542691091250.0,5.0,201.0,1.0,197996792.0,201.0,0.0,201000000.0,1.0,2.0
2712,4.8817733990147785,1000000.0,542692094416.0,542892091375.0,7.0,203.0,1.0,199996959.0,203.0,0.0,203000000.0,1.0,2.0
2713,4.6600985221674875,1000000.0,542893094291.0,543092091083.0,7.0,203.0,1.0,198996792.0,203.0,0.0,203000000.0,1.0,2.0
2714,4.497536945812808,1000000.0,543093091000.0,543292090916.0,6.0,203.0,1.0,198999916.0,203.0,0.0,203000000.0,1.0,2.0
2715,4.587064676616915,1000000.0,543293094583.0,543492091041.0,5.0,201.0,1.0,198996458.0,201.0,0.0,201000000.0,1.0,2.0
2716,4.695,1000000.0,543493091166.0,543691094458.0,5.0,200.0,1.0,198003292.0,200.0,0.0,200000000.0,1.0,2.0
2717,4.773399014778325,1000000.0,543692094625.0,543892091083.0,5.0,203.0,1.0,199996458.0,203.0,0.0,203000000.0,1.0,2.0
2718,4.91044776119403,1000000.0,543893094500.0,544091094000.0,7.0,201.0,1.0,197999500.0,201.0,0.0,201000000.0,1.0,2.0
2719,4.399014778325123,1000000.0,544092094500.0,544292091375.0,6.0,203.0,1.0,199996875.0,203.0,0.0,203000000.0,1.0,2.0
2720,4.7164179104477615,1000000.0,544293091041.0,544492091166.0,6.0,201.0,1.0,199000125.0,201.0,0.0,201000000.0,1.0,2.0
2721,4.592039800995025,1000000.0,544493094375.0,544692091083.0,5.0,201.0,1.0,198996708.0,201.0,0.0,201000000.0,1.0,2.0
2722,4.93,1000000.0,544693094500.0,544892091333.0,5.0,200.0,1.0,198996833.0,200.0,0.0,200000000.0,1.0,2.0
2723,4.517412935323383,1000000.0,544893094416.0,545092091125.0,5.0,201.0,1.0,198996709.0,201.0,0.0,201000000.0,1.0,2.0
2724,4.87,1000000.0,545093094500.0,545292091166.0,7.0,200.0,1.0,198996666.0,200.0,0.0,200000000.0,1.0,2.0
2725,4.65,1000000.0,545293094416.0,545491091083.0,6.0,200.0,1.0,197996667.0,200.0,0.0,200000000.0,1.0,2.0
2726,4.746268656716418,1000000.0,545492094458.0,545691091125.0,5.0,201.0,1.0,198996667.0,201.0,0.0,201000000.0,1.0,2.0
2727,4.683168316831683,1000000.0,545692094416.0,545892091041.0,5.0,202.0,1.0,199996625.0,202.0,0.0,202000000.0,1.0,2.0
2728,4.579207920792079,1000000.0,545893091250.0,546092091083.0,5.0,202.0,1.0,198999833.0,202.0,0.0,202000000.0,1.0,2.0
2729,4.791044776119403,1000000.0,546093094458.0,546292091208.0,6.0,201.0,1.0,198996750.0,201.0,0.0,201000000.0,1.0,2.0
2730,7.925373134328358,1000000.0,546293094625.0,546491091250.0,10.0,201.0,1.0,197996625.0,201.0,0.0,201000000.0,1.0,2.0
2731,8.582089552238806,1000000.0,546492094583.0,546691094458.0,9.0,201.0,1.0,198999875.0,201.0,0.0,201000000.0,1.0,2.0
2732,8.845771144278608,1000000.0,546692094333.0,546892091208.0,10.0,201.0,1.0,199996875.0,201.0,0.0,201000000.0,1.0,2.0
2733,8.831683168316832,1000000.0,546893094416.0,547092090958.0,9.0,202.0,1.0,198996542.0,202.0,0.0,202000000.0,1.0,2.0
2734,8.603960396039604,1000000.0,547093094416.0,547292091208.0,9.0,202.0,1.0,198996792.0,202.0,0.0,202000000.0,1.0,2.0
2735,8.82,1000000.0,547293094500.0,547491094333.0,11.0,200.0,1.0,197999833.0,200.0,0.0,200000000.0,1.0,2.0
2736,8.648514851485148,1000000.0,547492094416.0,547692091166.0,10.0,202.0,1.0,199996750.0,202.0,0.0,202000000.0,1.0,2.0
2737,8.860696517412935,1000000.0,547693091291.0,547892091208.0,10.0,201.0,1.0,198999917.0,201.0,0.0,201000000.0,1.0,2.0
2738,8.502487562189055,1000000.0,547893094541.0,548092091000.0,10.0,201.0,1.0,198996459.0,201.0,0.0,201000000.0,1.0,2.0
2739,8.574257425742575,1000000.0,548093094458.0,548292091000.0,10.0,202.0,1.0,198996542.0,202.0,0.0,202000000.0,1.0,2.0
2740,8.845771144278608,1000000.0,548293094416.0,548491094500.0,10.0,201.0,1.0,198000084.0,201.0,0.0,201000000.0,1.0,2.0
2741,8.656716417910447,1000000.0,548492094375.0,548691094375.0,9.0,201.0,1.0,199000000.0,201.0,0.0,201000000.0,1.0,2.0
2742,8.603960396039604,1000000.0,548692094333.0,548892091125.0,10.0,202.0,1.0,199996792.0,202.0,0.0,202000000.0,1.0,2.0
2743,8.743718592964823,1000000.0,548893094500.0,549091094625.0,9.0,199.0,1.0,198000125.0,199.0,0.0,199000000.0,1.0,1.0
2744,8.610837438423646,1000000.0,549092094541.0,549292091041.0,9.0,203.0,1.0,199996500.0,203.0,0.0,203000000.0,1.0,2.0
2745,8.696517412935323,1000000.0,549293094458.0,549491094375.0,9.0,201.0,1.0,197999917.0,201.0,0.0,201000000.0,1.0,2.0
2746,8.587064676616915,1000000.0,549492094333.0,549691091083.0,9.0,201.0,1.0,198996750.0,201.0,0.0,201000000.0,1.0,2.0
2747,8.673267326732674,1000000.0,549692094416.0,549892091166.0,10.0,202.0,1.0,199996750.0,202.0,0.0,202000000.0,1.0,2.0
2748,8.712871287128714,1000000.0,549893091375.0,550092091083.0,10.0,202.0,1.0,198999708.0,202.0,0.0,202000000.0,1.0,2.0
2749,8.665,1000000.0,550093094500.0,550291094291.0,9.0,200.0,1.0,197999791.0,200.0,0.0,200000000.0,1.0,2.0
2750,8.661691542288557,1000000.0,550292094458.0,550491091041.0,9.0,201.0,1.0,198996583.0,201.0,0.0,201000000.0,1.0,2.0
2751,8.835820895522389,1000000.0,550492094333.0,550691091083.0,9.0,201.0,1.0,198996750.0,201.0,0.0,201000000.0,1.0,2.0
2752,8.594059405940595,1000000.0,550692094333.0,550892091208.0,9.0,202.0,1.0,199996875.0,202.0,0.0,202000000.0,1.0,2.0
2753,9.05,1000000.0,550893091250.0,551091094458.0,10.0,200.0,1.0,198003208.0,200.0,0.0,200000000.0,1.0,2.0
2754,8.786069651741293,1000000.0,551092094500.0,551292091000.0,9.0,201.0,1.0,199996500.0,201.0,0.0,201000000.0,1.0,2.0
2755,8.81,1000000.0,551293094541.0,551492091041.0,10.0,200.0,1.0,198996500.0,200.0,0.0,200000000.0,1.0,1.0
2756,8.47,1000000.0,551493094333.0,551691094500.0,9.0,200.0,1.0,198000167.0,200.0,0.0,200000000.0,1.0,2.0
2757,8.757425742574258,1000000.0,551692094500.0,551891091000.0,9.0,202.0,1.0,198996500.0,202.0,0.0,202000000.0,1.0,2.0
2758,8.495049504950495,1000000.0,551892094500.0,552092091166.0,9.0,202.0,1.0,199996666.0,202.0,0.0,202000000.0,1.0,2.0
2759,8.82089552238806,1000000.0,552093091166.0,552292091041.0,11.0,201.0,1.0,198999875.0,201.0,0.0,201000000.0,1.0,2.0
2760,8.895,1000000.0,552293091250.0,552491091208.0,9.0,200.0,1.0,197999958.0,200.0,0.0,200000000.0,1.0,2.0
2761,8.597014925373134,1000000.0,552492094583.0,552691094375.0,9.0,201.0,1.0,198999792.0,201.0,0.0,201000000.0,1.0,2.0
2762,8.856435643564357,1000000.0,552692094500.0,552892091000.0,10.0,202.0,1.0,199996500.0,202.0,0.0,202000000.0,1.0,2.0
2763,9.173267326732674,1000000.0,552893094375.0,553091091250.0,11.0,202.0,1.0,197996875.0,202.0,0.0,202000000.0,1.0,2.0
2764,9.102941176470589,1000000.0,553092094541.0,553292091125.0,10.0,204.0,1.0,199996584.0,204.0,0.0,204000000.0,1.0,2.0
2765,8.606965174129353,1000000.0,553293094541.0,553491094583.0,10.0,201.0,1.0,198000042.0,201.0,0.0,201000000.0,1.0,2.0
2766,8.891089108910892,1000000.0,553492094291.0,553692091083.0,11.0,202.0,1.0,199996792.0,202.0,0.0,202000000.0,1.0,2.0
2767,7.205,1000000.0,553693094541.0,553892091208.0,9.0,200.0,1.0,198996667.0,200.0,0.0,200000000.0,1.0,2.0
2768,4.9950248756218905,1000000.0,553893094458.0,554091091000.0,6.0,201.0,1.0,197996542.0,201.0,0.0,201000000.0,1.0,2.0
2769,5.154228855721393,1000000.0,554092094291.0,554292091125.0,7.0,201.0,1.0,199996834.0,201.0,0.0,201000000.0,1.0,2.0
2770,4.5376884422110555,1000000.0,554293094500.0,554491094500.0,5.0,199.0,1.0,198000000.0,199.0,0.0,199000000.0,1.0,2.0
2771,5.189054726368159,1000000.0,554492094375.0,554691091125.0,7.0,201.0,1.0,198996750.0,201.0,0.0,201000000.0,1.0,2.0
2772,5.054726368159204,1000000.0,554692094458.0,554891091125.0,6.0,201.0,1.0,198996667.0,201.0,0.0,201000000.0,1.0,2.0
2773,4.64,1000000.0,554892107208.0,555091091125.0,5.0,200.0,1.0,198983917.0,200.0,0.0,200000000.0,1.0,1.0
2774,4.757425742574258,1000000.0,555092094416.0,555292091250.0,7.0,202.0,1.0,199996834.0,202.0,0.0,202000000.0,1.0,2.0
2775,4.477611940298507,1000000.0,555293094500.0,555492091250.0,5.0,201.0,1.0,198996750.0,201.0,0.0,201000000.0,1.0,2.0
2776,4.407960199004975,1000000.0,555493094500.0,555692091250.0,6.0,201.0,1.0,198996750.0,201.0,0.0,201000000.0,1.0,2.0
2777,4.727722772277228,1000000.0,555693091250.0,555892091291.0,6.0,202.0,1.0,199000041.0,202.0,0.0,202000000.0,1.0,2.0
2778,4.7611940298507465,1000000.0,555893091291.0,556092091166.0,5.0,201.0,1.0,198999875.0,201.0,0.0,201000000.0,1.0,2.0
2779,4.615,1000000.0,556093091250.0,556292091291.0,5.0,200.0,1.0,199000041.0,200.0,0.0,200000000.0,1.0,2.0
2780,4.57,1000000.0,556293091208.0,556491091000.0,5.0,200.0,1.0,197999792.0,200.0,0.0,200000000.0,1.0,2.0
2781,4.910891089108911,1000000.0,556492094375.0,556692091000.0,7.0,202.0,1.0,199996625.0,202.0,0.0,202000000.0,1.0,2.0
2782,4.786069651741293,1000000.0,556693094583.0,556892091083.0,5.0,201.0,1.0,198996500.0,201.0,0.0,201000000.0,1.0,2.0
2783,4.412935323383085,1000000.0,556893094416.0,557092091083.0,5.0,201.0,1.0,198996667.0,201.0,0.0,201000000.0,1.0,2.0
2784,4.836633663366337,1000000.0,557093094333.0,557292091125.0,5.0,202.0,1.0,198996792.0,202.0,0.0,202000000.0,1.0,2.0
2785,4.623115577889447,1000000.0,557293094541.0,557491091041.0,5.0,199.0,1.0,197996500.0,199.0,0.0,199000000.0,1.0,1.0
2786,4.601990049751244,1000000.0,557492094458.0,557691091041.0,7.0,201.0,1.0,198996583.0,201.0,0.0,201000000.0,1.0,2.0
2787,4.689655172413793,1000000.0,557692094458.0,557892090958.0,5.0,203.0,1.0,199996500.0,203.0,0.0,203000000.0,1.0,2.0
2788,4.32,1000000.0,557893091250.0,558091091041.0,6.0,200.0,1.0,197999791.0,200.0,0.0,200000000.0,1.0,2.0
2789,4.492537313432836,1000000.0,558092097458.0,558291091000.0,5.0,201.0,1.0,198993542.0,201.0,0.0,201000000.0,1.0,2.0
2790,4.651960784313726,1000000.0,558292094458.0,558492091291.0,5.0,204.0,1.0,199996833.0,204.0,0.0,204000000.0,1.0,2.0
2791,4.475,1000000.0,558493091333.0,558691091250.0,5.0,200.0,1.0,197999917.0,200.0,0.0,200000000.0,1.0,2.0
2792,4.5588235294117645,1000000.0,558692094500.0,558892091291.0,5.0,204.0,1.0,199996791.0,204.0,0.0,204000000.0,1.0,2.0
2793,4.333333333333333,1000000.0,558893094500.0,559092091125.0,5.0,201.0,1.0,198996625.0,201.0,0.0,201000000.0,1.0,2.0
2794,4.835820895522388,1000000.0,559093094458.0,559292091166.0,6.0,201.0,1.0,198996708.0,201.0,0.0,201000000.0,1.0,2.0
2795,4.641791044776119,1000000.0,559293094500.0,559491091000.0,5.0,201.0,1.0,197996500.0,201.0,0.0,201000000.0,1.0,2.0
2796,4.830845771144278,1000000.0,559492094541.0,559691091000.0,6.0,201.0,1.0,198996459.0,201.0,0.0,201000000.0,1.0,2.0
2797,4.6683168316831685,1000000.0,559692094375.0,559892091041.0,5.0,202.0,1.0,199996666.0,202.0,0.0,202000000.0,1.0,2.0
2798,4.315,1000000.0,559893091041.0,560091094416.0,5.0,200.0,1.0,198003375.0,200.0,0.0,200000000.0,1.0,2.0
2799,4.712871287128713,1000000.0,560092094541.0,560291094458.0,5.0,202.0,1.0,198999917.0,202.0,0.0,202000000.0,1.0,2.0
2800,4.787128712871287,1000000.0,560292094583.0,560492091291.0,5.0,202.0,1.0,199996708.0,202.0,0.0,202000000.0,1.0,2.0
2801,4.64,1000000.0,560493094500.0,560691091125.0,5.0,200.0,1.0,197996625.0,200.0,0.0,200000000.0,1.0,2.0
2802,4.920792079207921,1000000.0,560692094500.0,560891091166.0,7.0,202.0,1.0,198996666.0,202.0,0.0,202000000.0,1.0,2.0
2803,4.53960396039604,1000000.0,560892094375.0,561092091166.0,5.0,202.0,1.0,199996791.0,202.0,0.0,202000000.0,1.0,2.0
2804,4.535,1000000.0,561093091375.0,561291091000.0,5.0,200.0,1.0,197999625.0,200.0,0.0,200000000.0,1.0,2.0
2805,7.800995024875622,1000000.0,561292094541.0,561491091291.0,11.0,201.0,1.0,198996750.0,201.0,0.0,201000000.0,1.0,2.0
2806,8.930693069306932,1000000.0,561492094458.0,561691094291.0,9.0,202.0,1.0,198999833.0,202.0,0.0,202000000.0,1.0,2.0
2807,8.621890547263682,1000000.0,561692094500.0,561892091250.0,9.0,201.0,1.0,199996750.0,201.0,0.0,201000000.0,1.0,1.0
2808,8.415841584158416,1000000.0,561893094416.0,562092091166.0,9.0,202.0,1.0,198996750.0,202.0,0.0,202000000.0,1.0,2.0
2809,8.855721393034825,1000000.0,562093094416.0,562292091000.0,9.0,201.0,1.0,198996584.0,201.0,0.0,201000000.0,1.0,2.0
2810,8.68,1000000.0,562293094500.0,562491091000.0,9.0,200.0,1.0,197996500.0,200.0,0.0,200000000.0,1.0,2.0
2811,8.787128712871286,1000000.0,562492094375.0,562692091166.0,10.0,202.0,1.0,199996791.0,202.0,0.0,202000000.0,1.0,2.0
2812,8.785,1000000.0,562693091208.0,562891091250.0,9.0,200.0,1.0,198000042.0,200.0,0.0,200000000.0,1.0,2.0
2813,8.926108374384237,1000000.0,562892094375.0,563092091041.0,10.0,203.0,1.0,199996666.0,203.0,0.0,203000000.0,1.0,2.0
2814,8.427860696517413,1000000.0,563093094333.0,563291091000.0,11.0,201.0,1.0,197996667.0,201.0,0.0,201000000.0,1.0,2.0
2815,8.597014925373134,1000000.0,563292094500.0,563491091000.0,9.0,201.0,1.0,198996500.0,201.0,0.0,201000000.0,1.0,2.0
2816,8.698019801980198,1000000.0,563492094333.0,563691094500.0,11.0,202.0,1.0,199000167.0,202.0,0.0,202000000.0,1.0,2.0
2817,8.549504950495049,1000000.0,563692094791.0,563892091291.0,9.0,202.0,1.0,199996500.0,202.0,0.0,202000000.0,1.0,2.0
2818,8.766169154228855,1000000.0,563893094541.0,564092091041.0,10.0,201.0,1.0,198996500.0,201.0,0.0,201000000.0,1.0,2.0
2819,8.705,1000000.0,564093094291.0,564292091000.0,10.0,200.0,1.0,198996709.0,200.0,0.0,200000000.0,1.0,2.0
2820,8.83084577114428,1000000.0,564293094375.0,564491091041.0,9.0,201.0,1.0,197996666.0,201.0,0.0,201000000.0,1.0,2.0
2821,8.875621890547263,1000000.0,564492094458.0,564691091125.0,10.0,201.0,1.0,198996667.0,201.0,0.0,201000000.0,1.0,2.0
2822,8.727722772277227,1000000.0,564692094500.0,564892091041.0,9.0,202.0,1.0,199996541.0,202.0,0.0,202000000.0,1.0,2.0
2823,8.881188118811881,1000000.0,564893091291.0,565092091125.0,10.0,202.0,1.0,198999834.0,202.0,0.0,202000000.0,1.0,2.0
2824,8.935643564356436,1000000.0,565093094375.0,565292090916.0,10.0,202.0,1.0,198996541.0,202.0,0.0,202000000.0,1.0,2.0
2825,8.776119402985074,1000000.0,565293094333.0,565492091000.0,9.0,201.0,1.0,198996667.0,201.0,0.0,201000000.0,1.0,2.0
2826,8.666666666666666,1000000.0,565493094291.0,565691094458.0,9.0,201.0,1.0,198000167.0,201.0,0.0,201000000.0,1.0,3.0
2827,8.885572139303482,1000000.0,565692094375.0,565891091000.0,9.0,201.0,1.0,198996625.0,201.0,0.0,201000000.0,1.0,2.0
2828,8.791044776119403,1000000.0,565892094375.0,566091091125.0,9.0,201.0,1.0,198996750.0,201.0,0.0,201000000.0,1.0,2.0
2829,8.625615763546797,1000000.0,566092094500.0,566292091125.0,9.0,203.0,1.0,199996625.0,203.0,0.0,203000000.0,1.0,2.0
2830,8.665,1000000.0,566293091166.0,566491094416.0,9.0,200.0,1.0,198003250.0,200.0,0.0,200000000.0,1.0,2.0
2831,8.970297029702971,1000000.0,566492094458.0,566692091250.0,11.0,202.0,1.0,199996792.0,202.0,0.0,202000000.0,1.0,2.0
2832,8.889447236180905,1000000.0,566693091250.0,566891094416.0,11.0,199.0,1.0,198003166.0,199.0,0.0,199000000.0,1.0,2.0
2833,8.925373134328359,1000000.0,566892094416.0,567091091000.0,9.0,201.0,1.0,198996584.0,201.0,0.0,201000000.0,1.0,3.0
2834,8.706467661691542,1000000.0,567092094375.0,567291094291.0,9.0,201.0,1.0,198999916.0,201.0,0.0,201000000.0,1.0,2.0
2835,8.572139303482587,1000000.0,567292094291.0,567491091125.0,9.0,201.0,1.0,198996834.0,201.0,0.0,201000000.0,1.0,2.0
2836,8.781094527363184,1000000.0,567492094333.0,567691091250.0,10.0,201.0,1.0,198996917.0,201.0,0.0,201000000.0,1.0,2.0
2837,8.742574257425742,1000000.0,567692094333.0,567892091250.0,9.0,202.0,1.0,199996917.0,202.0,0.0,202000000.0,1.0,2.0
2838,8.675,1000000.0,567893091250.0,568091091041.0,10.0,200.0,1.0,197999791.0,200.0,0.0,200000000.0,1.0,2.0
2839,8.98019801980198,1000000.0,568092094375.0,568292091083.0,11.0,202.0,1.0,199996708.0,202.0,0.0,202000000.0,1.0,2.0
2840,8.824120603015075,1000000.0,568293094458.0,568491091000.0,9.0,199.0,1.0,197996542.0,199.0,0.0,199000000.0,1.0,1.0
2841,8.655,1000000.0,568492094500.0,568691091041.0,9.0,200.0,1.0,198996541.0,200.0,0.0,200000000.0,1.0,1.0
2842,7.336633663366337,1000000.0,568692094375.0,568892091208.0,9.0,202.0,1.0,199996833.0,202.0,0.0,202000000.0,1.0,2.0
2843,4.801980198019802,1000000.0,568893094500.0,569092091166.0,6.0,202.0,1.0,198996666.0,202.0,0.0,202000000.0,1.0,2.0
2844,4.741293532338308,1000000.0,569093094458.0,569291094458.0,6.0,201.0,1.0,198000000.0,201.0,0.0,201000000.0,1.0,2.0
2845,4.925742574257426,1000000.0,569292094500.0,569491094458.0,7.0,202.0,1.0,198999958.0,202.0,0.0,202000000.0,1.0,2.0
2846,4.45771144278607,1000000.0,569492094583.0,569691094541.0,6.0,201.0,1.0,198999958.0,201.0,0.0,201000000.0,1.0,3.0
2847,4.6683168316831685,1000000.0,569692094583.0,569892091083.0,5.0,202.0,1.0,199996500.0,202.0,0.0,202000000.0,1.0,2.0
2848,4.871287128712871,1000000.0,569893091166.0,570092091250.0,6.0,202.0,1.0,199000084.0,202.0,0.0,202000000.0,1.0,2.0
2849,4.686567164179104,1000000.0,570093091166.0,570292091041.0,5.0,201.0,1.0,198999875.0,201.0,0.0,201000000.0,1.0,2.0
2850,4.4278606965174125,1000000.0,570293094500.0,570492091291.0,6.0,201.0,1.0,198996791.0,201.0,0.0,201000000.0,1.0,2.0
2851,4.8606965174129355,1000000.0,570493094708.0,570691094500.0,5.0,201.0,1.0,197999792.0,201.0,0.0,201000000.0,1.0,2.0
2852,4.729064039408867,1000000.0,570692094458.0,570892091291.0,5.0,203.0,1.0,199996833.0,203.0,0.0,203000000.0,1.0,2.0
2853,4.83743842364532,1000000.0,570893094666.0,571092091041.0,5.0,203.0,1.0,198996375.0,203.0,0.0,203000000.0,1.0,2.0
2854,4.757425742574258,1000000.0,571093091041.0,571291094541.0,5.0,202.0,1.0,198003500.0,202.0,0.0,202000000.0,1.0,2.0
2855,4.68,1000000.0,571292094500.0,571491094583.0,5.0,200.0,1.0,199000083.0,200.0,0.0,200000000.0,1.0,1.0
2856,4.635467980295567,1000000.0,571492094541.0,571692091041.0,5.0,203.0,1.0,199996500.0,203.0,0.0,203000000.0,1.0,2.0
2857,4.4950495049504955,1000000.0,571693094375.0,571891091291.0,5.0,202.0,1.0,197996916.0,202.0,0.0,202000000.0,1.0,2.0
2858,4.287128712871287,1000000.0,571892094375.0,572091091125.0,5.0,202.0,1.0,198996750.0,202.0,0.0,202000000.0,1.0,2.0
2859,4.567164179104478,1000000.0,572092094375.0,572292090958.0,5.0,201.0,1.0,199996583.0,201.0,0.0,201000000.0,1.0,2.0
2860,4.656716417910448,1000000.0,572293094541.0,572491094541.0,5.0,201.0,1.0,198000000.0,201.0,0.0,201000000.0,1.0,2.0
2861,4.417910447761194,1000000.0,572492094458.0,572692091333.0,5.0,201.0,1.0,199996875.0,201.0,0.0,201000000.0,1.0,1.0
2862,4.606965174129353,1000000.0,572693094500.0,572892091041.0,5.0,201.0,1.0,198996541.0,201.0,0.0,201000000.0,1.0,2.0
2863,4.410891089108911,1000000.0,572893094458.0,573092091083.0,5.0,202.0,1.0,198996625.0,202.0,0.0,202000000.0,1.0,2.0
2864,5.105,1000000.0,573093094416.0,573292091208.0,7.0,200.0,1.0,198996792.0,200.0,0.0,200000000.0,1.0,1.0
2865,4.407960199004975,1000000.0,573293095541.0,573491091125.0,6.0,201.0,1.0,197995584.0,201.0,0.0,201000000.0,1.0,2.0
2866,4.698019801980198,1000000.0,573492094333.0,573692091125.0,5.0,202.0,1.0,199996792.0,202.0,0.0,202000000.0,1.0,2.0
2867,4.666666666666667,1000000.0,573693094416.0,573892091333.0,5.0,201.0,1.0,198996917.0,201.0,0.0,201000000.0,1.0,2.0
2868,4.681592039800995,1000000.0,573893094625.0,574091091083.0,5.0,201.0,1.0,197996458.0,201.0,0.0,201000000.0,1.0,2.0
2869,4.851485148514851,1000000.0,574092094500.0,574291091083.0,6.0,202.0,1.0,198996583.0,202.0,0.0,202000000.0,1.0,2.0
2870,4.79,1000000.0,574292094416.0,574491091500.0,7.0,200.0,1.0,198997084.0,200.0,0.0,200000000.0,1.0,2.0
2871,4.73,1000000.0,574492094541.0,574691094500.0,5.0,200.0,1.0,198999959.0,200.0,0.0,200000000.0,1.0,1.0
2872,4.666666666666667,1000000.0,574692094291.0,574892091041.0,6.0,204.0,1.0,199996750.0,204.0,0.0,204000000.0,1.0,2.0
2873,4.905,1000000.0,574893094500.0,575092091083.0,5.0,200.0,1.0,198996583.0,200.0,0.0,200000000.0,1.0,1.0
2874,4.683417085427136,1000000.0,575093094458.0,575291091041.0,5.0,199.0,1.0,197996583.0,199.0,0.0,199000000.0,1.0,2.0
2875,4.608910891089109,1000000.0,575292094458.0,575491094625.0,7.0,202.0,1.0,199000167.0,202.0,0.0,202000000.0,1.0,2.0
2876,4.876237623762377,1000000.0,575492094416.0,575691091375.0,6.0,202.0,1.0,198996959.0,202.0,0.0,202000000.0,1.0,2.0
2877,4.782178217821782,1000000.0,575692094458.0,575892091083.0,6.0,202.0,1.0,199996625.0,202.0,0.0,202000000.0,1.0,2.0
2878,4.725,1000000.0,575893094500.0,576091094541.0,6.0,200.0,1.0,198000041.0,200.0,0.0,200000000.0,1.0,2.0
2879,4.417910447761194,1000000.0,576092094416.0,576291091000.0,5.0,201.0,1.0,198996584.0,201.0,0.0,201000000.0,1.0,2.0
2880,7.817733990147783,1000000.0,576292094458.0,576491091166.0,9.0,203.0,1.0,198996708.0,203.0,0.0,203000000.0,1.0,2.0
2881,8.6,1000000.0,576492094500.0,576691091208.0,9.0,200.0,1.0,198996708.0,200.0,0.0,200000000.0,1.0,2.0
2882,8.492610837438423,1000000.0,576692094500.0,576892091250.0,9.0,203.0,1.0,199996750.0,203.0,0.0,203000000.0,1.0,2.0
2883,8.775,1000000.0,576893094500.0,577092091083.0,9.0,200.0,1.0,198996583.0,200.0,0.0,200000000.0,1.0,1.0
2884,8.615,1000000.0,577093094458.0,577292091125.0,10.0,200.0,1.0,198996667.0,200.0,0.0,200000000.0,1.0,1.0
2885,8.671641791044776,1000000.0,577293094541.0,577492091000.0,9.0,201.0,1.0,198996459.0,201.0,0.0,201000000.0,1.0,2.0
2886,8.851485148514852,1000000.0,577493094458.0,577692091041.0,10.0,202.0,1.0,198996583.0,202.0,0.0,202000000.0,1.0,2.0
2887,8.545,1000000.0,577693094416.0,577892091208.0,9.0,200.0,1.0,198996792.0,200.0,0.0,200000000.0,1.0,1.0
2888,8.732673267326733,1000000.0,577893091041.0,578091091208.0,9.0,202.0,1.0,198000167.0,202.0,0.0,202000000.0,1.0,2.0
2889,8.886138613861386,1000000.0,578092094458.0,578292091000.0,11.0,202.0,1.0,199996542.0,202.0,0.0,202000000.0,1.0,2.0
2890,8.65,1000000.0,578293091125.0,578491091250.0,11.0,200.0,1.0,198000125.0,200.0,0.0,200000000.0,1.0,2.0
2891,8.666666666666666,1000000.0,578492094500.0,578692091041.0,9.0,204.0,1.0,199996541.0,204.0,0.0,204000000.0,1.0,2.0
2892,8.425,1000000.0,578693094500.0,578892091208.0,9.0,200.0,1.0,198996708.0,200.0,0.0,200000000.0,1.0,1.0
2893,8.89,1000000.0,578893094458.0,579092091041.0,9.0,200.0,1.0,198996583.0,200.0,0.0,200000000.0,1.0,1.0
2894,8.383084577114428,1000000.0,579093094375.0,579292091166.0,9.0,201.0,1.0,198996791.0,201.0,0.0,201000000.0,1.0,2.0
2895,8.668341708542714,1000000.0,579293094541.0,579491091041.0,9.0,199.0,1.0,197996500.0,199.0,0.0,199000000.0,1.0,1.0
2896,8.64676616915423,1000000.0,579492094291.0,579692091000.0,10.0,201.0,1.0,199996709.0,201.0,0.0,201000000.0,1.0,1.0
2897,8.776119402985074,1000000.0,579693091291.0,579891091208.0,9.0,201.0,1.0,197999917.0,201.0,0.0,201000000.0,1.0,2.0
2898,9.0,1000000.0,579892094500.0,580092091250.0,9.0,201.0,1.0,199996750.0,201.0,0.0,201000000.0,1.0,1.0
2899,8.800995024875622,1000000.0,580093091125.0,580292091000.0,9.0,201.0,1.0,198999875.0,201.0,0.0,201000000.0,1.0,2.0
2900,8.72,1000000.0,580293094416.0,580492091041.0,9.0,200.0,1.0,198996625.0,200.0,0.0,200000000.0,1.0,1.0
2901,8.7363184079602,1000000.0,580493091208.0,580691094500.0,9.0,201.0,1.0,198003292.0,201.0,0.0,201000000.0,1.0,2.0
2902,8.702970297029703,1000000.0,580692094333.0,580892091041.0,9.0,202.0,1.0,199996708.0,202.0,0.0,202000000.0,1.0,2.0
2903,8.582914572864322,1000000.0,580893094458.0,581091094416.0,9.0,199.0,1.0,197999958.0,199.0,0.0,199000000.0,1.0,1.0
2904,8.502463054187192,1000000.0,581092094333.0,581291091083.0,10.0,203.0,1.0,198996750.0,203.0,0.0,203000000.0,1.0,2.0
2905,8.57,1000000.0,581292094333.0,581491091250.0,9.0,200.0,1.0,198996917.0,200.0,0.0,200000000.0,1.0,1.0
2906,8.58,1000000.0,581492094583.0,581690094500.0,9.0,200.0,1.0,197999917.0,200.0,0.0,200000000.0,1.0,2.0
2907,8.70935960591133,1000000.0,581692094458.0,581892091166.0,9.0,203.0,1.0,199996708.0,203.0,0.0,203000000.0,1.0,2.0
2908,8.557213930348258,1000000.0,581893094458.0,582092091000.0,9.0,201.0,1.0,198996542.0,201.0,0.0,201000000.0,1.0,3.0
2909,9.154228855721392,1000000.0,582093094333.0,582292091541.0,10.0,201.0,1.0,198997208.0,201.0,0.0,201000000.0,1.0,2.0
2910,8.761194029850746,1000000.0,582293091250.0,582491091000.0,9.0,201.0,1.0,197999750.0,201.0,0.0,201000000.0,1.0,2.0
2911,8.671641791044776,1000000.0,582492094500.0,582692091166.0,9.0,201.0,1.0,199996666.0,201.0,0.0,201000000.0,1.0,1.0
2912,8.645,1000000.0,582693094458.0,582892091291.0,9.0,200.0,1.0,198996833.0,200.0,0.0,200000000.0,1.0,1.0
2913,8.766169154228855,1000000.0,582893091208.0,583092091333.0,10.0,201.0,1.0,199000125.0,201.0,0.0,201000000.0,1.0,2.0
2914,8.73134328358209,1000000.0,583093094458.0,583292091166.0,9.0,201.0,1.0,198996708.0,201.0,0.0,201000000.0,1.0,2.0
2915,8.651741293532337,1000000.0,583293091333.0,583492091083.0,11.0,201.0,1.0,198999750.0,201.0,0.0,201000000.0,1.0,2.0
2916,8.885572139303482,1000000.0,583493091166.0,583691091166.0,9.0,201.0,1.0,198000000.0,201.0,0.0,201000000.0,1.0,2.0
2917,7.565,1000000.0,583692094541.0,583891091083.0,9.0,200.0,1.0,198996542.0,200.0,0.0,200000000.0,1.0,2.0
2918,4.53,1000000.0,583892094375.0,584091091041.0,5.0,200.0,1.0,198996666.0,200.0,0.0,200000000.0,1.0,1.0
2919,4.746268656716418,1000000.0,584092094500.0,584291090958.0,5.0,201.0,1.0,198996458.0,201.0,0.0,201000000.0,1.0,2.0
2920,4.756218905472637,1000000.0,584292094583.0,584491091458.0,5.0,201.0,1.0,198996875.0,201.0,0.0,201000000.0,1.0,2.0
2921,4.651741293532338,1000000.0,584492094500.0,584691094500.0,5.0,201.0,1.0,199000000.0,201.0,0.0,201000000.0,1.0,2.0
2922,4.405940594059406,1000000.0,584692094416.0,584891091041.0,5.0,202.0,1.0,198996625.0,202.0,0.0,202000000.0,1.0,2.0
2923,4.8861386138613865,1000000.0,584892094291.0,585091094541.0,5.0,202.0,1.0,199000250.0,202.0,0.0,202000000.0,1.0,2.0
2924,4.762376237623762,1000000.0,585092094583.0,585291094500.0,6.0,202.0,1.0,198999917.0,202.0,0.0,202000000.0,1.0,2.0
2925,4.557213930348259,1000000.0,585292094458.0,585491094541.0,5.0,201.0,1.0,199000083.0,201.0,0.0,201000000.0,1.0,2.0
2926,4.921182266009852,1000000.0,585492094291.0,585692091208.0,5.0,203.0,1.0,199996917.0,203.0,0.0,203000000.0,1.0,2.0
2927,4.79,1000000.0,585693091250.0,585892091458.0,5.0,200.0,1.0,199000208.0,200.0,0.0,200000000.0,1.0,2.0
2928,4.638613861386139,1000000.0,585893091208.0,586092091000.0,5.0,202.0,1.0,198999792.0,202.0,0.0,202000000.0,1.0,2.0
2929,4.8159203980099505,1000000.0,586093094416.0,586291094458.0,5.0,201.0,1.0,198000042.0,201.0,0.0,201000000.0,1.0,2.0
2930,4.437810945273632,1000000.0,586292094625.0,586491094458.0,5.0,201.0,1.0,198999833.0,201.0,0.0,201000000.0,1.0,2.0
2931,4.554455445544554,1000000.0,586492094375.0,586692091375.0,6.0,202.0,1.0,199997000.0,202.0,0.0,202000000.0,1.0,2.0
2932,4.557213930348259,1000000.0,586693094541.0,586892091208.0,5.0,201.0,1.0,198996667.0,201.0,0.0,201000000.0,1.0,2.0
2933,4.62,1000000.0,586893091375.0,587091091333.0,6.0,200.0,1.0,197999958.0,200.0,0.0,200000000.0,1.0,2.0
2934,4.267326732673268,1000000.0,587092094541.0,587292091041.0,5.0,202.0,1.0,199996500.0,202.0,0.0,202000000.0,1.0,2.0
2935,4.618090452261306,1000000.0,587293094500.0,587491094500.0,5.0,199.0,1.0,198000000.0,199.0,0.0,199000000.0,1.0,2.0
2936,4.582089552238806,1000000.0,587492094541.0,587691094541.0,5.0,201.0,1.0,199000000.0,201.0,0.0,201000000.0,1.0,2.0
2937,4.432835820895522,1000000.0,587692094583.0,587891090958.0,5.0,201.0,1.0,198996375.0,201.0,0.0,201000000.0,1.0,2.0
2938,4.816831683168317,1000000.0,587892094583.0,588092090958.0,7.0,202.0,1.0,199996375.0,202.0,0.0,202000000.0,1.0,2.0
2939,4.681592039800995,1000000.0,588093091041.0,588292091125.0,5.0,201.0,1.0,199000084.0,201.0,0.0,201000000.0,1.0,2.0
2940,4.985074626865671,1000000.0,588293090958.0,588492091041.0,9.0,201.0,1.0,199000083.0,201.0,0.0,201000000.0,1.0,2.0
2941,4.707920792079208,1000000.0,588493094625.0,588692091083.0,5.0,202.0,1.0,198996458.0,202.0,0.0,202000000.0,1.0,2.0
2942,5.0049504950495045,1000000.0,588693094333.0,588892091291.0,7.0,202.0,1.0,198996958.0,202.0,0.0,202000000.0,1.0,2.0
2943,4.54,1000000.0,588893094541.0,589091091000.0,5.0,200.0,1.0,197996459.0,200.0,0.0,200000000.0,1.0,2.0
2944,4.6318407960199,1000000.0,589092094458.0,589291091041.0,6.0,201.0,1.0,198996583.0,201.0,0.0,201000000.0,1.0,2.0
2945,4.856435643564357,1000000.0,589292094500.0,589491091041.0,7.0,202.0,1.0,198996541.0,202.0,0.0,202000000.0,1.0,2.0
2946,4.661691542288557,1000000.0,589492094500.0,589691094500.0,6.0,201.0,1.0,199000000.0,201.0,0.0,201000000.0,1.0,2.0
2947,4.850746268656716,1000000.0,589692094458.0,589892091208.0,5.0,201.0,1.0,199996750.0,201.0,0.0,201000000.0,1.0,2.0
2948,4.693467336683417,1000000.0,589893091208.0,590091094541.0,5.0,199.0,1.0,198003333.0,199.0,0.0,199000000.0,1.0,1.0
2949,4.741293532338308,1000000.0,590092094583.0,590291094583.0,5.0,201.0,1.0,199000000.0,201.0,0.0,201000000.0,1.0,2.0
2950,4.83743842364532,1000000.0,590292093291.0,590492091041.0,6.0,203.0,1.0,199997750.0,203.0,0.0,203000000.0,1.0,2.0
2951,4.810945273631841,1000000.0,590493094458.0,590692091250.0,6.0,201.0,1.0,198996792.0,201.0,0.0,201000000.0,1.0,2.0
2952,4.711442786069652,1000000.0,590693091000.0,590892091208.0,5.0,201.0,1.0,199000208.0,201.0,0.0,201000000.0,1.0,2.0
2953,4.840796019900497,1000000.0,590893094500.0,591091091083.0,5.0,201.0,1.0,197996583.0,201.0,0.0,201000000.0,1.0,2.0
2954,4.751243781094527,1000000.0,591092094458.0,591291094583.0,5.0,201.0,1.0,199000125.0,201.0,0.0,201000000.0,1.0,2.0
2955,7.615,1000000.0,591292094458.0,591491094500.0,9.0,200.0,1.0,199000042.0,200.0,0.0,200000000.0,1.0,1.0
2956,8.836633663366337,1000000.0,591492094416.0,591692091125.0,9.0,202.0,1.0,199996709.0,202.0,0.0,202000000.0,1.0,2.0
2957,8.544554455445544,1000000.0,591693091125.0,591892091208.0,9.0,202.0,1.0,199000083.0,202.0,0.0,202000000.0,1.0,2.0
2958,8.73,1000000.0,591893094458.0,592092091000.0,9.0,200.0,1.0,198996542.0,200.0,0.0,200000000.0,1.0,1.0
2959,8.862068965517242,1000000.0,592093094541.0,592292091041.0,10.0,203.0,1.0,198996500.0,203.0,0.0,203000000.0,1.0,2.0
2960,8.835,1000000.0,592293094458.0,592492091291.0,9.0,200.0,1.0,198996833.0,200.0,0.0,200000000.0,1.0,1.0
2961,8.860696517412935,1000000.0,592493094541.0,592692091166.0,10.0,201.0,1.0,198996625.0,201.0,0.0,201000000.0,1.0,2.0
2962,8.762376237623762,1000000.0,592693091166.0,592892091000.0,9.0,202.0,1.0,198999834.0,202.0,0.0,202000000.0,1.0,2.0
2963,8.756218905472636,1000000.0,592893094500.0,593092091000.0,9.0,201.0,1.0,198996500.0,201.0,0.0,201000000.0,1.0,2.0
2964,8.68,1000000.0,593093094375.0,593291091250.0,9.0,200.0,1.0,197996875.0,200.0,0.0,200000000.0,1.0,2.0
2965,8.756218905472636,1000000.0,593292094416.0,593491094375.0,11.0,201.0,1.0,198999959.0,201.0,0.0,201000000.0,1.0,2.0
2966,8.721951219512196,1000000.0,593492094583.0,593692091041.0,10.0,205.0,1.0,199996458.0,205.0,0.0,205000000.0,1.0,2.0
2967,8.661691542288557,1000000.0,593693094333.0,593892091250.0,9.0,201.0,1.0,198996917.0,201.0,0.0,201000000.0,1.0,2.0
2968,8.814070351758794,1000000.0,593893094416.0,594091091000.0,9.0,199.0,1.0,197996584.0,199.0,0.0,199000000.0,1.0,2.0
2969,8.51231527093596,1000000.0,594092094375.0,594291091083.0,10.0,203.0,1.0,198996708.0,203.0,0.0,203000000.0,1.0,2.0
2970,8.805970149253731,1000000.0,594292094375.0,594491091041.0,9.0,201.0,1.0,198996666.0,201.0,0.0,201000000.0,1.0,2.0
2971,8.811881188118813,1000000.0,594492094375.0,594692091000.0,9.0,202.0,1.0,199996625.0,202.0,0.0,202000000.0,1.0,2.0
2972,8.83743842364532,1000000.0,594693094333.0,594892091083.0,9.0,203.0,1.0,198996750.0,203.0,0.0,203000000.0,1.0,2.0
2973,8.482587064676617,1000000.0,594893094458.0,595092091125.0,9.0,201.0,1.0,198996667.0,201.0,0.0,201000000.0,1.0,2.0
2974,8.715,1000000.0,595093094416.0,595291091208.0,10.0,200.0,1.0,197996792.0,200.0,0.0,200000000.0,1.0,2.0
2975,8.655172413793103,1000000.0,595292094333.0,595491094500.0,9.0,203.0,1.0,199000167.0,203.0,0.0,203000000.0,1.0,2.0
2976,8.482587064676617,1000000.0,595492094333.0,595691091041.0,9.0,201.0,1.0,198996708.0,201.0,0.0,201000000.0,1.0,2.0
2977,8.685,1000000.0,595692094500.0,595891091208.0,10.0,200.0,1.0,198996708.0,200.0,0.0,200000000.0,1.0,1.0
2978,8.852216748768473,1000000.0,595892094541.0,596092091250.0,9.0,203.0,1.0,199996709.0,203.0,0.0,203000000.0,1.0,2.0
2979,8.71,1000000.0,596093094375.0,596292091000.0,9.0,200.0,1.0,198996625.0,200.0,0.0,200000000.0,1.0,2.0
2980,8.36,1000000.0,596293094375.0,596492091041.0,9.0,200.0,1.0,198996666.0,200.0,0.0,200000000.0,1.0,1.0
2981,8.41871921182266,1000000.0,596493094416.0,596692091000.0,9.0,203.0,1.0,198996584.0,203.0,0.0,203000000.0,1.0,2.0
2982,8.85,1000000.0,596693094333.0,596892091000.0,10.0,200.0,1.0,198996667.0,200.0,0.0,200000000.0,1.0,2.0
2983,8.855,1000000.0,596893094333.0,597091094291.0,10.0,200.0,1.0,197999958.0,200.0,0.0,200000000.0,1.0,2.0
2984,8.803921568627452,1000000.0,597092094250.0,597292091083.0,10.0,204.0,1.0,199996833.0,204.0,0.0,204000000.0,1.0,2.0
2985,8.555,1000000.0,597293091041.0,597492090958.0,9.0,200.0,1.0,198999917.0,200.0,0.0,200000000.0,1.0,1.0
2986,8.81,1000000.0,597493094416.0,597691091041.0,10.0,200.0,1.0,197996625.0,200.0,0.0,200000000.0,1.0,2.0
2987,8.945273631840797,1000000.0,597692094291.0,597891091041.0,10.0,201.0,1.0,198996750.0,201.0,0.0,201000000.0,1.0,2.0
2988,9.157635467980295,1000000.0,597892094375.0,598092091000.0,10.0,203.0,1.0,199996625.0,203.0,0.0,203000000.0,1.0,3.0
2989,8.582089552238806,1000000.0,598093094625.0,598292091000.0,10.0,201.0,1.0,198996375.0,201.0,0.0,201000000.0,1.0,2.0
2990,8.7,1000000.0,598293094541.0,598491094375.0,10.0,200.0,1.0,197999834.0,200.0,0.0,200000000.0,1.0,2.0
2991,8.679802955665025,1000000.0,598492094625.0,598691091000.0,11.0,203.0,1.0,198996375.0,203.0,0.0,203000000.0,1.0,2.0
2992,7.394088669950739,1000000.0,598692094458.0,598892091250.0,9.0,203.0,1.0,199996792.0,203.0,0.0,203000000.0,1.0,2.0
2993,4.850746268656716,1000000.0,598893091291.0,599092091000.0,6.0,201.0,1.0,198999709.0,201.0,0.0,201000000.0,1.0,2.0
2994,4.579207920792079,1000000.0,599093090958.0,599292091125.0,5.0,202.0,1.0,199000167.0,202.0,0.0,202000000.0,1.0,2.0
2995,4.735,1000000.0,599293094416.0,599491094583.0,5.0,200.0,1.0,198000167.0,200.0,0.0,200000000.0,1.0,2.0
2996,4.787128712871287,1000000.0,599492094500.0,599692091208.0,5.0,202.0,1.0,199996708.0,202.0,0.0,202000000.0,1.0,2.0
2997,4.797029702970297,1000000.0,599693091333.0,599892091291.0,5.0,202.0,1.0,198999958.0,202.0,0.0,202000000.0,1.0,2.0
2998,4.688118811881188,1000000.0,599893094583.0,600092090958.0,5.0,202.0,1.0,198996375.0,202.0,0.0,202000000.0,1.0,2.0
2999,4.706467661691542,1000000.0,600093091000.0,600292090958.0,5.0,201.0,1.0,198999958.0,201.0,0.0,201000000.0,1.0,2.0
3000,4.786069651741293,1000000.0,600293094500.0,600492091333.0,5.0,201.0,1.0,198996833.0,201.0,0.0,201000000.0,1.0,2.0
3001,4.721393034825871,1000000.0,600493091250.0,600692091041.0,5.0,201.0,1.0,198999791.0,201.0,0.0,201000000.0,1.0,2.0
3002,4.375,1000000.0,600693094583.0,600892091333.0,5.0,200.0,1.0,198996750.0,200.0,0.0,200000000.0,1.0,2.0
3003,4.785,1000000.0,600893094458.0,601091091166.0,6.0,200.0,1.0,197996708.0,200.0,0.0,200000000.0,1.0,2.0
3004,4.5,1000000.0,601092094458.0,601291094458.0,5.0,200.0,1.0,199000000.0,200.0,0.0,200000000.0,1.0,2.0
3005,4.465346534653466,1000000.0,601292094583.0,601492091000.0,5.0,202.0,1.0,199996417.0,202.0,0.0,202000000.0,1.0,2.0
3006,4.608040201005025,1000000.0,601493094375.0,601692091125.0,8.0,199.0,1.0,198996750.0,199.0,0.0,199000000.0,1.0,2.0
3007,4.725,1000000.0,601693094583.0,601891091000.0,5.0,200.0,1.0,197996417.0,200.0,0.0,200000000.0,1.0,2.0
3008,4.701492537313433,1000000.0,601892094541.0,602091091083.0,7.0,201.0,1.0,198996542.0,201.0,0.0,201000000.0,1.0,2.0
3009,4.825870646766169,1000000.0,602092094541.0,602291094291.0,6.0,201.0,1.0,198999750.0,201.0,0.0,201000000.0,1.0,2.0
3010,4.345,1000000.0,602292094458.0,602491091041.0,6.0,200.0,1.0,198996583.0,200.0,0.0,200000000.0,1.0,1.0
3011,4.810945273631841,1000000.0,602492094583.0,602691091041.0,5.0,201.0,1.0,198996458.0,201.0,0.0,201000000.0,1.0,2.0
3012,4.825,1000000.0,602692094500.0,602891094500.0,7.0,200.0,1.0,199000000.0,200.0,0.0,200000000.0,1.0,2.0
3013,4.721393034825871,1000000.0,602892094458.0,603092091000.0,5.0,201.0,1.0,199996542.0,201.0,0.0,201000000.0,1.0,1.0
3014,4.465,1000000.0,603093094500.0,603292091000.0,5.0,200.0,1.0,198996500.0,200.0,0.0,200000000.0,1.0,1.0
3015,4.751243781094527,1000000.0,603293094458.0,603492091250.0,6.0,201.0,1.0,198996792.0,201.0,0.0,201000000.0,1.0,2.0
3016,4.955445544554456,1000000.0,603493091291.0,603691091083.0,8.0,202.0,1.0,197999792.0,202.0,0.0,202000000.0,1.0,2.0
3017,4.589108910891089,1000000.0,603692094500.0,603892091291.0,5.0,202.0,1.0,199996791.0,202.0,0.0,202000000.0,1.0,2.0
3018,4.606965174129353,1000000.0,603893094458.0,604092091208.0,5.0,201.0,1.0,198996750.0,201.0,0.0,201000000.0,1.0,2.0
3019,4.9950248756218905,1000000.0,604093094458.0,604292091166.0,7.0,201.0,1.0,198996708.0,201.0,0.0,201000000.0,1.0,2.0
3020,4.7,1000000.0,604293094333.0,604492091250.0,6.0,200.0,1.0,198996917.0,200.0,0.0,200000000.0,1.0,1.0
3021,4.815,1000000.0,604493094583.0,604691094500.0,7.0,200.0,1.0,197999917.0,200.0,0.0,200000000.0,1.0,2.0
3022,4.825870646766169,1000000.0,604692094375.0,604891091041.0,6.0,201.0,1.0,198996666.0,201.0,0.0,201000000.0,1.0,2.0
3023,4.67,1000000.0,604892094375.0,605091090958.0,5.0,200.0,1.0,198996583.0,200.0,0.0,200000000.0,1.0,1.0
3024,4.689655172413793,1000000.0,605092094291.0,605292091125.0,5.0,203.0,1.0,199996834.0,203.0,0.0,203000000.0,1.0,3.0
3025,4.751243781094527,1000000.0,605293091208.0,605492091041.0,5.0,201.0,1.0,198999833.0,201.0,0.0,201000000.0,1.0,2.0
3026,4.626865671641791,1000000.0,605493094458.0,605692091041.0,5.0,201.0,1.0,198996583.0,201.0,0.0,201000000.0,1.0,2.0
3027,4.815,1000000.0,605693094375.0,605891094541.0,6.0,200.0,1.0,198000166.0,200.0,0.0,200000000.0,1.0,2.0
3028,5.03960396039604,1000000.0,605892094375.0,606091091125.0,7.0,202.0,1.0,198996750.0,202.0,0.0,202000000.0,1.0,2.0
3029,4.412935323383085,1000000.0,606092094500.0,606291091041.0,5.0,201.0,1.0,198996541.0,201.0,0.0,201000000.0,1.0,2.0
3030,7.472906403940887,1000000.0,606292094416.0,606491091208.0,10.0,203.0,1.0,198996792.0,203.0,0.0,203000000.0,1.0,2.0
3031,8.787128712871286,1000000.0,606492094333.0,606692091041.0,11.0,202.0,1.0,199996708.0,202.0,0.0,202000000.0,1.0,2.0
3032,8.805970149253731,1000000.0,606693094416.0,606892091041.0,10.0,201.0,1.0,198996625.0,201.0,0.0,201000000.0,1.0,2.0
3033,8.655,1000000.0,606893094458.0,607091094333.0,9.0,200.0,1.0,197999875.0,200.0,0.0,200000000.0,1.0,2.0
3034,8.797029702970297,1000000.0,607092094458.0,607291091041.0,9.0,202.0,1.0,198996583.0,202.0,0.0,202000000.0,1.0,2.0
3035,8.643564356435643,1000000.0,607292094416.0,607492091041.0,9.0,202.0,1.0,199996625.0,202.0,0.0,202000000.0,1.0,2.0
3036,8.77,1000000.0,607493091166.0,607691091000.0,10.0,200.0,1.0,197999834.0,200.0,0.0,200000000.0,1.0,2.0
3037,8.63681592039801,1000000.0,607692094333.0,607891091041.0,9.0,201.0,1.0,198996708.0,201.0,0.0,201000000.0,1.0,2.0
3038,8.577114427860696,1000000.0,607892094458.0,608091091208.0,10.0,201.0,1.0,198996750.0,201.0,0.0,201000000.0,1.0,3.0
3039,8.704433497536947,1000000.0,608092094458.0,608292091000.0,10.0,203.0,1.0,199996542.0,203.0,0.0,203000000.0,1.0,3.0
3040,8.905940594059405,1000000.0,608293091250.0,608492091041.0,9.0,202.0,1.0,198999791.0,202.0,0.0,202000000.0,1.0,2.0
3041,8.666666666666666,1000000.0,608493094333.0,608692091041.0,10.0,201.0,1.0,198996708.0,201.0,0.0,201000000.0,1.0,2.0
3042,8.527363184079602,1000000.0,608693094541.0,608892091166.0,9.0,201.0,1.0,198996625.0,201.0,0.0,201000000.0,1.0,2.0
3043,8.767326732673267,1000000.0,608893091208.0,609092091083.0,9.0,202.0,1.0,198999875.0,202.0,0.0,202000000.0,1.0,2.0
3044,8.762376237623762,1000000.0,609093090958.0,609291094500.0,10.0,202.0,1.0,198003542.0,202.0,0.0,202000000.0,1.0,2.0
3045,8.698019801980198,1000000.0,609292094500.0,609492091041.0,9.0,202.0,1.0,199996541.0,202.0,0.0,202000000.0,1.0,2.0
3046,8.935,1000000.0,609493094500.0,609691094375.0,11.0,200.0,1.0,197999875.0,200.0,0.0,200000000.0,1.0,2.0
3047,8.561576354679802,1000000.0,609692094291.0,609892091208.0,9.0,203.0,1.0,199996917.0,203.0,0.0,203000000.0,1.0,3.0
3048,8.68,1000000.0,609893091166.0,610091091125.0,9.0,200.0,1.0,197999959.0,200.0,0.0,200000000.0,1.0,2.0
3049,8.48019801980198,1000000.0,610092097833.0,610292091000.0,9.0,202.0,1.0,199993167.0,202.0,0.0,202000000.0,1.0,2.0
3050,8.597014925373134,1000000.0,610293094458.0,610491091208.0,9.0,201.0,1.0,197996750.0,201.0,0.0,201000000.0,1.0,2.0
3051,8.573529411764707,1000000.0,610492094500.0,610692090958.0,9.0,204.0,1.0,199996458.0,204.0,0.0,204000000.0,1.0,2.0
3052,8.950248756218905,1000000.0,610693091083.0,610892091291.0,10.0,201.0,1.0,199000208.0,201.0,0.0,201000000.0,1.0,2.0
3053,8.631840796019901,1000000.0,610893094458.0,611091091000.0,9.0,201.0,1.0,197996542.0,201.0,0.0,201000000.0,1.0,2.0
3054,8.495049504950495,1000000.0,611092094375.0,611292091041.0,10.0,202.0,1.0,199996666.0,202.0,0.0,202000000.0,1.0,2.0
3055,8.935643564356436,1000000.0,611293091000.0,611492091208.0,9.0,202.0,1.0,199000208.0,202.0,0.0,202000000.0,1.0,2.0
3056,8.74,1000000.0,611493091291.0,611691094458.0,10.0,200.0,1.0,198003167.0,200.0,0.0,200000000.0,1.0,2.0
3057,8.402985074626866,1000000.0,611692094333.0,611891091041.0,9.0,201.0,1.0,198996708.0,201.0,0.0,201000000.0,1.0,2.0
3058,8.773399014778326,1000000.0,611892094458.0,612092091125.0,10.0,203.0,1.0,199996667.0,203.0,0.0,203000000.0,1.0,2.0
3059,8.767326732673267,1000000.0,612093091208.0,612292091166.0,10.0,202.0,1.0,198999958.0,202.0,0.0,202000000.0,1.0,2.0
3060,8.407960199004975,1000000.0,612293094333.0,612492091083.0,9.0,201.0,1.0,198996750.0,201.0,0.0,201000000.0,1.0,2.0
3061,8.721393034825871,1000000.0,612493094500.0,612691091041.0,9.0,201.0,1.0,197996541.0,201.0,0.0,201000000.0,1.0,2.0
3062,8.880597014925373,1000000.0,612692094375.0,612891091000.0,10.0,201.0,1.0,198996625.0,201.0,0.0,201000000.0,1.0,2.0
3063,8.701492537313433,1000000.0,612892094333.0,613091094375.0,10.0,201.0,1.0,199000042.0,201.0,0.0,201000000.0,1.0,2.0
3064,8.729064039408867,1000000.0,613092094333.0,613292091041.0,10.0,203.0,1.0,199996708.0,203.0,0.0,203000000.0,1.0,2.0
3065,8.592039800995025,1000000.0,613293094333.0,613492091208.0,9.0,201.0,1.0,198996875.0,201.0,0.0,201000000.0,1.0,2.0
3066,9.034825870646769,1000000.0,613493094416.0,613691091208.0,11.0,201.0,1.0,197996792.0,201.0,0.0,201000000.0,1.0,2.0
3067,7.402985074626866,1000000.0,613692094458.0,613891091291.0,9.0,201.0,1.0,198996833.0,201.0,0.0,201000000.0,1.0,2.0
3068,4.691542288557214,1000000.0,613892094500.0,614091091041.0,7.0,201.0,1.0,198996541.0,201.0,0.0,201000000.0,1.0,3.0
3069,4.475247524752476,1000000.0,614092094541.0,614292091041.0,6.0,202.0,1.0,199996500.0,202.0,0.0,202000000.0,1.0,2.0
3070,4.45273631840796,1000000.0,614293094541.0,614492091041.0,5.0,201.0,1.0,198996500.0,201.0,0.0,201000000.0,1.0,2.0
3071,4.5721393034825875,1000000.0,614493094458.0,614692091291.0,5.0,201.0,1.0,198996833.0,201.0,0.0,201000000.0,1.0,2.0
3072,4.766169154228856,1000000.0,614693094500.0,614891091041.0,5.0,201.0,1.0,197996541.0,201.0,0.0,201000000.0,1.0,2.0
3073,4.567164179104478,1000000.0,614892094375.0,615091094541.0,5.0,201.0,1.0,199000166.0,201.0,0.0,201000000.0,1.0,2.0
3074,4.8431372549019605,1000000.0,615092094416.0,615292091250.0,5.0,204.0,1.0,199996834.0,204.0,0.0,204000000.0,1.0,3.0
3075,4.388059701492537,1000000.0,615293094458.0,615491094416.0,6.0,201.0,1.0,197999958.0,201.0,0.0,201000000.0,1.0,2.0
3076,4.566502463054187,1000000.0,615492094500.0,615692091083.0,6.0,203.0,1.0,199996583.0,203.0,0.0,203000000.0,1.0,2.0
3077,4.9,1000000.0,615693091000.0,615892091208.0,6.0,200.0,1.0,199000208.0,200.0,0.0,200000000.0,1.0,1.0
3078,4.497512437810945,1000000.0,615893094500.0,616092091125.0,5.0,201.0,1.0,198996625.0,201.0,0.0,201000000.0,1.0,2.0
3079,4.776119402985074,1000000.0,616093094500.0,616292091041.0,6.0,201.0,1.0,198996541.0,201.0,0.0,201000000.0,1.0,2.0
3080,4.68,1000000.0,616293094541.0,616491094500.0,6.0,200.0,1.0,197999959.0,200.0,0.0,200000000.0,1.0,2.0
3081,4.606965174129353,1000000.0,616492094458.0,616691094541.0,5.0,201.0,1.0,199000083.0,201.0,0.0,201000000.0,1.0,2.0
3082,4.778325123152709,1000000.0,616692094458.0,616892091000.0,6.0,203.0,1.0,199996542.0,203.0,0.0,203000000.0,1.0,2.0
3083,4.91,1000000.0,616893094458.0,617091091000.0,6.0,200.0,1.0,197996542.0,200.0,0.0,200000000.0,1.0,2.0
3084,4.681592039800995,1000000.0,617092094583.0,617291091208.0,6.0,201.0,1.0,198996625.0,201.0,0.0,201000000.0,1.0,2.0
3085,4.651741293532338,1000000.0,617292094416.0,617491091000.0,5.0,201.0,1.0,198996584.0,201.0,0.0,201000000.0,1.0,2.0
3086,4.618811881188119,1000000.0,617492094375.0,617691091083.0,6.0,202.0,1.0,198996708.0,202.0,0.0,202000000.0,1.0,2.0
3087,4.608910891089109,1000000.0,617692094416.0,617892091208.0,5.0,202.0,1.0,199996792.0,202.0,0.0,202000000.0,1.0,2.0
3088,4.732673267326732,1000000.0,617893094583.0,618092091125.0,6.0,202.0,1.0,198996542.0,202.0,0.0,202000000.0,1.0,2.0
3089,4.443349753694581,1000000.0,618093094500.0,618292091041.0,5.0,203.0,1.0,198996541.0,203.0,0.0,203000000.0,1.0,2.0
3090,4.74,1000000.0,618293094375.0,618491094541.0,5.0,200.0,1.0,198000166.0,200.0,0.0,200000000.0,1.0,2.0
3091,4.931034482758621,1000000.0,618492094458.0,618692090958.0,8.0,203.0,1.0,199996500.0,203.0,0.0,203000000.0,1.0,2.0
3092,4.755,1000000.0,618693094458.0,618891091000.0,6.0,200.0,1.0,197996542.0,200.0,0.0,200000000.0,1.0,2.0
3093,4.537313432835821,1000000.0,618892094500.0,619091091000.0,5.0,201.0,1.0,198996500.0,201.0,0.0,201000000.0,1.0,2.0
3094,4.552238805970149,1000000.0,619092094416.0,619291091166.0,5.0,201.0,1.0,198996750.0,201.0,0.0,201000000.0,1.0,2.0
3095,4.727722772277228,1000000.0,619292094541.0,619491091083.0,5.0,202.0,1.0,198996542.0,202.0,0.0,202000000.0,1.0,2.0
3096,4.462686567164179,1000000.0,619492094500.0,619691094416.0,5.0,201.0,1.0,198999916.0,201.0,0.0,201000000.0,1.0,2.0
3097,4.601990049751244,1000000.0,619692094625.0,619891091000.0,5.0,201.0,1.0,198996375.0,201.0,0.0,201000000.0,1.0,2.0
3098,4.792079207920792,1000000.0,619892094333.0,620091091166.0,6.0,202.0,1.0,198996833.0,202.0,0.0,202000000.0,1.0,2.0
3099,4.388059701492537,1000000.0,620092094375.0,620291091333.0,5.0,201.0,1.0,198996958.0,201.0,0.0,201000000.0,1.0,2.0
3100,4.625615763546798,1000000.0,620292094416.0,620492091041.0,6.0,203.0,1.0,199996625.0,203.0,0.0,203000000.0,1.0,2.0
3101,4.704433497536946,1000000.0,620493090958.0,620692091000.0,6.0,203.0,1.0,199000042.0,203.0,0.0,203000000.0,1.0,2.0
3102,4.611940298507463,1000000.0,620693091208.0,620892091125.0,5.0,201.0,1.0,198999917.0,201.0,0.0,201000000.0,1.0,2.0
3103,4.603960396039604,1000000.0,620893094333.0,621092091125.0,5.0,202.0,1.0,198996792.0,202.0,0.0,202000000.0,1.0,2.0
3104,4.955445544554456,1000000.0,621093094458.0,621292091083.0,5.0,202.0,1.0,198996625.0,202.0,0.0,202000000.0,1.0,2.0
3105,7.975247524752476,1000000.0,621293094666.0,621492091208.0,11.0,202.0,1.0,198996542.0,202.0,0.0,202000000.0,1.0,2.0
3106,8.73134328358209,1000000.0,621493091125.0,621691094458.0,10.0,201.0,1.0,198003333.0,201.0,0.0,201000000.0,1.0,2.0
3107,8.762376237623762,1000000.0,621692094375.0,621892091250.0,9.0,202.0,1.0,199996875.0,202.0,0.0,202000000.0,1.0,2.0
3108,8.572139303482587,1000000.0,621893094583.0,622092091166.0,9.0,201.0,1.0,198996583.0,201.0,0.0,201000000.0,1.0,2.0
3109,8.651741293532337,1000000.0,622093091166.0,622292091083.0,9.0,201.0,1.0,198999917.0,201.0,0.0,201000000.0,1.0,2.0
3110,8.442786069651742,1000000.0,622293094583.0,622491091041.0,9.0,201.0,1.0,197996458.0,201.0,0.0,201000000.0,1.0,2.0
3111,8.719211822660098,1000000.0,622492094500.0,622692091208.0,10.0,203.0,1.0,199996708.0,203.0,0.0,203000000.0,1.0,2.0
3112,8.771144278606965,1000000.0,622693091333.0,622891091041.0,10.0,201.0,1.0,197999708.0,201.0,0.0,201000000.0,1.0,3.0
3113,8.462686567164178,1000000.0,622892094500.0,623091091041.0,9.0,201.0,1.0,198996541.0,201.0,0.0,201000000.0,1.0,2.0
3114,8.407960199004975,1000000.0,623092094416.0,623291091125.0,9.0,201.0,1.0,198996709.0,201.0,0.0,201000000.0,1.0,2.0
3115,8.534653465346535,1000000.0,623292094458.0,623492091125.0,9.0,202.0,1.0,199996667.0,202.0,0.0,202000000.0,1.0,2.0
3116,8.537313432835822,1000000.0,623493094541.0,623692091125.0,11.0,201.0,1.0,198996584.0,201.0,0.0,201000000.0,1.0,2.0
3117,8.554455445544555,1000000.0,623693096791.0,623892091041.0,11.0,202.0,1.0,198994250.0,202.0,0.0,202000000.0,1.0,2.0
3118,8.55940594059406,1000000.0,623893094500.0,624092091083.0,10.0,202.0,1.0,198996583.0,202.0,0.0,202000000.0,1.0,2.0
3119,8.72636815920398,1000000.0,624093094500.0,624292091250.0,10.0,201.0,1.0,198996750.0,201.0,0.0,201000000.0,1.0,2.0
3120,8.786069651741293,1000000.0,624293091208.0,624491091083.0,9.0,201.0,1.0,197999875.0,201.0,0.0,201000000.0,1.0,2.0
3121,8.597014925373134,1000000.0,624492092250.0,624691094541.0,9.0,201.0,1.0,199002291.0,201.0,0.0,201000000.0,1.0,2.0
3122,8.860696517412935,1000000.0,624692094416.0,624891094416.0,9.0,201.0,1.0,199000000.0,201.0,0.0,201000000.0,1.0,2.0
3123,8.57,1000000.0,624892094333.0,625091094416.0,9.0,200.0,1.0,199000083.0,200.0,0.0,200000000.0,1.0,1.0
3124,8.561576354679802,1000000.0,625092094500.0,625292091083.0,10.0,203.0,1.0,199996583.0,203.0,0.0,203000000.0,1.0,2.0
3125,8.831683168316832,1000000.0,625293091166.0,625492091000.0,9.0,202.0,1.0,198999834.0,202.0,0.0,202000000.0,1.0,2.0
3126,8.835,1000000.0,625493094500.0,625692091166.0,9.0,200.0,1.0,198996666.0,200.0,0.0,200000000.0,1.0,1.0
3127,8.635,1000000.0,625693094458.0,625891091291.0,9.0,200.0,1.0,197996833.0,200.0,0.0,200000000.0,1.0,2.0
3128,8.856435643564357,1000000.0,625892094500.0,626091091041.0,9.0,202.0,1.0,198996541.0,202.0,0.0,202000000.0,1.0,2.0
3129,8.747524752475247,1000000.0,626092094416.0,626292091041.0,9.0,202.0,1.0,199996625.0,202.0,0.0,202000000.0,1.0,2.0
3130,8.412935323383085,1000000.0,626293090958.0,626492091000.0,9.0,201.0,1.0,199000042.0,201.0,0.0,201000000.0,1.0,2.0
3131,8.527363184079602,1000000.0,626493094500.0,626692091041.0,9.0,201.0,1.0,198996541.0,201.0,0.0,201000000.0,1.0,2.0
3132,8.776119402985074,1000000.0,626693094541.0,626892091041.0,9.0,201.0,1.0,198996500.0,201.0,0.0,201000000.0,1.0,2.0
3133,8.69,1000000.0,626893094458.0,627092091000.0,9.0,200.0,1.0,198996542.0,200.0,0.0,200000000.0,1.0,1.0
3134,8.75,1000000.0,627093094291.0,627291098083.0,9.0,200.0,1.0,198003792.0,200.0,0.0,200000000.0,1.0,2.0
3135,8.756218905472636,1000000.0,627292094458.0,627491091041.0,10.0,201.0,1.0,198996583.0,201.0,0.0,201000000.0,1.0,3.0
3136,8.608910891089108,1000000.0,627492094333.0,627691094500.0,9.0,202.0,1.0,199000167.0,202.0,0.0,202000000.0,1.0,2.0
3137,8.643564356435643,1000000.0,627692094291.0,627891090958.0,9.0,202.0,1.0,198996667.0,202.0,0.0,202000000.0,1.0,2.0
3138,8.663366336633663,1000000.0,627892094500.0,628092091041.0,9.0,202.0,1.0,199996541.0,202.0,0.0,202000000.0,1.0,2.0
3139,8.683168316831683,1000000.0,628093090958.0,628292091041.0,10.0,202.0,1.0,199000083.0,202.0,0.0,202000000.0,1.0,2.0
3140,8.648514851485148,1000000.0,628293094500.0,628492091041.0,10.0,202.0,1.0,198996541.0,202.0,0.0,202000000.0,1.0,2.0
3141,8.51,1000000.0,628493094458.0,628692091083.0,9.0,200.0,1.0,198996625.0,200.0,0.0,200000000.0,1.0,2.0
3142,7.517412935323383,1000000.0,628693094416.0,628892091291.0,11.0,201.0,1.0,198996875.0,201.0,0.0,201000000.0,1.0,2.0
3143,4.564356435643564,1000000.0,628893094583.0,629092091166.0,6.0,202.0,1.0,198996583.0,202.0,0.0,202000000.0,1.0,2.0
3144,4.39,1000000.0,629093094458.0,629291091041.0,5.0,200.0,1.0,197996583.0,200.0,0.0,200000000.0,1.0,3.0
3145,4.492537313432836,1000000.0,629292094583.0,629491091000.0,5.0,201.0,1.0,198996417.0,201.0,0.0,201000000.0,1.0,2.0
3146,4.684729064039409,1000000.0,629492094541.0,629692091208.0,5.0,203.0,1.0,199996667.0,203.0,0.0,203000000.0,1.0,2.0
3147,4.463054187192118,1000000.0,629693091166.0,629892091041.0,5.0,203.0,1.0,198999875.0,203.0,0.0,203000000.0,1.0,2.0
3148,4.566502463054187,1000000.0,629893091166.0,630092091041.0,6.0,203.0,1.0,198999875.0,203.0,0.0,203000000.0,1.0,2.0
3149,4.4278606965174125,1000000.0,630093094375.0,630292090958.0,7.0,201.0,1.0,198996583.0,201.0,0.0,201000000.0,1.0,2.0
3150,4.76,1000000.0,630293094625.0,630491091291.0,6.0,200.0,1.0,197996666.0,200.0,0.0,200000000.0,1.0,2.0
3151,4.72636815920398,1000000.0,630492094375.0,630691091041.0,6.0,201.0,1.0,198996666.0,201.0,0.0,201000000.0,1.0,2.0
3152,4.717821782178218,1000000.0,630692094458.0,630892091250.0,5.0,202.0,1.0,199996792.0,202.0,0.0,202000000.0,1.0,2.0
3153,4.621890547263682,1000000.0,630893091291.0,631091091375.0,6.0,201.0,1.0,198000084.0,201.0,0.0,201000000.0,1.0,2.0
3154,4.77,1000000.0,631092094416.0,631291091166.0,5.0,200.0,1.0,198996750.0,200.0,0.0,200000000.0,1.0,1.0
3155,4.673267326732673,1000000.0,631292094458.0,631492091083.0,5.0,202.0,1.0,199996625.0,202.0,0.0,202000000.0,1.0,2.0
3156,5.12,1000000.0,631493094458.0,631691094500.0,7.0,200.0,1.0,198000042.0,200.0,0.0,200000000.0,1.0,2.0
3157,5.084158415841584,1000000.0,631692094458.0,631892091208.0,7.0,202.0,1.0,199996750.0,202.0,0.0,202000000.0,1.0,2.0
3158,4.816831683168317,1000000.0,631893094416.0,632091091166.0,6.0,202.0,1.0,197996750.0,202.0,0.0,202000000.0,1.0,2.0
3159,4.729064039408867,1000000.0,632092094458.0,632291091000.0,6.0,203.0,1.0,198996542.0,203.0,0.0,203000000.0,1.0,2.0
3160,4.778325123152709,1000000.0,632292094416.0,632491090958.0,6.0,203.0,1.0,198996542.0,203.0,0.0,203000000.0,1.0,2.0
3161,4.76,1000000.0,632492094458.0,632691094416.0,5.0,200.0,1.0,198999958.0,200.0,0.0,200000000.0,1.0,1.0
3162,4.886699507389163,1000000.0,632692094458.0,632892091208.0,6.0,203.0,1.0,199996750.0,203.0,0.0,203000000.0,1.0,2.0
3163,4.623762376237623,1000000.0,632893094541.0,633092091083.0,6.0,202.0,1.0,198996542.0,202.0,0.0,202000000.0,1.0,3.0
3164,4.623762376237623,1000000.0,633093094458.0,633292091291.0,5.0,202.0,1.0,198996833.0,202.0,0.0,202000000.0,1.0,2.0
3165,4.51,1000000.0,633293091208.0,633491091000.0,5.0,200.0,1.0,197999792.0,200.0,0.0,200000000.0,1.0,2.0
3166,4.527363184079602,1000000.0,633492094500.0,633691094416.0,5.0,201.0,1.0,198999916.0,201.0,0.0,201000000.0,1.0,2.0
3167,4.688118811881188,1000000.0,633692094375.0,633892091291.0,8.0,202.0,1.0,199996916.0,202.0,0.0,202000000.0,1.0,2.0
3168,4.802955665024631,1000000.0,633893094541.0,634092091000.0,6.0,203.0,1.0,198996459.0,203.0,0.0,203000000.0,1.0,2.0
3169,4.69,1000000.0,634093094500.0,634291091291.0,5.0,200.0,1.0,197996791.0,200.0,0.0,200000000.0,1.0,2.0
3170,4.845771144278607,1000000.0,634292094541.0,634492091083.0,7.0,201.0,1.0,199996542.0,201.0,0.0,201000000.0,1.0,2.0
3171,4.756218905472637,1000000.0,634493094500.0,634692091000.0,7.0,201.0,1.0,198996500.0,201.0,0.0,201000000.0,1.0,2.0
3172,4.398009950248756,1000000.0,634693094375.0,634891094500.0,6.0,201.0,1.0,198000125.0,201.0,0.0,201000000.0,1.0,2.0
3173,4.656716417910448,1000000.0,634892094416.0,635091091041.0,5.0,201.0,1.0,198996625.0,201.0,0.0,201000000.0,1.0,2.0
3174,4.50990099009901,1000000.0,635092094583.0,635292091166.0,5.0,202.0,1.0,199996583.0,202.0,0.0,202000000.0,1.0,2.0
3175,4.58,1000000.0,635293091166.0,635491091041.0,5.0,200.0,1.0,197999875.0,200.0,0.0,200000000.0,1.0,2.0
3176,4.626865671641791,1000000.0,635492094333.0,635691094500.0,6.0,201.0,1.0,199000167.0,201.0,0.0,201000000.0,1.0,3.0
3177,4.99009900990099,1000000.0,635692094541.0,635892091291.0,6.0,202.0,1.0,199996750.0,202.0,0.0,202000000.0,1.0,2.0
3178,4.696517412935323,1000000.0,635893094500.0,636092091000.0,5.0,201.0,1.0,198996500.0,201.0,0.0,201000000.0,1.0,2.0
3179,4.564356435643564,1000000.0,636093094500.0,636292091125.0,5.0,202.0,1.0,198996625.0,202.0,0.0,202000000.0,1.0,2.0
3180,7.621890547263682,1000000.0,636293094583.0,636491091083.0,9.0,201.0,1.0,197996500.0,201.0,0.0,201000000.0,1.0,2.0
3181,8.587064676616915,1000000.0,636492094375.0,636691091000.0,9.0,201.0,1.0,198996625.0,201.0,0.0,201000000.0,1.0,3.0
3182,8.663366336633663,1000000.0,636692094458.0,636892091250.0,9.0,202.0,1.0,199996792.0,202.0,0.0,202000000.0,1.0,2.0
3183,8.537313432835822,1000000.0,636893094500.0,637091094333.0,9.0,201.0,1.0,197999833.0,201.0,0.0,201000000.0,1.0,2.0
3184,8.773399014778326,1000000.0,637092094583.0,637292091000.0,9.0,203.0,1.0,199996417.0,203.0,0.0,203000000.0,1.0,2.0
3185,8.735,1000000.0,637293094250.0,637491091625.0,10.0,200.0,1.0,197997375.0,200.0,0.0,200000000.0,1.0,2.0
3186,8.796019900497512,1000000.0,637492094500.0,637691091041.0,10.0,201.0,1.0,198996541.0,201.0,0.0,201000000.0,1.0,2.0
3187,8.46039603960396,1000000.0,637692094291.0,637892091166.0,9.0,202.0,1.0,199996875.0,202.0,0.0,202000000.0,1.0,2.0
3188,8.79,1000000.0,637893094333.0,638091091541.0,9.0,200.0,1.0,197997208.0,200.0,0.0,200000000.0,1.0,2.0
3189,8.817733990147783,1000000.0,638092094500.0,638292091166.0,10.0,203.0,1.0,199996666.0,203.0,0.0,203000000.0,1.0,2.0
3190,8.73,1000000.0,638293094416.0,638491094291.0,11.0,200.0,1.0,197999875.0,200.0,0.0,200000000.0,1.0,2.0
3191,8.560975609756097,1000000.0,638492094416.0,638692091125.0,9.0,205.0,1.0,199996709.0,205.0,0.0,205000000.0,1.0,2.0
3192,8.663366336633663,1000000.0,638693091291.0,638892091125.0,10.0,202.0,1.0,198999834.0,202.0,0.0,202000000.0,1.0,2.0
3193,8.694581280788178,1000000.0,638893091250.0,639092091125.0,9.0,203.0,1.0,198999875.0,203.0,0.0,203000000.0,1.0,2.0
3194,8.675,1000000.0,639093094458.0,639292091250.0,9.0,200.0,1.0,198996792.0,200.0,0.0,200000000.0,1.0,2.0
3195,8.613861386138614,1000000.0,639293091000.0,639492091333.0,10.0,202.0,1.0,199000333.0,202.0,0.0,202000000.0,1.0,3.0
3196,8.870646766169154,1000000.0,639493094458.0,639692091041.0,9.0,201.0,1.0,198996583.0,201.0,0.0,201000000.0,1.0,2.0
3197,8.801980198019802,1000000.0,639693094375.0,639892091041.0,9.0,202.0,1.0,198996666.0,202.0,0.0,202000000.0,1.0,2.0
3198,8.721393034825871,1000000.0,639893094333.0,640091094500.0,9.0,201.0,1.0,198000167.0,201.0,0.0,201000000.0,1.0,2.0
3199,8.782178217821782,1000000.0,640092094416.0,640291091041.0,9.0,202.0,1.0,198996625.0,202.0,0.0,202000000.0,1.0,2.0
3200,8.678217821782178,1000000.0,640292094458.0,640492091125.0,9.0,202.0,1.0,199996667.0,202.0,0.0,202000000.0,1.0,2.0
3201,8.495,1000000.0,640493091000.0,640691091083.0,9.0,200.0,1.0,198000083.0,200.0,0.0,200000000.0,1.0,2.0
3202,8.54726368159204,1000000.0,640692094375.0,640891090958.0,9.0,201.0,1.0,198996583.0,201.0,0.0,201000000.0,1.0,2.0
3203,8.46,1000000.0,640892094458.0,641091091166.0,9.0,200.0,1.0,198996708.0,200.0,0.0,200000000.0,1.0,1.0
3204,8.63681592039801,1000000.0,641092094500.0,641291094500.0,9.0,201.0,1.0,199000000.0,201.0,0.0,201000000.0,1.0,2.0
3205,8.950738916256158,1000000.0,641292094375.0,641492091000.0,9.0,203.0,1.0,199996625.0,203.0,0.0,203000000.0,1.0,2.0
3206,8.435,1000000.0,641493094333.0,641691091000.0,9.0,200.0,1.0,197996667.0,200.0,0.0,200000000.0,1.0,2.0
3207,8.457711442786069,1000000.0,641692094416.0,641891091041.0,9.0,201.0,1.0,198996625.0,201.0,0.0,201000000.0,1.0,2.0
3208,8.89655172413793,1000000.0,641892094458.0,642091091041.0,10.0,203.0,1.0,198996583.0,203.0,0.0,203000000.0,1.0,2.0
3209,8.57920792079208,1000000.0,642092094458.0,642291091125.0,9.0,202.0,1.0,198996667.0,202.0,0.0,202000000.0,1.0,2.0
3210,8.450495049504951,1000000.0,642292094500.0,642492091041.0,9.0,202.0,1.0,199996541.0,202.0,0.0,202000000.0,1.0,2.0
3211,8.688118811881187,1000000.0,642493094416.0,642692091000.0,9.0,202.0,1.0,198996584.0,202.0,0.0,202000000.0,1.0,2.0
3212,8.522388059701493,1000000.0,642693094333.0,642892091333.0,10.0,201.0,1.0,198997000.0,201.0,0.0,201000000.0,1.0,2.0
3213,8.717821782178218,1000000.0,642893094500.0,643092091208.0,10.0,202.0,1.0,198996708.0,202.0,0.0,202000000.0,1.0,2.0
3214,8.81592039800995,1000000.0,643093094500.0,643291094500.0,10.0,201.0,1.0,198000000.0,201.0,0.0,201000000.0,1.0,2.0
3215,8.549504950495049,1000000.0,643292094583.0,643492091166.0,10.0,202.0,1.0,199996583.0,202.0,0.0,202000000.0,1.0,2.0
3216,8.71,1000000.0,643493094541.0,643691091125.0,9.0,200.0,1.0,197996584.0,200.0,0.0,200000000.0,1.0,2.0
3217,7.696517412935323,1000000.0,643692094625.0,643892091166.0,9.0,201.0,1.0,199996541.0,201.0,0.0,201000000.0,1.0,2.0
3218,5.1,1000000.0,643893094416.0,644091094500.0,8.0,200.0,1.0,198000084.0,200.0,0.0,200000000.0,1.0,2.0
3219,4.712871287128713,1000000.0,644092094416.0,644292091041.0,5.0,202.0,1.0,199996625.0,202.0,0.0,202000000.0,1.0,2.0
3220,4.597014925373134,1000000.0,644293094500.0,644491094500.0,5.0,201.0,1.0,198000000.0,201.0,0.0,201000000.0,1.0,2.0
3221,4.402985074626866,1000000.0,644492094500.0,644691091041.0,6.0,201.0,1.0,198996541.0,201.0,0.0,201000000.0,1.0,2.0
3222,4.7227722772277225,1000000.0,644692094541.0,644892091000.0,5.0,202.0,1.0,199996459.0,202.0,0.0,202000000.0,1.0,2.0
3223,4.579207920792079,1000000.0,644893091083.0,645092091208.0,6.0,202.0,1.0,199000125.0,202.0,0.0,202000000.0,1.0,2.0
3224,4.970149253731344,1000000.0,645093094333.0,645292091041.0,6.0,201.0,1.0,198996708.0,201.0,0.0,201000000.0,1.0,2.0
3225,4.736318407960199,1000000.0,645293094500.0,645491094500.0,6.0,201.0,1.0,198000000.0,201.0,0.0,201000000.0,1.0,2.0
3226,4.876237623762377,1000000.0,645492094541.0,645691091041.0,6.0,202.0,1.0,198996500.0,202.0,0.0,202000000.0,1.0,2.0
3227,4.69,1000000.0,645692094416.0,645891091083.0,5.0,200.0,1.0,198996667.0,200.0,0.0,200000000.0,1.0,2.0
3228,4.737623762376238,1000000.0,645892094541.0,646092091000.0,5.0,202.0,1.0,199996459.0,202.0,0.0,202000000.0,1.0,2.0
3229,4.731343283582089,1000000.0,646093094500.0,646291094458.0,5.0,201.0,1.0,197999958.0,201.0,0.0,201000000.0,1.0,2.0
3230,4.875621890547263,1000000.0,646292094458.0,646491094458.0,6.0,201.0,1.0,199000000.0,201.0,0.0,201000000.0,1.0,2.0
3231,4.767326732673268,1000000.0,646492094541.0,646692091250.0,6.0,202.0,1.0,199996709.0,202.0,0.0,202000000.0,1.0,2.0
3232,4.705,1000000.0,646693094541.0,646891094416.0,5.0,200.0,1.0,197999875.0,200.0,0.0,200000000.0,1.0,2.0
3233,4.711442786069652,1000000.0,646892094458.0,647092091083.0,6.0,201.0,1.0,199996625.0,201.0,0.0,201000000.0,1.0,2.0
3234,4.582089552238806,1000000.0,647093094333.0,647292091000.0,5.0,201.0,1.0,198996667.0,201.0,0.0,201000000.0,1.0,2.0
3235,4.686567164179104,1000000.0,647293094541.0,647491091000.0,5.0,201.0,1.0,197996459.0,201.0,0.0,201000000.0,1.0,2.0
3236,4.6683168316831685,1000000.0,647492094500.0,647692091166.0,6.0,202.0,1.0,199996666.0,202.0,0.0,202000000.0,1.0,2.0
3237,4.5721393034825875,1000000.0,647693091083.0,647892091000.0,5.0,201.0,1.0,198999917.0,201.0,0.0,201000000.0,1.0,2.0
3238,4.701492537313433,1000000.0,647893091208.0,648091094541.0,5.0,201.0,1.0,198003333.0,201.0,0.0,201000000.0,1.0,2.0
3239,4.772277227722772,1000000.0,648092094500.0,648292091208.0,6.0,202.0,1.0,199996708.0,202.0,0.0,202000000.0,1.0,2.0
3240,4.525,1000000.0,648293091291.0,648491091416.0,5.0,200.0,1.0,198000125.0,200.0,0.0,200000000.0,1.0,2.0
3241,4.72636815920398,1000000.0,648492094500.0,648691091250.0,6.0,201.0,1.0,198996750.0,201.0,0.0,201000000.0,1.0,2.0
3242,4.430693069306931,1000000.0,648692094458.0,648891091083.0,5.0,202.0,1.0,198996625.0,202.0,0.0,202000000.0,1.0,2.0
3243,4.920398009950249,1000000.0,648892094458.0,649091091208.0,8.0,201.0,1.0,198996750.0,201.0,0.0,201000000.0,1.0,2.0
3244,4.768472906403941,1000000.0,649092094500.0,649292090958.0,7.0,203.0,1.0,199996458.0,203.0,0.0,203000000.0,1.0,2.0
3245,4.4278606965174125,1000000.0,649293094541.0,649492091000.0,5.0,201.0,1.0,198996459.0,201.0,0.0,201000000.0,1.0,2.0
3246,4.88,1000000.0,649493094333.0,649691091083.0,5.0,200.0,1.0,197996750.0,200.0,0.0,200000000.0,1.0,2.0
3247,4.812807881773399,1000000.0,649692094416.0,649891091083.0,5.0,203.0,1.0,198996667.0,203.0,0.0,203000000.0,1.0,2.0
3248,5.188118811881188,1000000.0,649892094458.0,650092091125.0,7.0,202.0,1.0,199996667.0,202.0,0.0,202000000.0,1.0,2.0
3249,4.587064676616915,1000000.0,650093091166.0,650292091083.0,5.0,201.0,1.0,198999917.0,201.0,0.0,201000000.0,1.0,2.0
3250,4.841584158415841,1000000.0,650293091333.0,650492091166.0,5.0,202.0,1.0,198999833.0,202.0,0.0,202000000.0,1.0,2.0
3251,4.715,1000000.0,650493091208.0,650691094500.0,5.0,200.0,1.0,198003292.0,200.0,0.0,200000000.0,1.0,2.0
3252,4.702970297029703,1000000.0,650692094375.0,650892091375.0,6.0,202.0,1.0,199997000.0,202.0,0.0,202000000.0,1.0,2.0
3253,4.776119402985074,1000000.0,650893091291.0,651092091041.0,5.0,201.0,1.0,198999750.0,201.0,0.0,201000000.0,1.0,2.0
3254,4.905,1000000.0,651093094375.0,651291091041.0,5.0,200.0,1.0,197996666.0,200.0,0.0,200000000.0,1.0,2.0
3255,7.762376237623762,1000000.0,651292094458.0,651491091083.0,10.0,202.0,1.0,198996625.0,202.0,0.0,202000000.0,1.0,2.0
3256,8.628712871287128,1000000.0,651492094416.0,651691094416.0,9.0,202.0,1.0,199000000.0,202.0,0.0,202000000.0,1.0,2.0
3257,8.63681592039801,1000000.0,651692094458.0,651891094291.0,10.0,201.0,1.0,198999833.0,201.0,0.0,201000000.0,1.0,2.0
3258,8.597014925373134,1000000.0,651892094500.0,652091094333.0,9.0,201.0,1.0,198999833.0,201.0,0.0,201000000.0,1.0,2.0
3259,8.671641791044776,1000000.0,652092094416.0,652291091166.0,10.0,201.0,1.0,198996750.0,201.0,0.0,201000000.0,1.0,2.0
3260,8.47,1000000.0,652292094458.0,652491091041.0,9.0,200.0,1.0,198996583.0,200.0,0.0,200000000.0,1.0,1.0
3261,8.896039603960396,1000000.0,652492094416.0,652692091291.0,10.0,202.0,1.0,199996875.0,202.0,0.0,202000000.0,1.0,2.0
3262,8.74129353233831,1000000.0,652693091250.0,652892091166.0,10.0,201.0,1.0,198999916.0,201.0,0.0,201000000.0,1.0,2.0
3263,8.751243781094526,1000000.0,652893091250.0,653092091041.0,9.0,201.0,1.0,198999791.0,201.0,0.0,201000000.0,1.0,2.0
3264,8.678217821782178,1000000.0,653093094333.0,653292091166.0,9.0,202.0,1.0,198996833.0,202.0,0.0,202000000.0,1.0,2.0
3265,8.475,1000000.0,653293094541.0,653491094500.0,10.0,200.0,1.0,197999959.0,200.0,0.0,200000000.0,1.0,2.0
3266,8.584158415841584,1000000.0,653492094416.0,653691094458.0,9.0,202.0,1.0,199000042.0,202.0,0.0,202000000.0,1.0,3.0
3267,8.787128712871286,1000000.0,653692094416.0,653891094500.0,10.0,202.0,1.0,199000084.0,202.0,0.0,202000000.0,1.0,2.0
3268,8.895522388059701,1000000.0,653892094500.0,654091091125.0,11.0,201.0,1.0,198996625.0,201.0,0.0,201000000.0,1.0,2.0
3269,8.422885572139304,1000000.0,654092094416.0,654291091041.0,9.0,201.0,1.0,198996625.0,201.0,0.0,201000000.0,1.0,2.0
3270,8.490099009900991,1000000.0,654292094458.0,654492091250.0,9.0,202.0,1.0,199996792.0,202.0,0.0,202000000.0,1.0,2.0
3271,8.800995024875622,1000000.0,654493091416.0,654692091166.0,10.0,201.0,1.0,198999750.0,201.0,0.0,201000000.0,1.0,2.0
3272,8.606965174129353,1000000.0,654693091208.0,654892091250.0,9.0,201.0,1.0,199000042.0,201.0,0.0,201000000.0,1.0,2.0
3273,8.313432835820896,1000000.0,654893094416.0,655092091041.0,9.0,201.0,1.0,198996625.0,201.0,0.0,201000000.0,1.0,2.0
3274,8.701492537313433,1000000.0,655093094375.0,655292091291.0,9.0,201.0,1.0,198996916.0,201.0,0.0,201000000.0,1.0,2.0
3275,8.99,1000000.0,655293094583.0,655491091041.0,9.0,200.0,1.0,197996458.0,200.0,0.0,200000000.0,1.0,2.0
3276,8.935643564356436,1000000.0,655492094500.0,655691091041.0,10.0,202.0,1.0,198996541.0,202.0,0.0,202000000.0,1.0,2.0
3277,8.722772277227723,1000000.0,655692094375.0,655892091250.0,9.0,202.0,1.0,199996875.0,202.0,0.0,202000000.0,1.0,2.0
3278,8.821782178217822,1000000.0,655893091250.0,656092091250.0,10.0,202.0,1.0,199000000.0,202.0,0.0,202000000.0,1.0,2.0
3279,8.810945273631841,1000000.0,656093094416.0,656292091000.0,10.0,201.0,1.0,198996584.0,201.0,0.0,201000000.0,1.0,2.0
3280,8.61,1000000.0,656293094458.0,656491091000.0,10.0,200.0,1.0,197996542.0,200.0,0.0,200000000.0,1.0,2.0
3281,8.866336633663366,1000000.0,656492094416.0,656692091208.0,9.0,202.0,1.0,199996792.0,202.0,0.0,202000000.0,1.0,2.0
3282,8.457286432160805,1000000.0,656693091250.0,656891091000.0,9.0,199.0,1.0,197999750.0,199.0,0.0,199000000.0,1.0,2.0
3283,8.733990147783251,1000000.0,656892094708.0,657092091166.0,9.0,203.0,1.0,199996458.0,203.0,0.0,203000000.0,1.0,2.0
3284,8.800995024875622,1000000.0,657093094500.0,657292091166.0,9.0,201.0,1.0,198996666.0,201.0,0.0,201000000.0,1.0,2.0
3285,8.625,1000000.0,657293091250.0,657491094333.0,9.0,200.0,1.0,198003083.0,200.0,0.0,200000000.0,1.0,2.0
3286,8.521951219512195,1000000.0,657492094458.0,657692091125.0,10.0,205.0,1.0,199996667.0,205.0,0.0,205000000.0,1.0,2.0
3287,8.82089552238806,1000000.0,657693094291.0,657891091250.0,9.0,201.0,1.0,197996959.0,201.0,0.0,201000000.0,1.0,2.0
3288,8.656716417910447,1000000.0,657892094416.0,658091091041.0,9.0,201.0,1.0,198996625.0,201.0,0.0,201000000.0,1.0,2.0
3289,8.653465346534654,1000000.0,658092094458.0,658292091208.0,9.0,202.0,1.0,199996750.0,202.0,0.0,202000000.0,1.0,2.0
3290,8.855,1000000.0,658293094500.0,658491091041.0,9.0,200.0,1.0,197996541.0,200.0,0.0,200000000.0,1.0,2.0
3291,8.831683168316832,1000000.0,658492094291.0,658692091041.0,9.0,202.0,1.0,199996750.0,202.0,0.0,202000000.0,1.0,2.0
3292,7.686567164179104,1000000.0,658693091000.0,658892091166.0,9.0,201.0,1.0,199000166.0,201.0,0.0,201000000.0,1.0,2.0
3293,4.714285714285714,1000000.0,658893094625.0,659092091041.0,6.0,203.0,1.0,198996416.0,203.0,0.0,203000000.0,1.0,2.0
3294,4.712871287128713,1000000.0,659093094708.0,659292091041.0,6.0,202.0,1.0,198996333.0,202.0,0.0,202000000.0,1.0,2.0
3295,4.772277227722772,1000000.0,659293094458.0,659492091625.0,8.0,202.0,1.0,198997167.0,202.0,0.0,202000000.0,1.0,2.0
3296,4.915841584158416,1000000.0,659493092000.0,659691094458.0,10.0,202.0,1.0,198002458.0,202.0,0.0,202000000.0,1.0,2.0
3297,4.6600985221674875,1000000.0,659692094541.0,659892091000.0,6.0,203.0,1.0,199996459.0,203.0,0.0,203000000.0,1.0,2.0
3298,4.683417085427136,1000000.0,659893094458.0,660091091041.0,5.0,199.0,1.0,197996583.0,199.0,0.0,199000000.0,1.0,1.0
3299,4.711442786069652,1000000.0,660092094500.0,660291094458.0,5.0,201.0,1.0,198999958.0,201.0,0.0,201000000.0,1.0,2.0
3300,4.639024390243902,1000000.0,660292094458.0,660492091000.0,5.0,205.0,1.0,199996542.0,205.0,0.0,205000000.0,1.0,2.0
3301,4.723618090452261,1000000.0,660493094541.0,660691091041.0,5.0,199.0,1.0,197996500.0,199.0,0.0,199000000.0,1.0,1.0
3302,5.005,1000000.0,660692094458.0,660891091041.0,6.0,200.0,1.0,198996583.0,200.0,0.0,200000000.0,1.0,1.0
3303,4.800995024875622,1000000.0,660892094416.0,661091091000.0,6.0,201.0,1.0,198996584.0,201.0,0.0,201000000.0,1.0,2.0
3304,4.606965174129353,1000000.0,661092094458.0,661291094458.0,6.0,201.0,1.0,199000000.0,201.0,0.0,201000000.0,1.0,2.0
3305,4.68,1000000.0,661292094500.0,661491091000.0,5.0,200.0,1.0,198996500.0,200.0,0.0,200000000.0,1.0,1.0
3306,4.737623762376238,1000000.0,661492094416.0,661692091083.0,7.0,202.0,1.0,199996667.0,202.0,0.0,202000000.0,1.0,2.0
3307,4.935323383084577,1000000.0,661693091125.0,661892091291.0,6.0,201.0,1.0,199000166.0,201.0,0.0,201000000.0,1.0,2.0
3308,4.33,1000000.0,661893094500.0,662092091166.0,5.0,200.0,1.0,198996666.0,200.0,0.0,200000000.0,1.0,1.0
3309,4.755,1000000.0,662093091125.0,662291094541.0,5.0,200.0,1.0,198003416.0,200.0,0.0,200000000.0,1.0,2.0
3310,4.83743842364532,1000000.0,662292094416.0,662492091125.0,6.0,203.0,1.0,199996709.0,203.0,0.0,203000000.0,1.0,2.0
3311,4.522388059701493,1000000.0,662493094458.0,662692091166.0,7.0,201.0,1.0,198996708.0,201.0,0.0,201000000.0,1.0,2.0
3312,4.757425742574258,1000000.0,662693094500.0,662891091000.0,5.0,202.0,1.0,197996500.0,202.0,0.0,202000000.0,1.0,2.0
3313,4.643564356435643,1000000.0,662892094416.0,663091094375.0,5.0,202.0,1.0,198999959.0,202.0,0.0,202000000.0,1.0,2.0
3314,4.575,1000000.0,663092094375.0,663291091041.0,5.0,200.0,1.0,198996666.0,200.0,0.0,200000000.0,1.0,1.0
3315,4.52970297029703,1000000.0,663292094333.0,663491094541.0,5.0,202.0,1.0,199000208.0,202.0,0.0,202000000.0,1.0,2.0
3316,4.564356435643564,1000000.0,663492094500.0,663692091041.0,5.0,202.0,1.0,199996541.0,202.0,0.0,202000000.0,1.0,3.0
3317,4.77,1000000.0,663693094458.0,663892091291.0,5.0,200.0,1.0,198996833.0,200.0,0.0,200000000.0,1.0,1.0
3318,4.6138613861386135,1000000.0,663893094500.0,664091094291.0,6.0,202.0,1.0,197999791.0,202.0,0.0,202000000.0,1.0,2.0
3319,4.736318407960199,1000000.0,664092092833.0,664291094500.0,8.0,201.0,1.0,199001667.0,201.0,0.0,201000000.0,1.0,2.0
3320,4.686567164179104,1000000.0,664292094416.0,664492091041.0,6.0,201.0,1.0,199996625.0,201.0,0.0,201000000.0,1.0,1.0
3321,4.6683168316831685,1000000.0,664493094541.0,664692091166.0,6.0,202.0,1.0,198996625.0,202.0,0.0,202000000.0,1.0,2.0
3322,4.9045226130653266,1000000.0,664693094416.0,664892091166.0,5.0,199.0,1.0,198996750.0,199.0,0.0,199000000.0,1.0,1.0
3323,4.691542288557214,1000000.0,664893094541.0,665092091250.0,5.0,201.0,1.0,198996709.0,201.0,0.0,201000000.0,1.0,2.0
3324,4.57,1000000.0,665093094458.0,665291091000.0,7.0,200.0,1.0,197996542.0,200.0,0.0,200000000.0,1.0,2.0
3325,4.851485148514851,1000000.0,665292094541.0,665491091000.0,5.0,202.0,1.0,198996459.0,202.0,0.0,202000000.0,1.0,2.0
3326,4.787128712871287,1000000.0,665492094416.0,665691094500.0,5.0,202.0,1.0,199000084.0,202.0,0.0,202000000.0,1.0,2.0
3327,4.840796019900497,1000000.0,665692094458.0,665892091291.0,5.0,201.0,1.0,199996833.0,201.0,0.0,201000000.0,1.0,1.0
3328,4.921182266009852,1000000.0,665893094375.0,666092091041.0,6.0,203.0,1.0,198996666.0,203.0,0.0,203000000.0,1.0,2.0
3329,4.658415841584159,1000000.0,666093091083.0,666292091208.0,5.0,202.0,1.0,199000125.0,202.0,0.0,202000000.0,1.0,2.0
3330,7.577114427860696,1000000.0,666293091208.0,666492091083.0,10.0,201.0,1.0,198999875.0,201.0,0.0,201000000.0,1.0,2.0
3331,8.57286432160804,1000000.0,666493094500.0,666691094458.0,9.0,199.0,1.0,197999958.0,199.0,0.0,199000000.0,1.0,2.0
3332,8.53960396039604,1000000.0,666692094458.0,666892091000.0,9.0,202.0,1.0,199996542.0,202.0,0.0,202000000.0,1.0,2.0
3333,8.796019900497512,1000000.0,666893094500.0,667092091000.0,11.0,201.0,1.0,198996500.0,201.0,0.0,201000000.0,1.0,2.0
3334,8.900497512437811,1000000.0,667093091000.0,667291094416.0,9.0,201.0,1.0,198003416.0,201.0,0.0,201000000.0,1.0,2.0
3335,8.386138613861386,1000000.0,667292094458.0,667491091333.0,10.0,202.0,1.0,198996875.0,202.0,0.0,202000000.0,1.0,2.0
3336,8.522388059701493,1000000.0,667492094458.0,667691091083.0,9.0,201.0,1.0,198996625.0,201.0,0.0,201000000.0,1.0,2.0
3337,8.793103448275861,1000000.0,667692094500.0,667892091291.0,9.0,203.0,1.0,199996791.0,203.0,0.0,203000000.0,1.0,2.0
3338,8.751243781094526,1000000.0,667893091291.0,668092091000.0,9.0,201.0,1.0,198999709.0,201.0,0.0,201000000.0,1.0,2.0
3339,8.860696517412935,1000000.0,668093094416.0,668292091416.0,10.0,201.0,1.0,198997000.0,201.0,0.0,201000000.0,1.0,2.0
3340,8.955,1000000.0,668293094458.0,668491091208.0,10.0,200.0,1.0,197996750.0,200.0,0.0,200000000.0,1.0,2.0
3341,8.825,1000000.0,668492094500.0,668691094500.0,10.0,200.0,1.0,199000000.0,200.0,0.0,200000000.0,1.0,1.0
3342,8.86,1000000.0,668692094500.0,668891091000.0,9.0,200.0,1.0,198996500.0,200.0,0.0,200000000.0,1.0,1.0
3343,8.842364532019705,1000000.0,668892094458.0,669091094375.0,10.0,203.0,1.0,198999917.0,203.0,0.0,203000000.0,1.0,2.0
3344,8.935,1000000.0,669092094375.0,669291091000.0,11.0,200.0,1.0,198996625.0,200.0,0.0,200000000.0,1.0,2.0
3345,8.781094527363184,1000000.0,669292094583.0,669491094458.0,10.0,201.0,1.0,198999875.0,201.0,0.0,201000000.0,1.0,2.0
3346,8.482587064676617,1000000.0,669492094375.0,669691094458.0,9.0,201.0,1.0,199000083.0,201.0,0.0,201000000.0,1.0,2.0
3347,8.61576354679803,1000000.0,669692094333.0,669892091166.0,9.0,203.0,1.0,199996833.0,203.0,0.0,203000000.0,1.0,2.0
3348,8.768844221105528,1000000.0,669893094458.0,670091091166.0,10.0,199.0,1.0,197996708.0,199.0,0.0,199000000.0,1.0,1.0
3349,8.61576354679803,1000000.0,670092094458.0,670292091000.0,9.0,203.0,1.0,199996542.0,203.0,0.0,203000000.0,1.0,2.0
3350,8.405940594059405,1000000.0,670293094250.0,670492091208.0,9.0,202.0,1.0,198996958.0,202.0,0.0,202000000.0,1.0,2.0
3351,8.665,1000000.0,670493094333.0,670691091166.0,9.0,200.0,1.0,197996833.0,200.0,0.0,200000000.0,1.0,2.0
3352,8.57920792079208,1000000.0,670692094583.0,670892091125.0,9.0,202.0,1.0,199996542.0,202.0,0.0,202000000.0,1.0,2.0
3353,8.698019801980198,1000000.0,670893094500.0,671092091208.0,10.0,202.0,1.0,198996708.0,202.0,0.0,202000000.0,1.0,2.0
3354,8.717821782178218,1000000.0,671093094375.0,671291094416.0,10.0,202.0,1.0,198000041.0,202.0,0.0,202000000.0,1.0,2.0
3355,8.787128712871286,1000000.0,671292094500.0,671492090958.0,9.0,202.0,1.0,199996458.0,202.0,0.0,202000000.0,1.0,2.0
3356,8.668316831683168,1000000.0,671493094375.0,671691094458.0,10.0,202.0,1.0,198000083.0,202.0,0.0,202000000.0,1.0,2.0
3357,8.587064676616915,1000000.0,671692094583.0,671892091083.0,9.0,201.0,1.0,199996500.0,201.0,0.0,201000000.0,1.0,1.0
3358,8.537313432835822,1000000.0,671893094416.0,672092091166.0,10.0,201.0,1.0,198996750.0,201.0,0.0,201000000.0,1.0,2.0
3359,8.94088669950739,1000000.0,672093091125.0,672292091208.0,11.0,203.0,1.0,199000083.0,203.0,0.0,203000000.0,1.0,3.0
3360,8.950248756218905,1000000.0,672293091458.0,672492091083.0,11.0,201.0,1.0,198999625.0,201.0,0.0,201000000.0,1.0,2.0
3361,8.781094527363184,1000000.0,672493094416.0,672692091041.0,10.0,201.0,1.0,198996625.0,201.0,0.0,201000000.0,1.0,2.0
3362,9.07960199004975,1000000.0,672693094458.0,672892091000.0,10.0,201.0,1.0,198996542.0,201.0,0.0,201000000.0,1.0,2.0
3363,8.470297029702971,1000000.0,672893094333.0,673092090958.0,10.0,202.0,1.0,198996625.0,202.0,0.0,202000000.0,1.0,3.0
3364,8.422885572139304,1000000.0,673093094375.0,673291091000.0,9.0,201.0,1.0,197996625.0,201.0,0.0,201000000.0,1.0,2.0
3365,8.435643564356436,1000000.0,673292094458.0,673492091375.0,9.0,202.0,1.0,199996917.0,202.0,0.0,202000000.0,1.0,2.0
3366,8.422110552763819,1000000.0,673493091208.0,673691094291.0,9.0,199.0,1.0,198003083.0,199.0,0.0,199000000.0,1.0,2.0
3367,7.551724137931035,1000000.0,673692094458.0,673892091208.0,10.0,203.0,1.0,199996750.0,203.0,0.0,203000000.0,1.0,2.0
3368,4.693069306930693,1000000.0,673893091166.0,674092091291.0,7.0,202.0,1.0,199000125.0,202.0,0.0,202000000.0,1.0,2.0
3369,5.1840796019900495,1000000.0,674093094458.0,674292091125.0,7.0,201.0,1.0,198996667.0,201.0,0.0,201000000.0,1.0,2.0
3370,4.541871921182266,1000000.0,674293094458.0,674492091041.0,5.0,203.0,1.0,198996583.0,203.0,0.0,203000000.0,1.0,2.0
3371,4.462686567164179,1000000.0,674493094541.0,674691091083.0,6.0,201.0,1.0,197996542.0,201.0,0.0,201000000.0,1.0,3.0
3372,4.75,1000000.0,674692094291.0,674891094500.0,5.0,200.0,1.0,199000209.0,200.0,0.0,200000000.0,1.0,1.0
3373,4.756218905472637,1000000.0,674892094416.0,675091091000.0,6.0,201.0,1.0,198996584.0,201.0,0.0,201000000.0,1.0,2.0
3374,4.846534653465347,1000000.0,675092094625.0,675291091083.0,6.0,202.0,1.0,198996458.0,202.0,0.0,202000000.0,1.0,2.0
3375,4.736318407960199,1000000.0,675292094541.0,675491098333.0,5.0,201.0,1.0,199003792.0,201.0,0.0,201000000.0,1.0,2.0
3376,4.83743842364532,1000000.0,675492094500.0,675692091291.0,6.0,203.0,1.0,199996791.0,203.0,0.0,203000000.0,1.0,2.0
3377,4.8059701492537314,1000000.0,675693094541.0,675892091125.0,6.0,201.0,1.0,198996584.0,201.0,0.0,201000000.0,1.0,2.0
3378,4.674876847290641,1000000.0,675893094416.0,676091091041.0,6.0,203.0,1.0,197996625.0,203.0,0.0,203000000.0,1.0,2.0
3379,4.437810945273632,1000000.0,676092094458.0,676291091041.0,6.0,201.0,1.0,198996583.0,201.0,0.0,201000000.0,1.0,2.0
3380,4.82089552238806,1000000.0,676292094541.0,676491102375.0,5.0,201.0,1.0,199007834.0,201.0,0.0,201000000.0,1.0,2.0
3381,4.826732673267327,1000000.0,676492094458.0,676692090958.0,6.0,202.0,1.0,199996500.0,202.0,0.0,202000000.0,1.0,2.0
3382,4.865,1000000.0,676693091125.0,676891094583.0,6.0,200.0,1.0,198003458.0,200.0,0.0,200000000.0,1.0,2.0
3383,4.826732673267327,1000000.0,676892094458.0,677092091041.0,5.0,202.0,1.0,199996583.0,202.0,0.0,202000000.0,1.0,2.0
3384,4.756218905472637,1000000.0,677093094375.0,677292091000.0,5.0,201.0,1.0,198996625.0,201.0,0.0,201000000.0,1.0,2.0
3385,4.717821782178218,1000000.0,677293094583.0,677491094541.0,6.0,202.0,1.0,197999958.0,202.0,0.0,202000000.0,1.0,2.0
3386,4.52970297029703,1000000.0,677492094416.0,677692091083.0,7.0,202.0,1.0,199996667.0,202.0,0.0,202000000.0,1.0,2.0
3387,4.707920792079208,1000000.0,677693094583.0,677891094375.0,6.0,202.0,1.0,197999792.0,202.0,0.0,202000000.0,1.0,2.0
3388,4.551724137931035,1000000.0,677892094416.0,678091091166.0,5.0,203.0,1.0,198996750.0,203.0,0.0,203000000.0,1.0,2.0
3389,4.455445544554456,1000000.0,678092094458.0,678292090958.0,5.0,202.0,1.0,199996500.0,202.0,0.0,202000000.0,1.0,2.0
3390,4.745,1000000.0,678293091250.0,678492091041.0,6.0,200.0,1.0,198999791.0,200.0,0.0,200000000.0,1.0,2.0
3391,4.757425742574258,1000000.0,678493094500.0,678692091166.0,5.0,202.0,1.0,198996666.0,202.0,0.0,202000000.0,1.0,2.0
3392,4.7772277227722775,1000000.0,678693094541.0,678892090958.0,6.0,202.0,1.0,198996417.0,202.0,0.0,202000000.0,1.0,2.0
3393,4.6,1000000.0,678893094625.0,679092091000.0,5.0,200.0,1.0,198996375.0,200.0,0.0,200000000.0,1.0,1.0
3394,4.890547263681592,1000000.0,679093094625.0,679291091041.0,7.0,201.0,1.0,197996416.0,201.0,0.0,201000000.0,1.0,2.0
3395,4.851485148514851,1000000.0,679292094375.0,679491091000.0,7.0,202.0,1.0,198996625.0,202.0,0.0,202000000.0,1.0,2.0
3396,4.696078431372549,1000000.0,679492094458.0,679692091083.0,5.0,204.0,1.0,199996625.0,204.0,0.0,204000000.0,1.0,2.0
3397,4.355,1000000.0,679693091083.0,679892091000.0,5.0,200.0,1.0,198999917.0,200.0,0.0,200000000.0,1.0,1.0
3398,4.403940886699507,1000000.0,679893091250.0,680091091041.0,5.0,203.0,1.0,197999791.0,203.0,0.0,203000000.0,1.0,2.0
3399,4.638613861386139,1000000.0,680092094375.0,680291094375.0,5.0,202.0,1.0,199000000.0,202.0,0.0,202000000.0,1.0,2.0
3400,4.830845771144278,1000000.0,680292094666.0,680491091000.0,7.0,201.0,1.0,198996334.0,201.0,0.0,201000000.0,1.0,2.0
3401,4.7227722772277225,1000000.0,680492094500.0,680691094500.0,6.0,202.0,1.0,199000000.0,202.0,0.0,202000000.0,1.0,2.0
3402,4.731343283582089,1000000.0,680692094458.0,680892091166.0,5.0,201.0,1.0,199996708.0,201.0,0.0,201000000.0,1.0,1.0
3403,4.825,1000000.0,680893091333.0,681091094416.0,6.0,200.0,1.0,198003083.0,200.0,0.0,200000000.0,1.0,2.0
3404,4.816831683168317,1000000.0,681092094291.0,681291094333.0,5.0,202.0,1.0,199000042.0,202.0,0.0,202000000.0,1.0,2.0
3405,7.532338308457711,1000000.0,681292094416.0,681491094500.0,9.0,201.0,1.0,199000084.0,201.0,0.0,201000000.0,1.0,2.0
3406,8.628712871287128,1000000.0,681492094458.0,681692091041.0,10.0,202.0,1.0,199996583.0,202.0,0.0,202000000.0,1.0,2.0
3407,8.495049504950495,1000000.0,681693094500.0,681892091333.0,10.0,202.0,1.0,198996833.0,202.0,0.0,202000000.0,1.0,2.0
3408,9.015,1000000.0,681893091166.0,682091091041.0,10.0,200.0,1.0,197999875.0,200.0,0.0,200000000.0,1.0,2.0
3409,8.777227722772277,1000000.0,682092094291.0,682291094416.0,9.0,202.0,1.0,199000125.0,202.0,0.0,202000000.0,1.0,2.0
3410,8.698019801980198,1000000.0,682292094500.0,682492091041.0,10.0,202.0,1.0,199996541.0,202.0,0.0,202000000.0,1.0,2.0
3411,8.683168316831683,1000000.0,682493094333.0,682692091208.0,9.0,202.0,1.0,198996875.0,202.0,0.0,202000000.0,1.0,2.0
3412,8.850746268656716,1000000.0,682693091208.0,682892091083.0,11.0,201.0,1.0,198999875.0,201.0,0.0,201000000.0,1.0,2.0
3413,8.776119402985074,1000000.0,682893091083.0,683091091083.0,9.0,201.0,1.0,198000000.0,201.0,0.0,201000000.0,1.0,2.0
3414,8.82089552238806,1000000.0,683092094500.0,683291094416.0,9.0,201.0,1.0,198999916.0,201.0,0.0,201000000.0,1.0,2.0
3415,8.671641791044776,1000000.0,683292094458.0,683491091166.0,9.0,201.0,1.0,198996708.0,201.0,0.0,201000000.0,1.0,2.0
3416,8.611940298507463,1000000.0,683492094458.0,683692091041.0,9.0,201.0,1.0,199996583.0,201.0,0.0,201000000.0,1.0,2.0
3417,8.497512437810945,1000000.0,683693094291.0,683892091291.0,9.0,201.0,1.0,198997000.0,201.0,0.0,201000000.0,1.0,2.0
3418,8.605,1000000.0,683893094500.0,684091091000.0,9.0,200.0,1.0,197996500.0,200.0,0.0,200000000.0,1.0,2.0
3419,8.594059405940595,1000000.0,684092094333.0,684292091000.0,9.0,202.0,1.0,199996667.0,202.0,0.0,202000000.0,1.0,2.0
3420,8.648514851485148,1000000.0,684293094500.0,684492091041.0,10.0,202.0,1.0,198996541.0,202.0,0.0,202000000.0,1.0,2.0
3421,8.527363184079602,1000000.0,684493094416.0,684692091083.0,9.0,201.0,1.0,198996667.0,201.0,0.0,201000000.0,1.0,2.0
3422,8.517241379310345,1000000.0,684693094333.0,684892091166.0,9.0,203.0,1.0,198996833.0,203.0,0.0,203000000.0,1.0,2.0
3423,8.64179104477612,1000000.0,684893094416.0,685092091041.0,9.0,201.0,1.0,198996625.0,201.0,0.0,201000000.0,1.0,3.0
3424,8.57286432160804,1000000.0,685093094500.0,685291091000.0,9.0,199.0,1.0,197996500.0,199.0,0.0,199000000.0,1.0,1.0
3425,8.935643564356436,1000000.0,685292094500.0,685491091041.0,11.0,202.0,1.0,198996541.0,202.0,0.0,202000000.0,1.0,2.0
3426,8.463054187192117,1000000.0,685492094458.0,685691090958.0,10.0,203.0,1.0,198996500.0,203.0,0.0,203000000.0,1.0,2.0
3427,8.671641791044776,1000000.0,685692094333.0,685892091125.0,9.0,201.0,1.0,199996792.0,201.0,0.0,201000000.0,1.0,1.0
3428,8.55,1000000.0,685893094375.0,686091094541.0,10.0,200.0,1.0,198000166.0,200.0,0.0,200000000.0,1.0,2.0
3429,8.752475247524753,1000000.0,686092094500.0,686292091041.0,9.0,202.0,1.0,199996541.0,202.0,0.0,202000000.0,1.0,2.0
3430,8.668341708542714,1000000.0,686293094500.0,686491094500.0,10.0,199.0,1.0,198000000.0,199.0,0.0,199000000.0,1.0,1.0
3431,8.845771144278608,1000000.0,686492094458.0,686691091000.0,10.0,201.0,1.0,198996542.0,201.0,0.0,201000000.0,1.0,2.0
3432,8.712871287128714,1000000.0,686692094458.0,686892091208.0,9.0,202.0,1.0,199996750.0,202.0,0.0,202000000.0,1.0,2.0
3433,8.592039800995025,1000000.0,686893094500.0,687092091125.0,9.0,201.0,1.0,198996625.0,201.0,0.0,201000000.0,1.0,2.0
3434,9.045226130653266,1000000.0,687093094458.0,687291091208.0,11.0,199.0,1.0,197996750.0,199.0,0.0,199000000.0,1.0,2.0
3435,8.786069651741293,1000000.0,687292094416.0,687491091208.0,9.0,201.0,1.0,198996792.0,201.0,0.0,201000000.0,1.0,2.0
3436,8.544554455445544,1000000.0,687492094500.0,687692091041.0,10.0,202.0,1.0,199996541.0,202.0,0.0,202000000.0,1.0,2.0
3437,8.752475247524753,1000000.0,687693094291.0,687892091250.0,9.0,202.0,1.0,198996959.0,202.0,0.0,202000000.0,1.0,2.0
3438,8.835820895522389,1000000.0,687893091208.0,688092091041.0,9.0,201.0,1.0,198999833.0,201.0,0.0,201000000.0,1.0,2.0
3439,8.618811881188119,1000000.0,688093094500.0,688292091125.0,9.0,202.0,1.0,198996625.0,202.0,0.0,202000000.0,1.0,2.0
3440,8.52,1000000.0,688293091166.0,688491091041.0,9.0,200.0,1.0,197999875.0,200.0,0.0,200000000.0,1.0,2.0
3441,8.82089552238806,1000000.0,688492094500.0,688692091250.0,9.0,201.0,1.0,199996750.0,201.0,0.0,201000000.0,1.0,2.0
3442,7.683417085427136,1000000.0,688693091166.0,688891091166.0,9.0,199.0,1.0,198000000.0,199.0,0.0,199000000.0,1.0,2.0
3443,4.600985221674877,1000000.0,688892094458.0,689092091333.0,5.0,203.0,1.0,199996875.0,203.0,0.0,203000000.0,1.0,2.0
3444,4.665,1000000.0,689093091208.0,689291091000.0,5.0,200.0,1.0,197999792.0,200.0,0.0,200000000.0,1.0,2.0
3445,4.706467661691542,1000000.0,689292094458.0,689491091291.0,6.0,201.0,1.0,198996833.0,201.0,0.0,201000000.0,1.0,3.0
3446,4.628712871287129,1000000.0,689492094500.0,689692091041.0,6.0,202.0,1.0,199996541.0,202.0,0.0,202000000.0,1.0,2.0
3447,4.5495049504950495,1000000.0,689693094416.0,689892091166.0,5.0,202.0,1.0,198996750.0,202.0,0.0,202000000.0,1.0,2.0
3448,4.796019900497512,1000000.0,689893094500.0,690092091000.0,5.0,201.0,1.0,198996500.0,201.0,0.0,201000000.0,1.0,2.0
3449,4.681592039800995,1000000.0,690093094416.0,690291091125.0,5.0,201.0,1.0,197996709.0,201.0,0.0,201000000.0,1.0,2.0
3450,4.737623762376238,1000000.0,690292094333.0,690491091000.0,6.0,202.0,1.0,198996667.0,202.0,0.0,202000000.0,1.0,2.0
3451,4.77,1000000.0,690492094583.0,690692091125.0,6.0,200.0,1.0,199996542.0,200.0,0.0,200000000.0,1.0,2.0
3452,4.79,1000000.0,690693094500.0,690892091208.0,5.0,200.0,1.0,198996708.0,200.0,0.0,200000000.0,1.0,1.0
3453,4.96,1000000.0,690893094500.0,691091094291.0,6.0,200.0,1.0,197999791.0,200.0,0.0,200000000.0,1.0,2.0
3454,4.497512437810945,1000000.0,691092094250.0,691291091000.0,6.0,201.0,1.0,198996750.0,201.0,0.0,201000000.0,1.0,2.0
3455,4.89,1000000.0,691292094541.0,691491091041.0,6.0,200.0,1.0,198996500.0,200.0,0.0,200000000.0,1.0,1.0
3456,4.63681592039801,1000000.0,691492094375.0,691691091041.0,5.0,201.0,1.0,198996666.0,201.0,0.0,201000000.0,1.0,2.0
3457,4.792079207920792,1000000.0,691692094500.0,691892091000.0,5.0,202.0,1.0,199996500.0,202.0,0.0,202000000.0,1.0,2.0
3458,4.7711442786069655,1000000.0,691893091166.0,692092091000.0,5.0,201.0,1.0,198999834.0,201.0,0.0,201000000.0,1.0,2.0
3459,4.736318407960199,1000000.0,692093094541.0,692292091000.0,6.0,201.0,1.0,198996459.0,201.0,0.0,201000000.0,1.0,2.0
3460,4.742574257425742,1000000.0,692293094541.0,692492091250.0,6.0,202.0,1.0,198996709.0,202.0,0.0,202000000.0,1.0,2.0
3461,4.678391959798995,1000000.0,692493091083.0,692691091000.0,5.0,199.0,1.0,197999917.0,199.0,0.0,199000000.0,1.0,1.0
3462,4.435643564356436,1000000.0,692692094541.0,692891091833.0,5.0,202.0,1.0,198997292.0,202.0,0.0,202000000.0,1.0,2.0
3463,4.752475247524752,1000000.0,692892094500.0,693092091041.0,5.0,202.0,1.0,199996541.0,202.0,0.0,202000000.0,1.0,2.0
3464,4.5,1000000.0,693093094416.0,693291091125.0,5.0,200.0,1.0,197996709.0,200.0,0.0,200000000.0,1.0,2.0
3465,4.594059405940594,1000000.0,693292094541.0,693492091000.0,6.0,202.0,1.0,199996459.0,202.0,0.0,202000000.0,1.0,2.0
3466,4.870646766169155,1000000.0,693493094291.0,693691091041.0,5.0,201.0,1.0,197996750.0,201.0,0.0,201000000.0,1.0,2.0
3467,4.349753694581281,1000000.0,693692094416.0,693892091375.0,5.0,203.0,1.0,199996959.0,203.0,0.0,203000000.0,1.0,3.0
3468,4.6716417910447765,1000000.0,693893094375.0,694092091041.0,6.0,201.0,1.0,198996666.0,201.0,0.0,201000000.0,1.0,2.0
3469,4.633663366336633,1000000.0,694093094541.0,694292091000.0,5.0,202.0,1.0,198996459.0,202.0,0.0,202000000.0,1.0,2.0
3470,4.765,1000000.0,694293094500.0,694491094333.0,6.0,200.0,1.0,197999833.0,200.0,0.0,200000000.0,1.0,2.0
3471,4.653465346534653,1000000.0,694492094416.0,694692091250.0,6.0,202.0,1.0,199996834.0,202.0,0.0,202000000.0,1.0,2.0
3472,4.811881188118812,1000000.0,694693094375.0,694892091125.0,5.0,202.0,1.0,198996750.0,202.0,0.0,202000000.0,1.0,2.0
3473,4.855,1000000.0,694893091041.0,695092091083.0,5.0,200.0,1.0,199000042.0,200.0,0.0,200000000.0,1.0,2.0
3474,4.611940298507463,1000000.0,695093091166.0,695292091208.0,5.0,201.0,1.0,199000042.0,201.0,0.0,201000000.0,1.0,2.0
3475,4.732673267326732,1000000.0,695293091125.0,695491091041.0,7.0,202.0,1.0,197999916.0,202.0,0.0,202000000.0,1.0,2.0
3476,4.45771144278607,1000000.0,695492094666.0,695691091166.0,5.0,201.0,1.0,198996500.0,201.0,0.0,201000000.0,1.0,2.0
3477,4.361386138613861,1000000.0,695692094583.0,695892091291.0,6.0,202.0,1.0,199996708.0,202.0,0.0,202000000.0,1.0,2.0
3478,4.8606965174129355,1000000.0,695893091333.0,696092091125.0,5.0,201.0,1.0,198999792.0,201.0,0.0,201000000.0,1.0,2.0
3479,4.717821782178218,1000000.0,696093091250.0,696292091000.0,5.0,202.0,1.0,198999750.0,202.0,0.0,202000000.0,1.0,2.0
3480,7.8059701492537314,1000000.0,696293091166.0,696491091000.0,9.0,201.0,1.0,197999834.0,201.0,0.0,201000000.0,1.0,2.0
3481,8.592039800995025,1000000.0,696492094291.0,696691094333.0,10.0,201.0,1.0,199000042.0,201.0,0.0,201000000.0,1.0,2.0
3482,8.851485148514852,1000000.0,696692094541.0,696892091041.0,10.0,202.0,1.0,199996500.0,202.0,0.0,202000000.0,1.0,2.0
3483,8.752475247524753,1000000.0,696893094458.0,697092091041.0,9.0,202.0,1.0,198996583.0,202.0,0.0,202000000.0,1.0,2.0
3484,8.669950738916256,1000000.0,697093094375.0,697292091208.0,10.0,203.0,1.0,198996833.0,203.0,0.0,203000000.0,1.0,3.0
3485,8.73134328358209,1000000.0,697293094583.0,697491094458.0,10.0,201.0,1.0,197999875.0,201.0,0.0,201000000.0,1.0,2.0
3486,8.6,1000000.0,697492094458.0,697691094333.0,9.0,200.0,1.0,198999875.0,200.0,0.0,200000000.0,1.0,2.0
3487,8.94088669950739,1000000.0,697692094416.0,697892091208.0,11.0,203.0,1.0,199996792.0,203.0,0.0,203000000.0,1.0,2.0
3488,8.532338308457712,1000000.0,697893094500.0,698092091083.0,9.0,201.0,1.0,198996583.0,201.0,0.0,201000000.0,1.0,2.0
3489,8.715,1000000.0,698093091291.0,698292091250.0,10.0,200.0,1.0,198999959.0,200.0,0.0,200000000.0,1.0,2.0
3490,8.472636815920398,1000000.0,698293091166.0,698492091166.0,9.0,201.0,1.0,199000000.0,201.0,0.0,201000000.0,1.0,2.0
3491,8.68,1000000.0,698493094708.0,698691091083.0,9.0,200.0,1.0,197996375.0,200.0,0.0,200000000.0,1.0,2.0
3492,8.482758620689655,1000000.0,698692094500.0,698891094541.0,9.0,203.0,1.0,199000041.0,203.0,0.0,203000000.0,1.0,3.0
3493,8.901477832512315,1000000.0,698892094500.0,699091094458.0,10.0,203.0,1.0,198999958.0,203.0,0.0,203000000.0,1.0,2.0
3494,8.756218905472636,1000000.0,699092094500.0,699291091041.0,10.0,201.0,1.0,198996541.0,201.0,0.0,201000000.0,1.0,2.0
3495,8.605,1000000.0,699292094458.0,699491091000.0,11.0,200.0,1.0,198996542.0,200.0,0.0,200000000.0,1.0,1.0
3496,8.53921568627451,1000000.0,699492094500.0,699692091041.0,10.0,204.0,1.0,199996541.0,204.0,0.0,204000000.0,1.0,2.0
3497,8.725,1000000.0,699693094500.0,699892091208.0,11.0,200.0,1.0,198996708.0,200.0,0.0,200000000.0,1.0,1.0
3498,8.64179104477612,1000000.0,699893094458.0,700092090958.0,9.0,201.0,1.0,198996500.0,201.0,0.0,201000000.0,1.0,2.0
3499,8.616915422885572,1000000.0,700093094416.0,700292091000.0,9.0,201.0,1.0,198996584.0,201.0,0.0,201000000.0,1.0,2.0
3500,8.930348258706468,1000000.0,700293094625.0,700492091041.0,10.0,201.0,1.0,198996416.0,201.0,0.0,201000000.0,1.0,2.0
3501,8.64676616915423,1000000.0,700493094500.0,700692090958.0,10.0,201.0,1.0,198996458.0,201.0,0.0,201000000.0,1.0,2.0
3502,8.791044776119403,1000000.0,700693094291.0,700892091333.0,9.0,201.0,1.0,198997042.0,201.0,0.0,201000000.0,1.0,2.0
3503,8.616915422885572,1000000.0,700893094416.0,701091094500.0,10.0,201.0,1.0,198000084.0,201.0,0.0,201000000.0,1.0,2.0
3504,8.72636815920398,1000000.0,701092094500.0,701291091125.0,9.0,201.0,1.0,198996625.0,201.0,0.0,201000000.0,1.0,2.0
3505,8.666666666666666,1000000.0,701292094500.0,701491094291.0,10.0,201.0,1.0,198999791.0,201.0,0.0,201000000.0,1.0,2.0
3506,8.645320197044335,1000000.0,701492094458.0,701692091208.0,9.0,203.0,1.0,199996750.0,203.0,0.0,203000000.0,1.0,2.0
3507,8.840796019900498,1000000.0,701693091208.0,701892091250.0,10.0,201.0,1.0,199000042.0,201.0,0.0,201000000.0,1.0,2.0
3508,8.865,1000000.0,701893094416.0,702091091041.0,10.0,200.0,1.0,197996625.0,200.0,0.0,200000000.0,1.0,2.0
3509,8.916256157635468,1000000.0,702092094416.0,702292091041.0,9.0,203.0,1.0,199996625.0,203.0,0.0,203000000.0,1.0,2.0
3510,8.475247524752476,1000000.0,702293094583.0,702492091125.0,9.0,202.0,1.0,198996542.0,202.0,0.0,202000000.0,1.0,2.0
3511,8.557213930348258,1000000.0,702493094333.0,702692091166.0,10.0,201.0,1.0,198996833.0,201.0,0.0,201000000.0,1.0,2.0
3512,8.82089552238806,1000000.0,702693094458.0,702892091208.0,9.0,201.0,1.0,198996750.0,201.0,0.0,201000000.0,1.0,2.0
3513,8.626865671641792,1000000.0,702893094458.0,703092091208.0,9.0,201.0,1.0,198996750.0,201.0,0.0,201000000.0,1.0,2.0
3514,8.78,1000000.0,703093094416.0,703291091083.0,9.0,200.0,1.0,197996667.0,200.0,0.0,200000000.0,1.0,2.0
3515,8.910891089108912,1000000.0,703292094375.0,703491091208.0,10.0,202.0,1.0,198996833.0,202.0,0.0,202000000.0,1.0,2.0
3516,8.671641791044776,1000000.0,703492094458.0,703691090958.0,9.0,201.0,1.0,198996500.0,201.0,0.0,201000000.0,1.0,2.0
3517,7.668316831683168,1000000.0,703692094333.0,703892091041.0,9.0,202.0,1.0,199996708.0,202.0,0.0,202000000.0,1.0,2.0
3518,4.52970297029703,1000000.0,703893094458.0,704092091333.0,6.0,202.0,1.0,198996875.0,202.0,0.0,202000000.0,1.0,2.0
3519,4.54228855721393,1000000.0,704093094500.0,704292091291.0,5.0,201.0,1.0,198996791.0,201.0,0.0,201000000.0,1.0,2.0
3520,4.5,1000000.0,704293094250.0,704491091291.0,5.0,200.0,1.0,197997041.0,200.0,0.0,200000000.0,1.0,2.0
3521,4.384236453201971,1000000.0,704492094458.0,704691091000.0,7.0,203.0,1.0,198996542.0,203.0,0.0,203000000.0,1.0,2.0
3522,4.763546798029557,1000000.0,704692094333.0,704892091125.0,5.0,203.0,1.0,199996792.0,203.0,0.0,203000000.0,1.0,2.0
3523,4.55,1000000.0,704893091250.0,705092091083.0,6.0,200.0,1.0,198999833.0,200.0,0.0,200000000.0,1.0,2.0
3524,4.891089108910891,1000000.0,705093094541.0,705291094458.0,6.0,202.0,1.0,197999917.0,202.0,0.0,202000000.0,1.0,2.0
3525,4.714285714285714,1000000.0,705292094250.0,705492091375.0,5.0,203.0,1.0,199997125.0,203.0,0.0,203000000.0,1.0,2.0
3526,4.765,1000000.0,705493094416.0,705692091250.0,7.0,200.0,1.0,198996834.0,200.0,0.0,200000000.0,1.0,1.0
3527,4.656716417910448,1000000.0,705693094500.0,705892091250.0,5.0,201.0,1.0,198996750.0,201.0,0.0,201000000.0,1.0,2.0
3528,4.857142857142857,1000000.0,705893094500.0,706092091250.0,6.0,203.0,1.0,198996750.0,203.0,0.0,203000000.0,1.0,3.0
3529,4.964824120603015,1000000.0,706093094458.0,706291094375.0,5.0,199.0,1.0,197999917.0,199.0,0.0,199000000.0,1.0,1.0
3530,4.63681592039801,1000000.0,706292094500.0,706491091041.0,6.0,201.0,1.0,198996541.0,201.0,0.0,201000000.0,1.0,2.0
3531,4.430693069306931,1000000.0,706492094500.0,706692091000.0,5.0,202.0,1.0,199996500.0,202.0,0.0,202000000.0,1.0,2.0
3532,4.695,1000000.0,706693091000.0,706892091291.0,6.0,200.0,1.0,199000291.0,200.0,0.0,200000000.0,1.0,1.0
3533,4.786069651741293,1000000.0,706893091208.0,707092091208.0,5.0,201.0,1.0,199000000.0,201.0,0.0,201000000.0,1.0,2.0
3534,4.766169154228856,1000000.0,707093094458.0,707292091250.0,5.0,201.0,1.0,198996792.0,201.0,0.0,201000000.0,1.0,2.0
3535,4.77,1000000.0,707293094625.0,707491094541.0,6.0,200.0,1.0,197999916.0,200.0,0.0,200000000.0,1.0,2.0
3536,4.587064676616915,1000000.0,707492094458.0,707691091000.0,6.0,201.0,1.0,198996542.0,201.0,0.0,201000000.0,1.0,2.0
3537,4.82089552238806,1000000.0,707692094250.0,707891091000.0,6.0,201.0,1.0,198996750.0,201.0,0.0,201000000.0,1.0,2.0
3538,4.646766169154229,1000000.0,707892094375.0,708091091291.0,5.0,201.0,1.0,198996916.0,201.0,0.0,201000000.0,1.0,2.0
3539,4.752475247524752,1000000.0,708092094500.0,708292091166.0,6.0,202.0,1.0,199996666.0,202.0,0.0,202000000.0,1.0,2.0
3540,4.855721393034826,1000000.0,708293094500.0,708492091166.0,5.0,201.0,1.0,198996666.0,201.0,0.0,201000000.0,1.0,2.0
3541,4.845,1000000.0,708493094458.0,708692090958.0,6.0,200.0,1.0,198996500.0,200.0,0.0,200000000.0,1.0,1.0
3542,4.841584158415841,1000000.0,708693094583.0,708892091333.0,5.0,202.0,1.0,198996750.0,202.0,0.0,202000000.0,1.0,2.0
3543,4.891089108910891,1000000.0,708893094500.0,709092091375.0,7.0,202.0,1.0,198996875.0,202.0,0.0,202000000.0,1.0,2.0
3544,4.605,1000000.0,709093091125.0,709291091208.0,5.0,200.0,1.0,198000083.0,200.0,0.0,200000000.0,1.0,2.0
3545,4.381188118811881,1000000.0,709292094458.0,709492091083.0,5.0,202.0,1.0,199996625.0,202.0,0.0,202000000.0,1.0,2.0
3546,5.039800995024875,1000000.0,709493094458.0,709692091000.0,8.0,201.0,1.0,198996542.0,201.0,0.0,201000000.0,1.0,2.0
3547,4.77,1000000.0,709693094375.0,709892091041.0,5.0,200.0,1.0,198996666.0,200.0,0.0,200000000.0,1.0,1.0
3548,4.562189054726368,1000000.0,709893094458.0,710092090958.0,5.0,201.0,1.0,198996500.0,201.0,0.0,201000000.0,1.0,2.0
3549,4.613065326633166,1000000.0,710093094375.0,710291091041.0,6.0,199.0,1.0,197996666.0,199.0,0.0,199000000.0,1.0,2.0
3550,4.684729064039409,1000000.0,710292094583.0,710492091208.0,6.0,203.0,1.0,199996625.0,203.0,0.0,203000000.0,1.0,2.0
3551,4.646766169154229,1000000.0,710493094541.0,710692091208.0,5.0,201.0,1.0,198996667.0,201.0,0.0,201000000.0,1.0,2.0
3552,4.681592039800995,1000000.0,710693091291.0,710892091041.0,5.0,201.0,1.0,198999750.0,201.0,0.0,201000000.0,1.0,2.0
3553,4.46078431372549,1000000.0,710893094541.0,711092091125.0,6.0,204.0,1.0,198996584.0,204.0,0.0,204000000.0,1.0,3.0
3554,4.585,1000000.0,711093094375.0,711291091375.0,5.0,200.0,1.0,197997000.0,200.0,0.0,200000000.0,1.0,2.0
3555,7.747524752475248,1000000.0,711292094375.0,711492091208.0,9.0,202.0,1.0,199996833.0,202.0,0.0,202000000.0,1.0,2.0
3556,8.810945273631841,1000000.0,711493091083.0,711692091250.0,10.0,201.0,1.0,199000167.0,201.0,0.0,201000000.0,1.0,2.0
3557,8.841584158415841,1000000.0,711693094500.0,711892091208.0,10.0,202.0,1.0,198996708.0,202.0,0.0,202000000.0,1.0,2.0
3558,9.37,1000000.0,711893091291.0,712091091000.0,11.0,200.0,1.0,197999709.0,200.0,0.0,200000000.0,1.0,2.0
3559,8.663366336633663,1000000.0,712092094333.0,712291091208.0,9.0,202.0,1.0,198996875.0,202.0,0.0,202000000.0,1.0,2.0
3560,8.597014925373134,1000000.0,712292094458.0,712491094458.0,9.0,201.0,1.0,199000000.0,201.0,0.0,201000000.0,1.0,2.0
3561,8.807881773399014,1000000.0,712492094416.0,712692091208.0,10.0,203.0,1.0,199996792.0,203.0,0.0,203000000.0,1.0,2.0
3562,8.675,1000000.0,712693091166.0,712892091041.0,9.0,200.0,1.0,198999875.0,200.0,0.0,200000000.0,1.0,1.0
3563,8.656716417910447,1000000.0,712893094416.0,713092091041.0,10.0,201.0,1.0,198996625.0,201.0,0.0,201000000.0,1.0,2.0
3564,8.66,1000000.0,713093094250.0,713291091000.0,10.0,200.0,1.0,197996750.0,200.0,0.0,200000000.0,1.0,2.0
3565,8.618811881188119,1000000.0,713292094291.0,713491090958.0,9.0,202.0,1.0,198996667.0,202.0,0.0,202000000.0,1.0,2.0
3566,9.054455445544557,1000000.0,713492094458.0,713691091041.0,11.0,202.0,1.0,198996583.0,202.0,0.0,202000000.0,1.0,2.0
3567,8.610837438423646,1000000.0,713692094291.0,713892091208.0,10.0,203.0,1.0,199996917.0,203.0,0.0,203000000.0,1.0,2.0
3568,8.552238805970148,1000000.0,713893094458.0,714091091166.0,9.0,201.0,1.0,197996708.0,201.0,0.0,201000000.0,1.0,2.0
3569,8.625615763546797,1000000.0,714092094625.0,714292091041.0,9.0,203.0,1.0,199996416.0,203.0,0.0,203000000.0,1.0,2.0
3570,8.721393034825871,1000000.0,714293094500.0,714492091041.0,9.0,201.0,1.0,198996541.0,201.0,0.0,201000000.0,1.0,2.0
3571,8.935323383084578,1000000.0,714493094375.0,714691094416.0,10.0,201.0,1.0,198000041.0,201.0,0.0,201000000.0,1.0,2.0
3572,8.463054187192117,1000000.0,714692094416.0,714892091291.0,9.0,203.0,1.0,199996875.0,203.0,0.0,203000000.0,1.0,2.0
3573,8.574257425742575,1000000.0,714893094458.0,715091094583.0,10.0,202.0,1.0,198000125.0,202.0,0.0,202000000.0,1.0,2.0
3574,8.686567164179104,1000000.0,715092094333.0,715292090958.0,9.0,201.0,1.0,199996625.0,201.0,0.0,201000000.0,1.0,1.0
3575,8.55940594059406,1000000.0,715293091083.0,715492090958.0,11.0,202.0,1.0,198999875.0,202.0,0.0,202000000.0,1.0,2.0
3576,8.64179104477612,1000000.0,715493094375.0,715692091083.0,9.0,201.0,1.0,198996708.0,201.0,0.0,201000000.0,1.0,2.0
3577,8.869346733668342,1000000.0,715693094583.0,715891091208.0,10.0,199.0,1.0,197996625.0,199.0,0.0,199000000.0,1.0,1.0
3578,8.626865671641792,1000000.0,715892094500.0,716091094500.0,9.0,201.0,1.0,199000000.0,201.0,0.0,201000000.0,1.0,2.0
3579,8.811881188118813,1000000.0,716092094375.0,716292091125.0,9.0,202.0,1.0,199996750.0,202.0,0.0,202000000.0,1.0,2.0
3580,8.685,1000000.0,716293094500.0,716491094583.0,10.0,200.0,1.0,198000083.0,200.0,0.0,200000000.0,1.0,2.0
3581,8.865,1000000.0,716492094500.0,716691091125.0,9.0,200.0,1.0,198996625.0,200.0,0.0,200000000.0,1.0,2.0
3582,8.847290640394089,1000000.0,716692094375.0,716892091208.0,9.0,203.0,1.0,199996833.0,203.0,0.0,203000000.0,1.0,2.0
3583,8.876237623762377,1000000.0,716893091208.0,717092091083.0,11.0,202.0,1.0,198999875.0,202.0,0.0,202000000.0,1.0,2.0
3584,8.82089552238806,1000000.0,717093094291.0,717292091041.0,9.0,201.0,1.0,198996750.0,201.0,0.0,201000000.0,1.0,2.0
3585,8.715,1000000.0,717293094291.0,717491091250.0,9.0,200.0,1.0,197996959.0,200.0,0.0,200000000.0,1.0,2.0
3586,8.995098039215685,1000000.0,717492094500.0,717691094500.0,10.0,204.0,1.0,199000000.0,204.0,0.0,204000000.0,1.0,2.0
3587,8.792079207920793,1000000.0,717692094583.0,717892091250.0,9.0,202.0,1.0,199996667.0,202.0,0.0,202000000.0,1.0,2.0
3588,8.655172413793103,1000000.0,717893091166.0,718092091166.0,9.0,203.0,1.0,199000000.0,203.0,0.0,203000000.0,1.0,2.0
3589,8.51,1000000.0,718093094458.0,718291091250.0,9.0,200.0,1.0,197996792.0,200.0,0.0,200000000.0,1.0,2.0
3590,8.7363184079602,1000000.0,718292094291.0,718491091041.0,9.0,201.0,1.0,198996750.0,201.0,0.0,201000000.0,1.0,2.0
3591,8.666666666666666,1000000.0,718492094458.0,718691091000.0,9.0,201.0,1.0,198996542.0,201.0,0.0,201000000.0,1.0,2.0
3592,7.683168316831683,1000000.0,718692094333.0,718892091291.0,9.0,202.0,1.0,199996958.0,202.0,0.0,202000000.0,1.0,2.0
3593,4.751243781094527,1000000.0,718893094541.0,719092091000.0,5.0,201.0,1.0,198996459.0,201.0,0.0,201000000.0,1.0,2.0
3594,4.9054726368159205,1000000.0,719093091208.0,719292091333.0,5.0,201.0,1.0,199000125.0,201.0,0.0,201000000.0,1.0,2.0
3595,4.497536945812808,1000000.0,719293094500.0,719492091083.0,5.0,203.0,1.0,198996583.0,203.0,0.0,203000000.0,1.0,2.0
3596,4.422885572139304,1000000.0,719493094583.0,719692091125.0,7.0,201.0,1.0,198996542.0,201.0,0.0,201000000.0,1.0,2.0
3597,4.661691542288557,1000000.0,719693094791.0,719892091250.0,6.0,201.0,1.0,198996459.0,201.0,0.0,201000000.0,1.0,2.0
3598,4.955223880597015,1000000.0,719893094375.0,720092091083.0,7.0,201.0,1.0,198996708.0,201.0,0.0,201000000.0,1.0,2.0
3599,4.724137931034483,1000000.0,720093091250.0,720292091125.0,5.0,203.0,1.0,198999875.0,203.0,0.0,203000000.0,1.0,2.0
3600,4.695,1000000.0,720293094500.0,720491091041.0,5.0,200.0,1.0,197996541.0,200.0,0.0,200000000.0,1.0,2.0
3601,4.836633663366337,1000000.0,720492094541.0,720691091083.0,5.0,202.0,1.0,198996542.0,202.0,0.0,202000000.0,1.0,2.0
3602,4.675,1000000.0,720692094500.0,720891094541.0,5.0,200.0,1.0,199000041.0,200.0,0.0,200000000.0,1.0,2.0
3603,4.586206896551724,1000000.0,720892094666.0,721092091083.0,5.0,203.0,1.0,199996417.0,203.0,0.0,203000000.0,1.0,2.0
3604,4.91542288557214,1000000.0,721093091166.0,721292091250.0,6.0,201.0,1.0,199000084.0,201.0,0.0,201000000.0,1.0,2.0
3605,4.54,1000000.0,721293094541.0,721492091208.0,5.0,200.0,1.0,198996667.0,200.0,0.0,200000000.0,1.0,2.0
3606,4.756218905472637,1000000.0,721493094416.0,721692091250.0,7.0,201.0,1.0,198996834.0,201.0,0.0,201000000.0,1.0,2.0
3607,4.800995024875622,1000000.0,721693091041.0,721892091250.0,5.0,201.0,1.0,199000209.0,201.0,0.0,201000000.0,1.0,2.0
3608,4.537313432835821,1000000.0,721893091291.0,722092091041.0,5.0,201.0,1.0,198999750.0,201.0,0.0,201000000.0,1.0,2.0
3609,4.64,1000000.0,722093094375.0,722291091250.0,6.0,200.0,1.0,197996875.0,200.0,0.0,200000000.0,1.0,2.0
3610,4.477611940298507,1000000.0,722292094500.0,722491091125.0,5.0,201.0,1.0,198996625.0,201.0,0.0,201000000.0,1.0,2.0
3611,4.458128078817734,1000000.0,722492094500.0,722691094458.0,5.0,203.0,1.0,198999958.0,203.0,0.0,203000000.0,1.0,2.0
3612,4.658415841584159,1000000.0,722692094500.0,722892091416.0,5.0,202.0,1.0,199996916.0,202.0,0.0,202000000.0,1.0,2.0
3613,4.826732673267327,1000000.0,722893094458.0,723092091000.0,6.0,202.0,1.0,198996542.0,202.0,0.0,202000000.0,1.0,2.0
3614,4.812807881773399,1000000.0,723093094458.0,723292091208.0,6.0,203.0,1.0,198996750.0,203.0,0.0,203000000.0,1.0,2.0
3615,4.236180904522613,1000000.0,723293094500.0,723491094541.0,6.0,199.0,1.0,198000041.0,199.0,0.0,199000000.0,1.0,1.0
3616,4.745098039215686,1000000.0,723492094458.0,723692091791.0,6.0,204.0,1.0,199997333.0,204.0,0.0,204000000.0,1.0,2.0
3617,4.525,1000000.0,723693091333.0,723892091250.0,5.0,200.0,1.0,198999917.0,200.0,0.0,200000000.0,1.0,1.0
3618,4.676616915422885,1000000.0,723893094541.0,724092091208.0,6.0,201.0,1.0,198996667.0,201.0,0.0,201000000.0,1.0,2.0
3619,4.628140703517588,1000000.0,724093094500.0,724291091083.0,5.0,199.0,1.0,197996583.0,199.0,0.0,199000000.0,1.0,2.0
3620,4.7711442786069655,1000000.0,724292094500.0,724491094416.0,5.0,201.0,1.0,198999916.0,201.0,0.0,201000000.0,1.0,2.0
3621,4.8606965174129355,1000000.0,724492094333.0,724691091250.0,6.0,201.0,1.0,198996917.0,201.0,0.0,201000000.0,1.0,3.0
3622,4.700980392156863,1000000.0,724692094583.0,724892091208.0,6.0,204.0,1.0,199996625.0,204.0,0.0,204000000.0,1.0,2.0
3623,4.589108910891089,1000000.0,724893094416.0,725092091291.0,5.0,202.0,1.0,198996875.0,202.0,0.0,202000000.0,1.0,2.0
3624,4.58,1000000.0,725093094500.0,725292091458.0,5.0,200.0,1.0,198996958.0,200.0,0.0,200000000.0,1.0,1.0
3625,4.62,1000000.0,725293091125.0,725491091208.0,5.0,200.0,1.0,198000083.0,200.0,0.0,200000000.0,1.0,2.0
3626,4.616915422885572,1000000.0,725492094458.0,725691094416.0,5.0,201.0,1.0,198999958.0,201.0,0.0,201000000.0,1.0,2.0
3627,4.798029556650246,1000000.0,725692094500.0,725892091166.0,7.0,203.0,1.0,199996666.0,203.0,0.0,203000000.0,1.0,2.0
3628,4.849246231155779,1000000.0,725893094416.0,726091091083.0,5.0,199.0,1.0,197996667.0,199.0,0.0,199000000.0,1.0,1.0
3629,4.712871287128713,1000000.0,726092094500.0,726291091000.0,6.0,202.0,1.0,198996500.0,202.0,0.0,202000000.0,1.0,2.0
3630,7.272277227722772,1000000.0,726292094500.0,726492091208.0,9.0,202.0,1.0,199996708.0,202.0,0.0,202000000.0,1.0,2.0
3631,8.773399014778326,1000000.0,726493091166.0,726692090958.0,10.0,203.0,1.0,198999792.0,203.0,0.0,203000000.0,1.0,2.0
3632,8.653465346534654,1000000.0,726693094458.0,726892091041.0,9.0,202.0,1.0,198996583.0,202.0,0.0,202000000.0,1.0,2.0
3633,8.656716417910447,1000000.0,726893094416.0,727092091041.0,9.0,201.0,1.0,198996625.0,201.0,0.0,201000000.0,1.0,2.0
3634,8.616915422885572,1000000.0,727093094375.0,727292091250.0,9.0,201.0,1.0,198996875.0,201.0,0.0,201000000.0,1.0,2.0
3635,8.651741293532337,1000000.0,727293094416.0,727492091166.0,10.0,201.0,1.0,198996750.0,201.0,0.0,201000000.0,1.0,2.0
3636,8.80295566502463,1000000.0,727493094583.0,727692091291.0,9.0,203.0,1.0,198996708.0,203.0,0.0,203000000.0,1.0,2.0
3637,8.776119402985074,1000000.0,727693094458.0,727892091250.0,9.0,201.0,1.0,198996792.0,201.0,0.0,201000000.0,1.0,2.0
3638,8.72636815920398,1000000.0,727893094625.0,728091090958.0,9.0,201.0,1.0,197996333.0,201.0,0.0,201000000.0,1.0,2.0
3639,8.631840796019901,1000000.0,728092094416.0,728292091000.0,11.0,201.0,1.0,199996584.0,201.0,0.0,201000000.0,1.0,1.0
3640,8.651741293532337,1000000.0,728293094416.0,728492091000.0,10.0,201.0,1.0,198996584.0,201.0,0.0,201000000.0,1.0,2.0
3641,8.865671641791044,1000000.0,728493094500.0,728692091083.0,10.0,201.0,1.0,198996583.0,201.0,0.0,201000000.0,1.0,2.0
3642,8.711442786069652,1000000.0,728693094625.0,728892091083.0,9.0,201.0,1.0,198996458.0,201.0,0.0,201000000.0,1.0,2.0
3643,8.485,1000000.0,728893094333.0,729091091000.0,9.0,200.0,1.0,197996667.0,200.0,0.0,200000000.0,1.0,2.0
3644,8.676616915422885,1000000.0,729092094333.0,729291091083.0,9.0,201.0,1.0,198996750.0,201.0,0.0,201000000.0,1.0,2.0
3645,8.683168316831683,1000000.0,729292094333.0,729491091083.0,9.0,202.0,1.0,198996750.0,202.0,0.0,202000000.0,1.0,2.0
3646,8.807881773399014,1000000.0,729492094416.0,729691091000.0,9.0,203.0,1.0,198996584.0,203.0,0.0,203000000.0,1.0,2.0
3647,8.886699507389162,1000000.0,729692094458.0,729892091083.0,11.0,203.0,1.0,199996625.0,203.0,0.0,203000000.0,1.0,2.0
3648,8.675,1000000.0,729893094500.0,730092091166.0,9.0,200.0,1.0,198996666.0,200.0,0.0,200000000.0,1.0,1.0
3649,8.524752475247524,1000000.0,730093094458.0,730292091083.0,9.0,202.0,1.0,198996625.0,202.0,0.0,202000000.0,1.0,2.0
3650,8.995,1000000.0,730293094500.0,730491094291.0,9.0,200.0,1.0,197999791.0,200.0,0.0,200000000.0,1.0,2.0
3651,8.658415841584159,1000000.0,730492094458.0,730691093125.0,10.0,202.0,1.0,198998667.0,202.0,0.0,202000000.0,1.0,2.0
3652,8.63681592039801,1000000.0,730692094416.0,730892091250.0,9.0,201.0,1.0,199996834.0,201.0,0.0,201000000.0,1.0,1.0
3653,8.681592039800995,1000000.0,730893091208.0,731091091041.0,10.0,201.0,1.0,197999833.0,201.0,0.0,201000000.0,1.0,2.0
3654,8.676616915422885,1000000.0,731092094375.0,731291090958.0,9.0,201.0,1.0,198996583.0,201.0,0.0,201000000.0,1.0,2.0
3655,8.77832512315271,1000000.0,731292094291.0,731492091125.0,9.0,203.0,1.0,199996834.0,203.0,0.0,203000000.0,1.0,2.0
3656,8.83084577114428,1000000.0,731493094375.0,731692091125.0,10.0,201.0,1.0,198996750.0,201.0,0.0,201000000.0,1.0,2.0
3657,8.721393034825871,1000000.0,731693094416.0,731892091125.0,10.0,201.0,1.0,198996709.0,201.0,0.0,201000000.0,1.0,2.0
3658,8.73,1000000.0,731893091208.0,732091094541.0,9.0,200.0,1.0,198003333.0,200.0,0.0,200000000.0,1.0,2.0
3659,8.696517412935323,1000000.0,732092094291.0,732291094458.0,9.0,201.0,1.0,199000167.0,201.0,0.0,201000000.0,1.0,2.0
3660,8.686274509803921,1000000.0,732292094541.0,732492091041.0,9.0,204.0,1.0,199996500.0,204.0,0.0,204000000.0,1.0,2.0
3661,8.621890547263682,1000000.0,732493091166.0,732692091083.0,9.0,201.0,1.0,198999917.0,201.0,0.0,201000000.0,1.0,2.0
3662,8.945,1000000.0,732693094458.0,732891091083.0,10.0,200.0,1.0,197996625.0,200.0,0.0,200000000.0,1.0,2.0
3663,8.810945273631841,1000000.0,732892094458.0,733092091250.0,10.0,201.0,1.0,199996792.0,201.0,0.0,201000000.0,1.0,2.0
3664,8.255,1000000.0,733093094625.0,733291091083.0,10.0,200.0,1.0,197996458.0,200.0,0.0,200000000.0,1.0,2.0
3665,8.817733990147783,1000000.0,733292094291.0,733492091166.0,9.0,203.0,1.0,199996875.0,203.0,0.0,203000000.0,1.0,2.0
3666,8.38,1000000.0,733493094500.0,733691091208.0,9.0,200.0,1.0,197996708.0,200.0,0.0,200000000.0,1.0,2.0
3667,7.638613861386139,1000000.0,733692094541.0,733891094583.0,9.0,202.0,1.0,199000042.0,202.0,0.0,202000000.0,1.0,2.0
3668,4.653465346534653,1000000.0,733892094500.0,734092091208.0,6.0,202.0,1.0,199996708.0,202.0,0.0,202000000.0,1.0,3.0
3669,4.7611940298507465,1000000.0,734093094583.0,734292091041.0,5.0,201.0,1.0,198996458.0,201.0,0.0,201000000.0,1.0,2.0
3670,4.965346534653466,1000000.0,734293094541.0,734492091166.0,6.0,202.0,1.0,198996625.0,202.0,0.0,202000000.0,1.0,2.0
3671,4.830845771144278,1000000.0,734493094416.0,734691094500.0,6.0,201.0,1.0,198000084.0,201.0,0.0,201000000.0,1.0,2.0
3672,4.886699507389163,1000000.0,734692094500.0,734892091166.0,9.0,203.0,1.0,199996666.0,203.0,0.0,203000000.0,1.0,3.0
3673,4.8159203980099505,1000000.0,734893094500.0,735091094416.0,6.0,201.0,1.0,197999916.0,201.0,0.0,201000000.0,1.0,2.0
3674,4.524752475247524,1000000.0,735092094541.0,735292091125.0,5.0,202.0,1.0,199996584.0,202.0,0.0,202000000.0,1.0,2.0
3675,4.62,1000000.0,735293094416.0,735491091083.0,5.0,200.0,1.0,197996667.0,200.0,0.0,200000000.0,1.0,2.0
3676,4.388059701492537,1000000.0,735492094458.0,735691094541.0,5.0,201.0,1.0,199000083.0,201.0,0.0,201000000.0,1.0,2.0
3677,4.688118811881188,1000000.0,735692094416.0,735892091041.0,5.0,202.0,1.0,199996625.0,202.0,0.0,202000000.0,1.0,2.0
3678,4.756218905472637,1000000.0,735893091083.0,736092091041.0,6.0,201.0,1.0,198999958.0,201.0,0.0,201000000.0,1.0,2.0
3679,4.930693069306931,1000000.0,736093094416.0,736292091458.0,6.0,202.0,1.0,198997042.0,202.0,0.0,202000000.0,1.0,2.0
3680,4.66,1000000.0,736293094500.0,736491091083.0,5.0,200.0,1.0,197996583.0,200.0,0.0,200000000.0,1.0,2.0
3681,4.696517412935323,1000000.0,736492094625.0,736692091166.0,5.0,201.0,1.0,199996541.0,201.0,0.0,201000000.0,1.0,2.0
3682,4.838235294117647,1000000.0,736693094333.0,736892091250.0,5.0,204.0,1.0,198996917.0,204.0,0.0,204000000.0,1.0,2.0
3683,4.4504950495049505,1000000.0,736893091291.0,737092091041.0,6.0,202.0,1.0,198999750.0,202.0,0.0,202000000.0,1.0,2.0
3684,4.635,1000000.0,737093094500.0,737292091041.0,5.0,200.0,1.0,198996541.0,200.0,0.0,200000000.0,1.0,1.0
3685,4.534313725490196,1000000.0,737293091208.0,737492091125.0,6.0,204.0,1.0,198999917.0,204.0,0.0,204000000.0,1.0,2.0
3686,4.658415841584159,1000000.0,737493094375.0,737691091041.0,5.0,202.0,1.0,197996666.0,202.0,0.0,202000000.0,1.0,2.0
3687,4.6138613861386135,1000000.0,737692094416.0,737892091250.0,5.0,202.0,1.0,199996834.0,202.0,0.0,202000000.0,1.0,2.0
3688,4.611940298507463,1000000.0,737893091208.0,738091094500.0,5.0,201.0,1.0,198003292.0,201.0,0.0,201000000.0,1.0,2.0
3689,4.7711442786069655,1000000.0,738092094541.0,738292091000.0,5.0,201.0,1.0,199996459.0,201.0,0.0,201000000.0,1.0,1.0
3690,4.56,1000000.0,738293094291.0,738491090958.0,5.0,200.0,1.0,197996667.0,200.0,0.0,200000000.0,1.0,2.0
3691,4.6138613861386135,1000000.0,738492094583.0,738692091291.0,6.0,202.0,1.0,199996708.0,202.0,0.0,202000000.0,1.0,2.0
3692,4.308457711442786,1000000.0,738693094416.0,738891091125.0,5.0,201.0,1.0,197996709.0,201.0,0.0,201000000.0,1.0,2.0
3693,4.577114427860696,1000000.0,738892094458.0,739092091041.0,5.0,201.0,1.0,199996583.0,201.0,0.0,201000000.0,1.0,1.0
3694,4.706467661691542,1000000.0,739093094458.0,739291094333.0,5.0,201.0,1.0,197999875.0,201.0,0.0,201000000.0,1.0,2.0
3695,4.658415841584159,1000000.0,739292094375.0,739492091166.0,5.0,202.0,1.0,199996791.0,202.0,0.0,202000000.0,1.0,2.0
3696,4.949748743718593,1000000.0,739493094416.0,739691091041.0,6.0,199.0,1.0,197996625.0,199.0,0.0,199000000.0,1.0,1.0
3697,4.87192118226601,1000000.0,739692094541.0,739892091375.0,7.0,203.0,1.0,199996834.0,203.0,0.0,203000000.0,1.0,2.0
3698,4.575,1000000.0,739893094375.0,740091094541.0,6.0,200.0,1.0,198000166.0,200.0,0.0,200000000.0,1.0,2.0
3699,4.465346534653466,1000000.0,740092094500.0,740292091166.0,5.0,202.0,1.0,199996666.0,202.0,0.0,202000000.0,1.0,2.0
3700,4.698019801980198,1000000.0,740293091250.0,740492091166.0,5.0,202.0,1.0,198999916.0,202.0,0.0,202000000.0,1.0,2.0
3701,4.832512315270936,1000000.0,740493091208.0,740692091208.0,10.0,203.0,1.0,199000000.0,203.0,0.0,203000000.0,1.0,3.0
3702,4.51,1000000.0,740693091250.0,740891091208.0,5.0,200.0,1.0,197999958.0,200.0,0.0,200000000.0,1.0,2.0
3703,4.586206896551724,1000000.0,740892094583.0,741092091333.0,5.0,203.0,1.0,199996750.0,203.0,0.0,203000000.0,1.0,2.0
3704,5.0,1000000.0,741093094458.0,741291090958.0,7.0,201.0,1.0,197996500.0,201.0,0.0,201000000.0,1.0,2.0
3705,7.653465346534653,1000000.0,741292094458.0,741491094333.0,10.0,202.0,1.0,198999875.0,202.0,0.0,202000000.0,1.0,2.0
3706,8.704433497536947,1000000.0,741492094500.0,741692091000.0,9.0,203.0,1.0,199996500.0,203.0,0.0,203000000.0,1.0,2.0
3707,8.805970149253731,1000000.0,741693091125.0,741892091041.0,10.0,201.0,1.0,198999916.0,201.0,0.0,201000000.0,1.0,2.0
3708,8.606965174129353,1000000.0,741893094541.0,742091094375.0,11.0,201.0,1.0,197999834.0,201.0,0.0,201000000.0,1.0,2.0
3709,8.732673267326733,1000000.0,742092094291.0,742291091083.0,10.0,202.0,1.0,198996792.0,202.0,0.0,202000000.0,1.0,2.0
3710,8.651741293532337,1000000.0,742292094458.0,742491091000.0,9.0,201.0,1.0,198996542.0,201.0,0.0,201000000.0,1.0,2.0
3711,8.643564356435643,1000000.0,742492094333.0,742692091250.0,10.0,202.0,1.0,199996917.0,202.0,0.0,202000000.0,1.0,2.0
3712,8.447236180904522,1000000.0,742693091166.0,742891091375.0,9.0,199.0,1.0,198000209.0,199.0,0.0,199000000.0,1.0,1.0
3713,8.638613861386139,1000000.0,742892094416.0,743092091041.0,9.0,202.0,1.0,199996625.0,202.0,0.0,202000000.0,1.0,2.0
3714,8.83,1000000.0,743093094375.0,743291094500.0,10.0,200.0,1.0,198000125.0,200.0,0.0,200000000.0,1.0,2.0
3715,8.782178217821782,1000000.0,743292094416.0,743492091166.0,9.0,202.0,1.0,199996750.0,202.0,0.0,202000000.0,1.0,2.0
3716,8.572139303482587,1000000.0,743493094458.0,743692091000.0,10.0,201.0,1.0,198996542.0,201.0,0.0,201000000.0,1.0,2.0
3717,8.845771144278608,1000000.0,743693091250.0,743892091125.0,10.0,201.0,1.0,198999875.0,201.0,0.0,201000000.0,1.0,2.0
3718,8.63,1000000.0,743893094625.0,744091094458.0,9.0,200.0,1.0,197999833.0,200.0,0.0,200000000.0,1.0,2.0
3719,8.851485148514852,1000000.0,744092094416.0,744291090958.0,10.0,202.0,1.0,198996542.0,202.0,0.0,202000000.0,1.0,2.0
3720,8.797029702970297,1000000.0,744292094416.0,744491095375.0,9.0,202.0,1.0,199000959.0,202.0,0.0,202000000.0,1.0,2.0
3721,8.698019801980198,1000000.0,744492094750.0,744691094500.0,9.0,202.0,1.0,198999750.0,202.0,0.0,202000000.0,1.0,2.0
3722,8.630541871921181,1000000.0,744692094375.0,744892091166.0,10.0,203.0,1.0,199996791.0,203.0,0.0,203000000.0,1.0,2.0
3723,8.845771144278608,1000000.0,744893091375.0,745092091208.0,10.0,201.0,1.0,198999833.0,201.0,0.0,201000000.0,1.0,2.0
3724,8.841584158415841,1000000.0,745093094333.0,745292091166.0,10.0,202.0,1.0,198996833.0,202.0,0.0,202000000.0,1.0,2.0
3725,8.643564356435643,1000000.0,745293091333.0,745492091208.0,10.0,202.0,1.0,198999875.0,202.0,0.0,202000000.0,1.0,2.0
3726,8.885,1000000.0,745493091291.0,745691090958.0,9.0,200.0,1.0,197999667.0,200.0,0.0,200000000.0,1.0,2.0
3727,8.569306930693068,1000000.0,745692094458.0,745892091166.0,9.0,202.0,1.0,199996708.0,202.0,0.0,202000000.0,1.0,2.0
3728,8.702970297029703,1000000.0,745893094500.0,746092091208.0,11.0,202.0,1.0,198996708.0,202.0,0.0,202000000.0,1.0,2.0
3729,8.733668341708542,1000000.0,746093094500.0,746291094500.0,9.0,199.0,1.0,198000000.0,199.0,0.0,199000000.0,1.0,1.0
3730,8.443349753694582,1000000.0,746292094375.0,746492091000.0,9.0,203.0,1.0,199996625.0,203.0,0.0,203000000.0,1.0,2.0
3731,8.755,1000000.0,746493094416.0,746691091000.0,9.0,200.0,1.0,197996584.0,200.0,0.0,200000000.0,1.0,2.0
3732,8.783251231527094,1000000.0,746692094458.0,746892091166.0,9.0,203.0,1.0,199996708.0,203.0,0.0,203000000.0,1.0,2.0
3733,8.63681592039801,1000000.0,746893094541.0,747091090958.0,9.0,201.0,1.0,197996417.0,201.0,0.0,201000000.0,1.0,2.0
3734,8.665,1000000.0,747092094333.0,747291091083.0,9.0,200.0,1.0,198996750.0,200.0,0.0,200000000.0,1.0,2.0
3735,8.767326732673267,1000000.0,747292094500.0,747492091041.0,10.0,202.0,1.0,199996541.0,202.0,0.0,202000000.0,1.0,2.0
3736,8.45273631840796,1000000.0,747493094458.0,747692091083.0,9.0,201.0,1.0,198996625.0,201.0,0.0,201000000.0,1.0,2.0
3737,8.618811881188119,1000000.0,747693094583.0,747892091125.0,9.0,202.0,1.0,198996542.0,202.0,0.0,202000000.0,1.0,2.0
3738,8.711442786069652,1000000.0,747893094333.0,748092091208.0,9.0,201.0,1.0,198996875.0,201.0,0.0,201000000.0,1.0,2.0
3739,8.635,1000000.0,748093094375.0,748291091000.0,10.0,200.0,1.0,197996625.0,200.0,0.0,200000000.0,1.0,2.0
3740,8.606965174129353,1000000.0,748292094500.0,748491091041.0,10.0,201.0,1.0,198996541.0,201.0,0.0,201000000.0,1.0,2.0
3741,8.776119402985074,1000000.0,748492094458.0,748691091208.0,10.0,201.0,1.0,198996750.0,201.0,0.0,201000000.0,1.0,2.0
3742,7.775,1000000.0,748692094416.0,748891094500.0,10.0,200.0,1.0,199000084.0,200.0,0.0,200000000.0,1.0,1.0
3743,4.594059405940594,1000000.0,748892094333.0,749092091041.0,5.0,202.0,1.0,199996708.0,202.0,0.0,202000000.0,1.0,2.0
3744,5.318407960199005,1000000.0,749093094333.0,749292091083.0,6.0,201.0,1.0,198996750.0,201.0,0.0,201000000.0,1.0,2.0
3745,5.148514851485149,1000000.0,749293094500.0,749492091166.0,6.0,202.0,1.0,198996666.0,202.0,0.0,202000000.0,1.0,2.0
3746,5.267326732673268,1000000.0,749493094625.0,749692091708.0,9.0,202.0,1.0,198997083.0,202.0,0.0,202000000.0,1.0,2.0
3747,5.402985074626866,1000000.0,749693091291.0,749892091208.0,7.0,201.0,1.0,198999917.0,201.0,0.0,201000000.0,1.0,2.0
3748,4.706467661691542,1000000.0,749893091333.0,750092091166.0,6.0,201.0,1.0,198999833.0,201.0,0.0,201000000.0,1.0,2.0
3749,4.650246305418719,1000000.0,750093091166.0,750292091125.0,6.0,203.0,1.0,198999959.0,203.0,0.0,203000000.0,1.0,2.0
3750,4.696078431372549,1000000.0,750293091208.0,750492091166.0,6.0,204.0,1.0,198999958.0,204.0,0.0,204000000.0,1.0,2.0
3751,4.862068965517241,1000000.0,750493091000.0,750692091041.0,7.0,203.0,1.0,199000041.0,203.0,0.0,203000000.0,1.0,2.0
3752,4.775,1000000.0,750693091083.0,750892091125.0,6.0,200.0,1.0,199000042.0,200.0,0.0,200000000.0,1.0,2.0
3753,4.772277227722772,1000000.0,750893091250.0,751092091166.0,6.0,202.0,1.0,198999916.0,202.0,0.0,202000000.0,1.0,2.0
3754,4.835,1000000.0,751093091250.0,751291094458.0,5.0,200.0,1.0,198003208.0,200.0,0.0,200000000.0,1.0,2.0
3755,4.686567164179104,1000000.0,751292094458.0,751491094500.0,5.0,201.0,1.0,199000042.0,201.0,0.0,201000000.0,1.0,2.0
3756,4.696517412935323,1000000.0,751492094500.0,751691091166.0,5.0,201.0,1.0,198996666.0,201.0,0.0,201000000.0,1.0,2.0
3757,4.767326732673268,1000000.0,751692094500.0,751892091041.0,5.0,202.0,1.0,199996541.0,202.0,0.0,202000000.0,1.0,2.0
3758,4.8291457286432165,1000000.0,751893091208.0,752091091250.0,6.0,199.0,1.0,198000042.0,199.0,0.0,199000000.0,1.0,2.0
3759,4.643564356435643,1000000.0,752092094458.0,752292091291.0,5.0,202.0,1.0,199996833.0,202.0,0.0,202000000.0,1.0,2.0
3760,4.366336633663367,1000000.0,752293094500.0,752492091000.0,5.0,202.0,1.0,198996500.0,202.0,0.0,202000000.0,1.0,2.0
3761,4.78,1000000.0,752493094291.0,752692090958.0,5.0,200.0,1.0,198996667.0,200.0,0.0,200000000.0,1.0,1.0
3762,4.625,1000000.0,752693094375.0,752891091083.0,5.0,200.0,1.0,197996708.0,200.0,0.0,200000000.0,1.0,2.0
3763,4.383084577114428,1000000.0,752892094375.0,753091091000.0,6.0,201.0,1.0,198996625.0,201.0,0.0,201000000.0,1.0,2.0
3764,4.467661691542289,1000000.0,753092094541.0,753291091041.0,5.0,201.0,1.0,198996500.0,201.0,0.0,201000000.0,1.0,2.0
3765,4.527093596059113,1000000.0,753292094541.0,753491091166.0,5.0,203.0,1.0,198996625.0,203.0,0.0,203000000.0,1.0,2.0
3766,4.603960396039604,1000000.0,753492094291.0,753692091000.0,5.0,202.0,1.0,199996709.0,202.0,0.0,202000000.0,1.0,2.0
3767,4.584158415841584,1000000.0,753693091083.0,753892091083.0,5.0,202.0,1.0,199000000.0,202.0,0.0,202000000.0,1.0,2.0
3768,4.885572139303482,1000000.0,753893094500.0,754092091000.0,5.0,201.0,1.0,198996500.0,201.0,0.0,201000000.0,1.0,2.0
3769,4.646766169154229,1000000.0,754093094500.0,754292091083.0,5.0,201.0,1.0,198996583.0,201.0,0.0,201000000.0,1.0,2.0
3770,4.4,1000000.0,754293094458.0,754491091041.0,5.0,200.0,1.0,197996583.0,200.0,0.0,200000000.0,1.0,2.0
3771,4.755,1000000.0,754492094458.0,754691091041.0,7.0,200.0,1.0,198996583.0,200.0,0.0,200000000.0,1.0,1.0
3772,4.724137931034483,1000000.0,754692094333.0,754891091250.0,6.0,203.0,1.0,198996917.0,203.0,0.0,203000000.0,1.0,2.0
3773,4.589108910891089,1000000.0,754892094375.0,755092091166.0,7.0,202.0,1.0,199996791.0,202.0,0.0,202000000.0,1.0,2.0
3774,4.675,1000000.0,755093094750.0,755291091000.0,6.0,200.0,1.0,197996250.0,200.0,0.0,200000000.0,1.0,2.0
3775,4.5721393034825875,1000000.0,755292094458.0,755491094541.0,5.0,201.0,1.0,199000083.0,201.0,0.0,201000000.0,1.0,2.0
3776,4.821782178217822,1000000.0,755492094500.0,755691091000.0,6.0,202.0,1.0,198996500.0,202.0,0.0,202000000.0,1.0,2.0
3777,7.123152709359606,1000000.0,755692094541.0,755892091041.0,10.0,203.0,1.0,199996500.0,203.0,0.0,203000000.0,1.0,3.0
3778,8.721393034825871,1000000.0,755893091250.0,756091091250.0,9.0,201.0,1.0,198000000.0,201.0,0.0,201000000.0,1.0,2.0
3779,8.495098039215685,1000000.0,756092094416.0,756292091000.0,11.0,204.0,1.0,199996584.0,204.0,0.0,204000000.0,1.0,2.0
3780,8.855,1000000.0,756293091250.0,756491094500.0,10.0,200.0,1.0,198003250.0,200.0,0.0,200000000.0,1.0,2.0
3781,8.673267326732674,1000000.0,756492094458.0,756691094541.0,11.0,202.0,1.0,199000083.0,202.0,0.0,202000000.0,1.0,2.0
3782,8.443349753694582,1000000.0,756692094291.0,756892091250.0,9.0,203.0,1.0,199996959.0,203.0,0.0,203000000.0,1.0,2.0
3783,8.59,1000000.0,756893094500.0,757092091041.0,9.0,200.0,1.0,198996541.0,200.0,0.0,200000000.0,1.0,2.0
3784,8.732673267326733,1000000.0,757093094375.0,757292091166.0,9.0,202.0,1.0,198996791.0,202.0,0.0,202000000.0,1.0,2.0
3785,8.91,1000000.0,757293094541.0,757491094458.0,9.0,200.0,1.0,197999917.0,200.0,0.0,200000000.0,1.0,2.0
3786,8.648514851485148,1000000.0,757492094375.0,757691091083.0,10.0,202.0,1.0,198996708.0,202.0,0.0,202000000.0,1.0,3.0
3787,8.592039800995025,1000000.0,757692094333.0,757891091000.0,9.0,201.0,1.0,198996667.0,201.0,0.0,201000000.0,1.0,2.0
3788,8.393034825870647,1000000.0,757892094291.0,758092091041.0,9.0,201.0,1.0,199996750.0,201.0,0.0,201000000.0,1.0,2.0
3789,8.895522388059701,1000000.0,758093091083.0,758292091208.0,10.0,201.0,1.0,199000125.0,201.0,0.0,201000000.0,1.0,2.0
3790,8.582089552238806,1000000.0,758293091333.0,758492091166.0,10.0,201.0,1.0,198999833.0,201.0,0.0,201000000.0,1.0,2.0
3791,8.554455445544555,1000000.0,758493092250.0,758692091083.0,9.0,202.0,1.0,198998833.0,202.0,0.0,202000000.0,1.0,2.0
3792,8.8,1000000.0,758693094375.0,758891091083.0,10.0,200.0,1.0,197996708.0,200.0,0.0,200000000.0,1.0,2.0
3793,8.870646766169154,1000000.0,758892094500.0,759091091041.0,9.0,201.0,1.0,198996541.0,201.0,0.0,201000000.0,1.0,2.0
3794,8.827586206896552,1000000.0,759092094500.0,759292091166.0,9.0,203.0,1.0,199996666.0,203.0,0.0,203000000.0,1.0,2.0
3795,8.751243781094526,1000000.0,759293094375.0,759492091166.0,9.0,201.0,1.0,198996791.0,201.0,0.0,201000000.0,1.0,2.0
3796,8.79,1000000.0,759493094416.0,759691094500.0,10.0,200.0,1.0,198000084.0,200.0,0.0,200000000.0,1.0,2.0
3797,8.807881773399014,1000000.0,759692094583.0,759892091208.0,10.0,203.0,1.0,199996625.0,203.0,0.0,203000000.0,1.0,2.0
3798,8.660098522167488,1000000.0,759893094333.0,760092091125.0,11.0,203.0,1.0,198996792.0,203.0,0.0,203000000.0,1.0,3.0
3799,8.840796019900498,1000000.0,760093091333.0,760292091041.0,10.0,201.0,1.0,198999708.0,201.0,0.0,201000000.0,1.0,2.0
3800,8.415,1000000.0,760293094500.0,760491091166.0,9.0,200.0,1.0,197996666.0,200.0,0.0,200000000.0,1.0,2.0
3801,8.900497512437811,1000000.0,760492094416.0,760691091000.0,11.0,201.0,1.0,198996584.0,201.0,0.0,201000000.0,1.0,2.0
3802,8.616915422885572,1000000.0,760692094333.0,760892091291.0,9.0,201.0,1.0,199996958.0,201.0,0.0,201000000.0,1.0,1.0
3803,8.78,1000000.0,760893091208.0,761091091083.0,9.0,200.0,1.0,197999875.0,200.0,0.0,200000000.0,1.0,2.0
3804,8.666666666666666,1000000.0,761092094500.0,761291094458.0,9.0,201.0,1.0,198999958.0,201.0,0.0,201000000.0,1.0,2.0
3805,8.841584158415841,1000000.0,761292094416.0,761492091333.0,9.0,202.0,1.0,199996917.0,202.0,0.0,202000000.0,1.0,2.0
3806,8.756218905472636,1000000.0,761493094500.0,761691091208.0,10.0,201.0,1.0,197996708.0,201.0,0.0,201000000.0,1.0,2.0
3807,8.681592039800995,1000000.0,761692094458.0,761891091000.0,9.0,201.0,1.0,198996542.0,201.0,0.0,201000000.0,1.0,2.0
3808,8.827586206896552,1000000.0,761892094375.0,762091091208.0,9.0,203.0,1.0,198996833.0,203.0,0.0,203000000.0,1.0,2.0
3809,8.712871287128714,1000000.0,762092094375.0,762292091041.0,10.0,202.0,1.0,199996666.0,202.0,0.0,202000000.0,1.0,2.0
3810,8.815,1000000.0,762293091166.0,762491091250.0,9.0,200.0,1.0,198000084.0,200.0,0.0,200000000.0,1.0,2.0
3811,8.742574257425742,1000000.0,762492093625.0,762692091000.0,10.0,202.0,1.0,199997375.0,202.0,0.0,202000000.0,1.0,2.0
3812,8.66,1000000.0,762693094375.0,762891090958.0,9.0,200.0,1.0,197996583.0,200.0,0.0,200000000.0,1.0,2.0
3813,8.906862745098039,1000000.0,762892094458.0,763092091250.0,9.0,204.0,1.0,199996792.0,204.0,0.0,204000000.0,1.0,2.0
3814,8.36318407960199,1000000.0,763093094416.0,763292091000.0,9.0,201.0,1.0,198996584.0,201.0,0.0,201000000.0,1.0,2.0
3815,4.599009900990099,1000000.0,763293091041.0,763492091125.0,5.0,202.0,1.0,199000084.0,202.0,0.0,202000000.0,1.0,2.0
3816,4.628712871287129,1000000.0,763493091166.0,763692091000.0,6.0,202.0,1.0,198999834.0,202.0,0.0,202000000.0,1.0,2.0
3817,4.514851485148514,1000000.0,763693094541.0,763892091208.0,6.0,202.0,1.0,198996667.0,202.0,0.0,202000000.0,1.0,2.0
3818,4.741293532338308,1000000.0,763893091208.0,764092091208.0,5.0,201.0,1.0,199000000.0,201.0,0.0,201000000.0,1.0,2.0
3819,4.732673267326732,1000000.0,764093094500.0,764292090958.0,6.0,202.0,1.0,198996458.0,202.0,0.0,202000000.0,1.0,2.0
3820,4.825,1000000.0,764293094416.0,764491091041.0,5.0,200.0,1.0,197996625.0,200.0,0.0,200000000.0,1.0,2.0
3821,4.569306930693069,1000000.0,764492094500.0,764692091208.0,5.0,202.0,1.0,199996708.0,202.0,0.0,202000000.0,1.0,2.0
3822,4.669950738916256,1000000.0,764693091208.0,764892091083.0,5.0,203.0,1.0,198999875.0,203.0,0.0,203000000.0,1.0,2.0
3823,4.8316831683168315,1000000.0,764893094458.0,765092091208.0,5.0,202.0,1.0,198996750.0,202.0,0.0,202000000.0,1.0,2.0
3824,5.135678391959799,1000000.0,765093091083.0,765291094458.0,7.0,199.0,1.0,198003375.0,199.0,0.0,199000000.0,1.0,1.0
3825,4.694581280788177,1000000.0,765292094416.0,765491091208.0,5.0,203.0,1.0,198996792.0,203.0,0.0,203000000.0,1.0,2.0
3826,4.707920792079208,1000000.0,765492094458.0,765692091041.0,6.0,202.0,1.0,199996583.0,202.0,0.0,202000000.0,1.0,2.0
3827,4.417085427135678,1000000.0,765693094416.0,765891091125.0,5.0,199.0,1.0,197996709.0,199.0,0.0,199000000.0,1.0,2.0
3828,4.866336633663367,1000000.0,765892094458.0,766091091041.0,5.0,202.0,1.0,198996583.0,202.0,0.0,202000000.0,1.0,2.0
3829,4.7611940298507465,1000000.0,766092094416.0,766291091041.0,5.0,201.0,1.0,198996625.0,201.0,0.0,201000000.0,1.0,2.0
3830,4.482587064676617,1000000.0,766292094541.0,766492091208.0,6.0,201.0,1.0,199996667.0,201.0,0.0,201000000.0,1.0,2.0
3831,4.801980198019802,1000000.0,766493094541.0,766692091041.0,5.0,202.0,1.0,198996500.0,202.0,0.0,202000000.0,1.0,2.0
3832,4.745,1000000.0,766693094500.0,766892091208.0,5.0,200.0,1.0,198996708.0,200.0,0.0,200000000.0,1.0,1.0
3833,4.825,1000000.0,766893094416.0,767091094416.0,5.0,200.0,1.0,198000000.0,200.0,0.0,200000000.0,1.0,2.0
3834,4.740196078431373,1000000.0,767092094458.0,767292091083.0,6.0,204.0,1.0,199996625.0,204.0,0.0,204000000.0,1.0,3.0
3835,4.949748743718593,1000000.0,767293094500.0,767491091083.0,6.0,199.0,1.0,197996583.0,199.0,0.0,199000000.0,1.0,1.0
3836,4.732673267326732,1000000.0,767492094458.0,767692091000.0,5.0,202.0,1.0,199996542.0,202.0,0.0,202000000.0,1.0,2.0
3837,4.861386138613861,1000000.0,767693094333.0,767892091250.0,5.0,202.0,1.0,198996917.0,202.0,0.0,202000000.0,1.0,2.0
3838,4.577114427860696,1000000.0,767893094458.0,768092090958.0,5.0,201.0,1.0,198996500.0,201.0,0.0,201000000.0,1.0,2.0
3839,4.766169154228856,1000000.0,768093094500.0,768292091166.0,5.0,201.0,1.0,198996666.0,201.0,0.0,201000000.0,1.0,2.0
3840,4.855721393034826,1000000.0,768293091166.0,768491091000.0,5.0,201.0,1.0,197999834.0,201.0,0.0,201000000.0,1.0,2.0
3841,4.747524752475248,1000000.0,768492094458.0,768692091291.0,6.0,202.0,1.0,199996833.0,202.0,0.0,202000000.0,1.0,2.0
3842,4.54228855721393,1000000.0,768693094416.0,768892091291.0,5.0,201.0,1.0,198996875.0,201.0,0.0,201000000.0,1.0,2.0
3843,4.77,1000000.0,768893094500.0,769091094458.0,5.0,200.0,1.0,197999958.0,200.0,0.0,200000000.0,1.0,2.0
3844,4.756218905472637,1000000.0,769092094583.0,769291094458.0,6.0,201.0,1.0,198999875.0,201.0,0.0,201000000.0,1.0,2.0
3845,4.611940298507463,1000000.0,769292094500.0,769491094500.0,5.0,201.0,1.0,199000000.0,201.0,0.0,201000000.0,1.0,2.0
3846,5.01980198019802,1000000.0,769492094416.0,769692091041.0,6.0,202.0,1.0,199996625.0,202.0,0.0,202000000.0,1.0,2.0
3847,4.507462686567164,1000000.0,769693094500.0,769892091500.0,5.0,201.0,1.0,198997000.0,201.0,0.0,201000000.0,1.0,2.0
3848,4.472636815920398,1000000.0,769893094416.0,770091091166.0,6.0,201.0,1.0,197996750.0,201.0,0.0,201000000.0,1.0,3.0
3849,4.840796019900497,1000000.0,770092094500.0,770292091000.0,8.0,201.0,1.0,199996500.0,201.0,0.0,201000000.0,1.0,2.0
3850,4.567164179104478,1000000.0,770293091083.0,770492091083.0,6.0,201.0,1.0,199000000.0,201.0,0.0,201000000.0,1.0,2.0
3851,4.4504950495049505,1000000.0,770493091000.0,770692091041.0,6.0,202.0,1.0,199000041.0,202.0,0.0,202000000.0,1.0,2.0
3852,6.82089552238806,1000000.0,770693094583.0,770892091333.0,9.0,201.0,1.0,198996750.0,201.0,0.0,201000000.0,1.0,2.0
3853,8.63681592039801,1000000.0,770893094541.0,771092091000.0,9.0,201.0,1.0,198996459.0,201.0,0.0,201000000.0,1.0,2.0
3854,8.77,1000000.0,771093094291.0,771292091166.0,9.0,200.0,1.0,198996875.0,200.0,0.0,200000000.0,1.0,1.0
3855,8.64676616915423,1000000.0,771293094416.0,771491091000.0,9.0,201.0,1.0,197996584.0,201.0,0.0,201000000.0,1.0,2.0
3856,9.009900990099007,1000000.0,771492094333.0,771692090958.0,10.0,202.0,1.0,199996625.0,202.0,0.0,202000000.0,1.0,2.0
3857,8.857142857142858,1000000.0,771693094416.0,771892090958.0,10.0,203.0,1.0,198996542.0,203.0,0.0,203000000.0,1.0,2.0
3858,8.804020100502512,1000000.0,771893091166.0,772091094458.0,10.0,199.0,1.0,198003292.0,199.0,0.0,199000000.0,1.0,2.0
3859,8.587064676616915,1000000.0,772092094416.0,772291091000.0,9.0,201.0,1.0,198996584.0,201.0,0.0,201000000.0,1.0,2.0
3860,8.82089552238806,1000000.0,772292094500.0,772491094416.0,9.0,201.0,1.0,198999916.0,201.0,0.0,201000000.0,1.0,2.0
3861,8.737623762376238,1000000.0,772492094291.0,772692091166.0,10.0,202.0,1.0,199996875.0,202.0,0.0,202000000.0,1.0,2.0
3862,8.676616915422885,1000000.0,772693091250.0,772892091041.0,10.0,201.0,1.0,198999791.0,201.0,0.0,201000000.0,1.0,2.0
3863,9.024875621890548,1000000.0,772893094416.0,773092090958.0,10.0,201.0,1.0,198996542.0,201.0,0.0,201000000.0,1.0,2.0
3864,8.46,1000000.0,773093094416.0,773291094416.0,9.0,200.0,1.0,198000000.0,200.0,0.0,200000000.0,1.0,2.0
3865,8.792079207920793,1000000.0,773292094458.0,773492091458.0,9.0,202.0,1.0,199997000.0,202.0,0.0,202000000.0,1.0,2.0
3866,8.391959798994975,1000000.0,773493091166.0,773691091000.0,9.0,199.0,1.0,197999834.0,199.0,0.0,199000000.0,1.0,1.0
3867,8.470297029702971,1000000.0,773692094333.0,773892091208.0,10.0,202.0,1.0,199996875.0,202.0,0.0,202000000.0,1.0,2.0
3868,8.655,1000000.0,773893094500.0,774091094541.0,9.0,200.0,1.0,198000041.0,200.0,0.0,200000000.0,1.0,2.0
3869,8.706467661691542,1000000.0,774092094375.0,774291091041.0,9.0,201.0,1.0,198996666.0,201.0,0.0,201000000.0,1.0,2.0
3870,8.688118811881187,1000000.0,774292094333.0,774491091166.0,9.0,202.0,1.0,198996833.0,202.0,0.0,202000000.0,1.0,2.0
3871,8.55940594059406,1000000.0,774492094416.0,774691094416.0,9.0,202.0,1.0,199000000.0,202.0,0.0,202000000.0,1.0,2.0
3872,8.656716417910447,1000000.0,774692094291.0,774891091041.0,10.0,201.0,1.0,198996750.0,201.0,0.0,201000000.0,1.0,2.0
3873,8.63681592039801,1000000.0,774892094458.0,775091091125.0,10.0,201.0,1.0,198996667.0,201.0,0.0,201000000.0,1.0,3.0
3874,8.846534653465346,1000000.0,775092094291.0,775291091041.0,11.0,202.0,1.0,198996750.0,202.0,0.0,202000000.0,1.0,2.0
3875,8.733990147783251,1000000.0,775292094333.0,775492091041.0,9.0,203.0,1.0,199996708.0,203.0,0.0,203000000.0,1.0,2.0
3876,8.423645320197044,1000000.0,775493094416.0,775692091125.0,10.0,203.0,1.0,198996709.0,203.0,0.0,203000000.0,1.0,2.0
3877,8.564356435643564,1000000.0,775693094416.0,775892091208.0,10.0,202.0,1.0,198996792.0,202.0,0.0,202000000.0,1.0,2.0
3878,8.495,1000000.0,775893094416.0,776091094500.0,9.0,200.0,1.0,198000084.0,200.0,0.0,200000000.0,1.0,2.0
3879,8.666666666666666,1000000.0,776092094500.0,776291091000.0,9.0,201.0,1.0,198996500.0,201.0,0.0,201000000.0,1.0,2.0
3880,8.727722772277227,1000000.0,776292094625.0,776492091083.0,9.0,202.0,1.0,199996458.0,202.0,0.0,202000000.0,1.0,2.0
3881,8.815,1000000.0,776493094666.0,776692091041.0,9.0,200.0,1.0,198996375.0,200.0,0.0,200000000.0,1.0,1.0
3882,8.711442786069652,1000000.0,776693091125.0,776892090958.0,9.0,201.0,1.0,198999833.0,201.0,0.0,201000000.0,1.0,2.0
3883,8.507462686567164,1000000.0,776893091291.0,777092091166.0,10.0,201.0,1.0,198999875.0,201.0,0.0,201000000.0,1.0,2.0
3884,8.555,1000000.0,777093091208.0,777291091041.0,11.0,200.0,1.0,197999833.0,200.0,0.0,200000000.0,1.0,2.0
3885,8.63681592039801,1000000.0,777292094375.0,777491094375.0,9.0,201.0,1.0,199000000.0,201.0,0.0,201000000.0,1.0,2.0
3886,8.801980198019802,1000000.0,777492094500.0,777691091041.0,9.0,202.0,1.0,198996541.0,202.0,0.0,202000000.0,1.0,2.0
3887,8.561576354679802,1000000.0,777692094500.0,777892091208.0,9.0,203.0,1.0,199996708.0,203.0,0.0,203000000.0,1.0,2.0
3888,8.658291457286433,1000000.0,777893091375.0,778091094500.0,11.0,199.0,1.0,198003125.0,199.0,0.0,199000000.0,1.0,1.0
3889,8.147783251231527,1000000.0,778092094458.0,778292091416.0,9.0,203.0,1.0,199996958.0,203.0,0.0,203000000.0,1.0,2.0
3890,4.827586206896552,1000000.0,778293091375.0,778492091250.0,5.0,203.0,1.0,198999875.0,203.0,0.0,203000000.0,1.0,2.0
3891,4.675,1000000.0,778493094541.0,778691091083.0,5.0,200.0,1.0,197996542.0,200.0,0.0,200000000.0,1.0,2.0
3892,4.762376237623762,1000000.0,778692094458.0,778892091208.0,5.0,202.0,1.0,199996750.0,202.0,0.0,202000000.0,1.0,2.0
3893,4.825,1000000.0,778893094500.0,779091091041.0,5.0,200.0,1.0,197996541.0,200.0,0.0,200000000.0,1.0,2.0
3894,4.717821782178218,1000000.0,779092094291.0,779292091000.0,6.0,202.0,1.0,199996709.0,202.0,0.0,202000000.0,1.0,2.0
3895,4.536945812807882,1000000.0,779293094458.0,779491094458.0,6.0,203.0,1.0,198000000.0,203.0,0.0,203000000.0,1.0,3.0
3896,4.627450980392157,1000000.0,779492094458.0,779692091000.0,6.0,204.0,1.0,199996542.0,204.0,0.0,204000000.0,1.0,2.0
3897,4.673366834170854,1000000.0,779693094458.0,779891091083.0,5.0,199.0,1.0,197996625.0,199.0,0.0,199000000.0,1.0,1.0
3898,4.905940594059406,1000000.0,779892094500.0,780091094500.0,5.0,202.0,1.0,199000000.0,202.0,0.0,202000000.0,1.0,2.0
3899,4.960199004975125,1000000.0,780092094375.0,780291091041.0,7.0,201.0,1.0,198996666.0,201.0,0.0,201000000.0,1.0,2.0
3900,4.532019704433497,1000000.0,780292094541.0,780492091041.0,5.0,203.0,1.0,199996500.0,203.0,0.0,203000000.0,1.0,2.0
3901,4.606965174129353,1000000.0,780493094458.0,780692091000.0,5.0,201.0,1.0,198996542.0,201.0,0.0,201000000.0,1.0,2.0
3902,4.715,1000000.0,780693094291.0,780892091291.0,5.0,200.0,1.0,198997000.0,200.0,0.0,200000000.0,1.0,1.0
3903,4.57,1000000.0,780893094541.0,781092091208.0,5.0,200.0,1.0,198996667.0,200.0,0.0,200000000.0,1.0,1.0
3904,4.835820895522388,1000000.0,781093091083.0,781292091291.0,6.0,201.0,1.0,199000208.0,201.0,0.0,201000000.0,1.0,2.0
3905,4.625,1000000.0,781293091291.0,781492091250.0,7.0,200.0,1.0,198999959.0,200.0,0.0,200000000.0,1.0,2.0
3906,5.054726368159204,1000000.0,781493094500.0,781692091250.0,7.0,201.0,1.0,198996750.0,201.0,0.0,201000000.0,1.0,2.0
3907,4.666666666666667,1000000.0,781693091125.0,781892091208.0,5.0,201.0,1.0,199000083.0,201.0,0.0,201000000.0,1.0,2.0
3908,4.865671641791045,1000000.0,781893091333.0,782092091041.0,5.0,201.0,1.0,198999708.0,201.0,0.0,201000000.0,1.0,2.0
3909,4.73,1000000.0,782093094375.0,782291091000.0,6.0,200.0,1.0,197996625.0,200.0,0.0,200000000.0,1.0,2.0
3910,4.706467661691542,1000000.0,782292094458.0,782491091041.0,7.0,201.0,1.0,198996583.0,201.0,0.0,201000000.0,1.0,2.0
3911,4.816831683168317,1000000.0,782492094375.0,782691091208.0,5.0,202.0,1.0,198996833.0,202.0,0.0,202000000.0,1.0,2.0
3912,4.651741293532338,1000000.0,782692094500.0,782891091125.0,5.0,201.0,1.0,198996625.0,201.0,0.0,201000000.0,1.0,2.0
3913,4.569306930693069,1000000.0,782892094500.0,783092090958.0,5.0,202.0,1.0,199996458.0,202.0,0.0,202000000.0,1.0,2.0
3914,4.905940594059406,1000000.0,783093091083.0,783292091041.0,6.0,202.0,1.0,198999958.0,202.0,0.0,202000000.0,1.0,2.0
3915,4.592039800995025,1000000.0,783293091083.0,783492090958.0,5.0,201.0,1.0,198999875.0,201.0,0.0,201000000.0,1.0,2.0
3916,4.741293532338308,1000000.0,783493091208.0,783692091000.0,6.0,201.0,1.0,198999792.0,201.0,0.0,201000000.0,1.0,2.0
3917,4.7227722772277225,1000000.0,783693091416.0,783892091041.0,5.0,202.0,1.0,198999625.0,202.0,0.0,202000000.0,1.0,2.0
3918,4.566502463054187,1000000.0,783893094375.0,784092091250.0,5.0,203.0,1.0,198996875.0,203.0,0.0,203000000.0,1.0,2.0
3919,4.695,1000000.0,784093094458.0,784291094500.0,7.0,200.0,1.0,198000042.0,200.0,0.0,200000000.0,1.0,2.0
3920,4.727722772277228,1000000.0,784292094375.0,784491091000.0,5.0,202.0,1.0,198996625.0,202.0,0.0,202000000.0,1.0,2.0
3921,4.655,1000000.0,784492094583.0,784691094416.0,5.0,200.0,1.0,198999833.0,200.0,0.0,200000000.0,1.0,2.0
3922,4.517241379310345,1000000.0,784692094333.0,784892091250.0,5.0,203.0,1.0,199996917.0,203.0,0.0,203000000.0,1.0,2.0
3923,4.87,1000000.0,784893094458.0,785091091166.0,5.0,200.0,1.0,197996708.0,200.0,0.0,200000000.0,1.0,2.0
3924,4.524752475247524,1000000.0,785092094375.0,785292091333.0,6.0,202.0,1.0,199996958.0,202.0,0.0,202000000.0,1.0,2.0
3925,4.669950738916256,1000000.0,785293091375.0,785492091250.0,9.0,203.0,1.0,198999875.0,203.0,0.0,203000000.0,1.0,2.0
3926,4.815,1000000.0,785493094666.0,785691091000.0,6.0,200.0,1.0,197996334.0,200.0,0.0,200000000.0,1.0,2.0
3927,6.845,1000000.0,785692094458.0,785891091166.0,11.0,200.0,1.0,198996708.0,200.0,0.0,200000000.0,1.0,1.0
3928,8.694581280788178,1000000.0,785892094416.0,786092091291.0,10.0,203.0,1.0,199996875.0,203.0,0.0,203000000.0,1.0,2.0
3929,8.766169154228855,1000000.0,786093094458.0,786292091250.0,9.0,201.0,1.0,198996792.0,201.0,0.0,201000000.0,1.0,2.0
3930,9.12,1000000.0,786293094541.0,786491090958.0,11.0,200.0,1.0,197996417.0,200.0,0.0,200000000.0,1.0,2.0
3931,8.78921568627451,1000000.0,786492094375.0,786692091250.0,10.0,204.0,1.0,199996875.0,204.0,0.0,204000000.0,1.0,2.0
3932,8.787128712871286,1000000.0,786693091291.0,786892091250.0,9.0,202.0,1.0,198999959.0,202.0,0.0,202000000.0,1.0,2.0
3933,8.72,1000000.0,786893094541.0,787091091250.0,9.0,200.0,1.0,197996709.0,200.0,0.0,200000000.0,1.0,2.0
3934,8.599009900990099,1000000.0,787092094458.0,787292091083.0,9.0,202.0,1.0,199996625.0,202.0,0.0,202000000.0,1.0,2.0
3935,8.771144278606965,1000000.0,787293094458.0,787491094541.0,10.0,201.0,1.0,198000083.0,201.0,0.0,201000000.0,1.0,2.0
3936,8.855,1000000.0,787492094458.0,787692091041.0,10.0,200.0,1.0,199996583.0,200.0,0.0,200000000.0,1.0,2.0
3937,8.199004975124378,1000000.0,787693094500.0,787892091166.0,9.0,201.0,1.0,198996666.0,201.0,0.0,201000000.0,1.0,2.0
3938,8.64,1000000.0,787893091250.0,788091091041.0,9.0,200.0,1.0,197999791.0,200.0,0.0,200000000.0,1.0,2.0
3939,8.44059405940594,1000000.0,788092094500.0,788291094375.0,9.0,202.0,1.0,198999875.0,202.0,0.0,202000000.0,1.0,2.0
3940,8.532338308457712,1000000.0,788292094375.0,788492091083.0,10.0,201.0,1.0,199996708.0,201.0,0.0,201000000.0,1.0,1.0
3941,8.626865671641792,1000000.0,788493091250.0,788692091000.0,10.0,201.0,1.0,198999750.0,201.0,0.0,201000000.0,1.0,2.0
3942,8.631840796019901,1000000.0,788693094458.0,788892091083.0,9.0,201.0,1.0,198996625.0,201.0,0.0,201000000.0,1.0,2.0
3943,8.686567164179104,1000000.0,788893094416.0,789092091041.0,9.0,201.0,1.0,198996625.0,201.0,0.0,201000000.0,1.0,2.0
3944,8.402985074626866,1000000.0,789093094458.0,789291091083.0,9.0,201.0,1.0,197996625.0,201.0,0.0,201000000.0,1.0,2.0
3945,8.673267326732674,1000000.0,789292094291.0,789491091041.0,10.0,202.0,1.0,198996750.0,202.0,0.0,202000000.0,1.0,2.0
3946,8.482758620689655,1000000.0,789492094375.0,789692091083.0,9.0,203.0,1.0,199996708.0,203.0,0.0,203000000.0,1.0,2.0
3947,8.396039603960396,1000000.0,789693094458.0,789892091250.0,9.0,202.0,1.0,198996792.0,202.0,0.0,202000000.0,1.0,2.0
3948,8.51,1000000.0,789893094458.0,790091091166.0,9.0,200.0,1.0,197996708.0,200.0,0.0,200000000.0,1.0,2.0
3949,8.386934673366834,1000000.0,790092094458.0,790291094583.0,9.0,199.0,1.0,199000125.0,199.0,0.0,199000000.0,1.0,1.0
3950,8.985074626865671,1000000.0,790292094375.0,790492091125.0,11.0,201.0,1.0,199996750.0,201.0,0.0,201000000.0,1.0,2.0
3951,8.485148514851485,1000000.0,790493091125.0,790692091041.0,9.0,202.0,1.0,198999916.0,202.0,0.0,202000000.0,1.0,2.0
3952,8.72,1000000.0,790693094416.0,790892091250.0,9.0,200.0,1.0,198996834.0,200.0,0.0,200000000.0,1.0,1.0
3953,8.711442786069652,1000000.0,790893094500.0,791091094500.0,10.0,201.0,1.0,198000000.0,201.0,0.0,201000000.0,1.0,2.0
3954,8.826732673267326,1000000.0,791092094541.0,791291091041.0,9.0,202.0,1.0,198996500.0,202.0,0.0,202000000.0,1.0,2.0
3955,8.472906403940886,1000000.0,791292094291.0,791492091041.0,9.0,203.0,1.0,199996750.0,203.0,0.0,203000000.0,1.0,2.0
3956,8.490099009900991,1000000.0,791493094333.0,791691091000.0,10.0,202.0,1.0,197996667.0,202.0,0.0,202000000.0,1.0,2.0
3957,8.737623762376238,1000000.0,791692094375.0,791891094500.0,10.0,202.0,1.0,199000125.0,202.0,0.0,202000000.0,1.0,2.0
3958,8.761194029850746,1000000.0,791892094500.0,792091094416.0,10.0,201.0,1.0,198999916.0,201.0,0.0,201000000.0,1.0,2.0
3959,8.727722772277227,1000000.0,792092094458.0,792291091041.0,10.0,202.0,1.0,198996583.0,202.0,0.0,202000000.0,1.0,2.0
3960,8.880597014925373,1000000.0,792292094500.0,792491091208.0,10.0,201.0,1.0,198996708.0,201.0,0.0,201000000.0,1.0,2.0
3961,8.856435643564357,1000000.0,792492094458.0,792692090958.0,10.0,202.0,1.0,199996500.0,202.0,0.0,202000000.0,1.0,2.0
3962,8.532338308457712,1000000.0,792693094458.0,792892091208.0,11.0,201.0,1.0,198996750.0,201.0,0.0,201000000.0,1.0,2.0
3963,9.03448275862069,1000000.0,792893091166.0,793092091125.0,11.0,203.0,1.0,198999959.0,203.0,0.0,203000000.0,1.0,2.0
3964,8.442786069651742,1000000.0,793093091125.0,793292091291.0,10.0,201.0,1.0,199000166.0,201.0,0.0,201000000.0,1.0,2.0
3965,4.615,1000000.0,793293091250.0,793492091166.0,6.0,200.0,1.0,198999916.0,200.0,0.0,200000000.0,1.0,2.0
3966,4.696517412935323,1000000.0,793493091166.0,793692091333.0,6.0,201.0,1.0,199000167.0,201.0,0.0,201000000.0,1.0,2.0
3967,4.797029702970297,1000000.0,793693091333.0,793892091291.0,5.0,202.0,1.0,198999958.0,202.0,0.0,202000000.0,1.0,2.0
3968,4.864321608040201,1000000.0,793893091375.0,794091091083.0,5.0,199.0,1.0,197999708.0,199.0,0.0,199000000.0,1.0,2.0
3969,4.830845771144278,1000000.0,794092094583.0,794291090958.0,6.0,201.0,1.0,198996375.0,201.0,0.0,201000000.0,1.0,2.0
3970,4.812807881773399,1000000.0,794292094333.0,794491091166.0,5.0,203.0,1.0,198996833.0,203.0,0.0,203000000.0,1.0,2.0
3971,4.54679802955665,1000000.0,794492094500.0,794692090958.0,5.0,203.0,1.0,199996458.0,203.0,0.0,203000000.0,1.0,2.0
3972,5.015,1000000.0,794693094500.0,794892091208.0,6.0,200.0,1.0,198996708.0,200.0,0.0,200000000.0,1.0,2.0
3973,4.666666666666667,1000000.0,794893094500.0,795091091083.0,5.0,201.0,1.0,197996583.0,201.0,0.0,201000000.0,1.0,2.0
3974,4.487684729064039,1000000.0,795092094625.0,795291091083.0,5.0,203.0,1.0,198996458.0,203.0,0.0,203000000.0,1.0,2.0
3975,4.901477832512315,1000000.0,795292094541.0,795492091208.0,7.0,203.0,1.0,199996667.0,203.0,0.0,203000000.0,1.0,2.0
3976,4.626865671641791,1000000.0,795493094666.0,795691091250.0,5.0,201.0,1.0,197996584.0,201.0,0.0,201000000.0,1.0,2.0
3977,4.615763546798029,1000000.0,795692094541.0,795891091291.0,6.0,203.0,1.0,198996750.0,203.0,0.0,203000000.0,1.0,2.0
3978,4.584158415841584,1000000.0,795892094500.0,796092091125.0,5.0,202.0,1.0,199996625.0,202.0,0.0,202000000.0,1.0,2.0
3979,5.034825870646766,1000000.0,796093094416.0,796292091416.0,6.0,201.0,1.0,198997000.0,201.0,0.0,201000000.0,1.0,2.0
3980,4.830845771144278,1000000.0,796293091208.0,796492091125.0,5.0,201.0,1.0,198999917.0,201.0,0.0,201000000.0,1.0,2.0
3981,4.569306930693069,1000000.0,796493091333.0,796692091125.0,5.0,202.0,1.0,198999792.0,202.0,0.0,202000000.0,1.0,2.0
3982,4.965346534653466,1000000.0,796693091166.0,796892091250.0,6.0,202.0,1.0,199000084.0,202.0,0.0,202000000.0,1.0,2.0
3983,4.786069651741293,1000000.0,796893091375.0,797092091000.0,5.0,201.0,1.0,198999625.0,201.0,0.0,201000000.0,1.0,2.0
3984,4.651741293532338,1000000.0,797093094500.0,797292091000.0,5.0,201.0,1.0,198996500.0,201.0,0.0,201000000.0,1.0,2.0
3985,4.731343283582089,1000000.0,797293094458.0,797491091041.0,5.0,201.0,1.0,197996583.0,201.0,0.0,201000000.0,1.0,2.0
3986,4.810945273631841,1000000.0,797492094458.0,797691091000.0,6.0,201.0,1.0,198996542.0,201.0,0.0,201000000.0,1.0,2.0
3987,4.786069651741293,1000000.0,797692094416.0,797891094500.0,5.0,201.0,1.0,199000084.0,201.0,0.0,201000000.0,1.0,2.0
3988,5.125,1000000.0,797892094666.0,798091091000.0,6.0,200.0,1.0,198996334.0,200.0,0.0,200000000.0,1.0,2.0
3989,4.712871287128713,1000000.0,798092094416.0,798292091166.0,6.0,202.0,1.0,199996750.0,202.0,0.0,202000000.0,1.0,2.0
3990,4.611940298507463,1000000.0,798293091000.0,798491094500.0,6.0,201.0,1.0,198003500.0,201.0,0.0,201000000.0,1.0,3.0
3991,4.601990049751244,1000000.0,798492094625.0,798691094500.0,5.0,201.0,1.0,198999875.0,201.0,0.0,201000000.0,1.0,2.0
3992,4.288557213930348,1000000.0,798692094500.0,798892091000.0,5.0,201.0,1.0,199996500.0,201.0,0.0,201000000.0,1.0,1.0
3993,4.42,1000000.0,798893094333.0,799092091041.0,5.0,200.0,1.0,198996708.0,200.0,0.0,200000000.0,1.0,1.0
3994,4.455445544554456,1000000.0,799093094541.0,799292091166.0,6.0,202.0,1.0,198996625.0,202.0,0.0,202000000.0,1.0,2.0
3995,4.567164179104478,1000000.0,799293091125.0,799492091291.0,5.0,201.0,1.0,199000166.0,201.0,0.0,201000000.0,1.0,2.0
3996,4.552238805970149,1000000.0,799493091208.0,799691091458.0,5.0,201.0,1.0,198000250.0,201.0,0.0,201000000.0,1.0,2.0
3997,4.862068965517241,1000000.0,799692094458.0,799892091000.0,6.0,203.0,1.0,199996542.0,203.0,0.0,203000000.0,1.0,2.0
3998,4.564356435643564,1000000.0,799893094458.0,800092091166.0,5.0,202.0,1.0,198996708.0,202.0,0.0,202000000.0,1.0,2.0
3999,4.741293532338308,1000000.0,800093094583.0,800291090916.0,5.0,201.0,1.0,197996333.0,201.0,0.0,201000000.0,1.0,2.0
4000,5.123762376237623,1000000.0,800292094500.0,800492091000.0,8.0,202.0,1.0,199996500.0,202.0,0.0,202000000.0,1.0,2.0
4001,4.92,1000000.0,800493094500.0,800691091333.0,5.0,200.0,1.0,197996833.0,200.0,0.0,200000000.0,1.0,2.0
4002,6.875621890547263,1000000.0,800692094541.0,800891091000.0,9.0,201.0,1.0,198996459.0,201.0,0.0,201000000.0,1.0,2.0
4003,8.787128712871286,1000000.0,800892094291.0,801091094416.0,9.0,202.0,1.0,199000125.0,202.0,0.0,202000000.0,1.0,2.0
4004,8.398009950248756,1000000.0,801092094458.0,801291094416.0,9.0,201.0,1.0,198999958.0,201.0,0.0,201000000.0,1.0,2.0
4005,8.787128712871286,1000000.0,801292094458.0,801492091041.0,9.0,202.0,1.0,199996583.0,202.0,0.0,202000000.0,1.0,2.0
4006,8.756218905472636,1000000.0,801493091125.0,801691091041.0,10.0,201.0,1.0,197999916.0,201.0,0.0,201000000.0,1.0,2.0
4007,8.544554455445544,1000000.0,801692094416.0,801892091250.0,10.0,202.0,1.0,199996834.0,202.0,0.0,202000000.0,1.0,2.0
4008,8.66,1000000.0,801893094541.0,802091091166.0,9.0,200.0,1.0,197996625.0,200.0,0.0,200000000.0,1.0,2.0
4009,8.841584158415841,1000000.0,802092094333.0,802292091041.0,10.0,202.0,1.0,199996708.0,202.0,0.0,202000000.0,1.0,2.0
4010,8.587064676616915,1000000.0,802293091208.0,802492091041.0,9.0,201.0,1.0,198999833.0,201.0,0.0,201000000.0,1.0,2.0
4011,8.721393034825871,1000000.0,802493091333.0,802692091125.0,9.0,201.0,1.0,198999792.0,201.0,0.0,201000000.0,1.0,2.0
4012,8.841584158415841,1000000.0,802693091166.0,802892091250.0,9.0,202.0,1.0,199000084.0,202.0,0.0,202000000.0,1.0,2.0
4013,8.810945273631841,1000000.0,802893094583.0,803092091208.0,9.0,201.0,1.0,198996625.0,201.0,0.0,201000000.0,1.0,2.0
4014,8.64179104477612,1000000.0,803093094500.0,803291094458.0,9.0,201.0,1.0,197999958.0,201.0,0.0,201000000.0,1.0,2.0
4015,8.748768472906404,1000000.0,803292094416.0,803491094458.0,9.0,203.0,1.0,199000042.0,203.0,0.0,203000000.0,1.0,2.0
4016,8.665,1000000.0,803492094583.0,803691091041.0,9.0,200.0,1.0,198996458.0,200.0,0.0,200000000.0,1.0,1.0
4017,8.752475247524753,1000000.0,803692094333.0,803891091041.0,9.0,202.0,1.0,198996708.0,202.0,0.0,202000000.0,1.0,2.0
4018,8.457711442786069,1000000.0,803892094625.0,804092091000.0,10.0,201.0,1.0,199996375.0,201.0,0.0,201000000.0,1.0,1.0
4019,8.81,1000000.0,804093094541.0,804292091000.0,9.0,200.0,1.0,198996459.0,200.0,0.0,200000000.0,1.0,1.0
4020,8.524752475247524,1000000.0,804293094333.0,804491091041.0,9.0,202.0,1.0,197996708.0,202.0,0.0,202000000.0,1.0,2.0
4021,8.7363184079602,1000000.0,804492094500.0,804691091041.0,9.0,201.0,1.0,198996541.0,201.0,0.0,201000000.0,1.0,2.0
4022,8.532338308457712,1000000.0,804692094583.0,804891091083.0,10.0,201.0,1.0,198996500.0,201.0,0.0,201000000.0,1.0,2.0
4023,8.231527093596059,1000000.0,804892094375.0,805091094375.0,9.0,203.0,1.0,199000000.0,203.0,0.0,203000000.0,1.0,2.0
4024,8.757425742574258,1000000.0,805092094333.0,805292091083.0,10.0,202.0,1.0,199996750.0,202.0,0.0,202000000.0,1.0,2.0
4025,8.74129353233831,1000000.0,805293094625.0,805492091208.0,9.0,201.0,1.0,198996583.0,201.0,0.0,201000000.0,1.0,2.0
4026,9.485148514851485,1000000.0,805493094500.0,805691091208.0,11.0,202.0,1.0,197996708.0,202.0,0.0,202000000.0,1.0,2.0
4027,8.63681592039801,1000000.0,805692094500.0,805891091000.0,9.0,201.0,1.0,198996500.0,201.0,0.0,201000000.0,1.0,2.0
4028,8.807881773399014,1000000.0,805892094333.0,806092091000.0,9.0,203.0,1.0,199996667.0,203.0,0.0,203000000.0,1.0,2.0
4029,8.676616915422885,1000000.0,806093094583.0,806292091000.0,10.0,201.0,1.0,198996417.0,201.0,0.0,201000000.0,1.0,2.0
4030,8.831683168316832,1000000.0,806293094416.0,806492091125.0,9.0,202.0,1.0,198996709.0,202.0,0.0,202000000.0,1.0,2.0
4031,8.753768844221106,1000000.0,806493094458.0,806691091000.0,9.0,199.0,1.0,197996542.0,199.0,0.0,199000000.0,1.0,2.0
4032,8.782178217821782,1000000.0,806692094458.0,806892091250.0,9.0,202.0,1.0,199996792.0,202.0,0.0,202000000.0,1.0,2.0
4033,8.891089108910892,1000000.0,806893094416.0,807091094250.0,11.0,202.0,1.0,197999834.0,202.0,0.0,202000000.0,1.0,2.0
4034,8.82089552238806,1000000.0,807092094250.0,807292090958.0,10.0,201.0,1.0,199996708.0,201.0,0.0,201000000.0,1.0,1.0
4035,8.834170854271356,1000000.0,807293094500.0,807491094541.0,9.0,199.0,1.0,198000041.0,199.0,0.0,199000000.0,1.0,2.0
4036,8.754901960784315,1000000.0,807492094500.0,807692090958.0,9.0,204.0,1.0,199996458.0,204.0,0.0,204000000.0,1.0,2.0
4037,8.698019801980198,1000000.0,807693091125.0,807892091125.0,9.0,202.0,1.0,199000000.0,202.0,0.0,202000000.0,1.0,2.0
4038,8.62,1000000.0,807893094500.0,808091094416.0,9.0,200.0,1.0,197999916.0,200.0,0.0,200000000.0,1.0,2.0
4039,8.732673267326733,1000000.0,808092094500.0,808291094500.0,10.0,202.0,1.0,199000000.0,202.0,0.0,202000000.0,1.0,2.0
4040,4.5763546798029555,1000000.0,808292094458.0,808492091041.0,5.0,203.0,1.0,199996583.0,203.0,0.0,203000000.0,1.0,2.0
4041,4.475,1000000.0,808493094458.0,808691091166.0,5.0,200.0,1.0,197996708.0,200.0,0.0,200000000.0,1.0,2.0
4042,4.437810945273632,1000000.0,808692094500.0,808891090958.0,5.0,201.0,1.0,198996458.0,201.0,0.0,201000000.0,1.0,2.0
4043,4.748768472906404,1000000.0,808892094458.0,809092091041.0,6.0,203.0,1.0,199996583.0,203.0,0.0,203000000.0,1.0,2.0
4044,4.66,1000000.0,809093091125.0,809291094458.0,6.0,200.0,1.0,198003333.0,200.0,0.0,200000000.0,1.0,2.0
4045,5.044554455445544,1000000.0,809292094416.0,809491094541.0,6.0,202.0,1.0,199000125.0,202.0,0.0,202000000.0,1.0,2.0
4046,4.552238805970149,1000000.0,809492094541.0,809691091083.0,6.0,201.0,1.0,198996542.0,201.0,0.0,201000000.0,1.0,2.0
4047,4.8159203980099505,1000000.0,809692094458.0,809891091041.0,5.0,201.0,1.0,198996583.0,201.0,0.0,201000000.0,1.0,2.0
4048,4.6318407960199,1000000.0,809892094416.0,810091091291.0,6.0,201.0,1.0,198996875.0,201.0,0.0,201000000.0,1.0,2.0
4049,4.589108910891089,1000000.0,810092094458.0,810292091041.0,6.0,202.0,1.0,199996583.0,202.0,0.0,202000000.0,1.0,2.0
4050,4.66,1000000.0,810293094375.0,810491094541.0,5.0,200.0,1.0,198000166.0,200.0,0.0,200000000.0,1.0,2.0
4051,4.768472906403941,1000000.0,810492094458.0,810692091208.0,7.0,203.0,1.0,199996750.0,203.0,0.0,203000000.0,1.0,2.0
4052,4.437810945273632,1000000.0,810693091000.0,810891091000.0,6.0,201.0,1.0,198000000.0,201.0,0.0,201000000.0,1.0,3.0
4053,4.455,1000000.0,810892094625.0,811091091041.0,7.0,200.0,1.0,198996416.0,200.0,0.0,200000000.0,1.0,1.0
4054,4.683168316831683,1000000.0,811092094416.0,811292091250.0,5.0,202.0,1.0,199996834.0,202.0,0.0,202000000.0,1.0,2.0
4055,4.635,1000000.0,811293091291.0,811491094458.0,5.0,200.0,1.0,198003167.0,200.0,0.0,200000000.0,1.0,2.0
4056,4.701492537313433,1000000.0,811492094541.0,811691091041.0,7.0,201.0,1.0,198996500.0,201.0,0.0,201000000.0,1.0,2.0
4057,4.9054726368159205,1000000.0,811692094500.0,811891091000.0,6.0,201.0,1.0,198996500.0,201.0,0.0,201000000.0,1.0,2.0
4058,4.940298507462686,1000000.0,811892094416.0,812091094500.0,6.0,201.0,1.0,199000084.0,201.0,0.0,201000000.0,1.0,2.0
4059,4.698019801980198,1000000.0,812092094500.0,812292091083.0,7.0,202.0,1.0,199996583.0,202.0,0.0,202000000.0,1.0,2.0
4060,4.676616915422885,1000000.0,812293094375.0,812492091208.0,6.0,201.0,1.0,198996833.0,201.0,0.0,201000000.0,1.0,2.0
4061,4.74,1000000.0,812493091041.0,812691091000.0,5.0,200.0,1.0,197999959.0,200.0,0.0,200000000.0,1.0,2.0
4062,5.034653465346534,1000000.0,812692094416.0,812892091166.0,6.0,202.0,1.0,199996750.0,202.0,0.0,202000000.0,1.0,2.0
4063,4.72636815920398,1000000.0,812893094458.0,813092091166.0,5.0,201.0,1.0,198996708.0,201.0,0.0,201000000.0,1.0,2.0
4064,4.871287128712871,1000000.0,813093094458.0,813292091125.0,6.0,202.0,1.0,198996667.0,202.0,0.0,202000000.0,1.0,2.0
4065,4.293532338308458,1000000.0,813293094416.0,813491090958.0,5.0,201.0,1.0,197996542.0,201.0,0.0,201000000.0,1.0,2.0
4066,4.9054726368159205,1000000.0,813492094375.0,813691091041.0,6.0,201.0,1.0,198996666.0,201.0,0.0,201000000.0,1.0,2.0
4067,4.812807881773399,1000000.0,813692094458.0,813892091250.0,5.0,203.0,1.0,199996792.0,203.0,0.0,203000000.0,1.0,2.0
4068,4.472636815920398,1000000.0,813893094458.0,814092091041.0,5.0,201.0,1.0,198996583.0,201.0,0.0,201000000.0,1.0,2.0
4069,4.74,1000000.0,814093094291.0,814291091166.0,5.0,200.0,1.0,197996875.0,200.0,0.0,200000000.0,1.0,2.0
4070,4.564356435643564,1000000.0,814292094541.0,814492090958.0,5.0,202.0,1.0,199996417.0,202.0,0.0,202000000.0,1.0,2.0
4071,4.681592039800995,1000000.0,814493094500.0,814692091000.0,5.0,201.0,1.0,198996500.0,201.0,0.0,201000000.0,1.0,2.0
4072,4.575,1000000.0,814693094500.0,814891094583.0,5.0,200.0,1.0,198000083.0,200.0,0.0,200000000.0,1.0,2.0
4073,4.447761194029851,1000000.0,814892094250.0,815091091041.0,5.0,201.0,1.0,198996791.0,201.0,0.0,201000000.0,1.0,2.0
4074,4.6318407960199,1000000.0,815092094500.0,815291091250.0,5.0,201.0,1.0,198996750.0,201.0,0.0,201000000.0,1.0,2.0
4075,4.557213930348259,1000000.0,815292094458.0,815492091208.0,7.0,201.0,1.0,199996750.0,201.0,0.0,201000000.0,1.0,1.0
4076,4.792079207920792,1000000.0,815492098000.0,815692091000.0,7.0,202.0,1.0,199993000.0,202.0,0.0,202000000.0,1.0,2.0
4077,6.811881188118812,1000000.0,815693094500.0,815891094500.0,11.0,202.0,1.0,198000000.0,202.0,0.0,202000000.0,1.0,2.0
4078,8.941176470588236,1000000.0,815892094416.0,816092091083.0,10.0,204.0,1.0,199996667.0,204.0,0.0,204000000.0,1.0,2.0
4079,8.663316582914574,1000000.0,816093091000.0,816291094333.0,11.0,199.0,1.0,198003333.0,199.0,0.0,199000000.0,1.0,2.0
4080,8.783251231527094,1000000.0,816292094458.0,816492090958.0,10.0,203.0,1.0,199996500.0,203.0,0.0,203000000.0,1.0,2.0
4081,8.696517412935323,1000000.0,816493094416.0,816692091041.0,10.0,201.0,1.0,198996625.0,201.0,0.0,201000000.0,1.0,2.0
4082,8.792079207920793,1000000.0,816693094458.0,816892091208.0,9.0,202.0,1.0,198996750.0,202.0,0.0,202000000.0,1.0,2.0
4083,8.597014925373134,1000000.0,816893094416.0,817091094416.0,9.0,201.0,1.0,198000000.0,201.0,0.0,201000000.0,1.0,2.0
4084,8.391089108910892,1000000.0,817092094416.0,817292091166.0,9.0,202.0,1.0,199996750.0,202.0,0.0,202000000.0,1.0,2.0
4085,8.57,1000000.0,817293091166.0,817491091083.0,9.0,200.0,1.0,197999917.0,200.0,0.0,200000000.0,1.0,2.0
4086,8.755,1000000.0,817492094416.0,817691091125.0,9.0,200.0,1.0,198996709.0,200.0,0.0,200000000.0,1.0,1.0
4087,8.767326732673267,1000000.0,817692094375.0,817892091041.0,9.0,202.0,1.0,199996666.0,202.0,0.0,202000000.0,1.0,3.0
4088,8.92039800995025,1000000.0,817893094333.0,818092091333.0,9.0,201.0,1.0,198997000.0,201.0,0.0,201000000.0,1.0,2.0
4089,8.865,1000000.0,818093091208.0,818292091333.0,9.0,200.0,1.0,199000125.0,200.0,0.0,200000000.0,1.0,2.0
4090,8.765,1000000.0,818293094416.0,818492091166.0,9.0,200.0,1.0,198996750.0,200.0,0.0,200000000.0,1.0,1.0
4091,8.722772277227723,1000000.0,818493091166.0,818692091000.0,10.0,202.0,1.0,198999834.0,202.0,0.0,202000000.0,1.0,2.0
4092,8.643564356435643,1000000.0,818693094541.0,818892091208.0,9.0,202.0,1.0,198996667.0,202.0,0.0,202000000.0,1.0,2.0
4093,8.62,1000000.0,818893094416.0,819091091000.0,10.0,200.0,1.0,197996584.0,200.0,0.0,200000000.0,1.0,2.0
4094,8.761194029850746,1000000.0,819092094458.0,819291091000.0,9.0,201.0,1.0,198996542.0,201.0,0.0,201000000.0,1.0,2.0
4095,8.443349753694582,1000000.0,819292094250.0,819492091041.0,9.0,203.0,1.0,199996791.0,203.0,0.0,203000000.0,1.0,2.0
4096,8.584158415841584,1000000.0,819493094500.0,819691091041.0,10.0,202.0,1.0,197996541.0,202.0,0.0,202000000.0,1.0,2.0
4097,8.70935960591133,1000000.0,819692094375.0,819892090958.0,9.0,203.0,1.0,199996583.0,203.0,0.0,203000000.0,1.0,2.0
4098,8.86,1000000.0,819893091208.0,820092091000.0,9.0,200.0,1.0,198999792.0,200.0,0.0,200000000.0,1.0,1.0
4099,8.587064676616915,1000000.0,820093094416.0,820292091083.0,9.0,201.0,1.0,198996667.0,201.0,0.0,201000000.0,1.0,2.0
4100,8.626865671641792,1000000.0,820293094291.0,820492091125.0,11.0,201.0,1.0,198996834.0,201.0,0.0,201000000.0,1.0,2.0
4101,8.257425742574258,1000000.0,820493094416.0,820692091125.0,10.0,202.0,1.0,198996709.0,202.0,0.0,202000000.0,1.0,2.0
4102,8.811881188118813,1000000.0,820693094416.0,820892091166.0,10.0,202.0,1.0,198996750.0,202.0,0.0,202000000.0,1.0,2.0
4103,8.827586206896552,1000000.0,820893094500.0,821092091000.0,11.0,203.0,1.0,198996500.0,203.0,0.0,203000000.0,1.0,2.0
4104,8.567164179104477,1000000.0,821093094541.0,821292091041.0,10.0,201.0,1.0,198996500.0,201.0,0.0,201000000.0,1.0,2.0
4105,8.816831683168317,1000000.0,821293094000.0,821492091166.0,9.0,202.0,1.0,198997166.0,202.0,0.0,202000000.0,1.0,3.0
4106,8.447761194029852,1000000.0,821493094458.0,821692091208.0,9.0,201.0,1.0,198996750.0,201.0,0.0,201000000.0,1.0,2.0
4107,8.537313432835822,1000000.0,821693094375.0,821891091041.0,9.0,201.0,1.0,197996666.0,201.0,0.0,201000000.0,1.0,2.0
4108,8.79,1000000.0,821892094458.0,822091091000.0,9.0,200.0,1.0,198996542.0,200.0,0.0,200000000.0,1.0,2.0
4109,8.805,1000000.0,822092094375.0,822291094500.0,9.0,200.0,1.0,199000125.0,200.0,0.0,200000000.0,1.0,1.0
4110,8.926108374384237,1000000.0,822292094500.0,822491094541.0,10.0,203.0,1.0,199000041.0,203.0,0.0,203000000.0,1.0,2.0
4111,8.751243781094526,1000000.0,822492094333.0,822692090958.0,9.0,201.0,1.0,199996625.0,201.0,0.0,201000000.0,1.0,1.0
4112,8.72636815920398,1000000.0,822693091041.0,822891094416.0,9.0,201.0,1.0,198003375.0,201.0,0.0,201000000.0,1.0,2.0
4113,8.835820895522389,1000000.0,822892094583.0,823091091083.0,10.0,201.0,1.0,198996500.0,201.0,0.0,201000000.0,1.0,2.0
4114,8.567164179104477,1000000.0,823092094583.0,823291091333.0,9.0,201.0,1.0,198996750.0,201.0,0.0,201000000.0,1.0,2.0
4115,4.767326732673268,1000000.0,823292094500.0,823492091083.0,5.0,202.0,1.0,199996583.0,202.0,0.0,202000000.0,1.0,2.0
4116,4.82089552238806,1000000.0,823493094541.0,823692091125.0,7.0,201.0,1.0,198996584.0,201.0,0.0,201000000.0,1.0,2.0
4117,4.653266331658291,1000000.0,823693091208.0,823891091000.0,7.0,199.0,1.0,197999792.0,199.0,0.0,199000000.0,1.0,1.0
4118,4.663366336633663,1000000.0,823892094416.0,824091094458.0,5.0,202.0,1.0,199000042.0,202.0,0.0,202000000.0,1.0,2.0
4119,4.753694581280788,1000000.0,824092094291.0,824292091208.0,5.0,203.0,1.0,199996917.0,203.0,0.0,203000000.0,1.0,2.0
4120,4.751243781094527,1000000.0,824293091250.0,824492091208.0,6.0,201.0,1.0,198999958.0,201.0,0.0,201000000.0,1.0,2.0
4121,4.567164179104478,1000000.0,824493094250.0,824692091333.0,5.0,201.0,1.0,198997083.0,201.0,0.0,201000000.0,1.0,2.0
4122,4.727722772277228,1000000.0,824693094250.0,824891091166.0,5.0,202.0,1.0,197996916.0,202.0,0.0,202000000.0,1.0,2.0
4123,4.596059113300493,1000000.0,824892094416.0,825092091166.0,5.0,203.0,1.0,199996750.0,203.0,0.0,203000000.0,1.0,2.0
4124,4.522388059701493,1000000.0,825093091041.0,825292091041.0,5.0,201.0,1.0,199000000.0,201.0,0.0,201000000.0,1.0,2.0
4125,4.4950495049504955,1000000.0,825293094541.0,825492091125.0,5.0,202.0,1.0,198996584.0,202.0,0.0,202000000.0,1.0,2.0
4126,4.477611940298507,1000000.0,825493094541.0,825692091291.0,5.0,201.0,1.0,198996750.0,201.0,0.0,201000000.0,1.0,2.0
4127,4.945812807881773,1000000.0,825693094416.0,825891094500.0,8.0,203.0,1.0,198000084.0,203.0,0.0,203000000.0,1.0,2.0
4128,4.618811881188119,1000000.0,825892094375.0,826091090958.0,5.0,202.0,1.0,198996583.0,202.0,0.0,202000000.0,1.0,2.0
4129,4.517412935323383,1000000.0,826092094500.0,826291090958.0,6.0,201.0,1.0,198996458.0,201.0,0.0,201000000.0,1.0,2.0
4130,4.430693069306931,1000000.0,826292094500.0,826491091041.0,5.0,202.0,1.0,198996541.0,202.0,0.0,202000000.0,1.0,2.0
4131,4.63681592039801,1000000.0,826492094500.0,826691091041.0,5.0,201.0,1.0,198996541.0,201.0,0.0,201000000.0,1.0,2.0
4132,4.564356435643564,1000000.0,826692094500.0,826892091208.0,7.0,202.0,1.0,199996708.0,202.0,0.0,202000000.0,1.0,2.0
4133,4.373134328358209,1000000.0,826893091208.0,827092091166.0,6.0,201.0,1.0,198999958.0,201.0,0.0,201000000.0,1.0,2.0
4134,4.608910891089109,1000000.0,827093094541.0,827292091041.0,5.0,202.0,1.0,198996500.0,202.0,0.0,202000000.0,1.0,2.0
4135,4.645,1000000.0,827293094625.0,827492091000.0,5.0,200.0,1.0,198996375.0,200.0,0.0,200000000.0,1.0,2.0
4136,4.890547263681592,1000000.0,827493094458.0,827692091083.0,6.0,201.0,1.0,198996625.0,201.0,0.0,201000000.0,1.0,2.0
4137,4.850746268656716,1000000.0,827693094500.0,827891090958.0,6.0,201.0,1.0,197996458.0,201.0,0.0,201000000.0,1.0,2.0
4138,4.592039800995025,1000000.0,827892094500.0,828091090958.0,5.0,201.0,1.0,198996458.0,201.0,0.0,201000000.0,1.0,2.0
4139,4.482587064676617,1000000.0,828092094500.0,828291091125.0,5.0,201.0,1.0,198996625.0,201.0,0.0,201000000.0,1.0,2.0
4140,4.71,1000000.0,828292094500.0,828491091125.0,6.0,200.0,1.0,198996625.0,200.0,0.0,200000000.0,1.0,2.0
4141,4.747524752475248,1000000.0,828492094500.0,828691091000.0,5.0,202.0,1.0,198996500.0,202.0,0.0,202000000.0,1.0,2.0
4142,4.492537313432836,1000000.0,828692094375.0,828891094375.0,6.0,201.0,1.0,199000000.0,201.0,0.0,201000000.0,1.0,2.0
4143,4.6683168316831685,1000000.0,828892094541.0,829092091083.0,5.0,202.0,1.0,199996542.0,202.0,0.0,202000000.0,1.0,2.0
4144,4.776119402985074,1000000.0,829093094375.0,829292091166.0,7.0,201.0,1.0,198996791.0,201.0,0.0,201000000.0,1.0,2.0
4145,4.63,1000000.0,829293094583.0,829491094541.0,5.0,200.0,1.0,197999958.0,200.0,0.0,200000000.0,1.0,2.0
4146,4.632352941176471,1000000.0,829492094458.0,829692091166.0,6.0,204.0,1.0,199996708.0,204.0,0.0,204000000.0,1.0,3.0
4147,4.651741293532338,1000000.0,829693091166.0,829891094500.0,6.0,201.0,1.0,198003334.0,201.0,0.0,201000000.0,1.0,2.0
4148,4.527363184079602,1000000.0,829892094416.0,830092091041.0,5.0,201.0,1.0,199996625.0,201.0,0.0,201000000.0,1.0,2.0
4149,4.705,1000000.0,830093094458.0,830291094583.0,5.0,200.0,1.0,198000125.0,200.0,0.0,200000000.0,1.0,2.0
4150,4.781094527363184,1000000.0,830292094583.0,830491094500.0,5.0,201.0,1.0,198999917.0,201.0,0.0,201000000.0,1.0,2.0
4151,4.465346534653466,1000000.0,830492094708.0,830691091083.0,5.0,202.0,1.0,198996375.0,202.0,0.0,202000000.0,1.0,2.0
4152,6.935643564356436,1000000.0,830692094458.0,830892091125.0,9.0,202.0,1.0,199996667.0,202.0,0.0,202000000.0,1.0,2.0
4153,8.756218905472636,1000000.0,830893094291.0,831092091083.0,10.0,201.0,1.0,198996792.0,201.0,0.0,201000000.0,1.0,2.0
4154,8.910891089108912,1000000.0,831093094500.0,831292091833.0,11.0,202.0,1.0,198997333.0,202.0,0.0,202000000.0,1.0,2.0
4155,8.585,1000000.0,831293091041.0,831491090958.0,9.0,200.0,1.0,197999917.0,200.0,0.0,200000000.0,1.0,2.0
4156,8.857843137254902,1000000.0,831492094375.0,831692091000.0,9.0,204.0,1.0,199996625.0,204.0,0.0,204000000.0,1.0,2.0
4157,8.606965174129353,1000000.0,831693094375.0,831892091208.0,10.0,201.0,1.0,198996833.0,201.0,0.0,201000000.0,1.0,2.0
4158,8.651741293532337,1000000.0,831893094458.0,832091094416.0,10.0,201.0,1.0,197999958.0,201.0,0.0,201000000.0,1.0,2.0
4159,8.567164179104477,1000000.0,832092094375.0,832291091250.0,9.0,201.0,1.0,198996875.0,201.0,0.0,201000000.0,1.0,2.0
4160,8.432835820895523,1000000.0,832292094500.0,832491094333.0,9.0,201.0,1.0,198999833.0,201.0,0.0,201000000.0,1.0,2.0
4161,8.742574257425742,1000000.0,832492094416.0,832692091166.0,10.0,202.0,1.0,199996750.0,202.0,0.0,202000000.0,1.0,2.0
4162,8.845771144278608,1000000.0,832693091375.0,832891094458.0,9.0,201.0,1.0,198003083.0,201.0,0.0,201000000.0,1.0,2.0
4163,8.613861386138614,1000000.0,832892094375.0,833092091041.0,9.0,202.0,1.0,199996666.0,202.0,0.0,202000000.0,1.0,2.0
4164,8.755,1000000.0,833093094458.0,833291091000.0,9.0,200.0,1.0,197996542.0,200.0,0.0,200000000.0,1.0,2.0
4165,8.836633663366337,1000000.0,833292094416.0,833491091041.0,9.0,202.0,1.0,198996625.0,202.0,0.0,202000000.0,1.0,2.0
4166,8.7,1000000.0,833492094458.0,833691091000.0,9.0,200.0,1.0,198996542.0,200.0,0.0,200000000.0,1.0,2.0
4167,8.535,1000000.0,833692094416.0,833891091041.0,9.0,200.0,1.0,198996625.0,200.0,0.0,200000000.0,1.0,1.0
4168,8.763546798029557,1000000.0,833892094250.0,834092091250.0,9.0,203.0,1.0,199997000.0,203.0,0.0,203000000.0,1.0,2.0
4169,8.721393034825871,1000000.0,834093094375.0,834292091041.0,9.0,201.0,1.0,198996666.0,201.0,0.0,201000000.0,1.0,2.0
4170,8.68,1000000.0,834293094458.0,834491091083.0,9.0,200.0,1.0,197996625.0,200.0,0.0,200000000.0,1.0,2.0
4171,8.626865671641792,1000000.0,834492094458.0,834691091041.0,10.0,201.0,1.0,198996583.0,201.0,0.0,201000000.0,1.0,3.0
4172,8.955445544554456,1000000.0,834692094500.0,834892091291.0,10.0,202.0,1.0,199996791.0,202.0,0.0,202000000.0,1.0,2.0
4173,8.678217821782178,1000000.0,834893091291.0,835092091083.0,11.0,202.0,1.0,198999792.0,202.0,0.0,202000000.0,1.0,2.0
4174,8.410891089108912,1000000.0,835093091166.0,835292091000.0,9.0,202.0,1.0,198999834.0,202.0,0.0,202000000.0,1.0,2.0
4175,8.845771144278608,1000000.0,835293094416.0,835492091208.0,9.0,201.0,1.0,198996792.0,201.0,0.0,201000000.0,1.0,2.0
4176,8.552763819095478,1000000.0,835493094458.0,835691094500.0,9.0,199.0,1.0,198000042.0,199.0,0.0,199000000.0,1.0,1.0
4177,8.865671641791044,1000000.0,835692094500.0,835891091250.0,10.0,201.0,1.0,198996750.0,201.0,0.0,201000000.0,1.0,2.0
4178,8.759803921568627,1000000.0,835892094500.0,836092091041.0,9.0,204.0,1.0,199996541.0,204.0,0.0,204000000.0,1.0,2.0
4179,8.671641791044776,1000000.0,836093091041.0,836292091041.0,9.0,201.0,1.0,199000000.0,201.0,0.0,201000000.0,1.0,2.0
4180,8.781094527363184,1000000.0,836293094375.0,836492091000.0,9.0,201.0,1.0,198996625.0,201.0,0.0,201000000.0,1.0,2.0
4181,8.666666666666666,1000000.0,836493094458.0,836691091333.0,9.0,201.0,1.0,197996875.0,201.0,0.0,201000000.0,1.0,2.0
4182,8.826732673267326,1000000.0,836692094416.0,836891094458.0,9.0,202.0,1.0,199000042.0,202.0,0.0,202000000.0,1.0,2.0
4183,8.80295566502463,1000000.0,836892094416.0,837091091041.0,10.0,203.0,1.0,198996625.0,203.0,0.0,203000000.0,1.0,2.0
4184,8.811881188118813,1000000.0,837092094458.0,837292091166.0,11.0,202.0,1.0,199996708.0,202.0,0.0,202000000.0,1.0,2.0
4185,8.874371859296483,1000000.0,837293094458.0,837491091250.0,9.0,199.0,1.0,197996792.0,199.0,0.0,199000000.0,1.0,1.0
4186,8.679802955665025,1000000.0,837492094416.0,837692091166.0,9.0,203.0,1.0,199996750.0,203.0,0.0,203000000.0,1.0,2.0
4187,8.751243781094526,1000000.0,837693094333.0,837892090958.0,9.0,201.0,1.0,198996625.0,201.0,0.0,201000000.0,1.0,2.0
4188,8.74129353233831,1000000.0,837893094500.0,838092091041.0,9.0,201.0,1.0,198996541.0,201.0,0.0,201000000.0,1.0,2.0
4189,8.4,1000000.0,838093094291.0,838292091333.0,9.0,200.0,1.0,198997042.0,200.0,0.0,200000000.0,1.0,2.0
4190,4.467980295566503,1000000.0,838293091041.0,838491094583.0,6.0,203.0,1.0,198003542.0,203.0,0.0,203000000.0,1.0,3.0
4191,4.557213930348259,1000000.0,838492094458.0,838691091166.0,5.0,201.0,1.0,198996708.0,201.0,0.0,201000000.0,1.0,2.0
4192,4.51980198019802,1000000.0,838692094500.0,838892091208.0,5.0,202.0,1.0,199996708.0,202.0,0.0,202000000.0,1.0,2.0
4193,4.911330049261084,1000000.0,838893091333.0,839092090958.0,5.0,203.0,1.0,198999625.0,203.0,0.0,203000000.0,1.0,2.0
4194,4.64,1000000.0,839093094416.0,839291091041.0,6.0,200.0,1.0,197996625.0,200.0,0.0,200000000.0,1.0,2.0
4195,4.587064676616915,1000000.0,839292094458.0,839491091083.0,6.0,201.0,1.0,198996625.0,201.0,0.0,201000000.0,1.0,2.0
4196,4.781094527363184,1000000.0,839492094541.0,839691091166.0,5.0,201.0,1.0,198996625.0,201.0,0.0,201000000.0,1.0,2.0
4197,4.801980198019802,1000000.0,839692094458.0,839892091041.0,6.0,202.0,1.0,199996583.0,202.0,0.0,202000000.0,1.0,2.0
4198,4.555,1000000.0,839893091250.0,840091094541.0,6.0,200.0,1.0,198003291.0,200.0,0.0,200000000.0,1.0,2.0
4199,4.855721393034826,1000000.0,840092094583.0,840291091041.0,6.0,201.0,1.0,198996458.0,201.0,0.0,201000000.0,1.0,2.0
4200,4.666666666666667,1000000.0,840292094541.0,840491091250.0,5.0,201.0,1.0,198996709.0,201.0,0.0,201000000.0,1.0,2.0
4201,4.5495049504950495,1000000.0,840492094458.0,840691094583.0,5.0,202.0,1.0,199000125.0,202.0,0.0,202000000.0,1.0,2.0
4202,4.821782178217822,1000000.0,840692094500.0,840892091375.0,8.0,202.0,1.0,199996875.0,202.0,0.0,202000000.0,1.0,2.0
4203,4.63681592039801,1000000.0,840893091250.0,841092091041.0,8.0,201.0,1.0,198999791.0,201.0,0.0,201000000.0,1.0,2.0
4204,4.5594059405940595,1000000.0,841093094458.0,841292091250.0,6.0,202.0,1.0,198996792.0,202.0,0.0,202000000.0,1.0,2.0
4205,4.706467661691542,1000000.0,841293094500.0,841491090958.0,6.0,201.0,1.0,197996458.0,201.0,0.0,201000000.0,1.0,2.0
4206,4.63681592039801,1000000.0,841492094375.0,841692091083.0,5.0,201.0,1.0,199996708.0,201.0,0.0,201000000.0,1.0,2.0
4207,4.72636815920398,1000000.0,841693094500.0,841892091125.0,6.0,201.0,1.0,198996625.0,201.0,0.0,201000000.0,1.0,2.0
4208,4.737623762376238,1000000.0,841893094541.0,842092091083.0,7.0,202.0,1.0,198996542.0,202.0,0.0,202000000.0,1.0,2.0
4209,4.77,1000000.0,842093094541.0,842292091166.0,5.0,200.0,1.0,198996625.0,200.0,0.0,200000000.0,1.0,1.0
4210,4.6716417910447765,1000000.0,842293094541.0,842492091125.0,5.0,201.0,1.0,198996584.0,201.0,0.0,201000000.0,1.0,2.0
4211,4.683417085427136,1000000.0,842493094583.0,842691091000.0,5.0,199.0,1.0,197996417.0,199.0,0.0,199000000.0,1.0,2.0
4212,4.679802955665025,1000000.0,842692094541.0,842891091083.0,6.0,203.0,1.0,198996542.0,203.0,0.0,203000000.0,1.0,2.0
4213,4.856435643564357,1000000.0,842892094333.0,843091094375.0,5.0,202.0,1.0,199000042.0,202.0,0.0,202000000.0,1.0,2.0
4214,4.72,1000000.0,843092094458.0,843291091166.0,5.0,200.0,1.0,198996708.0,200.0,0.0,200000000.0,1.0,2.0
4215,4.712871287128713,1000000.0,843292094458.0,843492091000.0,5.0,202.0,1.0,199996542.0,202.0,0.0,202000000.0,1.0,2.0
4216,4.721393034825871,1000000.0,843493094500.0,843692090958.0,5.0,201.0,1.0,198996458.0,201.0,0.0,201000000.0,1.0,2.0
4217,4.701492537313433,1000000.0,843693094458.0,843892091333.0,5.0,201.0,1.0,198996875.0,201.0,0.0,201000000.0,1.0,2.0
4218,4.696517412935323,1000000.0,843893091333.0,844092091208.0,5.0,201.0,1.0,198999875.0,201.0,0.0,201000000.0,1.0,2.0
4219,4.534653465346534,1000000.0,844093094541.0,844292090958.0,5.0,202.0,1.0,198996417.0,202.0,0.0,202000000.0,1.0,2.0
4220,4.3283582089552235,1000000.0,844293094583.0,844491091041.0,5.0,201.0,1.0,197996458.0,201.0,0.0,201000000.0,1.0,2.0
4221,4.801980198019802,1000000.0,844492094500.0,844692091125.0,5.0,202.0,1.0,199996625.0,202.0,0.0,202000000.0,1.0,2.0
4222,4.815,1000000.0,844693091000.0,844891094458.0,7.0,200.0,1.0,198003458.0,200.0,0.0,200000000.0,1.0,2.0
4223,5.134328358208955,1000000.0,844892094708.0,845091094625.0,6.0,201.0,1.0,198999917.0,201.0,0.0,201000000.0,1.0,2.0
4224,4.51980198019802,1000000.0,845092094458.0,845292091125.0,5.0,202.0,1.0,199996667.0,202.0,0.0,202000000.0,1.0,2.0
4225,4.695,1000000.0,845293091166.0,845491091083.0,5.0,200.0,1.0,197999917.0,200.0,0.0,200000000.0,1.0,2.0
4226,4.58128078817734,1000000.0,845492094708.0,845691094416.0,5.0,203.0,1.0,198999708.0,203.0,0.0,203000000.0,1.0,2.0
4227,6.881188118811881,1000000.0,845692094333.0,845891091000.0,10.0,202.0,1.0,198996667.0,202.0,0.0,202000000.0,1.0,3.0
4228,8.683168316831683,1000000.0,845892094375.0,846092091000.0,10.0,202.0,1.0,199996625.0,202.0,0.0,202000000.0,1.0,2.0
4229,8.628712871287128,1000000.0,846093091041.0,846292090958.0,9.0,202.0,1.0,198999917.0,202.0,0.0,202000000.0,1.0,2.0
4230,8.72636815920398,1000000.0,846293091166.0,846492091041.0,9.0,201.0,1.0,198999875.0,201.0,0.0,201000000.0,1.0,2.0
4231,8.745,1000000.0,846493094416.0,846692091000.0,9.0,200.0,1.0,198996584.0,200.0,0.0,200000000.0,1.0,2.0
4232,8.811881188118813,1000000.0,846693094416.0,846892091041.0,10.0,202.0,1.0,198996625.0,202.0,0.0,202000000.0,1.0,2.0
4233,8.945,1000000.0,846893094458.0,847091094500.0,10.0,200.0,1.0,198000042.0,200.0,0.0,200000000.0,1.0,2.0
4234,8.735,1000000.0,847092094416.0,847291091166.0,10.0,200.0,1.0,198996750.0,200.0,0.0,200000000.0,1.0,2.0
4235,8.638613861386139,1000000.0,847292094416.0,847491091000.0,9.0,202.0,1.0,198996584.0,202.0,0.0,202000000.0,1.0,3.0
4236,8.767326732673267,1000000.0,847492094375.0,847691091000.0,9.0,202.0,1.0,198996625.0,202.0,0.0,202000000.0,1.0,2.0
4237,8.398009950248756,1000000.0,847692094333.0,847892091250.0,9.0,201.0,1.0,199996917.0,201.0,0.0,201000000.0,1.0,1.0
4238,8.465346534653465,1000000.0,847893094416.0,848092091083.0,10.0,202.0,1.0,198996667.0,202.0,0.0,202000000.0,1.0,2.0
4239,8.965346534653465,1000000.0,848093094333.0,848292091000.0,10.0,202.0,1.0,198996667.0,202.0,0.0,202000000.0,1.0,2.0
4240,8.775,1000000.0,848293094416.0,848491090958.0,9.0,200.0,1.0,197996542.0,200.0,0.0,200000000.0,1.0,2.0
4241,8.55,1000000.0,848492094375.0,848691091125.0,10.0,200.0,1.0,198996750.0,200.0,0.0,200000000.0,1.0,1.0
4242,8.707920792079207,1000000.0,848692094333.0,848892091166.0,9.0,202.0,1.0,199996833.0,202.0,0.0,202000000.0,1.0,2.0
4243,8.626865671641792,1000000.0,848893091291.0,849091094333.0,9.0,201.0,1.0,198003042.0,201.0,0.0,201000000.0,1.0,2.0
4244,8.571428571428571,1000000.0,849092094250.0,849292090958.0,10.0,203.0,1.0,199996708.0,203.0,0.0,203000000.0,1.0,2.0
4245,8.738693467336683,1000000.0,849293094458.0,849491091041.0,10.0,199.0,1.0,197996583.0,199.0,0.0,199000000.0,1.0,1.0
4246,8.945273631840797,1000000.0,849492094416.0,849691091208.0,10.0,201.0,1.0,198996792.0,201.0,0.0,201000000.0,1.0,2.0
4247,8.608910891089108,1000000.0,849692094375.0,849892091166.0,10.0,202.0,1.0,199996791.0,202.0,0.0,202000000.0,1.0,2.0
4248,8.78,1000000.0,849893094541.0,850091091125.0,10.0,200.0,1.0,197996584.0,200.0,0.0,200000000.0,1.0,2.0
4249,8.797029702970297,1000000.0,850092094375.0,850291091041.0,10.0,202.0,1.0,198996666.0,202.0,0.0,202000000.0,1.0,2.0
4250,8.880597014925373,1000000.0,850292094333.0,850491091000.0,10.0,201.0,1.0,198996667.0,201.0,0.0,201000000.0,1.0,2.0
4251,8.94059405940594,1000000.0,850492094416.0,850691091000.0,10.0,202.0,1.0,198996584.0,202.0,0.0,202000000.0,1.0,2.0
4252,8.862068965517242,1000000.0,850692094333.0,850892091291.0,10.0,203.0,1.0,199996958.0,203.0,0.0,203000000.0,1.0,2.0
4253,8.751243781094526,1000000.0,850893094458.0,851092091041.0,11.0,201.0,1.0,198996583.0,201.0,0.0,201000000.0,1.0,2.0
4254,8.671641791044776,1000000.0,851093094416.0,851291091125.0,9.0,201.0,1.0,197996709.0,201.0,0.0,201000000.0,1.0,2.0
4255,8.781094527363184,1000000.0,851292094416.0,851491094541.0,9.0,201.0,1.0,199000125.0,201.0,0.0,201000000.0,1.0,3.0
4256,8.696517412935323,1000000.0,851492094708.0,851691090958.0,9.0,201.0,1.0,198996250.0,201.0,0.0,201000000.0,1.0,2.0
4257,8.748768472906404,1000000.0,851692094666.0,851892091291.0,9.0,203.0,1.0,199996625.0,203.0,0.0,203000000.0,1.0,2.0
4258,8.495049504950495,1000000.0,851893091208.0,852092091041.0,10.0,202.0,1.0,198999833.0,202.0,0.0,202000000.0,1.0,2.0
4259,8.980099502487562,1000000.0,852093094500.0,852292091166.0,10.0,201.0,1.0,198996666.0,201.0,0.0,201000000.0,1.0,2.0
4260,8.72361809045226,1000000.0,852293094291.0,852491091000.0,9.0,199.0,1.0,197996709.0,199.0,0.0,199000000.0,1.0,2.0
4261,8.727722772277227,1000000.0,852492094416.0,852691094625.0,9.0,202.0,1.0,199000209.0,202.0,0.0,202000000.0,1.0,2.0
4262,8.783251231527094,1000000.0,852692094333.0,852892091375.0,10.0,203.0,1.0,199997042.0,203.0,0.0,203000000.0,1.0,2.0
4263,8.645,1000000.0,852893094416.0,853092090958.0,9.0,200.0,1.0,198996542.0,200.0,0.0,200000000.0,1.0,1.0
4264,8.732673267326733,1000000.0,853093091375.0,853291094375.0,10.0,202.0,1.0,198003000.0,202.0,0.0,202000000.0,1.0,2.0
4265,4.557213930348259,1000000.0,853292094541.0,853492091041.0,6.0,201.0,1.0,199996500.0,201.0,0.0,201000000.0,1.0,2.0
4266,4.742574257425742,1000000.0,853493094416.0,853691090958.0,6.0,202.0,1.0,197996542.0,202.0,0.0,202000000.0,1.0,2.0
4267,4.693069306930693,1000000.0,853692094458.0,853891094583.0,6.0,202.0,1.0,199000125.0,202.0,0.0,202000000.0,1.0,2.0
4268,4.646766169154229,1000000.0,853892094458.0,854091094500.0,5.0,201.0,1.0,199000042.0,201.0,0.0,201000000.0,1.0,2.0
4269,4.605,1000000.0,854092094458.0,854291091125.0,5.0,200.0,1.0,198996667.0,200.0,0.0,200000000.0,1.0,2.0
4270,4.9411764705882355,1000000.0,854292094458.0,854491091000.0,6.0,204.0,1.0,198996542.0,204.0,0.0,204000000.0,1.0,2.0
4271,4.6716417910447765,1000000.0,854492094416.0,854692091083.0,5.0,201.0,1.0,199996667.0,201.0,0.0,201000000.0,1.0,1.0
4272,4.931034482758621,1000000.0,854693091041.0,854892091208.0,6.0,203.0,1.0,199000167.0,203.0,0.0,203000000.0,1.0,3.0
4273,4.6716417910447765,1000000.0,854893094458.0,855092091083.0,5.0,201.0,1.0,198996625.0,201.0,0.0,201000000.0,1.0,2.0
4274,4.615,1000000.0,855093091208.0,855291094666.0,5.0,200.0,1.0,198003458.0,200.0,0.0,200000000.0,1.0,2.0
4275,4.522388059701493,1000000.0,855292094541.0,855492091166.0,5.0,201.0,1.0,199996625.0,201.0,0.0,201000000.0,1.0,1.0
4276,4.8,1000000.0,855493094458.0,855691091041.0,7.0,200.0,1.0,197996583.0,200.0,0.0,200000000.0,1.0,2.0
4277,4.381188118811881,1000000.0,855692094458.0,855892091250.0,5.0,202.0,1.0,199996792.0,202.0,0.0,202000000.0,1.0,2.0
4278,4.552238805970149,1000000.0,855893094500.0,856092091083.0,7.0,201.0,1.0,198996583.0,201.0,0.0,201000000.0,1.0,2.0
4279,4.920398009950249,1000000.0,856093094500.0,856291091083.0,6.0,201.0,1.0,197996583.0,201.0,0.0,201000000.0,1.0,2.0
4280,4.895522388059701,1000000.0,856292094541.0,856491091333.0,6.0,201.0,1.0,198996792.0,201.0,0.0,201000000.0,1.0,2.0
4281,4.717821782178218,1000000.0,856492094458.0,856692091000.0,6.0,202.0,1.0,199996542.0,202.0,0.0,202000000.0,1.0,2.0
4282,4.840796019900497,1000000.0,856693094500.0,856892091208.0,5.0,201.0,1.0,198996708.0,201.0,0.0,201000000.0,1.0,2.0
4283,4.527363184079602,1000000.0,856893091250.0,857091091125.0,5.0,201.0,1.0,197999875.0,201.0,0.0,201000000.0,1.0,2.0
4284,4.911330049261084,1000000.0,857092094541.0,857291091000.0,9.0,203.0,1.0,198996459.0,203.0,0.0,203000000.0,1.0,2.0
4285,4.435643564356436,1000000.0,857292094500.0,857492091166.0,5.0,202.0,1.0,199996666.0,202.0,0.0,202000000.0,1.0,2.0
4286,4.985074626865671,1000000.0,857493091250.0,857692091083.0,7.0,201.0,1.0,198999833.0,201.0,0.0,201000000.0,1.0,2.0
4287,4.740196078431373,1000000.0,857693094541.0,857892091000.0,6.0,204.0,1.0,198996459.0,204.0,0.0,204000000.0,1.0,2.0
4288,4.537313432835821,1000000.0,857893094625.0,858092091250.0,5.0,201.0,1.0,198996625.0,201.0,0.0,201000000.0,1.0,2.0
4289,4.875621890547263,1000000.0,858093091291.0,858291091041.0,5.0,201.0,1.0,197999750.0,201.0,0.0,201000000.0,1.0,2.0
4290,4.611940298507463,1000000.0,858292094333.0,858491091250.0,5.0,201.0,1.0,198996917.0,201.0,0.0,201000000.0,1.0,2.0
4291,4.648514851485149,1000000.0,858492094416.0,858691091291.0,5.0,202.0,1.0,198996875.0,202.0,0.0,202000000.0,1.0,2.0
4292,4.606965174129353,1000000.0,858692094458.0,858892091083.0,5.0,201.0,1.0,199996625.0,201.0,0.0,201000000.0,1.0,2.0
4293,4.582089552238806,1000000.0,858893094458.0,859092091166.0,5.0,201.0,1.0,198996708.0,201.0,0.0,201000000.0,1.0,2.0
4294,4.68,1000000.0,859093091291.0,859291090958.0,6.0,200.0,1.0,197999667.0,200.0,0.0,200000000.0,1.0,2.0
4295,4.817733990147783,1000000.0,859292094458.0,859491091125.0,5.0,203.0,1.0,198996667.0,203.0,0.0,203000000.0,1.0,2.0
4296,4.606965174129353,1000000.0,859492094541.0,859691094500.0,5.0,201.0,1.0,198999959.0,201.0,0.0,201000000.0,1.0,2.0
4297,4.686567164179104,1000000.0,859692094500.0,859891091000.0,5.0,201.0,1.0,198996500.0,201.0,0.0,201000000.0,1.0,2.0
4298,4.748768472906404,1000000.0,859892094541.0,860092091125.0,5.0,203.0,1.0,199996584.0,203.0,0.0,203000000.0,1.0,2.0
4299,4.601990049751244,1000000.0,860093094541.0,860291094416.0,5.0,201.0,1.0,197999875.0,201.0,0.0,201000000.0,1.0,2.0
4300,4.3399014778325125,1000000.0,860292094541.0,860492091000.0,5.0,203.0,1.0,199996459.0,203.0,0.0,203000000.0,1.0,2.0
4301,4.736318407960199,1000000.0,860493094416.0,860692091125.0,5.0,201.0,1.0,198996709.0,201.0,0.0,201000000.0,1.0,2.0
4302,6.573529411764706,1000000.0,860693094500.0,860892091166.0,9.0,204.0,1.0,198996666.0,204.0,0.0,204000000.0,1.0,2.0
4303,8.856435643564357,1000000.0,860893094458.0,861091091041.0,11.0,202.0,1.0,197996583.0,202.0,0.0,202000000.0,1.0,2.0
4304,8.71078431372549,1000000.0,861092094500.0,861292091041.0,11.0,204.0,1.0,199996541.0,204.0,0.0,204000000.0,1.0,2.0
4305,8.821782178217822,1000000.0,861293091041.0,861492091000.0,10.0,202.0,1.0,198999959.0,202.0,0.0,202000000.0,1.0,2.0
4306,8.707920792079207,1000000.0,861493094458.0,861692091000.0,10.0,202.0,1.0,198996542.0,202.0,0.0,202000000.0,1.0,2.0
4307,8.683168316831683,1000000.0,861693094500.0,861892091166.0,10.0,202.0,1.0,198996666.0,202.0,0.0,202000000.0,1.0,2.0
4308,9.148514851485148,1000000.0,861893094458.0,862092091000.0,10.0,202.0,1.0,198996542.0,202.0,0.0,202000000.0,1.0,3.0
4309,8.81,1000000.0,862093094416.0,862291094333.0,10.0,200.0,1.0,197999917.0,200.0,0.0,200000000.0,1.0,2.0
4310,8.64179104477612,1000000.0,862292094375.0,862491091083.0,9.0,201.0,1.0,198996708.0,201.0,0.0,201000000.0,1.0,2.0
4311,8.729064039408867,1000000.0,862492094375.0,862692091250.0,10.0,203.0,1.0,199996875.0,203.0,0.0,203000000.0,1.0,2.0
4312,8.676616915422885,1000000.0,862693091333.0,862891091208.0,9.0,201.0,1.0,197999875.0,201.0,0.0,201000000.0,1.0,2.0
4313,8.758620689655173,1000000.0,862892094291.0,863091091125.0,9.0,203.0,1.0,198996834.0,203.0,0.0,203000000.0,1.0,2.0
4314,8.811881188118813,1000000.0,863092094416.0,863292091041.0,9.0,202.0,1.0,199996625.0,202.0,0.0,202000000.0,1.0,2.0
4315,8.681592039800995,1000000.0,863293094375.0,863492091250.0,10.0,201.0,1.0,198996875.0,201.0,0.0,201000000.0,1.0,2.0
4316,8.81592039800995,1000000.0,863493091250.0,863692091250.0,9.0,201.0,1.0,199000000.0,201.0,0.0,201000000.0,1.0,2.0
4317,8.64321608040201,1000000.0,863693094416.0,863891091000.0,9.0,199.0,1.0,197996584.0,199.0,0.0,199000000.0,1.0,2.0
4318,8.671641791044776,1000000.0,863892094375.0,864091091208.0,11.0,201.0,1.0,198996833.0,201.0,0.0,201000000.0,1.0,2.0
4319,8.349753694581281,1000000.0,864092094458.0,864291091083.0,9.0,203.0,1.0,198996625.0,203.0,0.0,203000000.0,1.0,2.0
4320,8.439024390243903,1000000.0,864292094375.0,864492091083.0,9.0,205.0,1.0,199996708.0,205.0,0.0,205000000.0,1.0,2.0
4321,8.698019801980198,1000000.0,864493094333.0,864692091000.0,9.0,202.0,1.0,198996667.0,202.0,0.0,202000000.0,1.0,2.0
4322,8.82089552238806,1000000.0,864693094416.0,864891091166.0,9.0,201.0,1.0,197996750.0,201.0,0.0,201000000.0,1.0,2.0
4323,8.64039408866995,1000000.0,864892094375.0,865092091000.0,9.0,203.0,1.0,199996625.0,203.0,0.0,203000000.0,1.0,2.0
4324,8.805970149253731,1000000.0,865093091041.0,865292091083.0,9.0,201.0,1.0,199000042.0,201.0,0.0,201000000.0,1.0,2.0
4325,8.633663366336634,1000000.0,865293094375.0,865492091041.0,10.0,202.0,1.0,198996666.0,202.0,0.0,202000000.0,1.0,2.0
4326,8.61,1000000.0,865493091041.0,865691091208.0,9.0,200.0,1.0,198000167.0,200.0,0.0,200000000.0,1.0,2.0
4327,8.53960396039604,1000000.0,865692094375.0,865892091375.0,9.0,202.0,1.0,199997000.0,202.0,0.0,202000000.0,1.0,2.0
4328,8.691542288557214,1000000.0,865893094625.0,866092091041.0,11.0,201.0,1.0,198996416.0,201.0,0.0,201000000.0,1.0,2.0
4329,8.64676616915423,1000000.0,866093094333.0,866291094333.0,10.0,201.0,1.0,198000000.0,201.0,0.0,201000000.0,1.0,2.0
4330,8.733990147783251,1000000.0,866292094333.0,866492091250.0,9.0,203.0,1.0,199996917.0,203.0,0.0,203000000.0,1.0,2.0
4331,8.73,1000000.0,866493091291.0,866691091208.0,10.0,200.0,1.0,197999917.0,200.0,0.0,200000000.0,1.0,2.0
4332,8.683168316831683,1000000.0,866692094458.0,866891091166.0,9.0,202.0,1.0,198996708.0,202.0,0.0,202000000.0,1.0,2.0
4333,8.569306930693068,1000000.0,866892094583.0,867092091083.0,11.0,202.0,1.0,199996500.0,202.0,0.0,202000000.0,1.0,2.0
4334,8.765,1000000.0,867093094458.0,867291091041.0,11.0,200.0,1.0,197996583.0,200.0,0.0,200000000.0,1.0,2.0
4335,8.747524752475247,1000000.0,867292094583.0,867491091041.0,9.0,202.0,1.0,198996458.0,202.0,0.0,202000000.0,1.0,2.0
4336,8.722772277227723,1000000.0,867492094333.0,867691091125.0,11.0,202.0,1.0,198996792.0,202.0,0.0,202000000.0,1.0,2.0
4337,8.826732673267326,1000000.0,867692094333.0,867892091291.0,9.0,202.0,1.0,199996958.0,202.0,0.0,202000000.0,1.0,2.0
4338,8.626865671641792,1000000.0,867893094500.0,868092090958.0,9.0,201.0,1.0,198996458.0,201.0,0.0,201000000.0,1.0,2.0
4339,8.53960396039604,1000000.0,868093094416.0,868292091208.0,9.0,202.0,1.0,198996792.0,202.0,0.0,202000000.0,1.0,2.0
4340,4.836633663366337,1000000.0,868293091250.0,868492091125.0,5.0,202.0,1.0,198999875.0,202.0,0.0,202000000.0,1.0,2.0
4341,4.615,1000000.0,868493094583.0,868691091083.0,6.0,200.0,1.0,197996500.0,200.0,0.0,200000000.0,1.0,2.0
4342,4.855721393034826,1000000.0,868692094458.0,868891094291.0,5.0,201.0,1.0,198999833.0,201.0,0.0,201000000.0,1.0,2.0
4343,4.826732673267327,1000000.0,868892094500.0,869091091166.0,6.0,202.0,1.0,198996666.0,202.0,0.0,202000000.0,1.0,3.0
4344,4.82089552238806,1000000.0,869092094541.0,869292091000.0,5.0,201.0,1.0,199996459.0,201.0,0.0,201000000.0,1.0,2.0
4345,4.522388059701493,1000000.0,869293091208.0,869492091250.0,5.0,201.0,1.0,199000042.0,201.0,0.0,201000000.0,1.0,2.0
4346,4.855,1000000.0,869493094500.0,869691094583.0,6.0,200.0,1.0,198000083.0,200.0,0.0,200000000.0,1.0,2.0
4347,4.292079207920792,1000000.0,869692094500.0,869891094458.0,5.0,202.0,1.0,198999958.0,202.0,0.0,202000000.0,1.0,2.0
4348,4.432835820895522,1000000.0,869892094416.0,870091091041.0,5.0,201.0,1.0,198996625.0,201.0,0.0,201000000.0,1.0,2.0
4349,4.862068965517241,1000000.0,870092094500.0,870292091208.0,6.0,203.0,1.0,199996708.0,203.0,0.0,203000000.0,1.0,2.0
4350,4.61,1000000.0,870293091083.0,870491094541.0,6.0,200.0,1.0,198003458.0,200.0,0.0,200000000.0,1.0,2.0
4351,4.876237623762377,1000000.0,870492094458.0,870691091208.0,7.0,202.0,1.0,198996750.0,202.0,0.0,202000000.0,1.0,3.0
4352,4.796019900497512,1000000.0,870692094541.0,870891091291.0,6.0,201.0,1.0,198996750.0,201.0,0.0,201000000.0,1.0,2.0
4353,4.862068965517241,1000000.0,870892094583.0,871092091041.0,6.0,203.0,1.0,199996458.0,203.0,0.0,203000000.0,1.0,2.0
4354,4.731343283582089,1000000.0,871093091208.0,871292091000.0,6.0,201.0,1.0,198999792.0,201.0,0.0,201000000.0,1.0,2.0
4355,4.7611940298507465,1000000.0,871293091333.0,871492091041.0,7.0,201.0,1.0,198999708.0,201.0,0.0,201000000.0,1.0,2.0
4356,4.711442786069652,1000000.0,871493091291.0,871692091125.0,7.0,201.0,1.0,198999834.0,201.0,0.0,201000000.0,1.0,2.0
4357,4.653465346534653,1000000.0,871693091041.0,871892091166.0,7.0,202.0,1.0,199000125.0,202.0,0.0,202000000.0,1.0,2.0
4358,4.83743842364532,1000000.0,871893094500.0,872092091041.0,6.0,203.0,1.0,198996541.0,203.0,0.0,203000000.0,1.0,2.0
4359,5.128712871287129,1000000.0,872093094416.0,872292091041.0,7.0,202.0,1.0,198996625.0,202.0,0.0,202000000.0,1.0,2.0
4360,5.0049504950495045,1000000.0,872293094458.0,872491091083.0,7.0,202.0,1.0,197996625.0,202.0,0.0,202000000.0,1.0,2.0
4361,4.781094527363184,1000000.0,872492094500.0,872691091041.0,6.0,201.0,1.0,198996541.0,201.0,0.0,201000000.0,1.0,2.0
4362,4.707920792079208,1000000.0,872692094458.0,872892091166.0,5.0,202.0,1.0,199996708.0,202.0,0.0,202000000.0,1.0,2.0
4363,4.728643216080402,1000000.0,872893094500.0,873091091250.0,6.0,199.0,1.0,197996750.0,199.0,0.0,199000000.0,1.0,1.0
4364,4.666666666666667,1000000.0,873092094458.0,873292091208.0,5.0,201.0,1.0,199996750.0,201.0,0.0,201000000.0,1.0,1.0
4365,4.865,1000000.0,873293091208.0,873491091041.0,6.0,200.0,1.0,197999833.0,200.0,0.0,200000000.0,1.0,2.0
4366,4.738916256157635,1000000.0,873492094375.0,873692091083.0,5.0,203.0,1.0,199996708.0,203.0,0.0,203000000.0,1.0,2.0
4367,4.658415841584159,1000000.0,873693094375.0,873892091250.0,5.0,202.0,1.0,198996875.0,202.0,0.0,202000000.0,1.0,2.0
4368,4.99009900990099,1000000.0,873893094458.0,874092091250.0,6.0,202.0,1.0,198996792.0,202.0,0.0,202000000.0,1.0,2.0
4369,4.63819095477387,1000000.0,874093094458.0,874291091041.0,6.0,199.0,1.0,197996583.0,199.0,0.0,199000000.0,1.0,2.0
4370,4.676616915422885,1000000.0,874292094458.0,874491091000.0,5.0,201.0,1.0,198996542.0,201.0,0.0,201000000.0,1.0,2.0
4371,4.876237623762377,1000000.0,874492094375.0,874692091041.0,5.0,202.0,1.0,199996666.0,202.0,0.0,202000000.0,1.0,2.0
4372,4.72636815920398,1000000.0,874693094541.0,874892091000.0,5.0,201.0,1.0,198996459.0,201.0,0.0,201000000.0,1.0,2.0
4373,4.67,1000000.0,874893094291.0,875091091000.0,5.0,200.0,1.0,197996709.0,200.0,0.0,200000000.0,1.0,2.0
4374,4.656716417910448,1000000.0,875092094458.0,875291091416.0,5.0,201.0,1.0,198996958.0,201.0,0.0,201000000.0,1.0,2.0
4375,4.691542288557214,1000000.0,875292094500.0,875492091125.0,5.0,201.0,1.0,199996625.0,201.0,0.0,201000000.0,1.0,2.0
4376,4.776119402985074,1000000.0,875493091041.0,875692091083.0,5.0,201.0,1.0,199000042.0,201.0,0.0,201000000.0,1.0,2.0
4377,6.807881773399015,1000000.0,875693091125.0,875892091041.0,9.0,203.0,1.0,198999916.0,203.0,0.0,203000000.0,1.0,2.0
4378,8.648514851485148,1000000.0,875893094375.0,876092091000.0,10.0,202.0,1.0,198996625.0,202.0,0.0,202000000.0,1.0,2.0
4379,8.535,1000000.0,876093094541.0,876291091250.0,11.0,200.0,1.0,197996709.0,200.0,0.0,200000000.0,1.0,2.0
4380,8.678217821782178,1000000.0,876292094875.0,876491091000.0,9.0,202.0,1.0,198996125.0,202.0,0.0,202000000.0,1.0,2.0
4381,8.582089552238806,1000000.0,876492094458.0,876691091041.0,9.0,201.0,1.0,198996583.0,201.0,0.0,201000000.0,1.0,2.0
4382,8.845771144278608,1000000.0,876692094333.0,876891091250.0,11.0,201.0,1.0,198996917.0,201.0,0.0,201000000.0,1.0,2.0
4383,8.611940298507463,1000000.0,876892094500.0,877091091166.0,10.0,201.0,1.0,198996666.0,201.0,0.0,201000000.0,1.0,2.0
4384,8.658415841584159,1000000.0,877092094541.0,877292091208.0,10.0,202.0,1.0,199996667.0,202.0,0.0,202000000.0,1.0,2.0
4385,8.685,1000000.0,877293091125.0,877491091000.0,11.0,200.0,1.0,197999875.0,200.0,0.0,200000000.0,1.0,2.0
4386,8.422885572139304,1000000.0,877492094666.0,877691094375.0,10.0,201.0,1.0,198999709.0,201.0,0.0,201000000.0,1.0,2.0
4387,8.772277227722773,1000000.0,877692094333.0,877892091333.0,9.0,202.0,1.0,199997000.0,202.0,0.0,202000000.0,1.0,2.0
4388,8.63681592039801,1000000.0,877893094458.0,878092091083.0,9.0,201.0,1.0,198996625.0,201.0,0.0,201000000.0,1.0,2.0
4389,8.806930693069306,1000000.0,878093094375.0,878292091000.0,9.0,202.0,1.0,198996625.0,202.0,0.0,202000000.0,1.0,2.0
4390,8.83084577114428,1000000.0,878293094458.0,878491094708.0,9.0,201.0,1.0,198000250.0,201.0,0.0,201000000.0,1.0,3.0
4391,8.696517412935323,1000000.0,878492094458.0,878691091041.0,9.0,201.0,1.0,198996583.0,201.0,0.0,201000000.0,1.0,2.0
4392,9.029702970297029,1000000.0,878692094458.0,878892091166.0,10.0,202.0,1.0,199996708.0,202.0,0.0,202000000.0,1.0,2.0
4393,8.716417910447761,1000000.0,878893094500.0,879092091125.0,9.0,201.0,1.0,198996625.0,201.0,0.0,201000000.0,1.0,2.0
4394,8.745,1000000.0,879093094416.0,879292091250.0,10.0,200.0,1.0,198996834.0,200.0,0.0,200000000.0,1.0,1.0
4395,8.890547263681592,1000000.0,879293091208.0,879491091166.0,10.0,201.0,1.0,197999958.0,201.0,0.0,201000000.0,1.0,2.0
4396,8.67487684729064,1000000.0,879492094416.0,879692091166.0,10.0,203.0,1.0,199996750.0,203.0,0.0,203000000.0,1.0,2.0
4397,8.308457711442786,1000000.0,879693094500.0,879892091125.0,9.0,201.0,1.0,198996625.0,201.0,0.0,201000000.0,1.0,2.0
4398,8.54726368159204,1000000.0,879893094458.0,880092091000.0,9.0,201.0,1.0,198996542.0,201.0,0.0,201000000.0,1.0,2.0
4399,8.721393034825871,1000000.0,880093094416.0,880292091041.0,10.0,201.0,1.0,198996625.0,201.0,0.0,201000000.0,1.0,2.0
4400,8.69,1000000.0,880293094375.0,880491091083.0,10.0,200.0,1.0,197996708.0,200.0,0.0,200000000.0,1.0,2.0
4401,8.805970149253731,1000000.0,880492094541.0,880691091125.0,9.0,201.0,1.0,198996584.0,201.0,0.0,201000000.0,1.0,2.0
4402,8.628712871287128,1000000.0,880692094458.0,880892091250.0,10.0,202.0,1.0,199996792.0,202.0,0.0,202000000.0,1.0,2.0
4403,8.761194029850746,1000000.0,880893094458.0,881092091125.0,10.0,201.0,1.0,198996667.0,201.0,0.0,201000000.0,1.0,2.0
4404,8.534653465346535,1000000.0,881093094416.0,881292091208.0,9.0,202.0,1.0,198996792.0,202.0,0.0,202000000.0,1.0,2.0
4405,8.64179104477612,1000000.0,881293091208.0,881491094666.0,9.0,201.0,1.0,198003458.0,201.0,0.0,201000000.0,1.0,2.0
4406,8.594059405940595,1000000.0,881492094416.0,881692091166.0,9.0,202.0,1.0,199996750.0,202.0,0.0,202000000.0,1.0,2.0
4407,8.727722772277227,1000000.0,881693091291.0,881892091208.0,9.0,202.0,1.0,198999917.0,202.0,0.0,202000000.0,1.0,2.0
4408,8.72636815920398,1000000.0,881893091208.0,882092091333.0,10.0,201.0,1.0,199000125.0,201.0,0.0,201000000.0,1.0,2.0
4409,8.64824120603015,1000000.0,882093091375.0,882291091041.0,10.0,199.0,1.0,197999666.0,199.0,0.0,199000000.0,1.0,2.0
4410,8.748768472906404,1000000.0,882292094375.0,882492091000.0,10.0,203.0,1.0,199996625.0,203.0,0.0,203000000.0,1.0,2.0
4411,8.785,1000000.0,882493091125.0,882691091208.0,10.0,200.0,1.0,198000083.0,200.0,0.0,200000000.0,1.0,2.0
4412,8.91044776119403,1000000.0,882692094500.0,882891091250.0,9.0,201.0,1.0,198996750.0,201.0,0.0,201000000.0,1.0,2.0
4413,8.763546798029557,1000000.0,882892094500.0,883092091125.0,10.0,203.0,1.0,199996625.0,203.0,0.0,203000000.0,1.0,2.0
4414,8.668341708542714,1000000.0,883093094541.0,883291090958.0,9.0,199.0,1.0,197996417.0,199.0,0.0,199000000.0,1.0,1.0
4415,4.985074626865671,1000000.0,883292094333.0,883491091250.0,9.0,201.0,1.0,198996917.0,201.0,0.0,201000000.0,1.0,2.0
4416,4.7560975609756095,1000000.0,883492094416.0,883692091291.0,5.0,205.0,1.0,199996875.0,205.0,0.0,205000000.0,1.0,2.0
4417,4.579207920792079,1000000.0,883693091208.0,883892091416.0,5.0,202.0,1.0,199000208.0,202.0,0.0,202000000.0,1.0,2.0
4418,4.42,1000000.0,883893094250.0,884092091083.0,5.0,200.0,1.0,198996833.0,200.0,0.0,200000000.0,1.0,2.0
4419,4.702970297029703,1000000.0,884093094458.0,884292090958.0,7.0,202.0,1.0,198996500.0,202.0,0.0,202000000.0,1.0,2.0
4420,4.696517412935323,1000000.0,884293094375.0,884492091208.0,6.0,201.0,1.0,198996833.0,201.0,0.0,201000000.0,1.0,2.0
4421,4.721393034825871,1000000.0,884493094416.0,884692091166.0,7.0,201.0,1.0,198996750.0,201.0,0.0,201000000.0,1.0,2.0
4422,4.44,1000000.0,884693091125.0,884891091125.0,5.0,200.0,1.0,198000000.0,200.0,0.0,200000000.0,1.0,2.0
4423,4.906403940886699,1000000.0,884892094583.0,885092091000.0,6.0,203.0,1.0,199996417.0,203.0,0.0,203000000.0,1.0,2.0
4424,4.641791044776119,1000000.0,885093091041.0,885292091000.0,5.0,201.0,1.0,198999959.0,201.0,0.0,201000000.0,1.0,2.0
4425,4.626865671641791,1000000.0,885293091166.0,885492091000.0,6.0,201.0,1.0,198999834.0,201.0,0.0,201000000.0,1.0,2.0
4426,4.866336633663367,1000000.0,885493094333.0,885692091000.0,7.0,202.0,1.0,198996667.0,202.0,0.0,202000000.0,1.0,2.0
4427,4.663366336633663,1000000.0,885693094458.0,885892090958.0,6.0,202.0,1.0,198996500.0,202.0,0.0,202000000.0,1.0,2.0
4428,4.6683168316831685,1000000.0,885893094541.0,886092091125.0,6.0,202.0,1.0,198996584.0,202.0,0.0,202000000.0,1.0,2.0
4429,4.8817733990147785,1000000.0,886093094541.0,886292091166.0,6.0,203.0,1.0,198996625.0,203.0,0.0,203000000.0,1.0,2.0
4430,4.81,1000000.0,886293094458.0,886491091041.0,7.0,200.0,1.0,197996583.0,200.0,0.0,200000000.0,1.0,2.0
4431,4.693069306930693,1000000.0,886492094541.0,886692091250.0,5.0,202.0,1.0,199996709.0,202.0,0.0,202000000.0,1.0,2.0
4432,4.792079207920792,1000000.0,886693091250.0,886892091041.0,6.0,202.0,1.0,198999791.0,202.0,0.0,202000000.0,1.0,3.0
4433,4.517412935323383,1000000.0,886893094625.0,887092091041.0,5.0,201.0,1.0,198996416.0,201.0,0.0,201000000.0,1.0,2.0
4434,4.59,1000000.0,887093094333.0,887291091125.0,7.0,200.0,1.0,197996792.0,200.0,0.0,200000000.0,1.0,2.0
4435,4.890547263681592,1000000.0,887292094458.0,887491091083.0,7.0,201.0,1.0,198996625.0,201.0,0.0,201000000.0,1.0,2.0
4436,4.6716417910447765,1000000.0,887492094458.0,887692091125.0,5.0,201.0,1.0,199996667.0,201.0,0.0,201000000.0,1.0,1.0
4437,4.82089552238806,1000000.0,887693094333.0,887892091166.0,6.0,201.0,1.0,198996833.0,201.0,0.0,201000000.0,1.0,2.0
4438,5.005,1000000.0,887893091166.0,888091091166.0,6.0,200.0,1.0,198000000.0,200.0,0.0,200000000.0,1.0,2.0
4439,4.727722772277228,1000000.0,888092094416.0,888292091208.0,6.0,202.0,1.0,199996792.0,202.0,0.0,202000000.0,1.0,2.0
4440,4.796019900497512,1000000.0,888293094750.0,888492091333.0,5.0,201.0,1.0,198996583.0,201.0,0.0,201000000.0,1.0,2.0
4441,4.9502487562189055,1000000.0,888493094500.0,888692091166.0,6.0,201.0,1.0,198996666.0,201.0,0.0,201000000.0,1.0,3.0
4442,4.601990049751244,1000000.0,888693091291.0,888892091166.0,6.0,201.0,1.0,198999875.0,201.0,0.0,201000000.0,1.0,2.0
4443,4.53,1000000.0,888893091208.0,889092091041.0,7.0,200.0,1.0,198999833.0,200.0,0.0,200000000.0,1.0,1.0
4444,4.806930693069307,1000000.0,889093094458.0,889292091125.0,7.0,202.0,1.0,198996667.0,202.0,0.0,202000000.0,1.0,2.0
4445,4.432160804020101,1000000.0,889293094416.0,889491090958.0,5.0,199.0,1.0,197996542.0,199.0,0.0,199000000.0,1.0,2.0
4446,4.725,1000000.0,889492094541.0,889691094458.0,5.0,200.0,1.0,198999917.0,200.0,0.0,200000000.0,1.0,1.0
4447,4.58128078817734,1000000.0,889692094541.0,889891091041.0,6.0,203.0,1.0,198996500.0,203.0,0.0,203000000.0,1.0,2.0
4448,4.905940594059406,1000000.0,889892094541.0,890092091125.0,6.0,202.0,1.0,199996584.0,202.0,0.0,202000000.0,1.0,2.0
4449,4.849246231155779,1000000.0,890093094500.0,890291094458.0,6.0,199.0,1.0,197999958.0,199.0,0.0,199000000.0,1.0,1.0
4450,4.7772277227722775,1000000.0,890292094250.0,890492091083.0,5.0,202.0,1.0,199996833.0,202.0,0.0,202000000.0,1.0,2.0
4451,4.94,1000000.0,890493091166.0,890691091000.0,5.0,200.0,1.0,197999834.0,200.0,0.0,200000000.0,1.0,2.0
4452,6.403940886699507,1000000.0,890692094541.0,890892091208.0,10.0,203.0,1.0,199996667.0,203.0,0.0,203000000.0,1.0,2.0
4453,8.800995024875622,1000000.0,890893094416.0,891092091083.0,10.0,201.0,1.0,198996667.0,201.0,0.0,201000000.0,1.0,2.0
4454,8.53,1000000.0,891093091166.0,891291094375.0,9.0,200.0,1.0,198003209.0,200.0,0.0,200000000.0,1.0,2.0
4455,8.695,1000000.0,891292094375.0,891491091125.0,10.0,200.0,1.0,198996750.0,200.0,0.0,200000000.0,1.0,1.0
4456,8.766169154228855,1000000.0,891492094541.0,891691094458.0,11.0,201.0,1.0,198999917.0,201.0,0.0,201000000.0,1.0,2.0
4457,8.61951219512195,1000000.0,891692094416.0,891892091250.0,10.0,205.0,1.0,199996834.0,205.0,0.0,205000000.0,1.0,2.0
4458,8.87,1000000.0,891893094500.0,892091091041.0,10.0,200.0,1.0,197996541.0,200.0,0.0,200000000.0,1.0,2.0
4459,8.600985221674877,1000000.0,892092094541.0,892291091041.0,9.0,203.0,1.0,198996500.0,203.0,0.0,203000000.0,1.0,2.0
4460,9.004950495049505,1000000.0,892292094458.0,892492091000.0,10.0,202.0,1.0,199996542.0,202.0,0.0,202000000.0,1.0,2.0
4461,8.83084577114428,1000000.0,892493091041.0,892692091166.0,10.0,201.0,1.0,199000125.0,201.0,0.0,201000000.0,1.0,2.0
4462,8.671641791044776,1000000.0,892693091125.0,892892091250.0,9.0,201.0,1.0,199000125.0,201.0,0.0,201000000.0,1.0,2.0
4463,8.811881188118813,1000000.0,892893091166.0,893092091083.0,9.0,202.0,1.0,198999917.0,202.0,0.0,202000000.0,1.0,2.0
4464,8.666666666666666,1000000.0,893093094541.0,893292091208.0,9.0,201.0,1.0,198996667.0,201.0,0.0,201000000.0,1.0,2.0
4465,8.56,1000000.0,893293094500.0,893491091291.0,9.0,200.0,1.0,197996791.0,200.0,0.0,200000000.0,1.0,2.0
4466,8.73134328358209,1000000.0,893492094458.0,893691091208.0,9.0,201.0,1.0,198996750.0,201.0,0.0,201000000.0,1.0,2.0
4467,8.776119402985074,1000000.0,893692094458.0,893891094458.0,10.0,201.0,1.0,199000000.0,201.0,0.0,201000000.0,1.0,2.0
4468,8.433497536945813,1000000.0,893892094375.0,894092090958.0,9.0,203.0,1.0,199996583.0,203.0,0.0,203000000.0,1.0,2.0
4469,8.504950495049505,1000000.0,894093091250.0,894292091125.0,9.0,202.0,1.0,198999875.0,202.0,0.0,202000000.0,1.0,2.0
4470,8.791044776119403,1000000.0,894293094500.0,894492091041.0,10.0,201.0,1.0,198996541.0,201.0,0.0,201000000.0,1.0,2.0
4471,8.633663366336634,1000000.0,894493091250.0,894692091166.0,10.0,202.0,1.0,198999916.0,202.0,0.0,202000000.0,1.0,2.0
4472,8.633663366336634,1000000.0,894693094500.0,894892091208.0,9.0,202.0,1.0,198996708.0,202.0,0.0,202000000.0,1.0,2.0
4473,8.64,1000000.0,894893094458.0,895091091041.0,10.0,200.0,1.0,197996583.0,200.0,0.0,200000000.0,1.0,2.0
4474,8.567164179104477,1000000.0,895092094375.0,895292091166.0,9.0,201.0,1.0,199996791.0,201.0,0.0,201000000.0,1.0,2.0
4475,8.635,1000000.0,895293094625.0,895491091000.0,9.0,200.0,1.0,197996375.0,200.0,0.0,200000000.0,1.0,2.0
4476,8.591133004926109,1000000.0,895492094458.0,895691091125.0,9.0,203.0,1.0,198996667.0,203.0,0.0,203000000.0,1.0,2.0
4477,8.753694581280788,1000000.0,895692094375.0,895892091291.0,9.0,203.0,1.0,199996916.0,203.0,0.0,203000000.0,1.0,2.0
4478,8.771144278606965,1000000.0,895893091208.0,896091091041.0,10.0,201.0,1.0,197999833.0,201.0,0.0,201000000.0,1.0,2.0
4479,8.800995024875622,1000000.0,896092094458.0,896291094416.0,10.0,201.0,1.0,198999958.0,201.0,0.0,201000000.0,1.0,2.0
4480,8.330049261083744,1000000.0,896292094375.0,896491091166.0,10.0,203.0,1.0,198996791.0,203.0,0.0,203000000.0,1.0,2.0
4481,8.823529411764707,1000000.0,896492094541.0,896692091083.0,11.0,204.0,1.0,199996542.0,204.0,0.0,204000000.0,1.0,2.0
4482,8.606965174129353,1000000.0,896693091125.0,896892091041.0,9.0,201.0,1.0,198999916.0,201.0,0.0,201000000.0,1.0,2.0
4483,8.865671641791044,1000000.0,896893091250.0,897092091041.0,10.0,201.0,1.0,198999791.0,201.0,0.0,201000000.0,1.0,2.0
4484,8.809045226130653,1000000.0,897093094541.0,897291091000.0,9.0,199.0,1.0,197996459.0,199.0,0.0,199000000.0,1.0,2.0
4485,8.625,1000000.0,897292094333.0,897491091000.0,9.0,200.0,1.0,198996667.0,200.0,0.0,200000000.0,1.0,1.0
4486,8.569306930693068,1000000.0,897492094375.0,897691091041.0,9.0,202.0,1.0,198996666.0,202.0,0.0,202000000.0,1.0,2.0
4487,8.886138613861386,1000000.0,897692094375.0,897892091291.0,10.0,202.0,1.0,199996916.0,202.0,0.0,202000000.0,1.0,2.0
4488,8.702970297029703,1000000.0,897893091250.0,898092091000.0,10.0,202.0,1.0,198999750.0,202.0,0.0,202000000.0,1.0,2.0
4489,8.582089552238806,1000000.0,898093094333.0,898292090958.0,9.0,201.0,1.0,198996625.0,201.0,0.0,201000000.0,1.0,2.0
4490,4.900990099009901,1000000.0,898293091250.0,898492091125.0,9.0,202.0,1.0,198999875.0,202.0,0.0,202000000.0,1.0,2.0
4491,4.325,1000000.0,898493094541.0,898691091000.0,5.0,200.0,1.0,197996459.0,200.0,0.0,200000000.0,1.0,2.0
4492,4.7227722772277225,1000000.0,898692094583.0,898892091250.0,5.0,202.0,1.0,199996667.0,202.0,0.0,202000000.0,1.0,2.0
4493,5.054726368159204,1000000.0,898893094458.0,899091091000.0,6.0,201.0,1.0,197996542.0,201.0,0.0,201000000.0,1.0,2.0
4494,4.8316831683168315,1000000.0,899092094375.0,899292091000.0,6.0,202.0,1.0,199996625.0,202.0,0.0,202000000.0,1.0,2.0
4495,4.9,1000000.0,899293094416.0,899491094416.0,6.0,200.0,1.0,198000000.0,200.0,0.0,200000000.0,1.0,2.0
4496,4.612745098039215,1000000.0,899492094250.0,899692091000.0,6.0,204.0,1.0,199996750.0,204.0,0.0,204000000.0,1.0,2.0
4497,4.691542288557214,1000000.0,899693094541.0,899892091250.0,6.0,201.0,1.0,198996709.0,201.0,0.0,201000000.0,1.0,2.0
4498,5.12,1000000.0,899893094541.0,900092091250.0,6.0,200.0,1.0,198996709.0,200.0,0.0,200000000.0,1.0,1.0
4499,4.701492537313433,1000000.0,900093094458.0,900291094416.0,5.0,201.0,1.0,197999958.0,201.0,0.0,201000000.0,1.0,2.0
4500,4.717821782178218,1000000.0,900292094458.0,900491091208.0,6.0,202.0,1.0,198996750.0,202.0,0.0,202000000.0,1.0,2.0
4501,5.059701492537314,1000000.0,900492094416.0,900692091083.0,6.0,201.0,1.0,199996667.0,201.0,0.0,201000000.0,1.0,1.0
4502,4.896039603960396,1000000.0,900693091208.0,900892091250.0,5.0,202.0,1.0,199000042.0,202.0,0.0,202000000.0,1.0,2.0
4503,4.702970297029703,1000000.0,900893091208.0,901092091000.0,6.0,202.0,1.0,198999792.0,202.0,0.0,202000000.0,1.0,2.0
4504,4.6318407960199,1000000.0,901093094666.0,901292091333.0,5.0,201.0,1.0,198996667.0,201.0,0.0,201000000.0,1.0,2.0
4505,4.850746268656716,1000000.0,901293091333.0,901492091250.0,6.0,201.0,1.0,198999917.0,201.0,0.0,201000000.0,1.0,2.0
4506,4.69,1000000.0,901493092291.0,901691091125.0,6.0,200.0,1.0,197998834.0,200.0,0.0,200000000.0,1.0,2.0
4507,4.618811881188119,1000000.0,901692094458.0,901892091000.0,7.0,202.0,1.0,199996542.0,202.0,0.0,202000000.0,1.0,2.0
4508,4.575,1000000.0,901893094416.0,902091091083.0,5.0,200.0,1.0,197996667.0,200.0,0.0,200000000.0,1.0,2.0
4509,4.663366336633663,1000000.0,902092094500.0,902291091000.0,5.0,202.0,1.0,198996500.0,202.0,0.0,202000000.0,1.0,2.0
4510,4.651960784313726,1000000.0,902292094625.0,902492091041.0,6.0,204.0,1.0,199996416.0,204.0,0.0,204000000.0,1.0,2.0
4511,4.7711442786069655,1000000.0,902493091000.0,902692091125.0,6.0,201.0,1.0,199000125.0,201.0,0.0,201000000.0,1.0,2.0
4512,4.840796019900497,1000000.0,902693094416.0,902892091000.0,6.0,201.0,1.0,198996584.0,201.0,0.0,201000000.0,1.0,2.0
4513,4.82089552238806,1000000.0,902893091166.0,903092091250.0,5.0,201.0,1.0,199000084.0,201.0,0.0,201000000.0,1.0,2.0
4514,4.522388059701493,1000000.0,903093094333.0,903291091041.0,6.0,201.0,1.0,197996708.0,201.0,0.0,201000000.0,1.0,2.0
4515,4.865671641791045,1000000.0,903292094375.0,903491091000.0,6.0,201.0,1.0,198996625.0,201.0,0.0,201000000.0,1.0,2.0
4516,4.861386138613861,1000000.0,903492094500.0,903692091083.0,6.0,202.0,1.0,199996583.0,202.0,0.0,202000000.0,1.0,2.0
4517,4.51,1000000.0,903693094500.0,903892091166.0,5.0,200.0,1.0,198996666.0,200.0,0.0,200000000.0,1.0,1.0
4518,4.846534653465347,1000000.0,903893091208.0,904092091000.0,5.0,202.0,1.0,198999792.0,202.0,0.0,202000000.0,1.0,2.0
4519,4.9950495049504955,1000000.0,904093094375.0,904292091000.0,7.0,202.0,1.0,198996625.0,202.0,0.0,202000000.0,1.0,2.0
4520,4.89,1000000.0,904293094458.0,904491091041.0,7.0,200.0,1.0,197996583.0,200.0,0.0,200000000.0,1.0,2.0
4521,4.8606965174129355,1000000.0,904492094500.0,904691091083.0,5.0,201.0,1.0,198996583.0,201.0,0.0,201000000.0,1.0,2.0
4522,4.717821782178218,1000000.0,904692094583.0,904892090958.0,6.0,202.0,1.0,199996375.0,202.0,0.0,202000000.0,1.0,2.0
4523,4.676616915422885,1000000.0,904893094375.0,905092091250.0,6.0,201.0,1.0,198996875.0,201.0,0.0,201000000.0,1.0,2.0
4524,4.393034825870647,1000000.0,905093094416.0,905291094375.0,5.0,201.0,1.0,197999959.0,201.0,0.0,201000000.0,1.0,2.0
4525,4.830845771144278,1000000.0,905292094416.0,905491091000.0,5.0,201.0,1.0,198996584.0,201.0,0.0,201000000.0,1.0,2.0
4526,4.7164179104477615,1000000.0,905492094250.0,905691091083.0,5.0,201.0,1.0,198996833.0,201.0,0.0,201000000.0,1.0,2.0
4527,6.650246305418719,1000000.0,905692094500.0,905892091041.0,9.0,203.0,1.0,199996541.0,203.0,0.0,203000000.0,1.0,2.0
4528,8.595,1000000.0,905893091208.0,906091094416.0,9.0,200.0,1.0,198003208.0,200.0,0.0,200000000.0,1.0,2.0
4529,8.766169154228855,1000000.0,906092094333.0,906291094458.0,9.0,201.0,1.0,199000125.0,201.0,0.0,201000000.0,1.0,2.0
4530,8.782178217821782,1000000.0,906292094500.0,906492091250.0,9.0,202.0,1.0,199996750.0,202.0,0.0,202000000.0,1.0,2.0
4531,8.779411764705882,1000000.0,906493094416.0,906692091041.0,11.0,204.0,1.0,198996625.0,204.0,0.0,204000000.0,1.0,2.0
4532,9.054455445544557,1000000.0,906693094541.0,906892091208.0,10.0,202.0,1.0,198996667.0,202.0,0.0,202000000.0,1.0,2.0
4533,8.666666666666666,1000000.0,906893094416.0,907091094583.0,10.0,201.0,1.0,198000167.0,201.0,0.0,201000000.0,1.0,2.0
4534,8.681372549019608,1000000.0,907092094541.0,907292091250.0,10.0,204.0,1.0,199996709.0,204.0,0.0,204000000.0,1.0,2.0
4535,8.608040201005025,1000000.0,907293094541.0,907491091208.0,9.0,199.0,1.0,197996667.0,199.0,0.0,199000000.0,1.0,1.0
4536,8.836633663366337,1000000.0,907492094458.0,907692090958.0,10.0,202.0,1.0,199996500.0,202.0,0.0,202000000.0,1.0,2.0
4537,8.831683168316832,1000000.0,907693094375.0,907892091000.0,11.0,202.0,1.0,198996625.0,202.0,0.0,202000000.0,1.0,2.0
4538,8.688442211055277,1000000.0,907893094333.0,908091091208.0,9.0,199.0,1.0,197996875.0,199.0,0.0,199000000.0,1.0,1.0
4539,8.738916256157635,1000000.0,908092094500.0,908292091125.0,9.0,203.0,1.0,199996625.0,203.0,0.0,203000000.0,1.0,2.0
4540,8.914572864321608,1000000.0,908293091166.0,908491091000.0,10.0,199.0,1.0,197999834.0,199.0,0.0,199000000.0,1.0,1.0
4541,8.754901960784315,1000000.0,908492094375.0,908692091125.0,9.0,204.0,1.0,199996750.0,204.0,0.0,204000000.0,1.0,2.0
4542,9.07,1000000.0,908693094500.0,908891094208.0,10.0,200.0,1.0,197999708.0,200.0,0.0,200000000.0,1.0,2.0
4543,8.554455445544555,1000000.0,908892094541.0,909091094458.0,9.0,202.0,1.0,198999917.0,202.0,0.0,202000000.0,1.0,2.0
4544,8.69,1000000.0,909092094500.0,909291091250.0,10.0,200.0,1.0,198996750.0,200.0,0.0,200000000.0,1.0,2.0
4545,8.752475247524753,1000000.0,909292094500.0,909491094458.0,9.0,202.0,1.0,198999958.0,202.0,0.0,202000000.0,1.0,2.0
4546,8.891089108910892,1000000.0,909492094458.0,909691091125.0,9.0,202.0,1.0,198996667.0,202.0,0.0,202000000.0,1.0,2.0
4547,8.746268656716419,1000000.0,909692094291.0,909891094458.0,9.0,201.0,1.0,199000167.0,201.0,0.0,201000000.0,1.0,2.0
4548,8.699507389162562,1000000.0,909892094333.0,910092091166.0,9.0,203.0,1.0,199996833.0,203.0,0.0,203000000.0,1.0,2.0
4549,8.79,1000000.0,910093091166.0,910291094458.0,10.0,200.0,1.0,198003292.0,200.0,0.0,200000000.0,1.0,2.0
4550,8.597014925373134,1000000.0,910292094541.0,910491090958.0,9.0,201.0,1.0,198996417.0,201.0,0.0,201000000.0,1.0,2.0
4551,8.832512315270936,1000000.0,910492094333.0,910691091000.0,9.0,203.0,1.0,198996667.0,203.0,0.0,203000000.0,1.0,3.0
4552,8.716417910447761,1000000.0,910692094250.0,910891094291.0,9.0,201.0,1.0,199000041.0,201.0,0.0,201000000.0,1.0,2.0
4553,8.48019801980198,1000000.0,910892094416.0,911092091000.0,9.0,202.0,1.0,199996584.0,202.0,0.0,202000000.0,1.0,2.0
4554,8.442786069651742,1000000.0,911093094416.0,911292091041.0,9.0,201.0,1.0,198996625.0,201.0,0.0,201000000.0,1.0,2.0
4555,8.681592039800995,1000000.0,911293094375.0,911491091208.0,9.0,201.0,1.0,197996833.0,201.0,0.0,201000000.0,1.0,2.0
4556,9.099502487562187,1000000.0,911492094416.0,911691091291.0,11.0,201.0,1.0,198996875.0,201.0,0.0,201000000.0,1.0,2.0
4557,8.600985221674877,1000000.0,911692094458.0,911892091000.0,10.0,203.0,1.0,199996542.0,203.0,0.0,203000000.0,1.0,2.0
4558,8.343283582089553,1000000.0,911893094458.0,912092091333.0,9.0,201.0,1.0,198996875.0,201.0,0.0,201000000.0,1.0,2.0
4559,8.69,1000000.0,912093091041.0,912291102250.0,9.0,200.0,1.0,198011209.0,200.0,0.0,200000000.0,1.0,2.0
4560,8.798029556650246,1000000.0,912292094333.0,912492091041.0,9.0,203.0,1.0,199996708.0,203.0,0.0,203000000.0,1.0,2.0
4561,8.796019900497512,1000000.0,912493091166.0,912692091083.0,11.0,201.0,1.0,198999917.0,201.0,0.0,201000000.0,1.0,3.0
4562,8.763546798029557,1000000.0,912693094333.0,912892091041.0,10.0,203.0,1.0,198996708.0,203.0,0.0,203000000.0,1.0,2.0
4563,8.717821782178218,1000000.0,912893091208.0,913091094458.0,9.0,202.0,1.0,198003250.0,202.0,0.0,202000000.0,1.0,2.0
4564,8.455445544554456,1000000.0,913092094541.0,913291091041.0,9.0,202.0,1.0,198996500.0,202.0,0.0,202000000.0,1.0,3.0
4565,4.732673267326732,1000000.0,913292094416.0,913492091166.0,8.0,202.0,1.0,199996750.0,202.0,0.0,202000000.0,1.0,2.0
4566,5.0,1000000.0,913493095958.0,913692091000.0,7.0,201.0,1.0,198995042.0,201.0,0.0,201000000.0,1.0,2.0
4567,5.208955223880597,1000000.0,913693090958.0,913892091208.0,7.0,201.0,1.0,199000250.0,201.0,0.0,201000000.0,1.0,2.0
4568,4.72636815920398,1000000.0,913893094500.0,914092091166.0,5.0,201.0,1.0,198996666.0,201.0,0.0,201000000.0,1.0,2.0
4569,4.721393034825871,1000000.0,914093091208.0,914291091000.0,5.0,201.0,1.0,197999792.0,201.0,0.0,201000000.0,1.0,2.0
4570,4.67,1000000.0,914292094416.0,914491091000.0,6.0,200.0,1.0,198996584.0,200.0,0.0,200000000.0,1.0,2.0
4571,4.861386138613861,1000000.0,914492094458.0,914692091291.0,6.0,202.0,1.0,199996833.0,202.0,0.0,202000000.0,1.0,2.0
4572,4.97029702970297,1000000.0,914693094500.0,914892091291.0,6.0,202.0,1.0,198996791.0,202.0,0.0,202000000.0,1.0,2.0
4573,4.515,1000000.0,914893091250.0,915091091041.0,5.0,200.0,1.0,197999791.0,200.0,0.0,200000000.0,1.0,2.0
4574,4.351485148514851,1000000.0,915092094416.0,915292091125.0,5.0,202.0,1.0,199996709.0,202.0,0.0,202000000.0,1.0,2.0
4575,4.7611940298507465,1000000.0,915293091291.0,915491094500.0,5.0,201.0,1.0,198003209.0,201.0,0.0,201000000.0,1.0,2.0
4576,4.638613861386139,1000000.0,915492094416.0,915692091250.0,5.0,202.0,1.0,199996834.0,202.0,0.0,202000000.0,1.0,2.0
4577,4.7227722772277225,1000000.0,915693094458.0,915892091250.0,6.0,202.0,1.0,198996792.0,202.0,0.0,202000000.0,1.0,2.0
4578,4.865671641791045,1000000.0,915893094625.0,916091094416.0,7.0,201.0,1.0,197999791.0,201.0,0.0,201000000.0,1.0,2.0
4579,4.756218905472637,1000000.0,916092094500.0,916291094708.0,6.0,201.0,1.0,199000208.0,201.0,0.0,201000000.0,1.0,2.0
4580,4.647058823529412,1000000.0,916292095000.0,916492091000.0,5.0,204.0,1.0,199996000.0,204.0,0.0,204000000.0,1.0,2.0
4581,4.914572864321608,1000000.0,916493094500.0,916691091291.0,8.0,199.0,1.0,197996791.0,199.0,0.0,199000000.0,1.0,2.0
4582,4.81,1000000.0,916692094541.0,916891094416.0,6.0,200.0,1.0,198999875.0,200.0,0.0,200000000.0,1.0,1.0
4583,4.628712871287129,1000000.0,916892094458.0,917091091125.0,5.0,202.0,1.0,198996667.0,202.0,0.0,202000000.0,1.0,2.0
4584,4.618811881188119,1000000.0,917092094500.0,917291091083.0,6.0,202.0,1.0,198996583.0,202.0,0.0,202000000.0,1.0,2.0
4585,4.437810945273632,1000000.0,917292094458.0,917491091000.0,5.0,201.0,1.0,198996542.0,201.0,0.0,201000000.0,1.0,2.0
4586,4.775,1000000.0,917492094458.0,917692091166.0,6.0,200.0,1.0,199996708.0,200.0,0.0,200000000.0,1.0,1.0
4587,5.212871287128713,1000000.0,917693091208.0,917892091208.0,7.0,202.0,1.0,199000000.0,202.0,0.0,202000000.0,1.0,2.0
4588,4.625,1000000.0,917893091291.0,918092091083.0,5.0,200.0,1.0,198999792.0,200.0,0.0,200000000.0,1.0,1.0
4589,4.605,1000000.0,918093091208.0,918292091250.0,5.0,200.0,1.0,199000042.0,200.0,0.0,200000000.0,1.0,1.0
4590,4.358208955223881,1000000.0,918293094541.0,918491094500.0,5.0,201.0,1.0,197999959.0,201.0,0.0,201000000.0,1.0,2.0
4591,4.766169154228856,1000000.0,918492094500.0,918692090958.0,5.0,201.0,1.0,199996458.0,201.0,0.0,201000000.0,1.0,1.0
4592,4.9502487562189055,1000000.0,918693091000.0,918892091208.0,6.0,201.0,1.0,199000208.0,201.0,0.0,201000000.0,1.0,2.0
4593,4.676616915422885,1000000.0,918893094583.0,919092091166.0,5.0,201.0,1.0,198996583.0,201.0,0.0,201000000.0,1.0,2.0
4594,4.821782178217822,1000000.0,919093094583.0,919292091291.0,6.0,202.0,1.0,198996708.0,202.0,0.0,202000000.0,1.0,2.0
4595,4.99,1000000.0,919293094458.0,919491091125.0,6.0,200.0,1.0,197996667.0,200.0,0.0,200000000.0,1.0,2.0
4596,4.651741293532338,1000000.0,919492094375.0,919691091041.0,5.0,201.0,1.0,198996666.0,201.0,0.0,201000000.0,1.0,3.0
4597,4.698019801980198,1000000.0,919692094375.0,919892091166.0,6.0,202.0,1.0,199996791.0,202.0,0.0,202000000.0,1.0,2.0
4598,4.665024630541872,1000000.0,919893094458.0,920092091041.0,5.0,203.0,1.0,198996583.0,203.0,0.0,203000000.0,1.0,2.0
4599,4.63681592039801,1000000.0,920093091250.0,920292091375.0,5.0,201.0,1.0,199000125.0,201.0,0.0,201000000.0,1.0,2.0
4600,4.68,1000000.0,920293094416.0,920491091166.0,5.0,200.0,1.0,197996750.0,200.0,0.0,200000000.0,1.0,2.0
4601,4.706467661691542,1000000.0,920492094416.0,920691090958.0,5.0,201.0,1.0,198996542.0,201.0,0.0,201000000.0,1.0,2.0
4602,6.416666666666667,1000000.0,920692094500.0,920892091250.0,10.0,204.0,1.0,199996750.0,204.0,0.0,204000000.0,1.0,2.0
4603,8.335,1000000.0,920893091375.0,921091091083.0,9.0,200.0,1.0,197999708.0,200.0,0.0,200000000.0,1.0,2.0
4604,8.616915422885572,1000000.0,921092094458.0,921291091000.0,10.0,201.0,1.0,198996542.0,201.0,0.0,201000000.0,1.0,2.0
4605,8.45273631840796,1000000.0,921292094333.0,921491091083.0,9.0,201.0,1.0,198996750.0,201.0,0.0,201000000.0,1.0,2.0
4606,8.779411764705882,1000000.0,921492094458.0,921692091000.0,10.0,204.0,1.0,199996542.0,204.0,0.0,204000000.0,1.0,2.0
4607,9.287128712871286,1000000.0,921693091208.0,921892091083.0,11.0,202.0,1.0,198999875.0,202.0,0.0,202000000.0,1.0,2.0
4608,8.870646766169154,1000000.0,921893094458.0,922091094666.0,10.0,201.0,1.0,198000208.0,201.0,0.0,201000000.0,1.0,2.0
4609,8.611940298507463,1000000.0,922092094458.0,922291094333.0,10.0,201.0,1.0,198999875.0,201.0,0.0,201000000.0,1.0,2.0
4610,8.653465346534654,1000000.0,922292094250.0,922491094416.0,11.0,202.0,1.0,199000166.0,202.0,0.0,202000000.0,1.0,2.0
4611,8.798994974874372,1000000.0,922492094458.0,922691091166.0,9.0,199.0,1.0,198996708.0,199.0,0.0,199000000.0,1.0,1.0
4612,8.600985221674877,1000000.0,922692094541.0,922892091166.0,10.0,203.0,1.0,199996625.0,203.0,0.0,203000000.0,1.0,2.0
4613,8.54,1000000.0,922893094458.0,923091094375.0,10.0,200.0,1.0,197999917.0,200.0,0.0,200000000.0,1.0,2.0
4614,8.815,1000000.0,923092094458.0,923291094250.0,9.0,200.0,1.0,198999792.0,200.0,0.0,200000000.0,1.0,1.0
4615,8.990049751243781,1000000.0,923292094458.0,923491095541.0,9.0,201.0,1.0,199001083.0,201.0,0.0,201000000.0,1.0,2.0
4616,8.706467661691542,1000000.0,923492094500.0,923691091041.0,9.0,201.0,1.0,198996541.0,201.0,0.0,201000000.0,1.0,2.0
4617,8.955445544554456,1000000.0,923692094250.0,923892091208.0,10.0,202.0,1.0,199996958.0,202.0,0.0,202000000.0,1.0,2.0
4618,8.965174129353233,1000000.0,923893094458.0,924092091083.0,10.0,201.0,1.0,198996625.0,201.0,0.0,201000000.0,1.0,2.0
4619,8.900990099009901,1000000.0,924093094500.0,924292091000.0,9.0,202.0,1.0,198996500.0,202.0,0.0,202000000.0,1.0,2.0
4620,8.665,1000000.0,924293091333.0,924491091000.0,9.0,200.0,1.0,197999667.0,200.0,0.0,200000000.0,1.0,2.0
4621,8.701492537313433,1000000.0,924492094541.0,924692091208.0,9.0,201.0,1.0,199996667.0,201.0,0.0,201000000.0,1.0,2.0
4622,8.77,1000000.0,924693091125.0,924891091208.0,10.0,200.0,1.0,198000083.0,200.0,0.0,200000000.0,1.0,2.0
4623,8.490099009900991,1000000.0,924892094500.0,925092091166.0,9.0,202.0,1.0,199996666.0,202.0,0.0,202000000.0,1.0,2.0
4624,8.585,1000000.0,925093091125.0,925291091125.0,9.0,200.0,1.0,198000000.0,200.0,0.0,200000000.0,1.0,2.0
4625,8.82089552238806,1000000.0,925292094500.0,925491091041.0,9.0,201.0,1.0,198996541.0,201.0,0.0,201000000.0,1.0,2.0
4626,8.678217821782178,1000000.0,925492094375.0,925691091250.0,9.0,202.0,1.0,198996875.0,202.0,0.0,202000000.0,1.0,2.0
4627,8.625615763546797,1000000.0,925692094458.0,925892091291.0,9.0,203.0,1.0,199996833.0,203.0,0.0,203000000.0,1.0,2.0
4628,8.87192118226601,1000000.0,925893094291.0,926092091000.0,9.0,203.0,1.0,198996709.0,203.0,0.0,203000000.0,1.0,2.0
4629,8.76,1000000.0,926093091041.0,926291091208.0,11.0,200.0,1.0,198000167.0,200.0,0.0,200000000.0,1.0,2.0
4630,8.455445544554456,1000000.0,926292094541.0,926492091000.0,9.0,202.0,1.0,199996459.0,202.0,0.0,202000000.0,1.0,2.0
4631,8.845,1000000.0,926493094333.0,926691090958.0,11.0,200.0,1.0,197996625.0,200.0,0.0,200000000.0,1.0,2.0
4632,8.911330049261084,1000000.0,926692094250.0,926891091000.0,11.0,203.0,1.0,198996750.0,203.0,0.0,203000000.0,1.0,2.0
4633,8.532338308457712,1000000.0,926892094500.0,927092091375.0,9.0,201.0,1.0,199996875.0,201.0,0.0,201000000.0,1.0,1.0
4634,8.698492462311558,1000000.0,927093091125.0,927292091250.0,9.0,199.0,1.0,199000125.0,199.0,0.0,199000000.0,1.0,2.0
4635,8.53960396039604,1000000.0,927293091291.0,927492091291.0,9.0,202.0,1.0,199000000.0,202.0,0.0,202000000.0,1.0,2.0
4636,8.715,1000000.0,927493091166.0,927692091166.0,9.0,200.0,1.0,199000000.0,200.0,0.0,200000000.0,1.0,1.0
4637,8.487562189054726,1000000.0,927693091166.0,927892091125.0,10.0,201.0,1.0,198999959.0,201.0,0.0,201000000.0,1.0,2.0
4638,8.865671641791044,1000000.0,927893091125.0,928092091166.0,9.0,201.0,1.0,199000041.0,201.0,0.0,201000000.0,1.0,2.0
4639,8.681592039800995,1000000.0,928093091166.0,928292091125.0,10.0,201.0,1.0,198999959.0,201.0,0.0,201000000.0,1.0,2.0
4640,4.582089552238806,1000000.0,928293097791.0,928492091166.0,5.0,201.0,1.0,198993375.0,201.0,0.0,201000000.0,1.0,2.0
4641,4.741293532338308,1000000.0,928493091208.0,928692091250.0,6.0,201.0,1.0,199000042.0,201.0,0.0,201000000.0,1.0,2.0
4642,4.54726368159204,1000000.0,928693091166.0,928892091291.0,5.0,201.0,1.0,199000125.0,201.0,0.0,201000000.0,1.0,2.0
4643,4.381188118811881,1000000.0,928893091375.0,929092091041.0,5.0,202.0,1.0,198999666.0,202.0,0.0,202000000.0,1.0,2.0
4644,4.83,1000000.0,929093094500.0,929292091083.0,6.0,200.0,1.0,198996583.0,200.0,0.0,200000000.0,1.0,2.0
4645,4.621890547263682,1000000.0,929293094291.0,929492091208.0,5.0,201.0,1.0,198996917.0,201.0,0.0,201000000.0,1.0,2.0
4646,4.758793969849246,1000000.0,929493091166.0,929691091125.0,6.0,199.0,1.0,197999959.0,199.0,0.0,199000000.0,1.0,3.0
4647,4.678217821782178,1000000.0,929692094458.0,929892091208.0,6.0,202.0,1.0,199996750.0,202.0,0.0,202000000.0,1.0,2.0
4648,4.616915422885572,1000000.0,929893094583.0,930092091250.0,5.0,201.0,1.0,198996667.0,201.0,0.0,201000000.0,1.0,2.0
4649,4.38,1000000.0,930093094458.0,930292091125.0,6.0,200.0,1.0,198996667.0,200.0,0.0,200000000.0,1.0,1.0
4650,4.714285714285714,1000000.0,930293094458.0,930492091125.0,5.0,203.0,1.0,198996667.0,203.0,0.0,203000000.0,1.0,2.0
4651,4.7,1000000.0,930493094458.0,930692091083.0,5.0,200.0,1.0,198996625.0,200.0,0.0,200000000.0,1.0,1.0
4652,4.4926108374384235,1000000.0,930693094416.0,930892091291.0,5.0,203.0,1.0,198996875.0,203.0,0.0,203000000.0,1.0,2.0
4653,4.735,1000000.0,930893091250.0,931091091083.0,5.0,200.0,1.0,197999833.0,200.0,0.0,200000000.0,1.0,2.0
4654,4.425,1000000.0,931092094458.0,931291091041.0,6.0,200.0,1.0,198996583.0,200.0,0.0,200000000.0,1.0,1.0
4655,4.4278606965174125,1000000.0,931292094458.0,931491091208.0,6.0,201.0,1.0,198996750.0,201.0,0.0,201000000.0,1.0,2.0
4656,4.826732673267327,1000000.0,931492094416.0,931692091125.0,6.0,202.0,1.0,199996709.0,202.0,0.0,202000000.0,1.0,2.0
4657,5.208955223880597,1000000.0,931693094291.0,931892091166.0,8.0,201.0,1.0,198996875.0,201.0,0.0,201000000.0,1.0,2.0
4658,4.316831683168317,1000000.0,931893094541.0,932092091083.0,5.0,202.0,1.0,198996542.0,202.0,0.0,202000000.0,1.0,2.0
4659,4.601990049751244,1000000.0,932093094541.0,932292091041.0,6.0,201.0,1.0,198996500.0,201.0,0.0,201000000.0,1.0,2.0
4660,4.6716417910447765,1000000.0,932293094666.0,932491091000.0,5.0,201.0,1.0,197996334.0,201.0,0.0,201000000.0,1.0,2.0
4661,4.5049504950495045,1000000.0,932492094291.0,932691091000.0,5.0,202.0,1.0,198996709.0,202.0,0.0,202000000.0,1.0,2.0
4662,4.599009900990099,1000000.0,932692094291.0,932892091041.0,5.0,202.0,1.0,199996750.0,202.0,0.0,202000000.0,1.0,2.0
4663,4.805,1000000.0,932893091125.0,933091094541.0,5.0,200.0,1.0,198003416.0,200.0,0.0,200000000.0,1.0,2.0
4664,4.628712871287129,1000000.0,933092094458.0,933291095916.0,5.0,202.0,1.0,199001458.0,202.0,0.0,202000000.0,1.0,2.0
4665,4.577114427860696,1000000.0,933292094666.0,933491094625.0,5.0,201.0,1.0,198999959.0,201.0,0.0,201000000.0,1.0,2.0
4666,4.852216748768473,1000000.0,933492094500.0,933692091041.0,5.0,203.0,1.0,199996541.0,203.0,0.0,203000000.0,1.0,2.0
4667,4.497512437810945,1000000.0,933693094458.0,933892091000.0,6.0,201.0,1.0,198996542.0,201.0,0.0,201000000.0,1.0,2.0
4668,4.746268656716418,1000000.0,933893091166.0,934092091250.0,6.0,201.0,1.0,199000084.0,201.0,0.0,201000000.0,1.0,2.0
4669,4.517412935323383,1000000.0,934093094500.0,934292091083.0,5.0,201.0,1.0,198996583.0,201.0,0.0,201000000.0,1.0,2.0
4670,5.18,1000000.0,934293091250.0,934492091083.0,7.0,200.0,1.0,198999833.0,200.0,0.0,200000000.0,1.0,2.0
4671,4.782178217821782,1000000.0,934493094500.0,934692090958.0,5.0,202.0,1.0,198996458.0,202.0,0.0,202000000.0,1.0,2.0
4672,4.3861386138613865,1000000.0,934693094458.0,934891091041.0,6.0,202.0,1.0,197996583.0,202.0,0.0,202000000.0,1.0,2.0
4673,4.3316831683168315,1000000.0,934892094500.0,935091091083.0,5.0,202.0,1.0,198996583.0,202.0,0.0,202000000.0,1.0,2.0
4674,4.7164179104477615,1000000.0,935092094458.0,935291091125.0,5.0,201.0,1.0,198996667.0,201.0,0.0,201000000.0,1.0,2.0
4675,4.806930693069307,1000000.0,935292094291.0,935491091083.0,5.0,202.0,1.0,198996792.0,202.0,0.0,202000000.0,1.0,2.0
4676,4.610837438423645,1000000.0,935492094541.0,935692091041.0,5.0,203.0,1.0,199996500.0,203.0,0.0,203000000.0,1.0,2.0
4677,6.845771144278607,1000000.0,935693090958.0,935892091208.0,10.0,201.0,1.0,199000250.0,201.0,0.0,201000000.0,1.0,2.0
4678,8.448275862068966,1000000.0,935893091333.0,936092091083.0,9.0,203.0,1.0,198999750.0,203.0,0.0,203000000.0,1.0,2.0
4679,8.46,1000000.0,936093094500.0,936292091000.0,9.0,200.0,1.0,198996500.0,200.0,0.0,200000000.0,1.0,1.0
4680,8.465346534653465,1000000.0,936293094083.0,936491091125.0,9.0,202.0,1.0,197997042.0,202.0,0.0,202000000.0,1.0,2.0
4681,8.771144278606965,1000000.0,936492094500.0,936691090958.0,9.0,201.0,1.0,198996458.0,201.0,0.0,201000000.0,1.0,2.0
4682,8.783251231527094,1000000.0,936692094375.0,936891094750.0,11.0,203.0,1.0,199000375.0,203.0,0.0,203000000.0,1.0,2.0
4683,8.704433497536947,1000000.0,936892094750.0,937092091041.0,11.0,203.0,1.0,199996291.0,203.0,0.0,203000000.0,1.0,2.0
4684,8.605,1000000.0,937093091250.0,937291091041.0,9.0,200.0,1.0,197999791.0,200.0,0.0,200000000.0,1.0,2.0
4685,8.72,1000000.0,937292094500.0,937491091041.0,10.0,200.0,1.0,198996541.0,200.0,0.0,200000000.0,1.0,1.0
4686,8.621890547263682,1000000.0,937492094416.0,937691091041.0,10.0,201.0,1.0,198996625.0,201.0,0.0,201000000.0,1.0,2.0
4687,8.53960396039604,1000000.0,937692094333.0,937892090958.0,9.0,202.0,1.0,199996625.0,202.0,0.0,202000000.0,1.0,2.0
4688,8.599009900990099,1000000.0,937893091166.0,938092091333.0,9.0,202.0,1.0,199000167.0,202.0,0.0,202000000.0,1.0,2.0
4689,8.781094527363184,1000000.0,938093091166.0,938291094458.0,10.0,201.0,1.0,198003292.0,201.0,0.0,201000000.0,1.0,2.0
4690,8.896039603960396,1000000.0,938292094375.0,938491094500.0,10.0,202.0,1.0,199000125.0,202.0,0.0,202000000.0,1.0,2.0
4691,8.447761194029852,1000000.0,938492094541.0,938691094416.0,9.0,201.0,1.0,198999875.0,201.0,0.0,201000000.0,1.0,2.0
4692,8.589108910891088,1000000.0,938692094541.0,938892091208.0,9.0,202.0,1.0,199996667.0,202.0,0.0,202000000.0,1.0,2.0
4693,8.787128712871286,1000000.0,938893091291.0,939092091041.0,9.0,202.0,1.0,198999750.0,202.0,0.0,202000000.0,1.0,2.0
4694,8.725,1000000.0,939093094500.0,939291090958.0,9.0,200.0,1.0,197996458.0,200.0,0.0,200000000.0,1.0,2.0
4695,8.925373134328359,1000000.0,939292094500.0,939491091041.0,9.0,201.0,1.0,198996541.0,201.0,0.0,201000000.0,1.0,2.0
4696,8.689655172413794,1000000.0,939492094458.0,939692091125.0,9.0,203.0,1.0,199996667.0,203.0,0.0,203000000.0,1.0,2.0
4697,8.81592039800995,1000000.0,939693094541.0,939892091083.0,10.0,201.0,1.0,198996542.0,201.0,0.0,201000000.0,1.0,2.0
4698,8.860696517412935,1000000.0,939893094416.0,940092091000.0,10.0,201.0,1.0,198996584.0,201.0,0.0,201000000.0,1.0,3.0
4699,8.856435643564357,1000000.0,940093094333.0,940292090958.0,9.0,202.0,1.0,198996625.0,202.0,0.0,202000000.0,1.0,2.0
4700,8.840796019900498,1000000.0,940293094500.0,940491091083.0,10.0,201.0,1.0,197996583.0,201.0,0.0,201000000.0,1.0,2.0
4701,8.810945273631841,1000000.0,940492094541.0,940691094291.0,9.0,201.0,1.0,198999750.0,201.0,0.0,201000000.0,1.0,2.0
4702,9.03960396039604,1000000.0,940692094458.0,940891094458.0,11.0,202.0,1.0,199000000.0,202.0,0.0,202000000.0,1.0,2.0
4703,8.781094527363184,1000000.0,940892094416.0,941092091000.0,10.0,201.0,1.0,199996584.0,201.0,0.0,201000000.0,1.0,1.0
4704,8.46,1000000.0,941093094416.0,941292091041.0,9.0,200.0,1.0,198996625.0,200.0,0.0,200000000.0,1.0,2.0
4705,8.83084577114428,1000000.0,941293094333.0,941491091250.0,10.0,201.0,1.0,197996917.0,201.0,0.0,201000000.0,1.0,2.0
4706,8.656716417910447,1000000.0,941492094458.0,941691094500.0,9.0,201.0,1.0,199000042.0,201.0,0.0,201000000.0,1.0,2.0
4707,8.450980392156863,1000000.0,941692094416.0,941892091291.0,9.0,204.0,1.0,199996875.0,204.0,0.0,204000000.0,1.0,2.0
4708,8.719211822660098,1000000.0,941893091041.0,942091091291.0,10.0,203.0,1.0,198000250.0,203.0,0.0,203000000.0,1.0,2.0
4709,8.701492537313433,1000000.0,942092094416.0,942292091041.0,9.0,201.0,1.0,199996625.0,201.0,0.0,201000000.0,1.0,1.0
4710,8.631840796019901,1000000.0,942293094583.0,942492091083.0,9.0,201.0,1.0,198996500.0,201.0,0.0,201000000.0,1.0,2.0
4711,8.306930693069306,1000000.0,942493094333.0,942692091125.0,9.0,202.0,1.0,198996792.0,202.0,0.0,202000000.0,1.0,2.0
4712,8.81,1000000.0,942693094625.0,942891091166.0,9.0,200.0,1.0,197996541.0,200.0,0.0,200000000.0,1.0,2.0
4713,8.691542288557214,1000000.0,942892094541.0,943092091000.0,9.0,201.0,1.0,199996459.0,201.0,0.0,201000000.0,1.0,1.0
4714,8.676616915422885,1000000.0,943093094250.0,943292091000.0,10.0,201.0,1.0,198996750.0,201.0,0.0,201000000.0,1.0,2.0
4715,4.73,1000000.0,943293094375.0,943491091250.0,8.0,200.0,1.0,197996875.0,200.0,0.0,200000000.0,1.0,2.0
4716,4.72636815920398,1000000.0,943492094500.0,943691091208.0,5.0,201.0,1.0,198996708.0,201.0,0.0,201000000.0,1.0,2.0
4717,4.297029702970297,1000000.0,943692094375.0,943892091250.0,5.0,202.0,1.0,199996875.0,202.0,0.0,202000000.0,1.0,2.0
4718,5.208955223880597,1000000.0,943893091250.0,944092091083.0,6.0,201.0,1.0,198999833.0,201.0,0.0,201000000.0,1.0,2.0
4719,4.475,1000000.0,944093094458.0,944291091166.0,6.0,200.0,1.0,197996708.0,200.0,0.0,200000000.0,1.0,2.0
4720,4.845771144278607,1000000.0,944292094500.0,944491094375.0,5.0,201.0,1.0,198999875.0,201.0,0.0,201000000.0,1.0,2.0
4721,4.841584158415841,1000000.0,944492094416.0,944691091041.0,6.0,202.0,1.0,198996625.0,202.0,0.0,202000000.0,1.0,2.0
4722,4.732673267326732,1000000.0,944692094541.0,944892091083.0,5.0,202.0,1.0,199996542.0,202.0,0.0,202000000.0,1.0,2.0
4723,4.562814070351759,1000000.0,944893094291.0,945091091125.0,5.0,199.0,1.0,197996834.0,199.0,0.0,199000000.0,1.0,1.0
4724,4.522388059701493,1000000.0,945092094375.0,945291091125.0,5.0,201.0,1.0,198996750.0,201.0,0.0,201000000.0,1.0,2.0
4725,4.738916256157635,1000000.0,945292094458.0,945491091208.0,6.0,203.0,1.0,198996750.0,203.0,0.0,203000000.0,1.0,2.0
4726,4.46039603960396,1000000.0,945492094458.0,945692091083.0,5.0,202.0,1.0,199996625.0,202.0,0.0,202000000.0,1.0,2.0
4727,4.589108910891089,1000000.0,945693091000.0,945891094500.0,6.0,202.0,1.0,198003500.0,202.0,0.0,202000000.0,1.0,2.0
4728,4.425742574257426,1000000.0,945892094375.0,946092091041.0,5.0,202.0,1.0,199996666.0,202.0,0.0,202000000.0,1.0,2.0
4729,4.776119402985074,1000000.0,946093094500.0,946292091291.0,6.0,201.0,1.0,198996791.0,201.0,0.0,201000000.0,1.0,2.0
4730,4.767326732673268,1000000.0,946293091250.0,946491091000.0,5.0,202.0,1.0,197999750.0,202.0,0.0,202000000.0,1.0,2.0
4731,4.6716417910447765,1000000.0,946492094500.0,946692091041.0,5.0,201.0,1.0,199996541.0,201.0,0.0,201000000.0,1.0,1.0
4732,4.554455445544554,1000000.0,946693091125.0,946892091333.0,5.0,202.0,1.0,199000208.0,202.0,0.0,202000000.0,1.0,2.0
4733,4.669950738916256,1000000.0,946893091250.0,947092091000.0,7.0,203.0,1.0,198999750.0,203.0,0.0,203000000.0,1.0,2.0
4734,4.865,1000000.0,947093094375.0,947291091083.0,6.0,200.0,1.0,197996708.0,200.0,0.0,200000000.0,1.0,2.0
4735,4.5,1000000.0,947292094416.0,947491091041.0,5.0,200.0,1.0,198996625.0,200.0,0.0,200000000.0,1.0,1.0
4736,4.757425742574258,1000000.0,947492094500.0,947691094458.0,6.0,202.0,1.0,198999958.0,202.0,0.0,202000000.0,1.0,2.0
4737,4.53960396039604,1000000.0,947692094416.0,947892091083.0,5.0,202.0,1.0,199996667.0,202.0,0.0,202000000.0,1.0,2.0
4738,4.7711442786069655,1000000.0,947893091125.0,948092091041.0,7.0,201.0,1.0,198999916.0,201.0,0.0,201000000.0,1.0,2.0
4739,4.751243781094527,1000000.0,948093091083.0,948292091250.0,5.0,201.0,1.0,199000167.0,201.0,0.0,201000000.0,1.0,2.0
4740,4.855,1000000.0,948293091208.0,948491091250.0,5.0,200.0,1.0,198000042.0,200.0,0.0,200000000.0,1.0,2.0
4741,5.0,1000000.0,948492094375.0,948691091291.0,5.0,199.0,1.0,198996916.0,199.0,0.0,199000000.0,1.0,1.0
4742,4.925742574257426,1000000.0,948692094458.0,948891090958.0,6.0,202.0,1.0,198996500.0,202.0,0.0,202000000.0,1.0,2.0
4743,4.752475247524752,1000000.0,948892094375.0,949091091250.0,7.0,202.0,1.0,198996875.0,202.0,0.0,202000000.0,1.0,2.0
4744,4.603960396039604,1000000.0,949092094500.0,949292091083.0,5.0,202.0,1.0,199996583.0,202.0,0.0,202000000.0,1.0,2.0
4745,4.587064676616915,1000000.0,949293091250.0,949491091166.0,6.0,201.0,1.0,197999916.0,201.0,0.0,201000000.0,1.0,2.0
4746,4.799019607843137,1000000.0,949492094375.0,949692091208.0,5.0,204.0,1.0,199996833.0,204.0,0.0,204000000.0,1.0,2.0
4747,4.55,1000000.0,949693094458.0,949892091083.0,5.0,200.0,1.0,198996625.0,200.0,0.0,200000000.0,1.0,2.0
4748,4.845,1000000.0,949893094500.0,950091091083.0,6.0,200.0,1.0,197996583.0,200.0,0.0,200000000.0,1.0,2.0
4749,4.737623762376238,1000000.0,950092094416.0,950291091041.0,5.0,202.0,1.0,198996625.0,202.0,0.0,202000000.0,1.0,2.0
4750,4.751243781094527,1000000.0,950292094291.0,950491091208.0,6.0,201.0,1.0,198996917.0,201.0,0.0,201000000.0,1.0,2.0
4751,4.683168316831683,1000000.0,950492094458.0,950692091041.0,5.0,202.0,1.0,199996583.0,202.0,0.0,202000000.0,1.0,2.0
4752,6.343283582089552,1000000.0,950693094583.0,950892090958.0,10.0,201.0,1.0,198996375.0,201.0,0.0,201000000.0,1.0,2.0
4753,8.82587064676617,1000000.0,950893094541.0,951092091083.0,9.0,201.0,1.0,198996542.0,201.0,0.0,201000000.0,1.0,2.0
4754,8.763819095477388,1000000.0,951093094333.0,951291091000.0,10.0,199.0,1.0,197996667.0,199.0,0.0,199000000.0,1.0,1.0
4755,8.876237623762377,1000000.0,951292094416.0,951491091000.0,10.0,202.0,1.0,198996584.0,202.0,0.0,202000000.0,1.0,2.0
4756,8.885572139303482,1000000.0,951492094500.0,951692091083.0,10.0,201.0,1.0,199996583.0,201.0,0.0,201000000.0,1.0,1.0
4757,8.74129353233831,1000000.0,951693090958.0,951892091041.0,9.0,201.0,1.0,199000083.0,201.0,0.0,201000000.0,1.0,2.0
4758,8.681592039800995,1000000.0,951893094583.0,952092091000.0,10.0,201.0,1.0,198996417.0,201.0,0.0,201000000.0,1.0,2.0
4759,8.365,1000000.0,952093094416.0,952292091166.0,10.0,200.0,1.0,198996750.0,200.0,0.0,200000000.0,1.0,2.0
4760,8.442211055276381,1000000.0,952293094500.0,952491091041.0,9.0,199.0,1.0,197996541.0,199.0,0.0,199000000.0,1.0,1.0
4761,8.524752475247524,1000000.0,952492094458.0,952692091375.0,10.0,202.0,1.0,199996917.0,202.0,0.0,202000000.0,1.0,2.0
4762,8.812807881773399,1000000.0,952693091125.0,952892091208.0,9.0,203.0,1.0,199000083.0,203.0,0.0,203000000.0,1.0,2.0
4763,8.995,1000000.0,952893091208.0,953091094458.0,11.0,200.0,1.0,198003250.0,200.0,0.0,200000000.0,1.0,2.0
4764,8.865671641791044,1000000.0,953092094250.0,953291091083.0,11.0,201.0,1.0,198996833.0,201.0,0.0,201000000.0,1.0,2.0
4765,8.594059405940595,1000000.0,953292094458.0,953492091250.0,10.0,202.0,1.0,199996792.0,202.0,0.0,202000000.0,1.0,2.0
4766,8.735,1000000.0,953493091250.0,953692091041.0,9.0,200.0,1.0,198999791.0,200.0,0.0,200000000.0,1.0,1.0
4767,8.74129353233831,1000000.0,953693094291.0,953892091041.0,9.0,201.0,1.0,198996750.0,201.0,0.0,201000000.0,1.0,2.0
4768,8.714285714285714,1000000.0,953893094291.0,954091091125.0,10.0,203.0,1.0,197996834.0,203.0,0.0,203000000.0,1.0,3.0
4769,8.64676616915423,1000000.0,954092094500.0,954291094541.0,9.0,201.0,1.0,199000041.0,201.0,0.0,201000000.0,1.0,2.0
4770,8.752475247524753,1000000.0,954292094708.0,954492091000.0,10.0,202.0,1.0,199996292.0,202.0,0.0,202000000.0,1.0,2.0
4771,8.852216748768473,1000000.0,954493094333.0,954692091041.0,9.0,203.0,1.0,198996708.0,203.0,0.0,203000000.0,1.0,2.0
4772,8.67,1000000.0,954693094291.0,954892091208.0,9.0,200.0,1.0,198996917.0,200.0,0.0,200000000.0,1.0,1.0
4773,8.686567164179104,1000000.0,954893094458.0,955092090958.0,9.0,201.0,1.0,198996500.0,201.0,0.0,201000000.0,1.0,2.0
4774,8.393034825870647,1000000.0,955093094458.0,955291091125.0,9.0,201.0,1.0,197996667.0,201.0,0.0,201000000.0,1.0,2.0
4775,8.7363184079602,1000000.0,955292094416.0,955491091083.0,9.0,201.0,1.0,198996667.0,201.0,0.0,201000000.0,1.0,2.0
4776,8.631840796019901,1000000.0,955492094583.0,955691091083.0,11.0,201.0,1.0,198996500.0,201.0,0.0,201000000.0,1.0,2.0
4777,8.70935960591133,1000000.0,955692094458.0,955892091083.0,9.0,203.0,1.0,199996625.0,203.0,0.0,203000000.0,1.0,2.0
4778,8.318407960199005,1000000.0,955893091416.0,956092091000.0,9.0,201.0,1.0,198999584.0,201.0,0.0,201000000.0,1.0,2.0
4779,8.567164179104477,1000000.0,956093094291.0,956292091041.0,10.0,201.0,1.0,198996750.0,201.0,0.0,201000000.0,1.0,2.0
4780,8.806930693069306,1000000.0,956293094541.0,956492091250.0,10.0,202.0,1.0,198996709.0,202.0,0.0,202000000.0,1.0,2.0
4781,8.75,1000000.0,956493094375.0,956691091208.0,11.0,200.0,1.0,197996833.0,200.0,0.0,200000000.0,1.0,2.0
4782,8.645320197044335,1000000.0,956692094458.0,956892091000.0,9.0,203.0,1.0,199996542.0,203.0,0.0,203000000.0,1.0,2.0
4783,9.168316831683168,1000000.0,956893094416.0,957092091333.0,10.0,202.0,1.0,198996917.0,202.0,0.0,202000000.0,1.0,2.0
4784,8.75,1000000.0,957093091250.0,957292091166.0,10.0,200.0,1.0,198999916.0,200.0,0.0,200000000.0,1.0,2.0
4785,8.569306930693068,1000000.0,957293094625.0,957492091166.0,9.0,202.0,1.0,198996541.0,202.0,0.0,202000000.0,1.0,2.0
4786,8.885,1000000.0,957493094416.0,957691091083.0,9.0,200.0,1.0,197996667.0,200.0,0.0,200000000.0,1.0,2.0
4787,8.722772277227723,1000000.0,957692094541.0,957892091125.0,9.0,202.0,1.0,199996584.0,202.0,0.0,202000000.0,1.0,2.0
4788,8.606965174129353,1000000.0,957893094500.0,958092091000.0,9.0,201.0,1.0,198996500.0,201.0,0.0,201000000.0,1.0,2.0
4789,8.855721393034825,1000000.0,958093094458.0,958291094458.0,9.0,201.0,1.0,198000000.0,201.0,0.0,201000000.0,1.0,2.0
4790,5.134328358208955,1000000.0,958292094666.0,958491090958.0,9.0,201.0,1.0,198996292.0,201.0,0.0,201000000.0,1.0,2.0
4791,4.556650246305419,1000000.0,958492094458.0,958691094458.0,5.0,203.0,1.0,199000000.0,203.0,0.0,203000000.0,1.0,2.0
4792,4.608910891089109,1000000.0,958692094458.0,958892091125.0,6.0,202.0,1.0,199996667.0,202.0,0.0,202000000.0,1.0,2.0
4793,4.9,1000000.0,958893094458.0,959091091125.0,6.0,200.0,1.0,197996667.0,200.0,0.0,200000000.0,1.0,2.0
4794,4.812807881773399,1000000.0,959092094791.0,959292091250.0,8.0,203.0,1.0,199996459.0,203.0,0.0,203000000.0,1.0,2.0
4795,5.267326732673268,1000000.0,959293094416.0,959492091208.0,7.0,202.0,1.0,198996792.0,202.0,0.0,202000000.0,1.0,2.0
4796,4.945,1000000.0,959493097541.0,959691091250.0,7.0,200.0,1.0,197993709.0,200.0,0.0,200000000.0,1.0,2.0
4797,5.12807881773399,1000000.0,959692094375.0,959892091208.0,7.0,203.0,1.0,199996833.0,203.0,0.0,203000000.0,1.0,2.0
4798,5.292079207920792,1000000.0,959893091166.0,960091094416.0,7.0,202.0,1.0,198003250.0,202.0,0.0,202000000.0,1.0,2.0
4799,5.49009900990099,1000000.0,960092094375.0,960291091000.0,7.0,202.0,1.0,198996625.0,202.0,0.0,202000000.0,1.0,2.0
4800,5.069651741293533,1000000.0,960292092708.0,960491091208.0,7.0,201.0,1.0,198998500.0,201.0,0.0,201000000.0,1.0,2.0
4801,5.321782178217822,1000000.0,960492094291.0,960692091125.0,7.0,202.0,1.0,199996834.0,202.0,0.0,202000000.0,1.0,2.0
4802,5.582089552238806,1000000.0,960693091250.0,960892091125.0,7.0,201.0,1.0,198999875.0,201.0,0.0,201000000.0,1.0,2.0
4803,5.605911330049261,1000000.0,960893091208.0,961092091333.0,7.0,203.0,1.0,199000125.0,203.0,0.0,203000000.0,1.0,2.0
4804,4.930348258706467,1000000.0,961093091250.0,961292091125.0,7.0,201.0,1.0,198999875.0,201.0,0.0,201000000.0,1.0,2.0
4805,4.945273631840796,1000000.0,961293091166.0,961492091125.0,7.0,201.0,1.0,198999959.0,201.0,0.0,201000000.0,1.0,2.0
4806,5.08955223880597,1000000.0,961493091125.0,961692091125.0,7.0,201.0,1.0,199000000.0,201.0,0.0,201000000.0,1.0,2.0
4807,4.731343283582089,1000000.0,961693091083.0,961892091291.0,6.0,201.0,1.0,199000208.0,201.0,0.0,201000000.0,1.0,2.0
4808,4.980099502487562,1000000.0,961893091166.0,962092091208.0,7.0,201.0,1.0,199000042.0,201.0,0.0,201000000.0,1.0,2.0
4809,4.712871287128713,1000000.0,962093091333.0,962292091041.0,7.0,202.0,1.0,198999708.0,202.0,0.0,202000000.0,1.0,2.0
4810,4.653465346534653,1000000.0,962293091041.0,962492091166.0,5.0,202.0,1.0,199000125.0,202.0,0.0,202000000.0,1.0,2.0
4811,4.846534653465347,1000000.0,962493091125.0,962692091208.0,6.0,202.0,1.0,199000083.0,202.0,0.0,202000000.0,1.0,2.0
4812,4.74,1000000.0,962693091208.0,962892091083.0,6.0,200.0,1.0,198999875.0,200.0,0.0,200000000.0,1.0,2.0
4813,4.706467661691542,1000000.0,962893091250.0,963092091291.0,5.0,201.0,1.0,199000041.0,201.0,0.0,201000000.0,1.0,2.0
4814,4.975124378109452,1000000.0,963093091208.0,963292091166.0,7.0,201.0,1.0,198999958.0,201.0,0.0,201000000.0,1.0,2.0
4815,4.76,1000000.0,963293091250.0,963492091250.0,5.0,200.0,1.0,199000000.0,200.0,0.0,200000000.0,1.0,1.0
4816,4.68,1000000.0,963493091500.0,963692091333.0,5.0,200.0,1.0,198999833.0,200.0,0.0,200000000.0,1.0,1.0
4817,5.17910447761194,1000000.0,963693091250.0,963892091166.0,6.0,201.0,1.0,198999916.0,201.0,0.0,201000000.0,1.0,2.0
4818,4.691542288557214,1000000.0,963893091375.0,964092091291.0,5.0,201.0,1.0,198999916.0,201.0,0.0,201000000.0,1.0,2.0
4819,4.54726368159204,1000000.0,964093091291.0,964292091291.0,6.0,201.0,1.0,199000000.0,201.0,0.0,201000000.0,1.0,2.0
4820,4.643564356435643,1000000.0,964293091208.0,964492091291.0,6.0,202.0,1.0,199000083.0,202.0,0.0,202000000.0,1.0,2.0
4821,4.729064039408867,1000000.0,964493091208.0,964692091208.0,7.0,203.0,1.0,199000000.0,203.0,0.0,203000000.0,1.0,2.0
4822,4.7227722772277225,1000000.0,964693091250.0,964892091166.0,6.0,202.0,1.0,198999916.0,202.0,0.0,202000000.0,1.0,2.0
4823,4.706467661691542,1000000.0,964893091208.0,965092091000.0,7.0,201.0,1.0,198999792.0,201.0,0.0,201000000.0,1.0,2.0
4824,6.1,1000000.0,965093094375.0,965291091083.0,9.0,200.0,1.0,197996708.0,200.0,0.0,200000000.0,1.0,2.0
4825,8.655172413793103,1000000.0,965292094375.0,965491091125.0,10.0,203.0,1.0,198996750.0,203.0,0.0,203000000.0,1.0,2.0
4826,8.711442786069652,1000000.0,965492094291.0,965692091041.0,9.0,201.0,1.0,199996750.0,201.0,0.0,201000000.0,1.0,2.0
4827,8.704433497536947,1000000.0,965693094291.0,965892091208.0,10.0,203.0,1.0,198996917.0,203.0,0.0,203000000.0,1.0,2.0
4828,8.735,1000000.0,965893094416.0,966091091125.0,9.0,200.0,1.0,197996709.0,200.0,0.0,200000000.0,1.0,2.0
4829,8.732673267326733,1000000.0,966092094500.0,966291091083.0,9.0,202.0,1.0,198996583.0,202.0,0.0,202000000.0,1.0,2.0
4830,8.369458128078819,1000000.0,966292094458.0,966491091041.0,10.0,203.0,1.0,198996583.0,203.0,0.0,203000000.0,1.0,2.0
4831,8.63,1000000.0,966492094583.0,966691091041.0,9.0,200.0,1.0,198996458.0,200.0,0.0,200000000.0,1.0,1.0
4832,8.817733990147783,1000000.0,966692094500.0,966892091166.0,9.0,203.0,1.0,199996666.0,203.0,0.0,203000000.0,1.0,2.0
4833,8.806930693069306,1000000.0,966893091208.0,967092091166.0,9.0,202.0,1.0,198999958.0,202.0,0.0,202000000.0,1.0,2.0
4834,8.63681592039801,1000000.0,967093094458.0,967291094291.0,11.0,201.0,1.0,197999833.0,201.0,0.0,201000000.0,1.0,2.0
4835,8.724137931034482,1000000.0,967292094333.0,967492091166.0,10.0,203.0,1.0,199996833.0,203.0,0.0,203000000.0,1.0,2.0
4836,8.671641791044776,1000000.0,967493091208.0,967692091208.0,9.0,201.0,1.0,199000000.0,201.0,0.0,201000000.0,1.0,2.0
4837,8.68472906403941,1000000.0,967693091333.0,967892091208.0,10.0,203.0,1.0,198999875.0,203.0,0.0,203000000.0,1.0,2.0
4838,8.48019801980198,1000000.0,967893094541.0,968092091125.0,9.0,202.0,1.0,198996584.0,202.0,0.0,202000000.0,1.0,2.0
4839,8.678217821782178,1000000.0,968093094500.0,968292091041.0,9.0,202.0,1.0,198996541.0,202.0,0.0,202000000.0,1.0,2.0
4840,8.63,1000000.0,968293094500.0,968491091208.0,9.0,200.0,1.0,197996708.0,200.0,0.0,200000000.0,1.0,2.0
4841,8.94059405940594,1000000.0,968492094458.0,968691091083.0,10.0,202.0,1.0,198996625.0,202.0,0.0,202000000.0,1.0,2.0
4842,8.71,1000000.0,968692094541.0,968891094291.0,9.0,200.0,1.0,198999750.0,200.0,0.0,200000000.0,1.0,1.0
4843,8.665,1000000.0,968892094458.0,969091094458.0,9.0,200.0,1.0,199000000.0,200.0,0.0,200000000.0,1.0,1.0
4844,8.891089108910892,1000000.0,969092094291.0,969291091000.0,9.0,202.0,1.0,198996709.0,202.0,0.0,202000000.0,1.0,2.0
4845,8.752475247524753,1000000.0,969292094416.0,969492091083.0,10.0,202.0,1.0,199996667.0,202.0,0.0,202000000.0,1.0,2.0
4846,8.522613065326633,1000000.0,969493094416.0,969691094416.0,9.0,199.0,1.0,198000000.0,199.0,0.0,199000000.0,1.0,1.0
4847,8.851485148514852,1000000.0,969692094500.0,969891094375.0,9.0,202.0,1.0,198999875.0,202.0,0.0,202000000.0,1.0,2.0
4848,8.64179104477612,1000000.0,969892097583.0,970092091166.0,9.0,201.0,1.0,199993583.0,201.0,0.0,201000000.0,1.0,2.0
4849,8.745,1000000.0,970093094541.0,970291094375.0,9.0,200.0,1.0,197999834.0,200.0,0.0,200000000.0,1.0,2.0
4850,8.91044776119403,1000000.0,970292094416.0,970491094416.0,10.0,201.0,1.0,199000000.0,201.0,0.0,201000000.0,1.0,2.0
4851,8.821782178217822,1000000.0,970492094458.0,970692091083.0,10.0,202.0,1.0,199996625.0,202.0,0.0,202000000.0,1.0,2.0
4852,8.85,1000000.0,970693094416.0,970891094541.0,10.0,200.0,1.0,198000125.0,200.0,0.0,200000000.0,1.0,2.0
4853,8.772277227722773,1000000.0,970892094333.0,971091091083.0,10.0,202.0,1.0,198996750.0,202.0,0.0,202000000.0,1.0,2.0
4854,8.841584158415841,1000000.0,971092094458.0,971291094333.0,10.0,202.0,1.0,198999875.0,202.0,0.0,202000000.0,1.0,3.0
4855,8.626865671641792,1000000.0,971292094333.0,971491091083.0,10.0,201.0,1.0,198996750.0,201.0,0.0,201000000.0,1.0,2.0
4856,8.576354679802956,1000000.0,971492094333.0,971692091041.0,9.0,203.0,1.0,199996708.0,203.0,0.0,203000000.0,1.0,2.0
4857,8.368159203980099,1000000.0,971693094333.0,971892091166.0,9.0,201.0,1.0,198996833.0,201.0,0.0,201000000.0,1.0,2.0
4858,8.54679802955665,1000000.0,971893094500.0,972092091083.0,9.0,203.0,1.0,198996583.0,203.0,0.0,203000000.0,1.0,2.0
4859,8.807881773399014,1000000.0,972093094333.0,972292091000.0,10.0,203.0,1.0,198996667.0,203.0,0.0,203000000.0,1.0,2.0
4860,8.78,1000000.0,972293094333.0,972491091083.0,9.0,200.0,1.0,197996750.0,200.0,0.0,200000000.0,1.0,2.0
4861,8.467980295566502,1000000.0,972492094500.0,972691094416.0,10.0,203.0,1.0,198999916.0,203.0,0.0,203000000.0,1.0,2.0
4862,5.00990099009901,1000000.0,972692094375.0,972892091250.0,9.0,202.0,1.0,199996875.0,202.0,0.0,202000000.0,1.0,2.0
4863,4.702970297029703,1000000.0,972893094458.0,973092091250.0,6.0,202.0,1.0,198996792.0,202.0,0.0,202000000.0,1.0,2.0
4864,4.645320197044335,1000000.0,973093091333.0,973292091000.0,7.0,203.0,1.0,198999667.0,203.0,0.0,203000000.0,1.0,3.0
4865,4.311881188118812,1000000.0,973293094583.0,973492091041.0,5.0,202.0,1.0,198996458.0,202.0,0.0,202000000.0,1.0,2.0
4866,4.806930693069307,1000000.0,973493094750.0,973692091125.0,5.0,202.0,1.0,198996375.0,202.0,0.0,202000000.0,1.0,2.0
4867,4.6318407960199,1000000.0,973693094458.0,973892090958.0,5.0,201.0,1.0,198996500.0,201.0,0.0,201000000.0,1.0,2.0
4868,4.74,1000000.0,973893094416.0,974091091125.0,5.0,200.0,1.0,197996709.0,200.0,0.0,200000000.0,1.0,2.0
4869,4.851485148514851,1000000.0,974092094625.0,974291091125.0,6.0,202.0,1.0,198996500.0,202.0,0.0,202000000.0,1.0,2.0
4870,4.693069306930693,1000000.0,974292094541.0,974492091250.0,5.0,202.0,1.0,199996709.0,202.0,0.0,202000000.0,1.0,2.0
4871,4.51,1000000.0,974493094583.0,974691091041.0,5.0,200.0,1.0,197996458.0,200.0,0.0,200000000.0,1.0,2.0
4872,4.693069306930693,1000000.0,974692094416.0,974892091083.0,5.0,202.0,1.0,199996667.0,202.0,0.0,202000000.0,1.0,2.0
4873,4.298507462686567,1000000.0,974893094291.0,975092090958.0,5.0,201.0,1.0,198996667.0,201.0,0.0,201000000.0,1.0,2.0
4874,4.7611940298507465,1000000.0,975093094500.0,975292091083.0,6.0,201.0,1.0,198996583.0,201.0,0.0,201000000.0,1.0,2.0
4875,4.865671641791045,1000000.0,975293094541.0,975492091041.0,6.0,201.0,1.0,198996500.0,201.0,0.0,201000000.0,1.0,3.0
4876,4.537313432835821,1000000.0,975493094458.0,975691091000.0,5.0,201.0,1.0,197996542.0,201.0,0.0,201000000.0,1.0,2.0
4877,4.623762376237623,1000000.0,975692094583.0,975892091375.0,5.0,202.0,1.0,199996792.0,202.0,0.0,202000000.0,1.0,2.0
4878,4.6716417910447765,1000000.0,975893094458.0,976091091125.0,5.0,201.0,1.0,197996667.0,201.0,0.0,201000000.0,1.0,2.0
4879,4.621890547263682,1000000.0,976092094500.0,976291091083.0,5.0,201.0,1.0,198996583.0,201.0,0.0,201000000.0,1.0,2.0
4880,4.756218905472637,1000000.0,976292094458.0,976491094500.0,5.0,201.0,1.0,199000042.0,201.0,0.0,201000000.0,1.0,2.0
4881,4.603960396039604,1000000.0,976492094416.0,976691091083.0,6.0,202.0,1.0,198996667.0,202.0,0.0,202000000.0,1.0,2.0
4882,4.756218905472637,1000000.0,976692094583.0,976891091083.0,7.0,201.0,1.0,198996500.0,201.0,0.0,201000000.0,1.0,2.0
4883,4.599009900990099,1000000.0,976892094416.0,977092091208.0,5.0,202.0,1.0,199996792.0,202.0,0.0,202000000.0,1.0,2.0
4884,5.3283582089552235,1000000.0,977093091083.0,977292091083.0,8.0,201.0,1.0,199000000.0,201.0,0.0,201000000.0,1.0,2.0
4885,4.9507389162561575,1000000.0,977293094416.0,977492090958.0,7.0,203.0,1.0,198996542.0,203.0,0.0,203000000.0,1.0,2.0
4886,4.54228855721393,1000000.0,977493094500.0,977692091208.0,5.0,201.0,1.0,198996708.0,201.0,0.0,201000000.0,1.0,2.0
4887,4.71,1000000.0,977693091291.0,977891091000.0,6.0,200.0,1.0,197999709.0,200.0,0.0,200000000.0,1.0,2.0
4888,4.626865671641791,1000000.0,977892094416.0,978091091041.0,6.0,201.0,1.0,198996625.0,201.0,0.0,201000000.0,1.0,2.0
4889,4.621890547263682,1000000.0,978092094500.0,978291094583.0,5.0,201.0,1.0,199000083.0,201.0,0.0,201000000.0,1.0,2.0
4890,4.643564356435643,1000000.0,978292094458.0,978492091125.0,5.0,202.0,1.0,199996667.0,202.0,0.0,202000000.0,1.0,2.0
4891,4.643564356435643,1000000.0,978493094500.0,978692091166.0,5.0,202.0,1.0,198996666.0,202.0,0.0,202000000.0,1.0,2.0
4892,4.783251231527093,1000000.0,978693091083.0,978892091291.0,5.0,203.0,1.0,199000208.0,203.0,0.0,203000000.0,1.0,2.0
4893,4.676616915422885,1000000.0,978893094458.0,979092091041.0,5.0,201.0,1.0,198996583.0,201.0,0.0,201000000.0,1.0,2.0
4894,4.625,1000000.0,979093091041.0,979292091041.0,6.0,200.0,1.0,199000000.0,200.0,0.0,200000000.0,1.0,1.0
4895,4.373134328358209,1000000.0,979293091291.0,979492091083.0,5.0,201.0,1.0,198999792.0,201.0,0.0,201000000.0,1.0,2.0
4896,4.7611940298507465,1000000.0,979493094333.0,979691094458.0,6.0,201.0,1.0,198000125.0,201.0,0.0,201000000.0,1.0,3.0
4897,4.48019801980198,1000000.0,979692094416.0,979892091375.0,5.0,202.0,1.0,199996959.0,202.0,0.0,202000000.0,1.0,2.0
4898,4.752475247524752,1000000.0,979893094458.0,980092091291.0,6.0,202.0,1.0,198996833.0,202.0,0.0,202000000.0,1.0,2.0
4899,6.18,1000000.0,980093091291.0,980291091041.0,9.0,200.0,1.0,197999750.0,200.0,0.0,200000000.0,1.0,2.0
4900,8.811881188118813,1000000.0,980292094541.0,980492091166.0,10.0,202.0,1.0,199996625.0,202.0,0.0,202000000.0,1.0,2.0
4901,8.575,1000000.0,980493091208.0,980691091250.0,10.0,200.0,1.0,198000042.0,200.0,0.0,200000000.0,1.0,2.0
4902,8.857142857142858,1000000.0,980692094500.0,980892091291.0,10.0,203.0,1.0,199996791.0,203.0,0.0,203000000.0,1.0,2.0
4903,8.751243781094526,1000000.0,980893094541.0,981092091000.0,9.0,201.0,1.0,198996459.0,201.0,0.0,201000000.0,1.0,2.0
4904,8.880597014925373,1000000.0,981093091375.0,981292091125.0,9.0,201.0,1.0,198999750.0,201.0,0.0,201000000.0,1.0,2.0
4905,8.706467661691542,1000000.0,981293094375.0,981491094416.0,10.0,201.0,1.0,198000041.0,201.0,0.0,201000000.0,1.0,2.0
4906,8.707920792079207,1000000.0,981492094458.0,981692091083.0,10.0,202.0,1.0,199996625.0,202.0,0.0,202000000.0,1.0,2.0
4907,8.643564356435643,1000000.0,981693091041.0,981892091000.0,9.0,202.0,1.0,198999959.0,202.0,0.0,202000000.0,1.0,2.0
4908,8.708542713567839,1000000.0,981893091125.0,982092091041.0,9.0,199.0,1.0,198999916.0,199.0,0.0,199000000.0,1.0,1.0
4909,8.82,1000000.0,982093094458.0,982291091000.0,10.0,200.0,1.0,197996542.0,200.0,0.0,200000000.0,1.0,2.0
4910,8.935643564356436,1000000.0,982292094583.0,982491091083.0,11.0,202.0,1.0,198996500.0,202.0,0.0,202000000.0,1.0,2.0
4911,8.507462686567164,1000000.0,982492094458.0,982692091166.0,11.0,201.0,1.0,199996708.0,201.0,0.0,201000000.0,1.0,1.0
4912,8.691542288557214,1000000.0,982693091125.0,982891094583.0,9.0,201.0,1.0,198003458.0,201.0,0.0,201000000.0,1.0,2.0
4913,8.930693069306932,1000000.0,982892094375.0,983091091125.0,10.0,202.0,1.0,198996750.0,202.0,0.0,202000000.0,1.0,2.0
4914,8.527363184079602,1000000.0,983092094291.0,983292091208.0,9.0,201.0,1.0,199996917.0,201.0,0.0,201000000.0,1.0,1.0
4915,8.683168316831683,1000000.0,983293091125.0,983492091166.0,9.0,202.0,1.0,199000041.0,202.0,0.0,202000000.0,1.0,2.0
4916,8.847290640394089,1000000.0,983493091291.0,983692091083.0,9.0,203.0,1.0,198999792.0,203.0,0.0,203000000.0,1.0,2.0
4917,8.587064676616915,1000000.0,983693094291.0,983892091166.0,9.0,201.0,1.0,198996875.0,201.0,0.0,201000000.0,1.0,2.0
4918,8.88,1000000.0,983893094583.0,984091091166.0,9.0,200.0,1.0,197996583.0,200.0,0.0,200000000.0,1.0,2.0
4919,8.801980198019802,1000000.0,984092094541.0,984291094541.0,10.0,202.0,1.0,199000000.0,202.0,0.0,202000000.0,1.0,2.0
4920,9.115,1000000.0,984292094375.0,984491094458.0,10.0,200.0,1.0,199000083.0,200.0,0.0,200000000.0,1.0,1.0
4921,8.724137931034482,1000000.0,984492094500.0,984691091375.0,10.0,203.0,1.0,198996875.0,203.0,0.0,203000000.0,1.0,2.0
4922,8.725,1000000.0,984692094416.0,984891091000.0,9.0,200.0,1.0,198996584.0,200.0,0.0,200000000.0,1.0,1.0
4923,8.661691542288557,1000000.0,984892094458.0,985091091458.0,9.0,201.0,1.0,198997000.0,201.0,0.0,201000000.0,1.0,3.0
4924,8.850746268656716,1000000.0,985092094458.0,985291091041.0,11.0,201.0,1.0,198996583.0,201.0,0.0,201000000.0,1.0,2.0
4925,8.658415841584159,1000000.0,985292094541.0,985492091000.0,10.0,202.0,1.0,199996459.0,202.0,0.0,202000000.0,1.0,2.0
4926,8.2636815920398,1000000.0,985493091125.0,985692091000.0,9.0,201.0,1.0,198999875.0,201.0,0.0,201000000.0,1.0,2.0
4927,9.059701492537313,1000000.0,985693094416.0,985891094458.0,11.0,201.0,1.0,198000042.0,201.0,0.0,201000000.0,1.0,2.0
4928,8.326732673267326,1000000.0,985892094666.0,986092091166.0,9.0,202.0,1.0,199996500.0,202.0,0.0,202000000.0,1.0,2.0
4929,8.49748743718593,1000000.0,986093094500.0,986291091041.0,10.0,199.0,1.0,197996541.0,199.0,0.0,199000000.0,1.0,1.0
4930,8.633663366336634,1000000.0,986292094500.0,986491094500.0,10.0,202.0,1.0,199000000.0,202.0,0.0,202000000.0,1.0,2.0
4931,8.930693069306932,1000000.0,986492094541.0,986692091083.0,10.0,202.0,1.0,199996542.0,202.0,0.0,202000000.0,1.0,2.0
4932,8.879396984924623,1000000.0,986693094458.0,986891094291.0,9.0,199.0,1.0,197999833.0,199.0,0.0,199000000.0,1.0,2.0
4933,8.589108910891088,1000000.0,986892094416.0,987091094500.0,11.0,202.0,1.0,199000084.0,202.0,0.0,202000000.0,1.0,2.0
4934,8.742574257425742,1000000.0,987092094458.0,987291091000.0,10.0,202.0,1.0,198996542.0,202.0,0.0,202000000.0,1.0,2.0
4935,8.711442786069652,1000000.0,987292094500.0,987492091333.0,10.0,201.0,1.0,199996833.0,201.0,0.0,201000000.0,1.0,1.0
4936,8.46,1000000.0,987493091083.0,987691091208.0,9.0,200.0,1.0,198000125.0,200.0,0.0,200000000.0,1.0,2.0
4937,5.422885572139304,1000000.0,987692094416.0,987891091000.0,9.0,201.0,1.0,198996584.0,201.0,0.0,201000000.0,1.0,2.0
4938,4.869346733668341,1000000.0,987892094416.0,988091091041.0,6.0,199.0,1.0,198996625.0,199.0,0.0,199000000.0,1.0,1.0
4939,4.757425742574258,1000000.0,988092094541.0,988291091000.0,6.0,202.0,1.0,198996459.0,202.0,0.0,202000000.0,1.0,2.0
4940,4.925,1000000.0,988292094500.0,988491091000.0,7.0,200.0,1.0,198996500.0,200.0,0.0,200000000.0,1.0,2.0
4941,4.635,1000000.0,988492094375.0,988691094458.0,5.0,200.0,1.0,199000083.0,200.0,0.0,200000000.0,1.0,2.0
4942,4.348258706467662,1000000.0,988692094500.0,988891091250.0,5.0,201.0,1.0,198996750.0,201.0,0.0,201000000.0,1.0,2.0
4943,4.781094527363184,1000000.0,988892094458.0,989091094458.0,6.0,201.0,1.0,199000000.0,201.0,0.0,201000000.0,1.0,2.0
4944,4.512437810945274,1000000.0,989092094375.0,989292091041.0,5.0,201.0,1.0,199996666.0,201.0,0.0,201000000.0,1.0,1.0
4945,4.615,1000000.0,989293094583.0,989491091041.0,6.0,200.0,1.0,197996458.0,200.0,0.0,200000000.0,1.0,2.0
4946,4.497512437810945,1000000.0,989492094416.0,989691090958.0,6.0,201.0,1.0,198996542.0,201.0,0.0,201000000.0,1.0,2.0
4947,4.447761194029851,1000000.0,989692094416.0,989891094541.0,5.0,201.0,1.0,199000125.0,201.0,0.0,201000000.0,1.0,2.0
4948,4.757425742574258,1000000.0,989892094416.0,990092091041.0,5.0,202.0,1.0,199996625.0,202.0,0.0,202000000.0,1.0,2.0
4949,4.755,1000000.0,990093090958.0,990291091333.0,5.0,200.0,1.0,198000375.0,200.0,0.0,200000000.0,1.0,2.0
4950,4.4504950495049505,1000000.0,990292094666.0,990492091000.0,6.0,202.0,1.0,199996334.0,202.0,0.0,202000000.0,1.0,2.0
4951,4.633663366336633,1000000.0,990493094458.0,990692091208.0,5.0,202.0,1.0,198996750.0,202.0,0.0,202000000.0,1.0,2.0
4952,4.551724137931035,1000000.0,990693094500.0,990891091333.0,5.0,203.0,1.0,197996833.0,203.0,0.0,203000000.0,1.0,2.0
4953,4.618811881188119,1000000.0,990892094458.0,991091094541.0,5.0,202.0,1.0,199000083.0,202.0,0.0,202000000.0,1.0,2.0
4954,4.410891089108911,1000000.0,991092094375.0,991292090958.0,5.0,202.0,1.0,199996583.0,202.0,0.0,202000000.0,1.0,2.0
4955,4.551724137931035,1000000.0,991293090958.0,991492091083.0,5.0,203.0,1.0,199000125.0,203.0,0.0,203000000.0,1.0,2.0
4956,4.895,1000000.0,991493094416.0,991692091125.0,6.0,200.0,1.0,198996709.0,200.0,0.0,200000000.0,1.0,2.0
4957,4.900497512437811,1000000.0,991693091125.0,991892091125.0,6.0,201.0,1.0,199000000.0,201.0,0.0,201000000.0,1.0,2.0
4958,4.52970297029703,1000000.0,991893091125.0,992091094541.0,5.0,202.0,1.0,198003416.0,202.0,0.0,202000000.0,1.0,2.0
4959,4.589108910891089,1000000.0,992092094291.0,992292091125.0,5.0,202.0,1.0,199996834.0,202.0,0.0,202000000.0,1.0,2.0
4960,4.7772277227722775,1000000.0,992293091166.0,992492091375.0,8.0,202.0,1.0,199000209.0,202.0,0.0,202000000.0,1.0,2.0
4961,4.851485148514851,1000000.0,992493094500.0,992692091125.0,6.0,202.0,1.0,198996625.0,202.0,0.0,202000000.0,1.0,2.0
4962,4.701492537313433,1000000.0,992693094416.0,992892091250.0,5.0,201.0,1.0,198996834.0,201.0,0.0,201000000.0,1.0,2.0
4963,4.54726368159204,1000000.0,992893094541.0,993092091208.0,5.0,201.0,1.0,198996667.0,201.0,0.0,201000000.0,1.0,2.0
4964,4.7611940298507465,1000000.0,993093094541.0,993291091125.0,6.0,201.0,1.0,197996584.0,201.0,0.0,201000000.0,1.0,2.0
4965,4.648514851485149,1000000.0,993292094458.0,993492091208.0,5.0,202.0,1.0,199996750.0,202.0,0.0,202000000.0,1.0,2.0
4966,4.76,1000000.0,993493094500.0,993691091000.0,6.0,200.0,1.0,197996500.0,200.0,0.0,200000000.0,1.0,2.0
4967,4.827586206896552,1000000.0,993692094458.0,993892091291.0,6.0,203.0,1.0,199996833.0,203.0,0.0,203000000.0,1.0,2.0
4968,4.776119402985074,1000000.0,993893094375.0,994092091250.0,6.0,201.0,1.0,198996875.0,201.0,0.0,201000000.0,1.0,2.0
4969,4.7,1000000.0,994093094458.0,994291091041.0,5.0,200.0,1.0,197996583.0,200.0,0.0,200000000.0,1.0,2.0
4970,4.857142857142857,1000000.0,994292094541.0,994492091541.0,6.0,203.0,1.0,199997000.0,203.0,0.0,203000000.0,1.0,2.0
4971,4.94,1000000.0,994493094458.0,994691091125.0,6.0,200.0,1.0,197996667.0,200.0,0.0,200000000.0,1.0,2.0
4972,4.651741293532338,1000000.0,994692094541.0,994891091000.0,6.0,201.0,1.0,198996459.0,201.0,0.0,201000000.0,1.0,2.0
4973,4.880597014925373,1000000.0,994892094291.0,995091094458.0,6.0,201.0,1.0,199000167.0,201.0,0.0,201000000.0,1.0,2.0
4974,6.128712871287129,1000000.0,995092094541.0,995292091166.0,9.0,202.0,1.0,199996625.0,202.0,0.0,202000000.0,1.0,2.0
4975,8.606965174129353,1000000.0,995293091083.0,995492091041.0,10.0,201.0,1.0,198999958.0,201.0,0.0,201000000.0,1.0,3.0
4976,8.762376237623762,1000000.0,995493094500.0,995692091000.0,10.0,202.0,1.0,198996500.0,202.0,0.0,202000000.0,1.0,2.0
4977,8.77,1000000.0,995693094333.0,995891091166.0,10.0,200.0,1.0,197996833.0,200.0,0.0,200000000.0,1.0,2.0
4978,8.765,1000000.0,995892094500.0,996091094541.0,10.0,200.0,1.0,199000041.0,200.0,0.0,200000000.0,1.0,1.0
4979,8.776119402985074,1000000.0,996092094500.0,996291094458.0,9.0,201.0,1.0,198999958.0,201.0,0.0,201000000.0,1.0,2.0
4980,8.92079207920792,1000000.0,996292094458.0,996492090958.0,10.0,202.0,1.0,199996500.0,202.0,0.0,202000000.0,1.0,2.0
4981,8.845771144278608,1000000.0,996493094458.0,996692091041.0,9.0,201.0,1.0,198996583.0,201.0,0.0,201000000.0,1.0,2.0
4982,8.705,1000000.0,996693094333.0,996892091208.0,9.0,200.0,1.0,198996875.0,200.0,0.0,200000000.0,1.0,2.0
4983,8.905,1000000.0,996893094458.0,997091091083.0,9.0,200.0,1.0,197996625.0,200.0,0.0,200000000.0,1.0,2.0
4984,8.417910447761194,1000000.0,997092094500.0,997291094375.0,9.0,201.0,1.0,198999875.0,201.0,0.0,201000000.0,1.0,2.0
4985,8.821782178217822,1000000.0,997292094375.0,997492091125.0,10.0,202.0,1.0,199996750.0,202.0,0.0,202000000.0,1.0,2.0
4986,8.502463054187192,1000000.0,997493091250.0,997691091250.0,10.0,203.0,1.0,198000000.0,203.0,0.0,203000000.0,1.0,2.0
4987,8.587064676616915,1000000.0,997692094541.0,997891091125.0,9.0,201.0,1.0,198996584.0,201.0,0.0,201000000.0,1.0,2.0
4988,8.940298507462687,1000000.0,997892094375.0,998091094250.0,10.0,201.0,1.0,198999875.0,201.0,0.0,201000000.0,1.0,2.0
4989,8.704433497536947,1000000.0,998092094541.0,998292091041.0,9.0,203.0,1.0,199996500.0,203.0,0.0,203000000.0,1.0,2.0
4990,8.571428571428571,1000000.0,998293094291.0,998492091000.0,10.0,203.0,1.0,198996709.0,203.0,0.0,203000000.0,1.0,2.0
4991,8.725,1000000.0,998493094333.0,998691091041.0,11.0,200.0,1.0,197996708.0,200.0,0.0,200000000.0,1.0,2.0
4992,8.689655172413794,1000000.0,998692094416.0,998892091125.0,9.0,203.0,1.0,199996709.0,203.0,0.0,203000000.0,1.0,2.0
4993,8.78,1000000.0,998893094458.0,999091091000.0,10.0,200.0,1.0,197996542.0,200.0,0.0,200000000.0,1.0,2.0
4994,8.732673267326733,1000000.0,999092094333.0,999291091125.0,9.0,202.0,1.0,198996792.0,202.0,0.0,202000000.0,1.0,2.0
4995,8.779411764705882,1000000.0,999292094500.0,999492091250.0,10.0,204.0,1.0,199996750.0,204.0,0.0,204000000.0,1.0,2.0
4996,8.712871287128714,1000000.0,999493091666.0,999692091041.0,9.0,202.0,1.0,198999375.0,202.0,0.0,202000000.0,1.0,2.0
4997,8.71,1000000.0,999693094541.0,999891094500.0,9.0,200.0,1.0,197999959.0,200.0,0.0,200000000.0,1.0,2.0
4998,8.89655172413793,1000000.0,999892094416.0,1000091091125.0,9.0,203.0,1.0,198996709.0,203.0,0.0,203000000.0,1.0,2.0
4999,8.648514851485148,1000000.0,1000092094500.0,1000291094583.0,10.0,202.0,1.0,199000083.0,202.0,0.0,202000000.0,1.0,2.0
