idx,ane_power_w,cpu_avg_freq_mhz,cpu_power_w,cpu_residency_active_pct,cpu_temp_c,cpu_usage_pct,fan_rpm,gpu_avg_freq_mhz,gpu_power_w,gpu_residency_active_pct,gpu_temp_c,gpu_usage_pct,soc_temp_c
0,0.0,1892.0,0.426841139793396,36.99,14.88322639465332,1555.0,0.0,1367.0,0.0090463059023022,100.0,53.039825439453125,222.0,0.0
1,0.0,1892.0,0.426841139793396,36.99,14.88322639465332,1555.0,0.0,1367.0,0.0090463059023022,100.0,53.039825439453125,222.0,0.0
2,0.0,1892.0,0.426841139793396,36.99,14.88322639465332,1555.0,0.0,1367.0,0.0090463059023022,100.0,53.039825439453125,222.0,0.0
3,0.0,1892.0,0.426841139793396,36.99,14.88322639465332,1555.0,0.0,1367.0,0.0090463059023022,100.0,53.039825439453125,222.0,0.0
4,0.0,1892.0,0.426841139793396,36.99,14.88322639465332,1555.0,0.0,1367.0,0.0090463059023022,100.0,53.039825439453125,222.0,0.0
5,0.0,1892.0,0.4161848127841949,36.99,10.091678619384766,1550.0,0.0,1367.0,0.0208596978336572,100.0,52.31230545043945,222.0,0.0
6,0.0,1892.0,0.4161848127841949,36.99,10.091678619384766,1550.0,0.0,1367.0,0.0208596978336572,100.0,52.31230545043945,222.0,0.0
7,0.0,1892.0,0.4161848127841949,36.99,10.091678619384766,1550.0,0.0,1367.0,0.0208596978336572,100.0,52.31230545043945,222.0,0.0
8,0.0,1892.0,0.4161848127841949,36.99,10.091678619384766,1550.0,0.0,1367.0,0.0208596978336572,100.0,52.31230545043945,222.0,0.0
9,0.0,1892.0,0.4161848127841949,36.99,10.091678619384766,1550.0,0.0,1367.0,0.0208596978336572,100.0,52.31230545043945,222.0,0.0
10,0.0,1892.0,0.4161848127841949,36.99,10.091678619384766,1550.0,0.0,1367.0,0.0208596978336572,100.0,52.31230545043945,222.0,0.0
11,0.0,1892.0,0.7099480628967285,36.99,16.056438446044922,1876.0,0.0,1367.0,0.0580501817166805,100.0,52.2344856262207,333.0,0.0
12,0.0,1892.0,0.7099480628967285,36.99,16.056438446044922,1876.0,0.0,1367.0,0.0580501817166805,100.0,52.2344856262207,333.0,0.0
13,0.0,1892.0,0.7099480628967285,36.99,16.056438446044922,1876.0,0.0,1367.0,0.0580501817166805,100.0,52.2344856262207,333.0,0.0
14,0.0,1892.0,0.7099480628967285,36.99,16.056438446044922,1876.0,0.0,1367.0,0.0580501817166805,100.0,52.2344856262207,333.0,0.0
15,0.0,1892.0,0.7099480628967285,36.99,16.056438446044922,1876.0,0.0,1367.0,0.0580501817166805,100.0,52.2344856262207,333.0,0.0
16,0.0,1892.0,0.8379356265068054,36.99,10.071074485778809,1708.0,0.0,1367.0,0.0909942314028739,100.0,52.03157806396485,412.0,0.0
17,0.0,1892.0,0.8379356265068054,36.99,10.071074485778809,1708.0,0.0,1367.0,0.0909942314028739,100.0,52.03157806396485,412.0,0.0
18,0.0,1892.0,0.8379356265068054,36.99,10.071074485778809,1708.0,0.0,1367.0,0.0909942314028739,100.0,52.03157806396485,412.0,0.0
19,0.0,1892.0,0.8379356265068054,36.99,10.071074485778809,1708.0,0.0,1367.0,0.0909942314028739,100.0,52.03157806396485,412.0,0.0
20,0.0,1892.0,0.8379356265068054,36.99,10.071074485778809,1708.0,0.0,1367.0,0.0909942314028739,100.0,52.03157806396485,412.0,0.0
21,0.0,1892.0,0.6763198375701904,36.99,36.26823043823242,2286.0,0.0,1367.0,0.1167613118886947,100.0,51.886268615722656,444.0,0.0
22,0.0,1892.0,0.6763198375701904,36.99,36.26823043823242,2286.0,0.0,1367.0,0.1167613118886947,100.0,51.886268615722656,444.0,0.0
23,0.0,1892.0,0.6763198375701904,36.99,36.26823043823242,2286.0,0.0,1367.0,0.1167613118886947,100.0,51.886268615722656,444.0,0.0
24,0.0,1892.0,0.6763198375701904,36.99,36.26823043823242,2286.0,0.0,1367.0,0.1167613118886947,100.0,51.886268615722656,444.0,0.0
25,0.0,1892.0,0.6763198375701904,36.99,36.26823043823242,2286.0,0.0,1367.0,0.1167613118886947,100.0,51.886268615722656,444.0,0.0
26,0.0,1892.0,0.683296799659729,36.99,35.94879150390625,2245.0,0.0,1367.0,0.1043372675776481,100.0,51.6634407043457,444.0,0.0
27,0.0,1892.0,0.683296799659729,36.99,35.94879150390625,2245.0,0.0,1367.0,0.1043372675776481,100.0,51.6634407043457,444.0,0.0
28,0.0,1892.0,0.683296799659729,36.99,35.94879150390625,2245.0,0.0,1367.0,0.1043372675776481,100.0,51.6634407043457,444.0,0.0
29,0.0,1892.0,0.683296799659729,36.99,35.94879150390625,2245.0,0.0,1367.0,0.1043372675776481,100.0,51.6634407043457,444.0,0.0
30,0.0,1892.0,0.683296799659729,36.99,35.94879150390625,2245.0,0.0,1367.0,0.1043372675776481,100.0,51.6634407043457,444.0,0.0
31,0.0,1892.0,1.065504789352417,36.99,36.88948059082031,2120.0,0.0,1367.0,0.1114325374364852,100.0,51.547149658203125,444.0,0.0
32,0.0,1892.0,1.065504789352417,36.99,36.88948059082031,2120.0,0.0,1367.0,0.1114325374364852,100.0,51.547149658203125,444.0,0.0
33,0.0,1892.0,1.065504789352417,36.99,36.88948059082031,2120.0,0.0,1367.0,0.1114325374364852,100.0,51.547149658203125,444.0,0.0
34,0.0,1892.0,1.065504789352417,36.99,36.88948059082031,2120.0,0.0,1367.0,0.1114325374364852,100.0,51.547149658203125,444.0,0.0
35,0.0,1892.0,1.065504789352417,36.99,36.88948059082031,2120.0,0.0,1367.0,0.1114325374364852,100.0,51.547149658203125,444.0,0.0
36,0.0,1892.0,1.065504789352417,36.99,36.88948059082031,2120.0,0.0,1367.0,0.1114325374364852,100.0,51.547149658203125,444.0,0.0
37,0.0,1892.0,1.3038320541381836,36.99,37.1330451965332,2134.0,0.0,1367.0,0.4365730285644531,100.0,51.542503356933594,460.0,0.0
38,0.0,1892.0,1.3038320541381836,36.99,37.1330451965332,2134.0,0.0,1367.0,0.4365730285644531,100.0,51.542503356933594,460.0,0.0
39,0.0,1892.0,1.3038320541381836,36.99,37.1330451965332,2134.0,0.0,1367.0,0.4365730285644531,100.0,51.542503356933594,460.0,0.0
40,0.0,1892.0,1.3038320541381836,36.99,37.1330451965332,2134.0,0.0,1367.0,0.4365730285644531,100.0,51.542503356933594,460.0,0.0
41,0.0,1892.0,1.3038320541381836,36.99,37.1330451965332,2134.0,0.0,1367.0,0.4365730285644531,100.0,51.542503356933594,460.0,0.0
42,0.0,1892.0,1.7813154458999634,36.99,36.93252944946289,2186.0,0.0,1367.0,0.4595938622951507,100.0,51.46013259887695,455.0,0.0
43,0.0,1892.0,1.7813154458999634,36.99,36.93252944946289,2186.0,0.0,1367.0,0.4595938622951507,100.0,51.46013259887695,455.0,0.0
44,0.0,1892.0,1.7813154458999634,36.99,36.93252944946289,2186.0,0.0,1367.0,0.4595938622951507,100.0,51.46013259887695,455.0,0.0
45,0.0,1892.0,1.7813154458999634,36.99,36.93252944946289,2186.0,0.0,1367.0,0.4595938622951507,100.0,51.46013259887695,455.0,0.0
46,0.0,1892.0,1.7813154458999634,36.99,36.93252944946289,2186.0,0.0,1367.0,0.4595938622951507,100.0,51.46013259887695,455.0,0.0
47,0.0,1892.0,0.7900492548942566,36.99,36.89419174194336,1934.0,0.0,1367.0,0.2823276817798614,100.0,51.43253326416016,444.0,0.0
48,0.0,1892.0,0.7900492548942566,36.99,36.89419174194336,1934.0,0.0,1367.0,0.2823276817798614,100.0,51.43253326416016,444.0,0.0
49,0.0,1892.0,0.7900492548942566,36.99,36.89419174194336,1934.0,0.0,1367.0,0.2823276817798614,100.0,51.43253326416016,444.0,0.0
50,0.0,1892.0,0.7900492548942566,36.99,36.89419174194336,1934.0,0.0,1367.0,0.2823276817798614,100.0,51.43253326416016,444.0,0.0
51,0.0,1892.0,0.7900492548942566,36.99,36.89419174194336,1934.0,0.0,1367.0,0.2823276817798614,100.0,51.43253326416016,444.0,0.0
52,0.0,1892.0,1.4865472316741943,36.99,36.20653533935547,1983.0,0.0,1367.0,0.1103317812085151,100.0,51.221214294433594,444.0,0.0
53,0.0,1892.0,1.4865472316741943,36.99,36.20653533935547,1983.0,0.0,1367.0,0.1103317812085151,100.0,51.221214294433594,444.0,0.0
54,0.0,1892.0,1.4865472316741943,36.99,36.20653533935547,1983.0,0.0,1367.0,0.1103317812085151,100.0,51.221214294433594,444.0,0.0
55,0.0,1892.0,1.4865472316741943,36.99,36.20653533935547,1983.0,0.0,1367.0,0.1103317812085151,100.0,51.221214294433594,444.0,0.0
56,0.0,1892.0,1.4865472316741943,36.99,36.20653533935547,1983.0,0.0,1367.0,0.1103317812085151,100.0,51.221214294433594,444.0,0.0
57,0.0,1892.0,1.5779995918273926,36.99,36.863059997558594,2016.0,0.0,1367.0,0.1084734797477722,100.0,51.11597442626953,456.0,0.0
58,0.0,1892.0,1.5779995918273926,36.99,36.863059997558594,2016.0,0.0,1367.0,0.1084734797477722,100.0,51.11597442626953,456.0,0.0
59,0.0,1892.0,1.5779995918273926,36.99,36.863059997558594,2016.0,0.0,1367.0,0.1084734797477722,100.0,51.11597442626953,456.0,0.0
60,0.0,1892.0,1.5779995918273926,36.99,36.863059997558594,2016.0,0.0,1367.0,0.1084734797477722,100.0,51.11597442626953,456.0,0.0
61,0.0,1892.0,1.5779995918273926,36.99,36.863059997558594,2016.0,0.0,1367.0,0.1084734797477722,100.0,51.11597442626953,456.0,0.0
62,0.0,1892.0,0.8627647161483765,36.99,10.000550270080566,1716.0,0.0,1367.0,0.0455037280917167,100.0,51.00423049926758,444.0,0.0
63,0.0,1892.0,0.8627647161483765,36.99,10.000550270080566,1716.0,0.0,1367.0,0.0455037280917167,100.0,51.00423049926758,444.0,0.0
64,0.0,1892.0,0.8627647161483765,36.99,10.000550270080566,1716.0,0.0,1367.0,0.0455037280917167,100.0,51.00423049926758,444.0,0.0
65,0.0,1892.0,0.8627647161483765,36.99,10.000550270080566,1716.0,0.0,1367.0,0.0455037280917167,100.0,51.00423049926758,444.0,0.0
66,0.0,1892.0,0.8627647161483765,36.99,10.000550270080566,1716.0,0.0,1367.0,0.0455037280917167,100.0,51.00423049926758,444.0,0.0
67,0.0,1892.0,0.8627647161483765,36.99,10.000550270080566,1716.0,0.0,1367.0,0.0455037280917167,100.0,51.00423049926758,444.0,0.0
68,0.0,1892.0,1.130729913711548,36.99,35.765586853027344,2043.0,0.0,1367.0,0.027290653437376,100.0,50.8248291015625,444.0,0.0
69,0.0,1892.0,1.130729913711548,36.99,35.765586853027344,2043.0,0.0,1367.0,0.027290653437376,100.0,50.8248291015625,444.0,0.0
70,0.0,1892.0,1.130729913711548,36.99,35.765586853027344,2043.0,0.0,1367.0,0.027290653437376,100.0,50.8248291015625,444.0,0.0
71,0.0,1892.0,1.130729913711548,36.99,35.765586853027344,2043.0,0.0,1367.0,0.027290653437376,100.0,50.8248291015625,444.0,0.0
72,0.0,1892.0,1.130729913711548,36.99,35.765586853027344,2043.0,0.0,1367.0,0.027290653437376,100.0,50.8248291015625,444.0,0.0
73,0.0,1892.0,1.431766390800476,36.99,9.997273445129396,1815.0,0.0,1367.0,0.1763291358947754,100.0,50.72371292114258,592.0,0.0
74,0.0,1892.0,1.431766390800476,36.99,9.997273445129396,1815.0,0.0,1367.0,0.1763291358947754,100.0,50.72371292114258,592.0,0.0
75,0.0,1892.0,1.431766390800476,36.99,9.997273445129396,1815.0,0.0,1367.0,0.1763291358947754,100.0,50.72371292114258,592.0,0.0
76,0.0,1892.0,1.431766390800476,36.99,9.997273445129396,1815.0,0.0,1367.0,0.1763291358947754,100.0,50.72371292114258,592.0,0.0
77,0.0,1892.0,1.431766390800476,36.99,9.997273445129396,1815.0,0.0,1367.0,0.1763291358947754,100.0,50.72371292114258,592.0,0.0
78,0.0,1892.0,1.2610433101654053,36.99,35.787296295166016,1792.0,0.0,1367.0,0.1655301600694656,100.0,50.65814971923828,444.0,0.0
79,0.0,1892.0,1.2610433101654053,36.99,35.787296295166016,1792.0,0.0,1367.0,0.1655301600694656,100.0,50.65814971923828,444.0,0.0
80,0.0,1892.0,1.2610433101654053,36.99,35.787296295166016,1792.0,0.0,1367.0,0.1655301600694656,100.0,50.65814971923828,444.0,0.0
81,0.0,1892.0,1.2610433101654053,36.99,35.787296295166016,1792.0,0.0,1367.0,0.1655301600694656,100.0,50.65814971923828,444.0,0.0
82,0.0,1892.0,1.2610433101654053,36.99,35.787296295166016,1792.0,0.0,1367.0,0.1655301600694656,100.0,50.65814971923828,444.0,0.0
83,0.0,1892.0,0.9876097440719604,36.99,35.59028625488281,1713.0,0.0,1367.0,0.1163724809885025,100.0,50.52995681762695,382.0,0.0
84,0.0,1892.0,0.9876097440719604,36.99,35.59028625488281,1713.0,0.0,1367.0,0.1163724809885025,100.0,50.52995681762695,382.0,0.0
85,0.0,1892.0,0.9876097440719604,36.99,35.59028625488281,1713.0,0.0,1367.0,0.1163724809885025,100.0,50.52995681762695,382.0,0.0
86,0.0,1892.0,0.9876097440719604,36.99,35.59028625488281,1713.0,0.0,1367.0,0.1163724809885025,100.0,50.52995681762695,382.0,0.0
87,0.0,1892.0,0.9876097440719604,36.99,35.59028625488281,1713.0,0.0,1367.0,0.1163724809885025,100.0,50.52995681762695,382.0,0.0
88,0.0,1892.0,1.4369046688079834,36.99,9.96290111541748,1828.0,0.0,1367.0,0.1580010950565338,100.0,50.3643798828125,444.0,0.0
89,0.0,1892.0,1.4369046688079834,36.99,9.96290111541748,1828.0,0.0,1367.0,0.1580010950565338,100.0,50.3643798828125,444.0,0.0
90,0.0,1892.0,1.4369046688079834,36.99,9.96290111541748,1828.0,0.0,1367.0,0.1580010950565338,100.0,50.3643798828125,444.0,0.0
91,0.0,1892.0,1.4369046688079834,36.99,9.96290111541748,1828.0,0.0,1367.0,0.1580010950565338,100.0,50.3643798828125,444.0,0.0
92,0.0,1892.0,1.4369046688079834,36.99,9.96290111541748,1828.0,0.0,1367.0,0.1580010950565338,100.0,50.3643798828125,444.0,0.0
93,0.0,1892.0,1.4369046688079834,36.99,9.96290111541748,1828.0,0.0,1367.0,0.1580010950565338,100.0,50.3643798828125,444.0,0.0
94,0.0,1892.0,0.7889015674591064,36.99,9.973958969116213,1752.0,0.0,1367.0,0.1007091104984283,100.0,50.27539825439453,525.0,0.0
95,0.0,1892.0,0.7889015674591064,36.99,9.973958969116213,1752.0,0.0,1367.0,0.1007091104984283,100.0,50.27539825439453,525.0,0.0
96,0.0,1892.0,0.7889015674591064,36.99,9.973958969116213,1752.0,0.0,1367.0,0.1007091104984283,100.0,50.27539825439453,525.0,0.0
97,0.0,1892.0,0.7889015674591064,36.99,9.973958969116213,1752.0,0.0,1367.0,0.1007091104984283,100.0,50.27539825439453,525.0,0.0
98,0.0,1892.0,0.7889015674591064,36.99,9.973958969116213,1752.0,0.0,1367.0,0.1007091104984283,100.0,50.27539825439453,525.0,0.0
99,0.0,1892.0,0.6712430119514465,36.99,9.915972709655762,1578.0,0.0,1367.0,0.0636733472347259,100.0,49.98057174682617,401.0,0.0
100,0.0,1892.0,0.6712430119514465,36.99,9.915972709655762,1578.0,0.0,1367.0,0.0636733472347259,100.0,49.98057174682617,401.0,0.0
101,0.0,1892.0,0.6712430119514465,36.99,9.915972709655762,1578.0,0.0,1367.0,0.0636733472347259,100.0,49.98057174682617,401.0,0.0
102,0.0,1892.0,0.6712430119514465,36.99,9.915972709655762,1578.0,0.0,1367.0,0.0636733472347259,100.0,49.98057174682617,401.0,0.0
103,0.0,1892.0,0.6712430119514465,36.99,9.915972709655762,1578.0,0.0,1367.0,0.0636733472347259,100.0,49.98057174682617,401.0,0.0
104,0.0,1892.0,1.1344478130340576,36.99,35.3643913269043,2013.0,0.0,1367.0,0.1268246322870254,100.0,49.9425048828125,447.0,0.0
105,0.0,1892.0,1.1344478130340576,36.99,35.3643913269043,2013.0,0.0,1367.0,0.1268246322870254,100.0,49.9425048828125,447.0,0.0
106,0.0,1892.0,1.1344478130340576,36.99,35.3643913269043,2013.0,0.0,1367.0,0.1268246322870254,100.0,49.9425048828125,447.0,0.0
107,0.0,1892.0,1.1344478130340576,36.99,35.3643913269043,2013.0,0.0,1367.0,0.1268246322870254,100.0,49.9425048828125,447.0,0.0
108,0.0,1892.0,1.1344478130340576,36.99,35.3643913269043,2013.0,0.0,1367.0,0.1268246322870254,100.0,49.9425048828125,447.0,0.0
109,0.0,1892.0,1.175337314605713,36.99,35.45418167114258,2019.0,0.0,1367.0,0.15558522939682,100.0,49.88294219970703,487.0,0.0
110,0.0,1892.0,1.175337314605713,36.99,35.45418167114258,2019.0,0.0,1367.0,0.15558522939682,100.0,49.88294219970703,487.0,0.0
111,0.0,1892.0,1.175337314605713,36.99,35.45418167114258,2019.0,0.0,1367.0,0.15558522939682,100.0,49.88294219970703,487.0,0.0
112,0.0,1892.0,1.175337314605713,36.99,35.45418167114258,2019.0,0.0,1367.0,0.15558522939682,100.0,49.88294219970703,487.0,0.0
113,0.0,1892.0,1.175337314605713,36.99,35.45418167114258,2019.0,0.0,1367.0,0.15558522939682,100.0,49.88294219970703,487.0,0.0
114,0.0,1892.0,1.175337314605713,36.99,35.45418167114258,2019.0,0.0,1367.0,0.15558522939682,100.0,49.88294219970703,487.0,0.0
115,0.0,1892.0,0.7904079556465149,36.99,9.900492668151855,1844.0,0.0,1367.0,0.1158236935734748,100.0,49.776893615722656,444.0,0.0
116,0.0,1892.0,0.7904079556465149,36.99,9.900492668151855,1844.0,0.0,1367.0,0.1158236935734748,100.0,49.776893615722656,444.0,0.0
117,0.0,1892.0,0.7904079556465149,36.99,9.900492668151855,1844.0,0.0,1367.0,0.1158236935734748,100.0,49.776893615722656,444.0,0.0
118,0.0,1892.0,0.7904079556465149,36.99,9.900492668151855,1844.0,0.0,1367.0,0.1158236935734748,100.0,49.776893615722656,444.0,0.0
119,0.0,1892.0,0.7904079556465149,36.99,9.900492668151855,1844.0,0.0,1367.0,0.1158236935734748,100.0,49.776893615722656,444.0,0.0
120,0.0,1892.0,0.9099050760269164,36.99,34.99074935913086,1961.0,0.0,1367.0,0.1716484129428863,100.0,49.705360412597656,528.0,0.0
121,0.0,1892.0,0.9099050760269164,36.99,34.99074935913086,1961.0,0.0,1367.0,0.1716484129428863,100.0,49.705360412597656,528.0,0.0
122,0.0,1892.0,0.9099050760269164,36.99,34.99074935913086,1961.0,0.0,1367.0,0.1716484129428863,100.0,49.705360412597656,528.0,0.0
123,0.0,1892.0,0.9099050760269164,36.99,34.99074935913086,1961.0,0.0,1367.0,0.1716484129428863,100.0,49.705360412597656,528.0,0.0
124,0.0,1892.0,0.9099050760269164,36.99,34.99074935913086,1961.0,0.0,1367.0,0.1716484129428863,100.0,49.705360412597656,528.0,0.0
125,0.0,1892.0,0.9256779551506042,36.99,35.104339599609375,1897.0,0.0,1367.0,0.1625675410032272,100.0,49.65053176879883,444.0,0.0
126,0.0,1892.0,0.9256779551506042,36.99,35.104339599609375,1897.0,0.0,1367.0,0.1625675410032272,100.0,49.65053176879883,444.0,0.0
127,0.0,1892.0,0.9256779551506042,36.99,35.104339599609375,1897.0,0.0,1367.0,0.1625675410032272,100.0,49.65053176879883,444.0,0.0
128,0.0,1892.0,0.9256779551506042,36.99,35.104339599609375,1897.0,0.0,1367.0,0.1625675410032272,100.0,49.65053176879883,444.0,0.0
129,0.0,1892.0,0.9256779551506042,36.99,35.104339599609375,1897.0,0.0,1367.0,0.1625675410032272,100.0,49.65053176879883,444.0,0.0
130,0.0,1892.0,0.4498315453529358,36.99,9.855040550231934,1914.0,0.0,1367.0,0.0543488450348377,100.0,49.54214859008789,469.0,0.0
131,0.0,1892.0,0.4498315453529358,36.99,9.855040550231934,1914.0,0.0,1367.0,0.0543488450348377,100.0,49.54214859008789,469.0,0.0
132,0.0,1892.0,0.4498315453529358,36.99,9.855040550231934,1914.0,0.0,1367.0,0.0543488450348377,100.0,49.54214859008789,469.0,0.0
133,0.0,1892.0,0.4498315453529358,36.99,9.855040550231934,1914.0,0.0,1367.0,0.0543488450348377,100.0,49.54214859008789,469.0,0.0
134,0.0,1892.0,0.4498315453529358,36.99,9.855040550231934,1914.0,0.0,1367.0,0.0543488450348377,100.0,49.54214859008789,469.0,0.0
135,0.0,1892.0,0.5204753279685974,36.99,9.863761901855469,1978.0,0.0,1367.0,0.0475431904196739,100.0,49.36229705810547,444.0,0.0
136,0.0,1892.0,0.5204753279685974,36.99,9.863761901855469,1978.0,0.0,1367.0,0.0475431904196739,100.0,49.36229705810547,444.0,0.0
137,0.0,1892.0,0.5204753279685974,36.99,9.863761901855469,1978.0,0.0,1367.0,0.0475431904196739,100.0,49.36229705810547,444.0,0.0
138,0.0,1892.0,0.5204753279685974,36.99,9.863761901855469,1978.0,0.0,1367.0,0.0475431904196739,100.0,49.36229705810547,444.0,0.0
139,0.0,1892.0,0.5204753279685974,36.99,9.863761901855469,1978.0,0.0,1367.0,0.0475431904196739,100.0,49.36229705810547,444.0,0.0
140,0.0,1892.0,0.5204753279685974,36.99,9.863761901855469,1978.0,0.0,1367.0,0.0475431904196739,100.0,49.36229705810547,444.0,0.0
141,0.0,1892.0,2.185018539428711,36.99,9.858296394348145,1906.0,0.0,1367.0,0.1014841496944427,100.0,49.26320266723633,489.0,0.0
142,0.0,1892.0,2.185018539428711,36.99,9.858296394348145,1906.0,0.0,1367.0,0.1014841496944427,100.0,49.26320266723633,489.0,0.0
143,0.0,1892.0,2.185018539428711,36.99,9.858296394348145,1906.0,0.0,1367.0,0.1014841496944427,100.0,49.26320266723633,489.0,0.0
144,0.0,1892.0,2.185018539428711,36.99,9.858296394348145,1906.0,0.0,1367.0,0.1014841496944427,100.0,49.26320266723633,489.0,0.0
145,0.0,1892.0,2.185018539428711,36.99,9.858296394348145,1906.0,0.0,1367.0,0.1014841496944427,100.0,49.26320266723633,489.0,0.0
146,0.0,1892.0,0.3906181454658508,36.99,36.4679069519043,1855.0,0.0,1367.0,0.070520281791687,100.0,49.34210205078125,458.0,0.0
147,0.0,1892.0,0.3906181454658508,36.99,36.4679069519043,1855.0,0.0,1367.0,0.070520281791687,100.0,49.34210205078125,458.0,0.0
148,0.0,1892.0,0.3906181454658508,36.99,36.4679069519043,1855.0,0.0,1367.0,0.070520281791687,100.0,49.34210205078125,458.0,0.0
149,0.0,1892.0,0.3906181454658508,36.99,36.4679069519043,1855.0,0.0,1367.0,0.070520281791687,100.0,49.34210205078125,458.0,0.0
150,0.0,1892.0,0.3906181454658508,36.99,36.4679069519043,1855.0,0.0,1367.0,0.070520281791687,100.0,49.34210205078125,458.0,0.0
151,0.0,1892.0,0.5184082388877869,36.99,9.818048477172852,1989.0,0.0,1367.0,0.1058658733963966,100.0,49.12837600708008,469.0,0.0
152,0.0,1892.0,0.5184082388877869,36.99,9.818048477172852,1989.0,0.0,1367.0,0.1058658733963966,100.0,49.12837600708008,469.0,0.0
153,0.0,1892.0,0.5184082388877869,36.99,9.818048477172852,1989.0,0.0,1367.0,0.1058658733963966,100.0,49.12837600708008,469.0,0.0
154,0.0,1892.0,0.5184082388877869,36.99,9.818048477172852,1989.0,0.0,1367.0,0.1058658733963966,100.0,49.12837600708008,469.0,0.0
155,0.0,1892.0,0.5184082388877869,36.99,9.818048477172852,1989.0,0.0,1367.0,0.1058658733963966,100.0,49.12837600708008,469.0,0.0
156,0.0,1892.0,0.5696491003036499,36.99,34.43738555908203,1965.0,0.0,1367.0,0.0961526185274124,100.0,49.07181167602539,444.0,0.0
157,0.0,1892.0,0.5696491003036499,36.99,34.43738555908203,1965.0,0.0,1367.0,0.0961526185274124,100.0,49.07181167602539,444.0,0.0
158,0.0,1892.0,0.5696491003036499,36.99,34.43738555908203,1965.0,0.0,1367.0,0.0961526185274124,100.0,49.07181167602539,444.0,0.0
159,0.0,1892.0,0.5696491003036499,36.99,34.43738555908203,1965.0,0.0,1367.0,0.0961526185274124,100.0,49.07181167602539,444.0,0.0
160,0.0,1892.0,0.5696491003036499,36.99,34.43738555908203,1965.0,0.0,1367.0,0.0961526185274124,100.0,49.07181167602539,444.0,0.0
161,0.0,1892.0,0.736514687538147,36.99,34.31621170043945,2106.0,0.0,1367.0,0.118087038397789,100.0,48.97377014160156,512.0,0.0
162,0.0,1892.0,0.736514687538147,36.99,34.31621170043945,2106.0,0.0,1367.0,0.118087038397789,100.0,48.97377014160156,512.0,0.0
163,0.0,1892.0,0.736514687538147,36.99,34.31621170043945,2106.0,0.0,1367.0,0.118087038397789,100.0,48.97377014160156,512.0,0.0
164,0.0,1892.0,0.736514687538147,36.99,34.31621170043945,2106.0,0.0,1367.0,0.118087038397789,100.0,48.97377014160156,512.0,0.0
165,0.0,1892.0,0.736514687538147,36.99,34.31621170043945,2106.0,0.0,1367.0,0.118087038397789,100.0,48.97377014160156,512.0,0.0
166,0.0,1892.0,0.736514687538147,36.99,34.31621170043945,2106.0,0.0,1367.0,0.118087038397789,100.0,48.97377014160156,512.0,0.0
167,0.0,1892.0,2.330432176589966,36.99,34.5461540222168,2388.0,0.0,1367.0,0.1297746449708938,100.0,48.929718017578125,468.0,0.0
168,0.0,1892.0,2.330432176589966,36.99,34.5461540222168,2388.0,0.0,1367.0,0.1297746449708938,100.0,48.929718017578125,468.0,0.0
169,0.0,1892.0,2.330432176589966,36.99,34.5461540222168,2388.0,0.0,1367.0,0.1297746449708938,100.0,48.929718017578125,468.0,0.0
170,0.0,1892.0,2.330432176589966,36.99,34.5461540222168,2388.0,0.0,1367.0,0.1297746449708938,100.0,48.929718017578125,468.0,0.0
171,0.0,1892.0,2.330432176589966,36.99,34.5461540222168,2388.0,0.0,1367.0,0.1297746449708938,100.0,48.929718017578125,468.0,0.0
172,0.0,1892.0,1.0321491956710815,36.99,35.785430908203125,2120.0,0.0,1367.0,0.1389354616403579,100.0,49.026100158691406,444.0,0.0
173,0.0,1892.0,1.0321491956710815,36.99,35.785430908203125,2120.0,0.0,1367.0,0.1389354616403579,100.0,49.026100158691406,444.0,0.0
174,0.0,1892.0,1.0321491956710815,36.99,35.785430908203125,2120.0,0.0,1367.0,0.1389354616403579,100.0,49.026100158691406,444.0,0.0
175,0.0,1892.0,1.0321491956710815,36.99,35.785430908203125,2120.0,0.0,1367.0,0.1389354616403579,100.0,49.026100158691406,444.0,0.0
176,0.0,1892.0,1.0321491956710815,36.99,35.785430908203125,2120.0,0.0,1367.0,0.1389354616403579,100.0,49.026100158691406,444.0,0.0
177,0.0,1892.0,1.105488896369934,36.99,34.71226119995117,1786.0,0.0,1367.0,0.1425775736570358,100.0,48.96540451049805,472.0,0.0
178,0.0,1892.0,1.105488896369934,36.99,34.71226119995117,1786.0,0.0,1367.0,0.1425775736570358,100.0,48.96540451049805,472.0,0.0
179,0.0,1892.0,1.105488896369934,36.99,34.71226119995117,1786.0,0.0,1367.0,0.1425775736570358,100.0,48.96540451049805,472.0,0.0
180,0.0,1892.0,1.105488896369934,36.99,34.71226119995117,1786.0,0.0,1367.0,0.1425775736570358,100.0,48.96540451049805,472.0,0.0
181,0.0,1892.0,1.105488896369934,36.99,34.71226119995117,1786.0,0.0,1367.0,0.1425775736570358,100.0,48.96540451049805,472.0,0.0
182,0.0,1892.0,0.973743200302124,36.99,34.58652877807617,1946.0,0.0,1367.0,0.2000275254249572,100.0,48.9019660949707,506.0,0.0
183,0.0,1892.0,0.973743200302124,36.99,34.58652877807617,1946.0,0.0,1367.0,0.2000275254249572,100.0,48.9019660949707,506.0,0.0
184,0.0,1892.0,0.973743200302124,36.99,34.58652877807617,1946.0,0.0,1367.0,0.2000275254249572,100.0,48.9019660949707,506.0,0.0
185,0.0,1892.0,0.973743200302124,36.99,34.58652877807617,1946.0,0.0,1367.0,0.2000275254249572,100.0,48.9019660949707,506.0,0.0
186,0.0,1892.0,0.973743200302124,36.99,34.58652877807617,1946.0,0.0,1367.0,0.2000275254249572,100.0,48.9019660949707,506.0,0.0
187,0.0,1892.0,0.973743200302124,36.99,34.58652877807617,1946.0,0.0,1367.0,0.2000275254249572,100.0,48.9019660949707,506.0,0.0
188,0.0,1892.0,0.8996827602386475,36.99,34.384464263916016,2059.0,0.0,1367.0,0.1647323369979858,100.0,48.736717224121094,444.0,0.0
189,0.0,1892.0,0.8996827602386475,36.99,34.384464263916016,2059.0,0.0,1367.0,0.1647323369979858,100.0,48.736717224121094,444.0,0.0
190,0.0,1892.0,0.8996827602386475,36.99,34.384464263916016,2059.0,0.0,1367.0,0.1647323369979858,100.0,48.736717224121094,444.0,0.0
191,0.0,1892.0,0.8996827602386475,36.99,34.384464263916016,2059.0,0.0,1367.0,0.1647323369979858,100.0,48.736717224121094,444.0,0.0
192,0.0,1892.0,0.8996827602386475,36.99,34.384464263916016,2059.0,0.0,1367.0,0.1647323369979858,100.0,48.736717224121094,444.0,0.0
193,0.0,1892.0,0.6387683749198914,36.99,9.781794548034668,1726.0,0.0,1367.0,0.1263020634651184,100.0,48.63031768798828,505.0,0.0
194,0.0,1892.0,0.6387683749198914,36.99,9.781794548034668,1726.0,0.0,1367.0,0.1263020634651184,100.0,48.63031768798828,505.0,0.0
195,0.0,1892.0,0.6387683749198914,36.99,9.781794548034668,1726.0,0.0,1367.0,0.1263020634651184,100.0,48.63031768798828,505.0,0.0
196,0.0,1892.0,0.6387683749198914,36.99,9.781794548034668,1726.0,0.0,1367.0,0.1263020634651184,100.0,48.63031768798828,505.0,0.0
197,0.0,1892.0,0.6387683749198914,36.99,9.781794548034668,1726.0,0.0,1367.0,0.1263020634651184,100.0,48.63031768798828,505.0,0.0
198,0.0,1892.0,0.461825281381607,36.99,9.798184394836426,1802.0,0.0,1367.0,0.0877992361783981,100.0,48.55238723754883,333.0,0.0
199,0.0,1892.0,0.461825281381607,36.99,9.798184394836426,1802.0,0.0,1367.0,0.0877992361783981,100.0,48.55238723754883,333.0,0.0
200,0.0,1892.0,0.461825281381607,36.99,9.798184394836426,1802.0,0.0,1367.0,0.0877992361783981,100.0,48.55238723754883,333.0,0.0
201,0.0,1892.0,0.461825281381607,36.99,9.798184394836426,1802.0,0.0,1367.0,0.0877992361783981,100.0,48.55238723754883,333.0,0.0
202,0.0,1892.0,0.461825281381607,36.99,9.798184394836426,1802.0,0.0,1367.0,0.0877992361783981,100.0,48.55238723754883,333.0,0.0
203,0.0,1892.0,0.7582933902740479,36.99,9.79323673248291,1866.0,0.0,1367.0,0.0765177756547927,100.0,48.45534896850586,384.0,0.0
204,0.0,1892.0,0.7582933902740479,36.99,9.79323673248291,1866.0,0.0,1367.0,0.0765177756547927,100.0,48.45534896850586,384.0,0.0
205,0.0,1892.0,0.7582933902740479,36.99,9.79323673248291,1866.0,0.0,1367.0,0.0765177756547927,100.0,48.45534896850586,384.0,0.0
206,0.0,1892.0,0.7582933902740479,36.99,9.79323673248291,1866.0,0.0,1367.0,0.0765177756547927,100.0,48.45534896850586,384.0,0.0
207,0.0,1892.0,0.7582933902740479,36.99,9.79323673248291,1866.0,0.0,1367.0,0.0765177756547927,100.0,48.45534896850586,384.0,0.0
208,0.0,1892.0,0.5890424251556396,36.99,33.8514289855957,1813.0,0.0,1367.0,0.1212902516126632,100.0,48.34391784667969,464.0,0.0
209,0.0,1892.0,0.5890424251556396,36.99,33.8514289855957,1813.0,0.0,1367.0,0.1212902516126632,100.0,48.34391784667969,464.0,0.0
210,0.0,1892.0,0.5890424251556396,36.99,33.8514289855957,1813.0,0.0,1367.0,0.1212902516126632,100.0,48.34391784667969,464.0,0.0
211,0.0,1892.0,0.5890424251556396,36.99,33.8514289855957,1813.0,0.0,1367.0,0.1212902516126632,100.0,48.34391784667969,464.0,0.0
212,0.0,1892.0,0.5890424251556396,36.99,33.8514289855957,1813.0,0.0,1367.0,0.1212902516126632,100.0,48.34391784667969,464.0,0.0
213,0.0,1892.0,0.5890424251556396,36.99,33.8514289855957,1813.0,0.0,1367.0,0.1212902516126632,100.0,48.34391784667969,464.0,0.0
214,0.0,1892.0,0.5893431901931763,36.99,9.76499080657959,1722.0,0.0,1367.0,0.0917652025818824,100.0,48.27203369140625,536.0,0.0
215,0.0,1892.0,0.5893431901931763,36.99,9.76499080657959,1722.0,0.0,1367.0,0.0917652025818824,100.0,48.27203369140625,536.0,0.0
216,0.0,1892.0,0.5893431901931763,36.99,9.76499080657959,1722.0,0.0,1367.0,0.0917652025818824,100.0,48.27203369140625,536.0,0.0
217,0.0,1892.0,0.5893431901931763,36.99,9.76499080657959,1722.0,0.0,1367.0,0.0917652025818824,100.0,48.27203369140625,536.0,0.0
218,0.0,1892.0,0.5893431901931763,36.99,9.76499080657959,1722.0,0.0,1367.0,0.0917652025818824,100.0,48.27203369140625,536.0,0.0
219,0.0,1892.0,0.6155267953872681,36.99,9.756153106689451,1819.0,0.0,1367.0,0.1071163564920425,100.0,48.202369689941406,444.0,0.0
220,0.0,1892.0,0.6155267953872681,36.99,9.756153106689451,1819.0,0.0,1367.0,0.1071163564920425,100.0,48.202369689941406,444.0,0.0
221,0.0,1892.0,0.6155267953872681,36.99,9.756153106689451,1819.0,0.0,1367.0,0.1071163564920425,100.0,48.202369689941406,444.0,0.0
222,0.0,1892.0,0.6155267953872681,36.99,9.756153106689451,1819.0,0.0,1367.0,0.1071163564920425,100.0,48.202369689941406,444.0,0.0
223,0.0,1892.0,0.6155267953872681,36.99,9.756153106689451,1819.0,0.0,1367.0,0.1071163564920425,100.0,48.202369689941406,444.0,0.0
224,0.0,1892.0,0.6353781223297119,36.99,33.925045013427734,1872.0,0.0,1367.0,0.1151294782757759,100.0,48.15503692626953,444.0,0.0
225,0.0,1892.0,0.6353781223297119,36.99,33.925045013427734,1872.0,0.0,1367.0,0.1151294782757759,100.0,48.15503692626953,444.0,0.0
226,0.0,1892.0,0.6353781223297119,36.99,33.925045013427734,1872.0,0.0,1367.0,0.1151294782757759,100.0,48.15503692626953,444.0,0.0
227,0.0,1892.0,0.6353781223297119,36.99,33.925045013427734,1872.0,0.0,1367.0,0.1151294782757759,100.0,48.15503692626953,444.0,0.0
228,0.0,1892.0,0.6353781223297119,36.99,33.925045013427734,1872.0,0.0,1367.0,0.1151294782757759,100.0,48.15503692626953,444.0,0.0
229,0.0,1892.0,0.8592716455459595,36.99,9.747468948364258,1726.0,0.0,1367.0,0.1224329620599746,100.0,48.097145080566406,483.0,0.0
230,0.0,1892.0,0.8592716455459595,36.99,9.747468948364258,1726.0,0.0,1367.0,0.1224329620599746,100.0,48.097145080566406,483.0,0.0
231,0.0,1892.0,0.8592716455459595,36.99,9.747468948364258,1726.0,0.0,1367.0,0.1224329620599746,100.0,48.097145080566406,483.0,0.0
232,0.0,1892.0,0.8592716455459595,36.99,9.747468948364258,1726.0,0.0,1367.0,0.1224329620599746,100.0,48.097145080566406,483.0,0.0
233,0.0,1892.0,0.8592716455459595,36.99,9.747468948364258,1726.0,0.0,1367.0,0.1224329620599746,100.0,48.097145080566406,483.0,0.0
234,0.0,1892.0,1.1092697381973269,36.99,34.43766403198242,1748.0,0.0,1367.0,0.1352397799491882,100.0,48.08251190185547,488.0,0.0
235,0.0,1892.0,1.1092697381973269,36.99,34.43766403198242,1748.0,0.0,1367.0,0.1352397799491882,100.0,48.08251190185547,488.0,0.0
236,0.0,1892.0,1.1092697381973269,36.99,34.43766403198242,1748.0,0.0,1367.0,0.1352397799491882,100.0,48.08251190185547,488.0,0.0
237,0.0,1892.0,1.1092697381973269,36.99,34.43766403198242,1748.0,0.0,1367.0,0.1352397799491882,100.0,48.08251190185547,488.0,0.0
238,0.0,1892.0,1.1092697381973269,36.99,34.43766403198242,1748.0,0.0,1367.0,0.1352397799491882,100.0,48.08251190185547,488.0,0.0
239,0.0,1892.0,1.1092697381973269,36.99,34.43766403198242,1748.0,0.0,1367.0,0.1352397799491882,100.0,48.08251190185547,488.0,0.0
240,0.0,1892.0,1.2521599531173706,36.99,34.41633224487305,1839.0,0.0,1367.0,0.1514793932437896,100.0,48.08072280883789,476.0,0.0
241,0.0,1892.0,1.2521599531173706,36.99,34.41633224487305,1839.0,0.0,1367.0,0.1514793932437896,100.0,48.08072280883789,476.0,0.0
242,0.0,1892.0,1.2521599531173706,36.99,34.41633224487305,1839.0,0.0,1367.0,0.1514793932437896,100.0,48.08072280883789,476.0,0.0
243,0.0,1892.0,1.2521599531173706,36.99,34.41633224487305,1839.0,0.0,1367.0,0.1514793932437896,100.0,48.08072280883789,476.0,0.0
244,0.0,1892.0,1.2521599531173706,36.99,34.41633224487305,1839.0,0.0,1367.0,0.1514793932437896,100.0,48.08072280883789,476.0,0.0
245,0.0,1892.0,0.4953081607818603,36.99,9.7742919921875,1762.0,0.0,1367.0,0.0748864114284515,100.0,48.04924011230469,581.0,0.0
246,0.0,1892.0,0.4953081607818603,36.99,9.7742919921875,1762.0,0.0,1367.0,0.0748864114284515,100.0,48.04924011230469,581.0,0.0
247,0.0,1892.0,0.4953081607818603,36.99,9.7742919921875,1762.0,0.0,1367.0,0.0748864114284515,100.0,48.04924011230469,581.0,0.0
248,0.0,1892.0,0.4953081607818603,36.99,9.7742919921875,1762.0,0.0,1367.0,0.0748864114284515,100.0,48.04924011230469,581.0,0.0
249,0.0,1892.0,0.4953081607818603,36.99,9.7742919921875,1762.0,0.0,1367.0,0.0748864114284515,100.0,48.04924011230469,581.0,0.0
250,0.0,1892.0,0.3707685172557831,36.99,33.87416458129883,1746.0,0.0,1367.0,0.059914756566286,100.0,47.95307922363281,494.0,0.0
251,0.0,1892.0,0.3707685172557831,36.99,33.87416458129883,1746.0,0.0,1367.0,0.059914756566286,100.0,47.95307922363281,494.0,0.0
252,0.0,1892.0,0.3707685172557831,36.99,33.87416458129883,1746.0,0.0,1367.0,0.059914756566286,100.0,47.95307922363281,494.0,0.0
253,0.0,1892.0,0.3707685172557831,36.99,33.87416458129883,1746.0,0.0,1367.0,0.059914756566286,100.0,47.95307922363281,494.0,0.0
254,0.0,1892.0,0.3707685172557831,36.99,33.87416458129883,1746.0,0.0,1367.0,0.059914756566286,100.0,47.95307922363281,494.0,0.0
255,0.0,1892.0,0.5511924624443054,36.99,9.733560562133787,1830.0,0.0,1367.0,0.0971920862793922,100.0,47.82432556152344,336.0,0.0
256,0.0,1892.0,0.5511924624443054,36.99,9.733560562133787,1830.0,0.0,1367.0,0.0971920862793922,100.0,47.82432556152344,336.0,0.0
257,0.0,1892.0,0.5511924624443054,36.99,9.733560562133787,1830.0,0.0,1367.0,0.0971920862793922,100.0,47.82432556152344,336.0,0.0
258,0.0,1892.0,0.5511924624443054,36.99,9.733560562133787,1830.0,0.0,1367.0,0.0971920862793922,100.0,47.82432556152344,336.0,0.0
259,0.0,1892.0,0.5511924624443054,36.99,9.733560562133787,1830.0,0.0,1367.0,0.0971920862793922,100.0,47.82432556152344,336.0,0.0
260,0.0,1892.0,0.6559876203536987,36.99,33.60489273071289,1933.0,0.0,1367.0,0.0810053348541259,100.0,47.77137756347656,573.0,0.0
261,0.0,1892.0,0.6559876203536987,36.99,33.60489273071289,1933.0,0.0,1367.0,0.0810053348541259,100.0,47.77137756347656,573.0,0.0
262,0.0,1892.0,0.6559876203536987,36.99,33.60489273071289,1933.0,0.0,1367.0,0.0810053348541259,100.0,47.77137756347656,573.0,0.0
263,0.0,1892.0,0.6559876203536987,36.99,33.60489273071289,1933.0,0.0,1367.0,0.0810053348541259,100.0,47.77137756347656,573.0,0.0
264,0.0,1892.0,0.6559876203536987,36.99,33.60489273071289,1933.0,0.0,1367.0,0.0810053348541259,100.0,47.77137756347656,573.0,0.0
265,0.0,1892.0,0.4469359219074249,36.99,9.74773406982422,1741.0,0.0,1367.0,0.063503511250019,100.0,47.7062873840332,506.0,0.0
266,0.0,1892.0,0.4469359219074249,36.99,9.74773406982422,1741.0,0.0,1367.0,0.063503511250019,100.0,47.7062873840332,506.0,0.0
267,0.0,1892.0,0.4469359219074249,36.99,9.74773406982422,1741.0,0.0,1367.0,0.063503511250019,100.0,47.7062873840332,506.0,0.0
268,0.0,1892.0,0.4469359219074249,36.99,9.74773406982422,1741.0,0.0,1367.0,0.063503511250019,100.0,47.7062873840332,506.0,0.0
269,0.0,1892.0,0.4469359219074249,36.99,9.74773406982422,1741.0,0.0,1367.0,0.063503511250019,100.0,47.7062873840332,506.0,0.0
270,0.0,1892.0,0.4469359219074249,36.99,9.74773406982422,1741.0,0.0,1367.0,0.063503511250019,100.0,47.7062873840332,506.0,0.0
271,0.0,1892.0,0.3268337547779083,36.99,22.13669204711914,1813.0,0.0,1367.0,0.0418022498488426,100.0,47.61436080932617,478.0,0.0
272,0.0,1892.0,0.3268337547779083,36.99,22.13669204711914,1813.0,0.0,1367.0,0.0418022498488426,100.0,47.61436080932617,478.0,0.0
273,0.0,1892.0,0.3268337547779083,36.99,22.13669204711914,1813.0,0.0,1367.0,0.0418022498488426,100.0,47.61436080932617,478.0,0.0
274,0.0,1892.0,0.3268337547779083,36.99,22.13669204711914,1813.0,0.0,1367.0,0.0418022498488426,100.0,47.61436080932617,478.0,0.0
275,0.0,1892.0,0.3268337547779083,36.99,22.13669204711914,1813.0,0.0,1367.0,0.0418022498488426,100.0,47.61436080932617,478.0,0.0
276,0.0,1892.0,0.5426872372627258,36.99,33.42243576049805,1862.0,0.0,1367.0,0.0780892446637153,100.0,47.48029327392578,451.0,0.0
277,0.0,1892.0,0.5426872372627258,36.99,33.42243576049805,1862.0,0.0,1367.0,0.0780892446637153,100.0,47.48029327392578,451.0,0.0
278,0.0,1892.0,0.5426872372627258,36.99,33.42243576049805,1862.0,0.0,1367.0,0.0780892446637153,100.0,47.48029327392578,451.0,0.0
279,0.0,1892.0,0.5426872372627258,36.99,33.42243576049805,1862.0,0.0,1367.0,0.0780892446637153,100.0,47.48029327392578,451.0,0.0
280,0.0,1892.0,0.5426872372627258,36.99,33.42243576049805,1862.0,0.0,1367.0,0.0780892446637153,100.0,47.48029327392578,451.0,0.0
281,0.0,1892.0,0.4054529070854187,36.99,9.704951286315918,1876.0,0.0,1367.0,0.057502269744873,100.0,47.440330505371094,562.0,0.0
282,0.0,1892.0,0.4054529070854187,36.99,9.704951286315918,1876.0,0.0,1367.0,0.057502269744873,100.0,47.440330505371094,562.0,0.0
283,0.0,1892.0,0.4054529070854187,36.99,9.704951286315918,1876.0,0.0,1367.0,0.057502269744873,100.0,47.440330505371094,562.0,0.0
284,0.0,1892.0,0.4054529070854187,36.99,9.704951286315918,1876.0,0.0,1367.0,0.057502269744873,100.0,47.440330505371094,562.0,0.0
285,0.0,1892.0,0.4054529070854187,36.99,9.704951286315918,1876.0,0.0,1367.0,0.057502269744873,100.0,47.440330505371094,562.0,0.0
286,0.0,1892.0,0.435682862997055,36.99,9.69907569885254,1715.0,0.0,1367.0,0.0672592520713806,100.0,47.403560638427734,343.0,0.0
287,0.0,1892.0,0.435682862997055,36.99,9.69907569885254,1715.0,0.0,1367.0,0.0672592520713806,100.0,47.403560638427734,343.0,0.0
288,0.0,1892.0,0.435682862997055,36.99,9.69907569885254,1715.0,0.0,1367.0,0.0672592520713806,100.0,47.403560638427734,343.0,0.0
289,0.0,1892.0,0.435682862997055,36.99,9.69907569885254,1715.0,0.0,1367.0,0.0672592520713806,100.0,47.403560638427734,343.0,0.0
290,0.0,1892.0,0.435682862997055,36.99,9.69907569885254,1715.0,0.0,1367.0,0.0672592520713806,100.0,47.403560638427734,343.0,0.0
291,0.0,1892.0,0.435682862997055,36.99,9.69907569885254,1715.0,0.0,1367.0,0.0672592520713806,100.0,47.403560638427734,343.0,0.0
292,0.0,1892.0,0.5021600127220154,36.99,37.768531799316406,1908.0,0.0,1367.0,0.0733049660921096,100.0,47.3360481262207,523.0,0.0
293,0.0,1892.0,0.5021600127220154,36.99,37.768531799316406,1908.0,0.0,1367.0,0.0733049660921096,100.0,47.3360481262207,523.0,0.0
294,0.0,1892.0,0.5021600127220154,36.99,37.768531799316406,1908.0,0.0,1367.0,0.0733049660921096,100.0,47.3360481262207,523.0,0.0
295,0.0,1892.0,0.5021600127220154,36.99,37.768531799316406,1908.0,0.0,1367.0,0.0733049660921096,100.0,47.3360481262207,523.0,0.0
296,0.0,1892.0,0.5021600127220154,36.99,37.768531799316406,1908.0,0.0,1367.0,0.0733049660921096,100.0,47.3360481262207,523.0,0.0
297,0.0,1892.0,0.5534731149673462,36.99,33.36175537109375,2003.0,0.0,1367.0,0.0600615888833999,100.0,47.29839324951172,576.0,0.0
298,0.0,1892.0,0.5534731149673462,36.99,33.36175537109375,2003.0,0.0,1367.0,0.0600615888833999,100.0,47.29839324951172,576.0,0.0
299,0.0,1892.0,0.5534731149673462,36.99,33.36175537109375,2003.0,0.0,1367.0,0.0600615888833999,100.0,47.29839324951172,576.0,0.0
300,0.0,1892.0,0.5534731149673462,36.99,33.36175537109375,2003.0,0.0,1367.0,0.0600615888833999,100.0,47.29839324951172,576.0,0.0
301,0.0,1892.0,0.5534731149673462,36.99,33.36175537109375,2003.0,0.0,1367.0,0.0600615888833999,100.0,47.29839324951172,576.0,0.0
302,0.0,1892.0,0.5946075916290283,36.99,33.217079162597656,1924.0,0.0,1367.0,0.0709280669689178,100.0,47.265968322753906,473.0,0.0
303,0.0,1892.0,0.5946075916290283,36.99,33.217079162597656,1924.0,0.0,1367.0,0.0709280669689178,100.0,47.265968322753906,473.0,0.0
304,0.0,1892.0,0.5946075916290283,36.99,33.217079162597656,1924.0,0.0,1367.0,0.0709280669689178,100.0,47.265968322753906,473.0,0.0
305,0.0,1892.0,0.5946075916290283,36.99,33.217079162597656,1924.0,0.0,1367.0,0.0709280669689178,100.0,47.265968322753906,473.0,0.0
306,0.0,1892.0,0.5946075916290283,36.99,33.217079162597656,1924.0,0.0,1367.0,0.0709280669689178,100.0,47.265968322753906,473.0,0.0
307,0.0,1892.0,0.5828221440315247,36.99,33.19343566894531,1945.0,0.0,1367.0,0.0657747462391853,100.0,47.239768981933594,461.0,0.0
308,0.0,1892.0,0.5828221440315247,36.99,33.19343566894531,1945.0,0.0,1367.0,0.0657747462391853,100.0,47.239768981933594,461.0,0.0
309,0.0,1892.0,0.5828221440315247,36.99,33.19343566894531,1945.0,0.0,1367.0,0.0657747462391853,100.0,47.239768981933594,461.0,0.0
310,0.0,1892.0,0.5828221440315247,36.99,33.19343566894531,1945.0,0.0,1367.0,0.0657747462391853,100.0,47.239768981933594,461.0,0.0
311,0.0,1892.0,0.5828221440315247,36.99,33.19343566894531,1945.0,0.0,1367.0,0.0657747462391853,100.0,47.239768981933594,461.0,0.0
312,0.0,1892.0,0.8900175094604492,36.99,33.42341995239258,1813.0,0.0,1367.0,0.1301212459802627,100.0,47.18976593017578,448.0,0.0
313,0.0,1892.0,0.8900175094604492,36.99,33.42341995239258,1813.0,0.0,1367.0,0.1301212459802627,100.0,47.18976593017578,448.0,0.0
314,0.0,1892.0,0.8900175094604492,36.99,33.42341995239258,1813.0,0.0,1367.0,0.1301212459802627,100.0,47.18976593017578,448.0,0.0
315,0.0,1892.0,0.8900175094604492,36.99,33.42341995239258,1813.0,0.0,1367.0,0.1301212459802627,100.0,47.18976593017578,448.0,0.0
316,0.0,1892.0,0.8900175094604492,36.99,33.42341995239258,1813.0,0.0,1367.0,0.1301212459802627,100.0,47.18976593017578,448.0,0.0
317,0.0,1892.0,0.8900175094604492,36.99,33.42341995239258,1813.0,0.0,1367.0,0.1301212459802627,100.0,47.18976593017578,448.0,0.0
318,0.0,1892.0,0.3407743871212005,36.99,9.68380355834961,1676.0,0.0,1367.0,0.0456589758396148,100.0,47.23236083984375,444.0,0.0
319,0.0,1892.0,0.3407743871212005,36.99,9.68380355834961,1676.0,0.0,1367.0,0.0456589758396148,100.0,47.23236083984375,444.0,0.0
320,0.0,1892.0,0.3407743871212005,36.99,9.68380355834961,1676.0,0.0,1367.0,0.0456589758396148,100.0,47.23236083984375,444.0,0.0
321,0.0,1892.0,0.3407743871212005,36.99,9.68380355834961,1676.0,0.0,1367.0,0.0456589758396148,100.0,47.23236083984375,444.0,0.0
322,0.0,1892.0,0.3407743871212005,36.99,9.68380355834961,1676.0,0.0,1367.0,0.0456589758396148,100.0,47.23236083984375,444.0,0.0
323,0.0,1892.0,0.6528061032295227,36.99,9.686198234558104,2043.0,0.0,1367.0,0.0559304840862751,100.0,47.094608306884766,595.0,0.0
324,0.0,1892.0,0.6528061032295227,36.99,9.686198234558104,2043.0,0.0,1367.0,0.0559304840862751,100.0,47.094608306884766,595.0,0.0
325,0.0,1892.0,0.6528061032295227,36.99,9.686198234558104,2043.0,0.0,1367.0,0.0559304840862751,100.0,47.094608306884766,595.0,0.0
326,0.0,1892.0,0.6528061032295227,36.99,9.686198234558104,2043.0,0.0,1367.0,0.0559304840862751,100.0,47.094608306884766,595.0,0.0
327,0.0,1892.0,0.6528061032295227,36.99,9.686198234558104,2043.0,0.0,1367.0,0.0559304840862751,100.0,47.094608306884766,595.0,0.0
328,0.0,1892.0,2.345607280731201,36.99,33.276004791259766,2209.0,0.0,1367.0,0.0378679409623146,100.0,47.04368209838867,444.0,0.0
329,0.0,1892.0,2.345607280731201,36.99,33.276004791259766,2209.0,0.0,1367.0,0.0378679409623146,100.0,47.04368209838867,444.0,0.0
330,0.0,1892.0,2.345607280731201,36.99,33.276004791259766,2209.0,0.0,1367.0,0.0378679409623146,100.0,47.04368209838867,444.0,0.0
331,0.0,1892.0,2.345607280731201,36.99,33.276004791259766,2209.0,0.0,1367.0,0.0378679409623146,100.0,47.04368209838867,444.0,0.0
332,0.0,1892.0,2.345607280731201,36.99,33.276004791259766,2209.0,0.0,1367.0,0.0378679409623146,100.0,47.04368209838867,444.0,0.0
333,0.0,1892.0,2.040689468383789,36.99,35.179691314697266,1986.0,0.0,1367.0,0.0526139140129089,100.0,47.20223236083984,341.0,0.0
334,0.0,1892.0,2.040689468383789,36.99,35.179691314697266,1986.0,0.0,1367.0,0.0526139140129089,100.0,47.20223236083984,341.0,0.0
335,0.0,1892.0,2.040689468383789,36.99,35.179691314697266,1986.0,0.0,1367.0,0.0526139140129089,100.0,47.20223236083984,341.0,0.0
336,0.0,1892.0,2.040689468383789,36.99,35.179691314697266,1986.0,0.0,1367.0,0.0526139140129089,100.0,47.20223236083984,341.0,0.0
337,0.0,1892.0,2.040689468383789,36.99,35.179691314697266,1986.0,0.0,1367.0,0.0526139140129089,100.0,47.20223236083984,341.0,0.0
338,0.0,1892.0,2.981506109237671,36.99,9.725483894348145,1968.0,0.0,1367.0,0.247538074851036,100.0,47.581729888916016,646.0,0.0
339,0.0,1892.0,2.981506109237671,36.99,9.725483894348145,1968.0,0.0,1367.0,0.247538074851036,100.0,47.581729888916016,646.0,0.0
340,0.0,1892.0,2.981506109237671,36.99,9.725483894348145,1968.0,0.0,1367.0,0.247538074851036,100.0,47.581729888916016,646.0,0.0
341,0.0,1892.0,2.981506109237671,36.99,9.725483894348145,1968.0,0.0,1367.0,0.247538074851036,100.0,47.581729888916016,646.0,0.0
342,0.0,1892.0,2.981506109237671,36.99,9.725483894348145,1968.0,0.0,1367.0,0.247538074851036,100.0,47.581729888916016,646.0,0.0
343,0.0,1892.0,2.981506109237671,36.99,9.725483894348145,1968.0,0.0,1367.0,0.247538074851036,100.0,47.581729888916016,646.0,0.0
344,0.0,1892.0,1.8922333717346191,36.99,35.02543258666992,1868.0,0.0,1367.0,0.1136302277445793,100.0,47.51420211791992,520.0,0.0
345,0.0,1892.0,1.8922333717346191,36.99,35.02543258666992,1868.0,0.0,1367.0,0.1136302277445793,100.0,47.51420211791992,520.0,0.0
346,0.0,1892.0,1.8922333717346191,36.99,35.02543258666992,1868.0,0.0,1367.0,0.1136302277445793,100.0,47.51420211791992,520.0,0.0
347,0.0,1892.0,1.8922333717346191,36.99,35.02543258666992,1868.0,0.0,1367.0,0.1136302277445793,100.0,47.51420211791992,520.0,0.0
348,0.0,1892.0,1.8922333717346191,36.99,35.02543258666992,1868.0,0.0,1367.0,0.1136302277445793,100.0,47.51420211791992,520.0,0.0
349,0.0,1892.0,3.0306544303894043,36.99,34.13553237915039,2001.0,0.0,1367.0,0.0872642919421196,100.0,47.39961242675781,447.0,0.0
350,0.0,1892.0,3.0306544303894043,36.99,34.13553237915039,2001.0,0.0,1367.0,0.0872642919421196,100.0,47.39961242675781,447.0,0.0
351,0.0,1892.0,3.0306544303894043,36.99,34.13553237915039,2001.0,0.0,1367.0,0.0872642919421196,100.0,47.39961242675781,447.0,0.0
352,0.0,1892.0,3.0306544303894043,36.99,34.13553237915039,2001.0,0.0,1367.0,0.0872642919421196,100.0,47.39961242675781,447.0,0.0
353,0.0,1892.0,3.0306544303894043,36.99,34.13553237915039,2001.0,0.0,1367.0,0.0872642919421196,100.0,47.39961242675781,447.0,0.0
354,0.0,1892.0,2.472705602645874,36.99,35.64533996582031,1754.0,0.0,1367.0,0.2150322496891021,100.0,47.44175720214844,405.0,0.0
355,0.0,1892.0,2.472705602645874,36.99,35.64533996582031,1754.0,0.0,1367.0,0.2150322496891021,100.0,47.44175720214844,405.0,0.0
356,0.0,1892.0,2.472705602645874,36.99,35.64533996582031,1754.0,0.0,1367.0,0.2150322496891021,100.0,47.44175720214844,405.0,0.0
357,0.0,1892.0,2.472705602645874,36.99,35.64533996582031,1754.0,0.0,1367.0,0.2150322496891021,100.0,47.44175720214844,405.0,0.0
358,0.0,1892.0,2.472705602645874,36.99,35.64533996582031,1754.0,0.0,1367.0,0.2150322496891021,100.0,47.44175720214844,405.0,0.0
359,0.0,1892.0,7.021574974060059,36.99,35.481666564941406,2117.0,0.0,1367.0,0.1935423910617828,100.0,47.70035552978515,471.0,0.0
360,0.0,1892.0,7.021574974060059,36.99,35.481666564941406,2117.0,0.0,1367.0,0.1935423910617828,100.0,47.70035552978515,471.0,0.0
361,0.0,1892.0,7.021574974060059,36.99,35.481666564941406,2117.0,0.0,1367.0,0.1935423910617828,100.0,47.70035552978515,471.0,0.0
362,0.0,1892.0,7.021574974060059,36.99,35.481666564941406,2117.0,0.0,1367.0,0.1935423910617828,100.0,47.70035552978515,471.0,0.0
363,0.0,1892.0,7.021574974060059,36.99,35.481666564941406,2117.0,0.0,1367.0,0.1935423910617828,100.0,47.70035552978515,471.0,0.0
364,0.0,1892.0,4.707636833190918,36.99,36.417144775390625,2114.0,0.0,1367.0,0.5033044219017029,100.0,48.10955047607422,522.0,0.0
365,0.0,1892.0,4.707636833190918,36.99,36.417144775390625,2114.0,0.0,1367.0,0.5033044219017029,100.0,48.10955047607422,522.0,0.0
366,0.0,1892.0,4.707636833190918,36.99,36.417144775390625,2114.0,0.0,1367.0,0.5033044219017029,100.0,48.10955047607422,522.0,0.0
367,0.0,1892.0,4.707636833190918,36.99,36.417144775390625,2114.0,0.0,1367.0,0.5033044219017029,100.0,48.10955047607422,522.0,0.0
368,0.0,1892.0,4.707636833190918,36.99,36.417144775390625,2114.0,0.0,1367.0,0.5033044219017029,100.0,48.10955047607422,522.0,0.0
369,0.0,1892.0,1.6687500476837158,36.99,34.737579345703125,1921.0,0.0,1367.0,0.1618482172489166,100.0,48.05184173583984,508.0,0.0
370,0.0,1892.0,1.6687500476837158,36.99,34.737579345703125,1921.0,0.0,1367.0,0.1618482172489166,100.0,48.05184173583984,508.0,0.0
371,0.0,1892.0,1.6687500476837158,36.99,34.737579345703125,1921.0,0.0,1367.0,0.1618482172489166,100.0,48.05184173583984,508.0,0.0
372,0.0,1892.0,1.6687500476837158,36.99,34.737579345703125,1921.0,0.0,1367.0,0.1618482172489166,100.0,48.05184173583984,508.0,0.0
373,0.0,1892.0,1.6687500476837158,36.99,34.737579345703125,1921.0,0.0,1367.0,0.1618482172489166,100.0,48.05184173583984,508.0,0.0
374,0.0,1892.0,1.6687500476837158,36.99,34.737579345703125,1921.0,0.0,1367.0,0.1618482172489166,100.0,48.05184173583984,508.0,0.0
375,0.0,1892.0,5.09935188293457,36.99,36.4776725769043,1901.0,0.0,1367.0,0.3112438321113586,100.0,48.19169235229492,522.0,0.0
376,0.0,1892.0,5.09935188293457,36.99,36.4776725769043,1901.0,0.0,1367.0,0.3112438321113586,100.0,48.19169235229492,522.0,0.0
377,0.0,1892.0,5.09935188293457,36.99,36.4776725769043,1901.0,0.0,1367.0,0.3112438321113586,100.0,48.19169235229492,522.0,0.0
378,0.0,1892.0,5.09935188293457,36.99,36.4776725769043,1901.0,0.0,1367.0,0.3112438321113586,100.0,48.19169235229492,522.0,0.0
379,0.0,1892.0,5.09935188293457,36.99,36.4776725769043,1901.0,0.0,1367.0,0.3112438321113586,100.0,48.19169235229492,522.0,0.0
380,0.0,1892.0,3.2409310340881348,36.99,9.762261390686035,1766.0,0.0,1367.0,0.1856668293476104,100.0,48.20195770263672,385.0,0.0
381,0.0,1892.0,3.2409310340881348,36.99,9.762261390686035,1766.0,0.0,1367.0,0.1856668293476104,100.0,48.20195770263672,385.0,0.0
382,0.0,1892.0,3.2409310340881348,36.99,9.762261390686035,1766.0,0.0,1367.0,0.1856668293476104,100.0,48.20195770263672,385.0,0.0
383,0.0,1892.0,3.2409310340881348,36.99,9.762261390686035,1766.0,0.0,1367.0,0.1856668293476104,100.0,48.20195770263672,385.0,0.0
384,0.0,1892.0,3.2409310340881348,36.99,9.762261390686035,1766.0,0.0,1367.0,0.1856668293476104,100.0,48.20195770263672,385.0,0.0
385,0.0,1892.0,2.9237217903137207,36.99,36.655818939208984,1705.0,0.0,1367.0,0.234587550163269,100.0,48.52938079833984,611.0,0.0
386,0.0,1892.0,2.9237217903137207,36.99,36.655818939208984,1705.0,0.0,1367.0,0.234587550163269,100.0,48.52938079833984,611.0,0.0
387,0.0,1892.0,2.9237217903137207,36.99,36.655818939208984,1705.0,0.0,1367.0,0.234587550163269,100.0,48.52938079833984,611.0,0.0
388,0.0,1892.0,2.9237217903137207,36.99,36.655818939208984,1705.0,0.0,1367.0,0.234587550163269,100.0,48.52938079833984,611.0,0.0
389,0.0,1892.0,2.9237217903137207,36.99,36.655818939208984,1705.0,0.0,1367.0,0.234587550163269,100.0,48.52938079833984,611.0,0.0
390,0.0,1892.0,3.123487710952759,36.99,36.48810958862305,1849.0,0.0,1367.0,0.1712045669555664,100.0,48.288761138916016,430.0,0.0
391,0.0,1892.0,3.123487710952759,36.99,36.48810958862305,1849.0,0.0,1367.0,0.1712045669555664,100.0,48.288761138916016,430.0,0.0
392,0.0,1892.0,3.123487710952759,36.99,36.48810958862305,1849.0,0.0,1367.0,0.1712045669555664,100.0,48.288761138916016,430.0,0.0
393,0.0,1892.0,3.123487710952759,36.99,36.48810958862305,1849.0,0.0,1367.0,0.1712045669555664,100.0,48.288761138916016,430.0,0.0
394,0.0,1892.0,3.123487710952759,36.99,36.48810958862305,1849.0,0.0,1367.0,0.1712045669555664,100.0,48.288761138916016,430.0,0.0
395,0.0,1892.0,0.9705856442451476,36.99,9.762323379516602,1830.0,0.0,1367.0,0.0277711823582649,100.0,48.244850158691406,333.0,0.0
396,0.0,1892.0,0.9705856442451476,36.99,9.762323379516602,1830.0,0.0,1367.0,0.0277711823582649,100.0,48.244850158691406,333.0,0.0
397,0.0,1892.0,0.9705856442451476,36.99,9.762323379516602,1830.0,0.0,1367.0,0.0277711823582649,100.0,48.244850158691406,333.0,0.0
398,0.0,1892.0,0.9705856442451476,36.99,9.762323379516602,1830.0,0.0,1367.0,0.0277711823582649,100.0,48.244850158691406,333.0,0.0
399,0.0,1892.0,0.9705856442451476,36.99,9.762323379516602,1830.0,0.0,1367.0,0.0277711823582649,100.0,48.244850158691406,333.0,0.0
400,0.0,1892.0,3.0687522888183594,36.99,9.751843452453612,1749.0,0.0,1367.0,0.0713947415351867,100.0,47.86565017700195,333.0,0.0
401,0.0,1892.0,3.0687522888183594,36.99,9.751843452453612,1749.0,0.0,1367.0,0.0713947415351867,100.0,47.86565017700195,333.0,0.0
402,0.0,1892.0,3.0687522888183594,36.99,9.751843452453612,1749.0,0.0,1367.0,0.0713947415351867,100.0,47.86565017700195,333.0,0.0
403,0.0,1892.0,3.0687522888183594,36.99,9.751843452453612,1749.0,0.0,1367.0,0.0713947415351867,100.0,47.86565017700195,333.0,0.0
404,0.0,1892.0,3.0687522888183594,36.99,9.751843452453612,1749.0,0.0,1367.0,0.0713947415351867,100.0,47.86565017700195,333.0,0.0
405,0.0,1892.0,3.0687522888183594,36.99,9.751843452453612,1749.0,0.0,1367.0,0.0713947415351867,100.0,47.86565017700195,333.0,0.0
406,0.0,1892.0,0.9355350732803344,36.99,9.77439785003662,1724.0,0.0,1367.0,0.0363163203001022,100.0,48.10371017456055,373.0,0.0
407,0.0,1892.0,0.9355350732803344,36.99,9.77439785003662,1724.0,0.0,1367.0,0.0363163203001022,100.0,48.10371017456055,373.0,0.0
408,0.0,1892.0,0.9355350732803344,36.99,9.77439785003662,1724.0,0.0,1367.0,0.0363163203001022,100.0,48.10371017456055,373.0,0.0
409,0.0,1892.0,0.9355350732803344,36.99,9.77439785003662,1724.0,0.0,1367.0,0.0363163203001022,100.0,48.10371017456055,373.0,0.0
410,0.0,1892.0,0.9355350732803344,36.99,9.77439785003662,1724.0,0.0,1367.0,0.0363163203001022,100.0,48.10371017456055,373.0,0.0
411,0.0,1892.0,2.3714404106140137,36.99,9.744973182678224,1882.0,0.0,1367.0,0.3261926174163818,100.0,47.78816986083984,470.0,0.0
412,0.0,1892.0,2.3714404106140137,36.99,9.744973182678224,1882.0,0.0,1367.0,0.3261926174163818,100.0,47.78816986083984,470.0,0.0
413,0.0,1892.0,2.3714404106140137,36.99,9.744973182678224,1882.0,0.0,1367.0,0.3261926174163818,100.0,47.78816986083984,470.0,0.0
414,0.0,1892.0,2.3714404106140137,36.99,9.744973182678224,1882.0,0.0,1367.0,0.3261926174163818,100.0,47.78816986083984,470.0,0.0
415,0.0,1892.0,2.3714404106140137,36.99,9.744973182678224,1882.0,0.0,1367.0,0.3261926174163818,100.0,47.78816986083984,470.0,0.0
416,0.0,1892.0,3.363194465637207,36.99,35.56430435180664,1643.0,0.0,1367.0,0.4497691094875335,100.0,48.10765838623047,468.0,0.0
417,0.0,1892.0,3.363194465637207,36.99,35.56430435180664,1643.0,0.0,1367.0,0.4497691094875335,100.0,48.10765838623047,468.0,0.0
418,0.0,1892.0,3.363194465637207,36.99,35.56430435180664,1643.0,0.0,1367.0,0.4497691094875335,100.0,48.10765838623047,468.0,0.0
419,0.0,1892.0,3.363194465637207,36.99,35.56430435180664,1643.0,0.0,1367.0,0.4497691094875335,100.0,48.10765838623047,468.0,0.0
420,0.0,1892.0,3.363194465637207,36.99,35.56430435180664,1643.0,0.0,1367.0,0.4497691094875335,100.0,48.10765838623047,468.0,0.0
421,0.0,1892.0,0.570059061050415,36.99,35.13432312011719,2072.0,0.0,1367.0,0.0067488015629351,100.0,48.28761291503906,222.0,0.0
422,0.0,1892.0,0.570059061050415,36.99,35.13432312011719,2072.0,0.0,1367.0,0.0067488015629351,100.0,48.28761291503906,222.0,0.0
423,0.0,1892.0,0.570059061050415,36.99,35.13432312011719,2072.0,0.0,1367.0,0.0067488015629351,100.0,48.28761291503906,222.0,0.0
424,0.0,1892.0,0.570059061050415,36.99,35.13432312011719,2072.0,0.0,1367.0,0.0067488015629351,100.0,48.28761291503906,222.0,0.0
425,0.0,1892.0,0.570059061050415,36.99,35.13432312011719,2072.0,0.0,1367.0,0.0067488015629351,100.0,48.28761291503906,222.0,0.0
426,0.0,1892.0,0.570059061050415,36.99,35.13432312011719,2072.0,0.0,1367.0,0.0067488015629351,100.0,48.28761291503906,222.0,0.0
427,0.0,1892.0,0.6206660270690918,36.99,33.58926010131836,1686.0,0.0,1367.0,0.0002000692329602,100.0,47.796443939208984,111.0,0.0
428,0.0,1892.0,0.6206660270690918,36.99,33.58926010131836,1686.0,0.0,1367.0,0.0002000692329602,100.0,47.796443939208984,111.0,0.0
429,0.0,1892.0,0.6206660270690918,36.99,33.58926010131836,1686.0,0.0,1367.0,0.0002000692329602,100.0,47.796443939208984,111.0,0.0
430,0.0,1892.0,0.6206660270690918,36.99,33.58926010131836,1686.0,0.0,1367.0,0.0002000692329602,100.0,47.796443939208984,111.0,0.0
431,0.0,1892.0,0.6206660270690918,36.99,33.58926010131836,1686.0,0.0,1367.0,0.0002000692329602,100.0,47.796443939208984,111.0,0.0
432,0.0,1892.0,1.4734926223754885,36.99,9.746671676635742,1708.0,0.0,1367.0,0.1542641967535019,100.0,47.51506423950195,500.0,0.0
433,0.0,1892.0,1.4734926223754885,36.99,9.746671676635742,1708.0,0.0,1367.0,0.1542641967535019,100.0,47.51506423950195,500.0,0.0
434,0.0,1892.0,1.4734926223754885,36.99,9.746671676635742,1708.0,0.0,1367.0,0.1542641967535019,100.0,47.51506423950195,500.0,0.0
435,0.0,1892.0,1.4734926223754885,36.99,9.746671676635742,1708.0,0.0,1367.0,0.1542641967535019,100.0,47.51506423950195,500.0,0.0
436,0.0,1892.0,1.4734926223754885,36.99,9.746671676635742,1708.0,0.0,1367.0,0.1542641967535019,100.0,47.51506423950195,500.0,0.0
437,0.0,1892.0,0.8983217477798462,36.99,34.26679611206055,1785.0,0.0,1367.0,0.026151817291975,100.0,47.64575958251953,333.0,0.0
438,0.0,1892.0,0.8983217477798462,36.99,34.26679611206055,1785.0,0.0,1367.0,0.026151817291975,100.0,47.64575958251953,333.0,0.0
439,0.0,1892.0,0.8983217477798462,36.99,34.26679611206055,1785.0,0.0,1367.0,0.026151817291975,100.0,47.64575958251953,333.0,0.0
440,0.0,1892.0,0.8983217477798462,36.99,34.26679611206055,1785.0,0.0,1367.0,0.026151817291975,100.0,47.64575958251953,333.0,0.0
441,0.0,1892.0,0.8983217477798462,36.99,34.26679611206055,1785.0,0.0,1367.0,0.026151817291975,100.0,47.64575958251953,333.0,0.0
442,0.0,1892.0,5.421840190887451,36.99,34.256839752197266,1857.0,0.0,1367.0,0.1959737092256546,100.0,47.524322509765625,713.0,0.0
443,0.0,1892.0,5.421840190887451,36.99,34.256839752197266,1857.0,0.0,1367.0,0.1959737092256546,100.0,47.524322509765625,713.0,0.0
444,0.0,1892.0,5.421840190887451,36.99,34.256839752197266,1857.0,0.0,1367.0,0.1959737092256546,100.0,47.524322509765625,713.0,0.0
445,0.0,1892.0,5.421840190887451,36.99,34.256839752197266,1857.0,0.0,1367.0,0.1959737092256546,100.0,47.524322509765625,713.0,0.0
446,0.0,1892.0,5.421840190887451,36.99,34.256839752197266,1857.0,0.0,1367.0,0.1959737092256546,100.0,47.524322509765625,713.0,0.0
447,0.0,1892.0,2.671267509460449,36.99,54.68783950805664,1949.0,0.0,1367.0,0.2346997112035751,100.0,48.12388229370117,500.0,0.0
448,0.0,1892.0,2.671267509460449,36.99,54.68783950805664,1949.0,0.0,1367.0,0.2346997112035751,100.0,48.12388229370117,500.0,0.0
449,0.0,1892.0,2.671267509460449,36.99,54.68783950805664,1949.0,0.0,1367.0,0.2346997112035751,100.0,48.12388229370117,500.0,0.0
450,0.0,1892.0,2.671267509460449,36.99,54.68783950805664,1949.0,0.0,1367.0,0.2346997112035751,100.0,48.12388229370117,500.0,0.0
451,0.0,1892.0,2.671267509460449,36.99,54.68783950805664,1949.0,0.0,1367.0,0.2346997112035751,100.0,48.12388229370117,500.0,0.0
452,0.0,1892.0,1.9500503540039065,36.99,35.471553802490234,1739.0,0.0,1367.0,0.2046648859977722,100.0,48.03723907470703,415.0,0.0
453,0.0,1892.0,1.9500503540039065,36.99,35.471553802490234,1739.0,0.0,1367.0,0.2046648859977722,100.0,48.03723907470703,415.0,0.0
454,0.0,1892.0,1.9500503540039065,36.99,35.471553802490234,1739.0,0.0,1367.0,0.2046648859977722,100.0,48.03723907470703,415.0,0.0
455,0.0,1892.0,1.9500503540039065,36.99,35.471553802490234,1739.0,0.0,1367.0,0.2046648859977722,100.0,48.03723907470703,415.0,0.0
456,0.0,1892.0,1.9500503540039065,36.99,35.471553802490234,1739.0,0.0,1367.0,0.2046648859977722,100.0,48.03723907470703,415.0,0.0
457,0.0,1892.0,1.9500503540039065,36.99,35.471553802490234,1739.0,0.0,1367.0,0.2046648859977722,100.0,48.03723907470703,415.0,0.0
458,0.0,1892.0,1.925118088722229,36.99,35.01829528808594,1759.0,0.0,1367.0,0.2298324406147003,100.0,47.875709533691406,484.0,0.0
459,0.0,1892.0,1.925118088722229,36.99,35.01829528808594,1759.0,0.0,1367.0,0.2298324406147003,100.0,47.875709533691406,484.0,0.0
460,0.0,1892.0,1.925118088722229,36.99,35.01829528808594,1759.0,0.0,1367.0,0.2298324406147003,100.0,47.875709533691406,484.0,0.0
461,0.0,1892.0,1.925118088722229,36.99,35.01829528808594,1759.0,0.0,1367.0,0.2298324406147003,100.0,47.875709533691406,484.0,0.0
462,0.0,1892.0,1.925118088722229,36.99,35.01829528808594,1759.0,0.0,1367.0,0.2298324406147003,100.0,47.875709533691406,484.0,0.0
463,0.0,1892.0,2.6130948066711426,36.99,35.67558670043945,2155.0,0.0,1367.0,0.3253223299980163,100.0,48.010738372802734,538.0,0.0
464,0.0,1892.0,2.6130948066711426,36.99,35.67558670043945,2155.0,0.0,1367.0,0.3253223299980163,100.0,48.010738372802734,538.0,0.0
465,0.0,1892.0,2.6130948066711426,36.99,35.67558670043945,2155.0,0.0,1367.0,0.3253223299980163,100.0,48.010738372802734,538.0,0.0
466,0.0,1892.0,2.6130948066711426,36.99,35.67558670043945,2155.0,0.0,1367.0,0.3253223299980163,100.0,48.010738372802734,538.0,0.0
467,0.0,1892.0,2.6130948066711426,36.99,35.67558670043945,2155.0,0.0,1367.0,0.3253223299980163,100.0,48.010738372802734,538.0,0.0
468,0.0,1892.0,2.9247689247131348,36.99,52.30180740356445,1757.0,0.0,1367.0,0.528888463973999,100.0,48.10749435424805,713.0,0.0
469,0.0,1892.0,2.9247689247131348,36.99,52.30180740356445,1757.0,0.0,1367.0,0.528888463973999,100.0,48.10749435424805,713.0,0.0
470,0.0,1892.0,2.9247689247131348,36.99,52.30180740356445,1757.0,0.0,1367.0,0.528888463973999,100.0,48.10749435424805,713.0,0.0
471,0.0,1892.0,2.9247689247131348,36.99,52.30180740356445,1757.0,0.0,1367.0,0.528888463973999,100.0,48.10749435424805,713.0,0.0
472,0.0,1892.0,2.9247689247131348,36.99,52.30180740356445,1757.0,0.0,1367.0,0.528888463973999,100.0,48.10749435424805,713.0,0.0
473,0.0,1892.0,4.548056602478027,36.99,54.597801208496094,2165.0,0.0,1367.0,0.6999226808547974,100.0,48.81113815307617,544.0,0.0
474,0.0,1892.0,4.548056602478027,36.99,54.597801208496094,2165.0,0.0,1367.0,0.6999226808547974,100.0,48.81113815307617,544.0,0.0
475,0.0,1892.0,4.548056602478027,36.99,54.597801208496094,2165.0,0.0,1367.0,0.6999226808547974,100.0,48.81113815307617,544.0,0.0
476,0.0,1892.0,4.548056602478027,36.99,54.597801208496094,2165.0,0.0,1367.0,0.6999226808547974,100.0,48.81113815307617,544.0,0.0
477,0.0,1892.0,4.548056602478027,36.99,54.597801208496094,2165.0,0.0,1367.0,0.6999226808547974,100.0,48.81113815307617,544.0,0.0
478,0.0,1892.0,0.337910532951355,36.99,9.732831001281738,1729.0,0.0,1367.0,0.005537022370845,100.0,47.74972152709961,333.0,0.0
479,0.0,1892.0,0.337910532951355,36.99,9.732831001281738,1729.0,0.0,1367.0,0.005537022370845,100.0,47.74972152709961,333.0,0.0
480,0.0,1892.0,0.337910532951355,36.99,9.732831001281738,1729.0,0.0,1367.0,0.005537022370845,100.0,47.74972152709961,333.0,0.0
481,0.0,1892.0,0.337910532951355,36.99,9.732831001281738,1729.0,0.0,1367.0,0.005537022370845,100.0,47.74972152709961,333.0,0.0
482,0.0,1892.0,0.337910532951355,36.99,9.732831001281738,1729.0,0.0,1367.0,0.005537022370845,100.0,47.74972152709961,333.0,0.0
483,0.0,1892.0,0.337910532951355,36.99,9.732831001281738,1729.0,0.0,1367.0,0.005537022370845,100.0,47.74972152709961,333.0,0.0
484,0.0,1892.0,2.201328754425049,36.99,9.739031791687012,1587.0,0.0,1367.0,0.2306392639875412,100.0,47.991905212402344,380.0,0.0
485,0.0,1892.0,2.201328754425049,36.99,9.739031791687012,1587.0,0.0,1367.0,0.2306392639875412,100.0,47.991905212402344,380.0,0.0
486,0.0,1892.0,2.201328754425049,36.99,9.739031791687012,1587.0,0.0,1367.0,0.2306392639875412,100.0,47.991905212402344,380.0,0.0
487,0.0,1892.0,2.201328754425049,36.99,9.739031791687012,1587.0,0.0,1367.0,0.2306392639875412,100.0,47.991905212402344,380.0,0.0
488,0.0,1892.0,2.201328754425049,36.99,9.739031791687012,1587.0,0.0,1367.0,0.2306392639875412,100.0,47.991905212402344,380.0,0.0
489,0.0,1892.0,0.7360106706619263,36.99,34.19789123535156,1884.0,0.0,1367.0,0.1113193035125732,100.0,47.71768951416016,477.0,0.0
490,0.0,1892.0,0.7360106706619263,36.99,34.19789123535156,1884.0,0.0,1367.0,0.1113193035125732,100.0,47.71768951416016,477.0,0.0
491,0.0,1892.0,0.7360106706619263,36.99,34.19789123535156,1884.0,0.0,1367.0,0.1113193035125732,100.0,47.71768951416016,477.0,0.0
492,0.0,1892.0,0.7360106706619263,36.99,34.19789123535156,1884.0,0.0,1367.0,0.1113193035125732,100.0,47.71768951416016,477.0,0.0
493,0.0,1892.0,0.7360106706619263,36.99,34.19789123535156,1884.0,0.0,1367.0,0.1113193035125732,100.0,47.71768951416016,477.0,0.0
494,0.0,1892.0,0.6720534563064575,36.99,33.79486846923828,1852.0,0.0,1367.0,0.037633042782545,100.0,47.611595153808594,462.0,0.0
495,0.0,1892.0,0.6720534563064575,36.99,33.79486846923828,1852.0,0.0,1367.0,0.037633042782545,100.0,47.611595153808594,462.0,0.0
496,0.0,1892.0,0.6720534563064575,36.99,33.79486846923828,1852.0,0.0,1367.0,0.037633042782545,100.0,47.611595153808594,462.0,0.0
497,0.0,1892.0,0.6720534563064575,36.99,33.79486846923828,1852.0,0.0,1367.0,0.037633042782545,100.0,47.611595153808594,462.0,0.0
498,0.0,1892.0,0.6720534563064575,36.99,33.79486846923828,1852.0,0.0,1367.0,0.037633042782545,100.0,47.611595153808594,462.0,0.0
499,0.0,1892.0,2.3931033611297607,36.99,35.521724700927734,1970.0,0.0,1367.0,0.1636446416378021,100.0,47.740386962890625,400.0,0.0
500,0.0,1892.0,2.3931033611297607,36.99,35.521724700927734,1970.0,0.0,1367.0,0.1636446416378021,100.0,47.740386962890625,400.0,0.0
501,0.0,1892.0,2.3931033611297607,36.99,35.521724700927734,1970.0,0.0,1367.0,0.1636446416378021,100.0,47.740386962890625,400.0,0.0
502,0.0,1892.0,2.3931033611297607,36.99,35.521724700927734,1970.0,0.0,1367.0,0.1636446416378021,100.0,47.740386962890625,400.0,0.0
503,0.0,1892.0,2.3931033611297607,36.99,35.521724700927734,1970.0,0.0,1367.0,0.1636446416378021,100.0,47.740386962890625,400.0,0.0
504,0.0,1892.0,2.429812431335449,36.99,9.760249137878418,2031.0,0.0,1367.0,0.0829898566007614,100.0,47.728477478027344,223.0,0.0
505,0.0,1892.0,2.429812431335449,36.99,9.760249137878418,2031.0,0.0,1367.0,0.0829898566007614,100.0,47.728477478027344,223.0,0.0
506,0.0,1892.0,2.429812431335449,36.99,9.760249137878418,2031.0,0.0,1367.0,0.0829898566007614,100.0,47.728477478027344,223.0,0.0
507,0.0,1892.0,2.429812431335449,36.99,9.760249137878418,2031.0,0.0,1367.0,0.0829898566007614,100.0,47.728477478027344,223.0,0.0
508,0.0,1892.0,2.429812431335449,36.99,9.760249137878418,2031.0,0.0,1367.0,0.0829898566007614,100.0,47.728477478027344,223.0,0.0
509,0.0,1892.0,1.197319746017456,36.99,9.786247253417969,1838.0,0.0,1367.0,0.0111671863123774,100.0,47.49883270263672,322.0,0.0
510,0.0,1892.0,1.197319746017456,36.99,9.786247253417969,1838.0,0.0,1367.0,0.0111671863123774,100.0,47.49883270263672,322.0,0.0
511,0.0,1892.0,1.197319746017456,36.99,9.786247253417969,1838.0,0.0,1367.0,0.0111671863123774,100.0,47.49883270263672,322.0,0.0
512,0.0,1892.0,1.197319746017456,36.99,9.786247253417969,1838.0,0.0,1367.0,0.0111671863123774,100.0,47.49883270263672,322.0,0.0
513,0.0,1892.0,1.197319746017456,36.99,9.786247253417969,1838.0,0.0,1367.0,0.0111671863123774,100.0,47.49883270263672,322.0,0.0
514,0.0,1892.0,1.197319746017456,36.99,9.786247253417969,1838.0,0.0,1367.0,0.0111671863123774,100.0,47.49883270263672,322.0,0.0
515,0.0,1892.0,1.2806792259216309,36.99,9.762697219848633,1755.0,0.0,1367.0,0.0267166681587696,100.0,47.47789001464844,222.0,0.0
516,0.0,1892.0,1.2806792259216309,36.99,9.762697219848633,1755.0,0.0,1367.0,0.0267166681587696,100.0,47.47789001464844,222.0,0.0
517,0.0,1892.0,1.2806792259216309,36.99,9.762697219848633,1755.0,0.0,1367.0,0.0267166681587696,100.0,47.47789001464844,222.0,0.0
518,0.0,1892.0,1.2806792259216309,36.99,9.762697219848633,1755.0,0.0,1367.0,0.0267166681587696,100.0,47.47789001464844,222.0,0.0
519,0.0,1892.0,1.2806792259216309,36.99,9.762697219848633,1755.0,0.0,1367.0,0.0267166681587696,100.0,47.47789001464844,222.0,0.0
520,0.0,1892.0,0.3907649219036102,36.99,9.753911972045898,1292.0,0.0,1367.0,0.0072104851715266,100.0,47.352325439453125,333.0,0.0
521,0.0,1892.0,0.3907649219036102,36.99,9.753911972045898,1292.0,0.0,1367.0,0.0072104851715266,100.0,47.352325439453125,333.0,0.0
522,0.0,1892.0,0.3907649219036102,36.99,9.753911972045898,1292.0,0.0,1367.0,0.0072104851715266,100.0,47.352325439453125,333.0,0.0
523,0.0,1892.0,0.3907649219036102,36.99,9.753911972045898,1292.0,0.0,1367.0,0.0072104851715266,100.0,47.352325439453125,333.0,0.0
524,0.0,1892.0,0.3907649219036102,36.99,9.753911972045898,1292.0,0.0,1367.0,0.0072104851715266,100.0,47.352325439453125,333.0,0.0
525,0.0,1892.0,0.3213564157485962,36.99,9.720930099487305,1289.0,0.0,1367.0,0.0001957365457201,100.0,47.31482696533203,111.0,0.0
526,0.0,1892.0,0.3213564157485962,36.99,9.720930099487305,1289.0,0.0,1367.0,0.0001957365457201,100.0,47.31482696533203,111.0,0.0
527,0.0,1892.0,0.3213564157485962,36.99,9.720930099487305,1289.0,0.0,1367.0,0.0001957365457201,100.0,47.31482696533203,111.0,0.0
528,0.0,1892.0,0.3213564157485962,36.99,9.720930099487305,1289.0,0.0,1367.0,0.0001957365457201,100.0,47.31482696533203,111.0,0.0
529,0.0,1892.0,0.3213564157485962,36.99,9.720930099487305,1289.0,0.0,1367.0,0.0001957365457201,100.0,47.31482696533203,111.0,0.0
530,0.0,1892.0,0.1835174411535263,36.99,9.69048309326172,1147.0,0.0,1367.0,0.0001944367832038,100.0,47.10545349121094,111.0,0.0
531,0.0,1892.0,0.1835174411535263,36.99,9.69048309326172,1147.0,0.0,1367.0,0.0001944367832038,100.0,47.10545349121094,111.0,0.0
532,0.0,1892.0,0.1835174411535263,36.99,9.69048309326172,1147.0,0.0,1367.0,0.0001944367832038,100.0,47.10545349121094,111.0,0.0
533,0.0,1892.0,0.1835174411535263,36.99,9.69048309326172,1147.0,0.0,1367.0,0.0001944367832038,100.0,47.10545349121094,111.0,0.0
534,0.0,1892.0,0.1835174411535263,36.99,9.69048309326172,1147.0,0.0,1367.0,0.0001944367832038,100.0,47.10545349121094,111.0,0.0
535,0.0,1892.0,0.1835174411535263,36.99,9.69048309326172,1147.0,0.0,1367.0,0.0001944367832038,100.0,47.10545349121094,111.0,0.0
536,0.0,1892.0,0.1313885897397995,36.99,9.666953086853027,1076.0,0.0,1367.0,0.0001968165306607,100.0,46.85857772827149,111.0,0.0
537,0.0,1892.0,0.1313885897397995,36.99,9.666953086853027,1076.0,0.0,1367.0,0.0001968165306607,100.0,46.85857772827149,111.0,0.0
538,0.0,1892.0,0.1313885897397995,36.99,9.666953086853027,1076.0,0.0,1367.0,0.0001968165306607,100.0,46.85857772827149,111.0,0.0
539,0.0,1892.0,0.1313885897397995,36.99,9.666953086853027,1076.0,0.0,1367.0,0.0001968165306607,100.0,46.85857772827149,111.0,0.0
540,0.0,1892.0,0.1313885897397995,36.99,9.666953086853027,1076.0,0.0,1367.0,0.0001968165306607,100.0,46.85857772827149,111.0,0.0
541,0.0,1892.0,0.3039496541023254,36.99,9.654338836669922,1411.0,0.0,1367.0,0.0009837637189775,100.0,46.85857772827149,222.0,0.0
542,0.0,1892.0,0.3039496541023254,36.99,9.654338836669922,1411.0,0.0,1367.0,0.0009837637189775,100.0,46.85857772827149,222.0,0.0
543,0.0,1892.0,0.3039496541023254,36.99,9.654338836669922,1411.0,0.0,1367.0,0.0009837637189775,100.0,46.85857772827149,222.0,0.0
544,0.0,1892.0,0.3039496541023254,36.99,9.654338836669922,1411.0,0.0,1367.0,0.0009837637189775,100.0,46.85857772827149,222.0,0.0
545,0.0,1892.0,0.3039496541023254,36.99,9.654338836669922,1411.0,0.0,1367.0,0.0009837637189775,100.0,46.85857772827149,222.0,0.0
546,0.0,1892.0,0.1800383776426315,36.99,9.668943405151367,1213.0,0.0,1367.0,1.6683206922607496e-05,100.0,46.85857772827149,111.0,0.0
547,0.0,1892.0,0.1800383776426315,36.99,9.668943405151367,1213.0,0.0,1367.0,1.6683206922607496e-05,100.0,46.85857772827149,111.0,0.0
548,0.0,1892.0,0.1800383776426315,36.99,9.668943405151367,1213.0,0.0,1367.0,1.6683206922607496e-05,100.0,46.85857772827149,111.0,0.0
549,0.0,1892.0,0.1800383776426315,36.99,9.668943405151367,1213.0,0.0,1367.0,1.6683206922607496e-05,100.0,46.85857772827149,111.0,0.0
550,0.0,1892.0,0.1800383776426315,36.99,9.668943405151367,1213.0,0.0,1367.0,1.6683206922607496e-05,100.0,46.85857772827149,111.0,0.0
551,0.0,1892.0,0.2514834403991699,36.99,9.662723541259766,1358.0,0.0,1367.0,0.0001962393725989,100.0,46.64920425415039,111.0,0.0
552,0.0,1892.0,0.2514834403991699,36.99,9.662723541259766,1358.0,0.0,1367.0,0.0001962393725989,100.0,46.64920425415039,111.0,0.0
553,0.0,1892.0,0.2514834403991699,36.99,9.662723541259766,1358.0,0.0,1367.0,0.0001962393725989,100.0,46.64920425415039,111.0,0.0
554,0.0,1892.0,0.2514834403991699,36.99,9.662723541259766,1358.0,0.0,1367.0,0.0001962393725989,100.0,46.64920425415039,111.0,0.0
555,0.0,1892.0,0.2514834403991699,36.99,9.662723541259766,1358.0,0.0,1367.0,0.0001962393725989,100.0,46.64920425415039,111.0,0.0
556,0.0,1892.0,0.2514834403991699,36.99,9.662723541259766,1358.0,0.0,1367.0,0.0001962393725989,100.0,46.64920425415039,111.0,0.0
557,0.0,1892.0,0.2547099888324737,36.99,9.648950576782228,1301.0,0.0,1367.0,0.0001895114110084,100.0,46.64920425415039,111.0,0.0
558,0.0,1892.0,0.2547099888324737,36.99,9.648950576782228,1301.0,0.0,1367.0,0.0001895114110084,100.0,46.64920425415039,111.0,0.0
559,0.0,1892.0,0.2547099888324737,36.99,9.648950576782228,1301.0,0.0,1367.0,0.0001895114110084,100.0,46.64920425415039,111.0,0.0
560,0.0,1892.0,0.2547099888324737,36.99,9.648950576782228,1301.0,0.0,1367.0,0.0001895114110084,100.0,46.64920425415039,111.0,0.0
561,0.0,1892.0,0.2547099888324737,36.99,9.648950576782228,1301.0,0.0,1367.0,0.0001895114110084,100.0,46.64920425415039,111.0,0.0
562,0.0,1892.0,0.1502155661582946,36.99,9.627154350280762,1138.0,0.0,1367.0,0.0003243946121074,100.0,46.39920425415039,111.0,0.0
563,0.0,1892.0,0.1502155661582946,36.99,9.627154350280762,1138.0,0.0,1367.0,0.0003243946121074,100.0,46.39920425415039,111.0,0.0
564,0.0,1892.0,0.1502155661582946,36.99,9.627154350280762,1138.0,0.0,1367.0,0.0003243946121074,100.0,46.39920425415039,111.0,0.0
565,0.0,1892.0,0.1502155661582946,36.99,9.627154350280762,1138.0,0.0,1367.0,0.0003243946121074,100.0,46.39920425415039,111.0,0.0
566,0.0,1892.0,0.1502155661582946,36.99,9.627154350280762,1138.0,0.0,1367.0,0.0003243946121074,100.0,46.39920425415039,111.0,0.0
567,0.0,1892.0,0.4255160987377167,36.99,9.66348361968994,1401.0,0.0,1367.0,0.0003991323173977,100.0,46.44086456298828,222.0,0.0
568,0.0,1892.0,0.4255160987377167,36.99,9.66348361968994,1401.0,0.0,1367.0,0.0003991323173977,100.0,46.44086456298828,222.0,0.0
569,0.0,1892.0,0.4255160987377167,36.99,9.66348361968994,1401.0,0.0,1367.0,0.0003991323173977,100.0,46.44086456298828,222.0,0.0
570,0.0,1892.0,0.4255160987377167,36.99,9.66348361968994,1401.0,0.0,1367.0,0.0003991323173977,100.0,46.44086456298828,222.0,0.0
571,0.0,1892.0,0.4255160987377167,36.99,9.66348361968994,1401.0,0.0,1367.0,0.0003991323173977,100.0,46.44086456298828,222.0,0.0
572,0.0,1892.0,0.2124542891979217,36.99,9.615607261657717,1160.0,0.0,1367.0,0.0001934720057761,100.0,46.39920425415039,111.0,0.0
573,0.0,1892.0,0.2124542891979217,36.99,9.615607261657717,1160.0,0.0,1367.0,0.0001934720057761,100.0,46.39920425415039,111.0,0.0
574,0.0,1892.0,0.2124542891979217,36.99,9.615607261657717,1160.0,0.0,1367.0,0.0001934720057761,100.0,46.39920425415039,111.0,0.0
575,0.0,1892.0,0.2124542891979217,36.99,9.615607261657717,1160.0,0.0,1367.0,0.0001934720057761,100.0,46.39920425415039,111.0,0.0
576,0.0,1892.0,0.2124542891979217,36.99,9.615607261657717,1160.0,0.0,1367.0,0.0001934720057761,100.0,46.39920425415039,111.0,0.0
577,0.0,1892.0,0.2639979124069214,36.99,9.636189460754396,1336.0,0.0,1367.0,0.0001931480801431,100.0,46.23045349121094,111.0,0.0
578,0.0,1892.0,0.2639979124069214,36.99,9.636189460754396,1336.0,0.0,1367.0,0.0001931480801431,100.0,46.23045349121094,111.0,0.0
579,0.0,1892.0,0.2639979124069214,36.99,9.636189460754396,1336.0,0.0,1367.0,0.0001931480801431,100.0,46.23045349121094,111.0,0.0
580,0.0,1892.0,0.2639979124069214,36.99,9.636189460754396,1336.0,0.0,1367.0,0.0001931480801431,100.0,46.23045349121094,111.0,0.0
581,0.0,1892.0,0.2639979124069214,36.99,9.636189460754396,1336.0,0.0,1367.0,0.0001931480801431,100.0,46.23045349121094,111.0,0.0
582,0.0,1892.0,0.2639979124069214,36.99,9.636189460754396,1336.0,0.0,1367.0,0.0001931480801431,100.0,46.23045349121094,111.0,0.0
583,0.0,1892.0,0.4234693050384521,36.99,9.64599609375,1515.0,0.0,1367.0,0.0002475982764735,100.0,46.18982696533203,111.0,0.0
584,0.0,1892.0,0.4234693050384521,36.99,9.64599609375,1515.0,0.0,1367.0,0.0002475982764735,100.0,46.18982696533203,111.0,0.0
585,0.0,1892.0,0.4234693050384521,36.99,9.64599609375,1515.0,0.0,1367.0,0.0002475982764735,100.0,46.18982696533203,111.0,0.0
586,0.0,1892.0,0.4234693050384521,36.99,9.64599609375,1515.0,0.0,1367.0,0.0002475982764735,100.0,46.18982696533203,111.0,0.0
587,0.0,1892.0,0.4234693050384521,36.99,9.64599609375,1515.0,0.0,1367.0,0.0002475982764735,100.0,46.18982696533203,111.0,0.0
588,0.0,1892.0,0.4239640831947326,36.99,9.615324020385742,1570.0,0.0,1367.0,0.0003159517073072,100.0,46.18982696533203,222.0,0.0
589,0.0,1892.0,0.4239640831947326,36.99,9.615324020385742,1570.0,0.0,1367.0,0.0003159517073072,100.0,46.18982696533203,222.0,0.0
590,0.0,1892.0,0.4239640831947326,36.99,9.615324020385742,1570.0,0.0,1367.0,0.0003159517073072,100.0,46.18982696533203,222.0,0.0
591,0.0,1892.0,0.4239640831947326,36.99,9.615324020385742,1570.0,0.0,1367.0,0.0003159517073072,100.0,46.18982696533203,222.0,0.0
592,0.0,1892.0,0.4239640831947326,36.99,9.615324020385742,1570.0,0.0,1367.0,0.0003159517073072,100.0,46.18982696533203,222.0,0.0
593,0.0,1892.0,0.4239640831947326,36.99,9.615324020385742,1570.0,0.0,1367.0,0.0003159517073072,100.0,46.18982696533203,222.0,0.0
594,0.0,1892.0,3.626196146011353,36.99,9.69923973083496,1763.0,0.0,1367.0,0.0239967405796051,100.0,46.21039581298828,333.0,0.0
595,0.0,1892.0,3.626196146011353,36.99,9.69923973083496,1763.0,0.0,1367.0,0.0239967405796051,100.0,46.21039581298828,333.0,0.0
596,0.0,1892.0,3.626196146011353,36.99,9.69923973083496,1763.0,0.0,1367.0,0.0239967405796051,100.0,46.21039581298828,333.0,0.0
597,0.0,1892.0,3.626196146011353,36.99,9.69923973083496,1763.0,0.0,1367.0,0.0239967405796051,100.0,46.21039581298828,333.0,0.0
598,0.0,1892.0,3.626196146011353,36.99,9.69923973083496,1763.0,0.0,1367.0,0.0239967405796051,100.0,46.21039581298828,333.0,0.0
599,0.0,1892.0,6.21861457824707,36.99,51.723243713378906,1323.0,0.0,1367.0,0.0015438243281096,100.0,46.56873321533203,222.0,0.0
600,0.0,1892.0,6.21861457824707,36.99,51.723243713378906,1323.0,0.0,1367.0,0.0015438243281096,100.0,46.56873321533203,222.0,0.0
601,0.0,1892.0,6.21861457824707,36.99,51.723243713378906,1323.0,0.0,1367.0,0.0015438243281096,100.0,46.56873321533203,222.0,0.0
602,0.0,1892.0,6.21861457824707,36.99,51.723243713378906,1323.0,0.0,1367.0,0.0015438243281096,100.0,46.56873321533203,222.0,0.0
603,0.0,1892.0,6.21861457824707,36.99,51.723243713378906,1323.0,0.0,1367.0,0.0015438243281096,100.0,46.56873321533203,222.0,0.0
604,0.0,1892.0,1.9179080724716189,36.99,36.46601104736328,2288.0,0.0,1367.0,0.0135057233273983,100.0,46.866798400878906,222.0,0.0
605,0.0,1892.0,1.9179080724716189,36.99,36.46601104736328,2288.0,0.0,1367.0,0.0135057233273983,100.0,46.866798400878906,222.0,0.0
606,0.0,1892.0,1.9179080724716189,36.99,36.46601104736328,2288.0,0.0,1367.0,0.0135057233273983,100.0,46.866798400878906,222.0,0.0
607,0.0,1892.0,1.9179080724716189,36.99,36.46601104736328,2288.0,0.0,1367.0,0.0135057233273983,100.0,46.866798400878906,222.0,0.0
608,0.0,1892.0,1.9179080724716189,36.99,36.46601104736328,2288.0,0.0,1367.0,0.0135057233273983,100.0,46.866798400878906,222.0,0.0
609,0.0,1892.0,2.1038355827331543,36.99,9.743430137634276,2360.0,0.0,1367.0,0.0137147950008511,100.0,46.67011260986328,444.0,0.0
610,0.0,1892.0,2.1038355827331543,36.99,9.743430137634276,2360.0,0.0,1367.0,0.0137147950008511,100.0,46.67011260986328,444.0,0.0
611,0.0,1892.0,2.1038355827331543,36.99,9.743430137634276,2360.0,0.0,1367.0,0.0137147950008511,100.0,46.67011260986328,444.0,0.0
612,0.0,1892.0,2.1038355827331543,36.99,9.743430137634276,2360.0,0.0,1367.0,0.0137147950008511,100.0,46.67011260986328,444.0,0.0
613,0.0,1892.0,2.1038355827331543,36.99,9.743430137634276,2360.0,0.0,1367.0,0.0137147950008511,100.0,46.67011260986328,444.0,0.0
614,0.0,1892.0,6.04925012588501,36.99,9.731338500976562,1431.0,0.0,1367.0,0.0008217811118811,100.0,46.55731964111328,222.0,0.0
615,0.0,1892.0,6.04925012588501,36.99,9.731338500976562,1431.0,0.0,1367.0,0.0008217811118811,100.0,46.55731964111328,222.0,0.0
616,0.0,1892.0,6.04925012588501,36.99,9.731338500976562,1431.0,0.0,1367.0,0.0008217811118811,100.0,46.55731964111328,222.0,0.0
617,0.0,1892.0,6.04925012588501,36.99,9.731338500976562,1431.0,0.0,1367.0,0.0008217811118811,100.0,46.55731964111328,222.0,0.0
618,0.0,1892.0,6.04925012588501,36.99,9.731338500976562,1431.0,0.0,1367.0,0.0008217811118811,100.0,46.55731964111328,222.0,0.0
619,0.0,1892.0,6.04925012588501,36.99,9.731338500976562,1431.0,0.0,1367.0,0.0008217811118811,100.0,46.55731964111328,222.0,0.0
620,0.0,1892.0,0.4270750284194946,36.99,9.74665641784668,1327.0,0.0,1367.0,7.457102037733421e-05,100.0,47.21794891357422,111.0,0.0
621,0.0,1892.0,0.4270750284194946,36.99,9.74665641784668,1327.0,0.0,1367.0,7.457102037733421e-05,100.0,47.21794891357422,111.0,0.0
622,0.0,1892.0,0.4270750284194946,36.99,9.74665641784668,1327.0,0.0,1367.0,7.457102037733421e-05,100.0,47.21794891357422,111.0,0.0
623,0.0,1892.0,0.4270750284194946,36.99,9.74665641784668,1327.0,0.0,1367.0,7.457102037733421e-05,100.0,47.21794891357422,111.0,0.0
624,0.0,1892.0,0.4270750284194946,36.99,9.74665641784668,1327.0,0.0,1367.0,7.457102037733421e-05,100.0,47.21794891357422,111.0,0.0
625,0.0,1892.0,0.0887773409485817,36.99,9.610654830932615,1220.0,0.0,1367.0,0.0001916994369821,100.0,46.35857772827149,111.0,0.0
626,0.0,1892.0,0.0887773409485817,36.99,9.610654830932615,1220.0,0.0,1367.0,0.0001916994369821,100.0,46.35857772827149,111.0,0.0
627,0.0,1892.0,0.0887773409485817,36.99,9.610654830932615,1220.0,0.0,1367.0,0.0001916994369821,100.0,46.35857772827149,111.0,0.0
628,0.0,1892.0,0.0887773409485817,36.99,9.610654830932615,1220.0,0.0,1367.0,0.0001916994369821,100.0,46.35857772827149,111.0,0.0
629,0.0,1892.0,0.0887773409485817,36.99,9.610654830932615,1220.0,0.0,1367.0,0.0001916994369821,100.0,46.35857772827149,111.0,0.0
630,0.0,1892.0,0.1142337918281555,36.99,9.604865074157717,1204.0,0.0,1367.0,0.0001971792808035,100.0,46.35545349121094,111.0,0.0
631,0.0,1892.0,0.1142337918281555,36.99,9.604865074157717,1204.0,0.0,1367.0,0.0001971792808035,100.0,46.35545349121094,111.0,0.0
632,0.0,1892.0,0.1142337918281555,36.99,9.604865074157717,1204.0,0.0,1367.0,0.0001971792808035,100.0,46.35545349121094,111.0,0.0
633,0.0,1892.0,0.1142337918281555,36.99,9.604865074157717,1204.0,0.0,1367.0,0.0001971792808035,100.0,46.35545349121094,111.0,0.0
634,0.0,1892.0,0.1142337918281555,36.99,9.604865074157717,1204.0,0.0,1367.0,0.0001971792808035,100.0,46.35545349121094,111.0,0.0
635,0.0,1892.0,0.080228067934513,36.99,9.587327003479004,1135.0,0.0,1367.0,0.0003816007520072,100.0,46.08878326416016,111.0,0.0
636,0.0,1892.0,0.080228067934513,36.99,9.587327003479004,1135.0,0.0,1367.0,0.0003816007520072,100.0,46.08878326416016,111.0,0.0
637,0.0,1892.0,0.080228067934513,36.99,9.587327003479004,1135.0,0.0,1367.0,0.0003816007520072,100.0,46.08878326416016,111.0,0.0
638,0.0,1892.0,0.080228067934513,36.99,9.587327003479004,1135.0,0.0,1367.0,0.0003816007520072,100.0,46.08878326416016,111.0,0.0
639,0.0,1892.0,0.080228067934513,36.99,9.587327003479004,1135.0,0.0,1367.0,0.0003816007520072,100.0,46.08878326416016,111.0,0.0
640,0.0,1892.0,0.080228067934513,36.99,9.587327003479004,1135.0,0.0,1367.0,0.0003816007520072,100.0,46.08878326416016,111.0,0.0
641,0.0,1892.0,0.373682290315628,36.99,9.616904258728027,1304.0,0.0,1367.0,0.0003507364599499,100.0,45.98045349121094,111.0,0.0
642,0.0,1892.0,0.373682290315628,36.99,9.616904258728027,1304.0,0.0,1367.0,0.0003507364599499,100.0,45.98045349121094,111.0,0.0
643,0.0,1892.0,0.373682290315628,36.99,9.616904258728027,1304.0,0.0,1367.0,0.0003507364599499,100.0,45.98045349121094,111.0,0.0
644,0.0,1892.0,0.373682290315628,36.99,9.616904258728027,1304.0,0.0,1367.0,0.0003507364599499,100.0,45.98045349121094,111.0,0.0
645,0.0,1892.0,0.373682290315628,36.99,9.616904258728027,1304.0,0.0,1367.0,0.0003507364599499,100.0,45.98045349121094,111.0,0.0
646,0.0,1892.0,0.481560468673706,36.99,9.639853477478027,1505.0,0.0,1367.0,0.0001928221317939,100.0,45.97732925415039,111.0,0.0
647,0.0,1892.0,0.481560468673706,36.99,9.639853477478027,1505.0,0.0,1367.0,0.0001928221317939,100.0,45.97732925415039,111.0,0.0
648,0.0,1892.0,0.481560468673706,36.99,9.639853477478027,1505.0,0.0,1367.0,0.0001928221317939,100.0,45.97732925415039,111.0,0.0
649,0.0,1892.0,0.481560468673706,36.99,9.639853477478027,1505.0,0.0,1367.0,0.0001928221317939,100.0,45.97732925415039,111.0,0.0
650,0.0,1892.0,0.481560468673706,36.99,9.639853477478027,1505.0,0.0,1367.0,0.0001928221317939,100.0,45.97732925415039,111.0,0.0
651,0.0,1892.0,0.2682467103004455,36.99,9.59709930419922,1349.0,0.0,1367.0,0.0002629024966154,100.0,45.81482696533203,111.0,0.0
652,0.0,1892.0,0.2682467103004455,36.99,9.59709930419922,1349.0,0.0,1367.0,0.0002629024966154,100.0,45.81482696533203,111.0,0.0
653,0.0,1892.0,0.2682467103004455,36.99,9.59709930419922,1349.0,0.0,1367.0,0.0002629024966154,100.0,45.81482696533203,111.0,0.0
654,0.0,1892.0,0.2682467103004455,36.99,9.59709930419922,1349.0,0.0,1367.0,0.0002629024966154,100.0,45.81482696533203,111.0,0.0
655,0.0,1892.0,0.2682467103004455,36.99,9.59709930419922,1349.0,0.0,1367.0,0.0002629024966154,100.0,45.81482696533203,111.0,0.0
656,0.0,1892.0,0.2340606749057769,36.99,9.359091758728027,1230.0,0.0,1367.0,0.0001196592638734,100.0,45.85857772827149,111.0,0.0
657,0.0,1892.0,0.2340606749057769,36.99,9.359091758728027,1230.0,0.0,1367.0,0.0001196592638734,100.0,45.85857772827149,111.0,0.0
658,0.0,1892.0,0.2340606749057769,36.99,9.359091758728027,1230.0,0.0,1367.0,0.0001196592638734,100.0,45.85857772827149,111.0,0.0
659,0.0,1892.0,0.2340606749057769,36.99,9.359091758728027,1230.0,0.0,1367.0,0.0001196592638734,100.0,45.85857772827149,111.0,0.0
660,0.0,1892.0,0.2340606749057769,36.99,9.359091758728027,1230.0,0.0,1367.0,0.0001196592638734,100.0,45.85857772827149,111.0,0.0
661,0.0,1892.0,0.2340606749057769,36.99,9.359091758728027,1230.0,0.0,1367.0,0.0001196592638734,100.0,45.85857772827149,111.0,0.0
662,0.0,1892.0,0.1476640254259109,36.99,9.559444427490234,1197.0,0.0,1367.0,0.0005260143079794,100.0,5.8734002113342285,111.0,0.0
663,0.0,1892.0,0.1476640254259109,36.99,9.559444427490234,1197.0,0.0,1367.0,0.0005260143079794,100.0,5.8734002113342285,111.0,0.0
664,0.0,1892.0,0.1476640254259109,36.99,9.559444427490234,1197.0,0.0,1367.0,0.0005260143079794,100.0,5.8734002113342285,111.0,0.0
665,0.0,1892.0,0.1476640254259109,36.99,9.559444427490234,1197.0,0.0,1367.0,0.0005260143079794,100.0,5.8734002113342285,111.0,0.0
666,0.0,1892.0,0.1476640254259109,36.99,9.559444427490234,1197.0,0.0,1367.0,0.0005260143079794,100.0,5.8734002113342285,111.0,0.0
667,0.0,1892.0,0.0747012346982956,36.99,9.556844711303713,1080.0,0.0,1367.0,0.0001889473060145,100.0,45.81378173828125,111.0,0.0
668,0.0,1892.0,0.0747012346982956,36.99,9.556844711303713,1080.0,0.0,1367.0,0.0001889473060145,100.0,45.81378173828125,111.0,0.0
669,0.0,1892.0,0.0747012346982956,36.99,9.556844711303713,1080.0,0.0,1367.0,0.0001889473060145,100.0,45.81378173828125,111.0,0.0
670,0.0,1892.0,0.0747012346982956,36.99,9.556844711303713,1080.0,0.0,1367.0,0.0001889473060145,100.0,45.81378173828125,111.0,0.0
671,0.0,1892.0,0.0747012346982956,36.99,9.556844711303713,1080.0,0.0,1367.0,0.0001889473060145,100.0,45.81378173828125,111.0,0.0
672,0.0,1892.0,0.2797248363494873,36.99,9.543252944946287,1503.0,0.0,1367.0,0.0664425268769264,100.0,45.72732925415039,222.0,0.0
673,0.0,1892.0,0.2797248363494873,36.99,9.543252944946287,1503.0,0.0,1367.0,0.0664425268769264,100.0,45.72732925415039,222.0,0.0
674,0.0,1892.0,0.2797248363494873,36.99,9.543252944946287,1503.0,0.0,1367.0,0.0664425268769264,100.0,45.72732925415039,222.0,0.0
675,0.0,1892.0,0.2797248363494873,36.99,9.543252944946287,1503.0,0.0,1367.0,0.0664425268769264,100.0,45.72732925415039,222.0,0.0
676,0.0,1892.0,0.2797248363494873,36.99,9.543252944946287,1503.0,0.0,1367.0,0.0664425268769264,100.0,45.72732925415039,222.0,0.0
677,0.0,1892.0,1.8010435104370115,36.99,9.60659408569336,1730.0,0.0,1367.0,0.031692661345005,100.0,45.77313995361328,242.0,0.0
678,0.0,1892.0,1.8010435104370115,36.99,9.60659408569336,1730.0,0.0,1367.0,0.031692661345005,100.0,45.77313995361328,242.0,0.0
679,0.0,1892.0,1.8010435104370115,36.99,9.60659408569336,1730.0,0.0,1367.0,0.031692661345005,100.0,45.77313995361328,242.0,0.0
680,0.0,1892.0,1.8010435104370115,36.99,9.60659408569336,1730.0,0.0,1367.0,0.031692661345005,100.0,45.77313995361328,242.0,0.0
681,0.0,1892.0,1.8010435104370115,36.99,9.60659408569336,1730.0,0.0,1367.0,0.031692661345005,100.0,45.77313995361328,242.0,0.0
682,0.0,1892.0,0.4833058416843414,36.99,9.589917182922363,1514.0,0.0,1367.0,0.0284837875515222,100.0,45.826377868652344,222.0,0.0
683,0.0,1892.0,0.4833058416843414,36.99,9.589917182922363,1514.0,0.0,1367.0,0.0284837875515222,100.0,45.826377868652344,222.0,0.0
684,0.0,1892.0,0.4833058416843414,36.99,9.589917182922363,1514.0,0.0,1367.0,0.0284837875515222,100.0,45.826377868652344,222.0,0.0
685,0.0,1892.0,0.4833058416843414,36.99,9.589917182922363,1514.0,0.0,1367.0,0.0284837875515222,100.0,45.826377868652344,222.0,0.0
686,0.0,1892.0,0.4833058416843414,36.99,9.589917182922363,1514.0,0.0,1367.0,0.0284837875515222,100.0,45.826377868652344,222.0,0.0
687,0.0,1892.0,0.4833058416843414,36.99,9.589917182922363,1514.0,0.0,1367.0,0.0284837875515222,100.0,45.826377868652344,222.0,0.0
688,0.0,1892.0,0.1899549961090088,36.99,9.562761306762695,1352.0,0.0,1367.0,0.0155202448368072,100.0,45.64503479003906,222.0,0.0
689,0.0,1892.0,0.1899549961090088,36.99,9.562761306762695,1352.0,0.0,1367.0,0.0155202448368072,100.0,45.64503479003906,222.0,0.0
690,0.0,1892.0,0.1899549961090088,36.99,9.562761306762695,1352.0,0.0,1367.0,0.0155202448368072,100.0,45.64503479003906,222.0,0.0
691,0.0,1892.0,0.1899549961090088,36.99,9.562761306762695,1352.0,0.0,1367.0,0.0155202448368072,100.0,45.64503479003906,222.0,0.0
692,0.0,1892.0,0.1899549961090088,36.99,9.562761306762695,1352.0,0.0,1367.0,0.0155202448368072,100.0,45.64503479003906,222.0,0.0
693,0.0,1892.0,0.7793277502059937,36.99,9.54021167755127,1642.0,0.0,1367.0,0.1109529137611389,100.0,45.64027404785156,347.0,0.0
694,0.0,1892.0,0.7793277502059937,36.99,9.54021167755127,1642.0,0.0,1367.0,0.1109529137611389,100.0,45.64027404785156,347.0,0.0
695,0.0,1892.0,0.7793277502059937,36.99,9.54021167755127,1642.0,0.0,1367.0,0.1109529137611389,100.0,45.64027404785156,347.0,0.0
696,0.0,1892.0,0.7793277502059937,36.99,9.54021167755127,1642.0,0.0,1367.0,0.1109529137611389,100.0,45.64027404785156,347.0,0.0
697,0.0,1892.0,0.7793277502059937,36.99,9.54021167755127,1642.0,0.0,1367.0,0.1109529137611389,100.0,45.64027404785156,347.0,0.0
698,0.0,1892.0,0.2167200744152069,36.99,9.573601722717283,1244.0,0.0,1367.0,0.0207018461078405,100.0,45.69312286376953,576.0,0.0
699,0.0,1892.0,0.2167200744152069,36.99,9.573601722717283,1244.0,0.0,1367.0,0.0207018461078405,100.0,45.69312286376953,576.0,0.0
700,0.0,1892.0,0.2167200744152069,36.99,9.573601722717283,1244.0,0.0,1367.0,0.0207018461078405,100.0,45.69312286376953,576.0,0.0
701,0.0,1892.0,0.2167200744152069,36.99,9.573601722717283,1244.0,0.0,1367.0,0.0207018461078405,100.0,45.69312286376953,576.0,0.0
702,0.0,1892.0,0.2167200744152069,36.99,9.573601722717283,1244.0,0.0,1367.0,0.0207018461078405,100.0,45.69312286376953,576.0,0.0
703,0.0,1892.0,0.1570447534322738,36.99,9.521952629089355,1437.0,0.0,1367.0,0.0,100.0,45.71110153198242,0.0,0.0
704,0.0,1892.0,0.1570447534322738,36.99,9.521952629089355,1437.0,0.0,1367.0,0.0,100.0,45.71110153198242,0.0,0.0
705,0.0,1892.0,0.1570447534322738,36.99,9.521952629089355,1437.0,0.0,1367.0,0.0,100.0,45.71110153198242,0.0,0.0
706,0.0,1892.0,0.1570447534322738,36.99,9.521952629089355,1437.0,0.0,1367.0,0.0,100.0,45.71110153198242,0.0,0.0
707,0.0,1892.0,0.1570447534322738,36.99,9.521952629089355,1437.0,0.0,1367.0,0.0,100.0,45.71110153198242,0.0,0.0
708,0.0,1892.0,0.1570447534322738,36.99,9.521952629089355,1437.0,0.0,1367.0,0.0,100.0,45.71110153198242,0.0,0.0
709,0.0,1892.0,0.7179807424545288,36.99,9.593548774719238,2390.0,0.0,1367.0,0.0068024229258298,100.0,45.35232925415039,111.0,0.0
710,0.0,1892.0,0.7179807424545288,36.99,9.593548774719238,2390.0,0.0,1367.0,0.0068024229258298,100.0,45.35232925415039,111.0,0.0
711,0.0,1892.0,0.7179807424545288,36.99,9.593548774719238,2390.0,0.0,1367.0,0.0068024229258298,100.0,45.35232925415039,111.0,0.0
712,0.0,1892.0,0.7179807424545288,36.99,9.593548774719238,2390.0,0.0,1367.0,0.0068024229258298,100.0,45.35232925415039,111.0,0.0
713,0.0,1892.0,0.7179807424545288,36.99,9.593548774719238,2390.0,0.0,1367.0,0.0068024229258298,100.0,45.35232925415039,111.0,0.0
714,0.0,1892.0,2.774843215942383,36.99,9.592684745788574,2336.0,0.0,1367.0,0.0011427694698795,100.0,45.35115814208984,222.0,0.0
715,0.0,1892.0,2.774843215942383,36.99,9.592684745788574,2336.0,0.0,1367.0,0.0011427694698795,100.0,45.35115814208984,222.0,0.0
716,0.0,1892.0,2.774843215942383,36.99,9.592684745788574,2336.0,0.0,1367.0,0.0011427694698795,100.0,45.35115814208984,222.0,0.0
717,0.0,1892.0,2.774843215942383,36.99,9.592684745788574,2336.0,0.0,1367.0,0.0011427694698795,100.0,45.35115814208984,222.0,0.0
718,0.0,1892.0,2.774843215942383,36.99,9.592684745788574,2336.0,0.0,1367.0,0.0011427694698795,100.0,45.35115814208984,222.0,0.0
719,0.0,1892.0,2.9942197799682617,36.99,9.591897010803224,1126.0,0.0,1367.0,0.0001648654724704,100.0,45.89608001708984,111.0,0.0
720,0.0,1892.0,2.9942197799682617,36.99,9.591897010803224,1126.0,0.0,1367.0,0.0001648654724704,100.0,45.89608001708984,111.0,0.0
721,0.0,1892.0,2.9942197799682617,36.99,9.591897010803224,1126.0,0.0,1367.0,0.0001648654724704,100.0,45.89608001708984,111.0,0.0
722,0.0,1892.0,2.9942197799682617,36.99,9.591897010803224,1126.0,0.0,1367.0,0.0001648654724704,100.0,45.89608001708984,111.0,0.0
723,0.0,1892.0,2.9942197799682617,36.99,9.591897010803224,1126.0,0.0,1367.0,0.0001648654724704,100.0,45.89608001708984,111.0,0.0
724,0.0,1892.0,0.2750376462936401,36.99,9.550240516662598,1325.0,0.0,1367.0,0.0,100.0,5.8734002113342285,0.0,0.0
725,0.0,1892.0,0.2750376462936401,36.99,9.550240516662598,1325.0,0.0,1367.0,0.0,100.0,5.8734002113342285,0.0,0.0
726,0.0,1892.0,0.2750376462936401,36.99,9.550240516662598,1325.0,0.0,1367.0,0.0,100.0,5.8734002113342285,0.0,0.0
727,0.0,1892.0,0.2750376462936401,36.99,9.550240516662598,1325.0,0.0,1367.0,0.0,100.0,5.8734002113342285,0.0,0.0
728,0.0,1892.0,0.2750376462936401,36.99,9.550240516662598,1325.0,0.0,1367.0,0.0,100.0,5.8734002113342285,0.0,0.0
729,0.0,1892.0,0.2645104527473449,36.99,9.556946754455566,1397.0,0.0,1367.0,0.0002469990868121,100.0,45.47732925415039,111.0,0.0
730,0.0,1892.0,0.2645104527473449,36.99,9.556946754455566,1397.0,0.0,1367.0,0.0002469990868121,100.0,45.47732925415039,111.0,0.0
731,0.0,1892.0,0.2645104527473449,36.99,9.556946754455566,1397.0,0.0,1367.0,0.0002469990868121,100.0,45.47732925415039,111.0,0.0
732,0.0,1892.0,0.2645104527473449,36.99,9.556946754455566,1397.0,0.0,1367.0,0.0002469990868121,100.0,45.47732925415039,111.0,0.0
733,0.0,1892.0,0.2645104527473449,36.99,9.556946754455566,1397.0,0.0,1367.0,0.0002469990868121,100.0,45.47732925415039,111.0,0.0
734,0.0,1892.0,0.2645104527473449,36.99,9.556946754455566,1397.0,0.0,1367.0,0.0002469990868121,100.0,45.47732925415039,111.0,0.0
735,0.0,1892.0,0.0788980424404144,36.99,9.510540008544922,1101.0,0.0,1367.0,0.0002920656406786,100.0,45.22420501708984,222.0,0.0
736,0.0,1892.0,0.0788980424404144,36.99,9.510540008544922,1101.0,0.0,1367.0,0.0002920656406786,100.0,45.22420501708984,222.0,0.0
737,0.0,1892.0,0.0788980424404144,36.99,9.510540008544922,1101.0,0.0,1367.0,0.0002920656406786,100.0,45.22420501708984,222.0,0.0
738,0.0,1892.0,0.0788980424404144,36.99,9.510540008544922,1101.0,0.0,1367.0,0.0002920656406786,100.0,45.22420501708984,222.0,0.0
739,0.0,1892.0,0.0788980424404144,36.99,9.510540008544922,1101.0,0.0,1367.0,0.0002920656406786,100.0,45.22420501708984,222.0,0.0
740,0.0,1892.0,0.1337316930294037,36.99,9.50629425048828,1251.0,0.0,1367.0,0.0003097323351539,100.0,45.17316055297851,111.0,0.0
741,0.0,1892.0,0.1337316930294037,36.99,9.50629425048828,1251.0,0.0,1367.0,0.0003097323351539,100.0,45.17316055297851,111.0,0.0
742,0.0,1892.0,0.1337316930294037,36.99,9.50629425048828,1251.0,0.0,1367.0,0.0003097323351539,100.0,45.17316055297851,111.0,0.0
743,0.0,1892.0,0.1337316930294037,36.99,9.50629425048828,1251.0,0.0,1367.0,0.0003097323351539,100.0,45.17316055297851,111.0,0.0
744,0.0,1892.0,0.1337316930294037,36.99,9.50629425048828,1251.0,0.0,1367.0,0.0003097323351539,100.0,45.17316055297851,111.0,0.0
745,0.0,1892.0,0.1492289155721664,36.99,9.500844955444336,1264.0,0.0,1367.0,0.0001741552405292,100.0,45.09920501708984,111.0,0.0
746,0.0,1892.0,0.1492289155721664,36.99,9.500844955444336,1264.0,0.0,1367.0,0.0001741552405292,100.0,45.09920501708984,111.0,0.0
747,0.0,1892.0,0.1492289155721664,36.99,9.500844955444336,1264.0,0.0,1367.0,0.0001741552405292,100.0,45.09920501708984,111.0,0.0
748,0.0,1892.0,0.1492289155721664,36.99,9.500844955444336,1264.0,0.0,1367.0,0.0001741552405292,100.0,45.09920501708984,111.0,0.0
749,0.0,1892.0,0.1492289155721664,36.99,9.500844955444336,1264.0,0.0,1367.0,0.0001741552405292,100.0,45.09920501708984,111.0,0.0
750,0.0,1892.0,0.1513483822345733,36.99,9.51667022705078,1345.0,0.0,1367.0,0.0001804943167371,100.0,44.93045425415039,111.0,0.0
751,0.0,1892.0,0.1513483822345733,36.99,9.51667022705078,1345.0,0.0,1367.0,0.0001804943167371,100.0,44.93045425415039,111.0,0.0
752,0.0,1892.0,0.1513483822345733,36.99,9.51667022705078,1345.0,0.0,1367.0,0.0001804943167371,100.0,44.93045425415039,111.0,0.0
753,0.0,1892.0,0.1513483822345733,36.99,9.51667022705078,1345.0,0.0,1367.0,0.0001804943167371,100.0,44.93045425415039,111.0,0.0
754,0.0,1892.0,0.1513483822345733,36.99,9.51667022705078,1345.0,0.0,1367.0,0.0001804943167371,100.0,44.93045425415039,111.0,0.0
755,0.0,1892.0,0.1513483822345733,36.99,9.51667022705078,1345.0,0.0,1367.0,0.0001804943167371,100.0,44.93045425415039,111.0,0.0
756,0.0,1892.0,0.1055720075964927,36.99,9.49991226196289,1157.0,0.0,1367.0,0.0002311126881977,100.0,5.8734002113342285,111.0,0.0
757,0.0,1892.0,0.1055720075964927,36.99,9.49991226196289,1157.0,0.0,1367.0,0.0002311126881977,100.0,5.8734002113342285,111.0,0.0
758,0.0,1892.0,0.1055720075964927,36.99,9.49991226196289,1157.0,0.0,1367.0,0.0002311126881977,100.0,5.8734002113342285,111.0,0.0
759,0.0,1892.0,0.1055720075964927,36.99,9.49991226196289,1157.0,0.0,1367.0,0.0002311126881977,100.0,5.8734002113342285,111.0,0.0
760,0.0,1892.0,0.1055720075964927,36.99,9.49991226196289,1157.0,0.0,1367.0,0.0002311126881977,100.0,5.8734002113342285,111.0,0.0
761,0.0,1892.0,0.0890389829874038,36.99,9.488529205322266,1148.0,0.0,1367.0,0.000121124117868,100.0,44.97420120239258,111.0,0.0
762,0.0,1892.0,0.0890389829874038,36.99,9.488529205322266,1148.0,0.0,1367.0,0.000121124117868,100.0,44.97420120239258,111.0,0.0
763,0.0,1892.0,0.0890389829874038,36.99,9.488529205322266,1148.0,0.0,1367.0,0.000121124117868,100.0,44.97420120239258,111.0,0.0
764,0.0,1892.0,0.0890389829874038,36.99,9.488529205322266,1148.0,0.0,1367.0,0.000121124117868,100.0,44.97420120239258,111.0,0.0
765,0.0,1892.0,0.0890389829874038,36.99,9.488529205322266,1148.0,0.0,1367.0,0.000121124117868,100.0,44.97420120239258,111.0,0.0
766,0.0,1892.0,0.4993935227394104,36.99,9.49106788635254,1693.0,0.0,1367.0,0.0003248013672418,100.0,5.8734002113342285,111.0,0.0
767,0.0,1892.0,0.4993935227394104,36.99,9.49106788635254,1693.0,0.0,1367.0,0.0003248013672418,100.0,5.8734002113342285,111.0,0.0
768,0.0,1892.0,0.4993935227394104,36.99,9.49106788635254,1693.0,0.0,1367.0,0.0003248013672418,100.0,5.8734002113342285,111.0,0.0
769,0.0,1892.0,0.4993935227394104,36.99,9.49106788635254,1693.0,0.0,1367.0,0.0003248013672418,100.0,5.8734002113342285,111.0,0.0
770,0.0,1892.0,0.4993935227394104,36.99,9.49106788635254,1693.0,0.0,1367.0,0.0003248013672418,100.0,5.8734002113342285,111.0,0.0
771,0.0,1892.0,0.1910499036312103,36.99,9.522653579711914,1415.0,0.0,1367.0,0.0,100.0,44.80857849121094,0.0,0.0
772,0.0,1892.0,0.1910499036312103,36.99,9.522653579711914,1415.0,0.0,1367.0,0.0,100.0,44.80857849121094,0.0,0.0
773,0.0,1892.0,0.1910499036312103,36.99,9.522653579711914,1415.0,0.0,1367.0,0.0,100.0,44.80857849121094,0.0,0.0
774,0.0,1892.0,0.1910499036312103,36.99,9.522653579711914,1415.0,0.0,1367.0,0.0,100.0,44.80857849121094,0.0,0.0
775,0.0,1892.0,0.1910499036312103,36.99,9.522653579711914,1415.0,0.0,1367.0,0.0,100.0,44.80857849121094,0.0,0.0
776,0.0,1892.0,0.2422956377267837,36.99,9.51248550415039,1260.0,0.0,1367.0,0.0,100.0,5.8734002113342285,0.0,0.0
777,0.0,1892.0,0.2422956377267837,36.99,9.51248550415039,1260.0,0.0,1367.0,0.0,100.0,5.8734002113342285,0.0,0.0
778,0.0,1892.0,0.2422956377267837,36.99,9.51248550415039,1260.0,0.0,1367.0,0.0,100.0,5.8734002113342285,0.0,0.0
779,0.0,1892.0,0.2422956377267837,36.99,9.51248550415039,1260.0,0.0,1367.0,0.0,100.0,5.8734002113342285,0.0,0.0
780,0.0,1892.0,0.2422956377267837,36.99,9.51248550415039,1260.0,0.0,1367.0,0.0,100.0,5.8734002113342285,0.0,0.0
781,0.0,1892.0,0.2422956377267837,36.99,9.51248550415039,1260.0,0.0,1367.0,0.0,100.0,5.8734002113342285,0.0,0.0
782,0.0,1892.0,0.1745122671127319,36.99,9.487812995910645,1390.0,0.0,1367.0,0.0001804744388209,100.0,5.8734002113342285,111.0,0.0
783,0.0,1892.0,0.1745122671127319,36.99,9.487812995910645,1390.0,0.0,1367.0,0.0001804744388209,100.0,5.8734002113342285,111.0,0.0
784,0.0,1892.0,0.1745122671127319,36.99,9.487812995910645,1390.0,0.0,1367.0,0.0001804744388209,100.0,5.8734002113342285,111.0,0.0
785,0.0,1892.0,0.1745122671127319,36.99,9.487812995910645,1390.0,0.0,1367.0,0.0001804744388209,100.0,5.8734002113342285,111.0,0.0
786,0.0,1892.0,0.1745122671127319,36.99,9.487812995910645,1390.0,0.0,1367.0,0.0001804744388209,100.0,5.8734002113342285,111.0,0.0
787,0.0,1892.0,0.0816973522305488,36.99,9.47050952911377,1123.0,0.0,1367.0,0.0004648200701922,100.0,44.625762939453125,222.0,0.0
788,0.0,1892.0,0.0816973522305488,36.99,9.47050952911377,1123.0,0.0,1367.0,0.0004648200701922,100.0,44.625762939453125,222.0,0.0
789,0.0,1892.0,0.0816973522305488,36.99,9.47050952911377,1123.0,0.0,1367.0,0.0004648200701922,100.0,44.625762939453125,222.0,0.0
790,0.0,1892.0,0.0816973522305488,36.99,9.47050952911377,1123.0,0.0,1367.0,0.0004648200701922,100.0,44.625762939453125,222.0,0.0
791,0.0,1892.0,0.0816973522305488,36.99,9.47050952911377,1123.0,0.0,1367.0,0.0004648200701922,100.0,44.625762939453125,222.0,0.0
792,0.0,1892.0,0.1074970737099647,36.99,9.470792770385742,1161.0,0.0,1367.0,0.0001873976871138,100.0,44.64295196533203,111.0,0.0
793,0.0,1892.0,0.1074970737099647,36.99,9.470792770385742,1161.0,0.0,1367.0,0.0001873976871138,100.0,44.64295196533203,111.0,0.0
794,0.0,1892.0,0.1074970737099647,36.99,9.470792770385742,1161.0,0.0,1367.0,0.0001873976871138,100.0,44.64295196533203,111.0,0.0
795,0.0,1892.0,0.1074970737099647,36.99,9.470792770385742,1161.0,0.0,1367.0,0.0001873976871138,100.0,44.64295196533203,111.0,0.0
796,0.0,1892.0,0.1074970737099647,36.99,9.470792770385742,1161.0,0.0,1367.0,0.0001873976871138,100.0,44.64295196533203,111.0,0.0
797,0.0,1892.0,0.1074970737099647,36.99,9.470792770385742,1161.0,0.0,1367.0,0.0001873976871138,100.0,44.64295196533203,111.0,0.0
798,0.0,1892.0,0.1458137929439544,36.99,9.467754364013672,1246.0,0.0,1367.0,0.002578895073384,100.0,44.625762939453125,222.0,0.0
799,0.0,1892.0,0.1458137929439544,36.99,9.467754364013672,1246.0,0.0,1367.0,0.002578895073384,100.0,44.625762939453125,222.0,0.0
800,0.0,1892.0,0.1458137929439544,36.99,9.467754364013672,1246.0,0.0,1367.0,0.002578895073384,100.0,44.625762939453125,222.0,0.0
801,0.0,1892.0,0.1458137929439544,36.99,9.467754364013672,1246.0,0.0,1367.0,0.002578895073384,100.0,44.625762939453125,222.0,0.0
802,0.0,1892.0,0.1458137929439544,36.99,9.467754364013672,1246.0,0.0,1367.0,0.002578895073384,100.0,44.625762939453125,222.0,0.0
803,0.0,1892.0,0.1793389469385147,36.99,9.459117889404297,1310.0,0.0,1367.0,0.0135483685880899,100.0,44.60771942138672,222.0,0.0
804,0.0,1892.0,0.1793389469385147,36.99,9.459117889404297,1310.0,0.0,1367.0,0.0135483685880899,100.0,44.60771942138672,222.0,0.0
805,0.0,1892.0,0.1793389469385147,36.99,9.459117889404297,1310.0,0.0,1367.0,0.0135483685880899,100.0,44.60771942138672,222.0,0.0
806,0.0,1892.0,0.1793389469385147,36.99,9.459117889404297,1310.0,0.0,1367.0,0.0135483685880899,100.0,44.60771942138672,222.0,0.0
807,0.0,1892.0,0.1793389469385147,36.99,9.459117889404297,1310.0,0.0,1367.0,0.0135483685880899,100.0,44.60771942138672,222.0,0.0
808,0.0,1892.0,0.1925307363271713,36.99,9.479804039001465,1525.0,0.0,1367.0,0.0018010913627222,100.0,44.59696578979492,111.0,0.0
809,0.0,1892.0,0.1925307363271713,36.99,9.479804039001465,1525.0,0.0,1367.0,0.0018010913627222,100.0,44.59696578979492,111.0,0.0
810,0.0,1892.0,0.1925307363271713,36.99,9.479804039001465,1525.0,0.0,1367.0,0.0018010913627222,100.0,44.59696578979492,111.0,0.0
811,0.0,1892.0,0.1925307363271713,36.99,9.479804039001465,1525.0,0.0,1367.0,0.0018010913627222,100.0,44.59696578979492,111.0,0.0
812,0.0,1892.0,0.1925307363271713,36.99,9.479804039001465,1525.0,0.0,1367.0,0.0018010913627222,100.0,44.59696578979492,111.0,0.0
813,0.0,1892.0,0.4664420485496521,36.99,9.471417427062988,1493.0,0.0,1367.0,0.0110247172415256,100.0,44.50545501708984,222.0,0.0
814,0.0,1892.0,0.4664420485496521,36.99,9.471417427062988,1493.0,0.0,1367.0,0.0110247172415256,100.0,44.50545501708984,222.0,0.0
815,0.0,1892.0,0.4664420485496521,36.99,9.471417427062988,1493.0,0.0,1367.0,0.0110247172415256,100.0,44.50545501708984,222.0,0.0
816,0.0,1892.0,0.4664420485496521,36.99,9.471417427062988,1493.0,0.0,1367.0,0.0110247172415256,100.0,44.50545501708984,222.0,0.0
817,0.0,1892.0,0.4664420485496521,36.99,9.471417427062988,1493.0,0.0,1367.0,0.0110247172415256,100.0,44.50545501708984,222.0,0.0
818,0.0,1892.0,0.0740599185228347,36.99,9.47520923614502,1130.0,0.0,1367.0,0.0,100.0,5.8734002113342285,0.0,0.0
819,0.0,1892.0,0.0740599185228347,36.99,9.47520923614502,1130.0,0.0,1367.0,0.0,100.0,5.8734002113342285,0.0,0.0
820,0.0,1892.0,0.0740599185228347,36.99,9.47520923614502,1130.0,0.0,1367.0,0.0,100.0,5.8734002113342285,0.0,0.0
821,0.0,1892.0,0.0740599185228347,36.99,9.47520923614502,1130.0,0.0,1367.0,0.0,100.0,5.8734002113342285,0.0,0.0
822,0.0,1892.0,0.0740599185228347,36.99,9.47520923614502,1130.0,0.0,1367.0,0.0,100.0,5.8734002113342285,0.0,0.0
823,0.0,1892.0,0.0740599185228347,36.99,9.47520923614502,1130.0,0.0,1367.0,0.0,100.0,5.8734002113342285,0.0,0.0
824,0.0,1892.0,0.2291414588689804,36.99,9.45212173461914,1184.0,0.0,1367.0,0.0001707590126898,100.0,44.30545425415039,111.0,0.0
825,0.0,1892.0,0.2291414588689804,36.99,9.45212173461914,1184.0,0.0,1367.0,0.0001707590126898,100.0,44.30545425415039,111.0,0.0
826,0.0,1892.0,0.2291414588689804,36.99,9.45212173461914,1184.0,0.0,1367.0,0.0001707590126898,100.0,44.30545425415039,111.0,0.0
827,0.0,1892.0,0.2291414588689804,36.99,9.45212173461914,1184.0,0.0,1367.0,0.0001707590126898,100.0,44.30545425415039,111.0,0.0
828,0.0,1892.0,0.2291414588689804,36.99,9.45212173461914,1184.0,0.0,1367.0,0.0001707590126898,100.0,44.30545425415039,111.0,0.0
829,0.0,1892.0,0.1615377366542816,36.99,9.443734169006348,1230.0,0.0,1367.0,0.0001831527188187,100.0,5.8734002113342285,111.0,0.0
830,0.0,1892.0,0.1615377366542816,36.99,9.443734169006348,1230.0,0.0,1367.0,0.0001831527188187,100.0,5.8734002113342285,111.0,0.0
831,0.0,1892.0,0.1615377366542816,36.99,9.443734169006348,1230.0,0.0,1367.0,0.0001831527188187,100.0,5.8734002113342285,111.0,0.0
832,0.0,1892.0,0.1615377366542816,36.99,9.443734169006348,1230.0,0.0,1367.0,0.0001831527188187,100.0,5.8734002113342285,111.0,0.0
833,0.0,1892.0,0.1615377366542816,36.99,9.443734169006348,1230.0,0.0,1367.0,0.0001831527188187,100.0,5.8734002113342285,111.0,0.0
834,0.0,1892.0,0.121632270514965,36.99,9.463186264038086,1255.0,0.0,1367.0,0.0006688744761049,100.0,44.30545425415039,151.0,0.0
835,0.0,1892.0,0.121632270514965,36.99,9.463186264038086,1255.0,0.0,1367.0,0.0006688744761049,100.0,44.30545425415039,151.0,0.0
836,0.0,1892.0,0.121632270514965,36.99,9.463186264038086,1255.0,0.0,1367.0,0.0006688744761049,100.0,44.30545425415039,151.0,0.0
837,0.0,1892.0,0.121632270514965,36.99,9.463186264038086,1255.0,0.0,1367.0,0.0006688744761049,100.0,44.30545425415039,151.0,0.0
838,0.0,1892.0,0.121632270514965,36.99,9.463186264038086,1255.0,0.0,1367.0,0.0006688744761049,100.0,44.30545425415039,151.0,0.0
839,0.0,1892.0,0.1738394349813461,36.99,9.454734802246094,1337.0,0.0,1367.0,0.0,100.0,44.27628326416016,0.0,0.0
840,0.0,1892.0,0.1738394349813461,36.99,9.454734802246094,1337.0,0.0,1367.0,0.0,100.0,44.27628326416016,0.0,0.0
841,0.0,1892.0,0.1738394349813461,36.99,9.454734802246094,1337.0,0.0,1367.0,0.0,100.0,44.27628326416016,0.0,0.0
842,0.0,1892.0,0.1738394349813461,36.99,9.454734802246094,1337.0,0.0,1367.0,0.0,100.0,44.27628326416016,0.0,0.0
843,0.0,1892.0,0.1738394349813461,36.99,9.454734802246094,1337.0,0.0,1367.0,0.0,100.0,44.27628326416016,0.0,0.0
844,0.0,1892.0,0.1738394349813461,36.99,9.454734802246094,1337.0,0.0,1367.0,0.0,100.0,44.27628326416016,0.0,0.0
845,0.0,1892.0,0.1835846453905105,36.99,9.454410552978516,1355.0,0.0,1367.0,0.0,100.0,5.8734002113342285,0.0,0.0
846,0.0,1892.0,0.1835846453905105,36.99,9.454410552978516,1355.0,0.0,1367.0,0.0,100.0,5.8734002113342285,0.0,0.0
847,0.0,1892.0,0.1835846453905105,36.99,9.454410552978516,1355.0,0.0,1367.0,0.0,100.0,5.8734002113342285,0.0,0.0
848,0.0,1892.0,0.1835846453905105,36.99,9.454410552978516,1355.0,0.0,1367.0,0.0,100.0,5.8734002113342285,0.0,0.0
849,0.0,1892.0,0.1835846453905105,36.99,9.454410552978516,1355.0,0.0,1367.0,0.0,100.0,5.8734002113342285,0.0,0.0
850,0.0,1892.0,0.0776433274149894,36.99,9.45425796508789,1149.0,0.0,1367.0,5.308333129505627e-05,100.0,5.8734002113342285,111.0,0.0
851,0.0,1892.0,0.0776433274149894,36.99,9.45425796508789,1149.0,0.0,1367.0,5.308333129505627e-05,100.0,5.8734002113342285,111.0,0.0
852,0.0,1892.0,0.0776433274149894,36.99,9.45425796508789,1149.0,0.0,1367.0,5.308333129505627e-05,100.0,5.8734002113342285,111.0,0.0
853,0.0,1892.0,0.0776433274149894,36.99,9.45425796508789,1149.0,0.0,1367.0,5.308333129505627e-05,100.0,5.8734002113342285,111.0,0.0
854,0.0,1892.0,0.0776433274149894,36.99,9.45425796508789,1149.0,0.0,1367.0,5.308333129505627e-05,100.0,5.8734002113342285,111.0,0.0
855,0.0,1892.0,0.0728292018175125,36.99,9.436574935913086,1134.0,0.0,1367.0,0.0001840807817643,100.0,44.30857849121094,111.0,0.0
856,0.0,1892.0,0.0728292018175125,36.99,9.436574935913086,1134.0,0.0,1367.0,0.0001840807817643,100.0,44.30857849121094,111.0,0.0
857,0.0,1892.0,0.0728292018175125,36.99,9.436574935913086,1134.0,0.0,1367.0,0.0001840807817643,100.0,44.30857849121094,111.0,0.0
858,0.0,1892.0,0.0728292018175125,36.99,9.436574935913086,1134.0,0.0,1367.0,0.0001840807817643,100.0,44.30857849121094,111.0,0.0
859,0.0,1892.0,0.0728292018175125,36.99,9.436574935913086,1134.0,0.0,1367.0,0.0001840807817643,100.0,44.30857849121094,111.0,0.0
860,0.0,1892.0,0.1030057147145271,36.99,9.430087089538574,1130.0,0.0,1367.0,0.0002963745500892,100.0,44.15285110473633,111.0,0.0
861,0.0,1892.0,0.1030057147145271,36.99,9.430087089538574,1130.0,0.0,1367.0,0.0002963745500892,100.0,44.15285110473633,111.0,0.0
862,0.0,1892.0,0.1030057147145271,36.99,9.430087089538574,1130.0,0.0,1367.0,0.0002963745500892,100.0,44.15285110473633,111.0,0.0
863,0.0,1892.0,0.1030057147145271,36.99,9.430087089538574,1130.0,0.0,1367.0,0.0002963745500892,100.0,44.15285110473633,111.0,0.0
864,0.0,1892.0,0.1030057147145271,36.99,9.430087089538574,1130.0,0.0,1367.0,0.0002963745500892,100.0,44.15285110473633,111.0,0.0
865,0.0,1892.0,0.1030057147145271,36.99,9.430087089538574,1130.0,0.0,1367.0,0.0002963745500892,100.0,44.15285110473633,111.0,0.0
866,0.0,1892.0,0.0855619832873344,36.99,9.429621696472168,1161.0,0.0,1367.0,0.0001663133734837,100.0,44.01170349121094,111.0,0.0
867,0.0,1892.0,0.0855619832873344,36.99,9.429621696472168,1161.0,0.0,1367.0,0.0001663133734837,100.0,44.01170349121094,111.0,0.0
868,0.0,1892.0,0.0855619832873344,36.99,9.429621696472168,1161.0,0.0,1367.0,0.0001663133734837,100.0,44.01170349121094,111.0,0.0
869,0.0,1892.0,0.0855619832873344,36.99,9.429621696472168,1161.0,0.0,1367.0,0.0001663133734837,100.0,44.01170349121094,111.0,0.0
870,0.0,1892.0,0.0855619832873344,36.99,9.429621696472168,1161.0,0.0,1367.0,0.0001663133734837,100.0,44.01170349121094,111.0,0.0
871,0.0,1892.0,0.1786293983459472,36.99,9.44131565093994,1414.0,0.0,1367.0,0.0002269423130201,100.0,43.97107696533203,111.0,0.0
872,0.0,1892.0,0.1786293983459472,36.99,9.44131565093994,1414.0,0.0,1367.0,0.0002269423130201,100.0,43.97107696533203,111.0,0.0
873,0.0,1892.0,0.1786293983459472,36.99,9.44131565093994,1414.0,0.0,1367.0,0.0002269423130201,100.0,43.97107696533203,111.0,0.0
874,0.0,1892.0,0.1786293983459472,36.99,9.44131565093994,1414.0,0.0,1367.0,0.0002269423130201,100.0,43.97107696533203,111.0,0.0
875,0.0,1892.0,0.1786293983459472,36.99,9.44131565093994,1414.0,0.0,1367.0,0.0002269423130201,100.0,43.97107696533203,111.0,0.0
876,0.0,1892.0,0.1477524489164352,36.99,9.434412002563477,1276.0,0.0,1367.0,0.0001261363649973,100.0,44.01170349121094,111.0,0.0
877,0.0,1892.0,0.1477524489164352,36.99,9.434412002563477,1276.0,0.0,1367.0,0.0001261363649973,100.0,44.01170349121094,111.0,0.0
878,0.0,1892.0,0.1477524489164352,36.99,9.434412002563477,1276.0,0.0,1367.0,0.0001261363649973,100.0,44.01170349121094,111.0,0.0
879,0.0,1892.0,0.1477524489164352,36.99,9.434412002563477,1276.0,0.0,1367.0,0.0001261363649973,100.0,44.01170349121094,111.0,0.0
880,0.0,1892.0,0.1477524489164352,36.99,9.434412002563477,1276.0,0.0,1367.0,0.0001261363649973,100.0,44.01170349121094,111.0,0.0
881,0.0,1892.0,0.1278963983058929,36.99,9.433950424194336,1299.0,0.0,1367.0,0.0005067202728241,100.0,43.96795272827149,222.0,0.0
882,0.0,1892.0,0.1278963983058929,36.99,9.433950424194336,1299.0,0.0,1367.0,0.0005067202728241,100.0,43.96795272827149,222.0,0.0
883,0.0,1892.0,0.1278963983058929,36.99,9.433950424194336,1299.0,0.0,1367.0,0.0005067202728241,100.0,43.96795272827149,222.0,0.0
884,0.0,1892.0,0.1278963983058929,36.99,9.433950424194336,1299.0,0.0,1367.0,0.0005067202728241,100.0,43.96795272827149,222.0,0.0
885,0.0,1892.0,0.1278963983058929,36.99,9.433950424194336,1299.0,0.0,1367.0,0.0005067202728241,100.0,43.96795272827149,222.0,0.0
886,0.0,1892.0,0.1278963983058929,36.99,9.433950424194336,1299.0,0.0,1367.0,0.0005067202728241,100.0,43.96795272827149,222.0,0.0
887,0.0,1892.0,0.0658944174647331,36.99,9.410743713378906,1137.0,0.0,1367.0,0.0,100.0,43.93045425415039,0.0,0.0
888,0.0,1892.0,0.0658944174647331,36.99,9.410743713378906,1137.0,0.0,1367.0,0.0,100.0,43.93045425415039,0.0,0.0
889,0.0,1892.0,0.0658944174647331,36.99,9.410743713378906,1137.0,0.0,1367.0,0.0,100.0,43.93045425415039,0.0,0.0
890,0.0,1892.0,0.0658944174647331,36.99,9.410743713378906,1137.0,0.0,1367.0,0.0,100.0,43.93045425415039,0.0,0.0
891,0.0,1892.0,0.0658944174647331,36.99,9.410743713378906,1137.0,0.0,1367.0,0.0,100.0,43.93045425415039,0.0,0.0
892,0.0,1892.0,0.1285977959632873,36.99,9.420821189880373,1322.0,0.0,1367.0,0.0001774807751644,100.0,43.79920196533203,111.0,0.0
893,0.0,1892.0,0.1285977959632873,36.99,9.420821189880373,1322.0,0.0,1367.0,0.0001774807751644,100.0,43.79920196533203,111.0,0.0
894,0.0,1892.0,0.1285977959632873,36.99,9.420821189880373,1322.0,0.0,1367.0,0.0001774807751644,100.0,43.79920196533203,111.0,0.0
895,0.0,1892.0,0.1285977959632873,36.99,9.420821189880373,1322.0,0.0,1367.0,0.0001774807751644,100.0,43.79920196533203,111.0,0.0
896,0.0,1892.0,0.1285977959632873,36.99,9.420821189880373,1322.0,0.0,1367.0,0.0001774807751644,100.0,43.79920196533203,111.0,0.0
897,0.0,1892.0,0.1074824929237365,36.99,9.426600456237791,1165.0,0.0,1367.0,0.0,100.0,5.8734002113342285,0.0,0.0
898,0.0,1892.0,0.1074824929237365,36.99,9.426600456237791,1165.0,0.0,1367.0,0.0,100.0,5.8734002113342285,0.0,0.0
899,0.0,1892.0,0.1074824929237365,36.99,9.426600456237791,1165.0,0.0,1367.0,0.0,100.0,5.8734002113342285,0.0,0.0
900,0.0,1892.0,0.1074824929237365,36.99,9.426600456237791,1165.0,0.0,1367.0,0.0,100.0,5.8734002113342285,0.0,0.0
901,0.0,1892.0,0.1074824929237365,36.99,9.426600456237791,1165.0,0.0,1367.0,0.0,100.0,5.8734002113342285,0.0,0.0
902,0.0,1892.0,0.2690910696983337,36.99,9.422255516052246,1558.0,0.0,1367.0,0.000279658997897,100.0,43.93045425415039,111.0,0.0
903,0.0,1892.0,0.2690910696983337,36.99,9.422255516052246,1558.0,0.0,1367.0,0.000279658997897,100.0,43.93045425415039,111.0,0.0
904,0.0,1892.0,0.2690910696983337,36.99,9.422255516052246,1558.0,0.0,1367.0,0.000279658997897,100.0,43.93045425415039,111.0,0.0
905,0.0,1892.0,0.2690910696983337,36.99,9.422255516052246,1558.0,0.0,1367.0,0.000279658997897,100.0,43.93045425415039,111.0,0.0
906,0.0,1892.0,0.2690910696983337,36.99,9.422255516052246,1558.0,0.0,1367.0,0.000279658997897,100.0,43.93045425415039,111.0,0.0
907,0.0,1892.0,0.2690910696983337,36.99,9.422255516052246,1558.0,0.0,1367.0,0.000279658997897,100.0,43.93045425415039,111.0,0.0
908,0.0,1892.0,0.3112205862998962,36.99,9.438735961914062,1245.0,0.0,1367.0,0.0002511179773136,100.0,43.84607696533203,222.0,0.0
909,0.0,1892.0,0.3112205862998962,36.99,9.438735961914062,1245.0,0.0,1367.0,0.0002511179773136,100.0,43.84607696533203,222.0,0.0
910,0.0,1892.0,0.3112205862998962,36.99,9.438735961914062,1245.0,0.0,1367.0,0.0002511179773136,100.0,43.84607696533203,222.0,0.0
911,0.0,1892.0,0.3112205862998962,36.99,9.438735961914062,1245.0,0.0,1367.0,0.0002511179773136,100.0,43.84607696533203,222.0,0.0
912,0.0,1892.0,0.3112205862998962,36.99,9.438735961914062,1245.0,0.0,1367.0,0.0002511179773136,100.0,43.84607696533203,222.0,0.0
913,0.0,1892.0,0.1648087203502655,36.99,9.419361114501951,1166.0,0.0,1367.0,0.000322739535477,100.0,43.73826599121094,111.0,0.0
914,0.0,1892.0,0.1648087203502655,36.99,9.419361114501951,1166.0,0.0,1367.0,0.000322739535477,100.0,43.73826599121094,111.0,0.0
915,0.0,1892.0,0.1648087203502655,36.99,9.419361114501951,1166.0,0.0,1367.0,0.000322739535477,100.0,43.73826599121094,111.0,0.0
916,0.0,1892.0,0.1648087203502655,36.99,9.419361114501951,1166.0,0.0,1367.0,0.000322739535477,100.0,43.73826599121094,111.0,0.0
917,0.0,1892.0,0.1648087203502655,36.99,9.419361114501951,1166.0,0.0,1367.0,0.000322739535477,100.0,43.73826599121094,111.0,0.0
918,0.0,1892.0,0.0783013254404068,36.99,9.404733657836914,1075.0,0.0,1367.0,0.0,100.0,43.67420196533203,0.0,0.0
919,0.0,1892.0,0.0783013254404068,36.99,9.404733657836914,1075.0,0.0,1367.0,0.0,100.0,43.67420196533203,0.0,0.0
920,0.0,1892.0,0.0783013254404068,36.99,9.404733657836914,1075.0,0.0,1367.0,0.0,100.0,43.67420196533203,0.0,0.0
921,0.0,1892.0,0.0783013254404068,36.99,9.404733657836914,1075.0,0.0,1367.0,0.0,100.0,43.67420196533203,0.0,0.0
922,0.0,1892.0,0.0783013254404068,36.99,9.404733657836914,1075.0,0.0,1367.0,0.0,100.0,43.67420196533203,0.0,0.0
923,0.0,1892.0,0.3439626693725586,36.99,9.407246589660645,1224.0,0.0,1367.0,0.0,100.0,5.8734002113342285,0.0,0.0
924,0.0,1892.0,0.3439626693725586,36.99,9.407246589660645,1224.0,0.0,1367.0,0.0,100.0,5.8734002113342285,0.0,0.0
925,0.0,1892.0,0.3439626693725586,36.99,9.407246589660645,1224.0,0.0,1367.0,0.0,100.0,5.8734002113342285,0.0,0.0
926,0.0,1892.0,0.3439626693725586,36.99,9.407246589660645,1224.0,0.0,1367.0,0.0,100.0,5.8734002113342285,0.0,0.0
927,0.0,1892.0,0.3439626693725586,36.99,9.407246589660645,1224.0,0.0,1367.0,0.0,100.0,5.8734002113342285,0.0,0.0
928,0.0,1892.0,0.3439626693725586,36.99,9.407246589660645,1224.0,0.0,1367.0,0.0,100.0,5.8734002113342285,0.0,0.0
929,0.0,1892.0,0.0807253718376159,36.99,9.39424991607666,1159.0,0.0,1367.0,0.0001780376478563,100.0,5.8734002113342285,111.0,0.0
930,0.0,1892.0,0.0807253718376159,36.99,9.39424991607666,1159.0,0.0,1367.0,0.0001780376478563,100.0,5.8734002113342285,111.0,0.0
931,0.0,1892.0,0.0807253718376159,36.99,9.39424991607666,1159.0,0.0,1367.0,0.0001780376478563,100.0,5.8734002113342285,111.0,0.0
932,0.0,1892.0,0.0807253718376159,36.99,9.39424991607666,1159.0,0.0,1367.0,0.0001780376478563,100.0,5.8734002113342285,111.0,0.0
933,0.0,1892.0,0.0807253718376159,36.99,9.39424991607666,1159.0,0.0,1367.0,0.0001780376478563,100.0,5.8734002113342285,111.0,0.0
934,0.0,1892.0,0.1899261474609375,36.99,9.39254379272461,1361.0,0.0,1367.0,0.0002323873195564,100.0,43.75857925415039,168.0,0.0
935,0.0,1892.0,0.1899261474609375,36.99,9.39254379272461,1361.0,0.0,1367.0,0.0002323873195564,100.0,43.75857925415039,168.0,0.0
936,0.0,1892.0,0.1899261474609375,36.99,9.39254379272461,1361.0,0.0,1367.0,0.0002323873195564,100.0,43.75857925415039,168.0,0.0
937,0.0,1892.0,0.1899261474609375,36.99,9.39254379272461,1361.0,0.0,1367.0,0.0002323873195564,100.0,43.75857925415039,168.0,0.0
938,0.0,1892.0,0.1899261474609375,36.99,9.39254379272461,1361.0,0.0,1367.0,0.0002323873195564,100.0,43.75857925415039,168.0,0.0
939,0.0,1892.0,0.1042338460683822,36.99,9.400498390197754,1119.0,0.0,1367.0,0.0,100.0,43.67420196533203,0.0,0.0
940,0.0,1892.0,0.1042338460683822,36.99,9.400498390197754,1119.0,0.0,1367.0,0.0,100.0,43.67420196533203,0.0,0.0
941,0.0,1892.0,0.1042338460683822,36.99,9.400498390197754,1119.0,0.0,1367.0,0.0,100.0,43.67420196533203,0.0,0.0
942,0.0,1892.0,0.1042338460683822,36.99,9.400498390197754,1119.0,0.0,1367.0,0.0,100.0,43.67420196533203,0.0,0.0
943,0.0,1892.0,0.1042338460683822,36.99,9.400498390197754,1119.0,0.0,1367.0,0.0,100.0,43.67420196533203,0.0,0.0
944,0.0,1892.0,0.12056515365839,36.99,9.394132614135742,1232.0,0.0,1367.0,0.0,100.0,5.8734002113342285,0.0,0.0
945,0.0,1892.0,0.12056515365839,36.99,9.394132614135742,1232.0,0.0,1367.0,0.0,100.0,5.8734002113342285,0.0,0.0
946,0.0,1892.0,0.12056515365839,36.99,9.394132614135742,1232.0,0.0,1367.0,0.0,100.0,5.8734002113342285,0.0,0.0
947,0.0,1892.0,0.12056515365839,36.99,9.394132614135742,1232.0,0.0,1367.0,0.0,100.0,5.8734002113342285,0.0,0.0
948,0.0,1892.0,0.12056515365839,36.99,9.394132614135742,1232.0,0.0,1367.0,0.0,100.0,5.8734002113342285,0.0,0.0
949,0.0,1892.0,0.12056515365839,36.99,9.394132614135742,1232.0,0.0,1367.0,0.0,100.0,5.8734002113342285,0.0,0.0
950,0.0,1892.0,0.1074751392006874,36.99,9.37901782989502,1167.0,0.0,1367.0,0.0,100.0,5.8734002113342285,0.0,0.0
951,0.0,1892.0,0.1074751392006874,36.99,9.37901782989502,1167.0,0.0,1367.0,0.0,100.0,5.8734002113342285,0.0,0.0
952,0.0,1892.0,0.1074751392006874,36.99,9.37901782989502,1167.0,0.0,1367.0,0.0,100.0,5.8734002113342285,0.0,0.0
953,0.0,1892.0,0.1074751392006874,36.99,9.37901782989502,1167.0,0.0,1367.0,0.0,100.0,5.8734002113342285,0.0,0.0
954,0.0,1892.0,0.1074751392006874,36.99,9.37901782989502,1167.0,0.0,1367.0,0.0,100.0,5.8734002113342285,0.0,0.0
955,0.0,1892.0,0.0857274830341339,36.99,9.377217292785645,1200.0,0.0,1367.0,0.0,100.0,5.8734002113342285,0.0,0.0
956,0.0,1892.0,0.0857274830341339,36.99,9.377217292785645,1200.0,0.0,1367.0,0.0,100.0,5.8734002113342285,0.0,0.0
957,0.0,1892.0,0.0857274830341339,36.99,9.377217292785645,1200.0,0.0,1367.0,0.0,100.0,5.8734002113342285,0.0,0.0
958,0.0,1892.0,0.0857274830341339,36.99,9.377217292785645,1200.0,0.0,1367.0,0.0,100.0,5.8734002113342285,0.0,0.0
959,0.0,1892.0,0.0857274830341339,36.99,9.377217292785645,1200.0,0.0,1367.0,0.0,100.0,5.8734002113342285,0.0,0.0
960,0.0,1892.0,0.1784147173166275,36.99,9.397156715393066,1338.0,0.0,1367.0,0.000277016981272,100.0,43.50857925415039,111.0,0.0
961,0.0,1892.0,0.1784147173166275,36.99,9.397156715393066,1338.0,0.0,1367.0,0.000277016981272,100.0,43.50857925415039,111.0,0.0
962,0.0,1892.0,0.1784147173166275,36.99,9.397156715393066,1338.0,0.0,1367.0,0.000277016981272,100.0,43.50857925415039,111.0,0.0
963,0.0,1892.0,0.1784147173166275,36.99,9.397156715393066,1338.0,0.0,1367.0,0.000277016981272,100.0,43.50857925415039,111.0,0.0
964,0.0,1892.0,0.1784147173166275,36.99,9.397156715393066,1338.0,0.0,1367.0,0.000277016981272,100.0,43.50857925415039,111.0,0.0
965,0.0,1892.0,0.2174402475357055,36.99,9.403902053833008,1365.0,0.0,1367.0,0.0,100.0,5.8734002113342285,0.0,0.0
966,0.0,1892.0,0.2174402475357055,36.99,9.403902053833008,1365.0,0.0,1367.0,0.0,100.0,5.8734002113342285,0.0,0.0
967,0.0,1892.0,0.2174402475357055,36.99,9.403902053833008,1365.0,0.0,1367.0,0.0,100.0,5.8734002113342285,0.0,0.0
968,0.0,1892.0,0.2174402475357055,36.99,9.403902053833008,1365.0,0.0,1367.0,0.0,100.0,5.8734002113342285,0.0,0.0
969,0.0,1892.0,0.2174402475357055,36.99,9.403902053833008,1365.0,0.0,1367.0,0.0,100.0,5.8734002113342285,0.0,0.0
970,0.0,1892.0,0.2174402475357055,36.99,9.403902053833008,1365.0,0.0,1367.0,0.0,100.0,5.8734002113342285,0.0,0.0
971,0.0,1892.0,0.154926910996437,36.99,9.389342308044434,1272.0,0.0,1367.0,0.0,100.0,5.8734002113342285,0.0,0.0
972,0.0,1892.0,0.154926910996437,36.99,9.389342308044434,1272.0,0.0,1367.0,0.0,100.0,5.8734002113342285,0.0,0.0
973,0.0,1892.0,0.154926910996437,36.99,9.389342308044434,1272.0,0.0,1367.0,0.0,100.0,5.8734002113342285,0.0,0.0
974,0.0,1892.0,0.154926910996437,36.99,9.389342308044434,1272.0,0.0,1367.0,0.0,100.0,5.8734002113342285,0.0,0.0
975,0.0,1892.0,0.154926910996437,36.99,9.389342308044434,1272.0,0.0,1367.0,0.0,100.0,5.8734002113342285,0.0,0.0
976,0.0,1892.0,0.058754839003086,36.99,9.372417449951172,1069.0,0.0,1367.0,0.0,100.0,5.8734002113342285,0.0,0.0
977,0.0,1892.0,0.058754839003086,36.99,9.372417449951172,1069.0,0.0,1367.0,0.0,100.0,5.8734002113342285,0.0,0.0
978,0.0,1892.0,0.058754839003086,36.99,9.372417449951172,1069.0,0.0,1367.0,0.0,100.0,5.8734002113342285,0.0,0.0
979,0.0,1892.0,0.058754839003086,36.99,9.372417449951172,1069.0,0.0,1367.0,0.0,100.0,5.8734002113342285,0.0,0.0
980,0.0,1892.0,0.058754839003086,36.99,9.372417449951172,1069.0,0.0,1367.0,0.0,100.0,5.8734002113342285,0.0,0.0
981,0.0,1892.0,0.134153202176094,36.99,9.364001274108888,1231.0,0.0,1367.0,0.0003164990339428,100.0,5.8734002113342285,111.0,0.0
982,0.0,1892.0,0.134153202176094,36.99,9.364001274108888,1231.0,0.0,1367.0,0.0003164990339428,100.0,5.8734002113342285,111.0,0.0
983,0.0,1892.0,0.134153202176094,36.99,9.364001274108888,1231.0,0.0,1367.0,0.0003164990339428,100.0,5.8734002113342285,111.0,0.0
984,0.0,1892.0,0.134153202176094,36.99,9.364001274108888,1231.0,0.0,1367.0,0.0003164990339428,100.0,5.8734002113342285,111.0,0.0
985,0.0,1892.0,0.134153202176094,36.99,9.364001274108888,1231.0,0.0,1367.0,0.0003164990339428,100.0,5.8734002113342285,111.0,0.0
986,0.0,1892.0,0.0636719167232513,36.99,9.377209663391112,1064.0,0.0,1367.0,0.0,100.0,43.38357925415039,0.0,0.0
987,0.0,1892.0,0.0636719167232513,36.99,9.377209663391112,1064.0,0.0,1367.0,0.0,100.0,43.38357925415039,0.0,0.0
988,0.0,1892.0,0.0636719167232513,36.99,9.377209663391112,1064.0,0.0,1367.0,0.0,100.0,43.38357925415039,0.0,0.0
989,0.0,1892.0,0.0636719167232513,36.99,9.377209663391112,1064.0,0.0,1367.0,0.0,100.0,43.38357925415039,0.0,0.0
990,0.0,1892.0,0.0636719167232513,36.99,9.377209663391112,1064.0,0.0,1367.0,0.0,100.0,43.38357925415039,0.0,0.0
991,0.0,1892.0,0.0636719167232513,36.99,9.377209663391112,1064.0,0.0,1367.0,0.0,100.0,43.38357925415039,0.0,0.0
992,0.0,1892.0,0.1123310849070549,36.99,9.363035202026367,1179.0,0.0,1367.0,0.0,100.0,5.8734002113342285,0.0,0.0
993,0.0,1892.0,0.1123310849070549,36.99,9.363035202026367,1179.0,0.0,1367.0,0.0,100.0,5.8734002113342285,0.0,0.0
994,0.0,1892.0,0.1123310849070549,36.99,9.363035202026367,1179.0,0.0,1367.0,0.0,100.0,5.8734002113342285,0.0,0.0
995,0.0,1892.0,0.1123310849070549,36.99,9.363035202026367,1179.0,0.0,1367.0,0.0,100.0,5.8734002113342285,0.0,0.0
996,0.0,1892.0,0.1123310849070549,36.99,9.363035202026367,1179.0,0.0,1367.0,0.0,100.0,5.8734002113342285,0.0,0.0
997,0.0,1892.0,0.2217181771993637,36.99,9.36784839630127,1528.0,0.0,1367.0,0.0,100.0,5.8734002113342285,0.0,0.0
998,0.0,1892.0,0.2217181771993637,36.99,9.36784839630127,1528.0,0.0,1367.0,0.0,100.0,5.8734002113342285,0.0,0.0
999,0.0,1892.0,0.2217181771993637,36.99,9.36784839630127,1528.0,0.0,1367.0,0.0,100.0,5.8734002113342285,0.0,0.0
1000,0.0,1892.0,0.2217181771993637,36.99,9.36784839630127,1528.0,0.0,1367.0,0.0,100.0,5.8734002113342285,0.0,0.0
1001,0.0,1892.0,0.2217181771993637,36.99,9.36784839630127,1528.0,0.0,1367.0,0.0,100.0,5.8734002113342285,0.0,0.0
1002,0.0,1892.0,0.115942932665348,36.99,9.390535354614258,1189.0,0.0,1367.0,0.0,100.0,5.8734002113342285,0.0,0.0
1003,0.0,1892.0,0.115942932665348,36.99,9.390535354614258,1189.0,0.0,1367.0,0.0,100.0,5.8734002113342285,0.0,0.0
1004,0.0,1892.0,0.115942932665348,36.99,9.390535354614258,1189.0,0.0,1367.0,0.0,100.0,5.8734002113342285,0.0,0.0
1005,0.0,1892.0,0.115942932665348,36.99,9.390535354614258,1189.0,0.0,1367.0,0.0,100.0,5.8734002113342285,0.0,0.0
1006,0.0,1892.0,0.115942932665348,36.99,9.390535354614258,1189.0,0.0,1367.0,0.0,100.0,5.8734002113342285,0.0,0.0
1007,0.0,1892.0,0.115942932665348,36.99,9.390535354614258,1189.0,0.0,1367.0,0.0,100.0,5.8734002113342285,0.0,0.0
1008,0.0,1892.0,0.0563242211937904,36.99,9.37955093383789,1048.0,0.0,1367.0,0.0002914564101956,100.0,43.33982849121094,111.0,0.0
1009,0.0,1892.0,0.0563242211937904,36.99,9.37955093383789,1048.0,0.0,1367.0,0.0002914564101956,100.0,43.33982849121094,111.0,0.0
1010,0.0,1892.0,0.0563242211937904,36.99,9.37955093383789,1048.0,0.0,1367.0,0.0002914564101956,100.0,43.33982849121094,111.0,0.0
1011,0.0,1892.0,0.0563242211937904,36.99,9.37955093383789,1048.0,0.0,1367.0,0.0002914564101956,100.0,43.33982849121094,111.0,0.0
1012,0.0,1892.0,0.0563242211937904,36.99,9.37955093383789,1048.0,0.0,1367.0,0.0002914564101956,100.0,43.33982849121094,111.0,0.0
1013,0.0,1892.0,0.0923887342214584,36.99,9.356943130493164,1109.0,0.0,1367.0,0.0,100.0,5.8734002113342285,0.0,0.0
1014,0.0,1892.0,0.0923887342214584,36.99,9.356943130493164,1109.0,0.0,1367.0,0.0,100.0,5.8734002113342285,0.0,0.0
1015,0.0,1892.0,0.0923887342214584,36.99,9.356943130493164,1109.0,0.0,1367.0,0.0,100.0,5.8734002113342285,0.0,0.0
1016,0.0,1892.0,0.0923887342214584,36.99,9.356943130493164,1109.0,0.0,1367.0,0.0,100.0,5.8734002113342285,0.0,0.0
1017,0.0,1892.0,0.0923887342214584,36.99,9.356943130493164,1109.0,0.0,1367.0,0.0,100.0,5.8734002113342285,0.0,0.0
1018,0.0,1892.0,0.0755811855196952,36.99,9.349255561828612,1118.0,0.0,1367.0,0.0,100.0,5.8734002113342285,0.0,0.0
1019,0.0,1892.0,0.0755811855196952,36.99,9.349255561828612,1118.0,0.0,1367.0,0.0,100.0,5.8734002113342285,0.0,0.0
1020,0.0,1892.0,0.0755811855196952,36.99,9.349255561828612,1118.0,0.0,1367.0,0.0,100.0,5.8734002113342285,0.0,0.0
1021,0.0,1892.0,0.0755811855196952,36.99,9.349255561828612,1118.0,0.0,1367.0,0.0,100.0,5.8734002113342285,0.0,0.0
1022,0.0,1892.0,0.0755811855196952,36.99,9.349255561828612,1118.0,0.0,1367.0,0.0,100.0,5.8734002113342285,0.0,0.0
1023,0.0,1892.0,0.304104208946228,36.99,9.382551193237305,1606.0,0.0,1367.0,0.0028213302139192,100.0,43.264259338378906,111.0,0.0
1024,0.0,1892.0,0.304104208946228,36.99,9.382551193237305,1606.0,0.0,1367.0,0.0028213302139192,100.0,43.264259338378906,111.0,0.0
1025,0.0,1892.0,0.304104208946228,36.99,9.382551193237305,1606.0,0.0,1367.0,0.0028213302139192,100.0,43.264259338378906,111.0,0.0
1026,0.0,1892.0,0.304104208946228,36.99,9.382551193237305,1606.0,0.0,1367.0,0.0028213302139192,100.0,43.264259338378906,111.0,0.0
1027,0.0,1892.0,0.304104208946228,36.99,9.382551193237305,1606.0,0.0,1367.0,0.0028213302139192,100.0,43.264259338378906,111.0,0.0
1028,0.0,1892.0,0.304104208946228,36.99,9.382551193237305,1606.0,0.0,1367.0,0.0028213302139192,100.0,43.264259338378906,111.0,0.0
1029,0.0,1892.0,0.3659639656543731,36.99,9.392518997192385,1563.0,0.0,1367.0,0.0009455878171138,100.0,43.24347305297851,127.0,0.0
1030,0.0,1892.0,0.3659639656543731,36.99,9.392518997192385,1563.0,0.0,1367.0,0.0009455878171138,100.0,43.24347305297851,127.0,0.0
1031,0.0,1892.0,0.3659639656543731,36.99,9.392518997192385,1563.0,0.0,1367.0,0.0009455878171138,100.0,43.24347305297851,127.0,0.0
1032,0.0,1892.0,0.3659639656543731,36.99,9.392518997192385,1563.0,0.0,1367.0,0.0009455878171138,100.0,43.24347305297851,127.0,0.0
1033,0.0,1892.0,0.3659639656543731,36.99,9.392518997192385,1563.0,0.0,1367.0,0.0009455878171138,100.0,43.24347305297851,127.0,0.0
1034,0.0,1892.0,0.1539717018604278,36.99,9.379842758178713,1420.0,0.0,1367.0,0.0,100.0,5.8734002113342285,0.0,0.0
1035,0.0,1892.0,0.1539717018604278,36.99,9.379842758178713,1420.0,0.0,1367.0,0.0,100.0,5.8734002113342285,0.0,0.0
1036,0.0,1892.0,0.1539717018604278,36.99,9.379842758178713,1420.0,0.0,1367.0,0.0,100.0,5.8734002113342285,0.0,0.0
1037,0.0,1892.0,0.1539717018604278,36.99,9.379842758178713,1420.0,0.0,1367.0,0.0,100.0,5.8734002113342285,0.0,0.0
1038,0.0,1892.0,0.1539717018604278,36.99,9.379842758178713,1420.0,0.0,1367.0,0.0,100.0,5.8734002113342285,0.0,0.0
1039,0.0,1892.0,0.0558116473257541,36.99,9.367207527160645,1081.0,0.0,1367.0,0.0,100.0,5.8734002113342285,0.0,0.0
1040,0.0,1892.0,0.0558116473257541,36.99,9.367207527160645,1081.0,0.0,1367.0,0.0,100.0,5.8734002113342285,0.0,0.0
1041,0.0,1892.0,0.0558116473257541,36.99,9.367207527160645,1081.0,0.0,1367.0,0.0,100.0,5.8734002113342285,0.0,0.0
1042,0.0,1892.0,0.0558116473257541,36.99,9.367207527160645,1081.0,0.0,1367.0,0.0,100.0,5.8734002113342285,0.0,0.0
1043,0.0,1892.0,0.0558116473257541,36.99,9.367207527160645,1081.0,0.0,1367.0,0.0,100.0,5.8734002113342285,0.0,0.0
1044,0.0,1892.0,0.1401210278272628,36.99,9.35294246673584,1254.0,0.0,1367.0,0.0,100.0,5.8734002113342285,0.0,0.0
1045,0.0,1892.0,0.1401210278272628,36.99,9.35294246673584,1254.0,0.0,1367.0,0.0,100.0,5.8734002113342285,0.0,0.0
1046,0.0,1892.0,0.1401210278272628,36.99,9.35294246673584,1254.0,0.0,1367.0,0.0,100.0,5.8734002113342285,0.0,0.0
1047,0.0,1892.0,0.1401210278272628,36.99,9.35294246673584,1254.0,0.0,1367.0,0.0,100.0,5.8734002113342285,0.0,0.0
1048,0.0,1892.0,0.1401210278272628,36.99,9.35294246673584,1254.0,0.0,1367.0,0.0,100.0,5.8734002113342285,0.0,0.0
1049,0.0,1892.0,0.1401210278272628,36.99,9.35294246673584,1254.0,0.0,1367.0,0.0,100.0,5.8734002113342285,0.0,0.0
1050,0.0,1892.0,0.0865642875432968,36.99,9.34705924987793,1166.0,0.0,1367.0,0.0,100.0,5.8734002113342285,0.0,0.0
1051,0.0,1892.0,0.0865642875432968,36.99,9.34705924987793,1166.0,0.0,1367.0,0.0,100.0,5.8734002113342285,0.0,0.0
1052,0.0,1892.0,0.0865642875432968,36.99,9.34705924987793,1166.0,0.0,1367.0,0.0,100.0,5.8734002113342285,0.0,0.0
1053,0.0,1892.0,0.0865642875432968,36.99,9.34705924987793,1166.0,0.0,1367.0,0.0,100.0,5.8734002113342285,0.0,0.0
1054,0.0,1892.0,0.0865642875432968,36.99,9.34705924987793,1166.0,0.0,1367.0,0.0,100.0,5.8734002113342285,0.0,0.0
1055,0.0,1892.0,0.0601970851421356,36.99,9.33852481842041,1071.0,0.0,1367.0,0.0005200115847401,100.0,5.8734002113342285,111.0,0.0
1056,0.0,1892.0,0.0601970851421356,36.99,9.33852481842041,1071.0,0.0,1367.0,0.0005200115847401,100.0,5.8734002113342285,111.0,0.0
1057,0.0,1892.0,0.0601970851421356,36.99,9.33852481842041,1071.0,0.0,1367.0,0.0005200115847401,100.0,5.8734002113342285,111.0,0.0
1058,0.0,1892.0,0.0601970851421356,36.99,9.33852481842041,1071.0,0.0,1367.0,0.0005200115847401,100.0,5.8734002113342285,111.0,0.0
1059,0.0,1892.0,0.0601970851421356,36.99,9.33852481842041,1071.0,0.0,1367.0,0.0005200115847401,100.0,5.8734002113342285,111.0,0.0
1060,0.0,1892.0,0.4830945134162903,36.99,9.355960845947266,1300.0,0.0,1367.0,0.0,100.0,43.17107772827149,0.0,0.0
1061,0.0,1892.0,0.4830945134162903,36.99,9.355960845947266,1300.0,0.0,1367.0,0.0,100.0,43.17107772827149,0.0,0.0
1062,0.0,1892.0,0.4830945134162903,36.99,9.355960845947266,1300.0,0.0,1367.0,0.0,100.0,43.17107772827149,0.0,0.0
1063,0.0,1892.0,0.4830945134162903,36.99,9.355960845947266,1300.0,0.0,1367.0,0.0,100.0,43.17107772827149,0.0,0.0
1064,0.0,1892.0,0.4830945134162903,36.99,9.355960845947266,1300.0,0.0,1367.0,0.0,100.0,43.17107772827149,0.0,0.0
1065,0.0,1892.0,0.1244982182979583,36.99,9.368415832519531,1244.0,0.0,1367.0,0.0,100.0,5.8734002113342285,0.0,0.0
1066,0.0,1892.0,0.1244982182979583,36.99,9.368415832519531,1244.0,0.0,1367.0,0.0,100.0,5.8734002113342285,0.0,0.0
1067,0.0,1892.0,0.1244982182979583,36.99,9.368415832519531,1244.0,0.0,1367.0,0.0,100.0,5.8734002113342285,0.0,0.0
1068,0.0,1892.0,0.1244982182979583,36.99,9.368415832519531,1244.0,0.0,1367.0,0.0,100.0,5.8734002113342285,0.0,0.0
1069,0.0,1892.0,0.1244982182979583,36.99,9.368415832519531,1244.0,0.0,1367.0,0.0,100.0,5.8734002113342285,0.0,0.0
1070,0.0,1892.0,0.1244982182979583,36.99,9.368415832519531,1244.0,0.0,1367.0,0.0,100.0,5.8734002113342285,0.0,0.0
1071,0.0,1892.0,0.1711499243974685,36.99,9.35714626312256,1459.0,0.0,1367.0,0.0,100.0,5.8734002113342285,0.0,0.0
1072,0.0,1892.0,0.1711499243974685,36.99,9.35714626312256,1459.0,0.0,1367.0,0.0,100.0,5.8734002113342285,0.0,0.0
1073,0.0,1892.0,0.1711499243974685,36.99,9.35714626312256,1459.0,0.0,1367.0,0.0,100.0,5.8734002113342285,0.0,0.0
1074,0.0,1892.0,0.1711499243974685,36.99,9.35714626312256,1459.0,0.0,1367.0,0.0,100.0,5.8734002113342285,0.0,0.0
1075,0.0,1892.0,0.1711499243974685,36.99,9.35714626312256,1459.0,0.0,1367.0,0.0,100.0,5.8734002113342285,0.0,0.0
1076,0.0,1892.0,0.1216822043061256,36.99,9.35085391998291,1249.0,0.0,1367.0,0.0,100.0,5.8734002113342285,0.0,0.0
1077,0.0,1892.0,0.1216822043061256,36.99,9.35085391998291,1249.0,0.0,1367.0,0.0,100.0,5.8734002113342285,0.0,0.0
1078,0.0,1892.0,0.1216822043061256,36.99,9.35085391998291,1249.0,0.0,1367.0,0.0,100.0,5.8734002113342285,0.0,0.0
1079,0.0,1892.0,0.1216822043061256,36.99,9.35085391998291,1249.0,0.0,1367.0,0.0,100.0,5.8734002113342285,0.0,0.0
1080,0.0,1892.0,0.1216822043061256,36.99,9.35085391998291,1249.0,0.0,1367.0,0.0,100.0,5.8734002113342285,0.0,0.0
1081,0.0,1892.0,0.0826118290424346,36.99,9.336671829223633,1173.0,0.0,1367.0,1.841279117797967e-05,100.0,5.8734002113342285,111.0,0.0
1082,0.0,1892.0,0.0826118290424346,36.99,9.336671829223633,1173.0,0.0,1367.0,1.841279117797967e-05,100.0,5.8734002113342285,111.0,0.0
1083,0.0,1892.0,0.0826118290424346,36.99,9.336671829223633,1173.0,0.0,1367.0,1.841279117797967e-05,100.0,5.8734002113342285,111.0,0.0
1084,0.0,1892.0,0.0826118290424346,36.99,9.336671829223633,1173.0,0.0,1367.0,1.841279117797967e-05,100.0,5.8734002113342285,111.0,0.0
1085,0.0,1892.0,0.0826118290424346,36.99,9.336671829223633,1173.0,0.0,1367.0,1.841279117797967e-05,100.0,5.8734002113342285,111.0,0.0
1086,0.0,1892.0,0.174869418144226,36.99,9.339476585388184,1358.0,0.0,1367.0,0.0,100.0,43.00701522827149,0.0,0.0
1087,0.0,1892.0,0.174869418144226,36.99,9.339476585388184,1358.0,0.0,1367.0,0.0,100.0,43.00701522827149,0.0,0.0
1088,0.0,1892.0,0.174869418144226,36.99,9.339476585388184,1358.0,0.0,1367.0,0.0,100.0,43.00701522827149,0.0,0.0
1089,0.0,1892.0,0.174869418144226,36.99,9.339476585388184,1358.0,0.0,1367.0,0.0,100.0,43.00701522827149,0.0,0.0
1090,0.0,1892.0,0.174869418144226,36.99,9.339476585388184,1358.0,0.0,1367.0,0.0,100.0,43.00701522827149,0.0,0.0
1091,0.0,1892.0,0.174869418144226,36.99,9.339476585388184,1358.0,0.0,1367.0,0.0,100.0,43.00701522827149,0.0,0.0
1092,0.0,1892.0,0.2409732937812805,36.99,9.364006996154783,1406.0,0.0,1367.0,0.0016099251806735,100.0,5.8734002113342285,111.0,0.0
1093,0.0,1892.0,0.2409732937812805,36.99,9.364006996154783,1406.0,0.0,1367.0,0.0016099251806735,100.0,5.8734002113342285,111.0,0.0
1094,0.0,1892.0,0.2409732937812805,36.99,9.364006996154783,1406.0,0.0,1367.0,0.0016099251806735,100.0,5.8734002113342285,111.0,0.0
1095,0.0,1892.0,0.2409732937812805,36.99,9.364006996154783,1406.0,0.0,1367.0,0.0016099251806735,100.0,5.8734002113342285,111.0,0.0
1096,0.0,1892.0,0.2409732937812805,36.99,9.364006996154783,1406.0,0.0,1367.0,0.0016099251806735,100.0,5.8734002113342285,111.0,0.0
1097,0.0,1892.0,0.213792398571968,36.99,9.353381156921388,1351.0,0.0,1367.0,0.0070751635357737,100.0,43.08142852783203,111.0,0.0
1098,0.0,1892.0,0.213792398571968,36.99,9.353381156921388,1351.0,0.0,1367.0,0.0070751635357737,100.0,43.08142852783203,111.0,0.0
1099,0.0,1892.0,0.213792398571968,36.99,9.353381156921388,1351.0,0.0,1367.0,0.0070751635357737,100.0,43.08142852783203,111.0,0.0
1100,0.0,1892.0,0.213792398571968,36.99,9.353381156921388,1351.0,0.0,1367.0,0.0070751635357737,100.0,43.08142852783203,111.0,0.0
1101,0.0,1892.0,0.213792398571968,36.99,9.353381156921388,1351.0,0.0,1367.0,0.0070751635357737,100.0,43.08142852783203,111.0,0.0
1102,0.0,1892.0,0.1201245710253715,36.99,9.331521034240724,1255.0,0.0,1367.0,0.0079992059618234,100.0,43.03357696533203,111.0,0.0
1103,0.0,1892.0,0.1201245710253715,36.99,9.331521034240724,1255.0,0.0,1367.0,0.0079992059618234,100.0,43.03357696533203,111.0,0.0
1104,0.0,1892.0,0.1201245710253715,36.99,9.331521034240724,1255.0,0.0,1367.0,0.0079992059618234,100.0,43.03357696533203,111.0,0.0
1105,0.0,1892.0,0.1201245710253715,36.99,9.331521034240724,1255.0,0.0,1367.0,0.0079992059618234,100.0,43.03357696533203,111.0,0.0
1106,0.0,1892.0,0.1201245710253715,36.99,9.331521034240724,1255.0,0.0,1367.0,0.0079992059618234,100.0,43.03357696533203,111.0,0.0
1107,0.0,1892.0,0.0628308653831482,36.99,9.337157249450684,1052.0,0.0,1367.0,0.0097683230414986,100.0,43.06169891357422,111.0,0.0
1108,0.0,1892.0,0.0628308653831482,36.99,9.337157249450684,1052.0,0.0,1367.0,0.0097683230414986,100.0,43.06169891357422,111.0,0.0
1109,0.0,1892.0,0.0628308653831482,36.99,9.337157249450684,1052.0,0.0,1367.0,0.0097683230414986,100.0,43.06169891357422,111.0,0.0
1110,0.0,1892.0,0.0628308653831482,36.99,9.337157249450684,1052.0,0.0,1367.0,0.0097683230414986,100.0,43.06169891357422,111.0,0.0
1111,0.0,1892.0,0.0628308653831482,36.99,9.337157249450684,1052.0,0.0,1367.0,0.0097683230414986,100.0,43.06169891357422,111.0,0.0
1112,0.0,1892.0,0.068680815398693,36.99,9.322635650634766,1083.0,0.0,1367.0,0.0,100.0,5.8734002113342285,0.0,0.0
1113,0.0,1892.0,0.068680815398693,36.99,9.322635650634766,1083.0,0.0,1367.0,0.0,100.0,5.8734002113342285,0.0,0.0
1114,0.0,1892.0,0.068680815398693,36.99,9.322635650634766,1083.0,0.0,1367.0,0.0,100.0,5.8734002113342285,0.0,0.0
1115,0.0,1892.0,0.068680815398693,36.99,9.322635650634766,1083.0,0.0,1367.0,0.0,100.0,5.8734002113342285,0.0,0.0
1116,0.0,1892.0,0.068680815398693,36.99,9.322635650634766,1083.0,0.0,1367.0,0.0,100.0,5.8734002113342285,0.0,0.0
1117,0.0,1892.0,0.068680815398693,36.99,9.322635650634766,1083.0,0.0,1367.0,0.0,100.0,5.8734002113342285,0.0,0.0
1118,0.0,1892.0,0.0908959358930587,36.99,9.327590942382812,1149.0,0.0,1367.0,0.0,100.0,5.8734002113342285,0.0,0.0
1119,0.0,1892.0,0.0908959358930587,36.99,9.327590942382812,1149.0,0.0,1367.0,0.0,100.0,5.8734002113342285,0.0,0.0
1120,0.0,1892.0,0.0908959358930587,36.99,9.327590942382812,1149.0,0.0,1367.0,0.0,100.0,5.8734002113342285,0.0,0.0
1121,0.0,1892.0,0.0908959358930587,36.99,9.327590942382812,1149.0,0.0,1367.0,0.0,100.0,5.8734002113342285,0.0,0.0
1122,0.0,1892.0,0.0908959358930587,36.99,9.327590942382812,1149.0,0.0,1367.0,0.0,100.0,5.8734002113342285,0.0,0.0
1123,0.0,1892.0,0.1003324687480926,36.99,9.334232330322266,1147.0,0.0,1367.0,0.0,100.0,5.8734002113342285,0.0,0.0
1124,0.0,1892.0,0.1003324687480926,36.99,9.334232330322266,1147.0,0.0,1367.0,0.0,100.0,5.8734002113342285,0.0,0.0
1125,0.0,1892.0,0.1003324687480926,36.99,9.334232330322266,1147.0,0.0,1367.0,0.0,100.0,5.8734002113342285,0.0,0.0
1126,0.0,1892.0,0.1003324687480926,36.99,9.334232330322266,1147.0,0.0,1367.0,0.0,100.0,5.8734002113342285,0.0,0.0
1127,0.0,1892.0,0.1003324687480926,36.99,9.334232330322266,1147.0,0.0,1367.0,0.0,100.0,5.8734002113342285,0.0,0.0
1128,0.0,1892.0,0.1131506189703941,36.99,9.339052200317385,1223.0,0.0,1367.0,3.6454199289437383e-05,100.0,42.81482696533203,111.0,0.0
1129,0.0,1892.0,0.1131506189703941,36.99,9.339052200317385,1223.0,0.0,1367.0,3.6454199289437383e-05,100.0,42.81482696533203,111.0,0.0
1130,0.0,1892.0,0.1131506189703941,36.99,9.339052200317385,1223.0,0.0,1367.0,3.6454199289437383e-05,100.0,42.81482696533203,111.0,0.0
1131,0.0,1892.0,0.1131506189703941,36.99,9.339052200317385,1223.0,0.0,1367.0,3.6454199289437383e-05,100.0,42.81482696533203,111.0,0.0
1132,0.0,1892.0,0.1131506189703941,36.99,9.339052200317385,1223.0,0.0,1367.0,3.6454199289437383e-05,100.0,42.81482696533203,111.0,0.0
1133,0.0,1892.0,0.6654685735702515,36.99,9.337542533874512,1413.0,0.0,1367.0,0.0,100.0,5.8734002113342285,0.0,0.0
1134,0.0,1892.0,0.6654685735702515,36.99,9.337542533874512,1413.0,0.0,1367.0,0.0,100.0,5.8734002113342285,0.0,0.0
1135,0.0,1892.0,0.6654685735702515,36.99,9.337542533874512,1413.0,0.0,1367.0,0.0,100.0,5.8734002113342285,0.0,0.0
1136,0.0,1892.0,0.6654685735702515,36.99,9.337542533874512,1413.0,0.0,1367.0,0.0,100.0,5.8734002113342285,0.0,0.0
1137,0.0,1892.0,0.6654685735702515,36.99,9.337542533874512,1413.0,0.0,1367.0,0.0,100.0,5.8734002113342285,0.0,0.0
1138,0.0,1892.0,0.6654685735702515,36.99,9.337542533874512,1413.0,0.0,1367.0,0.0,100.0,5.8734002113342285,0.0,0.0
1139,0.0,1892.0,0.0609210543334484,36.99,9.3402738571167,1076.0,0.0,1367.0,0.0,100.0,5.8734002113342285,0.0,0.0
1140,0.0,1892.0,0.0609210543334484,36.99,9.3402738571167,1076.0,0.0,1367.0,0.0,100.0,5.8734002113342285,0.0,0.0
1141,0.0,1892.0,0.0609210543334484,36.99,9.3402738571167,1076.0,0.0,1367.0,0.0,100.0,5.8734002113342285,0.0,0.0
1142,0.0,1892.0,0.0609210543334484,36.99,9.3402738571167,1076.0,0.0,1367.0,0.0,100.0,5.8734002113342285,0.0,0.0
1143,0.0,1892.0,0.0609210543334484,36.99,9.3402738571167,1076.0,0.0,1367.0,0.0,100.0,5.8734002113342285,0.0,0.0
1144,0.0,1892.0,0.1197916716337204,36.99,9.32314395904541,1215.0,0.0,1367.0,0.0,100.0,5.8734002113342285,0.0,0.0
1145,0.0,1892.0,0.1197916716337204,36.99,9.32314395904541,1215.0,0.0,1367.0,0.0,100.0,5.8734002113342285,0.0,0.0
1146,0.0,1892.0,0.1197916716337204,36.99,9.32314395904541,1215.0,0.0,1367.0,0.0,100.0,5.8734002113342285,0.0,0.0
1147,0.0,1892.0,0.1197916716337204,36.99,9.32314395904541,1215.0,0.0,1367.0,0.0,100.0,5.8734002113342285,0.0,0.0
1148,0.0,1892.0,0.1197916716337204,36.99,9.32314395904541,1215.0,0.0,1367.0,0.0,100.0,5.8734002113342285,0.0,0.0
1149,0.0,1892.0,0.136022686958313,36.99,9.315760612487791,1246.0,0.0,1367.0,0.0,100.0,5.8734002113342285,0.0,0.0
1150,0.0,1892.0,0.136022686958313,36.99,9.315760612487791,1246.0,0.0,1367.0,0.0,100.0,5.8734002113342285,0.0,0.0
1151,0.0,1892.0,0.136022686958313,36.99,9.315760612487791,1246.0,0.0,1367.0,0.0,100.0,5.8734002113342285,0.0,0.0
1152,0.0,1892.0,0.136022686958313,36.99,9.315760612487791,1246.0,0.0,1367.0,0.0,100.0,5.8734002113342285,0.0,0.0
1153,0.0,1892.0,0.136022686958313,36.99,9.315760612487791,1246.0,0.0,1367.0,0.0,100.0,5.8734002113342285,0.0,0.0
1154,0.0,1892.0,0.136022686958313,36.99,9.315760612487791,1246.0,0.0,1367.0,0.0,100.0,5.8734002113342285,0.0,0.0
1155,0.0,1892.0,0.1117192506790161,36.99,9.334321022033691,1155.0,0.0,1367.0,0.0002936408563982,100.0,42.87889099121094,111.0,0.0
1156,0.0,1892.0,0.1117192506790161,36.99,9.334321022033691,1155.0,0.0,1367.0,0.0002936408563982,100.0,42.87889099121094,111.0,0.0
1157,0.0,1892.0,0.1117192506790161,36.99,9.334321022033691,1155.0,0.0,1367.0,0.0002936408563982,100.0,42.87889099121094,111.0,0.0
1158,0.0,1892.0,0.1117192506790161,36.99,9.334321022033691,1155.0,0.0,1367.0,0.0002936408563982,100.0,42.87889099121094,111.0,0.0
1159,0.0,1892.0,0.1117192506790161,36.99,9.334321022033691,1155.0,0.0,1367.0,0.0002936408563982,100.0,42.87889099121094,111.0,0.0
1160,0.0,1892.0,0.1064700782299041,36.99,9.328960418701172,1163.0,0.0,1367.0,0.0,100.0,5.8734002113342285,0.0,0.0
1161,0.0,1892.0,0.1064700782299041,36.99,9.328960418701172,1163.0,0.0,1367.0,0.0,100.0,5.8734002113342285,0.0,0.0
1162,0.0,1892.0,0.1064700782299041,36.99,9.328960418701172,1163.0,0.0,1367.0,0.0,100.0,5.8734002113342285,0.0,0.0
1163,0.0,1892.0,0.1064700782299041,36.99,9.328960418701172,1163.0,0.0,1367.0,0.0,100.0,5.8734002113342285,0.0,0.0
1164,0.0,1892.0,0.1064700782299041,36.99,9.328960418701172,1163.0,0.0,1367.0,0.0,100.0,5.8734002113342285,0.0,0.0
1165,0.0,1892.0,0.1334755420684814,36.99,9.327108383178713,1270.0,0.0,1367.0,0.0,100.0,5.8734002113342285,0.0,0.0
1166,0.0,1892.0,0.1334755420684814,36.99,9.327108383178713,1270.0,0.0,1367.0,0.0,100.0,5.8734002113342285,0.0,0.0
1167,0.0,1892.0,0.1334755420684814,36.99,9.327108383178713,1270.0,0.0,1367.0,0.0,100.0,5.8734002113342285,0.0,0.0
1168,0.0,1892.0,0.1334755420684814,36.99,9.327108383178713,1270.0,0.0,1367.0,0.0,100.0,5.8734002113342285,0.0,0.0
1169,0.0,1892.0,0.1334755420684814,36.99,9.327108383178713,1270.0,0.0,1367.0,0.0,100.0,5.8734002113342285,0.0,0.0
1170,0.0,1892.0,0.1127616018056869,36.99,15.23332691192627,1203.0,0.0,1367.0,0.0,100.0,5.8734002113342285,0.0,0.0
1171,0.0,1892.0,0.1127616018056869,36.99,15.23332691192627,1203.0,0.0,1367.0,0.0,100.0,5.8734002113342285,0.0,0.0
1172,0.0,1892.0,0.1127616018056869,36.99,15.23332691192627,1203.0,0.0,1367.0,0.0,100.0,5.8734002113342285,0.0,0.0
1173,0.0,1892.0,0.1127616018056869,36.99,15.23332691192627,1203.0,0.0,1367.0,0.0,100.0,5.8734002113342285,0.0,0.0
1174,0.0,1892.0,0.1127616018056869,36.99,15.23332691192627,1203.0,0.0,1367.0,0.0,100.0,5.8734002113342285,0.0,0.0
1175,0.0,1892.0,0.1127616018056869,36.99,15.23332691192627,1203.0,0.0,1367.0,0.0,100.0,5.8734002113342285,0.0,0.0
1176,0.0,1892.0,0.0590078756213188,36.99,9.310009956359863,1076.0,0.0,1367.0,0.0003067853103857,100.0,42.73045349121094,111.0,0.0
1177,0.0,1892.0,0.0590078756213188,36.99,9.310009956359863,1076.0,0.0,1367.0,0.0003067853103857,100.0,42.73045349121094,111.0,0.0
1178,0.0,1892.0,0.0590078756213188,36.99,9.310009956359863,1076.0,0.0,1367.0,0.0003067853103857,100.0,42.73045349121094,111.0,0.0
1179,0.0,1892.0,0.0590078756213188,36.99,9.310009956359863,1076.0,0.0,1367.0,0.0003067853103857,100.0,42.73045349121094,111.0,0.0
1180,0.0,1892.0,0.0590078756213188,36.99,9.310009956359863,1076.0,0.0,1367.0,0.0003067853103857,100.0,42.73045349121094,111.0,0.0
1181,0.0,1892.0,0.1308467537164688,36.99,9.083539009094238,1254.0,0.0,1367.0,0.0,100.0,5.8734002113342285,0.0,0.0
1182,0.0,1892.0,0.1308467537164688,36.99,9.083539009094238,1254.0,0.0,1367.0,0.0,100.0,5.8734002113342285,0.0,0.0
1183,0.0,1892.0,0.1308467537164688,36.99,9.083539009094238,1254.0,0.0,1367.0,0.0,100.0,5.8734002113342285,0.0,0.0
1184,0.0,1892.0,0.1308467537164688,36.99,9.083539009094238,1254.0,0.0,1367.0,0.0,100.0,5.8734002113342285,0.0,0.0
1185,0.0,1892.0,0.1308467537164688,36.99,9.083539009094238,1254.0,0.0,1367.0,0.0,100.0,5.8734002113342285,0.0,0.0
1186,0.0,1892.0,0.1953270584344864,36.99,9.310104370117188,1432.0,0.0,1367.0,0.0,100.0,5.8734002113342285,0.0,0.0
1187,0.0,1892.0,0.1953270584344864,36.99,9.310104370117188,1432.0,0.0,1367.0,0.0,100.0,5.8734002113342285,0.0,0.0
1188,0.0,1892.0,0.1953270584344864,36.99,9.310104370117188,1432.0,0.0,1367.0,0.0,100.0,5.8734002113342285,0.0,0.0
1189,0.0,1892.0,0.1953270584344864,36.99,9.310104370117188,1432.0,0.0,1367.0,0.0,100.0,5.8734002113342285,0.0,0.0
1190,0.0,1892.0,0.1953270584344864,36.99,9.310104370117188,1432.0,0.0,1367.0,0.0,100.0,5.8734002113342285,0.0,0.0
1191,0.0,1892.0,0.1335012912750244,36.99,9.315269470214844,1238.0,0.0,1367.0,0.0,100.0,5.8734002113342285,0.0,0.0
1192,0.0,1892.0,0.1335012912750244,36.99,9.315269470214844,1238.0,0.0,1367.0,0.0,100.0,5.8734002113342285,0.0,0.0
1193,0.0,1892.0,0.1335012912750244,36.99,9.315269470214844,1238.0,0.0,1367.0,0.0,100.0,5.8734002113342285,0.0,0.0
1194,0.0,1892.0,0.1335012912750244,36.99,9.315269470214844,1238.0,0.0,1367.0,0.0,100.0,5.8734002113342285,0.0,0.0
1195,0.0,1892.0,0.1335012912750244,36.99,9.315269470214844,1238.0,0.0,1367.0,0.0,100.0,5.8734002113342285,0.0,0.0
1196,0.0,1892.0,0.1335012912750244,36.99,9.315269470214844,1238.0,0.0,1367.0,0.0,100.0,5.8734002113342285,0.0,0.0
1197,0.0,1892.0,0.1479164361953735,36.99,9.326273918151855,1361.0,0.0,1367.0,0.0,100.0,5.8734002113342285,0.0,0.0
1198,0.0,1892.0,0.1479164361953735,36.99,9.326273918151855,1361.0,0.0,1367.0,0.0,100.0,5.8734002113342285,0.0,0.0
1199,0.0,1892.0,0.1479164361953735,36.99,9.326273918151855,1361.0,0.0,1367.0,0.0,100.0,5.8734002113342285,0.0,0.0
1200,0.0,1892.0,0.1479164361953735,36.99,9.326273918151855,1361.0,0.0,1367.0,0.0,100.0,5.8734002113342285,0.0,0.0
1201,0.0,1892.0,0.1479164361953735,36.99,9.326273918151855,1361.0,0.0,1367.0,0.0,100.0,5.8734002113342285,0.0,0.0
1202,0.0,1892.0,0.0594839081168174,36.99,9.32003116607666,1100.0,0.0,1367.0,0.0005392365856096,100.0,5.8734002113342285,111.0,0.0
1203,0.0,1892.0,0.0594839081168174,36.99,9.32003116607666,1100.0,0.0,1367.0,0.0005392365856096,100.0,5.8734002113342285,111.0,0.0
1204,0.0,1892.0,0.0594839081168174,36.99,9.32003116607666,1100.0,0.0,1367.0,0.0005392365856096,100.0,5.8734002113342285,111.0,0.0
1205,0.0,1892.0,0.0594839081168174,36.99,9.32003116607666,1100.0,0.0,1367.0,0.0005392365856096,100.0,5.8734002113342285,111.0,0.0
1206,0.0,1892.0,0.0594839081168174,36.99,9.32003116607666,1100.0,0.0,1367.0,0.0005392365856096,100.0,5.8734002113342285,111.0,0.0
1207,0.0,1892.0,0.0881080478429794,36.99,9.305639266967772,1225.0,0.0,1367.0,0.0,100.0,42.62732696533203,0.0,0.0
1208,0.0,1892.0,0.0881080478429794,36.99,9.305639266967772,1225.0,0.0,1367.0,0.0,100.0,42.62732696533203,0.0,0.0
1209,0.0,1892.0,0.0881080478429794,36.99,9.305639266967772,1225.0,0.0,1367.0,0.0,100.0,42.62732696533203,0.0,0.0
1210,0.0,1892.0,0.0881080478429794,36.99,9.305639266967772,1225.0,0.0,1367.0,0.0,100.0,42.62732696533203,0.0,0.0
1211,0.0,1892.0,0.0881080478429794,36.99,9.305639266967772,1225.0,0.0,1367.0,0.0,100.0,42.62732696533203,0.0,0.0
1212,0.0,1892.0,0.0881080478429794,36.99,9.305639266967772,1225.0,0.0,1367.0,0.0,100.0,42.62732696533203,0.0,0.0
1213,0.0,1892.0,0.1136890277266502,36.99,9.306580543518066,1231.0,0.0,1367.0,0.0,100.0,5.8734002113342285,0.0,0.0
1214,0.0,1892.0,0.1136890277266502,36.99,9.306580543518066,1231.0,0.0,1367.0,0.0,100.0,5.8734002113342285,0.0,0.0
1215,0.0,1892.0,0.1136890277266502,36.99,9.306580543518066,1231.0,0.0,1367.0,0.0,100.0,5.8734002113342285,0.0,0.0
1216,0.0,1892.0,0.1136890277266502,36.99,9.306580543518066,1231.0,0.0,1367.0,0.0,100.0,5.8734002113342285,0.0,0.0
1217,0.0,1892.0,0.1136890277266502,36.99,9.306580543518066,1231.0,0.0,1367.0,0.0,100.0,5.8734002113342285,0.0,0.0
1218,0.0,1892.0,0.1057505682110786,36.99,9.31801414489746,1255.0,0.0,1367.0,0.0,100.0,5.8734002113342285,0.0,0.0
1219,0.0,1892.0,0.1057505682110786,36.99,9.31801414489746,1255.0,0.0,1367.0,0.0,100.0,5.8734002113342285,0.0,0.0
1220,0.0,1892.0,0.1057505682110786,36.99,9.31801414489746,1255.0,0.0,1367.0,0.0,100.0,5.8734002113342285,0.0,0.0
1221,0.0,1892.0,0.1057505682110786,36.99,9.31801414489746,1255.0,0.0,1367.0,0.0,100.0,5.8734002113342285,0.0,0.0
1222,0.0,1892.0,0.1057505682110786,36.99,9.31801414489746,1255.0,0.0,1367.0,0.0,100.0,5.8734002113342285,0.0,0.0
1223,0.0,1892.0,0.220104843378067,36.99,9.326574325561523,1380.0,0.0,1367.0,0.0,100.0,5.8734002113342285,0.0,0.0
1224,0.0,1892.0,0.220104843378067,36.99,9.326574325561523,1380.0,0.0,1367.0,0.0,100.0,5.8734002113342285,0.0,0.0
1225,0.0,1892.0,0.220104843378067,36.99,9.326574325561523,1380.0,0.0,1367.0,0.0,100.0,5.8734002113342285,0.0,0.0
1226,0.0,1892.0,0.220104843378067,36.99,9.326574325561523,1380.0,0.0,1367.0,0.0,100.0,5.8734002113342285,0.0,0.0
1227,0.0,1892.0,0.220104843378067,36.99,9.326574325561523,1380.0,0.0,1367.0,0.0,100.0,5.8734002113342285,0.0,0.0
1228,0.0,1892.0,0.1667446196079254,36.99,9.311236381530762,1267.0,0.0,1367.0,0.0003500434395391,100.0,5.8734002113342285,111.0,0.0
1229,0.0,1892.0,0.1667446196079254,36.99,9.311236381530762,1267.0,0.0,1367.0,0.0003500434395391,100.0,5.8734002113342285,111.0,0.0
1230,0.0,1892.0,0.1667446196079254,36.99,9.311236381530762,1267.0,0.0,1367.0,0.0003500434395391,100.0,5.8734002113342285,111.0,0.0
1231,0.0,1892.0,0.1667446196079254,36.99,9.311236381530762,1267.0,0.0,1367.0,0.0003500434395391,100.0,5.8734002113342285,111.0,0.0
1232,0.0,1892.0,0.1667446196079254,36.99,9.311236381530762,1267.0,0.0,1367.0,0.0003500434395391,100.0,5.8734002113342285,111.0,0.0
1233,0.0,1892.0,0.1667446196079254,36.99,9.311236381530762,1267.0,0.0,1367.0,0.0003500434395391,100.0,5.8734002113342285,111.0,0.0
1234,0.0,1892.0,0.1185030937194824,36.99,9.313356399536133,1176.0,0.0,1367.0,0.0,100.0,42.64608001708984,0.0,0.0
1235,0.0,1892.0,0.1185030937194824,36.99,9.313356399536133,1176.0,0.0,1367.0,0.0,100.0,42.64608001708984,0.0,0.0
1236,0.0,1892.0,0.1185030937194824,36.99,9.313356399536133,1176.0,0.0,1367.0,0.0,100.0,42.64608001708984,0.0,0.0
1237,0.0,1892.0,0.1185030937194824,36.99,9.313356399536133,1176.0,0.0,1367.0,0.0,100.0,42.64608001708984,0.0,0.0
1238,0.0,1892.0,0.1185030937194824,36.99,9.313356399536133,1176.0,0.0,1367.0,0.0,100.0,42.64608001708984,0.0,0.0
1239,0.0,1892.0,0.085025742650032,36.99,9.298909187316896,1131.0,0.0,1367.0,0.0,100.0,5.8734002113342285,0.0,0.0
1240,0.0,1892.0,0.085025742650032,36.99,9.298909187316896,1131.0,0.0,1367.0,0.0,100.0,5.8734002113342285,0.0,0.0
1241,0.0,1892.0,0.085025742650032,36.99,9.298909187316896,1131.0,0.0,1367.0,0.0,100.0,5.8734002113342285,0.0,0.0
1242,0.0,1892.0,0.085025742650032,36.99,9.298909187316896,1131.0,0.0,1367.0,0.0,100.0,5.8734002113342285,0.0,0.0
1243,0.0,1892.0,0.085025742650032,36.99,9.298909187316896,1131.0,0.0,1367.0,0.0,100.0,5.8734002113342285,0.0,0.0
1244,0.0,1892.0,0.1120469644665718,36.99,9.296940803527832,1267.0,0.0,1367.0,0.0,100.0,5.8734002113342285,0.0,0.0
1245,0.0,1892.0,0.1120469644665718,36.99,9.296940803527832,1267.0,0.0,1367.0,0.0,100.0,5.8734002113342285,0.0,0.0
1246,0.0,1892.0,0.1120469644665718,36.99,9.296940803527832,1267.0,0.0,1367.0,0.0,100.0,5.8734002113342285,0.0,0.0
1247,0.0,1892.0,0.1120469644665718,36.99,9.296940803527832,1267.0,0.0,1367.0,0.0,100.0,5.8734002113342285,0.0,0.0
1248,0.0,1892.0,0.1120469644665718,36.99,9.296940803527832,1267.0,0.0,1367.0,0.0,100.0,5.8734002113342285,0.0,0.0
1249,0.0,1892.0,1.78053081035614,36.99,9.31937313079834,1418.0,0.0,1367.0,0.0017949774628505,100.0,42.6571159362793,111.0,0.0
1250,0.0,1892.0,1.78053081035614,36.99,9.31937313079834,1418.0,0.0,1367.0,0.0017949774628505,100.0,42.6571159362793,111.0,0.0
1251,0.0,1892.0,1.78053081035614,36.99,9.31937313079834,1418.0,0.0,1367.0,0.0017949774628505,100.0,42.6571159362793,111.0,0.0
1252,0.0,1892.0,1.78053081035614,36.99,9.31937313079834,1418.0,0.0,1367.0,0.0017949774628505,100.0,42.6571159362793,111.0,0.0
1253,0.0,1892.0,1.78053081035614,36.99,9.31937313079834,1418.0,0.0,1367.0,0.0017949774628505,100.0,42.6571159362793,111.0,0.0
1254,0.0,1892.0,1.78053081035614,36.99,9.31937313079834,1418.0,0.0,1367.0,0.0017949774628505,100.0,42.6571159362793,111.0,0.0
1255,0.0,1892.0,0.1749150156974792,36.99,9.326376914978027,1430.0,0.0,1367.0,0.0163753796368837,100.0,42.6418342590332,222.0,0.0
1256,0.0,1892.0,0.1749150156974792,36.99,9.326376914978027,1430.0,0.0,1367.0,0.0163753796368837,100.0,42.6418342590332,222.0,0.0
1257,0.0,1892.0,0.1749150156974792,36.99,9.326376914978027,1430.0,0.0,1367.0,0.0163753796368837,100.0,42.6418342590332,222.0,0.0
1258,0.0,1892.0,0.1749150156974792,36.99,9.326376914978027,1430.0,0.0,1367.0,0.0163753796368837,100.0,42.6418342590332,222.0,0.0
1259,0.0,1892.0,0.1749150156974792,36.99,9.326376914978027,1430.0,0.0,1367.0,0.0163753796368837,100.0,42.6418342590332,222.0,0.0
1260,0.0,1892.0,0.1275189518928527,36.99,9.305255889892578,1378.0,0.0,1367.0,0.0,100.0,5.8734002113342285,0.0,0.0
1261,0.0,1892.0,0.1275189518928527,36.99,9.305255889892578,1378.0,0.0,1367.0,0.0,100.0,5.8734002113342285,0.0,0.0
1262,0.0,1892.0,0.1275189518928527,36.99,9.305255889892578,1378.0,0.0,1367.0,0.0,100.0,5.8734002113342285,0.0,0.0
1263,0.0,1892.0,0.1275189518928527,36.99,9.305255889892578,1378.0,0.0,1367.0,0.0,100.0,5.8734002113342285,0.0,0.0
1264,0.0,1892.0,0.1275189518928527,36.99,9.305255889892578,1378.0,0.0,1367.0,0.0,100.0,5.8734002113342285,0.0,0.0
1265,0.0,1892.0,0.0556749477982521,36.99,9.309500694274902,1100.0,0.0,1367.0,0.0,100.0,5.8734002113342285,0.0,0.0
1266,0.0,1892.0,0.0556749477982521,36.99,9.309500694274902,1100.0,0.0,1367.0,0.0,100.0,5.8734002113342285,0.0,0.0
1267,0.0,1892.0,0.0556749477982521,36.99,9.309500694274902,1100.0,0.0,1367.0,0.0,100.0,5.8734002113342285,0.0,0.0
1268,0.0,1892.0,0.0556749477982521,36.99,9.309500694274902,1100.0,0.0,1367.0,0.0,100.0,5.8734002113342285,0.0,0.0
1269,0.0,1892.0,0.0556749477982521,36.99,9.309500694274902,1100.0,0.0,1367.0,0.0,100.0,5.8734002113342285,0.0,0.0
1270,0.0,1892.0,0.1218282803893089,36.99,9.289907455444336,1318.0,0.0,1367.0,0.0,100.0,5.8734002113342285,0.0,0.0
1271,0.0,1892.0,0.1218282803893089,36.99,9.289907455444336,1318.0,0.0,1367.0,0.0,100.0,5.8734002113342285,0.0,0.0
1272,0.0,1892.0,0.1218282803893089,36.99,9.289907455444336,1318.0,0.0,1367.0,0.0,100.0,5.8734002113342285,0.0,0.0
1273,0.0,1892.0,0.1218282803893089,36.99,9.289907455444336,1318.0,0.0,1367.0,0.0,100.0,5.8734002113342285,0.0,0.0
1274,0.0,1892.0,0.1218282803893089,36.99,9.289907455444336,1318.0,0.0,1367.0,0.0,100.0,5.8734002113342285,0.0,0.0
1275,0.0,1892.0,0.1218282803893089,36.99,9.289907455444336,1318.0,0.0,1367.0,0.0,100.0,5.8734002113342285,0.0,0.0
1276,0.0,1892.0,0.0645734444260597,36.99,9.300726890563965,1098.0,0.0,1367.0,0.0049832942895591,100.0,42.47211456298828,111.0,0.0
1277,0.0,1892.0,0.0645734444260597,36.99,9.300726890563965,1098.0,0.0,1367.0,0.0049832942895591,100.0,42.47211456298828,111.0,0.0
1278,0.0,1892.0,0.0645734444260597,36.99,9.300726890563965,1098.0,0.0,1367.0,0.0049832942895591,100.0,42.47211456298828,111.0,0.0
1279,0.0,1892.0,0.0645734444260597,36.99,9.300726890563965,1098.0,0.0,1367.0,0.0049832942895591,100.0,42.47211456298828,111.0,0.0
1280,0.0,1892.0,0.0645734444260597,36.99,9.300726890563965,1098.0,0.0,1367.0,0.0049832942895591,100.0,42.47211456298828,111.0,0.0
1281,0.0,1892.0,0.1244700103998184,36.99,9.3052978515625,1384.0,0.0,1367.0,0.0,100.0,5.8734002113342285,0.0,0.0
1282,0.0,1892.0,0.1244700103998184,36.99,9.3052978515625,1384.0,0.0,1367.0,0.0,100.0,5.8734002113342285,0.0,0.0
1283,0.0,1892.0,0.1244700103998184,36.99,9.3052978515625,1384.0,0.0,1367.0,0.0,100.0,5.8734002113342285,0.0,0.0
1284,0.0,1892.0,0.1244700103998184,36.99,9.3052978515625,1384.0,0.0,1367.0,0.0,100.0,5.8734002113342285,0.0,0.0
1285,0.0,1892.0,0.1244700103998184,36.99,9.3052978515625,1384.0,0.0,1367.0,0.0,100.0,5.8734002113342285,0.0,0.0
1286,0.0,1892.0,0.1894943714141845,36.99,15.235170364379885,1288.0,0.0,1367.0,0.0,100.0,5.8734002113342285,0.0,0.0
1287,0.0,1892.0,0.1894943714141845,36.99,15.235170364379885,1288.0,0.0,1367.0,0.0,100.0,5.8734002113342285,0.0,0.0
1288,0.0,1892.0,0.1894943714141845,36.99,15.235170364379885,1288.0,0.0,1367.0,0.0,100.0,5.8734002113342285,0.0,0.0
1289,0.0,1892.0,0.1894943714141845,36.99,15.235170364379885,1288.0,0.0,1367.0,0.0,100.0,5.8734002113342285,0.0,0.0
1290,0.0,1892.0,0.1894943714141845,36.99,15.235170364379885,1288.0,0.0,1367.0,0.0,100.0,5.8734002113342285,0.0,0.0
1291,0.0,1892.0,0.1263664215803146,36.99,9.300983428955078,1296.0,0.0,1367.0,0.0,100.0,5.8734002113342285,0.0,0.0
1292,0.0,1892.0,0.1263664215803146,36.99,9.300983428955078,1296.0,0.0,1367.0,0.0,100.0,5.8734002113342285,0.0,0.0
1293,0.0,1892.0,0.1263664215803146,36.99,9.300983428955078,1296.0,0.0,1367.0,0.0,100.0,5.8734002113342285,0.0,0.0
1294,0.0,1892.0,0.1263664215803146,36.99,9.300983428955078,1296.0,0.0,1367.0,0.0,100.0,5.8734002113342285,0.0,0.0
1295,0.0,1892.0,0.1263664215803146,36.99,9.300983428955078,1296.0,0.0,1367.0,0.0,100.0,5.8734002113342285,0.0,0.0
1296,0.0,1892.0,0.1263664215803146,36.99,9.300983428955078,1296.0,0.0,1367.0,0.0,100.0,5.8734002113342285,0.0,0.0
1297,0.0,1892.0,0.0830184891819953,36.99,9.29324436187744,1166.0,0.0,1367.0,0.0,100.0,5.8734002113342285,0.0,0.0
1298,0.0,1892.0,0.0830184891819953,36.99,9.29324436187744,1166.0,0.0,1367.0,0.0,100.0,5.8734002113342285,0.0,0.0
1299,0.0,1892.0,0.0830184891819953,36.99,9.29324436187744,1166.0,0.0,1367.0,0.0,100.0,5.8734002113342285,0.0,0.0
1300,0.0,1892.0,0.0830184891819953,36.99,9.29324436187744,1166.0,0.0,1367.0,0.0,100.0,5.8734002113342285,0.0,0.0
1301,0.0,1892.0,0.0830184891819953,36.99,9.29324436187744,1166.0,0.0,1367.0,0.0,100.0,5.8734002113342285,0.0,0.0
1302,0.0,1892.0,0.0791042074561119,36.99,9.28646183013916,1097.0,0.0,1367.0,0.0006776005029678,100.0,42.28826141357422,111.0,0.0
1303,0.0,1892.0,0.0791042074561119,36.99,9.28646183013916,1097.0,0.0,1367.0,0.0006776005029678,100.0,42.28826141357422,111.0,0.0
1304,0.0,1892.0,0.0791042074561119,36.99,9.28646183013916,1097.0,0.0,1367.0,0.0006776005029678,100.0,42.28826141357422,111.0,0.0
1305,0.0,1892.0,0.0791042074561119,36.99,9.28646183013916,1097.0,0.0,1367.0,0.0006776005029678,100.0,42.28826141357422,111.0,0.0
1306,0.0,1892.0,0.0791042074561119,36.99,9.28646183013916,1097.0,0.0,1367.0,0.0006776005029678,100.0,42.28826141357422,111.0,0.0
1307,0.0,1892.0,0.4350056648254394,36.99,9.297792434692385,1123.0,0.0,1367.0,0.0,100.0,5.8734002113342285,0.0,0.0
1308,0.0,1892.0,0.4350056648254394,36.99,9.297792434692385,1123.0,0.0,1367.0,0.0,100.0,5.8734002113342285,0.0,0.0
1309,0.0,1892.0,0.4350056648254394,36.99,9.297792434692385,1123.0,0.0,1367.0,0.0,100.0,5.8734002113342285,0.0,0.0
1310,0.0,1892.0,0.4350056648254394,36.99,9.297792434692385,1123.0,0.0,1367.0,0.0,100.0,5.8734002113342285,0.0,0.0
1311,0.0,1892.0,0.4350056648254394,36.99,9.297792434692385,1123.0,0.0,1367.0,0.0,100.0,5.8734002113342285,0.0,0.0
1312,0.0,1892.0,0.1143322139978408,36.99,9.318626403808594,1082.0,0.0,1367.0,0.0,100.0,5.8734002113342285,0.0,0.0
1313,0.0,1892.0,0.1143322139978408,36.99,9.318626403808594,1082.0,0.0,1367.0,0.0,100.0,5.8734002113342285,0.0,0.0
1314,0.0,1892.0,0.1143322139978408,36.99,9.318626403808594,1082.0,0.0,1367.0,0.0,100.0,5.8734002113342285,0.0,0.0
1315,0.0,1892.0,0.1143322139978408,36.99,9.318626403808594,1082.0,0.0,1367.0,0.0,100.0,5.8734002113342285,0.0,0.0
1316,0.0,1892.0,0.1143322139978408,36.99,9.318626403808594,1082.0,0.0,1367.0,0.0,100.0,5.8734002113342285,0.0,0.0
1317,0.0,1892.0,0.1143322139978408,36.99,9.318626403808594,1082.0,0.0,1367.0,0.0,100.0,5.8734002113342285,0.0,0.0
1318,0.0,1892.0,0.1609500050544738,36.99,9.303571701049805,1399.0,0.0,1367.0,0.0,100.0,5.8734002113342285,0.0,0.0
1319,0.0,1892.0,0.1609500050544738,36.99,9.303571701049805,1399.0,0.0,1367.0,0.0,100.0,5.8734002113342285,0.0,0.0
1320,0.0,1892.0,0.1609500050544738,36.99,9.303571701049805,1399.0,0.0,1367.0,0.0,100.0,5.8734002113342285,0.0,0.0
1321,0.0,1892.0,0.1609500050544738,36.99,9.303571701049805,1399.0,0.0,1367.0,0.0,100.0,5.8734002113342285,0.0,0.0
1322,0.0,1892.0,0.1609500050544738,36.99,9.303571701049805,1399.0,0.0,1367.0,0.0,100.0,5.8734002113342285,0.0,0.0
1323,0.0,1892.0,0.139400765299797,36.99,9.298093795776367,1288.0,0.0,1367.0,0.0,100.0,5.8734002113342285,0.0,0.0
1324,0.0,1892.0,0.139400765299797,36.99,9.298093795776367,1288.0,0.0,1367.0,0.0,100.0,5.8734002113342285,0.0,0.0
1325,0.0,1892.0,0.139400765299797,36.99,9.298093795776367,1288.0,0.0,1367.0,0.0,100.0,5.8734002113342285,0.0,0.0
1326,0.0,1892.0,0.139400765299797,36.99,9.298093795776367,1288.0,0.0,1367.0,0.0,100.0,5.8734002113342285,0.0,0.0
1327,0.0,1892.0,0.139400765299797,36.99,9.298093795776367,1288.0,0.0,1367.0,0.0,100.0,5.8734002113342285,0.0,0.0
1328,0.0,1892.0,0.0572690442204475,36.99,9.28231143951416,1064.0,0.0,1367.0,0.0001013938599498,100.0,42.24607467651367,111.0,0.0
1329,0.0,1892.0,0.0572690442204475,36.99,9.28231143951416,1064.0,0.0,1367.0,0.0001013938599498,100.0,42.24607467651367,111.0,0.0
1330,0.0,1892.0,0.0572690442204475,36.99,9.28231143951416,1064.0,0.0,1367.0,0.0001013938599498,100.0,42.24607467651367,111.0,0.0
1331,0.0,1892.0,0.0572690442204475,36.99,9.28231143951416,1064.0,0.0,1367.0,0.0001013938599498,100.0,42.24607467651367,111.0,0.0
1332,0.0,1892.0,0.0572690442204475,36.99,9.28231143951416,1064.0,0.0,1367.0,0.0001013938599498,100.0,42.24607467651367,111.0,0.0
1333,0.0,1892.0,0.2896296679973602,36.99,9.305383682250977,1260.0,0.0,1367.0,0.0,100.0,5.8734002113342285,0.0,0.0
1334,0.0,1892.0,0.2896296679973602,36.99,9.305383682250977,1260.0,0.0,1367.0,0.0,100.0,5.8734002113342285,0.0,0.0
1335,0.0,1892.0,0.2896296679973602,36.99,9.305383682250977,1260.0,0.0,1367.0,0.0,100.0,5.8734002113342285,0.0,0.0
1336,0.0,1892.0,0.2896296679973602,36.99,9.305383682250977,1260.0,0.0,1367.0,0.0,100.0,5.8734002113342285,0.0,0.0
1337,0.0,1892.0,0.2896296679973602,36.99,9.305383682250977,1260.0,0.0,1367.0,0.0,100.0,5.8734002113342285,0.0,0.0
1338,0.0,1892.0,0.2896296679973602,36.99,9.305383682250977,1260.0,0.0,1367.0,0.0,100.0,5.8734002113342285,0.0,0.0
1339,0.0,1892.0,0.1581763625144958,36.99,9.30202579498291,1067.0,0.0,1367.0,0.0,100.0,5.8734002113342285,0.0,0.0
1340,0.0,1892.0,0.1581763625144958,36.99,9.30202579498291,1067.0,0.0,1367.0,0.0,100.0,5.8734002113342285,0.0,0.0
1341,0.0,1892.0,0.1581763625144958,36.99,9.30202579498291,1067.0,0.0,1367.0,0.0,100.0,5.8734002113342285,0.0,0.0
1342,0.0,1892.0,0.1581763625144958,36.99,9.30202579498291,1067.0,0.0,1367.0,0.0,100.0,5.8734002113342285,0.0,0.0
1343,0.0,1892.0,0.1581763625144958,36.99,9.30202579498291,1067.0,0.0,1367.0,0.0,100.0,5.8734002113342285,0.0,0.0
1344,0.0,1892.0,0.1812233179807663,36.99,9.301520347595217,1330.0,0.0,1367.0,0.0,100.0,5.8734002113342285,0.0,0.0
1345,0.0,1892.0,0.1812233179807663,36.99,9.301520347595217,1330.0,0.0,1367.0,0.0,100.0,5.8734002113342285,0.0,0.0
1346,0.0,1892.0,0.1812233179807663,36.99,9.301520347595217,1330.0,0.0,1367.0,0.0,100.0,5.8734002113342285,0.0,0.0
1347,0.0,1892.0,0.1812233179807663,36.99,9.301520347595217,1330.0,0.0,1367.0,0.0,100.0,5.8734002113342285,0.0,0.0
1348,0.0,1892.0,0.1812233179807663,36.99,9.301520347595217,1330.0,0.0,1367.0,0.0,100.0,5.8734002113342285,0.0,0.0
1349,0.0,1892.0,0.2072283029556274,36.99,9.2975492477417,1394.0,0.0,1367.0,0.0003012242377735,100.0,5.8734002113342285,111.0,0.0
1350,0.0,1892.0,0.2072283029556274,36.99,9.2975492477417,1394.0,0.0,1367.0,0.0003012242377735,100.0,5.8734002113342285,111.0,0.0
1351,0.0,1892.0,0.2072283029556274,36.99,9.2975492477417,1394.0,0.0,1367.0,0.0003012242377735,100.0,5.8734002113342285,111.0,0.0
1352,0.0,1892.0,0.2072283029556274,36.99,9.2975492477417,1394.0,0.0,1367.0,0.0003012242377735,100.0,5.8734002113342285,111.0,0.0
1353,0.0,1892.0,0.2072283029556274,36.99,9.2975492477417,1394.0,0.0,1367.0,0.0003012242377735,100.0,5.8734002113342285,111.0,0.0
1354,0.0,1892.0,0.3112350404262543,36.99,9.30501651763916,1464.0,0.0,1367.0,0.0,100.0,42.203887939453125,0.0,0.0
1355,0.0,1892.0,0.3112350404262543,36.99,9.30501651763916,1464.0,0.0,1367.0,0.0,100.0,42.203887939453125,0.0,0.0
1356,0.0,1892.0,0.3112350404262543,36.99,9.30501651763916,1464.0,0.0,1367.0,0.0,100.0,42.203887939453125,0.0,0.0
1357,0.0,1892.0,0.3112350404262543,36.99,9.30501651763916,1464.0,0.0,1367.0,0.0,100.0,42.203887939453125,0.0,0.0
1358,0.0,1892.0,0.3112350404262543,36.99,9.30501651763916,1464.0,0.0,1367.0,0.0,100.0,42.203887939453125,0.0,0.0
1359,0.0,1892.0,0.3112350404262543,36.99,9.30501651763916,1464.0,0.0,1367.0,0.0,100.0,42.203887939453125,0.0,0.0
1360,0.0,1892.0,0.0856311544775962,36.99,9.294336318969728,1085.0,0.0,1367.0,0.0,100.0,5.8734002113342285,0.0,0.0
1361,0.0,1892.0,0.0856311544775962,36.99,9.294336318969728,1085.0,0.0,1367.0,0.0,100.0,5.8734002113342285,0.0,0.0
1362,0.0,1892.0,0.0856311544775962,36.99,9.294336318969728,1085.0,0.0,1367.0,0.0,100.0,5.8734002113342285,0.0,0.0
1363,0.0,1892.0,0.0856311544775962,36.99,9.294336318969728,1085.0,0.0,1367.0,0.0,100.0,5.8734002113342285,0.0,0.0
1364,0.0,1892.0,0.0856311544775962,36.99,9.294336318969728,1085.0,0.0,1367.0,0.0,100.0,5.8734002113342285,0.0,0.0
1365,0.0,1892.0,0.1273407638072967,36.99,9.278876304626465,1216.0,0.0,1367.0,0.0,100.0,5.8734002113342285,0.0,0.0
1366,0.0,1892.0,0.1273407638072967,36.99,9.278876304626465,1216.0,0.0,1367.0,0.0,100.0,5.8734002113342285,0.0,0.0
1367,0.0,1892.0,0.1273407638072967,36.99,9.278876304626465,1216.0,0.0,1367.0,0.0,100.0,5.8734002113342285,0.0,0.0
1368,0.0,1892.0,0.1273407638072967,36.99,9.278876304626465,1216.0,0.0,1367.0,0.0,100.0,5.8734002113342285,0.0,0.0
1369,0.0,1892.0,0.1273407638072967,36.99,9.278876304626465,1216.0,0.0,1367.0,0.0,100.0,5.8734002113342285,0.0,0.0
1370,0.0,1892.0,0.3233124613761902,36.99,9.272034645080566,1211.0,0.0,1367.0,0.0,100.0,5.8734002113342285,0.0,0.0
1371,0.0,1892.0,0.3233124613761902,36.99,9.272034645080566,1211.0,0.0,1367.0,0.0,100.0,5.8734002113342285,0.0,0.0
1372,0.0,1892.0,0.3233124613761902,36.99,9.272034645080566,1211.0,0.0,1367.0,0.0,100.0,5.8734002113342285,0.0,0.0
1373,0.0,1892.0,0.3233124613761902,36.99,9.272034645080566,1211.0,0.0,1367.0,0.0,100.0,5.8734002113342285,0.0,0.0
1374,0.0,1892.0,0.3233124613761902,36.99,9.272034645080566,1211.0,0.0,1367.0,0.0,100.0,5.8734002113342285,0.0,0.0
1375,0.0,1892.0,0.0703817009925842,36.99,9.271787643432615,1102.0,0.0,1367.0,0.0003475240664556,100.0,5.8734002113342285,170.0,0.0
1376,0.0,1892.0,0.0703817009925842,36.99,9.271787643432615,1102.0,0.0,1367.0,0.0003475240664556,100.0,5.8734002113342285,170.0,0.0
1377,0.0,1892.0,0.0703817009925842,36.99,9.271787643432615,1102.0,0.0,1367.0,0.0003475240664556,100.0,5.8734002113342285,170.0,0.0
1378,0.0,1892.0,0.0703817009925842,36.99,9.271787643432615,1102.0,0.0,1367.0,0.0003475240664556,100.0,5.8734002113342285,170.0,0.0
1379,0.0,1892.0,0.0703817009925842,36.99,9.271787643432615,1102.0,0.0,1367.0,0.0003475240664556,100.0,5.8734002113342285,170.0,0.0
1380,0.0,1892.0,0.0703817009925842,36.99,9.271787643432615,1102.0,0.0,1367.0,0.0003475240664556,100.0,5.8734002113342285,170.0,0.0
1381,0.0,1892.0,0.2641259729862213,36.99,9.28271198272705,1442.0,0.0,1367.0,0.0,100.0,42.078887939453125,0.0,0.0
1382,0.0,1892.0,0.2641259729862213,36.99,9.28271198272705,1442.0,0.0,1367.0,0.0,100.0,42.078887939453125,0.0,0.0
1383,0.0,1892.0,0.2641259729862213,36.99,9.28271198272705,1442.0,0.0,1367.0,0.0,100.0,42.078887939453125,0.0,0.0
1384,0.0,1892.0,0.2641259729862213,36.99,9.28271198272705,1442.0,0.0,1367.0,0.0,100.0,42.078887939453125,0.0,0.0
1385,0.0,1892.0,0.2641259729862213,36.99,9.28271198272705,1442.0,0.0,1367.0,0.0,100.0,42.078887939453125,0.0,0.0
1386,0.0,1892.0,0.2033255100250244,36.99,9.298202514648438,1223.0,0.0,1367.0,0.0053018005564808,100.0,5.8734002113342285,222.0,0.0
1387,0.0,1892.0,0.2033255100250244,36.99,9.298202514648438,1223.0,0.0,1367.0,0.0053018005564808,100.0,5.8734002113342285,222.0,0.0
1388,0.0,1892.0,0.2033255100250244,36.99,9.298202514648438,1223.0,0.0,1367.0,0.0053018005564808,100.0,5.8734002113342285,222.0,0.0
1389,0.0,1892.0,0.2033255100250244,36.99,9.298202514648438,1223.0,0.0,1367.0,0.0053018005564808,100.0,5.8734002113342285,222.0,0.0
1390,0.0,1892.0,0.2033255100250244,36.99,9.298202514648438,1223.0,0.0,1367.0,0.0053018005564808,100.0,5.8734002113342285,222.0,0.0
1391,0.0,1892.0,0.1528437286615371,36.99,9.28035831451416,1540.0,0.0,1367.0,0.0135561842471361,100.0,42.23570251464844,111.0,0.0
1392,0.0,1892.0,0.1528437286615371,36.99,9.28035831451416,1540.0,0.0,1367.0,0.0135561842471361,100.0,42.23570251464844,111.0,0.0
1393,0.0,1892.0,0.1528437286615371,36.99,9.28035831451416,1540.0,0.0,1367.0,0.0135561842471361,100.0,42.23570251464844,111.0,0.0
1394,0.0,1892.0,0.1528437286615371,36.99,9.28035831451416,1540.0,0.0,1367.0,0.0135561842471361,100.0,42.23570251464844,111.0,0.0
1395,0.0,1892.0,0.1528437286615371,36.99,9.28035831451416,1540.0,0.0,1367.0,0.0135561842471361,100.0,42.23570251464844,111.0,0.0
1396,0.0,1892.0,0.1113288104534149,36.99,9.281245231628418,1273.0,0.0,1367.0,0.0005339895142242,100.0,42.149200439453125,111.0,0.0
1397,0.0,1892.0,0.1113288104534149,36.99,9.281245231628418,1273.0,0.0,1367.0,0.0005339895142242,100.0,42.149200439453125,111.0,0.0
1398,0.0,1892.0,0.1113288104534149,36.99,9.281245231628418,1273.0,0.0,1367.0,0.0005339895142242,100.0,42.149200439453125,111.0,0.0
1399,0.0,1892.0,0.1113288104534149,36.99,9.281245231628418,1273.0,0.0,1367.0,0.0005339895142242,100.0,42.149200439453125,111.0,0.0
1400,0.0,1892.0,0.1113288104534149,36.99,9.281245231628418,1273.0,0.0,1367.0,0.0005339895142242,100.0,42.149200439453125,111.0,0.0
1401,0.0,1892.0,0.1624612808227539,36.99,9.272565841674805,1361.0,0.0,1367.0,0.0,100.0,5.8734002113342285,0.0,0.0
1402,0.0,1892.0,0.1624612808227539,36.99,9.272565841674805,1361.0,0.0,1367.0,0.0,100.0,5.8734002113342285,0.0,0.0
1403,0.0,1892.0,0.1624612808227539,36.99,9.272565841674805,1361.0,0.0,1367.0,0.0,100.0,5.8734002113342285,0.0,0.0
1404,0.0,1892.0,0.1624612808227539,36.99,9.272565841674805,1361.0,0.0,1367.0,0.0,100.0,5.8734002113342285,0.0,0.0
1405,0.0,1892.0,0.1624612808227539,36.99,9.272565841674805,1361.0,0.0,1367.0,0.0,100.0,5.8734002113342285,0.0,0.0
1406,0.0,1892.0,0.1624612808227539,36.99,9.272565841674805,1361.0,0.0,1367.0,0.0,100.0,5.8734002113342285,0.0,0.0
1407,0.0,1892.0,0.4172676801681518,36.99,9.285826683044434,1341.0,0.0,1367.0,0.0003402844595257,100.0,42.20232391357422,111.0,0.0
1408,0.0,1892.0,0.4172676801681518,36.99,9.285826683044434,1341.0,0.0,1367.0,0.0003402844595257,100.0,42.20232391357422,111.0,0.0
1409,0.0,1892.0,0.4172676801681518,36.99,9.285826683044434,1341.0,0.0,1367.0,0.0003402844595257,100.0,42.20232391357422,111.0,0.0
1410,0.0,1892.0,0.4172676801681518,36.99,9.285826683044434,1341.0,0.0,1367.0,0.0003402844595257,100.0,42.20232391357422,111.0,0.0
1411,0.0,1892.0,0.4172676801681518,36.99,9.285826683044434,1341.0,0.0,1367.0,0.0003402844595257,100.0,42.20232391357422,111.0,0.0
1412,0.0,1892.0,0.1886761337518692,36.99,9.293397903442385,1395.0,0.0,1367.0,0.0,100.0,5.8734002113342285,0.0,0.0
1413,0.0,1892.0,0.1886761337518692,36.99,9.293397903442385,1395.0,0.0,1367.0,0.0,100.0,5.8734002113342285,0.0,0.0
1414,0.0,1892.0,0.1886761337518692,36.99,9.293397903442385,1395.0,0.0,1367.0,0.0,100.0,5.8734002113342285,0.0,0.0
1415,0.0,1892.0,0.1886761337518692,36.99,9.293397903442385,1395.0,0.0,1367.0,0.0,100.0,5.8734002113342285,0.0,0.0
1416,0.0,1892.0,0.1886761337518692,36.99,9.293397903442385,1395.0,0.0,1367.0,0.0,100.0,5.8734002113342285,0.0,0.0
1417,0.0,1892.0,0.1232135072350502,36.99,9.28077220916748,1201.0,0.0,1367.0,0.0,100.0,5.8734002113342285,0.0,0.0
1418,0.0,1892.0,0.1232135072350502,36.99,9.28077220916748,1201.0,0.0,1367.0,0.0,100.0,5.8734002113342285,0.0,0.0
1419,0.0,1892.0,0.1232135072350502,36.99,9.28077220916748,1201.0,0.0,1367.0,0.0,100.0,5.8734002113342285,0.0,0.0
1420,0.0,1892.0,0.1232135072350502,36.99,9.28077220916748,1201.0,0.0,1367.0,0.0,100.0,5.8734002113342285,0.0,0.0
1421,0.0,1892.0,0.1232135072350502,36.99,9.28077220916748,1201.0,0.0,1367.0,0.0,100.0,5.8734002113342285,0.0,0.0
1422,0.0,1892.0,0.1308153122663498,36.99,9.266952514648438,1222.0,0.0,1367.0,0.0005471802433021,100.0,42.18513870239258,111.0,0.0
1423,0.0,1892.0,0.1308153122663498,36.99,9.266952514648438,1222.0,0.0,1367.0,0.0005471802433021,100.0,42.18513870239258,111.0,0.0
1424,0.0,1892.0,0.1308153122663498,36.99,9.266952514648438,1222.0,0.0,1367.0,0.0005471802433021,100.0,42.18513870239258,111.0,0.0
1425,0.0,1892.0,0.1308153122663498,36.99,9.266952514648438,1222.0,0.0,1367.0,0.0005471802433021,100.0,42.18513870239258,111.0,0.0
1426,0.0,1892.0,0.1308153122663498,36.99,9.266952514648438,1222.0,0.0,1367.0,0.0005471802433021,100.0,42.18513870239258,111.0,0.0
1427,0.0,1892.0,0.1308153122663498,36.99,9.266952514648438,1222.0,0.0,1367.0,0.0005471802433021,100.0,42.18513870239258,111.0,0.0
1428,0.0,1892.0,0.0551521703600883,36.99,9.263547897338867,1045.0,0.0,1367.0,0.0,100.0,5.8734002113342285,0.0,0.0
1429,0.0,1892.0,0.0551521703600883,36.99,9.263547897338867,1045.0,0.0,1367.0,0.0,100.0,5.8734002113342285,0.0,0.0
1430,0.0,1892.0,0.0551521703600883,36.99,9.263547897338867,1045.0,0.0,1367.0,0.0,100.0,5.8734002113342285,0.0,0.0
1431,0.0,1892.0,0.0551521703600883,36.99,9.263547897338867,1045.0,0.0,1367.0,0.0,100.0,5.8734002113342285,0.0,0.0
1432,0.0,1892.0,0.0551521703600883,36.99,9.263547897338867,1045.0,0.0,1367.0,0.0,100.0,5.8734002113342285,0.0,0.0
1433,0.0,1892.0,0.0948176458477974,36.99,9.260836601257324,1174.0,0.0,1367.0,0.0,100.0,5.8734002113342285,0.0,0.0
1434,0.0,1892.0,0.0948176458477974,36.99,9.260836601257324,1174.0,0.0,1367.0,0.0,100.0,5.8734002113342285,0.0,0.0
1435,0.0,1892.0,0.0948176458477974,36.99,9.260836601257324,1174.0,0.0,1367.0,0.0,100.0,5.8734002113342285,0.0,0.0
1436,0.0,1892.0,0.0948176458477974,36.99,9.260836601257324,1174.0,0.0,1367.0,0.0,100.0,5.8734002113342285,0.0,0.0
1437,0.0,1892.0,0.0948176458477974,36.99,9.260836601257324,1174.0,0.0,1367.0,0.0,100.0,5.8734002113342285,0.0,0.0
1438,0.0,1892.0,0.1087648645043373,36.99,9.262463569641112,1180.0,0.0,1367.0,0.0,100.0,5.8734002113342285,0.0,0.0
1439,0.0,1892.0,0.1087648645043373,36.99,9.262463569641112,1180.0,0.0,1367.0,0.0,100.0,5.8734002113342285,0.0,0.0
1440,0.0,1892.0,0.1087648645043373,36.99,9.262463569641112,1180.0,0.0,1367.0,0.0,100.0,5.8734002113342285,0.0,0.0
1441,0.0,1892.0,0.1087648645043373,36.99,9.262463569641112,1180.0,0.0,1367.0,0.0,100.0,5.8734002113342285,0.0,0.0
1442,0.0,1892.0,0.1087648645043373,36.99,9.262463569641112,1180.0,0.0,1367.0,0.0,100.0,5.8734002113342285,0.0,0.0
1443,0.0,1892.0,0.1692319214344024,36.99,9.260812759399414,1294.0,0.0,1367.0,0.0,100.0,5.8734002113342285,0.0,0.0
1444,0.0,1892.0,0.1692319214344024,36.99,9.260812759399414,1294.0,0.0,1367.0,0.0,100.0,5.8734002113342285,0.0,0.0
1445,0.0,1892.0,0.1692319214344024,36.99,9.260812759399414,1294.0,0.0,1367.0,0.0,100.0,5.8734002113342285,0.0,0.0
1446,0.0,1892.0,0.1692319214344024,36.99,9.260812759399414,1294.0,0.0,1367.0,0.0,100.0,5.8734002113342285,0.0,0.0
1447,0.0,1892.0,0.1692319214344024,36.99,9.260812759399414,1294.0,0.0,1367.0,0.0,100.0,5.8734002113342285,0.0,0.0
1448,0.0,1892.0,0.1692319214344024,36.99,9.260812759399414,1294.0,0.0,1367.0,0.0,100.0,5.8734002113342285,0.0,0.0
1449,0.0,1892.0,0.0962076336145401,36.99,9.27934455871582,1116.0,0.0,1367.0,6.861932342872024e-05,100.0,5.8734002113342285,111.0,0.0
1450,0.0,1892.0,0.0962076336145401,36.99,9.27934455871582,1116.0,0.0,1367.0,6.861932342872024e-05,100.0,5.8734002113342285,111.0,0.0
1451,0.0,1892.0,0.0962076336145401,36.99,9.27934455871582,1116.0,0.0,1367.0,6.861932342872024e-05,100.0,5.8734002113342285,111.0,0.0
1452,0.0,1892.0,0.0962076336145401,36.99,9.27934455871582,1116.0,0.0,1367.0,6.861932342872024e-05,100.0,5.8734002113342285,111.0,0.0
1453,0.0,1892.0,0.0962076336145401,36.99,9.27934455871582,1116.0,0.0,1367.0,6.861932342872024e-05,100.0,5.8734002113342285,111.0,0.0
1454,0.0,1892.0,0.1068644225597381,36.99,9.266783714294434,1205.0,0.0,1367.0,0.0,100.0,42.03670120239258,0.0,0.0
1455,0.0,1892.0,0.1068644225597381,36.99,9.266783714294434,1205.0,0.0,1367.0,0.0,100.0,42.03670120239258,0.0,0.0
1456,0.0,1892.0,0.1068644225597381,36.99,9.266783714294434,1205.0,0.0,1367.0,0.0,100.0,42.03670120239258,0.0,0.0
1457,0.0,1892.0,0.1068644225597381,36.99,9.266783714294434,1205.0,0.0,1367.0,0.0,100.0,42.03670120239258,0.0,0.0
1458,0.0,1892.0,0.1068644225597381,36.99,9.266783714294434,1205.0,0.0,1367.0,0.0,100.0,42.03670120239258,0.0,0.0
1459,0.0,1892.0,0.0681411102414131,36.99,9.25928020477295,1117.0,0.0,1367.0,0.0,100.0,5.8734002113342285,0.0,0.0
1460,0.0,1892.0,0.0681411102414131,36.99,9.25928020477295,1117.0,0.0,1367.0,0.0,100.0,5.8734002113342285,0.0,0.0
1461,0.0,1892.0,0.0681411102414131,36.99,9.25928020477295,1117.0,0.0,1367.0,0.0,100.0,5.8734002113342285,0.0,0.0
1462,0.0,1892.0,0.0681411102414131,36.99,9.25928020477295,1117.0,0.0,1367.0,0.0,100.0,5.8734002113342285,0.0,0.0
1463,0.0,1892.0,0.0681411102414131,36.99,9.25928020477295,1117.0,0.0,1367.0,0.0,100.0,5.8734002113342285,0.0,0.0
1464,0.0,1892.0,0.0605450570583343,36.99,9.25699234008789,1106.0,0.0,1367.0,0.0,100.0,5.8734002113342285,0.0,0.0
1465,0.0,1892.0,0.0605450570583343,36.99,9.25699234008789,1106.0,0.0,1367.0,0.0,100.0,5.8734002113342285,0.0,0.0
1466,0.0,1892.0,0.0605450570583343,36.99,9.25699234008789,1106.0,0.0,1367.0,0.0,100.0,5.8734002113342285,0.0,0.0
1467,0.0,1892.0,0.0605450570583343,36.99,9.25699234008789,1106.0,0.0,1367.0,0.0,100.0,5.8734002113342285,0.0,0.0
1468,0.0,1892.0,0.0605450570583343,36.99,9.25699234008789,1106.0,0.0,1367.0,0.0,100.0,5.8734002113342285,0.0,0.0
1469,0.0,1892.0,0.0605450570583343,36.99,9.25699234008789,1106.0,0.0,1367.0,0.0,100.0,5.8734002113342285,0.0,0.0
1470,0.0,1892.0,0.200954258441925,36.99,9.273180961608888,1513.0,0.0,1367.0,0.0003036441048607,100.0,41.95232391357422,111.0,0.0
1471,0.0,1892.0,0.200954258441925,36.99,9.273180961608888,1513.0,0.0,1367.0,0.0003036441048607,100.0,41.95232391357422,111.0,0.0
1472,0.0,1892.0,0.200954258441925,36.99,9.273180961608888,1513.0,0.0,1367.0,0.0003036441048607,100.0,41.95232391357422,111.0,0.0
1473,0.0,1892.0,0.200954258441925,36.99,9.273180961608888,1513.0,0.0,1367.0,0.0003036441048607,100.0,41.95232391357422,111.0,0.0
1474,0.0,1892.0,0.200954258441925,36.99,9.273180961608888,1513.0,0.0,1367.0,0.0003036441048607,100.0,41.95232391357422,111.0,0.0
1475,0.0,1892.0,0.1726827621459961,36.99,9.267179489135742,1252.0,0.0,1367.0,0.0001497047051088,100.0,42.07732391357422,111.0,0.0
1476,0.0,1892.0,0.1726827621459961,36.99,9.267179489135742,1252.0,0.0,1367.0,0.0001497047051088,100.0,42.07732391357422,111.0,0.0
1477,0.0,1892.0,0.1726827621459961,36.99,9.267179489135742,1252.0,0.0,1367.0,0.0001497047051088,100.0,42.07732391357422,111.0,0.0
1478,0.0,1892.0,0.1726827621459961,36.99,9.267179489135742,1252.0,0.0,1367.0,0.0001497047051088,100.0,42.07732391357422,111.0,0.0
1479,0.0,1892.0,0.1726827621459961,36.99,9.267179489135742,1252.0,0.0,1367.0,0.0001497047051088,100.0,42.07732391357422,111.0,0.0
1480,0.0,1892.0,0.1465970277786255,36.99,9.27480697631836,1321.0,0.0,1367.0,0.0003049116057809,100.0,5.8734002113342285,111.0,0.0
1481,0.0,1892.0,0.1465970277786255,36.99,9.27480697631836,1321.0,0.0,1367.0,0.0003049116057809,100.0,5.8734002113342285,111.0,0.0
1482,0.0,1892.0,0.1465970277786255,36.99,9.27480697631836,1321.0,0.0,1367.0,0.0003049116057809,100.0,5.8734002113342285,111.0,0.0
1483,0.0,1892.0,0.1465970277786255,36.99,9.27480697631836,1321.0,0.0,1367.0,0.0003049116057809,100.0,5.8734002113342285,111.0,0.0
1484,0.0,1892.0,0.1465970277786255,36.99,9.27480697631836,1321.0,0.0,1367.0,0.0003049116057809,100.0,5.8734002113342285,111.0,0.0
1485,0.0,1892.0,0.1465970277786255,36.99,9.27480697631836,1321.0,0.0,1367.0,0.0003049116057809,100.0,5.8734002113342285,111.0,0.0
1486,0.0,1892.0,0.1580691039562225,36.99,9.268656730651855,1154.0,0.0,1367.0,0.0001643974974285,100.0,41.91170120239258,111.0,0.0
1487,0.0,1892.0,0.1580691039562225,36.99,9.268656730651855,1154.0,0.0,1367.0,0.0001643974974285,100.0,41.91170120239258,111.0,0.0
1488,0.0,1892.0,0.1580691039562225,36.99,9.268656730651855,1154.0,0.0,1367.0,0.0001643974974285,100.0,41.91170120239258,111.0,0.0
1489,0.0,1892.0,0.1580691039562225,36.99,9.268656730651855,1154.0,0.0,1367.0,0.0001643974974285,100.0,41.91170120239258,111.0,0.0
1490,0.0,1892.0,0.1580691039562225,36.99,9.268656730651855,1154.0,0.0,1367.0,0.0001643974974285,100.0,41.91170120239258,111.0,0.0
1491,0.0,1892.0,0.1210682690143585,36.99,9.272903442382812,1045.0,0.0,1367.0,0.0001667919859755,100.0,42.039825439453125,111.0,0.0
1492,0.0,1892.0,0.1210682690143585,36.99,9.272903442382812,1045.0,0.0,1367.0,0.0001667919859755,100.0,42.039825439453125,111.0,0.0
1493,0.0,1892.0,0.1210682690143585,36.99,9.272903442382812,1045.0,0.0,1367.0,0.0001667919859755,100.0,42.039825439453125,111.0,0.0
1494,0.0,1892.0,0.1210682690143585,36.99,9.272903442382812,1045.0,0.0,1367.0,0.0001667919859755,100.0,42.039825439453125,111.0,0.0
1495,0.0,1892.0,0.1210682690143585,36.99,9.272903442382812,1045.0,0.0,1367.0,0.0001667919859755,100.0,42.039825439453125,111.0,0.0
1496,0.0,1892.0,0.145514115691185,36.99,9.26851749420166,1126.0,0.0,1367.0,0.0003295902861282,100.0,41.99919891357422,111.0,0.0
1497,0.0,1892.0,0.145514115691185,36.99,9.26851749420166,1126.0,0.0,1367.0,0.0003295902861282,100.0,41.99919891357422,111.0,0.0
1498,0.0,1892.0,0.145514115691185,36.99,9.26851749420166,1126.0,0.0,1367.0,0.0003295902861282,100.0,41.99919891357422,111.0,0.0
1499,0.0,1892.0,0.145514115691185,36.99,9.26851749420166,1126.0,0.0,1367.0,0.0003295902861282,100.0,41.99919891357422,111.0,0.0
1500,0.0,1892.0,0.145514115691185,36.99,9.26851749420166,1126.0,0.0,1367.0,0.0003295902861282,100.0,41.99919891357422,111.0,0.0
1501,0.0,1892.0,0.1246044933795929,36.99,9.274304389953612,1122.0,0.0,1367.0,0.0003001543518621,100.0,41.99607467651367,111.0,0.0
1502,0.0,1892.0,0.1246044933795929,36.99,9.274304389953612,1122.0,0.0,1367.0,0.0003001543518621,100.0,41.99607467651367,111.0,0.0
1503,0.0,1892.0,0.1246044933795929,36.99,9.274304389953612,1122.0,0.0,1367.0,0.0003001543518621,100.0,41.99607467651367,111.0,0.0
1504,0.0,1892.0,0.1246044933795929,36.99,9.274304389953612,1122.0,0.0,1367.0,0.0003001543518621,100.0,41.99607467651367,111.0,0.0
1505,0.0,1892.0,0.1246044933795929,36.99,9.274304389953612,1122.0,0.0,1367.0,0.0003001543518621,100.0,41.99607467651367,111.0,0.0
1506,0.0,1892.0,0.1246044933795929,36.99,9.274304389953612,1122.0,0.0,1367.0,0.0003001543518621,100.0,41.99607467651367,111.0,0.0
1507,0.0,1892.0,0.1056001186370849,36.99,9.273996353149414,1095.0,0.0,1367.0,0.0001654293882893,100.0,42.03670120239258,111.0,0.0
1508,0.0,1892.0,0.1056001186370849,36.99,9.273996353149414,1095.0,0.0,1367.0,0.0001654293882893,100.0,42.03670120239258,111.0,0.0
1509,0.0,1892.0,0.1056001186370849,36.99,9.273996353149414,1095.0,0.0,1367.0,0.0001654293882893,100.0,42.03670120239258,111.0,0.0
1510,0.0,1892.0,0.1056001186370849,36.99,9.273996353149414,1095.0,0.0,1367.0,0.0001654293882893,100.0,42.03670120239258,111.0,0.0
1511,0.0,1892.0,0.1056001186370849,36.99,9.273996353149414,1095.0,0.0,1367.0,0.0001654293882893,100.0,42.03670120239258,111.0,0.0
1512,0.0,1892.0,0.2174161523580551,36.99,9.274646759033203,1507.0,0.0,1367.0,0.0,100.0,42.03670120239258,0.0,0.0
1513,0.0,1892.0,0.2174161523580551,36.99,9.274646759033203,1507.0,0.0,1367.0,0.0,100.0,42.03670120239258,0.0,0.0
1514,0.0,1892.0,0.2174161523580551,36.99,9.274646759033203,1507.0,0.0,1367.0,0.0,100.0,42.03670120239258,0.0,0.0
1515,0.0,1892.0,0.2174161523580551,36.99,9.274646759033203,1507.0,0.0,1367.0,0.0,100.0,42.03670120239258,0.0,0.0
1516,0.0,1892.0,0.2174161523580551,36.99,9.274646759033203,1507.0,0.0,1367.0,0.0,100.0,42.03670120239258,0.0,0.0
1517,0.0,1892.0,1.1561846733093262,36.99,9.313797950744627,2262.0,0.0,1367.0,0.0,100.0,5.8734002113342285,0.0,0.0
1518,0.0,1892.0,1.1561846733093262,36.99,9.313797950744627,2262.0,0.0,1367.0,0.0,100.0,5.8734002113342285,0.0,0.0
1519,0.0,1892.0,1.1561846733093262,36.99,9.313797950744627,2262.0,0.0,1367.0,0.0,100.0,5.8734002113342285,0.0,0.0
1520,0.0,1892.0,1.1561846733093262,36.99,9.313797950744627,2262.0,0.0,1367.0,0.0,100.0,5.8734002113342285,0.0,0.0
1521,0.0,1892.0,1.1561846733093262,36.99,9.313797950744627,2262.0,0.0,1367.0,0.0,100.0,5.8734002113342285,0.0,0.0
1522,0.0,1892.0,0.4683229625225067,36.99,9.34316349029541,1387.0,0.0,1367.0,0.0001565300481161,100.0,42.039825439453125,111.0,0.0
1523,0.0,1892.0,0.4683229625225067,36.99,9.34316349029541,1387.0,0.0,1367.0,0.0001565300481161,100.0,42.039825439453125,111.0,0.0
1524,0.0,1892.0,0.4683229625225067,36.99,9.34316349029541,1387.0,0.0,1367.0,0.0001565300481161,100.0,42.039825439453125,111.0,0.0
1525,0.0,1892.0,0.4683229625225067,36.99,9.34316349029541,1387.0,0.0,1367.0,0.0001565300481161,100.0,42.039825439453125,111.0,0.0
1526,0.0,1892.0,0.4683229625225067,36.99,9.34316349029541,1387.0,0.0,1367.0,0.0001565300481161,100.0,42.039825439453125,111.0,0.0
1527,0.0,1892.0,0.2085761874914169,36.99,9.302353858947754,1100.0,0.0,1367.0,0.0,100.0,5.8734002113342285,0.0,0.0
1528,0.0,1892.0,0.2085761874914169,36.99,9.302353858947754,1100.0,0.0,1367.0,0.0,100.0,5.8734002113342285,0.0,0.0
1529,0.0,1892.0,0.2085761874914169,36.99,9.302353858947754,1100.0,0.0,1367.0,0.0,100.0,5.8734002113342285,0.0,0.0
1530,0.0,1892.0,0.2085761874914169,36.99,9.302353858947754,1100.0,0.0,1367.0,0.0,100.0,5.8734002113342285,0.0,0.0
1531,0.0,1892.0,0.2085761874914169,36.99,9.302353858947754,1100.0,0.0,1367.0,0.0,100.0,5.8734002113342285,0.0,0.0
1532,0.0,1892.0,0.2085761874914169,36.99,9.302353858947754,1100.0,0.0,1367.0,0.0,100.0,5.8734002113342285,0.0,0.0
1533,0.0,1892.0,0.7695508599281311,36.99,9.280885696411133,1406.0,0.0,1367.0,0.0,100.0,5.8734002113342285,0.0,0.0
1534,0.0,1892.0,0.7695508599281311,36.99,9.280885696411133,1406.0,0.0,1367.0,0.0,100.0,5.8734002113342285,0.0,0.0
1535,0.0,1892.0,0.7695508599281311,36.99,9.280885696411133,1406.0,0.0,1367.0,0.0,100.0,5.8734002113342285,0.0,0.0
1536,0.0,1892.0,0.7695508599281311,36.99,9.280885696411133,1406.0,0.0,1367.0,0.0,100.0,5.8734002113342285,0.0,0.0
1537,0.0,1892.0,0.7695508599281311,36.99,9.280885696411133,1406.0,0.0,1367.0,0.0,100.0,5.8734002113342285,0.0,0.0
1538,0.0,1892.0,0.693336009979248,36.99,9.319171905517578,1389.0,0.0,1367.0,0.0,100.0,5.8734002113342285,0.0,0.0
1539,0.0,1892.0,0.693336009979248,36.99,9.319171905517578,1389.0,0.0,1367.0,0.0,100.0,5.8734002113342285,0.0,0.0
1540,0.0,1892.0,0.693336009979248,36.99,9.319171905517578,1389.0,0.0,1367.0,0.0,100.0,5.8734002113342285,0.0,0.0
1541,0.0,1892.0,0.693336009979248,36.99,9.319171905517578,1389.0,0.0,1367.0,0.0,100.0,5.8734002113342285,0.0,0.0
1542,0.0,1892.0,0.693336009979248,36.99,9.319171905517578,1389.0,0.0,1367.0,0.0,100.0,5.8734002113342285,0.0,0.0
1543,0.0,1892.0,0.5556064248085022,36.99,9.316107749938965,1277.0,0.0,1367.0,0.0003115593863185,100.0,5.8734002113342285,111.0,0.0
1544,0.0,1892.0,0.5556064248085022,36.99,9.316107749938965,1277.0,0.0,1367.0,0.0003115593863185,100.0,5.8734002113342285,111.0,0.0
1545,0.0,1892.0,0.5556064248085022,36.99,9.316107749938965,1277.0,0.0,1367.0,0.0003115593863185,100.0,5.8734002113342285,111.0,0.0
1546,0.0,1892.0,0.5556064248085022,36.99,9.316107749938965,1277.0,0.0,1367.0,0.0003115593863185,100.0,5.8734002113342285,111.0,0.0
1547,0.0,1892.0,0.5556064248085022,36.99,9.316107749938965,1277.0,0.0,1367.0,0.0003115593863185,100.0,5.8734002113342285,111.0,0.0
1548,0.0,1892.0,0.5556064248085022,36.99,9.316107749938965,1277.0,0.0,1367.0,0.0003115593863185,100.0,5.8734002113342285,111.0,0.0
1549,0.0,1892.0,1.1542484760284424,36.99,9.366744041442873,1943.0,0.0,1367.0,0.0,100.0,5.8734002113342285,0.0,0.0
1550,0.0,1892.0,1.1542484760284424,36.99,9.366744041442873,1943.0,0.0,1367.0,0.0,100.0,5.8734002113342285,0.0,0.0
1551,0.0,1892.0,1.1542484760284424,36.99,9.366744041442873,1943.0,0.0,1367.0,0.0,100.0,5.8734002113342285,0.0,0.0
1552,0.0,1892.0,1.1542484760284424,36.99,9.366744041442873,1943.0,0.0,1367.0,0.0,100.0,5.8734002113342285,0.0,0.0
1553,0.0,1892.0,1.1542484760284424,36.99,9.366744041442873,1943.0,0.0,1367.0,0.0,100.0,5.8734002113342285,0.0,0.0
1554,0.0,1892.0,0.5614880919456482,36.99,9.330825805664062,1252.0,0.0,1367.0,0.0,100.0,5.8734002113342285,0.0,0.0
1555,0.0,1892.0,0.5614880919456482,36.99,9.330825805664062,1252.0,0.0,1367.0,0.0,100.0,5.8734002113342285,0.0,0.0
1556,0.0,1892.0,0.5614880919456482,36.99,9.330825805664062,1252.0,0.0,1367.0,0.0,100.0,5.8734002113342285,0.0,0.0
1557,0.0,1892.0,0.5614880919456482,36.99,9.330825805664062,1252.0,0.0,1367.0,0.0,100.0,5.8734002113342285,0.0,0.0
1558,0.0,1892.0,0.5614880919456482,36.99,9.330825805664062,1252.0,0.0,1367.0,0.0,100.0,5.8734002113342285,0.0,0.0
1559,0.0,1892.0,0.5290996432304382,36.99,9.314420700073242,1208.0,0.0,1367.0,0.0,100.0,5.8734002113342285,0.0,0.0
1560,0.0,1892.0,0.5290996432304382,36.99,9.314420700073242,1208.0,0.0,1367.0,0.0,100.0,5.8734002113342285,0.0,0.0
1561,0.0,1892.0,0.5290996432304382,36.99,9.314420700073242,1208.0,0.0,1367.0,0.0,100.0,5.8734002113342285,0.0,0.0
1562,0.0,1892.0,0.5290996432304382,36.99,9.314420700073242,1208.0,0.0,1367.0,0.0,100.0,5.8734002113342285,0.0,0.0
1563,0.0,1892.0,0.5290996432304382,36.99,9.314420700073242,1208.0,0.0,1367.0,0.0,100.0,5.8734002113342285,0.0,0.0
1564,0.0,1892.0,0.4338555932044983,36.99,9.304605484008787,1132.0,0.0,1367.0,0.0,100.0,5.8734002113342285,0.0,0.0
1565,0.0,1892.0,0.4338555932044983,36.99,9.304605484008787,1132.0,0.0,1367.0,0.0,100.0,5.8734002113342285,0.0,0.0
1566,0.0,1892.0,0.4338555932044983,36.99,9.304605484008787,1132.0,0.0,1367.0,0.0,100.0,5.8734002113342285,0.0,0.0
1567,0.0,1892.0,0.4338555932044983,36.99,9.304605484008787,1132.0,0.0,1367.0,0.0,100.0,5.8734002113342285,0.0,0.0
1568,0.0,1892.0,0.4338555932044983,36.99,9.304605484008787,1132.0,0.0,1367.0,0.0,100.0,5.8734002113342285,0.0,0.0
1569,0.0,1892.0,0.2480765134096145,36.99,9.280179023742676,1115.0,0.0,1367.0,0.0003032205277122,100.0,5.8734002113342285,111.0,0.0
1570,0.0,1892.0,0.2480765134096145,36.99,9.280179023742676,1115.0,0.0,1367.0,0.0003032205277122,100.0,5.8734002113342285,111.0,0.0
1571,0.0,1892.0,0.2480765134096145,36.99,9.280179023742676,1115.0,0.0,1367.0,0.0003032205277122,100.0,5.8734002113342285,111.0,0.0
1572,0.0,1892.0,0.2480765134096145,36.99,9.280179023742676,1115.0,0.0,1367.0,0.0003032205277122,100.0,5.8734002113342285,111.0,0.0
1573,0.0,1892.0,0.2480765134096145,36.99,9.280179023742676,1115.0,0.0,1367.0,0.0003032205277122,100.0,5.8734002113342285,111.0,0.0
1574,0.0,1892.0,0.2480765134096145,36.99,9.280179023742676,1115.0,0.0,1367.0,0.0003032205277122,100.0,5.8734002113342285,111.0,0.0
1575,0.0,1892.0,0.2559427320957184,36.99,9.289033889770508,1421.0,0.0,1367.0,0.0,100.0,42.09920120239258,0.0,0.0
1576,0.0,1892.0,0.2559427320957184,36.99,9.289033889770508,1421.0,0.0,1367.0,0.0,100.0,42.09920120239258,0.0,0.0
1577,0.0,1892.0,0.2559427320957184,36.99,9.289033889770508,1421.0,0.0,1367.0,0.0,100.0,42.09920120239258,0.0,0.0
1578,0.0,1892.0,0.2559427320957184,36.99,9.289033889770508,1421.0,0.0,1367.0,0.0,100.0,42.09920120239258,0.0,0.0
1579,0.0,1892.0,0.2559427320957184,36.99,9.289033889770508,1421.0,0.0,1367.0,0.0,100.0,42.09920120239258,0.0,0.0
1580,0.0,1892.0,0.1364006996154785,36.99,9.25863265991211,1190.0,0.0,1367.0,0.0,100.0,5.8734002113342285,0.0,0.0
1581,0.0,1892.0,0.1364006996154785,36.99,9.25863265991211,1190.0,0.0,1367.0,0.0,100.0,5.8734002113342285,0.0,0.0
1582,0.0,1892.0,0.1364006996154785,36.99,9.25863265991211,1190.0,0.0,1367.0,0.0,100.0,5.8734002113342285,0.0,0.0
1583,0.0,1892.0,0.1364006996154785,36.99,9.25863265991211,1190.0,0.0,1367.0,0.0,100.0,5.8734002113342285,0.0,0.0
1584,0.0,1892.0,0.1364006996154785,36.99,9.25863265991211,1190.0,0.0,1367.0,0.0,100.0,5.8734002113342285,0.0,0.0
1585,0.0,1892.0,0.0769710764288902,36.99,9.265766143798828,1136.0,0.0,1367.0,0.0,100.0,5.8734002113342285,0.0,0.0
1586,0.0,1892.0,0.0769710764288902,36.99,9.265766143798828,1136.0,0.0,1367.0,0.0,100.0,5.8734002113342285,0.0,0.0
1587,0.0,1892.0,0.0769710764288902,36.99,9.265766143798828,1136.0,0.0,1367.0,0.0,100.0,5.8734002113342285,0.0,0.0
1588,0.0,1892.0,0.0769710764288902,36.99,9.265766143798828,1136.0,0.0,1367.0,0.0,100.0,5.8734002113342285,0.0,0.0
1589,0.0,1892.0,0.0769710764288902,36.99,9.265766143798828,1136.0,0.0,1367.0,0.0,100.0,5.8734002113342285,0.0,0.0
1590,0.0,1892.0,0.1219267025589943,36.99,9.253140449523926,1220.0,0.0,1367.0,0.0,100.0,5.8734002113342285,0.0,0.0
1591,0.0,1892.0,0.1219267025589943,36.99,9.253140449523926,1220.0,0.0,1367.0,0.0,100.0,5.8734002113342285,0.0,0.0
1592,0.0,1892.0,0.1219267025589943,36.99,9.253140449523926,1220.0,0.0,1367.0,0.0,100.0,5.8734002113342285,0.0,0.0
1593,0.0,1892.0,0.1219267025589943,36.99,9.253140449523926,1220.0,0.0,1367.0,0.0,100.0,5.8734002113342285,0.0,0.0
1594,0.0,1892.0,0.1219267025589943,36.99,9.253140449523926,1220.0,0.0,1367.0,0.0,100.0,5.8734002113342285,0.0,0.0
1595,0.0,1892.0,0.1219267025589943,36.99,9.253140449523926,1220.0,0.0,1367.0,0.0,100.0,5.8734002113342285,0.0,0.0
1596,0.0,1892.0,0.1429209113121032,36.99,9.24791145324707,1309.0,0.0,1367.0,0.0003000151773449,100.0,5.8734002113342285,111.0,0.0
1597,0.0,1892.0,0.1429209113121032,36.99,9.24791145324707,1309.0,0.0,1367.0,0.0003000151773449,100.0,5.8734002113342285,111.0,0.0
1598,0.0,1892.0,0.1429209113121032,36.99,9.24791145324707,1309.0,0.0,1367.0,0.0003000151773449,100.0,5.8734002113342285,111.0,0.0
1599,0.0,1892.0,0.1429209113121032,36.99,9.24791145324707,1309.0,0.0,1367.0,0.0003000151773449,100.0,5.8734002113342285,111.0,0.0
1600,0.0,1892.0,0.1429209113121032,36.99,9.24791145324707,1309.0,0.0,1367.0,0.0003000151773449,100.0,5.8734002113342285,111.0,0.0
1601,0.0,1892.0,0.0978389233350753,36.99,9.264236450195312,1173.0,0.0,1367.0,0.0,100.0,41.93357467651367,0.0,0.0
1602,0.0,1892.0,0.0978389233350753,36.99,9.264236450195312,1173.0,0.0,1367.0,0.0,100.0,41.93357467651367,0.0,0.0
1603,0.0,1892.0,0.0978389233350753,36.99,9.264236450195312,1173.0,0.0,1367.0,0.0,100.0,41.93357467651367,0.0,0.0
1604,0.0,1892.0,0.0978389233350753,36.99,9.264236450195312,1173.0,0.0,1367.0,0.0,100.0,41.93357467651367,0.0,0.0
1605,0.0,1892.0,0.0978389233350753,36.99,9.264236450195312,1173.0,0.0,1367.0,0.0,100.0,41.93357467651367,0.0,0.0
1606,0.0,1892.0,0.1747580468654632,36.99,9.263002395629885,1330.0,0.0,1367.0,0.0,100.0,5.8734002113342285,0.0,0.0
1607,0.0,1892.0,0.1747580468654632,36.99,9.263002395629885,1330.0,0.0,1367.0,0.0,100.0,5.8734002113342285,0.0,0.0
1608,0.0,1892.0,0.1747580468654632,36.99,9.263002395629885,1330.0,0.0,1367.0,0.0,100.0,5.8734002113342285,0.0,0.0
1609,0.0,1892.0,0.1747580468654632,36.99,9.263002395629885,1330.0,0.0,1367.0,0.0,100.0,5.8734002113342285,0.0,0.0
1610,0.0,1892.0,0.1747580468654632,36.99,9.263002395629885,1330.0,0.0,1367.0,0.0,100.0,5.8734002113342285,0.0,0.0
1611,0.0,1892.0,0.1217296347022056,36.99,9.25485897064209,1228.0,0.0,1367.0,0.0,100.0,5.8734002113342285,0.0,0.0
1612,0.0,1892.0,0.1217296347022056,36.99,9.25485897064209,1228.0,0.0,1367.0,0.0,100.0,5.8734002113342285,0.0,0.0
1613,0.0,1892.0,0.1217296347022056,36.99,9.25485897064209,1228.0,0.0,1367.0,0.0,100.0,5.8734002113342285,0.0,0.0
1614,0.0,1892.0,0.1217296347022056,36.99,9.25485897064209,1228.0,0.0,1367.0,0.0,100.0,5.8734002113342285,0.0,0.0
1615,0.0,1892.0,0.1217296347022056,36.99,9.25485897064209,1228.0,0.0,1367.0,0.0,100.0,5.8734002113342285,0.0,0.0
1616,0.0,1892.0,0.1217296347022056,36.99,9.25485897064209,1228.0,0.0,1367.0,0.0,100.0,5.8734002113342285,0.0,0.0
1617,0.0,1892.0,0.0736856758594513,36.99,9.244743347167969,1100.0,0.0,1367.0,0.0,100.0,5.8734002113342285,0.0,0.0
1618,0.0,1892.0,0.0736856758594513,36.99,9.244743347167969,1100.0,0.0,1367.0,0.0,100.0,5.8734002113342285,0.0,0.0
1619,0.0,1892.0,0.0736856758594513,36.99,9.244743347167969,1100.0,0.0,1367.0,0.0,100.0,5.8734002113342285,0.0,0.0
1620,0.0,1892.0,0.0736856758594513,36.99,9.244743347167969,1100.0,0.0,1367.0,0.0,100.0,5.8734002113342285,0.0,0.0
1621,0.0,1892.0,0.0736856758594513,36.99,9.244743347167969,1100.0,0.0,1367.0,0.0,100.0,5.8734002113342285,0.0,0.0
1622,0.0,1892.0,0.1990861892700195,36.99,9.238187789916992,1266.0,0.0,1367.0,0.0005982237053103,100.0,5.8734002113342285,222.0,0.0
1623,0.0,1892.0,0.1990861892700195,36.99,9.238187789916992,1266.0,0.0,1367.0,0.0005982237053103,100.0,5.8734002113342285,222.0,0.0
1624,0.0,1892.0,0.1990861892700195,36.99,9.238187789916992,1266.0,0.0,1367.0,0.0005982237053103,100.0,5.8734002113342285,222.0,0.0
1625,0.0,1892.0,0.1990861892700195,36.99,9.238187789916992,1266.0,0.0,1367.0,0.0005982237053103,100.0,5.8734002113342285,222.0,0.0
1626,0.0,1892.0,0.1990861892700195,36.99,9.238187789916992,1266.0,0.0,1367.0,0.0005982237053103,100.0,5.8734002113342285,222.0,0.0
1627,0.0,1892.0,0.1334510445594787,36.99,9.25187873840332,1056.0,0.0,1367.0,0.0001622889685677,100.0,41.828887939453125,111.0,0.0
1628,0.0,1892.0,0.1334510445594787,36.99,9.25187873840332,1056.0,0.0,1367.0,0.0001622889685677,100.0,41.828887939453125,111.0,0.0
1629,0.0,1892.0,0.1334510445594787,36.99,9.25187873840332,1056.0,0.0,1367.0,0.0001622889685677,100.0,41.828887939453125,111.0,0.0
1630,0.0,1892.0,0.1334510445594787,36.99,9.25187873840332,1056.0,0.0,1367.0,0.0001622889685677,100.0,41.828887939453125,111.0,0.0
1631,0.0,1892.0,0.1334510445594787,36.99,9.25187873840332,1056.0,0.0,1367.0,0.0001622889685677,100.0,41.828887939453125,111.0,0.0
1632,0.0,1892.0,0.1436294168233871,36.99,9.25942325592041,1184.0,0.0,1367.0,0.0001662814902374,100.0,41.82732391357422,111.0,0.0
1633,0.0,1892.0,0.1436294168233871,36.99,9.25942325592041,1184.0,0.0,1367.0,0.0001662814902374,100.0,41.82732391357422,111.0,0.0
1634,0.0,1892.0,0.1436294168233871,36.99,9.25942325592041,1184.0,0.0,1367.0,0.0001662814902374,100.0,41.82732391357422,111.0,0.0
1635,0.0,1892.0,0.1436294168233871,36.99,9.25942325592041,1184.0,0.0,1367.0,0.0001662814902374,100.0,41.82732391357422,111.0,0.0
1636,0.0,1892.0,0.1436294168233871,36.99,9.25942325592041,1184.0,0.0,1367.0,0.0001662814902374,100.0,41.82732391357422,111.0,0.0
1637,0.0,1892.0,0.1436294168233871,36.99,9.25942325592041,1184.0,0.0,1367.0,0.0001662814902374,100.0,41.82732391357422,111.0,0.0
1638,0.0,1892.0,0.2351836562156677,36.99,9.286402702331545,1288.0,0.0,1367.0,0.0001655967353144,100.0,41.78357696533203,111.0,0.0
1639,0.0,1892.0,0.2351836562156677,36.99,9.286402702331545,1288.0,0.0,1367.0,0.0001655967353144,100.0,41.78357696533203,111.0,0.0
1640,0.0,1892.0,0.2351836562156677,36.99,9.286402702331545,1288.0,0.0,1367.0,0.0001655967353144,100.0,41.78357696533203,111.0,0.0
1641,0.0,1892.0,0.2351836562156677,36.99,9.286402702331545,1288.0,0.0,1367.0,0.0001655967353144,100.0,41.78357696533203,111.0,0.0
1642,0.0,1892.0,0.2351836562156677,36.99,9.286402702331545,1288.0,0.0,1367.0,0.0001655967353144,100.0,41.78357696533203,111.0,0.0
1643,0.0,1892.0,0.2521388232707977,36.99,9.275650024414062,1492.0,0.0,1367.0,0.0003713847254402,100.0,41.91169738769531,145.0,0.0
1644,0.0,1892.0,0.2521388232707977,36.99,9.275650024414062,1492.0,0.0,1367.0,0.0003713847254402,100.0,41.91169738769531,145.0,0.0
1645,0.0,1892.0,0.2521388232707977,36.99,9.275650024414062,1492.0,0.0,1367.0,0.0003713847254402,100.0,41.91169738769531,145.0,0.0
1646,0.0,1892.0,0.2521388232707977,36.99,9.275650024414062,1492.0,0.0,1367.0,0.0003713847254402,100.0,41.91169738769531,145.0,0.0
1647,0.0,1892.0,0.2521388232707977,36.99,9.275650024414062,1492.0,0.0,1367.0,0.0003713847254402,100.0,41.91169738769531,145.0,0.0
1648,0.0,1892.0,0.3236200511455536,36.99,9.275267601013184,1328.0,0.0,1367.0,0.0002838429063558,100.0,41.78670120239258,111.0,0.0
1649,0.0,1892.0,0.3236200511455536,36.99,9.275267601013184,1328.0,0.0,1367.0,0.0002838429063558,100.0,41.78670120239258,111.0,0.0
1650,0.0,1892.0,0.3236200511455536,36.99,9.275267601013184,1328.0,0.0,1367.0,0.0002838429063558,100.0,41.78670120239258,111.0,0.0
1651,0.0,1892.0,0.3236200511455536,36.99,9.275267601013184,1328.0,0.0,1367.0,0.0002838429063558,100.0,41.78670120239258,111.0,0.0
1652,0.0,1892.0,0.3236200511455536,36.99,9.275267601013184,1328.0,0.0,1367.0,0.0002838429063558,100.0,41.78670120239258,111.0,0.0
1653,0.0,1892.0,0.1542329043149948,36.99,9.26262092590332,1202.0,0.0,1367.0,0.0001637471432331,100.0,41.95545196533203,111.0,0.0
1654,0.0,1892.0,0.1542329043149948,36.99,9.26262092590332,1202.0,0.0,1367.0,0.0001637471432331,100.0,41.95545196533203,111.0,0.0
1655,0.0,1892.0,0.1542329043149948,36.99,9.26262092590332,1202.0,0.0,1367.0,0.0001637471432331,100.0,41.95545196533203,111.0,0.0
1656,0.0,1892.0,0.1542329043149948,36.99,9.26262092590332,1202.0,0.0,1367.0,0.0001637471432331,100.0,41.95545196533203,111.0,0.0
1657,0.0,1892.0,0.1542329043149948,36.99,9.26262092590332,1202.0,0.0,1367.0,0.0001637471432331,100.0,41.95545196533203,111.0,0.0
1658,0.0,1892.0,0.1542329043149948,36.99,9.26262092590332,1202.0,0.0,1367.0,0.0001637471432331,100.0,41.95545196533203,111.0,0.0
1659,0.0,1892.0,0.0862897485494613,36.99,9.246411323547363,1128.0,0.0,1367.0,0.0001642156566958,100.0,41.99607467651367,111.0,0.0
1660,0.0,1892.0,0.0862897485494613,36.99,9.246411323547363,1128.0,0.0,1367.0,0.0001642156566958,100.0,41.99607467651367,111.0,0.0
1661,0.0,1892.0,0.0862897485494613,36.99,9.246411323547363,1128.0,0.0,1367.0,0.0001642156566958,100.0,41.99607467651367,111.0,0.0
1662,0.0,1892.0,0.0862897485494613,36.99,9.246411323547363,1128.0,0.0,1367.0,0.0001642156566958,100.0,41.99607467651367,111.0,0.0
1663,0.0,1892.0,0.0862897485494613,36.99,9.246411323547363,1128.0,0.0,1367.0,0.0001642156566958,100.0,41.99607467651367,111.0,0.0
1664,0.0,1892.0,0.0956103801727294,36.99,9.261642456054688,1181.0,0.0,1367.0,0.0001623617572477,100.0,5.8734002113342285,111.0,0.0
1665,0.0,1892.0,0.0956103801727294,36.99,9.261642456054688,1181.0,0.0,1367.0,0.0001623617572477,100.0,5.8734002113342285,111.0,0.0
1666,0.0,1892.0,0.0956103801727294,36.99,9.261642456054688,1181.0,0.0,1367.0,0.0001623617572477,100.0,5.8734002113342285,111.0,0.0
1667,0.0,1892.0,0.0956103801727294,36.99,9.261642456054688,1181.0,0.0,1367.0,0.0001623617572477,100.0,5.8734002113342285,111.0,0.0
1668,0.0,1892.0,0.0956103801727294,36.99,9.261642456054688,1181.0,0.0,1367.0,0.0001623617572477,100.0,5.8734002113342285,111.0,0.0
1669,0.0,1892.0,0.2141334265470504,36.99,9.260031700134276,1396.0,0.0,1367.0,0.0001651640923228,100.0,41.812744140625,111.0,0.0
1670,0.0,1892.0,0.2141334265470504,36.99,9.260031700134276,1396.0,0.0,1367.0,0.0001651640923228,100.0,41.812744140625,111.0,0.0
1671,0.0,1892.0,0.2141334265470504,36.99,9.260031700134276,1396.0,0.0,1367.0,0.0001651640923228,100.0,41.812744140625,111.0,0.0
1672,0.0,1892.0,0.2141334265470504,36.99,9.260031700134276,1396.0,0.0,1367.0,0.0001651640923228,100.0,41.812744140625,111.0,0.0
1673,0.0,1892.0,0.2141334265470504,36.99,9.260031700134276,1396.0,0.0,1367.0,0.0001651640923228,100.0,41.812744140625,111.0,0.0
1674,0.0,1892.0,0.2236451357603073,36.99,9.249347686767578,1374.0,0.0,1367.0,0.0002809540601447,100.0,41.78670120239258,111.0,0.0
1675,0.0,1892.0,0.2236451357603073,36.99,9.249347686767578,1374.0,0.0,1367.0,0.0002809540601447,100.0,41.78670120239258,111.0,0.0
1676,0.0,1892.0,0.2236451357603073,36.99,9.249347686767578,1374.0,0.0,1367.0,0.0002809540601447,100.0,41.78670120239258,111.0,0.0
1677,0.0,1892.0,0.2236451357603073,36.99,9.249347686767578,1374.0,0.0,1367.0,0.0002809540601447,100.0,41.78670120239258,111.0,0.0
1678,0.0,1892.0,0.2236451357603073,36.99,9.249347686767578,1374.0,0.0,1367.0,0.0002809540601447,100.0,41.78670120239258,111.0,0.0
1679,0.0,1892.0,0.1598140597343444,36.99,9.25865650177002,1183.0,0.0,1367.0,0.0080745127052068,100.0,5.8734002113342285,222.0,0.0
1680,0.0,1892.0,0.1598140597343444,36.99,9.25865650177002,1183.0,0.0,1367.0,0.0080745127052068,100.0,5.8734002113342285,222.0,0.0
1681,0.0,1892.0,0.1598140597343444,36.99,9.25865650177002,1183.0,0.0,1367.0,0.0080745127052068,100.0,5.8734002113342285,222.0,0.0
1682,0.0,1892.0,0.1598140597343444,36.99,9.25865650177002,1183.0,0.0,1367.0,0.0080745127052068,100.0,5.8734002113342285,222.0,0.0
1683,0.0,1892.0,0.1598140597343444,36.99,9.25865650177002,1183.0,0.0,1367.0,0.0080745127052068,100.0,5.8734002113342285,222.0,0.0
1684,0.0,1892.0,0.1598140597343444,36.99,9.25865650177002,1183.0,0.0,1367.0,0.0080745127052068,100.0,5.8734002113342285,222.0,0.0
1685,0.0,1892.0,0.1764455735683441,36.99,9.242375373840332,1320.0,0.0,1367.0,0.0104237031191587,100.0,41.84328842163086,222.0,0.0
1686,0.0,1892.0,0.1764455735683441,36.99,9.242375373840332,1320.0,0.0,1367.0,0.0104237031191587,100.0,41.84328842163086,222.0,0.0
1687,0.0,1892.0,0.1764455735683441,36.99,9.242375373840332,1320.0,0.0,1367.0,0.0104237031191587,100.0,41.84328842163086,222.0,0.0
1688,0.0,1892.0,0.1764455735683441,36.99,9.242375373840332,1320.0,0.0,1367.0,0.0104237031191587,100.0,41.84328842163086,222.0,0.0
1689,0.0,1892.0,0.1764455735683441,36.99,9.242375373840332,1320.0,0.0,1367.0,0.0104237031191587,100.0,41.84328842163086,222.0,0.0
1690,0.0,1892.0,0.1025914922356605,36.99,9.239492416381836,1243.0,0.0,1367.0,0.0126179233193397,100.0,41.82972717285156,222.0,0.0
1691,0.0,1892.0,0.1025914922356605,36.99,9.239492416381836,1243.0,0.0,1367.0,0.0126179233193397,100.0,41.82972717285156,222.0,0.0
1692,0.0,1892.0,0.1025914922356605,36.99,9.239492416381836,1243.0,0.0,1367.0,0.0126179233193397,100.0,41.82972717285156,222.0,0.0
1693,0.0,1892.0,0.1025914922356605,36.99,9.239492416381836,1243.0,0.0,1367.0,0.0126179233193397,100.0,41.82972717285156,222.0,0.0
1694,0.0,1892.0,0.1025914922356605,36.99,9.239492416381836,1243.0,0.0,1367.0,0.0126179233193397,100.0,41.82972717285156,222.0,0.0
1695,0.0,1892.0,0.092153288424015,36.99,9.23183536529541,1206.0,0.0,1367.0,0.0008052780176512,100.0,41.82732391357422,111.0,0.0
1696,0.0,1892.0,0.092153288424015,36.99,9.23183536529541,1206.0,0.0,1367.0,0.0008052780176512,100.0,41.82732391357422,111.0,0.0
1697,0.0,1892.0,0.092153288424015,36.99,9.23183536529541,1206.0,0.0,1367.0,0.0008052780176512,100.0,41.82732391357422,111.0,0.0
1698,0.0,1892.0,0.092153288424015,36.99,9.23183536529541,1206.0,0.0,1367.0,0.0008052780176512,100.0,41.82732391357422,111.0,0.0
1699,0.0,1892.0,0.092153288424015,36.99,9.23183536529541,1206.0,0.0,1367.0,0.0008052780176512,100.0,41.82732391357422,111.0,0.0
1700,0.0,1892.0,0.092153288424015,36.99,9.23183536529541,1206.0,0.0,1367.0,0.0008052780176512,100.0,41.82732391357422,111.0,0.0
1701,0.0,1892.0,0.1138097122311592,36.99,9.242879867553713,1174.0,0.0,1367.0,5.707007585442625e-05,100.0,41.742950439453125,111.0,0.0
1702,0.0,1892.0,0.1138097122311592,36.99,9.242879867553713,1174.0,0.0,1367.0,5.707007585442625e-05,100.0,41.742950439453125,111.0,0.0
1703,0.0,1892.0,0.1138097122311592,36.99,9.242879867553713,1174.0,0.0,1367.0,5.707007585442625e-05,100.0,41.742950439453125,111.0,0.0
1704,0.0,1892.0,0.1138097122311592,36.99,9.242879867553713,1174.0,0.0,1367.0,5.707007585442625e-05,100.0,41.742950439453125,111.0,0.0
1705,0.0,1892.0,0.1138097122311592,36.99,9.242879867553713,1174.0,0.0,1367.0,5.707007585442625e-05,100.0,41.742950439453125,111.0,0.0
1706,0.0,1892.0,0.1080019623041153,36.99,9.250276565551758,1164.0,0.0,1367.0,0.0001633400243008,100.0,41.65857696533203,111.0,0.0
1707,0.0,1892.0,0.1080019623041153,36.99,9.250276565551758,1164.0,0.0,1367.0,0.0001633400243008,100.0,41.65857696533203,111.0,0.0
1708,0.0,1892.0,0.1080019623041153,36.99,9.250276565551758,1164.0,0.0,1367.0,0.0001633400243008,100.0,41.65857696533203,111.0,0.0
1709,0.0,1892.0,0.1080019623041153,36.99,9.250276565551758,1164.0,0.0,1367.0,0.0001633400243008,100.0,41.65857696533203,111.0,0.0
1710,0.0,1892.0,0.1080019623041153,36.99,9.250276565551758,1164.0,0.0,1367.0,0.0001633400243008,100.0,41.65857696533203,111.0,0.0
1711,0.0,1892.0,0.1575849950313568,36.99,9.244155883789062,1301.0,0.0,1367.0,0.0,100.0,5.8734002113342285,0.0,0.0
1712,0.0,1892.0,0.1575849950313568,36.99,9.244155883789062,1301.0,0.0,1367.0,0.0,100.0,5.8734002113342285,0.0,0.0
1713,0.0,1892.0,0.1575849950313568,36.99,9.244155883789062,1301.0,0.0,1367.0,0.0,100.0,5.8734002113342285,0.0,0.0
1714,0.0,1892.0,0.1575849950313568,36.99,9.244155883789062,1301.0,0.0,1367.0,0.0,100.0,5.8734002113342285,0.0,0.0
1715,0.0,1892.0,0.1575849950313568,36.99,9.244155883789062,1301.0,0.0,1367.0,0.0,100.0,5.8734002113342285,0.0,0.0
1716,0.0,1892.0,0.0683256536722183,36.99,9.230238914489746,1097.0,0.0,1367.0,0.0002785718534141,100.0,41.73982620239258,111.0,0.0
1717,0.0,1892.0,0.0683256536722183,36.99,9.230238914489746,1097.0,0.0,1367.0,0.0002785718534141,100.0,41.73982620239258,111.0,0.0
1718,0.0,1892.0,0.0683256536722183,36.99,9.230238914489746,1097.0,0.0,1367.0,0.0002785718534141,100.0,41.73982620239258,111.0,0.0
1719,0.0,1892.0,0.0683256536722183,36.99,9.230238914489746,1097.0,0.0,1367.0,0.0002785718534141,100.0,41.73982620239258,111.0,0.0
1720,0.0,1892.0,0.0683256536722183,36.99,9.230238914489746,1097.0,0.0,1367.0,0.0002785718534141,100.0,41.73982620239258,111.0,0.0
1721,0.0,1892.0,0.0683256536722183,36.99,9.230238914489746,1097.0,0.0,1367.0,0.0002785718534141,100.0,41.73982620239258,111.0,0.0
1722,0.0,1892.0,0.0848691165447235,36.99,9.228771209716797,1222.0,0.0,1367.0,4.438297764863819e-05,100.0,41.68201446533203,111.0,0.0
1723,0.0,1892.0,0.0848691165447235,36.99,9.228771209716797,1222.0,0.0,1367.0,4.438297764863819e-05,100.0,41.68201446533203,111.0,0.0
1724,0.0,1892.0,0.0848691165447235,36.99,9.228771209716797,1222.0,0.0,1367.0,4.438297764863819e-05,100.0,41.68201446533203,111.0,0.0
1725,0.0,1892.0,0.0848691165447235,36.99,9.228771209716797,1222.0,0.0,1367.0,4.438297764863819e-05,100.0,41.68201446533203,111.0,0.0
1726,0.0,1892.0,0.0848691165447235,36.99,9.228771209716797,1222.0,0.0,1367.0,4.438297764863819e-05,100.0,41.68201446533203,111.0,0.0
1727,0.0,1892.0,0.1479329615831375,36.99,9.234930992126465,1364.0,0.0,1367.0,0.0,100.0,5.8734002113342285,0.0,0.0
1728,0.0,1892.0,0.1479329615831375,36.99,9.234930992126465,1364.0,0.0,1367.0,0.0,100.0,5.8734002113342285,0.0,0.0
1729,0.0,1892.0,0.1479329615831375,36.99,9.234930992126465,1364.0,0.0,1367.0,0.0,100.0,5.8734002113342285,0.0,0.0
1730,0.0,1892.0,0.1479329615831375,36.99,9.234930992126465,1364.0,0.0,1367.0,0.0,100.0,5.8734002113342285,0.0,0.0
1731,0.0,1892.0,0.1479329615831375,36.99,9.234930992126465,1364.0,0.0,1367.0,0.0,100.0,5.8734002113342285,0.0,0.0
1732,0.0,1892.0,0.2232453227043151,36.99,9.238320350646973,1448.0,0.0,1367.0,0.0,100.0,5.8734002113342285,0.0,0.0
1733,0.0,1892.0,0.2232453227043151,36.99,9.238320350646973,1448.0,0.0,1367.0,0.0,100.0,5.8734002113342285,0.0,0.0
1734,0.0,1892.0,0.2232453227043151,36.99,9.238320350646973,1448.0,0.0,1367.0,0.0,100.0,5.8734002113342285,0.0,0.0
1735,0.0,1892.0,0.2232453227043151,36.99,9.238320350646973,1448.0,0.0,1367.0,0.0,100.0,5.8734002113342285,0.0,0.0
1736,0.0,1892.0,0.2232453227043151,36.99,9.238320350646973,1448.0,0.0,1367.0,0.0,100.0,5.8734002113342285,0.0,0.0
1737,0.0,1892.0,0.1171049326658248,36.99,9.241111755371094,1190.0,0.0,1367.0,0.0,100.0,5.8734002113342285,0.0,0.0
1738,0.0,1892.0,0.1171049326658248,36.99,9.241111755371094,1190.0,0.0,1367.0,0.0,100.0,5.8734002113342285,0.0,0.0
1739,0.0,1892.0,0.1171049326658248,36.99,9.241111755371094,1190.0,0.0,1367.0,0.0,100.0,5.8734002113342285,0.0,0.0
1740,0.0,1892.0,0.1171049326658248,36.99,9.241111755371094,1190.0,0.0,1367.0,0.0,100.0,5.8734002113342285,0.0,0.0
1741,0.0,1892.0,0.1171049326658248,36.99,9.241111755371094,1190.0,0.0,1367.0,0.0,100.0,5.8734002113342285,0.0,0.0
1742,0.0,1892.0,0.1171049326658248,36.99,9.241111755371094,1190.0,0.0,1367.0,0.0,100.0,5.8734002113342285,0.0,0.0
1743,0.0,1892.0,0.3753669261932373,36.99,9.23430633544922,1602.0,0.0,1367.0,0.0672165602445602,100.0,5.8734002113342285,289.0,0.0
1744,0.0,1892.0,0.3753669261932373,36.99,9.23430633544922,1602.0,0.0,1367.0,0.0672165602445602,100.0,5.8734002113342285,289.0,0.0
1745,0.0,1892.0,0.3753669261932373,36.99,9.23430633544922,1602.0,0.0,1367.0,0.0672165602445602,100.0,5.8734002113342285,289.0,0.0
1746,0.0,1892.0,0.3753669261932373,36.99,9.23430633544922,1602.0,0.0,1367.0,0.0672165602445602,100.0,5.8734002113342285,289.0,0.0
1747,0.0,1892.0,0.3753669261932373,36.99,9.23430633544922,1602.0,0.0,1367.0,0.0672165602445602,100.0,5.8734002113342285,289.0,0.0
1748,0.0,1892.0,0.2188691198825836,36.99,9.251070022583008,1600.0,0.0,1367.0,0.0599404238164424,100.0,41.69021987915039,222.0,0.0
1749,0.0,1892.0,0.2188691198825836,36.99,9.251070022583008,1600.0,0.0,1367.0,0.0599404238164424,100.0,41.69021987915039,222.0,0.0
1750,0.0,1892.0,0.2188691198825836,36.99,9.251070022583008,1600.0,0.0,1367.0,0.0599404238164424,100.0,41.69021987915039,222.0,0.0
1751,0.0,1892.0,0.2188691198825836,36.99,9.251070022583008,1600.0,0.0,1367.0,0.0599404238164424,100.0,41.69021987915039,222.0,0.0
1752,0.0,1892.0,0.2188691198825836,36.99,9.251070022583008,1600.0,0.0,1367.0,0.0599404238164424,100.0,41.69021987915039,222.0,0.0
1753,0.0,1892.0,0.064281441271305,36.99,9.229564666748049,1050.0,0.0,1367.0,0.0,100.0,5.8734002113342285,0.0,0.0
1754,0.0,1892.0,0.064281441271305,36.99,9.229564666748049,1050.0,0.0,1367.0,0.0,100.0,5.8734002113342285,0.0,0.0
1755,0.0,1892.0,0.064281441271305,36.99,9.229564666748049,1050.0,0.0,1367.0,0.0,100.0,5.8734002113342285,0.0,0.0
1756,0.0,1892.0,0.064281441271305,36.99,9.229564666748049,1050.0,0.0,1367.0,0.0,100.0,5.8734002113342285,0.0,0.0
1757,0.0,1892.0,0.064281441271305,36.99,9.229564666748049,1050.0,0.0,1367.0,0.0,100.0,5.8734002113342285,0.0,0.0
1758,0.0,1892.0,0.092291384935379,36.99,9.221395492553713,1165.0,0.0,1367.0,0.0,100.0,5.8734002113342285,0.0,0.0
1759,0.0,1892.0,0.092291384935379,36.99,9.221395492553713,1165.0,0.0,1367.0,0.0,100.0,5.8734002113342285,0.0,0.0
1760,0.0,1892.0,0.092291384935379,36.99,9.221395492553713,1165.0,0.0,1367.0,0.0,100.0,5.8734002113342285,0.0,0.0
1761,0.0,1892.0,0.092291384935379,36.99,9.221395492553713,1165.0,0.0,1367.0,0.0,100.0,5.8734002113342285,0.0,0.0
1762,0.0,1892.0,0.092291384935379,36.99,9.221395492553713,1165.0,0.0,1367.0,0.0,100.0,5.8734002113342285,0.0,0.0
1763,0.0,1892.0,0.092291384935379,36.99,9.221395492553713,1165.0,0.0,1367.0,0.0,100.0,5.8734002113342285,0.0,0.0
1764,0.0,1892.0,0.0896910056471824,36.99,9.226637840270996,1168.0,0.0,1367.0,0.0,100.0,5.8734002113342285,0.0,0.0
1765,0.0,1892.0,0.0896910056471824,36.99,9.226637840270996,1168.0,0.0,1367.0,0.0,100.0,5.8734002113342285,0.0,0.0
1766,0.0,1892.0,0.0896910056471824,36.99,9.226637840270996,1168.0,0.0,1367.0,0.0,100.0,5.8734002113342285,0.0,0.0
1767,0.0,1892.0,0.0896910056471824,36.99,9.226637840270996,1168.0,0.0,1367.0,0.0,100.0,5.8734002113342285,0.0,0.0
1768,0.0,1892.0,0.0896910056471824,36.99,9.226637840270996,1168.0,0.0,1367.0,0.0,100.0,5.8734002113342285,0.0,0.0
1769,0.0,1892.0,0.356295645236969,36.99,9.219609260559082,1712.0,0.0,1367.0,0.0331860370934009,100.0,41.46586608886719,333.0,0.0
1770,0.0,1892.0,0.356295645236969,36.99,9.219609260559082,1712.0,0.0,1367.0,0.0331860370934009,100.0,41.46586608886719,333.0,0.0
1771,0.0,1892.0,0.356295645236969,36.99,9.219609260559082,1712.0,0.0,1367.0,0.0331860370934009,100.0,41.46586608886719,333.0,0.0
1772,0.0,1892.0,0.356295645236969,36.99,9.219609260559082,1712.0,0.0,1367.0,0.0331860370934009,100.0,41.46586608886719,333.0,0.0
1773,0.0,1892.0,0.356295645236969,36.99,9.219609260559082,1712.0,0.0,1367.0,0.0331860370934009,100.0,41.46586608886719,333.0,0.0
1774,0.0,1892.0,0.1797282546758651,36.99,9.246270179748535,1378.0,0.0,1367.0,0.0,100.0,41.59959411621094,0.0,0.0
1775,0.0,1892.0,0.1797282546758651,36.99,9.246270179748535,1378.0,0.0,1367.0,0.0,100.0,41.59959411621094,0.0,0.0
1776,0.0,1892.0,0.1797282546758651,36.99,9.246270179748535,1378.0,0.0,1367.0,0.0,100.0,41.59959411621094,0.0,0.0
1777,0.0,1892.0,0.1797282546758651,36.99,9.246270179748535,1378.0,0.0,1367.0,0.0,100.0,41.59959411621094,0.0,0.0
1778,0.0,1892.0,0.1797282546758651,36.99,9.246270179748535,1378.0,0.0,1367.0,0.0,100.0,41.59959411621094,0.0,0.0
1779,0.0,1892.0,0.078680470585823,36.99,9.218748092651367,1163.0,0.0,1367.0,0.0,100.0,5.8734002113342285,0.0,0.0
1780,0.0,1892.0,0.078680470585823,36.99,9.218748092651367,1163.0,0.0,1367.0,0.0,100.0,5.8734002113342285,0.0,0.0
1781,0.0,1892.0,0.078680470585823,36.99,9.218748092651367,1163.0,0.0,1367.0,0.0,100.0,5.8734002113342285,0.0,0.0
1782,0.0,1892.0,0.078680470585823,36.99,9.218748092651367,1163.0,0.0,1367.0,0.0,100.0,5.8734002113342285,0.0,0.0
1783,0.0,1892.0,0.078680470585823,36.99,9.218748092651367,1163.0,0.0,1367.0,0.0,100.0,5.8734002113342285,0.0,0.0
1784,0.0,1892.0,0.078680470585823,36.99,9.218748092651367,1163.0,0.0,1367.0,0.0,100.0,5.8734002113342285,0.0,0.0
1785,0.0,1892.0,0.0818808302283287,36.99,9.217677116394045,1121.0,0.0,1367.0,0.0,100.0,5.8734002113342285,0.0,0.0
1786,0.0,1892.0,0.0818808302283287,36.99,9.217677116394045,1121.0,0.0,1367.0,0.0,100.0,5.8734002113342285,0.0,0.0
1787,0.0,1892.0,0.0818808302283287,36.99,9.217677116394045,1121.0,0.0,1367.0,0.0,100.0,5.8734002113342285,0.0,0.0
1788,0.0,1892.0,0.0818808302283287,36.99,9.217677116394045,1121.0,0.0,1367.0,0.0,100.0,5.8734002113342285,0.0,0.0
1789,0.0,1892.0,0.0818808302283287,36.99,9.217677116394045,1121.0,0.0,1367.0,0.0,100.0,5.8734002113342285,0.0,0.0
1790,0.0,1892.0,0.1464439034461975,36.99,9.23565673828125,1308.0,0.0,1367.0,0.0003582547942642,100.0,5.8734002113342285,111.0,0.0
1791,0.0,1892.0,0.1464439034461975,36.99,9.23565673828125,1308.0,0.0,1367.0,0.0003582547942642,100.0,5.8734002113342285,111.0,0.0
1792,0.0,1892.0,0.1464439034461975,36.99,9.23565673828125,1308.0,0.0,1367.0,0.0003582547942642,100.0,5.8734002113342285,111.0,0.0
1793,0.0,1892.0,0.1464439034461975,36.99,9.23565673828125,1308.0,0.0,1367.0,0.0003582547942642,100.0,5.8734002113342285,111.0,0.0
1794,0.0,1892.0,0.1464439034461975,36.99,9.23565673828125,1308.0,0.0,1367.0,0.0003582547942642,100.0,5.8734002113342285,111.0,0.0
1795,0.0,1892.0,0.2100982964038849,36.99,15.139246940612791,1460.0,0.0,1367.0,0.0,100.0,41.47940826416016,0.0,0.0
1796,0.0,1892.0,0.2100982964038849,36.99,15.139246940612791,1460.0,0.0,1367.0,0.0,100.0,41.47940826416016,0.0,0.0
1797,0.0,1892.0,0.2100982964038849,36.99,15.139246940612791,1460.0,0.0,1367.0,0.0,100.0,41.47940826416016,0.0,0.0
1798,0.0,1892.0,0.2100982964038849,36.99,15.139246940612791,1460.0,0.0,1367.0,0.0,100.0,41.47940826416016,0.0,0.0
1799,0.0,1892.0,0.2100982964038849,36.99,15.139246940612791,1460.0,0.0,1367.0,0.0,100.0,41.47940826416016,0.0,0.0
1800,0.0,1892.0,0.1442830860614776,36.99,9.242196083068848,1363.0,0.0,1367.0,0.0015680019278079,100.0,41.495853424072266,111.0,0.0
1801,0.0,1892.0,0.1442830860614776,36.99,9.242196083068848,1363.0,0.0,1367.0,0.0015680019278079,100.0,41.495853424072266,111.0,0.0
1802,0.0,1892.0,0.1442830860614776,36.99,9.242196083068848,1363.0,0.0,1367.0,0.0015680019278079,100.0,41.495853424072266,111.0,0.0
1803,0.0,1892.0,0.1442830860614776,36.99,9.242196083068848,1363.0,0.0,1367.0,0.0015680019278079,100.0,41.495853424072266,111.0,0.0
1804,0.0,1892.0,0.1442830860614776,36.99,9.242196083068848,1363.0,0.0,1367.0,0.0015680019278079,100.0,41.495853424072266,111.0,0.0
1805,0.0,1892.0,0.1442830860614776,36.99,9.242196083068848,1363.0,0.0,1367.0,0.0015680019278079,100.0,41.495853424072266,111.0,0.0
1806,0.0,1892.0,0.1368300169706344,36.99,9.23111343383789,1274.0,0.0,1367.0,0.0006302394322119,100.0,41.418212890625,167.0,0.0
1807,0.0,1892.0,0.1368300169706344,36.99,9.23111343383789,1274.0,0.0,1367.0,0.0006302394322119,100.0,41.418212890625,167.0,0.0
1808,0.0,1892.0,0.1368300169706344,36.99,9.23111343383789,1274.0,0.0,1367.0,0.0006302394322119,100.0,41.418212890625,167.0,0.0
1809,0.0,1892.0,0.1368300169706344,36.99,9.23111343383789,1274.0,0.0,1367.0,0.0006302394322119,100.0,41.418212890625,167.0,0.0
1810,0.0,1892.0,0.1368300169706344,36.99,9.23111343383789,1274.0,0.0,1367.0,0.0006302394322119,100.0,41.418212890625,167.0,0.0
1811,0.0,1892.0,0.0570514686405658,36.99,9.209761619567873,1026.0,0.0,1367.0,0.0,100.0,5.8734002113342285,0.0,0.0
1812,0.0,1892.0,0.0570514686405658,36.99,9.209761619567873,1026.0,0.0,1367.0,0.0,100.0,5.8734002113342285,0.0,0.0
1813,0.0,1892.0,0.0570514686405658,36.99,9.209761619567873,1026.0,0.0,1367.0,0.0,100.0,5.8734002113342285,0.0,0.0
1814,0.0,1892.0,0.0570514686405658,36.99,9.209761619567873,1026.0,0.0,1367.0,0.0,100.0,5.8734002113342285,0.0,0.0
1815,0.0,1892.0,0.0570514686405658,36.99,9.209761619567873,1026.0,0.0,1367.0,0.0,100.0,5.8734002113342285,0.0,0.0
1816,0.0,1892.0,0.094939112663269,36.99,9.213604927062988,1128.0,0.0,1367.0,6.668893183814362e-05,100.0,5.8734002113342285,111.0,0.0
1817,0.0,1892.0,0.094939112663269,36.99,9.213604927062988,1128.0,0.0,1367.0,6.668893183814362e-05,100.0,5.8734002113342285,111.0,0.0
1818,0.0,1892.0,0.094939112663269,36.99,9.213604927062988,1128.0,0.0,1367.0,6.668893183814362e-05,100.0,5.8734002113342285,111.0,0.0
1819,0.0,1892.0,0.094939112663269,36.99,9.213604927062988,1128.0,0.0,1367.0,6.668893183814362e-05,100.0,5.8734002113342285,111.0,0.0
1820,0.0,1892.0,0.094939112663269,36.99,9.213604927062988,1128.0,0.0,1367.0,6.668893183814362e-05,100.0,5.8734002113342285,111.0,0.0
1821,0.0,1892.0,0.4246279895305633,36.99,9.215746879577637,1235.0,0.0,1367.0,0.0,100.0,41.477325439453125,0.0,0.0
1822,0.0,1892.0,0.4246279895305633,36.99,9.215746879577637,1235.0,0.0,1367.0,0.0,100.0,41.477325439453125,0.0,0.0
1823,0.0,1892.0,0.4246279895305633,36.99,9.215746879577637,1235.0,0.0,1367.0,0.0,100.0,41.477325439453125,0.0,0.0
1824,0.0,1892.0,0.4246279895305633,36.99,9.215746879577637,1235.0,0.0,1367.0,0.0,100.0,41.477325439453125,0.0,0.0
1825,0.0,1892.0,0.4246279895305633,36.99,9.215746879577637,1235.0,0.0,1367.0,0.0,100.0,41.477325439453125,0.0,0.0
1826,0.0,1892.0,0.4246279895305633,36.99,9.215746879577637,1235.0,0.0,1367.0,0.0,100.0,41.477325439453125,0.0,0.0
1827,0.0,1892.0,0.0927046239376068,36.99,9.223262786865234,1184.0,0.0,1367.0,0.0,100.0,5.8734002113342285,0.0,0.0
1828,0.0,1892.0,0.0927046239376068,36.99,9.223262786865234,1184.0,0.0,1367.0,0.0,100.0,5.8734002113342285,0.0,0.0
1829,0.0,1892.0,0.0927046239376068,36.99,9.223262786865234,1184.0,0.0,1367.0,0.0,100.0,5.8734002113342285,0.0,0.0
1830,0.0,1892.0,0.0927046239376068,36.99,9.223262786865234,1184.0,0.0,1367.0,0.0,100.0,5.8734002113342285,0.0,0.0
1831,0.0,1892.0,0.0927046239376068,36.99,9.223262786865234,1184.0,0.0,1367.0,0.0,100.0,5.8734002113342285,0.0,0.0
1832,0.0,1892.0,0.1491155922412872,36.99,9.215730667114258,1329.0,0.0,1367.0,0.0,100.0,5.8734002113342285,0.0,0.0
1833,0.0,1892.0,0.1491155922412872,36.99,9.215730667114258,1329.0,0.0,1367.0,0.0,100.0,5.8734002113342285,0.0,0.0
1834,0.0,1892.0,0.1491155922412872,36.99,9.215730667114258,1329.0,0.0,1367.0,0.0,100.0,5.8734002113342285,0.0,0.0
1835,0.0,1892.0,0.1491155922412872,36.99,9.215730667114258,1329.0,0.0,1367.0,0.0,100.0,5.8734002113342285,0.0,0.0
1836,0.0,1892.0,0.1491155922412872,36.99,9.215730667114258,1329.0,0.0,1367.0,0.0,100.0,5.8734002113342285,0.0,0.0
1837,0.0,1892.0,0.3695043623447418,36.99,9.22935390472412,1375.0,0.0,1367.0,0.0,100.0,5.8734002113342285,0.0,0.0
1838,0.0,1892.0,0.3695043623447418,36.99,9.22935390472412,1375.0,0.0,1367.0,0.0,100.0,5.8734002113342285,0.0,0.0
1839,0.0,1892.0,0.3695043623447418,36.99,9.22935390472412,1375.0,0.0,1367.0,0.0,100.0,5.8734002113342285,0.0,0.0
1840,0.0,1892.0,0.3695043623447418,36.99,9.22935390472412,1375.0,0.0,1367.0,0.0,100.0,5.8734002113342285,0.0,0.0
1841,0.0,1892.0,0.3695043623447418,36.99,9.22935390472412,1375.0,0.0,1367.0,0.0,100.0,5.8734002113342285,0.0,0.0
1842,0.0,1892.0,0.0932471081614494,36.99,9.22217845916748,1252.0,0.0,1367.0,0.0005087759927846,100.0,5.8734002113342285,111.0,0.0
1843,0.0,1892.0,0.0932471081614494,36.99,9.22217845916748,1252.0,0.0,1367.0,0.0005087759927846,100.0,5.8734002113342285,111.0,0.0
1844,0.0,1892.0,0.0932471081614494,36.99,9.22217845916748,1252.0,0.0,1367.0,0.0005087759927846,100.0,5.8734002113342285,111.0,0.0
1845,0.0,1892.0,0.0932471081614494,36.99,9.22217845916748,1252.0,0.0,1367.0,0.0005087759927846,100.0,5.8734002113342285,111.0,0.0
1846,0.0,1892.0,0.0932471081614494,36.99,9.22217845916748,1252.0,0.0,1367.0,0.0005087759927846,100.0,5.8734002113342285,111.0,0.0
1847,0.0,1892.0,0.051527015864849,36.99,9.212613105773926,1062.0,0.0,1367.0,0.0,100.0,41.38669967651367,0.0,0.0
1848,0.0,1892.0,0.051527015864849,36.99,9.212613105773926,1062.0,0.0,1367.0,0.0,100.0,41.38669967651367,0.0,0.0
1849,0.0,1892.0,0.051527015864849,36.99,9.212613105773926,1062.0,0.0,1367.0,0.0,100.0,41.38669967651367,0.0,0.0
1850,0.0,1892.0,0.051527015864849,36.99,9.212613105773926,1062.0,0.0,1367.0,0.0,100.0,41.38669967651367,0.0,0.0
1851,0.0,1892.0,0.051527015864849,36.99,9.212613105773926,1062.0,0.0,1367.0,0.0,100.0,41.38669967651367,0.0,0.0
1852,0.0,1892.0,0.051527015864849,36.99,9.212613105773926,1062.0,0.0,1367.0,0.0,100.0,41.38669967651367,0.0,0.0
1853,0.0,1892.0,0.1473633348941803,36.99,9.210766792297363,1370.0,0.0,1367.0,0.0,100.0,5.8734002113342285,0.0,0.0
1854,0.0,1892.0,0.1473633348941803,36.99,9.210766792297363,1370.0,0.0,1367.0,0.0,100.0,5.8734002113342285,0.0,0.0
1855,0.0,1892.0,0.1473633348941803,36.99,9.210766792297363,1370.0,0.0,1367.0,0.0,100.0,5.8734002113342285,0.0,0.0
1856,0.0,1892.0,0.1473633348941803,36.99,9.210766792297363,1370.0,0.0,1367.0,0.0,100.0,5.8734002113342285,0.0,0.0
1857,0.0,1892.0,0.1473633348941803,36.99,9.210766792297363,1370.0,0.0,1367.0,0.0,100.0,5.8734002113342285,0.0,0.0
1858,0.0,1892.0,0.1984851509332656,36.99,9.220662117004396,1378.0,0.0,1367.0,0.0,100.0,5.8734002113342285,0.0,0.0
1859,0.0,1892.0,0.1984851509332656,36.99,9.220662117004396,1378.0,0.0,1367.0,0.0,100.0,5.8734002113342285,0.0,0.0
1860,0.0,1892.0,0.1984851509332656,36.99,9.220662117004396,1378.0,0.0,1367.0,0.0,100.0,5.8734002113342285,0.0,0.0
1861,0.0,1892.0,0.1984851509332656,36.99,9.220662117004396,1378.0,0.0,1367.0,0.0,100.0,5.8734002113342285,0.0,0.0
1862,0.0,1892.0,0.1984851509332656,36.99,9.220662117004396,1378.0,0.0,1367.0,0.0,100.0,5.8734002113342285,0.0,0.0
1863,0.0,1892.0,0.1246034130454063,36.99,9.217646598815918,1135.0,0.0,1367.0,0.0,100.0,5.8734002113342285,0.0,0.0
1864,0.0,1892.0,0.1246034130454063,36.99,9.217646598815918,1135.0,0.0,1367.0,0.0,100.0,5.8734002113342285,0.0,0.0
1865,0.0,1892.0,0.1246034130454063,36.99,9.217646598815918,1135.0,0.0,1367.0,0.0,100.0,5.8734002113342285,0.0,0.0
1866,0.0,1892.0,0.1246034130454063,36.99,9.217646598815918,1135.0,0.0,1367.0,0.0,100.0,5.8734002113342285,0.0,0.0
1867,0.0,1892.0,0.1246034130454063,36.99,9.217646598815918,1135.0,0.0,1367.0,0.0,100.0,5.8734002113342285,0.0,0.0
1868,0.0,1892.0,0.0852302610874176,36.99,9.218511581420898,1096.0,0.0,1367.0,0.0002920055121649,100.0,41.30388641357422,111.0,0.0
1869,0.0,1892.0,0.0852302610874176,36.99,9.218511581420898,1096.0,0.0,1367.0,0.0002920055121649,100.0,41.30388641357422,111.0,0.0
1870,0.0,1892.0,0.0852302610874176,36.99,9.218511581420898,1096.0,0.0,1367.0,0.0002920055121649,100.0,41.30388641357422,111.0,0.0
1871,0.0,1892.0,0.0852302610874176,36.99,9.218511581420898,1096.0,0.0,1367.0,0.0002920055121649,100.0,41.30388641357422,111.0,0.0
1872,0.0,1892.0,0.0852302610874176,36.99,9.218511581420898,1096.0,0.0,1367.0,0.0002920055121649,100.0,41.30388641357422,111.0,0.0
1873,0.0,1892.0,0.0852302610874176,36.99,9.218511581420898,1096.0,0.0,1367.0,0.0002920055121649,100.0,41.30388641357422,111.0,0.0
1874,0.0,1892.0,0.0931684151291847,36.99,9.215743064880373,1266.0,0.0,1367.0,0.0,100.0,5.8734002113342285,0.0,0.0
1875,0.0,1892.0,0.0931684151291847,36.99,9.215743064880373,1266.0,0.0,1367.0,0.0,100.0,5.8734002113342285,0.0,0.0
1876,0.0,1892.0,0.0931684151291847,36.99,9.215743064880373,1266.0,0.0,1367.0,0.0,100.0,5.8734002113342285,0.0,0.0
1877,0.0,1892.0,0.0931684151291847,36.99,9.215743064880373,1266.0,0.0,1367.0,0.0,100.0,5.8734002113342285,0.0,0.0
1878,0.0,1892.0,0.0931684151291847,36.99,9.215743064880373,1266.0,0.0,1367.0,0.0,100.0,5.8734002113342285,0.0,0.0
1879,0.0,1892.0,0.1133763119578361,36.99,9.20351505279541,1146.0,0.0,1367.0,0.0,100.0,5.8734002113342285,0.0,0.0
1880,0.0,1892.0,0.1133763119578361,36.99,9.20351505279541,1146.0,0.0,1367.0,0.0,100.0,5.8734002113342285,0.0,0.0
1881,0.0,1892.0,0.1133763119578361,36.99,9.20351505279541,1146.0,0.0,1367.0,0.0,100.0,5.8734002113342285,0.0,0.0
1882,0.0,1892.0,0.1133763119578361,36.99,9.20351505279541,1146.0,0.0,1367.0,0.0,100.0,5.8734002113342285,0.0,0.0
1883,0.0,1892.0,0.1133763119578361,36.99,9.20351505279541,1146.0,0.0,1367.0,0.0,100.0,5.8734002113342285,0.0,0.0
1884,0.0,1892.0,0.0901394858956337,36.99,9.205485343933104,1139.0,0.0,1367.0,0.0,100.0,5.8734002113342285,0.0,0.0
1885,0.0,1892.0,0.0901394858956337,36.99,9.205485343933104,1139.0,0.0,1367.0,0.0,100.0,5.8734002113342285,0.0,0.0
1886,0.0,1892.0,0.0901394858956337,36.99,9.205485343933104,1139.0,0.0,1367.0,0.0,100.0,5.8734002113342285,0.0,0.0
1887,0.0,1892.0,0.0901394858956337,36.99,9.205485343933104,1139.0,0.0,1367.0,0.0,100.0,5.8734002113342285,0.0,0.0
1888,0.0,1892.0,0.0901394858956337,36.99,9.205485343933104,1139.0,0.0,1367.0,0.0,100.0,5.8734002113342285,0.0,0.0
1889,0.0,1892.0,0.0824366211891174,36.99,9.201943397521973,1145.0,0.0,1367.0,0.0002954327792394,100.0,41.21638870239258,111.0,0.0
1890,0.0,1892.0,0.0824366211891174,36.99,9.201943397521973,1145.0,0.0,1367.0,0.0002954327792394,100.0,41.21638870239258,111.0,0.0
1891,0.0,1892.0,0.0824366211891174,36.99,9.201943397521973,1145.0,0.0,1367.0,0.0002954327792394,100.0,41.21638870239258,111.0,0.0
1892,0.0,1892.0,0.0824366211891174,36.99,9.201943397521973,1145.0,0.0,1367.0,0.0002954327792394,100.0,41.21638870239258,111.0,0.0
1893,0.0,1892.0,0.0824366211891174,36.99,9.201943397521973,1145.0,0.0,1367.0,0.0002954327792394,100.0,41.21638870239258,111.0,0.0
1894,0.0,1892.0,0.0824366211891174,36.99,9.201943397521973,1145.0,0.0,1367.0,0.0002954327792394,100.0,41.21638870239258,111.0,0.0
1895,0.0,1892.0,0.1914356350898742,36.99,9.202962875366213,1561.0,0.0,1367.0,0.0,100.0,5.8734002113342285,0.0,0.0
1896,0.0,1892.0,0.1914356350898742,36.99,9.202962875366213,1561.0,0.0,1367.0,0.0,100.0,5.8734002113342285,0.0,0.0
1897,0.0,1892.0,0.1914356350898742,36.99,9.202962875366213,1561.0,0.0,1367.0,0.0,100.0,5.8734002113342285,0.0,0.0
1898,0.0,1892.0,0.1914356350898742,36.99,9.202962875366213,1561.0,0.0,1367.0,0.0,100.0,5.8734002113342285,0.0,0.0
1899,0.0,1892.0,0.1914356350898742,36.99,9.202962875366213,1561.0,0.0,1367.0,0.0,100.0,5.8734002113342285,0.0,0.0
1900,0.0,1892.0,0.1090326979756355,36.99,15.113632202148438,1230.0,0.0,1367.0,0.0,100.0,5.8734002113342285,0.0,0.0
1901,0.0,1892.0,0.1090326979756355,36.99,15.113632202148438,1230.0,0.0,1367.0,0.0,100.0,5.8734002113342285,0.0,0.0
1902,0.0,1892.0,0.1090326979756355,36.99,15.113632202148438,1230.0,0.0,1367.0,0.0,100.0,5.8734002113342285,0.0,0.0
1903,0.0,1892.0,0.1090326979756355,36.99,15.113632202148438,1230.0,0.0,1367.0,0.0,100.0,5.8734002113342285,0.0,0.0
1904,0.0,1892.0,0.1090326979756355,36.99,15.113632202148438,1230.0,0.0,1367.0,0.0,100.0,5.8734002113342285,0.0,0.0
1905,0.0,1892.0,0.0592074617743492,36.99,9.20787525177002,1029.0,0.0,1367.0,0.0,100.0,5.8734002113342285,0.0,0.0
1906,0.0,1892.0,0.0592074617743492,36.99,9.20787525177002,1029.0,0.0,1367.0,0.0,100.0,5.8734002113342285,0.0,0.0
1907,0.0,1892.0,0.0592074617743492,36.99,9.20787525177002,1029.0,0.0,1367.0,0.0,100.0,5.8734002113342285,0.0,0.0
1908,0.0,1892.0,0.0592074617743492,36.99,9.20787525177002,1029.0,0.0,1367.0,0.0,100.0,5.8734002113342285,0.0,0.0
1909,0.0,1892.0,0.0592074617743492,36.99,9.20787525177002,1029.0,0.0,1367.0,0.0,100.0,5.8734002113342285,0.0,0.0
1910,0.0,1892.0,0.1037045866250991,36.99,9.199484825134276,1224.0,0.0,1367.0,0.0,100.0,5.8734002113342285,0.0,0.0
1911,0.0,1892.0,0.1037045866250991,36.99,9.199484825134276,1224.0,0.0,1367.0,0.0,100.0,5.8734002113342285,0.0,0.0
1912,0.0,1892.0,0.1037045866250991,36.99,9.199484825134276,1224.0,0.0,1367.0,0.0,100.0,5.8734002113342285,0.0,0.0
1913,0.0,1892.0,0.1037045866250991,36.99,9.199484825134276,1224.0,0.0,1367.0,0.0,100.0,5.8734002113342285,0.0,0.0
1914,0.0,1892.0,0.1037045866250991,36.99,9.199484825134276,1224.0,0.0,1367.0,0.0,100.0,5.8734002113342285,0.0,0.0
1915,0.0,1892.0,0.1037045866250991,36.99,9.199484825134276,1224.0,0.0,1367.0,0.0,100.0,5.8734002113342285,0.0,0.0
1916,0.0,1892.0,0.0579667389392852,36.99,9.198612213134766,1053.0,0.0,1367.0,0.0002990140637848,100.0,41.133575439453125,111.0,0.0
1917,0.0,1892.0,0.0579667389392852,36.99,9.198612213134766,1053.0,0.0,1367.0,0.0002990140637848,100.0,41.133575439453125,111.0,0.0
1918,0.0,1892.0,0.0579667389392852,36.99,9.198612213134766,1053.0,0.0,1367.0,0.0002990140637848,100.0,41.133575439453125,111.0,0.0
1919,0.0,1892.0,0.0579667389392852,36.99,9.198612213134766,1053.0,0.0,1367.0,0.0002990140637848,100.0,41.133575439453125,111.0,0.0
1920,0.0,1892.0,0.0579667389392852,36.99,9.198612213134766,1053.0,0.0,1367.0,0.0002990140637848,100.0,41.133575439453125,111.0,0.0
1921,0.0,1892.0,0.1679334491491317,36.99,9.20484447479248,1330.0,0.0,1367.0,0.0,100.0,5.8734002113342285,0.0,0.0
1922,0.0,1892.0,0.1679334491491317,36.99,9.20484447479248,1330.0,0.0,1367.0,0.0,100.0,5.8734002113342285,0.0,0.0
1923,0.0,1892.0,0.1679334491491317,36.99,9.20484447479248,1330.0,0.0,1367.0,0.0,100.0,5.8734002113342285,0.0,0.0
1924,0.0,1892.0,0.1679334491491317,36.99,9.20484447479248,1330.0,0.0,1367.0,0.0,100.0,5.8734002113342285,0.0,0.0
1925,0.0,1892.0,0.1679334491491317,36.99,9.20484447479248,1330.0,0.0,1367.0,0.0,100.0,5.8734002113342285,0.0,0.0
1926,0.0,1892.0,0.209369957447052,36.99,9.201315879821776,1381.0,0.0,1367.0,0.0,100.0,5.8734002113342285,0.0,0.0
1927,0.0,1892.0,0.209369957447052,36.99,9.201315879821776,1381.0,0.0,1367.0,0.0,100.0,5.8734002113342285,0.0,0.0
1928,0.0,1892.0,0.209369957447052,36.99,9.201315879821776,1381.0,0.0,1367.0,0.0,100.0,5.8734002113342285,0.0,0.0
1929,0.0,1892.0,0.209369957447052,36.99,9.201315879821776,1381.0,0.0,1367.0,0.0,100.0,5.8734002113342285,0.0,0.0
1930,0.0,1892.0,0.209369957447052,36.99,9.201315879821776,1381.0,0.0,1367.0,0.0,100.0,5.8734002113342285,0.0,0.0
1931,0.0,1892.0,0.1563990712165832,36.99,9.210673332214355,1367.0,0.0,1367.0,0.0,100.0,5.8734002113342285,0.0,0.0
1932,0.0,1892.0,0.1563990712165832,36.99,9.210673332214355,1367.0,0.0,1367.0,0.0,100.0,5.8734002113342285,0.0,0.0
1933,0.0,1892.0,0.1563990712165832,36.99,9.210673332214355,1367.0,0.0,1367.0,0.0,100.0,5.8734002113342285,0.0,0.0
1934,0.0,1892.0,0.1563990712165832,36.99,9.210673332214355,1367.0,0.0,1367.0,0.0,100.0,5.8734002113342285,0.0,0.0
1935,0.0,1892.0,0.1563990712165832,36.99,9.210673332214355,1367.0,0.0,1367.0,0.0,100.0,5.8734002113342285,0.0,0.0
1936,0.0,1892.0,0.1563990712165832,36.99,9.210673332214355,1367.0,0.0,1367.0,0.0,100.0,5.8734002113342285,0.0,0.0
1937,0.0,1892.0,0.0695408433675766,36.99,9.19138526916504,1105.0,0.0,1367.0,0.0,100.0,5.8734002113342285,0.0,0.0
1938,0.0,1892.0,0.0695408433675766,36.99,9.19138526916504,1105.0,0.0,1367.0,0.0,100.0,5.8734002113342285,0.0,0.0
1939,0.0,1892.0,0.0695408433675766,36.99,9.19138526916504,1105.0,0.0,1367.0,0.0,100.0,5.8734002113342285,0.0,0.0
1940,0.0,1892.0,0.0695408433675766,36.99,9.19138526916504,1105.0,0.0,1367.0,0.0,100.0,5.8734002113342285,0.0,0.0
1941,0.0,1892.0,0.0695408433675766,36.99,9.19138526916504,1105.0,0.0,1367.0,0.0,100.0,5.8734002113342285,0.0,0.0
1942,0.0,1892.0,0.265030562877655,36.99,9.197847366333008,1273.0,0.0,1367.0,0.000255329767242,100.0,41.11482620239258,111.0,0.0
1943,0.0,1892.0,0.265030562877655,36.99,9.197847366333008,1273.0,0.0,1367.0,0.000255329767242,100.0,41.11482620239258,111.0,0.0
1944,0.0,1892.0,0.265030562877655,36.99,9.197847366333008,1273.0,0.0,1367.0,0.000255329767242,100.0,41.11482620239258,111.0,0.0
1945,0.0,1892.0,0.265030562877655,36.99,9.197847366333008,1273.0,0.0,1367.0,0.000255329767242,100.0,41.11482620239258,111.0,0.0
1946,0.0,1892.0,0.265030562877655,36.99,9.197847366333008,1273.0,0.0,1367.0,0.000255329767242,100.0,41.11482620239258,111.0,0.0
1947,0.0,1892.0,0.1310362368822097,36.99,9.199789047241213,1149.0,0.0,1367.0,0.0,100.0,5.8734002113342285,0.0,0.0
1948,0.0,1892.0,0.1310362368822097,36.99,9.199789047241213,1149.0,0.0,1367.0,0.0,100.0,5.8734002113342285,0.0,0.0
1949,0.0,1892.0,0.1310362368822097,36.99,9.199789047241213,1149.0,0.0,1367.0,0.0,100.0,5.8734002113342285,0.0,0.0
1950,0.0,1892.0,0.1310362368822097,36.99,9.199789047241213,1149.0,0.0,1367.0,0.0,100.0,5.8734002113342285,0.0,0.0
1951,0.0,1892.0,0.1310362368822097,36.99,9.199789047241213,1149.0,0.0,1367.0,0.0,100.0,5.8734002113342285,0.0,0.0
1952,0.0,1892.0,0.1310362368822097,36.99,9.199789047241213,1149.0,0.0,1367.0,0.0,100.0,5.8734002113342285,0.0,0.0
1953,0.0,1892.0,0.0609599575400352,36.99,9.189961433410645,1019.0,0.0,1367.0,0.0,100.0,5.8734002113342285,0.0,0.0
1954,0.0,1892.0,0.0609599575400352,36.99,9.189961433410645,1019.0,0.0,1367.0,0.0,100.0,5.8734002113342285,0.0,0.0
1955,0.0,1892.0,0.0609599575400352,36.99,9.189961433410645,1019.0,0.0,1367.0,0.0,100.0,5.8734002113342285,0.0,0.0
1956,0.0,1892.0,0.0609599575400352,36.99,9.189961433410645,1019.0,0.0,1367.0,0.0,100.0,5.8734002113342285,0.0,0.0
1957,0.0,1892.0,0.0609599575400352,36.99,9.189961433410645,1019.0,0.0,1367.0,0.0,100.0,5.8734002113342285,0.0,0.0
1958,0.0,1892.0,0.1909370273351669,36.99,9.197311401367188,1428.0,0.0,1367.0,0.0,100.0,5.8734002113342285,0.0,0.0
1959,0.0,1892.0,0.1909370273351669,36.99,9.197311401367188,1428.0,0.0,1367.0,0.0,100.0,5.8734002113342285,0.0,0.0
1960,0.0,1892.0,0.1909370273351669,36.99,9.197311401367188,1428.0,0.0,1367.0,0.0,100.0,5.8734002113342285,0.0,0.0
1961,0.0,1892.0,0.1909370273351669,36.99,9.197311401367188,1428.0,0.0,1367.0,0.0,100.0,5.8734002113342285,0.0,0.0
1962,0.0,1892.0,0.1909370273351669,36.99,9.197311401367188,1428.0,0.0,1367.0,0.0,100.0,5.8734002113342285,0.0,0.0
1963,0.0,1892.0,0.1256682276725769,36.99,9.211310386657717,1243.0,0.0,1367.0,0.0004626297741197,100.0,5.8734002113342285,161.0,0.0
1964,0.0,1892.0,0.1256682276725769,36.99,9.211310386657717,1243.0,0.0,1367.0,0.0004626297741197,100.0,5.8734002113342285,161.0,0.0
1965,0.0,1892.0,0.1256682276725769,36.99,9.211310386657717,1243.0,0.0,1367.0,0.0004626297741197,100.0,5.8734002113342285,161.0,0.0
1966,0.0,1892.0,0.1256682276725769,36.99,9.211310386657717,1243.0,0.0,1367.0,0.0004626297741197,100.0,5.8734002113342285,161.0,0.0
1967,0.0,1892.0,0.1256682276725769,36.99,9.211310386657717,1243.0,0.0,1367.0,0.0004626297741197,100.0,5.8734002113342285,161.0,0.0
1968,0.0,1892.0,0.2367307841777801,36.99,9.203279495239258,1284.0,0.0,1367.0,0.0,100.0,40.96638870239258,0.0,0.0
1969,0.0,1892.0,0.2367307841777801,36.99,9.203279495239258,1284.0,0.0,1367.0,0.0,100.0,40.96638870239258,0.0,0.0
1970,0.0,1892.0,0.2367307841777801,36.99,9.203279495239258,1284.0,0.0,1367.0,0.0,100.0,40.96638870239258,0.0,0.0
1971,0.0,1892.0,0.2367307841777801,36.99,9.203279495239258,1284.0,0.0,1367.0,0.0,100.0,40.96638870239258,0.0,0.0
1972,0.0,1892.0,0.2367307841777801,36.99,9.203279495239258,1284.0,0.0,1367.0,0.0,100.0,40.96638870239258,0.0,0.0
1973,0.0,1892.0,0.2367307841777801,36.99,9.203279495239258,1284.0,0.0,1367.0,0.0,100.0,40.96638870239258,0.0,0.0
1974,0.0,1892.0,0.1095555871725082,36.99,9.217485427856444,1205.0,0.0,1367.0,0.0,100.0,5.8734002113342285,0.0,0.0
1975,0.0,1892.0,0.1095555871725082,36.99,9.217485427856444,1205.0,0.0,1367.0,0.0,100.0,5.8734002113342285,0.0,0.0
1976,0.0,1892.0,0.1095555871725082,36.99,9.217485427856444,1205.0,0.0,1367.0,0.0,100.0,5.8734002113342285,0.0,0.0
1977,0.0,1892.0,0.1095555871725082,36.99,9.217485427856444,1205.0,0.0,1367.0,0.0,100.0,5.8734002113342285,0.0,0.0
1978,0.0,1892.0,0.1095555871725082,36.99,9.217485427856444,1205.0,0.0,1367.0,0.0,100.0,5.8734002113342285,0.0,0.0
1979,0.0,1892.0,0.1910847127437591,36.99,9.194852828979492,1269.0,0.0,1367.0,0.0047200326807796,100.0,41.085689544677734,111.0,0.0
1980,0.0,1892.0,0.1910847127437591,36.99,9.194852828979492,1269.0,0.0,1367.0,0.0047200326807796,100.0,41.085689544677734,111.0,0.0
1981,0.0,1892.0,0.1910847127437591,36.99,9.194852828979492,1269.0,0.0,1367.0,0.0047200326807796,100.0,41.085689544677734,111.0,0.0
1982,0.0,1892.0,0.1910847127437591,36.99,9.194852828979492,1269.0,0.0,1367.0,0.0047200326807796,100.0,41.085689544677734,111.0,0.0
1983,0.0,1892.0,0.1910847127437591,36.99,9.194852828979492,1269.0,0.0,1367.0,0.0047200326807796,100.0,41.085689544677734,111.0,0.0
1984,0.0,1892.0,0.1586096584796905,36.99,9.20296573638916,1431.0,0.0,1367.0,0.0087529979646205,100.0,41.13268280029297,223.0,0.0
1985,0.0,1892.0,0.1586096584796905,36.99,9.20296573638916,1431.0,0.0,1367.0,0.0087529979646205,100.0,41.13268280029297,223.0,0.0
1986,0.0,1892.0,0.1586096584796905,36.99,9.20296573638916,1431.0,0.0,1367.0,0.0087529979646205,100.0,41.13268280029297,223.0,0.0
1987,0.0,1892.0,0.1586096584796905,36.99,9.20296573638916,1431.0,0.0,1367.0,0.0087529979646205,100.0,41.13268280029297,223.0,0.0
1988,0.0,1892.0,0.1586096584796905,36.99,9.20296573638916,1431.0,0.0,1367.0,0.0087529979646205,100.0,41.13268280029297,223.0,0.0
1989,0.0,1892.0,0.3364899158477783,36.99,9.216641426086426,1531.0,0.0,1367.0,0.0055346554145216,100.0,5.8734002113342285,111.0,0.0
1990,0.0,1892.0,0.3364899158477783,36.99,9.216641426086426,1531.0,0.0,1367.0,0.0055346554145216,100.0,5.8734002113342285,111.0,0.0
1991,0.0,1892.0,0.3364899158477783,36.99,9.216641426086426,1531.0,0.0,1367.0,0.0055346554145216,100.0,5.8734002113342285,111.0,0.0
1992,0.0,1892.0,0.3364899158477783,36.99,9.216641426086426,1531.0,0.0,1367.0,0.0055346554145216,100.0,5.8734002113342285,111.0,0.0
1993,0.0,1892.0,0.3364899158477783,36.99,9.216641426086426,1531.0,0.0,1367.0,0.0055346554145216,100.0,5.8734002113342285,111.0,0.0
1994,0.0,1892.0,0.3364899158477783,36.99,9.216641426086426,1531.0,0.0,1367.0,0.0055346554145216,100.0,5.8734002113342285,111.0,0.0
1995,0.0,1892.0,0.1400128901004791,36.99,9.215903282165527,1311.0,0.0,1367.0,0.0,100.0,41.102325439453125,0.0,0.0
1996,0.0,1892.0,0.1400128901004791,36.99,9.215903282165527,1311.0,0.0,1367.0,0.0,100.0,41.102325439453125,0.0,0.0
1997,0.0,1892.0,0.1400128901004791,36.99,9.215903282165527,1311.0,0.0,1367.0,0.0,100.0,41.102325439453125,0.0,0.0
1998,0.0,1892.0,0.1400128901004791,36.99,9.215903282165527,1311.0,0.0,1367.0,0.0,100.0,41.102325439453125,0.0,0.0
1999,0.0,1892.0,0.1400128901004791,36.99,9.215903282165527,1311.0,0.0,1367.0,0.0,100.0,41.102325439453125,0.0,0.0
2000,0.0,1892.0,0.0975418835878372,36.99,9.202011108398438,1200.0,0.0,1367.0,0.0,100.0,5.8734002113342285,0.0,0.0
2001,0.0,1892.0,0.0975418835878372,36.99,9.202011108398438,1200.0,0.0,1367.0,0.0,100.0,5.8734002113342285,0.0,0.0
2002,0.0,1892.0,0.0975418835878372,36.99,9.202011108398438,1200.0,0.0,1367.0,0.0,100.0,5.8734002113342285,0.0,0.0
2003,0.0,1892.0,0.0975418835878372,36.99,9.202011108398438,1200.0,0.0,1367.0,0.0,100.0,5.8734002113342285,0.0,0.0
2004,0.0,1892.0,0.0975418835878372,36.99,9.202011108398438,1200.0,0.0,1367.0,0.0,100.0,5.8734002113342285,0.0,0.0
2005,0.0,1892.0,0.091720774769783,36.99,9.1859712600708,1150.0,0.0,1367.0,0.0,100.0,5.8734002113342285,0.0,0.0
2006,0.0,1892.0,0.091720774769783,36.99,9.1859712600708,1150.0,0.0,1367.0,0.0,100.0,5.8734002113342285,0.0,0.0
2007,0.0,1892.0,0.091720774769783,36.99,9.1859712600708,1150.0,0.0,1367.0,0.0,100.0,5.8734002113342285,0.0,0.0
2008,0.0,1892.0,0.091720774769783,36.99,9.1859712600708,1150.0,0.0,1367.0,0.0,100.0,5.8734002113342285,0.0,0.0
2009,0.0,1892.0,0.091720774769783,36.99,9.1859712600708,1150.0,0.0,1367.0,0.0,100.0,5.8734002113342285,0.0,0.0
2010,0.0,1892.0,0.0832227692008018,36.99,9.184054374694824,1155.0,0.0,1367.0,0.0001132701945607,100.0,40.985137939453125,111.0,0.0
2011,0.0,1892.0,0.0832227692008018,36.99,9.184054374694824,1155.0,0.0,1367.0,0.0001132701945607,100.0,40.985137939453125,111.0,0.0
2012,0.0,1892.0,0.0832227692008018,36.99,9.184054374694824,1155.0,0.0,1367.0,0.0001132701945607,100.0,40.985137939453125,111.0,0.0
2013,0.0,1892.0,0.0832227692008018,36.99,9.184054374694824,1155.0,0.0,1367.0,0.0001132701945607,100.0,40.985137939453125,111.0,0.0
2014,0.0,1892.0,0.0832227692008018,36.99,9.184054374694824,1155.0,0.0,1367.0,0.0001132701945607,100.0,40.985137939453125,111.0,0.0
2015,0.0,1892.0,0.0706986933946609,36.99,9.19088077545166,1081.0,0.0,1367.0,0.0,100.0,5.8734002113342285,0.0,0.0
2016,0.0,1892.0,0.0706986933946609,36.99,9.19088077545166,1081.0,0.0,1367.0,0.0,100.0,5.8734002113342285,0.0,0.0
2017,0.0,1892.0,0.0706986933946609,36.99,9.19088077545166,1081.0,0.0,1367.0,0.0,100.0,5.8734002113342285,0.0,0.0
2018,0.0,1892.0,0.0706986933946609,36.99,9.19088077545166,1081.0,0.0,1367.0,0.0,100.0,5.8734002113342285,0.0,0.0
2019,0.0,1892.0,0.0706986933946609,36.99,9.19088077545166,1081.0,0.0,1367.0,0.0,100.0,5.8734002113342285,0.0,0.0
2020,0.0,1892.0,0.0706986933946609,36.99,9.19088077545166,1081.0,0.0,1367.0,0.0,100.0,5.8734002113342285,0.0,0.0
2021,0.0,1892.0,0.1376751363277435,36.99,9.190239906311035,1304.0,0.0,1367.0,0.0,100.0,5.8734002113342285,0.0,0.0
2022,0.0,1892.0,0.1376751363277435,36.99,9.190239906311035,1304.0,0.0,1367.0,0.0,100.0,5.8734002113342285,0.0,0.0
2023,0.0,1892.0,0.1376751363277435,36.99,9.190239906311035,1304.0,0.0,1367.0,0.0,100.0,5.8734002113342285,0.0,0.0
2024,0.0,1892.0,0.1376751363277435,36.99,9.190239906311035,1304.0,0.0,1367.0,0.0,100.0,5.8734002113342285,0.0,0.0
2025,0.0,1892.0,0.1376751363277435,36.99,9.190239906311035,1304.0,0.0,1367.0,0.0,100.0,5.8734002113342285,0.0,0.0
2026,0.0,1892.0,0.1238951161503791,36.99,9.198874473571776,1305.0,0.0,1367.0,0.0,100.0,5.8734002113342285,0.0,0.0
2027,0.0,1892.0,0.1238951161503791,36.99,9.198874473571776,1305.0,0.0,1367.0,0.0,100.0,5.8734002113342285,0.0,0.0
2028,0.0,1892.0,0.1238951161503791,36.99,9.198874473571776,1305.0,0.0,1367.0,0.0,100.0,5.8734002113342285,0.0,0.0
2029,0.0,1892.0,0.1238951161503791,36.99,9.198874473571776,1305.0,0.0,1367.0,0.0,100.0,5.8734002113342285,0.0,0.0
2030,0.0,1892.0,0.1238951161503791,36.99,9.198874473571776,1305.0,0.0,1367.0,0.0,100.0,5.8734002113342285,0.0,0.0
2031,0.0,1892.0,0.1414444744586944,36.99,9.190641403198242,1384.0,0.0,1367.0,0.0,100.0,5.8734002113342285,0.0,0.0
2032,0.0,1892.0,0.1414444744586944,36.99,9.190641403198242,1384.0,0.0,1367.0,0.0,100.0,5.8734002113342285,0.0,0.0
2033,0.0,1892.0,0.1414444744586944,36.99,9.190641403198242,1384.0,0.0,1367.0,0.0,100.0,5.8734002113342285,0.0,0.0
2034,0.0,1892.0,0.1414444744586944,36.99,9.190641403198242,1384.0,0.0,1367.0,0.0,100.0,5.8734002113342285,0.0,0.0
2035,0.0,1892.0,0.1414444744586944,36.99,9.190641403198242,1384.0,0.0,1367.0,0.0,100.0,5.8734002113342285,0.0,0.0
2036,0.0,1892.0,0.0860099494457244,36.99,9.184900283813477,1160.0,0.0,1367.0,0.0002954534138552,100.0,40.836700439453125,111.0,0.0
2037,0.0,1892.0,0.0860099494457244,36.99,9.184900283813477,1160.0,0.0,1367.0,0.0002954534138552,100.0,40.836700439453125,111.0,0.0
2038,0.0,1892.0,0.0860099494457244,36.99,9.184900283813477,1160.0,0.0,1367.0,0.0002954534138552,100.0,40.836700439453125,111.0,0.0
2039,0.0,1892.0,0.0860099494457244,36.99,9.184900283813477,1160.0,0.0,1367.0,0.0002954534138552,100.0,40.836700439453125,111.0,0.0
2040,0.0,1892.0,0.0860099494457244,36.99,9.184900283813477,1160.0,0.0,1367.0,0.0002954534138552,100.0,40.836700439453125,111.0,0.0
2041,0.0,1892.0,0.0860099494457244,36.99,9.184900283813477,1160.0,0.0,1367.0,0.0002954534138552,100.0,40.836700439453125,111.0,0.0
2042,0.0,1892.0,0.0749815329909324,36.99,9.180182456970217,1168.0,0.0,1367.0,0.0,100.0,5.8734002113342285,0.0,0.0
2043,0.0,1892.0,0.0749815329909324,36.99,9.180182456970217,1168.0,0.0,1367.0,0.0,100.0,5.8734002113342285,0.0,0.0
2044,0.0,1892.0,0.0749815329909324,36.99,9.180182456970217,1168.0,0.0,1367.0,0.0,100.0,5.8734002113342285,0.0,0.0
2045,0.0,1892.0,0.0749815329909324,36.99,9.180182456970217,1168.0,0.0,1367.0,0.0,100.0,5.8734002113342285,0.0,0.0
2046,0.0,1892.0,0.0749815329909324,36.99,9.180182456970217,1168.0,0.0,1367.0,0.0,100.0,5.8734002113342285,0.0,0.0
2047,0.0,1892.0,0.1679826974868774,36.99,9.18087100982666,1389.0,0.0,1367.0,0.0,100.0,5.8734002113342285,0.0,0.0
2048,0.0,1892.0,0.1679826974868774,36.99,9.18087100982666,1389.0,0.0,1367.0,0.0,100.0,5.8734002113342285,0.0,0.0
2049,0.0,1892.0,0.1679826974868774,36.99,9.18087100982666,1389.0,0.0,1367.0,0.0,100.0,5.8734002113342285,0.0,0.0
2050,0.0,1892.0,0.1679826974868774,36.99,9.18087100982666,1389.0,0.0,1367.0,0.0,100.0,5.8734002113342285,0.0,0.0
2051,0.0,1892.0,0.1679826974868774,36.99,9.18087100982666,1389.0,0.0,1367.0,0.0,100.0,5.8734002113342285,0.0,0.0
2052,0.0,1892.0,0.1777328103780746,36.99,9.189238548278809,1363.0,0.0,1367.0,0.0,100.0,5.8734002113342285,0.0,0.0
2053,0.0,1892.0,0.1777328103780746,36.99,9.189238548278809,1363.0,0.0,1367.0,0.0,100.0,5.8734002113342285,0.0,0.0
2054,0.0,1892.0,0.1777328103780746,36.99,9.189238548278809,1363.0,0.0,1367.0,0.0,100.0,5.8734002113342285,0.0,0.0
2055,0.0,1892.0,0.1777328103780746,36.99,9.189238548278809,1363.0,0.0,1367.0,0.0,100.0,5.8734002113342285,0.0,0.0
2056,0.0,1892.0,0.1777328103780746,36.99,9.189238548278809,1363.0,0.0,1367.0,0.0,100.0,5.8734002113342285,0.0,0.0
2057,0.0,1892.0,0.1226807832717895,36.99,9.197464942932127,1285.0,0.0,1367.0,0.0,100.0,5.8734002113342285,0.0,0.0
2058,0.0,1892.0,0.1226807832717895,36.99,9.197464942932127,1285.0,0.0,1367.0,0.0,100.0,5.8734002113342285,0.0,0.0
2059,0.0,1892.0,0.1226807832717895,36.99,9.197464942932127,1285.0,0.0,1367.0,0.0,100.0,5.8734002113342285,0.0,0.0
2060,0.0,1892.0,0.1226807832717895,36.99,9.197464942932127,1285.0,0.0,1367.0,0.0,100.0,5.8734002113342285,0.0,0.0
2061,0.0,1892.0,0.1226807832717895,36.99,9.197464942932127,1285.0,0.0,1367.0,0.0,100.0,5.8734002113342285,0.0,0.0
2062,0.0,1892.0,0.0825576856732368,36.99,9.188386917114258,1104.0,0.0,1367.0,0.0002740760392043,100.0,5.8734002113342285,111.0,0.0
2063,0.0,1892.0,0.0825576856732368,36.99,9.188386917114258,1104.0,0.0,1367.0,0.0002740760392043,100.0,5.8734002113342285,111.0,0.0
2064,0.0,1892.0,0.0825576856732368,36.99,9.188386917114258,1104.0,0.0,1367.0,0.0002740760392043,100.0,5.8734002113342285,111.0,0.0
2065,0.0,1892.0,0.0825576856732368,36.99,9.188386917114258,1104.0,0.0,1367.0,0.0002740760392043,100.0,5.8734002113342285,111.0,0.0
2066,0.0,1892.0,0.0825576856732368,36.99,9.188386917114258,1104.0,0.0,1367.0,0.0002740760392043,100.0,5.8734002113342285,111.0,0.0
2067,0.0,1892.0,0.0825576856732368,36.99,9.188386917114258,1104.0,0.0,1367.0,0.0002740760392043,100.0,5.8734002113342285,111.0,0.0
2068,0.0,1892.0,0.0647922083735466,36.99,9.17049503326416,1071.0,0.0,1367.0,0.0,100.0,40.81638717651367,0.0,0.0
2069,0.0,1892.0,0.0647922083735466,36.99,9.17049503326416,1071.0,0.0,1367.0,0.0,100.0,40.81638717651367,0.0,0.0
2070,0.0,1892.0,0.0647922083735466,36.99,9.17049503326416,1071.0,0.0,1367.0,0.0,100.0,40.81638717651367,0.0,0.0
2071,0.0,1892.0,0.0647922083735466,36.99,9.17049503326416,1071.0,0.0,1367.0,0.0,100.0,40.81638717651367,0.0,0.0
2072,0.0,1892.0,0.0647922083735466,36.99,9.17049503326416,1071.0,0.0,1367.0,0.0,100.0,40.81638717651367,0.0,0.0
2073,0.0,1892.0,1.0408354997634888,36.99,9.191713333129885,1416.0,0.0,1367.0,0.0022213635966181,100.0,40.93096923828125,111.0,0.0
2074,0.0,1892.0,1.0408354997634888,36.99,9.191713333129885,1416.0,0.0,1367.0,0.0022213635966181,100.0,40.93096923828125,111.0,0.0
2075,0.0,1892.0,1.0408354997634888,36.99,9.191713333129885,1416.0,0.0,1367.0,0.0022213635966181,100.0,40.93096923828125,111.0,0.0
2076,0.0,1892.0,1.0408354997634888,36.99,9.191713333129885,1416.0,0.0,1367.0,0.0022213635966181,100.0,40.93096923828125,111.0,0.0
2077,0.0,1892.0,1.0408354997634888,36.99,9.191713333129885,1416.0,0.0,1367.0,0.0022213635966181,100.0,40.93096923828125,111.0,0.0
2078,0.0,1892.0,0.6022282242774963,36.99,9.206364631652832,1437.0,0.0,1367.0,0.0030789612792432,100.0,41.1113395690918,111.0,0.0
2079,0.0,1892.0,0.6022282242774963,36.99,9.206364631652832,1437.0,0.0,1367.0,0.0030789612792432,100.0,41.1113395690918,111.0,0.0
2080,0.0,1892.0,0.6022282242774963,36.99,9.206364631652832,1437.0,0.0,1367.0,0.0030789612792432,100.0,41.1113395690918,111.0,0.0
2081,0.0,1892.0,0.6022282242774963,36.99,9.206364631652832,1437.0,0.0,1367.0,0.0030789612792432,100.0,41.1113395690918,111.0,0.0
2082,0.0,1892.0,0.6022282242774963,36.99,9.206364631652832,1437.0,0.0,1367.0,0.0030789612792432,100.0,41.1113395690918,111.0,0.0
2083,0.0,1892.0,0.4028227031230926,36.99,9.234256744384766,1594.0,0.0,1367.0,0.0203573573380708,100.0,41.015865325927734,111.0,0.0
2084,0.0,1892.0,0.4028227031230926,36.99,9.234256744384766,1594.0,0.0,1367.0,0.0203573573380708,100.0,41.015865325927734,111.0,0.0
2085,0.0,1892.0,0.4028227031230926,36.99,9.234256744384766,1594.0,0.0,1367.0,0.0203573573380708,100.0,41.015865325927734,111.0,0.0
2086,0.0,1892.0,0.4028227031230926,36.99,9.234256744384766,1594.0,0.0,1367.0,0.0203573573380708,100.0,41.015865325927734,111.0,0.0
2087,0.0,1892.0,0.4028227031230926,36.99,9.234256744384766,1594.0,0.0,1367.0,0.0203573573380708,100.0,41.015865325927734,111.0,0.0
2088,0.0,1892.0,0.4028227031230926,36.99,9.234256744384766,1594.0,0.0,1367.0,0.0203573573380708,100.0,41.015865325927734,111.0,0.0
2089,0.0,1892.0,0.1378121525049209,36.99,9.19803237915039,1433.0,0.0,1367.0,0.0001445371162844,100.0,40.91690826416016,111.0,0.0
2090,0.0,1892.0,0.1378121525049209,36.99,9.19803237915039,1433.0,0.0,1367.0,0.0001445371162844,100.0,40.91690826416016,111.0,0.0
2091,0.0,1892.0,0.1378121525049209,36.99,9.19803237915039,1433.0,0.0,1367.0,0.0001445371162844,100.0,40.91690826416016,111.0,0.0
2092,0.0,1892.0,0.1378121525049209,36.99,9.19803237915039,1433.0,0.0,1367.0,0.0001445371162844,100.0,40.91690826416016,111.0,0.0
2093,0.0,1892.0,0.1378121525049209,36.99,9.19803237915039,1433.0,0.0,1367.0,0.0001445371162844,100.0,40.91690826416016,111.0,0.0
2094,0.0,1892.0,0.1742724478244781,36.99,9.191274642944336,1336.0,0.0,1367.0,0.0,100.0,5.8734002113342285,0.0,0.0
2095,0.0,1892.0,0.1742724478244781,36.99,9.191274642944336,1336.0,0.0,1367.0,0.0,100.0,5.8734002113342285,0.0,0.0
2096,0.0,1892.0,0.1742724478244781,36.99,9.191274642944336,1336.0,0.0,1367.0,0.0,100.0,5.8734002113342285,0.0,0.0
2097,0.0,1892.0,0.1742724478244781,36.99,9.191274642944336,1336.0,0.0,1367.0,0.0,100.0,5.8734002113342285,0.0,0.0
2098,0.0,1892.0,0.1742724478244781,36.99,9.191274642944336,1336.0,0.0,1367.0,0.0,100.0,5.8734002113342285,0.0,0.0
2099,0.0,1892.0,0.0688306242227554,36.99,9.181234359741213,1120.0,0.0,1367.0,0.0,100.0,5.8734002113342285,0.0,0.0
2100,0.0,1892.0,0.0688306242227554,36.99,9.181234359741213,1120.0,0.0,1367.0,0.0,100.0,5.8734002113342285,0.0,0.0
2101,0.0,1892.0,0.0688306242227554,36.99,9.181234359741213,1120.0,0.0,1367.0,0.0,100.0,5.8734002113342285,0.0,0.0
2102,0.0,1892.0,0.0688306242227554,36.99,9.181234359741213,1120.0,0.0,1367.0,0.0,100.0,5.8734002113342285,0.0,0.0
2103,0.0,1892.0,0.0688306242227554,36.99,9.181234359741213,1120.0,0.0,1367.0,0.0,100.0,5.8734002113342285,0.0,0.0
2104,0.0,1892.0,0.0524414107203483,36.99,9.17585277557373,1049.0,0.0,1367.0,0.0,100.0,5.8734002113342285,0.0,0.0
2105,0.0,1892.0,0.0524414107203483,36.99,9.17585277557373,1049.0,0.0,1367.0,0.0,100.0,5.8734002113342285,0.0,0.0
2106,0.0,1892.0,0.0524414107203483,36.99,9.17585277557373,1049.0,0.0,1367.0,0.0,100.0,5.8734002113342285,0.0,0.0
2107,0.0,1892.0,0.0524414107203483,36.99,9.17585277557373,1049.0,0.0,1367.0,0.0,100.0,5.8734002113342285,0.0,0.0
2108,0.0,1892.0,0.0524414107203483,36.99,9.17585277557373,1049.0,0.0,1367.0,0.0,100.0,5.8734002113342285,0.0,0.0
2109,0.0,1892.0,0.1407945305109024,36.99,9.17475414276123,1337.0,0.0,1367.0,0.000491133891046,100.0,5.8734002113342285,111.0,0.0
2110,0.0,1892.0,0.1407945305109024,36.99,9.17475414276123,1337.0,0.0,1367.0,0.000491133891046,100.0,5.8734002113342285,111.0,0.0
2111,0.0,1892.0,0.1407945305109024,36.99,9.17475414276123,1337.0,0.0,1367.0,0.000491133891046,100.0,5.8734002113342285,111.0,0.0
2112,0.0,1892.0,0.1407945305109024,36.99,9.17475414276123,1337.0,0.0,1367.0,0.000491133891046,100.0,5.8734002113342285,111.0,0.0
2113,0.0,1892.0,0.1407945305109024,36.99,9.17475414276123,1337.0,0.0,1367.0,0.000491133891046,100.0,5.8734002113342285,111.0,0.0
2114,0.0,1892.0,0.1407945305109024,36.99,9.17475414276123,1337.0,0.0,1367.0,0.000491133891046,100.0,5.8734002113342285,111.0,0.0
2115,0.0,1892.0,0.2186150848865509,36.99,9.185997009277344,1398.0,0.0,1367.0,0.0,100.0,40.774200439453125,0.0,0.0
2116,0.0,1892.0,0.2186150848865509,36.99,9.185997009277344,1398.0,0.0,1367.0,0.0,100.0,40.774200439453125,0.0,0.0
2117,0.0,1892.0,0.2186150848865509,36.99,9.185997009277344,1398.0,0.0,1367.0,0.0,100.0,40.774200439453125,0.0,0.0
2118,0.0,1892.0,0.2186150848865509,36.99,9.185997009277344,1398.0,0.0,1367.0,0.0,100.0,40.774200439453125,0.0,0.0
2119,0.0,1892.0,0.2186150848865509,36.99,9.185997009277344,1398.0,0.0,1367.0,0.0,100.0,40.774200439453125,0.0,0.0
2120,0.0,1892.0,0.1497683227062225,36.99,9.19081974029541,1402.0,0.0,1367.0,0.0,100.0,5.8734002113342285,0.0,0.0
2121,0.0,1892.0,0.1497683227062225,36.99,9.19081974029541,1402.0,0.0,1367.0,0.0,100.0,5.8734002113342285,0.0,0.0
2122,0.0,1892.0,0.1497683227062225,36.99,9.19081974029541,1402.0,0.0,1367.0,0.0,100.0,5.8734002113342285,0.0,0.0
2123,0.0,1892.0,0.1497683227062225,36.99,9.19081974029541,1402.0,0.0,1367.0,0.0,100.0,5.8734002113342285,0.0,0.0
2124,0.0,1892.0,0.1497683227062225,36.99,9.19081974029541,1402.0,0.0,1367.0,0.0,100.0,5.8734002113342285,0.0,0.0
2125,0.0,1892.0,1.2300214767456057,36.99,9.20263671875,2340.0,0.0,1367.0,0.0,100.0,5.8734002113342285,0.0,0.0
2126,0.0,1892.0,1.2300214767456057,36.99,9.20263671875,2340.0,0.0,1367.0,0.0,100.0,5.8734002113342285,0.0,0.0
2127,0.0,1892.0,1.2300214767456057,36.99,9.20263671875,2340.0,0.0,1367.0,0.0,100.0,5.8734002113342285,0.0,0.0
2128,0.0,1892.0,1.2300214767456057,36.99,9.20263671875,2340.0,0.0,1367.0,0.0,100.0,5.8734002113342285,0.0,0.0
2129,0.0,1892.0,1.2300214767456057,36.99,9.20263671875,2340.0,0.0,1367.0,0.0,100.0,5.8734002113342285,0.0,0.0
2130,0.0,1892.0,1.3755561113357544,36.99,9.26473903656006,2417.0,0.0,1367.0,0.0,100.0,5.8734002113342285,0.0,0.0
2131,0.0,1892.0,1.3755561113357544,36.99,9.26473903656006,2417.0,0.0,1367.0,0.0,100.0,5.8734002113342285,0.0,0.0
2132,0.0,1892.0,1.3755561113357544,36.99,9.26473903656006,2417.0,0.0,1367.0,0.0,100.0,5.8734002113342285,0.0,0.0
2133,0.0,1892.0,1.3755561113357544,36.99,9.26473903656006,2417.0,0.0,1367.0,0.0,100.0,5.8734002113342285,0.0,0.0
2134,0.0,1892.0,1.3755561113357544,36.99,9.26473903656006,2417.0,0.0,1367.0,0.0,100.0,5.8734002113342285,0.0,0.0
2135,0.0,1892.0,1.3986530303955078,36.99,9.277413368225098,2407.0,0.0,1367.0,0.0003067977086175,100.0,5.8734002113342285,111.0,0.0
2136,0.0,1892.0,1.3986530303955078,36.99,9.277413368225098,2407.0,0.0,1367.0,0.0003067977086175,100.0,5.8734002113342285,111.0,0.0
2137,0.0,1892.0,1.3986530303955078,36.99,9.277413368225098,2407.0,0.0,1367.0,0.0003067977086175,100.0,5.8734002113342285,111.0,0.0
2138,0.0,1892.0,1.3986530303955078,36.99,9.277413368225098,2407.0,0.0,1367.0,0.0003067977086175,100.0,5.8734002113342285,111.0,0.0
2139,0.0,1892.0,1.3986530303955078,36.99,9.277413368225098,2407.0,0.0,1367.0,0.0003067977086175,100.0,5.8734002113342285,111.0,0.0
2140,0.0,1892.0,1.3986530303955078,36.99,9.277413368225098,2407.0,0.0,1367.0,0.0003067977086175,100.0,5.8734002113342285,111.0,0.0
2141,0.0,1892.0,1.6554588079452517,36.99,9.28980541229248,2367.0,0.0,1367.0,0.0,100.0,5.8734002113342285,0.0,0.0
2142,0.0,1892.0,1.6554588079452517,36.99,9.28980541229248,2367.0,0.0,1367.0,0.0,100.0,5.8734002113342285,0.0,0.0
2143,0.0,1892.0,1.6554588079452517,36.99,9.28980541229248,2367.0,0.0,1367.0,0.0,100.0,5.8734002113342285,0.0,0.0
2144,0.0,1892.0,1.6554588079452517,36.99,9.28980541229248,2367.0,0.0,1367.0,0.0,100.0,5.8734002113342285,0.0,0.0
2145,0.0,1892.0,1.6554588079452517,36.99,9.28980541229248,2367.0,0.0,1367.0,0.0,100.0,5.8734002113342285,0.0,0.0
2146,0.0,1892.0,7.014977931976318,36.99,32.32271194458008,2063.0,0.0,1367.0,0.012672359123826,100.0,41.90013885498047,111.0,0.0
2147,0.0,1892.0,7.014977931976318,36.99,32.32271194458008,2063.0,0.0,1367.0,0.012672359123826,100.0,41.90013885498047,111.0,0.0
2148,0.0,1892.0,7.014977931976318,36.99,32.32271194458008,2063.0,0.0,1367.0,0.012672359123826,100.0,41.90013885498047,111.0,0.0
2149,0.0,1892.0,7.014977931976318,36.99,32.32271194458008,2063.0,0.0,1367.0,0.012672359123826,100.0,41.90013885498047,111.0,0.0
2150,0.0,1892.0,7.014977931976318,36.99,32.32271194458008,2063.0,0.0,1367.0,0.012672359123826,100.0,41.90013885498047,111.0,0.0
2151,0.0009765624417923,1892.0,3.2104310989379883,36.99,9.394804954528809,2209.0,0.0,1367.0,0.0032720624003559,100.0,41.80811309814453,222.0,0.0
2152,0.0009765624417923,1892.0,3.2104310989379883,36.99,9.394804954528809,2209.0,0.0,1367.0,0.0032720624003559,100.0,41.80811309814453,222.0,0.0
2153,0.0009765624417923,1892.0,3.2104310989379883,36.99,9.394804954528809,2209.0,0.0,1367.0,0.0032720624003559,100.0,41.80811309814453,222.0,0.0
2154,0.0009765624417923,1892.0,3.2104310989379883,36.99,9.394804954528809,2209.0,0.0,1367.0,0.0032720624003559,100.0,41.80811309814453,222.0,0.0
2155,0.0009765624417923,1892.0,3.2104310989379883,36.99,9.394804954528809,2209.0,0.0,1367.0,0.0032720624003559,100.0,41.80811309814453,222.0,0.0
2156,0.0,1892.0,1.9690821170806885,36.99,9.359644889831545,2417.0,0.0,1367.0,0.0018402487039566,100.0,41.63396453857422,222.0,0.0
2157,0.0,1892.0,1.9690821170806885,36.99,9.359644889831545,2417.0,0.0,1367.0,0.0018402487039566,100.0,41.63396453857422,222.0,0.0
2158,0.0,1892.0,1.9690821170806885,36.99,9.359644889831545,2417.0,0.0,1367.0,0.0018402487039566,100.0,41.63396453857422,222.0,0.0
2159,0.0,1892.0,1.9690821170806885,36.99,9.359644889831545,2417.0,0.0,1367.0,0.0018402487039566,100.0,41.63396453857422,222.0,0.0
2160,0.0,1892.0,1.9690821170806885,36.99,9.359644889831545,2417.0,0.0,1367.0,0.0018402487039566,100.0,41.63396453857422,222.0,0.0
2161,0.0,1892.0,1.4661056995391846,36.99,9.3353910446167,2357.0,0.0,1367.0,0.0,100.0,5.8734002113342285,0.0,0.0
2162,0.0,1892.0,1.4661056995391846,36.99,9.3353910446167,2357.0,0.0,1367.0,0.0,100.0,5.8734002113342285,0.0,0.0
2163,0.0,1892.0,1.4661056995391846,36.99,9.3353910446167,2357.0,0.0,1367.0,0.0,100.0,5.8734002113342285,0.0,0.0
2164,0.0,1892.0,1.4661056995391846,36.99,9.3353910446167,2357.0,0.0,1367.0,0.0,100.0,5.8734002113342285,0.0,0.0
2165,0.0,1892.0,1.4661056995391846,36.99,9.3353910446167,2357.0,0.0,1367.0,0.0,100.0,5.8734002113342285,0.0,0.0
2166,0.0,1892.0,1.4661056995391846,36.99,9.3353910446167,2357.0,0.0,1367.0,0.0,100.0,5.8734002113342285,0.0,0.0
2167,0.0,1892.0,1.2984238862991333,36.99,9.31398868560791,2120.0,0.0,1367.0,0.0,100.0,5.8734002113342285,0.0,0.0
2168,0.0,1892.0,1.2984238862991333,36.99,9.31398868560791,2120.0,0.0,1367.0,0.0,100.0,5.8734002113342285,0.0,0.0
2169,0.0,1892.0,1.2984238862991333,36.99,9.31398868560791,2120.0,0.0,1367.0,0.0,100.0,5.8734002113342285,0.0,0.0
2170,0.0,1892.0,1.2984238862991333,36.99,9.31398868560791,2120.0,0.0,1367.0,0.0,100.0,5.8734002113342285,0.0,0.0
2171,0.0,1892.0,1.2984238862991333,36.99,9.31398868560791,2120.0,0.0,1367.0,0.0,100.0,5.8734002113342285,0.0,0.0
2172,0.0,1892.0,1.665410399436951,36.99,9.330391883850098,1917.0,0.0,1367.0,0.0,100.0,5.8734002113342285,0.0,0.0
2173,0.0,1892.0,1.665410399436951,36.99,9.330391883850098,1917.0,0.0,1367.0,0.0,100.0,5.8734002113342285,0.0,0.0
2174,0.0,1892.0,1.665410399436951,36.99,9.330391883850098,1917.0,0.0,1367.0,0.0,100.0,5.8734002113342285,0.0,0.0
2175,0.0,1892.0,1.665410399436951,36.99,9.330391883850098,1917.0,0.0,1367.0,0.0,100.0,5.8734002113342285,0.0,0.0
2176,0.0,1892.0,1.665410399436951,36.99,9.330391883850098,1917.0,0.0,1367.0,0.0,100.0,5.8734002113342285,0.0,0.0
2177,0.0,1892.0,1.2418532371520996,36.99,9.304039001464844,2264.0,0.0,1367.0,0.0,100.0,5.8734002113342285,0.0,0.0
2178,0.0,1892.0,1.2418532371520996,36.99,9.304039001464844,2264.0,0.0,1367.0,0.0,100.0,5.8734002113342285,0.0,0.0
2179,0.0,1892.0,1.2418532371520996,36.99,9.304039001464844,2264.0,0.0,1367.0,0.0,100.0,5.8734002113342285,0.0,0.0
2180,0.0,1892.0,1.2418532371520996,36.99,9.304039001464844,2264.0,0.0,1367.0,0.0,100.0,5.8734002113342285,0.0,0.0
2181,0.0,1892.0,1.2418532371520996,36.99,9.304039001464844,2264.0,0.0,1367.0,0.0,100.0,5.8734002113342285,0.0,0.0
2182,0.0,1892.0,1.210419774055481,36.99,9.334973335266112,1914.0,0.0,1367.0,0.0006531934486702,100.0,41.51326370239258,222.0,0.0
2183,0.0,1892.0,1.210419774055481,36.99,9.334973335266112,1914.0,0.0,1367.0,0.0006531934486702,100.0,41.51326370239258,222.0,0.0
2184,0.0,1892.0,1.210419774055481,36.99,9.334973335266112,1914.0,0.0,1367.0,0.0006531934486702,100.0,41.51326370239258,222.0,0.0
2185,0.0,1892.0,1.210419774055481,36.99,9.334973335266112,1914.0,0.0,1367.0,0.0006531934486702,100.0,41.51326370239258,222.0,0.0
2186,0.0,1892.0,1.210419774055481,36.99,9.334973335266112,1914.0,0.0,1367.0,0.0006531934486702,100.0,41.51326370239258,222.0,0.0
2187,0.0,1892.0,1.210419774055481,36.99,9.334973335266112,1914.0,0.0,1367.0,0.0006531934486702,100.0,41.51326370239258,222.0,0.0
2188,0.0,1892.0,6.5872907638549805,36.99,9.293451309204102,1714.0,0.0,1367.0,0.0006857954431325,100.0,41.51222229003906,111.0,0.0
2189,0.0,1892.0,6.5872907638549805,36.99,9.293451309204102,1714.0,0.0,1367.0,0.0006857954431325,100.0,41.51222229003906,111.0,0.0
2190,0.0,1892.0,6.5872907638549805,36.99,9.293451309204102,1714.0,0.0,1367.0,0.0006857954431325,100.0,41.51222229003906,111.0,0.0
2191,0.0,1892.0,6.5872907638549805,36.99,9.293451309204102,1714.0,0.0,1367.0,0.0006857954431325,100.0,41.51222229003906,111.0,0.0
2192,0.0,1892.0,6.5872907638549805,36.99,9.293451309204102,1714.0,0.0,1367.0,0.0006857954431325,100.0,41.51222229003906,111.0,0.0
2193,0.0008865247946232,1892.0,6.804905891418457,36.99,9.426647186279297,2390.0,0.0,1367.0,0.0005631576059386,100.0,42.235137939453125,222.0,0.0
2194,0.0008865247946232,1892.0,6.804905891418457,36.99,9.426647186279297,2390.0,0.0,1367.0,0.0005631576059386,100.0,42.235137939453125,222.0,0.0
2195,0.0008865247946232,1892.0,6.804905891418457,36.99,9.426647186279297,2390.0,0.0,1367.0,0.0005631576059386,100.0,42.235137939453125,222.0,0.0
2196,0.0008865247946232,1892.0,6.804905891418457,36.99,9.426647186279297,2390.0,0.0,1367.0,0.0005631576059386,100.0,42.235137939453125,222.0,0.0
2197,0.0008865247946232,1892.0,6.804905891418457,36.99,9.426647186279297,2390.0,0.0,1367.0,0.0005631576059386,100.0,42.235137939453125,222.0,0.0
2198,0.0,1892.0,5.179040431976318,36.99,9.477340698242188,2358.0,0.0,1367.0,0.0,100.0,42.39295196533203,0.0,0.0
2199,0.0,1892.0,5.179040431976318,36.99,9.477340698242188,2358.0,0.0,1367.0,0.0,100.0,42.39295196533203,0.0,0.0
2200,0.0,1892.0,5.179040431976318,36.99,9.477340698242188,2358.0,0.0,1367.0,0.0,100.0,42.39295196533203,0.0,0.0
2201,0.0,1892.0,5.179040431976318,36.99,9.477340698242188,2358.0,0.0,1367.0,0.0,100.0,42.39295196533203,0.0,0.0
2202,0.0,1892.0,5.179040431976318,36.99,9.477340698242188,2358.0,0.0,1367.0,0.0,100.0,42.39295196533203,0.0,0.0
2203,0.0,1892.0,4.7130937576293945,36.99,9.494035720825195,2408.0,0.0,1367.0,0.0416680872440338,100.0,5.8734002113342285,256.0,0.0
2204,0.0,1892.0,4.7130937576293945,36.99,9.494035720825195,2408.0,0.0,1367.0,0.0416680872440338,100.0,5.8734002113342285,256.0,0.0
2205,0.0,1892.0,4.7130937576293945,36.99,9.494035720825195,2408.0,0.0,1367.0,0.0416680872440338,100.0,5.8734002113342285,256.0,0.0
2206,0.0,1892.0,4.7130937576293945,36.99,9.494035720825195,2408.0,0.0,1367.0,0.0416680872440338,100.0,5.8734002113342285,256.0,0.0
2207,0.0,1892.0,4.7130937576293945,36.99,9.494035720825195,2408.0,0.0,1367.0,0.0416680872440338,100.0,5.8734002113342285,256.0,0.0
2208,0.0,1892.0,1.8986380100250244,36.99,9.463723182678224,1894.0,0.0,1367.0,0.0021825721487402,100.0,42.55205154418945,111.0,0.0
2209,0.0,1892.0,1.8986380100250244,36.99,9.463723182678224,1894.0,0.0,1367.0,0.0021825721487402,100.0,42.55205154418945,111.0,0.0
2210,0.0,1892.0,1.8986380100250244,36.99,9.463723182678224,1894.0,0.0,1367.0,0.0021825721487402,100.0,42.55205154418945,111.0,0.0
2211,0.0,1892.0,1.8986380100250244,36.99,9.463723182678224,1894.0,0.0,1367.0,0.0021825721487402,100.0,42.55205154418945,111.0,0.0
2212,0.0,1892.0,1.8986380100250244,36.99,9.463723182678224,1894.0,0.0,1367.0,0.0021825721487402,100.0,42.55205154418945,111.0,0.0
2213,0.0,1892.0,0.8783464431762695,36.99,9.355420112609863,1687.0,0.0,1367.0,0.0030771796591579,100.0,5.8734002113342285,111.0,0.0
2214,0.0,1892.0,0.8783464431762695,36.99,9.355420112609863,1687.0,0.0,1367.0,0.0030771796591579,100.0,5.8734002113342285,111.0,0.0
2215,0.0,1892.0,0.8783464431762695,36.99,9.355420112609863,1687.0,0.0,1367.0,0.0030771796591579,100.0,5.8734002113342285,111.0,0.0
2216,0.0,1892.0,0.8783464431762695,36.99,9.355420112609863,1687.0,0.0,1367.0,0.0030771796591579,100.0,5.8734002113342285,111.0,0.0
2217,0.0,1892.0,0.8783464431762695,36.99,9.355420112609863,1687.0,0.0,1367.0,0.0030771796591579,100.0,5.8734002113342285,111.0,0.0
2218,0.0,1892.0,0.8783464431762695,36.99,9.355420112609863,1687.0,0.0,1367.0,0.0030771796591579,100.0,5.8734002113342285,111.0,0.0
2219,0.0,1892.0,1.586749792098999,36.99,9.328899383544922,1412.0,0.0,1367.0,0.0,100.0,5.8734002113342285,0.0,0.0
2220,0.0,1892.0,1.586749792098999,36.99,9.328899383544922,1412.0,0.0,1367.0,0.0,100.0,5.8734002113342285,0.0,0.0
2221,0.0,1892.0,1.586749792098999,36.99,9.328899383544922,1412.0,0.0,1367.0,0.0,100.0,5.8734002113342285,0.0,0.0
2222,0.0,1892.0,1.586749792098999,36.99,9.328899383544922,1412.0,0.0,1367.0,0.0,100.0,5.8734002113342285,0.0,0.0
2223,0.0,1892.0,1.586749792098999,36.99,9.328899383544922,1412.0,0.0,1367.0,0.0,100.0,5.8734002113342285,0.0,0.0
2224,0.0,1892.0,1.7851186990737915,36.99,9.393403053283691,1234.0,0.0,1367.0,0.0,100.0,5.8734002113342285,0.0,0.0
2225,0.0,1892.0,1.7851186990737915,36.99,9.393403053283691,1234.0,0.0,1367.0,0.0,100.0,5.8734002113342285,0.0,0.0
2226,0.0,1892.0,1.7851186990737915,36.99,9.393403053283691,1234.0,0.0,1367.0,0.0,100.0,5.8734002113342285,0.0,0.0
2227,0.0,1892.0,1.7851186990737915,36.99,9.393403053283691,1234.0,0.0,1367.0,0.0,100.0,5.8734002113342285,0.0,0.0
2228,0.0,1892.0,1.7851186990737915,36.99,9.393403053283691,1234.0,0.0,1367.0,0.0,100.0,5.8734002113342285,0.0,0.0
2229,0.0,1892.0,0.517586886882782,36.99,9.322100639343262,1306.0,0.0,1367.0,0.0025026376824826,100.0,5.8734002113342285,111.0,0.0
2230,0.0,1892.0,0.517586886882782,36.99,9.322100639343262,1306.0,0.0,1367.0,0.0025026376824826,100.0,5.8734002113342285,111.0,0.0
2231,0.0,1892.0,0.517586886882782,36.99,9.322100639343262,1306.0,0.0,1367.0,0.0025026376824826,100.0,5.8734002113342285,111.0,0.0
2232,0.0,1892.0,0.517586886882782,36.99,9.322100639343262,1306.0,0.0,1367.0,0.0025026376824826,100.0,5.8734002113342285,111.0,0.0
2233,0.0,1892.0,0.517586886882782,36.99,9.322100639343262,1306.0,0.0,1367.0,0.0025026376824826,100.0,5.8734002113342285,111.0,0.0
2234,0.0,1892.0,1.772302508354187,36.99,9.308232307434082,1263.0,0.0,1367.0,0.0,100.0,42.13565826416016,0.0,0.0
2235,0.0,1892.0,1.772302508354187,36.99,9.308232307434082,1263.0,0.0,1367.0,0.0,100.0,42.13565826416016,0.0,0.0
2236,0.0,1892.0,1.772302508354187,36.99,9.308232307434082,1263.0,0.0,1367.0,0.0,100.0,42.13565826416016,0.0,0.0
2237,0.0,1892.0,1.772302508354187,36.99,9.308232307434082,1263.0,0.0,1367.0,0.0,100.0,42.13565826416016,0.0,0.0
2238,0.0,1892.0,1.772302508354187,36.99,9.308232307434082,1263.0,0.0,1367.0,0.0,100.0,42.13565826416016,0.0,0.0
2239,0.0,1892.0,1.772302508354187,36.99,9.308232307434082,1263.0,0.0,1367.0,0.0,100.0,42.13565826416016,0.0,0.0
2240,0.0,1892.0,0.7999539971351624,36.99,9.363737106323242,1486.0,0.0,1367.0,0.0110118379816412,100.0,42.26697540283203,111.0,0.0
2241,0.0,1892.0,0.7999539971351624,36.99,9.363737106323242,1486.0,0.0,1367.0,0.0110118379816412,100.0,42.26697540283203,111.0,0.0
2242,0.0,1892.0,0.7999539971351624,36.99,9.363737106323242,1486.0,0.0,1367.0,0.0110118379816412,100.0,42.26697540283203,111.0,0.0
2243,0.0,1892.0,0.7999539971351624,36.99,9.363737106323242,1486.0,0.0,1367.0,0.0110118379816412,100.0,42.26697540283203,111.0,0.0
2244,0.0,1892.0,0.7999539971351624,36.99,9.363737106323242,1486.0,0.0,1367.0,0.0110118379816412,100.0,42.26697540283203,111.0,0.0
2245,0.0,1892.0,2.1943259239196777,36.99,9.339744567871094,1643.0,0.0,1367.0,0.0125751197338104,100.0,42.14982604980469,222.0,0.0
2246,0.0,1892.0,2.1943259239196777,36.99,9.339744567871094,1643.0,0.0,1367.0,0.0125751197338104,100.0,42.14982604980469,222.0,0.0
2247,0.0,1892.0,2.1943259239196777,36.99,9.339744567871094,1643.0,0.0,1367.0,0.0125751197338104,100.0,42.14982604980469,222.0,0.0
2248,0.0,1892.0,2.1943259239196777,36.99,9.339744567871094,1643.0,0.0,1367.0,0.0125751197338104,100.0,42.14982604980469,222.0,0.0
2249,0.0,1892.0,2.1943259239196777,36.99,9.339744567871094,1643.0,0.0,1367.0,0.0125751197338104,100.0,42.14982604980469,222.0,0.0
2250,0.0,1892.0,1.4393165111541748,36.99,9.386720657348633,2403.0,0.0,1367.0,0.0,100.0,42.19373321533203,0.0,0.0
2251,0.0,1892.0,1.4393165111541748,36.99,9.386720657348633,2403.0,0.0,1367.0,0.0,100.0,42.19373321533203,0.0,0.0
2252,0.0,1892.0,1.4393165111541748,36.99,9.386720657348633,2403.0,0.0,1367.0,0.0,100.0,42.19373321533203,0.0,0.0
2253,0.0,1892.0,1.4393165111541748,36.99,9.386720657348633,2403.0,0.0,1367.0,0.0,100.0,42.19373321533203,0.0,0.0
2254,0.0,1892.0,1.4393165111541748,36.99,9.386720657348633,2403.0,0.0,1367.0,0.0,100.0,42.19373321533203,0.0,0.0
2255,0.0,1892.0,0.9867904782295228,36.99,9.387505531311035,1920.0,0.0,1367.0,3.6550380173139274e-05,100.0,5.8734002113342285,111.0,0.0
2256,0.0,1892.0,0.9867904782295228,36.99,9.387505531311035,1920.0,0.0,1367.0,3.6550380173139274e-05,100.0,5.8734002113342285,111.0,0.0
2257,0.0,1892.0,0.9867904782295228,36.99,9.387505531311035,1920.0,0.0,1367.0,3.6550380173139274e-05,100.0,5.8734002113342285,111.0,0.0
2258,0.0,1892.0,0.9867904782295228,36.99,9.387505531311035,1920.0,0.0,1367.0,3.6550380173139274e-05,100.0,5.8734002113342285,111.0,0.0
2259,0.0,1892.0,0.9867904782295228,36.99,9.387505531311035,1920.0,0.0,1367.0,3.6550380173139274e-05,100.0,5.8734002113342285,111.0,0.0
2260,0.0,1892.0,0.4936361908912658,36.99,9.326364517211914,1349.0,0.0,1367.0,0.0,100.0,42.05024337768555,0.0,0.0
2261,0.0,1892.0,0.4936361908912658,36.99,9.326364517211914,1349.0,0.0,1367.0,0.0,100.0,42.05024337768555,0.0,0.0
2262,0.0,1892.0,0.4936361908912658,36.99,9.326364517211914,1349.0,0.0,1367.0,0.0,100.0,42.05024337768555,0.0,0.0
2263,0.0,1892.0,0.4936361908912658,36.99,9.326364517211914,1349.0,0.0,1367.0,0.0,100.0,42.05024337768555,0.0,0.0
2264,0.0,1892.0,0.4936361908912658,36.99,9.326364517211914,1349.0,0.0,1367.0,0.0,100.0,42.05024337768555,0.0,0.0
2265,0.0,1892.0,0.4936361908912658,36.99,9.326364517211914,1349.0,0.0,1367.0,0.0,100.0,42.05024337768555,0.0,0.0
2266,0.0,1892.0,0.5358856916427612,36.99,9.30222511291504,1406.0,0.0,1367.0,0.0023405144456773,100.0,5.8734002113342285,111.0,0.0
2267,0.0,1892.0,0.5358856916427612,36.99,9.30222511291504,1406.0,0.0,1367.0,0.0023405144456773,100.0,5.8734002113342285,111.0,0.0
2268,0.0,1892.0,0.5358856916427612,36.99,9.30222511291504,1406.0,0.0,1367.0,0.0023405144456773,100.0,5.8734002113342285,111.0,0.0
2269,0.0,1892.0,0.5358856916427612,36.99,9.30222511291504,1406.0,0.0,1367.0,0.0023405144456773,100.0,5.8734002113342285,111.0,0.0
2270,0.0,1892.0,0.5358856916427612,36.99,9.30222511291504,1406.0,0.0,1367.0,0.0023405144456773,100.0,5.8734002113342285,111.0,0.0
2271,0.0,1892.0,0.5923753976821899,36.99,9.306255340576172,1431.0,0.0,1367.0,0.012298559769988,100.0,42.06467056274414,222.0,0.0
2272,0.0,1892.0,0.5923753976821899,36.99,9.306255340576172,1431.0,0.0,1367.0,0.012298559769988,100.0,42.06467056274414,222.0,0.0
2273,0.0,1892.0,0.5923753976821899,36.99,9.306255340576172,1431.0,0.0,1367.0,0.012298559769988,100.0,42.06467056274414,222.0,0.0
2274,0.0,1892.0,0.5923753976821899,36.99,9.306255340576172,1431.0,0.0,1367.0,0.012298559769988,100.0,42.06467056274414,222.0,0.0
2275,0.0,1892.0,0.5923753976821899,36.99,9.306255340576172,1431.0,0.0,1367.0,0.012298559769988,100.0,42.06467056274414,222.0,0.0
2276,0.0,1892.0,0.5730721950531006,36.99,9.301467895507812,1502.0,0.0,1367.0,0.0009766832226887,100.0,42.03857421875,111.0,0.0
2277,0.0,1892.0,0.5730721950531006,36.99,9.301467895507812,1502.0,0.0,1367.0,0.0009766832226887,100.0,42.03857421875,111.0,0.0
2278,0.0,1892.0,0.5730721950531006,36.99,9.301467895507812,1502.0,0.0,1367.0,0.0009766832226887,100.0,42.03857421875,111.0,0.0
2279,0.0,1892.0,0.5730721950531006,36.99,9.301467895507812,1502.0,0.0,1367.0,0.0009766832226887,100.0,42.03857421875,111.0,0.0
2280,0.0,1892.0,0.5730721950531006,36.99,9.301467895507812,1502.0,0.0,1367.0,0.0009766832226887,100.0,42.03857421875,111.0,0.0
2281,0.0,1892.0,0.4423613250255584,36.99,9.313193321228027,1312.0,0.0,1367.0,0.0109401596710085,100.0,5.8734002113342285,111.0,0.0
2282,0.0,1892.0,0.4423613250255584,36.99,9.313193321228027,1312.0,0.0,1367.0,0.0109401596710085,100.0,5.8734002113342285,111.0,0.0
2283,0.0,1892.0,0.4423613250255584,36.99,9.313193321228027,1312.0,0.0,1367.0,0.0109401596710085,100.0,5.8734002113342285,111.0,0.0
2284,0.0,1892.0,0.4423613250255584,36.99,9.313193321228027,1312.0,0.0,1367.0,0.0109401596710085,100.0,5.8734002113342285,111.0,0.0
2285,0.0,1892.0,0.4423613250255584,36.99,9.313193321228027,1312.0,0.0,1367.0,0.0109401596710085,100.0,5.8734002113342285,111.0,0.0
2286,0.0,1892.0,0.4186829924583435,36.99,9.27584743499756,1300.0,0.0,1367.0,0.0,100.0,5.8734002113342285,0.0,0.0
2287,0.0,1892.0,0.4186829924583435,36.99,9.27584743499756,1300.0,0.0,1367.0,0.0,100.0,5.8734002113342285,0.0,0.0
2288,0.0,1892.0,0.4186829924583435,36.99,9.27584743499756,1300.0,0.0,1367.0,0.0,100.0,5.8734002113342285,0.0,0.0
2289,0.0,1892.0,0.4186829924583435,36.99,9.27584743499756,1300.0,0.0,1367.0,0.0,100.0,5.8734002113342285,0.0,0.0
2290,0.0,1892.0,0.4186829924583435,36.99,9.27584743499756,1300.0,0.0,1367.0,0.0,100.0,5.8734002113342285,0.0,0.0
2291,0.0,1892.0,0.4186829924583435,36.99,9.27584743499756,1300.0,0.0,1367.0,0.0,100.0,5.8734002113342285,0.0,0.0
2292,0.0,1892.0,0.5320631861686707,36.99,9.284167289733888,1468.0,0.0,1367.0,0.0,100.0,5.8734002113342285,0.0,0.0
2293,0.0,1892.0,0.5320631861686707,36.99,9.284167289733888,1468.0,0.0,1367.0,0.0,100.0,5.8734002113342285,0.0,0.0
2294,0.0,1892.0,0.5320631861686707,36.99,9.284167289733888,1468.0,0.0,1367.0,0.0,100.0,5.8734002113342285,0.0,0.0
2295,0.0,1892.0,0.5320631861686707,36.99,9.284167289733888,1468.0,0.0,1367.0,0.0,100.0,5.8734002113342285,0.0,0.0
2296,0.0,1892.0,0.5320631861686707,36.99,9.284167289733888,1468.0,0.0,1367.0,0.0,100.0,5.8734002113342285,0.0,0.0
2297,0.0,1892.0,0.4884432554244995,36.99,9.27827262878418,1361.0,0.0,1367.0,0.0,100.0,5.8734002113342285,0.0,0.0
2298,0.0,1892.0,0.4884432554244995,36.99,9.27827262878418,1361.0,0.0,1367.0,0.0,100.0,5.8734002113342285,0.0,0.0
2299,0.0,1892.0,0.4884432554244995,36.99,9.27827262878418,1361.0,0.0,1367.0,0.0,100.0,5.8734002113342285,0.0,0.0
2300,0.0,1892.0,0.4884432554244995,36.99,9.27827262878418,1361.0,0.0,1367.0,0.0,100.0,5.8734002113342285,0.0,0.0
2301,0.0,1892.0,0.4884432554244995,36.99,9.27827262878418,1361.0,0.0,1367.0,0.0,100.0,5.8734002113342285,0.0,0.0
2302,0.0,1892.0,0.6080779433250427,36.99,9.304896354675291,1522.0,0.0,1367.0,0.0004076450422871,100.0,41.91170120239258,111.0,0.0
2303,0.0,1892.0,0.6080779433250427,36.99,9.304896354675291,1522.0,0.0,1367.0,0.0004076450422871,100.0,41.91170120239258,111.0,0.0
2304,0.0,1892.0,0.6080779433250427,36.99,9.304896354675291,1522.0,0.0,1367.0,0.0004076450422871,100.0,41.91170120239258,111.0,0.0
2305,0.0,1892.0,0.6080779433250427,36.99,9.304896354675291,1522.0,0.0,1367.0,0.0004076450422871,100.0,41.91170120239258,111.0,0.0
2306,0.0,1892.0,0.6080779433250427,36.99,9.304896354675291,1522.0,0.0,1367.0,0.0004076450422871,100.0,41.91170120239258,111.0,0.0
2307,0.0,1892.0,0.5641244053840637,36.99,9.294718742370604,1513.0,0.0,1367.0,0.0,100.0,5.8734002113342285,0.0,0.0
2308,0.0,1892.0,0.5641244053840637,36.99,9.294718742370604,1513.0,0.0,1367.0,0.0,100.0,5.8734002113342285,0.0,0.0
2309,0.0,1892.0,0.5641244053840637,36.99,9.294718742370604,1513.0,0.0,1367.0,0.0,100.0,5.8734002113342285,0.0,0.0
2310,0.0,1892.0,0.5641244053840637,36.99,9.294718742370604,1513.0,0.0,1367.0,0.0,100.0,5.8734002113342285,0.0,0.0
2311,0.0,1892.0,0.5641244053840637,36.99,9.294718742370604,1513.0,0.0,1367.0,0.0,100.0,5.8734002113342285,0.0,0.0
2312,0.0,1892.0,0.6427320837974548,36.99,9.285341262817385,1449.0,0.0,1367.0,0.0,100.0,5.8734002113342285,0.0,0.0
2313,0.0,1892.0,0.6427320837974548,36.99,9.285341262817385,1449.0,0.0,1367.0,0.0,100.0,5.8734002113342285,0.0,0.0
2314,0.0,1892.0,0.6427320837974548,36.99,9.285341262817385,1449.0,0.0,1367.0,0.0,100.0,5.8734002113342285,0.0,0.0
2315,0.0,1892.0,0.6427320837974548,36.99,9.285341262817385,1449.0,0.0,1367.0,0.0,100.0,5.8734002113342285,0.0,0.0
2316,0.0,1892.0,0.6427320837974548,36.99,9.285341262817385,1449.0,0.0,1367.0,0.0,100.0,5.8734002113342285,0.0,0.0
2317,0.0,1892.0,0.4711599349975586,36.99,9.295676231384276,1349.0,0.0,1367.0,0.0,100.0,5.8734002113342285,0.0,0.0
2318,0.0,1892.0,0.4711599349975586,36.99,9.295676231384276,1349.0,0.0,1367.0,0.0,100.0,5.8734002113342285,0.0,0.0
2319,0.0,1892.0,0.4711599349975586,36.99,9.295676231384276,1349.0,0.0,1367.0,0.0,100.0,5.8734002113342285,0.0,0.0
2320,0.0,1892.0,0.4711599349975586,36.99,9.295676231384276,1349.0,0.0,1367.0,0.0,100.0,5.8734002113342285,0.0,0.0
2321,0.0,1892.0,0.4711599349975586,36.99,9.295676231384276,1349.0,0.0,1367.0,0.0,100.0,5.8734002113342285,0.0,0.0
2322,0.0,1892.0,0.4711599349975586,36.99,9.295676231384276,1349.0,0.0,1367.0,0.0,100.0,5.8734002113342285,0.0,0.0
2323,0.0,1892.0,0.553716242313385,36.99,9.278959274291992,1490.0,0.0,1367.0,0.0,100.0,5.8734002113342285,0.0,0.0
2324,0.0,1892.0,0.553716242313385,36.99,9.278959274291992,1490.0,0.0,1367.0,0.0,100.0,5.8734002113342285,0.0,0.0
2325,0.0,1892.0,0.553716242313385,36.99,9.278959274291992,1490.0,0.0,1367.0,0.0,100.0,5.8734002113342285,0.0,0.0
2326,0.0,1892.0,0.553716242313385,36.99,9.278959274291992,1490.0,0.0,1367.0,0.0,100.0,5.8734002113342285,0.0,0.0
2327,0.0,1892.0,0.553716242313385,36.99,9.278959274291992,1490.0,0.0,1367.0,0.0,100.0,5.8734002113342285,0.0,0.0
2328,0.0009541984763927,1892.0,0.9081490635871888,36.99,9.268742561340332,1975.0,0.0,1367.0,0.0007944160606712,100.0,41.673683166503906,111.0,0.0
2329,0.0009541984763927,1892.0,0.9081490635871888,36.99,9.268742561340332,1975.0,0.0,1367.0,0.0007944160606712,100.0,41.673683166503906,111.0,0.0
2330,0.0009541984763927,1892.0,0.9081490635871888,36.99,9.268742561340332,1975.0,0.0,1367.0,0.0007944160606712,100.0,41.673683166503906,111.0,0.0
2331,0.0009541984763927,1892.0,0.9081490635871888,36.99,9.268742561340332,1975.0,0.0,1367.0,0.0007944160606712,100.0,41.673683166503906,111.0,0.0
2332,0.0009541984763927,1892.0,0.9081490635871888,36.99,9.268742561340332,1975.0,0.0,1367.0,0.0007944160606712,100.0,41.673683166503906,111.0,0.0
2333,0.0,1892.0,0.5743222236633301,36.99,9.317174911499023,1509.0,0.0,1367.0,0.0,100.0,5.8734002113342285,0.0,0.0
2334,0.0,1892.0,0.5743222236633301,36.99,9.317174911499023,1509.0,0.0,1367.0,0.0,100.0,5.8734002113342285,0.0,0.0
2335,0.0,1892.0,0.5743222236633301,36.99,9.317174911499023,1509.0,0.0,1367.0,0.0,100.0,5.8734002113342285,0.0,0.0
2336,0.0,1892.0,0.5743222236633301,36.99,9.317174911499023,1509.0,0.0,1367.0,0.0,100.0,5.8734002113342285,0.0,0.0
2337,0.0,1892.0,0.5743222236633301,36.99,9.317174911499023,1509.0,0.0,1367.0,0.0,100.0,5.8734002113342285,0.0,0.0
2338,0.0,1892.0,0.4209097623825073,36.99,9.265971183776855,1377.0,0.0,1367.0,0.0,100.0,5.8734002113342285,0.0,0.0
2339,0.0,1892.0,0.4209097623825073,36.99,9.265971183776855,1377.0,0.0,1367.0,0.0,100.0,5.8734002113342285,0.0,0.0
2340,0.0,1892.0,0.4209097623825073,36.99,9.265971183776855,1377.0,0.0,1367.0,0.0,100.0,5.8734002113342285,0.0,0.0
2341,0.0,1892.0,0.4209097623825073,36.99,9.265971183776855,1377.0,0.0,1367.0,0.0,100.0,5.8734002113342285,0.0,0.0
2342,0.0,1892.0,0.4209097623825073,36.99,9.265971183776855,1377.0,0.0,1367.0,0.0,100.0,5.8734002113342285,0.0,0.0
2343,0.0,1892.0,0.4113655090332031,36.99,9.272297859191896,1378.0,0.0,1367.0,0.0,100.0,5.8734002113342285,0.0,0.0
2344,0.0,1892.0,0.4113655090332031,36.99,9.272297859191896,1378.0,0.0,1367.0,0.0,100.0,5.8734002113342285,0.0,0.0
2345,0.0,1892.0,0.4113655090332031,36.99,9.272297859191896,1378.0,0.0,1367.0,0.0,100.0,5.8734002113342285,0.0,0.0
2346,0.0,1892.0,0.4113655090332031,36.99,9.272297859191896,1378.0,0.0,1367.0,0.0,100.0,5.8734002113342285,0.0,0.0
2347,0.0,1892.0,0.4113655090332031,36.99,9.272297859191896,1378.0,0.0,1367.0,0.0,100.0,5.8734002113342285,0.0,0.0
2348,0.0,1892.0,0.4113655090332031,36.99,9.272297859191896,1378.0,0.0,1367.0,0.0,100.0,5.8734002113342285,0.0,0.0
2349,0.0,1892.0,0.5563019514083862,36.99,9.251545906066896,1451.0,0.0,1367.0,0.0,100.0,5.8734002113342285,0.0,0.0
2350,0.0,1892.0,0.5563019514083862,36.99,9.251545906066896,1451.0,0.0,1367.0,0.0,100.0,5.8734002113342285,0.0,0.0
2351,0.0,1892.0,0.5563019514083862,36.99,9.251545906066896,1451.0,0.0,1367.0,0.0,100.0,5.8734002113342285,0.0,0.0
2352,0.0,1892.0,0.5563019514083862,36.99,9.251545906066896,1451.0,0.0,1367.0,0.0,100.0,5.8734002113342285,0.0,0.0
2353,0.0,1892.0,0.5563019514083862,36.99,9.251545906066896,1451.0,0.0,1367.0,0.0,100.0,5.8734002113342285,0.0,0.0
2354,0.0,1892.0,0.3669796586036682,36.99,9.263330459594728,1292.0,0.0,1367.0,6.405746535165235e-05,100.0,5.8734002113342285,111.0,0.0
2355,0.0,1892.0,0.3669796586036682,36.99,9.263330459594728,1292.0,0.0,1367.0,6.405746535165235e-05,100.0,5.8734002113342285,111.0,0.0
2356,0.0,1892.0,0.3669796586036682,36.99,9.263330459594728,1292.0,0.0,1367.0,6.405746535165235e-05,100.0,5.8734002113342285,111.0,0.0
2357,0.0,1892.0,0.3669796586036682,36.99,9.263330459594728,1292.0,0.0,1367.0,6.405746535165235e-05,100.0,5.8734002113342285,111.0,0.0
2358,0.0,1892.0,0.3669796586036682,36.99,9.263330459594728,1292.0,0.0,1367.0,6.405746535165235e-05,100.0,5.8734002113342285,111.0,0.0
2359,0.0,1892.0,0.4330109357833862,36.99,9.24827003479004,1443.0,0.0,1367.0,0.0,100.0,5.8734002113342285,0.0,0.0
2360,0.0,1892.0,0.4330109357833862,36.99,9.24827003479004,1443.0,0.0,1367.0,0.0,100.0,5.8734002113342285,0.0,0.0
2361,0.0,1892.0,0.4330109357833862,36.99,9.24827003479004,1443.0,0.0,1367.0,0.0,100.0,5.8734002113342285,0.0,0.0
2362,0.0,1892.0,0.4330109357833862,36.99,9.24827003479004,1443.0,0.0,1367.0,0.0,100.0,5.8734002113342285,0.0,0.0
2363,0.0,1892.0,0.4330109357833862,36.99,9.24827003479004,1443.0,0.0,1367.0,0.0,100.0,5.8734002113342285,0.0,0.0
2364,0.0,1892.0,0.5267891883850098,36.99,9.261504173278809,1452.0,0.0,1367.0,0.0,100.0,5.8734002113342285,0.0,0.0
2365,0.0,1892.0,0.5267891883850098,36.99,9.261504173278809,1452.0,0.0,1367.0,0.0,100.0,5.8734002113342285,0.0,0.0
2366,0.0,1892.0,0.5267891883850098,36.99,9.261504173278809,1452.0,0.0,1367.0,0.0,100.0,5.8734002113342285,0.0,0.0
2367,0.0,1892.0,0.5267891883850098,36.99,9.261504173278809,1452.0,0.0,1367.0,0.0,100.0,5.8734002113342285,0.0,0.0
2368,0.0,1892.0,0.5267891883850098,36.99,9.261504173278809,1452.0,0.0,1367.0,0.0,100.0,5.8734002113342285,0.0,0.0
2369,0.0,1892.0,0.5267891883850098,36.99,9.261504173278809,1452.0,0.0,1367.0,0.0,100.0,5.8734002113342285,0.0,0.0
2370,0.0,1892.0,0.6641270518302917,36.99,9.269660949707031,1540.0,0.0,1367.0,0.0,100.0,5.8734002113342285,0.0,0.0
2371,0.0,1892.0,0.6641270518302917,36.99,9.269660949707031,1540.0,0.0,1367.0,0.0,100.0,5.8734002113342285,0.0,0.0
2372,0.0,1892.0,0.6641270518302917,36.99,9.269660949707031,1540.0,0.0,1367.0,0.0,100.0,5.8734002113342285,0.0,0.0
2373,0.0,1892.0,0.6641270518302917,36.99,9.269660949707031,1540.0,0.0,1367.0,0.0,100.0,5.8734002113342285,0.0,0.0
2374,0.0,1892.0,0.6641270518302917,36.99,9.269660949707031,1540.0,0.0,1367.0,0.0,100.0,5.8734002113342285,0.0,0.0
2375,0.0,1892.0,0.685714602470398,36.99,9.278587341308594,1687.0,0.0,1367.0,0.0,100.0,5.8734002113342285,0.0,0.0
2376,0.0,1892.0,0.685714602470398,36.99,9.278587341308594,1687.0,0.0,1367.0,0.0,100.0,5.8734002113342285,0.0,0.0
2377,0.0,1892.0,0.685714602470398,36.99,9.278587341308594,1687.0,0.0,1367.0,0.0,100.0,5.8734002113342285,0.0,0.0
2378,0.0,1892.0,0.685714602470398,36.99,9.278587341308594,1687.0,0.0,1367.0,0.0,100.0,5.8734002113342285,0.0,0.0
2379,0.0,1892.0,0.685714602470398,36.99,9.278587341308594,1687.0,0.0,1367.0,0.0,100.0,5.8734002113342285,0.0,0.0
2380,0.0,1892.0,0.4166128933429718,36.99,9.256181716918944,1198.0,0.0,1367.0,0.0002779564238153,100.0,41.45076370239258,111.0,0.0
2381,0.0,1892.0,0.4166128933429718,36.99,9.256181716918944,1198.0,0.0,1367.0,0.0002779564238153,100.0,41.45076370239258,111.0,0.0
2382,0.0,1892.0,0.4166128933429718,36.99,9.256181716918944,1198.0,0.0,1367.0,0.0002779564238153,100.0,41.45076370239258,111.0,0.0
2383,0.0,1892.0,0.4166128933429718,36.99,9.256181716918944,1198.0,0.0,1367.0,0.0002779564238153,100.0,41.45076370239258,111.0,0.0
2384,0.0,1892.0,0.4166128933429718,36.99,9.256181716918944,1198.0,0.0,1367.0,0.0002779564238153,100.0,41.45076370239258,111.0,0.0
2385,0.0,1892.0,0.5086544752120972,36.99,9.251996994018556,1385.0,0.0,1367.0,0.0,100.0,5.8734002113342285,0.0,0.0
2386,0.0,1892.0,0.5086544752120972,36.99,9.251996994018556,1385.0,0.0,1367.0,0.0,100.0,5.8734002113342285,0.0,0.0
2387,0.0,1892.0,0.5086544752120972,36.99,9.251996994018556,1385.0,0.0,1367.0,0.0,100.0,5.8734002113342285,0.0,0.0
2388,0.0,1892.0,0.5086544752120972,36.99,9.251996994018556,1385.0,0.0,1367.0,0.0,100.0,5.8734002113342285,0.0,0.0
2389,0.0,1892.0,0.5086544752120972,36.99,9.251996994018556,1385.0,0.0,1367.0,0.0,100.0,5.8734002113342285,0.0,0.0
2390,0.0,1892.0,0.4199296236038208,36.99,9.247407913208008,1277.0,0.0,1367.0,0.0,100.0,5.8734002113342285,0.0,0.0
2391,0.0,1892.0,0.4199296236038208,36.99,9.247407913208008,1277.0,0.0,1367.0,0.0,100.0,5.8734002113342285,0.0,0.0
2392,0.0,1892.0,0.4199296236038208,36.99,9.247407913208008,1277.0,0.0,1367.0,0.0,100.0,5.8734002113342285,0.0,0.0
2393,0.0,1892.0,0.4199296236038208,36.99,9.247407913208008,1277.0,0.0,1367.0,0.0,100.0,5.8734002113342285,0.0,0.0
2394,0.0,1892.0,0.4199296236038208,36.99,9.247407913208008,1277.0,0.0,1367.0,0.0,100.0,5.8734002113342285,0.0,0.0
2395,0.0,1892.0,0.4199296236038208,36.99,9.247407913208008,1277.0,0.0,1367.0,0.0,100.0,5.8734002113342285,0.0,0.0
2396,0.0,1892.0,0.344082623720169,36.99,9.24175262451172,1210.0,0.0,1367.0,0.0,100.0,5.8734002113342285,0.0,0.0
2397,0.0,1892.0,0.344082623720169,36.99,9.24175262451172,1210.0,0.0,1367.0,0.0,100.0,5.8734002113342285,0.0,0.0
2398,0.0,1892.0,0.344082623720169,36.99,9.24175262451172,1210.0,0.0,1367.0,0.0,100.0,5.8734002113342285,0.0,0.0
2399,0.0,1892.0,0.344082623720169,36.99,9.24175262451172,1210.0,0.0,1367.0,0.0,100.0,5.8734002113342285,0.0,0.0
2400,0.0,1892.0,0.344082623720169,36.99,9.24175262451172,1210.0,0.0,1367.0,0.0,100.0,5.8734002113342285,0.0,0.0
2401,0.0,1892.0,0.3593802154064178,36.99,9.23806095123291,1236.0,0.0,1367.0,0.0003051919920835,100.0,5.8734002113342285,111.0,0.0
2402,0.0,1892.0,0.3593802154064178,36.99,9.23806095123291,1236.0,0.0,1367.0,0.0003051919920835,100.0,5.8734002113342285,111.0,0.0
2403,0.0,1892.0,0.3593802154064178,36.99,9.23806095123291,1236.0,0.0,1367.0,0.0003051919920835,100.0,5.8734002113342285,111.0,0.0
2404,0.0,1892.0,0.3593802154064178,36.99,9.23806095123291,1236.0,0.0,1367.0,0.0003051919920835,100.0,5.8734002113342285,111.0,0.0
2405,0.0,1892.0,0.3593802154064178,36.99,9.23806095123291,1236.0,0.0,1367.0,0.0003051919920835,100.0,5.8734002113342285,111.0,0.0
2406,0.0,1892.0,0.5653063654899597,36.99,9.230344772338867,1544.0,0.0,1367.0,0.0,100.0,41.38669967651367,0.0,0.0
2407,0.0,1892.0,0.5653063654899597,36.99,9.230344772338867,1544.0,0.0,1367.0,0.0,100.0,41.38669967651367,0.0,0.0
2408,0.0,1892.0,0.5653063654899597,36.99,9.230344772338867,1544.0,0.0,1367.0,0.0,100.0,41.38669967651367,0.0,0.0
2409,0.0,1892.0,0.5653063654899597,36.99,9.230344772338867,1544.0,0.0,1367.0,0.0,100.0,41.38669967651367,0.0,0.0
2410,0.0,1892.0,0.5653063654899597,36.99,9.230344772338867,1544.0,0.0,1367.0,0.0,100.0,41.38669967651367,0.0,0.0
2411,0.0,1892.0,1.0425448417663574,36.99,9.2642183303833,2411.0,0.0,1367.0,0.0,100.0,5.8734002113342285,0.0,0.0
2412,0.0,1892.0,1.0425448417663574,36.99,9.2642183303833,2411.0,0.0,1367.0,0.0,100.0,5.8734002113342285,0.0,0.0
2413,0.0,1892.0,1.0425448417663574,36.99,9.2642183303833,2411.0,0.0,1367.0,0.0,100.0,5.8734002113342285,0.0,0.0
2414,0.0,1892.0,1.0425448417663574,36.99,9.2642183303833,2411.0,0.0,1367.0,0.0,100.0,5.8734002113342285,0.0,0.0
2415,0.0,1892.0,1.0425448417663574,36.99,9.2642183303833,2411.0,0.0,1367.0,0.0,100.0,5.8734002113342285,0.0,0.0
2416,0.0,1892.0,1.066358208656311,36.99,9.297607421875,2399.0,0.0,1367.0,0.0002994501846842,100.0,5.8734002113342285,111.0,0.0
2417,0.0,1892.0,1.066358208656311,36.99,9.297607421875,2399.0,0.0,1367.0,0.0002994501846842,100.0,5.8734002113342285,111.0,0.0
2418,0.0,1892.0,1.066358208656311,36.99,9.297607421875,2399.0,0.0,1367.0,0.0002994501846842,100.0,5.8734002113342285,111.0,0.0
2419,0.0,1892.0,1.066358208656311,36.99,9.297607421875,2399.0,0.0,1367.0,0.0002994501846842,100.0,5.8734002113342285,111.0,0.0
2420,0.0,1892.0,1.066358208656311,36.99,9.297607421875,2399.0,0.0,1367.0,0.0002994501846842,100.0,5.8734002113342285,111.0,0.0
2421,0.0,1892.0,1.066358208656311,36.99,9.297607421875,2399.0,0.0,1367.0,0.0002994501846842,100.0,5.8734002113342285,111.0,0.0
2422,0.0,1892.0,0.4986622631549835,36.99,9.289102554321287,1565.0,0.0,1367.0,0.0004501854127738,100.0,41.40544891357422,111.0,0.0
2423,0.0,1892.0,0.4986622631549835,36.99,9.289102554321287,1565.0,0.0,1367.0,0.0004501854127738,100.0,41.40544891357422,111.0,0.0
2424,0.0,1892.0,0.4986622631549835,36.99,9.289102554321287,1565.0,0.0,1367.0,0.0004501854127738,100.0,41.40544891357422,111.0,0.0
2425,0.0,1892.0,0.4986622631549835,36.99,9.289102554321287,1565.0,0.0,1367.0,0.0004501854127738,100.0,41.40544891357422,111.0,0.0
2426,0.0,1892.0,0.4986622631549835,36.99,9.289102554321287,1565.0,0.0,1367.0,0.0004501854127738,100.0,41.40544891357422,111.0,0.0
2427,0.0,1892.0,0.8402961492538452,36.99,9.27369213104248,2034.0,0.0,1367.0,0.0,100.0,5.8734002113342285,0.0,0.0
2428,0.0,1892.0,0.8402961492538452,36.99,9.27369213104248,2034.0,0.0,1367.0,0.0,100.0,5.8734002113342285,0.0,0.0
2429,0.0,1892.0,0.8402961492538452,36.99,9.27369213104248,2034.0,0.0,1367.0,0.0,100.0,5.8734002113342285,0.0,0.0
2430,0.0,1892.0,0.8402961492538452,36.99,9.27369213104248,2034.0,0.0,1367.0,0.0,100.0,5.8734002113342285,0.0,0.0
2431,0.0,1892.0,0.8402961492538452,36.99,9.27369213104248,2034.0,0.0,1367.0,0.0,100.0,5.8734002113342285,0.0,0.0
2432,0.0,1892.0,3.867804527282715,36.99,9.343974113464355,2414.0,0.0,1367.0,0.0001604049321031,100.0,42.16170120239258,111.0,0.0
2433,0.0,1892.0,3.867804527282715,36.99,9.343974113464355,2414.0,0.0,1367.0,0.0001604049321031,100.0,42.16170120239258,111.0,0.0
2434,0.0,1892.0,3.867804527282715,36.99,9.343974113464355,2414.0,0.0,1367.0,0.0001604049321031,100.0,42.16170120239258,111.0,0.0
2435,0.0,1892.0,3.867804527282715,36.99,9.343974113464355,2414.0,0.0,1367.0,0.0001604049321031,100.0,42.16170120239258,111.0,0.0
2436,0.0,1892.0,3.867804527282715,36.99,9.343974113464355,2414.0,0.0,1367.0,0.0001604049321031,100.0,42.16170120239258,111.0,0.0
2437,0.0,1892.0,1.284456491470337,36.99,9.333127975463867,2258.0,0.0,1367.0,0.0001547210413264,100.0,5.8734002113342285,111.0,0.0
2438,0.0,1892.0,1.284456491470337,36.99,9.333127975463867,2258.0,0.0,1367.0,0.0001547210413264,100.0,5.8734002113342285,111.0,0.0
2439,0.0,1892.0,1.284456491470337,36.99,9.333127975463867,2258.0,0.0,1367.0,0.0001547210413264,100.0,5.8734002113342285,111.0,0.0
2440,0.0,1892.0,1.284456491470337,36.99,9.333127975463867,2258.0,0.0,1367.0,0.0001547210413264,100.0,5.8734002113342285,111.0,0.0
2441,0.0,1892.0,1.284456491470337,36.99,9.333127975463867,2258.0,0.0,1367.0,0.0001547210413264,100.0,5.8734002113342285,111.0,0.0
2442,0.0,1892.0,1.1307196617126465,36.99,9.29518222808838,2287.0,0.0,1367.0,0.0,100.0,41.53357696533203,0.0,0.0
2443,0.0,1892.0,1.1307196617126465,36.99,9.29518222808838,2287.0,0.0,1367.0,0.0,100.0,41.53357696533203,0.0,0.0
2444,0.0,1892.0,1.1307196617126465,36.99,9.29518222808838,2287.0,0.0,1367.0,0.0,100.0,41.53357696533203,0.0,0.0
2445,0.0,1892.0,1.1307196617126465,36.99,9.29518222808838,2287.0,0.0,1367.0,0.0,100.0,41.53357696533203,0.0,0.0
2446,0.0,1892.0,1.1307196617126465,36.99,9.29518222808838,2287.0,0.0,1367.0,0.0,100.0,41.53357696533203,0.0,0.0
2447,0.0,1892.0,1.1307196617126465,36.99,9.29518222808838,2287.0,0.0,1367.0,0.0,100.0,41.53357696533203,0.0,0.0
2448,0.0,1892.0,1.919372081756592,36.99,9.319801330566406,2412.0,0.0,1367.0,0.074724830687046,100.0,41.72153091430664,517.0,0.0
2449,0.0,1892.0,1.919372081756592,36.99,9.319801330566406,2412.0,0.0,1367.0,0.074724830687046,100.0,41.72153091430664,517.0,0.0
2450,0.0,1892.0,1.919372081756592,36.99,9.319801330566406,2412.0,0.0,1367.0,0.074724830687046,100.0,41.72153091430664,517.0,0.0
2451,0.0,1892.0,1.919372081756592,36.99,9.319801330566406,2412.0,0.0,1367.0,0.074724830687046,100.0,41.72153091430664,517.0,0.0
2452,0.0,1892.0,1.919372081756592,36.99,9.319801330566406,2412.0,0.0,1367.0,0.074724830687046,100.0,41.72153091430664,517.0,0.0
2453,0.0,1892.0,11.019460678100586,36.99,9.374588012695312,2422.0,0.0,1367.0,0.0511641353368759,100.0,42.16666793823242,533.0,0.0
2454,0.0,1892.0,11.019460678100586,36.99,9.374588012695312,2422.0,0.0,1367.0,0.0511641353368759,100.0,42.16666793823242,533.0,0.0
2455,0.0,1892.0,11.019460678100586,36.99,9.374588012695312,2422.0,0.0,1367.0,0.0511641353368759,100.0,42.16666793823242,533.0,0.0
2456,0.0,1892.0,11.019460678100586,36.99,9.374588012695312,2422.0,0.0,1367.0,0.0511641353368759,100.0,42.16666793823242,533.0,0.0
2457,0.0,1892.0,11.019460678100586,36.99,9.374588012695312,2422.0,0.0,1367.0,0.0511641353368759,100.0,42.16666793823242,533.0,0.0
2458,0.0,1892.0,11.91694450378418,36.99,55.12390899658203,2422.0,0.0,1367.0,0.0361160524189472,100.0,43.36273956298828,391.0,0.0
2459,0.0,1892.0,11.91694450378418,36.99,55.12390899658203,2422.0,0.0,1367.0,0.0361160524189472,100.0,43.36273956298828,391.0,0.0
2460,0.0,1892.0,11.91694450378418,36.99,55.12390899658203,2422.0,0.0,1367.0,0.0361160524189472,100.0,43.36273956298828,391.0,0.0
2461,0.0,1892.0,11.91694450378418,36.99,55.12390899658203,2422.0,0.0,1367.0,0.0361160524189472,100.0,43.36273956298828,391.0,0.0
2462,0.0,1892.0,11.91694450378418,36.99,55.12390899658203,2422.0,0.0,1367.0,0.0361160524189472,100.0,43.36273956298828,391.0,0.0
2463,0.0,1892.0,12.591646194458008,36.99,51.725196838378906,2422.0,0.0,1367.0,0.0292306672781705,100.0,43.753047943115234,511.0,0.0
2464,0.0,1892.0,12.591646194458008,36.99,51.725196838378906,2422.0,0.0,1367.0,0.0292306672781705,100.0,43.753047943115234,511.0,0.0
2465,0.0,1892.0,12.591646194458008,36.99,51.725196838378906,2422.0,0.0,1367.0,0.0292306672781705,100.0,43.753047943115234,511.0,0.0
2466,0.0,1892.0,12.591646194458008,36.99,51.725196838378906,2422.0,0.0,1367.0,0.0292306672781705,100.0,43.753047943115234,511.0,0.0
2467,0.0,1892.0,12.591646194458008,36.99,51.725196838378906,2422.0,0.0,1367.0,0.0292306672781705,100.0,43.753047943115234,511.0,0.0
2468,0.0,1892.0,8.45736026763916,36.99,54.95756149291992,2264.0,0.0,1367.0,0.0352044403553009,100.0,44.619606018066406,382.0,0.0
2469,0.0,1892.0,8.45736026763916,36.99,54.95756149291992,2264.0,0.0,1367.0,0.0352044403553009,100.0,44.619606018066406,382.0,0.0
2470,0.0,1892.0,8.45736026763916,36.99,54.95756149291992,2264.0,0.0,1367.0,0.0352044403553009,100.0,44.619606018066406,382.0,0.0
2471,0.0,1892.0,8.45736026763916,36.99,54.95756149291992,2264.0,0.0,1367.0,0.0352044403553009,100.0,44.619606018066406,382.0,0.0
2472,0.0,1892.0,8.45736026763916,36.99,54.95756149291992,2264.0,0.0,1367.0,0.0352044403553009,100.0,44.619606018066406,382.0,0.0
2473,0.0,1892.0,1.506785869598389,36.99,33.8142204284668,1730.0,0.0,1367.0,0.1009767651557922,100.0,43.783145904541016,444.0,0.0
2474,0.0,1892.0,1.506785869598389,36.99,33.8142204284668,1730.0,0.0,1367.0,0.1009767651557922,100.0,43.783145904541016,444.0,0.0
2475,0.0,1892.0,1.506785869598389,36.99,33.8142204284668,1730.0,0.0,1367.0,0.1009767651557922,100.0,43.783145904541016,444.0,0.0
2476,0.0,1892.0,1.506785869598389,36.99,33.8142204284668,1730.0,0.0,1367.0,0.1009767651557922,100.0,43.783145904541016,444.0,0.0
2477,0.0,1892.0,1.506785869598389,36.99,33.8142204284668,1730.0,0.0,1367.0,0.1009767651557922,100.0,43.783145904541016,444.0,0.0
2478,0.0,1892.0,1.506785869598389,36.99,33.8142204284668,1730.0,0.0,1367.0,0.1009767651557922,100.0,43.783145904541016,444.0,0.0
2479,0.0,1892.0,1.142212986946106,36.99,9.450563430786133,1814.0,0.0,1367.0,0.1389564126729965,100.0,43.3986930847168,543.0,0.0
2480,0.0,1892.0,1.142212986946106,36.99,9.450563430786133,1814.0,0.0,1367.0,0.1389564126729965,100.0,43.3986930847168,543.0,0.0
2481,0.0,1892.0,1.142212986946106,36.99,9.450563430786133,1814.0,0.0,1367.0,0.1389564126729965,100.0,43.3986930847168,543.0,0.0
2482,0.0,1892.0,1.142212986946106,36.99,9.450563430786133,1814.0,0.0,1367.0,0.1389564126729965,100.0,43.3986930847168,543.0,0.0
2483,0.0,1892.0,1.142212986946106,36.99,9.450563430786133,1814.0,0.0,1367.0,0.1389564126729965,100.0,43.3986930847168,543.0,0.0
2484,0.0,1892.0,4.427400588989258,36.99,9.426779747009276,2150.0,0.0,1367.0,0.3805851340293884,100.0,43.328861236572266,501.0,0.0
2485,0.0,1892.0,4.427400588989258,36.99,9.426779747009276,2150.0,0.0,1367.0,0.3805851340293884,100.0,43.328861236572266,501.0,0.0
2486,0.0,1892.0,4.427400588989258,36.99,9.426779747009276,2150.0,0.0,1367.0,0.3805851340293884,100.0,43.328861236572266,501.0,0.0
2487,0.0,1892.0,4.427400588989258,36.99,9.426779747009276,2150.0,0.0,1367.0,0.3805851340293884,100.0,43.328861236572266,501.0,0.0
2488,0.0,1892.0,4.427400588989258,36.99,9.426779747009276,2150.0,0.0,1367.0,0.3805851340293884,100.0,43.328861236572266,501.0,0.0
2489,0.0,1892.0,2.426884651184082,36.99,33.295143127441406,1916.0,0.0,1367.0,0.0620254948735237,100.0,43.82963562011719,394.0,0.0
2490,0.0,1892.0,2.426884651184082,36.99,33.295143127441406,1916.0,0.0,1367.0,0.0620254948735237,100.0,43.82963562011719,394.0,0.0
2491,0.0,1892.0,2.426884651184082,36.99,33.295143127441406,1916.0,0.0,1367.0,0.0620254948735237,100.0,43.82963562011719,394.0,0.0
2492,0.0,1892.0,2.426884651184082,36.99,33.295143127441406,1916.0,0.0,1367.0,0.0620254948735237,100.0,43.82963562011719,394.0,0.0
2493,0.0,1892.0,2.426884651184082,36.99,33.295143127441406,1916.0,0.0,1367.0,0.0620254948735237,100.0,43.82963562011719,394.0,0.0
2494,0.0,1892.0,1.270658254623413,36.99,9.449705123901367,2016.0,0.0,1367.0,0.0584004074335098,100.0,43.4423942565918,525.0,0.0
2495,0.0,1892.0,1.270658254623413,36.99,9.449705123901367,2016.0,0.0,1367.0,0.0584004074335098,100.0,43.4423942565918,525.0,0.0
2496,0.0,1892.0,1.270658254623413,36.99,9.449705123901367,2016.0,0.0,1367.0,0.0584004074335098,100.0,43.4423942565918,525.0,0.0
2497,0.0,1892.0,1.270658254623413,36.99,9.449705123901367,2016.0,0.0,1367.0,0.0584004074335098,100.0,43.4423942565918,525.0,0.0
2498,0.0,1892.0,1.270658254623413,36.99,9.449705123901367,2016.0,0.0,1367.0,0.0584004074335098,100.0,43.4423942565918,525.0,0.0
2499,0.0,1892.0,1.8162164688110352,36.99,31.10442352294922,2163.0,0.0,1367.0,0.1774474084377288,100.0,43.29503631591797,437.0,0.0
2500,0.0,1892.0,1.8162164688110352,36.99,31.10442352294922,2163.0,0.0,1367.0,0.1774474084377288,100.0,43.29503631591797,437.0,0.0
2501,0.0,1892.0,1.8162164688110352,36.99,31.10442352294922,2163.0,0.0,1367.0,0.1774474084377288,100.0,43.29503631591797,437.0,0.0
2502,0.0,1892.0,1.8162164688110352,36.99,31.10442352294922,2163.0,0.0,1367.0,0.1774474084377288,100.0,43.29503631591797,437.0,0.0
2503,0.0,1892.0,1.8162164688110352,36.99,31.10442352294922,2163.0,0.0,1367.0,0.1774474084377288,100.0,43.29503631591797,437.0,0.0
2504,0.0,1892.0,1.8162164688110352,36.99,31.10442352294922,2163.0,0.0,1367.0,0.1774474084377288,100.0,43.29503631591797,437.0,0.0
2505,0.0,1892.0,1.8242666721343992,36.99,9.447535514831545,1899.0,0.0,1367.0,0.0196314863860607,100.0,43.34819793701172,496.0,0.0
2506,0.0,1892.0,1.8242666721343992,36.99,9.447535514831545,1899.0,0.0,1367.0,0.0196314863860607,100.0,43.34819793701172,496.0,0.0
2507,0.0,1892.0,1.8242666721343992,36.99,9.447535514831545,1899.0,0.0,1367.0,0.0196314863860607,100.0,43.34819793701172,496.0,0.0
2508,0.0,1892.0,1.8242666721343992,36.99,9.447535514831545,1899.0,0.0,1367.0,0.0196314863860607,100.0,43.34819793701172,496.0,0.0
2509,0.0,1892.0,1.8242666721343992,36.99,9.447535514831545,1899.0,0.0,1367.0,0.0196314863860607,100.0,43.34819793701172,496.0,0.0
2510,0.0,1892.0,6.421316146850586,36.99,9.42741870880127,1955.0,0.0,1367.0,0.1270960569381714,100.0,43.14875030517578,546.0,0.0
2511,0.0,1892.0,6.421316146850586,36.99,9.42741870880127,1955.0,0.0,1367.0,0.1270960569381714,100.0,43.14875030517578,546.0,0.0
2512,0.0,1892.0,6.421316146850586,36.99,9.42741870880127,1955.0,0.0,1367.0,0.1270960569381714,100.0,43.14875030517578,546.0,0.0
2513,0.0,1892.0,6.421316146850586,36.99,9.42741870880127,1955.0,0.0,1367.0,0.1270960569381714,100.0,43.14875030517578,546.0,0.0
2514,0.0,1892.0,6.421316146850586,36.99,9.42741870880127,1955.0,0.0,1367.0,0.1270960569381714,100.0,43.14875030517578,546.0,0.0
2515,0.0,1892.0,1.8580033779144287,36.99,34.7794075012207,1731.0,0.0,1367.0,0.0669560581445694,100.0,43.87630462646485,444.0,0.0
2516,0.0,1892.0,1.8580033779144287,36.99,34.7794075012207,1731.0,0.0,1367.0,0.0669560581445694,100.0,43.87630462646485,444.0,0.0
2517,0.0,1892.0,1.8580033779144287,36.99,34.7794075012207,1731.0,0.0,1367.0,0.0669560581445694,100.0,43.87630462646485,444.0,0.0
2518,0.0,1892.0,1.8580033779144287,36.99,34.7794075012207,1731.0,0.0,1367.0,0.0669560581445694,100.0,43.87630462646485,444.0,0.0
2519,0.0,1892.0,1.8580033779144287,36.99,34.7794075012207,1731.0,0.0,1367.0,0.0669560581445694,100.0,43.87630462646485,444.0,0.0
2520,0.0,1892.0,10.17056941986084,36.99,52.70522689819336,2151.0,0.0,1367.0,0.2219772487878799,100.0,44.498260498046875,545.0,0.0
2521,0.0,1892.0,10.17056941986084,36.99,52.70522689819336,2151.0,0.0,1367.0,0.2219772487878799,100.0,44.498260498046875,545.0,0.0
2522,0.0,1892.0,10.17056941986084,36.99,52.70522689819336,2151.0,0.0,1367.0,0.2219772487878799,100.0,44.498260498046875,545.0,0.0
2523,0.0,1892.0,10.17056941986084,36.99,52.70522689819336,2151.0,0.0,1367.0,0.2219772487878799,100.0,44.498260498046875,545.0,0.0
2524,0.0,1892.0,10.17056941986084,36.99,52.70522689819336,2151.0,0.0,1367.0,0.2219772487878799,100.0,44.498260498046875,545.0,0.0
2525,0.0,1892.0,6.965755462646484,36.99,35.64456558227539,1822.0,0.0,1367.0,0.0830978825688362,100.0,45.01298522949219,333.0,0.0
2526,0.0,1892.0,6.965755462646484,36.99,35.64456558227539,1822.0,0.0,1367.0,0.0830978825688362,100.0,45.01298522949219,333.0,0.0
2527,0.0,1892.0,6.965755462646484,36.99,35.64456558227539,1822.0,0.0,1367.0,0.0830978825688362,100.0,45.01298522949219,333.0,0.0
2528,0.0,1892.0,6.965755462646484,36.99,35.64456558227539,1822.0,0.0,1367.0,0.0830978825688362,100.0,45.01298522949219,333.0,0.0
2529,0.0,1892.0,6.965755462646484,36.99,35.64456558227539,1822.0,0.0,1367.0,0.0830978825688362,100.0,45.01298522949219,333.0,0.0
2530,0.0,1892.0,6.965755462646484,36.99,35.64456558227539,1822.0,0.0,1367.0,0.0830978825688362,100.0,45.01298522949219,333.0,0.0
2531,0.0,1892.0,9.033559799194336,36.99,35.04389572143555,2116.0,0.0,1367.0,0.1001775115728378,100.0,44.46500396728515,479.0,0.0
2532,0.0,1892.0,9.033559799194336,36.99,35.04389572143555,2116.0,0.0,1367.0,0.1001775115728378,100.0,44.46500396728515,479.0,0.0
2533,0.0,1892.0,9.033559799194336,36.99,35.04389572143555,2116.0,0.0,1367.0,0.1001775115728378,100.0,44.46500396728515,479.0,0.0
2534,0.0,1892.0,9.033559799194336,36.99,35.04389572143555,2116.0,0.0,1367.0,0.1001775115728378,100.0,44.46500396728515,479.0,0.0
2535,0.0,1892.0,9.033559799194336,36.99,35.04389572143555,2116.0,0.0,1367.0,0.1001775115728378,100.0,44.46500396728515,479.0,0.0
2536,0.0,1892.0,14.970865249633787,36.99,57.86536407470703,2120.0,0.0,1367.0,0.093435950577259,100.0,46.32305145263672,468.0,0.0
2537,0.0,1892.0,14.970865249633787,36.99,57.86536407470703,2120.0,0.0,1367.0,0.093435950577259,100.0,46.32305145263672,468.0,0.0
2538,0.0,1892.0,14.970865249633787,36.99,57.86536407470703,2120.0,0.0,1367.0,0.093435950577259,100.0,46.32305145263672,468.0,0.0
2539,0.0,1892.0,14.970865249633787,36.99,57.86536407470703,2120.0,0.0,1367.0,0.093435950577259,100.0,46.32305145263672,468.0,0.0
2540,0.0,1892.0,14.970865249633787,36.99,57.86536407470703,2120.0,0.0,1367.0,0.093435950577259,100.0,46.32305145263672,468.0,0.0
2541,0.0,1892.0,11.463354110717772,36.99,54.51387405395508,2080.0,0.0,1367.0,0.0854037255048751,100.0,45.87241744995117,384.0,0.0
2542,0.0,1892.0,11.463354110717772,36.99,54.51387405395508,2080.0,0.0,1367.0,0.0854037255048751,100.0,45.87241744995117,384.0,0.0
2543,0.0,1892.0,11.463354110717772,36.99,54.51387405395508,2080.0,0.0,1367.0,0.0854037255048751,100.0,45.87241744995117,384.0,0.0
2544,0.0,1892.0,11.463354110717772,36.99,54.51387405395508,2080.0,0.0,1367.0,0.0854037255048751,100.0,45.87241744995117,384.0,0.0
2545,0.0,1892.0,11.463354110717772,36.99,54.51387405395508,2080.0,0.0,1367.0,0.0854037255048751,100.0,45.87241744995117,384.0,0.0
2546,0.0,1892.0,6.408639907836914,36.99,36.761348724365234,1937.0,0.0,1367.0,0.0695599690079689,100.0,45.800926208496094,337.0,0.0
2547,0.0,1892.0,6.408639907836914,36.99,36.761348724365234,1937.0,0.0,1367.0,0.0695599690079689,100.0,45.800926208496094,337.0,0.0
2548,0.0,1892.0,6.408639907836914,36.99,36.761348724365234,1937.0,0.0,1367.0,0.0695599690079689,100.0,45.800926208496094,337.0,0.0
2549,0.0,1892.0,6.408639907836914,36.99,36.761348724365234,1937.0,0.0,1367.0,0.0695599690079689,100.0,45.800926208496094,337.0,0.0
2550,0.0,1892.0,6.408639907836914,36.99,36.761348724365234,1937.0,0.0,1367.0,0.0695599690079689,100.0,45.800926208496094,337.0,0.0
2551,0.0,1892.0,19.304101943969727,36.99,38.3901252746582,2344.0,0.0,1367.0,0.1039061620831489,100.0,47.083030700683594,523.0,0.0
2552,0.0,1892.0,19.304101943969727,36.99,38.3901252746582,2344.0,0.0,1367.0,0.1039061620831489,100.0,47.083030700683594,523.0,0.0
2553,0.0,1892.0,19.304101943969727,36.99,38.3901252746582,2344.0,0.0,1367.0,0.1039061620831489,100.0,47.083030700683594,523.0,0.0
2554,0.0,1892.0,19.304101943969727,36.99,38.3901252746582,2344.0,0.0,1367.0,0.1039061620831489,100.0,47.083030700683594,523.0,0.0
2555,0.0,1892.0,19.304101943969727,36.99,38.3901252746582,2344.0,0.0,1367.0,0.1039061620831489,100.0,47.083030700683594,523.0,0.0
2556,0.0,1892.0,15.303766250610352,36.99,59.54892349243164,2092.0,0.0,1367.0,0.011040411889553,100.0,48.01085662841797,293.0,0.0
2557,0.0,1892.0,15.303766250610352,36.99,59.54892349243164,2092.0,0.0,1367.0,0.011040411889553,100.0,48.01085662841797,293.0,0.0
2558,0.0,1892.0,15.303766250610352,36.99,59.54892349243164,2092.0,0.0,1367.0,0.011040411889553,100.0,48.01085662841797,293.0,0.0
2559,0.0,1892.0,15.303766250610352,36.99,59.54892349243164,2092.0,0.0,1367.0,0.011040411889553,100.0,48.01085662841797,293.0,0.0
2560,0.0,1892.0,15.303766250610352,36.99,59.54892349243164,2092.0,0.0,1367.0,0.011040411889553,100.0,48.01085662841797,293.0,0.0
2561,0.0,1892.0,7.921798706054688,36.99,57.40500259399414,1930.0,0.0,1367.0,0.0763619393110275,100.0,47.51334762573242,354.0,0.0
2562,0.0,1892.0,7.921798706054688,36.99,57.40500259399414,1930.0,0.0,1367.0,0.0763619393110275,100.0,47.51334762573242,354.0,0.0
2563,0.0,1892.0,7.921798706054688,36.99,57.40500259399414,1930.0,0.0,1367.0,0.0763619393110275,100.0,47.51334762573242,354.0,0.0
2564,0.0,1892.0,7.921798706054688,36.99,57.40500259399414,1930.0,0.0,1367.0,0.0763619393110275,100.0,47.51334762573242,354.0,0.0
2565,0.0,1892.0,7.921798706054688,36.99,57.40500259399414,1930.0,0.0,1367.0,0.0763619393110275,100.0,47.51334762573242,354.0,0.0
2566,0.0,1892.0,0.5494564175605774,36.99,9.735088348388672,1608.0,0.0,1367.0,0.0006776031223125,100.0,46.46794891357422,111.0,0.0
2567,0.0,1892.0,0.5494564175605774,36.99,9.735088348388672,1608.0,0.0,1367.0,0.0006776031223125,100.0,46.46794891357422,111.0,0.0
2568,0.0,1892.0,0.5494564175605774,36.99,9.735088348388672,1608.0,0.0,1367.0,0.0006776031223125,100.0,46.46794891357422,111.0,0.0
2569,0.0,1892.0,0.5494564175605774,36.99,9.735088348388672,1608.0,0.0,1367.0,0.0006776031223125,100.0,46.46794891357422,111.0,0.0
2570,0.0,1892.0,0.5494564175605774,36.99,9.735088348388672,1608.0,0.0,1367.0,0.0006776031223125,100.0,46.46794891357422,111.0,0.0
2571,0.0,1892.0,0.5494564175605774,36.99,9.735088348388672,1608.0,0.0,1367.0,0.0006776031223125,100.0,46.46794891357422,111.0,0.0
2572,0.0,1892.0,0.3788852095603943,36.99,9.61337661743164,1465.0,0.0,1367.0,0.0007337135029956,100.0,5.8734002113342285,134.0,0.0
2573,0.0,1892.0,0.3788852095603943,36.99,9.61337661743164,1465.0,0.0,1367.0,0.0007337135029956,100.0,5.8734002113342285,134.0,0.0
2574,0.0,1892.0,0.3788852095603943,36.99,9.61337661743164,1465.0,0.0,1367.0,0.0007337135029956,100.0,5.8734002113342285,134.0,0.0
2575,0.0,1892.0,0.3788852095603943,36.99,9.61337661743164,1465.0,0.0,1367.0,0.0007337135029956,100.0,5.8734002113342285,134.0,0.0
2576,0.0,1892.0,0.3788852095603943,36.99,9.61337661743164,1465.0,0.0,1367.0,0.0007337135029956,100.0,5.8734002113342285,134.0,0.0
2577,0.0,1892.0,0.3215247392654419,36.99,9.566536903381348,1373.0,0.0,1367.0,0.0,100.0,45.68670272827149,0.0,0.0
2578,0.0,1892.0,0.3215247392654419,36.99,9.566536903381348,1373.0,0.0,1367.0,0.0,100.0,45.68670272827149,0.0,0.0
2579,0.0,1892.0,0.3215247392654419,36.99,9.566536903381348,1373.0,0.0,1367.0,0.0,100.0,45.68670272827149,0.0,0.0
2580,0.0,1892.0,0.3215247392654419,36.99,9.566536903381348,1373.0,0.0,1367.0,0.0,100.0,45.68670272827149,0.0,0.0
2581,0.0,1892.0,0.3215247392654419,36.99,9.566536903381348,1373.0,0.0,1367.0,0.0,100.0,45.68670272827149,0.0,0.0
2582,0.0,1892.0,0.2707767188549042,36.99,9.53897476196289,1611.0,0.0,1367.0,0.007337599992752,100.0,45.33982467651367,111.0,0.0
2583,0.0,1892.0,0.2707767188549042,36.99,9.53897476196289,1611.0,0.0,1367.0,0.007337599992752,100.0,45.33982467651367,111.0,0.0
2584,0.0,1892.0,0.2707767188549042,36.99,9.53897476196289,1611.0,0.0,1367.0,0.007337599992752,100.0,45.33982467651367,111.0,0.0
2585,0.0,1892.0,0.2707767188549042,36.99,9.53897476196289,1611.0,0.0,1367.0,0.007337599992752,100.0,45.33982467651367,111.0,0.0
2586,0.0,1892.0,0.2707767188549042,36.99,9.53897476196289,1611.0,0.0,1367.0,0.007337599992752,100.0,45.33982467651367,111.0,0.0
2587,0.0,1892.0,0.1994996815919876,36.99,9.52394962310791,1470.0,0.0,1367.0,0.0016234415816143,100.0,45.01717376708984,222.0,0.0
2588,0.0,1892.0,0.1994996815919876,36.99,9.52394962310791,1470.0,0.0,1367.0,0.0016234415816143,100.0,45.01717376708984,222.0,0.0
2589,0.0,1892.0,0.1994996815919876,36.99,9.52394962310791,1470.0,0.0,1367.0,0.0016234415816143,100.0,45.01717376708984,222.0,0.0
2590,0.0,1892.0,0.1994996815919876,36.99,9.52394962310791,1470.0,0.0,1367.0,0.0016234415816143,100.0,45.01717376708984,222.0,0.0
2591,0.0,1892.0,0.1994996815919876,36.99,9.52394962310791,1470.0,0.0,1367.0,0.0016234415816143,100.0,45.01717376708984,222.0,0.0
2592,0.0,1892.0,0.3512266278266907,36.99,9.499247550964355,1432.0,0.0,1367.0,4.199613613309339e-05,100.0,5.8734002113342285,111.0,0.0
2593,0.0,1892.0,0.3512266278266907,36.99,9.499247550964355,1432.0,0.0,1367.0,4.199613613309339e-05,100.0,5.8734002113342285,111.0,0.0
2594,0.0,1892.0,0.3512266278266907,36.99,9.499247550964355,1432.0,0.0,1367.0,4.199613613309339e-05,100.0,5.8734002113342285,111.0,0.0
2595,0.0,1892.0,0.3512266278266907,36.99,9.499247550964355,1432.0,0.0,1367.0,4.199613613309339e-05,100.0,5.8734002113342285,111.0,0.0
2596,0.0,1892.0,0.3512266278266907,36.99,9.499247550964355,1432.0,0.0,1367.0,4.199613613309339e-05,100.0,5.8734002113342285,111.0,0.0
2597,0.0,1892.0,0.3512266278266907,36.99,9.499247550964355,1432.0,0.0,1367.0,4.199613613309339e-05,100.0,5.8734002113342285,111.0,0.0
2598,0.0,1892.0,0.232630580663681,36.99,9.494884490966797,1554.0,0.0,1367.0,0.0003467131755314,100.0,44.89295196533203,222.0,0.0
2599,0.0,1892.0,0.232630580663681,36.99,9.494884490966797,1554.0,0.0,1367.0,0.0003467131755314,100.0,44.89295196533203,222.0,0.0
2600,0.0,1892.0,0.232630580663681,36.99,9.494884490966797,1554.0,0.0,1367.0,0.0003467131755314,100.0,44.89295196533203,222.0,0.0
2601,0.0,1892.0,0.232630580663681,36.99,9.494884490966797,1554.0,0.0,1367.0,0.0003467131755314,100.0,44.89295196533203,222.0,0.0
2602,0.0,1892.0,0.232630580663681,36.99,9.494884490966797,1554.0,0.0,1367.0,0.0003467131755314,100.0,44.89295196533203,222.0,0.0
2603,0.0,1892.0,2.234185695648194,36.99,9.489837646484377,1365.0,0.0,1367.0,0.0006065513589419,100.0,44.707950592041016,111.0,0.0
2604,0.0,1892.0,2.234185695648194,36.99,9.489837646484377,1365.0,0.0,1367.0,0.0006065513589419,100.0,44.707950592041016,111.0,0.0
2605,0.0,1892.0,2.234185695648194,36.99,9.489837646484377,1365.0,0.0,1367.0,0.0006065513589419,100.0,44.707950592041016,111.0,0.0
2606,0.0,1892.0,2.234185695648194,36.99,9.489837646484377,1365.0,0.0,1367.0,0.0006065513589419,100.0,44.707950592041016,111.0,0.0
2607,0.0,1892.0,2.234185695648194,36.99,9.489837646484377,1365.0,0.0,1367.0,0.0006065513589419,100.0,44.707950592041016,111.0,0.0
2608,0.0,1892.0,0.1493923664093017,36.99,9.49362087249756,1248.0,0.0,1367.0,0.0,100.0,44.59920501708984,0.0,0.0
2609,0.0,1892.0,0.1493923664093017,36.99,9.49362087249756,1248.0,0.0,1367.0,0.0,100.0,44.59920501708984,0.0,0.0
2610,0.0,1892.0,0.1493923664093017,36.99,9.49362087249756,1248.0,0.0,1367.0,0.0,100.0,44.59920501708984,0.0,0.0
2611,0.0,1892.0,0.1493923664093017,36.99,9.49362087249756,1248.0,0.0,1367.0,0.0,100.0,44.59920501708984,0.0,0.0
2612,0.0,1892.0,0.1493923664093017,36.99,9.49362087249756,1248.0,0.0,1367.0,0.0,100.0,44.59920501708984,0.0,0.0
2613,0.0,1892.0,0.1312350034713745,36.99,9.450688362121582,1367.0,0.0,1367.0,0.0,100.0,5.8734002113342285,0.0,0.0
2614,0.0,1892.0,0.1312350034713745,36.99,9.450688362121582,1367.0,0.0,1367.0,0.0,100.0,5.8734002113342285,0.0,0.0
2615,0.0,1892.0,0.1312350034713745,36.99,9.450688362121582,1367.0,0.0,1367.0,0.0,100.0,5.8734002113342285,0.0,0.0
2616,0.0,1892.0,0.1312350034713745,36.99,9.450688362121582,1367.0,0.0,1367.0,0.0,100.0,5.8734002113342285,0.0,0.0
2617,0.0,1892.0,0.1312350034713745,36.99,9.450688362121582,1367.0,0.0,1367.0,0.0,100.0,5.8734002113342285,0.0,0.0
2618,0.0,1892.0,0.1312350034713745,36.99,9.450688362121582,1367.0,0.0,1367.0,0.0,100.0,5.8734002113342285,0.0,0.0
2619,0.0,1892.0,0.168308824300766,36.99,9.444253921508787,1393.0,0.0,1367.0,0.000185395925655,100.0,44.13670349121094,111.0,0.0
2620,0.0,1892.0,0.168308824300766,36.99,9.444253921508787,1393.0,0.0,1367.0,0.000185395925655,100.0,44.13670349121094,111.0,0.0
2621,0.0,1892.0,0.168308824300766,36.99,9.444253921508787,1393.0,0.0,1367.0,0.000185395925655,100.0,44.13670349121094,111.0,0.0
2622,0.0,1892.0,0.168308824300766,36.99,9.444253921508787,1393.0,0.0,1367.0,0.000185395925655,100.0,44.13670349121094,111.0,0.0
2623,0.0,1892.0,0.168308824300766,36.99,9.444253921508787,1393.0,0.0,1367.0,0.000185395925655,100.0,44.13670349121094,111.0,0.0
2624,0.0,1892.0,0.1578808724880218,36.99,9.454358100891112,1310.0,0.0,1367.0,0.0001703030575299,100.0,44.11639022827149,111.0,0.0
2625,0.0,1892.0,0.1578808724880218,36.99,9.454358100891112,1310.0,0.0,1367.0,0.0001703030575299,100.0,44.11639022827149,111.0,0.0
2626,0.0,1892.0,0.1578808724880218,36.99,9.454358100891112,1310.0,0.0,1367.0,0.0001703030575299,100.0,44.11639022827149,111.0,0.0
2627,0.0,1892.0,0.1578808724880218,36.99,9.454358100891112,1310.0,0.0,1367.0,0.0001703030575299,100.0,44.11639022827149,111.0,0.0
2628,0.0,1892.0,0.1578808724880218,36.99,9.454358100891112,1310.0,0.0,1367.0,0.0001703030575299,100.0,44.11639022827149,111.0,0.0
2629,0.0,1892.0,0.3030831217765808,36.99,9.460344314575195,1485.0,0.0,1367.0,0.0003008351195603,100.0,43.93045425415039,111.0,0.0
2630,0.0,1892.0,0.3030831217765808,36.99,9.460344314575195,1485.0,0.0,1367.0,0.0003008351195603,100.0,43.93045425415039,111.0,0.0
2631,0.0,1892.0,0.3030831217765808,36.99,9.460344314575195,1485.0,0.0,1367.0,0.0003008351195603,100.0,43.93045425415039,111.0,0.0
2632,0.0,1892.0,0.3030831217765808,36.99,9.460344314575195,1485.0,0.0,1367.0,0.0003008351195603,100.0,43.93045425415039,111.0,0.0
2633,0.0,1892.0,0.3030831217765808,36.99,9.460344314575195,1485.0,0.0,1367.0,0.0003008351195603,100.0,43.93045425415039,111.0,0.0
2634,0.0,1892.0,4.083456039428711,36.99,9.43507957458496,1451.0,0.0,1367.0,0.0002481708943378,100.0,43.93045425415039,111.0,0.0
2635,0.0,1892.0,4.083456039428711,36.99,9.43507957458496,1451.0,0.0,1367.0,0.0002481708943378,100.0,43.93045425415039,111.0,0.0
2636,0.0,1892.0,4.083456039428711,36.99,9.43507957458496,1451.0,0.0,1367.0,0.0002481708943378,100.0,43.93045425415039,111.0,0.0
2637,0.0,1892.0,4.083456039428711,36.99,9.43507957458496,1451.0,0.0,1367.0,0.0002481708943378,100.0,43.93045425415039,111.0,0.0
2638,0.0,1892.0,4.083456039428711,36.99,9.43507957458496,1451.0,0.0,1367.0,0.0002481708943378,100.0,43.93045425415039,111.0,0.0
2639,0.0,1892.0,3.556666612625122,36.99,51.8230094909668,1302.0,0.0,1367.0,9.435865649720654e-05,100.0,44.39295196533203,111.0,0.0
2640,0.0,1892.0,3.556666612625122,36.99,51.8230094909668,1302.0,0.0,1367.0,9.435865649720654e-05,100.0,44.39295196533203,111.0,0.0
2641,0.0,1892.0,3.556666612625122,36.99,51.8230094909668,1302.0,0.0,1367.0,9.435865649720654e-05,100.0,44.39295196533203,111.0,0.0
2642,0.0,1892.0,3.556666612625122,36.99,51.8230094909668,1302.0,0.0,1367.0,9.435865649720654e-05,100.0,44.39295196533203,111.0,0.0
2643,0.0,1892.0,3.556666612625122,36.99,51.8230094909668,1302.0,0.0,1367.0,9.435865649720654e-05,100.0,44.39295196533203,111.0,0.0
2644,0.0,1892.0,0.8146770000457764,36.99,9.458409309387209,1563.0,0.0,1367.0,0.0005047594895586,100.0,44.07732772827149,222.0,0.0
2645,0.0,1892.0,0.8146770000457764,36.99,9.458409309387209,1563.0,0.0,1367.0,0.0005047594895586,100.0,44.07732772827149,222.0,0.0
2646,0.0,1892.0,0.8146770000457764,36.99,9.458409309387209,1563.0,0.0,1367.0,0.0005047594895586,100.0,44.07732772827149,222.0,0.0
2647,0.0,1892.0,0.8146770000457764,36.99,9.458409309387209,1563.0,0.0,1367.0,0.0005047594895586,100.0,44.07732772827149,222.0,0.0
2648,0.0,1892.0,0.8146770000457764,36.99,9.458409309387209,1563.0,0.0,1367.0,0.0005047594895586,100.0,44.07732772827149,222.0,0.0
2649,0.0,1892.0,0.8146770000457764,36.99,9.458409309387209,1563.0,0.0,1367.0,0.0005047594895586,100.0,44.07732772827149,222.0,0.0
2650,0.0,1892.0,0.5776435136795044,36.99,9.435808181762695,1666.0,0.0,1367.0,0.0552305020391941,100.0,43.95002746582031,596.0,0.0
2651,0.0,1892.0,0.5776435136795044,36.99,9.435808181762695,1666.0,0.0,1367.0,0.0552305020391941,100.0,43.95002746582031,596.0,0.0
2652,0.0,1892.0,0.5776435136795044,36.99,9.435808181762695,1666.0,0.0,1367.0,0.0552305020391941,100.0,43.95002746582031,596.0,0.0
2653,0.0,1892.0,0.5776435136795044,36.99,9.435808181762695,1666.0,0.0,1367.0,0.0552305020391941,100.0,43.95002746582031,596.0,0.0
2654,0.0,1892.0,0.5776435136795044,36.99,9.435808181762695,1666.0,0.0,1367.0,0.0552305020391941,100.0,43.95002746582031,596.0,0.0
2655,0.0,1892.0,0.2684065103530884,36.99,9.434016227722168,1415.0,0.0,1367.0,0.0001283189631067,100.0,43.93061828613281,111.0,0.0
2656,0.0,1892.0,0.2684065103530884,36.99,9.434016227722168,1415.0,0.0,1367.0,0.0001283189631067,100.0,43.93061828613281,111.0,0.0
2657,0.0,1892.0,0.2684065103530884,36.99,9.434016227722168,1415.0,0.0,1367.0,0.0001283189631067,100.0,43.93061828613281,111.0,0.0
2658,0.0,1892.0,0.2684065103530884,36.99,9.434016227722168,1415.0,0.0,1367.0,0.0001283189631067,100.0,43.93061828613281,111.0,0.0
2659,0.0,1892.0,0.2684065103530884,36.99,9.434016227722168,1415.0,0.0,1367.0,0.0001283189631067,100.0,43.93061828613281,111.0,0.0
2660,0.0,1892.0,0.1834108531475067,36.99,9.40267848968506,1404.0,0.0,1367.0,0.0,100.0,43.75857925415039,0.0,0.0
2661,0.0,1892.0,0.1834108531475067,36.99,9.40267848968506,1404.0,0.0,1367.0,0.0,100.0,43.75857925415039,0.0,0.0
2662,0.0,1892.0,0.1834108531475067,36.99,9.40267848968506,1404.0,0.0,1367.0,0.0,100.0,43.75857925415039,0.0,0.0
2663,0.0,1892.0,0.1834108531475067,36.99,9.40267848968506,1404.0,0.0,1367.0,0.0,100.0,43.75857925415039,0.0,0.0
2664,0.0,1892.0,0.1834108531475067,36.99,9.40267848968506,1404.0,0.0,1367.0,0.0,100.0,43.75857925415039,0.0,0.0
2665,0.0,1892.0,0.2579933702945709,36.99,9.410781860351562,1500.0,0.0,1367.0,0.0001610549661563,100.0,43.46482849121094,111.0,0.0
2666,0.0,1892.0,0.2579933702945709,36.99,9.410781860351562,1500.0,0.0,1367.0,0.0001610549661563,100.0,43.46482849121094,111.0,0.0
2667,0.0,1892.0,0.2579933702945709,36.99,9.410781860351562,1500.0,0.0,1367.0,0.0001610549661563,100.0,43.46482849121094,111.0,0.0
2668,0.0,1892.0,0.2579933702945709,36.99,9.410781860351562,1500.0,0.0,1367.0,0.0001610549661563,100.0,43.46482849121094,111.0,0.0
2669,0.0,1892.0,0.2579933702945709,36.99,9.410781860351562,1500.0,0.0,1367.0,0.0001610549661563,100.0,43.46482849121094,111.0,0.0
2670,0.0,1892.0,0.1581500768661499,36.99,9.397138595581056,1451.0,0.0,1367.0,0.0005469050956889,100.0,43.44451522827149,270.0,0.0
2671,0.0,1892.0,0.1581500768661499,36.99,9.397138595581056,1451.0,0.0,1367.0,0.0005469050956889,100.0,43.44451522827149,270.0,0.0
2672,0.0,1892.0,0.1581500768661499,36.99,9.397138595581056,1451.0,0.0,1367.0,0.0005469050956889,100.0,43.44451522827149,270.0,0.0
2673,0.0,1892.0,0.1581500768661499,36.99,9.397138595581056,1451.0,0.0,1367.0,0.0005469050956889,100.0,43.44451522827149,270.0,0.0
2674,0.0,1892.0,0.1581500768661499,36.99,9.397138595581056,1451.0,0.0,1367.0,0.0005469050956889,100.0,43.44451522827149,270.0,0.0
2675,0.0,1892.0,0.1581500768661499,36.99,9.397138595581056,1451.0,0.0,1367.0,0.0005469050956889,100.0,43.44451522827149,270.0,0.0
2676,0.0,1892.0,0.135723665356636,36.99,9.37101936340332,1438.0,0.0,1367.0,0.0,100.0,43.42420196533203,0.0,0.0
2677,0.0,1892.0,0.135723665356636,36.99,9.37101936340332,1438.0,0.0,1367.0,0.0,100.0,43.42420196533203,0.0,0.0
2678,0.0,1892.0,0.135723665356636,36.99,9.37101936340332,1438.0,0.0,1367.0,0.0,100.0,43.42420196533203,0.0,0.0
2679,0.0,1892.0,0.135723665356636,36.99,9.37101936340332,1438.0,0.0,1367.0,0.0,100.0,43.42420196533203,0.0,0.0
2680,0.0,1892.0,0.135723665356636,36.99,9.37101936340332,1438.0,0.0,1367.0,0.0,100.0,43.42420196533203,0.0,0.0
2681,0.0,1892.0,0.1701887100934982,36.99,9.36538314819336,1360.0,0.0,1367.0,0.0003385877935215,100.0,5.8734002113342285,111.0,0.0
2682,0.0,1892.0,0.1701887100934982,36.99,9.36538314819336,1360.0,0.0,1367.0,0.0003385877935215,100.0,5.8734002113342285,111.0,0.0
2683,0.0,1892.0,0.1701887100934982,36.99,9.36538314819336,1360.0,0.0,1367.0,0.0003385877935215,100.0,5.8734002113342285,111.0,0.0
2684,0.0,1892.0,0.1701887100934982,36.99,9.36538314819336,1360.0,0.0,1367.0,0.0003385877935215,100.0,5.8734002113342285,111.0,0.0
2685,0.0,1892.0,0.1701887100934982,36.99,9.36538314819336,1360.0,0.0,1367.0,0.0003385877935215,100.0,5.8734002113342285,111.0,0.0
2686,0.0,1892.0,0.1743692755699157,36.99,9.36312198638916,1403.0,0.0,1367.0,0.0,100.0,43.25545501708984,0.0,0.0
2687,0.0,1892.0,0.1743692755699157,36.99,9.36312198638916,1403.0,0.0,1367.0,0.0,100.0,43.25545501708984,0.0,0.0
2688,0.0,1892.0,0.1743692755699157,36.99,9.36312198638916,1403.0,0.0,1367.0,0.0,100.0,43.25545501708984,0.0,0.0
2689,0.0,1892.0,0.1743692755699157,36.99,9.36312198638916,1403.0,0.0,1367.0,0.0,100.0,43.25545501708984,0.0,0.0
2690,0.0,1892.0,0.1743692755699157,36.99,9.36312198638916,1403.0,0.0,1367.0,0.0,100.0,43.25545501708984,0.0,0.0
2691,0.0,1892.0,0.3432000875473022,36.99,9.374871253967283,1633.0,0.0,1367.0,0.0,100.0,5.8734002113342285,0.0,0.0
2692,0.0,1892.0,0.3432000875473022,36.99,9.374871253967283,1633.0,0.0,1367.0,0.0,100.0,5.8734002113342285,0.0,0.0
2693,0.0,1892.0,0.3432000875473022,36.99,9.374871253967283,1633.0,0.0,1367.0,0.0,100.0,5.8734002113342285,0.0,0.0
2694,0.0,1892.0,0.3432000875473022,36.99,9.374871253967283,1633.0,0.0,1367.0,0.0,100.0,5.8734002113342285,0.0,0.0
2695,0.0,1892.0,0.3432000875473022,36.99,9.374871253967283,1633.0,0.0,1367.0,0.0,100.0,5.8734002113342285,0.0,0.0
2696,0.0,1892.0,0.3432000875473022,36.99,9.374871253967283,1633.0,0.0,1367.0,0.0,100.0,5.8734002113342285,0.0,0.0
2697,0.0,1892.0,0.2411225289106369,36.99,9.386116981506348,1399.0,0.0,1367.0,1.3862100786354858e-05,100.0,5.8734002113342285,111.0,0.0
2698,0.0,1892.0,0.2411225289106369,36.99,9.386116981506348,1399.0,0.0,1367.0,1.3862100786354858e-05,100.0,5.8734002113342285,111.0,0.0
2699,0.0,1892.0,0.2411225289106369,36.99,9.386116981506348,1399.0,0.0,1367.0,1.3862100786354858e-05,100.0,5.8734002113342285,111.0,0.0
2700,0.0,1892.0,0.2411225289106369,36.99,9.386116981506348,1399.0,0.0,1367.0,1.3862100786354858e-05,100.0,5.8734002113342285,111.0,0.0
2701,0.0,1892.0,0.2411225289106369,36.99,9.386116981506348,1399.0,0.0,1367.0,1.3862100786354858e-05,100.0,5.8734002113342285,111.0,0.0
2702,0.0,1892.0,0.2609536945819855,36.99,9.3451509475708,1411.0,0.0,1367.0,0.0,100.0,42.90076446533203,0.0,0.0
2703,0.0,1892.0,0.2609536945819855,36.99,9.3451509475708,1411.0,0.0,1367.0,0.0,100.0,42.90076446533203,0.0,0.0
2704,0.0,1892.0,0.2609536945819855,36.99,9.3451509475708,1411.0,0.0,1367.0,0.0,100.0,42.90076446533203,0.0,0.0
2705,0.0,1892.0,0.2609536945819855,36.99,9.3451509475708,1411.0,0.0,1367.0,0.0,100.0,42.90076446533203,0.0,0.0
2706,0.0,1892.0,0.2609536945819855,36.99,9.3451509475708,1411.0,0.0,1367.0,0.0,100.0,42.90076446533203,0.0,0.0
2707,0.0,1892.0,0.1633434891700744,36.99,9.336483001708984,1420.0,0.0,1367.0,0.0,100.0,5.8734002113342285,0.0,0.0
2708,0.0,1892.0,0.1633434891700744,36.99,9.336483001708984,1420.0,0.0,1367.0,0.0,100.0,5.8734002113342285,0.0,0.0
2709,0.0,1892.0,0.1633434891700744,36.99,9.336483001708984,1420.0,0.0,1367.0,0.0,100.0,5.8734002113342285,0.0,0.0
2710,0.0,1892.0,0.1633434891700744,36.99,9.336483001708984,1420.0,0.0,1367.0,0.0,100.0,5.8734002113342285,0.0,0.0
2711,0.0,1892.0,0.1633434891700744,36.99,9.336483001708984,1420.0,0.0,1367.0,0.0,100.0,5.8734002113342285,0.0,0.0
2712,0.0,1892.0,0.1370034217834472,36.99,9.318385124206545,1272.0,0.0,1367.0,0.0,100.0,5.8734002113342285,0.0,0.0
2713,0.0,1892.0,0.1370034217834472,36.99,9.318385124206545,1272.0,0.0,1367.0,0.0,100.0,5.8734002113342285,0.0,0.0
2714,0.0,1892.0,0.1370034217834472,36.99,9.318385124206545,1272.0,0.0,1367.0,0.0,100.0,5.8734002113342285,0.0,0.0
2715,0.0,1892.0,0.1370034217834472,36.99,9.318385124206545,1272.0,0.0,1367.0,0.0,100.0,5.8734002113342285,0.0,0.0
2716,0.0,1892.0,0.1370034217834472,36.99,9.318385124206545,1272.0,0.0,1367.0,0.0,100.0,5.8734002113342285,0.0,0.0
2717,0.0,1892.0,0.1370034217834472,36.99,9.318385124206545,1272.0,0.0,1367.0,0.0,100.0,5.8734002113342285,0.0,0.0
2718,0.0,1892.0,0.095858484506607,36.99,9.30994701385498,1243.0,0.0,1367.0,0.0,100.0,5.8734002113342285,0.0,0.0
2719,0.0,1892.0,0.095858484506607,36.99,9.30994701385498,1243.0,0.0,1367.0,0.0,100.0,5.8734002113342285,0.0,0.0
2720,0.0,1892.0,0.095858484506607,36.99,9.30994701385498,1243.0,0.0,1367.0,0.0,100.0,5.8734002113342285,0.0,0.0
2721,0.0,1892.0,0.095858484506607,36.99,9.30994701385498,1243.0,0.0,1367.0,0.0,100.0,5.8734002113342285,0.0,0.0
2722,0.0,1892.0,0.095858484506607,36.99,9.30994701385498,1243.0,0.0,1367.0,0.0,100.0,5.8734002113342285,0.0,0.0
2723,0.0,1892.0,0.1958537101745605,36.99,9.315290451049805,1403.0,0.0,1367.0,0.0004654755757655,100.0,42.539825439453125,111.0,0.0
2724,0.0,1892.0,0.1958537101745605,36.99,9.315290451049805,1403.0,0.0,1367.0,0.0004654755757655,100.0,42.539825439453125,111.0,0.0
2725,0.0,1892.0,0.1958537101745605,36.99,9.315290451049805,1403.0,0.0,1367.0,0.0004654755757655,100.0,42.539825439453125,111.0,0.0
2726,0.0,1892.0,0.1958537101745605,36.99,9.315290451049805,1403.0,0.0,1367.0,0.0004654755757655,100.0,42.539825439453125,111.0,0.0
2727,0.0,1892.0,0.1958537101745605,36.99,9.315290451049805,1403.0,0.0,1367.0,0.0004654755757655,100.0,42.539825439453125,111.0,0.0
2728,0.0,1892.0,0.1910261064767837,36.99,9.319400787353516,1511.0,0.0,1367.0,0.0,100.0,5.8734002113342285,0.0,0.0
2729,0.0,1892.0,0.1910261064767837,36.99,9.319400787353516,1511.0,0.0,1367.0,0.0,100.0,5.8734002113342285,0.0,0.0
2730,0.0,1892.0,0.1910261064767837,36.99,9.319400787353516,1511.0,0.0,1367.0,0.0,100.0,5.8734002113342285,0.0,0.0
2731,0.0,1892.0,0.1910261064767837,36.99,9.319400787353516,1511.0,0.0,1367.0,0.0,100.0,5.8734002113342285,0.0,0.0
2732,0.0,1892.0,0.1910261064767837,36.99,9.319400787353516,1511.0,0.0,1367.0,0.0,100.0,5.8734002113342285,0.0,0.0
2733,0.0,1892.0,0.2186589986085891,36.99,9.304498672485352,1536.0,0.0,1367.0,0.0,100.0,5.8734002113342285,0.0,0.0
2734,0.0,1892.0,0.2186589986085891,36.99,9.304498672485352,1536.0,0.0,1367.0,0.0,100.0,5.8734002113342285,0.0,0.0
2735,0.0,1892.0,0.2186589986085891,36.99,9.304498672485352,1536.0,0.0,1367.0,0.0,100.0,5.8734002113342285,0.0,0.0
2736,0.0,1892.0,0.2186589986085891,36.99,9.304498672485352,1536.0,0.0,1367.0,0.0,100.0,5.8734002113342285,0.0,0.0
2737,0.0,1892.0,0.2186589986085891,36.99,9.304498672485352,1536.0,0.0,1367.0,0.0,100.0,5.8734002113342285,0.0,0.0
2738,0.0,1892.0,0.1611871868371963,36.99,9.303118705749512,1423.0,0.0,1367.0,0.0001114623592002,100.0,42.39451217651367,111.0,0.0
2739,0.0,1892.0,0.1611871868371963,36.99,9.303118705749512,1423.0,0.0,1367.0,0.0001114623592002,100.0,42.39451217651367,111.0,0.0
2740,0.0,1892.0,0.1611871868371963,36.99,9.303118705749512,1423.0,0.0,1367.0,0.0001114623592002,100.0,42.39451217651367,111.0,0.0
2741,0.0,1892.0,0.1611871868371963,36.99,9.303118705749512,1423.0,0.0,1367.0,0.0001114623592002,100.0,42.39451217651367,111.0,0.0
2742,0.0,1892.0,0.1611871868371963,36.99,9.303118705749512,1423.0,0.0,1367.0,0.0001114623592002,100.0,42.39451217651367,111.0,0.0
2743,0.0,1892.0,0.1611871868371963,36.99,9.303118705749512,1423.0,0.0,1367.0,0.0001114623592002,100.0,42.39451217651367,111.0,0.0
2744,0.0,1892.0,0.6045366525650024,36.99,9.298559188842772,1458.0,0.0,1367.0,0.0001711001823423,100.0,5.8734002113342285,111.0,0.0
2745,0.0,1892.0,0.6045366525650024,36.99,9.298559188842772,1458.0,0.0,1367.0,0.0001711001823423,100.0,5.8734002113342285,111.0,0.0
2746,0.0,1892.0,0.6045366525650024,36.99,9.298559188842772,1458.0,0.0,1367.0,0.0001711001823423,100.0,5.8734002113342285,111.0,0.0
2747,0.0,1892.0,0.6045366525650024,36.99,9.298559188842772,1458.0,0.0,1367.0,0.0001711001823423,100.0,5.8734002113342285,111.0,0.0
2748,0.0,1892.0,0.6045366525650024,36.99,9.298559188842772,1458.0,0.0,1367.0,0.0001711001823423,100.0,5.8734002113342285,111.0,0.0
2749,0.0,1892.0,0.222396045923233,36.99,9.293481826782228,1608.0,0.0,1367.0,0.0,100.0,42.266387939453125,0.0,0.0
2750,0.0,1892.0,0.222396045923233,36.99,9.293481826782228,1608.0,0.0,1367.0,0.0,100.0,42.266387939453125,0.0,0.0
2751,0.0,1892.0,0.222396045923233,36.99,9.293481826782228,1608.0,0.0,1367.0,0.0,100.0,42.266387939453125,0.0,0.0
2752,0.0,1892.0,0.222396045923233,36.99,9.293481826782228,1608.0,0.0,1367.0,0.0,100.0,42.266387939453125,0.0,0.0
2753,0.0,1892.0,0.222396045923233,36.99,9.293481826782228,1608.0,0.0,1367.0,0.0,100.0,42.266387939453125,0.0,0.0
2754,0.0,1892.0,0.1482921242713928,36.99,9.30319881439209,1372.0,0.0,1367.0,0.0002878501545637,100.0,42.33045196533203,111.0,0.0
2755,0.0,1892.0,0.1482921242713928,36.99,9.30319881439209,1372.0,0.0,1367.0,0.0002878501545637,100.0,42.33045196533203,111.0,0.0
2756,0.0,1892.0,0.1482921242713928,36.99,9.30319881439209,1372.0,0.0,1367.0,0.0002878501545637,100.0,42.33045196533203,111.0,0.0
2757,0.0,1892.0,0.1482921242713928,36.99,9.30319881439209,1372.0,0.0,1367.0,0.0002878501545637,100.0,42.33045196533203,111.0,0.0
2758,0.0,1892.0,0.1482921242713928,36.99,9.30319881439209,1372.0,0.0,1367.0,0.0002878501545637,100.0,42.33045196533203,111.0,0.0
2759,0.0,1892.0,0.2561130821704864,36.99,9.316536903381348,1498.0,0.0,1367.0,0.0,100.0,5.8734002113342285,0.0,0.0
2760,0.0,1892.0,0.2561130821704864,36.99,9.316536903381348,1498.0,0.0,1367.0,0.0,100.0,5.8734002113342285,0.0,0.0
2761,0.0,1892.0,0.2561130821704864,36.99,9.316536903381348,1498.0,0.0,1367.0,0.0,100.0,5.8734002113342285,0.0,0.0
2762,0.0,1892.0,0.2561130821704864,36.99,9.316536903381348,1498.0,0.0,1367.0,0.0,100.0,5.8734002113342285,0.0,0.0
2763,0.0,1892.0,0.2561130821704864,36.99,9.316536903381348,1498.0,0.0,1367.0,0.0,100.0,5.8734002113342285,0.0,0.0
2764,0.0,1892.0,0.1342155188322067,36.99,9.286291122436523,1373.0,0.0,1367.0,0.0,100.0,5.8734002113342285,0.0,0.0
2765,0.0,1892.0,0.1342155188322067,36.99,9.286291122436523,1373.0,0.0,1367.0,0.0,100.0,5.8734002113342285,0.0,0.0
2766,0.0,1892.0,0.1342155188322067,36.99,9.286291122436523,1373.0,0.0,1367.0,0.0,100.0,5.8734002113342285,0.0,0.0
2767,0.0,1892.0,0.1342155188322067,36.99,9.286291122436523,1373.0,0.0,1367.0,0.0,100.0,5.8734002113342285,0.0,0.0
2768,0.0,1892.0,0.1342155188322067,36.99,9.286291122436523,1373.0,0.0,1367.0,0.0,100.0,5.8734002113342285,0.0,0.0
2769,0.0,1892.0,0.1342155188322067,36.99,9.286291122436523,1373.0,0.0,1367.0,0.0,100.0,5.8734002113342285,0.0,0.0
2770,0.0,1892.0,0.188047170639038,36.99,9.267630577087402,1452.0,0.0,1367.0,0.0003218612982891,100.0,42.24607467651367,222.0,0.0
2771,0.0,1892.0,0.188047170639038,36.99,9.267630577087402,1452.0,0.0,1367.0,0.0003218612982891,100.0,42.24607467651367,222.0,0.0
2772,0.0,1892.0,0.188047170639038,36.99,9.267630577087402,1452.0,0.0,1367.0,0.0003218612982891,100.0,42.24607467651367,222.0,0.0
2773,0.0,1892.0,0.188047170639038,36.99,9.267630577087402,1452.0,0.0,1367.0,0.0003218612982891,100.0,42.24607467651367,222.0,0.0
2774,0.0,1892.0,0.188047170639038,36.99,9.267630577087402,1452.0,0.0,1367.0,0.0003218612982891,100.0,42.24607467651367,222.0,0.0
2775,0.0,1892.0,0.1174456775188446,36.99,9.266860961914062,1270.0,0.0,1367.0,0.0,100.0,42.12107467651367,0.0,0.0
2776,0.0,1892.0,0.1174456775188446,36.99,9.266860961914062,1270.0,0.0,1367.0,0.0,100.0,42.12107467651367,0.0,0.0
2777,0.0,1892.0,0.1174456775188446,36.99,9.266860961914062,1270.0,0.0,1367.0,0.0,100.0,42.12107467651367,0.0,0.0
2778,0.0,1892.0,0.1174456775188446,36.99,9.266860961914062,1270.0,0.0,1367.0,0.0,100.0,42.12107467651367,0.0,0.0
2779,0.0,1892.0,0.1174456775188446,36.99,9.266860961914062,1270.0,0.0,1367.0,0.0,100.0,42.12107467651367,0.0,0.0
2780,0.0,1892.0,2.3770551681518555,36.99,9.262300491333008,1973.0,0.0,1367.0,0.0900068432092666,100.0,5.8734002113342285,350.0,0.0
2781,0.0,1892.0,2.3770551681518555,36.99,9.262300491333008,1973.0,0.0,1367.0,0.0900068432092666,100.0,5.8734002113342285,350.0,0.0
2782,0.0,1892.0,2.3770551681518555,36.99,9.262300491333008,1973.0,0.0,1367.0,0.0900068432092666,100.0,5.8734002113342285,350.0,0.0
2783,0.0,1892.0,2.3770551681518555,36.99,9.262300491333008,1973.0,0.0,1367.0,0.0900068432092666,100.0,5.8734002113342285,350.0,0.0
2784,0.0,1892.0,2.3770551681518555,36.99,9.262300491333008,1973.0,0.0,1367.0,0.0900068432092666,100.0,5.8734002113342285,350.0,0.0
2785,0.0,1892.0,0.5061426162719727,36.99,9.33684253692627,1675.0,0.0,1367.0,0.0369595475494861,100.0,42.20297622680664,258.0,0.0
2786,0.0,1892.0,0.5061426162719727,36.99,9.33684253692627,1675.0,0.0,1367.0,0.0369595475494861,100.0,42.20297622680664,258.0,0.0
2787,0.0,1892.0,0.5061426162719727,36.99,9.33684253692627,1675.0,0.0,1367.0,0.0369595475494861,100.0,42.20297622680664,258.0,0.0
2788,0.0,1892.0,0.5061426162719727,36.99,9.33684253692627,1675.0,0.0,1367.0,0.0369595475494861,100.0,42.20297622680664,258.0,0.0
2789,0.0,1892.0,0.5061426162719727,36.99,9.33684253692627,1675.0,0.0,1367.0,0.0369595475494861,100.0,42.20297622680664,258.0,0.0
2790,0.0,1892.0,0.3546747863292694,36.99,9.288681983947754,1684.0,0.0,1367.0,0.0077493297867476,100.0,42.07941055297851,111.0,0.0
2791,0.0,1892.0,0.3546747863292694,36.99,9.288681983947754,1684.0,0.0,1367.0,0.0077493297867476,100.0,42.07941055297851,111.0,0.0
2792,0.0,1892.0,0.3546747863292694,36.99,9.288681983947754,1684.0,0.0,1367.0,0.0077493297867476,100.0,42.07941055297851,111.0,0.0
2793,0.0,1892.0,0.3546747863292694,36.99,9.288681983947754,1684.0,0.0,1367.0,0.0077493297867476,100.0,42.07941055297851,111.0,0.0
2794,0.0,1892.0,0.3546747863292694,36.99,9.288681983947754,1684.0,0.0,1367.0,0.0077493297867476,100.0,42.07941055297851,111.0,0.0
2795,0.0,1892.0,0.1675300002098083,36.99,9.27024745941162,1402.0,0.0,1367.0,0.0,100.0,5.8734002113342285,0.0,0.0
2796,0.0,1892.0,0.1675300002098083,36.99,9.27024745941162,1402.0,0.0,1367.0,0.0,100.0,5.8734002113342285,0.0,0.0
2797,0.0,1892.0,0.1675300002098083,36.99,9.27024745941162,1402.0,0.0,1367.0,0.0,100.0,5.8734002113342285,0.0,0.0
2798,0.0,1892.0,0.1675300002098083,36.99,9.27024745941162,1402.0,0.0,1367.0,0.0,100.0,5.8734002113342285,0.0,0.0
2799,0.0,1892.0,0.1675300002098083,36.99,9.27024745941162,1402.0,0.0,1367.0,0.0,100.0,5.8734002113342285,0.0,0.0
2800,0.0,1892.0,0.1675300002098083,36.99,9.27024745941162,1402.0,0.0,1367.0,0.0,100.0,5.8734002113342285,0.0,0.0
2801,0.0,1892.0,0.1596124768257141,36.99,9.253540992736816,1469.0,0.0,1367.0,0.0,100.0,5.8734002113342285,0.0,0.0
2802,0.0,1892.0,0.1596124768257141,36.99,9.253540992736816,1469.0,0.0,1367.0,0.0,100.0,5.8734002113342285,0.0,0.0
2803,0.0,1892.0,0.1596124768257141,36.99,9.253540992736816,1469.0,0.0,1367.0,0.0,100.0,5.8734002113342285,0.0,0.0
2804,0.0,1892.0,0.1596124768257141,36.99,9.253540992736816,1469.0,0.0,1367.0,0.0,100.0,5.8734002113342285,0.0,0.0
2805,0.0,1892.0,0.1596124768257141,36.99,9.253540992736816,1469.0,0.0,1367.0,0.0,100.0,5.8734002113342285,0.0,0.0
2806,0.0,1892.0,0.1388817727565765,36.99,9.250005722045898,1328.0,0.0,1367.0,0.0,100.0,5.8734002113342285,0.0,0.0
2807,0.0,1892.0,0.1388817727565765,36.99,9.250005722045898,1328.0,0.0,1367.0,0.0,100.0,5.8734002113342285,0.0,0.0
2808,0.0,1892.0,0.1388817727565765,36.99,9.250005722045898,1328.0,0.0,1367.0,0.0,100.0,5.8734002113342285,0.0,0.0
2809,0.0,1892.0,0.1388817727565765,36.99,9.250005722045898,1328.0,0.0,1367.0,0.0,100.0,5.8734002113342285,0.0,0.0
2810,0.0,1892.0,0.1388817727565765,36.99,9.250005722045898,1328.0,0.0,1367.0,0.0,100.0,5.8734002113342285,0.0,0.0
2811,0.0,1892.0,0.1171496659517288,36.99,9.251815795898438,1384.0,0.0,1367.0,0.0,100.0,5.8734002113342285,0.0,0.0
2812,0.0,1892.0,0.1171496659517288,36.99,9.251815795898438,1384.0,0.0,1367.0,0.0,100.0,5.8734002113342285,0.0,0.0
2813,0.0,1892.0,0.1171496659517288,36.99,9.251815795898438,1384.0,0.0,1367.0,0.0,100.0,5.8734002113342285,0.0,0.0
2814,0.0,1892.0,0.1171496659517288,36.99,9.251815795898438,1384.0,0.0,1367.0,0.0,100.0,5.8734002113342285,0.0,0.0
2815,0.0,1892.0,0.1171496659517288,36.99,9.251815795898438,1384.0,0.0,1367.0,0.0,100.0,5.8734002113342285,0.0,0.0
2816,0.0,1892.0,0.151864156126976,36.99,9.257872581481934,1333.0,0.0,1367.0,0.0006655076285824,100.0,5.8734002113342285,111.0,0.0
2817,0.0,1892.0,0.151864156126976,36.99,9.257872581481934,1333.0,0.0,1367.0,0.0006655076285824,100.0,5.8734002113342285,111.0,0.0
2818,0.0,1892.0,0.151864156126976,36.99,9.257872581481934,1333.0,0.0,1367.0,0.0006655076285824,100.0,5.8734002113342285,111.0,0.0
2819,0.0,1892.0,0.151864156126976,36.99,9.257872581481934,1333.0,0.0,1367.0,0.0006655076285824,100.0,5.8734002113342285,111.0,0.0
2820,0.0,1892.0,0.151864156126976,36.99,9.257872581481934,1333.0,0.0,1367.0,0.0006655076285824,100.0,5.8734002113342285,111.0,0.0
2821,0.0,1892.0,0.151864156126976,36.99,9.257872581481934,1333.0,0.0,1367.0,0.0006655076285824,100.0,5.8734002113342285,111.0,0.0
2822,0.0,1892.0,0.6121530532836914,36.99,9.283512115478516,1741.0,0.0,1367.0,0.0,100.0,41.84763717651367,0.0,0.0
2823,0.0,1892.0,0.6121530532836914,36.99,9.283512115478516,1741.0,0.0,1367.0,0.0,100.0,41.84763717651367,0.0,0.0
2824,0.0,1892.0,0.6121530532836914,36.99,9.283512115478516,1741.0,0.0,1367.0,0.0,100.0,41.84763717651367,0.0,0.0
2825,0.0,1892.0,0.6121530532836914,36.99,9.283512115478516,1741.0,0.0,1367.0,0.0,100.0,41.84763717651367,0.0,0.0
2826,0.0,1892.0,0.6121530532836914,36.99,9.283512115478516,1741.0,0.0,1367.0,0.0,100.0,41.84763717651367,0.0,0.0
2827,0.0,1892.0,0.2774581611156463,36.99,9.270404815673828,1459.0,0.0,1367.0,0.0,100.0,5.8734002113342285,0.0,0.0
2828,0.0,1892.0,0.2774581611156463,36.99,9.270404815673828,1459.0,0.0,1367.0,0.0,100.0,5.8734002113342285,0.0,0.0
2829,0.0,1892.0,0.2774581611156463,36.99,9.270404815673828,1459.0,0.0,1367.0,0.0,100.0,5.8734002113342285,0.0,0.0
2830,0.0,1892.0,0.2774581611156463,36.99,9.270404815673828,1459.0,0.0,1367.0,0.0,100.0,5.8734002113342285,0.0,0.0
2831,0.0,1892.0,0.2774581611156463,36.99,9.270404815673828,1459.0,0.0,1367.0,0.0,100.0,5.8734002113342285,0.0,0.0
2832,0.0,1892.0,0.8510323762893677,36.99,9.275124549865724,1805.0,0.0,1367.0,0.1178048402070999,100.0,41.86605072021485,466.0,0.0
2833,0.0,1892.0,0.8510323762893677,36.99,9.275124549865724,1805.0,0.0,1367.0,0.1178048402070999,100.0,41.86605072021485,466.0,0.0
2834,0.0,1892.0,0.8510323762893677,36.99,9.275124549865724,1805.0,0.0,1367.0,0.1178048402070999,100.0,41.86605072021485,466.0,0.0
2835,0.0,1892.0,0.8510323762893677,36.99,9.275124549865724,1805.0,0.0,1367.0,0.1178048402070999,100.0,41.86605072021485,466.0,0.0
2836,0.0,1892.0,0.8510323762893677,36.99,9.275124549865724,1805.0,0.0,1367.0,0.1178048402070999,100.0,41.86605072021485,466.0,0.0
2837,0.0,1892.0,0.8780030012130737,36.99,30.346967697143555,1866.0,0.0,1367.0,0.1005801409482956,100.0,41.92852020263672,432.0,0.0
2838,0.0,1892.0,0.8780030012130737,36.99,30.346967697143555,1866.0,0.0,1367.0,0.1005801409482956,100.0,41.92852020263672,432.0,0.0
2839,0.0,1892.0,0.8780030012130737,36.99,30.346967697143555,1866.0,0.0,1367.0,0.1005801409482956,100.0,41.92852020263672,432.0,0.0
2840,0.0,1892.0,0.8780030012130737,36.99,30.346967697143555,1866.0,0.0,1367.0,0.1005801409482956,100.0,41.92852020263672,432.0,0.0
2841,0.0,1892.0,0.8780030012130737,36.99,30.346967697143555,1866.0,0.0,1367.0,0.1005801409482956,100.0,41.92852020263672,432.0,0.0
2842,0.0,1892.0,0.5118145942687988,36.99,9.283007621765137,1442.0,0.0,1367.0,0.0156988315284252,100.0,41.92691421508789,222.0,0.0
2843,0.0,1892.0,0.5118145942687988,36.99,9.283007621765137,1442.0,0.0,1367.0,0.0156988315284252,100.0,41.92691421508789,222.0,0.0
2844,0.0,1892.0,0.5118145942687988,36.99,9.283007621765137,1442.0,0.0,1367.0,0.0156988315284252,100.0,41.92691421508789,222.0,0.0
2845,0.0,1892.0,0.5118145942687988,36.99,9.283007621765137,1442.0,0.0,1367.0,0.0156988315284252,100.0,41.92691421508789,222.0,0.0
2846,0.0,1892.0,0.5118145942687988,36.99,9.283007621765137,1442.0,0.0,1367.0,0.0156988315284252,100.0,41.92691421508789,222.0,0.0
2847,0.0,1892.0,0.1701583713293075,36.99,9.26372241973877,1338.0,0.0,1367.0,0.0,100.0,41.93487930297851,0.0,0.0
2848,0.0,1892.0,0.1701583713293075,36.99,9.26372241973877,1338.0,0.0,1367.0,0.0,100.0,41.93487930297851,0.0,0.0
2849,0.0,1892.0,0.1701583713293075,36.99,9.26372241973877,1338.0,0.0,1367.0,0.0,100.0,41.93487930297851,0.0,0.0
2850,0.0,1892.0,0.1701583713293075,36.99,9.26372241973877,1338.0,0.0,1367.0,0.0,100.0,41.93487930297851,0.0,0.0
2851,0.0,1892.0,0.1701583713293075,36.99,9.26372241973877,1338.0,0.0,1367.0,0.0,100.0,41.93487930297851,0.0,0.0
2852,0.0,1892.0,0.1701583713293075,36.99,9.26372241973877,1338.0,0.0,1367.0,0.0,100.0,41.93487930297851,0.0,0.0
2853,0.0,1892.0,0.1853770613670349,36.99,9.25073528289795,1447.0,0.0,1367.0,0.0107964277267456,100.0,5.8734002113342285,111.0,0.0
2854,0.0,1892.0,0.1853770613670349,36.99,9.25073528289795,1447.0,0.0,1367.0,0.0107964277267456,100.0,5.8734002113342285,111.0,0.0
2855,0.0,1892.0,0.1853770613670349,36.99,9.25073528289795,1447.0,0.0,1367.0,0.0107964277267456,100.0,5.8734002113342285,111.0,0.0
2856,0.0,1892.0,0.1853770613670349,36.99,9.25073528289795,1447.0,0.0,1367.0,0.0107964277267456,100.0,5.8734002113342285,111.0,0.0
2857,0.0,1892.0,0.1853770613670349,36.99,9.25073528289795,1447.0,0.0,1367.0,0.0107964277267456,100.0,5.8734002113342285,111.0,0.0
2858,0.0,1892.0,0.1581618338823318,36.99,9.25183391571045,1365.0,0.0,1367.0,0.0005634053959511,100.0,41.67732238769531,111.0,0.0
2859,0.0,1892.0,0.1581618338823318,36.99,9.25183391571045,1365.0,0.0,1367.0,0.0005634053959511,100.0,41.67732238769531,111.0,0.0
2860,0.0,1892.0,0.1581618338823318,36.99,9.25183391571045,1365.0,0.0,1367.0,0.0005634053959511,100.0,41.67732238769531,111.0,0.0
2861,0.0,1892.0,0.1581618338823318,36.99,9.25183391571045,1365.0,0.0,1367.0,0.0005634053959511,100.0,41.67732238769531,111.0,0.0
2862,0.0,1892.0,0.1581618338823318,36.99,9.25183391571045,1365.0,0.0,1367.0,0.0005634053959511,100.0,41.67732238769531,111.0,0.0
2863,0.0,1892.0,0.1994842290878296,36.99,9.23717212677002,1458.0,0.0,1367.0,0.0,100.0,41.65545272827149,0.0,0.0
2864,0.0,1892.0,0.1994842290878296,36.99,9.23717212677002,1458.0,0.0,1367.0,0.0,100.0,41.65545272827149,0.0,0.0
2865,0.0,1892.0,0.1994842290878296,36.99,9.23717212677002,1458.0,0.0,1367.0,0.0,100.0,41.65545272827149,0.0,0.0
2866,0.0,1892.0,0.1994842290878296,36.99,9.23717212677002,1458.0,0.0,1367.0,0.0,100.0,41.65545272827149,0.0,0.0
2867,0.0,1892.0,0.1994842290878296,36.99,9.23717212677002,1458.0,0.0,1367.0,0.0,100.0,41.65545272827149,0.0,0.0
2868,0.0,1892.0,0.0835050493478775,36.99,9.012367248535156,1159.0,0.0,1367.0,0.0001583625999046,100.0,5.8734002113342285,111.0,0.0
2869,0.0,1892.0,0.0835050493478775,36.99,9.012367248535156,1159.0,0.0,1367.0,0.0001583625999046,100.0,5.8734002113342285,111.0,0.0
2870,0.0,1892.0,0.0835050493478775,36.99,9.012367248535156,1159.0,0.0,1367.0,0.0001583625999046,100.0,5.8734002113342285,111.0,0.0
2871,0.0,1892.0,0.0835050493478775,36.99,9.012367248535156,1159.0,0.0,1367.0,0.0001583625999046,100.0,5.8734002113342285,111.0,0.0
2872,0.0,1892.0,0.0835050493478775,36.99,9.012367248535156,1159.0,0.0,1367.0,0.0001583625999046,100.0,5.8734002113342285,111.0,0.0
2873,0.0,1892.0,0.1236901804804802,36.99,9.227750778198242,1296.0,0.0,1367.0,0.0,100.0,41.58982849121094,0.0,0.0
2874,0.0,1892.0,0.1236901804804802,36.99,9.227750778198242,1296.0,0.0,1367.0,0.0,100.0,41.58982849121094,0.0,0.0
2875,0.0,1892.0,0.1236901804804802,36.99,9.227750778198242,1296.0,0.0,1367.0,0.0,100.0,41.58982849121094,0.0,0.0
2876,0.0,1892.0,0.1236901804804802,36.99,9.227750778198242,1296.0,0.0,1367.0,0.0,100.0,41.58982849121094,0.0,0.0
2877,0.0,1892.0,0.1236901804804802,36.99,9.227750778198242,1296.0,0.0,1367.0,0.0,100.0,41.58982849121094,0.0,0.0
2878,0.0,1892.0,0.1236901804804802,36.99,9.227750778198242,1296.0,0.0,1367.0,0.0,100.0,41.58982849121094,0.0,0.0
2879,0.0,1892.0,0.1810013651847839,36.99,9.238295555114746,1441.0,0.0,1367.0,0.0,100.0,5.8734002113342285,0.0,0.0
2880,0.0,1892.0,0.1810013651847839,36.99,9.238295555114746,1441.0,0.0,1367.0,0.0,100.0,5.8734002113342285,0.0,0.0
2881,0.0,1892.0,0.1810013651847839,36.99,9.238295555114746,1441.0,0.0,1367.0,0.0,100.0,5.8734002113342285,0.0,0.0
2882,0.0,1892.0,0.1810013651847839,36.99,9.238295555114746,1441.0,0.0,1367.0,0.0,100.0,5.8734002113342285,0.0,0.0
2883,0.0,1892.0,0.1810013651847839,36.99,9.238295555114746,1441.0,0.0,1367.0,0.0,100.0,5.8734002113342285,0.0,0.0
2884,0.0,1892.0,0.3091782927513122,36.99,9.24866008758545,1563.0,0.0,1367.0,0.0,100.0,5.8734002113342285,0.0,0.0
2885,0.0,1892.0,0.3091782927513122,36.99,9.24866008758545,1563.0,0.0,1367.0,0.0,100.0,5.8734002113342285,0.0,0.0
2886,0.0,1892.0,0.3091782927513122,36.99,9.24866008758545,1563.0,0.0,1367.0,0.0,100.0,5.8734002113342285,0.0,0.0
2887,0.0,1892.0,0.3091782927513122,36.99,9.24866008758545,1563.0,0.0,1367.0,0.0,100.0,5.8734002113342285,0.0,0.0
2888,0.0,1892.0,0.3091782927513122,36.99,9.24866008758545,1563.0,0.0,1367.0,0.0,100.0,5.8734002113342285,0.0,0.0
2889,0.0,1892.0,0.7443206310272217,36.99,9.259215354919434,1782.0,0.0,1367.0,0.1196464449167251,100.0,41.58219146728515,435.0,0.0
2890,0.0,1892.0,0.7443206310272217,36.99,9.259215354919434,1782.0,0.0,1367.0,0.1196464449167251,100.0,41.58219146728515,435.0,0.0
2891,0.0,1892.0,0.7443206310272217,36.99,9.259215354919434,1782.0,0.0,1367.0,0.1196464449167251,100.0,41.58219146728515,435.0,0.0
2892,0.0,1892.0,0.7443206310272217,36.99,9.259215354919434,1782.0,0.0,1367.0,0.1196464449167251,100.0,41.58219146728515,435.0,0.0
2893,0.0,1892.0,0.7443206310272217,36.99,9.259215354919434,1782.0,0.0,1367.0,0.1196464449167251,100.0,41.58219146728515,435.0,0.0
2894,0.0,1892.0,0.576734185218811,36.99,9.248332023620604,1526.0,0.0,1367.0,0.0317666977643966,100.0,41.61994171142578,334.0,0.0
2895,0.0,1892.0,0.576734185218811,36.99,9.248332023620604,1526.0,0.0,1367.0,0.0317666977643966,100.0,41.61994171142578,334.0,0.0
2896,0.0,1892.0,0.576734185218811,36.99,9.248332023620604,1526.0,0.0,1367.0,0.0317666977643966,100.0,41.61994171142578,334.0,0.0
2897,0.0,1892.0,0.576734185218811,36.99,9.248332023620604,1526.0,0.0,1367.0,0.0317666977643966,100.0,41.61994171142578,334.0,0.0
2898,0.0,1892.0,0.576734185218811,36.99,9.248332023620604,1526.0,0.0,1367.0,0.0317666977643966,100.0,41.61994171142578,334.0,0.0
2899,0.0,1892.0,0.576734185218811,36.99,9.248332023620604,1526.0,0.0,1367.0,0.0317666977643966,100.0,41.61994171142578,334.0,0.0
2900,0.0,1892.0,0.4742612838745117,36.99,9.257125854492188,1489.0,0.0,1367.0,0.0,100.0,5.8734002113342285,0.0,0.0
2901,0.0,1892.0,0.4742612838745117,36.99,9.257125854492188,1489.0,0.0,1367.0,0.0,100.0,5.8734002113342285,0.0,0.0
2902,0.0,1892.0,0.4742612838745117,36.99,9.257125854492188,1489.0,0.0,1367.0,0.0,100.0,5.8734002113342285,0.0,0.0
2903,0.0,1892.0,0.4742612838745117,36.99,9.257125854492188,1489.0,0.0,1367.0,0.0,100.0,5.8734002113342285,0.0,0.0
2904,0.0,1892.0,0.4742612838745117,36.99,9.257125854492188,1489.0,0.0,1367.0,0.0,100.0,5.8734002113342285,0.0,0.0
2905,0.0,1892.0,0.1167011260986328,36.99,9.24009895324707,1212.0,0.0,1367.0,0.0,100.0,5.8734002113342285,0.0,0.0
2906,0.0,1892.0,0.1167011260986328,36.99,9.24009895324707,1212.0,0.0,1367.0,0.0,100.0,5.8734002113342285,0.0,0.0
2907,0.0,1892.0,0.1167011260986328,36.99,9.24009895324707,1212.0,0.0,1367.0,0.0,100.0,5.8734002113342285,0.0,0.0
2908,0.0,1892.0,0.1167011260986328,36.99,9.24009895324707,1212.0,0.0,1367.0,0.0,100.0,5.8734002113342285,0.0,0.0
2909,0.0,1892.0,0.1167011260986328,36.99,9.24009895324707,1212.0,0.0,1367.0,0.0,100.0,5.8734002113342285,0.0,0.0
2910,0.0,1892.0,0.1880760192871093,36.99,9.221895217895508,1397.0,0.0,1367.0,0.0,100.0,5.8734002113342285,0.0,0.0
2911,0.0,1892.0,0.1880760192871093,36.99,9.221895217895508,1397.0,0.0,1367.0,0.0,100.0,5.8734002113342285,0.0,0.0
2912,0.0,1892.0,0.1880760192871093,36.99,9.221895217895508,1397.0,0.0,1367.0,0.0,100.0,5.8734002113342285,0.0,0.0
2913,0.0,1892.0,0.1880760192871093,36.99,9.221895217895508,1397.0,0.0,1367.0,0.0,100.0,5.8734002113342285,0.0,0.0
2914,0.0,1892.0,0.1880760192871093,36.99,9.221895217895508,1397.0,0.0,1367.0,0.0,100.0,5.8734002113342285,0.0,0.0
2915,0.0,1892.0,0.1050463616847992,36.99,9.216504096984863,1264.0,0.0,1367.0,0.0001790414971765,100.0,41.3950309753418,111.0,0.0
2916,0.0,1892.0,0.1050463616847992,36.99,9.216504096984863,1264.0,0.0,1367.0,0.0001790414971765,100.0,41.3950309753418,111.0,0.0
2917,0.0,1892.0,0.1050463616847992,36.99,9.216504096984863,1264.0,0.0,1367.0,0.0001790414971765,100.0,41.3950309753418,111.0,0.0
2918,0.0,1892.0,0.1050463616847992,36.99,9.216504096984863,1264.0,0.0,1367.0,0.0001790414971765,100.0,41.3950309753418,111.0,0.0
2919,0.0,1892.0,0.1050463616847992,36.99,9.216504096984863,1264.0,0.0,1367.0,0.0001790414971765,100.0,41.3950309753418,111.0,0.0
2920,0.0,1892.0,0.1688755005598068,36.99,9.224370956420898,1452.0,0.0,1367.0,0.0,100.0,5.8734002113342285,0.0,0.0
2921,0.0,1892.0,0.1688755005598068,36.99,9.224370956420898,1452.0,0.0,1367.0,0.0,100.0,5.8734002113342285,0.0,0.0
2922,0.0,1892.0,0.1688755005598068,36.99,9.224370956420898,1452.0,0.0,1367.0,0.0,100.0,5.8734002113342285,0.0,0.0
2923,0.0,1892.0,0.1688755005598068,36.99,9.224370956420898,1452.0,0.0,1367.0,0.0,100.0,5.8734002113342285,0.0,0.0
2924,0.0,1892.0,0.1688755005598068,36.99,9.224370956420898,1452.0,0.0,1367.0,0.0,100.0,5.8734002113342285,0.0,0.0
2925,0.0,1892.0,0.1688755005598068,36.99,9.224370956420898,1452.0,0.0,1367.0,0.0,100.0,5.8734002113342285,0.0,0.0
2926,0.0,1892.0,0.1977672576904297,36.99,9.212976455688477,1364.0,0.0,1367.0,0.0,100.0,5.8734002113342285,0.0,0.0
2927,0.0,1892.0,0.1977672576904297,36.99,9.212976455688477,1364.0,0.0,1367.0,0.0,100.0,5.8734002113342285,0.0,0.0
2928,0.0,1892.0,0.1977672576904297,36.99,9.212976455688477,1364.0,0.0,1367.0,0.0,100.0,5.8734002113342285,0.0,0.0
2929,0.0,1892.0,0.1977672576904297,36.99,9.212976455688477,1364.0,0.0,1367.0,0.0,100.0,5.8734002113342285,0.0,0.0
2930,0.0,1892.0,0.1977672576904297,36.99,9.212976455688477,1364.0,0.0,1367.0,0.0,100.0,5.8734002113342285,0.0,0.0
2931,0.0,1892.0,0.0803355053067207,36.99,9.213963508605955,1137.0,0.0,1367.0,0.0,100.0,5.8734002113342285,0.0,0.0
2932,0.0,1892.0,0.0803355053067207,36.99,9.213963508605955,1137.0,0.0,1367.0,0.0,100.0,5.8734002113342285,0.0,0.0
2933,0.0,1892.0,0.0803355053067207,36.99,9.213963508605955,1137.0,0.0,1367.0,0.0,100.0,5.8734002113342285,0.0,0.0
2934,0.0,1892.0,0.0803355053067207,36.99,9.213963508605955,1137.0,0.0,1367.0,0.0,100.0,5.8734002113342285,0.0,0.0
2935,0.0,1892.0,0.0803355053067207,36.99,9.213963508605955,1137.0,0.0,1367.0,0.0,100.0,5.8734002113342285,0.0,0.0
2936,0.0,1892.0,0.1159380599856376,36.99,9.202916145324709,1277.0,0.0,1367.0,0.0,100.0,5.8734002113342285,0.0,0.0
2937,0.0,1892.0,0.1159380599856376,36.99,9.202916145324709,1277.0,0.0,1367.0,0.0,100.0,5.8734002113342285,0.0,0.0
2938,0.0,1892.0,0.1159380599856376,36.99,9.202916145324709,1277.0,0.0,1367.0,0.0,100.0,5.8734002113342285,0.0,0.0
2939,0.0,1892.0,0.1159380599856376,36.99,9.202916145324709,1277.0,0.0,1367.0,0.0,100.0,5.8734002113342285,0.0,0.0
2940,0.0,1892.0,0.1159380599856376,36.99,9.202916145324709,1277.0,0.0,1367.0,0.0,100.0,5.8734002113342285,0.0,0.0
2941,0.0,1892.0,0.149810716509819,36.99,9.20116138458252,1276.0,0.0,1367.0,0.0005055953515693,100.0,41.219512939453125,111.0,0.0
2942,0.0,1892.0,0.149810716509819,36.99,9.20116138458252,1276.0,0.0,1367.0,0.0005055953515693,100.0,41.219512939453125,111.0,0.0
2943,0.0,1892.0,0.149810716509819,36.99,9.20116138458252,1276.0,0.0,1367.0,0.0005055953515693,100.0,41.219512939453125,111.0,0.0
2944,0.0,1892.0,0.149810716509819,36.99,9.20116138458252,1276.0,0.0,1367.0,0.0005055953515693,100.0,41.219512939453125,111.0,0.0
2945,0.0,1892.0,0.149810716509819,36.99,9.20116138458252,1276.0,0.0,1367.0,0.0005055953515693,100.0,41.219512939453125,111.0,0.0
2946,0.0,1892.0,0.5373220443725586,36.99,9.214140892028809,1402.0,0.0,1367.0,0.0,100.0,5.8734002113342285,0.0,0.0
2947,0.0,1892.0,0.5373220443725586,36.99,9.214140892028809,1402.0,0.0,1367.0,0.0,100.0,5.8734002113342285,0.0,0.0
2948,0.0,1892.0,0.5373220443725586,36.99,9.214140892028809,1402.0,0.0,1367.0,0.0,100.0,5.8734002113342285,0.0,0.0
2949,0.0,1892.0,0.5373220443725586,36.99,9.214140892028809,1402.0,0.0,1367.0,0.0,100.0,5.8734002113342285,0.0,0.0
2950,0.0,1892.0,0.5373220443725586,36.99,9.214140892028809,1402.0,0.0,1367.0,0.0,100.0,5.8734002113342285,0.0,0.0
2951,0.0,1892.0,0.5373220443725586,36.99,9.214140892028809,1402.0,0.0,1367.0,0.0,100.0,5.8734002113342285,0.0,0.0
2952,0.0,1892.0,0.6960724592208862,36.99,9.213034629821776,1552.0,0.0,1367.0,0.0,100.0,5.8734002113342285,0.0,0.0
2953,0.0,1892.0,0.6960724592208862,36.99,9.213034629821776,1552.0,0.0,1367.0,0.0,100.0,5.8734002113342285,0.0,0.0
2954,0.0,1892.0,0.6960724592208862,36.99,9.213034629821776,1552.0,0.0,1367.0,0.0,100.0,5.8734002113342285,0.0,0.0
2955,0.0,1892.0,0.6960724592208862,36.99,9.213034629821776,1552.0,0.0,1367.0,0.0,100.0,5.8734002113342285,0.0,0.0
2956,0.0,1892.0,0.6960724592208862,36.99,9.213034629821776,1552.0,0.0,1367.0,0.0,100.0,5.8734002113342285,0.0,0.0
2957,0.0,1892.0,0.1946608573198318,36.99,9.23348331451416,1344.0,0.0,1367.0,0.0,100.0,5.8734002113342285,0.0,0.0
2958,0.0,1892.0,0.1946608573198318,36.99,9.23348331451416,1344.0,0.0,1367.0,0.0,100.0,5.8734002113342285,0.0,0.0
2959,0.0,1892.0,0.1946608573198318,36.99,9.23348331451416,1344.0,0.0,1367.0,0.0,100.0,5.8734002113342285,0.0,0.0
2960,0.0,1892.0,0.1946608573198318,36.99,9.23348331451416,1344.0,0.0,1367.0,0.0,100.0,5.8734002113342285,0.0,0.0
2961,0.0,1892.0,0.1946608573198318,36.99,9.23348331451416,1344.0,0.0,1367.0,0.0,100.0,5.8734002113342285,0.0,0.0
2962,0.0,1892.0,0.1235642880201339,36.99,9.198314666748049,1294.0,0.0,1367.0,0.0,100.0,5.8734002113342285,0.0,0.0
2963,0.0,1892.0,0.1235642880201339,36.99,9.198314666748049,1294.0,0.0,1367.0,0.0,100.0,5.8734002113342285,0.0,0.0
2964,0.0,1892.0,0.1235642880201339,36.99,9.198314666748049,1294.0,0.0,1367.0,0.0,100.0,5.8734002113342285,0.0,0.0
2965,0.0,1892.0,0.1235642880201339,36.99,9.198314666748049,1294.0,0.0,1367.0,0.0,100.0,5.8734002113342285,0.0,0.0
2966,0.0,1892.0,0.1235642880201339,36.99,9.198314666748049,1294.0,0.0,1367.0,0.0,100.0,5.8734002113342285,0.0,0.0
2967,0.0,1892.0,0.1141967177391052,36.99,9.203242301940918,1319.0,0.0,1367.0,0.0002896915248129,100.0,5.8734002113342285,111.0,0.0
2968,0.0,1892.0,0.1141967177391052,36.99,9.203242301940918,1319.0,0.0,1367.0,0.0002896915248129,100.0,5.8734002113342285,111.0,0.0
2969,0.0,1892.0,0.1141967177391052,36.99,9.203242301940918,1319.0,0.0,1367.0,0.0002896915248129,100.0,5.8734002113342285,111.0,0.0
2970,0.0,1892.0,0.1141967177391052,36.99,9.203242301940918,1319.0,0.0,1367.0,0.0002896915248129,100.0,5.8734002113342285,111.0,0.0
2971,0.0,1892.0,0.1141967177391052,36.99,9.203242301940918,1319.0,0.0,1367.0,0.0002896915248129,100.0,5.8734002113342285,111.0,0.0
2972,0.0,1892.0,0.3465902805328369,36.99,9.200830459594728,1565.0,0.0,1367.0,0.0,100.0,5.8734002113342285,0.0,0.0
2973,0.0,1892.0,0.3465902805328369,36.99,9.200830459594728,1565.0,0.0,1367.0,0.0,100.0,5.8734002113342285,0.0,0.0
2974,0.0,1892.0,0.3465902805328369,36.99,9.200830459594728,1565.0,0.0,1367.0,0.0,100.0,5.8734002113342285,0.0,0.0
2975,0.0,1892.0,0.3465902805328369,36.99,9.200830459594728,1565.0,0.0,1367.0,0.0,100.0,5.8734002113342285,0.0,0.0
2976,0.0,1892.0,0.3465902805328369,36.99,9.200830459594728,1565.0,0.0,1367.0,0.0,100.0,5.8734002113342285,0.0,0.0
2977,0.0,1892.0,0.3465902805328369,36.99,9.200830459594728,1565.0,0.0,1367.0,0.0,100.0,5.8734002113342285,0.0,0.0
2978,0.0,1892.0,0.4022101461887359,36.99,9.1993989944458,1354.0,0.0,1367.0,0.0002946918248198,100.0,41.157012939453125,111.0,0.0
2979,0.0,1892.0,0.4022101461887359,36.99,9.1993989944458,1354.0,0.0,1367.0,0.0002946918248198,100.0,41.157012939453125,111.0,0.0
2980,0.0,1892.0,0.4022101461887359,36.99,9.1993989944458,1354.0,0.0,1367.0,0.0002946918248198,100.0,41.157012939453125,111.0,0.0
2981,0.0,1892.0,0.4022101461887359,36.99,9.1993989944458,1354.0,0.0,1367.0,0.0002946918248198,100.0,41.157012939453125,111.0,0.0
2982,0.0,1892.0,0.4022101461887359,36.99,9.1993989944458,1354.0,0.0,1367.0,0.0002946918248198,100.0,41.157012939453125,111.0,0.0
2983,0.0,1892.0,0.148735299706459,36.99,9.197517395019531,1379.0,0.0,1367.0,0.0,100.0,5.8734002113342285,0.0,0.0
2984,0.0,1892.0,0.148735299706459,36.99,9.197517395019531,1379.0,0.0,1367.0,0.0,100.0,5.8734002113342285,0.0,0.0
2985,0.0,1892.0,0.148735299706459,36.99,9.197517395019531,1379.0,0.0,1367.0,0.0,100.0,5.8734002113342285,0.0,0.0
2986,0.0,1892.0,0.148735299706459,36.99,9.197517395019531,1379.0,0.0,1367.0,0.0,100.0,5.8734002113342285,0.0,0.0
2987,0.0,1892.0,0.148735299706459,36.99,9.197517395019531,1379.0,0.0,1367.0,0.0,100.0,5.8734002113342285,0.0,0.0
2988,0.0,1892.0,0.1884464621543884,36.99,9.20954704284668,1435.0,0.0,1367.0,0.0002043951972154,100.0,5.8734002113342285,111.0,0.0
2989,0.0,1892.0,0.1884464621543884,36.99,9.20954704284668,1435.0,0.0,1367.0,0.0002043951972154,100.0,5.8734002113342285,111.0,0.0
2990,0.0,1892.0,0.1884464621543884,36.99,9.20954704284668,1435.0,0.0,1367.0,0.0002043951972154,100.0,5.8734002113342285,111.0,0.0
2991,0.0,1892.0,0.1884464621543884,36.99,9.20954704284668,1435.0,0.0,1367.0,0.0002043951972154,100.0,5.8734002113342285,111.0,0.0
2992,0.0,1892.0,0.1884464621543884,36.99,9.20954704284668,1435.0,0.0,1367.0,0.0002043951972154,100.0,5.8734002113342285,111.0,0.0
2993,0.0,1892.0,0.2167579084634781,36.99,9.195924758911133,1387.0,0.0,1367.0,0.0,100.0,41.01169967651367,0.0,0.0
2994,0.0,1892.0,0.2167579084634781,36.99,9.195924758911133,1387.0,0.0,1367.0,0.0,100.0,41.01169967651367,0.0,0.0
2995,0.0,1892.0,0.2167579084634781,36.99,9.195924758911133,1387.0,0.0,1367.0,0.0,100.0,41.01169967651367,0.0,0.0
2996,0.0,1892.0,0.2167579084634781,36.99,9.195924758911133,1387.0,0.0,1367.0,0.0,100.0,41.01169967651367,0.0,0.0
2997,0.0,1892.0,0.2167579084634781,36.99,9.195924758911133,1387.0,0.0,1367.0,0.0,100.0,41.01169967651367,0.0,0.0
2998,0.0,1892.0,0.1225743889808654,36.99,9.194920539855955,1389.0,0.0,1367.0,0.0,100.0,5.8734002113342285,0.0,0.0
2999,0.0,1892.0,0.1225743889808654,36.99,9.194920539855955,1389.0,0.0,1367.0,0.0,100.0,5.8734002113342285,0.0,0.0
3000,0.0,1892.0,0.1225743889808654,36.99,9.194920539855955,1389.0,0.0,1367.0,0.0,100.0,5.8734002113342285,0.0,0.0
3001,0.0,1892.0,0.1225743889808654,36.99,9.194920539855955,1389.0,0.0,1367.0,0.0,100.0,5.8734002113342285,0.0,0.0
3002,0.0,1892.0,0.1225743889808654,36.99,9.194920539855955,1389.0,0.0,1367.0,0.0,100.0,5.8734002113342285,0.0,0.0
3003,0.0,1892.0,0.1225743889808654,36.99,9.194920539855955,1389.0,0.0,1367.0,0.0,100.0,5.8734002113342285,0.0,0.0
3004,0.0,1892.0,0.1259391009807586,36.99,9.192212104797363,1285.0,0.0,1367.0,0.0,100.0,5.8734002113342285,0.0,0.0
3005,0.0,1892.0,0.1259391009807586,36.99,9.192212104797363,1285.0,0.0,1367.0,0.0,100.0,5.8734002113342285,0.0,0.0
3006,0.0,1892.0,0.1259391009807586,36.99,9.192212104797363,1285.0,0.0,1367.0,0.0,100.0,5.8734002113342285,0.0,0.0
3007,0.0,1892.0,0.1259391009807586,36.99,9.192212104797363,1285.0,0.0,1367.0,0.0,100.0,5.8734002113342285,0.0,0.0
3008,0.0,1892.0,0.1259391009807586,36.99,9.192212104797363,1285.0,0.0,1367.0,0.0,100.0,5.8734002113342285,0.0,0.0
3009,0.0,1892.0,0.1304310411214828,36.99,9.190692901611328,1324.0,0.0,1367.0,0.0,100.0,5.8734002113342285,0.0,0.0
3010,0.0,1892.0,0.1304310411214828,36.99,9.190692901611328,1324.0,0.0,1367.0,0.0,100.0,5.8734002113342285,0.0,0.0
3011,0.0,1892.0,0.1304310411214828,36.99,9.190692901611328,1324.0,0.0,1367.0,0.0,100.0,5.8734002113342285,0.0,0.0
3012,0.0,1892.0,0.1304310411214828,36.99,9.190692901611328,1324.0,0.0,1367.0,0.0,100.0,5.8734002113342285,0.0,0.0
3013,0.0,1892.0,0.1304310411214828,36.99,9.190692901611328,1324.0,0.0,1367.0,0.0,100.0,5.8734002113342285,0.0,0.0
3014,0.0,1892.0,0.4349516630172729,36.99,9.188644409179688,1537.0,0.0,1367.0,0.0004860047774855,100.0,5.8734002113342285,111.0,0.0
3015,0.0,1892.0,0.4349516630172729,36.99,9.188644409179688,1537.0,0.0,1367.0,0.0004860047774855,100.0,5.8734002113342285,111.0,0.0
3016,0.0,1892.0,0.4349516630172729,36.99,9.188644409179688,1537.0,0.0,1367.0,0.0004860047774855,100.0,5.8734002113342285,111.0,0.0
3017,0.0,1892.0,0.4349516630172729,36.99,9.188644409179688,1537.0,0.0,1367.0,0.0004860047774855,100.0,5.8734002113342285,111.0,0.0
3018,0.0,1892.0,0.4349516630172729,36.99,9.188644409179688,1537.0,0.0,1367.0,0.0004860047774855,100.0,5.8734002113342285,111.0,0.0
3019,0.0,1892.0,0.234203040599823,36.99,9.207058906555176,1564.0,0.0,1367.0,0.0,100.0,40.88045120239258,0.0,0.0
3020,0.0,1892.0,0.234203040599823,36.99,9.207058906555176,1564.0,0.0,1367.0,0.0,100.0,40.88045120239258,0.0,0.0
3021,0.0,1892.0,0.234203040599823,36.99,9.207058906555176,1564.0,0.0,1367.0,0.0,100.0,40.88045120239258,0.0,0.0
3022,0.0,1892.0,0.234203040599823,36.99,9.207058906555176,1564.0,0.0,1367.0,0.0,100.0,40.88045120239258,0.0,0.0
3023,0.0,1892.0,0.234203040599823,36.99,9.207058906555176,1564.0,0.0,1367.0,0.0,100.0,40.88045120239258,0.0,0.0
3024,0.0,1892.0,0.1187482923269271,36.99,9.19275188446045,1293.0,0.0,1367.0,0.0,100.0,5.8734002113342285,0.0,0.0
3025,0.0,1892.0,0.1187482923269271,36.99,9.19275188446045,1293.0,0.0,1367.0,0.0,100.0,5.8734002113342285,0.0,0.0
3026,0.0,1892.0,0.1187482923269271,36.99,9.19275188446045,1293.0,0.0,1367.0,0.0,100.0,5.8734002113342285,0.0,0.0
3027,0.0,1892.0,0.1187482923269271,36.99,9.19275188446045,1293.0,0.0,1367.0,0.0,100.0,5.8734002113342285,0.0,0.0
3028,0.0,1892.0,0.1187482923269271,36.99,9.19275188446045,1293.0,0.0,1367.0,0.0,100.0,5.8734002113342285,0.0,0.0
3029,0.0,1892.0,0.1187482923269271,36.99,9.19275188446045,1293.0,0.0,1367.0,0.0,100.0,5.8734002113342285,0.0,0.0
3030,0.0,1892.0,0.1401310265064239,36.99,9.179240226745604,1339.0,0.0,1367.0,0.0,100.0,5.8734002113342285,0.0,0.0
3031,0.0,1892.0,0.1401310265064239,36.99,9.179240226745604,1339.0,0.0,1367.0,0.0,100.0,5.8734002113342285,0.0,0.0
3032,0.0,1892.0,0.1401310265064239,36.99,9.179240226745604,1339.0,0.0,1367.0,0.0,100.0,5.8734002113342285,0.0,0.0
3033,0.0,1892.0,0.1401310265064239,36.99,9.179240226745604,1339.0,0.0,1367.0,0.0,100.0,5.8734002113342285,0.0,0.0
3034,0.0,1892.0,0.1401310265064239,36.99,9.179240226745604,1339.0,0.0,1367.0,0.0,100.0,5.8734002113342285,0.0,0.0
3035,0.0,1892.0,0.223777562379837,36.99,9.179879188537598,1467.0,0.0,1367.0,0.0,100.0,5.8734002113342285,0.0,0.0
3036,0.0,1892.0,0.223777562379837,36.99,9.179879188537598,1467.0,0.0,1367.0,0.0,100.0,5.8734002113342285,0.0,0.0
3037,0.0,1892.0,0.223777562379837,36.99,9.179879188537598,1467.0,0.0,1367.0,0.0,100.0,5.8734002113342285,0.0,0.0
3038,0.0,1892.0,0.223777562379837,36.99,9.179879188537598,1467.0,0.0,1367.0,0.0,100.0,5.8734002113342285,0.0,0.0
3039,0.0,1892.0,0.223777562379837,36.99,9.179879188537598,1467.0,0.0,1367.0,0.0,100.0,5.8734002113342285,0.0,0.0
3040,0.0,1892.0,0.6588427424430847,36.99,9.184453010559082,1311.0,0.0,1367.0,0.0001137034923885,100.0,5.8734002113342285,111.0,0.0
3041,0.0,1892.0,0.6588427424430847,36.99,9.184453010559082,1311.0,0.0,1367.0,0.0001137034923885,100.0,5.8734002113342285,111.0,0.0
3042,0.0,1892.0,0.6588427424430847,36.99,9.184453010559082,1311.0,0.0,1367.0,0.0001137034923885,100.0,5.8734002113342285,111.0,0.0
3043,0.0,1892.0,0.6588427424430847,36.99,9.184453010559082,1311.0,0.0,1367.0,0.0001137034923885,100.0,5.8734002113342285,111.0,0.0
3044,0.0,1892.0,0.6588427424430847,36.99,9.184453010559082,1311.0,0.0,1367.0,0.0001137034923885,100.0,5.8734002113342285,111.0,0.0
3045,0.0,1892.0,0.244564950466156,36.99,9.181658744812012,1503.0,0.0,1367.0,0.0,100.0,40.73201370239258,0.0,0.0
3046,0.0,1892.0,0.244564950466156,36.99,9.181658744812012,1503.0,0.0,1367.0,0.0,100.0,40.73201370239258,0.0,0.0
3047,0.0,1892.0,0.244564950466156,36.99,9.181658744812012,1503.0,0.0,1367.0,0.0,100.0,40.73201370239258,0.0,0.0
3048,0.0,1892.0,0.244564950466156,36.99,9.181658744812012,1503.0,0.0,1367.0,0.0,100.0,40.73201370239258,0.0,0.0
3049,0.0,1892.0,0.244564950466156,36.99,9.181658744812012,1503.0,0.0,1367.0,0.0,100.0,40.73201370239258,0.0,0.0
3050,0.0,1892.0,0.307412326335907,36.99,9.188064575195312,1553.0,0.0,1367.0,0.0,100.0,5.8734002113342285,0.0,0.0
3051,0.0,1892.0,0.307412326335907,36.99,9.188064575195312,1553.0,0.0,1367.0,0.0,100.0,5.8734002113342285,0.0,0.0
3052,0.0,1892.0,0.307412326335907,36.99,9.188064575195312,1553.0,0.0,1367.0,0.0,100.0,5.8734002113342285,0.0,0.0
3053,0.0,1892.0,0.307412326335907,36.99,9.188064575195312,1553.0,0.0,1367.0,0.0,100.0,5.8734002113342285,0.0,0.0
3054,0.0,1892.0,0.307412326335907,36.99,9.188064575195312,1553.0,0.0,1367.0,0.0,100.0,5.8734002113342285,0.0,0.0
3055,0.0,1892.0,0.307412326335907,36.99,9.188064575195312,1553.0,0.0,1367.0,0.0,100.0,5.8734002113342285,0.0,0.0
3056,0.0,1892.0,0.1578996926546096,36.99,9.185938835144045,1380.0,0.0,1367.0,0.0,100.0,5.8734002113342285,0.0,0.0
3057,0.0,1892.0,0.1578996926546096,36.99,9.185938835144045,1380.0,0.0,1367.0,0.0,100.0,5.8734002113342285,0.0,0.0
3058,0.0,1892.0,0.1578996926546096,36.99,9.185938835144045,1380.0,0.0,1367.0,0.0,100.0,5.8734002113342285,0.0,0.0
3059,0.0,1892.0,0.1578996926546096,36.99,9.185938835144045,1380.0,0.0,1367.0,0.0,100.0,5.8734002113342285,0.0,0.0
3060,0.0,1892.0,0.1578996926546096,36.99,9.185938835144045,1380.0,0.0,1367.0,0.0,100.0,5.8734002113342285,0.0,0.0
3061,0.0,1892.0,0.1050545275211334,36.99,9.164314270019531,1205.0,0.0,1367.0,0.0004336644487921,100.0,40.649200439453125,168.0,0.0
3062,0.0,1892.0,0.1050545275211334,36.99,9.164314270019531,1205.0,0.0,1367.0,0.0004336644487921,100.0,40.649200439453125,168.0,0.0
3063,0.0,1892.0,0.1050545275211334,36.99,9.164314270019531,1205.0,0.0,1367.0,0.0004336644487921,100.0,40.649200439453125,168.0,0.0
3064,0.0,1892.0,0.1050545275211334,36.99,9.164314270019531,1205.0,0.0,1367.0,0.0004336644487921,100.0,40.649200439453125,168.0,0.0
3065,0.0,1892.0,0.1050545275211334,36.99,9.164314270019531,1205.0,0.0,1367.0,0.0004336644487921,100.0,40.649200439453125,168.0,0.0
3066,0.0,1892.0,0.0869162678718566,36.99,15.11505889892578,1228.0,0.0,1367.0,0.0,100.0,5.8734002113342285,0.0,0.0
3067,0.0,1892.0,0.0869162678718566,36.99,15.11505889892578,1228.0,0.0,1367.0,0.0,100.0,5.8734002113342285,0.0,0.0
3068,0.0,1892.0,0.0869162678718566,36.99,15.11505889892578,1228.0,0.0,1367.0,0.0,100.0,5.8734002113342285,0.0,0.0
3069,0.0,1892.0,0.0869162678718566,36.99,15.11505889892578,1228.0,0.0,1367.0,0.0,100.0,5.8734002113342285,0.0,0.0
3070,0.0,1892.0,0.0869162678718566,36.99,15.11505889892578,1228.0,0.0,1367.0,0.0,100.0,5.8734002113342285,0.0,0.0
3071,0.0,1892.0,0.1620962172746658,36.99,9.17757511138916,1347.0,0.0,1367.0,0.0,100.0,5.8734002113342285,0.0,0.0
3072,0.0,1892.0,0.1620962172746658,36.99,9.17757511138916,1347.0,0.0,1367.0,0.0,100.0,5.8734002113342285,0.0,0.0
3073,0.0,1892.0,0.1620962172746658,36.99,9.17757511138916,1347.0,0.0,1367.0,0.0,100.0,5.8734002113342285,0.0,0.0
3074,0.0,1892.0,0.1620962172746658,36.99,9.17757511138916,1347.0,0.0,1367.0,0.0,100.0,5.8734002113342285,0.0,0.0
3075,0.0,1892.0,0.1620962172746658,36.99,9.17757511138916,1347.0,0.0,1367.0,0.0,100.0,5.8734002113342285,0.0,0.0
3076,0.0,1892.0,0.2821645736694336,36.99,9.17523193359375,1514.0,0.0,1367.0,0.0,100.0,5.8734002113342285,0.0,0.0
3077,0.0,1892.0,0.2821645736694336,36.99,9.17523193359375,1514.0,0.0,1367.0,0.0,100.0,5.8734002113342285,0.0,0.0
3078,0.0,1892.0,0.2821645736694336,36.99,9.17523193359375,1514.0,0.0,1367.0,0.0,100.0,5.8734002113342285,0.0,0.0
3079,0.0,1892.0,0.2821645736694336,36.99,9.17523193359375,1514.0,0.0,1367.0,0.0,100.0,5.8734002113342285,0.0,0.0
3080,0.0,1892.0,0.2821645736694336,36.99,9.17523193359375,1514.0,0.0,1367.0,0.0,100.0,5.8734002113342285,0.0,0.0
3081,0.0,1892.0,0.2821645736694336,36.99,9.17523193359375,1514.0,0.0,1367.0,0.0,100.0,5.8734002113342285,0.0,0.0
3082,0.0,1892.0,0.1426640748977661,36.99,9.184599876403809,1368.0,0.0,1367.0,0.0,100.0,5.8734002113342285,0.0,0.0
3083,0.0,1892.0,0.1426640748977661,36.99,9.184599876403809,1368.0,0.0,1367.0,0.0,100.0,5.8734002113342285,0.0,0.0
3084,0.0,1892.0,0.1426640748977661,36.99,9.184599876403809,1368.0,0.0,1367.0,0.0,100.0,5.8734002113342285,0.0,0.0
3085,0.0,1892.0,0.1426640748977661,36.99,9.184599876403809,1368.0,0.0,1367.0,0.0,100.0,5.8734002113342285,0.0,0.0
3086,0.0,1892.0,0.1426640748977661,36.99,9.184599876403809,1368.0,0.0,1367.0,0.0,100.0,5.8734002113342285,0.0,0.0
3087,0.0,1892.0,0.1550659984350204,36.99,9.16940975189209,1341.0,0.0,1367.0,0.0001852122222771,100.0,5.8734002113342285,111.0,0.0
3088,0.0,1892.0,0.1550659984350204,36.99,9.16940975189209,1341.0,0.0,1367.0,0.0001852122222771,100.0,5.8734002113342285,111.0,0.0
3089,0.0,1892.0,0.1550659984350204,36.99,9.16940975189209,1341.0,0.0,1367.0,0.0001852122222771,100.0,5.8734002113342285,111.0,0.0
3090,0.0,1892.0,0.1550659984350204,36.99,9.16940975189209,1341.0,0.0,1367.0,0.0001852122222771,100.0,5.8734002113342285,111.0,0.0
3091,0.0,1892.0,0.1550659984350204,36.99,9.16940975189209,1341.0,0.0,1367.0,0.0001852122222771,100.0,5.8734002113342285,111.0,0.0
3092,0.0,1892.0,0.2310624718666076,36.99,9.151994705200195,1325.0,0.0,1367.0,0.0,100.0,40.60701370239258,0.0,0.0
3093,0.0,1892.0,0.2310624718666076,36.99,9.151994705200195,1325.0,0.0,1367.0,0.0,100.0,40.60701370239258,0.0,0.0
3094,0.0,1892.0,0.2310624718666076,36.99,9.151994705200195,1325.0,0.0,1367.0,0.0,100.0,40.60701370239258,0.0,0.0
3095,0.0,1892.0,0.2310624718666076,36.99,9.151994705200195,1325.0,0.0,1367.0,0.0,100.0,40.60701370239258,0.0,0.0
3096,0.0,1892.0,0.2310624718666076,36.99,9.151994705200195,1325.0,0.0,1367.0,0.0,100.0,40.60701370239258,0.0,0.0
3097,0.0,1892.0,0.0882183909416198,36.99,9.16372299194336,1247.0,0.0,1367.0,0.0,100.0,5.8734002113342285,0.0,0.0
3098,0.0,1892.0,0.0882183909416198,36.99,9.16372299194336,1247.0,0.0,1367.0,0.0,100.0,5.8734002113342285,0.0,0.0
3099,0.0,1892.0,0.0882183909416198,36.99,9.16372299194336,1247.0,0.0,1367.0,0.0,100.0,5.8734002113342285,0.0,0.0
3100,0.0,1892.0,0.0882183909416198,36.99,9.16372299194336,1247.0,0.0,1367.0,0.0,100.0,5.8734002113342285,0.0,0.0
3101,0.0,1892.0,0.0882183909416198,36.99,9.16372299194336,1247.0,0.0,1367.0,0.0,100.0,5.8734002113342285,0.0,0.0
3102,0.0,1892.0,0.1531626284122467,36.99,9.150276184082031,1392.0,0.0,1367.0,0.0,100.0,5.8734002113342285,0.0,0.0
3103,0.0,1892.0,0.1531626284122467,36.99,9.150276184082031,1392.0,0.0,1367.0,0.0,100.0,5.8734002113342285,0.0,0.0
3104,0.0,1892.0,0.1531626284122467,36.99,9.150276184082031,1392.0,0.0,1367.0,0.0,100.0,5.8734002113342285,0.0,0.0
3105,0.0,1892.0,0.1531626284122467,36.99,9.150276184082031,1392.0,0.0,1367.0,0.0,100.0,5.8734002113342285,0.0,0.0
3106,0.0,1892.0,0.1531626284122467,36.99,9.150276184082031,1392.0,0.0,1367.0,0.0,100.0,5.8734002113342285,0.0,0.0
3107,0.0,1892.0,0.1531626284122467,36.99,9.150276184082031,1392.0,0.0,1367.0,0.0,100.0,5.8734002113342285,0.0,0.0
3108,0.0,1892.0,0.1668189018964767,36.99,9.148940086364746,1409.0,0.0,1367.0,0.0,100.0,5.8734002113342285,0.0,0.0
3109,0.0,1892.0,0.1668189018964767,36.99,9.148940086364746,1409.0,0.0,1367.0,0.0,100.0,5.8734002113342285,0.0,0.0
3110,0.0,1892.0,0.1668189018964767,36.99,9.148940086364746,1409.0,0.0,1367.0,0.0,100.0,5.8734002113342285,0.0,0.0
3111,0.0,1892.0,0.1668189018964767,36.99,9.148940086364746,1409.0,0.0,1367.0,0.0,100.0,5.8734002113342285,0.0,0.0
3112,0.0,1892.0,0.1668189018964767,36.99,9.148940086364746,1409.0,0.0,1367.0,0.0,100.0,5.8734002113342285,0.0,0.0
3113,0.0,1892.0,0.1434645354747772,36.99,9.155803680419922,1328.0,0.0,1367.0,0.0002908295136876,100.0,5.8734002113342285,111.0,0.0
3114,0.0,1892.0,0.1434645354747772,36.99,9.155803680419922,1328.0,0.0,1367.0,0.0002908295136876,100.0,5.8734002113342285,111.0,0.0
3115,0.0,1892.0,0.1434645354747772,36.99,9.155803680419922,1328.0,0.0,1367.0,0.0002908295136876,100.0,5.8734002113342285,111.0,0.0
3116,0.0,1892.0,0.1434645354747772,36.99,9.155803680419922,1328.0,0.0,1367.0,0.0002908295136876,100.0,5.8734002113342285,111.0,0.0
3117,0.0,1892.0,0.1434645354747772,36.99,9.155803680419922,1328.0,0.0,1367.0,0.0002908295136876,100.0,5.8734002113342285,111.0,0.0
3118,0.0,1892.0,0.4128420352935791,36.99,9.166908264160156,1512.0,0.0,1367.0,0.0,100.0,40.52576446533203,0.0,0.0
3119,0.0,1892.0,0.4128420352935791,36.99,9.166908264160156,1512.0,0.0,1367.0,0.0,100.0,40.52576446533203,0.0,0.0
3120,0.0,1892.0,0.4128420352935791,36.99,9.166908264160156,1512.0,0.0,1367.0,0.0,100.0,40.52576446533203,0.0,0.0
3121,0.0,1892.0,0.4128420352935791,36.99,9.166908264160156,1512.0,0.0,1367.0,0.0,100.0,40.52576446533203,0.0,0.0
3122,0.0,1892.0,0.4128420352935791,36.99,9.166908264160156,1512.0,0.0,1367.0,0.0,100.0,40.52576446533203,0.0,0.0
3123,0.0,1892.0,0.1762633472681045,36.99,9.168071746826172,1394.0,0.0,1367.0,0.0,100.0,5.8734002113342285,0.0,0.0
3124,0.0,1892.0,0.1762633472681045,36.99,9.168071746826172,1394.0,0.0,1367.0,0.0,100.0,5.8734002113342285,0.0,0.0
3125,0.0,1892.0,0.1762633472681045,36.99,9.168071746826172,1394.0,0.0,1367.0,0.0,100.0,5.8734002113342285,0.0,0.0
3126,0.0,1892.0,0.1762633472681045,36.99,9.168071746826172,1394.0,0.0,1367.0,0.0,100.0,5.8734002113342285,0.0,0.0
3127,0.0,1892.0,0.1762633472681045,36.99,9.168071746826172,1394.0,0.0,1367.0,0.0,100.0,5.8734002113342285,0.0,0.0
3128,0.0,1892.0,0.1762633472681045,36.99,9.168071746826172,1394.0,0.0,1367.0,0.0,100.0,5.8734002113342285,0.0,0.0
3129,0.0,1892.0,0.1254434734582901,36.99,9.153549194335938,1199.0,0.0,1367.0,0.0,100.0,5.8734002113342285,0.0,0.0
3130,0.0,1892.0,0.1254434734582901,36.99,9.153549194335938,1199.0,0.0,1367.0,0.0,100.0,5.8734002113342285,0.0,0.0
3131,0.0,1892.0,0.1254434734582901,36.99,9.153549194335938,1199.0,0.0,1367.0,0.0,100.0,5.8734002113342285,0.0,0.0
3132,0.0,1892.0,0.1254434734582901,36.99,9.153549194335938,1199.0,0.0,1367.0,0.0,100.0,5.8734002113342285,0.0,0.0
3133,0.0,1892.0,0.1254434734582901,36.99,9.153549194335938,1199.0,0.0,1367.0,0.0,100.0,5.8734002113342285,0.0,0.0
3134,0.0,1892.0,0.2326928377151489,36.99,9.152655601501465,1422.0,0.0,1367.0,0.0,100.0,5.8734002113342285,0.0,0.0
3135,0.0,1892.0,0.2326928377151489,36.99,9.152655601501465,1422.0,0.0,1367.0,0.0,100.0,5.8734002113342285,0.0,0.0
3136,0.0,1892.0,0.2326928377151489,36.99,9.152655601501465,1422.0,0.0,1367.0,0.0,100.0,5.8734002113342285,0.0,0.0
3137,0.0,1892.0,0.2326928377151489,36.99,9.152655601501465,1422.0,0.0,1367.0,0.0,100.0,5.8734002113342285,0.0,0.0
3138,0.0,1892.0,0.2326928377151489,36.99,9.152655601501465,1422.0,0.0,1367.0,0.0,100.0,5.8734002113342285,0.0,0.0
3139,0.0,1892.0,0.2779155969619751,36.99,9.15792465209961,1515.0,0.0,1367.0,0.0002619528677314,100.0,40.438262939453125,111.0,0.0
3140,0.0,1892.0,0.2779155969619751,36.99,9.15792465209961,1515.0,0.0,1367.0,0.0002619528677314,100.0,40.438262939453125,111.0,0.0
3141,0.0,1892.0,0.2779155969619751,36.99,9.15792465209961,1515.0,0.0,1367.0,0.0002619528677314,100.0,40.438262939453125,111.0,0.0
3142,0.0,1892.0,0.2779155969619751,36.99,9.15792465209961,1515.0,0.0,1367.0,0.0002619528677314,100.0,40.438262939453125,111.0,0.0
3143,0.0,1892.0,0.2779155969619751,36.99,9.15792465209961,1515.0,0.0,1367.0,0.0002619528677314,100.0,40.438262939453125,111.0,0.0
3144,0.0,1892.0,0.2998024225234985,36.99,9.178979873657228,1476.0,0.0,1367.0,0.0,100.0,5.8734002113342285,0.0,0.0
3145,0.0,1892.0,0.2998024225234985,36.99,9.178979873657228,1476.0,0.0,1367.0,0.0,100.0,5.8734002113342285,0.0,0.0
3146,0.0,1892.0,0.2998024225234985,36.99,9.178979873657228,1476.0,0.0,1367.0,0.0,100.0,5.8734002113342285,0.0,0.0
3147,0.0,1892.0,0.2998024225234985,36.99,9.178979873657228,1476.0,0.0,1367.0,0.0,100.0,5.8734002113342285,0.0,0.0
3148,0.0,1892.0,0.2998024225234985,36.99,9.178979873657228,1476.0,0.0,1367.0,0.0,100.0,5.8734002113342285,0.0,0.0
3149,0.0,1892.0,0.2781888842582702,36.99,9.169387817382812,1549.0,0.0,1367.0,0.008444108068943,100.0,40.476348876953125,222.0,0.0
3150,0.0,1892.0,0.2781888842582702,36.99,9.169387817382812,1549.0,0.0,1367.0,0.008444108068943,100.0,40.476348876953125,222.0,0.0
3151,0.0,1892.0,0.2781888842582702,36.99,9.169387817382812,1549.0,0.0,1367.0,0.008444108068943,100.0,40.476348876953125,222.0,0.0
3152,0.0,1892.0,0.2781888842582702,36.99,9.169387817382812,1549.0,0.0,1367.0,0.008444108068943,100.0,40.476348876953125,222.0,0.0
3153,0.0,1892.0,0.2781888842582702,36.99,9.169387817382812,1549.0,0.0,1367.0,0.008444108068943,100.0,40.476348876953125,222.0,0.0
3154,0.0,1892.0,0.2781888842582702,36.99,9.169387817382812,1549.0,0.0,1367.0,0.008444108068943,100.0,40.476348876953125,222.0,0.0
3155,0.0,1892.0,0.1472825556993484,36.99,9.14946460723877,1472.0,0.0,1367.0,0.0008174346294254,100.0,40.406490325927734,111.0,0.0
3156,0.0,1892.0,0.1472825556993484,36.99,9.14946460723877,1472.0,0.0,1367.0,0.0008174346294254,100.0,40.406490325927734,111.0,0.0
3157,0.0,1892.0,0.1472825556993484,36.99,9.14946460723877,1472.0,0.0,1367.0,0.0008174346294254,100.0,40.406490325927734,111.0,0.0
3158,0.0,1892.0,0.1472825556993484,36.99,9.14946460723877,1472.0,0.0,1367.0,0.0008174346294254,100.0,40.406490325927734,111.0,0.0
3159,0.0,1892.0,0.1472825556993484,36.99,9.14946460723877,1472.0,0.0,1367.0,0.0008174346294254,100.0,40.406490325927734,111.0,0.0
3160,0.0,1892.0,0.0847770571708679,36.99,9.141470909118652,1269.0,0.0,1367.0,0.0019257643725723,100.0,40.39607620239258,111.0,0.0
3161,0.0,1892.0,0.0847770571708679,36.99,9.141470909118652,1269.0,0.0,1367.0,0.0019257643725723,100.0,40.39607620239258,111.0,0.0
3162,0.0,1892.0,0.0847770571708679,36.99,9.141470909118652,1269.0,0.0,1367.0,0.0019257643725723,100.0,40.39607620239258,111.0,0.0
3163,0.0,1892.0,0.0847770571708679,36.99,9.141470909118652,1269.0,0.0,1367.0,0.0019257643725723,100.0,40.39607620239258,111.0,0.0
3164,0.0,1892.0,0.0847770571708679,36.99,9.141470909118652,1269.0,0.0,1367.0,0.0019257643725723,100.0,40.39607620239258,111.0,0.0
3165,0.0,1892.0,0.095698244869709,36.99,9.134597778320312,1288.0,0.0,1367.0,0.0,100.0,5.8734002113342285,0.0,0.0
3166,0.0,1892.0,0.095698244869709,36.99,9.134597778320312,1288.0,0.0,1367.0,0.0,100.0,5.8734002113342285,0.0,0.0
3167,0.0,1892.0,0.095698244869709,36.99,9.134597778320312,1288.0,0.0,1367.0,0.0,100.0,5.8734002113342285,0.0,0.0
3168,0.0,1892.0,0.095698244869709,36.99,9.134597778320312,1288.0,0.0,1367.0,0.0,100.0,5.8734002113342285,0.0,0.0
3169,0.0,1892.0,0.095698244869709,36.99,9.134597778320312,1288.0,0.0,1367.0,0.0,100.0,5.8734002113342285,0.0,0.0
3170,0.0,1892.0,0.2143938392400741,36.99,9.145867347717283,1409.0,0.0,1367.0,0.0,100.0,5.8734002113342285,0.0,0.0
3171,0.0,1892.0,0.2143938392400741,36.99,9.145867347717283,1409.0,0.0,1367.0,0.0,100.0,5.8734002113342285,0.0,0.0
3172,0.0,1892.0,0.2143938392400741,36.99,9.145867347717283,1409.0,0.0,1367.0,0.0,100.0,5.8734002113342285,0.0,0.0
3173,0.0,1892.0,0.2143938392400741,36.99,9.145867347717283,1409.0,0.0,1367.0,0.0,100.0,5.8734002113342285,0.0,0.0
3174,0.0,1892.0,0.2143938392400741,36.99,9.145867347717283,1409.0,0.0,1367.0,0.0,100.0,5.8734002113342285,0.0,0.0
3175,0.0,1892.0,0.1363317966461181,36.99,9.139400482177734,1283.0,0.0,1367.0,0.0,100.0,5.8734002113342285,0.0,0.0
3176,0.0,1892.0,0.1363317966461181,36.99,9.139400482177734,1283.0,0.0,1367.0,0.0,100.0,5.8734002113342285,0.0,0.0
3177,0.0,1892.0,0.1363317966461181,36.99,9.139400482177734,1283.0,0.0,1367.0,0.0,100.0,5.8734002113342285,0.0,0.0
3178,0.0,1892.0,0.1363317966461181,36.99,9.139400482177734,1283.0,0.0,1367.0,0.0,100.0,5.8734002113342285,0.0,0.0
3179,0.0,1892.0,0.1363317966461181,36.99,9.139400482177734,1283.0,0.0,1367.0,0.0,100.0,5.8734002113342285,0.0,0.0
3180,0.0,1892.0,0.1363317966461181,36.99,9.139400482177734,1283.0,0.0,1367.0,0.0,100.0,5.8734002113342285,0.0,0.0
3181,0.0,1892.0,0.1972875595092773,36.99,9.15135097503662,1429.0,0.0,1367.0,0.0,100.0,5.8734002113342285,0.0,0.0
3182,0.0,1892.0,0.1972875595092773,36.99,9.15135097503662,1429.0,0.0,1367.0,0.0,100.0,5.8734002113342285,0.0,0.0
3183,0.0,1892.0,0.1972875595092773,36.99,9.15135097503662,1429.0,0.0,1367.0,0.0,100.0,5.8734002113342285,0.0,0.0
3184,0.0,1892.0,0.1972875595092773,36.99,9.15135097503662,1429.0,0.0,1367.0,0.0,100.0,5.8734002113342285,0.0,0.0
3185,0.0,1892.0,0.1972875595092773,36.99,9.15135097503662,1429.0,0.0,1367.0,0.0,100.0,5.8734002113342285,0.0,0.0
3186,0.0,1892.0,0.2082612961530685,36.99,9.158366203308104,1398.0,0.0,1367.0,0.0005378567730076,100.0,40.27107620239258,111.0,0.0
3187,0.0,1892.0,0.2082612961530685,36.99,9.158366203308104,1398.0,0.0,1367.0,0.0005378567730076,100.0,40.27107620239258,111.0,0.0
3188,0.0,1892.0,0.2082612961530685,36.99,9.158366203308104,1398.0,0.0,1367.0,0.0005378567730076,100.0,40.27107620239258,111.0,0.0
3189,0.0,1892.0,0.2082612961530685,36.99,9.158366203308104,1398.0,0.0,1367.0,0.0005378567730076,100.0,40.27107620239258,111.0,0.0
3190,0.0,1892.0,0.2082612961530685,36.99,9.158366203308104,1398.0,0.0,1367.0,0.0005378567730076,100.0,40.27107620239258,111.0,0.0
3191,0.0,1892.0,0.16291543841362,36.99,9.140645027160645,1281.0,0.0,1367.0,0.0,100.0,5.8734002113342285,0.0,0.0
3192,0.0,1892.0,0.16291543841362,36.99,9.140645027160645,1281.0,0.0,1367.0,0.0,100.0,5.8734002113342285,0.0,0.0
3193,0.0,1892.0,0.16291543841362,36.99,9.140645027160645,1281.0,0.0,1367.0,0.0,100.0,5.8734002113342285,0.0,0.0
3194,0.0,1892.0,0.16291543841362,36.99,9.140645027160645,1281.0,0.0,1367.0,0.0,100.0,5.8734002113342285,0.0,0.0
3195,0.0,1892.0,0.16291543841362,36.99,9.140645027160645,1281.0,0.0,1367.0,0.0,100.0,5.8734002113342285,0.0,0.0
3196,0.0,1892.0,0.1008952036499977,36.99,9.130739212036133,1239.0,0.0,1367.0,0.0,100.0,5.8734002113342285,0.0,0.0
3197,0.0,1892.0,0.1008952036499977,36.99,9.130739212036133,1239.0,0.0,1367.0,0.0,100.0,5.8734002113342285,0.0,0.0
3198,0.0,1892.0,0.1008952036499977,36.99,9.130739212036133,1239.0,0.0,1367.0,0.0,100.0,5.8734002113342285,0.0,0.0
3199,0.0,1892.0,0.1008952036499977,36.99,9.130739212036133,1239.0,0.0,1367.0,0.0,100.0,5.8734002113342285,0.0,0.0
3200,0.0,1892.0,0.1008952036499977,36.99,9.130739212036133,1239.0,0.0,1367.0,0.0,100.0,5.8734002113342285,0.0,0.0
3201,0.0,1892.0,0.5310764908790588,36.99,9.135833740234377,1517.0,0.0,1367.0,0.0,100.0,5.8734002113342285,0.0,0.0
3202,0.0,1892.0,0.5310764908790588,36.99,9.135833740234377,1517.0,0.0,1367.0,0.0,100.0,5.8734002113342285,0.0,0.0
3203,0.0,1892.0,0.5310764908790588,36.99,9.135833740234377,1517.0,0.0,1367.0,0.0,100.0,5.8734002113342285,0.0,0.0
3204,0.0,1892.0,0.5310764908790588,36.99,9.135833740234377,1517.0,0.0,1367.0,0.0,100.0,5.8734002113342285,0.0,0.0
3205,0.0,1892.0,0.5310764908790588,36.99,9.135833740234377,1517.0,0.0,1367.0,0.0,100.0,5.8734002113342285,0.0,0.0
3206,0.0,1892.0,0.5310764908790588,36.99,9.135833740234377,1517.0,0.0,1367.0,0.0,100.0,5.8734002113342285,0.0,0.0
3207,0.0,1892.0,0.2010257244110107,36.99,9.15329360961914,1429.0,0.0,1367.0,0.0,100.0,5.8734002113342285,0.0,0.0
3208,0.0,1892.0,0.2010257244110107,36.99,9.15329360961914,1429.0,0.0,1367.0,0.0,100.0,5.8734002113342285,0.0,0.0
3209,0.0,1892.0,0.2010257244110107,36.99,9.15329360961914,1429.0,0.0,1367.0,0.0,100.0,5.8734002113342285,0.0,0.0
3210,0.0,1892.0,0.2010257244110107,36.99,9.15329360961914,1429.0,0.0,1367.0,0.0,100.0,5.8734002113342285,0.0,0.0
3211,0.0,1892.0,0.2010257244110107,36.99,9.15329360961914,1429.0,0.0,1367.0,0.0,100.0,5.8734002113342285,0.0,0.0
3212,0.0,1892.0,0.145876795053482,36.99,9.154512405395508,1331.0,0.0,1367.0,0.0002985153114423,100.0,5.8734002113342285,111.0,0.0
3213,0.0,1892.0,0.145876795053482,36.99,9.154512405395508,1331.0,0.0,1367.0,0.0002985153114423,100.0,5.8734002113342285,111.0,0.0
3214,0.0,1892.0,0.145876795053482,36.99,9.154512405395508,1331.0,0.0,1367.0,0.0002985153114423,100.0,5.8734002113342285,111.0,0.0
3215,0.0,1892.0,0.145876795053482,36.99,9.154512405395508,1331.0,0.0,1367.0,0.0002985153114423,100.0,5.8734002113342285,111.0,0.0
3216,0.0,1892.0,0.145876795053482,36.99,9.154512405395508,1331.0,0.0,1367.0,0.0002985153114423,100.0,5.8734002113342285,111.0,0.0
3217,0.0,1892.0,0.1170284152030944,36.99,9.144415855407717,1271.0,0.0,1367.0,0.0,100.0,40.375762939453125,0.0,0.0
3218,0.0,1892.0,0.1170284152030944,36.99,9.144415855407717,1271.0,0.0,1367.0,0.0,100.0,40.375762939453125,0.0,0.0
3219,0.0,1892.0,0.1170284152030944,36.99,9.144415855407717,1271.0,0.0,1367.0,0.0,100.0,40.375762939453125,0.0,0.0
3220,0.0,1892.0,0.1170284152030944,36.99,9.144415855407717,1271.0,0.0,1367.0,0.0,100.0,40.375762939453125,0.0,0.0
3221,0.0,1892.0,0.1170284152030944,36.99,9.144415855407717,1271.0,0.0,1367.0,0.0,100.0,40.375762939453125,0.0,0.0
3222,0.0,1892.0,0.1792118400335312,36.99,9.12848949432373,1453.0,0.0,1367.0,0.0,100.0,5.8734002113342285,0.0,0.0
3223,0.0,1892.0,0.1792118400335312,36.99,9.12848949432373,1453.0,0.0,1367.0,0.0,100.0,5.8734002113342285,0.0,0.0
3224,0.0,1892.0,0.1792118400335312,36.99,9.12848949432373,1453.0,0.0,1367.0,0.0,100.0,5.8734002113342285,0.0,0.0
3225,0.0,1892.0,0.1792118400335312,36.99,9.12848949432373,1453.0,0.0,1367.0,0.0,100.0,5.8734002113342285,0.0,0.0
3226,0.0,1892.0,0.1792118400335312,36.99,9.12848949432373,1453.0,0.0,1367.0,0.0,100.0,5.8734002113342285,0.0,0.0
3227,0.0,1892.0,0.1792118400335312,36.99,9.12848949432373,1453.0,0.0,1367.0,0.0,100.0,5.8734002113342285,0.0,0.0
3228,0.0,1892.0,0.0938043296337127,36.99,9.121073722839355,1203.0,0.0,1367.0,0.0,100.0,5.8734002113342285,0.0,0.0
3229,0.0,1892.0,0.0938043296337127,36.99,9.121073722839355,1203.0,0.0,1367.0,0.0,100.0,5.8734002113342285,0.0,0.0
3230,0.0,1892.0,0.0938043296337127,36.99,9.121073722839355,1203.0,0.0,1367.0,0.0,100.0,5.8734002113342285,0.0,0.0
3231,0.0,1892.0,0.0938043296337127,36.99,9.121073722839355,1203.0,0.0,1367.0,0.0,100.0,5.8734002113342285,0.0,0.0
3232,0.0,1892.0,0.0938043296337127,36.99,9.121073722839355,1203.0,0.0,1367.0,0.0,100.0,5.8734002113342285,0.0,0.0
3233,0.0,1892.0,0.112227015197277,36.99,9.127695083618164,1275.0,0.0,1367.0,0.0,100.0,5.8734002113342285,0.0,0.0
3234,0.0,1892.0,0.112227015197277,36.99,9.127695083618164,1275.0,0.0,1367.0,0.0,100.0,5.8734002113342285,0.0,0.0
3235,0.0,1892.0,0.112227015197277,36.99,9.127695083618164,1275.0,0.0,1367.0,0.0,100.0,5.8734002113342285,0.0,0.0
3236,0.0,1892.0,0.112227015197277,36.99,9.127695083618164,1275.0,0.0,1367.0,0.0,100.0,5.8734002113342285,0.0,0.0
3237,0.0,1892.0,0.112227015197277,36.99,9.127695083618164,1275.0,0.0,1367.0,0.0,100.0,5.8734002113342285,0.0,0.0
3238,0.0,1892.0,0.1416016072034835,36.99,9.126540184020996,1343.0,0.0,1367.0,0.0004068998096045,100.0,40.16326141357422,167.0,0.0
3239,0.0,1892.0,0.1416016072034835,36.99,9.126540184020996,1343.0,0.0,1367.0,0.0004068998096045,100.0,40.16326141357422,167.0,0.0
3240,0.0,1892.0,0.1416016072034835,36.99,9.126540184020996,1343.0,0.0,1367.0,0.0004068998096045,100.0,40.16326141357422,167.0,0.0
3241,0.0,1892.0,0.1416016072034835,36.99,9.126540184020996,1343.0,0.0,1367.0,0.0004068998096045,100.0,40.16326141357422,167.0,0.0
3242,0.0,1892.0,0.1416016072034835,36.99,9.126540184020996,1343.0,0.0,1367.0,0.0004068998096045,100.0,40.16326141357422,167.0,0.0
3243,0.0,1892.0,0.1880109459161758,36.99,9.145882606506348,1458.0,0.0,1367.0,0.0,100.0,5.8734002113342285,0.0,0.0
3244,0.0,1892.0,0.1880109459161758,36.99,9.145882606506348,1458.0,0.0,1367.0,0.0,100.0,5.8734002113342285,0.0,0.0
3245,0.0,1892.0,0.1880109459161758,36.99,9.145882606506348,1458.0,0.0,1367.0,0.0,100.0,5.8734002113342285,0.0,0.0
3246,0.0,1892.0,0.1880109459161758,36.99,9.145882606506348,1458.0,0.0,1367.0,0.0,100.0,5.8734002113342285,0.0,0.0
3247,0.0,1892.0,0.1880109459161758,36.99,9.145882606506348,1458.0,0.0,1367.0,0.0,100.0,5.8734002113342285,0.0,0.0
3248,0.0,1892.0,0.1787722557783126,36.99,9.14625072479248,1335.0,0.0,1367.0,0.0,100.0,5.8734002113342285,0.0,0.0
3249,0.0,1892.0,0.1787722557783126,36.99,9.14625072479248,1335.0,0.0,1367.0,0.0,100.0,5.8734002113342285,0.0,0.0
3250,0.0,1892.0,0.1787722557783126,36.99,9.14625072479248,1335.0,0.0,1367.0,0.0,100.0,5.8734002113342285,0.0,0.0
3251,0.0,1892.0,0.1787722557783126,36.99,9.14625072479248,1335.0,0.0,1367.0,0.0,100.0,5.8734002113342285,0.0,0.0
3252,0.0,1892.0,0.1787722557783126,36.99,9.14625072479248,1335.0,0.0,1367.0,0.0,100.0,5.8734002113342285,0.0,0.0
3253,0.0,1892.0,0.1181247159838676,36.99,9.12355613708496,1302.0,0.0,1367.0,0.0,100.0,5.8734002113342285,0.0,0.0
3254,0.0,1892.0,0.1181247159838676,36.99,9.12355613708496,1302.0,0.0,1367.0,0.0,100.0,5.8734002113342285,0.0,0.0
3255,0.0,1892.0,0.1181247159838676,36.99,9.12355613708496,1302.0,0.0,1367.0,0.0,100.0,5.8734002113342285,0.0,0.0
3256,0.0,1892.0,0.1181247159838676,36.99,9.12355613708496,1302.0,0.0,1367.0,0.0,100.0,5.8734002113342285,0.0,0.0
3257,0.0,1892.0,0.1181247159838676,36.99,9.12355613708496,1302.0,0.0,1367.0,0.0,100.0,5.8734002113342285,0.0,0.0
3258,0.0,1892.0,0.1181247159838676,36.99,9.12355613708496,1302.0,0.0,1367.0,0.0,100.0,5.8734002113342285,0.0,0.0
3259,0.0,1892.0,0.1038452535867691,36.99,9.121630668640137,1244.0,0.0,1367.0,0.0001852710556704,100.0,5.8734002113342285,111.0,0.0
3260,0.0,1892.0,0.1038452535867691,36.99,9.121630668640137,1244.0,0.0,1367.0,0.0001852710556704,100.0,5.8734002113342285,111.0,0.0
3261,0.0,1892.0,0.1038452535867691,36.99,9.121630668640137,1244.0,0.0,1367.0,0.0001852710556704,100.0,5.8734002113342285,111.0,0.0
3262,0.0,1892.0,0.1038452535867691,36.99,9.121630668640137,1244.0,0.0,1367.0,0.0001852710556704,100.0,5.8734002113342285,111.0,0.0
3263,0.0,1892.0,0.1038452535867691,36.99,9.121630668640137,1244.0,0.0,1367.0,0.0001852710556704,100.0,5.8734002113342285,111.0,0.0
3264,0.0,1892.0,0.1227633133530616,36.99,9.134963035583496,1280.0,0.0,1367.0,0.0,100.0,40.18357467651367,0.0,0.0
3265,0.0,1892.0,0.1227633133530616,36.99,9.134963035583496,1280.0,0.0,1367.0,0.0,100.0,40.18357467651367,0.0,0.0
3266,0.0,1892.0,0.1227633133530616,36.99,9.134963035583496,1280.0,0.0,1367.0,0.0,100.0,40.18357467651367,0.0,0.0
3267,0.0,1892.0,0.1227633133530616,36.99,9.134963035583496,1280.0,0.0,1367.0,0.0,100.0,40.18357467651367,0.0,0.0
3268,0.0,1892.0,0.1227633133530616,36.99,9.134963035583496,1280.0,0.0,1367.0,0.0,100.0,40.18357467651367,0.0,0.0
3269,0.0,1892.0,0.2303119003772735,36.99,9.12643814086914,1531.0,0.0,1367.0,0.0,100.0,5.8734002113342285,0.0,0.0
3270,0.0,1892.0,0.2303119003772735,36.99,9.12643814086914,1531.0,0.0,1367.0,0.0,100.0,5.8734002113342285,0.0,0.0
3271,0.0,1892.0,0.2303119003772735,36.99,9.12643814086914,1531.0,0.0,1367.0,0.0,100.0,5.8734002113342285,0.0,0.0
3272,0.0,1892.0,0.2303119003772735,36.99,9.12643814086914,1531.0,0.0,1367.0,0.0,100.0,5.8734002113342285,0.0,0.0
3273,0.0,1892.0,0.2303119003772735,36.99,9.12643814086914,1531.0,0.0,1367.0,0.0,100.0,5.8734002113342285,0.0,0.0
3274,0.0,1892.0,0.2077695727348327,36.99,9.134005546569824,1397.0,0.0,1367.0,0.0,100.0,5.8734002113342285,0.0,0.0
3275,0.0,1892.0,0.2077695727348327,36.99,9.134005546569824,1397.0,0.0,1367.0,0.0,100.0,5.8734002113342285,0.0,0.0
3276,0.0,1892.0,0.2077695727348327,36.99,9.134005546569824,1397.0,0.0,1367.0,0.0,100.0,5.8734002113342285,0.0,0.0
3277,0.0,1892.0,0.2077695727348327,36.99,9.134005546569824,1397.0,0.0,1367.0,0.0,100.0,5.8734002113342285,0.0,0.0
3278,0.0,1892.0,0.2077695727348327,36.99,9.134005546569824,1397.0,0.0,1367.0,0.0,100.0,5.8734002113342285,0.0,0.0
3279,0.0,1892.0,0.2077695727348327,36.99,9.134005546569824,1397.0,0.0,1367.0,0.0,100.0,5.8734002113342285,0.0,0.0
3280,0.0,1892.0,0.0852971449494361,36.99,9.129928588867188,1251.0,0.0,1367.0,0.0,100.0,5.8734002113342285,0.0,0.0
3281,0.0,1892.0,0.0852971449494361,36.99,9.129928588867188,1251.0,0.0,1367.0,0.0,100.0,5.8734002113342285,0.0,0.0
3282,0.0,1892.0,0.0852971449494361,36.99,9.129928588867188,1251.0,0.0,1367.0,0.0,100.0,5.8734002113342285,0.0,0.0
3283,0.0,1892.0,0.0852971449494361,36.99,9.129928588867188,1251.0,0.0,1367.0,0.0,100.0,5.8734002113342285,0.0,0.0
3284,0.0,1892.0,0.0852971449494361,36.99,9.129928588867188,1251.0,0.0,1367.0,0.0,100.0,5.8734002113342285,0.0,0.0
3285,0.0,1892.0,0.1701160371303558,36.99,9.112100601196287,1383.0,0.0,1367.0,0.0002959726552944,100.0,5.8734002113342285,111.0,0.0
3286,0.0,1892.0,0.1701160371303558,36.99,9.112100601196287,1383.0,0.0,1367.0,0.0002959726552944,100.0,5.8734002113342285,111.0,0.0
3287,0.0,1892.0,0.1701160371303558,36.99,9.112100601196287,1383.0,0.0,1367.0,0.0002959726552944,100.0,5.8734002113342285,111.0,0.0
3288,0.0,1892.0,0.1701160371303558,36.99,9.112100601196287,1383.0,0.0,1367.0,0.0002959726552944,100.0,5.8734002113342285,111.0,0.0
3289,0.0,1892.0,0.1701160371303558,36.99,9.112100601196287,1383.0,0.0,1367.0,0.0002959726552944,100.0,5.8734002113342285,111.0,0.0
3290,0.0,1892.0,0.1295828968286514,36.99,9.1188383102417,1266.0,0.0,1367.0,0.0,100.0,40.102325439453125,0.0,0.0
3291,0.0,1892.0,0.1295828968286514,36.99,9.1188383102417,1266.0,0.0,1367.0,0.0,100.0,40.102325439453125,0.0,0.0
3292,0.0,1892.0,0.1295828968286514,36.99,9.1188383102417,1266.0,0.0,1367.0,0.0,100.0,40.102325439453125,0.0,0.0
3293,0.0,1892.0,0.1295828968286514,36.99,9.1188383102417,1266.0,0.0,1367.0,0.0,100.0,40.102325439453125,0.0,0.0
3294,0.0,1892.0,0.1295828968286514,36.99,9.1188383102417,1266.0,0.0,1367.0,0.0,100.0,40.102325439453125,0.0,0.0
3295,0.0,1892.0,0.1487571448087692,36.99,9.115471839904783,1262.0,0.0,1367.0,0.0,100.0,5.8734002113342285,0.0,0.0
3296,0.0,1892.0,0.1487571448087692,36.99,9.115471839904783,1262.0,0.0,1367.0,0.0,100.0,5.8734002113342285,0.0,0.0
3297,0.0,1892.0,0.1487571448087692,36.99,9.115471839904783,1262.0,0.0,1367.0,0.0,100.0,5.8734002113342285,0.0,0.0
3298,0.0,1892.0,0.1487571448087692,36.99,9.115471839904783,1262.0,0.0,1367.0,0.0,100.0,5.8734002113342285,0.0,0.0
3299,0.0,1892.0,0.1487571448087692,36.99,9.115471839904783,1262.0,0.0,1367.0,0.0,100.0,5.8734002113342285,0.0,0.0
3300,0.0,1892.0,0.1324875652790069,36.99,9.118368148803713,1419.0,0.0,1367.0,0.0,100.0,5.8734002113342285,0.0,0.0
3301,0.0,1892.0,0.1324875652790069,36.99,9.118368148803713,1419.0,0.0,1367.0,0.0,100.0,5.8734002113342285,0.0,0.0
3302,0.0,1892.0,0.1324875652790069,36.99,9.118368148803713,1419.0,0.0,1367.0,0.0,100.0,5.8734002113342285,0.0,0.0
3303,0.0,1892.0,0.1324875652790069,36.99,9.118368148803713,1419.0,0.0,1367.0,0.0,100.0,5.8734002113342285,0.0,0.0
3304,0.0,1892.0,0.1324875652790069,36.99,9.118368148803713,1419.0,0.0,1367.0,0.0,100.0,5.8734002113342285,0.0,0.0
3305,0.0,1892.0,0.1324875652790069,36.99,9.118368148803713,1419.0,0.0,1367.0,0.0,100.0,5.8734002113342285,0.0,0.0
3306,0.0,1892.0,0.155031532049179,36.99,9.118820190429688,1395.0,0.0,1367.0,0.0002854893391486,100.0,5.8734002113342285,111.0,0.0
3307,0.0,1892.0,0.155031532049179,36.99,9.118820190429688,1395.0,0.0,1367.0,0.0002854893391486,100.0,5.8734002113342285,111.0,0.0
3308,0.0,1892.0,0.155031532049179,36.99,9.118820190429688,1395.0,0.0,1367.0,0.0002854893391486,100.0,5.8734002113342285,111.0,0.0
3309,0.0,1892.0,0.155031532049179,36.99,9.118820190429688,1395.0,0.0,1367.0,0.0002854893391486,100.0,5.8734002113342285,111.0,0.0
3310,0.0,1892.0,0.155031532049179,36.99,9.118820190429688,1395.0,0.0,1367.0,0.0002854893391486,100.0,5.8734002113342285,111.0,0.0
3311,0.0,1892.0,0.1401572078466415,36.99,9.121549606323242,1347.0,0.0,1367.0,0.0,100.0,5.8734002113342285,0.0,0.0
3312,0.0,1892.0,0.1401572078466415,36.99,9.121549606323242,1347.0,0.0,1367.0,0.0,100.0,5.8734002113342285,0.0,0.0
3313,0.0,1892.0,0.1401572078466415,36.99,9.121549606323242,1347.0,0.0,1367.0,0.0,100.0,5.8734002113342285,0.0,0.0
3314,0.0,1892.0,0.1401572078466415,36.99,9.121549606323242,1347.0,0.0,1367.0,0.0,100.0,5.8734002113342285,0.0,0.0
3315,0.0,1892.0,0.1401572078466415,36.99,9.121549606323242,1347.0,0.0,1367.0,0.0,100.0,5.8734002113342285,0.0,0.0
3316,0.0,1892.0,0.1029847934842109,36.99,9.106595993041992,1243.0,0.0,1367.0,0.0,100.0,5.8734002113342285,0.0,0.0
3317,0.0,1892.0,0.1029847934842109,36.99,9.106595993041992,1243.0,0.0,1367.0,0.0,100.0,5.8734002113342285,0.0,0.0
3318,0.0,1892.0,0.1029847934842109,36.99,9.106595993041992,1243.0,0.0,1367.0,0.0,100.0,5.8734002113342285,0.0,0.0
3319,0.0,1892.0,0.1029847934842109,36.99,9.106595993041992,1243.0,0.0,1367.0,0.0,100.0,5.8734002113342285,0.0,0.0
3320,0.0,1892.0,0.1029847934842109,36.99,9.106595993041992,1243.0,0.0,1367.0,0.0,100.0,5.8734002113342285,0.0,0.0
3321,0.0,1892.0,0.1481733471155166,36.99,9.10864543914795,1376.0,0.0,1367.0,0.0,100.0,5.8734002113342285,0.0,0.0
3322,0.0,1892.0,0.1481733471155166,36.99,9.10864543914795,1376.0,0.0,1367.0,0.0,100.0,5.8734002113342285,0.0,0.0
3323,0.0,1892.0,0.1481733471155166,36.99,9.10864543914795,1376.0,0.0,1367.0,0.0,100.0,5.8734002113342285,0.0,0.0
3324,0.0,1892.0,0.1481733471155166,36.99,9.10864543914795,1376.0,0.0,1367.0,0.0,100.0,5.8734002113342285,0.0,0.0
3325,0.0,1892.0,0.1481733471155166,36.99,9.10864543914795,1376.0,0.0,1367.0,0.0,100.0,5.8734002113342285,0.0,0.0
3326,0.0,1892.0,0.2410790771245956,36.99,9.12447452545166,1490.0,0.0,1367.0,0.0,100.0,5.8734002113342285,0.0,0.0
3327,0.0,1892.0,0.2410790771245956,36.99,9.12447452545166,1490.0,0.0,1367.0,0.0,100.0,5.8734002113342285,0.0,0.0
3328,0.0,1892.0,0.2410790771245956,36.99,9.12447452545166,1490.0,0.0,1367.0,0.0,100.0,5.8734002113342285,0.0,0.0
3329,0.0,1892.0,0.2410790771245956,36.99,9.12447452545166,1490.0,0.0,1367.0,0.0,100.0,5.8734002113342285,0.0,0.0
3330,0.0,1892.0,0.2410790771245956,36.99,9.12447452545166,1490.0,0.0,1367.0,0.0,100.0,5.8734002113342285,0.0,0.0
3331,0.0,1892.0,0.2410790771245956,36.99,9.12447452545166,1490.0,0.0,1367.0,0.0,100.0,5.8734002113342285,0.0,0.0
3332,0.0,1892.0,0.8451046347618103,36.99,9.17752170562744,2132.0,0.0,1367.0,0.0002851374156307,100.0,40.03826141357422,111.0,0.0
3333,0.0,1892.0,0.8451046347618103,36.99,9.17752170562744,2132.0,0.0,1367.0,0.0002851374156307,100.0,40.03826141357422,111.0,0.0
3334,0.0,1892.0,0.8451046347618103,36.99,9.17752170562744,2132.0,0.0,1367.0,0.0002851374156307,100.0,40.03826141357422,111.0,0.0
3335,0.0,1892.0,0.8451046347618103,36.99,9.17752170562744,2132.0,0.0,1367.0,0.0002851374156307,100.0,40.03826141357422,111.0,0.0
3336,0.0,1892.0,0.8451046347618103,36.99,9.17752170562744,2132.0,0.0,1367.0,0.0002851374156307,100.0,40.03826141357422,111.0,0.0
3337,0.0,1892.0,1.522566556930542,36.99,9.165641784667969,1961.0,0.0,1367.0,0.0,100.0,5.8734002113342285,0.0,0.0
3338,0.0,1892.0,1.522566556930542,36.99,9.165641784667969,1961.0,0.0,1367.0,0.0,100.0,5.8734002113342285,0.0,0.0
3339,0.0,1892.0,1.522566556930542,36.99,9.165641784667969,1961.0,0.0,1367.0,0.0,100.0,5.8734002113342285,0.0,0.0
3340,0.0,1892.0,1.522566556930542,36.99,9.165641784667969,1961.0,0.0,1367.0,0.0,100.0,5.8734002113342285,0.0,0.0
3341,0.0,1892.0,1.522566556930542,36.99,9.165641784667969,1961.0,0.0,1367.0,0.0,100.0,5.8734002113342285,0.0,0.0
3342,0.0,1892.0,1.0208638906478882,36.99,9.193611145019531,2379.0,0.0,1367.0,0.0,100.0,5.8734002113342285,0.0,0.0
3343,0.0,1892.0,1.0208638906478882,36.99,9.193611145019531,2379.0,0.0,1367.0,0.0,100.0,5.8734002113342285,0.0,0.0
3344,0.0,1892.0,1.0208638906478882,36.99,9.193611145019531,2379.0,0.0,1367.0,0.0,100.0,5.8734002113342285,0.0,0.0
3345,0.0,1892.0,1.0208638906478882,36.99,9.193611145019531,2379.0,0.0,1367.0,0.0,100.0,5.8734002113342285,0.0,0.0
3346,0.0,1892.0,1.0208638906478882,36.99,9.193611145019531,2379.0,0.0,1367.0,0.0,100.0,5.8734002113342285,0.0,0.0
3347,0.0,1892.0,0.9765384793281556,36.99,9.206992149353027,2379.0,0.0,1367.0,0.0,100.0,5.8734002113342285,0.0,0.0
3348,0.0,1892.0,0.9765384793281556,36.99,9.206992149353027,2379.0,0.0,1367.0,0.0,100.0,5.8734002113342285,0.0,0.0
3349,0.0,1892.0,0.9765384793281556,36.99,9.206992149353027,2379.0,0.0,1367.0,0.0,100.0,5.8734002113342285,0.0,0.0
3350,0.0,1892.0,0.9765384793281556,36.99,9.206992149353027,2379.0,0.0,1367.0,0.0,100.0,5.8734002113342285,0.0,0.0
3351,0.0,1892.0,0.9765384793281556,36.99,9.206992149353027,2379.0,0.0,1367.0,0.0,100.0,5.8734002113342285,0.0,0.0
3352,0.0,1892.0,0.3163451552391052,36.99,9.170695304870604,1602.0,0.0,1367.0,0.0,100.0,5.8734002113342285,0.0,0.0
3353,0.0,1892.0,0.3163451552391052,36.99,9.170695304870604,1602.0,0.0,1367.0,0.0,100.0,5.8734002113342285,0.0,0.0
3354,0.0,1892.0,0.3163451552391052,36.99,9.170695304870604,1602.0,0.0,1367.0,0.0,100.0,5.8734002113342285,0.0,0.0
3355,0.0,1892.0,0.3163451552391052,36.99,9.170695304870604,1602.0,0.0,1367.0,0.0,100.0,5.8734002113342285,0.0,0.0
3356,0.0,1892.0,0.3163451552391052,36.99,9.170695304870604,1602.0,0.0,1367.0,0.0,100.0,5.8734002113342285,0.0,0.0
3357,0.0,1892.0,0.3163451552391052,36.99,9.170695304870604,1602.0,0.0,1367.0,0.0,100.0,5.8734002113342285,0.0,0.0
3358,0.0,1892.0,0.3157338798046112,36.99,9.14008617401123,2088.0,0.0,1367.0,0.0002895281359087,100.0,5.8734002113342285,111.0,0.0
3359,0.0,1892.0,0.3157338798046112,36.99,9.14008617401123,2088.0,0.0,1367.0,0.0002895281359087,100.0,5.8734002113342285,111.0,0.0
3360,0.0,1892.0,0.3157338798046112,36.99,9.14008617401123,2088.0,0.0,1367.0,0.0002895281359087,100.0,5.8734002113342285,111.0,0.0
3361,0.0,1892.0,0.3157338798046112,36.99,9.14008617401123,2088.0,0.0,1367.0,0.0002895281359087,100.0,5.8734002113342285,111.0,0.0
3362,0.0,1892.0,0.3157338798046112,36.99,9.14008617401123,2088.0,0.0,1367.0,0.0002895281359087,100.0,5.8734002113342285,111.0,0.0
3363,0.0,1892.0,0.4426204860210418,36.99,9.16844367980957,2389.0,0.0,1367.0,0.0015751187456771,100.0,40.1294059753418,222.0,0.0
3364,0.0,1892.0,0.4426204860210418,36.99,9.16844367980957,2389.0,0.0,1367.0,0.0015751187456771,100.0,40.1294059753418,222.0,0.0
3365,0.0,1892.0,0.4426204860210418,36.99,9.16844367980957,2389.0,0.0,1367.0,0.0015751187456771,100.0,40.1294059753418,222.0,0.0
3366,0.0,1892.0,0.4426204860210418,36.99,9.16844367980957,2389.0,0.0,1367.0,0.0015751187456771,100.0,40.1294059753418,222.0,0.0
3367,0.0,1892.0,0.4426204860210418,36.99,9.16844367980957,2389.0,0.0,1367.0,0.0015751187456771,100.0,40.1294059753418,222.0,0.0
3368,0.0,1892.0,0.5108673572540283,36.99,9.17284870147705,2389.0,0.0,1367.0,0.0003725940769072,100.0,40.18566131591797,111.0,0.0
3369,0.0,1892.0,0.5108673572540283,36.99,9.17284870147705,2389.0,0.0,1367.0,0.0003725940769072,100.0,40.18566131591797,111.0,0.0
3370,0.0,1892.0,0.5108673572540283,36.99,9.17284870147705,2389.0,0.0,1367.0,0.0003725940769072,100.0,40.18566131591797,111.0,0.0
3371,0.0,1892.0,0.5108673572540283,36.99,9.17284870147705,2389.0,0.0,1367.0,0.0003725940769072,100.0,40.18566131591797,111.0,0.0
3372,0.0,1892.0,0.5108673572540283,36.99,9.17284870147705,2389.0,0.0,1367.0,0.0003725940769072,100.0,40.18566131591797,111.0,0.0
3373,0.0,1892.0,0.4278572201728821,36.99,9.171955108642578,2386.0,0.0,1367.0,0.0,100.0,5.8734002113342285,0.0,0.0
3374,0.0,1892.0,0.4278572201728821,36.99,9.171955108642578,2386.0,0.0,1367.0,0.0,100.0,5.8734002113342285,0.0,0.0
3375,0.0,1892.0,0.4278572201728821,36.99,9.171955108642578,2386.0,0.0,1367.0,0.0,100.0,5.8734002113342285,0.0,0.0
3376,0.0,1892.0,0.4278572201728821,36.99,9.171955108642578,2386.0,0.0,1367.0,0.0,100.0,5.8734002113342285,0.0,0.0
3377,0.0,1892.0,0.4278572201728821,36.99,9.171955108642578,2386.0,0.0,1367.0,0.0,100.0,5.8734002113342285,0.0,0.0
3378,0.0,1892.0,0.5959975719451904,36.99,9.166078567504885,1752.0,0.0,1367.0,0.0,100.0,5.8734002113342285,0.0,0.0
3379,0.0,1892.0,0.5959975719451904,36.99,9.166078567504885,1752.0,0.0,1367.0,0.0,100.0,5.8734002113342285,0.0,0.0
3380,0.0,1892.0,0.5959975719451904,36.99,9.166078567504885,1752.0,0.0,1367.0,0.0,100.0,5.8734002113342285,0.0,0.0
3381,0.0,1892.0,0.5959975719451904,36.99,9.166078567504885,1752.0,0.0,1367.0,0.0,100.0,5.8734002113342285,0.0,0.0
3382,0.0,1892.0,0.5959975719451904,36.99,9.166078567504885,1752.0,0.0,1367.0,0.0,100.0,5.8734002113342285,0.0,0.0
3383,0.0,1892.0,0.5959975719451904,36.99,9.166078567504885,1752.0,0.0,1367.0,0.0,100.0,5.8734002113342285,0.0,0.0
3384,0.0,1892.0,1.200362205505371,36.99,9.157946586608888,2258.0,0.0,1367.0,0.00015190038539,100.0,5.8734002113342285,111.0,0.0
3385,0.0,1892.0,1.200362205505371,36.99,9.157946586608888,2258.0,0.0,1367.0,0.00015190038539,100.0,5.8734002113342285,111.0,0.0
3386,0.0,1892.0,1.200362205505371,36.99,9.157946586608888,2258.0,0.0,1367.0,0.00015190038539,100.0,5.8734002113342285,111.0,0.0
3387,0.0,1892.0,1.200362205505371,36.99,9.157946586608888,2258.0,0.0,1367.0,0.00015190038539,100.0,5.8734002113342285,111.0,0.0
3388,0.0,1892.0,1.200362205505371,36.99,9.157946586608888,2258.0,0.0,1367.0,0.00015190038539,100.0,5.8734002113342285,111.0,0.0
3389,0.0,1892.0,0.3872627019882202,36.99,9.174644470214844,2390.0,0.0,1367.0,0.0,100.0,40.21274185180664,0.0,0.0
3390,0.0,1892.0,0.3872627019882202,36.99,9.174644470214844,2390.0,0.0,1367.0,0.0,100.0,40.21274185180664,0.0,0.0
3391,0.0,1892.0,0.3872627019882202,36.99,9.174644470214844,2390.0,0.0,1367.0,0.0,100.0,40.21274185180664,0.0,0.0
3392,0.0,1892.0,0.3872627019882202,36.99,9.174644470214844,2390.0,0.0,1367.0,0.0,100.0,40.21274185180664,0.0,0.0
3393,0.0,1892.0,0.3872627019882202,36.99,9.174644470214844,2390.0,0.0,1367.0,0.0,100.0,40.21274185180664,0.0,0.0
3394,0.0,1892.0,0.6522648334503174,36.99,9.172966957092283,2383.0,0.0,1367.0,0.0,100.0,5.8734002113342285,0.0,0.0
3395,0.0,1892.0,0.6522648334503174,36.99,9.172966957092283,2383.0,0.0,1367.0,0.0,100.0,5.8734002113342285,0.0,0.0
3396,0.0,1892.0,0.6522648334503174,36.99,9.172966957092283,2383.0,0.0,1367.0,0.0,100.0,5.8734002113342285,0.0,0.0
3397,0.0,1892.0,0.6522648334503174,36.99,9.172966957092283,2383.0,0.0,1367.0,0.0,100.0,5.8734002113342285,0.0,0.0
3398,0.0,1892.0,0.6522648334503174,36.99,9.172966957092283,2383.0,0.0,1367.0,0.0,100.0,5.8734002113342285,0.0,0.0
3399,0.0,1892.0,0.4809595346450805,36.99,9.171135902404783,2360.0,0.0,1367.0,0.0,100.0,5.8734002113342285,0.0,0.0
3400,0.0,1892.0,0.4809595346450805,36.99,9.171135902404783,2360.0,0.0,1367.0,0.0,100.0,5.8734002113342285,0.0,0.0
3401,0.0,1892.0,0.4809595346450805,36.99,9.171135902404783,2360.0,0.0,1367.0,0.0,100.0,5.8734002113342285,0.0,0.0
3402,0.0,1892.0,0.4809595346450805,36.99,9.171135902404783,2360.0,0.0,1367.0,0.0,100.0,5.8734002113342285,0.0,0.0
3403,0.0,1892.0,0.4809595346450805,36.99,9.171135902404783,2360.0,0.0,1367.0,0.0,100.0,5.8734002113342285,0.0,0.0
3404,0.0,1892.0,0.2987382113933563,36.99,9.146806716918944,1674.0,0.0,1367.0,0.0,100.0,5.8734002113342285,0.0,0.0
3405,0.0,1892.0,0.2987382113933563,36.99,9.146806716918944,1674.0,0.0,1367.0,0.0,100.0,5.8734002113342285,0.0,0.0
3406,0.0,1892.0,0.2987382113933563,36.99,9.146806716918944,1674.0,0.0,1367.0,0.0,100.0,5.8734002113342285,0.0,0.0
3407,0.0,1892.0,0.2987382113933563,36.99,9.146806716918944,1674.0,0.0,1367.0,0.0,100.0,5.8734002113342285,0.0,0.0
3408,0.0,1892.0,0.2987382113933563,36.99,9.146806716918944,1674.0,0.0,1367.0,0.0,100.0,5.8734002113342285,0.0,0.0
3409,0.0,1892.0,0.6383283138275146,36.99,9.180834770202637,2402.0,0.0,1367.0,0.0004053168522659,100.0,40.14295196533203,111.0,0.0
3410,0.0,1892.0,0.6383283138275146,36.99,9.180834770202637,2402.0,0.0,1367.0,0.0004053168522659,100.0,40.14295196533203,111.0,0.0
3411,0.0,1892.0,0.6383283138275146,36.99,9.180834770202637,2402.0,0.0,1367.0,0.0004053168522659,100.0,40.14295196533203,111.0,0.0
3412,0.0,1892.0,0.6383283138275146,36.99,9.180834770202637,2402.0,0.0,1367.0,0.0004053168522659,100.0,40.14295196533203,111.0,0.0
3413,0.0,1892.0,0.6383283138275146,36.99,9.180834770202637,2402.0,0.0,1367.0,0.0004053168522659,100.0,40.14295196533203,111.0,0.0
3414,0.0,1892.0,0.6383283138275146,36.99,9.180834770202637,2402.0,0.0,1367.0,0.0004053168522659,100.0,40.14295196533203,111.0,0.0
3415,0.0,1892.0,0.408738762140274,36.99,9.168169975280762,2403.0,0.0,1367.0,0.0,100.0,5.8734002113342285,0.0,0.0
3416,0.0,1892.0,0.408738762140274,36.99,9.168169975280762,2403.0,0.0,1367.0,0.0,100.0,5.8734002113342285,0.0,0.0
3417,0.0,1892.0,0.408738762140274,36.99,9.168169975280762,2403.0,0.0,1367.0,0.0,100.0,5.8734002113342285,0.0,0.0
3418,0.0,1892.0,0.408738762140274,36.99,9.168169975280762,2403.0,0.0,1367.0,0.0,100.0,5.8734002113342285,0.0,0.0
3419,0.0,1892.0,0.408738762140274,36.99,9.168169975280762,2403.0,0.0,1367.0,0.0,100.0,5.8734002113342285,0.0,0.0
3420,0.0,1892.0,0.3883655071258545,36.99,9.160529136657717,2396.0,0.0,1367.0,0.0,100.0,5.8734002113342285,0.0,0.0
3421,0.0,1892.0,0.3883655071258545,36.99,9.160529136657717,2396.0,0.0,1367.0,0.0,100.0,5.8734002113342285,0.0,0.0
3422,0.0,1892.0,0.3883655071258545,36.99,9.160529136657717,2396.0,0.0,1367.0,0.0,100.0,5.8734002113342285,0.0,0.0
3423,0.0,1892.0,0.3883655071258545,36.99,9.160529136657717,2396.0,0.0,1367.0,0.0,100.0,5.8734002113342285,0.0,0.0
3424,0.0,1892.0,0.3883655071258545,36.99,9.160529136657717,2396.0,0.0,1367.0,0.0,100.0,5.8734002113342285,0.0,0.0
3425,0.0,1892.0,0.231937438249588,36.99,9.147870063781738,1830.0,0.0,1367.0,0.0,100.0,5.8734002113342285,0.0,0.0
3426,0.0,1892.0,0.231937438249588,36.99,9.147870063781738,1830.0,0.0,1367.0,0.0,100.0,5.8734002113342285,0.0,0.0
3427,0.0,1892.0,0.231937438249588,36.99,9.147870063781738,1830.0,0.0,1367.0,0.0,100.0,5.8734002113342285,0.0,0.0
3428,0.0,1892.0,0.231937438249588,36.99,9.147870063781738,1830.0,0.0,1367.0,0.0,100.0,5.8734002113342285,0.0,0.0
3429,0.0,1892.0,0.231937438249588,36.99,9.147870063781738,1830.0,0.0,1367.0,0.0,100.0,5.8734002113342285,0.0,0.0
3430,0.0,1892.0,0.3843730092048645,36.99,9.157755851745604,2152.0,0.0,1367.0,0.0004833453567698,100.0,40.14295196533203,111.0,0.0
3431,0.0,1892.0,0.3843730092048645,36.99,9.157755851745604,2152.0,0.0,1367.0,0.0004833453567698,100.0,40.14295196533203,111.0,0.0
3432,0.0,1892.0,0.3843730092048645,36.99,9.157755851745604,2152.0,0.0,1367.0,0.0004833453567698,100.0,40.14295196533203,111.0,0.0
3433,0.0,1892.0,0.3843730092048645,36.99,9.157755851745604,2152.0,0.0,1367.0,0.0004833453567698,100.0,40.14295196533203,111.0,0.0
3434,0.0,1892.0,0.3843730092048645,36.99,9.157755851745604,2152.0,0.0,1367.0,0.0004833453567698,100.0,40.14295196533203,111.0,0.0
3435,0.0,1892.0,0.4984785914421081,36.99,9.170586585998535,2401.0,0.0,1367.0,0.0,100.0,5.8734002113342285,0.0,0.0
3436,0.0,1892.0,0.4984785914421081,36.99,9.170586585998535,2401.0,0.0,1367.0,0.0,100.0,5.8734002113342285,0.0,0.0
3437,0.0,1892.0,0.4984785914421081,36.99,9.170586585998535,2401.0,0.0,1367.0,0.0,100.0,5.8734002113342285,0.0,0.0
3438,0.0,1892.0,0.4984785914421081,36.99,9.170586585998535,2401.0,0.0,1367.0,0.0,100.0,5.8734002113342285,0.0,0.0
3439,0.0,1892.0,0.4984785914421081,36.99,9.170586585998535,2401.0,0.0,1367.0,0.0,100.0,5.8734002113342285,0.0,0.0
3440,0.0,1892.0,0.4984785914421081,36.99,9.170586585998535,2401.0,0.0,1367.0,0.0,100.0,5.8734002113342285,0.0,0.0
3441,0.0,1892.0,0.3231129646301269,36.99,9.163723945617676,2399.0,0.0,1367.0,0.0,100.0,5.8734002113342285,0.0,0.0
3442,0.0,1892.0,0.3231129646301269,36.99,9.163723945617676,2399.0,0.0,1367.0,0.0,100.0,5.8734002113342285,0.0,0.0
3443,0.0,1892.0,0.3231129646301269,36.99,9.163723945617676,2399.0,0.0,1367.0,0.0,100.0,5.8734002113342285,0.0,0.0
3444,0.0,1892.0,0.3231129646301269,36.99,9.163723945617676,2399.0,0.0,1367.0,0.0,100.0,5.8734002113342285,0.0,0.0
3445,0.0,1892.0,0.3231129646301269,36.99,9.163723945617676,2399.0,0.0,1367.0,0.0,100.0,5.8734002113342285,0.0,0.0
3446,0.0,1892.0,0.4828704595565796,36.99,9.16650104522705,2342.0,0.0,1367.0,0.0010883351787924,100.0,40.12598419189453,111.0,0.0
3447,0.0,1892.0,0.4828704595565796,36.99,9.16650104522705,2342.0,0.0,1367.0,0.0010883351787924,100.0,40.12598419189453,111.0,0.0
3448,0.0,1892.0,0.4828704595565796,36.99,9.16650104522705,2342.0,0.0,1367.0,0.0010883351787924,100.0,40.12598419189453,111.0,0.0
3449,0.0,1892.0,0.4828704595565796,36.99,9.16650104522705,2342.0,0.0,1367.0,0.0010883351787924,100.0,40.12598419189453,111.0,0.0
3450,0.0,1892.0,0.4828704595565796,36.99,9.16650104522705,2342.0,0.0,1367.0,0.0010883351787924,100.0,40.12598419189453,111.0,0.0
3451,0.0,1892.0,0.3024590611457824,36.99,9.154337882995604,1598.0,0.0,1367.0,0.0006220830837264,100.0,40.08774185180664,111.0,0.0
3452,0.0,1892.0,0.3024590611457824,36.99,9.154337882995604,1598.0,0.0,1367.0,0.0006220830837264,100.0,40.08774185180664,111.0,0.0
3453,0.0,1892.0,0.3024590611457824,36.99,9.154337882995604,1598.0,0.0,1367.0,0.0006220830837264,100.0,40.08774185180664,111.0,0.0
3454,0.0,1892.0,0.3024590611457824,36.99,9.154337882995604,1598.0,0.0,1367.0,0.0006220830837264,100.0,40.08774185180664,111.0,0.0
3455,0.0,1892.0,0.3024590611457824,36.99,9.154337882995604,1598.0,0.0,1367.0,0.0006220830837264,100.0,40.08774185180664,111.0,0.0
3456,0.0,1892.0,0.5258920192718506,36.99,9.155975341796877,2411.0,0.0,1367.0,3.429903881624341e-05,100.0,40.12107467651367,111.0,0.0
3457,0.0,1892.0,0.5258920192718506,36.99,9.155975341796877,2411.0,0.0,1367.0,3.429903881624341e-05,100.0,40.12107467651367,111.0,0.0
3458,0.0,1892.0,0.5258920192718506,36.99,9.155975341796877,2411.0,0.0,1367.0,3.429903881624341e-05,100.0,40.12107467651367,111.0,0.0
3459,0.0,1892.0,0.5258920192718506,36.99,9.155975341796877,2411.0,0.0,1367.0,3.429903881624341e-05,100.0,40.12107467651367,111.0,0.0
3460,0.0,1892.0,0.5258920192718506,36.99,9.155975341796877,2411.0,0.0,1367.0,3.429903881624341e-05,100.0,40.12107467651367,111.0,0.0
3461,0.0,1892.0,0.540297269821167,36.99,15.14265251159668,2407.0,0.0,1367.0,0.0,100.0,5.8734002113342285,0.0,0.0
3462,0.0,1892.0,0.540297269821167,36.99,15.14265251159668,2407.0,0.0,1367.0,0.0,100.0,5.8734002113342285,0.0,0.0
3463,0.0,1892.0,0.540297269821167,36.99,15.14265251159668,2407.0,0.0,1367.0,0.0,100.0,5.8734002113342285,0.0,0.0
3464,0.0,1892.0,0.540297269821167,36.99,15.14265251159668,2407.0,0.0,1367.0,0.0,100.0,5.8734002113342285,0.0,0.0
3465,0.0,1892.0,0.540297269821167,36.99,15.14265251159668,2407.0,0.0,1367.0,0.0,100.0,5.8734002113342285,0.0,0.0
3466,0.0,1892.0,0.728413999080658,36.99,9.18666172027588,2393.0,0.0,1367.0,0.0,100.0,5.8734002113342285,0.0,0.0
3467,0.0,1892.0,0.728413999080658,36.99,9.18666172027588,2393.0,0.0,1367.0,0.0,100.0,5.8734002113342285,0.0,0.0
3468,0.0,1892.0,0.728413999080658,36.99,9.18666172027588,2393.0,0.0,1367.0,0.0,100.0,5.8734002113342285,0.0,0.0
3469,0.0,1892.0,0.728413999080658,36.99,9.18666172027588,2393.0,0.0,1367.0,0.0,100.0,5.8734002113342285,0.0,0.0
3470,0.0,1892.0,0.728413999080658,36.99,9.18666172027588,2393.0,0.0,1367.0,0.0,100.0,5.8734002113342285,0.0,0.0
3471,0.0,1892.0,0.728413999080658,36.99,9.18666172027588,2393.0,0.0,1367.0,0.0,100.0,5.8734002113342285,0.0,0.0
3472,0.0,1892.0,0.5700241923332214,36.99,9.188278198242188,2384.0,0.0,1367.0,0.0,100.0,5.8734002113342285,0.0,0.0
3473,0.0,1892.0,0.5700241923332214,36.99,9.188278198242188,2384.0,0.0,1367.0,0.0,100.0,5.8734002113342285,0.0,0.0
3474,0.0,1892.0,0.5700241923332214,36.99,9.188278198242188,2384.0,0.0,1367.0,0.0,100.0,5.8734002113342285,0.0,0.0
3475,0.0,1892.0,0.5700241923332214,36.99,9.188278198242188,2384.0,0.0,1367.0,0.0,100.0,5.8734002113342285,0.0,0.0
3476,0.0,1892.0,0.5700241923332214,36.99,9.188278198242188,2384.0,0.0,1367.0,0.0,100.0,5.8734002113342285,0.0,0.0
3477,0.0,1892.0,0.2299862951040268,36.99,9.170591354370115,1551.0,0.0,1367.0,0.0002913692442234,100.0,5.8734002113342285,111.0,0.0
3478,0.0,1892.0,0.2299862951040268,36.99,9.170591354370115,1551.0,0.0,1367.0,0.0002913692442234,100.0,5.8734002113342285,111.0,0.0
3479,0.0,1892.0,0.2299862951040268,36.99,9.170591354370115,1551.0,0.0,1367.0,0.0002913692442234,100.0,5.8734002113342285,111.0,0.0
3480,0.0,1892.0,0.2299862951040268,36.99,9.170591354370115,1551.0,0.0,1367.0,0.0002913692442234,100.0,5.8734002113342285,111.0,0.0
3481,0.0,1892.0,0.2299862951040268,36.99,9.170591354370115,1551.0,0.0,1367.0,0.0002913692442234,100.0,5.8734002113342285,111.0,0.0
3482,0.0,1892.0,2.64278793334961,36.99,9.155089378356934,2409.0,0.0,1367.0,0.0,100.0,40.016387939453125,0.0,0.0
3483,0.0,1892.0,2.64278793334961,36.99,9.155089378356934,2409.0,0.0,1367.0,0.0,100.0,40.016387939453125,0.0,0.0
3484,0.0,1892.0,2.64278793334961,36.99,9.155089378356934,2409.0,0.0,1367.0,0.0,100.0,40.016387939453125,0.0,0.0
3485,0.0,1892.0,2.64278793334961,36.99,9.155089378356934,2409.0,0.0,1367.0,0.0,100.0,40.016387939453125,0.0,0.0
3486,0.0,1892.0,2.64278793334961,36.99,9.155089378356934,2409.0,0.0,1367.0,0.0,100.0,40.016387939453125,0.0,0.0
3487,0.0,1892.0,1.763316988945007,36.99,9.212533950805664,2397.0,0.0,1367.0,0.0,100.0,5.8734002113342285,0.0,0.0
3488,0.0,1892.0,1.763316988945007,36.99,9.212533950805664,2397.0,0.0,1367.0,0.0,100.0,5.8734002113342285,0.0,0.0
3489,0.0,1892.0,1.763316988945007,36.99,9.212533950805664,2397.0,0.0,1367.0,0.0,100.0,5.8734002113342285,0.0,0.0
3490,0.0,1892.0,1.763316988945007,36.99,9.212533950805664,2397.0,0.0,1367.0,0.0,100.0,5.8734002113342285,0.0,0.0
3491,0.0,1892.0,1.763316988945007,36.99,9.212533950805664,2397.0,0.0,1367.0,0.0,100.0,5.8734002113342285,0.0,0.0
3492,0.0,1892.0,0.4754877090454101,36.99,9.196024894714355,2407.0,0.0,1367.0,0.0,100.0,5.8734002113342285,0.0,0.0
3493,0.0,1892.0,0.4754877090454101,36.99,9.196024894714355,2407.0,0.0,1367.0,0.0,100.0,5.8734002113342285,0.0,0.0
3494,0.0,1892.0,0.4754877090454101,36.99,9.196024894714355,2407.0,0.0,1367.0,0.0,100.0,5.8734002113342285,0.0,0.0
3495,0.0,1892.0,0.4754877090454101,36.99,9.196024894714355,2407.0,0.0,1367.0,0.0,100.0,5.8734002113342285,0.0,0.0
3496,0.0,1892.0,0.4754877090454101,36.99,9.196024894714355,2407.0,0.0,1367.0,0.0,100.0,5.8734002113342285,0.0,0.0
3497,0.0,1892.0,0.4754877090454101,36.99,9.196024894714355,2407.0,0.0,1367.0,0.0,100.0,5.8734002113342285,0.0,0.0
3498,0.0,1892.0,0.4497864842414856,36.99,9.171247482299805,2326.0,0.0,1367.0,0.0,100.0,5.8734002113342285,0.0,0.0
3499,0.0,1892.0,0.4497864842414856,36.99,9.171247482299805,2326.0,0.0,1367.0,0.0,100.0,5.8734002113342285,0.0,0.0
3500,0.0,1892.0,0.4497864842414856,36.99,9.171247482299805,2326.0,0.0,1367.0,0.0,100.0,5.8734002113342285,0.0,0.0
3501,0.0,1892.0,0.4497864842414856,36.99,9.171247482299805,2326.0,0.0,1367.0,0.0,100.0,5.8734002113342285,0.0,0.0
3502,0.0,1892.0,0.4497864842414856,36.99,9.171247482299805,2326.0,0.0,1367.0,0.0,100.0,5.8734002113342285,0.0,0.0
3503,0.0,1892.0,0.3008137345314026,36.99,9.15703296661377,1773.0,0.0,1367.0,0.0,100.0,5.8734002113342285,0.0,0.0
3504,0.0,1892.0,0.3008137345314026,36.99,9.15703296661377,1773.0,0.0,1367.0,0.0,100.0,5.8734002113342285,0.0,0.0
3505,0.0,1892.0,0.3008137345314026,36.99,9.15703296661377,1773.0,0.0,1367.0,0.0,100.0,5.8734002113342285,0.0,0.0
3506,0.0,1892.0,0.3008137345314026,36.99,9.15703296661377,1773.0,0.0,1367.0,0.0,100.0,5.8734002113342285,0.0,0.0
3507,0.0,1892.0,0.3008137345314026,36.99,9.15703296661377,1773.0,0.0,1367.0,0.0,100.0,5.8734002113342285,0.0,0.0
3508,0.0,1892.0,0.3651132583618164,36.99,9.170913696289062,2401.0,0.0,1367.0,0.0002745282836258,100.0,40.22888946533203,111.0,0.0
3509,0.0,1892.0,0.3651132583618164,36.99,9.170913696289062,2401.0,0.0,1367.0,0.0002745282836258,100.0,40.22888946533203,111.0,0.0
3510,0.0,1892.0,0.3651132583618164,36.99,9.170913696289062,2401.0,0.0,1367.0,0.0002745282836258,100.0,40.22888946533203,111.0,0.0
3511,0.0,1892.0,0.3651132583618164,36.99,9.170913696289062,2401.0,0.0,1367.0,0.0002745282836258,100.0,40.22888946533203,111.0,0.0
3512,0.0,1892.0,0.3651132583618164,36.99,9.170913696289062,2401.0,0.0,1367.0,0.0002745282836258,100.0,40.22888946533203,111.0,0.0
3513,0.0,1892.0,0.3556649684906006,36.99,9.159028053283691,2401.0,0.0,1367.0,0.0,100.0,5.8734002113342285,0.0,0.0
3514,0.0,1892.0,0.3556649684906006,36.99,9.159028053283691,2401.0,0.0,1367.0,0.0,100.0,5.8734002113342285,0.0,0.0
3515,0.0,1892.0,0.3556649684906006,36.99,9.159028053283691,2401.0,0.0,1367.0,0.0,100.0,5.8734002113342285,0.0,0.0
3516,0.0,1892.0,0.3556649684906006,36.99,9.159028053283691,2401.0,0.0,1367.0,0.0,100.0,5.8734002113342285,0.0,0.0
3517,0.0,1892.0,0.3556649684906006,36.99,9.159028053283691,2401.0,0.0,1367.0,0.0,100.0,5.8734002113342285,0.0,0.0
3518,0.0,1892.0,0.4666018486022949,36.99,9.179096221923828,2400.0,0.0,1367.0,0.0,100.0,5.8734002113342285,0.0,0.0
3519,0.0,1892.0,0.4666018486022949,36.99,9.179096221923828,2400.0,0.0,1367.0,0.0,100.0,5.8734002113342285,0.0,0.0
3520,0.0,1892.0,0.4666018486022949,36.99,9.179096221923828,2400.0,0.0,1367.0,0.0,100.0,5.8734002113342285,0.0,0.0
3521,0.0,1892.0,0.4666018486022949,36.99,9.179096221923828,2400.0,0.0,1367.0,0.0,100.0,5.8734002113342285,0.0,0.0
3522,0.0,1892.0,0.4666018486022949,36.99,9.179096221923828,2400.0,0.0,1367.0,0.0,100.0,5.8734002113342285,0.0,0.0
3523,0.0,1892.0,0.3867695033550262,36.99,9.178133964538574,2024.0,0.0,1367.0,0.0,100.0,5.8734002113342285,0.0,0.0
3524,0.0,1892.0,0.3867695033550262,36.99,9.178133964538574,2024.0,0.0,1367.0,0.0,100.0,5.8734002113342285,0.0,0.0
3525,0.0,1892.0,0.3867695033550262,36.99,9.178133964538574,2024.0,0.0,1367.0,0.0,100.0,5.8734002113342285,0.0,0.0
3526,0.0,1892.0,0.3867695033550262,36.99,9.178133964538574,2024.0,0.0,1367.0,0.0,100.0,5.8734002113342285,0.0,0.0
3527,0.0,1892.0,0.3867695033550262,36.99,9.178133964538574,2024.0,0.0,1367.0,0.0,100.0,5.8734002113342285,0.0,0.0
3528,0.0,1892.0,0.3867695033550262,36.99,9.178133964538574,2024.0,0.0,1367.0,0.0,100.0,5.8734002113342285,0.0,0.0
3529,0.0,1892.0,0.342236578464508,36.99,9.158280372619627,2097.0,0.0,1367.0,0.0005447461735457,100.0,5.8734002113342285,111.0,0.0
3530,0.0,1892.0,0.342236578464508,36.99,9.158280372619627,2097.0,0.0,1367.0,0.0005447461735457,100.0,5.8734002113342285,111.0,0.0
3531,0.0,1892.0,0.342236578464508,36.99,9.158280372619627,2097.0,0.0,1367.0,0.0005447461735457,100.0,5.8734002113342285,111.0,0.0
3532,0.0,1892.0,0.342236578464508,36.99,9.158280372619627,2097.0,0.0,1367.0,0.0005447461735457,100.0,5.8734002113342285,111.0,0.0
3533,0.0,1892.0,0.342236578464508,36.99,9.158280372619627,2097.0,0.0,1367.0,0.0005447461735457,100.0,5.8734002113342285,111.0,0.0
3534,0.0,1892.0,0.3937742114067077,36.99,9.15953254699707,2371.0,0.0,1367.0,0.0,100.0,40.22888946533203,0.0,0.0
3535,0.0,1892.0,0.3937742114067077,36.99,9.15953254699707,2371.0,0.0,1367.0,0.0,100.0,40.22888946533203,0.0,0.0
3536,0.0,1892.0,0.3937742114067077,36.99,9.15953254699707,2371.0,0.0,1367.0,0.0,100.0,40.22888946533203,0.0,0.0
3537,0.0,1892.0,0.3937742114067077,36.99,9.15953254699707,2371.0,0.0,1367.0,0.0,100.0,40.22888946533203,0.0,0.0
3538,0.0,1892.0,0.3937742114067077,36.99,9.15953254699707,2371.0,0.0,1367.0,0.0,100.0,40.22888946533203,0.0,0.0
3539,0.0,1892.0,0.4078026711940765,36.99,9.1685209274292,2389.0,0.0,1367.0,0.0,100.0,5.8734002113342285,0.0,0.0
3540,0.0,1892.0,0.4078026711940765,36.99,9.1685209274292,2389.0,0.0,1367.0,0.0,100.0,5.8734002113342285,0.0,0.0
3541,0.0,1892.0,0.4078026711940765,36.99,9.1685209274292,2389.0,0.0,1367.0,0.0,100.0,5.8734002113342285,0.0,0.0
3542,0.0,1892.0,0.4078026711940765,36.99,9.1685209274292,2389.0,0.0,1367.0,0.0,100.0,5.8734002113342285,0.0,0.0
3543,0.0,1892.0,0.4078026711940765,36.99,9.1685209274292,2389.0,0.0,1367.0,0.0,100.0,5.8734002113342285,0.0,0.0
3544,0.0,1892.0,0.2060343623161316,36.99,9.156275749206545,1414.0,0.0,1367.0,0.0,100.0,5.8734002113342285,0.0,0.0
3545,0.0,1892.0,0.2060343623161316,36.99,9.156275749206545,1414.0,0.0,1367.0,0.0,100.0,5.8734002113342285,0.0,0.0
3546,0.0,1892.0,0.2060343623161316,36.99,9.156275749206545,1414.0,0.0,1367.0,0.0,100.0,5.8734002113342285,0.0,0.0
3547,0.0,1892.0,0.2060343623161316,36.99,9.156275749206545,1414.0,0.0,1367.0,0.0,100.0,5.8734002113342285,0.0,0.0
3548,0.0,1892.0,0.2060343623161316,36.99,9.156275749206545,1414.0,0.0,1367.0,0.0,100.0,5.8734002113342285,0.0,0.0
3549,0.0,1892.0,0.2060343623161316,36.99,9.156275749206545,1414.0,0.0,1367.0,0.0,100.0,5.8734002113342285,0.0,0.0
3550,0.0,1892.0,0.1444239020347595,36.99,9.118256568908691,1260.0,0.0,1367.0,0.0,100.0,5.8734002113342285,0.0,0.0
3551,0.0,1892.0,0.1444239020347595,36.99,9.118256568908691,1260.0,0.0,1367.0,0.0,100.0,5.8734002113342285,0.0,0.0
3552,0.0,1892.0,0.1444239020347595,36.99,9.118256568908691,1260.0,0.0,1367.0,0.0,100.0,5.8734002113342285,0.0,0.0
3553,0.0,1892.0,0.1444239020347595,36.99,9.118256568908691,1260.0,0.0,1367.0,0.0,100.0,5.8734002113342285,0.0,0.0
3554,0.0,1892.0,0.1444239020347595,36.99,9.118256568908691,1260.0,0.0,1367.0,0.0,100.0,5.8734002113342285,0.0,0.0
3555,0.0,1892.0,0.1766104400157928,36.99,9.124247550964355,1403.0,0.0,1367.0,3.470234150881879e-05,100.0,40.164825439453125,111.0,0.0
3556,0.0,1892.0,0.1766104400157928,36.99,9.124247550964355,1403.0,0.0,1367.0,3.470234150881879e-05,100.0,40.164825439453125,111.0,0.0
3557,0.0,1892.0,0.1766104400157928,36.99,9.124247550964355,1403.0,0.0,1367.0,3.470234150881879e-05,100.0,40.164825439453125,111.0,0.0
3558,0.0,1892.0,0.1766104400157928,36.99,9.124247550964355,1403.0,0.0,1367.0,3.470234150881879e-05,100.0,40.164825439453125,111.0,0.0
3559,0.0,1892.0,0.1766104400157928,36.99,9.124247550964355,1403.0,0.0,1367.0,3.470234150881879e-05,100.0,40.164825439453125,111.0,0.0
3560,0.0,1892.0,0.1809228956699371,36.99,9.139384269714355,1382.0,0.0,1367.0,0.0,100.0,5.8734002113342285,0.0,0.0
3561,0.0,1892.0,0.1809228956699371,36.99,9.139384269714355,1382.0,0.0,1367.0,0.0,100.0,5.8734002113342285,0.0,0.0
3562,0.0,1892.0,0.1809228956699371,36.99,9.139384269714355,1382.0,0.0,1367.0,0.0,100.0,5.8734002113342285,0.0,0.0
3563,0.0,1892.0,0.1809228956699371,36.99,9.139384269714355,1382.0,0.0,1367.0,0.0,100.0,5.8734002113342285,0.0,0.0
3564,0.0,1892.0,0.1809228956699371,36.99,9.139384269714355,1382.0,0.0,1367.0,0.0,100.0,5.8734002113342285,0.0,0.0
3565,0.0,1892.0,0.1241092830896377,36.99,9.125303268432615,1369.0,0.0,1367.0,0.0,100.0,5.8734002113342285,0.0,0.0
3566,0.0,1892.0,0.1241092830896377,36.99,9.125303268432615,1369.0,0.0,1367.0,0.0,100.0,5.8734002113342285,0.0,0.0
3567,0.0,1892.0,0.1241092830896377,36.99,9.125303268432615,1369.0,0.0,1367.0,0.0,100.0,5.8734002113342285,0.0,0.0
3568,0.0,1892.0,0.1241092830896377,36.99,9.125303268432615,1369.0,0.0,1367.0,0.0,100.0,5.8734002113342285,0.0,0.0
3569,0.0,1892.0,0.1241092830896377,36.99,9.125303268432615,1369.0,0.0,1367.0,0.0,100.0,5.8734002113342285,0.0,0.0
3570,0.0,1892.0,0.1372908502817154,36.99,9.11066722869873,1389.0,0.0,1367.0,0.0,100.0,5.8734002113342285,0.0,0.0
3571,0.0,1892.0,0.1372908502817154,36.99,9.11066722869873,1389.0,0.0,1367.0,0.0,100.0,5.8734002113342285,0.0,0.0
3572,0.0,1892.0,0.1372908502817154,36.99,9.11066722869873,1389.0,0.0,1367.0,0.0,100.0,5.8734002113342285,0.0,0.0
3573,0.0,1892.0,0.1372908502817154,36.99,9.11066722869873,1389.0,0.0,1367.0,0.0,100.0,5.8734002113342285,0.0,0.0
3574,0.0,1892.0,0.1372908502817154,36.99,9.11066722869873,1389.0,0.0,1367.0,0.0,100.0,5.8734002113342285,0.0,0.0
3575,0.0,1892.0,0.1372908502817154,36.99,9.11066722869873,1389.0,0.0,1367.0,0.0,100.0,5.8734002113342285,0.0,0.0
3576,0.0,1892.0,0.083485372364521,36.99,9.109906196594238,1199.0,0.0,1367.0,0.0002888177405111,100.0,5.8734002113342285,111.0,0.0
3577,0.0,1892.0,0.083485372364521,36.99,9.109906196594238,1199.0,0.0,1367.0,0.0002888177405111,100.0,5.8734002113342285,111.0,0.0
3578,0.0,1892.0,0.083485372364521,36.99,9.109906196594238,1199.0,0.0,1367.0,0.0002888177405111,100.0,5.8734002113342285,111.0,0.0
3579,0.0,1892.0,0.083485372364521,36.99,9.109906196594238,1199.0,0.0,1367.0,0.0002888177405111,100.0,5.8734002113342285,111.0,0.0
3580,0.0,1892.0,0.083485372364521,36.99,9.109906196594238,1199.0,0.0,1367.0,0.0002888177405111,100.0,5.8734002113342285,111.0,0.0
3581,0.0,1892.0,0.1457962393760681,36.99,9.099900245666504,1322.0,0.0,1367.0,0.0,100.0,39.97576141357422,0.0,0.0
3582,0.0,1892.0,0.1457962393760681,36.99,9.099900245666504,1322.0,0.0,1367.0,0.0,100.0,39.97576141357422,0.0,0.0
3583,0.0,1892.0,0.1457962393760681,36.99,9.099900245666504,1322.0,0.0,1367.0,0.0,100.0,39.97576141357422,0.0,0.0
3584,0.0,1892.0,0.1457962393760681,36.99,9.099900245666504,1322.0,0.0,1367.0,0.0,100.0,39.97576141357422,0.0,0.0
3585,0.0,1892.0,0.1457962393760681,36.99,9.099900245666504,1322.0,0.0,1367.0,0.0,100.0,39.97576141357422,0.0,0.0
3586,0.0,1892.0,0.3208386600017547,36.99,9.135639190673828,1645.0,0.0,1367.0,0.0,100.0,5.8734002113342285,0.0,0.0
3587,0.0,1892.0,0.3208386600017547,36.99,9.135639190673828,1645.0,0.0,1367.0,0.0,100.0,5.8734002113342285,0.0,0.0
3588,0.0,1892.0,0.3208386600017547,36.99,9.135639190673828,1645.0,0.0,1367.0,0.0,100.0,5.8734002113342285,0.0,0.0
3589,0.0,1892.0,0.3208386600017547,36.99,9.135639190673828,1645.0,0.0,1367.0,0.0,100.0,5.8734002113342285,0.0,0.0
3590,0.0,1892.0,0.3208386600017547,36.99,9.135639190673828,1645.0,0.0,1367.0,0.0,100.0,5.8734002113342285,0.0,0.0
3591,0.0,1892.0,0.1437781155109405,36.99,9.119833946228027,1329.0,0.0,1367.0,0.0,100.0,5.8734002113342285,0.0,0.0
3592,0.0,1892.0,0.1437781155109405,36.99,9.119833946228027,1329.0,0.0,1367.0,0.0,100.0,5.8734002113342285,0.0,0.0
3593,0.0,1892.0,0.1437781155109405,36.99,9.119833946228027,1329.0,0.0,1367.0,0.0,100.0,5.8734002113342285,0.0,0.0
3594,0.0,1892.0,0.1437781155109405,36.99,9.119833946228027,1329.0,0.0,1367.0,0.0,100.0,5.8734002113342285,0.0,0.0
3595,0.0,1892.0,0.1437781155109405,36.99,9.119833946228027,1329.0,0.0,1367.0,0.0,100.0,5.8734002113342285,0.0,0.0
3596,0.0,1892.0,0.2207137495279312,36.99,9.10556697845459,1390.0,0.0,1367.0,0.0,100.0,5.8734002113342285,0.0,0.0
3597,0.0,1892.0,0.2207137495279312,36.99,9.10556697845459,1390.0,0.0,1367.0,0.0,100.0,5.8734002113342285,0.0,0.0
3598,0.0,1892.0,0.2207137495279312,36.99,9.10556697845459,1390.0,0.0,1367.0,0.0,100.0,5.8734002113342285,0.0,0.0
3599,0.0,1892.0,0.2207137495279312,36.99,9.10556697845459,1390.0,0.0,1367.0,0.0,100.0,5.8734002113342285,0.0,0.0
3600,0.0,1892.0,0.2207137495279312,36.99,9.10556697845459,1390.0,0.0,1367.0,0.0,100.0,5.8734002113342285,0.0,0.0
3601,0.0,1892.0,0.2207137495279312,36.99,9.10556697845459,1390.0,0.0,1367.0,0.0,100.0,5.8734002113342285,0.0,0.0
3602,0.0,1892.0,0.1210474446415901,36.99,9.103106498718262,1365.0,0.0,1367.0,0.0002949970948975,100.0,39.891387939453125,111.0,0.0
3603,0.0,1892.0,0.1210474446415901,36.99,9.103106498718262,1365.0,0.0,1367.0,0.0002949970948975,100.0,39.891387939453125,111.0,0.0
3604,0.0,1892.0,0.1210474446415901,36.99,9.103106498718262,1365.0,0.0,1367.0,0.0002949970948975,100.0,39.891387939453125,111.0,0.0
3605,0.0,1892.0,0.1210474446415901,36.99,9.103106498718262,1365.0,0.0,1367.0,0.0002949970948975,100.0,39.891387939453125,111.0,0.0
3606,0.0,1892.0,0.1210474446415901,36.99,9.103106498718262,1365.0,0.0,1367.0,0.0002949970948975,100.0,39.891387939453125,111.0,0.0
3607,0.0,1892.0,0.0880651473999023,36.99,15.028783798217772,1192.0,0.0,1367.0,0.0,100.0,5.8734002113342285,0.0,0.0
3608,0.0,1892.0,0.0880651473999023,36.99,15.028783798217772,1192.0,0.0,1367.0,0.0,100.0,5.8734002113342285,0.0,0.0
3609,0.0,1892.0,0.0880651473999023,36.99,15.028783798217772,1192.0,0.0,1367.0,0.0,100.0,5.8734002113342285,0.0,0.0
3610,0.0,1892.0,0.0880651473999023,36.99,15.028783798217772,1192.0,0.0,1367.0,0.0,100.0,5.8734002113342285,0.0,0.0
3611,0.0,1892.0,0.0880651473999023,36.99,15.028783798217772,1192.0,0.0,1367.0,0.0,100.0,5.8734002113342285,0.0,0.0
3612,0.0,1892.0,0.1118620559573173,36.99,9.094999313354492,1219.0,0.0,1367.0,0.0,100.0,5.8734002113342285,0.0,0.0
3613,0.0,1892.0,0.1118620559573173,36.99,9.094999313354492,1219.0,0.0,1367.0,0.0,100.0,5.8734002113342285,0.0,0.0
3614,0.0,1892.0,0.1118620559573173,36.99,9.094999313354492,1219.0,0.0,1367.0,0.0,100.0,5.8734002113342285,0.0,0.0
3615,0.0,1892.0,0.1118620559573173,36.99,9.094999313354492,1219.0,0.0,1367.0,0.0,100.0,5.8734002113342285,0.0,0.0
3616,0.0,1892.0,0.1118620559573173,36.99,9.094999313354492,1219.0,0.0,1367.0,0.0,100.0,5.8734002113342285,0.0,0.0
3617,0.0,1892.0,0.141231894493103,36.99,9.092974662780762,1335.0,0.0,1367.0,0.0,100.0,5.8734002113342285,0.0,0.0
3618,0.0,1892.0,0.141231894493103,36.99,9.092974662780762,1335.0,0.0,1367.0,0.0,100.0,5.8734002113342285,0.0,0.0
3619,0.0,1892.0,0.141231894493103,36.99,9.092974662780762,1335.0,0.0,1367.0,0.0,100.0,5.8734002113342285,0.0,0.0
3620,0.0,1892.0,0.141231894493103,36.99,9.092974662780762,1335.0,0.0,1367.0,0.0,100.0,5.8734002113342285,0.0,0.0
3621,0.0,1892.0,0.141231894493103,36.99,9.092974662780762,1335.0,0.0,1367.0,0.0,100.0,5.8734002113342285,0.0,0.0
3622,0.0,1892.0,0.369841992855072,36.99,9.10866355895996,1485.0,0.0,1367.0,0.0,100.0,5.8734002113342285,0.0,0.0
3623,0.0,1892.0,0.369841992855072,36.99,9.10866355895996,1485.0,0.0,1367.0,0.0,100.0,5.8734002113342285,0.0,0.0
3624,0.0,1892.0,0.369841992855072,36.99,9.10866355895996,1485.0,0.0,1367.0,0.0,100.0,5.8734002113342285,0.0,0.0
3625,0.0,1892.0,0.369841992855072,36.99,9.10866355895996,1485.0,0.0,1367.0,0.0,100.0,5.8734002113342285,0.0,0.0
3626,0.0,1892.0,0.369841992855072,36.99,9.10866355895996,1485.0,0.0,1367.0,0.0,100.0,5.8734002113342285,0.0,0.0
3627,0.0,1892.0,0.369841992855072,36.99,9.10866355895996,1485.0,0.0,1367.0,0.0,100.0,5.8734002113342285,0.0,0.0
3628,0.0,1892.0,0.2669928073883056,36.99,9.139434814453123,1254.0,0.0,1367.0,0.0002943114959634,100.0,5.8734002113342285,111.0,0.0
3629,0.0,1892.0,0.2669928073883056,36.99,9.139434814453123,1254.0,0.0,1367.0,0.0002943114959634,100.0,5.8734002113342285,111.0,0.0
3630,0.0,1892.0,0.2669928073883056,36.99,9.139434814453123,1254.0,0.0,1367.0,0.0002943114959634,100.0,5.8734002113342285,111.0,0.0
3631,0.0,1892.0,0.2669928073883056,36.99,9.139434814453123,1254.0,0.0,1367.0,0.0002943114959634,100.0,5.8734002113342285,111.0,0.0
3632,0.0,1892.0,0.2669928073883056,36.99,9.139434814453123,1254.0,0.0,1367.0,0.0002943114959634,100.0,5.8734002113342285,111.0,0.0
3633,0.0,1892.0,0.1817213743925094,36.99,15.073654174804688,1156.0,0.0,1367.0,0.0,100.0,39.91170120239258,0.0,0.0
3634,0.0,1892.0,0.1817213743925094,36.99,15.073654174804688,1156.0,0.0,1367.0,0.0,100.0,39.91170120239258,0.0,0.0
3635,0.0,1892.0,0.1817213743925094,36.99,15.073654174804688,1156.0,0.0,1367.0,0.0,100.0,39.91170120239258,0.0,0.0
3636,0.0,1892.0,0.1817213743925094,36.99,15.073654174804688,1156.0,0.0,1367.0,0.0,100.0,39.91170120239258,0.0,0.0
3637,0.0,1892.0,0.1817213743925094,36.99,15.073654174804688,1156.0,0.0,1367.0,0.0,100.0,39.91170120239258,0.0,0.0
3638,0.0,1892.0,0.1328696459531784,36.99,15.023080825805664,1315.0,0.0,1367.0,0.0,100.0,5.8734002113342285,0.0,0.0
3639,0.0,1892.0,0.1328696459531784,36.99,15.023080825805664,1315.0,0.0,1367.0,0.0,100.0,5.8734002113342285,0.0,0.0
3640,0.0,1892.0,0.1328696459531784,36.99,15.023080825805664,1315.0,0.0,1367.0,0.0,100.0,5.8734002113342285,0.0,0.0
3641,0.0,1892.0,0.1328696459531784,36.99,15.023080825805664,1315.0,0.0,1367.0,0.0,100.0,5.8734002113342285,0.0,0.0
3642,0.0,1892.0,0.1328696459531784,36.99,15.023080825805664,1315.0,0.0,1367.0,0.0,100.0,5.8734002113342285,0.0,0.0
3643,0.0,1892.0,0.2556240558624267,36.99,9.115400314331056,1576.0,0.0,1367.0,0.0,100.0,5.8734002113342285,0.0,0.0
3644,0.0,1892.0,0.2556240558624267,36.99,9.115400314331056,1576.0,0.0,1367.0,0.0,100.0,5.8734002113342285,0.0,0.0
3645,0.0,1892.0,0.2556240558624267,36.99,9.115400314331056,1576.0,0.0,1367.0,0.0,100.0,5.8734002113342285,0.0,0.0
3646,0.0,1892.0,0.2556240558624267,36.99,9.115400314331056,1576.0,0.0,1367.0,0.0,100.0,5.8734002113342285,0.0,0.0
3647,0.0,1892.0,0.2556240558624267,36.99,9.115400314331056,1576.0,0.0,1367.0,0.0,100.0,5.8734002113342285,0.0,0.0
3648,0.0,1892.0,0.2690844237804413,36.99,9.10660171508789,1534.0,0.0,1367.0,0.0,100.0,5.8734002113342285,0.0,0.0
3649,0.0,1892.0,0.2690844237804413,36.99,9.10660171508789,1534.0,0.0,1367.0,0.0,100.0,5.8734002113342285,0.0,0.0
3650,0.0,1892.0,0.2690844237804413,36.99,9.10660171508789,1534.0,0.0,1367.0,0.0,100.0,5.8734002113342285,0.0,0.0
3651,0.0,1892.0,0.2690844237804413,36.99,9.10660171508789,1534.0,0.0,1367.0,0.0,100.0,5.8734002113342285,0.0,0.0
3652,0.0,1892.0,0.2690844237804413,36.99,9.10660171508789,1534.0,0.0,1367.0,0.0,100.0,5.8734002113342285,0.0,0.0
3653,0.0,1892.0,0.2690844237804413,36.99,9.10660171508789,1534.0,0.0,1367.0,0.0,100.0,5.8734002113342285,0.0,0.0
3654,0.0,1892.0,0.3836125433444977,36.99,9.10887050628662,1509.0,0.0,1367.0,0.0009597495663911,100.0,5.8734002113342285,222.0,0.0
3655,0.0,1892.0,0.3836125433444977,36.99,9.10887050628662,1509.0,0.0,1367.0,0.0009597495663911,100.0,5.8734002113342285,222.0,0.0
3656,0.0,1892.0,0.3836125433444977,36.99,9.10887050628662,1509.0,0.0,1367.0,0.0009597495663911,100.0,5.8734002113342285,222.0,0.0
3657,0.0,1892.0,0.3836125433444977,36.99,9.10887050628662,1509.0,0.0,1367.0,0.0009597495663911,100.0,5.8734002113342285,222.0,0.0
3658,0.0,1892.0,0.3836125433444977,36.99,9.10887050628662,1509.0,0.0,1367.0,0.0009597495663911,100.0,5.8734002113342285,222.0,0.0
3659,0.0,1892.0,6.618345260620117,36.99,9.108635902404783,1285.0,0.0,1367.0,0.0,100.0,39.8683967590332,0.0,0.0
3660,0.0,1892.0,6.618345260620117,36.99,9.108635902404783,1285.0,0.0,1367.0,0.0,100.0,39.8683967590332,0.0,0.0
3661,0.0,1892.0,6.618345260620117,36.99,9.108635902404783,1285.0,0.0,1367.0,0.0,100.0,39.8683967590332,0.0,0.0
3662,0.0,1892.0,6.618345260620117,36.99,9.108635902404783,1285.0,0.0,1367.0,0.0,100.0,39.8683967590332,0.0,0.0
3663,0.0,1892.0,6.618345260620117,36.99,9.108635902404783,1285.0,0.0,1367.0,0.0,100.0,39.8683967590332,0.0,0.0
3664,0.0,1892.0,0.6764014959335327,36.99,47.83294677734375,1218.0,0.0,1367.0,0.0,100.0,5.8734002113342285,0.0,0.0
3665,0.0,1892.0,0.6764014959335327,36.99,47.83294677734375,1218.0,0.0,1367.0,0.0,100.0,5.8734002113342285,0.0,0.0
3666,0.0,1892.0,0.6764014959335327,36.99,47.83294677734375,1218.0,0.0,1367.0,0.0,100.0,5.8734002113342285,0.0,0.0
3667,0.0,1892.0,0.6764014959335327,36.99,47.83294677734375,1218.0,0.0,1367.0,0.0,100.0,5.8734002113342285,0.0,0.0
3668,0.0,1892.0,0.6764014959335327,36.99,47.83294677734375,1218.0,0.0,1367.0,0.0,100.0,5.8734002113342285,0.0,0.0
3669,0.0,1892.0,0.1299964487552642,36.99,9.134464263916016,1334.0,0.0,1367.0,0.0,100.0,5.8734002113342285,0.0,0.0
3670,0.0,1892.0,0.1299964487552642,36.99,9.134464263916016,1334.0,0.0,1367.0,0.0,100.0,5.8734002113342285,0.0,0.0
3671,0.0,1892.0,0.1299964487552642,36.99,9.134464263916016,1334.0,0.0,1367.0,0.0,100.0,5.8734002113342285,0.0,0.0
3672,0.0,1892.0,0.1299964487552642,36.99,9.134464263916016,1334.0,0.0,1367.0,0.0,100.0,5.8734002113342285,0.0,0.0
3673,0.0,1892.0,0.1299964487552642,36.99,9.134464263916016,1334.0,0.0,1367.0,0.0,100.0,5.8734002113342285,0.0,0.0
3674,0.0,1892.0,0.1650714129209518,36.99,9.114493370056152,1413.0,0.0,1367.0,0.0,100.0,5.8734002113342285,0.0,0.0
3675,0.0,1892.0,0.1650714129209518,36.99,9.114493370056152,1413.0,0.0,1367.0,0.0,100.0,5.8734002113342285,0.0,0.0
3676,0.0,1892.0,0.1650714129209518,36.99,9.114493370056152,1413.0,0.0,1367.0,0.0,100.0,5.8734002113342285,0.0,0.0
3677,0.0,1892.0,0.1650714129209518,36.99,9.114493370056152,1413.0,0.0,1367.0,0.0,100.0,5.8734002113342285,0.0,0.0
3678,0.0,1892.0,0.1650714129209518,36.99,9.114493370056152,1413.0,0.0,1367.0,0.0,100.0,5.8734002113342285,0.0,0.0
3679,0.0,1892.0,0.1650714129209518,36.99,9.114493370056152,1413.0,0.0,1367.0,0.0,100.0,5.8734002113342285,0.0,0.0
3680,0.0,1892.0,4.691834926605225,36.99,9.17832374572754,1809.0,0.0,1367.0,0.0001677676918916,100.0,39.99763870239258,111.0,0.0
3681,0.0,1892.0,4.691834926605225,36.99,9.17832374572754,1809.0,0.0,1367.0,0.0001677676918916,100.0,39.99763870239258,111.0,0.0
3682,0.0,1892.0,4.691834926605225,36.99,9.17832374572754,1809.0,0.0,1367.0,0.0001677676918916,100.0,39.99763870239258,111.0,0.0
3683,0.0,1892.0,4.691834926605225,36.99,9.17832374572754,1809.0,0.0,1367.0,0.0001677676918916,100.0,39.99763870239258,111.0,0.0
3684,0.0,1892.0,4.691834926605225,36.99,9.17832374572754,1809.0,0.0,1367.0,0.0001677676918916,100.0,39.99763870239258,111.0,0.0
3685,0.0,1892.0,0.1251673996448516,36.99,9.15992259979248,1219.0,0.0,1367.0,0.0,100.0,5.8734002113342285,0.0,0.0
3686,0.0,1892.0,0.1251673996448516,36.99,9.15992259979248,1219.0,0.0,1367.0,0.0,100.0,5.8734002113342285,0.0,0.0
3687,0.0,1892.0,0.1251673996448516,36.99,9.15992259979248,1219.0,0.0,1367.0,0.0,100.0,5.8734002113342285,0.0,0.0
3688,0.0,1892.0,0.1251673996448516,36.99,9.15992259979248,1219.0,0.0,1367.0,0.0,100.0,5.8734002113342285,0.0,0.0
3689,0.0,1892.0,0.1251673996448516,36.99,9.15992259979248,1219.0,0.0,1367.0,0.0,100.0,5.8734002113342285,0.0,0.0
3690,0.0,1892.0,0.2318138927221298,36.99,9.154016494750977,1424.0,0.0,1367.0,0.0,100.0,5.8734002113342285,0.0,0.0
3691,0.0,1892.0,0.2318138927221298,36.99,9.154016494750977,1424.0,0.0,1367.0,0.0,100.0,5.8734002113342285,0.0,0.0
3692,0.0,1892.0,0.2318138927221298,36.99,9.154016494750977,1424.0,0.0,1367.0,0.0,100.0,5.8734002113342285,0.0,0.0
3693,0.0,1892.0,0.2318138927221298,36.99,9.154016494750977,1424.0,0.0,1367.0,0.0,100.0,5.8734002113342285,0.0,0.0
3694,0.0,1892.0,0.2318138927221298,36.99,9.154016494750977,1424.0,0.0,1367.0,0.0,100.0,5.8734002113342285,0.0,0.0
3695,0.0,1892.0,0.1532453298568725,36.99,9.11336612701416,1260.0,0.0,1367.0,0.0,100.0,5.8734002113342285,0.0,0.0
3696,0.0,1892.0,0.1532453298568725,36.99,9.11336612701416,1260.0,0.0,1367.0,0.0,100.0,5.8734002113342285,0.0,0.0
3697,0.0,1892.0,0.1532453298568725,36.99,9.11336612701416,1260.0,0.0,1367.0,0.0,100.0,5.8734002113342285,0.0,0.0
3698,0.0,1892.0,0.1532453298568725,36.99,9.11336612701416,1260.0,0.0,1367.0,0.0,100.0,5.8734002113342285,0.0,0.0
3699,0.0,1892.0,0.1532453298568725,36.99,9.11336612701416,1260.0,0.0,1367.0,0.0,100.0,5.8734002113342285,0.0,0.0
3700,0.0,1892.0,0.1532453298568725,36.99,9.11336612701416,1260.0,0.0,1367.0,0.0,100.0,5.8734002113342285,0.0,0.0
3701,0.0,1892.0,0.1087690889835357,36.99,9.103153228759766,1336.0,0.0,1367.0,0.0004990037996321,100.0,40.03826141357422,111.0,0.0
3702,0.0,1892.0,0.1087690889835357,36.99,9.103153228759766,1336.0,0.0,1367.0,0.0004990037996321,100.0,40.03826141357422,111.0,0.0
3703,0.0,1892.0,0.1087690889835357,36.99,9.103153228759766,1336.0,0.0,1367.0,0.0004990037996321,100.0,40.03826141357422,111.0,0.0
3704,0.0,1892.0,0.1087690889835357,36.99,9.103153228759766,1336.0,0.0,1367.0,0.0004990037996321,100.0,40.03826141357422,111.0,0.0
3705,0.0,1892.0,0.1087690889835357,36.99,9.103153228759766,1336.0,0.0,1367.0,0.0004990037996321,100.0,40.03826141357422,111.0,0.0
3706,0.0,1892.0,0.4580860137939453,36.99,9.138944625854492,1592.0,0.0,1367.0,0.0,100.0,5.8734002113342285,0.0,0.0
3707,0.0,1892.0,0.4580860137939453,36.99,9.138944625854492,1592.0,0.0,1367.0,0.0,100.0,5.8734002113342285,0.0,0.0
3708,0.0,1892.0,0.4580860137939453,36.99,9.138944625854492,1592.0,0.0,1367.0,0.0,100.0,5.8734002113342285,0.0,0.0
3709,0.0,1892.0,0.4580860137939453,36.99,9.138944625854492,1592.0,0.0,1367.0,0.0,100.0,5.8734002113342285,0.0,0.0
3710,0.0,1892.0,0.4580860137939453,36.99,9.138944625854492,1592.0,0.0,1367.0,0.0,100.0,5.8734002113342285,0.0,0.0
3711,0.0,1892.0,0.4099575281143188,36.99,9.129682540893556,1632.0,0.0,1367.0,0.0,100.0,5.8734002113342285,0.0,0.0
3712,0.0,1892.0,0.4099575281143188,36.99,9.129682540893556,1632.0,0.0,1367.0,0.0,100.0,5.8734002113342285,0.0,0.0
3713,0.0,1892.0,0.4099575281143188,36.99,9.129682540893556,1632.0,0.0,1367.0,0.0,100.0,5.8734002113342285,0.0,0.0
3714,0.0,1892.0,0.4099575281143188,36.99,9.129682540893556,1632.0,0.0,1367.0,0.0,100.0,5.8734002113342285,0.0,0.0
3715,0.0,1892.0,0.4099575281143188,36.99,9.129682540893556,1632.0,0.0,1367.0,0.0,100.0,5.8734002113342285,0.0,0.0
3716,0.0,1892.0,0.2355003356933593,36.99,9.139838218688965,1436.0,0.0,1367.0,0.0,100.0,5.8734002113342285,0.0,0.0
3717,0.0,1892.0,0.2355003356933593,36.99,9.139838218688965,1436.0,0.0,1367.0,0.0,100.0,5.8734002113342285,0.0,0.0
3718,0.0,1892.0,0.2355003356933593,36.99,9.139838218688965,1436.0,0.0,1367.0,0.0,100.0,5.8734002113342285,0.0,0.0
3719,0.0,1892.0,0.2355003356933593,36.99,9.139838218688965,1436.0,0.0,1367.0,0.0,100.0,5.8734002113342285,0.0,0.0
3720,0.0,1892.0,0.2355003356933593,36.99,9.139838218688965,1436.0,0.0,1367.0,0.0,100.0,5.8734002113342285,0.0,0.0
3721,0.0,1892.0,0.1639061272144317,36.99,9.117860794067385,1452.0,0.0,1367.0,0.0,100.0,5.8734002113342285,0.0,0.0
3722,0.0,1892.0,0.1639061272144317,36.99,9.117860794067385,1452.0,0.0,1367.0,0.0,100.0,5.8734002113342285,0.0,0.0
3723,0.0,1892.0,0.1639061272144317,36.99,9.117860794067385,1452.0,0.0,1367.0,0.0,100.0,5.8734002113342285,0.0,0.0
3724,0.0,1892.0,0.1639061272144317,36.99,9.117860794067385,1452.0,0.0,1367.0,0.0,100.0,5.8734002113342285,0.0,0.0
3725,0.0,1892.0,0.1639061272144317,36.99,9.117860794067385,1452.0,0.0,1367.0,0.0,100.0,5.8734002113342285,0.0,0.0
3726,0.0,1892.0,0.1639061272144317,36.99,9.117860794067385,1452.0,0.0,1367.0,0.0,100.0,5.8734002113342285,0.0,0.0
3727,0.0,1892.0,0.0950684323906898,36.99,9.102495193481444,1215.0,0.0,1367.0,7.27758597349748e-05,100.0,39.93513870239258,111.0,0.0
3728,0.0,1892.0,0.0950684323906898,36.99,9.102495193481444,1215.0,0.0,1367.0,7.27758597349748e-05,100.0,39.93513870239258,111.0,0.0
3729,0.0,1892.0,0.0950684323906898,36.99,9.102495193481444,1215.0,0.0,1367.0,7.27758597349748e-05,100.0,39.93513870239258,111.0,0.0
3730,0.0,1892.0,0.0950684323906898,36.99,9.102495193481444,1215.0,0.0,1367.0,7.27758597349748e-05,100.0,39.93513870239258,111.0,0.0
3731,0.0,1892.0,0.0950684323906898,36.99,9.102495193481444,1215.0,0.0,1367.0,7.27758597349748e-05,100.0,39.93513870239258,111.0,0.0
3732,0.0,1892.0,0.1774856299161911,36.99,9.10251808166504,1338.0,0.0,1367.0,0.0,100.0,5.8734002113342285,0.0,0.0
3733,0.0,1892.0,0.1774856299161911,36.99,9.10251808166504,1338.0,0.0,1367.0,0.0,100.0,5.8734002113342285,0.0,0.0
3734,0.0,1892.0,0.1774856299161911,36.99,9.10251808166504,1338.0,0.0,1367.0,0.0,100.0,5.8734002113342285,0.0,0.0
3735,0.0,1892.0,0.1774856299161911,36.99,9.10251808166504,1338.0,0.0,1367.0,0.0,100.0,5.8734002113342285,0.0,0.0
3736,0.0,1892.0,0.1774856299161911,36.99,9.10251808166504,1338.0,0.0,1367.0,0.0,100.0,5.8734002113342285,0.0,0.0
3737,0.0,1892.0,0.185812845826149,36.99,9.106817245483398,1346.0,0.0,1367.0,0.0016748382477089,100.0,5.8734002113342285,111.0,0.0
3738,0.0,1892.0,0.185812845826149,36.99,9.106817245483398,1346.0,0.0,1367.0,0.0016748382477089,100.0,5.8734002113342285,111.0,0.0
3739,0.0,1892.0,0.185812845826149,36.99,9.106817245483398,1346.0,0.0,1367.0,0.0016748382477089,100.0,5.8734002113342285,111.0,0.0
3740,0.0,1892.0,0.185812845826149,36.99,9.106817245483398,1346.0,0.0,1367.0,0.0016748382477089,100.0,5.8734002113342285,111.0,0.0
3741,0.0,1892.0,0.185812845826149,36.99,9.106817245483398,1346.0,0.0,1367.0,0.0016748382477089,100.0,5.8734002113342285,111.0,0.0
3742,0.0,1892.0,0.1102291122078895,36.99,9.104580879211426,1374.0,0.0,1367.0,0.0,100.0,39.929405212402344,0.0,0.0
3743,0.0,1892.0,0.1102291122078895,36.99,9.104580879211426,1374.0,0.0,1367.0,0.0,100.0,39.929405212402344,0.0,0.0
3744,0.0,1892.0,0.1102291122078895,36.99,9.104580879211426,1374.0,0.0,1367.0,0.0,100.0,39.929405212402344,0.0,0.0
3745,0.0,1892.0,0.1102291122078895,36.99,9.104580879211426,1374.0,0.0,1367.0,0.0,100.0,39.929405212402344,0.0,0.0
3746,0.0,1892.0,0.1102291122078895,36.99,9.104580879211426,1374.0,0.0,1367.0,0.0,100.0,39.929405212402344,0.0,0.0
3747,0.0,1892.0,0.2194406539201736,36.99,9.096280097961426,1377.0,0.0,1367.0,0.0006014193058945,100.0,39.94451141357422,111.0,0.0
3748,0.0,1892.0,0.2194406539201736,36.99,9.096280097961426,1377.0,0.0,1367.0,0.0006014193058945,100.0,39.94451141357422,111.0,0.0
3749,0.0,1892.0,0.2194406539201736,36.99,9.096280097961426,1377.0,0.0,1367.0,0.0006014193058945,100.0,39.94451141357422,111.0,0.0
3750,0.0,1892.0,0.2194406539201736,36.99,9.096280097961426,1377.0,0.0,1367.0,0.0006014193058945,100.0,39.94451141357422,111.0,0.0
3751,0.0,1892.0,0.2194406539201736,36.99,9.096280097961426,1377.0,0.0,1367.0,0.0006014193058945,100.0,39.94451141357422,111.0,0.0
3752,0.0,1892.0,0.2194406539201736,36.99,9.096280097961426,1377.0,0.0,1367.0,0.0006014193058945,100.0,39.94451141357422,111.0,0.0
3753,0.0,1892.0,0.1722288429737091,36.99,9.12050724029541,1444.0,0.0,1367.0,0.0001192711570183,100.0,5.8734002113342285,182.0,0.0
3754,0.0,1892.0,0.1722288429737091,36.99,9.12050724029541,1444.0,0.0,1367.0,0.0001192711570183,100.0,5.8734002113342285,182.0,0.0
3755,0.0,1892.0,0.1722288429737091,36.99,9.12050724029541,1444.0,0.0,1367.0,0.0001192711570183,100.0,5.8734002113342285,182.0,0.0
3756,0.0,1892.0,0.1722288429737091,36.99,9.12050724029541,1444.0,0.0,1367.0,0.0001192711570183,100.0,5.8734002113342285,182.0,0.0
3757,0.0,1892.0,0.1722288429737091,36.99,9.12050724029541,1444.0,0.0,1367.0,0.0001192711570183,100.0,5.8734002113342285,182.0,0.0
3758,0.0,1892.0,0.0782596319913864,36.99,9.112615585327148,1161.0,0.0,1367.0,0.0,100.0,39.891387939453125,0.0,0.0
3759,0.0,1892.0,0.0782596319913864,36.99,9.112615585327148,1161.0,0.0,1367.0,0.0,100.0,39.891387939453125,0.0,0.0
3760,0.0,1892.0,0.0782596319913864,36.99,9.112615585327148,1161.0,0.0,1367.0,0.0,100.0,39.891387939453125,0.0,0.0
3761,0.0,1892.0,0.0782596319913864,36.99,9.112615585327148,1161.0,0.0,1367.0,0.0,100.0,39.891387939453125,0.0,0.0
3762,0.0,1892.0,0.0782596319913864,36.99,9.112615585327148,1161.0,0.0,1367.0,0.0,100.0,39.891387939453125,0.0,0.0
3763,0.0,1892.0,0.1362482160329818,36.99,9.087770462036133,1364.0,0.0,1367.0,0.0,100.0,5.8734002113342285,0.0,0.0
3764,0.0,1892.0,0.1362482160329818,36.99,9.087770462036133,1364.0,0.0,1367.0,0.0,100.0,5.8734002113342285,0.0,0.0
3765,0.0,1892.0,0.1362482160329818,36.99,9.087770462036133,1364.0,0.0,1367.0,0.0,100.0,5.8734002113342285,0.0,0.0
3766,0.0,1892.0,0.1362482160329818,36.99,9.087770462036133,1364.0,0.0,1367.0,0.0,100.0,5.8734002113342285,0.0,0.0
3767,0.0,1892.0,0.1362482160329818,36.99,9.087770462036133,1364.0,0.0,1367.0,0.0,100.0,5.8734002113342285,0.0,0.0
3768,0.0,1892.0,0.1273053735494613,36.99,9.100042343139648,1279.0,0.0,1367.0,0.0,100.0,5.8734002113342285,0.0,0.0
3769,0.0,1892.0,0.1273053735494613,36.99,9.100042343139648,1279.0,0.0,1367.0,0.0,100.0,5.8734002113342285,0.0,0.0
3770,0.0,1892.0,0.1273053735494613,36.99,9.100042343139648,1279.0,0.0,1367.0,0.0,100.0,5.8734002113342285,0.0,0.0
3771,0.0,1892.0,0.1273053735494613,36.99,9.100042343139648,1279.0,0.0,1367.0,0.0,100.0,5.8734002113342285,0.0,0.0
3772,0.0,1892.0,0.1273053735494613,36.99,9.100042343139648,1279.0,0.0,1367.0,0.0,100.0,5.8734002113342285,0.0,0.0
3773,0.0,1892.0,0.2804587781429291,36.99,9.09765338897705,1562.0,0.0,1367.0,0.0,100.0,5.8734002113342285,0.0,0.0
3774,0.0,1892.0,0.2804587781429291,36.99,9.09765338897705,1562.0,0.0,1367.0,0.0,100.0,5.8734002113342285,0.0,0.0
3775,0.0,1892.0,0.2804587781429291,36.99,9.09765338897705,1562.0,0.0,1367.0,0.0,100.0,5.8734002113342285,0.0,0.0
3776,0.0,1892.0,0.2804587781429291,36.99,9.09765338897705,1562.0,0.0,1367.0,0.0,100.0,5.8734002113342285,0.0,0.0
3777,0.0,1892.0,0.2804587781429291,36.99,9.09765338897705,1562.0,0.0,1367.0,0.0,100.0,5.8734002113342285,0.0,0.0
3778,0.0,1892.0,0.2804587781429291,36.99,9.09765338897705,1562.0,0.0,1367.0,0.0,100.0,5.8734002113342285,0.0,0.0
3779,0.0,1892.0,0.1549506485462188,36.99,9.103717803955078,1298.0,0.0,1367.0,0.0002441960386931,100.0,39.86951446533203,111.0,0.0
3780,0.0,1892.0,0.1549506485462188,36.99,9.103717803955078,1298.0,0.0,1367.0,0.0002441960386931,100.0,39.86951446533203,111.0,0.0
3781,0.0,1892.0,0.1549506485462188,36.99,9.103717803955078,1298.0,0.0,1367.0,0.0002441960386931,100.0,39.86951446533203,111.0,0.0
3782,0.0,1892.0,0.1549506485462188,36.99,9.103717803955078,1298.0,0.0,1367.0,0.0002441960386931,100.0,39.86951446533203,111.0,0.0
3783,0.0,1892.0,0.1549506485462188,36.99,9.103717803955078,1298.0,0.0,1367.0,0.0002441960386931,100.0,39.86951446533203,111.0,0.0
3784,0.0,1892.0,0.1044500395655632,36.99,9.088875770568848,1293.0,0.0,1367.0,0.0,100.0,5.8734002113342285,0.0,0.0
3785,0.0,1892.0,0.1044500395655632,36.99,9.088875770568848,1293.0,0.0,1367.0,0.0,100.0,5.8734002113342285,0.0,0.0
3786,0.0,1892.0,0.1044500395655632,36.99,9.088875770568848,1293.0,0.0,1367.0,0.0,100.0,5.8734002113342285,0.0,0.0
3787,0.0,1892.0,0.1044500395655632,36.99,9.088875770568848,1293.0,0.0,1367.0,0.0,100.0,5.8734002113342285,0.0,0.0
3788,0.0,1892.0,0.1044500395655632,36.99,9.088875770568848,1293.0,0.0,1367.0,0.0,100.0,5.8734002113342285,0.0,0.0
3789,0.0,1892.0,0.1846130341291427,36.99,9.087559700012209,1461.0,0.0,1367.0,0.0,100.0,5.8734002113342285,0.0,0.0
3790,0.0,1892.0,0.1846130341291427,36.99,9.087559700012209,1461.0,0.0,1367.0,0.0,100.0,5.8734002113342285,0.0,0.0
3791,0.0,1892.0,0.1846130341291427,36.99,9.087559700012209,1461.0,0.0,1367.0,0.0,100.0,5.8734002113342285,0.0,0.0
3792,0.0,1892.0,0.1846130341291427,36.99,9.087559700012209,1461.0,0.0,1367.0,0.0,100.0,5.8734002113342285,0.0,0.0
3793,0.0,1892.0,0.1846130341291427,36.99,9.087559700012209,1461.0,0.0,1367.0,0.0,100.0,5.8734002113342285,0.0,0.0
3794,0.0,1892.0,0.1800005137920379,36.99,9.085103034973145,1370.0,0.0,1367.0,0.0,100.0,5.8734002113342285,0.0,0.0
3795,0.0,1892.0,0.1800005137920379,36.99,9.085103034973145,1370.0,0.0,1367.0,0.0,100.0,5.8734002113342285,0.0,0.0
3796,0.0,1892.0,0.1800005137920379,36.99,9.085103034973145,1370.0,0.0,1367.0,0.0,100.0,5.8734002113342285,0.0,0.0
3797,0.0,1892.0,0.1800005137920379,36.99,9.085103034973145,1370.0,0.0,1367.0,0.0,100.0,5.8734002113342285,0.0,0.0
3798,0.0,1892.0,0.1800005137920379,36.99,9.085103034973145,1370.0,0.0,1367.0,0.0,100.0,5.8734002113342285,0.0,0.0
3799,0.0,1892.0,0.1800005137920379,36.99,9.085103034973145,1370.0,0.0,1367.0,0.0,100.0,5.8734002113342285,0.0,0.0
3800,0.0,1892.0,0.0996875986456871,36.99,9.084592819213867,1281.0,0.0,1367.0,0.0004154836642555,100.0,5.8734002113342285,168.0,0.0
3801,0.0,1892.0,0.0996875986456871,36.99,9.084592819213867,1281.0,0.0,1367.0,0.0004154836642555,100.0,5.8734002113342285,168.0,0.0
3802,0.0,1892.0,0.0996875986456871,36.99,9.084592819213867,1281.0,0.0,1367.0,0.0004154836642555,100.0,5.8734002113342285,168.0,0.0
3803,0.0,1892.0,0.0996875986456871,36.99,9.084592819213867,1281.0,0.0,1367.0,0.0004154836642555,100.0,5.8734002113342285,168.0,0.0
3804,0.0,1892.0,0.0996875986456871,36.99,9.084592819213867,1281.0,0.0,1367.0,0.0004154836642555,100.0,5.8734002113342285,168.0,0.0
3805,0.0,1892.0,0.1546013355255127,36.99,9.08314037322998,1375.0,0.0,1367.0,0.0,100.0,39.72263717651367,0.0,0.0
3806,0.0,1892.0,0.1546013355255127,36.99,9.08314037322998,1375.0,0.0,1367.0,0.0,100.0,39.72263717651367,0.0,0.0
3807,0.0,1892.0,0.1546013355255127,36.99,9.08314037322998,1375.0,0.0,1367.0,0.0,100.0,39.72263717651367,0.0,0.0
3808,0.0,1892.0,0.1546013355255127,36.99,9.08314037322998,1375.0,0.0,1367.0,0.0,100.0,39.72263717651367,0.0,0.0
3809,0.0,1892.0,0.1546013355255127,36.99,9.08314037322998,1375.0,0.0,1367.0,0.0,100.0,39.72263717651367,0.0,0.0
3810,0.0,1892.0,0.3937053382396698,36.99,9.083210945129396,1316.0,0.0,1367.0,0.0,100.0,5.8734002113342285,0.0,0.0
3811,0.0,1892.0,0.3937053382396698,36.99,9.083210945129396,1316.0,0.0,1367.0,0.0,100.0,5.8734002113342285,0.0,0.0
3812,0.0,1892.0,0.3937053382396698,36.99,9.083210945129396,1316.0,0.0,1367.0,0.0,100.0,5.8734002113342285,0.0,0.0
3813,0.0,1892.0,0.3937053382396698,36.99,9.083210945129396,1316.0,0.0,1367.0,0.0,100.0,5.8734002113342285,0.0,0.0
3814,0.0,1892.0,0.3937053382396698,36.99,9.083210945129396,1316.0,0.0,1367.0,0.0,100.0,5.8734002113342285,0.0,0.0
3815,0.0,1892.0,0.1344498991966247,36.99,9.099830627441406,1323.0,0.0,1367.0,0.0,100.0,5.8734002113342285,0.0,0.0
3816,0.0,1892.0,0.1344498991966247,36.99,9.099830627441406,1323.0,0.0,1367.0,0.0,100.0,5.8734002113342285,0.0,0.0
3817,0.0,1892.0,0.1344498991966247,36.99,9.099830627441406,1323.0,0.0,1367.0,0.0,100.0,5.8734002113342285,0.0,0.0
3818,0.0,1892.0,0.1344498991966247,36.99,9.099830627441406,1323.0,0.0,1367.0,0.0,100.0,5.8734002113342285,0.0,0.0
3819,0.0,1892.0,0.1344498991966247,36.99,9.099830627441406,1323.0,0.0,1367.0,0.0,100.0,5.8734002113342285,0.0,0.0
3820,0.0,1892.0,0.1076420247554779,36.99,9.090779304504396,1228.0,0.0,1367.0,0.0,100.0,5.8734002113342285,0.0,0.0
3821,0.0,1892.0,0.1076420247554779,36.99,9.090779304504396,1228.0,0.0,1367.0,0.0,100.0,5.8734002113342285,0.0,0.0
3822,0.0,1892.0,0.1076420247554779,36.99,9.090779304504396,1228.0,0.0,1367.0,0.0,100.0,5.8734002113342285,0.0,0.0
3823,0.0,1892.0,0.1076420247554779,36.99,9.090779304504396,1228.0,0.0,1367.0,0.0,100.0,5.8734002113342285,0.0,0.0
3824,0.0,1892.0,0.1076420247554779,36.99,9.090779304504396,1228.0,0.0,1367.0,0.0,100.0,5.8734002113342285,0.0,0.0
3825,0.0,1892.0,0.1076420247554779,36.99,9.090779304504396,1228.0,0.0,1367.0,0.0,100.0,5.8734002113342285,0.0,0.0
3826,0.0,1892.0,0.2542210519313812,36.99,9.099772453308104,1367.0,0.0,1367.0,0.0002988079795613,100.0,39.680450439453125,168.0,0.0
3827,0.0,1892.0,0.2542210519313812,36.99,9.099772453308104,1367.0,0.0,1367.0,0.0002988079795613,100.0,39.680450439453125,168.0,0.0
3828,0.0,1892.0,0.2542210519313812,36.99,9.099772453308104,1367.0,0.0,1367.0,0.0002988079795613,100.0,39.680450439453125,168.0,0.0
3829,0.0,1892.0,0.2542210519313812,36.99,9.099772453308104,1367.0,0.0,1367.0,0.0002988079795613,100.0,39.680450439453125,168.0,0.0
3830,0.0,1892.0,0.2542210519313812,36.99,9.099772453308104,1367.0,0.0,1367.0,0.0002988079795613,100.0,39.680450439453125,168.0,0.0
3831,0.0,1892.0,0.0811589509248733,36.99,9.075541496276855,1138.0,0.0,1367.0,0.0,100.0,5.8734002113342285,0.0,0.0
3832,0.0,1892.0,0.0811589509248733,36.99,9.075541496276855,1138.0,0.0,1367.0,0.0,100.0,5.8734002113342285,0.0,0.0
3833,0.0,1892.0,0.0811589509248733,36.99,9.075541496276855,1138.0,0.0,1367.0,0.0,100.0,5.8734002113342285,0.0,0.0
3834,0.0,1892.0,0.0811589509248733,36.99,9.075541496276855,1138.0,0.0,1367.0,0.0,100.0,5.8734002113342285,0.0,0.0
3835,0.0,1892.0,0.0811589509248733,36.99,9.075541496276855,1138.0,0.0,1367.0,0.0,100.0,5.8734002113342285,0.0,0.0
3836,0.0,1892.0,0.1826548725366592,36.99,9.077325820922852,1389.0,0.0,1367.0,0.0,100.0,5.8734002113342285,0.0,0.0
3837,0.0,1892.0,0.1826548725366592,36.99,9.077325820922852,1389.0,0.0,1367.0,0.0,100.0,5.8734002113342285,0.0,0.0
3838,0.0,1892.0,0.1826548725366592,36.99,9.077325820922852,1389.0,0.0,1367.0,0.0,100.0,5.8734002113342285,0.0,0.0
3839,0.0,1892.0,0.1826548725366592,36.99,9.077325820922852,1389.0,0.0,1367.0,0.0,100.0,5.8734002113342285,0.0,0.0
3840,0.0,1892.0,0.1826548725366592,36.99,9.077325820922852,1389.0,0.0,1367.0,0.0,100.0,5.8734002113342285,0.0,0.0
3841,0.0,1892.0,0.2487501055002212,36.99,9.09127140045166,1482.0,0.0,1367.0,0.0,100.0,5.8734002113342285,0.0,0.0
3842,0.0,1892.0,0.2487501055002212,36.99,9.09127140045166,1482.0,0.0,1367.0,0.0,100.0,5.8734002113342285,0.0,0.0
3843,0.0,1892.0,0.2487501055002212,36.99,9.09127140045166,1482.0,0.0,1367.0,0.0,100.0,5.8734002113342285,0.0,0.0
3844,0.0,1892.0,0.2487501055002212,36.99,9.09127140045166,1482.0,0.0,1367.0,0.0,100.0,5.8734002113342285,0.0,0.0
3845,0.0,1892.0,0.2487501055002212,36.99,9.09127140045166,1482.0,0.0,1367.0,0.0,100.0,5.8734002113342285,0.0,0.0
3846,0.0,1892.0,0.2487501055002212,36.99,9.09127140045166,1482.0,0.0,1367.0,0.0,100.0,5.8734002113342285,0.0,0.0
3847,0.0,1892.0,0.2726158499717712,36.99,9.091919898986816,1485.0,0.0,1367.0,0.0,100.0,5.8734002113342285,0.0,0.0
3848,0.0,1892.0,0.2726158499717712,36.99,9.091919898986816,1485.0,0.0,1367.0,0.0,100.0,5.8734002113342285,0.0,0.0
3849,0.0,1892.0,0.2726158499717712,36.99,9.091919898986816,1485.0,0.0,1367.0,0.0,100.0,5.8734002113342285,0.0,0.0
3850,0.0,1892.0,0.2726158499717712,36.99,9.091919898986816,1485.0,0.0,1367.0,0.0,100.0,5.8734002113342285,0.0,0.0
3851,0.0,1892.0,0.2726158499717712,36.99,9.091919898986816,1485.0,0.0,1367.0,0.0,100.0,5.8734002113342285,0.0,0.0
3852,0.0,1892.0,0.1343007236719131,36.99,9.072149276733398,1326.0,0.0,1367.0,0.0003038855211343,100.0,39.51169967651367,160.0,0.0
3853,0.0,1892.0,0.1343007236719131,36.99,9.072149276733398,1326.0,0.0,1367.0,0.0003038855211343,100.0,39.51169967651367,160.0,0.0
3854,0.0,1892.0,0.1343007236719131,36.99,9.072149276733398,1326.0,0.0,1367.0,0.0003038855211343,100.0,39.51169967651367,160.0,0.0
3855,0.0,1892.0,0.1343007236719131,36.99,9.072149276733398,1326.0,0.0,1367.0,0.0003038855211343,100.0,39.51169967651367,160.0,0.0
3856,0.0,1892.0,0.1343007236719131,36.99,9.072149276733398,1326.0,0.0,1367.0,0.0003038855211343,100.0,39.51169967651367,160.0,0.0
3857,0.0,1892.0,0.1263559013605117,36.99,9.076887130737305,1347.0,0.0,1367.0,0.0,100.0,5.8734002113342285,0.0,0.0
3858,0.0,1892.0,0.1263559013605117,36.99,9.076887130737305,1347.0,0.0,1367.0,0.0,100.0,5.8734002113342285,0.0,0.0
3859,0.0,1892.0,0.1263559013605117,36.99,9.076887130737305,1347.0,0.0,1367.0,0.0,100.0,5.8734002113342285,0.0,0.0
3860,0.0,1892.0,0.1263559013605117,36.99,9.076887130737305,1347.0,0.0,1367.0,0.0,100.0,5.8734002113342285,0.0,0.0
3861,0.0,1892.0,0.1263559013605117,36.99,9.076887130737305,1347.0,0.0,1367.0,0.0,100.0,5.8734002113342285,0.0,0.0
3862,0.0,1892.0,0.1522872895002365,36.99,9.066680908203123,1374.0,0.0,1367.0,0.0,100.0,5.8734002113342285,0.0,0.0
3863,0.0,1892.0,0.1522872895002365,36.99,9.066680908203123,1374.0,0.0,1367.0,0.0,100.0,5.8734002113342285,0.0,0.0
3864,0.0,1892.0,0.1522872895002365,36.99,9.066680908203123,1374.0,0.0,1367.0,0.0,100.0,5.8734002113342285,0.0,0.0
3865,0.0,1892.0,0.1522872895002365,36.99,9.066680908203123,1374.0,0.0,1367.0,0.0,100.0,5.8734002113342285,0.0,0.0
3866,0.0,1892.0,0.1522872895002365,36.99,9.066680908203123,1374.0,0.0,1367.0,0.0,100.0,5.8734002113342285,0.0,0.0
3867,0.0,1892.0,0.0936979278922081,36.99,9.063133239746094,1227.0,0.0,1367.0,0.0,100.0,5.8734002113342285,0.0,0.0
3868,0.0,1892.0,0.0936979278922081,36.99,9.063133239746094,1227.0,0.0,1367.0,0.0,100.0,5.8734002113342285,0.0,0.0
3869,0.0,1892.0,0.0936979278922081,36.99,9.063133239746094,1227.0,0.0,1367.0,0.0,100.0,5.8734002113342285,0.0,0.0
3870,0.0,1892.0,0.0936979278922081,36.99,9.063133239746094,1227.0,0.0,1367.0,0.0,100.0,5.8734002113342285,0.0,0.0
3871,0.0,1892.0,0.0936979278922081,36.99,9.063133239746094,1227.0,0.0,1367.0,0.0,100.0,5.8734002113342285,0.0,0.0
3872,0.0,1892.0,0.0936979278922081,36.99,9.063133239746094,1227.0,0.0,1367.0,0.0,100.0,5.8734002113342285,0.0,0.0
3873,0.0,1892.0,0.1518426239490509,36.99,9.07651424407959,1410.0,0.0,1367.0,0.00016503308143,100.0,5.8734002113342285,111.0,0.0
3874,0.0,1892.0,0.1518426239490509,36.99,9.07651424407959,1410.0,0.0,1367.0,0.00016503308143,100.0,5.8734002113342285,111.0,0.0
3875,0.0,1892.0,0.1518426239490509,36.99,9.07651424407959,1410.0,0.0,1367.0,0.00016503308143,100.0,5.8734002113342285,111.0,0.0
3876,0.0,1892.0,0.1518426239490509,36.99,9.07651424407959,1410.0,0.0,1367.0,0.00016503308143,100.0,5.8734002113342285,111.0,0.0
3877,0.0,1892.0,0.1518426239490509,36.99,9.07651424407959,1410.0,0.0,1367.0,0.00016503308143,100.0,5.8734002113342285,111.0,0.0
3878,0.0,1892.0,0.1856242269277572,36.99,9.083428382873535,1430.0,0.0,1367.0,0.0,100.0,39.53044891357422,0.0,0.0
3879,0.0,1892.0,0.1856242269277572,36.99,9.083428382873535,1430.0,0.0,1367.0,0.0,100.0,39.53044891357422,0.0,0.0
3880,0.0,1892.0,0.1856242269277572,36.99,9.083428382873535,1430.0,0.0,1367.0,0.0,100.0,39.53044891357422,0.0,0.0
3881,0.0,1892.0,0.1856242269277572,36.99,9.083428382873535,1430.0,0.0,1367.0,0.0,100.0,39.53044891357422,0.0,0.0
3882,0.0,1892.0,0.1856242269277572,36.99,9.083428382873535,1430.0,0.0,1367.0,0.0,100.0,39.53044891357422,0.0,0.0
3883,0.0,1892.0,0.1426693797111511,36.99,9.07914924621582,1344.0,0.0,1367.0,0.0,100.0,5.8734002113342285,0.0,0.0
3884,0.0,1892.0,0.1426693797111511,36.99,9.07914924621582,1344.0,0.0,1367.0,0.0,100.0,5.8734002113342285,0.0,0.0
3885,0.0,1892.0,0.1426693797111511,36.99,9.07914924621582,1344.0,0.0,1367.0,0.0,100.0,5.8734002113342285,0.0,0.0
3886,0.0,1892.0,0.1426693797111511,36.99,9.07914924621582,1344.0,0.0,1367.0,0.0,100.0,5.8734002113342285,0.0,0.0
3887,0.0,1892.0,0.1426693797111511,36.99,9.07914924621582,1344.0,0.0,1367.0,0.0,100.0,5.8734002113342285,0.0,0.0
3888,0.0,1892.0,0.138472244143486,36.99,9.061802864074709,1362.0,0.0,1367.0,0.0,100.0,5.8734002113342285,0.0,0.0
3889,0.0,1892.0,0.138472244143486,36.99,9.061802864074709,1362.0,0.0,1367.0,0.0,100.0,5.8734002113342285,0.0,0.0
3890,0.0,1892.0,0.138472244143486,36.99,9.061802864074709,1362.0,0.0,1367.0,0.0,100.0,5.8734002113342285,0.0,0.0
3891,0.0,1892.0,0.138472244143486,36.99,9.061802864074709,1362.0,0.0,1367.0,0.0,100.0,5.8734002113342285,0.0,0.0
3892,0.0,1892.0,0.138472244143486,36.99,9.061802864074709,1362.0,0.0,1367.0,0.0,100.0,5.8734002113342285,0.0,0.0
3893,0.0,1892.0,0.1297690719366073,36.99,9.059846878051758,1277.0,0.0,1367.0,0.0,100.0,5.8734002113342285,0.0,0.0
3894,0.0,1892.0,0.1297690719366073,36.99,9.059846878051758,1277.0,0.0,1367.0,0.0,100.0,5.8734002113342285,0.0,0.0
3895,0.0,1892.0,0.1297690719366073,36.99,9.059846878051758,1277.0,0.0,1367.0,0.0,100.0,5.8734002113342285,0.0,0.0
3896,0.0,1892.0,0.1297690719366073,36.99,9.059846878051758,1277.0,0.0,1367.0,0.0,100.0,5.8734002113342285,0.0,0.0
3897,0.0,1892.0,0.1297690719366073,36.99,9.059846878051758,1277.0,0.0,1367.0,0.0,100.0,5.8734002113342285,0.0,0.0
3898,0.0,1892.0,0.1297690719366073,36.99,9.059846878051758,1277.0,0.0,1367.0,0.0,100.0,5.8734002113342285,0.0,0.0
3899,0.0,1892.0,0.1809941232204437,36.99,9.053603172302246,1468.0,0.0,1367.0,0.0005094144144095,100.0,5.8734002113342285,111.0,0.0
3900,0.0,1892.0,0.1809941232204437,36.99,9.053603172302246,1468.0,0.0,1367.0,0.0005094144144095,100.0,5.8734002113342285,111.0,0.0
3901,0.0,1892.0,0.1809941232204437,36.99,9.053603172302246,1468.0,0.0,1367.0,0.0005094144144095,100.0,5.8734002113342285,111.0,0.0
3902,0.0,1892.0,0.1809941232204437,36.99,9.053603172302246,1468.0,0.0,1367.0,0.0005094144144095,100.0,5.8734002113342285,111.0,0.0
3903,0.0,1892.0,0.1809941232204437,36.99,9.053603172302246,1468.0,0.0,1367.0,0.0005094144144095,100.0,5.8734002113342285,111.0,0.0
3904,0.0,1892.0,0.3035539388656616,36.99,9.08750057220459,1628.0,0.0,1367.0,0.0,100.0,39.51013946533203,0.0,0.0
3905,0.0,1892.0,0.3035539388656616,36.99,9.08750057220459,1628.0,0.0,1367.0,0.0,100.0,39.51013946533203,0.0,0.0
3906,0.0,1892.0,0.3035539388656616,36.99,9.08750057220459,1628.0,0.0,1367.0,0.0,100.0,39.51013946533203,0.0,0.0
3907,0.0,1892.0,0.3035539388656616,36.99,9.08750057220459,1628.0,0.0,1367.0,0.0,100.0,39.51013946533203,0.0,0.0
3908,0.0,1892.0,0.3035539388656616,36.99,9.08750057220459,1628.0,0.0,1367.0,0.0,100.0,39.51013946533203,0.0,0.0
3909,0.0,1892.0,0.1648255884647369,36.99,9.086373329162598,1421.0,0.0,1367.0,0.0,100.0,5.8734002113342285,0.0,0.0
3910,0.0,1892.0,0.1648255884647369,36.99,9.086373329162598,1421.0,0.0,1367.0,0.0,100.0,5.8734002113342285,0.0,0.0
3911,0.0,1892.0,0.1648255884647369,36.99,9.086373329162598,1421.0,0.0,1367.0,0.0,100.0,5.8734002113342285,0.0,0.0
3912,0.0,1892.0,0.1648255884647369,36.99,9.086373329162598,1421.0,0.0,1367.0,0.0,100.0,5.8734002113342285,0.0,0.0
3913,0.0,1892.0,0.1648255884647369,36.99,9.086373329162598,1421.0,0.0,1367.0,0.0,100.0,5.8734002113342285,0.0,0.0
3914,0.0,1892.0,0.1111339330673217,36.99,9.067514419555664,1337.0,0.0,1367.0,0.0,100.0,5.8734002113342285,0.0,0.0
3915,0.0,1892.0,0.1111339330673217,36.99,9.067514419555664,1337.0,0.0,1367.0,0.0,100.0,5.8734002113342285,0.0,0.0
3916,0.0,1892.0,0.1111339330673217,36.99,9.067514419555664,1337.0,0.0,1367.0,0.0,100.0,5.8734002113342285,0.0,0.0
3917,0.0,1892.0,0.1111339330673217,36.99,9.067514419555664,1337.0,0.0,1367.0,0.0,100.0,5.8734002113342285,0.0,0.0
3918,0.0,1892.0,0.1111339330673217,36.99,9.067514419555664,1337.0,0.0,1367.0,0.0,100.0,5.8734002113342285,0.0,0.0
3919,0.0,1892.0,0.267692893743515,36.99,9.053853034973145,1417.0,0.0,1367.0,6.888760253787041e-05,100.0,5.8734002113342285,111.0,0.0
3920,0.0,1892.0,0.267692893743515,36.99,9.053853034973145,1417.0,0.0,1367.0,6.888760253787041e-05,100.0,5.8734002113342285,111.0,0.0
3921,0.0,1892.0,0.267692893743515,36.99,9.053853034973145,1417.0,0.0,1367.0,6.888760253787041e-05,100.0,5.8734002113342285,111.0,0.0
3922,0.0,1892.0,0.267692893743515,36.99,9.053853034973145,1417.0,0.0,1367.0,6.888760253787041e-05,100.0,5.8734002113342285,111.0,0.0
3923,0.0,1892.0,0.267692893743515,36.99,9.053853034973145,1417.0,0.0,1367.0,6.888760253787041e-05,100.0,5.8734002113342285,111.0,0.0
3924,0.0,1892.0,0.267692893743515,36.99,9.053853034973145,1417.0,0.0,1367.0,6.888760253787041e-05,100.0,5.8734002113342285,111.0,0.0
3925,0.0,1892.0,0.1974671185016632,36.99,9.098492622375488,1425.0,0.0,1367.0,0.0,100.0,39.44919967651367,0.0,0.0
3926,0.0,1892.0,0.1974671185016632,36.99,9.098492622375488,1425.0,0.0,1367.0,0.0,100.0,39.44919967651367,0.0,0.0
3927,0.0,1892.0,0.1974671185016632,36.99,9.098492622375488,1425.0,0.0,1367.0,0.0,100.0,39.44919967651367,0.0,0.0
3928,0.0,1892.0,0.1974671185016632,36.99,9.098492622375488,1425.0,0.0,1367.0,0.0,100.0,39.44919967651367,0.0,0.0
3929,0.0,1892.0,0.1974671185016632,36.99,9.098492622375488,1425.0,0.0,1367.0,0.0,100.0,39.44919967651367,0.0,0.0
3930,0.0,1892.0,0.2234691083431244,36.99,9.065110206604004,1439.0,0.0,1367.0,0.0,100.0,5.8734002113342285,0.0,0.0
3931,0.0,1892.0,0.2234691083431244,36.99,9.065110206604004,1439.0,0.0,1367.0,0.0,100.0,5.8734002113342285,0.0,0.0
3932,0.0,1892.0,0.2234691083431244,36.99,9.065110206604004,1439.0,0.0,1367.0,0.0,100.0,5.8734002113342285,0.0,0.0
3933,0.0,1892.0,0.2234691083431244,36.99,9.065110206604004,1439.0,0.0,1367.0,0.0,100.0,5.8734002113342285,0.0,0.0
3934,0.0,1892.0,0.2234691083431244,36.99,9.065110206604004,1439.0,0.0,1367.0,0.0,100.0,5.8734002113342285,0.0,0.0
3935,0.0,1892.0,0.1322719603776931,36.99,9.051517486572266,1308.0,0.0,1367.0,0.0,100.0,5.8734002113342285,0.0,0.0
3936,0.0,1892.0,0.1322719603776931,36.99,9.051517486572266,1308.0,0.0,1367.0,0.0,100.0,5.8734002113342285,0.0,0.0
3937,0.0,1892.0,0.1322719603776931,36.99,9.051517486572266,1308.0,0.0,1367.0,0.0,100.0,5.8734002113342285,0.0,0.0
3938,0.0,1892.0,0.1322719603776931,36.99,9.051517486572266,1308.0,0.0,1367.0,0.0,100.0,5.8734002113342285,0.0,0.0
3939,0.0,1892.0,0.1322719603776931,36.99,9.051517486572266,1308.0,0.0,1367.0,0.0,100.0,5.8734002113342285,0.0,0.0
3940,0.0,1892.0,0.1700138747692108,36.99,9.071304321289062,1463.0,0.0,1367.0,0.0,100.0,5.8734002113342285,0.0,0.0
3941,0.0,1892.0,0.1700138747692108,36.99,9.071304321289062,1463.0,0.0,1367.0,0.0,100.0,5.8734002113342285,0.0,0.0
3942,0.0,1892.0,0.1700138747692108,36.99,9.071304321289062,1463.0,0.0,1367.0,0.0,100.0,5.8734002113342285,0.0,0.0
3943,0.0,1892.0,0.1700138747692108,36.99,9.071304321289062,1463.0,0.0,1367.0,0.0,100.0,5.8734002113342285,0.0,0.0
3944,0.0,1892.0,0.1700138747692108,36.99,9.071304321289062,1463.0,0.0,1367.0,0.0,100.0,5.8734002113342285,0.0,0.0
3945,0.0,1892.0,0.2369997650384903,36.99,9.06937313079834,1425.0,0.0,1367.0,0.0002807241107802,100.0,39.32263946533203,111.0,0.0
3946,0.0,1892.0,0.2369997650384903,36.99,9.06937313079834,1425.0,0.0,1367.0,0.0002807241107802,100.0,39.32263946533203,111.0,0.0
3947,0.0,1892.0,0.2369997650384903,36.99,9.06937313079834,1425.0,0.0,1367.0,0.0002807241107802,100.0,39.32263946533203,111.0,0.0
3948,0.0,1892.0,0.2369997650384903,36.99,9.06937313079834,1425.0,0.0,1367.0,0.0002807241107802,100.0,39.32263946533203,111.0,0.0
3949,0.0,1892.0,0.2369997650384903,36.99,9.06937313079834,1425.0,0.0,1367.0,0.0002807241107802,100.0,39.32263946533203,111.0,0.0
3950,0.0,1892.0,0.2369997650384903,36.99,9.06937313079834,1425.0,0.0,1367.0,0.0002807241107802,100.0,39.32263946533203,111.0,0.0
3951,0.0,1892.0,0.117562748491764,36.99,9.062294960021973,1351.0,0.0,1367.0,0.0,100.0,5.8734002113342285,0.0,0.0
3952,0.0,1892.0,0.117562748491764,36.99,9.062294960021973,1351.0,0.0,1367.0,0.0,100.0,5.8734002113342285,0.0,0.0
3953,0.0,1892.0,0.117562748491764,36.99,9.062294960021973,1351.0,0.0,1367.0,0.0,100.0,5.8734002113342285,0.0,0.0
3954,0.0,1892.0,0.117562748491764,36.99,9.062294960021973,1351.0,0.0,1367.0,0.0,100.0,5.8734002113342285,0.0,0.0
3955,0.0,1892.0,0.117562748491764,36.99,9.062294960021973,1351.0,0.0,1367.0,0.0,100.0,5.8734002113342285,0.0,0.0
3956,0.0,1892.0,0.1343608200550079,36.99,9.056013107299805,1407.0,0.0,1367.0,0.0,100.0,5.8734002113342285,0.0,0.0
3957,0.0,1892.0,0.1343608200550079,36.99,9.056013107299805,1407.0,0.0,1367.0,0.0,100.0,5.8734002113342285,0.0,0.0
3958,0.0,1892.0,0.1343608200550079,36.99,9.056013107299805,1407.0,0.0,1367.0,0.0,100.0,5.8734002113342285,0.0,0.0
3959,0.0,1892.0,0.1343608200550079,36.99,9.056013107299805,1407.0,0.0,1367.0,0.0,100.0,5.8734002113342285,0.0,0.0
3960,0.0,1892.0,0.1343608200550079,36.99,9.056013107299805,1407.0,0.0,1367.0,0.0,100.0,5.8734002113342285,0.0,0.0
3961,0.0,1892.0,0.1470225751399994,36.99,9.04288387298584,1288.0,0.0,1367.0,0.0,100.0,5.8734002113342285,0.0,0.0
3962,0.0,1892.0,0.1470225751399994,36.99,9.04288387298584,1288.0,0.0,1367.0,0.0,100.0,5.8734002113342285,0.0,0.0
3963,0.0,1892.0,0.1470225751399994,36.99,9.04288387298584,1288.0,0.0,1367.0,0.0,100.0,5.8734002113342285,0.0,0.0
3964,0.0,1892.0,0.1470225751399994,36.99,9.04288387298584,1288.0,0.0,1367.0,0.0,100.0,5.8734002113342285,0.0,0.0
3965,0.0,1892.0,0.1470225751399994,36.99,9.04288387298584,1288.0,0.0,1367.0,0.0,100.0,5.8734002113342285,0.0,0.0
3966,0.0,1892.0,0.1392856538295745,36.99,9.06824779510498,1340.0,0.0,1367.0,0.0,100.0,5.8734002113342285,0.0,0.0
3967,0.0,1892.0,0.1392856538295745,36.99,9.06824779510498,1340.0,0.0,1367.0,0.0,100.0,5.8734002113342285,0.0,0.0
3968,0.0,1892.0,0.1392856538295745,36.99,9.06824779510498,1340.0,0.0,1367.0,0.0,100.0,5.8734002113342285,0.0,0.0
3969,0.0,1892.0,0.1392856538295745,36.99,9.06824779510498,1340.0,0.0,1367.0,0.0,100.0,5.8734002113342285,0.0,0.0
3970,0.0,1892.0,0.1392856538295745,36.99,9.06824779510498,1340.0,0.0,1367.0,0.0,100.0,5.8734002113342285,0.0,0.0
3971,0.0,1892.0,0.2490415126085281,36.99,9.072382926940918,1612.0,0.0,1367.0,0.0002849758893717,100.0,5.8734002113342285,111.0,0.0
3972,0.0,1892.0,0.2490415126085281,36.99,9.072382926940918,1612.0,0.0,1367.0,0.0002849758893717,100.0,5.8734002113342285,111.0,0.0
3973,0.0,1892.0,0.2490415126085281,36.99,9.072382926940918,1612.0,0.0,1367.0,0.0002849758893717,100.0,5.8734002113342285,111.0,0.0
3974,0.0,1892.0,0.2490415126085281,36.99,9.072382926940918,1612.0,0.0,1367.0,0.0002849758893717,100.0,5.8734002113342285,111.0,0.0
3975,0.0,1892.0,0.2490415126085281,36.99,9.072382926940918,1612.0,0.0,1367.0,0.0002849758893717,100.0,5.8734002113342285,111.0,0.0
3976,0.0,1892.0,0.2490415126085281,36.99,9.072382926940918,1612.0,0.0,1367.0,0.0002849758893717,100.0,5.8734002113342285,111.0,0.0
3977,0.0,1892.0,0.2438267916440963,36.99,9.065921783447266,1504.0,0.0,1367.0,0.0,100.0,39.44763946533203,0.0,0.0
3978,0.0,1892.0,0.2438267916440963,36.99,9.065921783447266,1504.0,0.0,1367.0,0.0,100.0,39.44763946533203,0.0,0.0
3979,0.0,1892.0,0.2438267916440963,36.99,9.065921783447266,1504.0,0.0,1367.0,0.0,100.0,39.44763946533203,0.0,0.0
3980,0.0,1892.0,0.2438267916440963,36.99,9.065921783447266,1504.0,0.0,1367.0,0.0,100.0,39.44763946533203,0.0,0.0
3981,0.0,1892.0,0.2438267916440963,36.99,9.065921783447266,1504.0,0.0,1367.0,0.0,100.0,39.44763946533203,0.0,0.0
3982,0.0,1892.0,0.146669402718544,36.99,9.06809139251709,1464.0,0.0,1367.0,0.0,100.0,5.8734002113342285,0.0,0.0
3983,0.0,1892.0,0.146669402718544,36.99,9.06809139251709,1464.0,0.0,1367.0,0.0,100.0,5.8734002113342285,0.0,0.0
3984,0.0,1892.0,0.146669402718544,36.99,9.06809139251709,1464.0,0.0,1367.0,0.0,100.0,5.8734002113342285,0.0,0.0
3985,0.0,1892.0,0.146669402718544,36.99,9.06809139251709,1464.0,0.0,1367.0,0.0,100.0,5.8734002113342285,0.0,0.0
3986,0.0,1892.0,0.146669402718544,36.99,9.06809139251709,1464.0,0.0,1367.0,0.0,100.0,5.8734002113342285,0.0,0.0
3987,0.0,1892.0,0.1582774668931961,36.99,9.055777549743652,1347.0,0.0,1367.0,0.0,100.0,5.8734002113342285,0.0,0.0
3988,0.0,1892.0,0.1582774668931961,36.99,9.055777549743652,1347.0,0.0,1367.0,0.0,100.0,5.8734002113342285,0.0,0.0
3989,0.0,1892.0,0.1582774668931961,36.99,9.055777549743652,1347.0,0.0,1367.0,0.0,100.0,5.8734002113342285,0.0,0.0
3990,0.0,1892.0,0.1582774668931961,36.99,9.055777549743652,1347.0,0.0,1367.0,0.0,100.0,5.8734002113342285,0.0,0.0
3991,0.0,1892.0,0.1582774668931961,36.99,9.055777549743652,1347.0,0.0,1367.0,0.0,100.0,5.8734002113342285,0.0,0.0
3992,0.0,1892.0,0.7214505672454834,36.99,9.04721736907959,1508.0,0.0,1367.0,0.0359159149229526,100.0,5.8734002113342285,111.0,0.0
3993,0.0,1892.0,0.7214505672454834,36.99,9.04721736907959,1508.0,0.0,1367.0,0.0359159149229526,100.0,5.8734002113342285,111.0,0.0
3994,0.0,1892.0,0.7214505672454834,36.99,9.04721736907959,1508.0,0.0,1367.0,0.0359159149229526,100.0,5.8734002113342285,111.0,0.0
3995,0.0,1892.0,0.7214505672454834,36.99,9.04721736907959,1508.0,0.0,1367.0,0.0359159149229526,100.0,5.8734002113342285,111.0,0.0
3996,0.0,1892.0,0.7214505672454834,36.99,9.04721736907959,1508.0,0.0,1367.0,0.0359159149229526,100.0,5.8734002113342285,111.0,0.0
3997,0.0,1892.0,0.7214505672454834,36.99,9.04721736907959,1508.0,0.0,1367.0,0.0359159149229526,100.0,5.8734002113342285,111.0,0.0
3998,0.0,1892.0,0.5459811091423035,36.99,9.094352722167969,1769.0,0.0,1367.0,0.0458196997642517,100.0,39.48984909057617,309.0,0.0
3999,0.0,1892.0,0.5459811091423035,36.99,9.094352722167969,1769.0,0.0,1367.0,0.0458196997642517,100.0,39.48984909057617,309.0,0.0
4000,0.0,1892.0,0.5459811091423035,36.99,9.094352722167969,1769.0,0.0,1367.0,0.0458196997642517,100.0,39.48984909057617,309.0,0.0
4001,0.0,1892.0,0.5459811091423035,36.99,9.094352722167969,1769.0,0.0,1367.0,0.0458196997642517,100.0,39.48984909057617,309.0,0.0
4002,0.0,1892.0,0.5459811091423035,36.99,9.094352722167969,1769.0,0.0,1367.0,0.0458196997642517,100.0,39.48984909057617,309.0,0.0
4003,0.0,1892.0,0.6146872043609619,36.99,9.099617958068848,1532.0,0.0,1367.0,0.0,100.0,39.48826217651367,0.0,0.0
4004,0.0,1892.0,0.6146872043609619,36.99,9.099617958068848,1532.0,0.0,1367.0,0.0,100.0,39.48826217651367,0.0,0.0
4005,0.0,1892.0,0.6146872043609619,36.99,9.099617958068848,1532.0,0.0,1367.0,0.0,100.0,39.48826217651367,0.0,0.0
4006,0.0,1892.0,0.6146872043609619,36.99,9.099617958068848,1532.0,0.0,1367.0,0.0,100.0,39.48826217651367,0.0,0.0
4007,0.0,1892.0,0.6146872043609619,36.99,9.099617958068848,1532.0,0.0,1367.0,0.0,100.0,39.48826217651367,0.0,0.0
4008,0.0,1892.0,0.1892593950033188,36.99,9.09660816192627,1430.0,0.0,1367.0,0.0,100.0,5.8734002113342285,0.0,0.0
4009,0.0,1892.0,0.1892593950033188,36.99,9.09660816192627,1430.0,0.0,1367.0,0.0,100.0,5.8734002113342285,0.0,0.0
4010,0.0,1892.0,0.1892593950033188,36.99,9.09660816192627,1430.0,0.0,1367.0,0.0,100.0,5.8734002113342285,0.0,0.0
4011,0.0,1892.0,0.1892593950033188,36.99,9.09660816192627,1430.0,0.0,1367.0,0.0,100.0,5.8734002113342285,0.0,0.0
4012,0.0,1892.0,0.1892593950033188,36.99,9.09660816192627,1430.0,0.0,1367.0,0.0,100.0,5.8734002113342285,0.0,0.0
4013,0.0,1892.0,0.0894320830702781,36.99,9.072660446166992,1133.0,0.0,1367.0,0.0,100.0,5.8734002113342285,0.0,0.0
4014,0.0,1892.0,0.0894320830702781,36.99,9.072660446166992,1133.0,0.0,1367.0,0.0,100.0,5.8734002113342285,0.0,0.0
4015,0.0,1892.0,0.0894320830702781,36.99,9.072660446166992,1133.0,0.0,1367.0,0.0,100.0,5.8734002113342285,0.0,0.0
4016,0.0,1892.0,0.0894320830702781,36.99,9.072660446166992,1133.0,0.0,1367.0,0.0,100.0,5.8734002113342285,0.0,0.0
4017,0.0,1892.0,0.0894320830702781,36.99,9.072660446166992,1133.0,0.0,1367.0,0.0,100.0,5.8734002113342285,0.0,0.0
4018,0.0,1892.0,0.3064985871315002,36.99,9.064705848693848,1666.0,0.0,1367.0,0.0367635823786258,100.0,5.8734002113342285,363.0,0.0
4019,0.0,1892.0,0.3064985871315002,36.99,9.064705848693848,1666.0,0.0,1367.0,0.0367635823786258,100.0,5.8734002113342285,363.0,0.0
4020,0.0,1892.0,0.3064985871315002,36.99,9.064705848693848,1666.0,0.0,1367.0,0.0367635823786258,100.0,5.8734002113342285,363.0,0.0
4021,0.0,1892.0,0.3064985871315002,36.99,9.064705848693848,1666.0,0.0,1367.0,0.0367635823786258,100.0,5.8734002113342285,363.0,0.0
4022,0.0,1892.0,0.3064985871315002,36.99,9.064705848693848,1666.0,0.0,1367.0,0.0367635823786258,100.0,5.8734002113342285,363.0,0.0
4023,0.0,1892.0,0.3064985871315002,36.99,9.064705848693848,1666.0,0.0,1367.0,0.0367635823786258,100.0,5.8734002113342285,363.0,0.0
4024,0.0,1892.0,0.1841106712818145,36.99,9.05826473236084,1386.0,0.0,1367.0,0.0,100.0,5.8734002113342285,0.0,0.0
4025,0.0,1892.0,0.1841106712818145,36.99,9.05826473236084,1386.0,0.0,1367.0,0.0,100.0,5.8734002113342285,0.0,0.0
4026,0.0,1892.0,0.1841106712818145,36.99,9.05826473236084,1386.0,0.0,1367.0,0.0,100.0,5.8734002113342285,0.0,0.0
4027,0.0,1892.0,0.1841106712818145,36.99,9.05826473236084,1386.0,0.0,1367.0,0.0,100.0,5.8734002113342285,0.0,0.0
4028,0.0,1892.0,0.1841106712818145,36.99,9.05826473236084,1386.0,0.0,1367.0,0.0,100.0,5.8734002113342285,0.0,0.0
4029,0.0,1892.0,0.1419476568698883,36.99,9.082295417785645,1223.0,0.0,1367.0,0.0,100.0,5.8734002113342285,0.0,0.0
4030,0.0,1892.0,0.1419476568698883,36.99,9.082295417785645,1223.0,0.0,1367.0,0.0,100.0,5.8734002113342285,0.0,0.0
4031,0.0,1892.0,0.1419476568698883,36.99,9.082295417785645,1223.0,0.0,1367.0,0.0,100.0,5.8734002113342285,0.0,0.0
4032,0.0,1892.0,0.1419476568698883,36.99,9.082295417785645,1223.0,0.0,1367.0,0.0,100.0,5.8734002113342285,0.0,0.0
4033,0.0,1892.0,0.1419476568698883,36.99,9.082295417785645,1223.0,0.0,1367.0,0.0,100.0,5.8734002113342285,0.0,0.0
4034,0.0,1892.0,0.2246305495500564,36.99,9.075992584228516,1523.0,0.0,1367.0,0.0010571397142484,100.0,39.384620666503906,222.0,0.0
4035,0.0,1892.0,0.2246305495500564,36.99,9.075992584228516,1523.0,0.0,1367.0,0.0010571397142484,100.0,39.384620666503906,222.0,0.0
4036,0.0,1892.0,0.2246305495500564,36.99,9.075992584228516,1523.0,0.0,1367.0,0.0010571397142484,100.0,39.384620666503906,222.0,0.0
4037,0.0,1892.0,0.2246305495500564,36.99,9.075992584228516,1523.0,0.0,1367.0,0.0010571397142484,100.0,39.384620666503906,222.0,0.0
4038,0.0,1892.0,0.2246305495500564,36.99,9.075992584228516,1523.0,0.0,1367.0,0.0010571397142484,100.0,39.384620666503906,222.0,0.0
4039,0.0,1892.0,0.2570737600326538,36.99,9.071284294128418,1452.0,0.0,1367.0,0.0006254039471969,100.0,39.42732620239258,111.0,0.0
4040,0.0,1892.0,0.2570737600326538,36.99,9.071284294128418,1452.0,0.0,1367.0,0.0006254039471969,100.0,39.42732620239258,111.0,0.0
4041,0.0,1892.0,0.2570737600326538,36.99,9.071284294128418,1452.0,0.0,1367.0,0.0006254039471969,100.0,39.42732620239258,111.0,0.0
4042,0.0,1892.0,0.2570737600326538,36.99,9.071284294128418,1452.0,0.0,1367.0,0.0006254039471969,100.0,39.42732620239258,111.0,0.0
4043,0.0,1892.0,0.2570737600326538,36.99,9.071284294128418,1452.0,0.0,1367.0,0.0006254039471969,100.0,39.42732620239258,111.0,0.0
4044,0.0,1892.0,0.1431803405284881,36.99,9.04692554473877,1343.0,0.0,1367.0,0.0001442585489712,100.0,39.35649108886719,111.0,0.0
4045,0.0,1892.0,0.1431803405284881,36.99,9.04692554473877,1343.0,0.0,1367.0,0.0001442585489712,100.0,39.35649108886719,111.0,0.0
4046,0.0,1892.0,0.1431803405284881,36.99,9.04692554473877,1343.0,0.0,1367.0,0.0001442585489712,100.0,39.35649108886719,111.0,0.0
4047,0.0,1892.0,0.1431803405284881,36.99,9.04692554473877,1343.0,0.0,1367.0,0.0001442585489712,100.0,39.35649108886719,111.0,0.0
4048,0.0,1892.0,0.1431803405284881,36.99,9.04692554473877,1343.0,0.0,1367.0,0.0001442585489712,100.0,39.35649108886719,111.0,0.0
4049,0.0,1892.0,0.1431803405284881,36.99,9.04692554473877,1343.0,0.0,1367.0,0.0001442585489712,100.0,39.35649108886719,111.0,0.0
4050,0.0,1892.0,0.0697852820158004,36.99,9.047246932983398,1191.0,0.0,1367.0,0.0,100.0,5.8734002113342285,0.0,0.0
4051,0.0,1892.0,0.0697852820158004,36.99,9.047246932983398,1191.0,0.0,1367.0,0.0,100.0,5.8734002113342285,0.0,0.0
4052,0.0,1892.0,0.0697852820158004,36.99,9.047246932983398,1191.0,0.0,1367.0,0.0,100.0,5.8734002113342285,0.0,0.0
4053,0.0,1892.0,0.0697852820158004,36.99,9.047246932983398,1191.0,0.0,1367.0,0.0,100.0,5.8734002113342285,0.0,0.0
4054,0.0,1892.0,0.0697852820158004,36.99,9.047246932983398,1191.0,0.0,1367.0,0.0,100.0,5.8734002113342285,0.0,0.0
4055,0.0,1892.0,0.1585643589496612,36.99,9.053717613220217,1449.0,0.0,1367.0,0.0,100.0,5.8734002113342285,0.0,0.0
4056,0.0,1892.0,0.1585643589496612,36.99,9.053717613220217,1449.0,0.0,1367.0,0.0,100.0,5.8734002113342285,0.0,0.0
4057,0.0,1892.0,0.1585643589496612,36.99,9.053717613220217,1449.0,0.0,1367.0,0.0,100.0,5.8734002113342285,0.0,0.0
4058,0.0,1892.0,0.1585643589496612,36.99,9.053717613220217,1449.0,0.0,1367.0,0.0,100.0,5.8734002113342285,0.0,0.0
4059,0.0,1892.0,0.1585643589496612,36.99,9.053717613220217,1449.0,0.0,1367.0,0.0,100.0,5.8734002113342285,0.0,0.0
4060,0.0,1892.0,0.5007028579711914,36.99,9.041674613952637,1668.0,0.0,1367.0,0.0,100.0,5.8734002113342285,0.0,0.0
4061,0.0,1892.0,0.5007028579711914,36.99,9.041674613952637,1668.0,0.0,1367.0,0.0,100.0,5.8734002113342285,0.0,0.0
4062,0.0,1892.0,0.5007028579711914,36.99,9.041674613952637,1668.0,0.0,1367.0,0.0,100.0,5.8734002113342285,0.0,0.0
4063,0.0,1892.0,0.5007028579711914,36.99,9.041674613952637,1668.0,0.0,1367.0,0.0,100.0,5.8734002113342285,0.0,0.0
4064,0.0,1892.0,0.5007028579711914,36.99,9.041674613952637,1668.0,0.0,1367.0,0.0,100.0,5.8734002113342285,0.0,0.0
4065,0.0,1892.0,0.3181009590625763,36.99,9.113967895507812,1399.0,0.0,1367.0,0.0,100.0,5.8734002113342285,0.0,0.0
4066,0.0,1892.0,0.3181009590625763,36.99,9.113967895507812,1399.0,0.0,1367.0,0.0,100.0,5.8734002113342285,0.0,0.0
4067,0.0,1892.0,0.3181009590625763,36.99,9.113967895507812,1399.0,0.0,1367.0,0.0,100.0,5.8734002113342285,0.0,0.0
4068,0.0,1892.0,0.3181009590625763,36.99,9.113967895507812,1399.0,0.0,1367.0,0.0,100.0,5.8734002113342285,0.0,0.0
4069,0.0,1892.0,0.3181009590625763,36.99,9.113967895507812,1399.0,0.0,1367.0,0.0,100.0,5.8734002113342285,0.0,0.0
4070,0.0,1892.0,0.1049224585294723,36.99,9.080520629882812,1216.0,0.0,1367.0,0.00040035173879,100.0,39.42732620239258,111.0,0.0
4071,0.0,1892.0,0.1049224585294723,36.99,9.080520629882812,1216.0,0.0,1367.0,0.00040035173879,100.0,39.42732620239258,111.0,0.0
4072,0.0,1892.0,0.1049224585294723,36.99,9.080520629882812,1216.0,0.0,1367.0,0.00040035173879,100.0,39.42732620239258,111.0,0.0
4073,0.0,1892.0,0.1049224585294723,36.99,9.080520629882812,1216.0,0.0,1367.0,0.00040035173879,100.0,39.42732620239258,111.0,0.0
4074,0.0,1892.0,0.1049224585294723,36.99,9.080520629882812,1216.0,0.0,1367.0,0.00040035173879,100.0,39.42732620239258,111.0,0.0
4075,0.0,1892.0,0.1049224585294723,36.99,9.080520629882812,1216.0,0.0,1367.0,0.00040035173879,100.0,39.42732620239258,111.0,0.0
4076,0.0,1892.0,0.2799254953861236,36.99,9.062457084655762,1647.0,0.0,1367.0,0.0,100.0,5.8734002113342285,0.0,0.0
4077,0.0,1892.0,0.2799254953861236,36.99,9.062457084655762,1647.0,0.0,1367.0,0.0,100.0,5.8734002113342285,0.0,0.0
4078,0.0,1892.0,0.2799254953861236,36.99,9.062457084655762,1647.0,0.0,1367.0,0.0,100.0,5.8734002113342285,0.0,0.0
4079,0.0,1892.0,0.2799254953861236,36.99,9.062457084655762,1647.0,0.0,1367.0,0.0,100.0,5.8734002113342285,0.0,0.0
4080,0.0,1892.0,0.2799254953861236,36.99,9.062457084655762,1647.0,0.0,1367.0,0.0,100.0,5.8734002113342285,0.0,0.0
4081,0.0,1892.0,1.9617345333099363,36.99,9.07095432281494,1896.0,0.0,1367.0,0.0800675675272941,100.0,5.8734002113342285,355.0,0.0
4082,0.0,1892.0,1.9617345333099363,36.99,9.07095432281494,1896.0,0.0,1367.0,0.0800675675272941,100.0,5.8734002113342285,355.0,0.0
4083,0.0,1892.0,1.9617345333099363,36.99,9.07095432281494,1896.0,0.0,1367.0,0.0800675675272941,100.0,5.8734002113342285,355.0,0.0
4084,0.0,1892.0,1.9617345333099363,36.99,9.07095432281494,1896.0,0.0,1367.0,0.0800675675272941,100.0,5.8734002113342285,355.0,0.0
4085,0.0,1892.0,1.9617345333099363,36.99,9.07095432281494,1896.0,0.0,1367.0,0.0800675675272941,100.0,5.8734002113342285,355.0,0.0
4086,0.0,1892.0,0.6532304286956787,36.99,9.12841796875,1608.0,0.0,1367.0,0.0228060521185398,100.0,39.46458435058594,379.0,0.0
4087,0.0,1892.0,0.6532304286956787,36.99,9.12841796875,1608.0,0.0,1367.0,0.0228060521185398,100.0,39.46458435058594,379.0,0.0
4088,0.0,1892.0,0.6532304286956787,36.99,9.12841796875,1608.0,0.0,1367.0,0.0228060521185398,100.0,39.46458435058594,379.0,0.0
4089,0.0,1892.0,0.6532304286956787,36.99,9.12841796875,1608.0,0.0,1367.0,0.0228060521185398,100.0,39.46458435058594,379.0,0.0
4090,0.0,1892.0,0.6532304286956787,36.99,9.12841796875,1608.0,0.0,1367.0,0.0228060521185398,100.0,39.46458435058594,379.0,0.0
4091,0.0,1892.0,0.4582094550132751,36.99,9.08986759185791,1608.0,0.0,1367.0,0.0176976695656776,100.0,39.47003555297851,222.0,0.0
4092,0.0,1892.0,0.4582094550132751,36.99,9.08986759185791,1608.0,0.0,1367.0,0.0176976695656776,100.0,39.47003555297851,222.0,0.0
4093,0.0,1892.0,0.4582094550132751,36.99,9.08986759185791,1608.0,0.0,1367.0,0.0176976695656776,100.0,39.47003555297851,222.0,0.0
4094,0.0,1892.0,0.4582094550132751,36.99,9.08986759185791,1608.0,0.0,1367.0,0.0176976695656776,100.0,39.47003555297851,222.0,0.0
4095,0.0,1892.0,0.4582094550132751,36.99,9.08986759185791,1608.0,0.0,1367.0,0.0176976695656776,100.0,39.47003555297851,222.0,0.0
4096,0.0,1892.0,0.356134295463562,36.99,9.098844528198242,1636.0,0.0,1367.0,0.0,100.0,5.8734002113342285,0.0,0.0
4097,0.0,1892.0,0.356134295463562,36.99,9.098844528198242,1636.0,0.0,1367.0,0.0,100.0,5.8734002113342285,0.0,0.0
4098,0.0,1892.0,0.356134295463562,36.99,9.098844528198242,1636.0,0.0,1367.0,0.0,100.0,5.8734002113342285,0.0,0.0
4099,0.0,1892.0,0.356134295463562,36.99,9.098844528198242,1636.0,0.0,1367.0,0.0,100.0,5.8734002113342285,0.0,0.0
4100,0.0,1892.0,0.356134295463562,36.99,9.098844528198242,1636.0,0.0,1367.0,0.0,100.0,5.8734002113342285,0.0,0.0
4101,0.0,1892.0,0.356134295463562,36.99,9.098844528198242,1636.0,0.0,1367.0,0.0,100.0,5.8734002113342285,0.0,0.0
4102,0.0,1892.0,0.1861025393009185,36.99,9.056641578674316,1355.0,0.0,1367.0,0.0,100.0,5.8734002113342285,0.0,0.0
4103,0.0,1892.0,0.1861025393009185,36.99,9.056641578674316,1355.0,0.0,1367.0,0.0,100.0,5.8734002113342285,0.0,0.0
4104,0.0,1892.0,0.1861025393009185,36.99,9.056641578674316,1355.0,0.0,1367.0,0.0,100.0,5.8734002113342285,0.0,0.0
4105,0.0,1892.0,0.1861025393009185,36.99,9.056641578674316,1355.0,0.0,1367.0,0.0,100.0,5.8734002113342285,0.0,0.0
4106,0.0,1892.0,0.1861025393009185,36.99,9.056641578674316,1355.0,0.0,1367.0,0.0,100.0,5.8734002113342285,0.0,0.0
4107,0.0,1892.0,0.0807559117674827,36.99,9.06961727142334,1180.0,0.0,1367.0,0.0,100.0,5.8734002113342285,0.0,0.0
4108,0.0,1892.0,0.0807559117674827,36.99,9.06961727142334,1180.0,0.0,1367.0,0.0,100.0,5.8734002113342285,0.0,0.0
4109,0.0,1892.0,0.0807559117674827,36.99,9.06961727142334,1180.0,0.0,1367.0,0.0,100.0,5.8734002113342285,0.0,0.0
4110,0.0,1892.0,0.0807559117674827,36.99,9.06961727142334,1180.0,0.0,1367.0,0.0,100.0,5.8734002113342285,0.0,0.0
4111,0.0,1892.0,0.0807559117674827,36.99,9.06961727142334,1180.0,0.0,1367.0,0.0,100.0,5.8734002113342285,0.0,0.0
4112,0.0,1892.0,0.6019008159637451,36.99,9.048365592956545,1196.0,0.0,1367.0,0.0,100.0,5.8734002113342285,0.0,0.0
4113,0.0,1892.0,0.6019008159637451,36.99,9.048365592956545,1196.0,0.0,1367.0,0.0,100.0,5.8734002113342285,0.0,0.0
4114,0.0,1892.0,0.6019008159637451,36.99,9.048365592956545,1196.0,0.0,1367.0,0.0,100.0,5.8734002113342285,0.0,0.0
4115,0.0,1892.0,0.6019008159637451,36.99,9.048365592956545,1196.0,0.0,1367.0,0.0,100.0,5.8734002113342285,0.0,0.0
4116,0.0,1892.0,0.6019008159637451,36.99,9.048365592956545,1196.0,0.0,1367.0,0.0,100.0,5.8734002113342285,0.0,0.0
4117,0.0,1892.0,0.107314832508564,36.99,9.053963661193848,1249.0,0.0,1367.0,0.0001004260338959,100.0,5.8734002113342285,111.0,0.0
4118,0.0,1892.0,0.107314832508564,36.99,9.053963661193848,1249.0,0.0,1367.0,0.0001004260338959,100.0,5.8734002113342285,111.0,0.0
4119,0.0,1892.0,0.107314832508564,36.99,9.053963661193848,1249.0,0.0,1367.0,0.0001004260338959,100.0,5.8734002113342285,111.0,0.0
4120,0.0,1892.0,0.107314832508564,36.99,9.053963661193848,1249.0,0.0,1367.0,0.0001004260338959,100.0,5.8734002113342285,111.0,0.0
4121,0.0,1892.0,0.107314832508564,36.99,9.053963661193848,1249.0,0.0,1367.0,0.0001004260338959,100.0,5.8734002113342285,111.0,0.0
4122,0.0,1892.0,0.115645632147789,36.99,9.048120498657228,1272.0,0.0,1367.0,0.0,100.0,39.34138870239258,0.0,0.0
4123,0.0,1892.0,0.115645632147789,36.99,9.048120498657228,1272.0,0.0,1367.0,0.0,100.0,39.34138870239258,0.0,0.0
4124,0.0,1892.0,0.115645632147789,36.99,9.048120498657228,1272.0,0.0,1367.0,0.0,100.0,39.34138870239258,0.0,0.0
4125,0.0,1892.0,0.115645632147789,36.99,9.048120498657228,1272.0,0.0,1367.0,0.0,100.0,39.34138870239258,0.0,0.0
4126,0.0,1892.0,0.115645632147789,36.99,9.048120498657228,1272.0,0.0,1367.0,0.0,100.0,39.34138870239258,0.0,0.0
4127,0.0,1892.0,0.0947664007544517,36.99,9.054118156433104,1225.0,0.0,1367.0,0.0,100.0,5.8734002113342285,0.0,0.0
4128,0.0,1892.0,0.0947664007544517,36.99,9.054118156433104,1225.0,0.0,1367.0,0.0,100.0,5.8734002113342285,0.0,0.0
4129,0.0,1892.0,0.0947664007544517,36.99,9.054118156433104,1225.0,0.0,1367.0,0.0,100.0,5.8734002113342285,0.0,0.0
4130,0.0,1892.0,0.0947664007544517,36.99,9.054118156433104,1225.0,0.0,1367.0,0.0,100.0,5.8734002113342285,0.0,0.0
4131,0.0,1892.0,0.0947664007544517,36.99,9.054118156433104,1225.0,0.0,1367.0,0.0,100.0,5.8734002113342285,0.0,0.0
4132,0.0,1892.0,0.0947664007544517,36.99,9.054118156433104,1225.0,0.0,1367.0,0.0,100.0,5.8734002113342285,0.0,0.0
4133,0.0,1892.0,0.176106572151184,36.99,9.047408103942873,1484.0,0.0,1367.0,0.0,100.0,5.8734002113342285,0.0,0.0
4134,0.0,1892.0,0.176106572151184,36.99,9.047408103942873,1484.0,0.0,1367.0,0.0,100.0,5.8734002113342285,0.0,0.0
4135,0.0,1892.0,0.176106572151184,36.99,9.047408103942873,1484.0,0.0,1367.0,0.0,100.0,5.8734002113342285,0.0,0.0
4136,0.0,1892.0,0.176106572151184,36.99,9.047408103942873,1484.0,0.0,1367.0,0.0,100.0,5.8734002113342285,0.0,0.0
4137,0.0,1892.0,0.176106572151184,36.99,9.047408103942873,1484.0,0.0,1367.0,0.0,100.0,5.8734002113342285,0.0,0.0
4138,0.0,1892.0,0.579352617263794,36.99,9.110897064208984,1844.0,0.0,1367.0,0.0,100.0,5.8734002113342285,0.0,0.0
4139,0.0,1892.0,0.579352617263794,36.99,9.110897064208984,1844.0,0.0,1367.0,0.0,100.0,5.8734002113342285,0.0,0.0
4140,0.0,1892.0,0.579352617263794,36.99,9.110897064208984,1844.0,0.0,1367.0,0.0,100.0,5.8734002113342285,0.0,0.0
4141,0.0,1892.0,0.579352617263794,36.99,9.110897064208984,1844.0,0.0,1367.0,0.0,100.0,5.8734002113342285,0.0,0.0
4142,0.0,1892.0,0.579352617263794,36.99,9.110897064208984,1844.0,0.0,1367.0,0.0,100.0,5.8734002113342285,0.0,0.0
4143,0.0,1892.0,0.1700234711170196,36.99,9.084413528442385,1282.0,0.0,1367.0,0.000278480205452,100.0,5.8734002113342285,111.0,0.0
4144,0.0,1892.0,0.1700234711170196,36.99,9.084413528442385,1282.0,0.0,1367.0,0.000278480205452,100.0,5.8734002113342285,111.0,0.0
4145,0.0,1892.0,0.1700234711170196,36.99,9.084413528442385,1282.0,0.0,1367.0,0.000278480205452,100.0,5.8734002113342285,111.0,0.0
4146,0.0,1892.0,0.1700234711170196,36.99,9.084413528442385,1282.0,0.0,1367.0,0.000278480205452,100.0,5.8734002113342285,111.0,0.0
4147,0.0,1892.0,0.1700234711170196,36.99,9.084413528442385,1282.0,0.0,1367.0,0.000278480205452,100.0,5.8734002113342285,111.0,0.0
4148,0.0,1892.0,0.1325604170560836,36.99,9.04721450805664,1345.0,0.0,1367.0,0.0,100.0,39.25701141357422,0.0,0.0
4149,0.0,1892.0,0.1325604170560836,36.99,9.04721450805664,1345.0,0.0,1367.0,0.0,100.0,39.25701141357422,0.0,0.0
4150,0.0,1892.0,0.1325604170560836,36.99,9.04721450805664,1345.0,0.0,1367.0,0.0,100.0,39.25701141357422,0.0,0.0
4151,0.0,1892.0,0.1325604170560836,36.99,9.04721450805664,1345.0,0.0,1367.0,0.0,100.0,39.25701141357422,0.0,0.0
4152,0.0,1892.0,0.1325604170560836,36.99,9.04721450805664,1345.0,0.0,1367.0,0.0,100.0,39.25701141357422,0.0,0.0
4153,0.0,1892.0,0.2193765640258789,36.99,9.04592990875244,1600.0,0.0,1367.0,0.0,100.0,5.8734002113342285,0.0,0.0
4154,0.0,1892.0,0.2193765640258789,36.99,9.04592990875244,1600.0,0.0,1367.0,0.0,100.0,5.8734002113342285,0.0,0.0
4155,0.0,1892.0,0.2193765640258789,36.99,9.04592990875244,1600.0,0.0,1367.0,0.0,100.0,5.8734002113342285,0.0,0.0
4156,0.0,1892.0,0.2193765640258789,36.99,9.04592990875244,1600.0,0.0,1367.0,0.0,100.0,5.8734002113342285,0.0,0.0
4157,0.0,1892.0,0.2193765640258789,36.99,9.04592990875244,1600.0,0.0,1367.0,0.0,100.0,5.8734002113342285,0.0,0.0
4158,0.0,1892.0,0.13215272128582,36.99,9.067543029785156,1287.0,0.0,1367.0,0.0,100.0,5.8734002113342285,0.0,0.0
4159,0.0,1892.0,0.13215272128582,36.99,9.067543029785156,1287.0,0.0,1367.0,0.0,100.0,5.8734002113342285,0.0,0.0
4160,0.0,1892.0,0.13215272128582,36.99,9.067543029785156,1287.0,0.0,1367.0,0.0,100.0,5.8734002113342285,0.0,0.0
4161,0.0,1892.0,0.13215272128582,36.99,9.067543029785156,1287.0,0.0,1367.0,0.0,100.0,5.8734002113342285,0.0,0.0
4162,0.0,1892.0,0.13215272128582,36.99,9.067543029785156,1287.0,0.0,1367.0,0.0,100.0,5.8734002113342285,0.0,0.0
4163,0.0,1892.0,0.13215272128582,36.99,9.067543029785156,1287.0,0.0,1367.0,0.0,100.0,5.8734002113342285,0.0,0.0
4164,0.0,1892.0,0.3174833655357361,36.99,9.076223373413086,1598.0,0.0,1367.0,0.0002738255134318,100.0,5.8734002113342285,111.0,0.0
4165,0.0,1892.0,0.3174833655357361,36.99,9.076223373413086,1598.0,0.0,1367.0,0.0002738255134318,100.0,5.8734002113342285,111.0,0.0
4166,0.0,1892.0,0.3174833655357361,36.99,9.076223373413086,1598.0,0.0,1367.0,0.0002738255134318,100.0,5.8734002113342285,111.0,0.0
4167,0.0,1892.0,0.3174833655357361,36.99,9.076223373413086,1598.0,0.0,1367.0,0.0002738255134318,100.0,5.8734002113342285,111.0,0.0
4168,0.0,1892.0,0.3174833655357361,36.99,9.076223373413086,1598.0,0.0,1367.0,0.0002738255134318,100.0,5.8734002113342285,111.0,0.0
4169,0.0,1892.0,0.2736138701438904,36.99,8.84243106842041,1525.0,0.0,1367.0,0.0,100.0,5.8734002113342285,0.0,0.0
4170,0.0,1892.0,0.2736138701438904,36.99,8.84243106842041,1525.0,0.0,1367.0,0.0,100.0,5.8734002113342285,0.0,0.0
4171,0.0,1892.0,0.2736138701438904,36.99,8.84243106842041,1525.0,0.0,1367.0,0.0,100.0,5.8734002113342285,0.0,0.0
4172,0.0,1892.0,0.2736138701438904,36.99,8.84243106842041,1525.0,0.0,1367.0,0.0,100.0,5.8734002113342285,0.0,0.0
4173,0.0,1892.0,0.2736138701438904,36.99,8.84243106842041,1525.0,0.0,1367.0,0.0,100.0,5.8734002113342285,0.0,0.0
4174,0.0,1892.0,0.1287659704685211,36.99,9.048421859741213,1334.0,0.0,1367.0,0.0,100.0,5.8734002113342285,0.0,0.0
4175,0.0,1892.0,0.1287659704685211,36.99,9.048421859741213,1334.0,0.0,1367.0,0.0,100.0,5.8734002113342285,0.0,0.0
4176,0.0,1892.0,0.1287659704685211,36.99,9.048421859741213,1334.0,0.0,1367.0,0.0,100.0,5.8734002113342285,0.0,0.0
4177,0.0,1892.0,0.1287659704685211,36.99,9.048421859741213,1334.0,0.0,1367.0,0.0,100.0,5.8734002113342285,0.0,0.0
4178,0.0,1892.0,0.1287659704685211,36.99,9.048421859741213,1334.0,0.0,1367.0,0.0,100.0,5.8734002113342285,0.0,0.0
4179,0.0,1892.0,0.1789166331291198,36.99,9.039966583251951,1311.0,0.0,1367.0,0.0,100.0,5.8734002113342285,0.0,0.0
4180,0.0,1892.0,0.1789166331291198,36.99,9.039966583251951,1311.0,0.0,1367.0,0.0,100.0,5.8734002113342285,0.0,0.0
4181,0.0,1892.0,0.1789166331291198,36.99,9.039966583251951,1311.0,0.0,1367.0,0.0,100.0,5.8734002113342285,0.0,0.0
4182,0.0,1892.0,0.1789166331291198,36.99,9.039966583251951,1311.0,0.0,1367.0,0.0,100.0,5.8734002113342285,0.0,0.0
4183,0.0,1892.0,0.1789166331291198,36.99,9.039966583251951,1311.0,0.0,1367.0,0.0,100.0,5.8734002113342285,0.0,0.0
4184,0.0,1892.0,0.1710551232099533,36.99,9.045120239257812,1421.0,0.0,1367.0,0.0,100.0,5.8734002113342285,0.0,0.0
4185,0.0,1892.0,0.1710551232099533,36.99,9.045120239257812,1421.0,0.0,1367.0,0.0,100.0,5.8734002113342285,0.0,0.0
4186,0.0,1892.0,0.1710551232099533,36.99,9.045120239257812,1421.0,0.0,1367.0,0.0,100.0,5.8734002113342285,0.0,0.0
4187,0.0,1892.0,0.1710551232099533,36.99,9.045120239257812,1421.0,0.0,1367.0,0.0,100.0,5.8734002113342285,0.0,0.0
4188,0.0,1892.0,0.1710551232099533,36.99,9.045120239257812,1421.0,0.0,1367.0,0.0,100.0,5.8734002113342285,0.0,0.0
4189,0.0,1892.0,0.1710551232099533,36.99,9.045120239257812,1421.0,0.0,1367.0,0.0,100.0,5.8734002113342285,0.0,0.0
4190,0.0,1892.0,0.1039856448769569,36.99,9.041048049926758,1325.0,0.0,1367.0,0.0002796451444737,100.0,39.172637939453125,111.0,0.0
4191,0.0,1892.0,0.1039856448769569,36.99,9.041048049926758,1325.0,0.0,1367.0,0.0002796451444737,100.0,39.172637939453125,111.0,0.0
4192,0.0,1892.0,0.1039856448769569,36.99,9.041048049926758,1325.0,0.0,1367.0,0.0002796451444737,100.0,39.172637939453125,111.0,0.0
4193,0.0,1892.0,0.1039856448769569,36.99,9.041048049926758,1325.0,0.0,1367.0,0.0002796451444737,100.0,39.172637939453125,111.0,0.0
4194,0.0,1892.0,0.1039856448769569,36.99,9.041048049926758,1325.0,0.0,1367.0,0.0002796451444737,100.0,39.172637939453125,111.0,0.0
4195,0.0,1892.0,0.2665891349315643,36.99,9.067252159118652,1552.0,0.0,1367.0,0.0,100.0,5.8734002113342285,0.0,0.0
4196,0.0,1892.0,0.2665891349315643,36.99,9.067252159118652,1552.0,0.0,1367.0,0.0,100.0,5.8734002113342285,0.0,0.0
4197,0.0,1892.0,0.2665891349315643,36.99,9.067252159118652,1552.0,0.0,1367.0,0.0,100.0,5.8734002113342285,0.0,0.0
4198,0.0,1892.0,0.2665891349315643,36.99,9.067252159118652,1552.0,0.0,1367.0,0.0,100.0,5.8734002113342285,0.0,0.0
4199,0.0,1892.0,0.2665891349315643,36.99,9.067252159118652,1552.0,0.0,1367.0,0.0,100.0,5.8734002113342285,0.0,0.0
4200,0.0,1892.0,0.1371297985315323,36.99,9.037376403808594,1353.0,0.0,1367.0,0.0,100.0,5.8734002113342285,0.0,0.0
4201,0.0,1892.0,0.1371297985315323,36.99,9.037376403808594,1353.0,0.0,1367.0,0.0,100.0,5.8734002113342285,0.0,0.0
4202,0.0,1892.0,0.1371297985315323,36.99,9.037376403808594,1353.0,0.0,1367.0,0.0,100.0,5.8734002113342285,0.0,0.0
4203,0.0,1892.0,0.1371297985315323,36.99,9.037376403808594,1353.0,0.0,1367.0,0.0,100.0,5.8734002113342285,0.0,0.0
4204,0.0,1892.0,0.1371297985315323,36.99,9.037376403808594,1353.0,0.0,1367.0,0.0,100.0,5.8734002113342285,0.0,0.0
4205,0.0,1892.0,0.1932287514209747,36.99,9.05141544342041,1457.0,0.0,1367.0,0.0,100.0,5.8734002113342285,0.0,0.0
4206,0.0,1892.0,0.1932287514209747,36.99,9.05141544342041,1457.0,0.0,1367.0,0.0,100.0,5.8734002113342285,0.0,0.0
4207,0.0,1892.0,0.1932287514209747,36.99,9.05141544342041,1457.0,0.0,1367.0,0.0,100.0,5.8734002113342285,0.0,0.0
4208,0.0,1892.0,0.1932287514209747,36.99,9.05141544342041,1457.0,0.0,1367.0,0.0,100.0,5.8734002113342285,0.0,0.0
4209,0.0,1892.0,0.1932287514209747,36.99,9.05141544342041,1457.0,0.0,1367.0,0.0,100.0,5.8734002113342285,0.0,0.0
4210,0.0,1892.0,0.149644672870636,36.99,9.043333053588867,1345.0,0.0,1367.0,0.0,100.0,5.8734002113342285,0.0,0.0
4211,0.0,1892.0,0.149644672870636,36.99,9.043333053588867,1345.0,0.0,1367.0,0.0,100.0,5.8734002113342285,0.0,0.0
4212,0.0,1892.0,0.149644672870636,36.99,9.043333053588867,1345.0,0.0,1367.0,0.0,100.0,5.8734002113342285,0.0,0.0
4213,0.0,1892.0,0.149644672870636,36.99,9.043333053588867,1345.0,0.0,1367.0,0.0,100.0,5.8734002113342285,0.0,0.0
4214,0.0,1892.0,0.149644672870636,36.99,9.043333053588867,1345.0,0.0,1367.0,0.0,100.0,5.8734002113342285,0.0,0.0
4215,0.0,1892.0,0.2266086190938949,36.99,9.036489486694336,1394.0,0.0,1367.0,0.0003048701619263,100.0,5.8734002113342285,111.0,0.0
4216,0.0,1892.0,0.2266086190938949,36.99,9.036489486694336,1394.0,0.0,1367.0,0.0003048701619263,100.0,5.8734002113342285,111.0,0.0
4217,0.0,1892.0,0.2266086190938949,36.99,9.036489486694336,1394.0,0.0,1367.0,0.0003048701619263,100.0,5.8734002113342285,111.0,0.0
4218,0.0,1892.0,0.2266086190938949,36.99,9.036489486694336,1394.0,0.0,1367.0,0.0003048701619263,100.0,5.8734002113342285,111.0,0.0
4219,0.0,1892.0,0.2266086190938949,36.99,9.036489486694336,1394.0,0.0,1367.0,0.0003048701619263,100.0,5.8734002113342285,111.0,0.0
4220,0.0,1892.0,0.2266086190938949,36.99,9.036489486694336,1394.0,0.0,1367.0,0.0003048701619263,100.0,5.8734002113342285,111.0,0.0
4221,0.0,1892.0,0.3112926483154297,36.99,9.067689895629885,1460.0,0.0,1367.0,0.0,100.0,39.149200439453125,0.0,0.0
4222,0.0,1892.0,0.3112926483154297,36.99,9.067689895629885,1460.0,0.0,1367.0,0.0,100.0,39.149200439453125,0.0,0.0
4223,0.0,1892.0,0.3112926483154297,36.99,9.067689895629885,1460.0,0.0,1367.0,0.0,100.0,39.149200439453125,0.0,0.0
4224,0.0,1892.0,0.3112926483154297,36.99,9.067689895629885,1460.0,0.0,1367.0,0.0,100.0,39.149200439453125,0.0,0.0
4225,0.0,1892.0,0.3112926483154297,36.99,9.067689895629885,1460.0,0.0,1367.0,0.0,100.0,39.149200439453125,0.0,0.0
4226,0.0,1892.0,0.2372310608625412,36.99,9.073758125305176,1452.0,0.0,1367.0,0.0,100.0,5.8734002113342285,0.0,0.0
4227,0.0,1892.0,0.2372310608625412,36.99,9.073758125305176,1452.0,0.0,1367.0,0.0,100.0,5.8734002113342285,0.0,0.0
4228,0.0,1892.0,0.2372310608625412,36.99,9.073758125305176,1452.0,0.0,1367.0,0.0,100.0,5.8734002113342285,0.0,0.0
4229,0.0,1892.0,0.2372310608625412,36.99,9.073758125305176,1452.0,0.0,1367.0,0.0,100.0,5.8734002113342285,0.0,0.0
4230,0.0,1892.0,0.2372310608625412,36.99,9.073758125305176,1452.0,0.0,1367.0,0.0,100.0,5.8734002113342285,0.0,0.0
4231,0.0,1892.0,0.765338659286499,36.99,9.038533210754396,1758.0,0.0,1367.0,0.1176396459341049,100.0,5.8734002113342285,399.0,0.0
4232,0.0,1892.0,0.765338659286499,36.99,9.038533210754396,1758.0,0.0,1367.0,0.1176396459341049,100.0,5.8734002113342285,399.0,0.0
4233,0.0,1892.0,0.765338659286499,36.99,9.038533210754396,1758.0,0.0,1367.0,0.1176396459341049,100.0,5.8734002113342285,399.0,0.0
4234,0.0,1892.0,0.765338659286499,36.99,9.038533210754396,1758.0,0.0,1367.0,0.1176396459341049,100.0,5.8734002113342285,399.0,0.0
4235,0.0,1892.0,0.765338659286499,36.99,9.038533210754396,1758.0,0.0,1367.0,0.1176396459341049,100.0,5.8734002113342285,399.0,0.0
4236,0.0,1892.0,0.2562416791915893,36.99,9.04877471923828,1483.0,0.0,1367.0,0.0161741469055414,100.0,39.28394317626953,160.0,0.0
4237,0.0,1892.0,0.2562416791915893,36.99,9.04877471923828,1483.0,0.0,1367.0,0.0161741469055414,100.0,39.28394317626953,160.0,0.0
4238,0.0,1892.0,0.2562416791915893,36.99,9.04877471923828,1483.0,0.0,1367.0,0.0161741469055414,100.0,39.28394317626953,160.0,0.0
4239,0.0,1892.0,0.2562416791915893,36.99,9.04877471923828,1483.0,0.0,1367.0,0.0161741469055414,100.0,39.28394317626953,160.0,0.0
4240,0.0,1892.0,0.2562416791915893,36.99,9.04877471923828,1483.0,0.0,1367.0,0.0161741469055414,100.0,39.28394317626953,160.0,0.0
4241,0.0,1892.0,1.000718116760254,36.99,9.085515975952148,1883.0,0.0,1367.0,0.0405215807259082,100.0,39.3911018371582,111.0,0.0
4242,0.0,1892.0,1.000718116760254,36.99,9.085515975952148,1883.0,0.0,1367.0,0.0405215807259082,100.0,39.3911018371582,111.0,0.0
4243,0.0,1892.0,1.000718116760254,36.99,9.085515975952148,1883.0,0.0,1367.0,0.0405215807259082,100.0,39.3911018371582,111.0,0.0
4244,0.0,1892.0,1.000718116760254,36.99,9.085515975952148,1883.0,0.0,1367.0,0.0405215807259082,100.0,39.3911018371582,111.0,0.0
4245,0.0,1892.0,1.000718116760254,36.99,9.085515975952148,1883.0,0.0,1367.0,0.0405215807259082,100.0,39.3911018371582,111.0,0.0
4246,0.0,1892.0,1.000718116760254,36.99,9.085515975952148,1883.0,0.0,1367.0,0.0405215807259082,100.0,39.3911018371582,111.0,0.0
4247,0.0,1892.0,0.6099178194999695,36.99,9.09142017364502,1563.0,0.0,1367.0,0.0524921342730522,100.0,39.451438903808594,222.0,0.0
4248,0.0,1892.0,0.6099178194999695,36.99,9.09142017364502,1563.0,0.0,1367.0,0.0524921342730522,100.0,39.451438903808594,222.0,0.0
4249,0.0,1892.0,0.6099178194999695,36.99,9.09142017364502,1563.0,0.0,1367.0,0.0524921342730522,100.0,39.451438903808594,222.0,0.0
4250,0.0,1892.0,0.6099178194999695,36.99,9.09142017364502,1563.0,0.0,1367.0,0.0524921342730522,100.0,39.451438903808594,222.0,0.0
4251,0.0,1892.0,0.6099178194999695,36.99,9.09142017364502,1563.0,0.0,1367.0,0.0524921342730522,100.0,39.451438903808594,222.0,0.0
4252,0.0,1892.0,0.3373479843139648,36.99,9.05544376373291,1402.0,0.0,1367.0,0.0179957803338766,100.0,39.41496658325195,111.0,0.0
4253,0.0,1892.0,0.3373479843139648,36.99,9.05544376373291,1402.0,0.0,1367.0,0.0179957803338766,100.0,39.41496658325195,111.0,0.0
4254,0.0,1892.0,0.3373479843139648,36.99,9.05544376373291,1402.0,0.0,1367.0,0.0179957803338766,100.0,39.41496658325195,111.0,0.0
4255,0.0,1892.0,0.3373479843139648,36.99,9.05544376373291,1402.0,0.0,1367.0,0.0179957803338766,100.0,39.41496658325195,111.0,0.0
4256,0.0,1892.0,0.3373479843139648,36.99,9.05544376373291,1402.0,0.0,1367.0,0.0179957803338766,100.0,39.41496658325195,111.0,0.0
4257,0.0,1892.0,0.2986291348934173,36.99,9.068954467773438,1655.0,0.0,1367.0,0.0766876190900802,100.0,39.33624267578125,222.0,0.0
4258,0.0,1892.0,0.2986291348934173,36.99,9.068954467773438,1655.0,0.0,1367.0,0.0766876190900802,100.0,39.33624267578125,222.0,0.0
4259,0.0,1892.0,0.2986291348934173,36.99,9.068954467773438,1655.0,0.0,1367.0,0.0766876190900802,100.0,39.33624267578125,222.0,0.0
4260,0.0,1892.0,0.2986291348934173,36.99,9.068954467773438,1655.0,0.0,1367.0,0.0766876190900802,100.0,39.33624267578125,222.0,0.0
4261,0.0,1892.0,0.2986291348934173,36.99,9.068954467773438,1655.0,0.0,1367.0,0.0766876190900802,100.0,39.33624267578125,222.0,0.0
4262,0.0,1892.0,0.6186323761940002,36.99,9.09251880645752,1649.0,0.0,1367.0,0.0296749472618103,100.0,39.3917121887207,111.0,0.0
4263,0.0,1892.0,0.6186323761940002,36.99,9.09251880645752,1649.0,0.0,1367.0,0.0296749472618103,100.0,39.3917121887207,111.0,0.0
4264,0.0,1892.0,0.6186323761940002,36.99,9.09251880645752,1649.0,0.0,1367.0,0.0296749472618103,100.0,39.3917121887207,111.0,0.0
4265,0.0,1892.0,0.6186323761940002,36.99,9.09251880645752,1649.0,0.0,1367.0,0.0296749472618103,100.0,39.3917121887207,111.0,0.0
4266,0.0,1892.0,0.6186323761940002,36.99,9.09251880645752,1649.0,0.0,1367.0,0.0296749472618103,100.0,39.3917121887207,111.0,0.0
4267,0.0,1892.0,0.1496230214834213,36.99,9.05031967163086,1323.0,0.0,1367.0,0.0208761747926473,100.0,39.44810104370117,133.0,0.0
4268,0.0,1892.0,0.1496230214834213,36.99,9.05031967163086,1323.0,0.0,1367.0,0.0208761747926473,100.0,39.44810104370117,133.0,0.0
4269,0.0,1892.0,0.1496230214834213,36.99,9.05031967163086,1323.0,0.0,1367.0,0.0208761747926473,100.0,39.44810104370117,133.0,0.0
4270,0.0,1892.0,0.1496230214834213,36.99,9.05031967163086,1323.0,0.0,1367.0,0.0208761747926473,100.0,39.44810104370117,133.0,0.0
4271,0.0,1892.0,0.1496230214834213,36.99,9.05031967163086,1323.0,0.0,1367.0,0.0208761747926473,100.0,39.44810104370117,133.0,0.0
4272,0.0,1892.0,0.1829309612512588,36.99,9.053045272827148,1349.0,0.0,1367.0,0.0,100.0,5.8734002113342285,0.0,0.0
4273,0.0,1892.0,0.1829309612512588,36.99,9.053045272827148,1349.0,0.0,1367.0,0.0,100.0,5.8734002113342285,0.0,0.0
4274,0.0,1892.0,0.1829309612512588,36.99,9.053045272827148,1349.0,0.0,1367.0,0.0,100.0,5.8734002113342285,0.0,0.0
4275,0.0,1892.0,0.1829309612512588,36.99,9.053045272827148,1349.0,0.0,1367.0,0.0,100.0,5.8734002113342285,0.0,0.0
4276,0.0,1892.0,0.1829309612512588,36.99,9.053045272827148,1349.0,0.0,1367.0,0.0,100.0,5.8734002113342285,0.0,0.0
4277,0.0,1892.0,0.1829309612512588,36.99,9.053045272827148,1349.0,0.0,1367.0,0.0,100.0,5.8734002113342285,0.0,0.0
4278,0.0,1892.0,0.1623018383979797,36.99,9.044665336608888,1346.0,0.0,1367.0,0.0,100.0,5.8734002113342285,0.0,0.0
4279,0.0,1892.0,0.1623018383979797,36.99,9.044665336608888,1346.0,0.0,1367.0,0.0,100.0,5.8734002113342285,0.0,0.0
4280,0.0,1892.0,0.1623018383979797,36.99,9.044665336608888,1346.0,0.0,1367.0,0.0,100.0,5.8734002113342285,0.0,0.0
4281,0.0,1892.0,0.1623018383979797,36.99,9.044665336608888,1346.0,0.0,1367.0,0.0,100.0,5.8734002113342285,0.0,0.0
4282,0.0,1892.0,0.1623018383979797,36.99,9.044665336608888,1346.0,0.0,1367.0,0.0,100.0,5.8734002113342285,0.0,0.0
4283,0.0,1892.0,0.4163203835487366,36.99,9.063576698303224,1730.0,0.0,1367.0,0.0001039520720951,100.0,5.8734002113342285,111.0,0.0
4284,0.0,1892.0,0.4163203835487366,36.99,9.063576698303224,1730.0,0.0,1367.0,0.0001039520720951,100.0,5.8734002113342285,111.0,0.0
4285,0.0,1892.0,0.4163203835487366,36.99,9.063576698303224,1730.0,0.0,1367.0,0.0001039520720951,100.0,5.8734002113342285,111.0,0.0
4286,0.0,1892.0,0.4163203835487366,36.99,9.063576698303224,1730.0,0.0,1367.0,0.0001039520720951,100.0,5.8734002113342285,111.0,0.0
4287,0.0,1892.0,0.4163203835487366,36.99,9.063576698303224,1730.0,0.0,1367.0,0.0001039520720951,100.0,5.8734002113342285,111.0,0.0
4288,0.0,1892.0,0.5161104202270508,36.99,9.118669509887695,1672.0,0.0,1367.0,0.0021942779421806,100.0,39.323577880859375,222.0,0.0
4289,0.0,1892.0,0.5161104202270508,36.99,9.118669509887695,1672.0,0.0,1367.0,0.0021942779421806,100.0,39.323577880859375,222.0,0.0
4290,0.0,1892.0,0.5161104202270508,36.99,9.118669509887695,1672.0,0.0,1367.0,0.0021942779421806,100.0,39.323577880859375,222.0,0.0
4291,0.0,1892.0,0.5161104202270508,36.99,9.118669509887695,1672.0,0.0,1367.0,0.0021942779421806,100.0,39.323577880859375,222.0,0.0
4292,0.0,1892.0,0.5161104202270508,36.99,9.118669509887695,1672.0,0.0,1367.0,0.0021942779421806,100.0,39.323577880859375,222.0,0.0
4293,0.0,1892.0,1.2558887004852295,36.99,9.072810173034668,1586.0,0.0,1367.0,0.0,100.0,39.30701446533203,0.0,0.0
4294,0.0,1892.0,1.2558887004852295,36.99,9.072810173034668,1586.0,0.0,1367.0,0.0,100.0,39.30701446533203,0.0,0.0
4295,0.0,1892.0,1.2558887004852295,36.99,9.072810173034668,1586.0,0.0,1367.0,0.0,100.0,39.30701446533203,0.0,0.0
4296,0.0,1892.0,1.2558887004852295,36.99,9.072810173034668,1586.0,0.0,1367.0,0.0,100.0,39.30701446533203,0.0,0.0
4297,0.0,1892.0,1.2558887004852295,36.99,9.072810173034668,1586.0,0.0,1367.0,0.0,100.0,39.30701446533203,0.0,0.0
4298,0.0,1892.0,0.0962112843990325,36.99,9.07658576965332,1182.0,0.0,1367.0,0.0,100.0,5.8734002113342285,0.0,0.0
4299,0.0,1892.0,0.0962112843990325,36.99,9.07658576965332,1182.0,0.0,1367.0,0.0,100.0,5.8734002113342285,0.0,0.0
4300,0.0,1892.0,0.0962112843990325,36.99,9.07658576965332,1182.0,0.0,1367.0,0.0,100.0,5.8734002113342285,0.0,0.0
4301,0.0,1892.0,0.0962112843990325,36.99,9.07658576965332,1182.0,0.0,1367.0,0.0,100.0,5.8734002113342285,0.0,0.0
4302,0.0,1892.0,0.0962112843990325,36.99,9.07658576965332,1182.0,0.0,1367.0,0.0,100.0,5.8734002113342285,0.0,0.0
4303,0.0,1892.0,0.0962112843990325,36.99,9.07658576965332,1182.0,0.0,1367.0,0.0,100.0,5.8734002113342285,0.0,0.0
4304,0.0,1892.0,0.1392441093921661,36.99,9.04588222503662,1351.0,0.0,1367.0,0.0,100.0,5.8734002113342285,0.0,0.0
4305,0.0,1892.0,0.1392441093921661,36.99,9.04588222503662,1351.0,0.0,1367.0,0.0,100.0,5.8734002113342285,0.0,0.0
4306,0.0,1892.0,0.1392441093921661,36.99,9.04588222503662,1351.0,0.0,1367.0,0.0,100.0,5.8734002113342285,0.0,0.0
4307,0.0,1892.0,0.1392441093921661,36.99,9.04588222503662,1351.0,0.0,1367.0,0.0,100.0,5.8734002113342285,0.0,0.0
4308,0.0,1892.0,0.1392441093921661,36.99,9.04588222503662,1351.0,0.0,1367.0,0.0,100.0,5.8734002113342285,0.0,0.0
4309,0.0,1892.0,0.0929058268666267,36.99,9.037870407104492,1194.0,0.0,1367.0,3.2704720069887117e-05,100.0,5.8734002113342285,111.0,0.0
4310,0.0,1892.0,0.0929058268666267,36.99,9.037870407104492,1194.0,0.0,1367.0,3.2704720069887117e-05,100.0,5.8734002113342285,111.0,0.0
4311,0.0,1892.0,0.0929058268666267,36.99,9.037870407104492,1194.0,0.0,1367.0,3.2704720069887117e-05,100.0,5.8734002113342285,111.0,0.0
4312,0.0,1892.0,0.0929058268666267,36.99,9.037870407104492,1194.0,0.0,1367.0,3.2704720069887117e-05,100.0,5.8734002113342285,111.0,0.0
4313,0.0,1892.0,0.0929058268666267,36.99,9.037870407104492,1194.0,0.0,1367.0,3.2704720069887117e-05,100.0,5.8734002113342285,111.0,0.0
4314,0.0,1892.0,0.1231323778629303,36.99,9.048871994018556,1285.0,0.0,1367.0,0.0,100.0,5.8734002113342285,0.0,0.0
4315,0.0,1892.0,0.1231323778629303,36.99,9.048871994018556,1285.0,0.0,1367.0,0.0,100.0,5.8734002113342285,0.0,0.0
4316,0.0,1892.0,0.1231323778629303,36.99,9.048871994018556,1285.0,0.0,1367.0,0.0,100.0,5.8734002113342285,0.0,0.0
4317,0.0,1892.0,0.1231323778629303,36.99,9.048871994018556,1285.0,0.0,1367.0,0.0,100.0,5.8734002113342285,0.0,0.0
4318,0.0,1892.0,0.1231323778629303,36.99,9.048871994018556,1285.0,0.0,1367.0,0.0,100.0,5.8734002113342285,0.0,0.0
4319,0.0,1892.0,0.230942353606224,36.99,9.065091133117676,1445.0,0.0,1367.0,0.0,100.0,5.8734002113342285,0.0,0.0
4320,0.0,1892.0,0.230942353606224,36.99,9.065091133117676,1445.0,0.0,1367.0,0.0,100.0,5.8734002113342285,0.0,0.0
4321,0.0,1892.0,0.230942353606224,36.99,9.065091133117676,1445.0,0.0,1367.0,0.0,100.0,5.8734002113342285,0.0,0.0
4322,0.0,1892.0,0.230942353606224,36.99,9.065091133117676,1445.0,0.0,1367.0,0.0,100.0,5.8734002113342285,0.0,0.0
4323,0.0,1892.0,0.230942353606224,36.99,9.065091133117676,1445.0,0.0,1367.0,0.0,100.0,5.8734002113342285,0.0,0.0
4324,0.0,1892.0,0.1605722904205322,36.99,9.05126667022705,1430.0,0.0,1367.0,0.000817991560325,100.0,39.184356689453125,111.0,0.0
4325,0.0,1892.0,0.1605722904205322,36.99,9.05126667022705,1430.0,0.0,1367.0,0.000817991560325,100.0,39.184356689453125,111.0,0.0
4326,0.0,1892.0,0.1605722904205322,36.99,9.05126667022705,1430.0,0.0,1367.0,0.000817991560325,100.0,39.184356689453125,111.0,0.0
4327,0.0,1892.0,0.1605722904205322,36.99,9.05126667022705,1430.0,0.0,1367.0,0.000817991560325,100.0,39.184356689453125,111.0,0.0
4328,0.0,1892.0,0.1605722904205322,36.99,9.05126667022705,1430.0,0.0,1367.0,0.000817991560325,100.0,39.184356689453125,111.0,0.0
4329,0.0,1892.0,0.1605722904205322,36.99,9.05126667022705,1430.0,0.0,1367.0,0.000817991560325,100.0,39.184356689453125,111.0,0.0
4330,0.0,1892.0,0.0974276959896087,36.99,9.037373542785645,1180.0,0.0,1367.0,0.0006444717873819,100.0,39.199195861816406,111.0,0.0
4331,0.0,1892.0,0.0974276959896087,36.99,9.037373542785645,1180.0,0.0,1367.0,0.0006444717873819,100.0,39.199195861816406,111.0,0.0
4332,0.0,1892.0,0.0974276959896087,36.99,9.037373542785645,1180.0,0.0,1367.0,0.0006444717873819,100.0,39.199195861816406,111.0,0.0
4333,0.0,1892.0,0.0974276959896087,36.99,9.037373542785645,1180.0,0.0,1367.0,0.0006444717873819,100.0,39.199195861816406,111.0,0.0
4334,0.0,1892.0,0.0974276959896087,36.99,9.037373542785645,1180.0,0.0,1367.0,0.0006444717873819,100.0,39.199195861816406,111.0,0.0
4335,0.0,1892.0,0.1833981573581695,36.99,9.036981582641602,1383.0,0.0,1367.0,0.0001425731898052,100.0,5.8734002113342285,111.0,0.0
4336,0.0,1892.0,0.1833981573581695,36.99,9.036981582641602,1383.0,0.0,1367.0,0.0001425731898052,100.0,5.8734002113342285,111.0,0.0
4337,0.0,1892.0,0.1833981573581695,36.99,9.036981582641602,1383.0,0.0,1367.0,0.0001425731898052,100.0,5.8734002113342285,111.0,0.0
4338,0.0,1892.0,0.1833981573581695,36.99,9.036981582641602,1383.0,0.0,1367.0,0.0001425731898052,100.0,5.8734002113342285,111.0,0.0
4339,0.0,1892.0,0.1833981573581695,36.99,9.036981582641602,1383.0,0.0,1367.0,0.0001425731898052,100.0,5.8734002113342285,111.0,0.0
4340,0.0,1892.0,0.1467178910970688,36.99,9.03024959564209,1231.0,0.0,1367.0,0.0,100.0,39.10701370239258,0.0,0.0
4341,0.0,1892.0,0.1467178910970688,36.99,9.03024959564209,1231.0,0.0,1367.0,0.0,100.0,39.10701370239258,0.0,0.0
4342,0.0,1892.0,0.1467178910970688,36.99,9.03024959564209,1231.0,0.0,1367.0,0.0,100.0,39.10701370239258,0.0,0.0
4343,0.0,1892.0,0.1467178910970688,36.99,9.03024959564209,1231.0,0.0,1367.0,0.0,100.0,39.10701370239258,0.0,0.0
4344,0.0,1892.0,0.1467178910970688,36.99,9.03024959564209,1231.0,0.0,1367.0,0.0,100.0,39.10701370239258,0.0,0.0
4345,0.0,1892.0,0.2144456356763839,36.99,9.061750411987305,1504.0,0.0,1367.0,0.0,100.0,5.8734002113342285,0.0,0.0
4346,0.0,1892.0,0.2144456356763839,36.99,9.061750411987305,1504.0,0.0,1367.0,0.0,100.0,5.8734002113342285,0.0,0.0
4347,0.0,1892.0,0.2144456356763839,36.99,9.061750411987305,1504.0,0.0,1367.0,0.0,100.0,5.8734002113342285,0.0,0.0
4348,0.0,1892.0,0.2144456356763839,36.99,9.061750411987305,1504.0,0.0,1367.0,0.0,100.0,5.8734002113342285,0.0,0.0
4349,0.0,1892.0,0.2144456356763839,36.99,9.061750411987305,1504.0,0.0,1367.0,0.0,100.0,5.8734002113342285,0.0,0.0
4350,0.0,1892.0,0.316747099161148,36.99,9.068827629089355,1660.0,0.0,1367.0,0.0,100.0,5.8734002113342285,0.0,0.0
4351,0.0,1892.0,0.316747099161148,36.99,9.068827629089355,1660.0,0.0,1367.0,0.0,100.0,5.8734002113342285,0.0,0.0
4352,0.0,1892.0,0.316747099161148,36.99,9.068827629089355,1660.0,0.0,1367.0,0.0,100.0,5.8734002113342285,0.0,0.0
4353,0.0,1892.0,0.316747099161148,36.99,9.068827629089355,1660.0,0.0,1367.0,0.0,100.0,5.8734002113342285,0.0,0.0
4354,0.0,1892.0,0.316747099161148,36.99,9.068827629089355,1660.0,0.0,1367.0,0.0,100.0,5.8734002113342285,0.0,0.0
4355,0.0,1892.0,0.316747099161148,36.99,9.068827629089355,1660.0,0.0,1367.0,0.0,100.0,5.8734002113342285,0.0,0.0
4356,0.0,1892.0,0.1619402170181274,36.99,9.04637050628662,1252.0,0.0,1367.0,0.0,100.0,5.8734002113342285,0.0,0.0
4357,0.0,1892.0,0.1619402170181274,36.99,9.04637050628662,1252.0,0.0,1367.0,0.0,100.0,5.8734002113342285,0.0,0.0
4358,0.0,1892.0,0.1619402170181274,36.99,9.04637050628662,1252.0,0.0,1367.0,0.0,100.0,5.8734002113342285,0.0,0.0
4359,0.0,1892.0,0.1619402170181274,36.99,9.04637050628662,1252.0,0.0,1367.0,0.0,100.0,5.8734002113342285,0.0,0.0
4360,0.0,1892.0,0.1619402170181274,36.99,9.04637050628662,1252.0,0.0,1367.0,0.0,100.0,5.8734002113342285,0.0,0.0
4361,0.0,1892.0,0.1132765337824821,36.99,9.03554630279541,1143.0,0.0,1367.0,0.0002777150948531,100.0,5.8734002113342285,111.0,0.0
4362,0.0,1892.0,0.1132765337824821,36.99,9.03554630279541,1143.0,0.0,1367.0,0.0002777150948531,100.0,5.8734002113342285,111.0,0.0
4363,0.0,1892.0,0.1132765337824821,36.99,9.03554630279541,1143.0,0.0,1367.0,0.0002777150948531,100.0,5.8734002113342285,111.0,0.0
4364,0.0,1892.0,0.1132765337824821,36.99,9.03554630279541,1143.0,0.0,1367.0,0.0002777150948531,100.0,5.8734002113342285,111.0,0.0
4365,0.0,1892.0,0.1132765337824821,36.99,9.03554630279541,1143.0,0.0,1367.0,0.0002777150948531,100.0,5.8734002113342285,111.0,0.0
4366,0.0,1892.0,0.4295468032360077,36.99,9.06125259399414,1296.0,0.0,1367.0,0.0,100.0,39.10857391357422,0.0,0.0
4367,0.0,1892.0,0.4295468032360077,36.99,9.06125259399414,1296.0,0.0,1367.0,0.0,100.0,39.10857391357422,0.0,0.0
4368,0.0,1892.0,0.4295468032360077,36.99,9.06125259399414,1296.0,0.0,1367.0,0.0,100.0,39.10857391357422,0.0,0.0
4369,0.0,1892.0,0.4295468032360077,36.99,9.06125259399414,1296.0,0.0,1367.0,0.0,100.0,39.10857391357422,0.0,0.0
4370,0.0,1892.0,0.4295468032360077,36.99,9.06125259399414,1296.0,0.0,1367.0,0.0,100.0,39.10857391357422,0.0,0.0
4371,0.0,1892.0,0.4364446401596069,36.99,9.07199478149414,1316.0,0.0,1367.0,0.0,100.0,5.8734002113342285,0.0,0.0
4372,0.0,1892.0,0.4364446401596069,36.99,9.07199478149414,1316.0,0.0,1367.0,0.0,100.0,5.8734002113342285,0.0,0.0
4373,0.0,1892.0,0.4364446401596069,36.99,9.07199478149414,1316.0,0.0,1367.0,0.0,100.0,5.8734002113342285,0.0,0.0
4374,0.0,1892.0,0.4364446401596069,36.99,9.07199478149414,1316.0,0.0,1367.0,0.0,100.0,5.8734002113342285,0.0,0.0
4375,0.0,1892.0,0.4364446401596069,36.99,9.07199478149414,1316.0,0.0,1367.0,0.0,100.0,5.8734002113342285,0.0,0.0
4376,0.0,1892.0,0.3626050651073456,36.99,9.075122833251951,1287.0,0.0,1367.0,0.0,100.0,5.8734002113342285,0.0,0.0
4377,0.0,1892.0,0.3626050651073456,36.99,9.075122833251951,1287.0,0.0,1367.0,0.0,100.0,5.8734002113342285,0.0,0.0
4378,0.0,1892.0,0.3626050651073456,36.99,9.075122833251951,1287.0,0.0,1367.0,0.0,100.0,5.8734002113342285,0.0,0.0
4379,0.0,1892.0,0.3626050651073456,36.99,9.075122833251951,1287.0,0.0,1367.0,0.0,100.0,5.8734002113342285,0.0,0.0
4380,0.0,1892.0,0.3626050651073456,36.99,9.075122833251951,1287.0,0.0,1367.0,0.0,100.0,5.8734002113342285,0.0,0.0
4381,0.0,1892.0,0.3626050651073456,36.99,9.075122833251951,1287.0,0.0,1367.0,0.0,100.0,5.8734002113342285,0.0,0.0
4382,0.0,1892.0,0.5367552638053894,36.99,9.09218406677246,1501.0,0.0,1367.0,0.0,100.0,5.8734002113342285,0.0,0.0
4383,0.0,1892.0,0.5367552638053894,36.99,9.09218406677246,1501.0,0.0,1367.0,0.0,100.0,5.8734002113342285,0.0,0.0
4384,0.0,1892.0,0.5367552638053894,36.99,9.09218406677246,1501.0,0.0,1367.0,0.0,100.0,5.8734002113342285,0.0,0.0
4385,0.0,1892.0,0.5367552638053894,36.99,9.09218406677246,1501.0,0.0,1367.0,0.0,100.0,5.8734002113342285,0.0,0.0
4386,0.0,1892.0,0.5367552638053894,36.99,9.09218406677246,1501.0,0.0,1367.0,0.0,100.0,5.8734002113342285,0.0,0.0
4387,0.0,1892.0,0.4321129322052002,36.99,9.082155227661133,1346.0,0.0,1367.0,0.0003011785738635,100.0,39.09138870239258,111.0,0.0
4388,0.0,1892.0,0.4321129322052002,36.99,9.082155227661133,1346.0,0.0,1367.0,0.0003011785738635,100.0,39.09138870239258,111.0,0.0
4389,0.0,1892.0,0.4321129322052002,36.99,9.082155227661133,1346.0,0.0,1367.0,0.0003011785738635,100.0,39.09138870239258,111.0,0.0
4390,0.0,1892.0,0.4321129322052002,36.99,9.082155227661133,1346.0,0.0,1367.0,0.0003011785738635,100.0,39.09138870239258,111.0,0.0
4391,0.0,1892.0,0.4321129322052002,36.99,9.082155227661133,1346.0,0.0,1367.0,0.0003011785738635,100.0,39.09138870239258,111.0,0.0
4392,0.0,1892.0,0.3526243567466736,36.99,9.058289527893066,1300.0,0.0,1367.0,0.0,100.0,5.8734002113342285,0.0,0.0
4393,0.0,1892.0,0.3526243567466736,36.99,9.058289527893066,1300.0,0.0,1367.0,0.0,100.0,5.8734002113342285,0.0,0.0
4394,0.0,1892.0,0.3526243567466736,36.99,9.058289527893066,1300.0,0.0,1367.0,0.0,100.0,5.8734002113342285,0.0,0.0
4395,0.0,1892.0,0.3526243567466736,36.99,9.058289527893066,1300.0,0.0,1367.0,0.0,100.0,5.8734002113342285,0.0,0.0
4396,0.0,1892.0,0.3526243567466736,36.99,9.058289527893066,1300.0,0.0,1367.0,0.0,100.0,5.8734002113342285,0.0,0.0
4397,0.0,1892.0,0.3663856983184814,36.99,9.059722900390623,1355.0,0.0,1367.0,0.0,100.0,5.8734002113342285,0.0,0.0
4398,0.0,1892.0,0.3663856983184814,36.99,9.059722900390623,1355.0,0.0,1367.0,0.0,100.0,5.8734002113342285,0.0,0.0
4399,0.0,1892.0,0.3663856983184814,36.99,9.059722900390623,1355.0,0.0,1367.0,0.0,100.0,5.8734002113342285,0.0,0.0
4400,0.0,1892.0,0.3663856983184814,36.99,9.059722900390623,1355.0,0.0,1367.0,0.0,100.0,5.8734002113342285,0.0,0.0
4401,0.0,1892.0,0.3663856983184814,36.99,9.059722900390623,1355.0,0.0,1367.0,0.0,100.0,5.8734002113342285,0.0,0.0
4402,0.0,1892.0,0.2094365954399109,36.99,9.065690994262695,1565.0,0.0,1367.0,0.0,100.0,5.8734002113342285,0.0,0.0
4403,0.0,1892.0,0.2094365954399109,36.99,9.065690994262695,1565.0,0.0,1367.0,0.0,100.0,5.8734002113342285,0.0,0.0
4404,0.0,1892.0,0.2094365954399109,36.99,9.065690994262695,1565.0,0.0,1367.0,0.0,100.0,5.8734002113342285,0.0,0.0
4405,0.0,1892.0,0.2094365954399109,36.99,9.065690994262695,1565.0,0.0,1367.0,0.0,100.0,5.8734002113342285,0.0,0.0
4406,0.0,1892.0,0.2094365954399109,36.99,9.065690994262695,1565.0,0.0,1367.0,0.0,100.0,5.8734002113342285,0.0,0.0
4407,0.0,1892.0,0.174406424164772,36.99,9.058926582336426,1408.0,0.0,1367.0,0.0002632235118653,100.0,5.8734002113342285,111.0,0.0
4408,0.0,1892.0,0.174406424164772,36.99,9.058926582336426,1408.0,0.0,1367.0,0.0002632235118653,100.0,5.8734002113342285,111.0,0.0
4409,0.0,1892.0,0.174406424164772,36.99,9.058926582336426,1408.0,0.0,1367.0,0.0002632235118653,100.0,5.8734002113342285,111.0,0.0
4410,0.0,1892.0,0.174406424164772,36.99,9.058926582336426,1408.0,0.0,1367.0,0.0002632235118653,100.0,5.8734002113342285,111.0,0.0
4411,0.0,1892.0,0.174406424164772,36.99,9.058926582336426,1408.0,0.0,1367.0,0.0002632235118653,100.0,5.8734002113342285,111.0,0.0
4412,0.0,1892.0,0.174406424164772,36.99,9.058926582336426,1408.0,0.0,1367.0,0.0002632235118653,100.0,5.8734002113342285,111.0,0.0
4413,0.0,1892.0,0.3503300547599792,36.99,9.057345390319824,1357.0,0.0,1367.0,0.0,100.0,39.13201141357422,0.0,0.0
4414,0.0,1892.0,0.3503300547599792,36.99,9.057345390319824,1357.0,0.0,1367.0,0.0,100.0,39.13201141357422,0.0,0.0
4415,0.0,1892.0,0.3503300547599792,36.99,9.057345390319824,1357.0,0.0,1367.0,0.0,100.0,39.13201141357422,0.0,0.0
4416,0.0,1892.0,0.3503300547599792,36.99,9.057345390319824,1357.0,0.0,1367.0,0.0,100.0,39.13201141357422,0.0,0.0
4417,0.0,1892.0,0.3503300547599792,36.99,9.057345390319824,1357.0,0.0,1367.0,0.0,100.0,39.13201141357422,0.0,0.0
4418,0.0,1892.0,0.1614213436841964,36.99,9.053177833557127,1419.0,0.0,1367.0,0.0,100.0,5.8734002113342285,0.0,0.0
4419,0.0,1892.0,0.1614213436841964,36.99,9.053177833557127,1419.0,0.0,1367.0,0.0,100.0,5.8734002113342285,0.0,0.0
4420,0.0,1892.0,0.1614213436841964,36.99,9.053177833557127,1419.0,0.0,1367.0,0.0,100.0,5.8734002113342285,0.0,0.0
4421,0.0,1892.0,0.1614213436841964,36.99,9.053177833557127,1419.0,0.0,1367.0,0.0,100.0,5.8734002113342285,0.0,0.0
4422,0.0,1892.0,0.1614213436841964,36.99,9.053177833557127,1419.0,0.0,1367.0,0.0,100.0,5.8734002113342285,0.0,0.0
4423,0.0,1892.0,0.0793277025222778,36.99,9.033221244812012,1146.0,0.0,1367.0,0.0,100.0,5.8734002113342285,0.0,0.0
4424,0.0,1892.0,0.0793277025222778,36.99,9.033221244812012,1146.0,0.0,1367.0,0.0,100.0,5.8734002113342285,0.0,0.0
4425,0.0,1892.0,0.0793277025222778,36.99,9.033221244812012,1146.0,0.0,1367.0,0.0,100.0,5.8734002113342285,0.0,0.0
4426,0.0,1892.0,0.0793277025222778,36.99,9.033221244812012,1146.0,0.0,1367.0,0.0,100.0,5.8734002113342285,0.0,0.0
4427,0.0,1892.0,0.0793277025222778,36.99,9.033221244812012,1146.0,0.0,1367.0,0.0,100.0,5.8734002113342285,0.0,0.0
4428,0.0,1892.0,0.1086368039250373,36.99,9.024642944335938,1239.0,0.0,1367.0,0.0,100.0,5.8734002113342285,0.0,0.0
4429,0.0,1892.0,0.1086368039250373,36.99,9.024642944335938,1239.0,0.0,1367.0,0.0,100.0,5.8734002113342285,0.0,0.0
4430,0.0,1892.0,0.1086368039250373,36.99,9.024642944335938,1239.0,0.0,1367.0,0.0,100.0,5.8734002113342285,0.0,0.0
4431,0.0,1892.0,0.1086368039250373,36.99,9.024642944335938,1239.0,0.0,1367.0,0.0,100.0,5.8734002113342285,0.0,0.0
4432,0.0,1892.0,0.1086368039250373,36.99,9.024642944335938,1239.0,0.0,1367.0,0.0,100.0,5.8734002113342285,0.0,0.0
4433,0.0,1892.0,0.1256894320249557,36.99,9.03079891204834,1343.0,0.0,1367.0,0.0004533019382506,100.0,39.00388717651367,111.0,0.0
4434,0.0,1892.0,0.1256894320249557,36.99,9.03079891204834,1343.0,0.0,1367.0,0.0004533019382506,100.0,39.00388717651367,111.0,0.0
4435,0.0,1892.0,0.1256894320249557,36.99,9.03079891204834,1343.0,0.0,1367.0,0.0004533019382506,100.0,39.00388717651367,111.0,0.0
4436,0.0,1892.0,0.1256894320249557,36.99,9.03079891204834,1343.0,0.0,1367.0,0.0004533019382506,100.0,39.00388717651367,111.0,0.0
4437,0.0,1892.0,0.1256894320249557,36.99,9.03079891204834,1343.0,0.0,1367.0,0.0004533019382506,100.0,39.00388717651367,111.0,0.0
4438,0.0,1892.0,0.1589498519897461,36.99,9.025617599487305,1318.0,0.0,1367.0,0.0,100.0,5.8734002113342285,0.0,0.0
4439,0.0,1892.0,0.1589498519897461,36.99,9.025617599487305,1318.0,0.0,1367.0,0.0,100.0,5.8734002113342285,0.0,0.0
4440,0.0,1892.0,0.1589498519897461,36.99,9.025617599487305,1318.0,0.0,1367.0,0.0,100.0,5.8734002113342285,0.0,0.0
4441,0.0,1892.0,0.1589498519897461,36.99,9.025617599487305,1318.0,0.0,1367.0,0.0,100.0,5.8734002113342285,0.0,0.0
4442,0.0,1892.0,0.1589498519897461,36.99,9.025617599487305,1318.0,0.0,1367.0,0.0,100.0,5.8734002113342285,0.0,0.0
4443,0.0,1892.0,0.1589498519897461,36.99,9.025617599487305,1318.0,0.0,1367.0,0.0,100.0,5.8734002113342285,0.0,0.0
4444,0.0,1892.0,0.7858291268348694,36.99,9.041272163391112,2083.0,0.0,1367.0,0.0,100.0,5.8734002113342285,0.0,0.0
4445,0.0,1892.0,0.7858291268348694,36.99,9.041272163391112,2083.0,0.0,1367.0,0.0,100.0,5.8734002113342285,0.0,0.0
4446,0.0,1892.0,0.7858291268348694,36.99,9.041272163391112,2083.0,0.0,1367.0,0.0,100.0,5.8734002113342285,0.0,0.0
4447,0.0,1892.0,0.7858291268348694,36.99,9.041272163391112,2083.0,0.0,1367.0,0.0,100.0,5.8734002113342285,0.0,0.0
4448,0.0,1892.0,0.7858291268348694,36.99,9.041272163391112,2083.0,0.0,1367.0,0.0,100.0,5.8734002113342285,0.0,0.0
4449,0.0,1892.0,1.6426771879196167,36.99,8.912071228027344,2417.0,0.0,1367.0,0.0,100.0,5.8734002113342285,0.0,0.0
4450,0.0,1892.0,1.6426771879196167,36.99,8.912071228027344,2417.0,0.0,1367.0,0.0,100.0,5.8734002113342285,0.0,0.0
4451,0.0,1892.0,1.6426771879196167,36.99,8.912071228027344,2417.0,0.0,1367.0,0.0,100.0,5.8734002113342285,0.0,0.0
4452,0.0,1892.0,1.6426771879196167,36.99,8.912071228027344,2417.0,0.0,1367.0,0.0,100.0,5.8734002113342285,0.0,0.0
4453,0.0,1892.0,1.6426771879196167,36.99,8.912071228027344,2417.0,0.0,1367.0,0.0,100.0,5.8734002113342285,0.0,0.0
4454,0.0,1892.0,2.0367345809936523,36.99,9.243946075439451,2423.0,0.0,1367.0,8.43383968458511e-05,100.0,5.8734002113342285,111.0,0.0
4455,0.0,1892.0,2.0367345809936523,36.99,9.243946075439451,2423.0,0.0,1367.0,8.43383968458511e-05,100.0,5.8734002113342285,111.0,0.0
4456,0.0,1892.0,2.0367345809936523,36.99,9.243946075439451,2423.0,0.0,1367.0,8.43383968458511e-05,100.0,5.8734002113342285,111.0,0.0
4457,0.0,1892.0,2.0367345809936523,36.99,9.243946075439451,2423.0,0.0,1367.0,8.43383968458511e-05,100.0,5.8734002113342285,111.0,0.0
4458,0.0,1892.0,2.0367345809936523,36.99,9.243946075439451,2423.0,0.0,1367.0,8.43383968458511e-05,100.0,5.8734002113342285,111.0,0.0
4459,0.0008250824757851,1892.0,1.7071943283081057,36.99,9.257174491882324,2420.0,0.0,1367.0,0.0004378927405923,100.0,5.8734002113342285,111.0,0.0
4460,0.0008250824757851,1892.0,1.7071943283081057,36.99,9.257174491882324,2420.0,0.0,1367.0,0.0004378927405923,100.0,5.8734002113342285,111.0,0.0
4461,0.0008250824757851,1892.0,1.7071943283081057,36.99,9.257174491882324,2420.0,0.0,1367.0,0.0004378927405923,100.0,5.8734002113342285,111.0,0.0
4462,0.0008250824757851,1892.0,1.7071943283081057,36.99,9.257174491882324,2420.0,0.0,1367.0,0.0004378927405923,100.0,5.8734002113342285,111.0,0.0
4463,0.0008250824757851,1892.0,1.7071943283081057,36.99,9.257174491882324,2420.0,0.0,1367.0,0.0004378927405923,100.0,5.8734002113342285,111.0,0.0
4464,0.0,1892.0,1.861656665802002,36.99,9.288785934448242,2418.0,0.0,1367.0,0.0,100.0,5.8734002113342285,0.0,0.0
4465,0.0,1892.0,1.861656665802002,36.99,9.288785934448242,2418.0,0.0,1367.0,0.0,100.0,5.8734002113342285,0.0,0.0
4466,0.0,1892.0,1.861656665802002,36.99,9.288785934448242,2418.0,0.0,1367.0,0.0,100.0,5.8734002113342285,0.0,0.0
4467,0.0,1892.0,1.861656665802002,36.99,9.288785934448242,2418.0,0.0,1367.0,0.0,100.0,5.8734002113342285,0.0,0.0
4468,0.0,1892.0,1.861656665802002,36.99,9.288785934448242,2418.0,0.0,1367.0,0.0,100.0,5.8734002113342285,0.0,0.0
4469,0.0,1892.0,1.861656665802002,36.99,9.288785934448242,2418.0,0.0,1367.0,0.0,100.0,5.8734002113342285,0.0,0.0
4470,0.0,1892.0,1.851784825325012,36.99,9.28900146484375,2421.0,0.0,1367.0,0.0,100.0,5.8734002113342285,0.0,0.0
4471,0.0,1892.0,1.851784825325012,36.99,9.28900146484375,2421.0,0.0,1367.0,0.0,100.0,5.8734002113342285,0.0,0.0
4472,0.0,1892.0,1.851784825325012,36.99,9.28900146484375,2421.0,0.0,1367.0,0.0,100.0,5.8734002113342285,0.0,0.0
4473,0.0,1892.0,1.851784825325012,36.99,9.28900146484375,2421.0,0.0,1367.0,0.0,100.0,5.8734002113342285,0.0,0.0
4474,0.0,1892.0,1.851784825325012,36.99,9.28900146484375,2421.0,0.0,1367.0,0.0,100.0,5.8734002113342285,0.0,0.0
4475,0.0,1892.0,1.814978837966919,36.99,9.291863441467283,2417.0,0.0,1367.0,0.0,100.0,5.8734002113342285,0.0,0.0
4476,0.0,1892.0,1.814978837966919,36.99,9.291863441467283,2417.0,0.0,1367.0,0.0,100.0,5.8734002113342285,0.0,0.0
4477,0.0,1892.0,1.814978837966919,36.99,9.291863441467283,2417.0,0.0,1367.0,0.0,100.0,5.8734002113342285,0.0,0.0
4478,0.0,1892.0,1.814978837966919,36.99,9.291863441467283,2417.0,0.0,1367.0,0.0,100.0,5.8734002113342285,0.0,0.0
4479,0.0,1892.0,1.814978837966919,36.99,9.291863441467283,2417.0,0.0,1367.0,0.0,100.0,5.8734002113342285,0.0,0.0
4480,0.0,1892.0,1.924229383468628,36.99,9.314970970153809,2419.0,0.0,1367.0,0.0004195982473902,100.0,5.8734002113342285,111.0,0.0
4481,0.0,1892.0,1.924229383468628,36.99,9.314970970153809,2419.0,0.0,1367.0,0.0004195982473902,100.0,5.8734002113342285,111.0,0.0
4482,0.0,1892.0,1.924229383468628,36.99,9.314970970153809,2419.0,0.0,1367.0,0.0004195982473902,100.0,5.8734002113342285,111.0,0.0
4483,0.0,1892.0,1.924229383468628,36.99,9.314970970153809,2419.0,0.0,1367.0,0.0004195982473902,100.0,5.8734002113342285,111.0,0.0
4484,0.0,1892.0,1.924229383468628,36.99,9.314970970153809,2419.0,0.0,1367.0,0.0004195982473902,100.0,5.8734002113342285,111.0,0.0
4485,0.0,1892.0,1.938347339630127,36.99,9.303777694702148,2423.0,0.0,1367.0,0.0,100.0,39.47107696533203,0.0,0.0
4486,0.0,1892.0,1.938347339630127,36.99,9.303777694702148,2423.0,0.0,1367.0,0.0,100.0,39.47107696533203,0.0,0.0
4487,0.0,1892.0,1.938347339630127,36.99,9.303777694702148,2423.0,0.0,1367.0,0.0,100.0,39.47107696533203,0.0,0.0
4488,0.0,1892.0,1.938347339630127,36.99,9.303777694702148,2423.0,0.0,1367.0,0.0,100.0,39.47107696533203,0.0,0.0
4489,0.0,1892.0,1.938347339630127,36.99,9.303777694702148,2423.0,0.0,1367.0,0.0,100.0,39.47107696533203,0.0,0.0
4490,0.0,1892.0,1.6664152145385742,36.99,9.29493522644043,2417.0,0.0,1367.0,0.0,100.0,5.8734002113342285,0.0,0.0
4491,0.0,1892.0,1.6664152145385742,36.99,9.29493522644043,2417.0,0.0,1367.0,0.0,100.0,5.8734002113342285,0.0,0.0
4492,0.0,1892.0,1.6664152145385742,36.99,9.29493522644043,2417.0,0.0,1367.0,0.0,100.0,5.8734002113342285,0.0,0.0
4493,0.0,1892.0,1.6664152145385742,36.99,9.29493522644043,2417.0,0.0,1367.0,0.0,100.0,5.8734002113342285,0.0,0.0
4494,0.0,1892.0,1.6664152145385742,36.99,9.29493522644043,2417.0,0.0,1367.0,0.0,100.0,5.8734002113342285,0.0,0.0
4495,0.0,1892.0,1.6664152145385742,36.99,9.29493522644043,2417.0,0.0,1367.0,0.0,100.0,5.8734002113342285,0.0,0.0
4496,0.0,1892.0,1.6183712482452393,36.99,9.28963851928711,2421.0,0.0,1367.0,0.0,100.0,5.8734002113342285,0.0,0.0
4497,0.0,1892.0,1.6183712482452393,36.99,9.28963851928711,2421.0,0.0,1367.0,0.0,100.0,5.8734002113342285,0.0,0.0
4498,0.0,1892.0,1.6183712482452393,36.99,9.28963851928711,2421.0,0.0,1367.0,0.0,100.0,5.8734002113342285,0.0,0.0
4499,0.0,1892.0,1.6183712482452393,36.99,9.28963851928711,2421.0,0.0,1367.0,0.0,100.0,5.8734002113342285,0.0,0.0
4500,0.0,1892.0,1.6183712482452393,36.99,9.28963851928711,2421.0,0.0,1367.0,0.0,100.0,5.8734002113342285,0.0,0.0
4501,0.0,1892.0,1.6505544185638428,36.99,9.293014526367188,2415.0,0.0,1367.0,0.0,100.0,5.8734002113342285,0.0,0.0
4502,0.0,1892.0,1.6505544185638428,36.99,9.293014526367188,2415.0,0.0,1367.0,0.0,100.0,5.8734002113342285,0.0,0.0
4503,0.0,1892.0,1.6505544185638428,36.99,9.293014526367188,2415.0,0.0,1367.0,0.0,100.0,5.8734002113342285,0.0,0.0
4504,0.0,1892.0,1.6505544185638428,36.99,9.293014526367188,2415.0,0.0,1367.0,0.0,100.0,5.8734002113342285,0.0,0.0
4505,0.0,1892.0,1.6505544185638428,36.99,9.293014526367188,2415.0,0.0,1367.0,0.0,100.0,5.8734002113342285,0.0,0.0
4506,0.0,1892.0,1.4220141172409058,36.99,9.293131828308104,2419.0,0.0,1367.0,6.623091758228838e-05,100.0,5.8734002113342285,111.0,0.0
4507,0.0,1892.0,1.4220141172409058,36.99,9.293131828308104,2419.0,0.0,1367.0,6.623091758228838e-05,100.0,5.8734002113342285,111.0,0.0
4508,0.0,1892.0,1.4220141172409058,36.99,9.293131828308104,2419.0,0.0,1367.0,6.623091758228838e-05,100.0,5.8734002113342285,111.0,0.0
4509,0.0,1892.0,1.4220141172409058,36.99,9.293131828308104,2419.0,0.0,1367.0,6.623091758228838e-05,100.0,5.8734002113342285,111.0,0.0
4510,0.0,1892.0,1.4220141172409058,36.99,9.293131828308104,2419.0,0.0,1367.0,6.623091758228838e-05,100.0,5.8734002113342285,111.0,0.0
4511,0.0,1892.0,1.3195199966430664,36.99,9.254279136657717,2420.0,0.0,1367.0,0.0,100.0,39.657012939453125,0.0,0.0
4512,0.0,1892.0,1.3195199966430664,36.99,9.254279136657717,2420.0,0.0,1367.0,0.0,100.0,39.657012939453125,0.0,0.0
4513,0.0,1892.0,1.3195199966430664,36.99,9.254279136657717,2420.0,0.0,1367.0,0.0,100.0,39.657012939453125,0.0,0.0
4514,0.0,1892.0,1.3195199966430664,36.99,9.254279136657717,2420.0,0.0,1367.0,0.0,100.0,39.657012939453125,0.0,0.0
4515,0.0,1892.0,1.3195199966430664,36.99,9.254279136657717,2420.0,0.0,1367.0,0.0,100.0,39.657012939453125,0.0,0.0
4516,0.0,1892.0,1.6115515232086182,36.99,9.285494804382324,2419.0,0.0,1367.0,0.0,100.0,5.8734002113342285,0.0,0.0
4517,0.0,1892.0,1.6115515232086182,36.99,9.285494804382324,2419.0,0.0,1367.0,0.0,100.0,5.8734002113342285,0.0,0.0
4518,0.0,1892.0,1.6115515232086182,36.99,9.285494804382324,2419.0,0.0,1367.0,0.0,100.0,5.8734002113342285,0.0,0.0
4519,0.0,1892.0,1.6115515232086182,36.99,9.285494804382324,2419.0,0.0,1367.0,0.0,100.0,5.8734002113342285,0.0,0.0
4520,0.0,1892.0,1.6115515232086182,36.99,9.285494804382324,2419.0,0.0,1367.0,0.0,100.0,5.8734002113342285,0.0,0.0
4521,0.0,1892.0,1.4781372547149658,36.99,9.303359031677246,2420.0,0.0,1367.0,0.0002852015022654,100.0,5.8734002113342285,111.0,0.0
4522,0.0,1892.0,1.4781372547149658,36.99,9.303359031677246,2420.0,0.0,1367.0,0.0002852015022654,100.0,5.8734002113342285,111.0,0.0
4523,0.0,1892.0,1.4781372547149658,36.99,9.303359031677246,2420.0,0.0,1367.0,0.0002852015022654,100.0,5.8734002113342285,111.0,0.0
4524,0.0,1892.0,1.4781372547149658,36.99,9.303359031677246,2420.0,0.0,1367.0,0.0002852015022654,100.0,5.8734002113342285,111.0,0.0
4525,0.0,1892.0,1.4781372547149658,36.99,9.303359031677246,2420.0,0.0,1367.0,0.0002852015022654,100.0,5.8734002113342285,111.0,0.0
4526,0.0,1892.0,1.4781372547149658,36.99,9.303359031677246,2420.0,0.0,1367.0,0.0002852015022654,100.0,5.8734002113342285,111.0,0.0
4527,0.0008896797080524,1892.0,1.1907591819763184,36.99,9.25019645690918,2419.0,0.0,1367.0,0.000190218881471,100.0,39.63826370239258,111.0,0.0
4528,0.0008896797080524,1892.0,1.1907591819763184,36.99,9.25019645690918,2419.0,0.0,1367.0,0.000190218881471,100.0,39.63826370239258,111.0,0.0
4529,0.0008896797080524,1892.0,1.1907591819763184,36.99,9.25019645690918,2419.0,0.0,1367.0,0.000190218881471,100.0,39.63826370239258,111.0,0.0
4530,0.0008896797080524,1892.0,1.1907591819763184,36.99,9.25019645690918,2419.0,0.0,1367.0,0.000190218881471,100.0,39.63826370239258,111.0,0.0
4531,0.0008896797080524,1892.0,1.1907591819763184,36.99,9.25019645690918,2419.0,0.0,1367.0,0.000190218881471,100.0,39.63826370239258,111.0,0.0
4532,0.0,1892.0,1.5974769592285156,36.99,9.297159194946287,2421.0,0.0,1367.0,0.0003882674791384,100.0,39.680450439453125,165.0,0.0
4533,0.0,1892.0,1.5974769592285156,36.99,9.297159194946287,2421.0,0.0,1367.0,0.0003882674791384,100.0,39.680450439453125,165.0,0.0
4534,0.0,1892.0,1.5974769592285156,36.99,9.297159194946287,2421.0,0.0,1367.0,0.0003882674791384,100.0,39.680450439453125,165.0,0.0
4535,0.0,1892.0,1.5974769592285156,36.99,9.297159194946287,2421.0,0.0,1367.0,0.0003882674791384,100.0,39.680450439453125,165.0,0.0
4536,0.0,1892.0,1.5974769592285156,36.99,9.297159194946287,2421.0,0.0,1367.0,0.0003882674791384,100.0,39.680450439453125,165.0,0.0
4537,0.0,1892.0,1.6082358360290527,36.99,9.29305362701416,2416.0,0.0,1367.0,0.0,100.0,5.8734002113342285,0.0,0.0
4538,0.0,1892.0,1.6082358360290527,36.99,9.29305362701416,2416.0,0.0,1367.0,0.0,100.0,5.8734002113342285,0.0,0.0
4539,0.0,1892.0,1.6082358360290527,36.99,9.29305362701416,2416.0,0.0,1367.0,0.0,100.0,5.8734002113342285,0.0,0.0
4540,0.0,1892.0,1.6082358360290527,36.99,9.29305362701416,2416.0,0.0,1367.0,0.0,100.0,5.8734002113342285,0.0,0.0
4541,0.0,1892.0,1.6082358360290527,36.99,9.29305362701416,2416.0,0.0,1367.0,0.0,100.0,5.8734002113342285,0.0,0.0
4542,0.0,1892.0,1.702869892120361,36.99,9.297697067260742,2420.0,0.0,1367.0,0.0,100.0,5.8734002113342285,0.0,0.0
4543,0.0,1892.0,1.702869892120361,36.99,9.297697067260742,2420.0,0.0,1367.0,0.0,100.0,5.8734002113342285,0.0,0.0
4544,0.0,1892.0,1.702869892120361,36.99,9.297697067260742,2420.0,0.0,1367.0,0.0,100.0,5.8734002113342285,0.0,0.0
4545,0.0,1892.0,1.702869892120361,36.99,9.297697067260742,2420.0,0.0,1367.0,0.0,100.0,5.8734002113342285,0.0,0.0
4546,0.0,1892.0,1.702869892120361,36.99,9.297697067260742,2420.0,0.0,1367.0,0.0,100.0,5.8734002113342285,0.0,0.0
4547,0.0,1892.0,1.8621363639831543,36.99,9.320244789123535,2421.0,0.0,1367.0,0.0001610144972801,100.0,39.84920120239258,111.0,0.0
4548,0.0,1892.0,1.8621363639831543,36.99,9.320244789123535,2421.0,0.0,1367.0,0.0001610144972801,100.0,39.84920120239258,111.0,0.0
4549,0.0,1892.0,1.8621363639831543,36.99,9.320244789123535,2421.0,0.0,1367.0,0.0001610144972801,100.0,39.84920120239258,111.0,0.0
4550,0.0,1892.0,1.8621363639831543,36.99,9.320244789123535,2421.0,0.0,1367.0,0.0001610144972801,100.0,39.84920120239258,111.0,0.0
4551,0.0,1892.0,1.8621363639831543,36.99,9.320244789123535,2421.0,0.0,1367.0,0.0001610144972801,100.0,39.84920120239258,111.0,0.0
4552,0.0,1892.0,1.6223610639572144,36.99,9.30679702758789,2419.0,0.0,1367.0,0.0004075938486494,100.0,39.828887939453125,111.0,0.0
4553,0.0,1892.0,1.6223610639572144,36.99,9.30679702758789,2419.0,0.0,1367.0,0.0004075938486494,100.0,39.828887939453125,111.0,0.0
4554,0.0,1892.0,1.6223610639572144,36.99,9.30679702758789,2419.0,0.0,1367.0,0.0004075938486494,100.0,39.828887939453125,111.0,0.0
4555,0.0,1892.0,1.6223610639572144,36.99,9.30679702758789,2419.0,0.0,1367.0,0.0004075938486494,100.0,39.828887939453125,111.0,0.0
4556,0.0,1892.0,1.6223610639572144,36.99,9.30679702758789,2419.0,0.0,1367.0,0.0004075938486494,100.0,39.828887939453125,111.0,0.0
4557,0.0,1892.0,1.6223610639572144,36.99,9.30679702758789,2419.0,0.0,1367.0,0.0004075938486494,100.0,39.828887939453125,111.0,0.0
4558,0.0,1892.0,1.6578855514526367,36.99,9.312646865844728,2420.0,0.0,1367.0,0.0,100.0,5.8734002113342285,0.0,0.0
4559,0.0,1892.0,1.6578855514526367,36.99,9.312646865844728,2420.0,0.0,1367.0,0.0,100.0,5.8734002113342285,0.0,0.0
4560,0.0,1892.0,1.6578855514526367,36.99,9.312646865844728,2420.0,0.0,1367.0,0.0,100.0,5.8734002113342285,0.0,0.0
4561,0.0,1892.0,1.6578855514526367,36.99,9.312646865844728,2420.0,0.0,1367.0,0.0,100.0,5.8734002113342285,0.0,0.0
4562,0.0,1892.0,1.6578855514526367,36.99,9.312646865844728,2420.0,0.0,1367.0,0.0,100.0,5.8734002113342285,0.0,0.0
4563,0.0,1892.0,1.7368422746658323,36.99,9.319801330566406,2415.0,0.0,1367.0,0.0,100.0,5.8734002113342285,0.0,0.0
4564,0.0,1892.0,1.7368422746658323,36.99,9.319801330566406,2415.0,0.0,1367.0,0.0,100.0,5.8734002113342285,0.0,0.0
4565,0.0,1892.0,1.7368422746658323,36.99,9.319801330566406,2415.0,0.0,1367.0,0.0,100.0,5.8734002113342285,0.0,0.0
4566,0.0,1892.0,1.7368422746658323,36.99,9.319801330566406,2415.0,0.0,1367.0,0.0,100.0,5.8734002113342285,0.0,0.0
4567,0.0,1892.0,1.7368422746658323,36.99,9.319801330566406,2415.0,0.0,1367.0,0.0,100.0,5.8734002113342285,0.0,0.0
4568,0.0,1892.0,1.74333918094635,36.99,9.32953929901123,2417.0,0.0,1367.0,0.0,100.0,5.8734002113342285,0.0,0.0
4569,0.0,1892.0,1.74333918094635,36.99,9.32953929901123,2417.0,0.0,1367.0,0.0,100.0,5.8734002113342285,0.0,0.0
4570,0.0,1892.0,1.74333918094635,36.99,9.32953929901123,2417.0,0.0,1367.0,0.0,100.0,5.8734002113342285,0.0,0.0
4571,0.0,1892.0,1.74333918094635,36.99,9.32953929901123,2417.0,0.0,1367.0,0.0,100.0,5.8734002113342285,0.0,0.0
4572,0.0,1892.0,1.74333918094635,36.99,9.32953929901123,2417.0,0.0,1367.0,0.0,100.0,5.8734002113342285,0.0,0.0
4573,0.0,1892.0,1.7023626565933228,36.99,9.326286315917969,2421.0,0.0,1367.0,0.0,100.0,5.8734002113342285,0.0,0.0
4574,0.0,1892.0,1.7023626565933228,36.99,9.326286315917969,2421.0,0.0,1367.0,0.0,100.0,5.8734002113342285,0.0,0.0
4575,0.0,1892.0,1.7023626565933228,36.99,9.326286315917969,2421.0,0.0,1367.0,0.0,100.0,5.8734002113342285,0.0,0.0
4576,0.0,1892.0,1.7023626565933228,36.99,9.326286315917969,2421.0,0.0,1367.0,0.0,100.0,5.8734002113342285,0.0,0.0
4577,0.0,1892.0,1.7023626565933228,36.99,9.326286315917969,2421.0,0.0,1367.0,0.0,100.0,5.8734002113342285,0.0,0.0
4578,0.0,1892.0,1.68034565448761,36.99,9.332334518432615,2415.0,0.0,1367.0,0.0002776039473246,100.0,39.87107467651367,111.0,0.0
4579,0.0,1892.0,1.68034565448761,36.99,9.332334518432615,2415.0,0.0,1367.0,0.0002776039473246,100.0,39.87107467651367,111.0,0.0
4580,0.0,1892.0,1.68034565448761,36.99,9.332334518432615,2415.0,0.0,1367.0,0.0002776039473246,100.0,39.87107467651367,111.0,0.0
4581,0.0,1892.0,1.68034565448761,36.99,9.332334518432615,2415.0,0.0,1367.0,0.0002776039473246,100.0,39.87107467651367,111.0,0.0
4582,0.0,1892.0,1.68034565448761,36.99,9.332334518432615,2415.0,0.0,1367.0,0.0002776039473246,100.0,39.87107467651367,111.0,0.0
4583,0.0,1892.0,2.027608633041382,36.99,9.329885482788086,2411.0,0.0,1367.0,0.0,100.0,5.8734002113342285,0.0,0.0
4584,0.0,1892.0,2.027608633041382,36.99,9.329885482788086,2411.0,0.0,1367.0,0.0,100.0,5.8734002113342285,0.0,0.0
4585,0.0,1892.0,2.027608633041382,36.99,9.329885482788086,2411.0,0.0,1367.0,0.0,100.0,5.8734002113342285,0.0,0.0
4586,0.0,1892.0,2.027608633041382,36.99,9.329885482788086,2411.0,0.0,1367.0,0.0,100.0,5.8734002113342285,0.0,0.0
4587,0.0,1892.0,2.027608633041382,36.99,9.329885482788086,2411.0,0.0,1367.0,0.0,100.0,5.8734002113342285,0.0,0.0
4588,0.0,1892.0,2.027608633041382,36.99,9.329885482788086,2411.0,0.0,1367.0,0.0,100.0,5.8734002113342285,0.0,0.0
4589,0.0,1892.0,1.6551334857940674,36.99,9.351313591003418,2422.0,0.0,1367.0,0.0,100.0,5.8734002113342285,0.0,0.0
4590,0.0,1892.0,1.6551334857940674,36.99,9.351313591003418,2422.0,0.0,1367.0,0.0,100.0,5.8734002113342285,0.0,0.0
4591,0.0,1892.0,1.6551334857940674,36.99,9.351313591003418,2422.0,0.0,1367.0,0.0,100.0,5.8734002113342285,0.0,0.0
4592,0.0,1892.0,1.6551334857940674,36.99,9.351313591003418,2422.0,0.0,1367.0,0.0,100.0,5.8734002113342285,0.0,0.0
4593,0.0,1892.0,1.6551334857940674,36.99,9.351313591003418,2422.0,0.0,1367.0,0.0,100.0,5.8734002113342285,0.0,0.0
4594,0.0009689923026598,1892.0,1.6779906749725342,36.99,9.331005096435549,2409.0,0.0,1367.0,0.0005014651687815,100.0,5.8734002113342285,111.0,0.0
4595,0.0009689923026598,1892.0,1.6779906749725342,36.99,9.331005096435549,2409.0,0.0,1367.0,0.0005014651687815,100.0,5.8734002113342285,111.0,0.0
4596,0.0009689923026598,1892.0,1.6779906749725342,36.99,9.331005096435549,2409.0,0.0,1367.0,0.0005014651687815,100.0,5.8734002113342285,111.0,0.0
4597,0.0009689923026598,1892.0,1.6779906749725342,36.99,9.331005096435549,2409.0,0.0,1367.0,0.0005014651687815,100.0,5.8734002113342285,111.0,0.0
4598,0.0009689923026598,1892.0,1.6779906749725342,36.99,9.331005096435549,2409.0,0.0,1367.0,0.0005014651687815,100.0,5.8734002113342285,111.0,0.0
4599,0.0,1892.0,1.5301114320755005,36.99,9.095977783203123,2414.0,0.0,1367.0,0.0,100.0,39.91248321533203,0.0,0.0
4600,0.0,1892.0,1.5301114320755005,36.99,9.095977783203123,2414.0,0.0,1367.0,0.0,100.0,39.91248321533203,0.0,0.0
4601,0.0,1892.0,1.5301114320755005,36.99,9.095977783203123,2414.0,0.0,1367.0,0.0,100.0,39.91248321533203,0.0,0.0
4602,0.0,1892.0,1.5301114320755005,36.99,9.095977783203123,2414.0,0.0,1367.0,0.0,100.0,39.91248321533203,0.0,0.0
4603,0.0,1892.0,1.5301114320755005,36.99,9.095977783203123,2414.0,0.0,1367.0,0.0,100.0,39.91248321533203,0.0,0.0
4604,0.0,1892.0,1.744325876235962,36.99,9.304126739501951,2416.0,0.0,1367.0,0.0005714723956771,100.0,5.8734002113342285,222.0,0.0
4605,0.0,1892.0,1.744325876235962,36.99,9.304126739501951,2416.0,0.0,1367.0,0.0005714723956771,100.0,5.8734002113342285,222.0,0.0
4606,0.0,1892.0,1.744325876235962,36.99,9.304126739501951,2416.0,0.0,1367.0,0.0005714723956771,100.0,5.8734002113342285,222.0,0.0
4607,0.0,1892.0,1.744325876235962,36.99,9.304126739501951,2416.0,0.0,1367.0,0.0005714723956771,100.0,5.8734002113342285,222.0,0.0
4608,0.0,1892.0,1.744325876235962,36.99,9.304126739501951,2416.0,0.0,1367.0,0.0005714723956771,100.0,5.8734002113342285,222.0,0.0
4609,0.0,1892.0,1.5210065841674805,36.99,9.31370735168457,2422.0,0.0,1367.0,0.0,100.0,5.8734002113342285,0.0,0.0
4610,0.0,1892.0,1.5210065841674805,36.99,9.31370735168457,2422.0,0.0,1367.0,0.0,100.0,5.8734002113342285,0.0,0.0
4611,0.0,1892.0,1.5210065841674805,36.99,9.31370735168457,2422.0,0.0,1367.0,0.0,100.0,5.8734002113342285,0.0,0.0
4612,0.0,1892.0,1.5210065841674805,36.99,9.31370735168457,2422.0,0.0,1367.0,0.0,100.0,5.8734002113342285,0.0,0.0
4613,0.0,1892.0,1.5210065841674805,36.99,9.31370735168457,2422.0,0.0,1367.0,0.0,100.0,5.8734002113342285,0.0,0.0
4614,0.0,1892.0,1.714911699295044,36.99,9.332426071166992,2418.0,0.0,1367.0,0.0015964455669745,100.0,39.98451232910156,111.0,0.0
4615,0.0,1892.0,1.714911699295044,36.99,9.332426071166992,2418.0,0.0,1367.0,0.0015964455669745,100.0,39.98451232910156,111.0,0.0
4616,0.0,1892.0,1.714911699295044,36.99,9.332426071166992,2418.0,0.0,1367.0,0.0015964455669745,100.0,39.98451232910156,111.0,0.0
4617,0.0,1892.0,1.714911699295044,36.99,9.332426071166992,2418.0,0.0,1367.0,0.0015964455669745,100.0,39.98451232910156,111.0,0.0
4618,0.0,1892.0,1.714911699295044,36.99,9.332426071166992,2418.0,0.0,1367.0,0.0015964455669745,100.0,39.98451232910156,111.0,0.0
4619,0.0,1892.0,1.714911699295044,36.99,9.332426071166992,2418.0,0.0,1367.0,0.0015964455669745,100.0,39.98451232910156,111.0,0.0
4620,0.0,1892.0,1.6722180843353271,36.99,9.336100578308104,2421.0,0.0,1367.0,0.0005564744351431,100.0,39.965606689453125,222.0,0.0
4621,0.0,1892.0,1.6722180843353271,36.99,9.336100578308104,2421.0,0.0,1367.0,0.0005564744351431,100.0,39.965606689453125,222.0,0.0
4622,0.0,1892.0,1.6722180843353271,36.99,9.336100578308104,2421.0,0.0,1367.0,0.0005564744351431,100.0,39.965606689453125,222.0,0.0
4623,0.0,1892.0,1.6722180843353271,36.99,9.336100578308104,2421.0,0.0,1367.0,0.0005564744351431,100.0,39.965606689453125,222.0,0.0
4624,0.0,1892.0,1.6722180843353271,36.99,9.336100578308104,2421.0,0.0,1367.0,0.0005564744351431,100.0,39.965606689453125,222.0,0.0
4625,0.0,1892.0,1.6292576789855957,36.99,9.33595371246338,2419.0,0.0,1367.0,0.0001524011458968,100.0,5.8734002113342285,111.0,0.0
4626,0.0,1892.0,1.6292576789855957,36.99,9.33595371246338,2419.0,0.0,1367.0,0.0001524011458968,100.0,5.8734002113342285,111.0,0.0
4627,0.0,1892.0,1.6292576789855957,36.99,9.33595371246338,2419.0,0.0,1367.0,0.0001524011458968,100.0,5.8734002113342285,111.0,0.0
4628,0.0,1892.0,1.6292576789855957,36.99,9.33595371246338,2419.0,0.0,1367.0,0.0001524011458968,100.0,5.8734002113342285,111.0,0.0
4629,0.0,1892.0,1.6292576789855957,36.99,9.33595371246338,2419.0,0.0,1367.0,0.0001524011458968,100.0,5.8734002113342285,111.0,0.0
4630,0.0,1892.0,1.6953108310699463,36.99,9.338142395019531,2420.0,0.0,1367.0,0.0,100.0,39.99607467651367,0.0,0.0
4631,0.0,1892.0,1.6953108310699463,36.99,9.338142395019531,2420.0,0.0,1367.0,0.0,100.0,39.99607467651367,0.0,0.0
4632,0.0,1892.0,1.6953108310699463,36.99,9.338142395019531,2420.0,0.0,1367.0,0.0,100.0,39.99607467651367,0.0,0.0
4633,0.0,1892.0,1.6953108310699463,36.99,9.338142395019531,2420.0,0.0,1367.0,0.0,100.0,39.99607467651367,0.0,0.0
4634,0.0,1892.0,1.6953108310699463,36.99,9.338142395019531,2420.0,0.0,1367.0,0.0,100.0,39.99607467651367,0.0,0.0
4635,0.0,1892.0,1.7915505170822144,36.99,9.347861289978027,2416.0,0.0,1367.0,0.0,100.0,5.8734002113342285,0.0,0.0
4636,0.0,1892.0,1.7915505170822144,36.99,9.347861289978027,2416.0,0.0,1367.0,0.0,100.0,5.8734002113342285,0.0,0.0
4637,0.0,1892.0,1.7915505170822144,36.99,9.347861289978027,2416.0,0.0,1367.0,0.0,100.0,5.8734002113342285,0.0,0.0
4638,0.0,1892.0,1.7915505170822144,36.99,9.347861289978027,2416.0,0.0,1367.0,0.0,100.0,5.8734002113342285,0.0,0.0
4639,0.0,1892.0,1.7915505170822144,36.99,9.347861289978027,2416.0,0.0,1367.0,0.0,100.0,5.8734002113342285,0.0,0.0
4640,0.0,1892.0,1.7915505170822144,36.99,9.347861289978027,2416.0,0.0,1367.0,0.0,100.0,5.8734002113342285,0.0,0.0
4641,0.0,1892.0,1.7508630752563477,36.99,9.347908973693848,2422.0,0.0,1367.0,0.0,100.0,5.8734002113342285,0.0,0.0
4642,0.0,1892.0,1.7508630752563477,36.99,9.347908973693848,2422.0,0.0,1367.0,0.0,100.0,5.8734002113342285,0.0,0.0
4643,0.0,1892.0,1.7508630752563477,36.99,9.347908973693848,2422.0,0.0,1367.0,0.0,100.0,5.8734002113342285,0.0,0.0
4644,0.0,1892.0,1.7508630752563477,36.99,9.347908973693848,2422.0,0.0,1367.0,0.0,100.0,5.8734002113342285,0.0,0.0
4645,0.0,1892.0,1.7508630752563477,36.99,9.347908973693848,2422.0,0.0,1367.0,0.0,100.0,5.8734002113342285,0.0,0.0
4646,0.0,1892.0,1.6795555353164673,36.99,9.345046997070312,2418.0,0.0,1367.0,0.0,100.0,5.8734002113342285,0.0,0.0
4647,0.0,1892.0,1.6795555353164673,36.99,9.345046997070312,2418.0,0.0,1367.0,0.0,100.0,5.8734002113342285,0.0,0.0
4648,0.0,1892.0,1.6795555353164673,36.99,9.345046997070312,2418.0,0.0,1367.0,0.0,100.0,5.8734002113342285,0.0,0.0
4649,0.0,1892.0,1.6795555353164673,36.99,9.345046997070312,2418.0,0.0,1367.0,0.0,100.0,5.8734002113342285,0.0,0.0
4650,0.0,1892.0,1.6795555353164673,36.99,9.345046997070312,2418.0,0.0,1367.0,0.0,100.0,5.8734002113342285,0.0,0.0
4651,0.0,1892.0,1.6427381038665771,36.99,9.342459678649902,2421.0,0.0,1367.0,0.0004454223380889,100.0,5.8734002113342285,163.0,0.0
4652,0.0,1892.0,1.6427381038665771,36.99,9.342459678649902,2421.0,0.0,1367.0,0.0004454223380889,100.0,5.8734002113342285,163.0,0.0
4653,0.0,1892.0,1.6427381038665771,36.99,9.342459678649902,2421.0,0.0,1367.0,0.0004454223380889,100.0,5.8734002113342285,163.0,0.0
4654,0.0,1892.0,1.6427381038665771,36.99,9.342459678649902,2421.0,0.0,1367.0,0.0004454223380889,100.0,5.8734002113342285,163.0,0.0
4655,0.0,1892.0,1.6427381038665771,36.99,9.342459678649902,2421.0,0.0,1367.0,0.0004454223380889,100.0,5.8734002113342285,163.0,0.0
4656,0.0,1892.0,1.6541662216186523,36.99,9.341829299926758,2420.0,0.0,1367.0,0.0,100.0,39.953887939453125,0.0,0.0
4657,0.0,1892.0,1.6541662216186523,36.99,9.341829299926758,2420.0,0.0,1367.0,0.0,100.0,39.953887939453125,0.0,0.0
4658,0.0,1892.0,1.6541662216186523,36.99,9.341829299926758,2420.0,0.0,1367.0,0.0,100.0,39.953887939453125,0.0,0.0
4659,0.0,1892.0,1.6541662216186523,36.99,9.341829299926758,2420.0,0.0,1367.0,0.0,100.0,39.953887939453125,0.0,0.0
4660,0.0,1892.0,1.6541662216186523,36.99,9.341829299926758,2420.0,0.0,1367.0,0.0,100.0,39.953887939453125,0.0,0.0
4661,0.0,1892.0,1.6714788675308228,36.99,9.346816062927246,2418.0,0.0,1367.0,0.0,100.0,5.8734002113342285,0.0,0.0
4662,0.0,1892.0,1.6714788675308228,36.99,9.346816062927246,2418.0,0.0,1367.0,0.0,100.0,5.8734002113342285,0.0,0.0
4663,0.0,1892.0,1.6714788675308228,36.99,9.346816062927246,2418.0,0.0,1367.0,0.0,100.0,5.8734002113342285,0.0,0.0
4664,0.0,1892.0,1.6714788675308228,36.99,9.346816062927246,2418.0,0.0,1367.0,0.0,100.0,5.8734002113342285,0.0,0.0
4665,0.0,1892.0,1.6714788675308228,36.99,9.346816062927246,2418.0,0.0,1367.0,0.0,100.0,5.8734002113342285,0.0,0.0
4666,0.0,1892.0,1.7866923809051514,36.99,9.341876983642578,2421.0,0.0,1367.0,0.0,100.0,5.8734002113342285,0.0,0.0
4667,0.0,1892.0,1.7866923809051514,36.99,9.341876983642578,2421.0,0.0,1367.0,0.0,100.0,5.8734002113342285,0.0,0.0
4668,0.0,1892.0,1.7866923809051514,36.99,9.341876983642578,2421.0,0.0,1367.0,0.0,100.0,5.8734002113342285,0.0,0.0
4669,0.0,1892.0,1.7866923809051514,36.99,9.341876983642578,2421.0,0.0,1367.0,0.0,100.0,5.8734002113342285,0.0,0.0
4670,0.0,1892.0,1.7866923809051514,36.99,9.341876983642578,2421.0,0.0,1367.0,0.0,100.0,5.8734002113342285,0.0,0.0
4671,0.0,1892.0,1.699211597442627,36.99,9.352361679077148,2421.0,0.0,1367.0,0.0001633399660931,100.0,5.8734002113342285,111.0,0.0
4672,0.0,1892.0,1.699211597442627,36.99,9.352361679077148,2421.0,0.0,1367.0,0.0001633399660931,100.0,5.8734002113342285,111.0,0.0
4673,0.0,1892.0,1.699211597442627,36.99,9.352361679077148,2421.0,0.0,1367.0,0.0001633399660931,100.0,5.8734002113342285,111.0,0.0
4674,0.0,1892.0,1.699211597442627,36.99,9.352361679077148,2421.0,0.0,1367.0,0.0001633399660931,100.0,5.8734002113342285,111.0,0.0
4675,0.0,1892.0,1.699211597442627,36.99,9.352361679077148,2421.0,0.0,1367.0,0.0001633399660931,100.0,5.8734002113342285,111.0,0.0
4676,0.0,1892.0,1.699211597442627,36.99,9.352361679077148,2421.0,0.0,1367.0,0.0001633399660931,100.0,5.8734002113342285,111.0,0.0
4677,0.0,1892.0,1.7410268783569336,36.99,9.350561141967772,2420.0,0.0,1367.0,0.0,100.0,39.86951446533203,0.0,0.0
4678,0.0,1892.0,1.7410268783569336,36.99,9.350561141967772,2420.0,0.0,1367.0,0.0,100.0,39.86951446533203,0.0,0.0
4679,0.0,1892.0,1.7410268783569336,36.99,9.350561141967772,2420.0,0.0,1367.0,0.0,100.0,39.86951446533203,0.0,0.0
4680,0.0,1892.0,1.7410268783569336,36.99,9.350561141967772,2420.0,0.0,1367.0,0.0,100.0,39.86951446533203,0.0,0.0
4681,0.0,1892.0,1.7410268783569336,36.99,9.350561141967772,2420.0,0.0,1367.0,0.0,100.0,39.86951446533203,0.0,0.0
4682,0.0,1892.0,1.711469650268555,36.99,9.353135108947754,2412.0,0.0,1367.0,0.0,100.0,5.8734002113342285,0.0,0.0
4683,0.0,1892.0,1.711469650268555,36.99,9.353135108947754,2412.0,0.0,1367.0,0.0,100.0,5.8734002113342285,0.0,0.0
4684,0.0,1892.0,1.711469650268555,36.99,9.353135108947754,2412.0,0.0,1367.0,0.0,100.0,5.8734002113342285,0.0,0.0
4685,0.0,1892.0,1.711469650268555,36.99,9.353135108947754,2412.0,0.0,1367.0,0.0,100.0,5.8734002113342285,0.0,0.0
4686,0.0,1892.0,1.711469650268555,36.99,9.353135108947754,2412.0,0.0,1367.0,0.0,100.0,5.8734002113342285,0.0,0.0
4687,0.0019230770412832,1892.0,1.8766576051712036,36.99,9.353432655334473,2417.0,0.0,1367.0,0.0005583481397479,100.0,40.04841995239258,111.0,0.0
4688,0.0019230770412832,1892.0,1.8766576051712036,36.99,9.353432655334473,2417.0,0.0,1367.0,0.0005583481397479,100.0,40.04841995239258,111.0,0.0
4689,0.0019230770412832,1892.0,1.8766576051712036,36.99,9.353432655334473,2417.0,0.0,1367.0,0.0005583481397479,100.0,40.04841995239258,111.0,0.0
4690,0.0019230770412832,1892.0,1.8766576051712036,36.99,9.353432655334473,2417.0,0.0,1367.0,0.0005583481397479,100.0,40.04841995239258,111.0,0.0
4691,0.0019230770412832,1892.0,1.8766576051712036,36.99,9.353432655334473,2417.0,0.0,1367.0,0.0005583481397479,100.0,40.04841995239258,111.0,0.0
4692,0.0,1892.0,1.4637770652770996,36.99,9.102733612060549,2417.0,0.0,1367.0,0.0,100.0,5.8734002113342285,0.0,0.0
4693,0.0,1892.0,1.4637770652770996,36.99,9.102733612060549,2417.0,0.0,1367.0,0.0,100.0,5.8734002113342285,0.0,0.0
4694,0.0,1892.0,1.4637770652770996,36.99,9.102733612060549,2417.0,0.0,1367.0,0.0,100.0,5.8734002113342285,0.0,0.0
4695,0.0,1892.0,1.4637770652770996,36.99,9.102733612060549,2417.0,0.0,1367.0,0.0,100.0,5.8734002113342285,0.0,0.0
4696,0.0,1892.0,1.4637770652770996,36.99,9.102733612060549,2417.0,0.0,1367.0,0.0,100.0,5.8734002113342285,0.0,0.0
4697,0.0,1892.0,1.7363286018371582,36.99,9.343147277832031,2419.0,0.0,1367.0,0.0002122078440152,100.0,40.141387939453125,111.0,0.0
4698,0.0,1892.0,1.7363286018371582,36.99,9.343147277832031,2419.0,0.0,1367.0,0.0002122078440152,100.0,40.141387939453125,111.0,0.0
4699,0.0,1892.0,1.7363286018371582,36.99,9.343147277832031,2419.0,0.0,1367.0,0.0002122078440152,100.0,40.141387939453125,111.0,0.0
4700,0.0,1892.0,1.7363286018371582,36.99,9.343147277832031,2419.0,0.0,1367.0,0.0002122078440152,100.0,40.141387939453125,111.0,0.0
4701,0.0,1892.0,1.7363286018371582,36.99,9.343147277832031,2419.0,0.0,1367.0,0.0002122078440152,100.0,40.141387939453125,111.0,0.0
4702,0.0,1892.0,1.7363286018371582,36.99,9.343147277832031,2419.0,0.0,1367.0,0.0002122078440152,100.0,40.141387939453125,111.0,0.0
4703,0.0,1892.0,1.6915197372436523,36.99,9.352519035339355,2414.0,0.0,1367.0,0.0,100.0,5.8734002113342285,0.0,0.0
4704,0.0,1892.0,1.6915197372436523,36.99,9.352519035339355,2414.0,0.0,1367.0,0.0,100.0,5.8734002113342285,0.0,0.0
4705,0.0,1892.0,1.6915197372436523,36.99,9.352519035339355,2414.0,0.0,1367.0,0.0,100.0,5.8734002113342285,0.0,0.0
4706,0.0,1892.0,1.6915197372436523,36.99,9.352519035339355,2414.0,0.0,1367.0,0.0,100.0,5.8734002113342285,0.0,0.0
4707,0.0,1892.0,1.6915197372436523,36.99,9.352519035339355,2414.0,0.0,1367.0,0.0,100.0,5.8734002113342285,0.0,0.0
4708,0.0,1892.0,1.691769242286682,36.99,9.34571361541748,2421.0,0.0,1367.0,0.0,100.0,5.8734002113342285,0.0,0.0
4709,0.0,1892.0,1.691769242286682,36.99,9.34571361541748,2421.0,0.0,1367.0,0.0,100.0,5.8734002113342285,0.0,0.0
4710,0.0,1892.0,1.691769242286682,36.99,9.34571361541748,2421.0,0.0,1367.0,0.0,100.0,5.8734002113342285,0.0,0.0
4711,0.0,1892.0,1.691769242286682,36.99,9.34571361541748,2421.0,0.0,1367.0,0.0,100.0,5.8734002113342285,0.0,0.0
4712,0.0,1892.0,1.691769242286682,36.99,9.34571361541748,2421.0,0.0,1367.0,0.0,100.0,5.8734002113342285,0.0,0.0
4713,0.0,1892.0,1.876514911651611,36.99,9.345690727233888,2413.0,0.0,1367.0,0.0,100.0,5.8734002113342285,0.0,0.0
4714,0.0,1892.0,1.876514911651611,36.99,9.345690727233888,2413.0,0.0,1367.0,0.0,100.0,5.8734002113342285,0.0,0.0
4715,0.0,1892.0,1.876514911651611,36.99,9.345690727233888,2413.0,0.0,1367.0,0.0,100.0,5.8734002113342285,0.0,0.0
4716,0.0,1892.0,1.876514911651611,36.99,9.345690727233888,2413.0,0.0,1367.0,0.0,100.0,5.8734002113342285,0.0,0.0
4717,0.0,1892.0,1.876514911651611,36.99,9.345690727233888,2413.0,0.0,1367.0,0.0,100.0,5.8734002113342285,0.0,0.0
4718,0.0,1892.0,1.7352713346481323,36.99,9.367460250854492,2420.0,0.0,1367.0,0.0,100.0,5.8734002113342285,0.0,0.0
4719,0.0,1892.0,1.7352713346481323,36.99,9.367460250854492,2420.0,0.0,1367.0,0.0,100.0,5.8734002113342285,0.0,0.0
4720,0.0,1892.0,1.7352713346481323,36.99,9.367460250854492,2420.0,0.0,1367.0,0.0,100.0,5.8734002113342285,0.0,0.0
4721,0.0,1892.0,1.7352713346481323,36.99,9.367460250854492,2420.0,0.0,1367.0,0.0,100.0,5.8734002113342285,0.0,0.0
4722,0.0,1892.0,1.7352713346481323,36.99,9.367460250854492,2420.0,0.0,1367.0,0.0,100.0,5.8734002113342285,0.0,0.0
4723,0.0,1892.0,1.746175765991211,36.99,9.34919548034668,2420.0,0.0,1367.0,0.0002873555058613,100.0,5.8734002113342285,111.0,0.0
4724,0.0,1892.0,1.746175765991211,36.99,9.34919548034668,2420.0,0.0,1367.0,0.0002873555058613,100.0,5.8734002113342285,111.0,0.0
4725,0.0,1892.0,1.746175765991211,36.99,9.34919548034668,2420.0,0.0,1367.0,0.0002873555058613,100.0,5.8734002113342285,111.0,0.0
4726,0.0,1892.0,1.746175765991211,36.99,9.34919548034668,2420.0,0.0,1367.0,0.0002873555058613,100.0,5.8734002113342285,111.0,0.0
4727,0.0,1892.0,1.746175765991211,36.99,9.34919548034668,2420.0,0.0,1367.0,0.0002873555058613,100.0,5.8734002113342285,111.0,0.0
4728,0.0,1892.0,1.87813937664032,36.99,9.36660861968994,2421.0,0.0,1367.0,0.0,100.0,40.05857467651367,0.0,0.0
4729,0.0,1892.0,1.87813937664032,36.99,9.36660861968994,2421.0,0.0,1367.0,0.0,100.0,40.05857467651367,0.0,0.0
4730,0.0,1892.0,1.87813937664032,36.99,9.36660861968994,2421.0,0.0,1367.0,0.0,100.0,40.05857467651367,0.0,0.0
4731,0.0,1892.0,1.87813937664032,36.99,9.36660861968994,2421.0,0.0,1367.0,0.0,100.0,40.05857467651367,0.0,0.0
4732,0.0,1892.0,1.87813937664032,36.99,9.36660861968994,2421.0,0.0,1367.0,0.0,100.0,40.05857467651367,0.0,0.0
4733,0.0,1892.0,1.87813937664032,36.99,9.36660861968994,2421.0,0.0,1367.0,0.0,100.0,40.05857467651367,0.0,0.0
4734,0.0,1892.0,1.8227773904800415,36.99,9.373590469360352,2419.0,0.0,1367.0,0.0,100.0,5.8734002113342285,0.0,0.0
4735,0.0,1892.0,1.8227773904800415,36.99,9.373590469360352,2419.0,0.0,1367.0,0.0,100.0,5.8734002113342285,0.0,0.0
4736,0.0,1892.0,1.8227773904800415,36.99,9.373590469360352,2419.0,0.0,1367.0,0.0,100.0,5.8734002113342285,0.0,0.0
4737,0.0,1892.0,1.8227773904800415,36.99,9.373590469360352,2419.0,0.0,1367.0,0.0,100.0,5.8734002113342285,0.0,0.0
4738,0.0,1892.0,1.8227773904800415,36.99,9.373590469360352,2419.0,0.0,1367.0,0.0,100.0,5.8734002113342285,0.0,0.0
4739,0.0,1892.0,2.0763943195343018,36.99,9.365277290344238,2422.0,0.0,1367.0,0.0,100.0,5.8734002113342285,0.0,0.0
4740,0.0,1892.0,2.0763943195343018,36.99,9.365277290344238,2422.0,0.0,1367.0,0.0,100.0,5.8734002113342285,0.0,0.0
4741,0.0,1892.0,2.0763943195343018,36.99,9.365277290344238,2422.0,0.0,1367.0,0.0,100.0,5.8734002113342285,0.0,0.0
4742,0.0,1892.0,2.0763943195343018,36.99,9.365277290344238,2422.0,0.0,1367.0,0.0,100.0,5.8734002113342285,0.0,0.0
4743,0.0,1892.0,2.0763943195343018,36.99,9.365277290344238,2422.0,0.0,1367.0,0.0,100.0,5.8734002113342285,0.0,0.0
4744,0.0,1892.0,1.7304452657699585,36.99,9.385793685913086,2418.0,0.0,1367.0,0.0,100.0,5.8734002113342285,0.0,0.0
4745,0.0,1892.0,1.7304452657699585,36.99,9.385793685913086,2418.0,0.0,1367.0,0.0,100.0,5.8734002113342285,0.0,0.0
4746,0.0,1892.0,1.7304452657699585,36.99,9.385793685913086,2418.0,0.0,1367.0,0.0,100.0,5.8734002113342285,0.0,0.0
4747,0.0,1892.0,1.7304452657699585,36.99,9.385793685913086,2418.0,0.0,1367.0,0.0,100.0,5.8734002113342285,0.0,0.0
4748,0.0,1892.0,1.7304452657699585,36.99,9.385793685913086,2418.0,0.0,1367.0,0.0,100.0,5.8734002113342285,0.0,0.0
4749,0.0,1892.0,1.706606149673462,36.99,9.36373233795166,2421.0,0.0,1367.0,0.0004313407116569,100.0,5.8734002113342285,167.0,0.0
4750,0.0,1892.0,1.706606149673462,36.99,9.36373233795166,2421.0,0.0,1367.0,0.0004313407116569,100.0,5.8734002113342285,167.0,0.0
4751,0.0,1892.0,1.706606149673462,36.99,9.36373233795166,2421.0,0.0,1367.0,0.0004313407116569,100.0,5.8734002113342285,167.0,0.0
4752,0.0,1892.0,1.706606149673462,36.99,9.36373233795166,2421.0,0.0,1367.0,0.0004313407116569,100.0,5.8734002113342285,167.0,0.0
4753,0.0,1892.0,1.706606149673462,36.99,9.36373233795166,2421.0,0.0,1367.0,0.0004313407116569,100.0,5.8734002113342285,167.0,0.0
4754,0.0,1892.0,1.706606149673462,36.99,9.36373233795166,2421.0,0.0,1367.0,0.0004313407116569,100.0,5.8734002113342285,167.0,0.0
4755,0.0,1892.0,1.710660099983215,36.99,9.358607292175291,2417.0,0.0,1367.0,0.0,100.0,40.26951217651367,0.0,0.0
4756,0.0,1892.0,1.710660099983215,36.99,9.358607292175291,2417.0,0.0,1367.0,0.0,100.0,40.26951217651367,0.0,0.0
4757,0.0,1892.0,1.710660099983215,36.99,9.358607292175291,2417.0,0.0,1367.0,0.0,100.0,40.26951217651367,0.0,0.0
4758,0.0,1892.0,1.710660099983215,36.99,9.358607292175291,2417.0,0.0,1367.0,0.0,100.0,40.26951217651367,0.0,0.0
4759,0.0,1892.0,1.710660099983215,36.99,9.358607292175291,2417.0,0.0,1367.0,0.0,100.0,40.26951217651367,0.0,0.0
4760,0.0,1892.0,1.6627410650253296,36.99,9.125271797180176,2422.0,0.0,1367.0,0.0,100.0,5.8734002113342285,0.0,0.0
4761,0.0,1892.0,1.6627410650253296,36.99,9.125271797180176,2422.0,0.0,1367.0,0.0,100.0,5.8734002113342285,0.0,0.0
4762,0.0,1892.0,1.6627410650253296,36.99,9.125271797180176,2422.0,0.0,1367.0,0.0,100.0,5.8734002113342285,0.0,0.0
4763,0.0,1892.0,1.6627410650253296,36.99,9.125271797180176,2422.0,0.0,1367.0,0.0,100.0,5.8734002113342285,0.0,0.0
4764,0.0,1892.0,1.6627410650253296,36.99,9.125271797180176,2422.0,0.0,1367.0,0.0,100.0,5.8734002113342285,0.0,0.0
4765,0.0,1892.0,1.7479362487792969,36.99,9.357182502746582,2417.0,0.0,1367.0,0.0,100.0,5.8734002113342285,0.0,0.0
4766,0.0,1892.0,1.7479362487792969,36.99,9.357182502746582,2417.0,0.0,1367.0,0.0,100.0,5.8734002113342285,0.0,0.0
4767,0.0,1892.0,1.7479362487792969,36.99,9.357182502746582,2417.0,0.0,1367.0,0.0,100.0,5.8734002113342285,0.0,0.0
4768,0.0,1892.0,1.7479362487792969,36.99,9.357182502746582,2417.0,0.0,1367.0,0.0,100.0,5.8734002113342285,0.0,0.0
4769,0.0,1892.0,1.7479362487792969,36.99,9.357182502746582,2417.0,0.0,1367.0,0.0,100.0,5.8734002113342285,0.0,0.0
4770,0.0,1892.0,1.7003796100616455,36.99,9.362248420715332,2421.0,0.0,1367.0,0.0,100.0,5.8734002113342285,0.0,0.0
4771,0.0,1892.0,1.7003796100616455,36.99,9.362248420715332,2421.0,0.0,1367.0,0.0,100.0,5.8734002113342285,0.0,0.0
4772,0.0,1892.0,1.7003796100616455,36.99,9.362248420715332,2421.0,0.0,1367.0,0.0,100.0,5.8734002113342285,0.0,0.0
4773,0.0,1892.0,1.7003796100616455,36.99,9.362248420715332,2421.0,0.0,1367.0,0.0,100.0,5.8734002113342285,0.0,0.0
4774,0.0,1892.0,1.7003796100616455,36.99,9.362248420715332,2421.0,0.0,1367.0,0.0,100.0,5.8734002113342285,0.0,0.0
4775,0.0,1892.0,1.6858406066894531,36.99,9.354111671447754,2423.0,0.0,1367.0,0.0001848650135798,100.0,40.24919891357422,111.0,0.0
4776,0.0,1892.0,1.6858406066894531,36.99,9.354111671447754,2423.0,0.0,1367.0,0.0001848650135798,100.0,40.24919891357422,111.0,0.0
4777,0.0,1892.0,1.6858406066894531,36.99,9.354111671447754,2423.0,0.0,1367.0,0.0001848650135798,100.0,40.24919891357422,111.0,0.0
4778,0.0,1892.0,1.6858406066894531,36.99,9.354111671447754,2423.0,0.0,1367.0,0.0001848650135798,100.0,40.24919891357422,111.0,0.0
4779,0.0,1892.0,1.6858406066894531,36.99,9.354111671447754,2423.0,0.0,1367.0,0.0001848650135798,100.0,40.24919891357422,111.0,0.0
4780,0.0,1892.0,1.5597071647644043,36.99,9.341300964355469,2421.0,0.0,1367.0,0.0,100.0,5.8734002113342285,0.0,0.0
4781,0.0,1892.0,1.5597071647644043,36.99,9.341300964355469,2421.0,0.0,1367.0,0.0,100.0,5.8734002113342285,0.0,0.0
4782,0.0,1892.0,1.5597071647644043,36.99,9.341300964355469,2421.0,0.0,1367.0,0.0,100.0,5.8734002113342285,0.0,0.0
4783,0.0,1892.0,1.5597071647644043,36.99,9.341300964355469,2421.0,0.0,1367.0,0.0,100.0,5.8734002113342285,0.0,0.0
4784,0.0,1892.0,1.5597071647644043,36.99,9.341300964355469,2421.0,0.0,1367.0,0.0,100.0,5.8734002113342285,0.0,0.0
4785,0.0,1892.0,0.4207040071487427,36.99,9.2579345703125,1846.0,0.0,1367.0,0.0,100.0,5.8734002113342285,0.0,0.0
4786,0.0,1892.0,0.4207040071487427,36.99,9.2579345703125,1846.0,0.0,1367.0,0.0,100.0,5.8734002113342285,0.0,0.0
4787,0.0,1892.0,0.4207040071487427,36.99,9.2579345703125,1846.0,0.0,1367.0,0.0,100.0,5.8734002113342285,0.0,0.0
4788,0.0,1892.0,0.4207040071487427,36.99,9.2579345703125,1846.0,0.0,1367.0,0.0,100.0,5.8734002113342285,0.0,0.0
4789,0.0,1892.0,0.4207040071487427,36.99,9.2579345703125,1846.0,0.0,1367.0,0.0,100.0,5.8734002113342285,0.0,0.0
4790,0.0,1892.0,0.4207040071487427,36.99,9.2579345703125,1846.0,0.0,1367.0,0.0,100.0,5.8734002113342285,0.0,0.0
4791,0.0,1892.0,0.1550728976726532,36.99,9.145881652832031,1362.0,0.0,1367.0,0.0,100.0,5.8734002113342285,0.0,0.0
4792,0.0,1892.0,0.1550728976726532,36.99,9.145881652832031,1362.0,0.0,1367.0,0.0,100.0,5.8734002113342285,0.0,0.0
4793,0.0,1892.0,0.1550728976726532,36.99,9.145881652832031,1362.0,0.0,1367.0,0.0,100.0,5.8734002113342285,0.0,0.0
4794,0.0,1892.0,0.1550728976726532,36.99,9.145881652832031,1362.0,0.0,1367.0,0.0,100.0,5.8734002113342285,0.0,0.0
4795,0.0,1892.0,0.1550728976726532,36.99,9.145881652832031,1362.0,0.0,1367.0,0.0,100.0,5.8734002113342285,0.0,0.0
4796,0.0,1892.0,0.2531691193580627,36.99,9.138068199157717,1510.0,0.0,1367.0,0.0002708258980419,100.0,40.08201217651367,111.0,0.0
4797,0.0,1892.0,0.2531691193580627,36.99,9.138068199157717,1510.0,0.0,1367.0,0.0002708258980419,100.0,40.08201217651367,111.0,0.0
4798,0.0,1892.0,0.2531691193580627,36.99,9.138068199157717,1510.0,0.0,1367.0,0.0002708258980419,100.0,40.08201217651367,111.0,0.0
4799,0.0,1892.0,0.2531691193580627,36.99,9.138068199157717,1510.0,0.0,1367.0,0.0002708258980419,100.0,40.08201217651367,111.0,0.0
4800,0.0,1892.0,0.2531691193580627,36.99,9.138068199157717,1510.0,0.0,1367.0,0.0002708258980419,100.0,40.08201217651367,111.0,0.0
4801,0.0,1892.0,0.1302956640720367,36.99,9.129591941833496,1296.0,0.0,1367.0,0.0,100.0,5.8734002113342285,0.0,0.0
4802,0.0,1892.0,0.1302956640720367,36.99,9.129591941833496,1296.0,0.0,1367.0,0.0,100.0,5.8734002113342285,0.0,0.0
4803,0.0,1892.0,0.1302956640720367,36.99,9.129591941833496,1296.0,0.0,1367.0,0.0,100.0,5.8734002113342285,0.0,0.0
4804,0.0,1892.0,0.1302956640720367,36.99,9.129591941833496,1296.0,0.0,1367.0,0.0,100.0,5.8734002113342285,0.0,0.0
4805,0.0,1892.0,0.1302956640720367,36.99,9.129591941833496,1296.0,0.0,1367.0,0.0,100.0,5.8734002113342285,0.0,0.0
4806,0.0,1892.0,0.0833722576498985,36.99,9.102112770080566,1167.0,0.0,1367.0,0.0,100.0,5.8734002113342285,0.0,0.0
4807,0.0,1892.0,0.0833722576498985,36.99,9.102112770080566,1167.0,0.0,1367.0,0.0,100.0,5.8734002113342285,0.0,0.0
4808,0.0,1892.0,0.0833722576498985,36.99,9.102112770080566,1167.0,0.0,1367.0,0.0,100.0,5.8734002113342285,0.0,0.0
4809,0.0,1892.0,0.0833722576498985,36.99,9.102112770080566,1167.0,0.0,1367.0,0.0,100.0,5.8734002113342285,0.0,0.0
4810,0.0,1892.0,0.0833722576498985,36.99,9.102112770080566,1167.0,0.0,1367.0,0.0,100.0,5.8734002113342285,0.0,0.0
4811,0.0,1892.0,0.1328478157520294,36.99,9.103240966796877,1309.0,0.0,1367.0,0.0,100.0,5.8734002113342285,0.0,0.0
4812,0.0,1892.0,0.1328478157520294,36.99,9.103240966796877,1309.0,0.0,1367.0,0.0,100.0,5.8734002113342285,0.0,0.0
4813,0.0,1892.0,0.1328478157520294,36.99,9.103240966796877,1309.0,0.0,1367.0,0.0,100.0,5.8734002113342285,0.0,0.0
4814,0.0,1892.0,0.1328478157520294,36.99,9.103240966796877,1309.0,0.0,1367.0,0.0,100.0,5.8734002113342285,0.0,0.0
4815,0.0,1892.0,0.1328478157520294,36.99,9.103240966796877,1309.0,0.0,1367.0,0.0,100.0,5.8734002113342285,0.0,0.0
4816,0.0,1892.0,0.1328478157520294,36.99,9.103240966796877,1309.0,0.0,1367.0,0.0,100.0,5.8734002113342285,0.0,0.0
4817,0.0,1892.0,0.1095985770225524,36.99,9.097319602966309,1276.0,0.0,1367.0,0.0,100.0,5.8734002113342285,0.0,0.0
4818,0.0,1892.0,0.1095985770225524,36.99,9.097319602966309,1276.0,0.0,1367.0,0.0,100.0,5.8734002113342285,0.0,0.0
4819,0.0,1892.0,0.1095985770225524,36.99,9.097319602966309,1276.0,0.0,1367.0,0.0,100.0,5.8734002113342285,0.0,0.0
4820,0.0,1892.0,0.1095985770225524,36.99,9.097319602966309,1276.0,0.0,1367.0,0.0,100.0,5.8734002113342285,0.0,0.0
4821,0.0,1892.0,0.1095985770225524,36.99,9.097319602966309,1276.0,0.0,1367.0,0.0,100.0,5.8734002113342285,0.0,0.0
4822,0.0,1892.0,0.0984972268342971,36.99,9.094514846801758,1164.0,0.0,1367.0,0.0002753809385467,100.0,39.891387939453125,111.0,0.0
4823,0.0,1892.0,0.0984972268342971,36.99,9.094514846801758,1164.0,0.0,1367.0,0.0002753809385467,100.0,39.891387939453125,111.0,0.0
4824,0.0,1892.0,0.0984972268342971,36.99,9.094514846801758,1164.0,0.0,1367.0,0.0002753809385467,100.0,39.891387939453125,111.0,0.0
4825,0.0,1892.0,0.0984972268342971,36.99,9.094514846801758,1164.0,0.0,1367.0,0.0002753809385467,100.0,39.891387939453125,111.0,0.0
4826,0.0,1892.0,0.0984972268342971,36.99,9.094514846801758,1164.0,0.0,1367.0,0.0002753809385467,100.0,39.891387939453125,111.0,0.0
4827,0.0,1892.0,0.1731607466936111,36.99,9.092191696166992,1321.0,0.0,1367.0,0.0,100.0,5.8734002113342285,0.0,0.0
4828,0.0,1892.0,0.1731607466936111,36.99,9.092191696166992,1321.0,0.0,1367.0,0.0,100.0,5.8734002113342285,0.0,0.0
4829,0.0,1892.0,0.1731607466936111,36.99,9.092191696166992,1321.0,0.0,1367.0,0.0,100.0,5.8734002113342285,0.0,0.0
4830,0.0,1892.0,0.1731607466936111,36.99,9.092191696166992,1321.0,0.0,1367.0,0.0,100.0,5.8734002113342285,0.0,0.0
4831,0.0,1892.0,0.1731607466936111,36.99,9.092191696166992,1321.0,0.0,1367.0,0.0,100.0,5.8734002113342285,0.0,0.0
4832,0.0,1892.0,0.1661945879459381,36.99,9.1022367477417,1366.0,0.0,1367.0,0.0,100.0,5.8734002113342285,0.0,0.0
4833,0.0,1892.0,0.1661945879459381,36.99,9.1022367477417,1366.0,0.0,1367.0,0.0,100.0,5.8734002113342285,0.0,0.0
4834,0.0,1892.0,0.1661945879459381,36.99,9.1022367477417,1366.0,0.0,1367.0,0.0,100.0,5.8734002113342285,0.0,0.0
4835,0.0,1892.0,0.1661945879459381,36.99,9.1022367477417,1366.0,0.0,1367.0,0.0,100.0,5.8734002113342285,0.0,0.0
4836,0.0,1892.0,0.1661945879459381,36.99,9.1022367477417,1366.0,0.0,1367.0,0.0,100.0,5.8734002113342285,0.0,0.0
4837,0.0,1892.0,0.159933716058731,36.99,9.09076690673828,1349.0,0.0,1367.0,0.0,100.0,5.8734002113342285,0.0,0.0
4838,0.0,1892.0,0.159933716058731,36.99,9.09076690673828,1349.0,0.0,1367.0,0.0,100.0,5.8734002113342285,0.0,0.0
4839,0.0,1892.0,0.159933716058731,36.99,9.09076690673828,1349.0,0.0,1367.0,0.0,100.0,5.8734002113342285,0.0,0.0
4840,0.0,1892.0,0.159933716058731,36.99,9.09076690673828,1349.0,0.0,1367.0,0.0,100.0,5.8734002113342285,0.0,0.0
4841,0.0,1892.0,0.159933716058731,36.99,9.09076690673828,1349.0,0.0,1367.0,0.0,100.0,5.8734002113342285,0.0,0.0
4842,0.0,1892.0,0.159933716058731,36.99,9.09076690673828,1349.0,0.0,1367.0,0.0,100.0,5.8734002113342285,0.0,0.0
4843,0.0,1892.0,0.1409295201301574,36.99,9.086118698120115,1267.0,0.0,1367.0,0.0002904372522607,100.0,39.63826370239258,111.0,0.0
4844,0.0,1892.0,0.1409295201301574,36.99,9.086118698120115,1267.0,0.0,1367.0,0.0002904372522607,100.0,39.63826370239258,111.0,0.0
4845,0.0,1892.0,0.1409295201301574,36.99,9.086118698120115,1267.0,0.0,1367.0,0.0002904372522607,100.0,39.63826370239258,111.0,0.0
4846,0.0,1892.0,0.1409295201301574,36.99,9.086118698120115,1267.0,0.0,1367.0,0.0002904372522607,100.0,39.63826370239258,111.0,0.0
4847,0.0,1892.0,0.1409295201301574,36.99,9.086118698120115,1267.0,0.0,1367.0,0.0002904372522607,100.0,39.63826370239258,111.0,0.0
4848,0.0,1892.0,0.2764070332050323,36.99,9.099294662475586,1428.0,0.0,1367.0,0.0,100.0,5.8734002113342285,0.0,0.0
4849,0.0,1892.0,0.2764070332050323,36.99,9.099294662475586,1428.0,0.0,1367.0,0.0,100.0,5.8734002113342285,0.0,0.0
4850,0.0,1892.0,0.2764070332050323,36.99,9.099294662475586,1428.0,0.0,1367.0,0.0,100.0,5.8734002113342285,0.0,0.0
4851,0.0,1892.0,0.2764070332050323,36.99,9.099294662475586,1428.0,0.0,1367.0,0.0,100.0,5.8734002113342285,0.0,0.0
4852,0.0,1892.0,0.2764070332050323,36.99,9.099294662475586,1428.0,0.0,1367.0,0.0,100.0,5.8734002113342285,0.0,0.0
4853,0.0,1892.0,0.1984567940235138,36.99,9.093403816223145,1443.0,0.0,1367.0,0.0,100.0,5.8734002113342285,0.0,0.0
4854,0.0,1892.0,0.1984567940235138,36.99,9.093403816223145,1443.0,0.0,1367.0,0.0,100.0,5.8734002113342285,0.0,0.0
4855,0.0,1892.0,0.1984567940235138,36.99,9.093403816223145,1443.0,0.0,1367.0,0.0,100.0,5.8734002113342285,0.0,0.0
4856,0.0,1892.0,0.1984567940235138,36.99,9.093403816223145,1443.0,0.0,1367.0,0.0,100.0,5.8734002113342285,0.0,0.0
4857,0.0,1892.0,0.1984567940235138,36.99,9.093403816223145,1443.0,0.0,1367.0,0.0,100.0,5.8734002113342285,0.0,0.0
4858,0.0,1892.0,0.1461111456155777,36.99,15.035171508789062,1324.0,0.0,1367.0,0.0,100.0,5.8734002113342285,0.0,0.0
4859,0.0,1892.0,0.1461111456155777,36.99,15.035171508789062,1324.0,0.0,1367.0,0.0,100.0,5.8734002113342285,0.0,0.0
4860,0.0,1892.0,0.1461111456155777,36.99,15.035171508789062,1324.0,0.0,1367.0,0.0,100.0,5.8734002113342285,0.0,0.0
4861,0.0,1892.0,0.1461111456155777,36.99,15.035171508789062,1324.0,0.0,1367.0,0.0,100.0,5.8734002113342285,0.0,0.0
4862,0.0,1892.0,0.1461111456155777,36.99,15.035171508789062,1324.0,0.0,1367.0,0.0,100.0,5.8734002113342285,0.0,0.0
4863,0.0,1892.0,0.5226066708564758,36.99,9.09376049041748,1620.0,0.0,1367.0,0.0,100.0,5.8734002113342285,0.0,0.0
4864,0.0,1892.0,0.5226066708564758,36.99,9.09376049041748,1620.0,0.0,1367.0,0.0,100.0,5.8734002113342285,0.0,0.0
4865,0.0,1892.0,0.5226066708564758,36.99,9.09376049041748,1620.0,0.0,1367.0,0.0,100.0,5.8734002113342285,0.0,0.0
4866,0.0,1892.0,0.5226066708564758,36.99,9.09376049041748,1620.0,0.0,1367.0,0.0,100.0,5.8734002113342285,0.0,0.0
4867,0.0,1892.0,0.5226066708564758,36.99,9.09376049041748,1620.0,0.0,1367.0,0.0,100.0,5.8734002113342285,0.0,0.0
4868,0.0,1892.0,1.399237036705017,36.99,9.140096664428713,1782.0,0.0,1367.0,0.0368569269776344,100.0,39.8693733215332,430.0,0.0
4869,0.0,1892.0,1.399237036705017,36.99,9.140096664428713,1782.0,0.0,1367.0,0.0368569269776344,100.0,39.8693733215332,430.0,0.0
4870,0.0,1892.0,1.399237036705017,36.99,9.140096664428713,1782.0,0.0,1367.0,0.0368569269776344,100.0,39.8693733215332,430.0,0.0
4871,0.0,1892.0,1.399237036705017,36.99,9.140096664428713,1782.0,0.0,1367.0,0.0368569269776344,100.0,39.8693733215332,430.0,0.0
4872,0.0,1892.0,1.399237036705017,36.99,9.140096664428713,1782.0,0.0,1367.0,0.0368569269776344,100.0,39.8693733215332,430.0,0.0
4873,0.0,1892.0,1.399237036705017,36.99,9.140096664428713,1782.0,0.0,1367.0,0.0368569269776344,100.0,39.8693733215332,430.0,0.0
4874,0.0,1892.0,0.6610755324363708,36.99,9.143325805664062,1332.0,0.0,1367.0,0.0082659646868705,100.0,39.83949279785156,175.0,0.0
4875,0.0,1892.0,0.6610755324363708,36.99,9.143325805664062,1332.0,0.0,1367.0,0.0082659646868705,100.0,39.83949279785156,175.0,0.0
4876,0.0,1892.0,0.6610755324363708,36.99,9.143325805664062,1332.0,0.0,1367.0,0.0082659646868705,100.0,39.83949279785156,175.0,0.0
4877,0.0,1892.0,0.6610755324363708,36.99,9.143325805664062,1332.0,0.0,1367.0,0.0082659646868705,100.0,39.83949279785156,175.0,0.0
4878,0.0,1892.0,0.6610755324363708,36.99,9.143325805664062,1332.0,0.0,1367.0,0.0082659646868705,100.0,39.83949279785156,175.0,0.0
4879,0.0,1892.0,0.151761382818222,36.99,9.105884552001951,1353.0,0.0,1367.0,0.0,100.0,5.8734002113342285,0.0,0.0
4880,0.0,1892.0,0.151761382818222,36.99,9.105884552001951,1353.0,0.0,1367.0,0.0,100.0,5.8734002113342285,0.0,0.0
4881,0.0,1892.0,0.151761382818222,36.99,9.105884552001951,1353.0,0.0,1367.0,0.0,100.0,5.8734002113342285,0.0,0.0
4882,0.0,1892.0,0.151761382818222,36.99,9.105884552001951,1353.0,0.0,1367.0,0.0,100.0,5.8734002113342285,0.0,0.0
4883,0.0,1892.0,0.151761382818222,36.99,9.105884552001951,1353.0,0.0,1367.0,0.0,100.0,5.8734002113342285,0.0,0.0
4884,0.0,1892.0,0.1473032236099243,36.99,9.07781219482422,1410.0,0.0,1367.0,0.0,100.0,5.8734002113342285,0.0,0.0
4885,0.0,1892.0,0.1473032236099243,36.99,9.07781219482422,1410.0,0.0,1367.0,0.0,100.0,5.8734002113342285,0.0,0.0
4886,0.0,1892.0,0.1473032236099243,36.99,9.07781219482422,1410.0,0.0,1367.0,0.0,100.0,5.8734002113342285,0.0,0.0
4887,0.0,1892.0,0.1473032236099243,36.99,9.07781219482422,1410.0,0.0,1367.0,0.0,100.0,5.8734002113342285,0.0,0.0
4888,0.0,1892.0,0.1473032236099243,36.99,9.07781219482422,1410.0,0.0,1367.0,0.0,100.0,5.8734002113342285,0.0,0.0
4889,0.0,1892.0,0.1800207793712616,36.99,9.082155227661133,1462.0,0.0,1367.0,0.0,100.0,5.8734002113342285,0.0,0.0
4890,0.0,1892.0,0.1800207793712616,36.99,9.082155227661133,1462.0,0.0,1367.0,0.0,100.0,5.8734002113342285,0.0,0.0
4891,0.0,1892.0,0.1800207793712616,36.99,9.082155227661133,1462.0,0.0,1367.0,0.0,100.0,5.8734002113342285,0.0,0.0
4892,0.0,1892.0,0.1800207793712616,36.99,9.082155227661133,1462.0,0.0,1367.0,0.0,100.0,5.8734002113342285,0.0,0.0
4893,0.0,1892.0,0.1800207793712616,36.99,9.082155227661133,1462.0,0.0,1367.0,0.0,100.0,5.8734002113342285,0.0,0.0
4894,0.0,1892.0,0.1513057798147201,36.99,9.086003303527832,1370.0,0.0,1367.0,5.96011450397782e-05,100.0,5.8734002113342285,111.0,0.0
4895,0.0,1892.0,0.1513057798147201,36.99,9.086003303527832,1370.0,0.0,1367.0,5.96011450397782e-05,100.0,5.8734002113342285,111.0,0.0
4896,0.0,1892.0,0.1513057798147201,36.99,9.086003303527832,1370.0,0.0,1367.0,5.96011450397782e-05,100.0,5.8734002113342285,111.0,0.0
4897,0.0,1892.0,0.1513057798147201,36.99,9.086003303527832,1370.0,0.0,1367.0,5.96011450397782e-05,100.0,5.8734002113342285,111.0,0.0
4898,0.0,1892.0,0.1513057798147201,36.99,9.086003303527832,1370.0,0.0,1367.0,5.96011450397782e-05,100.0,5.8734002113342285,111.0,0.0
4899,0.0,1892.0,0.1513057798147201,36.99,9.086003303527832,1370.0,0.0,1367.0,5.96011450397782e-05,100.0,5.8734002113342285,111.0,0.0
4900,0.0,1892.0,0.1612476706504821,36.99,9.079964637756348,1226.0,0.0,1367.0,0.0,100.0,39.55076217651367,0.0,0.0
4901,0.0,1892.0,0.1612476706504821,36.99,9.079964637756348,1226.0,0.0,1367.0,0.0,100.0,39.55076217651367,0.0,0.0
4902,0.0,1892.0,0.1612476706504821,36.99,9.079964637756348,1226.0,0.0,1367.0,0.0,100.0,39.55076217651367,0.0,0.0
4903,0.0,1892.0,0.1612476706504821,36.99,9.079964637756348,1226.0,0.0,1367.0,0.0,100.0,39.55076217651367,0.0,0.0
4904,0.0,1892.0,0.1612476706504821,36.99,9.079964637756348,1226.0,0.0,1367.0,0.0,100.0,39.55076217651367,0.0,0.0
4905,0.0,1892.0,0.1424116045236587,36.99,9.062881469726562,1369.0,0.0,1367.0,0.0014708111993968,100.0,39.52146530151367,111.0,0.0
4906,0.0,1892.0,0.1424116045236587,36.99,9.062881469726562,1369.0,0.0,1367.0,0.0014708111993968,100.0,39.52146530151367,111.0,0.0
4907,0.0,1892.0,0.1424116045236587,36.99,9.062881469726562,1369.0,0.0,1367.0,0.0014708111993968,100.0,39.52146530151367,111.0,0.0
4908,0.0,1892.0,0.1424116045236587,36.99,9.062881469726562,1369.0,0.0,1367.0,0.0014708111993968,100.0,39.52146530151367,111.0,0.0
4909,0.0,1892.0,0.1424116045236587,36.99,9.062881469726562,1369.0,0.0,1367.0,0.0014708111993968,100.0,39.52146530151367,111.0,0.0
4910,0.0,1892.0,0.1445138454437255,36.99,9.083677291870115,1301.0,0.0,1367.0,0.0007160398527048,100.0,39.51169967651367,111.0,0.0
4911,0.0,1892.0,0.1445138454437255,36.99,9.083677291870115,1301.0,0.0,1367.0,0.0007160398527048,100.0,39.51169967651367,111.0,0.0
4912,0.0,1892.0,0.1445138454437255,36.99,9.083677291870115,1301.0,0.0,1367.0,0.0007160398527048,100.0,39.51169967651367,111.0,0.0
4913,0.0,1892.0,0.1445138454437255,36.99,9.083677291870115,1301.0,0.0,1367.0,0.0007160398527048,100.0,39.51169967651367,111.0,0.0
4914,0.0,1892.0,0.1445138454437255,36.99,9.083677291870115,1301.0,0.0,1367.0,0.0007160398527048,100.0,39.51169967651367,111.0,0.0
4915,0.0,1892.0,0.281823068857193,36.99,9.078271865844728,1588.0,0.0,1367.0,0.0,100.0,5.8734002113342285,0.0,0.0
4916,0.0,1892.0,0.281823068857193,36.99,9.078271865844728,1588.0,0.0,1367.0,0.0,100.0,5.8734002113342285,0.0,0.0
4917,0.0,1892.0,0.281823068857193,36.99,9.078271865844728,1588.0,0.0,1367.0,0.0,100.0,5.8734002113342285,0.0,0.0
4918,0.0,1892.0,0.281823068857193,36.99,9.078271865844728,1588.0,0.0,1367.0,0.0,100.0,5.8734002113342285,0.0,0.0
4919,0.0,1892.0,0.281823068857193,36.99,9.078271865844728,1588.0,0.0,1367.0,0.0,100.0,5.8734002113342285,0.0,0.0
4920,0.0,1892.0,0.1795589327812194,36.99,9.073479652404783,1347.0,0.0,1367.0,0.0001446060632588,100.0,39.40544891357422,111.0,0.0
4921,0.0,1892.0,0.1795589327812194,36.99,9.073479652404783,1347.0,0.0,1367.0,0.0001446060632588,100.0,39.40544891357422,111.0,0.0
4922,0.0,1892.0,0.1795589327812194,36.99,9.073479652404783,1347.0,0.0,1367.0,0.0001446060632588,100.0,39.40544891357422,111.0,0.0
4923,0.0,1892.0,0.1795589327812194,36.99,9.073479652404783,1347.0,0.0,1367.0,0.0001446060632588,100.0,39.40544891357422,111.0,0.0
4924,0.0,1892.0,0.1795589327812194,36.99,9.073479652404783,1347.0,0.0,1367.0,0.0001446060632588,100.0,39.40544891357422,111.0,0.0
4925,0.0,1892.0,0.1165982186794281,36.99,9.073015213012695,1320.0,0.0,1367.0,0.0,100.0,5.8734002113342285,0.0,0.0
4926,0.0,1892.0,0.1165982186794281,36.99,9.073015213012695,1320.0,0.0,1367.0,0.0,100.0,5.8734002113342285,0.0,0.0
4927,0.0,1892.0,0.1165982186794281,36.99,9.073015213012695,1320.0,0.0,1367.0,0.0,100.0,5.8734002113342285,0.0,0.0
4928,0.0,1892.0,0.1165982186794281,36.99,9.073015213012695,1320.0,0.0,1367.0,0.0,100.0,5.8734002113342285,0.0,0.0
4929,0.0,1892.0,0.1165982186794281,36.99,9.073015213012695,1320.0,0.0,1367.0,0.0,100.0,5.8734002113342285,0.0,0.0
4930,0.0,1892.0,0.1165982186794281,36.99,9.073015213012695,1320.0,0.0,1367.0,0.0,100.0,5.8734002113342285,0.0,0.0
4931,0.0,1892.0,0.1705030649900436,36.99,9.05887222290039,1435.0,0.0,1367.0,0.0,100.0,5.8734002113342285,0.0,0.0
4932,0.0,1892.0,0.1705030649900436,36.99,9.05887222290039,1435.0,0.0,1367.0,0.0,100.0,5.8734002113342285,0.0,0.0
4933,0.0,1892.0,0.1705030649900436,36.99,9.05887222290039,1435.0,0.0,1367.0,0.0,100.0,5.8734002113342285,0.0,0.0
4934,0.0,1892.0,0.1705030649900436,36.99,9.05887222290039,1435.0,0.0,1367.0,0.0,100.0,5.8734002113342285,0.0,0.0
4935,0.0,1892.0,0.1705030649900436,36.99,9.05887222290039,1435.0,0.0,1367.0,0.0,100.0,5.8734002113342285,0.0,0.0
4936,0.0,1892.0,0.2385049760341644,36.99,9.051187515258787,1583.0,0.0,1367.0,0.0,100.0,5.8734002113342285,0.0,0.0
4937,0.0,1892.0,0.2385049760341644,36.99,9.051187515258787,1583.0,0.0,1367.0,0.0,100.0,5.8734002113342285,0.0,0.0
4938,0.0,1892.0,0.2385049760341644,36.99,9.051187515258787,1583.0,0.0,1367.0,0.0,100.0,5.8734002113342285,0.0,0.0
4939,0.0,1892.0,0.2385049760341644,36.99,9.051187515258787,1583.0,0.0,1367.0,0.0,100.0,5.8734002113342285,0.0,0.0
4940,0.0,1892.0,0.2385049760341644,36.99,9.051187515258787,1583.0,0.0,1367.0,0.0,100.0,5.8734002113342285,0.0,0.0
4941,0.0,1892.0,0.1184788942337036,36.99,9.077345848083496,1252.0,0.0,1367.0,0.0003074017295148,100.0,39.321075439453125,111.0,0.0
4942,0.0,1892.0,0.1184788942337036,36.99,9.077345848083496,1252.0,0.0,1367.0,0.0003074017295148,100.0,39.321075439453125,111.0,0.0
4943,0.0,1892.0,0.1184788942337036,36.99,9.077345848083496,1252.0,0.0,1367.0,0.0003074017295148,100.0,39.321075439453125,111.0,0.0
4944,0.0,1892.0,0.1184788942337036,36.99,9.077345848083496,1252.0,0.0,1367.0,0.0003074017295148,100.0,39.321075439453125,111.0,0.0
4945,0.0,1892.0,0.1184788942337036,36.99,9.077345848083496,1252.0,0.0,1367.0,0.0003074017295148,100.0,39.321075439453125,111.0,0.0
4946,0.0,1892.0,0.1658131033182144,36.99,9.043001174926758,1387.0,0.0,1367.0,0.0,100.0,5.8734002113342285,0.0,0.0
4947,0.0,1892.0,0.1658131033182144,36.99,9.043001174926758,1387.0,0.0,1367.0,0.0,100.0,5.8734002113342285,0.0,0.0
4948,0.0,1892.0,0.1658131033182144,36.99,9.043001174926758,1387.0,0.0,1367.0,0.0,100.0,5.8734002113342285,0.0,0.0
4949,0.0,1892.0,0.1658131033182144,36.99,9.043001174926758,1387.0,0.0,1367.0,0.0,100.0,5.8734002113342285,0.0,0.0
4950,0.0,1892.0,0.1658131033182144,36.99,9.043001174926758,1387.0,0.0,1367.0,0.0,100.0,5.8734002113342285,0.0,0.0
4951,0.0,1892.0,0.2152081727981567,36.99,9.070564270019531,1479.0,0.0,1367.0,0.0,100.0,5.8734002113342285,0.0,0.0
4952,0.0,1892.0,0.2152081727981567,36.99,9.070564270019531,1479.0,0.0,1367.0,0.0,100.0,5.8734002113342285,0.0,0.0
4953,0.0,1892.0,0.2152081727981567,36.99,9.070564270019531,1479.0,0.0,1367.0,0.0,100.0,5.8734002113342285,0.0,0.0
4954,0.0,1892.0,0.2152081727981567,36.99,9.070564270019531,1479.0,0.0,1367.0,0.0,100.0,5.8734002113342285,0.0,0.0
4955,0.0,1892.0,0.2152081727981567,36.99,9.070564270019531,1479.0,0.0,1367.0,0.0,100.0,5.8734002113342285,0.0,0.0
4956,0.0,1892.0,0.2152081727981567,36.99,9.070564270019531,1479.0,0.0,1367.0,0.0,100.0,5.8734002113342285,0.0,0.0
4957,0.0,1892.0,0.1456226855516433,36.99,9.048897743225098,1368.0,0.0,1367.0,0.0,100.0,5.8734002113342285,0.0,0.0
4958,0.0,1892.0,0.1456226855516433,36.99,9.048897743225098,1368.0,0.0,1367.0,0.0,100.0,5.8734002113342285,0.0,0.0
4959,0.0,1892.0,0.1456226855516433,36.99,9.048897743225098,1368.0,0.0,1367.0,0.0,100.0,5.8734002113342285,0.0,0.0
4960,0.0,1892.0,0.1456226855516433,36.99,9.048897743225098,1368.0,0.0,1367.0,0.0,100.0,5.8734002113342285,0.0,0.0
4961,0.0,1892.0,0.1456226855516433,36.99,9.048897743225098,1368.0,0.0,1367.0,0.0,100.0,5.8734002113342285,0.0,0.0
4962,0.0,1892.0,0.092781975865364,36.99,9.060733795166016,1266.0,0.0,1367.0,0.0,100.0,5.8734002113342285,0.0,0.0
4963,0.0,1892.0,0.092781975865364,36.99,9.060733795166016,1266.0,0.0,1367.0,0.0,100.0,5.8734002113342285,0.0,0.0
4964,0.0,1892.0,0.092781975865364,36.99,9.060733795166016,1266.0,0.0,1367.0,0.0,100.0,5.8734002113342285,0.0,0.0
4965,0.0,1892.0,0.092781975865364,36.99,9.060733795166016,1266.0,0.0,1367.0,0.0,100.0,5.8734002113342285,0.0,0.0
4966,0.0,1892.0,0.092781975865364,36.99,9.060733795166016,1266.0,0.0,1367.0,0.0,100.0,5.8734002113342285,0.0,0.0
4967,0.0,1892.0,0.1143247187137603,36.99,9.044811248779297,1269.0,0.0,1367.0,0.0002688058302737,100.0,5.8734002113342285,111.0,0.0
4968,0.0,1892.0,0.1143247187137603,36.99,9.044811248779297,1269.0,0.0,1367.0,0.0002688058302737,100.0,5.8734002113342285,111.0,0.0
4969,0.0,1892.0,0.1143247187137603,36.99,9.044811248779297,1269.0,0.0,1367.0,0.0002688058302737,100.0,5.8734002113342285,111.0,0.0
4970,0.0,1892.0,0.1143247187137603,36.99,9.044811248779297,1269.0,0.0,1367.0,0.0002688058302737,100.0,5.8734002113342285,111.0,0.0
4971,0.0,1892.0,0.1143247187137603,36.99,9.044811248779297,1269.0,0.0,1367.0,0.0002688058302737,100.0,5.8734002113342285,111.0,0.0
4972,0.0,1892.0,0.1334289759397506,36.99,9.038650512695312,1351.0,0.0,1367.0,0.0,100.0,39.25545120239258,0.0,0.0
4973,0.0,1892.0,0.1334289759397506,36.99,9.038650512695312,1351.0,0.0,1367.0,0.0,100.0,39.25545120239258,0.0,0.0
4974,0.0,1892.0,0.1334289759397506,36.99,9.038650512695312,1351.0,0.0,1367.0,0.0,100.0,39.25545120239258,0.0,0.0
4975,0.0,1892.0,0.1334289759397506,36.99,9.038650512695312,1351.0,0.0,1367.0,0.0,100.0,39.25545120239258,0.0,0.0
4976,0.0,1892.0,0.1334289759397506,36.99,9.038650512695312,1351.0,0.0,1367.0,0.0,100.0,39.25545120239258,0.0,0.0
4977,0.0,1892.0,0.2977129518985748,36.99,9.07090663909912,1617.0,0.0,1367.0,0.0,100.0,5.8734002113342285,0.0,0.0
4978,0.0,1892.0,0.2977129518985748,36.99,9.07090663909912,1617.0,0.0,1367.0,0.0,100.0,5.8734002113342285,0.0,0.0
4979,0.0,1892.0,0.2977129518985748,36.99,9.07090663909912,1617.0,0.0,1367.0,0.0,100.0,5.8734002113342285,0.0,0.0
4980,0.0,1892.0,0.2977129518985748,36.99,9.07090663909912,1617.0,0.0,1367.0,0.0,100.0,5.8734002113342285,0.0,0.0
4981,0.0,1892.0,0.2977129518985748,36.99,9.07090663909912,1617.0,0.0,1367.0,0.0,100.0,5.8734002113342285,0.0,0.0
4982,0.0,1892.0,0.2977129518985748,36.99,9.07090663909912,1617.0,0.0,1367.0,0.0,100.0,5.8734002113342285,0.0,0.0
4983,0.0,1892.0,0.2664536237716675,36.99,9.06597900390625,1438.0,0.0,1367.0,0.0,100.0,5.8734002113342285,0.0,0.0
4984,0.0,1892.0,0.2664536237716675,36.99,9.06597900390625,1438.0,0.0,1367.0,0.0,100.0,5.8734002113342285,0.0,0.0
4985,0.0,1892.0,0.2664536237716675,36.99,9.06597900390625,1438.0,0.0,1367.0,0.0,100.0,5.8734002113342285,0.0,0.0
4986,0.0,1892.0,0.2664536237716675,36.99,9.06597900390625,1438.0,0.0,1367.0,0.0,100.0,5.8734002113342285,0.0,0.0
4987,0.0,1892.0,0.2664536237716675,36.99,9.06597900390625,1438.0,0.0,1367.0,0.0,100.0,5.8734002113342285,0.0,0.0
4988,0.0,1892.0,0.0813555866479873,36.99,9.03182888031006,1256.0,0.0,1367.0,0.0,100.0,5.8734002113342285,0.0,0.0
4989,0.0,1892.0,0.0813555866479873,36.99,9.03182888031006,1256.0,0.0,1367.0,0.0,100.0,5.8734002113342285,0.0,0.0
4990,0.0,1892.0,0.0813555866479873,36.99,9.03182888031006,1256.0,0.0,1367.0,0.0,100.0,5.8734002113342285,0.0,0.0
4991,0.0,1892.0,0.0813555866479873,36.99,9.03182888031006,1256.0,0.0,1367.0,0.0,100.0,5.8734002113342285,0.0,0.0
4992,0.0,1892.0,0.0813555866479873,36.99,9.03182888031006,1256.0,0.0,1367.0,0.0,100.0,5.8734002113342285,0.0,0.0
4993,0.0,1892.0,0.0981967523694038,36.99,9.034914016723633,1253.0,0.0,1367.0,0.000259719643509,100.0,39.21326446533203,111.0,0.0
4994,0.0,1892.0,0.0981967523694038,36.99,9.034914016723633,1253.0,0.0,1367.0,0.000259719643509,100.0,39.21326446533203,111.0,0.0
4995,0.0,1892.0,0.0981967523694038,36.99,9.034914016723633,1253.0,0.0,1367.0,0.000259719643509,100.0,39.21326446533203,111.0,0.0
4996,0.0,1892.0,0.0981967523694038,36.99,9.034914016723633,1253.0,0.0,1367.0,0.000259719643509,100.0,39.21326446533203,111.0,0.0
4997,0.0,1892.0,0.0981967523694038,36.99,9.034914016723633,1253.0,0.0,1367.0,0.000259719643509,100.0,39.21326446533203,111.0,0.0
4998,0.0,1892.0,0.1285142451524734,36.99,9.03683853149414,1244.0,0.0,1367.0,0.0,100.0,5.8734002113342285,0.0,0.0
4999,0.0,1892.0,0.1285142451524734,36.99,9.03683853149414,1244.0,0.0,1367.0,0.0,100.0,5.8734002113342285,0.0,0.0
